time_ms,p1,p2,f3,f4
7661.0,467.0,117.0,0.1,6.48
7666.0,-311.0,123.0,0.025,6.48
7671.0,-669.0,-105.0,0.025,6.23
7676.0,-208.0,-12.0,-0.058,6.23
7682.0,50.0,-8.0,-0.042,6.23
7687.0,40.0,-167.0,-0.05,6.72
7691.0,-63.0,-150.0,0.042,6.48
7696.0,-89.0,29.0,-0.025,6.48
7701.0,-508.0,94.0,0.117,6.23
7705.0,-306.0,17.0,0.0,7.21
7710.0,-15.0,156.0,0.075,6.23
7715.0,-231.0,276.0,-0.033,6.48
7720.0,-8.0,165.0,0.017,6.23
7726.0,-116.0,73.0,0.05,6.48
7731.0,-328.0,-302.0,0.125,6.96
7735.0,-193.0,217.0,0.117,6.48
7740.0,-155.0,6.0,0.025,6.96
7744.0,-76.0,495.0,0.0,8.68
7749.0,174.0,356.0,0.167,6.48
7754.0,99.0,215.0,0.092,6.48
7758.0,-377.0,-104.0,0.067,6.96
7763.0,-390.0,175.0,-0.033,6.96
7769.0,210.0,-89.0,-0.017,6.96
7774.0,209.0,-280.0,0.017,6.48
7779.0,-73.0,198.0,0.025,6.48
7784.0,-385.0,295.0,-0.017,6.23
7788.0,0.0,114.0,0.025,6.48
7793.0,-338.0,277.0,-0.008,6.96
7797.0,-535.0,-56.0,-0.025,6.48
7802.0,-267.0,-43.0,0.017,6.72
7808.0,-122.0,-22.0,-0.042,6.48
7813.0,-310.0,79.0,-0.1,6.23
7817.0,-397.0,212.0,0.058,6.48
7822.0,85.0,206.0,0.042,6.96
7827.0,130.0,-91.0,0.1,6.96
7832.0,-468.0,223.0,0.067,6.48
7837.0,106.0,-40.0,0.042,6.48
7841.0,-169.0,-199.0,0.042,6.23
7846.0,-191.0,-350.0,-0.025,6.23
7852.0,-74.0,345.0,-0.025,6.23
7856.0,-380.0,184.0,0.0,6.48
7861.0,235.0,95.0,0.108,6.48
7866.0,-309.0,265.0,0.058,6.48
7871.0,-326.0,160.0,-0.05,6.48
7876.0,220.0,-12.0,0.142,6.48
7881.0,-68.0,173.0,0.05,6.48
7885.0,-305.0,286.0,-0.05,6.23
7890.0,7.0,-51.0,0.125,6.72
7895.0,-244.0,-130.0,0.108,6.48
7900.0,-256.0,-151.0,-0.025,6.72
7905.0,-469.0,60.0,0.092,6.23
7910.0,155.0,130.0,0.058,6.72
7914.0,-206.0,121.0,-0.025,6.72
7920.0,120.0,197.0,0.0,6.48
7925.0,-192.0,244.0,0.008,6.48
7929.0,95.0,159.0,0.05,6.23
7934.0,-339.0,280.0,0.017,6.23
7939.0,-264.0,139.0,-0.075,7.7
7944.0,-548.0,98.0,0.025,6.48
7949.0,-329.0,-9.0,0.042,6.23
7954.0,-209.0,-189.0,0.017,6.23
7958.0,-552.0,82.0,0.05,6.48
7964.0,-276.0,110.0,0.067,6.48
7968.0,-64.0,107.0,0.008,6.48
7973.0,-73.0,202.0,-0.008,6.23
7979.0,47.0,39.0,0.075,6.72
7983.0,-178.0,322.0,0.017,6.48
7988.0,212.0,281.0,0.075,6.48
7992.0,-15.0,-162.0,0.017,6.23
7997.0,-201.0,-347.0,0.167,6.72
8002.0,-384.0,-176.0,0.142,6.48
8007.0,-178.0,150.0,0.0,6.48
8012.0,-192.0,-95.0,0.075,6.48
8017.0,-299.0,459.0,0.025,6.48
8023.0,-323.0,550.0,-0.017,5.5
8027.0,-228.0,149.0,0.025,6.48
8032.0,-484.0,347.0,-0.017,6.48
8037.0,-28.0,342.0,0.025,6.48
8042.0,-45.0,208.0,0.092,6.23
8047.0,-47.0,189.0,0.042,6.48
8051.0,-134.0,162.0,0.075,6.48
8056.0,-4.0,383.0,0.017,6.48
8061.0,271.0,216.0,0.017,6.48
8066.0,179.0,225.0,0.008,6.23
8071.0,-18.0,144.0,0.033,6.23
8076.0,-44.0,55.0,0.117,6.48
8080.0,-37.0,-212.0,-0.033,6.23
8085.0,-517.0,-144.0,0.033,6.48
8090.0,-69.0,9.0,0.05,6.96
8095.0,254.0,275.0,0.033,7.21
8100.0,-44.0,128.0,0.033,6.48
8104.0,-61.0,227.0,-0.017,6.23
8110.0,-55.0,300.0,0.083,6.96
8115.0,-272.0,-53.0,0.108,6.48
8119.0,-268.0,244.0,0.033,6.96
8124.0,-19.0,217.0,0.092,6.96
8129.0,-503.0,204.0,-0.05,6.23
8133.0,-546.0,9.0,-0.008,6.48
8138.0,-276.0,205.0,0.033,6.23
8143.0,-552.0,-54.0,0.042,6.23
8148.0,-283.0,-158.0,0.008,6.48
8154.0,-217.0,343.0,0.075,7.21
8158.0,-116.0,-78.0,0.008,6.96
8163.0,-430.0,227.0,0.008,6.96
8168.0,-393.0,-140.0,0.033,6.48
8173.0,175.0,330.0,0.025,6.48
8178.0,-351.0,235.0,-0.092,6.48
8183.0,-386.0,-155.0,-0.05,6.23
8188.0,-350.0,-246.0,0.033,6.23
8193.0,-69.0,127.0,0.033,6.48
8198.0,-547.0,-220.0,0.075,6.23
8202.0,-460.0,-119.0,-0.017,6.23
8208.0,-316.0,-99.0,0.058,6.48
8213.0,-52.0,-66.0,0.033,6.96
8217.0,-447.0,-26.0,0.033,7.21
8222.0,-161.0,23.0,0.025,6.23
8227.0,-246.0,0.0,0.075,6.48
8232.0,-286.0,-107.0,0.033,6.23
8237.0,-323.0,-44.0,0.042,6.48
8242.0,-261.0,183.0,-0.042,6.96
8246.0,-196.0,70.0,0.067,6.48
8251.0,-212.0,311.0,0.025,6.96
8256.0,-65.0,-44.0,0.017,6.48
8261.0,-313.0,374.0,0.067,6.23
8266.0,-241.0,223.0,0.083,6.23
8271.0,-254.0,19.0,-0.008,6.48
8275.0,-508.0,-94.0,-0.008,6.96
8281.0,-389.0,-127.0,-0.008,6.48
8286.0,29.0,-52.0,0.05,7.21
8290.0,-310.0,-327.0,0.025,6.96
8295.0,-446.0,-62.0,0.017,6.72
8299.0,-347.0,57.0,0.033,6.48
8305.0,-223.0,-171.0,0.067,6.72
8309.0,-103.0,18.0,-0.008,6.96
8314.0,-278.0,32.0,0.067,6.48
8320.0,-46.0,287.0,-0.008,6.23
8325.0,-433.0,136.0,0.0,6.72
8329.0,-243.0,-249.0,0.0,6.96
8334.0,-302.0,-22.0,-0.025,6.23
8339.0,-274.0,-3.0,0.1,6.48
8343.0,-419.0,-308.0,0.017,6.48
8348.0,-429.0,-69.0,0.017,6.48
8353.0,-261.0,62.0,0.033,6.48
8357.0,-450.0,209.0,0.108,6.72
8363.0,-534.0,188.0,0.083,6.48
8368.0,-377.0,262.0,0.05,6.23
8373.0,29.0,221.0,0.058,6.23
8378.0,10.0,157.0,0.0,6.96
8382.0,-424.0,360.0,0.083,6.96
8387.0,-218.0,171.0,-0.033,6.23
8392.0,45.0,150.0,-0.008,6.48
8397.0,-485.0,489.0,0.058,6.48
8402.0,-312.0,-147.0,0.142,6.48
8407.0,-400.0,-316.0,-0.008,6.48
8412.0,-271.0,-252.0,-0.033,6.23
8417.0,-183.0,-117.0,0.025,6.72
8422.0,-29.0,-144.0,0.017,6.23
8426.0,-166.0,-217.0,0.033,6.23
8431.0,-218.0,-14.0,0.067,6.23
8436.0,-139.0,-12.0,0.017,6.96
8441.0,-111.0,87.0,-0.05,6.72
8446.0,-202.0,-71.0,0.05,6.48
8452.0,-224.0,202.0,0.033,6.96
8457.0,-156.0,-95.0,0.017,6.23
8461.0,-423.0,58.0,0.017,6.23
8466.0,139.0,253.0,-0.033,6.48
8470.0,-104.0,192.0,-0.142,6.23
8475.0,226.0,-199.0,-0.05,6.72
8480.0,173.0,173.0,0.017,6.48
8485.0,-281.0,32.0,-0.067,6.72
8491.0,2.0,118.0,0.067,6.72
8496.0,-332.0,311.0,0.083,6.48
8500.0,-558.0,-204.0,0.058,6.23
8505.0,-429.0,47.0,-0.1,6.48
8510.0,-73.0,-206.0,-0.025,6.48
8514.0,-278.0,-189.0,-0.008,6.72
8519.0,-328.0,4.0,-0.033,6.48
8523.0,-139.0,297.0,0.05,6.96
8528.0,-61.0,-8.0,-0.008,6.72
8534.0,-178.0,143.0,0.042,6.96
8538.0,112.0,112.0,0.05,6.23
8543.0,-157.0,34.0,0.008,6.96
8548.0,-167.0,-53.0,0.092,6.48
8553.0,-296.0,297.0,0.017,6.96
8558.0,-315.0,76.0,0.025,6.48
8562.0,-58.0,172.0,0.058,6.23
8567.0,-407.0,-245.0,-0.008,6.23
8572.0,-107.0,-11.0,-0.017,6.96
8578.0,212.0,9.0,0.05,6.23
8583.0,-376.0,16.0,0.017,6.23
8588.0,-205.0,-82.0,-0.042,6.96
8592.0,-331.0,-177.0,-0.042,7.21
8598.0,-441.0,-133.0,0.058,8.43
8603.0,-772.0,11.0,0.033,6.48
8607.0,-42.0,-184.0,0.058,6.23
8612.0,-33.0,-266.0,0.083,6.48
8617.0,-456.0,-397.0,0.05,6.48
8623.0,-358.0,127.0,0.067,6.48
8628.0,-287.0,-63.0,0.075,6.48
8633.0,155.0,70.0,-0.025,6.48
8638.0,-106.0,-166.0,0.0,6.48
8642.0,-49.0,-39.0,0.05,6.48
8647.0,128.0,-89.0,0.125,6.23
8651.0,165.0,-180.0,0.067,6.72
8656.0,-224.0,-144.0,0.133,6.96
8660.0,-257.0,115.0,0.0,6.48
8667.0,-359.0,111.0,0.042,6.96
8671.0,-448.0,-74.0,0.117,6.72
8676.0,-316.0,351.0,0.15,6.48
8681.0,-193.0,-175.0,0.025,6.48
8686.0,-349.0,118.0,0.075,6.48
8691.0,-151.0,26.0,0.075,6.72
8696.0,-246.0,201.0,0.117,6.48
8701.0,-138.0,158.0,0.1,6.48
8706.0,59.0,259.0,0.025,6.48
8711.0,-499.0,18.0,0.008,6.23
8716.0,-276.0,-4.0,0.2,6.96
8720.0,-110.0,-73.0,0.042,6.23
8725.0,-63.0,209.0,-0.025,6.48
8730.0,-398.0,92.0,0.042,6.48
8734.0,-415.0,18.0,0.092,6.48
8739.0,62.0,259.0,0.125,6.48
8744.0,-422.0,-203.0,0.008,6.48
8750.0,-433.0,10.0,-0.075,6.96
8754.0,-357.0,-377.0,0.0,6.48
8759.0,142.0,-216.0,0.05,6.23
8764.0,-454.0,351.0,0.033,6.48
8768.0,-401.0,138.0,0.025,6.72
8773.0,-1.0,91.0,0.067,6.48
8778.0,-40.0,-133.0,0.1,6.72
8783.0,-448.0,-74.0,0.083,6.96
8788.0,-562.0,466.0,0.0,6.48
8793.0,-415.0,231.0,-0.025,6.48
8798.0,-383.0,300.0,0.017,4.03
8803.0,-592.0,205.0,0.033,6.48
8808.0,-234.0,-34.0,0.017,6.48
8812.0,-77.0,-11.0,0.033,6.48
8817.0,-55.0,166.0,0.0,6.48
8821.0,-408.0,123.0,0.1,6.48
8826.0,-202.0,46.0,0.008,6.48
8832.0,-3.0,136.0,0.058,6.48
8837.0,23.0,167.0,0.033,6.48
8842.0,-139.0,-147.0,0.033,6.72
8846.0,-178.0,-22.0,0.042,7.21
8851.0,-348.0,-53.0,0.008,6.48
8856.0,77.0,292.0,0.008,6.23
8861.0,-67.0,-5.0,0.033,6.96
8865.0,-16.0,92.0,-0.017,6.48
8870.0,178.0,167.0,0.067,6.48
8875.0,15.0,228.0,0.008,6.72
8880.0,-295.0,-29.0,0.075,6.72
8884.0,-188.0,54.0,0.025,6.48
8889.0,-50.0,51.0,0.058,6.48
8894.0,-59.0,-40.0,0.117,6.48
8898.0,-173.0,-117.0,0.058,6.23
8903.0,18.0,-39.0,0.017,6.48
8908.0,41.0,-64.0,0.033,6.96
8912.0,-522.0,-107.0,0.067,6.96
8918.0,-476.0,54.0,0.042,6.23
8923.0,-1.0,44.0,0.05,6.48
8927.0,-192.0,-159.0,0.008,6.23
8932.0,-279.0,-281.0,-0.008,6.96
8936.0,88.0,-88.0,0.042,6.96
8941.0,-45.0,-190.0,0.008,6.48
8945.0,-30.0,-67.0,-0.083,6.48
8950.0,-149.0,-103.0,0.067,6.96
8955.0,14.0,-198.0,0.017,6.23
8961.0,-348.0,-64.0,0.033,6.48
8965.0,-367.0,-33.0,0.108,6.96
8971.0,-201.0,-71.0,0.117,6.48
8975.0,-234.0,-126.0,0.133,6.48
8980.0,-346.0,-197.0,0.008,6.48
8985.0,-445.0,255.0,-0.025,6.48
8989.0,-222.0,0.0,0.05,6.48
8995.0,-142.0,22.0,0.075,6.23
8999.0,-59.0,-135.0,-0.083,6.96
9005.0,-187.0,21.0,0.025,6.48
9010.0,62.0,-212.0,-0.025,6.48
9014.0,-442.0,149.0,0.033,6.72
9019.0,-37.0,-88.0,0.117,6.48
9024.0,63.0,231.0,0.117,6.48
9028.0,72.0,226.0,0.0,6.23
9033.0,-126.0,-207.0,0.042,6.72
9037.0,-157.0,-166.0,0.042,6.96
9042.0,-265.0,-103.0,0.05,6.72
9049.0,-219.0,37.0,0.017,6.23
9053.0,-358.0,116.0,0.05,6.23
9058.0,-126.0,-152.0,0.025,6.48
9063.0,-109.0,-43.0,0.042,6.23
9068.0,-461.0,374.0,0.067,6.48
9072.0,-152.0,-53.0,0.05,6.48
9077.0,-474.0,-22.0,0.058,6.48
9082.0,-244.0,158.0,0.058,6.48
9088.0,-61.0,197.0,0.092,6.96
9093.0,-367.0,267.0,0.042,6.48
9097.0,-460.0,154.0,0.033,6.48
9102.0,198.0,257.0,0.092,6.23
9108.0,-144.0,-45.0,0.083,6.96
9112.0,-309.0,174.0,-0.05,6.96
9117.0,-137.0,-6.0,0.017,7.45
9122.0,-144.0,-163.0,-0.025,7.21
9127.0,60.0,253.0,0.075,6.96
9133.0,-204.0,11.0,0.042,6.96
9138.0,-45.0,54.0,0.058,6.23
9143.0,-75.0,312.0,-0.008,6.23
9147.0,2.0,197.0,0.025,6.48
9152.0,-130.0,40.0,0.017,6.23
9157.0,-289.0,249.0,0.017,6.48
9161.0,-153.0,90.0,0.017,6.48
9167.0,49.0,164.0,-0.033,6.23
9171.0,-170.0,69.0,-0.067,6.48
9177.0,46.0,-205.0,0.067,6.48
9182.0,-21.0,202.0,0.042,6.96
9187.0,47.0,22.0,-0.033,6.23
9192.0,-157.0,258.0,0.05,6.48
9197.0,-166.0,189.0,0.075,7.21
9202.0,38.0,317.0,0.0,6.48
9207.0,-104.0,75.0,-0.008,6.48
9212.0,231.0,100.0,0.083,6.72
9218.0,-15.0,128.0,0.075,6.96
9223.0,-30.0,21.0,0.033,6.96
9228.0,132.0,-161.0,0.033,6.48
9233.0,-368.0,97.0,0.008,6.23
9237.0,-139.0,16.0,0.033,6.48
9243.0,-81.0,106.0,0.1,6.72
9247.0,-416.0,-19.0,-0.008,6.23
9252.0,-164.0,-173.0,0.025,6.48
9259.0,-374.0,127.0,0.05,6.72
9263.0,-203.0,104.0,0.05,6.72
9269.0,-85.0,-258.0,0.017,6.48
9274.0,-1.0,68.0,0.05,6.96
9278.0,24.0,79.0,0.017,6.23
9283.0,-664.0,315.0,0.033,6.96
9288.0,-121.0,422.0,0.075,6.72
9293.0,265.0,140.0,0.008,6.48
9299.0,-381.0,220.0,-0.025,6.48
9304.0,14.0,209.0,0.1,6.23
9309.0,-180.0,-23.0,0.0,6.23
9314.0,-194.0,-255.0,0.017,6.48
9319.0,-289.0,-188.0,0.033,6.23
9324.0,-417.0,250.0,0.067,6.48
9330.0,-371.0,-80.0,-0.067,6.96
9334.0,-184.0,-29.0,0.017,6.72
9339.0,-362.0,-287.0,0.058,6.72
9345.0,-121.0,-186.0,0.042,6.23
9350.0,111.0,172.0,0.058,6.96
9355.0,-179.0,140.0,0.042,6.72
9360.0,-52.0,291.0,0.083,6.48
9365.0,40.0,133.0,-0.025,6.23
9370.0,-26.0,91.0,0.05,6.72
9375.0,-389.0,-28.0,0.042,6.96
9380.0,-101.0,26.0,0.025,6.48
9384.0,-420.0,97.0,0.1,7.21
9391.0,124.0,223.0,0.042,6.23
9396.0,-104.0,-19.0,0.05,7.21
9401.0,-141.0,176.0,0.125,6.72
9406.0,-143.0,26.0,0.025,6.48
9411.0,-275.0,81.0,0.042,6.48
9415.0,-144.0,408.0,0.0,6.48
9420.0,-130.0,-146.0,-0.017,6.48
9425.0,-119.0,-245.0,0.058,6.48
9431.0,-197.0,-53.0,0.033,6.48
9436.0,315.0,26.0,0.017,6.48
9440.0,-48.0,-65.0,0.108,6.48
9445.0,-104.0,120.0,0.008,6.48
9450.0,-177.0,61.0,0.017,6.96
9455.0,-71.0,-312.0,0.042,6.23
9459.0,-264.0,-175.0,-0.067,6.23
9464.0,-398.0,-85.0,0.017,6.48
9469.0,-135.0,-180.0,-0.008,6.48
9475.0,-61.0,-100.0,0.042,6.48
9480.0,-287.0,-203.0,0.025,6.23
9484.0,-338.0,190.0,0.017,6.23
9489.0,110.0,91.0,0.025,6.96
9494.0,159.0,88.0,0.158,7.21
9498.0,-433.0,311.0,0.042,6.48
9503.0,-328.0,158.0,0.033,6.72
9508.0,-214.0,158.0,0.017,6.96
9513.0,-45.0,79.0,-0.017,7.45
9519.0,-175.0,137.0,0.033,6.48
9524.0,-271.0,22.0,0.058,6.23
9528.0,-26.0,5.0,0.033,6.48
9533.0,-486.0,240.0,0.083,6.48
9537.0,-265.0,-21.0,0.092,6.48
9542.0,-285.0,-168.0,-0.067,6.48
9547.0,-112.0,-205.0,-0.025,6.23
9552.0,-78.0,355.0,0.042,6.48
9556.0,-85.0,-90.0,0.15,6.23
9563.0,-389.0,84.0,-0.017,6.48
9568.0,79.0,275.0,0.017,6.23
9572.0,-98.0,20.0,0.058,6.48
9577.0,-432.0,-121.0,0.017,6.72
9581.0,-481.0,140.0,0.042,6.48
9586.0,-79.0,-101.0,0.008,6.48
9590.0,144.0,-212.0,0.017,6.96
9596.0,-262.0,-210.0,0.042,6.72
9601.0,-239.0,87.0,0.05,6.48
9606.0,-47.0,249.0,0.033,6.48
9611.0,-331.0,102.0,-0.033,6.23
9616.0,-144.0,95.0,0.1,6.23
9621.0,180.0,-192.0,0.033,6.48
9625.0,-45.0,-97.0,0.092,6.23
9630.0,-211.0,-114.0,0.2,6.48
9634.0,-178.0,181.0,0.075,6.96
9640.0,-268.0,-151.0,0.025,6.48
9645.0,-605.0,-242.0,-0.017,6.48
9650.0,-515.0,234.0,0.067,6.96
9655.0,-373.0,143.0,-0.042,6.96
9660.0,-316.0,-172.0,0.042,6.48
9665.0,-194.0,-56.0,0.033,6.23
9670.0,-113.0,-147.0,0.033,6.23
9675.0,33.0,161.0,0.108,6.48
9680.0,-313.0,338.0,0.033,6.48
9684.0,-246.0,-39.0,0.033,6.96
9690.0,-128.0,-34.0,0.008,6.96
9694.0,105.0,-69.0,0.017,6.48
9699.0,-61.0,318.0,0.05,6.23
9704.0,-78.0,-21.0,0.108,6.23
9708.0,-672.0,-316.0,0.058,6.23
9713.0,-247.0,-109.0,0.0,6.96
9718.0,-85.0,221.0,0.067,6.48
9723.0,-270.0,88.0,-0.017,6.23
9729.0,-532.0,108.0,-0.058,6.96
9734.0,-78.0,133.0,-0.017,6.48
9738.0,-235.0,-312.0,0.067,6.96
9743.0,-337.0,-223.0,0.008,6.96
9747.0,50.0,82.0,0.042,6.23
9752.0,148.0,-19.0,-0.05,6.23
9757.0,275.0,-94.0,0.133,6.48
9762.0,-443.0,-147.0,0.058,6.48
9766.0,-464.0,262.0,-0.017,6.96
9772.0,-30.0,-34.0,0.0,6.23
9777.0,-262.0,-83.0,0.017,6.48
9782.0,-257.0,59.0,-0.042,6.96
9787.0,-177.0,-148.0,0.008,6.23
9791.0,242.0,-235.0,0.125,6.23
9796.0,-16.0,-172.0,0.008,6.48
9801.0,121.0,-307.0,-0.017,6.23
9805.0,209.0,-74.0,-0.05,6.48
9810.0,152.0,69.0,0.042,6.48
9816.0,-186.0,275.0,0.075,6.96
9821.0,-268.0,48.0,0.058,6.23
9826.0,107.0,118.0,0.0,6.48
9831.0,-59.0,261.0,0.067,6.96
9835.0,-236.0,72.0,0.067,6.72
9840.0,-26.0,181.0,-0.067,6.48
9844.0,-251.0,-106.0,-0.017,6.48
9849.0,-99.0,-49.0,0.067,6.48
9854.0,28.0,74.0,0.017,6.72
9859.0,-130.0,-255.0,0.1,6.48
9864.0,-275.0,-22.0,-0.008,6.48
9869.0,93.0,-53.0,-0.05,6.48
9873.0,-82.0,96.0,0.05,6.72
9878.0,-220.0,-147.0,0.042,6.96
9882.0,-327.0,132.0,0.05,6.23
9888.0,19.0,214.0,0.058,6.96
9892.0,39.0,137.0,-0.008,6.23
9897.0,-228.0,377.0,0.008,6.72
9903.0,-34.0,-132.0,0.033,6.48
9907.0,-115.0,-37.0,0.058,6.48
9912.0,-369.0,-96.0,-0.042,6.48
9917.0,-38.0,329.0,0.042,6.23
9922.0,-332.0,168.0,0.083,6.96
9926.0,-517.0,-35.0,0.025,6.48
9931.0,-331.0,-136.0,-0.05,6.72
9935.0,160.0,-123.0,0.033,6.72
9942.0,-2.0,63.0,0.058,6.23
9946.0,-114.0,108.0,0.108,6.23
9951.0,-297.0,152.0,0.067,6.23
9956.0,-299.0,85.0,0.108,6.48
9961.0,-134.0,162.0,0.008,6.96
9965.0,-346.0,105.0,-0.025,6.48
9970.0,-259.0,414.0,0.067,6.72
9975.0,-185.0,36.0,0.008,6.96
9980.0,-169.0,157.0,-0.017,6.23
9986.0,314.0,365.0,0.008,6.48
9991.0,134.0,530.0,-0.083,6.72
9995.0,-85.0,-141.0,0.058,6.23
10000.0,-439.0,50.0,0.017,6.48
10005.0,-92.0,-41.0,-0.058,6.48
10010.0,32.0,-203.0,0.042,6.48
10015.0,-38.0,-94.0,0.017,6.48
10020.0,73.0,286.0,0.067,6.23
10025.0,183.0,183.0,-0.033,6.96
10030.0,12.0,258.0,0.008,6.23
10035.0,-178.0,206.0,-0.025,6.23
10040.0,44.0,239.0,-0.008,6.23
10045.0,103.0,253.0,0.008,6.23
10050.0,-191.0,122.0,0.083,6.48
10055.0,-299.0,-19.0,0.067,6.23
10060.0,-306.0,-103.0,0.075,6.23
10065.0,-104.0,58.0,0.083,6.48
10071.0,239.0,-206.0,-0.008,6.23
10076.0,-145.0,54.0,0.083,6.48
10081.0,-307.0,249.0,0.0,6.23
10086.0,-52.0,359.0,0.017,6.23
10091.0,-312.0,308.0,0.033,6.48
10096.0,-124.0,-225.0,0.075,6.48
10101.0,283.0,95.0,0.067,7.94
10106.0,-147.0,386.0,0.05,6.96
10112.0,-146.0,-110.0,0.075,6.23
10116.0,-301.0,15.0,0.092,6.48
10121.0,-398.0,-80.0,0.125,6.48
10125.0,-236.0,147.0,0.083,6.96
10130.0,-214.0,190.0,0.008,6.72
10135.0,-51.0,146.0,0.025,6.23
10140.0,179.0,-1.0,0.05,6.48
10145.0,-144.0,85.0,0.058,6.23
10150.0,-374.0,-18.0,0.075,6.23
10156.0,174.0,101.0,-0.025,6.23
10161.0,151.0,-151.0,0.05,6.48
10166.0,-213.0,-26.0,0.075,6.96
10171.0,-166.0,-44.0,0.083,6.48
10176.0,-154.0,53.0,0.025,7.21
10180.0,-272.0,226.0,0.067,6.48
10185.0,-555.0,36.0,-0.008,6.48
10190.0,-301.0,-9.0,0.083,6.48
10195.0,-228.0,-281.0,0.008,6.48
10201.0,-353.0,-98.0,-0.075,6.48
10206.0,-502.0,-44.0,0.025,6.48
10210.0,193.0,-23.0,0.0,6.23
10215.0,-119.0,182.0,0.067,6.72
10219.0,-360.0,109.0,0.067,6.23
10224.0,-254.0,72.0,0.017,6.23
10229.0,63.0,194.0,0.058,6.48
10234.0,-249.0,97.0,0.15,6.48
10240.0,-274.0,-305.0,0.0,6.72
10244.0,-33.0,194.0,-0.008,6.48
10249.0,-180.0,92.0,0.158,6.48
10254.0,-119.0,-81.0,-0.017,6.96
10259.0,-311.0,-135.0,-0.083,6.48
10264.0,-38.0,-5.0,0.067,6.96
10269.0,-166.0,-106.0,0.025,6.48
10274.0,9.0,-232.0,0.017,6.72
10278.0,-368.0,-155.0,0.192,6.48
10285.0,-62.0,-541.0,0.1,6.23
10289.0,-207.0,-321.0,-0.108,6.23
10294.0,-413.0,-534.0,0.142,6.48
10300.0,-25.0,-212.0,0.125,6.48
10305.0,68.0,-194.0,0.125,6.23
10310.0,-26.0,-57.0,0.008,6.23
10314.0,-257.0,223.0,0.017,6.96
10319.0,-138.0,188.0,-0.067,6.72
10324.0,74.0,-52.0,-0.008,6.48
10330.0,113.0,20.0,-0.025,6.48
10335.0,-117.0,333.0,-0.033,6.23
10340.0,-88.0,-223.0,0.1,6.72
10344.0,71.0,-664.0,0.167,6.48
10350.0,31.0,-474.0,0.092,6.96
10355.0,-126.0,-500.0,-0.042,6.48
10360.0,-130.0,-151.0,0.058,6.48
10365.0,-134.0,-415.0,0.05,6.23
10371.0,121.0,-691.0,0.0,6.48
10376.0,19.0,-394.0,-0.033,6.96
10381.0,-289.0,-88.0,-0.017,6.72
10386.0,-172.0,308.0,0.0,6.23
10391.0,-286.0,409.0,0.05,6.23
10396.0,-281.0,301.0,-0.017,6.23
10400.0,-48.0,110.0,0.017,6.23
10406.0,-328.0,-242.0,0.067,6.48
10412.0,-149.0,-154.0,0.133,6.72
10417.0,-183.0,-587.0,0.042,6.48
10422.0,-199.0,-479.0,0.025,6.72
10427.0,-500.0,-867.0,0.0,6.23
10432.0,-382.0,-966.0,0.05,6.48
10437.0,-38.0,-418.0,0.142,6.48
10442.0,-57.0,-374.0,0.0,6.48
10447.0,-247.0,139.0,0.017,6.48
10454.0,-107.0,-341.0,0.017,6.96
10458.0,62.0,17.0,0.058,6.23
10463.0,36.0,124.0,0.05,6.48
10468.0,11.0,190.0,-0.017,6.23
10473.0,100.0,347.0,-0.083,6.48
10478.0,-16.0,411.0,0.0,6.23
10482.0,-375.0,286.0,0.075,6.72
10487.0,-35.0,351.0,0.108,6.48
10492.0,-358.0,203.0,0.075,6.72
10498.0,-353.0,234.0,-0.025,6.96
10503.0,-308.0,-16.0,0.1,6.48
10507.0,-159.0,-93.0,0.05,6.48
10513.0,-299.0,-77.0,0.075,6.96
10517.0,-426.0,60.0,0.108,6.48
10522.0,-28.0,-73.0,0.008,6.48
10526.0,-63.0,-34.0,0.125,6.48
10531.0,-371.0,-53.0,-0.05,6.23
10536.0,-238.0,-265.0,-0.117,6.72
10542.0,19.0,-146.0,-0.033,6.48
10546.0,12.0,52.0,0.017,6.72
10551.0,-191.0,73.0,0.033,6.48
10556.0,-402.0,-3.0,0.033,6.48
10560.0,129.0,2.0,0.0,6.96
10565.0,64.0,110.0,-0.025,7.45
10569.0,29.0,91.0,0.05,6.23
10575.0,-37.0,-887.0,-0.008,5.99
10579.0,182.0,-924.0,0.158,6.48
10585.0,-144.0,-301.0,-0.017,6.23
10590.0,-59.0,-264.0,0.05,6.48
10594.0,-161.0,-441.0,0.017,6.96
10599.0,-262.0,-279.0,0.033,6.23
10604.0,231.0,-610.0,0.0,6.23
10609.0,-33.0,-466.0,0.092,6.23
10614.0,64.0,-331.0,0.008,6.23
10619.0,-342.0,-460.0,0.075,6.48
10624.0,-391.0,-497.0,-0.042,6.23
10629.0,-473.0,-126.0,-0.042,6.48
10634.0,-128.0,-168.0,-0.025,6.48
10638.0,-147.0,-163.0,0.008,6.23
10644.0,-147.0,-71.0,0.042,7.21
10648.0,-288.0,-154.0,0.0,6.96
10654.0,-20.0,-126.0,0.025,6.23
10659.0,-111.0,-50.0,0.2,6.23
10663.0,-176.0,-327.0,0.025,6.96
10669.0,-404.0,-321.0,0.008,6.23
10674.0,-353.0,-482.0,0.067,6.48
10679.0,-159.0,-387.0,-0.017,6.23
10683.0,-314.0,-360.0,0.133,7.21
10688.0,78.0,215.0,0.092,6.23
10694.0,-200.0,27.0,-0.033,6.72
10698.0,-255.0,-44.0,-0.017,6.48
10703.0,205.0,-400.0,-0.083,7.21
10708.0,330.0,-12.0,-0.008,6.48
10714.0,-361.0,105.0,-0.075,6.48
10719.0,-367.0,-89.0,0.042,6.72
10724.0,-346.0,-492.0,-0.017,6.48
10729.0,-96.0,-36.0,0.058,6.48
10734.0,-478.0,114.0,0.042,6.23
10739.0,-159.0,-141.0,0.142,6.23
10744.0,-21.0,-169.0,0.075,6.72
10750.0,-285.0,-81.0,0.117,6.23
10755.0,-412.0,-482.0,0.133,6.48
10761.0,-152.0,-524.0,0.083,6.48
10766.0,94.0,-170.0,0.008,6.48
10770.0,45.0,-169.0,-0.042,6.23
10776.0,-209.0,69.0,-0.067,6.23
10780.0,-258.0,-38.0,0.008,6.23
10785.0,40.0,-85.0,0.033,6.48
10790.0,133.0,-287.0,-0.033,6.48
10795.0,-222.0,-62.0,0.075,6.48
10801.0,-240.0,-92.0,0.042,6.48
10805.0,-197.0,-133.0,0.133,6.48
10811.0,-177.0,-139.0,0.15,6.23
10816.0,-75.0,271.0,0.008,6.48
10820.0,-100.0,180.0,0.075,6.48
10826.0,6.0,248.0,0.05,6.48
10831.0,-214.0,38.0,0.0,6.23
10836.0,-273.0,231.0,-0.1,6.23
10842.0,-271.0,203.0,-0.025,6.23
10846.0,-22.0,132.0,0.033,6.48
10851.0,-262.0,63.0,0.025,6.48
10857.0,90.0,-101.0,-0.017,6.48
10861.0,433.0,-26.0,0.033,7.21
10866.0,-27.0,68.0,0.025,6.23
10871.0,-188.0,-437.0,0.0,6.48
10876.0,270.0,128.0,0.117,6.48
10882.0,-378.0,-366.0,-0.058,6.72
10887.0,-195.0,-439.0,0.0,6.23
10892.0,29.0,267.0,0.075,6.48
10897.0,103.0,157.0,0.008,6.23
10902.0,-22.0,88.0,0.017,6.23
10907.0,-100.0,-42.0,0.008,6.23
10912.0,-289.0,-217.0,-0.017,5.5
10916.0,69.0,-94.0,-0.05,6.48
10923.0,-209.0,-216.0,-0.083,6.96
10927.0,-174.0,-299.0,-0.008,6.72
10933.0,76.0,-187.0,0.058,7.21
10937.0,41.0,-320.0,0.175,6.96
10942.0,205.0,-7.0,0.067,6.96
10947.0,41.0,373.0,0.042,6.96
10952.0,-146.0,364.0,-0.058,6.48
10957.0,-182.0,178.0,-0.075,6.23
10962.0,-310.0,610.0,0.042,6.23
10968.0,-51.0,813.0,0.092,6.48
10973.0,-77.0,487.0,0.025,6.48
10979.0,-267.0,319.0,0.025,6.48
10983.0,-100.0,488.0,-0.008,6.48
10989.0,138.0,852.0,-0.167,6.48
10994.0,-104.0,968.0,0.033,6.72
10998.0,-233.0,749.0,0.183,6.23
11004.0,-283.0,633.0,0.15,6.72
11010.0,57.0,747.0,0.2,7.7
11015.0,-136.0,888.0,-0.075,6.23
11020.0,-296.0,440.0,-0.15,6.48
11025.0,-395.0,461.0,-0.075,6.48
11030.0,-157.0,775.0,0.083,6.48
11035.0,-37.0,597.0,0.1,6.23
11040.0,292.0,524.0,0.083,6.48
11045.0,-22.0,650.0,-0.008,6.48
11052.0,-246.0,872.0,-0.083,6.72
11056.0,-143.0,571.0,-0.033,6.48
11061.0,-161.0,-91.0,0.008,6.23
11067.0,-143.0,131.0,0.075,7.21
11071.0,-26.0,160.0,0.083,6.23
11077.0,-92.0,-8.0,0.1,6.48
11082.0,-424.0,-16.0,0.042,6.48
11086.0,-325.0,-159.0,-0.025,6.48
11092.0,-137.0,-37.0,-0.017,6.48
11098.0,-123.0,311.0,0.017,6.72
11103.0,-152.0,300.0,-0.05,6.48
11108.0,-244.0,64.0,0.083,6.48
11113.0,-294.0,314.0,0.25,6.96
11118.0,-155.0,625.0,0.0,6.72
11123.0,-109.0,531.0,0.025,6.23
11129.0,-199.0,371.0,-0.075,6.48
11133.0,88.0,598.0,0.067,6.48
11139.0,-168.0,506.0,0.175,6.48
11145.0,-346.0,404.0,0.15,6.23
11149.0,-447.0,581.0,0.1,6.96
11155.0,37.0,453.0,0.008,6.23
11160.0,-381.0,240.0,0.05,6.23
11164.0,-498.0,709.0,0.033,6.23
11170.0,84.0,351.0,0.033,6.48
11174.0,-97.0,266.0,0.15,6.48
11180.0,-405.0,316.0,0.067,6.48
11186.0,-271.0,744.0,0.075,6.48
11190.0,-92.0,543.0,0.158,6.48
11196.0,-280.0,517.0,0.033,6.96
11201.0,-78.0,351.0,0.117,6.48
11205.0,53.0,672.0,0.067,6.48
11211.0,217.0,668.0,0.058,6.48
11216.0,-15.0,817.0,0.017,6.48
11220.0,12.0,378.0,0.075,6.23
11227.0,-148.0,138.0,0.133,6.23
11231.0,-265.0,55.0,0.042,5.99
11236.0,-63.0,23.0,-0.008,6.48
11241.0,265.0,-76.0,0.092,6.72
11246.0,222.0,293.0,-0.008,6.23
11251.0,-322.0,-53.0,-0.025,6.48
11256.0,-489.0,-118.0,0.033,6.72
11261.0,205.0,-612.0,0.05,6.96
11267.0,-267.0,-188.0,0.0,6.23
11272.0,-132.0,-387.0,-0.008,6.23
11277.0,76.0,-501.0,0.0,6.23
11282.0,54.0,-384.0,0.167,6.23
11286.0,19.0,-259.0,0.167,6.23
11292.0,-117.0,-331.0,0.033,6.48
11296.0,54.0,-222.0,0.233,6.23
11302.0,-72.0,-4.0,-0.042,6.48
11307.0,-64.0,-279.0,-0.133,6.96
11312.0,-331.0,-212.0,-0.15,6.48
11317.0,231.0,36.0,-0.125,6.96
11322.0,-42.0,-357.0,-0.15,6.23
11327.0,-98.0,-15.0,0.083,6.23
11332.0,-126.0,28.0,0.192,6.48
11336.0,41.0,333.0,0.225,6.48
11342.0,-261.0,229.0,0.167,6.96
11346.0,-312.0,246.0,-0.042,6.96
11353.0,-16.0,58.0,-0.1,6.23
11358.0,88.0,-100.0,0.058,6.48
11362.0,-271.0,89.0,-0.042,6.96
11368.0,-373.0,577.0,0.008,7.21
11373.0,63.0,580.0,0.008,6.23
11377.0,-64.0,553.0,-0.167,6.96
11383.0,-148.0,381.0,-0.092,6.23
11387.0,-129.0,384.0,-0.108,6.96
11393.0,55.0,74.0,0.058,6.48
11398.0,45.0,351.0,0.092,6.48
11403.0,-10.0,-20.0,0.208,8.68
11408.0,362.0,102.0,0.192,6.48
11413.0,-254.0,123.0,0.033,6.48
11418.0,-133.0,-89.0,-0.067,6.96
11423.0,-51.0,545.0,-0.05,7.21
11428.0,-300.0,450.0,0.058,6.48
11433.0,-302.0,458.0,0.083,6.72
11439.0,-90.0,535.0,0.142,6.48
11444.0,-155.0,564.0,0.092,6.96
11449.0,-37.0,370.0,0.017,6.23
11454.0,-345.0,135.0,-0.133,6.23
11459.0,-196.0,35.0,-0.1,6.48
11464.0,6.0,37.0,-0.033,6.48
11468.0,-21.0,270.0,-0.033,6.23
11474.0,-47.0,-116.0,-0.05,6.48
11480.0,-261.0,-67.0,0.125,6.23
11484.0,-196.0,-370.0,0.125,5.01
11489.0,-140.0,-399.0,0.083,6.23
11494.0,-129.0,-568.0,0.008,6.23
11499.0,129.0,-730.0,0.15,6.23
11504.0,207.0,-731.0,0.108,6.96
11509.0,72.0,-647.0,0.0,6.48
11514.0,-234.0,-373.0,0.233,6.23
11520.0,44.0,-166.0,0.075,6.48
11525.0,103.0,12.0,0.008,6.23
11530.0,71.0,18.0,-0.058,6.48
11535.0,337.0,61.0,-0.083,6.23
11540.0,92.0,21.0,-0.283,6.72
11545.0,-88.0,162.0,-0.175,6.48
11549.0,43.0,-193.0,0.025,6.48
11554.0,-165.0,-146.0,0.042,6.72
11559.0,40.0,-15.0,0.192,6.48
11565.0,-422.0,-163.0,0.033,6.48
11570.0,-264.0,-60.0,0.008,6.48
11575.0,-99.0,386.0,-0.033,6.23
11580.0,-11.0,414.0,0.275,6.23
11585.0,-65.0,399.0,0.442,6.48
11590.0,-40.0,23.0,0.033,6.72
11595.0,18.0,256.0,-0.083,6.23
11599.0,59.0,153.0,-0.225,6.48
11606.0,-29.0,233.0,-0.208,6.48
11611.0,-83.0,332.0,-0.083,6.23
11616.0,20.0,402.0,0.125,6.72
11620.0,-272.0,293.0,0.058,6.72
11625.0,-261.0,-96.0,-0.008,6.23
11630.0,-227.0,50.0,0.05,7.21
11635.0,-207.0,-201.0,-0.05,6.48
11640.0,-68.0,-207.0,0.033,6.96
11645.0,-246.0,-140.0,0.133,6.48
11651.0,-95.0,-87.0,0.267,6.48
11656.0,-179.0,-223.0,0.133,6.96
11661.0,-437.0,-418.0,-0.05,6.96
11666.0,-178.0,-40.0,-0.158,6.23
11671.0,-14.0,-412.0,-0.083,6.48
11676.0,-368.0,-123.0,0.075,6.23
11681.0,-287.0,-113.0,0.008,6.23
11686.0,-503.0,-775.0,0.033,6.48
11692.0,-73.0,-816.0,-0.092,6.72
11697.0,-292.0,-568.0,-0.067,6.23
11703.0,134.0,-758.0,-0.025,6.48
11708.0,-262.0,-643.0,-0.017,6.48
11713.0,-389.0,-595.0,0.142,6.96
11717.0,-17.0,-408.0,0.192,6.48
11722.0,306.0,-919.0,0.25,6.48
11727.0,26.0,-461.0,0.075,6.48
11732.0,-558.0,-384.0,-0.133,6.72
11738.0,-401.0,-594.0,-0.008,6.23
11744.0,47.0,-46.0,0.017,6.96
11748.0,-371.0,-27.0,0.142,6.23
11753.0,-372.0,141.0,0.033,6.72
11759.0,42.0,145.0,-0.058,6.96
11764.0,-246.0,262.0,-0.033,6.23
11769.0,-333.0,518.0,0.075,6.23
11774.0,-157.0,591.0,-0.033,6.23
11780.0,153.0,774.0,-0.008,6.23
11784.0,-200.0,576.0,-0.008,6.96
11789.0,14.0,257.0,0.15,6.96
11794.0,99.0,237.0,0.033,6.48
11800.0,325.0,405.0,-0.008,6.48
11805.0,-51.0,140.0,0.167,6.23
11809.0,-92.0,-142.0,0.108,6.23
11814.0,240.0,-139.0,0.133,6.96
11820.0,-328.0,-16.0,0.133,6.23
11825.0,-437.0,-290.0,0.083,6.96
11830.0,-95.0,-73.0,-0.017,6.48
11835.0,-122.0,-183.0,0.0,6.23
11840.0,-262.0,-555.0,0.058,6.72
11845.0,-188.0,-446.0,-0.008,6.48
11850.0,-367.0,-642.0,-0.067,6.96
11855.0,64.0,-589.0,-0.1,6.23
11860.0,-133.0,-643.0,0.1,6.23
11865.0,-622.0,-532.0,0.117,6.48
11870.0,44.0,-55.0,-0.042,6.48
11875.0,143.0,-159.0,0.0,6.96
11880.0,-309.0,-176.0,0.142,6.72
11885.0,-228.0,-506.0,0.092,6.72
11890.0,-16.0,-85.0,0.008,6.23
11895.0,-18.0,-260.0,0.008,6.96
11900.0,-267.0,-238.0,0.017,6.96
11906.0,-119.0,-305.0,0.058,6.96
11910.0,-66.0,95.0,0.025,6.72
11915.0,-357.0,22.0,0.092,6.48
11920.0,-396.0,-320.0,0.0,6.48
11924.0,55.0,-251.0,0.125,6.23
11929.0,77.0,-248.0,0.092,6.96
11934.0,-148.0,-299.0,-0.017,6.96
11939.0,-606.0,-224.0,0.017,6.48
11944.0,-359.0,8.0,-0.008,7.21
11949.0,223.0,363.0,-0.033,6.23
11954.0,134.0,47.0,0.033,6.23
11959.0,-201.0,364.0,0.0,6.48
11964.0,-174.0,92.0,-0.025,6.48
11968.0,-243.0,245.0,0.067,6.96
11973.0,-167.0,444.0,0.05,6.23
11978.0,-192.0,465.0,0.117,6.72
11982.0,22.0,662.0,0.075,6.48
11987.0,191.0,344.0,0.025,6.48
11993.0,177.0,549.0,-0.033,6.23
11998.0,0.0,327.0,0.075,6.48
12003.0,-63.0,386.0,0.067,6.23
12008.0,-149.0,497.0,0.158,6.23
12012.0,-458.0,584.0,0.067,6.23
12017.0,-158.0,71.0,0.0,7.21
12021.0,151.0,144.0,0.058,6.48
12026.0,-155.0,289.0,0.0,6.48
12032.0,-166.0,261.0,0.0,6.72
12037.0,-68.0,108.0,0.017,6.23
12042.0,117.0,162.0,0.133,6.72
12046.0,-152.0,251.0,0.142,6.48
12051.0,-196.0,-74.0,0.042,6.48
12056.0,-121.0,31.0,0.008,6.23
12061.0,-231.0,-32.0,-0.067,6.96
12066.0,-510.0,-22.0,-0.108,6.96
12071.0,36.0,-335.0,-0.108,6.48
12076.0,-151.0,-401.0,-0.033,6.23
12081.0,-232.0,-482.0,0.108,6.23
12086.0,-12.0,-540.0,0.083,6.48
12091.0,25.0,-742.0,0.108,6.48
12096.0,-101.0,-463.0,0.083,6.23
12102.0,-243.0,-287.0,0.083,6.23
12107.0,-390.0,-397.0,0.033,6.48
12111.0,94.0,-232.0,0.042,6.72
12118.0,-188.0,-750.0,0.008,6.96
12123.0,-107.0,-656.0,0.008,6.72
12128.0,-9.0,-709.0,0.0,6.48
12133.0,22.0,-535.0,0.05,6.72
12137.0,15.0,-522.0,0.025,6.48
12142.0,-329.0,-340.0,-0.025,6.48
12147.0,-390.0,0.0,-0.008,6.48
12152.0,-100.0,-353.0,-0.067,6.48
12157.0,101.0,-805.0,0.017,6.23
12163.0,-346.0,-456.0,0.042,6.48
12168.0,204.0,-152.0,0.033,6.96
12173.0,13.0,-392.0,0.025,6.72
12178.0,45.0,-569.0,-0.133,6.48
12183.0,-345.0,-81.0,-0.1,6.72
12188.0,-100.0,-483.0,-0.125,6.48
12193.0,166.0,-540.0,0.1,6.23
12198.0,-62.0,-454.0,0.133,6.48
12204.0,-115.0,-613.0,0.1,6.48
12209.0,-221.0,-260.0,0.175,6.23
12214.0,-416.0,-156.0,0.092,6.96
12218.0,-251.0,-97.0,0.117,6.48
12223.0,-278.0,101.0,0.033,6.48
12228.0,133.0,-22.0,0.092,6.48
12233.0,-313.0,220.0,0.042,6.23
12237.0,-346.0,495.0,-0.05,6.96
12242.0,-14.0,584.0,0.025,6.96
12248.0,-245.0,836.0,-0.1,6.23
12253.0,128.0,715.0,0.008,6.23
12258.0,193.0,727.0,0.083,6.48
12262.0,-326.0,686.0,0.075,6.48
12268.0,-64.0,712.0,0.033,6.96
12272.0,73.0,677.0,0.05,6.48
12277.0,13.0,900.0,0.108,6.23
12282.0,-186.0,878.0,0.05,6.23
12286.0,-477.0,1089.0,0.017,7.21
12292.0,216.0,665.0,0.108,6.48
12297.0,401.0,768.0,-0.042,6.72
12302.0,201.0,676.0,-0.033,6.48
12307.0,-154.0,669.0,-0.108,6.96
12312.0,-92.0,584.0,-0.075,6.48
12317.0,123.0,238.0,-0.058,6.23
12321.0,-80.0,47.0,0.067,6.96
12326.0,-477.0,-233.0,-0.033,6.23
12331.0,-492.0,-242.0,-0.075,6.23
12337.0,-146.0,-100.0,0.017,6.23
12341.0,-253.0,-171.0,0.058,6.72
12346.0,-275.0,-202.0,0.142,6.23
12351.0,-48.0,-386.0,-0.033,6.23
12356.0,-239.0,-413.0,0.125,6.96
12361.0,-78.0,-613.0,0.092,6.48
12365.0,83.0,-458.0,0.008,6.23
12370.0,-23.0,-740.0,0.067,6.96
12376.0,-200.0,-771.0,0.008,7.7
12381.0,-570.0,-406.0,-0.017,6.48
12386.0,-69.0,-566.0,0.008,6.48
12390.0,-158.0,-637.0,0.042,6.23
12395.0,-91.0,-565.0,0.075,6.23
12400.0,-166.0,-592.0,0.025,6.23
12405.0,494.0,-340.0,0.025,6.72
12410.0,81.0,-295.0,-0.025,6.48
12414.0,-341.0,-374.0,-0.05,6.48
12420.0,38.0,-95.0,-0.008,6.48
12425.0,-86.0,-152.0,0.092,6.48
12430.0,95.0,-152.0,0.033,6.48
12434.0,-308.0,-215.0,0.092,6.96
12440.0,-118.0,-463.0,0.142,6.48
12444.0,-73.0,130.0,0.042,6.96
12449.0,-213.0,-30.0,0.05,6.48
12454.0,-208.0,-32.0,-0.033,6.48
12460.0,-99.0,41.0,0.083,6.72
12465.0,109.0,325.0,0.1,6.48
12470.0,18.0,212.0,0.1,6.72
12475.0,58.0,-48.0,0.025,6.48
12480.0,-95.0,438.0,0.083,6.72
12484.0,-14.0,189.0,-0.042,6.48
12490.0,-152.0,-329.0,0.033,6.48
12494.0,-343.0,-52.0,0.083,6.96
12499.0,227.0,-362.0,-0.108,6.96
12506.0,-243.0,-202.0,0.0,6.72
12510.0,-458.0,75.0,0.008,6.96
12516.0,-122.0,-271.0,0.025,6.72
12520.0,165.0,57.0,0.058,6.23
12525.0,-66.0,26.0,0.117,6.48
12530.0,-374.0,166.0,0.058,6.23
12535.0,-199.0,-75.0,0.067,6.48
12540.0,-121.0,-97.0,-0.008,6.48
12546.0,-219.0,-65.0,0.058,6.23
12551.0,-344.0,236.0,0.1,6.48
12556.0,-102.0,54.0,0.017,6.48
12561.0,-113.0,-103.0,0.058,6.48
12566.0,-205.0,-404.0,-0.067,6.72
12571.0,-71.0,-160.0,0.0,6.48
12576.0,-244.0,-39.0,0.042,6.96
12581.0,-232.0,41.0,0.108,6.23
12587.0,132.0,-401.0,0.05,6.48
12592.0,95.0,-164.0,0.067,6.23
12597.0,-369.0,-88.0,0.075,6.23
12601.0,-334.0,-117.0,0.025,6.48
12606.0,-152.0,-222.0,0.0,6.48
12612.0,-262.0,118.0,0.025,6.48
12616.0,75.0,53.0,0.025,6.96
12622.0,29.0,-537.0,0.075,6.48
12627.0,-83.0,75.0,0.058,6.96
12632.0,102.0,-132.0,-0.033,6.23
12638.0,98.0,-192.0,0.133,6.48
12642.0,-67.0,-373.0,0.05,6.48
12647.0,91.0,-60.0,0.042,6.23
12652.0,-411.0,-152.0,0.025,6.48
12657.0,-258.0,-21.0,0.008,6.48
12662.0,-144.0,-113.0,-0.025,6.96
12667.0,201.0,-96.0,0.0,5.99
12672.0,-219.0,-33.0,0.067,6.96
12678.0,-425.0,165.0,-0.042,6.48
12682.0,-250.0,218.0,0.008,6.96
12688.0,174.0,374.0,-0.008,6.96
12693.0,-390.0,-296.0,0.058,6.48
12698.0,-235.0,-255.0,0.05,6.48
12703.0,-49.0,-67.0,0.075,6.48
12708.0,-271.0,-247.0,-0.008,6.48
12713.0,-482.0,-152.0,0.05,6.48
12719.0,-240.0,28.0,0.017,6.72
12724.0,99.0,-11.0,0.008,6.48
12728.0,133.0,-134.0,0.058,6.72
12734.0,-201.0,-184.0,0.1,6.72
12738.0,-94.0,-103.0,-0.033,6.48
12744.0,-442.0,245.0,-0.067,6.48
12749.0,-328.0,201.0,0.042,6.23
12754.0,103.0,-44.0,0.075,6.72
12760.0,187.0,-206.0,0.092,6.48
12765.0,-195.0,-22.0,0.0,6.48
12770.0,-342.0,-389.0,0.058,6.23
12775.0,-52.0,3.0,-0.025,6.72
12779.0,-205.0,-196.0,-0.05,6.96
12785.0,121.0,4.0,0.075,7.94
12790.0,-77.0,8.0,0.0,6.96
12794.0,-168.0,75.0,0.025,6.23
12801.0,-280.0,-125.0,-0.017,6.96
12806.0,-80.0,-31.0,0.042,6.48
12811.0,47.0,94.0,-0.017,6.23
12816.0,169.0,-344.0,-0.017,6.72
12820.0,124.0,-221.0,-0.017,6.48
12826.0,-42.0,27.0,-0.025,6.48
12831.0,-112.0,187.0,0.075,6.23
12836.0,-185.0,-166.0,-0.058,6.23
12841.0,-111.0,162.0,0.008,6.48
12847.0,177.0,-182.0,0.067,6.48
12852.0,234.0,-115.0,0.075,6.96
12857.0,-14.0,-301.0,0.042,6.48
12863.0,-392.0,-173.0,0.05,6.48
12867.0,-227.0,-62.0,0.05,6.48
12872.0,57.0,74.0,0.025,6.48
12878.0,-113.0,-250.0,-0.017,6.72
12882.0,138.0,-269.0,-0.033,6.48
12889.0,-210.0,-277.0,0.017,6.48
12894.0,-166.0,-53.0,0.042,6.96
12898.0,-107.0,-40.0,0.025,6.96
12904.0,-257.0,-158.0,0.033,6.96
12909.0,-107.0,-54.0,0.083,6.72
12914.0,-202.0,-163.0,-0.017,6.48
12919.0,-148.0,-531.0,0.092,6.48
12924.0,22.0,-141.0,0.075,6.23
12930.0,11.0,154.0,0.017,6.48
12935.0,169.0,-180.0,0.05,5.5
12940.0,231.0,-193.0,0.042,6.96
12945.0,0.0,-44.0,0.025,6.23
12950.0,-46.0,224.0,0.0,6.48
12954.0,-221.0,-1.0,0.042,6.72
12959.0,-21.0,-265.0,0.05,6.48
12964.0,-66.0,-218.0,0.1,6.72
12969.0,-160.0,-256.0,0.042,6.48
12976.0,-122.0,48.0,-0.017,6.96
12980.0,-247.0,-221.0,-0.008,6.48
12985.0,103.0,-195.0,0.042,6.72
12991.0,-87.0,-319.0,0.05,6.23
12995.0,2.0,128.0,0.042,6.23
13001.0,-40.0,-52.0,0.033,6.23
13006.0,292.0,-440.0,0.008,6.48
13010.0,-193.0,-223.0,0.058,6.48
13017.0,187.0,-335.0,-0.017,6.48
13022.0,-279.0,-361.0,0.05,6.23
13027.0,-294.0,-202.0,-0.025,6.48
13032.0,-398.0,-576.0,0.017,6.96
13037.0,-22.0,-330.0,0.033,6.72
13042.0,-81.0,-633.0,0.025,6.48
13047.0,-241.0,-309.0,0.008,6.23
13052.0,-85.0,-26.0,0.025,6.48
13058.0,-46.0,-343.0,0.075,6.72
13063.0,-88.0,-49.0,-0.025,6.72
13067.0,-51.0,-370.0,0.0,6.48
13073.0,29.0,-314.0,0.058,6.23
13078.0,-63.0,-37.0,-0.042,7.21
13082.0,-82.0,-258.0,0.075,6.72
13087.0,216.0,-256.0,0.1,6.23
13092.0,207.0,-181.0,0.058,6.48
13097.0,-47.0,-59.0,0.008,6.23
13103.0,-217.0,-14.0,0.1,6.48
13108.0,-38.0,-105.0,0.058,6.48
13113.0,-100.0,-191.0,0.042,6.96
13117.0,-45.0,-118.0,0.167,6.48
13123.0,-209.0,72.0,0.075,6.48
13128.0,207.0,-107.0,-0.05,6.23
13132.0,-70.0,-290.0,0.075,6.72
13138.0,150.0,-118.0,0.042,6.72
13143.0,275.0,-35.0,-0.067,6.23
13148.0,269.0,-37.0,0.033,6.72
13154.0,-37.0,309.0,-0.05,5.01
13158.0,-240.0,300.0,0.008,6.48
13164.0,-312.0,288.0,0.008,6.48
13168.0,162.0,89.0,0.017,6.48
13173.0,-179.0,-348.0,0.025,6.48
13178.0,-321.0,-150.0,-0.025,6.23
13184.0,-133.0,-101.0,0.0,6.23
13189.0,-288.0,479.0,-0.075,6.23
13195.0,-78.0,267.0,0.033,6.96
13199.0,-28.0,382.0,-0.042,7.7
13204.0,-3.0,172.0,0.042,6.48
13209.0,-297.0,213.0,0.05,6.23
13214.0,-278.0,294.0,-0.017,6.23
13219.0,238.0,284.0,0.025,6.48
13224.0,-382.0,-75.0,0.05,6.23
13230.0,-315.0,-339.0,0.008,6.96
13235.0,107.0,-387.0,0.133,6.48
13240.0,-87.0,-298.0,0.0,6.48
13245.0,-216.0,-316.0,0.017,6.48
13251.0,-490.0,-456.0,0.058,6.48
13256.0,-242.0,-467.0,-0.017,6.23
13261.0,-341.0,81.0,-0.033,6.48
13266.0,-577.0,-89.0,0.025,6.23
13272.0,37.0,-24.0,-0.108,6.48
13277.0,-166.0,180.0,0.05,6.48
13281.0,-250.0,15.0,0.0,6.96
13286.0,-235.0,-178.0,0.042,6.48
13291.0,-143.0,-166.0,0.1,6.48
13296.0,-385.0,-203.0,0.0,6.72
13301.0,-550.0,-261.0,0.125,6.48
13306.0,-66.0,18.0,-0.067,6.96
13312.0,161.0,63.0,-0.042,6.48
13317.0,-679.0,41.0,-0.008,6.48
13322.0,-371.0,-136.0,0.017,6.23
13327.0,-256.0,-196.0,0.042,6.48
13332.0,-62.0,-154.0,0.0,6.96
13337.0,296.0,-79.0,-0.108,6.72
13342.0,141.0,219.0,0.017,6.23
13347.0,89.0,284.0,-0.008,6.48
13351.0,-26.0,-31.0,0.075,6.48
13358.0,-218.0,-179.0,0.1,6.48
13362.0,-502.0,-124.0,-0.017,6.96
13367.0,-133.0,-236.0,-0.083,6.48
13372.0,-91.0,-473.0,0.1,6.23
13377.0,-278.0,-188.0,0.025,6.72
13382.0,-60.0,-410.0,0.008,6.48
13387.0,248.0,-385.0,0.067,6.48
13392.0,-51.0,-513.0,0.075,6.48
13398.0,15.0,-611.0,0.017,6.48
13403.0,101.0,-638.0,0.017,6.96
13408.0,-16.0,-720.0,0.042,6.72
13413.0,-130.0,-503.0,0.108,6.48
13418.0,191.0,-978.0,0.033,6.48
13423.0,113.0,-612.0,0.05,6.23
13428.0,-35.0,-537.0,-0.042,6.23
13433.0,172.0,-521.0,-0.067,6.23
13438.0,-48.0,-497.0,-0.008,6.23
13444.0,-230.0,-436.0,0.008,6.72
13449.0,-285.0,-458.0,-0.05,6.48
13455.0,-117.0,-598.0,0.058,6.23
13459.0,-321.0,-445.0,0.167,6.48
13464.0,-258.0,-189.0,0.117,6.48
13470.0,-112.0,-409.0,0.033,6.96
13475.0,-96.0,-442.0,0.067,6.48
13480.0,-91.0,-268.0,0.092,6.48
13486.0,-285.0,-60.0,0.075,6.48
13491.0,-129.0,-123.0,-0.083,6.48
13496.0,-240.0,-197.0,-0.008,6.48
13501.0,-364.0,-325.0,0.05,6.72
13506.0,-288.0,-250.0,0.033,6.48
13511.0,-39.0,32.0,-0.008,6.48
13516.0,133.0,-93.0,-0.008,6.48
13520.0,80.0,18.0,-0.017,6.48
13527.0,-456.0,344.0,0.058,6.48
13532.0,-200.0,439.0,0.067,6.96
13537.0,-77.0,353.0,0.15,6.72
13542.0,-591.0,206.0,0.117,6.48
13546.0,-486.0,615.0,0.058,6.48
13551.0,86.0,979.0,0.1,6.48
13556.0,-130.0,728.0,0.0,6.48
13561.0,-31.0,1102.0,0.033,6.23
13568.0,-221.0,962.0,-0.008,6.96
13573.0,-47.0,931.0,0.067,6.72
13578.0,108.0,289.0,0.183,6.72
13583.0,-200.0,611.0,0.075,6.72
13588.0,-48.0,222.0,-0.025,7.45
13593.0,-37.0,350.0,0.05,6.48
13598.0,21.0,211.0,0.05,6.23
13603.0,161.0,488.0,-0.075,7.21
13607.0,-64.0,306.0,0.1,6.23
13613.0,-284.0,149.0,0.025,6.23
13618.0,-115.0,-845.0,-0.117,5.99
13624.0,-53.0,-2305.0,-0.1,6.48
13629.0,-221.0,-6908.0,-0.658,6.48
13634.0,-80.0,-50980.0,-2.017,6.72
13638.0,-511.0,-37599.0,-2.925,6.48
13643.0,-393.0,-208590.0,-4.6,6.23
13648.0,-668.0,-299392.0,-4.758,6.96
13655.0,-618.0,-333343.0,-3.55,6.96
13660.0,-232.0,-404014.0,-2.45,6.72
13665.0,-163.0,-455750.0,-2.05,6.23
13670.0,127.0,-466741.0,-2.658,6.48
13675.0,-17.0,-487278.0,-3.308,6.23
13680.0,-64.0,-507544.0,-3.708,6.48
13685.0,32.0,-523277.0,-3.525,6.23
13690.0,-574.0,-579240.0,-3.392,6.23
13696.0,-231.0,-659640.0,-3.283,6.48
13701.0,237.0,-701989.0,-3.625,6.48
13707.0,73.0,-762744.0,-4.017,6.23
13712.0,-6.0,-780440.0,-3.833,6.72
13717.0,-174.0,-782443.0,-3.342,6.23
13722.0,-14.0,-798606.0,-3.233,6.96
13727.0,-253.0,-825738.0,-3.192,6.72
13732.0,-463.0,-842845.0,-3.6,6.23
13737.0,-123.0,-869634.0,-3.85,6.72
13743.0,20.0,-885920.0,-3.717,6.72
13748.0,-244.0,-890645.0,-3.3,6.48
13753.0,-228.0,-896780.0,-2.975,6.72
13758.0,-109.0,-900640.0,-2.958,6.72
13764.0,-309.0,-903119.0,-3.417,5.74
13769.0,-77.0,-905950.0,-3.758,6.72
13774.0,-112.0,-905890.0,-3.45,6.23
13779.0,-20.0,-905089.0,-3.008,6.23
13785.0,154.0,-900088.0,-2.708,6.72
13790.0,107.0,-895142.0,-2.792,6.23
13795.0,-201.0,-891859.0,-3.067,6.48
13800.0,-221.0,-885098.0,-3.15,6.48
13805.0,-158.0,-876476.0,-3.042,6.72
13810.0,122.0,-871613.0,-2.908,6.23
13815.0,-22.0,-860324.0,-2.692,6.72
13821.0,111.0,-848398.0,-2.833,6.23
13827.0,-99.0,-843393.0,-2.875,6.23
13832.0,-67.0,-834450.0,-2.817,6.23
13837.0,-302.0,-828928.0,-2.55,6.72
13842.0,-202.0,-826551.0,-2.058,6.72
13847.0,-244.0,-824252.0,-1.683,6.23
13852.0,-317.0,-823236.0,-1.708,6.96
13857.0,-109.0,-823237.0,-2.333,6.23
13862.0,-239.0,-823192.0,-2.275,6.23
13868.0,160.0,-824018.0,-2.008,6.48
13873.0,-272.0,-824965.0,-1.375,7.94
13879.0,-86.0,-826366.0,-1.108,6.48
13883.0,-45.0,-827861.0,-1.275,6.23
13888.0,-87.0,-829728.0,-1.708,6.72
13893.0,-430.0,-831816.0,-1.275,6.23
13898.0,-385.0,-832629.0,-0.883,5.99
13903.0,11.0,-833392.0,-1.158,6.23
13908.0,136.0,-833909.0,-1.575,6.23
13914.0,-116.0,-833200.0,-1.542,6.23
13919.0,27.0,-832924.0,-1.742,6.48
13924.0,-26.0,-832871.0,-0.342,6.48
13929.0,-192.0,-832764.0,-0.583,6.23
13934.0,-327.0,-834300.0,-0.925,6.23
13939.0,-299.0,-835057.0,-1.442,6.72
13944.0,-341.0,-835104.0,-0.725,6.23
13949.0,-224.0,-834722.0,-0.358,5.99
13955.0,-68.0,-834491.0,-0.85,5.99
13960.0,-304.0,-834124.0,-0.975,6.48
13965.0,-419.0,-837758.0,-0.592,6.48
13970.0,-353.0,-839795.0,-0.675,5.99
13975.0,-393.0,-842222.0,-0.558,5.99
13981.0,-420.0,-848594.0,-0.375,6.23
13986.0,-496.0,-849679.0,0.017,6.23
13991.0,-132.0,-850036.0,0.35,6.23
13997.0,-295.0,-849556.0,-0.325,6.23
14002.0,-153.0,-848703.0,-0.458,6.48
14007.0,89.0,-847148.0,0.233,5.99
14012.0,-12.0,-844184.0,0.85,5.99
14017.0,-154.0,-841927.0,0.083,6.48
14023.0,-48.0,-836181.0,-0.117,6.72
14028.0,89.0,-830299.0,0.567,6.48
14032.0,-134.0,-827262.0,0.608,5.99
14039.0,-386.0,-821294.0,0.225,5.99
14044.0,-283.0,-813962.0,0.6,5.74
14049.0,-48.0,-810387.0,0.65,6.72
14054.0,-298.0,-802855.0,0.25,5.99
14059.0,-15.0,-795317.0,0.458,5.99
14064.0,22.0,-791500.0,0.433,6.72
14069.0,54.0,-784238.0,0.417,5.99
14074.0,-349.0,-776514.0,0.55,5.99
14080.0,-108.0,-773207.0,0.458,5.99
14086.0,-66.0,-766633.0,0.35,5.99
14091.0,-311.0,-761473.0,0.467,6.23
14095.0,-242.0,-758430.0,0.458,6.48
14101.0,-204.0,-752194.0,0.483,6.23
14106.0,-263.0,-746676.0,0.5,5.99
14111.0,-70.0,-743461.0,0.542,6.72
14116.0,-192.0,-736387.0,0.508,5.99
14121.0,-383.0,-729079.0,0.517,6.48
14127.0,-16.0,-725476.0,0.475,5.99
14132.0,-302.0,-718064.0,0.517,6.72
14137.0,-391.0,-714461.0,0.525,6.48
14142.0,-343.0,-707490.0,0.5,5.99
14148.0,-411.0,-699790.0,0.5,5.99
14152.0,148.0,-696143.0,0.55,6.72
14157.0,-60.0,-689128.0,0.483,6.72
14163.0,-168.0,-681888.0,0.583,6.48
14169.0,-171.0,-678003.0,0.467,5.99
14174.0,-331.0,-670800.0,0.458,6.48
14179.0,-213.0,-664116.0,0.517,5.99
14184.0,-276.0,-661479.0,0.483,5.99
14189.0,-298.0,-655478.0,0.425,5.99
14195.0,-328.0,-650258.0,0.483,5.5
14199.0,-371.0,-647343.0,0.567,5.99
14204.0,-277.0,-642844.0,0.442,5.99
14211.0,-305.0,-637568.0,0.5,5.99
14216.0,-226.0,-635321.0,0.508,6.23
14221.0,-178.0,-630820.0,0.525,5.99
14226.0,-230.0,-626230.0,0.392,5.99
14231.0,-43.0,-624011.0,0.517,6.23
14236.0,107.0,-620002.0,0.5,6.23
14241.0,-33.0,-616096.0,0.408,6.23
14246.0,-46.0,-614083.0,0.492,6.23
14252.0,-276.0,-610864.0,0.517,6.23
14258.0,-200.0,-607924.0,0.45,6.23
14262.0,-257.0,-607085.0,0.583,5.99
14267.0,-117.0,-604842.0,0.525,6.23
14273.0,87.0,-603706.0,0.492,6.23
14278.0,-244.0,-603197.0,0.325,6.48
14283.0,-172.0,-602538.0,0.45,6.23
14288.0,-186.0,-601818.0,0.417,4.03
14294.0,-95.0,-601549.0,0.442,6.48
14299.0,-173.0,-600614.0,0.442,6.23
14304.0,85.0,-599342.0,0.467,6.23
14309.0,-372.0,-598681.0,0.408,6.96
14314.0,-230.0,-597352.0,0.467,5.99
14320.0,-362.0,-596092.0,0.358,5.99
14324.0,-107.0,-595275.0,0.492,6.23
14329.0,47.0,-594214.0,0.383,6.23
14334.0,68.0,-594212.0,0.392,6.23
14340.0,-301.0,-594305.0,0.467,6.96
14346.0,-389.0,-593691.0,0.408,6.96
14351.0,-438.0,-594257.0,0.283,5.99
14355.0,-307.0,-594596.0,0.35,6.96
14361.0,-173.0,-595150.0,0.342,6.48
14366.0,-312.0,-596374.0,0.4,6.72
14371.0,-37.0,-596507.0,0.392,6.23
14376.0,77.0,-598119.0,0.45,6.23
14382.0,-96.0,-598676.0,0.342,6.48
14386.0,-133.0,-599721.0,0.458,6.23
14392.0,65.0,-600513.0,0.5,6.48
14396.0,250.0,-601124.0,0.325,6.23
14402.0,-12.0,-601716.0,0.408,6.23
14408.0,-180.0,-602818.0,0.4,7.45
14412.0,-43.0,-603351.0,0.317,6.72
14417.0,25.0,-604508.0,0.333,6.23
14424.0,-297.0,-605794.0,0.467,6.23
14428.0,-60.0,-606551.0,0.375,6.23
14433.0,-210.0,-607626.0,0.375,6.96
14439.0,-92.0,-608992.0,0.408,6.23
14444.0,-385.0,-609497.0,0.375,5.99
14449.0,201.0,-610658.0,0.417,6.23
14454.0,47.0,-611760.0,0.417,6.72
14459.0,-126.0,-612273.0,0.458,6.23
14465.0,-308.0,-612768.0,0.325,6.23
14471.0,-264.0,-613254.0,0.408,6.23
14475.0,47.0,-613901.0,0.35,6.23
14480.0,-61.0,-613764.0,0.383,6.23
14486.0,-111.0,-613696.0,0.358,6.96
14490.0,52.0,-613951.0,0.425,6.48
14496.0,-120.0,-614485.0,0.342,6.96
14501.0,-268.0,-614643.0,0.333,6.96
14508.0,-310.0,-614715.0,0.208,8.43
14513.0,-189.0,-615206.0,0.4,6.23
14518.0,-583.0,-616348.0,0.35,6.72
14524.0,-249.0,-616590.0,0.325,6.72
14528.0,-322.0,-617487.0,0.292,6.72
14533.0,19.0,-618270.0,0.3,6.48
14539.0,-359.0,-618846.0,0.367,6.23
14543.0,-344.0,-619023.0,0.4,6.23
14550.0,30.0,-618899.0,0.3,6.23
14555.0,264.0,-618415.0,0.308,6.23
14560.0,55.0,-617574.0,0.3,6.23
14565.0,-109.0,-615923.0,0.258,6.23
14570.0,-37.0,-613181.0,0.308,6.48
14575.0,-214.0,-611478.0,0.142,6.72
14580.0,-458.0,-608179.0,0.167,6.72
14586.0,6.0,-603947.0,0.192,6.23
14590.0,-31.0,-601816.0,0.133,6.23
14597.0,-389.0,-597040.0,0.108,6.48
14602.0,-155.0,-593174.0,0.2,6.48
14608.0,-135.0,-589020.0,0.225,6.23
14613.0,-112.0,-587137.0,0.108,6.23
14618.0,370.0,-583245.0,0.1,7.45
14624.0,-368.0,-579279.0,0.15,6.23
14629.0,-470.0,-576201.0,0.108,6.48
14635.0,-415.0,-575086.0,0.108,6.48
14640.0,-265.0,-571670.0,0.1,6.48
14646.0,-19.0,-568934.0,0.125,6.72
14651.0,-228.0,-567591.0,0.083,6.48
14655.0,109.0,-565100.0,0.1,6.23
14661.0,-125.0,-563026.0,0.042,6.96
14665.0,-182.0,-561937.0,0.108,6.72
14671.0,-52.0,-560405.0,-0.05,6.48
14676.0,-298.0,-558685.0,-0.008,6.48
14682.0,-235.0,-557744.0,0.1,6.96
14687.0,-174.0,-556280.0,-0.033,6.48
14693.0,-264.0,-555460.0,0.058,6.23
14697.0,-481.0,-555245.0,-0.067,6.48
14702.0,-342.0,-555300.0,0.058,6.96
14708.0,-290.0,-554000.0,-0.033,6.48
14712.0,27.0,-554099.0,0.025,6.48
14718.0,-157.0,-553307.0,-0.017,6.23
14724.0,-221.0,-553319.0,0.025,6.48
14729.0,-14.0,-553278.0,0.042,6.48
14734.0,-45.0,-553100.0,-0.008,6.48
14739.0,-355.0,-552918.0,0.033,6.48
14744.0,18.0,-552955.0,0.092,6.96
14750.0,138.0,-552493.0,0.1,6.72
14755.0,-312.0,-552429.0,0.108,6.48
14761.0,-334.0,-551843.0,0.042,6.48
14766.0,-81.0,-551480.0,-0.008,6.23
14772.0,-155.0,-551626.0,0.042,6.23
14777.0,-675.0,-551462.0,0.158,6.96
14782.0,469.0,-551089.0,0.058,6.48
14787.0,428.0,-550738.0,-0.017,6.23
14793.0,164.0,-550642.0,0.075,6.23
14798.0,46.0,-550309.0,0.058,6.23
14802.0,307.0,-549722.0,0.0,6.48
14809.0,-119.0,-549292.0,0.067,6.23
14814.0,-523.0,-549267.0,-0.017,6.23
14819.0,-184.0,-549246.0,0.058,9.16
14824.0,152.0,-548704.0,0.05,6.96
14829.0,-442.0,-548607.0,0.075,6.72
14834.0,-275.0,-548382.0,0.033,6.72
14839.0,-15.0,-547810.0,0.0,6.48
14844.0,98.0,-547715.0,0.0,6.96
14850.0,-38.0,-547929.0,0.092,6.48
14856.0,-184.0,-547199.0,0.025,6.23
14861.0,82.0,-547140.0,0.025,6.96
14866.0,-59.0,-546683.0,0.05,6.96
14871.0,-331.0,-546645.0,0.125,6.72
14876.0,-279.0,-546324.0,0.042,6.23
14881.0,-214.0,-546007.0,0.067,6.48
14886.0,-92.0,-545795.0,0.025,6.72
14892.0,18.0,-545728.0,0.067,6.48
14897.0,59.0,-545349.0,-0.025,6.72
14903.0,-353.0,-545065.0,0.05,6.23
14908.0,-439.0,-545192.0,0.067,7.21
14912.0,40.0,-544475.0,-0.025,6.48
14918.0,-152.0,-544331.0,0.0,6.23
14923.0,-150.0,-544410.0,0.125,6.48
14928.0,-295.0,-544149.0,-0.017,6.72
14934.0,-143.0,-543905.0,0.108,6.48
14939.0,-289.0,-544212.0,0.042,6.72
14944.0,-302.0,-544125.0,0.108,6.48
14949.0,0.0,-543777.0,0.042,6.48
14954.0,213.0,-543776.0,0.025,6.48
14959.0,14.0,-543596.0,-0.033,6.48
14965.0,-224.0,-543642.0,0.042,6.48
14969.0,147.0,-543495.0,0.0,6.23
14974.0,-190.0,-543389.0,-0.033,6.23
14981.0,-272.0,-543491.0,0.033,6.48
14985.0,-109.0,-543336.0,0.017,6.23
14991.0,-32.0,-543608.0,0.0,6.96
14996.0,160.0,-543657.0,-0.017,6.48
15000.0,91.0,-543744.0,0.017,6.23
15006.0,-169.0,-543684.0,0.05,6.96
15011.0,-45.0,-543833.0,-0.042,6.48
15015.0,296.0,-544172.0,0.117,6.48
15022.0,-82.0,-544220.0,0.117,6.48
15027.0,26.0,-544043.0,0.133,6.96
15032.0,67.0,-544322.0,0.117,6.48
15037.0,213.0,-544602.0,0.033,6.48
15042.0,41.0,-544905.0,0.05,6.96
15047.0,-312.0,-544774.0,0.025,6.48
15052.0,-272.0,-545064.0,0.05,6.96
15057.0,156.0,-544941.0,-0.025,6.23
15063.0,39.0,-544848.0,0.083,6.23
15069.0,113.0,-544698.0,0.05,6.48
15074.0,-415.0,-545077.0,0.125,6.72
15078.0,-316.0,-544992.0,0.083,6.23
15084.0,-96.0,-545346.0,0.092,6.23
15089.0,-370.0,-545193.0,-0.008,6.72
15094.0,-509.0,-545360.0,0.158,6.96
15099.0,407.0,-545508.0,0.033,6.48
15105.0,-65.0,-545567.0,0.033,6.23
15110.0,-448.0,-545516.0,0.083,8.43
15115.0,68.0,-545784.0,0.175,6.23
15120.0,-328.0,-546457.0,0.025,6.48
15126.0,-423.0,-546041.0,0.067,6.48
15131.0,91.0,-545953.0,0.008,6.48
15136.0,-51.0,-546008.0,0.008,6.23
15141.0,-368.0,-546261.0,-0.017,6.72
15147.0,-266.0,-546637.0,-0.033,5.25
15152.0,24.0,-546890.0,0.192,6.23
15157.0,177.0,-547143.0,0.15,6.23
15163.0,-73.0,-547107.0,-0.05,6.23
15168.0,45.0,-547360.0,0.025,6.96
15172.0,196.0,-548015.0,0.058,6.48
15178.0,-360.0,-548397.0,0.1,6.23
15183.0,-354.0,-548614.0,0.067,6.72
15187.0,-109.0,-548909.0,0.05,6.23
15194.0,-167.0,-549533.0,0.008,6.48
15199.0,-391.0,-549994.0,0.083,6.23
15204.0,-214.0,-550655.0,0.158,6.48
15209.0,356.0,-550885.0,0.067,5.99
15214.0,154.0,-551058.0,0.067,6.72
15219.0,109.0,-551411.0,0.117,6.23
15225.0,-173.0,-551201.0,0.058,6.23
15230.0,-77.0,-550894.0,0.0,6.48
15236.0,-350.0,-551240.0,0.158,6.23
15241.0,12.0,-550702.0,0.067,6.23
15246.0,406.0,-550987.0,0.1,6.72
15251.0,37.0,-550996.0,0.05,6.48
15256.0,-243.0,-550874.0,0.008,6.96
15261.0,-259.0,-550755.0,-0.017,6.48
15266.0,86.0,-551020.0,0.075,6.23
15272.0,-4.0,-551190.0,0.175,6.48
15278.0,-346.0,-550949.0,0.042,6.72
15282.0,91.0,-550698.0,0.017,6.23
15288.0,-149.0,-550556.0,-0.075,6.96
15293.0,-133.0,-550499.0,-0.042,6.48
15298.0,-224.0,-550544.0,-0.042,6.48
15303.0,-82.0,-550650.0,0.017,6.96
15308.0,-258.0,-550399.0,0.05,6.23
15313.0,-81.0,-550250.0,0.067,6.48
15319.0,-151.0,-550032.0,0.125,6.48
15324.0,111.0,-550291.0,0.083,6.96
15329.0,132.0,-549456.0,0.017,6.48
15335.0,44.0,-549260.0,-0.033,6.48
15340.0,156.0,-549333.0,-0.033,6.48
15344.0,59.0,-549570.0,0.033,6.23
15349.0,69.0,-549283.0,0.083,6.23
15354.0,-126.0,-549334.0,-0.025,6.96
15360.0,-279.0,-549194.0,0.067,6.72
15365.0,-597.0,-549385.0,0.017,6.72
15370.0,-12.0,-549278.0,0.158,6.48
15375.0,-52.0,-549495.0,0.117,6.48
15380.0,-244.0,-549164.0,0.033,7.45
15385.0,-485.0,-549240.0,0.075,6.23
15390.0,-145.0,-549091.0,0.025,6.48
15395.0,63.0,-549190.0,0.075,6.48
15400.0,-284.0,-548910.0,-0.092,6.23
15406.0,-302.0,-548719.0,0.092,6.48
15412.0,52.0,-548422.0,0.067,6.23
15417.0,219.0,-548660.0,0.033,6.48
15422.0,-369.0,-548599.0,0.125,6.23
15427.0,-137.0,-548174.0,-0.075,6.23
15432.0,-10.0,-548280.0,0.042,6.23
15437.0,-6.0,-548119.0,0.008,6.48
15442.0,-313.0,-548092.0,0.025,6.96
15447.0,-490.0,-547877.0,0.017,6.96
15452.0,-210.0,-548014.0,0.008,6.23
15457.0,-371.0,-547864.0,0.117,6.72
15462.0,43.0,-547969.0,-0.033,6.48
15468.0,323.0,-547718.0,0.025,6.23
15473.0,10.0,-547254.0,0.017,6.48
15478.0,-320.0,-547499.0,-0.033,6.48
15483.0,204.0,-547180.0,0.033,6.48
15489.0,371.0,-547430.0,0.083,6.96
15494.0,-77.0,-547083.0,0.067,6.48
15499.0,-46.0,-547352.0,-0.05,6.72
15503.0,-83.0,-547271.0,-0.05,6.23
15508.0,-217.0,-547364.0,0.058,6.48
15513.0,-218.0,-547328.0,-0.025,6.23
15518.0,120.0,-547419.0,0.117,6.48
15524.0,18.0,-547090.0,0.1,6.48
15529.0,-141.0,-547002.0,0.075,6.23
15535.0,-183.0,-546867.0,0.042,6.48
15539.0,-162.0,-546726.0,-0.008,6.96
15544.0,7.0,-546577.0,0.075,6.96
15549.0,187.0,-546350.0,0.083,6.48
15554.0,-90.0,-546508.0,-0.008,6.23
15559.0,6.0,-546541.0,0.025,6.48
15564.0,-341.0,-545900.0,0.067,6.48
15568.0,-342.0,-545893.0,-0.075,6.48
15574.0,-264.0,-545898.0,-0.025,6.48
15579.0,-123.0,-545336.0,0.05,6.23
15585.0,-181.0,-545437.0,-0.092,6.72
15590.0,51.0,-545394.0,0.008,6.23
15595.0,240.0,-544806.0,0.042,6.48
15600.0,-140.0,-544759.0,0.083,6.23
15604.0,-173.0,-544404.0,0.025,6.23
15609.0,-438.0,-544481.0,0.075,6.48
15614.0,154.0,-544070.0,0.017,6.48
15620.0,-41.0,-544524.0,0.058,6.72
15625.0,-115.0,-544447.0,0.008,6.23
15630.0,-59.0,-544594.0,0.05,6.48
15635.0,60.0,-544522.0,-0.05,6.23
15641.0,-190.0,-544343.0,-0.008,6.23
15645.0,-313.0,-543834.0,0.108,6.48
15650.0,6.0,-543591.0,0.092,6.48
15655.0,-300.0,-543534.0,0.0,6.72
15661.0,-309.0,-543772.0,0.05,6.23
15666.0,-111.0,-543821.0,-0.133,6.23
15671.0,259.0,-543598.0,0.167,6.48
15676.0,154.0,-543564.0,0.025,6.48
15681.0,-286.0,-543453.0,-0.083,6.96
15686.0,-90.0,-543112.0,0.058,6.96
15691.0,375.0,-543689.0,-0.008,6.48
15696.0,47.0,-543418.0,0.058,6.96
15702.0,-38.0,-543380.0,-0.133,6.72
15707.0,-301.0,-543209.0,-0.083,6.23
15712.0,-153.0,-542950.0,0.008,6.23
15717.0,-42.0,-543294.0,0.142,6.96
15722.0,154.0,-543125.0,0.042,6.23
15728.0,154.0,-543065.0,-0.067,7.21
15733.0,351.0,-542715.0,-0.008,6.96
15738.0,-189.0,-542822.0,0.058,6.48
15744.0,-217.0,-542621.0,0.083,6.48
15749.0,-118.0,-542423.0,0.158,6.48
15754.0,-37.0,-542222.0,0.067,6.96
15759.0,-404.0,-541986.0,0.058,6.72
15763.0,103.0,-541781.0,0.108,6.72
15768.0,-397.0,-541608.0,0.075,6.48
15773.0,-86.0,-541470.0,-0.017,6.96
15778.0,-437.0,-541373.0,0.025,6.72
15784.0,-69.0,-541027.0,-0.017,6.48
15790.0,-154.0,-540993.0,0.058,6.48
15794.0,-273.0,-540910.0,0.058,6.48
15800.0,149.0,-540544.0,0.042,6.23
15805.0,182.0,-540556.0,0.042,6.23
15810.0,23.0,-540413.0,-0.017,6.23
15815.0,-360.0,-540673.0,0.125,6.23
15819.0,-233.0,-540650.0,0.017,6.48
15824.0,-243.0,-540441.0,-0.042,6.72
15830.0,-180.0,-540247.0,0.05,6.23
15835.0,85.0,-540142.0,-0.008,6.48
15841.0,-115.0,-540202.0,0.05,6.23
15846.0,-364.0,-540036.0,0.117,6.96
15850.0,235.0,-539741.0,0.05,6.48
15856.0,135.0,-539729.0,0.025,6.23
15861.0,-116.0,-539601.0,0.017,6.72
15866.0,-297.0,-539574.0,0.042,6.48
15872.0,-69.0,-539418.0,0.05,7.21
15877.0,-222.0,-539204.0,-0.025,6.23
15882.0,7.0,-539113.0,0.092,6.23
15887.0,-260.0,-539343.0,-0.008,6.96
15892.0,205.0,-539474.0,0.05,6.48
15897.0,-55.0,-538747.0,0.058,6.48
15902.0,60.0,-538971.0,0.058,6.48
15906.0,143.0,-539232.0,0.042,6.96
15912.0,-189.0,-538826.0,0.025,6.96
15918.0,-218.0,-538594.0,0.05,6.23
15923.0,-7.0,-538423.0,0.058,6.23
15928.0,-276.0,-538243.0,-0.075,6.72
15932.0,97.0,-538090.0,0.017,6.48
15937.0,247.0,-538081.0,-0.058,6.96
15942.0,-58.0,-538515.0,-0.083,6.96
15947.0,160.0,-538606.0,0.175,6.48
15953.0,-66.0,-538092.0,0.025,6.48
15959.0,-187.0,-537928.0,0.108,6.96
15964.0,-338.0,-537659.0,-0.008,6.72
15969.0,-68.0,-537759.0,0.017,6.96
15974.0,-157.0,-537685.0,0.033,6.23
15979.0,266.0,-537610.0,0.0,6.48
15984.0,60.0,-537436.0,0.033,6.72
15989.0,1.0,-537098.0,0.058,6.72
15994.0,-166.0,-537367.0,0.075,6.23
16001.0,-62.0,-537339.0,0.092,6.96
16006.0,235.0,-536939.0,0.042,6.48
16010.0,-86.0,-537020.0,0.025,6.48
16016.0,-106.0,-536730.0,0.025,6.48
16021.0,-69.0,-536466.0,0.125,6.96
16025.0,116.0,-536477.0,0.125,6.23
16031.0,134.0,-536873.0,0.025,6.96
16036.0,119.0,-536704.0,0.067,6.48
16041.0,13.0,-536575.0,0.058,6.23
16047.0,-223.0,-536331.0,0.033,6.48
16052.0,-178.0,-536378.0,0.075,6.96
16057.0,-560.0,-536417.0,0.1,6.72
16063.0,-358.0,-536205.0,0.125,6.23
16067.0,-287.0,-536156.0,0.067,6.72
16072.0,-107.0,-535927.0,-0.008,6.72
16078.0,-155.0,-536093.0,0.042,6.96
16082.0,-70.0,-536226.0,0.025,6.48
16089.0,-380.0,-536055.0,0.025,6.48
16094.0,-200.0,-536053.0,0.008,6.48
16099.0,-25.0,-535978.0,0.067,6.72
16104.0,-511.0,-535885.0,0.033,6.23
16109.0,-276.0,-535825.0,0.033,6.23
16114.0,-225.0,-535754.0,-0.042,6.96
16119.0,-13.0,-535632.0,0.008,6.23
16124.0,-8.0,-535336.0,0.008,6.23
16130.0,-13.0,-535313.0,0.108,6.48
16135.0,227.0,-535447.0,0.05,6.72
16140.0,-92.0,-535451.0,-0.058,6.48
16145.0,-271.0,-535166.0,-0.017,6.23
16150.0,-133.0,-535512.0,-0.008,6.23
16155.0,64.0,-534864.0,0.0,6.23
16160.0,-345.0,-535105.0,0.1,6.96
16166.0,-163.0,-534441.0,-0.008,6.48
16171.0,58.0,-534788.0,-0.017,6.96
16176.0,-100.0,-534649.0,0.083,6.96
16182.0,-252.0,-534165.0,-0.017,6.48
16186.0,-207.0,-534106.0,0.083,6.96
16192.0,-265.0,-534161.0,-0.017,6.23
16197.0,-421.0,-534023.0,0.058,6.23
16202.0,-174.0,-534062.0,-0.008,6.48
16207.0,50.0,-534127.0,-0.083,6.72
16212.0,-220.0,-533945.0,-0.033,6.48
16218.0,-15.0,-534114.0,0.033,6.96
16223.0,-141.0,-534081.0,0.017,6.48
16229.0,127.0,-534245.0,0.025,6.48
16233.0,-102.0,-534338.0,0.092,6.48
16238.0,-556.0,-534261.0,0.017,6.48
16244.0,-68.0,-533933.0,-0.042,6.48
16248.0,29.0,-533750.0,0.075,6.23
16254.0,-7.0,-533831.0,0.042,6.48
16260.0,-30.0,-533313.0,0.0,7.21
16264.0,-45.0,-533502.0,0.167,6.48
16270.0,-177.0,-534012.0,0.0,6.96
16274.0,-136.0,-533853.0,0.017,4.77
16279.0,52.0,-533210.0,-0.017,6.72
16285.0,-10.0,-533198.0,0.067,6.72
16289.0,-185.0,-533127.0,-0.025,6.72
16295.0,-83.0,-532976.0,0.008,6.72
16301.0,77.0,-533086.0,0.05,6.96
16306.0,-86.0,-532755.0,0.0,6.48
16311.0,-240.0,-532754.0,0.1,6.96
16316.0,124.0,-532864.0,0.042,6.48
16321.0,119.0,-532869.0,0.05,6.48
16326.0,-181.0,-532580.0,-0.008,6.23
16331.0,231.0,-533174.0,0.092,6.48
16336.0,224.0,-532797.0,0.033,6.48
16342.0,-76.0,-532952.0,0.067,6.48
16348.0,-486.0,-532688.0,0.075,6.23
16352.0,-615.0,-532639.0,0.0,6.48
16358.0,-19.0,-532443.0,-0.033,6.23
16363.0,-161.0,-531935.0,0.117,6.23
16368.0,-148.0,-531888.0,-0.042,5.25
16373.0,-296.0,-532293.0,0.083,6.48
16379.0,-522.0,-532091.0,0.017,5.99
16384.0,-311.0,-531778.0,-0.083,6.96
16389.0,-365.0,-532109.0,-0.042,6.48
16395.0,-91.0,-531685.0,0.008,6.23
16399.0,-164.0,-531426.0,-0.017,6.23
16405.0,-150.0,-531577.0,0.108,6.48
16410.0,-122.0,-531633.0,0.0,6.48
16415.0,45.0,-531582.0,0.058,6.96
16420.0,-113.0,-532041.0,-0.017,6.72
16425.0,-213.0,-531843.0,-0.025,6.48
16431.0,106.0,-532046.0,0.067,6.23
16436.0,-214.0,-531993.0,0.017,6.96
16442.0,-112.0,-531555.0,-0.075,6.48
16446.0,39.0,-531406.0,-0.025,6.96
16451.0,-315.0,-531535.0,0.083,6.48
16457.0,-173.0,-531657.0,0.125,6.48
16461.0,-12.0,-531330.0,0.108,6.48
16467.0,-104.0,-531321.0,0.058,6.23
16473.0,-418.0,-531295.0,-0.042,6.72
16478.0,-129.0,-531396.0,0.058,6.96
16483.0,293.0,-531123.0,0.008,6.96
16488.0,-191.0,-530929.0,0.025,6.23
16493.0,-236.0,-531026.0,0.158,6.96
16499.0,-90.0,-531002.0,0.008,6.48
16504.0,-266.0,-530802.0,-0.05,6.96
16510.0,-362.0,-530564.0,0.008,6.48
16515.0,-99.0,-530659.0,0.017,6.48
16521.0,-235.0,-530465.0,-0.033,6.48
16526.0,-281.0,-530489.0,-0.092,6.96
16531.0,-148.0,-530608.0,0.025,6.48
16536.0,-279.0,-530667.0,0.0,6.48
16541.0,-69.0,-530357.0,0.017,6.72
16546.0,-20.0,-530634.0,0.017,6.48
16551.0,-358.0,-530292.0,-0.017,6.48
16558.0,-66.0,-530154.0,0.092,6.48
16562.0,-185.0,-529949.0,0.05,6.48
16568.0,-303.0,-530209.0,0.05,6.48
16573.0,29.0,-530033.0,-0.008,6.23
16579.0,-179.0,-529507.0,0.042,7.7
16583.0,-124.0,-529342.0,0.05,6.48
16589.0,54.0,-529182.0,0.067,6.23
16594.0,46.0,-528820.0,0.05,6.48
16600.0,7.0,-528703.0,0.058,6.48
16605.0,-77.0,-528389.0,0.05,6.48
16611.0,-183.0,-528417.0,-0.025,6.23
16617.0,-403.0,-527937.0,0.05,6.48
16621.0,-140.0,-527948.0,0.017,6.96
16627.0,-518.0,-527858.0,0.042,6.23
16632.0,6.0,-527708.0,0.042,6.23
16637.0,-107.0,-527789.0,0.075,6.23
16642.0,-418.0,-527664.0,0.0,6.72
16648.0,-260.0,-527889.0,0.067,6.48
16652.0,-135.0,-527404.0,0.083,6.48
16658.0,-85.0,-527664.0,0.042,7.21
16663.0,-227.0,-527665.0,0.05,6.48
16667.0,-90.0,-527518.0,0.083,6.48
16673.0,-180.0,-528034.0,0.05,6.48
16678.0,-240.0,-527677.0,-0.008,6.23
16684.0,-157.0,-527696.0,0.017,6.48
16689.0,-281.0,-527542.0,0.025,6.48
16694.0,-599.0,-527551.0,0.05,6.23
16699.0,-672.0,-527742.0,-0.125,6.48
16705.0,-46.0,-527770.0,-0.008,6.23
16710.0,-288.0,-527507.0,0.017,6.48
16714.0,-449.0,-527522.0,-0.008,6.48
16720.0,-249.0,-528024.0,0.05,6.72
16726.0,91.0,-527757.0,0.017,6.48
16730.0,-96.0,-527676.0,0.025,6.48
16736.0,36.0,-527522.0,0.058,6.23
16741.0,-231.0,-527857.0,0.025,6.96
16746.0,-394.0,-527823.0,-0.025,7.21
16751.0,-156.0,-527877.0,0.075,6.48
16756.0,-485.0,-527904.0,0.067,6.23
16761.0,200.0,-527152.0,0.108,6.48
16768.0,-144.0,-527402.0,0.008,6.23
16772.0,-155.0,-527405.0,0.083,6.23
16777.0,-48.0,-526931.0,-0.033,6.72
16783.0,-118.0,-526551.0,0.075,6.48
16787.0,-195.0,-526482.0,0.017,6.48
16792.0,-306.0,-526340.0,0.025,6.96
16798.0,-178.0,-526164.0,0.008,6.48
16803.0,-47.0,-526069.0,0.017,6.23
16808.0,-177.0,-526227.0,0.05,6.48
16815.0,-79.0,-525989.0,0.067,6.23
16820.0,-323.0,-526162.0,0.058,6.48
16824.0,-302.0,-526109.0,0.133,6.48
16830.0,-46.0,-526323.0,-0.075,6.48
16835.0,-134.0,-526396.0,0.008,6.48
16840.0,115.0,-526377.0,0.067,6.96
16845.0,-223.0,-526273.0,-0.05,6.48
16850.0,337.0,-526236.0,0.017,6.48
16856.0,-104.0,-526109.0,0.125,6.48
16861.0,-690.0,-526471.0,-0.008,6.48
16867.0,-16.0,-526234.0,0.025,6.48
16871.0,-13.0,-526389.0,0.117,6.48
16877.0,-391.0,-526049.0,-0.008,6.23
16882.0,-143.0,-525976.0,0.058,6.23
16886.0,-210.0,-525687.0,-0.025,6.48
16892.0,-34.0,-525033.0,-0.017,6.48
16898.0,-152.0,-525114.0,-0.008,6.23
16903.0,-609.0,-525483.0,0.067,6.23
16908.0,73.0,-525075.0,0.042,6.48
16913.0,-99.0,-524804.0,0.033,6.48
16918.0,-334.0,-524565.0,0.058,6.23
16923.0,-240.0,-524613.0,0.033,6.72
16928.0,-316.0,-524712.0,0.05,6.48
16933.0,-287.0,-524647.0,0.1,6.48
16940.0,41.0,-524781.0,0.008,6.72
16944.0,-70.0,-524846.0,0.025,6.96
16949.0,-533.0,-525152.0,0.008,6.48
16954.0,-267.0,-524953.0,0.1,6.72
16959.0,-258.0,-525114.0,-0.025,6.23
16965.0,76.0,-524890.0,0.033,6.48
16970.0,-410.0,-525055.0,0.008,6.48
16974.0,-391.0,-525814.0,-0.017,6.23
16980.0,3.0,-525056.0,0.05,6.72
16986.0,-389.0,-524983.0,0.058,6.23
16990.0,-408.0,-524812.0,0.067,6.72
16996.0,-340.0,-524246.0,0.05,6.72
17001.0,-232.0,-524025.0,0.0,6.48
17006.0,-287.0,-524024.0,-0.058,6.96
17011.0,-395.0,-523650.0,0.042,6.72
17016.0,-461.0,-523827.0,0.133,6.23
17021.0,-214.0,-523854.0,-0.092,6.23
17028.0,-306.0,-523410.0,-0.033,6.48
17033.0,-70.0,-523095.0,0.117,6.48
17037.0,-25.0,-523194.0,0.042,6.23
17043.0,-423.0,-523386.0,0.083,6.23
17048.0,-507.0,-523547.0,0.025,6.23
17053.0,-370.0,-523540.0,-0.008,6.48
17058.0,-158.0,-523546.0,0.008,8.68
17063.0,-604.0,-523545.0,0.033,6.48
17069.0,-249.0,-523852.0,-0.025,6.48
17074.0,-355.0,-523972.0,0.075,6.96
17079.0,-231.0,-523875.0,0.05,6.23
17084.0,-170.0,-523778.0,-0.042,6.48
17090.0,-10.0,-523212.0,0.033,6.96
17095.0,-378.0,-523377.0,0.067,6.23
17099.0,-265.0,-523506.0,-0.058,6.23
17105.0,15.0,-523176.0,-0.008,6.48
17111.0,-19.0,-523023.0,0.05,6.48
17116.0,92.0,-523016.0,-0.033,6.96
17121.0,260.0,-522883.0,0.017,6.23
17125.0,179.0,-522524.0,-0.067,6.23
17131.0,-25.0,-522126.0,-0.05,6.48
17136.0,-103.0,-522281.0,0.008,6.48
17141.0,-332.0,-522434.0,0.075,6.96
17146.0,-74.0,-522230.0,0.067,6.72
17152.0,-332.0,-522117.0,0.025,6.48
17157.0,-241.0,-522442.0,-0.025,6.72
17162.0,-95.0,-522446.0,-0.008,6.48
17167.0,-191.0,-522047.0,0.058,6.23
17172.0,-530.0,-522468.0,0.017,6.96
17178.0,72.0,-522522.0,0.083,6.48
17183.0,-280.0,-522853.0,-0.025,7.21
17187.0,-323.0,-522496.0,-0.025,6.96
17193.0,-419.0,-522460.0,0.017,6.48
17199.0,-353.0,-522453.0,0.0,7.21
17204.0,-284.0,-522056.0,0.075,6.48
17209.0,-360.0,-521876.0,0.133,6.72
17214.0,-100.0,-521973.0,-0.017,7.21
17219.0,-11.0,-521842.0,0.042,6.72
17224.0,-3.0,-521620.0,0.1,7.21
17229.0,-103.0,-521393.0,0.008,6.72
17234.0,-34.0,-521284.0,-0.008,6.72
17241.0,174.0,-521224.0,0.025,6.48
17246.0,-352.0,-521525.0,-0.017,6.48
17250.0,-129.0,-520836.0,0.067,6.23
17256.0,11.0,-521088.0,0.05,6.72
17261.0,-439.0,-520909.0,0.083,5.74
17266.0,-90.0,-521092.0,-0.017,6.96
17271.0,-140.0,-521150.0,0.075,6.72
17276.0,-452.0,-521287.0,0.017,6.48
17282.0,-85.0,-521282.0,-0.05,6.72
17287.0,-41.0,-521111.0,0.0,6.72
17291.0,30.0,-521564.0,0.025,6.72
17296.0,119.0,-521193.0,0.05,6.23
17301.0,-89.0,-521092.0,-0.017,6.23
17306.0,84.0,-521486.0,0.067,6.48
17311.0,-78.0,-521335.0,0.058,6.23
17316.0,-423.0,-520892.0,0.017,6.48
17320.0,-168.0,-520715.0,-0.067,6.72
17327.0,-140.0,-520814.0,0.008,6.48
17332.0,-65.0,-520430.0,0.083,6.48
17337.0,-195.0,-520303.0,0.1,6.72
17341.0,-218.0,-520336.0,0.017,6.48
17346.0,-339.0,-520153.0,-0.025,6.96
17351.0,-289.0,-519914.0,0.008,6.48
17356.0,-118.0,-520078.0,0.108,6.23
17361.0,-444.0,-520029.0,0.008,6.96
17367.0,-92.0,-519832.0,0.042,6.72
17372.0,297.0,-519808.0,0.025,6.72
17377.0,199.0,-519837.0,0.0,7.21
17382.0,-7.0,-519784.0,0.067,7.21
17387.0,22.0,-520004.0,-0.025,6.48
17393.0,-570.0,-520235.0,0.075,6.48
17397.0,-299.0,-520022.0,0.075,6.48
17402.0,304.0,-519789.0,0.008,6.23
17408.0,-296.0,-520136.0,0.108,6.23
17413.0,-303.0,-519870.0,-0.008,6.96
17418.0,-441.0,-519853.0,0.092,6.48
17423.0,-187.0,-520122.0,0.033,6.48
17428.0,-286.0,-519826.0,0.042,6.23
17433.0,-264.0,-520035.0,0.083,6.96
17439.0,66.0,-519626.0,0.067,6.72
17444.0,-89.0,-519476.0,0.033,6.23
17449.0,-151.0,-519205.0,-0.008,6.48
17455.0,-85.0,-519054.0,0.033,6.72
17460.0,-162.0,-518588.0,0.042,6.48
17465.0,-340.0,-518675.0,-0.025,6.48
17470.0,-364.0,-518518.0,0.108,6.96
17475.0,-171.0,-518556.0,0.075,6.48
17480.0,-209.0,-518593.0,0.033,6.48
17485.0,-233.0,-518674.0,-0.083,7.21
17490.0,-106.0,-518790.0,0.025,6.23
17496.0,-4.0,-518685.0,0.042,6.96
17501.0,99.0,-518890.0,-0.017,6.23
17506.0,-202.0,-518777.0,0.008,6.48
17511.0,-350.0,-518938.0,0.008,6.23
17516.0,79.0,-518578.0,-0.1,6.96
17521.0,-375.0,-518831.0,0.033,6.96
17526.0,-204.0,-518888.0,0.033,6.48
17530.0,-279.0,-518651.0,0.05,7.21
17536.0,-233.0,-518310.0,-0.042,6.48
17541.0,-514.0,-518122.0,0.025,6.48
17546.0,52.0,-518263.0,0.0,6.23
17551.0,-114.0,-518266.0,0.083,6.48
17557.0,-155.0,-517962.0,0.017,6.23
17562.0,-265.0,-518039.0,0.025,6.23
17567.0,-121.0,-517496.0,0.008,6.23
17572.0,-342.0,-517784.0,-0.017,6.72
17577.0,-214.0,-517679.0,0.025,6.48
17583.0,132.0,-517844.0,0.042,6.48
17588.0,17.0,-517428.0,0.05,7.21
17593.0,-485.0,-517379.0,0.075,7.21
17598.0,285.0,-517260.0,0.1,6.96
17603.0,24.0,-517662.0,0.092,6.48
17608.0,-394.0,-517547.0,0.05,6.72
17614.0,-330.0,-517504.0,0.083,6.96
17619.0,-247.0,-517906.0,0.017,6.48
17625.0,-41.0,-517811.0,0.025,6.96
17630.0,-211.0,-517671.0,0.042,6.48
17635.0,-76.0,-517583.0,0.058,6.96
17640.0,126.0,-517310.0,0.1,6.23
17645.0,-578.0,-517229.0,0.05,6.96
17651.0,-577.0,-517413.0,0.042,6.48
17656.0,-251.0,-517164.0,-0.05,6.23
17661.0,-3.0,-517125.0,-0.05,6.72
17667.0,-258.0,-516791.0,0.033,6.23
17672.0,-246.0,-516890.0,0.075,6.23
17677.0,222.0,-516533.0,0.017,6.48
17682.0,75.0,-516107.0,0.017,6.72
17687.0,-441.0,-516262.0,0.183,6.48
17692.0,-137.0,-516417.0,-0.008,6.48
17697.0,-174.0,-516025.0,-0.067,6.72
17702.0,100.0,-516180.0,0.058,6.96
17708.0,-70.0,-516683.0,-0.008,7.45
17714.0,-177.0,-516305.0,0.033,6.48
17719.0,45.0,-516270.0,0.05,6.48
17724.0,-213.0,-516287.0,0.017,6.72
17729.0,-334.0,-516223.0,-0.033,6.72
17734.0,-92.0,-516430.0,0.0,6.48
17739.0,98.0,-516284.0,0.042,6.23
17744.0,-119.0,-516762.0,0.017,6.96
17750.0,44.0,-516351.0,0.008,6.48
17756.0,-240.0,-516119.0,0.058,6.48
17761.0,-505.0,-516131.0,0.067,6.48
17765.0,-370.0,-516196.0,0.092,6.48
17771.0,-146.0,-516062.0,0.033,6.23
17776.0,-213.0,-515700.0,0.033,6.23
17781.0,-20.0,-515561.0,0.125,6.48
17786.0,-90.0,-515671.0,0.075,6.48
17792.0,-187.0,-515227.0,-0.075,6.96
17797.0,-86.0,-515274.0,-0.058,6.48
17802.0,-407.0,-515602.0,-0.033,6.48
17806.0,172.0,-515409.0,0.008,6.48
17812.0,-182.0,-515048.0,-0.092,6.23
17817.0,-359.0,-515146.0,-0.075,6.96
17821.0,-270.0,-515243.0,0.042,6.96
17827.0,-302.0,-515195.0,-0.05,6.23
17832.0,-255.0,-515491.0,0.075,6.48
17838.0,-464.0,-515622.0,-0.025,6.48
17843.0,22.0,-515368.0,-0.008,6.23
17848.0,81.0,-515220.0,-0.042,6.23
17853.0,-412.0,-515231.0,0.008,6.48
17858.0,-270.0,-515287.0,0.058,6.23
17863.0,-257.0,-515351.0,0.067,6.96
17868.0,-394.0,-515076.0,0.1,6.72
17874.0,-346.0,-514912.0,-0.025,6.23
17880.0,-171.0,-515020.0,0.075,6.23
17884.0,-654.0,-515055.0,-0.05,6.96
17890.0,-188.0,-514575.0,0.042,6.48
17895.0,-123.0,-514647.0,0.008,6.23
17900.0,164.0,-514478.0,0.008,6.23
17905.0,-270.0,-514338.0,-0.008,6.72
17910.0,-385.0,-514494.0,-0.058,6.72
17915.0,18.0,-514165.0,0.033,6.48
17922.0,-172.0,-514079.0,0.05,6.48
17927.0,-385.0,-514035.0,0.05,7.21
17931.0,-250.0,-513964.0,-0.033,6.48
17937.0,20.0,-514388.0,0.075,6.23
17941.0,-265.0,-514531.0,0.167,6.23
17946.0,-487.0,-514070.0,0.025,6.48
17952.0,47.0,-513946.0,0.008,6.48
17957.0,-134.0,-513923.0,0.008,6.23
17963.0,-192.0,-513630.0,0.033,6.23
17968.0,-37.0,-513898.0,0.0,6.48
17972.0,248.0,-513923.0,0.058,6.48
17978.0,-82.0,-513899.0,0.025,6.48
17983.0,-277.0,-513919.0,0.083,6.72
17988.0,86.0,-513868.0,0.083,6.48
17993.0,-162.0,-513820.0,0.008,6.72
17998.0,-399.0,-513240.0,0.058,6.48
18003.0,-56.0,-513071.0,-0.008,6.48
18009.0,-108.0,-513077.0,0.025,6.48
18014.0,-97.0,-513579.0,0.017,6.23
18019.0,-118.0,-513404.0,0.075,6.96
18025.0,-52.0,-513386.0,-0.025,6.23
18030.0,59.0,-512786.0,0.008,6.48
18034.0,110.0,-512801.0,-0.017,6.48
18040.0,-314.0,-512567.0,-0.075,6.48
18044.0,-257.0,-512842.0,0.1,6.72
18050.0,-67.0,-513109.0,0.008,6.48
18056.0,-503.0,-512585.0,0.067,6.48
18061.0,-492.0,-512800.0,-0.058,6.48
18066.0,-204.0,-512759.0,0.05,6.48
18071.0,-162.0,-512767.0,0.092,6.72
18076.0,-243.0,-513008.0,-0.125,6.48
18081.0,33.0,-513055.0,0.017,7.21
18086.0,107.0,-512751.0,-0.042,6.23
18092.0,-122.0,-512612.0,0.0,6.23
18097.0,-154.0,-512581.0,0.017,6.48
18103.0,40.0,-512367.0,0.05,6.48
18107.0,-293.0,-512214.0,-0.017,6.48
18112.0,-117.0,-512369.0,0.017,6.96
18118.0,-21.0,-512189.0,0.0,6.23
18122.0,0.0,-512078.0,-0.067,6.23
18128.0,134.0,-512026.0,0.008,6.48
18134.0,60.0,-511982.0,0.0,6.96
18139.0,247.0,-511755.0,0.083,6.23
18144.0,-319.0,-511982.0,0.058,6.23
18150.0,-609.0,-512112.0,0.008,6.23
18154.0,-176.0,-512099.0,-0.083,6.23
18159.0,-134.0,-511576.0,0.042,7.21
18165.0,-388.0,-511762.0,0.075,6.72
18170.0,-511.0,-511917.0,0.067,6.72
18176.0,-47.0,-511896.0,0.042,6.48
18181.0,-275.0,-511884.0,0.075,6.72
18186.0,-294.0,-511935.0,0.025,6.48
18191.0,-308.0,-511594.0,0.025,6.48
18196.0,-140.0,-511596.0,0.017,6.96
18201.0,-91.0,-511591.0,0.1,6.96
18206.0,-103.0,-511600.0,0.017,6.23
18212.0,275.0,-511648.0,0.0,6.72
18216.0,204.0,-511605.0,0.033,6.23
18222.0,-406.0,-511418.0,0.092,6.23
18228.0,-32.0,-511094.0,0.033,6.48
18233.0,-59.0,-511205.0,0.1,6.96
18238.0,111.0,-510890.0,0.1,6.96
18243.0,-253.0,-510916.0,0.067,6.72
18248.0,-180.0,-510923.0,0.083,6.72
18253.0,78.0,-510604.0,0.008,6.48
18258.0,-394.0,-510864.0,0.042,6.23
18264.0,-223.0,-510713.0,-0.058,6.23
18269.0,47.0,-510986.0,0.067,6.48
18275.0,49.0,-510708.0,0.033,6.48
18279.0,-530.0,-510471.0,0.092,6.48
18284.0,402.0,-510690.0,-0.083,6.48
18290.0,-378.0,-510658.0,0.075,6.23
18295.0,-441.0,-510541.0,0.1,6.48
18300.0,-253.0,-510440.0,-0.042,6.23
18306.0,-121.0,-510812.0,0.0,6.48
18311.0,-356.0,-510547.0,0.017,6.23
18316.0,-302.0,-510531.0,0.067,6.48
18322.0,62.0,-510395.0,-0.05,6.48
18327.0,-105.0,-510142.0,-0.008,6.72
18331.0,-570.0,-510181.0,0.025,6.72
18337.0,-104.0,-510371.0,0.075,6.72
18341.0,101.0,-510276.0,0.05,6.23
18348.0,-169.0,-510334.0,-0.008,6.23
18354.0,-175.0,-510152.0,0.0,6.48
18358.0,-306.0,-509837.0,0.067,6.48
18363.0,-13.0,-509842.0,0.175,6.23
18368.0,-257.0,-509410.0,-0.042,6.48
18373.0,-142.0,-509525.0,0.0,6.48
18378.0,-290.0,-509605.0,0.033,6.72
18384.0,-92.0,-509529.0,0.075,6.48
18390.0,1.0,-509500.0,0.042,6.48
18395.0,21.0,-509739.0,0.025,6.48
18400.0,-61.0,-509433.0,0.05,6.48
18405.0,-34.0,-509350.0,0.008,6.23
18410.0,144.0,-509428.0,0.017,6.48
18416.0,74.0,-509700.0,0.0,7.21
18421.0,-438.0,-509292.0,0.033,6.72
18426.0,-239.0,-509591.0,0.117,6.23
18432.0,-111.0,-509155.0,0.15,6.72
18438.0,-233.0,-509155.0,-0.075,6.23
18443.0,-138.0,-509150.0,-0.1,6.23
18447.0,113.0,-509043.0,0.017,6.72
18453.0,-3.0,-508905.0,-0.033,6.23
18457.0,-534.0,-508698.0,0.117,6.96
18463.0,-368.0,-508790.0,0.058,6.23
18469.0,8.0,-508632.0,0.083,6.72
18473.0,-115.0,-508731.0,-0.1,6.23
18479.0,25.0,-508532.0,0.058,6.48
18485.0,-73.0,-508324.0,0.075,6.96
18489.0,28.0,-508391.0,-0.025,6.48
18495.0,-312.0,-508285.0,0.067,6.48
18500.0,-214.0,-508643.0,0.083,6.48
18506.0,-440.0,-508325.0,-0.008,6.23
18510.0,-211.0,-508448.0,0.0,6.48
18516.0,135.0,-508526.0,0.017,6.48
18523.0,-115.0,-508536.0,-0.008,6.23
18527.0,-50.0,-508411.0,0.008,6.23
18532.0,-117.0,-508260.0,0.092,6.23
18537.0,-397.0,-508598.0,0.083,6.23
18542.0,-288.0,-508453.0,-0.008,8.19
18547.0,112.0,-508089.0,0.108,6.72
18553.0,-332.0,-508149.0,0.058,6.23
18558.0,-77.0,-507804.0,-0.05,6.48
18564.0,40.0,-507582.0,0.092,6.23
18569.0,-258.0,-508040.0,0.042,6.48
18574.0,-249.0,-507803.0,-0.017,6.48
18579.0,-156.0,-507657.0,0.017,6.96
18585.0,-192.0,-507443.0,0.017,6.23
18589.0,-327.0,-507428.0,-0.042,6.48
18594.0,94.0,-508098.0,0.1,6.23
18600.0,154.0,-507486.0,0.008,7.21
18605.0,-39.0,-507261.0,-0.008,6.72
18611.0,-363.0,-507201.0,0.1,6.48
18617.0,-33.0,-507663.0,-0.033,6.48
18622.0,-95.0,-507495.0,0.058,6.48
18627.0,-142.0,-507494.0,-0.025,6.23
18632.0,2.0,-507366.0,0.092,6.48
18638.0,24.0,-507472.0,-0.058,6.48
18643.0,52.0,-507351.0,0.017,6.96
18648.0,-33.0,-507368.0,-0.033,6.72
18654.0,65.0,-507350.0,0.158,6.23
18658.0,-402.0,-507481.0,0.0,6.48
18664.0,-492.0,-507205.0,0.042,6.48
18669.0,6.0,-507429.0,0.067,6.48
18674.0,-200.0,-507412.0,-0.017,6.23
18679.0,-317.0,-506739.0,0.042,6.23
18685.0,171.0,-507041.0,0.05,6.48
18691.0,-161.0,-506654.0,0.05,6.96
18695.0,-398.0,-506645.0,-0.017,6.48
18701.0,-500.0,-506589.0,0.0,6.48
18706.0,-180.0,-506658.0,-0.075,6.96
18711.0,-113.0,-506123.0,0.075,6.96
18716.0,-111.0,-506359.0,-0.008,5.74
18721.0,-117.0,-506544.0,-0.075,6.72
18726.0,-130.0,-506431.0,0.075,6.23
18732.0,-316.0,-506181.0,-0.017,6.48
18738.0,-210.0,-506182.0,0.067,6.48
18742.0,-285.0,-506249.0,-0.033,6.48
18748.0,117.0,-506305.0,-0.008,6.48
18753.0,-123.0,-506282.0,0.008,6.96
18757.0,-386.0,-506123.0,0.0,6.72
18763.0,-8.0,-506011.0,0.042,6.48
18768.0,-312.0,-506140.0,0.033,6.48
18774.0,-243.0,-505621.0,-0.133,6.23
18779.0,-509.0,-505663.0,0.067,6.96
18784.0,-267.0,-505534.0,-0.042,6.48
18789.0,-248.0,-505857.0,0.125,5.25
18795.0,-16.0,-505315.0,0.008,6.48
18800.0,-152.0,-505590.0,-0.033,6.23
18804.0,-45.0,-505725.0,0.033,6.23
18810.0,-353.0,-505227.0,0.05,6.23
18816.0,91.0,-505416.0,-0.05,6.48
18820.0,-42.0,-505395.0,0.0,6.48
18826.0,-210.0,-504969.0,0.058,6.23
18831.0,-106.0,-505232.0,0.133,6.23
18836.0,-7.0,-505297.0,0.017,6.23
18841.0,-37.0,-505691.0,0.025,6.96
18846.0,-230.0,-505418.0,0.1,6.23
18851.0,-7.0,-505248.0,0.042,6.48
18856.0,95.0,-504937.0,0.058,6.48
18861.0,-198.0,-505106.0,0.083,6.96
18867.0,-262.0,-505112.0,0.008,6.72
18872.0,-512.0,-505185.0,0.033,6.23
18877.0,-51.0,-505210.0,0.05,6.48
18882.0,-183.0,-505414.0,0.008,7.21
18887.0,-459.0,-505423.0,0.017,6.48
18892.0,-330.0,-504742.0,-0.008,6.23
18898.0,-126.0,-504634.0,-0.042,6.48
18904.0,-258.0,-504727.0,0.058,6.48
18908.0,-173.0,-504230.0,0.117,6.48
18914.0,85.0,-504606.0,0.017,6.48
18919.0,-201.0,-504421.0,-0.05,6.72
18924.0,-374.0,-504486.0,0.108,6.23
18929.0,182.0,-504478.0,-0.008,6.48
18934.0,-90.0,-504251.0,0.033,6.48
18939.0,-141.0,-504364.0,0.1,6.96
18945.0,-229.0,-504114.0,0.008,6.23
18950.0,-21.0,-504111.0,-0.1,6.48
18955.0,-200.0,-504224.0,0.017,6.48
18961.0,-198.0,-504158.0,0.067,6.48
18966.0,-206.0,-504253.0,0.0,6.72
18970.0,-223.0,-504378.0,0.05,6.96
18976.0,-499.0,-504184.0,0.0,6.23
18981.0,-29.0,-503955.0,-0.008,6.48
18985.0,168.0,-504004.0,0.0,6.96
18992.0,104.0,-503954.0,-0.008,6.48
18997.0,-312.0,-504107.0,0.017,6.48
19002.0,-271.0,-504129.0,0.075,6.23
19008.0,161.0,-503829.0,0.033,6.23
19013.0,11.0,-503644.0,0.017,6.23
19017.0,-112.0,-503591.0,-0.025,6.48
19023.0,-242.0,-503469.0,0.042,6.96
19028.0,-282.0,-503392.0,-0.025,6.96
19034.0,-291.0,-503447.0,-0.017,6.72
19039.0,-95.0,-503513.0,0.0,6.48
19044.0,-271.0,-503402.0,0.017,6.48
19049.0,-170.0,-503307.0,0.008,6.48
19055.0,-240.0,-503161.0,-0.033,6.72
19060.0,-214.0,-502934.0,-0.008,6.48
19064.0,119.0,-503455.0,0.033,6.48
19070.0,-235.0,-503259.0,-0.042,6.23
19076.0,205.0,-503136.0,0.033,6.48
19081.0,-18.0,-503285.0,-0.042,6.96
19086.0,84.0,-502741.0,0.083,6.48
19091.0,-220.0,-502558.0,0.067,6.23
19096.0,-311.0,-502919.0,0.0,7.21
19101.0,7.0,-502593.0,0.0,6.48
19106.0,-37.0,-502322.0,-0.067,6.48
19111.0,-180.0,-503068.0,-0.017,6.48
19118.0,-328.0,-503126.0,-0.017,6.48
19123.0,-508.0,-502879.0,-0.108,6.48
19128.0,-155.0,-502362.0,0.0,6.23
19133.0,197.0,-502306.0,0.058,6.48
19138.0,-265.0,-502511.0,0.058,7.21
19143.0,-548.0,-502612.0,0.025,6.23
19148.0,-52.0,-502192.0,0.017,6.48
19153.0,-22.0,-502301.0,-0.042,6.48
19159.0,-139.0,-502198.0,-0.017,6.48
19165.0,-191.0,-502460.0,0.0,6.48
19170.0,-5.0,-502189.0,0.092,6.96
19174.0,-80.0,-502052.0,-0.042,6.96
19180.0,-214.0,-502148.0,-0.017,6.48
19185.0,-166.0,-502219.0,0.017,6.23
19189.0,143.0,-501882.0,0.15,6.48
19195.0,-431.0,-502332.0,0.067,6.23
19201.0,-609.0,-502163.0,0.083,6.96
19206.0,-404.0,-502000.0,0.008,6.48
19211.0,-204.0,-501816.0,0.092,6.23
19216.0,-6.0,-501989.0,0.008,6.72
19221.0,9.0,-502024.0,0.008,6.96
19226.0,-121.0,-501761.0,0.067,6.48
19231.0,-301.0,-501818.0,-0.017,6.23
19236.0,-540.0,-501626.0,0.167,6.23
19241.0,-218.0,-501403.0,0.058,6.48
19247.0,-250.0,-501788.0,0.083,6.48
19252.0,-255.0,-501626.0,-0.025,6.96
19258.0,-151.0,-501369.0,0.092,6.72
19263.0,-241.0,-501146.0,0.033,5.74
19268.0,-210.0,-501224.0,0.017,6.48
19273.0,-356.0,-501087.0,-0.1,5.74
19278.0,-236.0,-501134.0,0.025,6.96
19283.0,-227.0,-501238.0,0.058,6.48
19289.0,-339.0,-501121.0,0.033,6.23
19294.0,-237.0,-501136.0,-0.008,6.23
19299.0,-226.0,-501184.0,0.033,6.48
19304.0,-488.0,-501073.0,0.108,6.23
19309.0,-252.0,-501078.0,0.008,6.23
19315.0,-7.0,-500976.0,0.067,6.48
19320.0,-267.0,-501193.0,-0.025,6.96
19325.0,-425.0,-501304.0,-0.033,6.72
19331.0,-92.0,-501142.0,0.108,6.48
19336.0,-2.0,-500959.0,-0.067,6.23
19340.0,-405.0,-500430.0,0.092,6.48
19345.0,-440.0,-500619.0,0.025,6.48
19350.0,-52.0,-500418.0,0.042,6.23
19355.0,-189.0,-500554.0,-0.042,6.48
19360.0,-163.0,-500401.0,0.092,5.99
19365.0,-305.0,-500548.0,0.075,6.72
19372.0,-254.0,-500458.0,-0.008,6.72
19377.0,-346.0,-500257.0,-0.008,6.48
19382.0,-76.0,-500286.0,-0.025,6.96
19387.0,-187.0,-500110.0,0.017,6.96
19392.0,267.0,-500139.0,0.017,6.48
19397.0,-253.0,-500134.0,0.092,6.23
19402.0,-288.0,-500234.0,0.008,6.48
19407.0,-328.0,-500135.0,-0.017,6.72
19412.0,-244.0,-499822.0,-0.008,6.23
19418.0,-261.0,-500044.0,0.117,8.19
19423.0,-227.0,-500095.0,-0.033,6.48
19429.0,-161.0,-500212.0,0.05,6.23
19434.0,-112.0,-499858.0,-0.05,6.72
19439.0,6.0,-499961.0,-0.008,6.72
19443.0,-201.0,-499618.0,-0.075,8.43
19448.0,-42.0,-499385.0,0.058,6.23
19453.0,-42.0,-499836.0,-0.008,6.48
19459.0,-33.0,-499434.0,0.017,6.96
19464.0,267.0,-499339.0,0.058,6.23
19469.0,188.0,-499694.0,-0.092,6.23
19473.0,-189.0,-499419.0,0.067,6.48
19479.0,-209.0,-499296.0,0.017,6.23
19484.0,-42.0,-499330.0,0.058,6.48
19489.0,-288.0,-499379.0,0.0,6.48
19494.0,-122.0,-499304.0,0.025,6.48
19500.0,141.0,-499314.0,0.0,6.23
19505.0,-345.0,-499337.0,-0.067,6.48
19510.0,-41.0,-499082.0,-0.017,6.48
19515.0,52.0,-498998.0,0.025,6.96
19520.0,22.0,-499197.0,0.075,6.48
19525.0,-345.0,-499245.0,0.025,6.48
19530.0,-102.0,-498990.0,-0.033,6.48
19535.0,-112.0,-499231.0,0.017,6.23
19540.0,-387.0,-499275.0,0.067,6.48
19546.0,-74.0,-498922.0,-0.075,6.48
19551.0,138.0,-499034.0,0.058,6.72
19556.0,45.0,-498772.0,-0.067,6.96
19561.0,-271.0,-498349.0,-0.033,6.72
19566.0,-279.0,-498836.0,0.092,6.23
19572.0,-148.0,-498158.0,0.033,6.72
19576.0,-13.0,-498297.0,0.075,6.96
19582.0,-93.0,-498603.0,0.025,6.48
19588.0,282.0,-498373.0,0.033,6.96
19593.0,-16.0,-498192.0,0.042,6.96
19598.0,-350.0,-498133.0,0.042,6.23
19603.0,-317.0,-498191.0,0.0,6.48
19608.0,-473.0,-498284.0,0.033,6.48
19613.0,-191.0,-498501.0,0.05,6.23
19618.0,36.0,-498397.0,0.0,6.96
19623.0,-324.0,-498094.0,0.05,6.72
19629.0,-268.0,-497709.0,-0.025,6.72
19634.0,-315.0,-498213.0,0.05,6.48
19640.0,-137.0,-497996.0,0.058,6.23
19645.0,31.0,-498279.0,-0.025,6.23
19650.0,142.0,-497727.0,0.058,6.96
19655.0,-378.0,-497938.0,0.092,6.48
19660.0,-174.0,-497779.0,-0.058,6.23
19665.0,203.0,-497681.0,0.092,6.48
19671.0,-407.0,-497592.0,0.0,6.96
19676.0,-227.0,-497695.0,0.067,6.48
19681.0,10.0,-497505.0,0.05,6.48
19686.0,-184.0,-497332.0,0.033,6.72
19692.0,-278.0,-497416.0,-0.058,6.48
19697.0,-163.0,-497144.0,-0.017,6.23
19702.0,-58.0,-497561.0,0.025,6.48
19707.0,-282.0,-497751.0,0.0,6.96
19713.0,-45.0,-497557.0,0.075,6.23
19718.0,94.0,-497306.0,0.067,6.48
19723.0,-92.0,-497388.0,0.017,6.96
19728.0,-223.0,-496942.0,0.05,6.72
19733.0,-232.0,-496987.0,0.1,6.48
19738.0,-252.0,-496893.0,-0.067,6.48
19744.0,-477.0,-496631.0,-0.042,6.48
19748.0,-192.0,-496744.0,0.067,6.23
19755.0,-6.0,-496716.0,0.025,6.23
19759.0,-125.0,-496851.0,0.008,6.48
19764.0,-295.0,-496584.0,-0.033,6.48
19769.0,-476.0,-497104.0,0.05,6.23
19774.0,19.0,-496759.0,0.067,6.48
19779.0,-177.0,-496912.0,0.033,7.21
19784.0,192.0,-496388.0,-0.075,6.72
19789.0,-258.0,-496549.0,-0.025,6.72
19794.0,-94.0,-496436.0,-0.025,6.48
19800.0,-213.0,-496453.0,0.008,6.48
19805.0,-255.0,-496442.0,0.133,6.23
19811.0,67.0,-496660.0,0.0,6.23
19815.0,410.0,-496437.0,0.042,6.48
19820.0,-74.0,-496462.0,0.067,6.48
19825.0,-13.0,-496422.0,-0.025,6.48
19830.0,374.0,-496539.0,0.075,6.48
19836.0,-134.0,-496269.0,0.05,6.23
19842.0,-329.0,-496193.0,0.05,6.48
19846.0,-140.0,-496278.0,0.05,6.48
19852.0,22.0,-495962.0,0.025,6.72
19857.0,-305.0,-496034.0,0.058,6.23
19862.0,-170.0,-495953.0,0.0,6.72
19867.0,-156.0,-495587.0,0.058,6.96
19872.0,-227.0,-495703.0,0.108,6.72
19877.0,-160.0,-495598.0,0.008,7.7
19883.0,4.0,-496058.0,0.033,6.48
19888.0,353.0,-495512.0,0.025,6.23
19893.0,-342.0,-495675.0,0.208,6.96
19899.0,-448.0,-496023.0,0.117,6.23
19904.0,-401.0,-495907.0,-0.017,6.23
19908.0,-98.0,-495794.0,0.025,6.72
19914.0,-166.0,-495936.0,0.058,6.96
19919.0,-87.0,-495584.0,0.092,6.48
19923.0,28.0,-495455.0,0.008,6.23
19930.0,-340.0,-495423.0,0.033,6.48
19935.0,-299.0,-495420.0,-0.05,6.23
19940.0,-161.0,-495579.0,0.017,6.48
19945.0,-47.0,-495287.0,0.083,7.21
19950.0,-146.0,-495360.0,0.0,6.96
19955.0,-84.0,-495127.0,0.017,6.48
19960.0,-8.0,-495093.0,0.067,6.23
19965.0,-25.0,-495342.0,-0.05,6.48
19971.0,-15.0,-495195.0,-0.008,6.96
19976.0,-178.0,-494965.0,0.05,6.96
19981.0,333.0,-495128.0,-0.033,6.48
19986.0,-267.0,-495478.0,0.067,6.96
19991.0,-342.0,-495086.0,0.05,6.72
19996.0,177.0,-495177.0,0.067,6.48
20002.0,43.0,-495075.0,0.05,6.23
20007.0,-118.0,-494969.0,0.033,6.23
20012.0,-297.0,-495052.0,0.158,6.23
20018.0,-23.0,-494598.0,0.058,6.48
20023.0,-192.0,-494542.0,0.067,6.23
20028.0,-491.0,-494437.0,0.025,6.23
20033.0,-231.0,-494639.0,-0.025,6.48
20038.0,-368.0,-494203.0,0.117,6.48
20043.0,-187.0,-494270.0,-0.042,6.48
20048.0,-91.0,-494542.0,0.008,6.96
20054.0,180.0,-494168.0,0.017,6.48
20059.0,-9.0,-494069.0,0.075,6.72
20065.0,-5.0,-494431.0,0.042,6.48
20069.0,18.0,-494300.0,-0.05,6.72
20074.0,-266.0,-494015.0,0.075,6.48
20080.0,-518.0,-494303.0,-0.05,6.23
20084.0,-231.0,-494378.0,0.2,6.96
20089.0,9.0,-495487.0,0.433,6.48
20096.0,-253.0,-513399.0,13.975,7.21
20101.0,212.0,-538620.0,0.867,7.7
20106.0,-944.0,-607955.0,8.075,9.16
20111.0,340.0,-684527.0,6.725,11.61
20116.0,-915.0,-729366.0,12.917,12.59
20121.0,249.0,-825441.0,-1.033,13.32
20127.0,63.0,-912859.0,11.925,14.3
20131.0,678.0,-953742.0,8.092,15.03
20136.0,-745.0,-1040111.0,7.142,16.01
20143.0,-393.0,-1122623.0,7.692,16.98
20148.0,-192.0,-1164968.0,7.167,18.94
20153.0,-468.0,-1245465.0,7.833,21.14
20158.0,-378.0,-1326711.0,8.175,23.83
20164.0,-112.0,-1409489.0,8.042,27.74
20169.0,-337.0,-1450174.0,7.892,31.16
20174.0,-549.0,-1530003.0,7.075,33.85
20180.0,-207.0,-1608589.0,8.283,32.38
20185.0,-48.0,-1648674.0,5.492,30.91
20190.0,-19.0,-1722243.0,6.733,29.69
20196.0,223.0,-1797277.0,6.6,28.96
20200.0,-70.0,-1835074.0,6.925,28.71
20206.0,-252.0,-1910587.0,7.508,28.71
20211.0,-378.0,-1984353.0,6.658,27.49
20216.0,-297.0,-2019792.0,7.167,27.74
20221.0,-474.0,-2093117.0,6.617,27.25
20227.0,-496.0,-2164145.0,5.833,26.52
20232.0,-375.0,-2198292.0,6.417,25.54
20237.0,288.0,-2268683.0,5.425,26.03
20243.0,-148.0,-2338719.0,5.775,24.8
20247.0,-79.0,-2372566.0,5.567,24.32
20252.0,105.0,-2440391.0,5.692,24.56
20258.0,-315.0,-2507167.0,5.35,23.83
20263.0,-204.0,-2539894.0,5.55,23.34
20269.0,-45.0,-2604407.0,5.283,23.09
20274.0,-455.0,-2668255.0,5.092,22.36
20279.0,-64.0,-2700694.0,4.808,22.61
20284.0,-488.0,-2764131.0,3.942,21.38
20290.0,-148.0,-2825069.0,4.442,21.38
20295.0,-178.0,-2886055.0,3.975,21.14
20300.0,-223.0,-2916230.0,4.192,20.89
20306.0,81.0,-2974732.0,3.717,20.41
20312.0,71.0,-3032998.0,4.05,19.92
20318.0,79.0,-3091216.0,4.275,19.43
20323.0,-326.0,-3119665.0,3.617,19.43
20328.0,-348.0,-3174848.0,4.092,19.43
20334.0,-168.0,-3231114.0,4.042,19.18
20339.0,-518.0,-3286006.0,3.8,18.21
20344.0,-451.0,-3312291.0,3.817,17.96
20350.0,-697.0,-3366655.0,3.667,17.72
20356.0,-577.0,-3420365.0,3.642,17.23
20362.0,-389.0,-3471803.0,3.3,16.98
20367.0,0.0,-3496812.0,2.9,16.5
20372.0,88.0,-3546869.0,2.683,17.23
20377.0,-458.0,-3596175.0,2.625,16.25
20383.0,-452.0,-3643779.0,2.133,16.25
20388.0,-427.0,-3667434.0,3.033,16.01
20393.0,7.0,-3715436.0,2.858,15.76
20400.0,-33.0,-3761260.0,3.008,16.25
20405.0,-297.0,-3806084.0,3.025,15.27
20410.0,-218.0,-3828465.0,3.392,15.27
20416.0,-96.0,-3871905.0,3.017,15.27
20421.0,-104.0,-3915047.0,3.267,14.78
20427.0,-262.0,-3957613.0,3.725,14.78
20432.0,-505.0,-3978144.0,3.025,14.3
20438.0,-4.0,-4019791.0,2.467,14.54
20443.0,-618.0,-4060633.0,2.308,14.3
20448.0,-513.0,-4080948.0,2.2,13.81
20453.0,169.0,-4120938.0,1.592,14.3
20459.0,-135.0,-4159946.0,2.092,13.56
20465.0,-311.0,-4199284.0,1.95,13.32
20470.0,-285.0,-4218363.0,1.817,13.32
20475.0,-208.0,-4255336.0,1.7,13.07
20481.0,-88.0,-4292430.0,2.392,12.83
20487.0,-26.0,-4327816.0,2.2,13.32
20492.0,-275.0,-4345643.0,2.367,13.32
20497.0,-98.0,-4381287.0,2.825,12.59
20502.0,-320.0,-4416045.0,2.792,12.1
20508.0,12.0,-4433096.0,2.333,12.83
20512.0,-355.0,-4466325.0,2.583,12.34
20518.0,-649.0,-4499521.0,1.508,12.59
20525.0,-1001.0,-4532547.0,2.083,12.34
20529.0,-384.0,-4548434.0,1.2,11.85
20534.0,-484.0,-4580568.0,0.683,12.1
20540.0,-636.0,-4612742.0,1.15,11.36
20545.0,-463.0,-4628665.0,0.892,12.1
20550.0,-668.0,-4659229.0,1.475,11.61
20555.0,-126.0,-4689671.0,2.008,11.85
20561.0,-90.0,-4704382.0,2.3,11.12
20566.0,-617.0,-4733897.0,1.992,10.87
20572.0,-565.0,-4762529.0,1.825,10.87
20578.0,-297.0,-4790883.0,2.483,10.14
20582.0,-222.0,-4804920.0,2.1,10.87
20588.0,-511.0,-4832940.0,1.092,10.63
20593.0,-169.0,-4859418.0,1.083,11.36
20598.0,-485.0,-4872761.0,1.425,11.61
20603.0,-294.0,-4899560.0,-0.417,10.87
20610.0,-484.0,-4925562.0,1.583,10.63
20615.0,-130.0,-4951486.0,-0.108,11.61
20621.0,-412.0,-4963961.0,0.242,10.39
20625.0,-367.0,-4989140.0,1.408,9.9
20631.0,253.0,-5014094.0,1.342,9.9
20636.0,-27.0,-5026177.0,1.642,9.9
20641.0,-372.0,-5050264.0,1.067,9.65
20646.0,-852.0,-5074016.0,1.442,9.65
20653.0,-272.0,-5097608.0,1.758,9.65
20658.0,-538.0,-5109597.0,1.183,9.65
20663.0,-111.0,-5132482.0,1.158,9.41
20669.0,-331.0,-5155006.0,1.325,9.41
20674.0,-459.0,-5165589.0,0.417,9.65
20678.0,-122.0,-5186166.0,-0.592,9.16
20684.0,-164.0,-5200264.0,-0.292,9.65
20689.0,-574.0,-5204515.0,-0.558,9.16
20695.0,-671.0,-5208518.0,-0.525,8.92
20701.0,-115.0,-5209828.0,-0.325,9.16
20706.0,-17.0,-5209238.0,0.508,8.68
20711.0,-351.0,-5208611.0,0.517,8.19
20716.0,-644.0,-5206730.0,0.2,7.94
20721.0,-488.0,-5203456.0,0.692,7.7
20727.0,-326.0,-5201637.0,0.667,8.19
20731.0,-295.0,-5197826.0,0.208,7.45
20738.0,-349.0,-5193242.0,0.4,8.43
20743.0,-41.0,-5190961.0,0.542,7.21
20748.0,474.0,-5186606.0,0.425,7.45
20753.0,142.0,-5181970.0,0.467,6.96
20758.0,-254.0,-5179807.0,0.25,7.21
20763.0,-319.0,-5175376.0,0.317,6.96
20769.0,-271.0,-5171892.0,0.508,6.48
20774.0,-145.0,-5167498.0,0.333,6.48
20781.0,-215.0,-5165509.0,0.142,6.72
20785.0,-262.0,-5161830.0,0.392,6.48
20791.0,-104.0,-5158562.0,0.283,7.21
20796.0,-530.0,-5156623.0,0.367,6.96
20801.0,-257.0,-5153210.0,0.417,6.96
20806.0,-227.0,-5149250.0,0.142,6.96
20811.0,-305.0,-5147941.0,0.275,7.21
20816.0,-54.0,-5144290.0,0.333,7.21
20823.0,142.0,-5140536.0,0.283,6.48
20828.0,-430.0,-5139101.0,0.267,7.21
20833.0,-499.0,-5135892.0,0.325,6.72
20838.0,-177.0,-5132724.0,0.317,7.21
20844.0,-521.0,-5129434.0,0.367,7.45
20849.0,17.0,-5127717.0,0.275,6.96
20854.0,-224.0,-5125010.0,0.325,7.21
20859.0,-118.0,-5121980.0,0.308,7.21
20865.0,-376.0,-5120537.0,0.208,6.48
20870.0,-303.0,-5117216.0,0.283,6.72
20876.0,9.0,-5114454.0,0.283,6.48
20881.0,-115.0,-5113365.0,0.15,6.72
20885.0,-98.0,-5110776.0,0.35,6.72
20891.0,-144.0,-5108326.0,0.208,7.45
20896.0,-286.0,-5107321.0,-0.583,6.72
20901.0,-271.0,-5102018.0,-0.342,6.96
20907.0,-489.0,-5084272.0,0.233,6.72
20913.0,45.0,-5060424.0,-0.317,6.23
20918.0,-613.0,-5047847.0,-0.342,6.23
20923.0,-254.0,-5021344.0,-1.458,5.99
20928.0,222.0,-4993480.0,-0.017,5.74
20934.0,-90.0,-4979261.0,-1.108,5.5
20938.0,-151.0,-4948476.0,0.575,5.5
20944.0,-217.0,-4916884.0,-0.842,5.5
20950.0,-341.0,-4900741.0,-0.825,5.25
20955.0,-280.0,-4867838.0,-0.792,5.74
20960.0,68.0,-4834216.0,-1.392,5.01
20965.0,-348.0,-4817857.0,-0.892,4.77
20970.0,-363.0,-4783344.0,-0.358,4.52
20976.0,-149.0,-4749294.0,-0.008,5.25
20981.0,-213.0,-4731627.0,0.3,4.52
20985.0,-276.0,-4696152.0,-0.8,4.28
20992.0,-209.0,-4659460.0,-1.442,4.52
20997.0,-141.0,-4641301.0,-0.692,4.52
21001.0,194.0,-4605102.0,-0.408,5.01
21007.0,-104.0,-4568316.0,-0.917,4.28
21012.0,-556.0,-4549797.0,-0.508,4.28
21017.0,-245.0,-4511782.0,-0.733,4.03
21022.0,-44.0,-4473286.0,-1.775,4.03
21027.0,-462.0,-4453205.0,-1.442,4.03
21032.0,3.0,-4413340.0,-1.4,4.03
21038.0,73.0,-4374016.0,-1.142,4.28
21044.0,-45.0,-4354519.0,-1.075,4.28
21048.0,-276.0,-4314502.0,-0.283,3.79
21054.0,-450.0,-4273214.0,-0.108,3.79
21059.0,-90.0,-4251913.0,-1.125,4.03
21064.0,-513.0,-4209464.0,-0.142,3.79
21069.0,-335.0,-4166300.0,0.1,3.79
21074.0,-183.0,-4144649.0,-0.4,3.79
21080.0,72.0,-4101808.0,-1.058,3.79
21086.0,-150.0,-4058026.0,-1.125,3.05
21091.0,-492.0,-4035311.0,-0.842,3.05
21095.0,-315.0,-3990936.0,-1.592,3.05
21101.0,-556.0,-3945184.0,-0.992,2.81
21106.0,-240.0,-3920931.0,-1.192,2.81
21111.0,-305.0,-3874844.0,-2.158,3.3
21116.0,-295.0,-3828548.0,-1.825,2.57
21122.0,-367.0,-3805115.0,-2.042,2.57
21127.0,20.0,-3756082.0,-2.1,2.57
21132.0,93.0,-3731057.0,-1.608,2.08
21137.0,-305.0,-3681470.0,-1.267,2.57
21142.0,-634.0,-3629844.0,-1.567,2.08
21147.0,-288.0,-3578772.0,-1.708,2.08
21153.0,126.0,-3553063.0,-1.5,1.83
21157.0,73.0,-3501148.0,-1.733,1.34
21164.0,-227.0,-3447554.0,-2.1,1.59
21169.0,-423.0,-3420989.0,-2.675,1.34
21174.0,-290.0,-3366496.0,-1.833,1.1
21178.0,63.0,-3338541.0,-1.925,1.1
21184.0,113.0,-3283180.0,-1.942,1.59
21189.0,22.0,-3228322.0,-2.5,0.86
21194.0,-376.0,-3200417.0,-2.642,1.34
21199.0,-464.0,-3144200.0,-3.208,0.37
21204.0,-205.0,-3085114.0,-2.9,0.86
21211.0,-59.0,-3026152.0,-3.225,0.12
21216.0,179.0,-2996733.0,-3.358,0.12
21221.0,120.0,-2936444.0,-2.825,-0.37
21225.0,61.0,-2906621.0,-3.042,0.12
21230.0,-471.0,-2847754.0,-3.567,-0.61
21236.0,-488.0,-2786916.0,-3.567,-1.1
21241.0,-82.0,-2755191.0,-3.75,-1.1
21246.0,-374.0,-2692016.0,-4.258,-0.86
21252.0,-295.0,-2628802.0,-3.75,-1.59
21258.0,-107.0,-2564618.0,-3.8,-2.08
21263.0,-205.0,-2532641.0,-3.667,-1.59
21268.0,-142.0,-2470342.0,-3.842,-2.81
21272.0,-921.0,-2438681.0,-4.367,-2.32
21277.0,-629.0,-2373206.0,-4.875,-3.05
21283.0,56.0,-2309970.0,-4.925,-3.54
21288.0,-162.0,-2277767.0,-5.542,-3.79
21294.0,-188.0,-2212818.0,-5.225,-4.77
21299.0,-305.0,-2150330.0,-5.517,-5.01
21304.0,-588.0,-2118323.0,-5.275,-5.25
21309.0,-352.0,-2055546.0,-6.267,-5.5
21314.0,-491.0,-1990432.0,-6.167,-5.74
21319.0,-333.0,-1958335.0,-6.417,-6.72
21324.0,-459.0,-1893156.0,-6.833,-7.21
21330.0,76.0,-1827782.0,-7.083,-7.7
21335.0,-213.0,-1795711.0,-6.708,-7.7
21340.0,-311.0,-1735362.0,-7.025,-8.43
21346.0,-442.0,-1674460.0,-7.942,-9.16
21351.0,-734.0,-1642245.0,-7.642,-9.65
21356.0,-320.0,-1576542.0,-7.483,-9.9
21361.0,-513.0,-1512146.0,-8.658,-10.63
21366.0,-236.0,-1480105.0,-7.933,-11.12
21371.0,-338.0,-1417548.0,-8.033,-12.1
21377.0,-359.0,-1358482.0,-8.367,-12.34
21382.0,-422.0,-1328357.0,-8.05,-13.07
21387.0,-364.0,-1267664.0,-9.392,-13.07
21392.0,-763.0,-1201970.0,-9.317,-14.05
21398.0,-451.0,-1171223.0,-8.117,-14.78
21403.0,-303.0,-1110000.0,-9.892,-15.03
21408.0,-382.0,-1048264.0,-8.325,-15.03
21413.0,-19.0,-1019605.0,-8.283,-16.25
21419.0,-199.0,-963196.0,-9.017,-16.5
21424.0,-302.0,-902576.0,-10.308,-16.74
21429.0,-416.0,-869685.0,-10.467,-17.47
21434.0,-334.0,-806162.0,-12.558,-16.5
21440.0,-367.0,-747206.0,-4.933,-18.21
21444.0,122.0,-720311.0,-4.55,-18.7
21450.0,-610.0,-670860.0,-8.4,-19.18
21455.0,-217.0,-622004.0,-5.375,-19.18
21459.0,120.0,-597283.0,-7.492,-19.18
21466.0,-268.0,-543161.0,-7.842,-18.7
21471.0,55.0,-488553.0,-5.45,-19.43
21476.0,264.0,-462096.0,-6.967,-18.94
21481.0,68.0,-410711.0,-5.35,-19.92
21486.0,-167.0,-365513.0,-3.675,-19.67
21491.0,-337.0,-346738.0,-1.983,-20.16
21496.0,-325.0,-308235.0,-6.392,-19.18
21502.0,-448.0,-284021.0,3.083,-19.18
21507.0,-445.0,-277218.0,1.942,-17.96
21513.0,-397.0,-268024.0,-3.542,-15.03
21518.0,-662.0,-260894.0,0.383,-12.1
21523.0,27.0,-257627.0,0.675,-9.41
21528.0,-401.0,-252301.0,-1.675,-6.72
21533.0,-74.0,-248999.0,0.3,-5.01
21538.0,-261.0,-248480.0,0.4,-3.05
21543.0,-279.0,-248074.0,-0.183,-1.83
21550.0,190.0,-249178.0,-0.5,-0.12
21554.0,75.0,-249329.0,-0.417,0.12
21560.0,-225.0,-251133.0,-0.467,2.08
21565.0,-430.0,-252521.0,-0.008,2.57
21570.0,-45.0,-253024.0,-0.7,3.54
21575.0,-367.0,-254032.0,-0.367,4.77
21580.0,-352.0,-255504.0,-0.233,5.74
21585.0,-157.0,-256123.0,-0.125,6.48
21591.0,-639.0,-258045.0,-0.167,7.21
21596.0,-282.0,-260039.0,-0.192,8.19
21601.0,115.0,-260928.0,-0.45,8.43
21607.0,-201.0,-263040.0,-0.108,8.68
21612.0,-194.0,-265894.0,-0.125,8.43
21616.0,-403.0,-267469.0,0.008,8.43
21622.0,-223.0,-270225.0,-0.15,8.43
21627.0,-376.0,-272229.0,-0.033,8.19
21633.0,-251.0,-273444.0,-0.05,7.94
21638.0,-61.0,-275192.0,-0.067,7.7
21643.0,-64.0,-276972.0,-0.117,7.7
21648.0,81.0,-277791.0,-0.108,7.94
21653.0,-127.0,-279681.0,-0.1,7.21
21658.0,-412.0,-281745.0,-0.075,7.94
21663.0,109.0,-282546.0,-0.067,7.7
21669.0,-305.0,-284124.0,-0.133,7.45
21675.0,-366.0,-285976.0,-0.158,8.19
21679.0,-39.0,-286785.0,0.017,7.21
21685.0,-485.0,-288367.0,-0.025,7.21
21690.0,-514.0,-289641.0,0.058,6.72
21695.0,-411.0,-290616.0,-0.067,6.48
21700.0,-283.0,-292356.0,-0.025,7.7
21705.0,-416.0,-293500.0,-0.008,7.21
21710.0,-243.0,-294259.0,-0.125,7.21
21716.0,-113.0,-295899.0,0.008,6.48
21722.0,-452.0,-308135.0,5.492,6.48
21726.0,85.0,-327880.0,10.558,7.21
21732.0,237.0,-382508.0,0.733,9.41
21737.0,-580.0,-452378.0,8.417,10.87
21742.0,-461.0,-487505.0,6.483,12.34
21747.0,19.0,-568447.0,10.033,13.32
21752.0,168.0,-657019.0,5.642,14.05
21757.0,7.0,-700294.0,8.067,15.03
21764.0,-57.0,-785710.0,10.45,16.5
21769.0,-112.0,-870226.0,6.142,17.96
21773.0,-689.0,-910665.0,8.383,19.18
21779.0,-279.0,-994337.0,7.375,21.14
21784.0,-102.0,-1075237.0,6.792,24.8
21789.0,11.0,-1115918.0,9.025,28.47
21794.0,19.0,-1157359.0,7.708,31.4
21799.0,-316.0,-1282605.0,8.308,34.58
21805.0,45.0,-1322504.0,7.358,35.31
21810.0,-221.0,-1401774.0,8.15,33.6
21816.0,38.0,-1481860.0,6.208,32.62
21820.0,-3.0,-1520401.0,6.9,30.91
21826.0,-89.0,-1596783.0,6.608,30.18
21831.0,-345.0,-1671423.0,7.075,30.91
21836.0,-602.0,-1709538.0,7.675,30.18
21841.0,-252.0,-1786513.0,6.375,29.94
21848.0,-342.0,-1859721.0,7.175,28.96
21853.0,-331.0,-1934851.0,6.883,28.23
21858.0,-268.0,-1969912.0,6.3,27.25
21864.0,-16.0,-2040882.0,6.558,26.76
21869.0,-474.0,-2112716.0,6.142,26.27
21874.0,-189.0,-2148857.0,5.942,26.52
21879.0,173.0,-2220094.0,5.417,26.03
21885.0,-161.0,-2289080.0,5.142,25.05
21891.0,-162.0,-2357464.0,5.558,24.32
21896.0,207.0,-2390937.0,4.9,24.56
21901.0,153.0,-2456231.0,5.15,23.58
21907.0,-151.0,-2520945.0,5.767,23.34
21912.0,-246.0,-2553758.0,5.067,22.61
21917.0,-393.0,-2617525.0,5.333,22.12
21922.0,-101.0,-2679803.0,5.017,21.87
21927.0,54.0,-2711022.0,4.867,22.12
21933.0,-274.0,-2771377.0,4.742,21.38
21939.0,-412.0,-2830373.0,4.25,20.65
21944.0,-69.0,-2889841.0,4.225,20.65
21949.0,-222.0,-2920308.0,4.542,19.92
21954.0,-128.0,-2979402.0,3.883,19.92
21960.0,-186.0,-3035678.0,4.033,19.18
21965.0,-261.0,-3064393.0,4.192,19.67
21970.0,-179.0,-3121210.0,4.367,18.7
21977.0,-257.0,-3176132.0,4.267,18.45
21982.0,275.0,-3232000.0,4.192,17.96
21987.0,-20.0,-3259331.0,4.05,18.45
21992.0,-472.0,-3312934.0,3.475,18.21
21998.0,-788.0,-3364562.0,3.575,18.21
22002.0,-423.0,-3391245.0,3.192,17.23
22007.0,-356.0,-3442282.0,3.142,16.5
22013.0,-338.0,-3492544.0,2.883,16.98
22019.0,-689.0,-3517509.0,3.167,16.25
22024.0,47.0,-3566694.0,3.317,16.01
22029.0,-179.0,-3616036.0,3.292,15.76
22035.0,71.0,-3663436.0,3.408,15.52
22040.0,-244.0,-3687185.0,3.75,15.52
22045.0,-518.0,-3734278.0,3.658,14.78
22051.0,-50.0,-3780142.0,2.633,14.78
22055.0,-443.0,-3802987.0,3.225,13.32
22061.0,-459.0,-3849022.0,2.508,14.78
22067.0,-449.0,-3894062.0,1.975,14.05
22073.0,-555.0,-3938238.0,2.55,14.54
22078.0,168.0,-3960065.0,1.908,13.81
22083.0,-34.0,-4003418.0,2.292,13.56
22088.0,-364.0,-4045070.0,2.083,13.07
22093.0,-379.0,-4066025.0,2.692,13.32
22098.0,-140.0,-4108312.0,3.05,13.81
22104.0,-486.0,-4148502.0,2.833,13.07
22109.0,-709.0,-4168057.0,3.575,12.59
22114.0,65.0,-4207054.0,2.575,12.59
22120.0,-215.0,-4245806.0,2.3,12.34
22126.0,-259.0,-4283082.0,1.983,12.83
22130.0,50.0,-4301345.0,2.017,12.34
22136.0,-108.0,-4339197.0,1.675,12.59
22142.0,-130.0,-4374775.0,1.442,12.1
22148.0,-566.0,-4410203.0,1.45,11.61
22153.0,161.0,-4427514.0,1.408,12.1
22158.0,-169.0,-4462249.0,2.425,11.85
22164.0,81.0,-4496173.0,2.525,11.36
22169.0,-231.0,-4529563.0,2.1,11.12
22174.0,-418.0,-4546164.0,0.517,11.12
22180.0,-288.0,-4578790.0,2.208,10.87
22185.0,-70.0,-4611094.0,1.775,10.87
22192.0,-356.0,-4642196.0,1.817,11.12
22197.0,-815.0,-4657695.0,2.042,10.63
22202.0,-456.0,-4688308.0,2.125,10.63
22207.0,-138.0,-4718802.0,2.542,10.63
22212.0,-327.0,-4733829.0,2.075,10.39
22217.0,-217.0,-4748390.0,1.267,10.39
22223.0,-81.0,-4791376.0,1.433,10.87
22227.0,220.0,-4805665.0,1.008,10.14
22233.0,-161.0,-4833236.0,1.0,10.39
22239.0,-415.0,-4860260.0,0.883,10.14
22244.0,-324.0,-4873461.0,1.642,10.63
22248.0,33.0,-4900724.0,2.442,9.9
22254.0,-361.0,-4926912.0,1.55,9.65
22259.0,-596.0,-4939857.0,1.2,10.39
22264.0,-398.0,-4965465.0,1.425,9.41
22270.0,-848.0,-4990595.0,1.025,10.14
22276.0,-404.0,-5015377.0,1.492,9.41
22281.0,133.0,-5028156.0,1.358,9.9
22287.0,-3.0,-5052746.0,0.733,9.16
22292.0,-511.0,-5077222.0,0.475,9.16
22298.0,79.0,-5099782.0,0.817,9.41
22303.0,-42.0,-5111083.0,1.175,9.16
22308.0,-60.0,-5132895.0,0.533,9.16
22315.0,-204.0,-5150109.0,1.0,9.16
22320.0,194.0,-5159559.0,1.067,8.92
22325.0,-361.0,-5161606.0,-0.675,8.68
22331.0,-205.0,-5163394.0,-0.375,8.92
22336.0,3.0,-5163702.0,1.133,8.19
22342.0,-367.0,-5162486.0,0.592,8.92
22346.0,-712.0,-5161771.0,0.0,7.94
22352.0,8.0,-5158549.0,0.917,7.94
22358.0,-356.0,-5154665.0,0.533,8.19
22364.0,36.0,-5151253.0,0.158,7.45
22369.0,-95.0,-5149326.0,0.475,7.94
22374.0,-363.0,-5144446.0,0.3,7.21
22380.0,-211.0,-5140294.0,0.225,7.45
22385.0,-359.0,-5135670.0,0.292,6.96
22390.0,-476.0,-5133401.0,0.308,6.23
22396.0,-486.0,-5129239.0,0.317,6.23
22402.0,-406.0,-5125651.0,0.25,6.23
22408.0,-64.0,-5121531.0,0.358,6.72
22413.0,-235.0,-5119286.0,0.275,6.96
22418.0,-161.0,-5116090.0,0.167,6.96
22424.0,-455.0,-5112344.0,0.317,6.48
22429.0,-305.0,-5109060.0,0.208,6.72
22434.0,-526.0,-5107283.0,0.142,6.72
22439.0,-315.0,-5103809.0,0.3,6.96
22446.0,-29.0,-5100415.0,0.233,6.72
22451.0,-389.0,-5098942.0,0.258,7.21
22456.0,-242.0,-5095561.0,0.175,7.21
22461.0,-204.0,-5092679.0,0.175,6.48
22466.0,44.0,-5091374.0,0.283,6.48
22471.0,-381.0,-5088087.0,0.258,7.21
22477.0,245.0,-5085465.0,0.117,7.21
22482.0,-73.0,-5084116.0,0.2,7.21
22487.0,-318.0,-5081053.0,0.125,6.72
22493.0,-570.0,-5077945.0,0.2,6.48
22499.0,-534.0,-5075147.0,0.192,6.48
22503.0,-19.0,-5073618.0,0.058,6.48
22508.0,-438.0,-5070954.0,0.225,6.72
22514.0,-108.0,-5068944.0,0.133,6.48
22519.0,-288.0,-5067317.0,0.15,6.72
22524.0,-365.0,-5064876.0,0.25,6.96
22530.0,-595.0,-5060822.0,-1.458,6.96
22536.0,-65.0,-5055981.0,0.275,6.48
22540.0,202.0,-5036088.0,0.442,6.48
22546.0,-324.0,-5011282.0,-0.683,6.96
22551.0,-70.0,-4998699.0,-0.85,6.72
22556.0,-239.0,-4971110.0,0.592,6.23
22561.0,-15.0,-4942402.0,0.167,6.48
22566.0,-389.0,-4927539.0,-1.958,5.5
22572.0,-668.0,-4896560.0,-0.125,5.5
22578.0,-498.0,-4864322.0,0.883,5.5
22583.0,-118.0,-4831208.0,-0.167,5.25
22588.0,60.0,-4813963.0,-0.075,5.25
22593.0,-165.0,-4779722.0,-1.358,5.01
22599.0,-577.0,-4745192.0,-0.908,4.52
22604.0,-127.0,-4728389.0,-0.6,5.25
22608.0,-50.0,-4692820.0,0.1,4.52
22615.0,380.0,-4656936.0,-0.083,4.77
22620.0,-306.0,-4638467.0,0.083,5.01
22625.0,-761.0,-4601936.0,-0.425,4.52
22630.0,-559.0,-4565224.0,-1.642,4.52
22636.0,-899.0,-4546445.0,-0.792,4.77
22640.0,-372.0,-4509028.0,-0.975,4.28
22646.0,-140.0,-4470560.0,-1.442,4.03
22651.0,-60.0,-4451387.0,-1.458,1.59
22657.0,13.0,-4412142.0,-0.467,4.28
22662.0,-357.0,-4371952.0,-1.142,4.52
22668.0,265.0,-4332104.0,-1.158,4.28
22673.0,-69.0,-4311753.0,-0.833,3.79
22678.0,-266.0,-4271040.0,-1.0,6.96
22683.0,-204.0,-4229486.0,-1.35,3.79
22688.0,-614.0,-4208441.0,-1.675,3.54
22693.0,-247.0,-4165402.0,-1.392,3.54
22700.0,157.0,-4121574.0,-1.717,3.79
22705.0,-57.0,-4099677.0,-1.858,3.3
22710.0,-246.0,-4055612.0,-1.283,3.3
22715.0,54.0,-4011910.0,-0.875,3.3
22720.0,-62.0,-3989019.0,-0.417,3.3
22725.0,-717.0,-3943212.0,-1.192,3.05
22731.0,-517.0,-3896822.0,-0.892,3.3
22736.0,-345.0,-3849690.0,-0.817,2.81
22742.0,-231.0,-3825505.0,-1.492,2.81
22747.0,-556.0,-3778274.0,-1.4,2.57
22753.0,208.0,-3729930.0,-1.217,2.57
22758.0,-448.0,-3705275.0,-1.025,2.32
22763.0,-623.0,-3655410.0,-1.417,2.32
22768.0,-363.0,-3604136.0,-1.3,2.08
22773.0,25.0,-3577149.0,-1.333,2.08
22778.0,176.0,-3524822.0,-1.4,2.57
22785.0,-20.0,-3473254.0,-2.042,2.32
22790.0,-468.0,-3446985.0,-2.183,1.83
22794.0,97.0,-3392898.0,-2.725,1.59
22800.0,-91.0,-3337134.0,-2.65,1.59
22806.0,-419.0,-3280572.0,-2.483,1.83
22811.0,55.0,-3252453.0,-2.742,1.59
22815.0,138.0,-3196186.0,-2.233,0.86
22821.0,-64.0,-3139570.0,-2.542,0.86
22827.0,-512.0,-3110693.0,-2.817,0.61
22832.0,-767.0,-3052140.0,-3.217,0.37
22837.0,-347.0,-2992628.0,-2.833,0.12
22843.0,-253.0,-2963167.0,-3.25,0.37
22847.0,44.0,-2902034.0,-3.083,-0.12
22853.0,-176.0,-2840600.0,-2.733,-0.12
22858.0,-248.0,-2809983.0,-2.867,-0.37
22863.0,-305.0,-2749554.0,-3.033,-0.86
22868.0,-584.0,-2686682.0,-3.425,-1.1
22874.0,-404.0,-2654165.0,-3.3,-0.61
22879.0,-139.0,-2590280.0,-4.067,-1.59
22884.0,-377.0,-2524466.0,-4.158,-1.59
22890.0,-201.0,-2491739.0,-4.517,-2.08
22894.0,-372.0,-2427856.0,-3.908,-1.83
22899.0,-309.0,-2364468.0,-3.958,-2.81
22905.0,-213.0,-2331553.0,-4.642,-3.05
22909.0,-130.0,-2265402.0,-4.867,-2.57
22916.0,-446.0,-2199492.0,-5.125,-3.79
22921.0,-374.0,-2167585.0,-5.75,-4.28
22926.0,-145.0,-2101930.0,-5.125,-4.52
22931.0,92.0,-2038606.0,-5.325,-5.01
22936.0,-140.0,-2005557.0,-5.758,-5.5
22941.0,-115.0,-1941562.0,-6.217,-5.74
22946.0,-165.0,-1875100.0,-6.5,-6.48
22952.0,-391.0,-1841773.0,-6.383,-5.74
22957.0,16.0,-1775934.0,-7.525,-7.21
22962.0,19.0,-1742707.0,-7.008,-6.48
22967.0,-59.0,-1679520.0,-7.292,-8.19
22972.0,-70.0,-1619422.0,-7.975,-8.43
22977.0,-404.0,-1589179.0,-7.492,-8.92
22982.0,-712.0,-1524904.0,-8.342,-9.41
22988.0,-671.0,-1459364.0,-8.092,-10.63
22993.0,-113.0,-1394688.0,-8.375,-10.63
22999.0,-265.0,-1362955.0,-8.325,-13.56
23004.0,-210.0,-1301956.0,-8.275,-12.34
23009.0,-425.0,-1272223.0,-8.067,-12.59
23014.0,-267.0,-1213138.0,-8.65,-13.07
23019.0,-408.0,-1150366.0,-9.367,-13.32
23024.0,-255.0,-1117949.0,-8.783,-14.54
23029.0,61.0,-1055914.0,-8.758,-14.78
23034.0,-78.0,-994944.0,-10.317,-15.76
23041.0,-538.0,-936104.0,-7.575,-16.25
23046.0,-302.0,-909483.0,-8.8,-16.25
23051.0,-165.0,-854194.0,-10.008,-16.74
23056.0,-346.0,-824821.0,-10.0,-16.98
23061.0,-158.0,-762176.0,-10.767,-17.96
23066.0,129.0,-700336.0,-9.55,-18.45
23072.0,-293.0,-648682.0,-10.65,-19.18
23077.0,-127.0,-624745.0,-2.308,-18.7
23083.0,112.0,-580910.0,-4.842,-19.67
23087.0,-509.0,-558839.0,-9.125,-19.67
23092.0,-289.0,-507402.0,-6.4,-19.92
23098.0,-222.0,-455816.0,-6.833,-19.67
23103.0,-294.0,-430885.0,-5.892,-21.87
23108.0,200.0,-383218.0,-4.458,-20.41
23113.0,-81.0,-338420.0,-5.0,-20.65
23119.0,-79.0,-299172.0,-2.658,-19.92
23124.0,-389.0,-281155.0,-3.258,-20.41
23129.0,-144.0,-240082.0,-6.75,-20.16
23134.0,-291.0,-231091.0,4.025,-19.43
23139.0,489.0,-220324.0,0.233,-17.96
23144.0,-216.0,-213556.0,-4.025,-14.3
23150.0,-444.0,-210001.0,0.225,-11.36
23155.0,54.0,-204796.0,0.475,-7.94
23160.0,-103.0,-201232.0,-1.983,-5.74
23165.0,95.0,-200107.0,-0.083,-4.03
23171.0,-177.0,-199006.0,0.108,-2.57
23176.0,-166.0,-199524.0,-0.433,-1.34
23181.0,-32.0,-199939.0,-0.717,-0.12
23186.0,-150.0,-201610.0,-0.275,0.86
23191.0,-169.0,-203962.0,0.217,2.57
23196.0,245.0,-204897.0,-0.525,3.05
23202.0,-197.0,-207792.0,-0.283,5.25
23207.0,-120.0,-210334.0,-0.525,5.74
23213.0,-16.0,-211803.0,0.042,6.96
23218.0,-430.0,-214100.0,-0.692,8.43
23223.0,-285.0,-216366.0,0.0,8.43
23228.0,311.0,-217503.0,-0.425,8.19
23233.0,283.0,-220416.0,-0.417,8.68
23238.0,-48.0,-222588.0,-0.167,7.94
23243.0,-250.0,-223841.0,-0.125,8.19
23248.0,-134.0,-226200.0,-0.325,8.92
23254.0,-165.0,-228158.0,-0.05,8.19
23259.0,-77.0,-229061.0,-0.133,8.19
23265.0,-293.0,-231130.0,-0.083,7.94
23270.0,-112.0,-232540.0,-0.042,7.7
23275.0,-342.0,-233565.0,-0.233,7.7
23280.0,-186.0,-235418.0,-0.283,6.96
23285.0,-127.0,-237584.0,-0.1,6.96
23290.0,-297.0,-238263.0,-0.083,6.72
23296.0,-309.0,-240106.0,-0.275,6.48
23301.0,140.0,-241610.0,-0.233,6.48
23306.0,-328.0,-242351.0,-0.092,6.48
23312.0,88.0,-243634.0,-0.067,6.72
23317.0,-59.0,-245230.0,-0.025,6.48
23322.0,-177.0,-245825.0,-0.108,6.48
23327.0,-165.0,-247266.0,-0.15,6.48
23332.0,54.0,-248700.0,-0.033,7.21
23337.0,-284.0,-249255.0,0.025,6.48
23343.0,-196.0,-250198.0,-0.15,6.96
23348.0,-95.0,-252376.0,-0.45,6.23
23353.0,-451.0,-254025.0,-0.258,6.48
23359.0,-271.0,-280109.0,11.533,6.96
23364.0,650.0,-335157.0,2.025,8.43
23368.0,-1093.0,-367742.0,3.425,10.14
23374.0,85.0,-433903.0,9.967,11.85
23379.0,512.0,-514911.0,9.292,12.83
23384.0,275.0,-560648.0,6.217,13.56
23390.0,-367.0,-642632.0,8.267,14.78
23395.0,-158.0,-728232.0,8.883,15.76
23400.0,-353.0,-770843.0,6.108,16.74
23405.0,-451.0,-852915.0,9.008,18.7
23411.0,-412.0,-936451.0,7.275,20.89
23415.0,-441.0,-975686.0,7.725,23.58
23420.0,-583.0,-1057239.0,8.9,26.52
23427.0,-416.0,-1141045.0,8.167,30.43
23431.0,-375.0,-1182984.0,7.425,33.85
23437.0,-491.0,-1264076.0,6.608,35.56
23442.0,-306.0,-1342202.0,8.358,34.58
23447.0,85.0,-1382977.0,7.217,32.87
23452.0,205.0,-1460532.0,6.592,31.65
23457.0,52.0,-1535918.0,8.067,31.65
23462.0,-341.0,-1573635.0,7.517,30.18
23469.0,-359.0,-1650659.0,7.708,30.43
23474.0,-44.0,-1726523.0,6.725,30.18
23479.0,-379.0,-1763336.0,6.483,29.45
23484.0,-301.0,-1838065.0,6.692,29.2
23489.0,-224.0,-1911297.0,5.6,27.98
23494.0,-275.0,-1946582.0,6.483,27.74
23499.0,-241.0,-1982171.0,6.567,27.0
23504.0,-74.0,-2089949.0,6.375,26.27
23510.0,-71.0,-2125514.0,6.125,26.27
23515.0,-797.0,-2195286.0,5.325,25.29
23521.0,-746.0,-2264062.0,5.7,24.8
23525.0,99.0,-2299373.0,5.175,25.05
23531.0,181.0,-2332010.0,5.292,24.56
23536.0,-390.0,-2431038.0,5.517,23.58
23541.0,-363.0,-2463831.0,6.283,23.09
23546.0,-123.0,-2528597.0,5.358,22.61
23552.0,-174.0,-2591251.0,5.567,22.12
23557.0,-235.0,-2622742.0,5.417,22.85
23562.0,-367.0,-2684541.0,5.317,21.63
23568.0,24.0,-2744553.0,4.725,21.14
23572.0,-523.0,-2774390.0,4.392,21.63
23578.0,-201.0,-2834476.0,4.533,20.89
23583.0,-3.0,-2894348.0,4.492,20.16
23588.0,10.0,-2923479.0,3.883,19.92
23593.0,-114.0,-2980962.0,4.85,18.7
23600.0,16.0,-3039102.0,4.692,19.43
23605.0,-195.0,-3095022.0,4.333,19.18
23610.0,-90.0,-3122093.0,4.542,18.7
23615.0,-460.0,-3177695.0,4.292,18.94
23621.0,-188.0,-3232463.0,4.033,18.7
23626.0,113.0,-3258692.0,3.6,18.94
23631.0,-445.0,-3312107.0,3.442,17.23
23638.0,-377.0,-3364393.0,3.35,17.47
23643.0,-268.0,-3415943.0,2.958,16.74
23648.0,-103.0,-3441198.0,2.775,16.74
23653.0,-111.0,-3491732.0,2.975,16.25
23659.0,-199.0,-3541722.0,2.55,16.01
23664.0,-234.0,-3566111.0,2.908,16.25
23669.0,-166.0,-3614872.0,3.417,15.27
23674.0,-112.0,-3663008.0,3.4,15.76
23681.0,-595.0,-3709822.0,2.808,15.27
23685.0,-614.0,-3732625.0,3.542,14.78
23691.0,-534.0,-3778561.0,2.692,15.27
23697.0,-406.0,-3825553.0,2.517,14.78
23702.0,-211.0,-3869911.0,2.458,14.78
23707.0,-332.0,-3892238.0,2.067,13.81
23712.0,-80.0,-3936316.0,1.858,13.81
23718.0,-348.0,-3980046.0,1.592,13.32
23724.0,-71.0,-4001189.0,2.05,13.81
23729.0,-129.0,-4043830.0,2.275,13.56
23734.0,-201.0,-4084932.0,2.45,13.07
23740.0,-318.0,-4125322.0,2.133,13.56
23744.0,-381.0,-4145287.0,3.375,13.07
23750.0,-311.0,-4184777.0,2.408,12.59
23756.0,-431.0,-4222767.0,2.592,12.59
23760.0,-438.0,-4241364.0,2.817,12.34
23766.0,11.0,-4278863.0,2.383,12.34
23772.0,-701.0,-4316143.0,1.467,12.59
23777.0,-312.0,-4334148.0,3.767,11.85
23782.0,2.0,-4370085.0,-2.458,11.61
23787.0,-384.0,-4405935.0,3.167,12.1
23792.0,145.0,-4422882.0,-0.542,12.1
23797.0,-376.0,-4457053.0,2.067,11.61
23802.0,-426.0,-4490807.0,2.217,11.36
23808.0,-693.0,-4507392.0,1.317,11.61
23813.0,-977.0,-4540655.0,1.1,11.61
23819.0,69.0,-4573473.0,0.967,11.61
23824.0,-126.0,-4589462.0,0.617,10.87
23828.0,-73.0,-4621073.0,-0.142,10.63
23834.0,-407.0,-4651287.0,0.433,10.39
23839.0,-468.0,-4666792.0,1.033,10.39
23844.0,-63.0,-4697189.0,1.85,10.63
23849.0,173.0,-4726755.0,1.625,11.12
23855.0,-182.0,-4741472.0,2.3,10.14
23860.0,-510.0,-4769915.0,2.325,10.14
23866.0,-458.0,-4797557.0,1.383,9.9
23870.0,-35.0,-4811528.0,1.092,9.9
23875.0,-330.0,-4839143.0,0.842,9.9
23881.0,-448.0,-4866011.0,0.775,10.39
23885.0,-127.0,-4879332.0,0.142,10.39
23891.0,139.0,-4905545.0,1.333,9.9
23897.0,131.0,-4931141.0,1.367,9.9
23902.0,-526.0,-4944068.0,1.608,12.1
23907.0,-343.0,-4969507.0,1.55,9.41
23912.0,-291.0,-4995159.0,1.508,9.41
23917.0,-402.0,-5008042.0,1.442,9.41
23922.0,-504.0,-5032293.0,0.575,9.16
23928.0,-148.0,-5055653.0,0.9,9.9
23932.0,51.0,-5067340.0,0.933,9.9
23939.0,105.0,-5090537.0,0.058,9.41
23944.0,-125.0,-5109519.0,0.792,8.92
23949.0,-192.0,-5115694.0,0.458,8.92
23954.0,-245.0,-5124237.0,-0.6,9.41
23959.0,-371.0,-5126429.0,0.875,9.16
23964.0,76.0,-5127792.0,0.175,8.43
23969.0,-392.0,-5127802.0,0.533,8.19
23975.0,-346.0,-5125854.0,0.533,8.19
23982.0,-144.0,-5123002.0,0.175,8.43
23986.0,-297.0,-5121085.0,0.05,7.7
23991.0,-577.0,-5117196.0,0.208,7.45
23997.0,-139.0,-5113350.0,0.217,7.21
24002.0,230.0,-5111209.0,0.1,6.96
24006.0,15.0,-5107048.0,0.317,6.96
24012.0,-7.0,-5102080.0,0.05,6.96
24017.0,-176.0,-5099911.0,0.142,7.21
24023.0,-4.0,-5095539.0,0.275,6.23
24029.0,-264.0,-5092071.0,0.017,6.23
24034.0,-166.0,-5088485.0,0.267,7.21
24039.0,-385.0,-5086536.0,0.325,6.96
24045.0,-333.0,-5083024.0,0.125,6.72
24050.0,-507.0,-5079484.0,0.292,6.96
24056.0,-129.0,-5075988.0,0.242,6.96
24061.0,-174.0,-5074477.0,0.133,7.21
24067.0,-468.0,-5070969.0,0.167,6.72
24073.0,-152.0,-5067387.0,0.117,6.72
24078.0,-312.0,-5064267.0,0.267,7.21
24083.0,141.0,-5062360.0,0.283,6.96
24089.0,-65.0,-5059466.0,0.108,7.21
24094.0,-115.0,-5056210.0,0.292,6.96
24100.0,-455.0,-5053072.0,0.192,6.96
24105.0,-288.0,-5051421.0,0.233,6.48
24110.0,-495.0,-5049772.0,0.2,6.48
24116.0,-157.0,-5045684.0,0.208,6.48
24121.0,-440.0,-5044147.0,0.25,6.96
24126.0,-240.0,-5040947.0,0.208,6.48
24132.0,-24.0,-5038647.0,0.183,6.72
24137.0,-174.0,-5035717.0,0.15,6.48
24142.0,-309.0,-5034282.0,0.158,6.48
24148.0,-77.0,-5032068.0,0.242,6.48
24154.0,-387.0,-5029504.0,0.117,6.48
24160.0,-135.0,-5026508.0,-0.742,6.48
24164.0,-160.0,-5023123.0,-0.183,6.72
24170.0,100.0,-5005249.0,0.967,6.48
24176.0,-352.0,-4980783.0,-1.292,6.72
24181.0,-236.0,-4955281.0,-1.333,5.99
24186.0,-27.0,-4941110.0,0.4,6.23
24192.0,79.0,-4912500.0,-1.5,5.74
24198.0,-63.0,-4882734.0,0.467,5.25
24204.0,-313.0,-4850728.0,0.767,5.5
24208.0,-560.0,-4834321.0,-0.55,5.5
24214.0,-590.0,-4801171.0,-0.367,5.25
24219.0,-490.0,-4766383.0,0.383,5.01
24225.0,-360.0,-4731875.0,-0.633,4.77
24230.0,-319.0,-4714640.0,-0.6,4.52
24236.0,-24.0,-4679394.0,-0.058,4.52
24241.0,124.0,-4643634.0,0.083,4.52
24247.0,-144.0,-4625399.0,-0.208,4.77
24251.0,-57.0,-4588362.0,-0.825,4.52
24257.0,-367.0,-4551040.0,-0.875,4.52
24262.0,-173.0,-4532249.0,-1.508,4.52
24267.0,-208.0,-4494480.0,-1.3,4.77
24272.0,-188.0,-4456440.0,-1.142,5.01
24279.0,-180.0,-4417388.0,-1.342,4.03
24284.0,-267.0,-4397723.0,-1.417,4.03
24289.0,-99.0,-4357465.0,-0.817,4.03
24295.0,-183.0,-4317241.0,-0.883,4.03
24300.0,-13.0,-4276353.0,-0.867,4.52
24305.0,-416.0,-4255608.0,-1.275,3.79
24310.0,-301.0,-4214508.0,-1.05,3.54
24316.0,-221.0,-4171880.0,-0.392,4.28
24322.0,-367.0,-4150021.0,-0.983,3.79
24327.0,-222.0,-4106494.0,-1.85,3.54
24332.0,-794.0,-4062650.0,-1.308,3.54
24337.0,-284.0,-4040823.0,-1.467,3.05
24342.0,-99.0,-3996280.0,-1.517,3.05
24348.0,151.0,-3951160.0,-0.742,2.81
24353.0,3.0,-3928167.0,-0.542,3.05
24357.0,-300.0,-3881118.0,-1.133,2.81
24364.0,-284.0,-3834074.0,-0.625,2.81
24369.0,-108.0,-3809629.0,-0.817,3.79
24374.0,-191.0,-3762046.0,-1.233,1.1
24380.0,-643.0,-3713880.0,-1.758,3.3
24385.0,-147.0,-3664746.0,-1.642,3.05
24390.0,-483.0,-3639599.0,-1.267,2.32
24395.0,-596.0,-3588520.0,-1.775,2.57
24401.0,-268.0,-3535658.0,-1.458,2.32
24407.0,-322.0,-3508879.0,-1.467,2.08
24411.0,-433.0,-3456482.0,-1.642,1.83
24417.0,-531.0,-3403674.0,-2.067,1.59
24422.0,-239.0,-3377013.0,-2.342,1.59
24427.0,-186.0,-3321886.0,-2.183,1.34
24433.0,-170.0,-3265572.0,-2.8,1.34
24438.0,-464.0,-3208710.0,-2.458,1.1
24443.0,-202.0,-3180037.0,-2.558,0.86
24449.0,-317.0,-3123060.0,-2.65,1.34
24455.0,-285.0,-3064898.0,-2.625,1.1
24460.0,41.0,-3036135.0,-2.733,0.37
24464.0,-484.0,-2976620.0,-2.992,0.37
24470.0,-394.0,-2916122.0,-3.4,-0.12
24475.0,-368.0,-2886511.0,-2.75,-0.37
24480.0,-311.0,-2823968.0,-3.175,0.12
24486.0,-107.0,-2762542.0,-3.592,0.12
24492.0,-55.0,-2701396.0,-3.642,-0.37
24497.0,161.0,-2671115.0,-3.258,-1.1
24502.0,-330.0,-2607538.0,-3.208,-1.34
24508.0,-442.0,-2542490.0,-3.65,-1.59
24513.0,-310.0,-2510235.0,-3.517,-1.83
24517.0,-227.0,-2443876.0,-3.633,-1.59
24523.0,-281.0,-2379892.0,-3.833,-2.57
24528.0,-357.0,-2347681.0,-4.617,-3.05
24534.0,-10.0,-2283360.0,-4.892,-3.3
24540.0,-238.0,-2217302.0,-4.992,-3.54
24545.0,-410.0,-2150984.0,-5.075,-3.79
24550.0,304.0,-2118213.0,-5.067,-3.54
24555.0,-103.0,-2052208.0,-5.258,-4.52
24561.0,-745.0,-1987620.0,-5.333,-5.01
24566.0,-321.0,-1956059.0,-5.592,-5.74
24571.0,-220.0,-1892574.0,-6.367,-6.23
24577.0,-648.0,-1825516.0,-6.908,-6.96
24582.0,-160.0,-1792015.0,-6.833,-7.21
24587.0,-291.0,-1726980.0,-7.65,-7.45
24592.0,-392.0,-1660952.0,-7.408,-6.72
24597.0,0.0,-1628835.0,-7.233,-8.92
24602.0,-453.0,-1568052.0,-7.375,-9.41
24608.0,-447.0,-1506888.0,-7.6,-9.9
24613.0,-213.0,-1474805.0,-8.283,-10.39
24617.0,28.0,-1408924.0,-8.142,-11.12
24624.0,-460.0,-1345506.0,-8.333,-11.85
24630.0,-116.0,-1282676.0,-8.633,-12.34
24635.0,-554.0,-1251967.0,-8.317,-12.83
24640.0,-631.0,-1193488.0,-8.367,-13.56
24645.0,-419.0,-1133624.0,-9.092,-14.3
24651.0,-203.0,-1101889.0,-9.492,-14.3
24655.0,-410.0,-1037122.0,-8.767,-15.27
24662.0,51.0,-976206.0,-9.375,-15.52
24667.0,-397.0,-945567.0,-9.75,-16.25
24671.0,-618.0,-887740.0,-8.567,-16.5
24677.0,-262.0,-835808.0,-8.308,-16.74
24682.0,-166.0,-810167.0,-9.658,-17.47
24687.0,-415.0,-752198.0,-10.392,-17.72
24692.0,-708.0,-690478.0,-10.433,-17.72
24697.0,-126.0,-660833.0,-10.875,-18.94
24702.0,-43.0,-608040.0,-4.3,-19.43
24708.0,35.0,-562992.0,-4.617,-19.92
24714.0,-67.0,-540953.0,-7.975,-19.43
24718.0,-210.0,-493902.0,-6.608,-19.43
24724.0,-412.0,-445050.0,-6.342,-19.92
24729.0,-342.0,-420343.0,-6.025,-19.92
24734.0,-427.0,-373930.0,-4.258,-20.16
24739.0,-514.0,-330340.0,-4.733,-22.36
24744.0,-164.0,-309433.0,-3.883,-20.89
24750.0,17.0,-263444.0,-5.458,-20.89
24755.0,-129.0,-226298.0,-1.033,-20.89
24760.0,-353.0,-208771.0,-5.117,-20.89
24765.0,-174.0,-190242.0,-5.167,-20.41
24770.0,-309.0,-185065.0,1.45,-19.18
24775.0,-407.0,-177268.0,2.3,-15.52
24780.0,-332.0,-171398.0,-2.567,-12.83
24786.0,-26.0,-166474.0,-1.267,-10.14
24792.0,-2.0,-164837.0,0.45,-7.45
24797.0,-401.0,-162617.0,-1.083,-3.79
24802.0,-142.0,-162529.0,-0.983,-4.03
24807.0,236.0,-162806.0,0.092,-2.32
24812.0,179.0,-163057.0,-0.492,-1.1
24817.0,-177.0,-164897.0,-1.242,0.61
24822.0,-227.0,-165806.0,0.4,1.34
24827.0,116.0,-166881.0,-0.233,2.57
24834.0,-354.0,-170593.0,-0.733,3.79
24839.0,-218.0,-171470.0,-0.225,5.5
24843.0,-167.0,-172705.0,-0.333,6.96
24849.0,-303.0,-176379.0,-0.458,6.96
24854.0,-449.0,-177326.0,-0.192,7.94
24859.0,-104.0,-178477.0,-0.442,8.19
24864.0,616.0,-182135.0,-0.433,8.92
24869.0,-688.0,-183384.0,-0.375,9.41
24875.0,-337.0,-185145.0,-0.1,8.68
24881.0,-217.0,-187279.0,-0.317,8.92
24886.0,-411.0,-188134.0,-0.283,8.68
24890.0,-530.0,-190165.0,-0.192,9.41
24896.0,-78.0,-191905.0,-0.158,8.19
24901.0,-450.0,-192732.0,-0.208,7.94
24906.0,-305.0,-193631.0,-0.225,7.45
24911.0,-21.0,-196015.0,-0.3,7.45
24916.0,-165.0,-196774.0,-0.058,6.96
24922.0,-384.0,-198910.0,-0.192,6.96
24927.0,-305.0,-200052.0,-0.333,7.21
24933.0,31.0,-200769.0,-0.283,6.96
24938.0,448.0,-202143.0,-0.242,6.96
24942.0,-353.0,-203106.0,-0.108,6.48
24947.0,-389.0,-204169.0,-0.058,6.48
24952.0,-228.0,-205645.0,-0.142,6.48
24958.0,-166.0,-206470.0,-0.142,6.48
24964.0,-114.0,-207697.0,-0.117,6.72
24969.0,-197.0,-208915.0,0.033,6.96
24974.0,-309.0,-209640.0,-0.175,6.72
24979.0,-295.0,-210639.0,-0.208,6.48
24984.0,-128.0,-211739.0,-0.2,6.48
24989.0,-276.0,-211982.0,-0.258,6.96
24994.0,-372.0,-212953.0,-0.083,6.72
24999.0,-375.0,-214365.0,-0.05,6.48
25006.0,-237.0,-214928.0,-0.15,6.48
25011.0,-359.0,-216071.0,-0.117,6.72
25016.0,-114.0,-216657.0,-0.025,6.48
25020.0,179.0,-217204.0,-0.067,6.23
25025.0,155.0,-218065.0,-0.075,6.23
25031.0,-114.0,-219119.0,-0.117,6.48
25036.0,-308.0,-219388.0,-0.042,6.23
25041.0,-746.0,-220515.0,-0.058,6.48
25047.0,-225.0,-221091.0,0.0,6.23
25052.0,-37.0,-221226.0,-0.067,6.48
25057.0,-380.0,-221803.0,-0.1,6.96
25061.0,-261.0,-222964.0,-0.058,6.48
25066.0,-509.0,-223693.0,0.05,6.23
25071.0,-646.0,-224283.0,-0.058,6.48
25076.0,-614.0,-224704.0,-0.117,6.23
25082.0,-210.0,-225231.0,-0.083,6.23
25088.0,-531.0,-226175.0,-0.008,6.48
25093.0,-179.0,-226578.0,-0.075,6.48
25098.0,87.0,-227359.0,-0.025,6.23
25103.0,-108.0,-228209.0,-0.083,6.96
25108.0,-374.0,-228682.0,-0.067,6.72
25113.0,-78.0,-228883.0,-0.067,6.23
25118.0,-251.0,-230131.0,0.05,6.96
25123.0,-679.0,-230318.0,-0.042,7.21
25128.0,-21.0,-230775.0,-0.108,6.48
25135.0,-300.0,-231073.0,0.017,6.96
25140.0,-456.0,-231306.0,-0.067,6.48
25145.0,-398.0,-231691.0,-0.183,6.23
25150.0,-243.0,-232847.0,0.017,6.23
25155.0,-117.0,-233178.0,-0.025,6.23
25160.0,-373.0,-233757.0,-0.042,6.48
25165.0,-236.0,-234355.0,-0.033,6.72
25170.0,-64.0,-235022.0,-0.033,6.23
25177.0,-166.0,-235314.0,0.017,6.48
25182.0,-213.0,-235422.0,0.017,6.72
25187.0,-176.0,-235631.0,-0.008,6.72
25192.0,-240.0,-235954.0,-0.033,6.48
25197.0,81.0,-237160.0,-0.1,6.48
25202.0,-13.0,-237419.0,-0.042,6.72
25207.0,95.0,-237879.0,-0.067,6.48
25212.0,112.0,-238463.0,-0.033,6.96
25218.0,81.0,-238712.0,0.033,6.96
25223.0,-71.0,-239378.0,-0.092,6.48
25229.0,168.0,-239688.0,-0.092,6.23
25233.0,155.0,-239699.0,-0.017,7.21
25239.0,-221.0,-240379.0,-0.008,6.96
25244.0,-346.0,-240471.0,-0.125,6.96
25248.0,111.0,-240712.0,-0.175,6.23
25254.0,-817.0,-241618.0,-0.017,6.72
25260.0,-402.0,-242076.0,-0.008,6.23
25265.0,125.0,-242171.0,0.075,6.48
25270.0,-305.0,-242705.0,-0.058,6.23
25275.0,-488.0,-242955.0,0.017,6.48
25280.0,-275.0,-243092.0,-0.025,6.23
25286.0,-301.0,-243472.0,-0.025,6.23
25291.0,-402.0,-244022.0,-0.1,6.96
25295.0,-113.0,-244329.0,-0.058,6.23
25302.0,-127.0,-245079.0,-0.075,6.23
25307.0,-90.0,-245505.0,-0.067,6.48
25312.0,-33.0,-245496.0,-0.05,6.96
25317.0,-293.0,-245648.0,-0.05,6.96
25322.0,-348.0,-246208.0,-0.025,6.48
25327.0,-741.0,-246471.0,-0.008,6.72
25332.0,-431.0,-246889.0,-0.025,6.96
25338.0,-662.0,-246961.0,-0.058,6.23
25342.0,-311.0,-247470.0,-0.05,6.48
25349.0,-243.0,-247936.0,-0.025,6.96
25354.0,-438.0,-247998.0,-0.017,6.96
25359.0,-241.0,-248301.0,-0.033,6.48
25364.0,-235.0,-248815.0,-0.033,6.23
25369.0,-262.0,-248763.0,0.042,6.72
25374.0,-135.0,-248998.0,0.025,7.21
25379.0,-531.0,-249530.0,0.075,6.23
25385.0,-636.0,-249654.0,0.025,6.96
25390.0,-355.0,-249881.0,0.033,6.48
25396.0,-319.0,-250333.0,0.05,6.96
25401.0,-290.0,-250651.0,0.017,6.48
25405.0,-437.0,-250724.0,0.075,6.48
25411.0,-121.0,-251218.0,0.008,6.48
25416.0,66.0,-251528.0,-0.008,6.72
25421.0,-363.0,-251391.0,0.108,6.48
25426.0,-259.0,-251995.0,0.033,6.23
25432.0,182.0,-252159.0,0.067,6.48
25437.0,-283.0,-252258.0,-0.075,6.48
25443.0,149.0,-252716.0,-0.058,6.48
25448.0,-42.0,-252698.0,0.042,6.48
25452.0,-201.0,-252975.0,-0.108,6.48
25458.0,-109.0,-252981.0,0.008,6.48
25463.0,-10.0,-253693.0,-0.042,6.23
25468.0,-129.0,-253626.0,0.042,6.72
25474.0,-217.0,-253910.0,-0.017,6.48
25479.0,48.0,-254180.0,0.017,6.48
25484.0,-51.0,-254031.0,-0.008,6.48
25489.0,-315.0,-254405.0,0.017,6.96
25494.0,-254.0,-254822.0,-0.025,6.48
25499.0,330.0,-255139.0,-0.025,6.96
25505.0,-48.0,-255195.0,0.033,6.23
25509.0,-121.0,-255368.0,-0.033,6.48
25515.0,55.0,-255833.0,-0.083,6.48
25521.0,-437.0,-256075.0,-0.067,6.48
25525.0,-12.0,-256150.0,-0.008,6.72
25530.0,-514.0,-256869.0,-0.025,6.48
25536.0,68.0,-256817.0,0.0,6.96
25541.0,-51.0,-256884.0,0.017,6.48
25546.0,-359.0,-257443.0,0.025,6.48
25551.0,-376.0,-257233.0,-0.017,6.48
25555.0,-137.0,-257270.0,0.017,6.48
25562.0,-257.0,-257532.0,-0.025,6.96
25567.0,-250.0,-257874.0,0.05,6.23
25572.0,-391.0,-258287.0,0.05,6.96
25577.0,-257.0,-258227.0,-0.017,6.48
25582.0,-284.0,-258463.0,-0.033,6.48
25587.0,-251.0,-258284.0,0.0,6.48
25592.0,135.0,-258706.0,0.008,6.48
25598.0,-330.0,-258996.0,-0.042,6.48
25603.0,-489.0,-259027.0,-0.025,6.23
25609.0,-177.0,-259207.0,0.067,6.72
25614.0,-70.0,-259309.0,-0.033,6.23
25618.0,-503.0,-259806.0,0.083,6.48
25624.0,43.0,-259810.0,0.033,6.23
25629.0,-26.0,-260058.0,-0.017,6.96
25634.0,-153.0,-260375.0,-0.025,6.23
25639.0,-333.0,-259981.0,-0.05,6.96
25645.0,-78.0,-260703.0,-0.117,6.48
25650.0,13.0,-260856.0,-0.033,6.23
25655.0,-355.0,-260640.0,0.017,6.23
25660.0,-338.0,-260729.0,0.025,6.23
25665.0,-238.0,-261296.0,-0.017,6.48
25671.0,-420.0,-261240.0,-0.042,6.48
25675.0,-179.0,-261289.0,-0.125,6.96
25680.0,-112.0,-261448.0,-0.033,6.23
25687.0,-158.0,-261994.0,0.025,6.48
25691.0,99.0,-262079.0,0.025,6.23
25696.0,-401.0,-261954.0,0.033,6.72
25701.0,-170.0,-262034.0,0.008,6.23
25706.0,-305.0,-261935.0,-0.042,6.23
25712.0,-73.0,-262735.0,-0.025,6.72
25716.0,-352.0,-262756.0,-0.058,6.72
25721.0,-453.0,-262809.0,0.15,6.96
25726.0,-177.0,-262835.0,0.0,6.23
25732.0,-280.0,-262820.0,-0.025,6.48
25737.0,-414.0,-263275.0,0.008,6.48
25743.0,-56.0,-263221.0,-0.025,6.72
25747.0,-377.0,-263434.0,-0.017,6.72
25753.0,39.0,-263392.0,-0.033,6.23
25758.0,25.0,-263910.0,-0.042,6.48
25763.0,-56.0,-263691.0,-0.042,6.48
25768.0,-346.0,-263820.0,0.092,6.23
25774.0,-404.0,-264016.0,0.017,6.48
25779.0,-79.0,-264203.0,0.033,6.48
25784.0,-99.0,-264484.0,0.0,6.48
25790.0,-809.0,-264536.0,0.075,6.23
25794.0,-376.0,-264669.0,-0.017,6.48
25799.0,-372.0,-264818.0,0.0,6.48
25805.0,-302.0,-264798.0,0.117,6.72
25810.0,-337.0,-264597.0,0.05,6.72
25816.0,-345.0,-264928.0,0.042,6.96
25821.0,-439.0,-265634.0,0.025,6.48
25826.0,-278.0,-265625.0,0.058,6.23
25831.0,-42.0,-265576.0,0.0,6.23
25836.0,-188.0,-265774.0,0.0,6.23
25841.0,-157.0,-265391.0,0.05,6.23
25847.0,-167.0,-266013.0,0.075,6.48
25852.0,231.0,-265665.0,0.017,6.72
25858.0,44.0,-265814.0,0.008,6.72
25862.0,37.0,-266337.0,0.017,6.23
25868.0,-173.0,-266151.0,0.042,6.48
25872.0,-240.0,-266038.0,0.0,6.72
25878.0,-64.0,-266460.0,-0.008,6.48
25883.0,-146.0,-266550.0,-0.067,6.48
25888.0,-297.0,-266603.0,-0.008,6.48
25893.0,-169.0,-266726.0,-0.025,6.48
25900.0,-433.0,-266920.0,-0.017,6.96
25904.0,-368.0,-267053.0,0.075,5.74
25910.0,-194.0,-266836.0,0.008,6.23
25915.0,-474.0,-267044.0,-0.067,6.48
25920.0,-467.0,-266953.0,-0.008,6.23
25925.0,37.0,-266888.0,0.075,6.48
25930.0,-89.0,-267592.0,0.0,6.23
25935.0,-204.0,-267653.0,-0.017,6.23
25940.0,150.0,-267359.0,-0.058,6.48
25947.0,-338.0,-267703.0,0.042,6.96
25952.0,-70.0,-267829.0,0.025,6.23
25957.0,-171.0,-267542.0,0.042,6.48
25963.0,-347.0,-268110.0,-0.042,6.23
25968.0,-265.0,-268042.0,-0.008,6.72
25974.0,-271.0,-268134.0,-0.017,6.72
25978.0,-382.0,-268403.0,0.033,6.72
25985.0,-352.0,-268435.0,0.033,6.96
25990.0,-398.0,-268619.0,-0.092,6.96
25995.0,-125.0,-268934.0,0.05,6.48
26000.0,54.0,-269001.0,0.033,6.48
26005.0,-342.0,-268653.0,0.0,6.23
26010.0,-195.0,-268696.0,0.142,5.99
26015.0,-1.0,-269234.0,-0.05,6.23
26021.0,-503.0,-269192.0,0.05,6.48
26027.0,62.0,-269147.0,-0.083,6.48
26032.0,-90.0,-269187.0,0.05,6.48
26038.0,-330.0,-269159.0,-0.008,6.96
26043.0,54.0,-269727.0,0.0,6.72
26048.0,23.0,-269612.0,-0.05,6.96
26053.0,-245.0,-269314.0,0.075,6.48
26059.0,-373.0,-269488.0,-0.017,6.72
26063.0,-370.0,-269645.0,-0.017,6.72
26068.0,-271.0,-269791.0,0.033,6.23
26075.0,-235.0,-269651.0,0.017,6.23
26080.0,-190.0,-269700.0,0.017,6.23
26085.0,-416.0,-270372.0,0.033,6.48
26091.0,-232.0,-270000.0,-0.008,6.23
26096.0,-316.0,-270296.0,-0.017,6.48
26101.0,-113.0,-270459.0,0.042,6.96
26106.0,183.0,-270297.0,0.025,6.96
26113.0,169.0,-270365.0,-0.033,6.96
26118.0,-423.0,-270483.0,-0.008,6.48
26123.0,-276.0,-270450.0,0.067,6.23
26129.0,-178.0,-270574.0,-0.008,6.48
26134.0,42.0,-270722.0,0.025,6.48
26139.0,-26.0,-271073.0,0.042,6.23
26144.0,-41.0,-271122.0,-0.017,6.48
26149.0,-29.0,-270802.0,0.008,6.48
26155.0,-294.0,-271091.0,-0.083,6.48
26160.0,-297.0,-271111.0,-0.042,6.48
26166.0,-609.0,-271475.0,0.083,6.48
26170.0,-666.0,-271308.0,-0.05,6.48
26175.0,-451.0,-270778.0,0.025,6.23
26181.0,-689.0,-271154.0,0.067,6.48
26186.0,-644.0,-271277.0,-0.033,6.72
26191.0,-257.0,-271559.0,0.083,6.48
26196.0,-81.0,-271125.0,0.058,6.48
26202.0,-128.0,-271414.0,-0.117,6.48
26207.0,-419.0,-271392.0,0.008,6.48
26212.0,161.0,-271756.0,-0.017,6.48
26217.0,42.0,-271849.0,0.042,6.23
26222.0,-93.0,-271669.0,-0.008,6.48
26228.0,-221.0,-271955.0,0.033,6.48
26232.0,-152.0,-271712.0,0.075,6.72
26238.0,-26.0,-271916.0,-0.058,6.23
26244.0,-364.0,-272262.0,-0.033,6.23
26249.0,-20.0,-272255.0,-0.025,6.48
26254.0,73.0,-272108.0,-0.058,6.72
26259.0,-491.0,-272398.0,0.0,6.48
26265.0,-231.0,-272231.0,-0.033,6.96
26269.0,-74.0,-272436.0,0.008,6.48
26275.0,-368.0,-272328.0,-0.042,6.23
26280.0,-98.0,-272447.0,0.033,6.96
26285.0,-259.0,-272688.0,-0.075,6.96
26291.0,-403.0,-272592.0,0.0,6.96
26296.0,-313.0,-272847.0,0.075,6.96
26301.0,-174.0,-272562.0,-0.008,6.72
26306.0,-206.0,-272568.0,-0.05,6.48
26311.0,-504.0,-272529.0,0.042,6.48
26316.0,-501.0,-272816.0,0.033,6.23
26321.0,-7.0,-273014.0,0.092,6.23
26327.0,-48.0,-273169.0,0.1,6.96
26332.0,-343.0,-273153.0,-0.008,6.48
26338.0,-311.0,-272845.0,0.05,6.48
26342.0,-320.0,-272942.0,-0.017,6.23
26347.0,-109.0,-273562.0,-0.033,6.72
26353.0,-423.0,-273222.0,0.017,6.48
26358.0,-210.0,-273411.0,0.083,6.48
26363.0,125.0,-273257.0,0.1,6.23
26369.0,9.0,-273427.0,0.05,6.48
26374.0,-296.0,-273280.0,-0.058,6.48
26379.0,12.0,-273182.0,0.042,6.96
26385.0,-160.0,-273360.0,0.033,6.96
26390.0,-88.0,-273665.0,0.058,6.72
26394.0,-37.0,-273546.0,0.0,5.99
26400.0,-173.0,-273644.0,-0.008,6.48
26405.0,-401.0,-273589.0,-0.033,6.48
26411.0,-200.0,-273664.0,0.05,6.48
26416.0,160.0,-273742.0,0.042,6.48
26421.0,-146.0,-273619.0,-0.017,6.23
26426.0,-241.0,-274044.0,0.0,6.23
26431.0,-45.0,-274074.0,0.033,6.23
26436.0,-95.0,-273709.0,-0.083,7.21
26442.0,-158.0,-274049.0,0.025,6.23
26447.0,-402.0,-274397.0,0.017,6.23
26452.0,-56.0,-274118.0,0.008,6.72
26458.0,-61.0,-274353.0,0.0,6.72
26463.0,-355.0,-274587.0,-0.025,6.23
26468.0,47.0,-274344.0,0.025,6.48
26473.0,-354.0,-274383.0,-0.092,6.48
26478.0,-906.0,-274437.0,0.0,6.72
26484.0,-268.0,-274050.0,0.142,6.72
26488.0,-121.0,-274155.0,-0.008,6.48
26494.0,-211.0,-274281.0,0.0,6.72
26500.0,-163.0,-274578.0,0.025,6.72
26504.0,-230.0,-274633.0,-0.033,6.72
26510.0,-392.0,-274803.0,0.008,6.23
26515.0,-244.0,-274602.0,-0.017,6.48
26520.0,-167.0,-274505.0,0.033,6.48
26525.0,47.0,-274935.0,0.017,6.23
26530.0,-165.0,-275214.0,-0.017,6.23
26535.0,-232.0,-274751.0,0.058,6.48
26542.0,106.0,-275049.0,-0.025,6.72
26547.0,-34.0,-274776.0,0.075,7.21
26551.0,-347.0,-275011.0,0.033,6.48
26556.0,-197.0,-274660.0,0.083,6.72
26561.0,0.0,-274983.0,0.125,6.48
26566.0,-80.0,-274857.0,0.075,6.48
26571.0,-368.0,-274892.0,-0.083,6.23
26576.0,-213.0,-274963.0,0.067,6.72
26583.0,-401.0,-275331.0,0.033,6.72
26588.0,17.0,-275424.0,-0.058,6.96
26592.0,-18.0,-274919.0,0.008,6.23
26598.0,-174.0,-275229.0,-0.042,6.96
26603.0,-118.0,-275094.0,-0.025,6.23
26608.0,-253.0,-275541.0,0.05,6.72
26613.0,-205.0,-275505.0,0.05,6.96
26618.0,-287.0,-275528.0,0.067,6.96
26624.0,-284.0,-275485.0,0.067,6.23
26629.0,70.0,-275453.0,0.033,8.68
26634.0,34.0,-275454.0,0.05,6.23
26639.0,135.0,-275537.0,0.108,6.23
26645.0,-305.0,-275705.0,0.042,6.23
26650.0,-533.0,-275566.0,0.042,6.48
26654.0,-398.0,-275133.0,0.058,6.96
26660.0,-310.0,-275797.0,0.0,6.72
26665.0,-206.0,-275668.0,0.025,6.48
26671.0,-305.0,-275607.0,0.075,6.48
26676.0,-199.0,-275664.0,0.017,6.48
26680.0,-172.0,-275913.0,-0.05,6.48
26685.0,-79.0,-276095.0,0.042,6.48
26690.0,-183.0,-275726.0,0.042,6.48
26695.0,26.0,-275807.0,0.067,6.96
26700.0,-78.0,-275774.0,0.017,6.48
26705.0,-107.0,-275793.0,0.0,6.48
26711.0,-86.0,-275741.0,-0.058,6.48
26716.0,-136.0,-275940.0,0.1,6.96
26721.0,-185.0,-276002.0,0.008,6.48
26726.0,-345.0,-276290.0,0.05,6.23
26732.0,-45.0,-275871.0,0.033,6.48
26736.0,116.0,-275982.0,0.142,7.21
26742.0,-134.0,-276144.0,0.017,6.48
26747.0,-446.0,-276359.0,-0.083,6.96
26752.0,-507.0,-276276.0,-0.008,6.23
26758.0,-411.0,-276322.0,0.008,6.48
26763.0,-35.0,-276045.0,0.05,6.23
26768.0,10.0,-275748.0,0.125,6.23
26773.0,-328.0,-276270.0,0.033,6.72
26778.0,28.0,-276477.0,0.058,6.23
26783.0,-333.0,-276416.0,-0.042,6.48
26788.0,-505.0,-276436.0,-0.042,6.96
26793.0,-547.0,-276179.0,-0.067,6.48
26799.0,-402.0,-276432.0,0.1,6.23
26805.0,-82.0,-276262.0,-0.042,6.48
26810.0,-42.0,-276305.0,0.008,6.96
26814.0,11.0,-276634.0,-0.025,6.48
26819.0,-169.0,-276101.0,0.042,6.48
26824.0,-371.0,-276506.0,0.025,6.48
26830.0,-500.0,-276766.0,0.133,6.48
26835.0,-406.0,-276754.0,0.067,6.48
26841.0,-188.0,-276371.0,0.167,6.72
26846.0,-59.0,-276504.0,-0.017,6.48
26851.0,-309.0,-276647.0,0.025,6.96
26856.0,-55.0,-276806.0,0.167,6.48
26861.0,66.0,-276748.0,0.058,6.48
26866.0,-318.0,-276611.0,0.067,6.96
26871.0,-4.0,-276466.0,0.05,6.48
26876.0,85.0,-276648.0,0.05,6.23
26882.0,-345.0,-276731.0,0.1,6.72
26887.0,-188.0,-276924.0,0.058,6.72
26892.0,-3.0,-277133.0,0.025,6.96
26897.0,-135.0,-277222.0,-0.025,6.72
26902.0,-222.0,-276640.0,-0.033,6.23
26907.0,-114.0,-276831.0,0.008,6.48
26912.0,-30.0,-276998.0,-0.042,6.72
26917.0,-41.0,-276668.0,0.017,6.23
26923.0,-75.0,-276833.0,-0.025,6.96
26928.0,204.0,-277194.0,-0.008,6.48
26932.0,51.0,-277151.0,0.05,6.23
26937.0,-375.0,-276774.0,0.0,6.48
26942.0,-184.0,-277488.0,0.025,6.23
26947.0,-404.0,-277415.0,-0.025,6.23
26953.0,-334.0,-276728.0,0.05,6.96
26958.0,-339.0,-276998.0,-0.025,6.96
26963.0,-83.0,-276969.0,-0.042,6.96
26968.0,-244.0,-276928.0,-0.025,6.48
26973.0,-47.0,-276649.0,0.025,6.96
26978.0,-173.0,-277412.0,0.042,6.23
26983.0,264.0,-277220.0,0.033,6.23
26988.0,120.0,-277045.0,0.025,7.7
26993.0,14.0,-277216.0,0.025,6.23
26998.0,-243.0,-276936.0,0.058,6.72
27004.0,-549.0,-277031.0,-0.058,6.48
27010.0,-301.0,-277404.0,0.0,6.23
27015.0,-162.0,-277276.0,0.05,6.23
27020.0,-44.0,-277523.0,0.067,6.23
27024.0,55.0,-277676.0,0.0,6.72
27029.0,-107.0,-277421.0,0.075,6.48
27034.0,-595.0,-277158.0,0.067,6.48
27040.0,-408.0,-277030.0,0.075,6.72
27045.0,-70.0,-276947.0,0.058,6.48
27051.0,-310.0,-277256.0,0.033,6.23
27056.0,-175.0,-277446.0,0.025,6.96
27061.0,429.0,-277573.0,0.075,6.96
27066.0,-505.0,-277154.0,0.008,6.23
27071.0,-632.0,-277610.0,-0.033,6.23
27076.0,218.0,-277629.0,-0.025,6.48
27081.0,-200.0,-277848.0,0.0,6.23
27086.0,-375.0,-277286.0,0.042,6.23
27091.0,-205.0,-277433.0,-0.025,6.72
27098.0,-81.0,-277488.0,-0.025,6.48
27103.0,-290.0,-277290.0,0.108,6.48
27108.0,-280.0,-277395.0,0.017,6.96
27113.0,124.0,-277574.0,0.0,6.48
27118.0,-253.0,-277680.0,0.075,6.48
27123.0,-387.0,-277881.0,0.008,7.21
27128.0,-299.0,-277698.0,-0.058,6.48
27133.0,-354.0,-278116.0,0.008,6.48
27139.0,-602.0,-277607.0,0.033,6.96
27144.0,-184.0,-278120.0,0.008,6.48
27149.0,-479.0,-277526.0,0.017,6.23
27155.0,-21.0,-277533.0,0.083,6.48
27160.0,-229.0,-277892.0,0.05,6.72
27165.0,-66.0,-278002.0,-0.058,6.23
27170.0,260.0,-277893.0,0.067,6.48
27175.0,-256.0,-277870.0,0.05,6.48
27181.0,-65.0,-277750.0,0.033,6.48
27186.0,-701.0,-277787.0,-0.008,6.48
27191.0,-551.0,-278090.0,0.092,6.48
27196.0,-332.0,-278220.0,-0.033,6.48
27201.0,164.0,-278131.0,0.033,6.23
27206.0,-140.0,-277922.0,0.1,6.48
27212.0,-21.0,-277950.0,0.058,6.48
27217.0,-325.0,-277959.0,-0.042,6.48
27223.0,259.0,-278080.0,0.067,6.72
27228.0,-16.0,-278208.0,-0.008,6.23
27233.0,-270.0,-278123.0,0.067,5.01
27238.0,-140.0,-277690.0,-0.033,6.96
27243.0,-185.0,-277922.0,-0.025,6.96
27248.0,69.0,-277849.0,0.083,6.96
27254.0,-341.0,-277961.0,0.033,6.48
27259.0,174.0,-277831.0,0.067,6.48
27264.0,-151.0,-278054.0,-0.058,6.23
27270.0,-203.0,-278086.0,0.075,6.48
27275.0,-174.0,-278252.0,-0.075,6.72
27280.0,-19.0,-278029.0,0.025,6.48
27285.0,-555.0,-277813.0,-0.058,6.48
27290.0,-446.0,-278255.0,0.017,6.72
27295.0,-261.0,-277984.0,0.008,6.72
27300.0,-235.0,-278172.0,0.025,6.96
27305.0,-400.0,-278080.0,0.025,6.23
27311.0,-505.0,-278133.0,0.083,6.96
27317.0,-463.0,-278057.0,-0.008,6.96
27322.0,-316.0,-278421.0,0.008,6.48
27326.0,165.0,-278534.0,0.083,6.23
27332.0,-95.0,-278204.0,0.033,6.96
27337.0,-92.0,-278242.0,0.025,6.96
27342.0,-139.0,-278143.0,-0.033,6.23
27347.0,-33.0,-277967.0,0.025,6.48
27353.0,-288.0,-277991.0,-0.008,6.23
27358.0,-325.0,-278188.0,0.05,6.96
27363.0,-129.0,-278494.0,-0.042,6.72
27368.0,-288.0,-278428.0,0.058,6.48
27373.0,-479.0,-278205.0,0.067,6.23
27379.0,-101.0,-277745.0,0.042,6.48
27384.0,-122.0,-277989.0,0.0,6.48
27388.0,-139.0,-278226.0,-0.05,6.48
27395.0,113.0,-278652.0,0.117,6.72
27400.0,80.0,-277878.0,0.15,6.23
27405.0,-367.0,-278021.0,-0.008,6.23
27410.0,-221.0,-277997.0,0.008,6.48
27415.0,-178.0,-278073.0,0.05,6.96
27420.0,-407.0,-278184.0,-0.042,6.23
27425.0,-517.0,-278298.0,0.067,6.23
27431.0,-328.0,-278218.0,0.1,6.48
27436.0,-245.0,-278217.0,0.0,6.23
27442.0,-99.0,-278161.0,-0.058,6.72
27446.0,164.0,-278254.0,0.108,6.72
27451.0,-398.0,-277983.0,0.025,6.96
27457.0,-488.0,-277941.0,-0.025,6.23
27462.0,-213.0,-278442.0,0.033,6.23
27467.0,-105.0,-277983.0,0.033,6.23
27472.0,-61.0,-278397.0,0.0,6.48
27478.0,-30.0,-278556.0,0.025,6.48
27483.0,-138.0,-278733.0,0.058,6.48
27488.0,-340.0,-278601.0,0.058,6.96
27493.0,-125.0,-278472.0,0.033,6.23
27498.0,23.0,-278293.0,-0.05,6.48
27503.0,-222.0,-278321.0,0.008,6.72
27508.0,-311.0,-278430.0,-0.008,6.48
27513.0,-69.0,-278648.0,0.058,6.48
27518.0,-442.0,-278468.0,0.017,6.48
27524.0,-393.0,-278361.0,0.025,6.48
27530.0,-337.0,-278489.0,0.008,6.48
27535.0,-262.0,-278259.0,0.025,6.72
27539.0,-107.0,-278382.0,-0.075,6.48
27545.0,-411.0,-278560.0,0.042,6.48
27551.0,-417.0,-278370.0,0.008,6.48
27555.0,-382.0,-278473.0,0.1,6.48
27560.0,-224.0,-278140.0,0.067,6.72
27567.0,-12.0,-278464.0,-0.058,6.48
27571.0,-67.0,-278039.0,0.108,6.48
27576.0,-445.0,-278660.0,-0.033,6.48
27582.0,-424.0,-278496.0,0.033,6.72
27586.0,-63.0,-278411.0,-0.05,6.96
27592.0,-67.0,-278407.0,-0.008,6.48
27596.0,-222.0,-278328.0,-0.05,6.96
27601.0,-240.0,-278119.0,0.05,6.23
27608.0,-240.0,-278803.0,-0.042,6.72
27613.0,-103.0,-278700.0,0.033,6.72
27618.0,-157.0,-278465.0,0.0,6.48
27623.0,-191.0,-278359.0,0.042,6.48
27628.0,26.0,-278802.0,0.05,6.48
27633.0,-382.0,-278597.0,-0.042,6.48
27638.0,142.0,-278729.0,0.058,6.23
27643.0,-37.0,-278506.0,-0.1,6.23
27649.0,-287.0,-278651.0,-0.025,6.96
27655.0,-205.0,-278843.0,0.0,6.48
27659.0,-96.0,-278974.0,-0.117,7.45
27664.0,386.0,-278649.0,0.133,6.23
27670.0,-236.0,-278767.0,0.092,6.23
27674.0,-415.0,-278730.0,-0.083,6.48
27680.0,-41.0,-278901.0,0.017,6.96
27685.0,-169.0,-278565.0,0.042,6.72
27691.0,-46.0,-278388.0,-0.083,6.23
27696.0,-442.0,-278517.0,-0.017,6.23
27701.0,-242.0,-278677.0,0.0,6.48
27706.0,-265.0,-278594.0,0.025,7.21
27711.0,-7.0,-278509.0,0.017,6.48
27716.0,105.0,-278781.0,-0.008,6.48
27721.0,50.0,-278972.0,0.067,6.23
27727.0,-494.0,-278866.0,0.05,6.23
27732.0,-408.0,-278640.0,0.05,6.23
27738.0,-77.0,-278679.0,-0.05,6.96
27743.0,147.0,-278758.0,0.008,6.96
27748.0,-77.0,-278736.0,-0.008,6.96
27753.0,190.0,-278689.0,0.017,6.48
27758.0,-20.0,-278616.0,0.0,6.23
27763.0,-404.0,-278756.0,0.017,6.23
27768.0,-229.0,-278513.0,-0.05,6.23
