time_ms,p1,p2,f3,f4
17171.0,128.0,160876.0,0.075,6.96
17176.0,165.0,160933.0,0.058,6.23
17181.0,-201.0,160793.0,0.058,6.48
17187.0,17.0,159931.0,0.025,6.23
17192.0,23.0,160314.0,0.05,6.23
17197.0,48.0,160377.0,0.008,6.23
17203.0,-140.0,160661.0,0.008,6.23
17208.0,316.0,160332.0,0.058,6.23
17213.0,231.0,160583.0,0.025,6.96
17218.0,-261.0,160351.0,0.025,6.96
17223.0,5.0,160390.0,-0.008,6.48
17228.0,-20.0,160251.0,0.017,6.23
17233.0,-144.0,160605.0,0.025,6.23
17239.0,-196.0,160590.0,0.017,6.48
17244.0,-325.0,160823.0,-0.042,6.96
17249.0,1.0,160561.0,-0.008,6.48
17254.0,56.0,160264.0,0.0,6.96
17259.0,-328.0,160620.0,0.05,6.23
17265.0,92.0,160624.0,0.075,6.48
17270.0,172.0,160595.0,0.05,6.48
17275.0,9.0,160428.0,0.025,6.96
17281.0,-19.0,160652.0,0.058,6.48
17286.0,19.0,160479.0,0.008,6.48
17291.0,-90.0,160532.0,-0.033,6.23
17296.0,120.0,160433.0,0.033,6.72
17300.0,309.0,160418.0,0.083,6.23
17306.0,131.0,160402.0,-0.042,6.23
17311.0,211.0,160491.0,-0.008,6.72
17316.0,206.0,160406.0,0.008,6.23
17321.0,330.0,160328.0,0.025,6.23
17327.0,192.0,160389.0,-0.042,6.23
17332.0,-289.0,160390.0,0.125,6.23
17338.0,-7.0,160362.0,0.033,6.23
17343.0,439.0,160447.0,0.067,6.23
17347.0,472.0,160634.0,0.017,6.72
17353.0,-326.0,160588.0,-0.083,6.23
17358.0,68.0,160553.0,-0.017,6.23
17362.0,139.0,160542.0,0.083,6.23
17369.0,-97.0,160408.0,-0.017,6.23
17374.0,-123.0,160345.0,0.017,6.23
17379.0,138.0,160232.0,-0.017,6.72
17384.0,222.0,160618.0,0.075,6.23
17389.0,26.0,160531.0,0.008,6.23
17394.0,133.0,160422.0,0.033,6.48
17399.0,-143.0,160394.0,0.083,6.23
17404.0,-117.0,160113.0,0.058,6.96
17410.0,-168.0,160022.0,0.167,6.23
17416.0,206.0,160498.0,0.125,6.23
17421.0,196.0,160359.0,0.117,6.23
17425.0,51.0,160580.0,0.017,6.72
17430.0,73.0,160493.0,0.083,6.72
17435.0,134.0,160416.0,0.025,6.23
17441.0,172.0,160408.0,0.108,6.23
17446.0,-8.0,160345.0,-0.033,6.23
17451.0,-7.0,160380.0,0.033,6.23
17457.0,391.0,160642.0,0.025,6.48
17462.0,-163.0,160275.0,0.0,6.23
17466.0,-88.0,160520.0,0.125,6.23
17472.0,24.0,160330.0,0.075,6.23
17477.0,266.0,160393.0,-0.017,6.23
17482.0,-63.0,160914.0,0.042,6.23
17487.0,-309.0,160430.0,-0.025,6.23
17492.0,59.0,160577.0,-0.05,6.23
17498.0,122.0,160363.0,0.017,6.23
17504.0,142.0,160507.0,0.042,6.48
17509.0,280.0,160416.0,-0.05,5.99
17513.0,75.0,160473.0,0.025,6.23
17519.0,-107.0,161079.0,0.025,6.72
17524.0,163.0,160524.0,-0.017,6.23
17529.0,138.0,160153.0,0.008,6.48
17534.0,-102.0,160441.0,0.017,6.48
17540.0,-138.0,160454.0,0.067,6.23
17545.0,177.0,160457.0,-0.042,6.23
17550.0,-71.0,160401.0,0.067,6.23
17556.0,-251.0,160256.0,-0.067,6.23
17560.0,-114.0,160477.0,-0.108,6.72
17566.0,150.0,160701.0,0.083,6.23
17571.0,222.0,160444.0,0.075,6.23
17575.0,191.0,160553.0,0.133,6.96
17582.0,-305.0,160167.0,0.017,6.23
17587.0,73.0,160470.0,0.083,6.23
17592.0,8.0,160245.0,0.0,6.23
17597.0,-40.0,160124.0,0.042,6.48
17601.0,-75.0,160487.0,0.0,6.23
17607.0,77.0,159985.0,0.133,6.48
17612.0,-379.0,160068.0,0.017,6.48
17616.0,-200.0,160111.0,0.175,6.72
17623.0,258.0,160943.0,0.042,6.23
17628.0,-162.0,160538.0,0.05,6.23
17633.0,-77.0,160301.0,0.017,6.23
17638.0,-125.0,160285.0,0.025,6.96
17643.0,-101.0,160434.0,-0.008,6.23
17648.0,42.0,160525.0,0.025,6.96
17653.0,-138.0,159917.0,0.058,6.48
17658.0,178.0,159848.0,0.0,6.23
17664.0,-5.0,160515.0,0.042,6.23
17670.0,197.0,160277.0,-0.008,6.23
17675.0,161.0,160554.0,0.008,6.23
17680.0,418.0,160344.0,0.042,6.48
17684.0,-3.0,160215.0,-0.025,6.23
17689.0,341.0,160264.0,0.0,6.48
17694.0,642.0,160452.0,-0.025,6.48
17700.0,34.0,160603.0,0.067,6.23
17704.0,-171.0,160474.0,0.075,6.48
17710.0,264.0,160561.0,0.108,6.96
17715.0,54.0,160544.0,-0.042,6.23
17720.0,-25.0,160146.0,0.125,6.96
17725.0,-31.0,160121.0,0.033,6.23
17730.0,-6.0,160286.0,0.133,6.96
17734.0,227.0,160129.0,0.017,6.23
17739.0,61.0,160444.0,0.075,6.72
17744.0,-136.0,160194.0,0.075,6.96
17750.0,-164.0,160177.0,0.042,6.23
17755.0,-19.0,160560.0,0.033,6.96
17760.0,18.0,160279.0,0.075,6.48
17765.0,12.0,160228.0,0.042,6.48
17770.0,17.0,160334.0,0.133,6.48
17775.0,143.0,160177.0,0.092,6.72
17779.0,60.0,160424.0,0.083,6.72
17785.0,4.0,160484.0,0.075,6.48
17790.0,-60.0,160273.0,0.083,6.23
17796.0,-233.0,160309.0,0.042,6.96
17801.0,-2.0,160440.0,0.008,6.48
17806.0,-20.0,160089.0,0.025,6.23
17811.0,11.0,160469.0,0.075,6.72
17816.0,-191.0,160252.0,0.158,7.7
17821.0,-75.0,160195.0,0.017,6.72
17826.0,74.0,160269.0,-0.025,6.48
17831.0,-60.0,160334.0,0.125,8.43
17836.0,-111.0,160543.0,0.042,6.48
17841.0,-142.0,160240.0,-0.017,5.99
17846.0,60.0,160335.0,-0.008,6.23
17851.0,49.0,160513.0,-0.008,6.72
17856.0,123.0,160562.0,0.058,6.48
17861.0,64.0,160312.0,0.05,6.23
17866.0,87.0,160205.0,-0.008,4.28
17871.0,9.0,160392.0,0.05,6.23
17876.0,28.0,160374.0,0.083,6.23
17882.0,20.0,160303.0,0.075,6.48
17887.0,-98.0,160660.0,0.033,6.23
17892.0,-59.0,160462.0,0.05,6.72
17897.0,69.0,160543.0,0.042,6.48
17902.0,187.0,160412.0,0.058,6.72
17907.0,226.0,160534.0,0.033,6.23
17912.0,-326.0,160511.0,0.125,6.23
17917.0,276.0,160300.0,0.05,6.96
17923.0,73.0,160751.0,0.008,6.23
17928.0,39.0,160466.0,0.067,6.48
17933.0,140.0,160366.0,0.05,6.23
17938.0,527.0,160551.0,0.033,6.72
17943.0,204.0,160671.0,0.05,6.48
17947.0,-197.0,160668.0,0.092,6.23
17953.0,271.0,160381.0,-0.008,6.23
17958.0,202.0,160621.0,0.042,6.23
17963.0,-199.0,160418.0,0.033,6.48
17969.0,-3.0,160416.0,0.058,6.23
17974.0,166.0,160424.0,-0.008,6.48
17979.0,176.0,160489.0,0.083,6.23
17984.0,14.0,160506.0,0.042,6.23
17989.0,481.0,160390.0,-0.017,6.96
17994.0,7.0,160541.0,0.033,6.72
17999.0,-227.0,160926.0,0.033,6.23
18004.0,-182.0,160418.0,0.025,6.72
18010.0,84.0,160359.0,0.017,6.23
18015.0,94.0,160490.0,-0.008,6.48
18020.0,-159.0,160047.0,0.033,6.48
18025.0,403.0,160446.0,0.042,6.23
18030.0,474.0,160524.0,0.1,6.23
18035.0,229.0,160473.0,-0.033,6.23
18040.0,-45.0,160674.0,0.0,6.23
18044.0,156.0,160311.0,0.042,6.48
18050.0,312.0,160612.0,0.033,6.23
18056.0,359.0,160516.0,0.05,6.96
18060.0,16.0,160297.0,-0.025,6.48
18066.0,-98.0,160103.0,0.025,6.96
18071.0,21.0,160385.0,-0.017,6.48
18075.0,-46.0,160154.0,-0.017,6.72
18081.0,34.0,160542.0,0.05,6.23
18086.0,243.0,160352.0,0.033,6.23
18092.0,38.0,160179.0,0.058,6.23
18097.0,-41.0,160697.0,0.075,6.23
18101.0,142.0,160516.0,0.025,6.72
18106.0,352.0,160073.0,-0.017,6.23
18111.0,197.0,160335.0,0.092,5.25
18116.0,-58.0,160662.0,0.108,6.48
18121.0,135.0,160178.0,0.033,7.21
18126.0,134.0,160305.0,0.042,6.48
18131.0,-256.0,160634.0,0.05,6.48
18137.0,-207.0,160378.0,0.058,6.48
18141.0,232.0,160511.0,0.058,6.96
18147.0,94.0,160465.0,-0.042,6.48
18152.0,51.0,160487.0,0.033,5.25
18157.0,73.0,160300.0,0.033,6.96
18162.0,141.0,160473.0,-0.008,6.23
18167.0,206.0,160529.0,0.025,6.96
18172.0,-284.0,160712.0,0.05,6.23
18179.0,122.0,160472.0,0.05,6.48
18184.0,409.0,160252.0,0.008,6.48
18189.0,8.0,160217.0,0.142,6.23
18194.0,210.0,160111.0,-0.042,6.48
18199.0,133.0,160391.0,0.042,6.96
18204.0,382.0,160296.0,0.058,6.23
18209.0,62.0,160610.0,-0.025,6.23
18214.0,-305.0,160588.0,-0.033,6.23
18220.0,42.0,160561.0,0.008,6.72
18225.0,0.0,160569.0,0.058,6.48
18230.0,-1.0,160321.0,-0.017,6.23
18235.0,-299.0,160150.0,-0.017,6.23
18241.0,331.0,160498.0,0.067,6.23
18246.0,60.0,160356.0,-0.025,6.48
18251.0,25.0,160303.0,0.025,6.96
18256.0,579.0,160345.0,-0.025,6.23
18262.0,262.0,160731.0,0.092,6.23
18267.0,-269.0,160536.0,0.0,7.45
18272.0,285.0,160252.0,-0.058,6.48
18278.0,66.0,160264.0,0.083,6.23
18282.0,-69.0,160149.0,0.025,6.23
18288.0,25.0,160351.0,-0.083,6.23
18293.0,90.0,160371.0,-0.017,6.96
18297.0,-155.0,160362.0,0.025,6.96
18304.0,229.0,160604.0,-0.025,6.96
18308.0,196.0,160307.0,0.008,6.23
18314.0,160.0,160322.0,0.058,6.48
18319.0,50.0,160648.0,-0.017,6.48
18324.0,23.0,160267.0,0.042,6.48
18329.0,-71.0,160650.0,-0.092,6.23
18334.0,-138.0,160366.0,0.0,6.23
18338.0,65.0,160445.0,0.042,6.23
18344.0,-15.0,160305.0,-0.025,6.23
18350.0,36.0,160177.0,0.033,6.72
18355.0,249.0,160116.0,0.025,6.23
18360.0,-97.0,160444.0,0.025,6.23
18365.0,-176.0,160539.0,0.133,6.23
18370.0,96.0,160156.0,0.042,6.23
18375.0,-232.0,160300.0,0.075,5.99
18380.0,-179.0,160143.0,-0.008,6.23
18385.0,153.0,160448.0,0.1,6.48
18391.0,-161.0,160690.0,0.033,6.23
18396.0,-350.0,160525.0,-0.05,6.48
18401.0,-282.0,159842.0,0.058,6.23
18407.0,108.0,160262.0,-0.017,6.96
18411.0,13.0,160157.0,-0.058,6.23
18416.0,245.0,160116.0,-0.05,6.96
18421.0,262.0,160458.0,0.017,6.23
18426.0,417.0,160341.0,0.075,6.23
18433.0,127.0,160649.0,0.033,4.77
18438.0,-6.0,160647.0,0.067,6.23
18442.0,299.0,160128.0,0.2,6.72
18448.0,41.0,160244.0,0.05,6.23
18452.0,220.0,160057.0,-0.025,6.23
18457.0,136.0,160298.0,-0.008,6.23
18463.0,-244.0,160680.0,-0.017,6.23
18468.0,-339.0,160781.0,0.0,6.23
18473.0,229.0,160518.0,0.075,6.48
18479.0,217.0,159912.0,-0.075,6.96
18484.0,64.0,160213.0,-0.025,6.23
18489.0,-212.0,160528.0,-0.067,6.96
18494.0,60.0,160540.0,-0.033,6.23
18499.0,211.0,160301.0,-0.033,6.23
18504.0,59.0,160104.0,0.0,7.21
18509.0,-129.0,160066.0,0.042,6.72
18514.0,-108.0,160479.0,0.075,6.48
18520.0,166.0,160296.0,-0.008,6.96
18526.0,-172.0,160390.0,0.017,6.23
18530.0,-13.0,160395.0,0.058,6.72
18535.0,13.0,160366.0,0.092,6.96
18541.0,54.0,160190.0,0.033,6.48
18545.0,-207.0,160357.0,0.083,5.25
18551.0,197.0,160407.0,0.075,6.48
18555.0,332.0,160520.0,0.0,6.23
18561.0,57.0,160655.0,-0.042,6.23
18566.0,-10.0,160410.0,0.017,5.5
18570.0,5.0,160211.0,0.017,6.23
18575.0,-86.0,160238.0,0.142,6.48
18579.0,-71.0,160371.0,-0.067,6.72
18585.0,399.0,160529.0,0.017,6.23
18589.0,382.0,160308.0,0.042,6.23
18595.0,-172.0,160068.0,0.067,6.48
18600.0,-110.0,160690.0,0.025,6.23
18606.0,-119.0,160857.0,0.083,6.72
18611.0,-91.0,160374.0,0.058,6.48
18617.0,-255.0,160198.0,-0.008,6.23
18621.0,60.0,160343.0,0.0,6.96
18626.0,528.0,160538.0,0.042,6.23
18632.0,-36.0,160488.0,-0.042,6.23
18636.0,-103.0,160471.0,-0.008,6.23
18642.0,117.0,160436.0,-0.017,6.72
18648.0,-37.0,160196.0,0.0,6.23
18653.0,-138.0,160253.0,-0.075,6.23
18658.0,236.0,160513.0,0.075,6.23
18664.0,-162.0,160605.0,0.025,6.23
18669.0,68.0,160481.0,-0.025,6.48
18674.0,-221.0,160386.0,0.058,6.48
18679.0,-171.0,160264.0,0.092,6.96
18685.0,179.0,160352.0,0.058,6.48
18691.0,12.0,160209.0,0.108,6.23
18696.0,130.0,160444.0,0.092,6.96
18701.0,-54.0,160568.0,0.025,6.48
18706.0,17.0,160565.0,-0.017,6.23
18711.0,137.0,160208.0,-0.092,6.23
18716.0,-129.0,160464.0,0.075,6.48
18721.0,116.0,160429.0,0.05,6.48
18726.0,-158.0,160419.0,0.075,6.23
18733.0,-162.0,160461.0,0.0,6.23
18739.0,306.0,160441.0,0.075,6.23
18743.0,119.0,160348.0,0.008,6.72
18749.0,-117.0,160500.0,-0.008,6.72
18754.0,491.0,160376.0,0.05,6.48
18759.0,124.0,160517.0,0.042,5.99
18763.0,-237.0,160572.0,0.0,6.48
18768.0,-6.0,160793.0,0.058,6.23
18774.0,-239.0,160278.0,0.05,6.48
18779.0,211.0,160304.0,-0.017,6.48
18784.0,206.0,160507.0,0.0,6.96
18789.0,134.0,160229.0,0.05,6.48
18795.0,-76.0,160735.0,0.083,6.72
18799.0,-93.0,160436.0,-0.008,6.23
18805.0,149.0,160488.0,0.058,6.48
18810.0,81.0,160440.0,0.092,6.23
18817.0,79.0,160352.0,0.175,6.23
18822.0,0.0,160759.0,-0.033,6.23
18827.0,112.0,160603.0,0.058,6.48
18833.0,200.0,160807.0,0.058,6.23
18837.0,-45.0,160718.0,-0.017,6.23
18843.0,289.0,160364.0,0.058,6.23
18848.0,263.0,160546.0,0.033,6.23
18854.0,201.0,160612.0,0.125,6.72
18859.0,16.0,160519.0,0.075,6.48
18865.0,-34.0,160467.0,0.042,6.23
18870.0,334.0,160249.0,-0.008,6.23
18875.0,259.0,160182.0,0.025,6.23
18880.0,-24.0,160164.0,-0.017,6.23
18886.0,376.0,160466.0,0.05,6.96
18890.0,157.0,160411.0,-0.017,6.23
18896.0,101.0,160629.0,0.017,6.23
18902.0,9.0,160697.0,0.092,6.23
18908.0,391.0,160397.0,-0.075,6.96
18912.0,76.0,160748.0,-0.008,6.23
18918.0,-228.0,160282.0,0.083,6.48
18923.0,374.0,160204.0,0.017,6.96
18928.0,-2.0,159989.0,-0.05,6.72
18933.0,-167.0,159452.0,0.083,6.96
18939.0,403.0,159888.0,0.033,6.48
18944.0,50.0,159853.0,-0.05,6.72
18949.0,-99.0,160111.0,-0.083,6.48
18955.0,297.0,159943.0,0.008,6.23
18959.0,16.0,159968.0,0.0,6.23
18965.0,148.0,160008.0,-0.025,6.48
18970.0,-130.0,160194.0,0.108,6.72
18975.0,68.0,160055.0,0.0,6.48
18980.0,-127.0,160328.0,0.025,6.72
18987.0,253.0,160110.0,0.058,6.96
18992.0,-169.0,160217.0,0.108,6.72
18996.0,-166.0,160288.0,-0.025,6.23
19002.0,452.0,160954.0,0.083,6.48
19007.0,28.0,160909.0,0.058,6.23
19012.0,-121.0,161202.0,0.125,6.23
19017.0,-211.0,160822.0,0.083,6.23
19022.0,101.0,160703.0,-0.075,6.23
19027.0,-104.0,161248.0,0.083,5.01
19033.0,-68.0,161398.0,0.075,6.48
19038.0,170.0,161115.0,-0.05,6.48
19043.0,247.0,160900.0,-0.042,6.72
19049.0,-125.0,161096.0,0.067,6.48
19054.0,345.0,161071.0,0.025,6.48
19058.0,-28.0,160910.0,0.017,6.23
19064.0,-332.0,160792.0,-0.008,6.23
19068.0,-27.0,160893.0,-0.042,6.23
19074.0,252.0,160773.0,0.133,6.48
19080.0,-250.0,161219.0,0.025,6.23
19085.0,13.0,161176.0,-0.008,6.23
19090.0,263.0,161030.0,-0.042,6.48
19096.0,-51.0,160918.0,0.042,6.48
19101.0,-165.0,160635.0,-0.008,6.48
19105.0,-344.0,160968.0,0.117,6.23
19111.0,148.0,160904.0,0.058,6.48
19117.0,190.0,160921.0,-0.042,6.96
19122.0,-299.0,160850.0,0.067,6.96
19127.0,151.0,160664.0,-0.033,6.23
19132.0,175.0,160749.0,0.033,6.23
19137.0,244.0,160440.0,-0.008,6.72
19142.0,-104.0,160776.0,0.008,6.23
19148.0,-80.0,160749.0,-0.075,6.48
19152.0,11.0,160294.0,-0.042,6.96
19159.0,303.0,160450.0,0.025,6.96
19164.0,271.0,160623.0,-0.008,6.23
19168.0,296.0,161038.0,0.1,6.72
19174.0,94.0,160326.0,-0.025,6.48
19179.0,182.0,160427.0,0.0,6.48
19184.0,93.0,160803.0,0.008,6.23
19189.0,247.0,160737.0,0.05,6.23
19194.0,-63.0,160560.0,0.1,6.72
19200.0,-158.0,160565.0,0.067,6.23
19206.0,286.0,160451.0,0.017,6.23
19211.0,-454.0,160424.0,0.083,6.72
19215.0,-15.0,160279.0,0.042,6.96
19221.0,201.0,160227.0,0.033,6.23
19226.0,-215.0,160244.0,0.125,6.23
19231.0,-50.0,160787.0,0.158,6.48
19236.0,96.0,160635.0,0.042,6.72
19241.0,118.0,160502.0,0.05,6.48
19247.0,83.0,160886.0,-0.067,6.96
19253.0,67.0,160734.0,-0.083,6.23
19258.0,55.0,160537.0,-0.033,6.23
19262.0,-50.0,160858.0,0.017,6.23
19268.0,270.0,160740.0,0.183,6.23
19273.0,-6.0,160679.0,0.075,6.96
19277.0,241.0,160718.0,-0.05,6.23
19283.0,-81.0,161330.0,0.067,6.72
19289.0,-99.0,161123.0,0.067,6.23
19294.0,-24.0,161325.0,0.192,6.48
19300.0,-148.0,161399.0,0.092,6.23
19305.0,-80.0,161324.0,0.1,6.96
19309.0,-73.0,161337.0,-0.042,6.23
19315.0,-161.0,161303.0,-0.033,6.72
19320.0,-257.0,161378.0,0.0,6.23
19325.0,-90.0,161531.0,0.05,6.96
19331.0,28.0,161435.0,-0.025,6.48
19336.0,-152.0,161266.0,-0.042,6.23
19341.0,25.0,161135.0,0.025,6.96
19346.0,-35.0,161457.0,-0.008,6.48
19351.0,477.0,161022.0,0.042,6.72
19356.0,274.0,161350.0,0.058,6.48
19362.0,-162.0,161118.0,0.175,6.23
19367.0,-212.0,161267.0,0.05,6.72
19373.0,-63.0,161328.0,0.042,6.23
19378.0,29.0,161468.0,0.025,6.72
19383.0,-9.0,161223.0,-0.017,6.72
19388.0,48.0,161668.0,0.067,6.23
19393.0,-160.0,161212.0,0.033,6.23
19398.0,-172.0,161267.0,0.058,6.23
19403.0,-67.0,161153.0,0.033,6.48
19409.0,11.0,161015.0,-0.017,6.48
19415.0,-217.0,160906.0,-0.025,6.48
19420.0,30.0,160775.0,0.042,6.96
19425.0,102.0,159417.0,-0.083,6.23
19430.0,76.0,158180.0,-0.292,6.23
19435.0,41.0,67595.0,-3.533,6.23
19440.0,75.0,-687989.0,-8.583,6.23
19445.0,57.0,-861116.0,-9.367,6.23
19450.0,206.0,-998383.0,-7.008,5.99
19456.0,148.0,-985441.0,-3.15,5.99
19461.0,6.0,-956946.0,0.817,6.23
19466.0,381.0,-946242.0,-1.367,6.23
19471.0,280.0,-984189.0,-4.817,6.23
19476.0,-574.0,-1094038.0,-6.825,6.23
19481.0,-381.0,-1145358.0,-6.508,6.48
19487.0,-157.0,-1156604.0,-4.192,6.23
19492.0,1.0,-1165859.0,-1.308,5.25
19497.0,-14.0,-1199352.0,-2.458,5.99
19503.0,54.0,-1241236.0,-4.8,6.23
19508.0,330.0,-1252277.0,-5.775,6.23
19513.0,95.0,-1259202.0,-5.167,5.99
19519.0,513.0,-1258458.0,-3.375,5.99
19524.0,325.0,-1257559.0,-2.8,6.72
19529.0,126.0,-1253106.0,-3.558,6.23
19533.0,269.0,-1248791.0,-3.925,6.23
19538.0,165.0,-1235980.0,-4.292,5.99
19545.0,-72.0,-1222068.0,-4.217,5.99
19550.0,206.0,-1215923.0,-3.375,6.48
19555.0,-116.0,-1203858.0,-2.883,5.99
19560.0,-131.0,-1192208.0,-3.292,6.96
19566.0,-199.0,-1182376.0,-3.8,6.72
19571.0,163.0,-1179061.0,-3.625,6.72
19575.0,20.0,-1174358.0,-3.225,6.23
19580.0,181.0,-1171437.0,-2.2,5.99
19586.0,69.0,-1166054.0,-1.567,6.23
19591.0,404.0,-1160080.0,-2.475,6.23
19597.0,232.0,-1157575.0,-3.175,6.23
19602.0,-92.0,-1152630.0,-2.533,5.99
19607.0,-217.0,-1145792.0,-1.175,6.23
19612.0,215.0,-1138604.0,-0.258,5.99
19618.0,-13.0,-1135389.0,-1.592,6.23
19622.0,-212.0,-1128678.0,-2.4,5.99
19628.0,165.0,-1124887.0,-2.05,6.48
19633.0,-93.0,-1116348.0,-1.85,6.72
19638.0,12.0,-1107136.0,-0.667,5.99
19643.0,-372.0,-1102235.0,-0.8,5.99
19648.0,222.0,-1094224.0,-1.025,5.99
19654.0,145.0,-1085686.0,-1.417,5.99
19659.0,29.0,-1081083.0,-0.9,5.99
19664.0,-75.0,-1068860.0,-0.742,6.23
19670.0,-2.0,-1056108.0,-0.933,5.74
19675.0,-244.0,-1050969.0,-1.292,5.99
19680.0,370.0,-1040678.0,-0.342,6.48
19685.0,189.0,-1031472.0,-0.383,6.48
19690.0,-52.0,-1027505.0,-0.717,5.99
19695.0,88.0,-1020442.0,-0.408,7.21
19700.0,25.0,-1015312.0,0.733,5.74
19705.0,333.0,-1013053.0,0.308,5.99
19710.0,83.0,-1008306.0,-0.65,5.99
19717.0,-198.0,-1001420.0,0.875,5.99
19722.0,560.0,-996541.0,1.042,5.99
19727.0,-94.0,-985292.0,-0.275,6.23
19732.0,-167.0,-973414.0,0.358,6.48
19737.0,-101.0,-967369.0,0.967,5.99
19742.0,281.0,-953762.0,0.233,6.23
19747.0,130.0,-939062.0,0.517,5.99
19752.0,46.0,-931321.0,0.742,6.48
19758.0,250.0,-915424.0,0.4,6.23
19763.0,149.0,-899874.0,0.6,5.74
19768.0,-63.0,-892421.0,0.733,5.5
19774.0,377.0,-878777.0,0.508,6.23
19779.0,374.0,-866651.0,0.558,5.74
19784.0,-13.0,-861110.0,0.65,5.74
19789.0,259.0,-851810.0,0.55,6.48
19794.0,80.0,-844770.0,0.592,6.48
19800.0,342.0,-841281.0,0.733,5.99
19805.0,138.0,-836004.0,0.683,6.48
19811.0,-65.0,-830996.0,0.608,5.99
19816.0,105.0,-828421.0,0.683,5.99
19821.0,1.0,-823174.0,0.658,6.48
19826.0,-56.0,-817168.0,0.642,5.99
19831.0,104.0,-814629.0,0.625,5.99
19836.0,64.0,-807754.0,0.733,5.74
19842.0,29.0,-799806.0,0.725,6.48
19847.0,-203.0,-796631.0,0.592,5.74
19853.0,363.0,-790757.0,0.65,5.99
19858.0,358.0,-784527.0,0.725,5.74
19862.0,-125.0,-781616.0,0.775,5.74
19868.0,-15.0,-777216.0,0.692,5.74
19873.0,204.0,-772780.0,0.8,5.74
19878.0,-141.0,-770975.0,0.858,6.23
19884.0,-225.0,-768141.0,0.8,6.23
19889.0,-116.0,-765111.0,0.758,5.99
19894.0,-9.0,-763876.0,0.7,5.99
19899.0,-237.0,-762284.0,0.758,5.99
19904.0,-306.0,-760548.0,0.7,5.99
19909.0,233.0,-760107.0,0.65,6.23
19915.0,9.0,-759115.0,0.767,5.99
19920.0,-16.0,-759425.0,0.717,6.23
19926.0,196.0,-759012.0,0.692,5.99
19931.0,20.0,-757681.0,0.65,5.99
19936.0,181.0,-756725.0,0.825,5.74
19941.0,-29.0,-755894.0,0.758,5.74
19946.0,235.0,-753460.0,0.692,5.99
19951.0,236.0,-750654.0,0.733,5.99
19956.0,-133.0,-748901.0,0.783,5.99
19962.0,357.0,-745713.0,0.7,6.23
19968.0,78.0,-742329.0,0.758,4.52
19972.0,-91.0,-739982.0,0.667,5.99
19978.0,87.0,-735600.0,0.717,6.23
19983.0,10.0,-731922.0,0.633,6.23
19987.0,181.0,-730087.0,0.783,5.99
19993.0,-397.0,-725945.0,0.7,5.99
19998.0,-282.0,-722175.0,0.667,5.99
20003.0,75.0,-720218.0,0.742,6.48
20008.0,245.0,-715540.0,0.7,5.74
20014.0,224.0,-711004.0,0.7,6.23
20019.0,25.0,-709317.0,0.692,6.72
20024.0,369.0,-705815.0,0.625,6.48
20030.0,340.0,-702627.0,0.75,5.99
20034.0,201.0,-701676.0,0.625,5.99
20040.0,-69.0,-699952.0,0.75,6.48
20044.0,-140.0,-699015.0,0.65,6.48
20049.0,-98.0,-697034.0,0.417,6.23
20056.0,-13.0,-693218.0,0.633,5.99
20060.0,160.0,-691065.0,0.558,5.99
20066.0,-120.0,-685723.0,0.625,6.23
20071.0,-271.0,-680143.0,0.683,5.99
20075.0,-264.0,-676598.0,0.583,5.99
20081.0,300.0,-669176.0,0.608,5.99
20086.0,227.0,-660176.0,0.533,5.99
20091.0,318.0,-654959.0,0.558,5.99
20097.0,330.0,-644387.0,0.608,5.99
20102.0,103.0,-634349.0,0.517,6.48
20107.0,126.0,-629680.0,0.5,6.48
20113.0,250.0,-620896.0,0.5,6.23
20118.0,97.0,-612554.0,0.517,5.99
20122.0,-104.0,-608303.0,0.558,5.99
20128.0,12.0,-599657.0,0.458,6.72
20133.0,103.0,-590807.0,0.458,5.99
20137.0,20.0,-586126.0,0.5,6.48
20144.0,-260.0,-575896.0,0.417,5.99
20149.0,25.0,-565428.0,0.333,6.23
20154.0,428.0,-560089.0,0.417,5.99
20159.0,296.0,-549577.0,0.25,6.23
20164.0,195.0,-539703.0,0.258,6.72
20169.0,38.0,-535324.0,0.275,6.72
20174.0,122.0,-527302.0,0.242,6.23
20180.0,-333.0,-520578.0,0.283,6.23
20185.0,-136.0,-517755.0,0.208,6.23
20191.0,116.0,-513029.0,0.267,5.5
20196.0,175.0,-507917.0,0.225,6.23
20201.0,-168.0,-505962.0,0.233,6.23
20206.0,-56.0,-502576.0,0.142,6.48
20211.0,13.0,-500817.0,0.233,6.23
20216.0,-35.0,-497946.0,0.058,6.72
20221.0,53.0,-495276.0,0.125,6.23
20227.0,266.0,-493903.0,0.233,6.23
20232.0,296.0,-491378.0,-0.033,5.99
20237.0,-224.0,-489052.0,0.092,6.48
20242.0,7.0,-487653.0,0.0,6.23
20247.0,-151.0,-484704.0,0.125,6.23
20253.0,-63.0,-482460.0,0.033,6.48
20257.0,44.0,-481355.0,0.242,6.48
20262.0,270.0,-478398.0,0.125,6.23
20269.0,108.0,-476986.0,0.05,6.72
20274.0,-33.0,-475781.0,0.15,6.23
20279.0,237.0,-473998.0,0.067,6.23
20284.0,63.0,-472644.0,0.017,6.23
20289.0,118.0,-472081.0,0.058,6.23
20294.0,-52.0,-470856.0,0.1,6.48
20299.0,-357.0,-469542.0,-0.008,6.23
20304.0,116.0,-469291.0,0.008,6.23
20310.0,-170.0,-468041.0,0.067,6.48
20315.0,-9.0,-467634.0,0.067,6.23
20320.0,197.0,-466697.0,0.108,6.48
20325.0,31.0,-465489.0,0.033,6.72
20330.0,-24.0,-465108.0,-0.042,6.96
20335.0,52.0,-464583.0,0.075,6.48
20340.0,-20.0,-463845.0,0.033,5.25
20345.0,91.0,-463440.0,0.067,6.23
20350.0,77.0,-463173.0,0.017,6.23
20357.0,293.0,-462759.0,0.025,6.23
20361.0,30.0,-462214.0,0.1,6.23
20366.0,496.0,-461727.0,0.083,6.48
20372.0,192.0,-460965.0,0.058,6.48
20376.0,-139.0,-460854.0,0.042,6.23
20382.0,197.0,-460237.0,0.075,6.23
20387.0,109.0,-460065.0,0.0,6.48
20392.0,144.0,-460026.0,0.142,6.23
20398.0,122.0,-459607.0,-0.05,6.23
20403.0,156.0,-459251.0,0.125,6.48
20408.0,-13.0,-459178.0,0.05,6.23
20413.0,-207.0,-458532.0,0.042,6.23
20419.0,191.0,-458430.0,0.033,6.96
20424.0,510.0,-458293.0,0.033,6.72
20428.0,-53.0,-458128.0,0.033,6.72
20434.0,249.0,-457626.0,0.083,6.72
20439.0,192.0,-457543.0,0.008,7.45
20445.0,-116.0,-457577.0,0.108,6.23
20451.0,164.0,-457385.0,0.067,6.48
20455.0,167.0,-457490.0,-0.1,6.48
20460.0,-22.0,-457553.0,0.017,6.96
20465.0,166.0,-457345.0,0.067,7.21
20470.0,283.0,-456800.0,0.05,6.72
20476.0,-129.0,-455908.0,0.008,6.23
20482.0,-9.0,-455446.0,-0.042,6.23
20487.0,308.0,-455493.0,0.117,6.48
20492.0,44.0,-456018.0,-0.017,6.48
20497.0,-152.0,-455546.0,-0.083,6.72
20502.0,-101.0,-455203.0,0.175,6.23
20507.0,261.0,-454932.0,0.042,6.48
20513.0,-109.0,-455528.0,-0.033,6.23
20517.0,-186.0,-455263.0,0.117,6.48
20523.0,378.0,-454164.0,0.017,6.23
20529.0,-156.0,-454192.0,0.017,6.48
20534.0,29.0,-454535.0,0.025,6.48
20539.0,-103.0,-453470.0,0.033,6.23
20544.0,39.0,-452794.0,0.15,6.48
20549.0,10.0,-452759.0,0.025,6.23
20554.0,-208.0,-452273.0,0.075,6.23
20560.0,52.0,-451485.0,-0.033,6.96
20566.0,154.0,-450615.0,0.008,6.48
20571.0,215.0,-450196.0,-0.05,6.72
20576.0,21.0,-449064.0,-0.075,6.72
20582.0,57.0,-447824.0,0.067,6.72
20586.0,156.0,-447063.0,-0.142,6.48
20591.0,-101.0,-445970.0,-0.058,7.21
20597.0,11.0,-445894.0,-0.008,6.72
20601.0,-204.0,-446031.0,0.025,6.72
20608.0,208.0,-445591.0,-0.058,6.96
20613.0,86.0,-445739.0,0.025,6.96
20618.0,127.0,-445592.0,0.025,6.72
20623.0,9.0,-445188.0,0.0,6.96
20629.0,-51.0,-443614.0,0.117,6.48
20634.0,355.0,-443342.0,0.075,6.48
20639.0,604.0,-443039.0,0.125,6.96
20645.0,-26.0,-442499.0,0.0,6.48
20651.0,324.0,-442731.0,0.0,6.23
20656.0,337.0,-442776.0,0.017,6.96
20661.0,-65.0,-442740.0,-0.025,6.23
20667.0,153.0,-442714.0,0.025,6.72
20672.0,421.0,-442706.0,-0.017,6.48
20677.0,74.0,-442853.0,-0.042,6.23
20682.0,-190.0,-442547.0,-0.017,6.48
20688.0,378.0,-442757.0,0.067,6.23
20694.0,200.0,-442282.0,0.067,6.96
20699.0,77.0,-441597.0,0.058,6.23
20704.0,263.0,-441879.0,0.083,6.23
20709.0,-403.0,-441848.0,0.025,6.72
20714.0,-252.0,-441193.0,0.092,4.52
20719.0,-58.0,-440697.0,0.125,6.23
20725.0,16.0,-440742.0,0.017,4.28
20729.0,-49.0,-440557.0,0.008,6.96
20736.0,85.0,-440085.0,0.05,6.48
20740.0,30.0,-440160.0,-0.058,6.96
20746.0,10.0,-439996.0,-0.025,6.48
20751.0,32.0,-439426.0,0.017,6.96
20756.0,-296.0,-439533.0,0.108,6.23
20761.0,-151.0,-439118.0,0.017,6.48
20766.0,543.0,-438746.0,0.117,6.23
20772.0,313.0,-438507.0,0.058,6.23
20776.0,-98.0,-437758.0,-0.008,6.48
20783.0,210.0,-437782.0,0.008,6.23
20788.0,194.0,-437367.0,-0.017,6.72
20792.0,143.0,-437120.0,0.025,6.48
20798.0,-173.0,-436652.0,-0.017,6.23
20803.0,127.0,-436731.0,-0.017,6.96
20808.0,496.0,-436122.0,0.008,6.48
20813.0,62.0,-435536.0,-0.033,6.23
20818.0,-56.0,-435257.0,-0.017,6.48
20824.0,69.0,-435046.0,0.042,6.96
20829.0,-117.0,-434922.0,0.008,6.48
20835.0,-211.0,-434827.0,0.017,7.94
20839.0,-48.0,-434364.0,-0.017,6.23
20845.0,50.0,-433888.0,-0.067,6.48
20850.0,-16.0,-433941.0,0.05,6.23
20854.0,-27.0,-433622.0,0.025,6.23
20860.0,417.0,-433428.0,-0.017,6.23
20865.0,350.0,-433237.0,-0.125,6.23
20871.0,493.0,-433199.0,0.058,6.23
20876.0,-107.0,-432695.0,0.1,6.96
20881.0,140.0,-432702.0,-0.058,6.23
20886.0,323.0,-432034.0,0.0,6.72
20891.0,87.0,-431945.0,-0.008,6.96
20895.0,-178.0,-431356.0,-0.05,6.23
20901.0,270.0,-431040.0,0.0,6.23
20907.0,-14.0,-431089.0,0.008,6.23
20912.0,-489.0,-430742.0,0.017,6.23
20917.0,-283.0,-430640.0,0.033,6.96
20922.0,-135.0,-430561.0,0.042,6.23
20927.0,-98.0,-430072.0,-0.008,6.23
20932.0,-196.0,-430250.0,0.017,6.23
20938.0,-14.0,-429977.0,0.067,6.96
20942.0,157.0,-429916.0,0.075,6.72
20948.0,-295.0,-429792.0,0.033,6.23
20954.0,65.0,-429515.0,-0.033,6.23
20958.0,30.0,-429006.0,-0.025,6.96
20964.0,-226.0,-429186.0,-0.008,6.72
20969.0,-94.0,-428701.0,0.1,6.23
20974.0,-391.0,-428268.0,0.042,6.23
20979.0,277.0,-428348.0,0.042,6.72
20984.0,-31.0,-427963.0,-0.033,6.23
20989.0,222.0,-427722.0,0.042,6.72
20995.0,-128.0,-427336.0,-0.108,5.25
21001.0,-334.0,-427419.0,0.075,6.72
21005.0,-37.0,-427022.0,0.092,6.23
21011.0,97.0,-427258.0,-0.092,6.23
21016.0,-255.0,-426909.0,-0.05,6.96
21021.0,-198.0,-427031.0,0.0,6.23
21026.0,172.0,-426555.0,0.05,6.48
21031.0,-76.0,-426578.0,0.05,6.23
21037.0,69.0,-426423.0,0.117,6.72
21043.0,117.0,-425949.0,-0.025,6.23
21048.0,465.0,-426174.0,0.067,6.96
21052.0,696.0,-425621.0,0.0,6.23
21058.0,-112.0,-425675.0,-0.008,6.23
21063.0,132.0,-425368.0,-0.008,6.23
21068.0,3.0,-425193.0,0.117,6.23
21073.0,-21.0,-425179.0,0.017,6.48
21079.0,73.0,-425274.0,0.033,6.48
21084.0,328.0,-424618.0,-0.033,6.72
21090.0,78.0,-424028.0,0.042,6.23
21095.0,-102.0,-424263.0,0.058,6.23
21099.0,79.0,-423970.0,-0.067,6.72
21105.0,415.0,-423692.0,-0.008,6.48
21110.0,-147.0,-423331.0,0.067,6.72
21115.0,-196.0,-423500.0,-0.017,6.23
21121.0,-10.0,-423062.0,0.075,6.96
21126.0,-162.0,-422729.0,0.0,6.23
21131.0,-371.0,-421974.0,0.0,6.96
21136.0,121.0,-422120.0,0.042,6.96
21141.0,127.0,-421955.0,0.058,6.48
21146.0,-14.0,-421652.0,-0.067,6.23
21152.0,-36.0,-421986.0,-0.025,6.48
21157.0,170.0,-421225.0,-0.008,6.48
21161.0,161.0,-421296.0,0.058,6.23
21168.0,75.0,-420682.0,0.025,6.23
21173.0,153.0,-420741.0,0.142,6.48
21178.0,8.0,-420509.0,-0.017,6.23
21183.0,-54.0,-420613.0,0.075,6.23
21188.0,122.0,-420216.0,0.125,6.48
21193.0,169.0,-419727.0,-0.008,6.23
21199.0,261.0,-419827.0,-0.033,6.72
21204.0,-89.0,-419536.0,0.008,6.48
21209.0,-104.0,-419501.0,-0.008,6.23
21215.0,0.0,-419603.0,0.0,6.48
21220.0,-156.0,-419608.0,-0.033,6.23
21225.0,-207.0,-418822.0,0.075,6.23
21229.0,72.0,-418905.0,-0.025,6.23
21234.0,137.0,-419736.0,0.167,6.23
21239.0,78.0,-419222.0,-0.05,6.23
21244.0,4.0,-419079.0,0.1,6.48
21250.0,73.0,-418967.0,0.1,6.23
21256.0,237.0,-419293.0,0.008,6.23
21261.0,69.0,-419392.0,0.0,6.23
21265.0,-100.0,-419255.0,0.133,6.48
21271.0,100.0,-418973.0,0.058,6.48
21276.0,-168.0,-418828.0,0.075,6.23
21281.0,-183.0,-419275.0,0.058,6.23
21286.0,57.0,-419279.0,0.142,5.99
21292.0,191.0,-418896.0,0.033,6.23
21297.0,184.0,-419219.0,-0.058,6.72
21302.0,120.0,-418947.0,0.05,6.72
21308.0,-288.0,-418830.0,0.1,6.96
21312.0,203.0,-419065.0,0.008,6.23
21318.0,-25.0,-418597.0,0.058,6.72
21323.0,-33.0,-418796.0,0.05,6.72
21328.0,-38.0,-418704.0,0.133,6.23
21332.0,-237.0,-418857.0,0.025,7.21
21338.0,-277.0,-418654.0,0.075,6.23
21344.0,6.0,-418790.0,0.092,6.23
21349.0,56.0,-418723.0,0.033,6.48
21353.0,321.0,-418252.0,0.05,6.48
21358.0,70.0,-418249.0,-0.033,6.72
21363.0,-82.0,-418642.0,0.0,6.48
21368.0,-203.0,-417992.0,0.025,6.23
21373.0,-235.0,-418295.0,0.067,6.96
21379.0,-194.0,-417894.0,0.0,6.72
21383.0,309.0,-417959.0,0.033,6.48
21388.0,293.0,-417772.0,0.083,6.48
21393.0,342.0,-417878.0,0.0,6.72
21398.0,342.0,-417731.0,-0.05,6.23
21403.0,205.0,-417876.0,-0.008,6.23
21408.0,44.0,-417759.0,0.067,6.23
21413.0,-110.0,-417274.0,0.05,6.23
21419.0,179.0,-416956.0,0.033,5.99
21424.0,-103.0,-416807.0,0.025,6.48
21429.0,-37.0,-417032.0,-0.05,6.23
21434.0,386.0,-416922.0,0.067,6.72
21439.0,18.0,-417235.0,0.083,6.48
21444.0,-171.0,-416336.0,0.175,6.23
21449.0,-212.0,-416109.0,-0.008,6.96
21454.0,296.0,-416080.0,0.117,6.23
21459.0,149.0,-415958.0,-0.05,6.23
21465.0,-91.0,-415657.0,-0.025,6.48
21470.0,-21.0,-415750.0,-0.025,6.23
21475.0,252.0,-415330.0,0.117,5.99
21480.0,42.0,-415335.0,0.033,6.72
21485.0,162.0,-415028.0,0.108,6.96
21490.0,113.0,-415010.0,0.1,6.23
21495.0,263.0,-414973.0,0.033,6.48
21500.0,333.0,-414768.0,0.025,6.23
21506.0,24.0,-414778.0,0.092,6.23
21512.0,236.0,-414781.0,0.117,6.23
21517.0,226.0,-414884.0,0.008,6.23
21522.0,287.0,-414692.0,0.025,6.72
21527.0,-1.0,-414501.0,0.058,6.48
21532.0,-4.0,-414391.0,-0.033,6.48
21536.0,255.0,-414162.0,-0.033,6.23
21541.0,-141.0,-414333.0,0.108,6.23
21548.0,-234.0,-414091.0,0.033,6.23
21553.0,-4.0,-414074.0,0.033,6.48
21558.0,4.0,-413987.0,-0.008,6.48
21563.0,-319.0,-413705.0,-0.05,6.23
21568.0,73.0,-413420.0,0.008,6.72
21573.0,181.0,-413359.0,0.058,6.48
21578.0,-34.0,-413563.0,0.042,6.48
21583.0,4.0,-414040.0,-0.017,6.96
21588.0,292.0,-413254.0,0.142,6.48
21594.0,39.0,-412756.0,0.025,6.48
21600.0,25.0,-412891.0,0.033,6.96
21605.0,163.0,-412820.0,0.067,6.48
21610.0,196.0,-412866.0,0.017,6.96
21615.0,-402.0,-412835.0,-0.025,6.96
21620.0,274.0,-412696.0,0.017,6.23
21625.0,-1.0,-412366.0,0.008,6.23
21630.0,-55.0,-412341.0,0.0,6.23
21636.0,-17.0,-412514.0,0.042,6.23
21641.0,210.0,-412031.0,0.142,6.23
21646.0,72.0,-412092.0,0.092,6.23
21651.0,67.0,-411806.0,0.042,6.23
21655.0,-122.0,-411469.0,0.067,6.96
21660.0,68.0,-411582.0,0.058,6.48
21665.0,181.0,-411229.0,0.0,6.23
21670.0,-79.0,-411514.0,0.083,6.23
21676.0,52.0,-411262.0,0.083,6.48
21681.0,329.0,-411335.0,-0.017,6.23
21686.0,39.0,-411333.0,0.05,6.72
21691.0,-58.0,-411285.0,-0.008,6.23
21696.0,113.0,-410988.0,-0.033,6.96
21701.0,119.0,-411170.0,-0.033,6.23
21707.0,100.0,-411026.0,0.058,6.48
21711.0,385.0,-411325.0,0.058,6.48
21718.0,183.0,-410985.0,0.025,6.72
21723.0,-76.0,-411001.0,0.017,6.48
21727.0,-305.0,-410880.0,0.05,6.23
21733.0,291.0,-410674.0,0.017,6.72
21738.0,414.0,-410620.0,0.058,6.23
21743.0,-221.0,-410329.0,0.025,6.96
21748.0,215.0,-410725.0,0.008,6.23
21753.0,316.0,-410093.0,0.025,5.99
21758.0,145.0,-410258.0,0.058,7.45
21765.0,-133.0,-409564.0,0.0,6.48
21770.0,-130.0,-409794.0,-0.025,6.23
21774.0,-127.0,-409389.0,0.058,7.7
21780.0,-255.0,-409411.0,0.025,6.23
21785.0,-328.0,-409251.0,-0.075,6.23
21790.0,109.0,-409554.0,0.0,6.23
21795.0,209.0,-409346.0,0.05,6.72
21800.0,186.0,-409118.0,0.083,6.48
21806.0,-141.0,-409143.0,0.008,6.23
21811.0,-25.0,-409059.0,0.1,6.48
21816.0,-62.0,-409386.0,0.042,6.23
21821.0,68.0,-409271.0,-0.017,6.23
21826.0,-145.0,-409709.0,-0.033,6.48
21831.0,-118.0,-409578.0,-0.017,6.23
21836.0,498.0,-409770.0,0.017,6.48
21841.0,269.0,-409912.0,-0.092,6.72
21847.0,-134.0,-409829.0,0.058,6.48
21852.0,232.0,-409873.0,0.008,6.96
21858.0,185.0,-409763.0,0.008,6.23
21862.0,144.0,-409662.0,0.033,6.96
21868.0,42.0,-409408.0,0.067,6.72
21873.0,-3.0,-409250.0,0.058,6.72
21877.0,166.0,-408987.0,0.008,7.94
21883.0,630.0,-408747.0,0.05,6.23
21889.0,229.0,-408919.0,0.1,6.23
21894.0,-314.0,-408992.0,0.058,7.45
21899.0,46.0,-408564.0,0.008,6.23
21904.0,-5.0,-408344.0,0.008,6.72
21909.0,20.0,-408179.0,0.025,6.48
21914.0,-82.0,-408057.0,0.075,6.72
21919.0,131.0,-408122.0,-0.008,6.72
21924.0,387.0,-408223.0,0.083,6.48
21929.0,152.0,-408071.0,0.017,6.96
21935.0,-225.0,-407918.0,0.067,6.48
21940.0,89.0,-407952.0,0.042,6.48
21945.0,-222.0,-408146.0,-0.008,6.48
21950.0,-65.0,-408179.0,-0.05,6.72
21955.0,-213.0,-408605.0,0.017,6.23
21960.0,-4.0,-408241.0,-0.025,6.23
21965.0,109.0,-408248.0,-0.067,6.72
21971.0,-291.0,-408194.0,0.025,6.48
21977.0,-230.0,-408180.0,0.017,6.48
21981.0,-55.0,-408203.0,-0.042,6.23
21987.0,569.0,-407745.0,-0.008,6.48
21992.0,102.0,-407761.0,-0.042,6.48
21997.0,9.0,-407544.0,0.042,6.48
22002.0,211.0,-407000.0,0.108,6.72
22007.0,210.0,-406961.0,0.008,6.23
22012.0,298.0,-406794.0,0.025,6.96
22018.0,-24.0,-406274.0,0.033,6.96
22023.0,329.0,-406403.0,0.058,6.72
22028.0,49.0,-406428.0,0.075,6.23
22034.0,169.0,-406752.0,0.042,6.23
22038.0,398.0,-406865.0,-0.033,6.48
22043.0,-76.0,-406606.0,-0.033,6.23
22049.0,244.0,-406768.0,0.042,6.96
22053.0,217.0,-406831.0,0.033,6.23
22060.0,-107.0,-406632.0,0.025,6.48
22065.0,39.0,-406732.0,0.0,6.72
22070.0,202.0,-406743.0,0.133,6.23
22075.0,-274.0,-406768.0,-0.033,6.23
22080.0,162.0,-406696.0,0.108,6.23
22085.0,227.0,-406799.0,0.067,6.48
22090.0,15.0,-406678.0,0.067,6.72
22096.0,9.0,-406454.0,0.058,6.48
22100.0,-150.0,-406143.0,0.05,6.48
22106.0,226.0,-406128.0,-0.017,6.23
22112.0,412.0,-405672.0,0.042,6.23
22116.0,141.0,-405611.0,-0.025,6.72
22121.0,335.0,-405378.0,0.075,6.48
22127.0,231.0,-405232.0,-0.042,6.48
22132.0,76.0,-405111.0,0.042,6.96
22137.0,138.0,-405257.0,0.0,6.96
22144.0,-22.0,-404993.0,0.008,6.72
22148.0,-141.0,-405148.0,0.008,6.72
22153.0,155.0,-404583.0,0.042,6.48
22159.0,-7.0,-404959.0,-0.033,6.96
22163.0,-28.0,-405004.0,-0.092,6.23
22168.0,-78.0,-405135.0,0.092,6.48
22174.0,-36.0,-405457.0,0.075,6.23
22179.0,-265.0,-405544.0,-0.025,6.23
22184.0,259.0,-404535.0,0.033,6.23
22190.0,183.0,-404799.0,0.008,6.23
22195.0,6.0,-405208.0,0.1,6.72
22200.0,98.0,-405018.0,0.125,6.96
22206.0,-76.0,-404782.0,0.008,6.96
22210.0,93.0,-404773.0,0.042,6.48
22215.0,231.0,-404616.0,0.058,6.72
22221.0,383.0,-404292.0,0.008,6.96
22226.0,220.0,-404241.0,0.0,6.23
22232.0,-222.0,-403908.0,-0.008,6.23
22237.0,-138.0,-403804.0,0.033,6.23
22242.0,-57.0,-403905.0,0.075,6.48
22247.0,17.0,-403562.0,-0.033,6.23
22252.0,-251.0,-403820.0,0.033,6.23
22257.0,-82.0,-403591.0,-0.008,6.48
22263.0,172.0,-403485.0,0.008,6.23
22268.0,30.0,-403559.0,0.05,6.72
22274.0,121.0,-403842.0,0.1,6.23
22278.0,-6.0,-403415.0,0.008,6.23
22284.0,114.0,-403785.0,-0.025,6.23
22288.0,-91.0,-403860.0,-0.033,6.23
22294.0,57.0,-403540.0,0.008,6.23
22299.0,-23.0,-403670.0,-0.017,6.72
22304.0,-90.0,-403761.0,0.025,6.48
22309.0,-164.0,-403628.0,-0.017,6.23
22316.0,-132.0,-403408.0,0.017,6.23
22320.0,13.0,-403095.0,0.017,6.23
22326.0,-133.0,-403049.0,0.125,6.23
22331.0,181.0,-403153.0,0.05,6.72
22337.0,249.0,-402589.0,0.025,6.23
22341.0,-64.0,-402704.0,0.042,6.23
22347.0,-326.0,-402650.0,0.083,6.23
22353.0,-110.0,-402264.0,0.092,6.23
22358.0,-147.0,-402321.0,0.1,6.96
22363.0,232.0,-402138.0,-0.067,6.72
22368.0,192.0,-402184.0,-0.025,6.23
22373.0,187.0,-401999.0,0.083,6.72
22379.0,-163.0,-401389.0,0.017,6.96
22384.0,167.0,-401763.0,0.133,6.23
22389.0,194.0,-401708.0,-0.033,6.72
22393.0,-489.0,-401987.0,0.042,6.23
22400.0,145.0,-402129.0,-0.008,6.23
22405.0,264.0,-402060.0,0.008,6.72
22410.0,106.0,-401624.0,0.042,6.23
22416.0,-138.0,-402048.0,0.15,6.23
22420.0,5.0,-402097.0,0.2,6.23
22426.0,-229.0,-401731.0,0.058,6.23
22431.0,-133.0,-401481.0,-0.017,6.48
22437.0,-361.0,-401917.0,0.058,6.96
22441.0,-328.0,-401654.0,0.067,6.23
22448.0,-352.0,-401430.0,0.017,6.48
22454.0,244.0,-401472.0,-0.017,8.92
22459.0,-58.0,-401174.0,0.017,6.23
22464.0,31.0,-401037.0,0.167,6.96
22469.0,-161.0,-400765.0,0.025,6.23
22475.0,-269.0,-401007.0,0.067,6.23
22480.0,219.0,-401120.0,0.05,6.23
22486.0,94.0,-400849.0,0.058,6.48
22491.0,178.0,-400753.0,0.008,6.23
22496.0,75.0,-400758.0,-0.008,6.72
22501.0,30.0,-400326.0,0.008,6.23
22506.0,152.0,-400476.0,0.025,6.96
22511.0,113.0,-400541.0,0.042,6.48
22516.0,211.0,-400747.0,-0.05,6.23
22522.0,227.0,-400771.0,0.042,6.23
22528.0,27.0,-400575.0,0.0,6.48
22533.0,170.0,-400284.0,0.017,6.48
22539.0,202.0,-400656.0,0.075,6.23
22544.0,-154.0,-399948.0,0.017,6.23
22549.0,16.0,-400131.0,0.075,6.23
22554.0,417.0,-399996.0,0.067,6.96
22559.0,139.0,-400074.0,-0.008,6.96
22564.0,117.0,-399755.0,0.233,6.48
22569.0,98.0,-399774.0,-0.025,6.72
22576.0,-402.0,-399950.0,-0.033,7.7
22581.0,-2.0,-399815.0,0.092,6.23
22585.0,149.0,-399842.0,-0.067,6.72
22591.0,183.0,-399254.0,0.025,6.23
22595.0,60.0,-399305.0,0.025,6.48
22600.0,97.0,-399139.0,0.0,6.23
22606.0,-7.0,-399301.0,-0.033,6.96
22611.0,86.0,-399196.0,-0.075,6.48
22617.0,-28.0,-399172.0,0.017,6.48
22623.0,-130.0,-399084.0,0.025,6.23
22628.0,-10.0,-399185.0,0.058,6.48
22632.0,-3.0,-399014.0,0.067,6.23
22638.0,-103.0,-399084.0,0.017,6.96
22643.0,-195.0,-399125.0,0.042,6.48
22647.0,28.0,-399132.0,0.033,6.72
22653.0,-306.0,-399044.0,0.017,6.23
22659.0,-53.0,-398919.0,-0.033,6.23
22664.0,6.0,-398687.0,0.083,6.23
22669.0,-168.0,-398679.0,-0.008,6.72
22674.0,-239.0,-398564.0,0.042,6.48
22679.0,-203.0,-398324.0,0.05,6.72
22685.0,121.0,-398344.0,0.017,6.23
22690.0,85.0,-398661.0,-0.1,6.23
22695.0,362.0,-398134.0,-0.017,6.23
22701.0,252.0,-398174.0,0.017,6.96
22706.0,62.0,-397801.0,0.033,6.48
22711.0,-1.0,-397690.0,-0.025,6.96
22716.0,-245.0,-398088.0,0.058,6.23
22721.0,145.0,-397869.0,-0.017,6.23
22726.0,26.0,-397556.0,-0.008,6.48
22731.0,236.0,-397704.0,0.067,6.96
22736.0,42.0,-397683.0,0.05,6.72
22742.0,61.0,-397942.0,-0.008,6.23
22747.0,-569.0,-397999.0,-0.008,6.23
22752.0,-346.0,-397562.0,-0.117,6.72
22757.0,230.0,-397498.0,0.067,6.23
22762.0,176.0,-397329.0,0.108,6.23
22767.0,73.0,-397412.0,0.05,6.23
22773.0,3.0,-397556.0,0.0,6.48
22777.0,-361.0,-397393.0,-0.033,6.48
22782.0,-260.0,-397336.0,0.125,6.48
22789.0,-320.0,-397172.0,0.033,6.23
22794.0,-108.0,-397029.0,-0.042,6.23
22798.0,7.0,-397190.0,-0.017,6.72
22804.0,145.0,-397128.0,0.058,6.23
22809.0,-193.0,-397073.0,0.058,6.72
22814.0,260.0,-396542.0,0.025,6.23
22819.0,14.0,-396494.0,0.033,7.45
22824.0,-370.0,-396525.0,0.042,6.72
22830.0,-67.0,-396544.0,0.008,6.23
22835.0,-195.0,-396398.0,0.05,6.96
22840.0,-101.0,-396519.0,0.008,6.96
22845.0,-280.0,-396316.0,0.058,6.23
22851.0,-10.0,-396512.0,0.067,6.48
22856.0,-94.0,-396089.0,0.042,6.96
22861.0,-283.0,-395861.0,0.008,6.48
22866.0,219.0,-396663.0,0.0,6.96
22872.0,-89.0,-396622.0,0.067,6.72
22877.0,-234.0,-396119.0,0.017,6.23
22882.0,-142.0,-395927.0,0.0,6.23
22888.0,2.0,-396166.0,0.008,6.23
22892.0,-105.0,-396191.0,-0.042,6.23
22898.0,-119.0,-395907.0,0.117,6.23
22903.0,161.0,-395764.0,-0.025,6.48
22907.0,56.0,-395659.0,0.067,6.23
22914.0,-54.0,-395617.0,0.033,6.48
22919.0,156.0,-395660.0,0.067,6.48
22924.0,363.0,-395543.0,0.092,6.23
22929.0,-21.0,-395339.0,0.008,6.23
22934.0,221.0,-395022.0,0.075,6.48
22939.0,44.0,-395032.0,0.025,6.23
22945.0,-168.0,-395082.0,0.033,6.23
22950.0,58.0,-395127.0,0.0,6.23
22955.0,-17.0,-394984.0,0.067,6.23
22961.0,275.0,-394954.0,-0.058,6.23
22966.0,275.0,-394929.0,0.058,6.96
22971.0,12.0,-395126.0,0.133,6.48
22976.0,-84.0,-394932.0,0.092,6.72
22981.0,-2.0,-394965.0,0.058,6.96
22986.0,-23.0,-395004.0,0.108,6.96
22991.0,-133.0,-394931.0,0.067,6.23
22995.0,-366.0,-395044.0,-0.025,6.23
23002.0,-221.0,-394786.0,-0.008,6.72
23007.0,-141.0,-394833.0,-0.025,6.23
23011.0,-214.0,-394778.0,0.05,6.48
23017.0,270.0,-394644.0,0.042,6.96
23022.0,144.0,-394409.0,-0.017,6.23
23027.0,-225.0,-394458.0,-0.008,6.96
23032.0,103.0,-394564.0,0.008,6.96
23037.0,317.0,-394269.0,0.042,6.48
23043.0,358.0,-394254.0,0.008,6.48
23048.0,-58.0,-394076.0,0.042,6.23
23053.0,-50.0,-394021.0,0.017,6.23
23059.0,-67.0,-393887.0,-0.008,6.48
23064.0,309.0,-393513.0,0.058,6.48
23069.0,127.0,-393506.0,0.1,6.48
23074.0,58.0,-393475.0,0.092,6.23
23079.0,190.0,-394023.0,-0.033,6.48
23085.0,270.0,-393802.0,0.033,6.48
23090.0,117.0,-393867.0,0.075,6.23
23096.0,375.0,-393655.0,-0.042,6.72
23101.0,-273.0,-393612.0,-0.008,6.96
23105.0,-332.0,-393711.0,0.058,6.23
23111.0,-128.0,-393561.0,0.042,6.23
23116.0,-130.0,-393338.0,0.008,6.23
23121.0,85.0,-393473.0,-0.042,6.23
23127.0,-61.0,-393531.0,0.092,6.23
23132.0,235.0,-393562.0,0.083,6.48
23137.0,114.0,-393021.0,0.0,6.23
23142.0,-284.0,-393043.0,0.067,6.48
23147.0,420.0,-392884.0,-0.008,6.48
23152.0,189.0,-393022.0,0.05,6.23
23157.0,-32.0,-393167.0,0.1,6.72
23162.0,-138.0,-392824.0,-0.025,6.23
23168.0,-169.0,-392762.0,-0.025,6.23
23173.0,131.0,-392603.0,0.1,6.23
23178.0,131.0,-392584.0,-0.008,6.23
23183.0,304.0,-392572.0,0.05,6.72
23189.0,238.0,-392153.0,0.058,6.48
23194.0,-168.0,-392310.0,-0.033,6.48
23199.0,-81.0,-392606.0,-0.033,6.23
23204.0,235.0,-392549.0,0.033,6.48
23209.0,-31.0,-392130.0,-0.025,6.48
23215.0,-94.0,-392364.0,0.025,6.48
23220.0,134.0,-392453.0,0.0,6.23
23225.0,37.0,-392002.0,0.05,6.23
23229.0,-276.0,-392259.0,0.025,6.23
23234.0,540.0,-392246.0,0.042,6.96
23239.0,409.0,-392030.0,0.075,6.48
23244.0,-603.0,-392081.0,0.042,6.72
23250.0,-325.0,-391690.0,0.025,6.23
23256.0,34.0,-391688.0,0.108,6.48
23261.0,-374.0,-391281.0,0.067,6.23
23266.0,-96.0,-391690.0,0.075,6.72
23271.0,-267.0,-391554.0,0.033,6.72
23276.0,-97.0,-391449.0,0.058,6.23
23281.0,157.0,-391696.0,0.033,6.48
23286.0,160.0,-391594.0,0.017,6.23
23291.0,34.0,-391341.0,0.058,6.72
23297.0,643.0,-391458.0,0.025,6.72
23302.0,-70.0,-391307.0,0.017,6.48
23307.0,-456.0,-390966.0,0.067,6.23
23312.0,-85.0,-391034.0,0.117,6.23
23317.0,295.0,-391205.0,0.0,5.99
23322.0,-77.0,-391090.0,0.025,6.23
23327.0,6.0,-391202.0,0.008,6.23
23332.0,62.0,-391127.0,-0.033,6.23
23337.0,9.0,-391295.0,-0.025,6.48
23343.0,86.0,-390854.0,0.058,6.48
23348.0,222.0,-390871.0,0.042,6.72
23353.0,-29.0,-390897.0,0.025,6.72
23358.0,-153.0,-390886.0,0.117,6.23
23363.0,211.0,-390575.0,-0.008,6.48
23368.0,174.0,-390445.0,-0.025,6.23
23373.0,-260.0,-390146.0,0.067,6.23
23378.0,-120.0,-390129.0,0.017,6.23
23384.0,-409.0,-390297.0,-0.05,6.23
23389.0,413.0,-390088.0,0.042,7.7
23394.0,177.0,-390017.0,0.058,6.72
23399.0,68.0,-389789.0,0.042,6.72
23405.0,346.0,-389928.0,0.05,6.96
23410.0,100.0,-389957.0,0.067,6.23
23415.0,-95.0,-389681.0,-0.058,6.23
23420.0,-49.0,-389932.0,0.025,6.48
23426.0,-3.0,-389913.0,0.0,6.96
23430.0,-58.0,-389842.0,0.0,6.23
23435.0,-274.0,-389743.0,-0.008,6.96
23440.0,-211.0,-389967.0,0.067,6.48
23445.0,-172.0,-389780.0,0.025,5.99
23451.0,-56.0,-389638.0,-0.067,6.96
23456.0,55.0,-389738.0,-0.033,6.23
23460.0,-112.0,-389747.0,0.133,6.23
23467.0,78.0,-389017.0,-0.025,6.48
23472.0,-107.0,-389201.0,0.1,6.23
23477.0,-362.0,-389186.0,-0.017,6.23
23482.0,-42.0,-389360.0,0.025,6.96
23487.0,-41.0,-389262.0,-0.033,6.23
23492.0,-113.0,-389135.0,0.083,6.96
23497.0,335.0,-388772.0,0.1,6.23
23502.0,156.0,-389164.0,0.083,6.23
23507.0,142.0,-388983.0,-0.033,6.23
23514.0,208.0,-389044.0,0.117,6.23
23519.0,267.0,-388918.0,0.017,6.72
23524.0,-215.0,-388911.0,-0.008,6.23
23529.0,-223.0,-388700.0,-0.008,6.23
23534.0,-102.0,-388936.0,-0.042,6.48
23539.0,104.0,-388899.0,0.067,6.23
23544.0,-78.0,-388424.0,0.067,6.96
23549.0,-5.0,-388898.0,0.033,6.48
23555.0,-103.0,-388707.0,-0.067,6.72
23561.0,-365.0,-388371.0,0.083,6.23
23566.0,-200.0,-388735.0,0.067,6.72
23570.0,131.0,-388448.0,-0.017,6.48
23576.0,-73.0,-388082.0,0.067,6.96
23581.0,184.0,-388168.0,0.008,6.72
23586.0,97.0,-388231.0,-0.017,6.23
23591.0,-125.0,-387919.0,0.058,6.23
23597.0,-198.0,-388149.0,-0.008,6.23
23602.0,-273.0,-387630.0,0.092,6.23
23607.0,-7.0,-387928.0,0.05,6.48
23612.0,-194.0,-388060.0,0.008,6.23
23617.0,-251.0,-387993.0,-0.083,6.23
23623.0,105.0,-387249.0,0.025,6.48
23628.0,170.0,-387411.0,0.092,6.72
23632.0,117.0,-387318.0,0.008,6.96
23639.0,-25.0,-387216.0,0.025,6.72
23644.0,-350.0,-387710.0,-0.042,6.48
23649.0,153.0,-387703.0,0.05,6.48
23654.0,-545.0,-387481.0,0.017,6.23
23659.0,-376.0,-387531.0,-0.042,6.72
23664.0,-295.0,-387532.0,0.05,6.72
23669.0,-447.0,-387116.0,0.092,6.72
23675.0,-210.0,-386824.0,-0.017,6.48
23680.0,-71.0,-386939.0,0.067,6.23
23686.0,287.0,-386969.0,-0.008,6.48
23690.0,378.0,-386952.0,0.083,6.72
23695.0,-68.0,-386897.0,0.0,6.72
23701.0,218.0,-386675.0,-0.033,6.23
23706.0,-233.0,-387106.0,0.042,6.23
23711.0,21.0,-386555.0,-0.025,6.23
23716.0,-23.0,-386723.0,0.008,6.72
23721.0,-188.0,-386574.0,0.05,6.72
23727.0,-108.0,-386023.0,0.075,6.72
23732.0,-343.0,-386353.0,0.017,6.72
23737.0,380.0,-386042.0,-0.042,6.23
23742.0,-154.0,-386420.0,-0.033,6.23
23748.0,-242.0,-386584.0,-0.092,6.96
23752.0,-7.0,-386289.0,0.042,6.48
23757.0,-49.0,-386454.0,0.1,6.48
23762.0,-46.0,-386232.0,0.033,6.96
23768.0,-63.0,-386359.0,0.033,6.23
23774.0,-463.0,-386517.0,0.067,6.23
23779.0,-270.0,-386089.0,0.017,6.48
23783.0,-325.0,-385942.0,0.017,6.48
23789.0,-119.0,-386090.0,0.033,6.23
23794.0,-244.0,-386192.0,0.0,6.48
23799.0,145.0,-385845.0,0.033,6.96
23804.0,205.0,-385805.0,0.017,6.48
23810.0,100.0,-385563.0,0.142,6.23
23815.0,131.0,-385830.0,0.067,6.96
23820.0,175.0,-385740.0,0.033,6.23
23825.0,-62.0,-385520.0,0.092,6.48
23830.0,225.0,-385569.0,0.05,6.23
23836.0,327.0,-385241.0,0.05,6.96
23840.0,288.0,-385032.0,-0.075,6.48
23845.0,32.0,-385261.0,0.0,6.96
23852.0,188.0,-385555.0,0.025,6.23
23856.0,175.0,-385502.0,0.008,6.23
23862.0,-229.0,-385127.0,-0.025,6.23
23867.0,-245.0,-385501.0,0.075,6.23
23872.0,-98.0,-385212.0,-0.017,6.23
23877.0,82.0,-384989.0,0.025,6.96
23882.0,-238.0,-385099.0,0.017,6.23
23887.0,127.0,-385150.0,0.15,6.48
23892.0,15.0,-384999.0,-0.05,6.23
23899.0,-315.0,-384539.0,0.042,6.72
23903.0,-206.0,-384732.0,0.067,6.72
23908.0,-174.0,-384663.0,0.017,6.72
23914.0,68.0,-384583.0,-0.083,6.72
23918.0,153.0,-384530.0,0.092,6.96
23924.0,-11.0,-384415.0,-0.017,6.48
23929.0,-33.0,-384487.0,0.167,6.72
23934.0,-318.0,-384540.0,0.05,6.72
23940.0,78.0,-384395.0,0.058,6.48
23945.0,-37.0,-384223.0,0.05,6.48
23949.0,-160.0,-383990.0,0.058,7.7
23955.0,-648.0,-384450.0,0.008,6.23
23960.0,-405.0,-384165.0,0.158,6.72
23964.0,-2.0,-384058.0,0.067,6.23
23970.0,158.0,-384086.0,0.008,6.72
23974.0,93.0,-384017.0,0.0,6.23
23981.0,-249.0,-384153.0,0.058,6.48
23986.0,261.0,-384021.0,0.017,6.23
23991.0,162.0,-383982.0,0.042,6.72
23996.0,-222.0,-383533.0,0.017,6.48
24002.0,-60.0,-383787.0,0.017,6.72
24006.0,-323.0,-383820.0,0.025,6.48
24011.0,-331.0,-383497.0,0.042,6.23
24017.0,325.0,-383761.0,-0.008,6.96
24023.0,248.0,-383708.0,0.075,6.72
24028.0,-208.0,-383529.0,0.058,6.96
24033.0,-144.0,-383355.0,0.05,6.23
24038.0,-35.0,-383128.0,-0.1,6.23
24043.0,93.0,-383091.0,0.025,6.48
24048.0,-23.0,-383223.0,0.05,6.48
24053.0,34.0,-383202.0,0.033,6.48
24058.0,-92.0,-383116.0,-0.033,6.48
24065.0,-318.0,-383194.0,-0.042,6.96
24070.0,230.0,-383038.0,0.008,6.48
24075.0,197.0,-383077.0,0.042,6.48
24081.0,-163.0,-382823.0,-0.05,6.23
24086.0,183.0,-382725.0,0.0,6.48
24091.0,328.0,-382850.0,0.033,6.96
24096.0,-46.0,-382831.0,0.133,6.23
24101.0,38.0,-382887.0,0.008,6.23
24107.0,-151.0,-382904.0,-0.008,5.5
24112.0,-321.0,-382707.0,0.05,6.72
24118.0,-15.0,-382611.0,0.075,6.96
24122.0,10.0,-382554.0,0.125,6.96
24128.0,6.0,-382592.0,0.033,6.72
24133.0,318.0,-382454.0,0.05,6.23
24139.0,-440.0,-382142.0,0.025,6.96
24143.0,-651.0,-381883.0,-0.008,6.48
24150.0,125.0,-382117.0,0.05,6.72
24155.0,-91.0,-381979.0,0.008,6.96
24160.0,-14.0,-381738.0,0.067,6.23
24165.0,240.0,-381915.0,0.008,6.72
24171.0,316.0,-381997.0,-0.008,6.96
24175.0,69.0,-382130.0,0.025,6.48
24181.0,225.0,-381546.0,0.05,6.23
24186.0,305.0,-381694.0,-0.033,6.72
24193.0,-167.0,-381824.0,0.058,6.23
24197.0,-418.0,-381723.0,0.0,6.23
24203.0,228.0,-382081.0,0.0,6.23
24208.0,-94.0,-381751.0,0.0,6.48
24213.0,-167.0,-381528.0,-0.025,6.96
24218.0,-6.0,-381591.0,0.025,6.23
24222.0,227.0,-381936.0,0.017,6.48
24227.0,-112.0,-381365.0,-0.033,6.72
24232.0,-238.0,-381459.0,-0.017,6.23
24238.0,147.0,-381322.0,0.042,6.23
24244.0,-103.0,-380826.0,0.058,6.23
24249.0,-179.0,-381388.0,-0.058,6.48
24254.0,-112.0,-381325.0,0.033,6.23
24258.0,105.0,-381256.0,0.008,6.48
24264.0,65.0,-381124.0,0.008,6.48
24269.0,42.0,-381149.0,0.058,6.48
24274.0,256.0,-381099.0,0.042,6.23
24281.0,34.0,-380865.0,0.033,6.48
24285.0,-135.0,-381028.0,0.1,6.23
24291.0,317.0,-380528.0,-0.042,8.68
24296.0,-247.0,-380606.0,-0.025,6.23
24302.0,-277.0,-380712.0,-0.042,6.48
24307.0,-238.0,-380831.0,-0.042,6.23
24312.0,10.0,-380571.0,0.017,6.48
24318.0,200.0,-380545.0,-0.025,6.23
24324.0,-4.0,-380588.0,0.1,6.23
24328.0,-363.0,-380655.0,-0.008,6.96
24334.0,341.0,-380367.0,0.025,6.23
24339.0,-413.0,-380406.0,-0.008,6.48
24344.0,-270.0,-380373.0,-0.025,6.23
24349.0,412.0,-380113.0,-0.025,6.48
24354.0,-66.0,-380132.0,-0.017,6.72
24359.0,-327.0,-380019.0,0.033,6.72
24365.0,159.0,-380293.0,0.0,6.96
24370.0,131.0,-380152.0,0.05,6.48
24375.0,28.0,-379863.0,0.0,6.72
24380.0,-82.0,-379871.0,-0.033,6.96
24385.0,173.0,-379996.0,0.092,6.96
24391.0,-221.0,-380022.0,0.025,6.48
24396.0,-419.0,-379752.0,0.067,6.72
24401.0,81.0,-379839.0,0.025,6.23
24407.0,94.0,-379554.0,0.042,6.23
24412.0,-6.0,-379524.0,-0.008,6.96
24417.0,40.0,-379539.0,0.042,6.96
24422.0,427.0,-379394.0,-0.067,5.99
24427.0,9.0,-379686.0,0.008,6.48
24432.0,29.0,-379529.0,0.042,6.72
24437.0,-358.0,-379138.0,-0.15,5.74
24443.0,-152.0,-379256.0,0.008,6.48
24448.0,-349.0,-379277.0,0.067,6.23
24453.0,104.0,-378993.0,0.167,6.23
24459.0,134.0,-379093.0,-0.05,6.48
24464.0,-84.0,-378926.0,0.075,6.48
24469.0,113.0,-378997.0,0.0,6.96
24474.0,245.0,-379037.0,0.0,6.96
24479.0,196.0,-379448.0,-0.05,6.23
24484.0,-146.0,-378486.0,0.017,6.48
24491.0,-196.0,-378724.0,0.05,6.23
24496.0,44.0,-378885.0,0.033,6.48
24500.0,215.0,-378578.0,0.05,6.72
24506.0,209.0,-378742.0,0.117,6.96
24511.0,-15.0,-378561.0,0.075,6.96
24516.0,288.0,-378860.0,0.067,6.72
24521.0,322.0,-378522.0,0.033,6.48
24526.0,-96.0,-378361.0,0.075,6.23
24531.0,-173.0,-378172.0,0.008,6.72
24537.0,325.0,-378370.0,0.0,6.48
24543.0,-149.0,-378613.0,0.008,6.23
24547.0,-118.0,-378192.0,-0.05,6.48
24553.0,404.0,-378238.0,0.025,6.72
24558.0,-44.0,-377969.0,0.075,6.96
24562.0,-79.0,-377750.0,0.108,6.23
24568.0,-9.0,-378060.0,0.075,6.48
24573.0,1.0,-378137.0,0.025,6.23
24579.0,-52.0,-378255.0,0.042,5.99
24584.0,-78.0,-378031.0,0.0,6.23
24589.0,-18.0,-378082.0,0.108,6.23
24594.0,95.0,-377781.0,-0.017,6.23
24600.0,17.0,-377943.0,0.017,6.48
24605.0,83.0,-378014.0,0.017,6.96
24609.0,-18.0,-377685.0,0.117,6.96
24614.0,-10.0,-377232.0,-0.017,6.48
24620.0,207.0,-377403.0,0.017,6.23
24625.0,-321.0,-377427.0,0.058,6.96
24631.0,29.0,-377128.0,0.1,6.23
24635.0,204.0,-377435.0,0.058,6.72
24641.0,92.0,-376933.0,0.1,6.72
24646.0,196.0,-377270.0,-0.075,6.23
24650.0,363.0,-377049.0,0.083,6.23
24656.0,109.0,-376975.0,-0.033,6.72
24662.0,91.0,-377152.0,-0.025,6.23
24667.0,26.0,-377079.0,-0.033,6.23
24672.0,-242.0,-377033.0,-0.017,6.48
24677.0,-208.0,-376940.0,-0.008,6.23
24682.0,-111.0,-377011.0,0.008,6.48
24687.0,-221.0,-377105.0,0.017,6.96
24693.0,-347.0,-376782.0,-0.083,6.72
24697.0,-310.0,-377199.0,0.017,6.23
24704.0,8.0,-376835.0,0.083,6.23
24709.0,14.0,-376734.0,0.042,6.23
24713.0,-33.0,-376509.0,-0.008,6.23
24719.0,245.0,-376241.0,-0.017,6.23
24724.0,-123.0,-376294.0,-0.017,6.23
24729.0,-306.0,-376351.0,0.025,6.72
24734.0,196.0,-376179.0,-0.008,6.23
24739.0,38.0,-376306.0,0.017,6.96
24744.0,157.0,-376189.0,-0.042,6.48
24750.0,135.0,-375781.0,-0.017,6.23
24756.0,157.0,-375868.0,0.042,6.23
24760.0,-54.0,-375929.0,-0.008,6.48
24766.0,176.0,-375789.0,-0.025,6.23
24771.0,-8.0,-375802.0,0.05,6.96
24776.0,-53.0,-375864.0,0.042,6.72
24781.0,-121.0,-375836.0,0.025,6.48
24786.0,-67.0,-375749.0,0.117,6.48
24792.0,-94.0,-376160.0,0.033,6.72
24798.0,46.0,-376178.0,0.008,6.48
24803.0,-420.0,-375889.0,0.025,6.23
24807.0,-145.0,-375892.0,0.025,6.72
24813.0,-37.0,-375852.0,0.042,6.48
24818.0,37.0,-375761.0,-0.042,6.72
24822.0,128.0,-375740.0,0.108,6.23
24828.0,-120.0,-375566.0,0.025,6.96
24834.0,424.0,-375613.0,0.017,6.96
24839.0,145.0,-375278.0,0.217,6.96
24844.0,67.0,-375208.0,-0.058,6.48
24849.0,203.0,-375047.0,-0.008,6.23
24854.0,206.0,-375295.0,0.05,6.23
24859.0,37.0,-375320.0,0.05,6.23
24864.0,131.0,-374887.0,0.092,6.72
24869.0,136.0,-375241.0,-0.025,6.23
24875.0,-54.0,-375140.0,-0.017,6.23
24880.0,-189.0,-374851.0,-0.05,6.23
24884.0,370.0,-374922.0,0.042,6.23
24890.0,108.0,-374835.0,0.125,6.23
24895.0,-35.0,-374553.0,0.025,6.23
24900.0,-105.0,-374792.0,0.025,6.48
24905.0,215.0,-375141.0,-0.017,6.23
24910.0,-244.0,-374655.0,0.067,6.48
24915.0,22.0,-374896.0,0.075,6.48
24921.0,-404.0,-374521.0,-0.025,6.48
24926.0,-173.0,-374211.0,-0.008,6.23
24931.0,61.0,-374458.0,0.008,6.23
24936.0,-13.0,-374831.0,0.017,6.23
24941.0,166.0,-374175.0,0.042,6.96
24946.0,296.0,-373956.0,0.083,6.48
24951.0,417.0,-374433.0,-0.008,6.23
24956.0,-502.0,-374452.0,-0.05,6.23
24962.0,132.0,-373947.0,0.033,6.96
24967.0,155.0,-374073.0,-0.008,6.72
24972.0,-255.0,-374052.0,-0.025,6.48
24977.0,-121.0,-373691.0,0.0,6.23
24982.0,316.0,-373815.0,-0.1,6.23
24987.0,380.0,-373898.0,-0.008,6.23
24992.0,238.0,-373741.0,0.05,6.23
24997.0,457.0,-374111.0,-0.067,6.48
25004.0,103.0,-374188.0,0.058,6.72
25009.0,-159.0,-373903.0,0.058,6.23
25014.0,-4.0,-373681.0,0.067,6.96
25019.0,-94.0,-373876.0,-0.058,6.96
25023.0,-211.0,-373485.0,0.1,6.48
25028.0,-80.0,-373650.0,0.083,6.23
25033.0,34.0,-373739.0,0.033,6.23
25038.0,117.0,-373213.0,0.058,6.23
25043.0,-257.0,-373144.0,0.067,6.72
25049.0,-63.0,-373551.0,0.1,6.48
25054.0,94.0,-373067.0,0.008,6.48
25059.0,106.0,-373030.0,0.0,6.48
25064.0,-29.0,-373335.0,0.042,6.48
25069.0,-383.0,-373416.0,0.058,6.48
25074.0,-35.0,-372839.0,-0.025,6.23
25079.0,-10.0,-373275.0,0.083,6.48
25084.0,-200.0,-373042.0,-0.008,7.7
25090.0,156.0,-372791.0,-0.017,6.96
25095.0,143.0,-372733.0,-0.008,6.23
25101.0,-273.0,-372726.0,0.0,6.23
25106.0,-533.0,-372941.0,0.033,6.23
25111.0,-152.0,-372623.0,0.008,6.23
25116.0,-108.0,-372842.0,-0.025,6.23
25121.0,-282.0,-372673.0,0.033,6.23
25126.0,-349.0,-372603.0,0.1,6.23
25132.0,185.0,-372556.0,0.042,6.23
25137.0,-141.0,-372519.0,0.008,6.72
25142.0,78.0,-372431.0,0.0,6.23
25147.0,-38.0,-372444.0,0.075,6.48
25152.0,-28.0,-372255.0,0.008,6.23
25157.0,-119.0,-372475.0,-0.008,6.72
25162.0,65.0,-372458.0,0.067,6.23
25168.0,457.0,-372193.0,0.042,6.23
25174.0,120.0,-371877.0,0.025,6.48
25179.0,10.0,-372076.0,0.033,6.23
25184.0,-220.0,-372076.0,0.092,6.96
25189.0,-135.0,-371706.0,0.067,6.72
25194.0,-160.0,-371519.0,-0.158,6.48
25200.0,126.0,-372117.0,0.017,6.96
25205.0,137.0,-371609.0,0.058,6.23
25209.0,-298.0,-371566.0,0.05,6.23
25216.0,-46.0,-371772.0,0.008,6.23
25221.0,37.0,-372080.0,0.05,6.48
25226.0,-79.0,-371751.0,-0.008,6.23
25231.0,-167.0,-371270.0,-0.058,6.72
25236.0,90.0,-371492.0,-0.017,6.96
25241.0,190.0,-371745.0,0.067,6.48
25246.0,-188.0,-371402.0,0.008,6.96
25251.0,-201.0,-371614.0,-0.025,6.72
25256.0,171.0,-371265.0,0.008,6.96
25262.0,-123.0,-370994.0,0.042,6.96
25268.0,-248.0,-370914.0,0.108,6.48
25273.0,90.0,-371105.0,0.025,6.23
25278.0,-156.0,-371162.0,0.0,6.48
25283.0,-119.0,-371268.0,0.075,5.01
25288.0,37.0,-371859.0,0.058,6.23
25293.0,153.0,-371115.0,0.017,6.48
25298.0,292.0,-370817.0,0.083,6.48
25304.0,-171.0,-371036.0,0.05,6.48
25310.0,-5.0,-370778.0,0.008,6.48
25315.0,160.0,-371002.0,0.008,7.21
25319.0,233.0,-371121.0,0.067,6.72
25325.0,-67.0,-370631.0,-0.025,6.23
25330.0,4.0,-370641.0,0.067,6.72
25334.0,183.0,-370354.0,0.025,6.72
25340.0,-9.0,-370356.0,0.058,6.23
25346.0,-218.0,-370280.0,0.025,6.72
25351.0,144.0,-370461.0,0.025,6.23
25356.0,-50.0,-370580.0,0.075,6.96
25361.0,55.0,-370130.0,-0.017,6.72
25366.0,-27.0,-370451.0,-0.025,6.48
25372.0,95.0,-370541.0,0.05,6.23
25377.0,86.0,-370299.0,0.042,6.23
25381.0,-165.0,-370128.0,0.075,6.23
25388.0,-27.0,-369942.0,0.1,6.48
25393.0,278.0,-370054.0,0.067,6.48
25398.0,201.0,-369991.0,0.033,6.23
25403.0,95.0,-369639.0,0.017,6.96
25408.0,100.0,-369933.0,0.058,6.96
25413.0,31.0,-369754.0,0.033,6.23
25418.0,-183.0,-370034.0,0.058,6.23
25424.0,152.0,-369316.0,-0.008,6.23
25428.0,443.0,-369467.0,0.008,6.72
25435.0,-31.0,-369655.0,0.117,6.23
25440.0,188.0,-369441.0,0.025,6.23
25444.0,53.0,-369306.0,0.017,6.72
25450.0,-239.0,-369240.0,0.017,6.48
25455.0,-208.0,-369213.0,0.092,6.23
25460.0,-68.0,-369118.0,0.05,6.48
25465.0,268.0,-369560.0,-0.025,6.72
25470.0,49.0,-369343.0,-0.05,6.23
25476.0,-195.0,-369446.0,-0.05,6.48
25481.0,-50.0,-369478.0,0.0,6.23
25486.0,53.0,-369471.0,0.017,6.23
25491.0,-185.0,-369165.0,0.025,6.23
25496.0,-288.0,-369081.0,0.0,6.96
25501.0,145.0,-369126.0,-0.008,6.23
25506.0,-185.0,-369202.0,0.008,6.23
25511.0,-184.0,-369174.0,0.042,6.23
25517.0,-45.0,-369107.0,0.117,6.96
25523.0,-225.0,-368997.0,0.025,6.72
25528.0,-340.0,-368523.0,-0.042,6.23
25532.0,-53.0,-368530.0,0.067,6.23
25538.0,187.0,-368574.0,0.05,6.23
25543.0,184.0,-368446.0,-0.058,6.48
25548.0,-295.0,-368101.0,-0.083,6.48
25553.0,23.0,-368593.0,0.033,6.23
25559.0,40.0,-368435.0,0.075,6.72
25564.0,143.0,-368312.0,0.1,6.72
25569.0,43.0,-368110.0,0.05,6.96
25574.0,184.0,-368439.0,0.033,6.23
25579.0,-332.0,-368338.0,0.075,6.96
25585.0,-182.0,-368092.0,-0.025,6.23
25589.0,-173.0,-368223.0,0.058,6.48
25594.0,-45.0,-368626.0,0.025,6.48
25601.0,-175.0,-367996.0,0.017,6.23
25605.0,-132.0,-368051.0,0.158,6.23
25611.0,-144.0,-368146.0,-0.042,6.23
25616.0,48.0,-367710.0,-0.033,6.23
25621.0,-19.0,-367929.0,0.067,6.48
25626.0,397.0,-368032.0,0.075,6.23
25631.0,-15.0,-368054.0,-0.025,6.72
25636.0,60.0,-368029.0,-0.108,6.96
25641.0,24.0,-367772.0,0.108,6.23
25647.0,-2.0,-367714.0,0.117,6.96
25652.0,187.0,-367611.0,0.083,6.23
25657.0,-211.0,-367548.0,0.067,6.48
25662.0,-450.0,-367346.0,0.083,6.96
25667.0,255.0,-367557.0,-0.05,6.23
25672.0,-111.0,-367363.0,-0.017,6.23
25677.0,-32.0,-367695.0,0.033,6.48
25682.0,285.0,-367368.0,-0.042,6.72
25689.0,331.0,-367028.0,-0.042,6.23
25694.0,-46.0,-367508.0,0.025,6.23
25698.0,23.0,-367207.0,0.0,6.72
25704.0,-13.0,-367237.0,0.017,6.23
25708.0,-108.0,-367158.0,0.092,6.23
25714.0,262.0,-367163.0,-0.008,6.23
25719.0,-16.0,-366917.0,0.017,6.23
25724.0,167.0,-367126.0,0.142,6.23
25730.0,-199.0,-366991.0,-0.017,6.23
25735.0,281.0,-366685.0,0.075,6.72
25740.0,-168.0,-366812.0,0.092,6.23
25745.0,-296.0,-366789.0,0.008,6.72
25751.0,-368.0,-366799.0,0.075,6.23
25755.0,-171.0,-366858.0,0.075,6.23
25760.0,3.0,-366369.0,0.042,6.96
25766.0,211.0,-366795.0,0.0,6.72
25771.0,0.0,-366568.0,0.075,6.23
25776.0,-76.0,-366661.0,0.025,6.23
25782.0,288.0,-366263.0,0.042,6.72
25786.0,211.0,-366160.0,-0.033,6.48
25792.0,53.0,-366444.0,0.075,6.23
25797.0,381.0,-366072.0,0.017,6.23
25802.0,50.0,-366173.0,0.083,6.23
25807.0,-160.0,-366348.0,0.0,5.25
25814.0,-248.0,-366414.0,0.033,6.48
25818.0,-105.0,-365991.0,0.033,6.23
25823.0,-57.0,-366314.0,0.058,6.96
25829.0,-23.0,-366410.0,-0.025,6.48
25834.0,26.0,-366345.0,0.058,6.48
25839.0,-292.0,-365820.0,0.025,6.48
25844.0,218.0,-365588.0,0.092,6.48
25849.0,187.0,-365617.0,-0.008,6.48
25854.0,-79.0,-365744.0,0.008,6.72
25860.0,-119.0,-365656.0,0.033,6.23
25865.0,-96.0,-365751.0,0.033,6.23
25871.0,306.0,-365591.0,0.0,6.48
25876.0,-58.0,-366005.0,0.083,6.96
25881.0,-125.0,-365674.0,0.033,6.48
25885.0,-84.0,-365083.0,0.058,6.23
25891.0,-134.0,-365317.0,-0.033,6.96
25895.0,-173.0,-365378.0,0.017,6.72
25902.0,-135.0,-365338.0,0.075,6.72
25908.0,47.0,-365536.0,0.042,6.96
25912.0,-250.0,-365673.0,0.05,6.23
25917.0,-385.0,-365300.0,0.067,6.48
25922.0,-49.0,-365082.0,0.008,6.23
25927.0,48.0,-365345.0,-0.025,6.23
25932.0,28.0,-365529.0,0.058,6.48
25938.0,56.0,-365415.0,0.017,6.72
25944.0,-27.0,-365060.0,-0.075,6.23
25949.0,123.0,-365080.0,0.042,6.48
25955.0,-65.0,-364924.0,0.025,6.96
25960.0,-299.0,-364508.0,0.083,6.96
25965.0,-14.0,-364729.0,0.1,6.72
25970.0,114.0,-364709.0,-0.067,6.23
25976.0,236.0,-364317.0,0.025,6.48
25980.0,145.0,-364388.0,0.025,6.72
25986.0,50.0,-364615.0,0.008,6.23
25992.0,-270.0,-364751.0,0.083,6.48
25996.0,-59.0,-364904.0,-0.033,6.96
26002.0,307.0,-364480.0,0.1,6.48
26007.0,-185.0,-364616.0,-0.067,6.23
26012.0,16.0,-364597.0,0.042,6.96
26017.0,230.0,-364043.0,0.0,6.48
26023.0,-418.0,-364307.0,0.092,6.23
26029.0,-470.0,-364089.0,0.1,6.72
26034.0,-99.0,-363998.0,0.075,6.48
26040.0,149.0,-364026.0,-0.025,6.23
26045.0,-283.0,-364144.0,0.008,6.23
26050.0,157.0,-364217.0,0.05,6.23
26055.0,-42.0,-364114.0,0.117,6.48
26060.0,-54.0,-363724.0,0.075,6.48
26065.0,-74.0,-363737.0,0.083,6.48
26071.0,113.0,-363786.0,0.033,6.23
26077.0,273.0,-363556.0,0.067,6.72
26081.0,16.0,-363763.0,0.008,6.72
26086.0,-7.0,-363683.0,-0.008,6.23
26092.0,-99.0,-363727.0,0.042,6.23
26096.0,280.0,-363672.0,-0.083,6.96
26102.0,-264.0,-363258.0,0.075,6.48
26107.0,-42.0,-363514.0,0.008,6.48
26114.0,-164.0,-363030.0,0.058,6.23
26119.0,-215.0,-363057.0,-0.008,6.72
26124.0,93.0,-363253.0,0.033,6.23
26130.0,-49.0,-363359.0,-0.008,6.72
26135.0,-81.0,-362986.0,0.067,6.48
26139.0,-116.0,-363047.0,0.033,6.48
26145.0,-8.0,-363101.0,0.025,6.48
26149.0,97.0,-363102.0,0.008,6.23
26156.0,-79.0,-363280.0,0.05,6.48
26161.0,-297.0,-362976.0,-0.017,6.23
26166.0,-117.0,-363003.0,0.092,6.23
26171.0,-204.0,-362968.0,0.092,6.23
26177.0,-398.0,-362664.0,0.058,6.23
26182.0,232.0,-362961.0,0.058,6.23
26186.0,167.0,-362642.0,0.108,6.23
26192.0,37.0,-362620.0,0.075,6.23
26198.0,207.0,-362575.0,0.108,6.72
26203.0,148.0,-362880.0,-0.042,6.48
26208.0,-344.0,-362200.0,0.025,6.23
26213.0,-528.0,-361965.0,-0.067,6.48
26218.0,-251.0,-362128.0,0.0,6.48
26223.0,-55.0,-362362.0,0.033,6.48
26228.0,101.0,-362395.0,0.083,6.48
26233.0,-86.0,-362310.0,-0.058,6.48
26240.0,-60.0,-362326.0,0.067,6.23
26245.0,12.0,-362503.0,0.1,6.23
26249.0,-257.0,-362274.0,0.075,6.23
26255.0,183.0,-361988.0,0.033,6.23
26260.0,-67.0,-362163.0,0.025,6.48
26265.0,-204.0,-362156.0,0.067,6.72
26270.0,-8.0,-362210.0,0.008,6.72
26275.0,17.0,-362053.0,-0.008,6.48
26280.0,-82.0,-361969.0,-0.008,6.23
26286.0,-196.0,-362120.0,0.008,6.23
26290.0,-157.0,-362039.0,0.058,6.23
26296.0,31.0,-361907.0,-0.058,6.96
26301.0,79.0,-361990.0,0.008,6.23
26306.0,96.0,-361829.0,0.058,6.96
26311.0,-60.0,-361427.0,0.008,3.05
26316.0,204.0,-361574.0,-0.042,6.96
26321.0,-195.0,-361305.0,-0.117,6.23
26327.0,-371.0,-361751.0,0.133,6.23
26332.0,-103.0,-361532.0,0.058,6.72
26337.0,160.0,-361643.0,0.008,6.23
26343.0,-194.0,-361375.0,0.033,6.48
26348.0,112.0,-361234.0,-0.025,6.23
26352.0,131.0,-361387.0,-0.042,6.48
26358.0,-317.0,-360747.0,-0.017,6.23
26363.0,431.0,-360782.0,0.008,6.23
26369.0,218.0,-361311.0,0.0,6.23
26374.0,-18.0,-361043.0,0.1,6.48
26379.0,-56.0,-360956.0,0.025,6.96
26384.0,293.0,-360778.0,-0.017,6.23
26390.0,241.0,-361004.0,0.025,6.48
26395.0,55.0,-361159.0,0.058,6.48
26399.0,182.0,-360830.0,0.017,6.23
26405.0,236.0,-360734.0,-0.117,6.23
26411.0,12.0,-360717.0,0.1,6.96
26416.0,-103.0,-360556.0,0.067,6.23
26421.0,-191.0,-360818.0,0.1,6.23
26426.0,-345.0,-360589.0,0.05,6.23
26431.0,-284.0,-360222.0,0.042,6.23
26436.0,-140.0,-360382.0,0.0,6.23
26441.0,284.0,-360413.0,0.058,6.23
26446.0,-75.0,-360464.0,0.008,6.23
26452.0,-141.0,-360512.0,-0.017,8.19
26458.0,-1.0,-360527.0,-0.033,6.23
26462.0,-44.0,-360274.0,-0.008,6.23
26467.0,30.0,-360349.0,0.0,6.96
26472.0,-129.0,-360232.0,-0.025,6.23
26477.0,-125.0,-360296.0,0.05,6.72
26482.0,-103.0,-360539.0,0.033,6.96
26487.0,-516.0,-359874.0,0.05,6.48
26493.0,20.0,-359904.0,0.092,7.45
26499.0,8.0,-359793.0,0.033,6.96
26503.0,-133.0,-359734.0,-0.025,6.48
26509.0,385.0,-359548.0,-0.025,6.96
26514.0,215.0,-359637.0,0.067,6.23
26519.0,204.0,-359858.0,0.05,6.48
26524.0,-262.0,-359430.0,0.092,6.23
26529.0,-134.0,-359505.0,0.067,6.23
26534.0,-51.0,-359572.0,0.017,6.96
26540.0,-395.0,-359528.0,0.075,6.72
26545.0,-119.0,-359671.0,0.117,6.23
26550.0,-152.0,-359828.0,0.025,6.48
26556.0,176.0,-359594.0,0.008,6.23
26561.0,-216.0,-359627.0,0.05,6.23
26565.0,-19.0,-359510.0,0.083,6.23
26570.0,209.0,-359627.0,0.008,6.23
26575.0,-130.0,-359094.0,0.033,6.96
26580.0,115.0,-359434.0,-0.025,6.23
26586.0,51.0,-359235.0,0.033,6.72
26591.0,26.0,-359117.0,0.067,6.23
26597.0,26.0,-359405.0,0.033,6.48
26602.0,-42.0,-359500.0,0.033,6.23
26606.0,-229.0,-359083.0,-0.008,5.74
26612.0,163.0,-358835.0,0.075,6.23
26617.0,83.0,-358744.0,0.05,6.48
26622.0,118.0,-358785.0,0.0,6.72
26628.0,396.0,-358921.0,0.067,6.72
26633.0,24.0,-358838.0,0.033,6.23
26638.0,57.0,-358775.0,-0.1,6.23
26643.0,205.0,-358365.0,-0.042,6.48
26648.0,169.0,-358326.0,0.058,6.72
26653.0,206.0,-358333.0,0.075,6.96
26659.0,-318.0,-358611.0,0.117,6.23
26664.0,-216.0,-358490.0,0.0,6.72
26670.0,243.0,-358686.0,0.067,6.72
26675.0,-332.0,-358190.0,0.017,6.23
26680.0,162.0,-358307.0,0.067,6.23
26685.0,-5.0,-358370.0,0.008,6.23
26690.0,-23.0,-357871.0,0.042,6.72
26695.0,-123.0,-358270.0,-0.017,6.48
26700.0,38.0,-358312.0,0.008,6.23
26705.0,526.0,-358317.0,0.05,6.23
26711.0,130.0,-358006.0,0.042,6.48
26716.0,201.0,-358284.0,0.025,6.23
26721.0,-171.0,-358023.0,0.075,6.48
26726.0,123.0,-357856.0,0.017,6.72
26731.0,84.0,-357988.0,0.017,6.96
26736.0,86.0,-358109.0,-0.025,6.48
26741.0,-13.0,-357870.0,-0.025,6.48
26746.0,56.0,-357689.0,0.05,6.23
26752.0,164.0,-358036.0,-0.058,6.48
26757.0,-67.0,-357500.0,-0.033,6.23
26762.0,153.0,-357481.0,0.125,6.48
26766.0,-216.0,-357352.0,0.058,6.48
26771.0,-181.0,-357263.0,0.017,5.74
26776.0,-41.0,-357374.0,-0.058,6.48
26781.0,-20.0,-357492.0,0.008,6.23
26786.0,144.0,-357773.0,-0.017,6.48
26791.0,-15.0,-357278.0,0.117,6.72
26796.0,-310.0,-357041.0,0.1,6.48
26802.0,-146.0,-357078.0,-0.008,6.72
26807.0,-253.0,-357246.0,0.0,6.48
26812.0,-23.0,-357263.0,-0.017,6.96
26817.0,189.0,-357278.0,0.05,6.23
26822.0,-64.0,-357238.0,0.017,6.23
26827.0,-328.0,-357051.0,0.083,6.72
26832.0,43.0,-357080.0,0.033,6.48
26836.0,-490.0,-356837.0,0.025,6.23
26842.0,-270.0,-356886.0,0.092,6.48
26847.0,39.0,-357082.0,0.058,6.72
26852.0,3.0,-356945.0,-0.017,6.48
26857.0,-124.0,-357156.0,-0.025,6.72
26862.0,139.0,-356885.0,0.033,6.72
26867.0,93.0,-356644.0,-0.142,6.23
26872.0,14.0,-356272.0,0.075,6.72
26877.0,2.0,-356371.0,-0.158,6.23
26882.0,177.0,-356796.0,0.117,6.48
26887.0,-220.0,-356735.0,0.0,6.23
26892.0,-504.0,-356746.0,0.092,6.72
26897.0,-37.0,-356360.0,-0.017,6.23
26902.0,15.0,-356239.0,-0.025,6.72
26907.0,60.0,-356237.0,0.017,6.23
26912.0,-107.0,-356344.0,-0.05,6.48
26917.0,-201.0,-356123.0,0.142,6.96
26923.0,-22.0,-356151.0,-0.033,6.48
26928.0,177.0,-356062.0,-0.025,6.96
26933.0,415.0,-356027.0,0.033,6.23
26938.0,478.0,-356247.0,0.092,6.48
26943.0,-68.0,-356354.0,0.05,6.23
26948.0,22.0,-355940.0,0.0,6.23
26953.0,95.0,-355920.0,0.05,6.96
26959.0,13.0,-355911.0,0.025,6.23
26964.0,-175.0,-355834.0,0.017,6.48
26970.0,-248.0,-355746.0,0.033,6.48
26975.0,-218.0,-355323.0,0.092,6.48
26980.0,-198.0,-355540.0,0.042,6.23
26985.0,-449.0,-355834.0,0.025,6.48
26990.0,-363.0,-355431.0,-0.042,6.23
26995.0,-161.0,-355346.0,-0.008,6.96
27000.0,-132.0,-355480.0,0.025,6.48
27005.0,44.0,-355577.0,0.125,6.48
27011.0,-194.0,-355384.0,0.092,6.23
27017.0,-213.0,-355110.0,-0.058,6.48
27022.0,-97.0,-355345.0,-0.017,6.23
27027.0,-427.0,-355294.0,0.125,6.23
27032.0,-230.0,-355006.0,0.075,6.23
27037.0,520.0,-354893.0,0.017,6.96
27042.0,-226.0,-354948.0,0.058,6.48
27047.0,-41.0,-355154.0,0.025,5.99
27053.0,225.0,-355285.0,0.025,6.72
27058.0,-309.0,-355192.0,0.092,6.23
27063.0,-120.0,-355014.0,-0.008,6.96
27068.0,252.0,-354641.0,0.033,6.72
27073.0,70.0,-354744.0,0.033,5.74
27078.0,77.0,-354565.0,-0.008,6.96
27083.0,83.0,-354804.0,0.058,6.23
27088.0,-274.0,-354738.0,0.1,6.48
27094.0,-107.0,-354831.0,0.083,6.96
27099.0,-293.0,-354403.0,-0.033,7.21
27104.0,-428.0,-354345.0,0.008,6.48
27109.0,-85.0,-354376.0,0.067,6.72
27115.0,-277.0,-354688.0,-0.05,6.96
27120.0,-296.0,-354236.0,0.017,6.72
27124.0,43.0,-354479.0,0.067,6.23
27130.0,-19.0,-354589.0,0.117,6.23
27136.0,-180.0,-354413.0,-0.042,6.96
27141.0,-19.0,-354456.0,0.1,6.23
27146.0,275.0,-354382.0,0.058,6.23
27151.0,442.0,-353882.0,-0.017,6.23
27156.0,-91.0,-354187.0,0.033,6.23
27161.0,319.0,-353811.0,-0.008,6.72
27166.0,374.0,-353823.0,0.083,6.48
27171.0,-163.0,-353694.0,0.067,6.23
27177.0,-171.0,-353902.0,0.058,6.23
27183.0,-124.0,-353806.0,0.033,6.72
27187.0,127.0,-353791.0,0.017,6.23
27193.0,-229.0,-353917.0,0.05,6.48
27198.0,-64.0,-353793.0,0.017,6.23
27203.0,-225.0,-353690.0,0.025,6.96
27208.0,-303.0,-353536.0,-0.042,6.23
27213.0,-252.0,-353758.0,0.0,6.23
27218.0,-93.0,-354015.0,0.117,6.48
27224.0,-71.0,-353605.0,0.008,6.48
27229.0,-110.0,-353590.0,0.1,6.96
27234.0,-36.0,-353579.0,0.075,6.23
27239.0,65.0,-353645.0,-0.033,6.48
27244.0,364.0,-353390.0,-0.075,6.72
27249.0,156.0,-353226.0,0.025,6.23
27254.0,87.0,-353490.0,-0.008,6.23
27259.0,-92.0,-353133.0,0.017,6.96
27265.0,78.0,-353327.0,0.008,6.48
27270.0,-181.0,-353509.0,-0.008,6.23
27275.0,-126.0,-352942.0,0.092,6.48
27281.0,406.0,-352842.0,0.033,6.48
27286.0,131.0,-353172.0,0.058,6.72
27290.0,246.0,-353239.0,0.075,6.23
27296.0,-82.0,-352935.0,-0.033,6.48
27301.0,-253.0,-353687.0,0.475,6.48
27307.0,60.0,-354436.0,0.8,6.48
27312.0,-198.0,-374252.0,15.708,6.48
27317.0,855.0,-418672.0,-10.2,8.19
27322.0,-1658.0,-450537.0,12.25,8.92
27328.0,1680.0,-514117.0,-2.508,11.61
27333.0,-841.0,-579315.0,10.033,11.85
27337.0,454.0,-612824.0,4.633,12.83
27343.0,-288.0,-681144.0,6.975,13.81
27350.0,214.0,-747210.0,6.375,14.3
27354.0,55.0,-780949.0,6.65,15.27
27359.0,-31.0,-845772.0,5.333,16.25
27365.0,219.0,-910322.0,4.925,17.72
27370.0,330.0,-940129.0,7.975,19.18
27375.0,42.0,-1002694.0,4.033,21.14
27380.0,-116.0,-1064346.0,6.033,23.83
27386.0,61.0,-1125054.0,6.692,26.03
27390.0,206.0,-1153989.0,5.467,26.03
27397.0,-130.0,-1217251.0,6.333,27.0
27403.0,-168.0,-1279835.0,6.083,25.78
27407.0,-67.0,-1307590.0,6.192,24.8
27412.0,-93.0,-1368427.0,3.658,24.32
27418.0,-45.0,-1426799.0,6.608,24.56
27423.0,324.0,-1483287.0,5.233,23.83
27428.0,-211.0,-1511280.0,5.683,24.56
27435.0,-7.0,-1567740.0,4.917,23.34
27440.0,-205.0,-1622682.0,5.942,23.09
27445.0,134.0,-1651021.0,4.95,22.61
27450.0,-204.0,-1708116.0,5.733,23.83
27456.0,-172.0,-1763604.0,5.017,23.09
27460.0,-437.0,-1791649.0,4.192,22.12
27465.0,-120.0,-1845778.0,5.467,21.63
27471.0,124.0,-1899340.0,4.6,21.38
27476.0,135.0,-1926571.0,4.45,21.38
27482.0,131.0,-1979238.0,5.133,20.89
27487.0,-131.0,-2030560.0,4.417,21.14
27493.0,17.0,-2082310.0,4.517,19.92
27498.0,-120.0,-2109821.0,4.217,17.96
27503.0,-412.0,-2161554.0,5.033,20.41
27509.0,-42.0,-2212598.0,3.65,20.41
27513.0,-23.0,-2238559.0,4.3,19.43
27518.0,1.0,-2288592.0,4.433,19.18
27525.0,-299.0,-2337422.0,3.675,16.98
27530.0,-254.0,-2361793.0,3.958,18.94
27534.0,-23.0,-2409826.0,3.942,18.21
27540.0,-133.0,-2456782.0,3.792,17.96
27545.0,248.0,-2481447.0,3.7,17.72
27550.0,268.0,-2528908.0,4.225,17.72
27556.0,-296.0,-2576262.0,3.083,17.72
27561.0,-266.0,-2622446.0,4.075,17.72
27567.0,-145.0,-2645707.0,3.325,16.98
27572.0,-43.0,-2690892.0,3.633,17.96
27578.0,-247.0,-2735622.0,2.95,16.5
27583.0,-124.0,-2757737.0,3.417,16.5
27587.0,253.0,-2800986.0,3.183,16.01
27593.0,-23.0,-2844200.0,3.417,16.25
27598.0,-26.0,-2866125.0,3.583,16.01
27603.0,206.0,-2909500.0,2.875,15.52
27609.0,4.0,-2952090.0,2.908,15.52
27614.0,-23.0,-2973865.0,3.15,15.52
27619.0,167.0,-3015618.0,3.142,15.27
27625.0,-385.0,-3056444.0,2.508,15.03
27631.0,115.0,-3097532.0,3.15,14.78
27635.0,74.0,-3117765.0,2.708,15.03
27641.0,-16.0,-3157281.0,3.117,15.03
27646.0,170.0,-3197277.0,2.867,14.54
27653.0,-204.0,-3237059.0,2.867,14.54
27658.0,-211.0,-3256258.0,2.208,12.1
27663.0,75.0,-3294387.0,2.817,14.05
27669.0,-27.0,-3332489.0,3.158,14.05
27673.0,-200.0,-3350700.0,2.517,13.81
27678.0,-41.0,-3386991.0,2.358,13.81
27684.0,371.0,-3423035.0,2.908,15.03
27688.0,24.0,-3440396.0,2.425,13.81
27695.0,-134.0,-3475759.0,2.717,13.32
27700.0,62.0,-3511433.0,3.017,13.32
27705.0,67.0,-3528432.0,2.15,13.32
27710.0,-36.0,-3562655.0,1.925,13.07
27715.0,150.0,-3596943.0,2.767,13.32
27720.0,163.0,-3612920.0,2.417,13.07
27725.0,-427.0,-3629715.0,1.675,11.36
27731.0,-267.0,-3678335.0,2.667,12.83
27737.0,-41.0,-3710327.0,2.425,14.3
27742.0,-226.0,-3726358.0,1.942,13.07
27748.0,16.0,-3758654.0,2.55,12.34
27753.0,90.0,-3791164.0,2.192,12.83
27759.0,160.0,-3821828.0,2.033,12.1
27764.0,-35.0,-3837219.0,2.092,12.1
27769.0,61.0,-3867415.0,2.25,12.1
27776.0,31.0,-3896743.0,1.783,12.59
27781.0,71.0,-3926213.0,1.133,11.85
27786.0,-44.0,-3941552.0,2.217,11.85
27792.0,262.0,-3970278.0,1.925,11.61
27797.0,28.0,-3999322.0,1.508,11.61
27803.0,-112.0,-4027538.0,1.367,12.34
27808.0,167.0,-4042043.0,1.942,11.36
27813.0,348.0,-4069508.0,1.442,11.36
27819.0,-184.0,-4096234.0,0.725,11.12
27824.0,-299.0,-4110153.0,1.95,11.12
27829.0,-334.0,-4136923.0,1.408,11.36
27835.0,202.0,-4162719.0,0.658,10.87
27840.0,-420.0,-4188559.0,1.683,11.36
27845.0,-285.0,-4202398.0,1.867,10.39
27851.0,177.0,-4228508.0,1.35,10.39
27856.0,-429.0,-4253572.0,0.867,10.63
27863.0,-167.0,-4278872.0,1.425,10.39
27868.0,-188.0,-4290873.0,1.717,10.39
27873.0,-309.0,-4315111.0,0.483,10.39
27879.0,-85.0,-4339211.0,2.217,10.14
27884.0,167.0,-4363507.0,1.475,10.14
27889.0,-122.0,-4375134.0,0.7,10.14
27895.0,-244.0,-4399206.0,1.225,10.14
27900.0,-60.0,-4423154.0,2.142,9.9
27907.0,-148.0,-4446298.0,1.217,9.9
27911.0,-265.0,-4457621.0,0.667,10.39
27917.0,-30.0,-4480189.0,2.108,9.65
27922.0,112.0,-4502469.0,1.5,9.65
27927.0,-171.0,-4513074.0,-0.508,11.61
27932.0,108.0,-4535222.0,1.675,10.39
27938.0,238.0,-4556220.0,1.767,9.65
27943.0,160.0,-4566331.0,0.883,9.65
27949.0,87.0,-4588324.0,0.542,9.9
27954.0,83.0,-4609814.0,1.7,9.65
27960.0,137.0,-4630694.0,1.325,9.16
27964.0,-38.0,-4640903.0,0.583,9.41
27970.0,-414.0,-4660909.0,1.692,9.16
27976.0,-50.0,-4680363.0,1.567,9.65
27981.0,62.0,-4689984.0,0.142,9.16
27985.0,83.0,-4709413.0,1.608,9.16
27992.0,13.0,-4729187.0,1.783,9.16
27997.0,51.0,-4748795.0,0.6,8.92
28002.0,-2.0,-4758760.0,1.658,8.92
28008.0,302.0,-4777306.0,2.117,8.92
28013.0,234.0,-4795776.0,-0.233,9.16
28018.0,-50.0,-4805263.0,0.325,8.92
28023.0,331.0,-4823278.0,2.025,9.41
28029.0,-1.0,-4841322.0,0.217,9.41
28035.0,-177.0,-4850629.0,-0.475,8.92
28039.0,-146.0,-4868546.0,2.292,8.68
28045.0,-28.0,-4886878.0,1.292,9.16
28050.0,-16.0,-4904686.0,-0.017,9.16
28055.0,-73.0,-4913463.0,1.058,8.68
28060.0,-262.0,-4930819.0,1.9,8.68
28066.0,-196.0,-4947173.0,0.35,8.92
28071.0,130.0,-4955414.0,0.425,8.43
28077.0,-101.0,-4972177.0,1.983,8.68
28082.0,-45.0,-4988531.0,-0.375,8.43
28087.0,-555.0,-4996544.0,1.033,8.43
28092.0,-278.0,-5011931.0,1.375,8.92
28098.0,-78.0,-5020349.0,-0.042,8.43
28103.0,-322.0,-5022064.0,1.192,8.19
28108.0,-291.0,-5024179.0,0.5,8.19
28113.0,-487.0,-5024389.0,0.092,7.94
28119.0,-261.0,-5024150.0,0.667,7.7
28124.0,-68.0,-5021979.0,0.308,7.7
28129.0,-344.0,-5019811.0,-0.042,8.19
28135.0,-98.0,-5016801.0,0.733,7.21
28140.0,-208.0,-5015070.0,0.442,7.21
28145.0,35.0,-5011799.0,0.083,7.21
28150.0,49.0,-5008217.0,0.275,7.21
28156.0,-263.0,-5006446.0,0.417,6.72
28161.0,108.0,-5002881.0,0.417,6.96
28167.0,200.0,-4999315.0,0.4,6.48
28172.0,-212.0,-4998024.0,-0.058,6.48
28177.0,173.0,-4994639.0,0.358,6.23
28182.0,-259.0,-4991773.0,0.533,6.23
28187.0,167.0,-4990292.0,0.192,6.96
28192.0,-172.0,-4986921.0,0.2,6.48
28198.0,-388.0,-4984237.0,0.317,6.72
28204.0,-454.0,-4982682.0,0.4,8.43
28209.0,-463.0,-4979777.0,0.383,6.96
28214.0,-31.0,-4976489.0,0.2,6.72
28220.0,65.0,-4974023.0,0.3,6.96
28225.0,-453.0,-4971840.0,0.258,7.21
28230.0,-318.0,-4969423.0,0.258,6.72
28235.0,-208.0,-4966645.0,0.283,6.48
28240.0,-104.0,-4965338.0,0.133,7.45
28246.0,-255.0,-4962767.0,0.208,7.45
28252.0,-37.0,-4960159.0,0.383,7.45
28257.0,-345.0,-4958596.0,0.2,6.96
28261.0,-218.0,-4956175.0,0.133,6.72
28267.0,-162.0,-4953305.0,0.267,6.72
28272.0,-106.0,-4952048.0,0.275,6.96
28277.0,-61.0,-4949653.0,0.375,6.96
28282.0,-349.0,-4947357.0,0.208,6.96
28288.0,-55.0,-4946348.0,0.083,6.72
28293.0,-20.0,-4943983.0,0.2,6.72
28299.0,60.0,-4941609.0,0.267,6.48
28304.0,-198.0,-4940370.0,0.25,7.21
28308.0,-439.0,-4937231.0,-1.175,6.72
28314.0,-274.0,-4923365.0,0.4,6.48
28319.0,-148.0,-4914734.0,-1.1,6.48
28323.0,-207.0,-4896199.0,1.433,6.23
28329.0,69.0,-4876087.0,-1.1,5.99
28335.0,-261.0,-4865398.0,0.033,4.03
28340.0,-106.0,-4842439.0,-0.058,5.99
28345.0,184.0,-4820053.0,0.992,5.99
28351.0,-254.0,-4808482.0,-1.383,5.74
28355.0,-265.0,-4784983.0,-0.183,5.25
28360.0,-406.0,-4760807.0,-0.317,5.5
28366.0,-294.0,-4748336.0,0.067,5.25
28370.0,-349.0,-4723461.0,-0.092,5.25
28377.0,-59.0,-4698247.0,-1.4,5.25
28382.0,301.0,-4685516.0,1.542,5.01
28387.0,328.0,-4659337.0,-1.075,5.74
28392.0,-160.0,-4633893.0,-1.883,5.01
28397.0,-308.0,-4621082.0,1.408,4.28
28402.0,-237.0,-4595057.0,-0.642,5.01
28407.0,2.0,-4569019.0,-2.208,5.01
28412.0,-542.0,-4555712.0,1.2,5.74
28418.0,73.0,-4542623.0,-1.308,5.5
28424.0,-263.0,-4501897.0,-1.458,5.25
28429.0,-381.0,-4488142.0,1.192,5.01
28434.0,-8.0,-4460925.0,-1.542,5.25
28439.0,-394.0,-4433223.0,-1.067,5.01
28444.0,582.0,-4419862.0,0.858,5.5
28449.0,205.0,-4392471.0,-1.033,5.5
28454.0,-243.0,-4364721.0,-1.092,5.01
28461.0,-5.0,-4350114.0,0.658,4.28
28465.0,-262.0,-4321209.0,-1.775,5.01
28471.0,-362.0,-4292221.0,-0.133,4.52
28476.0,148.0,-4277354.0,1.042,4.77
28481.0,-225.0,-4247477.0,-2.0,4.52
28486.0,-156.0,-4218281.0,-0.133,4.52
28491.0,88.0,-4202992.0,1.2,5.25
28496.0,-15.0,-4173523.0,-2.225,5.01
28502.0,-475.0,-4143735.0,-0.442,4.28
28507.0,-151.0,-4128320.0,1.442,4.52
28512.0,-30.0,-4097197.0,-2.083,4.52
28518.0,-22.0,-4065375.0,-1.017,4.52
28523.0,-654.0,-4049984.0,0.533,4.28
28527.0,-297.0,-4017685.0,-0.783,4.03
28532.0,26.0,-4001846.0,-1.708,4.03
28537.0,-244.0,-3968935.0,0.0,4.03
28542.0,-179.0,-3937103.0,-1.633,3.79
28549.0,-185.0,-3921162.0,-0.05,4.03
28554.0,-291.0,-3888317.0,-0.633,4.03
28559.0,-584.0,-3854501.0,-2.392,4.28
28564.0,-142.0,-3820505.0,-0.208,3.79
28570.0,116.0,-3803560.0,-0.25,4.03
28574.0,-189.0,-3769113.0,-1.708,4.52
28579.0,-242.0,-3752130.0,-0.633,3.54
28584.0,6.0,-3716603.0,-0.292,3.54
28590.0,-261.0,-3681671.0,-2.275,3.54
28595.0,-95.0,-3664464.0,0.308,3.3
28600.0,283.0,-3629667.0,-0.367,3.79
28606.0,196.0,-3592959.0,-2.7,3.3
28611.0,-284.0,-3575556.0,-0.633,3.3
28616.0,-8.0,-3537453.0,-0.025,3.05
28621.0,-145.0,-3499301.0,-1.683,4.03
28627.0,-519.0,-3461381.0,-2.408,3.05
28633.0,-97.0,-3442222.0,-0.333,2.81
28637.0,78.0,-3403899.0,-2.208,3.05
28642.0,-85.0,-3384442.0,-0.567,2.81
28647.0,189.0,-3346715.0,-1.983,2.81
28652.0,-200.0,-3306921.0,-1.825,3.05
28657.0,270.0,-3287104.0,-0.983,2.57
28663.0,-94.0,-3246645.0,-1.542,2.57
28668.0,-275.0,-3205191.0,-1.833,2.32
28674.0,-63.0,-3185354.0,-1.742,2.81
28679.0,133.0,-3143261.0,-0.892,2.32
28684.0,-88.0,-3101027.0,-2.942,2.32
28689.0,-226.0,-3080596.0,-0.275,3.05
28694.0,82.0,-3039409.0,-1.967,2.32
28699.0,-173.0,-2997951.0,-2.45,1.83
28704.0,-106.0,-2977500.0,-1.158,1.83
28709.0,444.0,-2933643.0,-1.883,2.32
28715.0,129.0,-2889583.0,-3.017,2.08
28721.0,-243.0,-2867800.0,-1.008,1.34
28726.0,13.0,-2822689.0,-2.408,1.34
28731.0,240.0,-2777495.0,-2.442,1.1
28736.0,30.0,-2755866.0,-1.908,1.59
28741.0,-82.0,-2711055.0,-1.742,1.34
28746.0,-387.0,-2667227.0,-3.058,0.86
28751.0,-24.0,-2644862.0,-1.733,0.86
28756.0,-148.0,-2598321.0,-3.275,0.61
28762.0,-129.0,-2551071.0,-2.692,0.61
28767.0,-131.0,-2527590.0,-2.4,0.37
28773.0,-149.0,-2480609.0,-3.342,0.61
28778.0,-332.0,-2431783.0,-2.758,0.12
28783.0,248.0,-2408580.0,-2.892,-0.12
28788.0,314.0,-2361293.0,-2.792,0.12
28793.0,141.0,-2315523.0,-4.017,-0.37
28798.0,-190.0,-2292710.0,-2.317,-0.61
28804.0,152.0,-2244905.0,-3.608,-0.86
28809.0,-101.0,-2196543.0,-3.425,-0.12
28814.0,-155.0,-2173052.0,-3.25,-0.37
28820.0,77.0,-2123995.0,-3.942,-0.86
28825.0,52.0,-2076575.0,-3.542,-1.59
28830.0,184.0,-2052294.0,-3.35,-1.83
28835.0,-300.0,-2004557.0,-4.058,-2.32
28840.0,-353.0,-1958571.0,-4.758,-2.32
28846.0,-60.0,-1935552.0,-3.142,-2.32
28851.0,116.0,-1888957.0,-5.008,-2.32
28856.0,-427.0,-1840425.0,-3.783,-2.81
28861.0,245.0,-1815710.0,-5.558,-3.05
28866.0,-189.0,-1766731.0,-4.442,-3.3
28872.0,-180.0,-1718843.0,-5.067,-3.05
28876.0,185.0,-1694406.0,-4.7,-4.28
28882.0,-81.0,-1646466.0,-5.217,-4.52
28888.0,-120.0,-1600832.0,-5.683,-4.52
28893.0,-107.0,-1577657.0,-4.858,-5.01
28898.0,59.0,-1533174.0,-6.292,-5.5
28903.0,228.0,-1487190.0,-4.525,-5.5
28908.0,127.0,-1463609.0,-6.8,-5.99
28913.0,287.0,-1415869.0,-5.692,-6.48
28918.0,408.0,-1368847.0,-6.467,-6.23
28923.0,-303.0,-1344150.0,-5.642,-7.21
28930.0,-247.0,-1297082.0,-6.317,-6.96
28935.0,-272.0,-1252216.0,-5.442,-7.7
28940.0,-1.0,-1229215.0,-6.925,-7.94
28945.0,-317.0,-1186470.0,-5.292,-8.19
28950.0,-154.0,-1141310.0,-6.942,-7.94
28955.0,-145.0,-1118185.0,-6.342,-8.68
28960.0,-315.0,-1070471.0,-6.842,-8.92
28965.0,56.0,-1023789.0,-6.558,-8.92
28971.0,-15.0,-1000252.0,-7.308,-10.14
28977.0,-371.0,-953778.0,-6.817,-9.65
28982.0,-258.0,-907532.0,-5.942,-10.14
28987.0,-343.0,-886045.0,-7.117,-10.39
28992.0,-33.0,-843884.0,-5.775,-10.63
28997.0,-458.0,-802116.0,-7.492,-11.12
29002.0,-23.0,-778807.0,-7.367,-11.12
29007.0,103.0,-730979.0,-7.433,-10.63
29012.0,356.0,-684841.0,-7.0,-11.61
29018.0,-147.0,-661940.0,-8.342,-11.61
29024.0,-87.0,-616578.0,-6.758,-12.34
29029.0,108.0,-573588.0,-8.667,-12.59
29033.0,-489.0,-553351.0,-7.192,-12.59
29038.0,163.0,-517132.0,2.917,-12.83
29044.0,604.0,-480658.0,-8.65,-13.07
29048.0,-503.0,-461203.0,-4.392,-12.34
29054.0,-195.0,-423949.0,-4.542,-12.59
29060.0,-158.0,-383083.0,-6.717,-13.32
29065.0,-225.0,-362858.0,-4.508,-13.56
29070.0,-305.0,-321618.0,-5.575,-13.81
29076.0,-478.0,-281324.0,-4.683,-14.05
29080.0,153.0,-262513.0,-3.508,-14.05
29085.0,-221.0,-226662.0,-4.042,-13.56
29091.0,-176.0,-193620.0,-3.425,-13.56
29095.0,-35.0,-178773.0,-2.592,-13.32
29102.0,113.0,-149375.0,-3.517,-13.07
29107.0,-36.0,-124495.0,-0.567,-13.32
29112.0,-413.0,-118358.0,3.45,-12.1
29117.0,335.0,-109918.0,-3.058,-10.14
29122.0,-152.0,-104654.0,-0.258,-7.7
29127.0,315.0,-102681.0,0.242,-6.23
29133.0,-89.0,-99259.0,-1.075,-4.03
29138.0,-6.0,-97223.0,-0.033,-1.59
29143.0,143.0,-96622.0,0.158,-1.34
29149.0,-323.0,-96644.0,-0.483,-0.37
29154.0,-216.0,-97790.0,0.717,0.61
29159.0,-309.0,-98811.0,-0.833,1.34
29164.0,23.0,-100325.0,-0.242,2.32
29169.0,-54.0,-101929.0,0.3,3.79
29174.0,-515.0,-102728.0,-0.408,4.03
29179.0,67.0,-104436.0,-0.208,5.99
29185.0,108.0,-106134.0,-0.1,6.48
29190.0,-327.0,-106965.0,-0.542,7.7
29196.0,-337.0,-108973.0,0.167,8.43
29201.0,-72.0,-110803.0,-0.033,8.68
29205.0,-151.0,-111754.0,-0.342,8.43
29211.0,-147.0,-114318.0,-0.142,7.7
29216.0,-46.0,-116264.0,-0.008,7.45
29221.0,-489.0,-117671.0,-0.117,7.94
29227.0,-461.0,-119371.0,-0.133,7.7
29232.0,-372.0,-121377.0,-0.033,8.43
29237.0,-465.0,-122674.0,-0.083,7.7
29243.0,-281.0,-124636.0,-0.017,7.45
29248.0,185.0,-126444.0,-0.067,7.21
29253.0,90.0,-127319.0,-0.233,7.94
29258.0,88.0,-129014.0,-0.275,7.21
29263.0,350.0,-130120.0,0.058,7.21
29268.0,251.0,-131219.0,-0.017,7.21
29274.0,-71.0,-132980.0,-0.1,6.96
29280.0,-157.0,-134900.0,-0.1,7.7
29284.0,-42.0,-135909.0,-0.008,6.96
29289.0,-74.0,-137028.0,0.0,6.96
29294.0,-169.0,-138210.0,-0.058,6.48
29299.0,-102.0,-139047.0,-0.117,6.48
29305.0,74.0,-140499.0,-0.125,6.96
29310.0,25.0,-142007.0,0.083,6.96
29315.0,-344.0,-142262.0,-0.075,6.96
29321.0,-162.0,-143970.0,-0.083,6.48
29326.0,-73.0,-150032.0,1.908,6.96
29331.0,-28.0,-164805.0,11.008,6.96
29336.0,318.0,-209147.0,-0.792,8.68
29341.0,-371.0,-234424.0,4.042,9.9
29345.0,-506.0,-285787.0,6.933,11.36
29351.0,-58.0,-339899.0,5.3,12.34
29357.0,-207.0,-370950.0,7.783,11.85
29362.0,443.0,-435821.0,4.167,13.81
29367.0,-43.0,-500923.0,7.092,14.78
29372.0,258.0,-534054.0,6.833,15.76
29377.0,-248.0,-599165.0,6.05,16.98
29383.0,-198.0,-663701.0,5.292,18.7
29388.0,-197.0,-695460.0,6.217,20.41
29393.0,267.0,-757009.0,7.308,22.61
29399.0,341.0,-820037.0,4.483,25.78
29404.0,50.0,-849876.0,7.042,28.71
29409.0,-443.0,-911837.0,5.058,29.45
29414.0,181.0,-973487.0,6.433,27.74
29419.0,-62.0,-1004394.0,7.0,26.76
29424.0,-426.0,-1067695.0,5.008,26.03
29430.0,-230.0,-1128763.0,5.517,25.78
29434.0,91.0,-1158814.0,6.108,26.27
29441.0,-145.0,-1218135.0,5.308,25.78
29446.0,-23.0,-1277621.0,5.108,26.03
29452.0,-5.0,-1335207.0,6.358,24.8
29456.0,204.0,-1363484.0,4.125,24.8
29462.0,-480.0,-1391247.0,5.45,23.83
29467.0,-98.0,-1476197.0,6.058,23.34
29472.0,-79.0,-1504374.0,6.175,23.09
29477.0,-371.0,-1562377.0,4.058,23.34
29484.0,23.0,-1618981.0,5.508,23.09
29488.0,180.0,-1645418.0,5.208,22.61
29493.0,-133.0,-1701675.0,4.717,22.61
29499.0,149.0,-1756961.0,5.233,22.12
29504.0,180.0,-1783448.0,4.583,21.63
29509.0,-70.0,-1836743.0,4.525,21.14
29514.0,-56.0,-1889947.0,5.058,20.65
29519.0,91.0,-1916656.0,4.883,20.65
29524.0,-94.0,-1970651.0,4.35,20.65
29530.0,-128.0,-2023473.0,4.842,20.89
29535.0,-91.0,-2048962.0,4.183,20.16
29540.0,175.0,-2101007.0,4.617,19.92
29546.0,-13.0,-2151211.0,4.417,19.67
29551.0,80.0,-2175934.0,3.867,19.18
29555.0,27.0,-2224825.0,4.117,18.94
29561.0,-259.0,-2272463.0,4.5,18.7
29566.0,-112.0,-2295234.0,4.308,19.18
29572.0,-122.0,-2344495.0,4.058,18.45
29577.0,-186.0,-2393035.0,4.292,18.21
29583.0,74.0,-2439895.0,4.1,17.72
29588.0,97.0,-2462784.0,3.85,16.98
29593.0,215.0,-2509854.0,4.242,17.96
29599.0,189.0,-2555322.0,3.533,17.23
29605.0,-221.0,-2598904.0,3.667,17.23
29609.0,-124.0,-2621319.0,3.492,16.74
29615.0,-31.0,-2665334.0,3.642,16.5
29621.0,-521.0,-2709840.0,3.55,16.01
29626.0,-90.0,-2732157.0,3.758,16.25
29631.0,-46.0,-2775973.0,2.933,16.01
29637.0,82.0,-2818651.0,2.908,16.5
29642.0,72.0,-2860705.0,3.6,16.01
29647.0,113.0,-2882604.0,3.25,15.27
29654.0,223.0,-2923816.0,3.025,16.01
29659.0,-111.0,-2965200.0,2.483,15.03
29665.0,-11.0,-3005970.0,3.908,15.27
29670.0,46.0,-3026551.0,2.767,15.27
29674.0,511.0,-3047698.0,2.733,14.54
29680.0,-155.0,-3107982.0,2.683,14.54
29685.0,-206.0,-3127961.0,2.775,14.78
29690.0,-64.0,-3166837.0,2.758,14.05
29697.0,-222.0,-3205513.0,2.325,14.54
29703.0,-60.0,-3243779.0,3.05,14.54
29707.0,69.0,-3262714.0,2.0,13.56
29712.0,170.0,-3299742.0,2.483,14.05
29718.0,216.0,-3337648.0,2.642,13.32
29724.0,-164.0,-3376074.0,2.458,13.56
29728.0,-63.0,-3394585.0,1.867,13.07
29734.0,-125.0,-3430999.0,2.267,12.83
29741.0,-113.0,-3466887.0,2.558,12.83
29746.0,147.0,-3502873.0,1.675,13.07
29751.0,-132.0,-3520444.0,1.65,12.59
29756.0,-249.0,-3537295.0,2.15,13.07
29761.0,-23.0,-3589545.0,1.792,12.59
29766.0,-62.0,-3607050.0,2.05,12.34
29772.0,-180.0,-3642146.0,2.458,12.1
29777.0,148.0,-3675886.0,1.525,12.83
29784.0,-122.0,-3709168.0,1.767,13.81
29789.0,-329.0,-3726037.0,1.6,11.85
29794.0,-280.0,-3741446.0,2.667,12.34
29799.0,-70.0,-3790404.0,1.3,12.1
29804.0,-271.0,-3806753.0,1.833,11.61
29809.0,-52.0,-3838245.0,2.492,11.61
29815.0,46.0,-3869993.0,1.65,11.61
29820.0,-10.0,-3885290.0,1.858,11.36
29826.0,39.0,-3916895.0,1.45,13.32
29831.0,131.0,-3946705.0,1.908,11.85
29836.0,183.0,-3961714.0,1.058,10.87
29841.0,126.0,-3991005.0,2.075,11.12
29847.0,40.0,-4020483.0,1.208,10.14
29852.0,-136.0,-4048679.0,0.833,11.12
29857.0,113.0,-4062990.0,2.383,10.87
29862.0,192.0,-4090792.0,4.55,10.63
29869.0,50.0,-4118440.0,-1.192,10.63
29874.0,48.0,-4132789.0,0.75,10.39
29879.0,161.0,-4159234.0,2.308,11.12
29884.0,101.0,-4186340.0,-0.175,10.63
29890.0,-193.0,-4212248.0,1.517,10.39
29895.0,-19.0,-4225749.0,1.983,10.39
29900.0,30.0,-4251758.0,1.117,10.39
29906.0,-284.0,-4277016.0,0.675,10.63
29912.0,166.0,-4290115.0,1.308,10.63
29916.0,101.0,-4315632.0,1.8,9.9
29922.0,-119.0,-4340686.0,1.05,9.65
29928.0,-79.0,-4365640.0,0.942,9.9
29932.0,122.0,-4377741.0,1.925,9.65
29937.0,203.0,-4401415.0,0.217,9.65
29943.0,23.0,-4425523.0,1.55,9.41
29948.0,-16.0,-4437004.0,1.483,9.65
29954.0,-87.0,-4460034.0,0.117,9.9
29959.0,-371.0,-4482838.0,1.433,9.16
29964.0,63.0,-4494443.0,1.425,8.43
29969.0,12.0,-4517004.0,1.067,9.16
29975.0,-230.0,-4539230.0,0.358,9.41
29980.0,-98.0,-4550339.0,1.925,9.16
29985.0,359.0,-4571936.0,0.392,9.65
29990.0,-137.0,-4592750.0,0.358,9.41
29996.0,187.0,-4603449.0,1.542,11.36
30001.0,-2.0,-4624298.0,1.158,8.92
30007.0,-530.0,-4645144.0,0.242,9.65
30012.0,-130.0,-4655565.0,0.458,8.92
30016.0,-301.0,-4675848.0,1.675,9.41
30022.0,-243.0,-4696124.0,0.558,9.16
30028.0,-31.0,-4715970.0,0.658,8.68
30033.0,-159.0,-4725693.0,1.667,8.92
30038.0,-516.0,-4745144.0,0.417,8.92
30044.0,376.0,-4764328.0,0.817,8.68
30049.0,-238.0,-4773603.0,1.442,8.43
30054.0,-259.0,-4792686.0,0.15,8.68
30059.0,-495.0,-4811570.0,0.792,8.68
30065.0,281.0,-4820981.0,1.283,8.43
30069.0,-122.0,-4839678.0,0.575,8.68
30075.0,-4.0,-4859106.0,-0.45,8.43
30081.0,162.0,-4867607.0,1.467,8.43
30086.0,267.0,-4884962.0,0.467,8.19
30091.0,-451.0,-4902524.0,-0.492,8.68
30097.0,79.0,-4919584.0,1.067,8.68
30102.0,-31.0,-4927877.0,1.458,7.45
30107.0,-332.0,-4944500.0,-0.267,8.19
30112.0,-50.0,-4961030.0,-0.117,8.19
30117.0,-8.0,-4966731.0,1.55,8.19
30123.0,-339.0,-4973520.0,-0.642,8.19
30129.0,-115.0,-4976284.0,0.458,8.43
30134.0,27.0,-4976807.0,1.2,8.19
30138.0,-156.0,-4977080.0,-0.783,8.43
30144.0,-298.0,-4975672.0,0.492,7.7
30149.0,34.0,-4974635.0,0.242,7.7
30154.0,-67.0,-4972390.0,-0.167,7.21
30159.0,-125.0,-4969134.0,0.65,7.45
30166.0,-545.0,-4967923.0,0.317,7.21
30170.0,-256.0,-4964024.0,0.058,7.7
30176.0,70.0,-4960916.0,0.442,8.19
30181.0,-42.0,-4958947.0,0.392,6.96
30186.0,219.0,-4955600.0,0.308,6.96
30191.0,7.0,-4951812.0,0.267,6.23
30196.0,21.0,-4950017.0,0.1,6.96
30201.0,-158.0,-4947300.0,0.425,6.48
30208.0,342.0,-4944040.0,0.275,6.72
30213.0,2.0,-4940800.0,0.142,6.48
30218.0,-512.0,-4939219.0,0.25,6.48
30223.0,-311.0,-4937808.0,0.125,6.72
30229.0,127.0,-4933016.0,0.2,6.48
30234.0,-13.0,-4931573.0,0.3,6.48
30238.0,-226.0,-4928846.0,-0.017,6.48
30244.0,74.0,-4925818.0,0.15,6.48
30249.0,-20.0,-4924401.0,0.258,6.96
30255.0,43.0,-4921426.0,0.233,6.48
30260.0,119.0,-4918886.0,0.158,6.96
30265.0,363.0,-4917449.0,0.05,6.23
30270.0,78.0,-4914788.0,0.133,6.48
30276.0,-36.0,-4911890.0,0.183,6.48
30281.0,-98.0,-4910863.0,0.175,6.48
30285.0,-33.0,-4908146.0,0.083,6.72
30291.0,-237.0,-4905518.0,0.208,6.23
30297.0,139.0,-4904385.0,0.175,6.48
30302.0,130.0,-4901848.0,0.367,6.48
30307.0,-270.0,-4899106.0,0.15,6.72
30312.0,-54.0,-4898123.0,0.158,6.96
30317.0,-47.0,-4895724.0,0.142,6.96
30323.0,51.0,-4893308.0,0.125,6.48
30328.0,-59.0,-4892187.0,-0.617,6.96
30332.0,298.0,-4887244.0,-0.367,6.48
30339.0,-37.0,-4870476.0,1.325,6.48
30344.0,187.0,-4860417.0,-1.5,6.96
30348.0,-6.0,-4841402.0,-1.058,6.23
30354.0,94.0,-4819376.0,0.917,5.99
30359.0,86.0,-4808437.0,-0.192,5.99
30364.0,-305.0,-4785898.0,-1.025,5.74
30369.0,-309.0,-4763076.0,-0.417,5.99
30374.0,-137.0,-4750911.0,1.025,5.99
30380.0,-204.0,-4726582.0,-1.317,5.5
30386.0,-394.0,-4701468.0,-1.117,5.25
30391.0,-152.0,-4688167.0,1.317,5.25
30396.0,104.0,-4662634.0,-1.917,5.5
30401.0,145.0,-4636358.0,0.167,5.01
30406.0,-325.0,-4622805.0,0.325,4.77
30412.0,455.0,-4596498.0,-2.017,5.01
30417.0,-192.0,-4570530.0,0.125,5.5
30423.0,-126.0,-4544808.0,1.033,5.5
30428.0,238.0,-4531205.0,-1.35,5.01
30433.0,-143.0,-4503892.0,-1.0,5.01
30439.0,125.0,-4476116.0,1.317,5.5
30444.0,343.0,-4462715.0,-1.358,5.25
30449.0,-81.0,-4434536.0,-0.583,5.01
30454.0,180.0,-4406414.0,0.367,4.77
30459.0,118.0,-4391995.0,-1.258,5.5
30465.0,28.0,-4364450.0,-0.075,5.01
30470.0,-83.0,-4335998.0,0.3,4.77
30476.0,47.0,-4322165.0,-1.858,4.77
30481.0,113.0,-4293006.0,0.483,4.77
30486.0,-22.0,-4263110.0,0.375,4.77
30491.0,-282.0,-4248395.0,-2.292,5.01
30496.0,-38.0,-4218832.0,0.417,4.52
30501.0,121.0,-4187896.0,1.025,4.77
30507.0,-229.0,-4172541.0,-2.292,4.52
30512.0,-325.0,-4142820.0,-0.542,4.52
30518.0,50.0,-4111986.0,0.925,4.52
30523.0,192.0,-4081438.0,-1.583,4.52
30528.0,-42.0,-4065593.0,-1.167,4.28
30533.0,105.0,-4033772.0,0.7,5.01
30538.0,-54.0,-4017505.0,-1.9,4.52
30543.0,68.0,-3985126.0,-0.058,5.01
30548.0,161.0,-3952458.0,0.092,4.28
30554.0,-381.0,-3936061.0,-1.567,4.28
30559.0,231.0,-3902638.0,-0.792,4.77
30564.0,144.0,-3869926.0,-0.225,4.03
30569.0,-446.0,-3853197.0,-1.6,4.52
30575.0,-240.0,-3819944.0,-0.683,4.03
30580.0,39.0,-3785420.0,-0.208,3.05
30585.0,-167.0,-3768503.0,-2.392,3.79
30590.0,-383.0,-3733142.0,-0.625,4.03
30596.0,88.0,-3698232.0,0.367,4.28
30601.0,-17.0,-3679987.0,-2.167,3.79
30606.0,-371.0,-3644406.0,-1.033,3.79
30611.0,-80.0,-3608658.0,0.425,3.54
30616.0,-264.0,-3590529.0,-1.992,4.03
30621.0,-568.0,-3554484.0,-0.8,3.54
30627.0,-261.0,-3517664.0,-0.217,3.3
30631.0,-252.0,-3498779.0,-2.175,0.86
30637.0,-32.0,-3460846.0,-0.692,3.3
30643.0,-93.0,-3422468.0,-0.533,3.05
30648.0,179.0,-3402501.0,-1.875,3.54
30653.0,-259.0,-3363010.0,-0.592,3.54
30658.0,166.0,-3323204.0,-1.35,2.81
30663.0,112.0,-3304355.0,-2.608,2.57
30668.0,-20.0,-3264982.0,-0.075,2.81
30673.0,83.0,-3224664.0,-1.042,3.3
30679.0,-165.0,-3204071.0,-2.675,3.05
30685.0,-191.0,-3163058.0,-2.192,2.57
30690.0,44.0,-3121238.0,0.075,2.32
30694.0,-291.0,-3098829.0,-1.683,1.59
30700.0,-279.0,-3057044.0,-2.45,2.32
30705.0,-104.0,-3014582.0,-0.15,2.81
30710.0,64.0,-2993115.0,-2.758,1.83
30715.0,-466.0,-2951608.0,-1.233,1.83
30721.0,-255.0,-2909050.0,-0.85,1.59
30726.0,343.0,-2886843.0,-3.0,1.59
30731.0,-97.0,-2842866.0,-2.258,1.59
30737.0,32.0,-2797738.0,-1.508,1.34
30741.0,-255.0,-2774441.0,-2.875,1.83
30747.0,47.0,-2729339.0,-2.517,1.1
30752.0,158.0,-2683209.0,-1.592,1.59
30757.0,-287.0,-2660592.0,-3.058,0.86
30763.0,333.0,-2615481.0,-1.492,0.86
30768.0,104.0,-2570747.0,-2.792,0.86
30773.0,-2.0,-2547668.0,-2.542,0.61
30778.0,30.0,-2500881.0,-2.808,0.61
30783.0,-107.0,-2452397.0,-2.258,0.37
30788.0,-203.0,-2428204.0,-3.542,0.12
30794.0,7.0,-2380671.0,-2.167,-0.12
30799.0,424.0,-2331531.0,-3.0,-0.12
30803.0,19.0,-2307362.0,-3.567,0.37
30810.0,-195.0,-2259696.0,-2.883,-0.12
30815.0,160.0,-2213332.0,-2.483,-0.61
30820.0,-99.0,-2188731.0,-3.717,-0.86
30825.0,-135.0,-2140901.0,-3.675,-0.37
30831.0,210.0,-2091969.0,-2.875,-1.34
30835.0,167.0,-2066940.0,-4.642,-1.34
30840.0,199.0,-2018939.0,-2.9,-1.59
30846.0,86.0,-1970263.0,-4.308,-1.59
30851.0,-85.0,-1945894.0,-3.542,-2.08
30857.0,387.0,-1898734.0,-3.892,-2.08
30862.0,34.0,-1851324.0,-3.808,-2.08
30867.0,407.0,-1828341.0,-4.5,-2.57
30872.0,135.0,-1780595.0,-3.967,-2.81
30877.0,412.0,-1731943.0,-5.358,-3.05
30882.0,-123.0,-1707420.0,-4.85,-3.54
30887.0,131.0,-1658469.0,-4.95,-3.05
30893.0,86.0,-1609583.0,-4.958,-4.03
30898.0,-203.0,-1585886.0,-5.508,-4.52
30904.0,-503.0,-1537604.0,-4.683,-4.28
30909.0,-248.0,-1491004.0,-5.617,-5.01
30914.0,7.0,-1469123.0,-5.35,-5.5
30919.0,-543.0,-1423517.0,-6.725,-5.74
30924.0,-204.0,-1378299.0,-5.475,-5.74
30929.0,19.0,-1355006.0,-6.558,-6.23
30936.0,-199.0,-1307028.0,-5.833,-6.48
30941.0,-28.0,-1259192.0,-6.525,-7.21
30945.0,319.0,-1236485.0,-6.317,-7.45
30951.0,13.0,-1188052.0,-5.658,-8.68
30956.0,-132.0,-1141536.0,-6.617,-7.7
30960.0,-319.0,-1120329.0,-5.317,-8.43
30966.0,-9.0,-1076471.0,-7.4,-8.68
30971.0,-508.0,-1032343.0,-5.342,-8.92
30977.0,-5.0,-1009682.0,-7.75,-9.16
30982.0,-25.0,-961786.0,-6.325,-8.68
30987.0,378.0,-915868.0,-7.4,-9.9
30992.0,-75.0,-893137.0,-6.508,-9.9
30997.0,333.0,-846341.0,-6.942,-10.39
31003.0,-194.0,-801571.0,-6.5,-10.63
31007.0,-63.0,-779908.0,-6.308,-11.12
31013.0,223.0,-740446.0,-6.5,-10.63
31019.0,178.0,-699612.0,-7.183,-11.85
31024.0,-1.0,-679347.0,-7.283,-11.12
31029.0,-339.0,-633579.0,-8.583,-11.85
31035.0,-121.0,-586085.0,-7.542,-12.34
31040.0,-98.0,-564518.0,-6.175,-12.59
31045.0,262.0,-524205.0,-7.542,-13.07
31050.0,-226.0,-484765.0,-6.675,-13.56
31055.0,-283.0,-449079.0,-7.783,-13.56
31060.0,-68.0,-431484.0,-7.142,-13.07
31067.0,278.0,-399240.0,0.908,-13.07
31072.0,303.0,-362970.0,-8.225,-11.85
31077.0,-46.0,-342539.0,-5.308,-13.07
31082.0,-154.0,-304925.0,-4.033,-14.05
31087.0,-73.0,-266491.0,-6.192,-13.56
31092.0,-204.0,-248734.0,-2.283,-14.3
31097.0,58.0,-214552.0,-4.508,-14.78
31104.0,2.0,-180622.0,-3.733,-14.54
31109.0,115.0,-164595.0,-2.867,-14.05
31114.0,831.0,-135902.0,-2.9,-13.07
31119.0,35.0,-103680.0,-4.742,-13.32
31124.0,34.0,-87505.0,-4.408,-13.07
31129.0,358.0,-64622.0,1.858,-13.07
31135.0,350.0,-54570.0,-0.375,-12.83
31139.0,-353.0,-51223.0,-2.767,-10.87
31145.0,227.0,-46536.0,-0.408,-8.92
31151.0,197.0,-43008.0,-0.325,-5.01
31156.0,-116.0,-41485.0,-1.217,-3.79
31161.0,-160.0,-40056.0,-0.092,-2.57
31166.0,-6.0,-39790.0,-0.4,-1.1
31171.0,135.0,-39985.0,-0.017,-0.12
31176.0,79.0,-41204.0,-0.575,0.61
31181.0,160.0,-42814.0,-0.433,1.34
31186.0,-199.0,-43563.0,0.108,2.08
31192.0,159.0,-46399.0,-0.2,3.54
31197.0,204.0,-47382.0,-0.292,4.77
31202.0,-20.0,-49347.0,0.083,6.48
31207.0,116.0,-51891.0,-0.342,7.45
31212.0,77.0,-53146.0,-0.425,8.43
31217.0,-157.0,-55313.0,0.125,8.92
31222.0,-293.0,-57733.0,-0.117,8.92
31227.0,0.0,-58720.0,-0.367,8.68
31233.0,148.0,-60749.0,-0.258,8.43
31238.0,-14.0,-63287.0,-0.083,8.43
31243.0,167.0,-64302.0,-0.15,8.19
31249.0,475.0,-66312.0,-0.075,8.19
31254.0,-343.0,-68004.0,-0.208,7.94
31259.0,-306.0,-69051.0,-0.242,7.94
31264.0,158.0,-70588.0,0.042,7.7
31269.0,-14.0,-72634.0,-0.2,7.21
31275.0,79.0,-73305.0,-0.242,6.96
31280.0,153.0,-74866.0,-0.175,6.72
31285.0,-49.0,-76040.0,-0.1,6.72
31290.0,-66.0,-76701.0,-0.225,6.48
31295.0,184.0,-78623.0,-0.017,6.96
31301.0,210.0,-80033.0,-0.133,6.72
31306.0,-41.0,-80710.0,-0.117,6.48
31311.0,189.0,-82105.0,-0.108,7.21
31316.0,201.0,-83559.0,0.017,6.48
31322.0,-350.0,-84102.0,-0.192,6.48
31327.0,118.0,-85243.0,-0.025,6.96
31332.0,-220.0,-86759.0,0.017,6.48
31337.0,-195.0,-87446.0,-0.217,6.72
31342.0,-35.0,-88605.0,-0.108,6.48
31348.0,-201.0,-91189.0,-0.442,6.48
31352.0,-204.0,-97498.0,7.075,6.48
31358.0,568.0,-133240.0,6.133,8.43
31364.0,-394.0,-179160.0,-1.067,9.41
31370.0,192.0,-230338.0,7.592,11.61
31374.0,319.0,-256297.0,4.425,12.34
31380.0,-267.0,-316943.0,7.517,13.32
31386.0,319.0,-379953.0,4.167,14.78
31391.0,159.0,-442269.0,6.417,14.78
31396.0,162.0,-475916.0,6.933,15.76
31403.0,-194.0,-539410.0,5.758,16.98
31408.0,-68.0,-602940.0,5.308,19.67
31414.0,-16.0,-665428.0,6.65,21.38
31418.0,97.0,-695597.0,6.558,23.34
31424.0,-193.0,-757025.0,5.133,26.76
31429.0,-227.0,-818963.0,6.517,29.2
31435.0,-271.0,-879259.0,6.283,29.2
31440.0,-204.0,-910228.0,6.533,28.23
31446.0,-208.0,-974402.0,5.758,27.0
31452.0,-10.0,-1036308.0,6.225,26.27
31458.0,210.0,-1095818.0,4.675,26.76
31462.0,-111.0,-1125563.0,6.367,26.03
31467.0,313.0,-1184582.0,5.667,26.03
31473.0,-415.0,-1241084.0,5.15,25.54
31479.0,-35.0,-1298290.0,5.067,24.56
31483.0,-120.0,-1327363.0,5.583,24.32
31490.0,-124.0,-1383465.0,5.567,24.56
31496.0,-108.0,-1440951.0,5.292,23.83
31501.0,102.0,-1498933.0,5.258,23.58
31506.0,159.0,-1526218.0,5.092,23.58
31511.0,144.0,-1581899.0,4.733,23.09
31517.0,-14.0,-1637311.0,5.025,22.85
31521.0,95.0,-1663862.0,5.692,22.36
31527.0,275.0,-1717798.0,4.45,21.63
31533.0,-125.0,-1771156.0,3.783,21.38
31539.0,-57.0,-1825778.0,5.492,21.63
31544.0,138.0,-1852465.0,5.4,20.65
31549.0,-229.0,-1880868.0,4.158,20.41
31554.0,85.0,-1959666.0,4.85,20.16
31559.0,384.0,-1985427.0,3.958,20.16
31565.0,2.0,-2036779.0,4.892,19.92
31570.0,6.0,-2088189.0,4.125,19.67
31577.0,50.0,-2136825.0,4.8,19.43
31581.0,295.0,-2160826.0,3.542,18.94
31587.0,97.0,-2208810.0,4.258,19.18
31593.0,51.0,-2257746.0,4.4,18.45
31598.0,-97.0,-2306356.0,4.033,18.94
31603.0,-112.0,-2330607.0,3.925,18.21
31608.0,73.0,-2377675.0,4.017,17.72
31614.0,215.0,-2423727.0,4.125,18.21
31620.0,-239.0,-2447432.0,3.525,17.72
31625.0,-42.0,-2493145.0,4.017,16.98
31630.0,-58.0,-2536513.0,3.55,17.23
31636.0,-230.0,-2580541.0,3.35,16.98
31641.0,-329.0,-2603574.0,4.208,16.5
31646.0,-10.0,-2649012.0,3.442,16.25
31651.0,-160.0,-2692634.0,3.167,16.74
31657.0,-216.0,-2714885.0,3.325,16.74
31662.0,-269.0,-2758364.0,3.617,15.76
31668.0,-163.0,-2801272.0,3.425,15.52
31674.0,207.0,-2843632.0,3.192,16.01
31678.0,-130.0,-2864735.0,3.542,15.03
31684.0,-397.0,-2906653.0,2.583,15.76
31689.0,-211.0,-2948063.0,3.892,15.03
31695.0,-293.0,-2989041.0,2.967,15.27
31700.0,-14.0,-3009474.0,2.575,14.78
31706.0,66.0,-3049576.0,2.658,14.78
31712.0,2.0,-3089582.0,2.933,14.54
31717.0,-294.0,-3129518.0,2.958,14.54
31722.0,-229.0,-3148451.0,2.15,14.05
31727.0,26.0,-3187269.0,2.317,14.78
31733.0,74.0,-3225533.0,2.758,13.81
31738.0,100.0,-3244054.0,2.15,12.59
31744.0,373.0,-3282005.0,2.45,13.56
31749.0,-159.0,-3320941.0,2.192,13.81
31755.0,-71.0,-3357869.0,2.583,13.07
31760.0,-32.0,-3375940.0,2.117,13.07
31765.0,-5.0,-3412812.0,2.383,13.07
31770.0,-321.0,-3448416.0,1.733,13.56
31776.0,-155.0,-3466457.0,2.058,12.83
31780.0,-58.0,-3501770.0,1.925,12.59
31787.0,-290.0,-3536678.0,2.058,13.07
31792.0,-142.0,-3553989.0,1.433,12.34
31797.0,131.0,-3589500.0,1.958,12.34
31803.0,-35.0,-3623730.0,2.075,12.34
31808.0,-325.0,-3657464.0,1.8,12.1
31813.0,-101.0,-3673993.0,1.608,11.85
31818.0,-176.0,-3707272.0,2.225,11.85
31824.0,-306.0,-3740242.0,2.108,11.61
31830.0,22.0,-3756635.0,1.0,12.1
31835.0,-141.0,-3788568.0,2.608,11.61
31840.0,19.0,-3820416.0,2.167,11.36
31846.0,-127.0,-3852434.0,1.608,11.12
31851.0,-237.0,-3867727.0,0.933,11.36
31856.0,116.0,-3898080.0,1.842,11.36
31861.0,44.0,-3927778.0,1.85,11.61
31867.0,-62.0,-3942611.0,0.842,11.36
31872.0,-171.0,-3972194.0,2.558,10.87
31878.0,127.0,-4000938.0,4.008,11.61
31884.0,-291.0,-4029150.0,0.333,10.87
31889.0,51.0,-4043567.0,0.542,11.36
31893.0,-248.0,-4071094.0,2.483,11.12
31899.0,2.0,-4098908.0,0.1,10.63
31904.0,-128.0,-4112707.0,1.467,10.39
31909.0,17.0,-4139708.0,1.642,11.12
31916.0,-23.0,-4166162.0,0.767,10.63
31921.0,109.0,-4179689.0,1.358,10.63
31925.0,-152.0,-4206246.0,2.092,10.14
31931.0,-42.0,-4231958.0,0.117,9.9
31937.0,-318.0,-4257442.0,1.25,9.9
31942.0,-372.0,-4270615.0,1.892,10.63
31947.0,13.0,-4296196.0,1.175,10.39
31952.0,-523.0,-4321386.0,0.825,9.9
31958.0,-293.0,-4333761.0,1.617,9.65
31963.0,-32.0,-4358296.0,1.25,9.9
31969.0,58.0,-4382056.0,0.583,9.65
31974.0,28.0,-4393775.0,1.875,9.65
31978.0,-127.0,-4416598.0,0.842,9.41
31984.0,3.0,-4439604.0,0.95,9.41
31989.0,-333.0,-4451543.0,1.592,9.65
31994.0,-328.0,-4474284.0,1.475,9.41
32000.0,-220.0,-4496558.0,0.467,9.41
32006.0,-210.0,-4518556.0,1.392,9.16
32011.0,-100.0,-4529263.0,1.917,9.65
32016.0,-37.0,-4551166.0,0.017,9.16
32021.0,-149.0,-4572412.0,0.808,7.45
32026.0,-173.0,-4582679.0,1.792,9.16
32031.0,-266.0,-4603312.0,0.467,9.41
32037.0,-424.0,-4623620.0,0.45,8.92
32043.0,-122.0,-4634485.0,1.267,11.36
32048.0,-159.0,-4654738.0,0.908,9.41
32053.0,97.0,-4674592.0,0.133,8.92
32058.0,221.0,-4684387.0,1.325,8.68
32063.0,-68.0,-4704136.0,0.925,8.92
32069.0,-192.0,-4723788.0,0.25,8.68
32074.0,108.0,-4742862.0,1.3,8.92
32079.0,80.0,-4752387.0,1.1,7.45
32084.0,-283.0,-4762184.0,0.633,8.43
32091.0,-157.0,-4791042.0,0.667,8.43
32096.0,227.0,-4800557.0,1.05,8.43
32100.0,56.0,-4818320.0,0.442,8.68
32106.0,-202.0,-4836246.0,0.475,8.43
32111.0,30.0,-4845183.0,1.992,9.16
32116.0,31.0,-4863132.0,-0.325,8.92
32121.0,-45.0,-4880678.0,-0.325,8.68
32126.0,-175.0,-4889517.0,1.233,8.68
32132.0,-56.0,-4906594.0,1.083,8.43
32138.0,-94.0,-4920650.0,-0.817,8.19
32143.0,-36.0,-4925859.0,-0.117,8.43
32148.0,289.0,-4930098.0,0.75,8.19
32153.0,169.0,-4931930.0,-0.633,7.94
32158.0,7.0,-4932573.0,0.667,7.7
32163.0,-54.0,-4931690.0,0.142,8.19
32168.0,19.0,-4931329.0,0.208,7.45
32174.0,-205.0,-4929294.0,0.608,8.19
32179.0,-24.0,-4926734.0,0.067,7.94
32184.0,156.0,-4923146.0,0.3,7.7
32189.0,-284.0,-4921557.0,0.325,6.96
32194.0,-67.0,-4918158.0,0.05,6.96
32200.0,-419.0,-4914292.0,0.133,6.72
32205.0,163.0,-4912629.0,0.342,6.72
32210.0,170.0,-4909288.0,0.3,6.23
32216.0,318.0,-4905522.0,-0.158,6.23
32221.0,114.0,-4904145.0,0.233,6.72
32226.0,215.0,-4900850.0,0.367,6.72
32231.0,60.0,-4899577.0,0.25,6.96
32236.0,-330.0,-4896326.0,0.225,6.48
32241.0,-303.0,-4893322.0,0.067,6.48
32247.0,-267.0,-4890222.0,0.133,6.48
32252.0,-485.0,-4889021.0,0.225,6.48
32257.0,-152.0,-4885876.0,0.133,6.48
32263.0,296.0,-4882984.0,0.075,6.96
32268.0,194.0,-4881357.0,0.067,6.48
32273.0,-215.0,-4878854.0,0.267,7.21
32278.0,150.0,-4877385.0,0.242,4.77
32283.0,-130.0,-4874698.0,0.1,6.48
32288.0,-629.0,-4871806.0,0.158,7.21
32293.0,9.0,-4869196.0,0.183,6.48
32300.0,13.0,-4867867.0,0.125,6.48
32304.0,-274.0,-4866454.0,0.125,6.72
32310.0,64.0,-4862908.0,0.175,7.21
32315.0,104.0,-4861667.0,0.117,6.96
32320.0,-273.0,-4858592.0,0.192,6.48
32324.0,-270.0,-4857697.0,0.217,6.48
32329.0,-292.0,-4855062.0,0.067,6.96
32335.0,-79.0,-4852908.0,0.1,6.96
32340.0,-125.0,-4851927.0,0.083,6.48
32346.0,-221.0,-4849700.0,0.15,6.96
32351.0,-60.0,-4846684.0,-0.867,6.48
32356.0,222.0,-4843769.0,-0.042,6.96
32361.0,274.0,-4827372.0,1.208,6.23
32366.0,267.0,-4807860.0,-1.233,6.72
32372.0,-259.0,-4787986.0,-1.483,6.72
32377.0,-581.0,-4776753.0,0.75,5.99
32382.0,-410.0,-4754276.0,-1.242,5.74
32388.0,-307.0,-4742509.0,0.667,5.74
32393.0,113.0,-4719488.0,-0.533,5.5
32398.0,-272.0,-4694444.0,-1.675,5.74
32403.0,-272.0,-4681673.0,1.233,5.5
32408.0,386.0,-4656956.0,-0.367,5.25
32413.0,161.0,-4631394.0,-0.258,5.25
32418.0,24.0,-4618113.0,0.333,5.25
32423.0,150.0,-4591526.0,-2.0,5.99
32429.0,13.0,-4565026.0,1.175,5.01
32434.0,99.0,-4551129.0,0.058,5.25
32439.0,-59.0,-4524594.0,-1.625,6.48
32445.0,-32.0,-4497726.0,0.35,5.5
32450.0,310.0,-4484283.0,-0.133,5.01
32455.0,-90.0,-4456732.0,-1.358,5.25
32460.0,3.0,-4429024.0,1.0,5.25
32465.0,161.0,-4415269.0,-1.117,4.77
32471.0,-281.0,-4386806.0,-0.733,4.77
32476.0,-46.0,-4358608.0,0.633,5.01
32481.0,78.0,-4344463.0,-1.417,5.25
32487.0,-256.0,-4316120.0,-0.808,5.01
32492.0,-21.0,-4287362.0,0.558,4.77
32496.0,-170.0,-4272753.0,-1.425,5.01
32501.0,218.0,-4257866.0,-0.467,4.77
32507.0,269.0,-4213490.0,0.742,5.01
32513.0,-107.0,-4198571.0,-2.142,6.96
32518.0,-221.0,-4168750.0,-0.383,4.52
32523.0,-280.0,-4137524.0,1.067,5.25
32528.0,-222.0,-4121809.0,-1.267,4.52
32533.0,-196.0,-4091488.0,-1.792,5.25
32539.0,199.0,-4060920.0,0.467,5.01
32543.0,580.0,-4045211.0,-0.9,4.52
32548.0,138.0,-4029298.0,-0.992,4.77
32555.0,285.0,-3981126.0,-0.308,4.52
32560.0,239.0,-3965295.0,-2.117,4.52
32565.0,-59.0,-3932312.0,0.333,4.03
32570.0,190.0,-3898882.0,0.55,4.28
32575.0,132.0,-3881743.0,-1.775,4.77
32580.0,96.0,-3848438.0,-1.017,4.03
32585.0,-125.0,-3815122.0,0.025,4.77
32590.0,226.0,-3798487.0,-1.242,4.03
32596.0,-98.0,-3764895.0,-1.517,4.03
32602.0,-159.0,-3729921.0,0.65,3.79
32606.0,-16.0,-3712166.0,-2.392,4.28
32612.0,238.0,-3677020.0,-1.0,3.79
32617.0,461.0,-3641998.0,0.425,3.79
32622.0,-316.0,-3622751.0,-1.45,3.54
32627.0,16.0,-3586698.0,-1.733,4.03
32632.0,175.0,-3550454.0,-0.25,4.03
32637.0,-279.0,-3532337.0,-1.467,4.03
32643.0,-13.0,-3496216.0,-1.092,3.3
32649.0,138.0,-3458614.0,-0.725,3.3
32653.0,-229.0,-3439595.0,-2.342,3.3
32659.0,-661.0,-3401055.0,-0.867,3.3
32664.0,-232.0,-3362593.0,-0.658,3.3
32669.0,-361.0,-3341962.0,-1.583,3.05
32674.0,31.0,-3302275.0,-1.717,3.54
32679.0,60.0,-3262205.0,-0.35,2.81
32685.0,50.0,-3242164.0,-2.3,3.05
32690.0,402.0,-3202533.0,-1.308,2.81
32695.0,311.0,-3162323.0,-0.025,3.05
32700.0,2.0,-3140482.0,-2.175,2.57
32706.0,-186.0,-3098954.0,-2.633,2.32
32711.0,143.0,-3056960.0,-0.942,2.81
32715.0,68.0,-3034955.0,-1.6,2.57
32721.0,444.0,-2992507.0,-2.075,1.83
32727.0,123.0,-2949493.0,-1.033,2.57
32732.0,-190.0,-2927764.0,-2.583,1.83
32737.0,-110.0,-2885642.0,-1.433,2.08
32743.0,215.0,-2842214.0,-1.083,1.34
32747.0,252.0,-2819699.0,-2.458,1.59
32752.0,22.0,-2775778.0,-2.267,1.59
32758.0,-213.0,-2730600.0,-2.292,1.34
32762.0,132.0,-2707105.0,-2.558,1.34
32769.0,-424.0,-2661381.0,-1.792,1.1
