time_ms,p1,p2,f3,f4
59366.0,-420.0,4051.0,0.008,6.23
59372.0,-286.0,4477.0,0.0,6.48
59377.0,-119.0,4039.0,0.058,6.48
59382.0,-43.0,3778.0,0.008,6.23
59387.0,93.0,4242.0,0.008,6.48
59393.0,40.0,4462.0,0.083,6.72
59398.0,234.0,4397.0,0.067,6.72
59404.0,534.0,4345.0,0.033,6.23
59409.0,325.0,4253.0,0.042,6.48
59414.0,-171.0,4032.0,0.017,5.74
59419.0,-65.0,3789.0,0.008,6.96
59423.0,252.0,3694.0,0.042,6.48
59428.0,292.0,4213.0,-0.117,6.72
59433.0,225.0,3985.0,0.0,6.23
59439.0,51.0,4066.0,0.025,6.96
59444.0,135.0,4013.0,0.05,6.48
59449.0,-82.0,4328.0,-0.033,6.72
59454.0,-158.0,4365.0,0.008,6.23
59459.0,-31.0,4499.0,0.0,6.48
59463.0,349.0,4414.0,0.017,6.72
59469.0,73.0,4054.0,0.033,6.23
59474.0,-400.0,3980.0,0.05,6.23
59479.0,23.0,3805.0,0.125,6.48
59484.0,-170.0,4195.0,-0.042,6.96
59489.0,-75.0,4362.0,0.058,6.48
59494.0,-271.0,3680.0,-0.025,6.72
59499.0,-266.0,4124.0,0.033,6.23
59504.0,-95.0,4487.0,0.142,6.96
59509.0,-241.0,4039.0,0.008,7.7
59514.0,80.0,3858.0,-0.042,6.23
59520.0,-66.0,4099.0,0.058,6.72
59525.0,-193.0,4015.0,0.0,6.96
59529.0,-162.0,4098.0,0.042,6.48
59535.0,14.0,4234.0,-0.008,6.23
59539.0,19.0,4195.0,0.033,6.23
59544.0,113.0,4108.0,-0.017,6.48
59549.0,160.0,3988.0,0.042,6.72
59554.0,-93.0,4137.0,0.008,6.72
59559.0,-267.0,4575.0,-0.008,6.23
59565.0,122.0,4400.0,0.058,6.23
59570.0,264.0,4145.0,0.042,6.96
59575.0,31.0,4173.0,-0.05,8.19
59579.0,220.0,4086.0,-0.025,6.23
59585.0,86.0,3936.0,0.017,6.23
59589.0,157.0,3991.0,0.033,6.23
59594.0,-9.0,4142.0,-0.008,6.48
59599.0,-76.0,3804.0,0.033,6.23
59604.0,-401.0,3951.0,0.017,6.48
59610.0,-9.0,4213.0,0.05,6.96
59615.0,-220.0,4014.0,0.092,6.23
59620.0,-170.0,4151.0,0.008,6.96
59625.0,-91.0,4083.0,0.025,6.72
59629.0,114.0,4168.0,-0.058,6.23
59635.0,-344.0,4192.0,0.083,6.48
59639.0,-381.0,4453.0,0.017,6.48
59644.0,281.0,4288.0,0.083,6.96
59650.0,4.0,4548.0,0.008,6.48
59655.0,-47.0,4463.0,-0.017,6.23
59660.0,51.0,3699.0,0.042,6.23
59665.0,418.0,3736.0,0.042,6.72
59670.0,-70.0,4385.0,0.092,6.23
59675.0,-171.0,4119.0,0.033,6.96
59679.0,-128.0,4128.0,0.108,7.21
59685.0,40.0,4314.0,-0.017,6.96
59689.0,7.0,4157.0,0.017,6.23
59695.0,-79.0,4120.0,0.0,6.23
59699.0,-190.0,3997.0,0.033,6.96
59704.0,-398.0,4500.0,-0.05,6.96
59709.0,-27.0,4510.0,0.067,6.23
59714.0,14.0,4347.0,0.175,6.23
59719.0,366.0,4369.0,0.025,6.48
59724.0,25.0,4270.0,0.117,6.48
59729.0,135.0,4287.0,0.0,6.23
59735.0,314.0,4121.0,0.067,6.23
59740.0,-113.0,4350.0,0.017,6.96
59745.0,-293.0,4320.0,0.058,6.48
59750.0,-20.0,4127.0,-0.008,6.48
59754.0,-144.0,4080.0,0.05,6.48
59760.0,-122.0,4274.0,0.092,6.23
59764.0,191.0,4315.0,-0.008,6.96
59769.0,85.0,3896.0,-0.025,6.48
59774.0,-224.0,4049.0,0.158,6.48
59780.0,-38.0,4194.0,0.042,6.96
59785.0,158.0,3958.0,-0.1,6.48
59790.0,109.0,4173.0,0.025,6.48
59795.0,123.0,3992.0,0.117,6.72
59800.0,-116.0,4029.0,-0.008,6.48
59805.0,-70.0,4158.0,0.058,6.48
59810.0,-192.0,4140.0,-0.033,6.23
59815.0,-39.0,4209.0,0.05,6.48
59820.0,41.0,4004.0,-0.017,6.48
59825.0,62.0,3941.0,0.058,5.74
59830.0,156.0,4076.0,0.017,6.23
59835.0,432.0,4226.0,-0.025,6.96
59840.0,-91.0,3933.0,0.0,6.23
59845.0,131.0,4183.0,0.083,6.48
59851.0,-357.0,4287.0,0.083,6.23
59855.0,-288.0,4296.0,0.117,6.48
59860.0,-46.0,4261.0,0.067,6.72
59866.0,49.0,4228.0,-0.025,6.23
59871.0,119.0,4387.0,-0.008,6.23
59876.0,201.0,4409.0,0.092,7.21
59881.0,-96.0,4426.0,0.0,6.48
59886.0,72.0,4441.0,0.05,6.72
59890.0,-47.0,4194.0,0.05,6.48
59895.0,-99.0,4125.0,0.075,6.23
59901.0,-31.0,4429.0,-0.017,6.48
59906.0,-164.0,4480.0,0.092,6.96
59911.0,-228.0,3888.0,-0.042,6.72
59917.0,270.0,4578.0,0.092,6.72
59921.0,105.0,4333.0,-0.017,6.48
59927.0,-57.0,4185.0,0.017,6.23
59932.0,-77.0,4359.0,-0.017,6.72
59937.0,200.0,3974.0,0.075,6.48
59942.0,102.0,4179.0,0.008,6.23
59948.0,-8.0,4149.0,0.017,6.23
59953.0,-87.0,4124.0,0.092,6.48
59958.0,-163.0,4066.0,0.05,6.96
59964.0,-189.0,3922.0,0.058,6.48
59968.0,-344.0,3973.0,0.058,6.96
59974.0,42.0,3817.0,-0.05,6.23
59979.0,-232.0,4139.0,0.017,6.48
59984.0,-237.0,3842.0,-0.008,6.23
59990.0,23.0,3804.0,-0.042,6.72
59996.0,439.0,4168.0,0.033,6.48
60000.0,-302.0,4229.0,-0.058,6.96
60005.0,-382.0,4100.0,0.067,6.72
60011.0,-434.0,4080.0,0.042,6.23
60015.0,-229.0,3901.0,-0.008,6.48
60021.0,-383.0,4011.0,0.075,6.23
60026.0,229.0,3909.0,0.092,6.48
60032.0,358.0,3918.0,0.067,6.96
60037.0,-108.0,4384.0,-0.008,6.48
60042.0,324.0,4020.0,0.008,6.48
60047.0,439.0,4217.0,0.083,6.23
60052.0,-39.0,4462.0,0.042,6.48
60057.0,-235.0,3976.0,0.042,6.48
60062.0,176.0,4107.0,-0.125,6.48
60067.0,260.0,3921.0,0.058,6.23
60073.0,64.0,4233.0,0.05,6.23
60078.0,189.0,3940.0,0.1,6.23
60084.0,163.0,4158.0,0.042,6.96
60089.0,-85.0,4320.0,-0.025,6.72
60094.0,-178.0,3997.0,0.108,6.23
60099.0,-416.0,4169.0,0.058,7.7
60105.0,-36.0,4221.0,0.025,6.23
60109.0,-27.0,4264.0,0.008,6.23
60114.0,13.0,4095.0,0.008,7.21
60121.0,-239.0,4135.0,0.058,6.48
60125.0,-266.0,4054.0,0.05,6.96
60131.0,102.0,4264.0,0.042,6.23
60136.0,104.0,4094.0,0.075,6.48
60141.0,-185.0,4051.0,0.075,6.23
60146.0,445.0,4333.0,-0.05,6.23
60152.0,-237.0,4215.0,-0.008,6.23
60156.0,-382.0,4452.0,-0.042,6.23
60163.0,198.0,4304.0,0.025,6.48
60168.0,476.0,4238.0,0.042,6.48
60173.0,10.0,4516.0,0.042,9.16
60178.0,51.0,4461.0,0.1,6.96
60183.0,141.0,4259.0,0.008,6.48
60189.0,-71.0,4579.0,0.025,6.48
60193.0,354.0,4482.0,0.008,6.48
60199.0,-28.0,3848.0,0.05,5.5
60205.0,-420.0,4206.0,0.0,6.48
60210.0,-91.0,4015.0,-0.008,6.72
60215.0,37.0,4069.0,0.025,6.96
60220.0,-279.0,4325.0,0.067,6.23
60225.0,-134.0,4150.0,0.017,6.48
60231.0,-2.0,3860.0,-0.017,6.72
60236.0,-240.0,3972.0,0.017,6.23
60240.0,-189.0,3881.0,0.133,6.96
60247.0,243.0,4131.0,0.05,6.96
60252.0,103.0,4223.0,0.0,6.48
60257.0,-178.0,4178.0,0.142,6.48
60262.0,292.0,4130.0,-0.125,6.23
60268.0,108.0,4070.0,0.092,6.23
60273.0,-192.0,4157.0,0.175,6.23
60277.0,-133.0,3702.0,-0.108,6.23
60283.0,127.0,4348.0,0.008,6.48
60288.0,352.0,4141.0,0.158,6.23
60294.0,-238.0,4165.0,-0.233,6.96
60299.0,-88.0,4235.0,0.1,6.48
60304.0,-9.0,4122.0,0.15,6.23
60309.0,-41.0,4238.0,-0.042,6.23
60315.0,-75.0,4212.0,0.017,6.72
60319.0,-156.0,4203.0,0.117,6.48
60325.0,150.0,4277.0,0.017,6.48
60331.0,-214.0,3989.0,0.1,6.48
60336.0,-360.0,3994.0,0.033,6.72
60341.0,-57.0,4315.0,0.083,6.48
60346.0,39.0,3857.0,0.075,6.48
60350.0,-140.0,4242.0,0.083,6.23
60356.0,-136.0,3868.0,-0.017,6.23
60361.0,198.0,4316.0,0.042,6.23
60366.0,131.0,4459.0,0.042,5.99
60371.0,-369.0,4031.0,0.033,6.96
60378.0,-133.0,3933.0,-0.075,6.23
60383.0,-17.0,3910.0,-0.017,6.72
60387.0,34.0,4543.0,0.1,6.48
60393.0,-166.0,3955.0,0.133,6.96
60397.0,79.0,3816.0,-0.05,6.96
60403.0,-245.0,4620.0,-0.008,6.48
60408.0,123.0,4238.0,0.1,6.72
60413.0,-114.0,4225.0,-0.058,6.23
60419.0,-140.0,4081.0,0.025,6.72
60425.0,22.0,4399.0,0.017,6.48
60430.0,36.0,4160.0,0.05,6.48
60434.0,107.0,4527.0,0.083,6.23
60439.0,-151.0,4522.0,0.025,6.48
60444.0,-38.0,4225.0,0.033,6.72
60449.0,174.0,4485.0,-0.017,6.72
60454.0,-416.0,4424.0,0.025,6.72
60460.0,-305.0,4129.0,0.0,6.48
60465.0,-187.0,4124.0,0.042,6.48
60469.0,56.0,3855.0,0.008,6.23
60475.0,-200.0,4091.0,0.008,6.23
60480.0,168.0,4116.0,0.108,6.48
60484.0,105.0,4137.0,-0.075,6.23
60489.0,373.0,4098.0,0.042,6.23
60494.0,106.0,4025.0,-0.033,6.96
60499.0,254.0,3981.0,0.05,6.23
60505.0,-266.0,4178.0,0.033,6.72
60510.0,-223.0,4319.0,0.058,6.72
60515.0,169.0,4268.0,0.092,6.96
60519.0,282.0,4331.0,0.058,6.23
60525.0,78.0,4477.0,0.15,6.23
60530.0,-246.0,4358.0,0.025,6.48
60534.0,-315.0,4327.0,0.05,6.48
60540.0,69.0,4109.0,-0.008,6.48
60545.0,36.0,4100.0,0.1,6.96
60550.0,60.0,4036.0,-0.008,6.23
60556.0,454.0,4046.0,0.1,6.48
60560.0,259.0,3811.0,0.108,6.23
60566.0,-383.0,4521.0,0.017,6.23
60571.0,-163.0,4121.0,0.042,6.23
60576.0,-177.0,4202.0,-0.042,6.23
60581.0,168.0,4226.0,0.008,6.48
60588.0,132.0,3880.0,0.05,6.23
60593.0,-138.0,4225.0,0.008,6.72
60597.0,127.0,4096.0,0.058,6.48
60603.0,-75.0,4326.0,0.05,6.48
60607.0,-196.0,4315.0,0.05,6.48
60612.0,39.0,4099.0,0.042,6.23
60617.0,703.0,3956.0,0.117,6.23
60622.0,634.0,4125.0,0.008,6.72
60627.0,136.0,4168.0,0.008,6.48
60632.0,467.0,4293.0,-0.008,6.96
60638.0,45.0,4323.0,0.083,6.96
60643.0,-27.0,4390.0,-0.042,6.96
60647.0,192.0,4277.0,0.0,6.23
60652.0,-38.0,4514.0,-0.058,6.48
60657.0,-3.0,4177.0,0.017,6.96
60662.0,73.0,4415.0,0.0,6.48
60667.0,327.0,4616.0,0.067,6.96
60673.0,326.0,4310.0,0.067,6.48
60678.0,26.0,4234.0,0.067,6.96
60683.0,-12.0,4123.0,-0.05,6.72
60688.0,81.0,4015.0,0.108,6.72
60694.0,81.0,4061.0,0.042,6.48
60699.0,-49.0,4272.0,-0.042,6.72
60704.0,270.0,4124.0,0.092,6.23
60709.0,310.0,4286.0,0.0,6.96
60715.0,-82.0,4323.0,0.025,6.48
60720.0,133.0,4379.0,0.067,6.72
60726.0,463.0,4129.0,0.058,6.96
60731.0,-55.0,4098.0,-0.008,6.48
60735.0,-52.0,4157.0,-0.042,6.23
60740.0,-154.0,4210.0,0.008,6.23
60745.0,317.0,4437.0,0.05,7.21
60750.0,-233.0,4115.0,-0.05,6.72
60755.0,209.0,3978.0,-0.033,6.23
60761.0,60.0,3887.0,-0.05,6.48
60766.0,176.0,4136.0,0.008,6.23
60770.0,41.0,4405.0,0.058,6.72
60775.0,-423.0,4047.0,-0.05,6.72
60780.0,167.0,4282.0,-0.042,6.96
60785.0,-146.0,4293.0,-0.025,6.23
60790.0,-246.0,4542.0,-0.067,6.23
60795.0,93.0,4333.0,-0.083,6.48
60801.0,379.0,4033.0,0.058,6.72
60806.0,21.0,4150.0,0.0,6.48
60811.0,-190.0,3952.0,-0.075,6.23
60816.0,28.0,4048.0,0.017,6.48
60821.0,174.0,3821.0,0.025,6.96
60826.0,-25.0,4498.0,0.008,6.48
60831.0,-209.0,4073.0,0.058,6.48
60835.0,160.0,4188.0,0.042,6.48
60841.0,-254.0,4298.0,0.042,6.23
60847.0,-2.0,4363.0,0.017,6.96
60852.0,135.0,4083.0,-0.058,6.96
60857.0,31.0,3959.0,-0.008,6.72
60862.0,155.0,4164.0,-0.017,6.23
60867.0,108.0,4501.0,0.133,6.23
60872.0,168.0,4484.0,0.075,6.48
60876.0,111.0,4451.0,0.025,6.23
60881.0,-22.0,4260.0,0.017,7.45
60886.0,-65.0,4187.0,0.067,6.72
60892.0,347.0,4189.0,-0.008,6.72
60897.0,-55.0,4202.0,-0.033,6.23
60902.0,140.0,4172.0,0.042,6.23
60907.0,298.0,4174.0,0.008,6.48
60912.0,196.0,4151.0,0.008,6.96
60917.0,-153.0,4330.0,0.092,6.48
60922.0,-193.0,4067.0,-0.017,6.48
60928.0,109.0,3918.0,0.05,6.96
60933.0,-48.0,4308.0,0.058,6.96
60938.0,-162.0,4423.0,0.008,6.96
60942.0,-49.0,4396.0,0.033,6.48
60947.0,97.0,4051.0,0.05,6.48
60952.0,-166.0,3810.0,0.05,6.48
60957.0,-210.0,3804.0,-0.017,6.48
60962.0,32.0,4005.0,0.075,6.72
60967.0,197.0,4345.0,-0.017,6.72
60973.0,152.0,4510.0,0.0,6.23
60977.0,149.0,4297.0,0.042,6.23
60982.0,124.0,4060.0,0.083,6.72
60986.0,-325.0,3963.0,0.125,6.72
60992.0,-53.0,4259.0,0.05,6.48
60997.0,-115.0,4348.0,0.008,7.45
61002.0,0.0,3950.0,0.017,6.23
61007.0,-200.0,4344.0,0.008,6.72
61012.0,242.0,4481.0,0.117,6.23
61018.0,53.0,3997.0,0.05,6.72
61023.0,266.0,4230.0,0.025,6.23
61028.0,-106.0,4317.0,-0.05,6.23
61033.0,-339.0,4125.0,-0.058,6.72
61038.0,159.0,3962.0,0.033,6.96
61043.0,-214.0,4286.0,0.008,6.72
61047.0,-183.0,4363.0,-0.017,6.48
61052.0,119.0,4042.0,0.017,6.48
61058.0,102.0,4306.0,0.025,6.48
61063.0,-182.0,4155.0,0.033,7.21
61068.0,-13.0,4046.0,0.042,6.48
61073.0,221.0,4155.0,0.008,6.48
61078.0,-249.0,4244.0,0.05,6.23
61083.0,-226.0,4062.0,-0.017,6.72
61088.0,136.0,4265.0,0.008,6.72
61092.0,71.0,3976.0,0.025,6.23
61097.0,35.0,3861.0,-0.017,6.48
61103.0,-263.0,4362.0,0.083,6.96
61108.0,80.0,4274.0,0.125,7.21
61113.0,-112.0,4367.0,0.008,6.48
61118.0,119.0,4374.0,0.025,6.72
61123.0,49.0,4107.0,-0.058,6.72
61128.0,467.0,4190.0,-0.058,6.72
61133.0,90.0,4256.0,0.125,6.72
61138.0,-18.0,3971.0,0.0,7.21
61143.0,-85.0,3941.0,0.092,6.23
61148.0,238.0,3826.0,0.042,6.23
61153.0,-506.0,3813.0,0.025,6.96
61158.0,-263.0,3967.0,0.033,6.48
61163.0,-53.0,3814.0,0.058,6.96
61168.0,212.0,4308.0,0.058,6.23
61173.0,-359.0,4323.0,0.042,6.48
61178.0,115.0,4006.0,-0.033,6.23
61184.0,240.0,4068.0,0.025,6.23
61189.0,-80.0,4321.0,-0.033,6.72
61194.0,102.0,4184.0,0.05,6.72
61198.0,319.0,4263.0,-0.025,6.96
61203.0,317.0,4238.0,-0.108,6.23
61208.0,50.0,4220.0,0.025,6.23
61213.0,-222.0,4135.0,-0.083,6.23
61218.0,10.0,4108.0,-0.058,6.48
61223.0,-97.0,4029.0,-0.042,6.23
61229.0,-137.0,4040.0,-0.067,6.23
61234.0,8.0,4180.0,0.017,6.96
61238.0,-20.0,4143.0,-0.033,6.23
61244.0,66.0,4041.0,0.1,6.48
61249.0,-131.0,3955.0,0.017,6.23
61254.0,-43.0,4202.0,0.058,6.72
61259.0,391.0,4325.0,0.05,6.48
61263.0,-16.0,4102.0,0.1,6.23
61268.0,46.0,4507.0,-0.05,6.48
61274.0,375.0,4363.0,0.05,6.23
61279.0,303.0,4080.0,0.033,6.96
61285.0,-103.0,3904.0,-0.042,6.48
61290.0,42.0,4038.0,0.017,6.23
61295.0,174.0,3961.0,0.008,6.72
61300.0,102.0,4080.0,0.033,6.48
61305.0,-83.0,4604.0,0.042,6.48
61310.0,13.0,4361.0,0.158,5.99
61316.0,150.0,4293.0,-0.008,7.21
61320.0,-71.0,3818.0,0.008,6.48
61325.0,-153.0,3861.0,0.042,6.96
61330.0,150.0,3830.0,0.083,6.48
61335.0,58.0,4239.0,-0.042,6.23
61340.0,-31.0,4113.0,0.025,6.23
61344.0,-338.0,4380.0,0.025,6.23
61349.0,383.0,4118.0,0.075,6.48
61355.0,104.0,4417.0,-0.025,7.21
61360.0,32.0,4212.0,0.025,6.23
61364.0,91.0,4151.0,0.133,6.72
61369.0,-157.0,4188.0,0.0,6.72
61374.0,-334.0,4228.0,0.008,6.23
61379.0,388.0,3999.0,-0.075,6.23
61384.0,214.0,3846.0,0.083,6.48
61389.0,103.0,4139.0,0.017,6.48
61394.0,-53.0,4132.0,0.0,6.72
61400.0,-60.0,4458.0,-0.033,6.23
61405.0,254.0,4323.0,-0.017,6.48
61410.0,-92.0,4451.0,0.075,6.48
61415.0,29.0,4045.0,0.042,6.48
61420.0,216.0,4420.0,-0.008,6.48
61425.0,333.0,3900.0,0.008,6.23
61429.0,6.0,3975.0,-0.042,6.48
61435.0,-178.0,3905.0,0.083,6.23
61441.0,-203.0,4129.0,-0.025,6.48
61445.0,-16.0,4124.0,0.05,6.23
61450.0,-135.0,4494.0,-0.075,6.48
61455.0,122.0,4283.0,0.017,6.96
61460.0,122.0,4199.0,0.125,6.48
61465.0,219.0,4381.0,0.017,6.72
61470.0,-298.0,4198.0,0.058,6.23
61475.0,-148.0,3734.0,-0.017,6.96
61480.0,63.0,3715.0,0.075,6.48
61486.0,-347.0,4288.0,-0.008,4.52
61491.0,-376.0,4524.0,0.075,6.96
61495.0,-125.0,4131.0,0.075,6.48
61501.0,-251.0,3833.0,0.017,6.48
61506.0,-388.0,4225.0,-0.008,6.23
61510.0,-199.0,3966.0,-0.033,6.23
61515.0,-150.0,4128.0,0.033,6.23
61520.0,-207.0,4363.0,-0.008,6.23
61526.0,-211.0,4249.0,-0.033,7.21
61531.0,-196.0,3959.0,0.05,6.48
61536.0,-31.0,3980.0,0.05,6.72
61541.0,-2.0,4342.0,0.183,6.96
61545.0,661.0,3997.0,0.125,6.72
61551.0,57.0,4199.0,-0.017,6.96
61555.0,142.0,4156.0,0.025,6.96
61560.0,172.0,4293.0,-0.05,6.48
61565.0,131.0,4341.0,0.008,6.23
61571.0,-4.0,4418.0,-0.008,6.23
61576.0,174.0,3916.0,0.0,6.48
61581.0,-61.0,3953.0,-0.042,6.48
61585.0,-27.0,3908.0,-0.033,6.23
61590.0,-214.0,4090.0,-0.008,6.96
61595.0,-83.0,4195.0,0.1,7.45
61600.0,129.0,4139.0,0.067,6.96
61605.0,-22.0,4200.0,-0.017,6.96
61611.0,-114.0,4013.0,0.0,6.72
61616.0,-39.0,4321.0,0.083,6.48
61620.0,-162.0,4250.0,0.05,7.21
61626.0,258.0,4458.0,0.05,6.23
61630.0,111.0,4169.0,0.125,6.48
61635.0,55.0,4358.0,-0.042,6.48
61640.0,-108.0,4432.0,0.05,6.23
61645.0,-231.0,4139.0,0.067,6.23
61650.0,-151.0,3797.0,0.042,6.48
61656.0,-182.0,3932.0,0.075,6.23
61661.0,-142.0,4097.0,0.008,6.48
61666.0,-29.0,4377.0,0.058,6.72
61670.0,26.0,4028.0,-0.108,6.96
61676.0,-74.0,3944.0,0.05,6.48
61680.0,-167.0,3949.0,0.05,6.48
61685.0,-9.0,4188.0,0.058,6.48
61690.0,-28.0,3930.0,0.033,6.48
61696.0,235.0,4003.0,0.1,6.96
61701.0,-53.0,3981.0,0.075,6.23
61706.0,-246.0,4102.0,0.042,6.48
61711.0,-170.0,3963.0,-0.008,6.72
61716.0,-141.0,3773.0,-0.067,6.96
61720.0,-86.0,4108.0,-0.075,6.48
61726.0,-38.0,3930.0,0.025,6.48
61730.0,-153.0,3739.0,0.0,6.96
61735.0,-183.0,4040.0,0.1,6.48
61741.0,-724.0,4162.0,0.017,6.48
61746.0,19.0,3993.0,-0.075,6.48
61751.0,-101.0,4191.0,0.05,6.23
61756.0,-56.0,4180.0,0.258,6.48
61761.0,172.0,4027.0,-0.033,6.48
61766.0,58.0,4077.0,0.0,6.48
61771.0,303.0,4076.0,0.117,6.23
61776.0,229.0,4216.0,0.075,6.48
61783.0,301.0,4056.0,0.108,6.48
61787.0,42.0,4141.0,0.033,6.48
61792.0,128.0,4271.0,0.0,7.45
61798.0,-36.0,3901.0,0.017,6.72
61802.0,69.0,3878.0,0.067,6.48
61808.0,215.0,3914.0,0.0,6.48
61813.0,-57.0,4060.0,0.008,6.48
61818.0,-354.0,3899.0,0.092,6.23
61824.0,32.0,4215.0,0.033,7.21
61830.0,246.0,3873.0,0.017,6.96
61834.0,1.0,4262.0,-0.025,6.48
61840.0,-17.0,4002.0,-0.008,6.23
61845.0,423.0,4230.0,-0.042,6.23
61850.0,200.0,4033.0,0.117,6.23
61855.0,-172.0,4452.0,-0.017,6.96
61860.0,198.0,4402.0,0.158,6.48
61865.0,213.0,4587.0,0.017,6.48
61871.0,-251.0,4233.0,0.0,6.23
61876.0,49.0,4147.0,0.058,6.72
61881.0,52.0,4472.0,0.025,6.23
61886.0,54.0,4668.0,0.05,6.23
61892.0,12.0,4106.0,0.0,6.23
61896.0,19.0,4081.0,0.058,6.23
61902.0,-137.0,4091.0,-0.033,6.48
61907.0,-175.0,4047.0,0.075,6.96
61913.0,20.0,4102.0,0.025,6.72
61918.0,50.0,4138.0,0.025,6.48
61923.0,-280.0,4032.0,0.058,6.23
61928.0,-113.0,4163.0,-0.008,6.23
61933.0,187.0,4440.0,0.008,6.23
61938.0,169.0,4338.0,0.033,6.48
61943.0,-30.0,4307.0,-0.033,6.96
61948.0,274.0,4169.0,0.008,6.48
61955.0,-244.0,4525.0,0.025,6.48
61959.0,-307.0,4652.0,0.083,6.23
61965.0,351.0,4128.0,0.067,6.23
61970.0,297.0,4096.0,-0.008,6.23
61975.0,212.0,4195.0,0.017,6.72
61980.0,-220.0,4154.0,0.033,6.23
61985.0,312.0,3830.0,-0.025,6.48
61990.0,231.0,4363.0,0.058,6.48
61996.0,-33.0,3961.0,-0.042,6.23
62002.0,-193.0,4149.0,-0.042,6.72
62006.0,152.0,4304.0,-0.083,6.23
62012.0,-236.0,3786.0,-0.008,6.23
62017.0,-114.0,4278.0,0.058,6.48
62022.0,-39.0,4245.0,0.192,6.23
62027.0,291.0,4250.0,0.025,6.72
62032.0,-339.0,4314.0,0.067,6.96
62038.0,-12.0,4171.0,-0.008,6.72
62043.0,-120.0,4219.0,-0.017,6.96
62049.0,-118.0,4327.0,-0.017,6.96
62053.0,-263.0,4308.0,-0.025,6.48
62059.0,-47.0,4314.0,0.017,6.72
62064.0,-31.0,3940.0,0.0,6.48
62069.0,42.0,4063.0,0.05,6.72
62074.0,186.0,4269.0,-0.017,6.48
62080.0,2.0,3825.0,-0.067,6.48
62085.0,-101.0,4080.0,-0.017,6.23
62090.0,-183.0,4348.0,0.017,6.96
62096.0,-201.0,4164.0,-0.042,6.23
62101.0,137.0,3823.0,0.05,6.48
62105.0,274.0,4106.0,0.05,6.23
62111.0,6.0,4124.0,-0.025,6.48
62115.0,105.0,4205.0,0.183,6.48
62121.0,45.0,4287.0,-0.025,6.48
62127.0,-255.0,4039.0,0.067,6.48
62132.0,-78.0,4060.0,0.058,6.48
62137.0,230.0,4050.0,0.033,6.23
62142.0,-266.0,4352.0,0.017,6.23
62147.0,-71.0,4491.0,-0.033,6.48
62152.0,-35.0,4027.0,0.033,6.23
62158.0,-199.0,4139.0,0.067,6.48
62162.0,-506.0,4126.0,0.05,6.23
62168.0,-535.0,4396.0,0.075,6.23
62174.0,-197.0,4248.0,0.008,6.72
62178.0,-254.0,4261.0,0.092,6.48
62184.0,86.0,4077.0,0.042,6.48
62189.0,-80.0,4317.0,0.042,6.96
62194.0,85.0,4126.0,0.033,6.48
62199.0,-83.0,4100.0,0.033,6.23
62205.0,273.0,3900.0,0.033,6.48
62210.0,212.0,4303.0,-0.025,6.72
62216.0,42.0,4311.0,-0.05,6.72
62221.0,204.0,4367.0,0.0,6.48
62226.0,75.0,4120.0,0.058,6.48
62231.0,-29.0,4236.0,0.067,6.48
62236.0,-229.0,4314.0,-0.033,6.48
62241.0,401.0,4297.0,0.083,6.23
62246.0,376.0,4404.0,0.008,6.23
62252.0,-68.0,4242.0,-0.017,6.48
62257.0,-207.0,4161.0,-0.05,6.48
62262.0,71.0,4173.0,-0.05,6.23
62268.0,-287.0,4113.0,0.025,6.23
62272.0,-398.0,4156.0,-0.092,6.72
62278.0,116.0,4274.0,0.017,6.23
62283.0,-228.0,4014.0,-0.008,6.48
62288.0,228.0,4123.0,0.0,6.96
62294.0,89.0,4156.0,-0.075,6.48
62299.0,83.0,4046.0,0.025,6.96
62304.0,200.0,4145.0,0.017,6.48
62309.0,-2.0,4017.0,0.042,6.23
62314.0,90.0,4063.0,0.025,6.48
62319.0,369.0,4084.0,0.075,6.96
62324.0,31.0,4240.0,-0.025,6.72
62330.0,-249.0,4328.0,0.042,6.72
62334.0,-18.0,4245.0,-0.008,6.48
62341.0,-518.0,4379.0,0.033,6.48
62346.0,6.0,4095.0,0.0,6.48
62351.0,273.0,4026.0,-0.025,6.23
62356.0,183.0,4088.0,0.092,6.72
62362.0,-119.0,4320.0,-0.058,6.23
62367.0,-245.0,4339.0,0.0,6.23
62372.0,138.0,3901.0,0.042,6.48
62377.0,106.0,3847.0,0.0,6.48
62383.0,-62.0,4216.0,0.017,6.48
62387.0,67.0,4375.0,-0.033,6.48
62392.0,-21.0,4068.0,-0.058,6.96
62397.0,-92.0,3951.0,0.092,6.96
62402.0,-184.0,4049.0,-0.017,6.48
62407.0,6.0,4084.0,0.058,6.72
62412.0,-137.0,4266.0,0.042,6.96
62418.0,-45.0,4376.0,0.075,7.21
62424.0,45.0,4483.0,0.092,6.96
62428.0,-130.0,4236.0,0.075,6.48
62433.0,-12.0,4281.0,-0.008,6.23
62438.0,169.0,4066.0,0.017,6.48
62443.0,211.0,3914.0,0.05,5.99
62448.0,-55.0,4165.0,0.017,7.45
62453.0,30.0,4216.0,0.033,6.23
62458.0,-404.0,4063.0,0.042,6.23
62462.0,31.0,3996.0,0.05,6.48
62469.0,-299.0,4314.0,0.0,6.23
62474.0,-25.0,4071.0,0.075,7.21
62479.0,42.0,4005.0,-0.008,6.72
62484.0,474.0,3999.0,0.125,6.72
62489.0,-102.0,4292.0,0.017,6.23
62494.0,-193.0,3853.0,-0.033,7.21
62499.0,309.0,3766.0,0.042,7.21
62503.0,210.0,4409.0,-0.092,6.23
62510.0,304.0,4151.0,0.05,6.23
62515.0,228.0,4562.0,0.092,6.48
62519.0,365.0,4065.0,0.0,6.48
62525.0,-65.0,4331.0,0.017,6.72
62529.0,-71.0,4332.0,0.05,6.23
62534.0,228.0,3888.0,0.1,6.72
62540.0,188.0,4096.0,0.017,6.48
62545.0,352.0,4465.0,0.008,6.48
62551.0,383.0,4053.0,-0.042,6.48
62556.0,339.0,4331.0,0.008,6.23
62561.0,-37.0,4220.0,-0.017,6.23
62566.0,-26.0,4168.0,0.05,6.23
62572.0,16.0,4314.0,0.008,6.72
62577.0,138.0,4161.0,0.0,6.48
62582.0,269.0,4177.0,-0.008,6.48
62587.0,-127.0,4359.0,-0.058,6.48
62593.0,273.0,4302.0,-0.025,6.72
62598.0,-92.0,4017.0,-0.025,6.96
62603.0,-252.0,3944.0,0.067,5.25
62607.0,-459.0,4117.0,-0.025,6.48
62613.0,81.0,4033.0,0.017,6.48
62618.0,-165.0,3820.0,0.058,6.48
62622.0,-132.0,4323.0,0.142,6.72
62628.0,-70.0,4287.0,0.067,6.72
62632.0,-168.0,4348.0,0.017,6.96
62638.0,-185.0,4270.0,0.025,6.48
62644.0,-39.0,4040.0,0.075,6.23
62649.0,-87.0,4325.0,0.025,6.48
62654.0,-262.0,4169.0,0.025,6.72
62659.0,168.0,4163.0,0.042,6.96
62664.0,264.0,3976.0,0.017,6.72
62669.0,29.0,4125.0,0.158,6.23
62674.0,-275.0,4088.0,0.042,6.23
62679.0,-46.0,3791.0,0.133,6.48
62685.0,-4.0,4157.0,0.042,6.96
62690.0,68.0,4110.0,-0.008,6.72
62695.0,47.0,4150.0,0.125,6.23
62700.0,159.0,3996.0,0.058,6.48
62705.0,-45.0,4141.0,0.025,6.72
62710.0,-272.0,4157.0,-0.033,6.72
62716.0,14.0,4003.0,0.025,6.96
62722.0,-338.0,4132.0,0.067,6.23
62726.0,-183.0,4071.0,0.042,6.48
62732.0,351.0,4291.0,0.092,6.72
62737.0,-7.0,4052.0,0.05,6.48
62741.0,-130.0,4118.0,0.017,6.48
62747.0,84.0,3752.0,0.067,6.48
62752.0,-42.0,4107.0,0.05,6.48
62757.0,-115.0,4171.0,0.017,6.48
62763.0,-11.0,4301.0,0.083,6.23
62768.0,169.0,4384.0,-0.042,6.23
62773.0,344.0,4054.0,0.058,6.48
62779.0,474.0,4248.0,-0.017,6.72
62784.0,34.0,4151.0,0.033,6.96
62789.0,-163.0,4161.0,0.092,6.72
62793.0,288.0,4128.0,0.092,6.23
62798.0,16.0,4287.0,0.075,6.48
62803.0,-207.0,4025.0,0.083,6.23
62809.0,-161.0,4098.0,0.033,6.23
62814.0,-8.0,4379.0,0.05,6.48
62819.0,-324.0,4352.0,-0.058,6.23
62823.0,-119.0,4539.0,0.042,6.23
62828.0,56.0,4412.0,0.117,6.23
62832.0,143.0,4051.0,-0.033,5.01
62838.0,-21.0,4135.0,-0.008,6.96
62843.0,381.0,4414.0,0.142,6.48
62849.0,318.0,4150.0,-0.008,6.23
62853.0,-211.0,4287.0,0.0,6.23
62858.0,-290.0,4062.0,-0.017,6.23
62863.0,-228.0,4108.0,0.017,6.23
62868.0,40.0,4109.0,0.092,6.23
62873.0,-167.0,4107.0,0.025,6.23
62878.0,52.0,4298.0,-0.025,6.23
62882.0,-193.0,4177.0,-0.075,6.96
62887.0,-200.0,4260.0,0.083,6.96
62892.0,-87.0,4433.0,0.033,6.48
62897.0,-145.0,4176.0,0.042,6.48
62902.0,5.0,4431.0,0.033,7.21
62907.0,-214.0,4583.0,0.033,7.21
62912.0,-204.0,4462.0,-0.033,6.96
62917.0,-143.0,3997.0,0.133,6.48
62922.0,-71.0,4050.0,0.008,6.23
62927.0,173.0,4161.0,0.008,6.23
62932.0,300.0,4231.0,0.008,6.48
62938.0,-24.0,4252.0,0.108,6.48
62943.0,-125.0,4076.0,-0.067,6.23
62947.0,-168.0,4235.0,0.108,6.48
62952.0,-96.0,4062.0,-0.05,6.72
62957.0,67.0,4194.0,0.017,6.72
62962.0,-201.0,4295.0,0.042,6.48
62967.0,-48.0,4181.0,-0.05,6.23
62972.0,199.0,3952.0,0.017,6.72
62978.0,567.0,4385.0,-0.042,6.48
62983.0,234.0,4125.0,0.042,6.48
62988.0,-330.0,4396.0,-0.017,6.72
62993.0,438.0,4043.0,-0.05,6.48
62997.0,207.0,4166.0,-0.033,6.48
63002.0,-233.0,4369.0,0.0,6.72
63007.0,-236.0,4237.0,0.025,6.23
63012.0,-4.0,3906.0,0.092,6.72
63017.0,149.0,4362.0,0.033,6.72
63023.0,-148.0,4157.0,0.1,6.72
63028.0,8.0,4204.0,0.108,6.23
63033.0,307.0,4146.0,0.05,6.48
63038.0,55.0,4315.0,-0.05,6.23
63043.0,212.0,4101.0,0.017,6.23
63047.0,-89.0,3996.0,0.0,6.96
63052.0,-37.0,3925.0,-0.017,6.23
63057.0,-86.0,4221.0,0.083,6.96
63063.0,-142.0,4080.0,-0.017,6.96
63068.0,-35.0,3830.0,-0.058,6.96
63072.0,-176.0,3931.0,-0.042,6.23
63077.0,170.0,4298.0,-0.017,6.48
63082.0,145.0,3952.0,0.075,6.48
63087.0,155.0,3823.0,0.1,6.48
63092.0,-170.0,3681.0,0.083,6.48
63097.0,-153.0,3994.0,0.0,6.96
63102.0,137.0,4081.0,0.067,6.48
63108.0,90.0,3999.0,0.042,6.23
63113.0,282.0,4100.0,0.008,6.48
63118.0,332.0,4182.0,0.025,6.96
63123.0,291.0,4242.0,-0.033,6.48
63128.0,87.0,4051.0,0.083,6.23
63134.0,-45.0,3757.0,0.033,6.96
63139.0,-172.0,4065.0,0.092,6.23
63144.0,-148.0,4128.0,-0.058,6.48
63150.0,-354.0,4083.0,0.042,6.48
63155.0,-13.0,4273.0,0.017,6.96
63160.0,87.0,4072.0,0.058,6.48
63165.0,-113.0,3766.0,0.058,6.96
63170.0,28.0,3948.0,-0.025,6.23
63175.0,44.0,4083.0,0.075,6.48
63181.0,-140.0,3989.0,-0.033,6.96
63186.0,-405.0,4017.0,-0.083,6.96
63192.0,-111.0,4146.0,-0.017,6.72
63197.0,335.0,4476.0,-0.033,6.96
63202.0,222.0,4336.0,0.033,6.48
63207.0,-199.0,4219.0,0.017,6.96
63212.0,-205.0,4531.0,-0.017,6.48
63217.0,142.0,4163.0,-0.025,6.48
63222.0,32.0,3786.0,-0.025,6.48
63228.0,-104.0,4084.0,0.008,6.72
63234.0,-35.0,4098.0,0.058,6.23
63238.0,245.0,4437.0,-0.075,6.23
63244.0,107.0,3873.0,0.0,6.23
63249.0,-74.0,3993.0,0.008,6.23
63253.0,-203.0,3980.0,0.083,6.48
63258.0,-514.0,4160.0,-0.017,6.23
63263.0,-61.0,4305.0,-0.008,6.48
63268.0,121.0,4291.0,0.075,6.23
63273.0,-52.0,4263.0,0.083,6.48
63279.0,171.0,4136.0,0.042,6.48
63284.0,337.0,4400.0,0.008,6.23
63289.0,60.0,4371.0,-0.033,6.48
63294.0,78.0,4296.0,0.025,6.23
63299.0,141.0,4384.0,0.042,6.48
63303.0,16.0,4337.0,0.083,6.48
63309.0,352.0,3927.0,0.017,6.48
63313.0,53.0,3822.0,0.108,6.48
63319.0,-75.0,4421.0,0.033,6.48
63324.0,-106.0,3981.0,0.0,6.48
63329.0,221.0,3762.0,0.092,6.48
63334.0,104.0,4204.0,-0.05,6.23
63338.0,-127.0,4087.0,0.117,6.72
63344.0,25.0,3967.0,0.1,6.23
63349.0,122.0,4355.0,0.025,6.23
63353.0,-31.0,4444.0,0.15,6.48
63360.0,17.0,3738.0,-0.058,6.23
63364.0,212.0,3761.0,0.017,6.48
63369.0,-176.0,4274.0,0.075,6.48
63374.0,-333.0,4254.0,0.067,6.23
63379.0,56.0,4147.0,-0.117,6.48
63384.0,-118.0,3905.0,-0.058,6.23
63389.0,-123.0,3926.0,0.017,6.96
63394.0,25.0,4399.0,0.025,6.48
63399.0,128.0,4071.0,0.067,6.48
63404.0,-491.0,4168.0,0.05,6.48
63410.0,-59.0,3614.0,0.108,6.96
63414.0,270.0,3625.0,0.042,6.23
63419.0,180.0,4256.0,-0.067,6.72
63424.0,-49.0,3974.0,0.05,6.72
63429.0,-30.0,4029.0,0.083,6.72
63434.0,-60.0,3967.0,-0.025,6.23
63439.0,-205.0,4186.0,0.083,6.48
63444.0,129.0,4213.0,0.025,8.19
63450.0,78.0,4245.0,0.017,6.96
63454.0,61.0,4264.0,0.075,6.23
63460.0,213.0,4016.0,0.042,6.48
63464.0,226.0,4095.0,0.058,6.48
63469.0,-90.0,4368.0,0.075,6.96
63474.0,-59.0,4287.0,-0.125,6.23
63479.0,-21.0,3970.0,-0.008,6.48
63484.0,9.0,4106.0,0.083,6.48
63489.0,-32.0,4327.0,0.075,6.23
63495.0,80.0,4435.0,0.067,6.48
63500.0,-390.0,4107.0,0.008,6.48
63505.0,-179.0,4128.0,0.067,6.48
63510.0,147.0,4249.0,0.083,6.72
63515.0,366.0,4163.0,0.058,6.72
63519.0,191.0,4048.0,0.008,6.23
63525.0,207.0,4284.0,-0.008,6.48
63529.0,182.0,3891.0,0.033,6.48
63535.0,148.0,3996.0,0.067,6.23
63541.0,-10.0,4158.0,0.042,6.96
63545.0,333.0,4065.0,0.025,4.52
63551.0,109.0,3775.0,-0.042,6.72
63556.0,-101.0,3931.0,0.075,6.48
63561.0,2.0,4058.0,-0.033,7.21
63566.0,72.0,4210.0,0.008,6.48
63572.0,-284.0,4224.0,0.042,6.96
63577.0,-85.0,4063.0,-0.008,6.72
63583.0,163.0,3841.0,-0.025,6.23
63588.0,-403.0,4091.0,0.067,6.48
63593.0,-460.0,4450.0,0.183,8.43
63598.0,182.0,4427.0,-0.05,6.23
63603.0,-56.0,4389.0,0.125,6.72
63608.0,-53.0,4352.0,0.025,6.96
63613.0,285.0,4200.0,-0.058,6.23
63619.0,-45.0,4638.0,0.083,6.23
63624.0,120.0,4871.0,0.25,6.23
63629.0,-186.0,4399.0,-0.333,6.23
63635.0,-72.0,4541.0,-0.05,6.72
63639.0,-267.0,4008.0,-0.167,6.23
63645.0,-465.0,4278.0,0.1,6.48
63650.0,-257.0,4208.0,0.117,6.48
63655.0,-86.0,4517.0,-0.117,6.48
63661.0,-144.0,4424.0,0.05,6.48
63666.0,206.0,4266.0,0.433,7.21
63671.0,-15.0,4499.0,-0.017,6.72
63676.0,-255.0,4311.0,0.117,6.48
63682.0,-157.0,4227.0,-0.017,6.23
63686.0,-182.0,4318.0,-0.283,7.21
63691.0,-144.0,4309.0,0.158,6.23
63697.0,-104.0,4265.0,0.058,6.48
63702.0,-99.0,4200.0,-0.042,6.48
63708.0,61.0,4192.0,0.167,6.23
63713.0,-69.0,4014.0,-0.083,6.23
63718.0,-290.0,4091.0,0.033,6.72
63723.0,44.0,3985.0,0.083,6.23
63729.0,-288.0,4151.0,0.042,6.48
63733.0,-317.0,4224.0,0.058,6.96
63739.0,-95.0,4072.0,0.017,6.48
63745.0,259.0,4304.0,-0.042,6.48
63750.0,64.0,4249.0,0.042,6.48
63755.0,-38.0,4227.0,-0.058,6.96
63760.0,108.0,3783.0,0.0,6.48
63765.0,-121.0,4116.0,0.108,6.72
63770.0,215.0,4327.0,0.042,6.72
63775.0,55.0,4393.0,0.042,6.48
63780.0,198.0,3962.0,0.133,6.23
63785.0,-178.0,4052.0,0.05,6.48
63792.0,-42.0,4116.0,0.067,6.48
63796.0,255.0,3809.0,0.042,6.72
63802.0,-413.0,4221.0,0.05,6.48
63807.0,-179.0,4095.0,0.067,6.48
63812.0,154.0,4222.0,0.133,6.72
63817.0,216.0,4194.0,0.033,6.72
63823.0,42.0,4238.0,-0.05,6.72
63828.0,-314.0,4442.0,-0.042,6.48
63834.0,-293.0,4707.0,0.075,6.48
63839.0,-401.0,4465.0,-0.058,6.72
63845.0,1.0,4115.0,0.108,6.23
63849.0,-30.0,3844.0,-0.075,6.48
63854.0,-30.0,3974.0,0.008,6.23
63860.0,-258.0,4480.0,0.067,6.96
63864.0,-349.0,4403.0,-0.017,6.48
63870.0,95.0,4191.0,0.033,6.48
63876.0,-1.0,4649.0,0.017,6.48
63881.0,140.0,4370.0,0.083,6.96
63886.0,270.0,4496.0,-0.058,6.23
63892.0,-46.0,4428.0,0.025,6.48
63896.0,-207.0,4427.0,0.042,6.48
63902.0,115.0,4581.0,-0.058,6.48
63907.0,207.0,4299.0,0.05,6.96
63912.0,354.0,4282.0,0.083,6.48
63918.0,360.0,3982.0,-0.083,6.48
63924.0,172.0,4286.0,-0.025,6.23
63928.0,82.0,4251.0,0.017,6.72
63933.0,-191.0,3974.0,-0.05,6.48
63938.0,103.0,4188.0,-0.058,6.96
63943.0,392.0,4373.0,0.125,6.48
63948.0,-98.0,4353.0,0.075,6.48
63954.0,-140.0,4543.0,-0.075,6.72
63959.0,-109.0,4274.0,-0.025,6.96
63965.0,203.0,4344.0,-0.033,6.96
63970.0,103.0,4424.0,0.117,6.48
63975.0,-225.0,4289.0,0.033,6.23
63980.0,18.0,4588.0,-0.025,6.96
63985.0,-286.0,4046.0,0.05,6.48
63990.0,-145.0,4091.0,0.1,6.23
63995.0,-63.0,4141.0,0.0,6.96
64002.0,449.0,3883.0,0.083,6.48
64006.0,66.0,3886.0,0.017,6.72
64012.0,-60.0,3984.0,0.075,6.96
64017.0,164.0,4162.0,0.042,6.48
64022.0,-144.0,3901.0,0.033,6.96
64027.0,-123.0,3302.0,0.025,6.72
64032.0,339.0,3060.0,-0.017,6.48
64037.0,380.0,3443.0,0.0,6.23
64043.0,-78.0,3309.0,0.092,6.48
64049.0,164.0,3553.0,0.008,6.96
64053.0,-21.0,3390.0,0.108,6.96
64058.0,137.0,3508.0,0.183,6.96
64064.0,97.0,3442.0,-0.025,6.96
64069.0,-93.0,3295.0,-0.067,6.23
64073.0,26.0,2912.0,-0.025,6.23
64078.0,222.0,2943.0,-0.033,6.96
64083.0,-127.0,3070.0,0.017,5.5
64089.0,-149.0,3876.0,-0.008,6.96
64094.0,-21.0,3879.0,-0.017,6.48
64099.0,126.0,3652.0,0.033,6.23
64104.0,-284.0,4121.0,0.033,6.23
64108.0,27.0,4002.0,-0.042,6.23
64114.0,-229.0,4440.0,0.067,6.48
64119.0,-491.0,4807.0,0.133,6.72
64123.0,-144.0,5222.0,0.183,6.48
64130.0,148.0,5572.0,0.108,6.23
64134.0,69.0,5515.0,0.075,6.48
64140.0,-359.0,6043.0,0.067,6.48
64145.0,141.0,5737.0,-0.158,6.48
64150.0,156.0,5634.0,0.0,6.96
64155.0,-366.0,5126.0,0.075,6.23
64161.0,-112.0,5254.0,-0.083,6.72
64166.0,-130.0,5355.0,0.1,6.72
64171.0,-151.0,4934.0,-0.167,6.96
64176.0,7.0,4625.0,-0.008,6.23
64181.0,234.0,4370.0,0.05,6.72
64186.0,-80.0,4242.0,0.275,6.48
64191.0,-170.0,4403.0,-0.008,7.21
64196.0,-67.0,4715.0,0.217,6.23
64202.0,173.0,4693.0,-0.167,6.23
64207.0,-229.0,4688.0,-0.15,6.72
64211.0,204.0,4319.0,0.167,6.23
64217.0,-30.0,4378.0,-0.075,6.72
64222.0,-87.0,4503.0,0.075,6.48
64227.0,31.0,4405.0,-0.042,6.23
64232.0,79.0,4814.0,-0.017,6.23
64237.0,6.0,4462.0,0.058,6.23
64242.0,0.0,4788.0,0.042,6.23
64247.0,-262.0,4579.0,-0.1,6.23
64252.0,-249.0,4535.0,0.217,6.72
64259.0,-27.0,4671.0,0.05,6.48
64264.0,211.0,4618.0,0.017,6.48
64268.0,-74.0,4811.0,0.167,6.96
64273.0,122.0,4694.0,-0.075,6.23
64278.0,307.0,4527.0,0.033,6.23
64283.0,-187.0,4743.0,0.117,6.23
64288.0,41.0,4798.0,-0.025,6.96
64293.0,-110.0,4803.0,0.05,6.48
64299.0,332.0,4956.0,0.033,6.23
64303.0,131.0,5143.0,-0.033,6.48
64309.0,-133.0,5199.0,0.075,6.96
64314.0,431.0,5404.0,-0.05,6.48
64318.0,-294.0,5621.0,-0.017,6.96
64324.0,-172.0,5557.0,0.15,6.23
64329.0,160.0,5040.0,-0.008,6.48
64334.0,159.0,5620.0,0.025,6.23
64339.0,-41.0,5228.0,0.1,6.23
64345.0,-5.0,5097.0,-0.017,6.23
64350.0,242.0,5585.0,-0.033,6.72
64356.0,-160.0,5085.0,-0.017,6.23
64361.0,138.0,4860.0,-0.067,6.23
64365.0,151.0,4515.0,-0.142,6.48
64370.0,-89.0,4208.0,0.058,6.96
64375.0,-300.0,3655.0,-0.058,6.23
64380.0,40.0,3519.0,-0.008,6.72
64386.0,174.0,3196.0,0.183,6.23
64391.0,-123.0,3175.0,-0.042,6.72
64396.0,-381.0,2808.0,-0.033,6.23
64400.0,-270.0,3393.0,0.15,6.48
64406.0,164.0,3541.0,-0.025,6.72
64411.0,-204.0,3702.0,-0.008,6.48
64415.0,-281.0,3365.0,0.108,6.23
64421.0,-211.0,3975.0,-0.1,6.96
64427.0,-365.0,4480.0,0.008,6.96
64432.0,-48.0,4160.0,-0.05,6.72
64437.0,4.0,4534.0,-0.1,6.48
64442.0,34.0,4495.0,0.0,6.96
64447.0,17.0,4355.0,0.058,6.96
64452.0,-131.0,3809.0,0.025,6.96
64457.0,127.0,3950.0,0.183,6.23
64462.0,124.0,3686.0,0.075,5.01
64468.0,206.0,4160.0,-0.067,6.48
64474.0,192.0,4363.0,0.058,6.23
64479.0,247.0,4437.0,0.067,6.23
64484.0,-93.0,4597.0,-0.067,6.72
64489.0,-357.0,4732.0,0.033,6.48
64494.0,-306.0,5051.0,-0.083,6.48
64499.0,90.0,5122.0,-0.017,6.23
64503.0,-351.0,5167.0,0.05,6.48
64509.0,123.0,5391.0,0.0,6.23
64515.0,9.0,5776.0,-0.042,6.23
64520.0,-20.0,5926.0,0.05,6.23
64525.0,-62.0,6216.0,0.033,6.96
64530.0,-62.0,6373.0,0.242,6.48
64534.0,-89.0,6528.0,-0.117,6.96
64539.0,-287.0,5349.0,0.025,6.23
64544.0,-254.0,5198.0,0.042,6.23
64549.0,79.0,5065.0,-0.05,6.48
64553.0,58.0,5158.0,0.133,6.23
64559.0,-188.0,4732.0,0.133,6.23
64564.0,28.0,4675.0,-0.017,6.48
64569.0,161.0,4633.0,-0.092,6.48
64574.0,-90.0,4572.0,0.208,6.23
64578.0,-55.0,4521.0,-0.067,6.23
64584.0,197.0,4769.0,-0.042,6.48
64589.0,-3.0,4968.0,0.075,6.23
64594.0,-42.0,5114.0,-0.083,6.48
64600.0,172.0,5166.0,0.017,6.48
64605.0,-108.0,5359.0,0.075,6.48
64610.0,147.0,4979.0,0.033,6.48
64615.0,-350.0,5010.0,0.092,6.23
64620.0,-118.0,5381.0,0.008,6.23
64625.0,39.0,5439.0,-0.075,6.48
64630.0,13.0,5204.0,-0.042,6.23
64635.0,64.0,5422.0,0.017,6.48
64640.0,-179.0,5603.0,0.008,6.48
64645.0,203.0,5908.0,0.15,6.23
64650.0,-24.0,5772.0,-0.008,6.23
64655.0,-136.0,5671.0,-0.067,6.96
64660.0,151.0,5471.0,0.008,6.23
64665.0,422.0,5366.0,-0.017,6.48
64670.0,-82.0,5571.0,0.1,6.23
64675.0,-159.0,5391.0,0.183,6.48
64680.0,259.0,5628.0,0.025,6.72
64686.0,256.0,5476.0,0.092,6.23
64690.0,-277.0,5409.0,0.017,6.23
64695.0,151.0,5328.0,-0.108,4.77
64700.0,78.0,5258.0,-0.092,6.23
64705.0,374.0,4965.0,0.0,7.21
64710.0,581.0,4358.0,0.008,6.48
64715.0,-67.0,4437.0,-0.025,6.72
64720.0,31.0,4378.0,0.033,6.48
64726.0,-34.0,3684.0,0.025,6.48
64731.0,186.0,3799.0,0.008,6.96
64736.0,161.0,4059.0,0.033,6.48
64740.0,-38.0,4204.0,-0.05,6.48
64745.0,42.0,3981.0,0.158,6.23
64750.0,87.0,2977.0,-0.058,6.96
64755.0,-183.0,3104.0,0.033,6.96
64760.0,32.0,3404.0,0.158,6.23
64765.0,563.0,3623.0,0.175,6.23
64771.0,15.0,3502.0,0.108,6.72
64776.0,176.0,3126.0,0.108,6.48
64781.0,-156.0,3189.0,-0.075,6.23
64786.0,-105.0,3479.0,-0.092,6.96
64790.0,-178.0,3372.0,0.058,6.72
64795.0,-166.0,3353.0,-0.083,6.23
64800.0,-39.0,3457.0,-0.117,6.23
64805.0,89.0,3658.0,0.042,6.23
64812.0,-207.0,3434.0,0.042,6.23
64817.0,-348.0,3486.0,0.117,6.23
64822.0,192.0,3495.0,0.092,6.48
64827.0,4.0,3324.0,0.142,6.72
64831.0,-263.0,3375.0,0.108,6.23
64836.0,-313.0,3806.0,0.175,6.48
64841.0,-134.0,4006.0,0.142,6.48
64846.0,108.0,3717.0,-0.042,6.48
64851.0,-404.0,3620.0,0.017,6.23
64857.0,-525.0,4076.0,-0.025,6.48
64862.0,171.0,4093.0,0.017,6.23
64867.0,80.0,3879.0,-0.117,6.48
64872.0,-145.0,4032.0,-0.075,6.23
64877.0,53.0,4599.0,-0.05,6.72
64882.0,190.0,4143.0,0.008,6.72
64887.0,-166.0,4248.0,0.05,6.48
64892.0,-170.0,4632.0,-0.033,6.23
64898.0,-87.0,4700.0,0.042,6.48
64903.0,-5.0,4519.0,0.108,6.48
64908.0,-295.0,4795.0,0.133,6.23
64913.0,138.0,4525.0,0.058,6.48
64918.0,-66.0,4340.0,-0.008,6.48
64924.0,-52.0,4796.0,0.042,6.23
64929.0,-61.0,4906.0,0.083,6.96
64934.0,-201.0,4921.0,-0.017,6.48
64940.0,-217.0,5020.0,-0.017,4.52
64944.0,-122.0,5007.0,-0.1,6.23
64949.0,248.0,5112.0,0.033,6.48
64954.0,-123.0,5186.0,-0.058,6.48
64959.0,-310.0,5061.0,0.1,6.48
64964.0,-320.0,5545.0,0.033,6.96
64969.0,37.0,5393.0,0.075,6.72
64974.0,-105.0,5206.0,0.133,6.48
64980.0,101.0,5334.0,0.092,6.48
64986.0,166.0,5684.0,0.058,6.48
64991.0,-140.0,5645.0,0.142,6.48
64996.0,-614.0,5533.0,0.033,6.48
65001.0,-307.0,5373.0,0.058,6.96
65006.0,-180.0,5588.0,-0.033,6.48
65011.0,332.0,5352.0,0.025,6.23
65016.0,159.0,5399.0,0.008,6.23
65021.0,-189.0,5588.0,-0.008,6.23
65027.0,-338.0,4996.0,0.067,6.48
65031.0,43.0,5301.0,0.008,6.96
65037.0,-267.0,5181.0,-0.017,6.48
65042.0,-54.0,5427.0,0.067,7.45
65047.0,146.0,5536.0,-0.092,6.48
65052.0,-170.0,4988.0,0.017,6.72
65057.0,-53.0,4752.0,0.058,6.72
65062.0,-56.0,4441.0,0.075,6.48
65068.0,-63.0,4671.0,0.067,6.48
65072.0,258.0,4560.0,0.183,6.48
65078.0,-70.0,4638.0,0.0,6.23
65083.0,-197.0,4524.0,0.033,6.48
65087.0,52.0,4671.0,0.083,6.23
65092.0,-179.0,4353.0,-0.008,6.72
65097.0,340.0,4312.0,0.0,6.23
65102.0,94.0,4568.0,-0.05,6.72
65107.0,-267.0,4235.0,0.067,6.48
65113.0,-201.0,4432.0,-0.092,6.72
65118.0,-20.0,4604.0,0.033,6.48
65122.0,-269.0,4593.0,0.075,6.96
65128.0,163.0,4515.0,-0.025,6.48
65133.0,238.0,4565.0,-0.025,6.48
65137.0,-471.0,4466.0,0.075,6.48
65143.0,-423.0,4362.0,0.0,6.23
65147.0,-334.0,4487.0,-0.008,6.96
65153.0,100.0,4550.0,0.092,6.48
65158.0,-347.0,4752.0,0.108,6.48
65163.0,-140.0,4447.0,0.075,6.23
65168.0,-216.0,4195.0,0.008,6.96
65173.0,-143.0,4428.0,0.1,6.48
65178.0,-183.0,4829.0,0.075,6.48
65183.0,14.0,4293.0,0.05,6.48
65187.0,-483.0,4562.0,0.017,6.48
65193.0,-223.0,4084.0,0.025,6.23
65198.0,-156.0,4241.0,-0.008,6.48
65203.0,258.0,4296.0,0.075,6.72
65208.0,165.0,3830.0,0.05,6.72
65213.0,-272.0,4205.0,-0.058,6.23
65218.0,-8.0,4649.0,0.058,6.96
65223.0,-13.0,4532.0,0.058,6.48
65228.0,-31.0,3947.0,0.058,6.96
65233.0,22.0,4485.0,0.075,6.23
65238.0,61.0,4168.0,-0.033,6.23
65243.0,-147.0,4048.0,0.025,6.96
65248.0,-74.0,4183.0,0.075,6.48
65253.0,-248.0,4104.0,0.1,6.48
65258.0,-89.0,4272.0,0.05,6.23
65263.0,216.0,4269.0,0.017,6.48
65268.0,-32.0,4343.0,-0.025,7.21
65272.0,85.0,4162.0,0.025,6.72
65277.0,165.0,3937.0,0.025,6.96
65283.0,-138.0,3712.0,-0.033,6.23
65288.0,134.0,3835.0,0.008,6.23
65293.0,-140.0,3483.0,0.067,6.48
65298.0,99.0,3670.0,0.042,6.48
65303.0,-643.0,3075.0,0.008,6.96
65308.0,-532.0,3481.0,0.058,6.23
65313.0,87.0,3326.0,0.108,6.23
65318.0,-189.0,2864.0,0.0,6.48
65323.0,-292.0,2951.0,0.017,6.96
65328.0,92.0,2618.0,-0.008,6.48
65333.0,119.0,2567.0,0.092,6.48
65338.0,19.0,2596.0,0.075,6.48
65343.0,-343.0,2516.0,0.008,6.96
65348.0,262.0,2887.0,-0.042,6.48
65353.0,-34.0,2546.0,0.025,6.23
65358.0,32.0,2994.0,0.142,6.48
65363.0,135.0,3113.0,0.067,6.48
65369.0,-63.0,3189.0,0.017,6.96
65375.0,-75.0,3401.0,0.042,6.72
65379.0,-104.0,3094.0,0.142,6.48
65385.0,-274.0,3308.0,0.008,6.48
65390.0,-84.0,3488.0,0.042,6.23
65395.0,-109.0,3785.0,0.042,6.48
65400.0,-587.0,3919.0,-0.058,6.23
65406.0,-121.0,4129.0,0.017,7.21
65411.0,-130.0,4212.0,0.083,6.96
65416.0,-244.0,4707.0,0.008,6.48
65422.0,64.0,5307.0,0.033,6.96
65426.0,-213.0,5198.0,0.042,6.23
65432.0,299.0,5088.0,0.025,6.48
65437.0,267.0,5286.0,0.008,6.96
65442.0,284.0,5133.0,0.017,6.23
65447.0,358.0,5097.0,-0.05,6.48
65453.0,-86.0,5543.0,0.042,7.45
65458.0,-217.0,5656.0,0.008,6.23
65463.0,1.0,5738.0,0.075,6.48
65469.0,-71.0,5448.0,0.033,6.48
65473.0,-46.0,5287.0,0.125,6.72
65479.0,-336.0,4831.0,0.042,6.23
65484.0,-140.0,4973.0,0.017,6.48
65489.0,117.0,4890.0,-0.067,6.96
65495.0,167.0,4381.0,0.042,7.21
65500.0,-187.0,4383.0,0.008,6.48
65505.0,-72.0,4148.0,-0.008,6.72
65510.0,2.0,3996.0,0.025,6.23
65515.0,-2.0,3700.0,0.017,6.72
65520.0,85.0,3753.0,0.067,6.48
65525.0,-259.0,3547.0,-0.075,6.96
65531.0,53.0,3465.0,-0.033,6.23
65536.0,208.0,3252.0,-0.058,5.5
65542.0,-162.0,2868.0,0.092,6.72
65547.0,-16.0,3254.0,-0.017,6.72
65552.0,-171.0,3409.0,-0.008,6.23
65557.0,-73.0,4051.0,0.025,6.48
65563.0,-93.0,4287.0,0.067,6.48
65567.0,-156.0,4512.0,-0.008,6.48
65573.0,66.0,4788.0,0.05,6.72
65579.0,-206.0,4910.0,-0.017,6.48
65584.0,-260.0,4974.0,0.05,6.48
65589.0,-119.0,4949.0,0.025,6.48
65594.0,171.0,4703.0,-0.042,6.48
65600.0,89.0,4169.0,-0.092,6.48
65604.0,-52.0,4050.0,0.0,6.96
65610.0,-140.0,3832.0,0.075,6.72
65615.0,58.0,3688.0,0.125,6.72
65620.0,141.0,3645.0,0.033,6.72
65626.0,143.0,3733.0,0.067,6.23
65632.0,-123.0,3757.0,0.092,6.72
65636.0,-96.0,4078.0,0.008,6.72
65642.0,-16.0,4306.0,-0.008,6.48
65647.0,8.0,4550.0,-0.033,6.96
65651.0,59.0,4607.0,0.05,6.48
65657.0,-163.0,5053.0,0.008,6.48
65662.0,-113.0,4363.0,-0.083,6.23
65668.0,196.0,4204.0,-0.108,6.23
65673.0,-118.0,4474.0,-0.067,6.48
65679.0,-74.0,4034.0,0.042,6.48
65683.0,-115.0,3867.0,0.033,6.96
65688.0,-192.0,3545.0,0.067,6.23
65694.0,18.0,3517.0,0.058,6.96
65698.0,-5.0,3680.0,0.092,6.96
65704.0,-167.0,3714.0,0.0,6.23
65710.0,3.0,4412.0,0.067,6.48
65714.0,72.0,4357.0,-0.05,6.48
65720.0,-144.0,4463.0,0.025,6.96
65725.0,64.0,4565.0,-0.117,6.48
65730.0,271.0,4656.0,-0.067,6.48
65735.0,-117.0,4654.0,-0.092,6.48
65741.0,-185.0,4278.0,-0.025,6.48
65746.0,111.0,4477.0,-0.058,6.96
65751.0,312.0,4186.0,-0.008,6.23
65757.0,124.0,3694.0,0.083,6.23
65761.0,129.0,3955.0,0.092,6.72
65767.0,-123.0,3779.0,0.1,6.48
65772.0,139.0,3731.0,0.133,6.72
65777.0,-16.0,3786.0,0.125,6.23
65782.0,-52.0,4262.0,0.058,6.48
65788.0,-34.0,4462.0,0.05,6.48
65793.0,111.0,4503.0,-0.025,6.48
65799.0,-9.0,4755.0,-0.058,6.48
65804.0,-117.0,4355.0,-0.1,6.72
65809.0,17.0,4450.0,0.058,6.48
65813.0,4.0,4151.0,0.033,6.48
65818.0,-38.0,4216.0,0.008,6.23
65823.0,-143.0,3961.0,0.0,6.23
65828.0,183.0,3531.0,0.058,6.48
65833.0,194.0,3958.0,0.117,6.96
65839.0,-398.0,3864.0,0.108,6.48
65845.0,260.0,3600.0,0.042,6.96
65850.0,-64.0,3703.0,0.05,6.23
65854.0,-197.0,4130.0,-0.025,6.96
65860.0,-395.0,4278.0,0.033,6.23
65864.0,-112.0,4649.0,0.058,6.72
65870.0,-80.0,4819.0,-0.033,6.96
65875.0,-86.0,4661.0,-0.033,6.96
65881.0,83.0,4366.0,0.058,6.48
65886.0,-137.0,4046.0,-0.058,6.96
65892.0,57.0,4204.0,0.0,6.48
65897.0,-227.0,4185.0,0.017,6.72
65901.0,-226.0,3960.0,0.025,6.72
65906.0,18.0,3717.0,0.05,7.21
65911.0,-27.0,3794.0,0.0,6.72
65916.0,127.0,4156.0,0.033,6.96
65922.0,-87.0,4121.0,0.067,6.23
65927.0,-6.0,4307.0,0.008,7.21
65932.0,326.0,4513.0,0.042,6.48
65937.0,-72.0,4384.0,0.0,6.48
65942.0,-87.0,4308.0,0.017,6.48
65948.0,203.0,4606.0,-0.042,6.72
65953.0,7.0,4565.0,-0.05,6.72
65958.0,62.0,4169.0,-0.008,6.48
65964.0,-74.0,4331.0,0.0,6.48
65969.0,118.0,4012.0,0.042,6.72
65974.0,241.0,3766.0,0.058,6.48
65979.0,-151.0,3620.0,0.058,6.48
65984.0,137.0,3729.0,0.05,6.72
65989.0,42.0,4038.0,0.092,6.48
65994.0,-92.0,4177.0,0.092,6.96
65998.0,57.0,4328.0,0.05,6.23
66004.0,29.0,4698.0,-0.05,6.23
66010.0,115.0,4367.0,0.125,6.23
66014.0,414.0,4266.0,0.0,6.48
66019.0,-188.0,4031.0,-0.017,6.23
66024.0,123.0,4344.0,-0.05,6.48
66029.0,-15.0,4580.0,-0.008,6.48
66034.0,81.0,4263.0,-0.025,6.72
66039.0,-108.0,4301.0,0.058,6.23
66045.0,-192.0,3761.0,0.092,6.23
66051.0,-48.0,3798.0,-0.025,6.23
66055.0,-167.0,3869.0,0.008,6.23
66060.0,197.0,3594.0,0.05,7.21
66065.0,278.0,3831.0,0.142,7.21
66070.0,-554.0,4447.0,0.0,6.96
66075.0,324.0,4256.0,-0.008,6.48
66080.0,127.0,4469.0,0.017,6.48
66085.0,369.0,4565.0,0.033,6.23
66091.0,31.0,4476.0,0.008,7.7
66096.0,50.0,4370.0,0.042,6.48
66101.0,-60.0,4314.0,-0.017,6.48
66106.0,162.0,4267.0,0.025,6.72
66111.0,-47.0,3673.0,-0.017,7.21
66117.0,85.0,3827.0,0.125,6.48
66122.0,-197.0,3870.0,-0.008,6.23
66127.0,30.0,3506.0,0.05,6.48
66132.0,-226.0,4388.0,0.067,6.23
66138.0,-232.0,4189.0,-0.008,6.23
66143.0,-91.0,3976.0,0.075,6.96
66148.0,221.0,4471.0,0.017,6.72
66152.0,178.0,4008.0,0.117,6.48
66158.0,88.0,4306.0,0.067,6.23
66163.0,-250.0,4495.0,-0.033,6.72
66167.0,-145.0,4430.0,0.042,6.23
66172.0,-329.0,4467.0,0.05,7.21
66178.0,-126.0,4082.0,-0.008,6.72
66183.0,-126.0,3850.0,0.067,6.23
66188.0,-108.0,3909.0,0.033,6.48
66193.0,-189.0,3964.0,0.017,6.23
66198.0,173.0,3888.0,0.067,6.48
66203.0,-145.0,3867.0,0.042,6.48
66208.0,54.0,4213.0,0.025,6.48
66214.0,-276.0,4277.0,0.075,6.48
66220.0,-416.0,4472.0,-0.042,6.23
66225.0,-111.0,4264.0,-0.033,6.96
66230.0,-31.0,4236.0,-0.05,6.72
66235.0,-197.0,4523.0,-0.075,6.48
66240.0,-258.0,4576.0,-0.017,6.48
66245.0,80.0,3847.0,-0.067,6.72
66249.0,3.0,4248.0,0.042,6.23
66255.0,69.0,4062.0,0.0,6.96
66259.0,17.0,3907.0,0.017,6.72
66265.0,112.0,3871.0,-0.008,6.48
66271.0,-212.0,4337.0,0.075,6.48
66276.0,-154.0,4128.0,0.0,6.23
66281.0,281.0,4536.0,0.133,6.23
66286.0,-87.0,4298.0,-0.033,6.23
66291.0,-167.0,4371.0,0.15,6.48
66296.0,40.0,4656.0,0.075,6.72
66301.0,-92.0,4309.0,0.05,6.23
66306.0,-143.0,4222.0,-0.075,6.23
66312.0,119.0,4264.0,-0.117,6.23
66317.0,145.0,4147.0,-0.058,6.96
66321.0,-18.0,3984.0,0.108,6.48
66326.0,50.0,3917.0,0.025,6.48
66331.0,133.0,3704.0,-0.075,6.72
66336.0,103.0,4064.0,0.092,6.96
66341.0,-47.0,4069.0,0.175,6.96
66347.0,-256.0,3843.0,0.075,6.96
66352.0,-127.0,3984.0,-0.008,6.23
66357.0,1.0,4083.0,0.0,6.48
66362.0,-250.0,4327.0,-0.025,6.48
66367.0,-302.0,4572.0,-0.083,6.23
66372.0,-261.0,4564.0,0.042,6.48
66376.0,-80.0,4621.0,-0.025,6.48
66381.0,-12.0,4344.0,0.083,6.48
66386.0,-119.0,4576.0,0.033,6.48
66392.0,403.0,4445.0,0.025,6.48
66397.0,102.0,4485.0,-0.075,6.96
66402.0,-171.0,4444.0,-0.042,6.48
66407.0,199.0,4439.0,0.058,6.96
66412.0,288.0,4153.0,0.075,6.23
66417.0,-358.0,3750.0,0.117,6.96
66421.0,-381.0,4033.0,-0.008,6.72
66426.0,163.0,4094.0,0.008,6.48
66432.0,-259.0,3993.0,0.017,6.48
66437.0,-222.0,3879.0,0.142,6.23
66442.0,22.0,3980.0,0.05,6.48
66447.0,85.0,4085.0,0.017,6.96
66452.0,-297.0,4012.0,0.008,6.23
66457.0,-559.0,4249.0,0.025,6.23
66462.0,-364.0,3911.0,-0.008,6.23
66467.0,-28.0,4286.0,0.025,6.72
66472.0,-164.0,4407.0,0.175,6.96
66478.0,-99.0,4389.0,0.025,6.48
66483.0,95.0,4130.0,0.05,6.48
66488.0,-50.0,3942.0,0.133,6.96
66492.0,-279.0,4313.0,0.008,6.48
66497.0,-151.0,4398.0,0.125,6.48
66502.0,-218.0,4064.0,0.058,6.72
66507.0,144.0,3965.0,-0.008,6.72
66512.0,197.0,4157.0,-0.008,6.48
66518.0,432.0,4040.0,0.0,6.48
66523.0,-244.0,3997.0,-0.025,6.48
66527.0,-215.0,4102.0,0.017,6.23
66532.0,101.0,4007.0,0.017,6.23
66537.0,64.0,3879.0,-0.025,6.48
66542.0,-266.0,4154.0,-0.042,6.48
66547.0,-258.0,4227.0,-0.017,6.48
66552.0,7.0,4302.0,0.05,6.48
66557.0,-185.0,4609.0,-0.008,6.48
66563.0,-90.0,4587.0,-0.042,6.72
66568.0,-244.0,4230.0,0.117,6.48
66573.0,-260.0,4579.0,0.108,6.72
66577.0,155.0,4490.0,0.067,6.48
66582.0,-189.0,4179.0,-0.033,6.48
66587.0,-302.0,4763.0,0.0,6.48
66592.0,152.0,4746.0,-0.058,6.48
66597.0,-142.0,4225.0,0.133,6.72
66603.0,11.0,4158.0,0.0,6.48
66608.0,85.0,4479.0,-0.017,6.23
66612.0,-64.0,4221.0,0.025,6.48
66617.0,-248.0,4164.0,-0.033,6.23
66623.0,68.0,4142.0,-0.025,6.23
66628.0,-111.0,4024.0,0.067,6.72
66633.0,-75.0,3851.0,0.017,6.48
66638.0,-13.0,4072.0,0.0,6.48
66642.0,260.0,3955.0,-0.025,6.23
66648.0,-230.0,3678.0,0.008,6.72
66653.0,-373.0,4276.0,0.058,6.96
66658.0,-119.0,4087.0,0.05,6.96
66663.0,295.0,3860.0,0.025,6.48
66668.0,-24.0,3852.0,0.0,6.48
66673.0,-210.0,3865.0,0.042,6.48
66678.0,-177.0,3559.0,-0.025,6.96
66683.0,338.0,3692.0,0.0,6.72
66689.0,52.0,3599.0,0.0,6.23
66693.0,-303.0,3628.0,-0.017,6.72
66698.0,223.0,3687.0,-0.017,6.23
66703.0,322.0,3703.0,-0.067,6.23
66708.0,-320.0,3558.0,0.042,6.72
66714.0,-182.0,3582.0,0.1,6.48
66719.0,29.0,3450.0,0.0,6.48
66723.0,-232.0,3479.0,0.033,6.48
66728.0,-271.0,3195.0,-0.025,6.48
66734.0,-284.0,3308.0,0.05,6.23
66739.0,-312.0,3343.0,0.008,6.23
66743.0,-39.0,3368.0,-0.017,6.23
66748.0,-135.0,3069.0,0.1,6.96
66753.0,-328.0,3203.0,0.025,6.23
66758.0,-63.0,3004.0,0.008,6.23
66763.0,262.0,2954.0,-0.108,6.72
66767.0,-93.0,2703.0,-0.042,6.96
66774.0,83.0,3301.0,0.125,6.72
66779.0,198.0,3397.0,0.0,6.23
66784.0,-170.0,3502.0,0.083,6.72
66789.0,-288.0,3362.0,0.25,6.48
66794.0,-287.0,3474.0,0.083,6.48
66799.0,-428.0,3761.0,0.067,6.48
66804.0,-192.0,3941.0,0.083,6.23
66809.0,-105.0,4287.0,0.033,6.48
66814.0,-53.0,3894.0,-0.217,6.72
66821.0,-59.0,4064.0,-0.017,6.23
66826.0,36.0,4534.0,-0.075,6.23
66830.0,25.0,4585.0,0.008,6.72
66835.0,332.0,4557.0,0.05,6.48
66840.0,39.0,4460.0,0.042,6.48
66845.0,115.0,4644.0,0.025,6.72
66850.0,-214.0,4910.0,-0.017,6.96
66855.0,-487.0,4973.0,0.083,6.23
66861.0,-318.0,4731.0,0.05,6.48
66865.0,145.0,4700.0,0.075,6.48
66871.0,-183.0,4906.0,0.017,6.96
66876.0,160.0,4470.0,-0.05,6.96
66880.0,365.0,4721.0,0.1,6.72
66886.0,-187.0,5163.0,0.033,6.72
66890.0,-250.0,4994.0,-0.108,6.48
66895.0,-110.0,4959.0,-0.008,6.48
66900.0,1.0,4867.0,-0.008,6.23
66906.0,-184.0,4732.0,0.158,6.72
66911.0,-28.0,4854.0,-0.033,6.23
66916.0,127.0,4387.0,0.0,6.48
66920.0,253.0,5000.0,0.042,6.23
66925.0,28.0,4866.0,-0.083,6.48
66930.0,-263.0,4967.0,-0.008,6.48
66935.0,185.0,4355.0,0.067,6.23
66940.0,248.0,4358.0,0.108,6.48
66946.0,124.0,4365.0,-0.05,6.23
66951.0,83.0,3439.0,-0.1,6.72
66956.0,-132.0,2266.0,-0.125,6.96
66961.0,-184.0,-19504.0,-1.225,7.21
66966.0,-169.0,-37011.0,-2.183,6.96
66971.0,-75.0,-96372.0,-3.383,6.96
66976.0,-83.0,-181116.0,-3.95,6.72
66981.0,8.0,-216983.0,-3.675,6.23
66987.0,-460.0,-293914.0,-2.742,6.23
66992.0,-289.0,-372364.0,-2.642,6.23
66997.0,-34.0,-405203.0,-2.658,6.48
67002.0,90.0,-436355.0,-3.133,6.23
67007.0,-31.0,-455433.0,-3.092,6.23
67012.0,194.0,-461874.0,-3.125,6.23
67017.0,-540.0,-479602.0,-2.867,6.23
67022.0,-361.0,-513020.0,-2.95,5.99
67027.0,-130.0,-536289.0,-3.142,6.48
67034.0,80.0,-594795.0,-3.725,6.23
67039.0,-361.0,-665467.0,-3.833,6.72
67043.0,146.0,-689820.0,-3.683,6.48
67049.0,-56.0,-687482.0,-3.192,6.96
67054.0,-25.0,-669252.0,-2.692,6.72
67059.0,94.0,-663233.0,-2.767,6.23
67064.0,110.0,-664457.0,-3.2,6.23
67069.0,103.0,-679221.0,-3.333,6.72
67075.0,-268.0,-688094.0,-3.408,6.23
67080.0,46.0,-708750.0,-3.4,5.25
67086.0,103.0,-725672.0,-3.142,6.23
67090.0,132.0,-731177.0,-2.983,6.96
67096.0,-118.0,-739633.0,-2.783,6.23
67101.0,-61.0,-746517.0,-2.933,6.23
67105.0,-218.0,-752042.0,-3.15,6.72
67111.0,-386.0,-764996.0,-3.25,6.23
67117.0,-49.0,-781006.0,-3.175,6.96
67122.0,-272.0,-788411.0,-3.042,6.23
67127.0,-182.0,-799413.0,-2.95,6.23
67132.0,-361.0,-802794.0,-2.958,6.23
67137.0,-20.0,-807023.0,-2.967,6.23
67142.0,176.0,-810577.0,-3.092,6.23
67147.0,67.0,-812762.0,-3.017,6.96
67152.0,297.0,-816273.0,-3.008,6.48
67158.0,141.0,-823629.0,-2.9,6.23
67163.0,-330.0,-825356.0,-2.908,6.23
67168.0,-158.0,-826389.0,-2.808,6.48
67174.0,-218.0,-827873.0,-2.775,6.23
67178.0,-69.0,-828900.0,-2.742,6.23
67184.0,-75.0,-829458.0,-2.708,6.72
67189.0,-15.0,-827798.0,-2.367,6.23
67194.0,58.0,-827395.0,-2.05,6.23
67200.0,18.0,-826000.0,-1.533,6.72
67206.0,-92.0,-822986.0,-2.15,6.48
67210.0,-211.0,-821263.0,-2.258,6.48
67215.0,-119.0,-818468.0,-2.133,6.23
67221.0,85.0,-815602.0,-1.8,5.99
67225.0,156.0,-814061.0,-1.375,6.72
67231.0,150.0,-811148.0,-1.058,6.23
67236.0,-184.0,-807506.0,-1.442,6.23
67241.0,-413.0,-805071.0,-1.758,6.48
67247.0,127.0,-800386.0,-1.325,6.23
67252.0,-101.0,-794838.0,-0.708,5.99
67257.0,-188.0,-791713.0,-1.017,5.99
67262.0,56.0,-786260.0,-1.417,6.23
67268.0,-266.0,-780950.0,-1.308,6.23
67272.0,-49.0,-779029.0,-0.992,5.99
67277.0,-97.0,-774918.0,-1.4,6.48
67283.0,-35.0,-771962.0,-0.858,6.48
67288.0,-290.0,-770185.0,-0.525,6.23
67294.0,-42.0,-768796.0,-0.683,6.72
67299.0,360.0,-764530.0,-1.308,5.99
67304.0,-43.0,-763083.0,-0.75,6.23
67309.0,-361.0,-761701.0,-0.375,6.48
67315.0,49.0,-761773.0,-0.65,5.99
67320.0,-87.0,-761979.0,-1.017,6.23
67325.0,98.0,-761758.0,-0.458,5.5
67331.0,30.0,-762378.0,-0.258,5.99
67337.0,112.0,-763128.0,-0.517,6.72
67342.0,-31.0,-763301.0,0.35,6.96
67347.0,-21.0,-763826.0,0.258,5.99
67352.0,255.0,-766138.0,-0.5,5.99
67357.0,-202.0,-767125.0,-0.525,6.48
67362.0,-188.0,-768777.0,0.3,5.99
67368.0,168.0,-768945.0,0.667,5.99
67374.0,160.0,-768699.0,0.158,5.99
67379.0,-3.0,-768126.0,-0.142,6.23
67384.0,-235.0,-766502.0,0.475,5.99
67390.0,43.0,-765144.0,0.375,5.74
67395.0,-60.0,-763949.0,0.267,6.72
67399.0,-83.0,-762172.0,0.483,5.99
67405.0,-373.0,-757748.0,0.483,5.99
67409.0,-248.0,-756409.0,0.35,5.99
67416.0,12.0,-753593.0,0.433,5.99
67421.0,-204.0,-749713.0,0.442,6.48
67426.0,85.0,-747884.0,0.325,7.45
67431.0,286.0,-744840.0,0.4,5.74
67437.0,-344.0,-741416.0,0.475,5.99
67441.0,-425.0,-739733.0,0.292,5.74
67446.0,46.0,-735943.0,0.392,6.72
67452.0,-152.0,-733375.0,0.408,5.99
67458.0,41.0,-731274.0,0.358,5.99
67463.0,-55.0,-728388.0,0.425,6.48
67469.0,-189.0,-724090.0,0.408,6.23
67474.0,35.0,-721202.0,0.483,5.99
67479.0,174.0,-719839.0,0.5,6.48
67484.0,-202.0,-718613.0,0.492,6.23
67490.0,-230.0,-717627.0,0.558,5.99
67495.0,-386.0,-717490.0,0.533,5.99
67501.0,-179.0,-717545.0,0.542,5.99
67506.0,139.0,-717777.0,0.642,6.23
67511.0,-189.0,-718220.0,0.492,6.72
67516.0,-204.0,-719145.0,0.633,6.48
67521.0,-60.0,-719059.0,0.567,6.48
67526.0,-242.0,-719080.0,0.575,5.99
67531.0,-177.0,-719237.0,0.675,5.99
67537.0,-55.0,-717653.0,0.508,6.72
67543.0,-53.0,-716992.0,0.617,5.99
67547.0,-310.0,-714203.0,0.533,6.23
67553.0,106.0,-711373.0,0.533,6.48
67558.0,-30.0,-709528.0,0.625,5.99
67563.0,117.0,-705531.0,0.533,5.99
67568.0,-505.0,-701093.0,0.55,5.99
67573.0,-78.0,-698952.0,0.492,6.72
67578.0,15.0,-694000.0,0.558,5.99
67584.0,-171.0,-689232.0,0.508,5.99
67589.0,-378.0,-687121.0,0.55,5.99
67594.0,-93.0,-682809.0,0.517,5.99
67600.0,-27.0,-678671.0,0.583,6.72
67604.0,-272.0,-678000.0,0.45,5.99
67610.0,146.0,-677068.0,0.508,6.23
67615.0,186.0,-676714.0,0.508,6.48
67620.0,-68.0,-676493.0,0.558,6.23
67625.0,143.0,-675892.0,0.458,6.23
67632.0,119.0,-675472.0,0.517,6.23
67637.0,-351.0,-675715.0,0.45,5.99
67641.0,-470.0,-675726.0,0.492,5.99
67647.0,70.0,-676306.0,0.533,5.99
67652.0,-146.0,-676257.0,0.517,6.23
67657.0,-277.0,-676786.0,0.683,6.23
67662.0,153.0,-678214.0,0.583,6.72
67667.0,-155.0,-678845.0,0.458,6.23
67673.0,-250.0,-679660.0,0.575,5.99
67678.0,-68.0,-680798.0,0.592,6.23
67683.0,-170.0,-681051.0,0.467,6.23
67688.0,-109.0,-682464.0,0.617,6.23
67694.0,-207.0,-683546.0,0.467,6.23
67699.0,233.0,-684325.0,0.492,6.23
67703.0,48.0,-685496.0,0.483,6.23
67709.0,32.0,-685910.0,0.475,6.23
67715.0,-114.0,-685587.0,0.458,6.48
67720.0,-17.0,-686246.0,0.558,6.23
67725.0,-141.0,-686850.0,0.425,6.23
67730.0,-109.0,-686645.0,0.5,6.72
67735.0,216.0,-686010.0,0.433,5.99
67740.0,-126.0,-684744.0,0.508,6.48
67746.0,-68.0,-684393.0,0.567,6.72
67750.0,-103.0,-683492.0,0.417,6.23
67757.0,-53.0,-683778.0,0.467,6.23
67762.0,-341.0,-683477.0,0.517,6.23
67766.0,-302.0,-683628.0,0.458,6.23
67772.0,-164.0,-683588.0,0.483,6.23
67777.0,-22.0,-683745.0,0.458,6.23
67782.0,-347.0,-683417.0,0.458,6.72
67788.0,-559.0,-684295.0,0.458,6.23
67793.0,255.0,-684142.0,0.475,6.23
67798.0,-120.0,-682995.0,0.408,6.23
67804.0,-478.0,-681237.0,0.4,5.99
67809.0,-20.0,-679826.0,0.467,6.23
67814.0,79.0,-677045.0,0.35,6.23
67819.0,89.0,-672981.0,0.392,6.23
67824.0,-207.0,-670506.0,0.392,6.23
67829.0,86.0,-665325.0,0.408,5.99
67834.0,-34.0,-659179.0,0.358,6.72
67840.0,-178.0,-656128.0,0.267,6.23
67845.0,71.0,-650355.0,0.258,5.99
67851.0,23.0,-643275.0,0.383,6.23
67856.0,-35.0,-639642.0,0.242,6.72
67861.0,198.0,-632510.0,0.242,6.23
67866.0,-80.0,-625198.0,0.192,6.23
67871.0,-156.0,-621769.0,0.233,6.23
67876.0,-201.0,-614400.0,0.258,6.23
67881.0,-323.0,-607590.0,0.025,6.23
67888.0,-479.0,-604105.0,0.167,6.96
67892.0,-374.0,-597680.0,0.133,6.23
67898.0,234.0,-591730.0,0.125,6.23
67903.0,-38.0,-589169.0,0.108,6.23
67907.0,57.0,-584980.0,0.167,6.23
67913.0,-61.0,-580718.0,0.067,6.72
67918.0,-85.0,-578935.0,-0.05,6.96
67923.0,-4.0,-576082.0,0.0,6.23
67929.0,-254.0,-573536.0,0.067,5.5
67934.0,-206.0,-572457.0,-0.025,6.96
67939.0,-479.0,-570990.0,0.033,6.48
67944.0,-119.0,-568382.0,0.075,6.48
67949.0,33.0,-567291.0,0.0,6.23
67954.0,120.0,-565727.0,0.075,6.96
67960.0,2.0,-564791.0,-0.092,6.48
67965.0,-126.0,-564394.0,0.133,6.48
67971.0,-45.0,-563231.0,0.117,6.23
67976.0,169.0,-562821.0,0.175,6.48
67981.0,-477.0,-562274.0,0.092,6.48
67986.0,-192.0,-561381.0,0.025,6.72
67991.0,-152.0,-560961.0,0.025,6.48
67997.0,260.0,-560456.0,0.058,6.48
68001.0,-209.0,-559943.0,0.042,7.21
68007.0,71.0,-559693.0,0.017,6.48
68013.0,1.0,-559550.0,0.0,6.48
68017.0,-266.0,-559091.0,0.083,6.23
68023.0,-364.0,-558539.0,0.05,6.48
68028.0,156.0,-558216.0,0.1,6.96
68033.0,93.0,-558030.0,0.083,6.23
68038.0,-610.0,-557767.0,-0.008,6.48
68043.0,-112.0,-557290.0,-0.067,6.23
68048.0,13.0,-556490.0,-0.083,6.48
68054.0,-277.0,-556353.0,-0.008,6.48
68059.0,99.0,-556372.0,-0.117,6.72
68064.0,234.0,-556832.0,-0.017,6.23
68069.0,50.0,-556479.0,0.158,6.23
68074.0,-147.0,-556018.0,0.092,6.48
68078.0,-16.0,-555763.0,0.117,6.48
68083.0,-74.0,-555256.0,0.058,6.48
68088.0,-163.0,-555134.0,-0.1,6.48
68094.0,-79.0,-555009.0,-0.05,6.48
68099.0,-70.0,-554812.0,-0.033,6.96
68104.0,-191.0,-554723.0,0.133,6.48
68109.0,-189.0,-554184.0,-0.025,6.23
68114.0,-128.0,-553954.0,-0.075,6.23
68119.0,-8.0,-553595.0,-0.042,7.45
68124.0,-47.0,-553104.0,0.008,6.23
68128.0,-68.0,-553133.0,0.067,6.96
68133.0,-58.0,-552640.0,0.092,6.48
68139.0,-207.0,-552202.0,0.117,6.96
68144.0,-271.0,-552099.0,0.025,6.72
68149.0,-156.0,-552002.0,0.083,6.96
68154.0,-167.0,-551877.0,0.125,6.23
68159.0,-89.0,-551054.0,0.067,6.23
68164.0,-282.0,-550554.0,0.025,6.23
68169.0,-62.0,-550263.0,0.025,6.48
68174.0,72.0,-550086.0,-0.067,6.72
68179.0,-13.0,-549244.0,-0.083,6.72
68185.0,-193.0,-549171.0,0.017,6.72
68190.0,-214.0,-549206.0,-0.008,7.21
68194.0,23.0,-549091.0,0.067,6.48
68199.0,-519.0,-548494.0,-0.033,6.48
68205.0,-350.0,-548376.0,0.042,6.72
68210.0,-158.0,-548441.0,0.075,6.48
68215.0,72.0,-548078.0,0.058,6.48
68220.0,-135.0,-547852.0,0.108,6.48
68226.0,61.0,-547655.0,0.017,6.72
68231.0,69.0,-547578.0,0.058,6.72
68236.0,-272.0,-547488.0,0.0,6.48
68241.0,-22.0,-547439.0,0.092,5.74
68246.0,245.0,-547281.0,-0.033,6.48
68251.0,198.0,-547090.0,0.075,6.96
68256.0,-124.0,-546983.0,0.083,6.23
68261.0,-109.0,-546509.0,0.0,6.48
68267.0,5.0,-546784.0,0.05,6.48
68272.0,-127.0,-546037.0,0.108,6.48
68277.0,-240.0,-546495.0,0.05,6.48
68282.0,-260.0,-546218.0,0.075,6.48
68287.0,14.0,-546203.0,0.033,6.48
68292.0,-9.0,-545759.0,0.05,6.48
68297.0,59.0,-545712.0,-0.025,7.21
68302.0,-5.0,-545801.0,0.133,6.48
68307.0,-18.0,-545695.0,0.075,6.48
68313.0,30.0,-545234.0,0.067,6.96
68319.0,75.0,-545378.0,0.025,6.48
68323.0,-68.0,-545293.0,0.008,6.48
68328.0,-356.0,-545432.0,0.058,6.48
68333.0,-313.0,-545154.0,-0.033,6.48
68338.0,-254.0,-544693.0,0.1,6.48
68343.0,-248.0,-544599.0,0.108,6.23
68349.0,9.0,-544335.0,0.025,6.48
68355.0,153.0,-544356.0,0.075,6.23
68360.0,-163.0,-544757.0,0.083,6.48
68365.0,46.0,-543959.0,0.042,6.96
68370.0,-108.0,-544008.0,0.075,6.96
68375.0,-226.0,-543827.0,0.033,6.72
68380.0,-57.0,-543959.0,0.008,5.74
68385.0,-445.0,-543608.0,-0.058,6.72
68390.0,169.0,-543301.0,-0.017,6.72
68396.0,52.0,-543333.0,-0.017,6.72
68401.0,336.0,-543166.0,-0.075,6.72
68407.0,28.0,-543112.0,0.042,6.48
68412.0,93.0,-542696.0,0.033,6.23
68416.0,-18.0,-542855.0,0.075,7.21
68422.0,-244.0,-542637.0,0.008,6.23
68427.0,7.0,-542297.0,0.017,6.96
68432.0,-62.0,-542342.0,0.025,6.72
68438.0,38.0,-542072.0,0.05,7.21
68443.0,335.0,-541930.0,0.35,6.23
68448.0,-49.0,-541845.0,-0.342,6.23
68453.0,-123.0,-541938.0,0.117,6.48
68458.0,6.0,-541166.0,-0.017,6.48
68463.0,-112.0,-541071.0,-0.092,6.48
68469.0,-258.0,-541775.0,0.05,6.48
68474.0,-103.0,-541127.0,-0.067,6.23
68480.0,-560.0,-541132.0,0.125,6.48
68485.0,-356.0,-541080.0,-0.017,6.23
68490.0,-155.0,-540482.0,-0.075,6.48
68495.0,-192.0,-540555.0,0.017,6.23
68501.0,68.0,-540699.0,0.05,6.23
68506.0,-97.0,-540215.0,0.067,6.23
68510.0,-358.0,-540086.0,0.033,6.23
68516.0,-70.0,-540048.0,-0.058,6.23
68521.0,-119.0,-539904.0,0.033,6.23
68526.0,-152.0,-539923.0,-0.017,6.23
68532.0,46.0,-539943.0,-0.008,6.96
68537.0,-305.0,-539495.0,0.05,6.23
68542.0,100.0,-539064.0,0.0,7.45
68547.0,-178.0,-539138.0,-0.017,6.72
68552.0,39.0,-538662.0,0.058,6.23
68557.0,340.0,-538229.0,-0.033,6.48
68562.0,8.0,-538401.0,0.058,6.72
68568.0,-83.0,-538220.0,-0.092,6.96
68573.0,-135.0,-537909.0,-0.017,6.23
68578.0,112.0,-538483.0,0.075,6.23
68583.0,-587.0,-538266.0,-0.092,6.48
68588.0,5.0,-537806.0,-0.025,6.72
68593.0,-170.0,-537722.0,-0.025,6.48
68598.0,53.0,-537865.0,0.092,6.72
68603.0,9.0,-537277.0,0.1,6.48
68609.0,-64.0,-537071.0,0.108,6.48
68614.0,-69.0,-537212.0,0.042,6.48
68619.0,-259.0,-537306.0,0.0,6.48
68624.0,40.0,-537243.0,-0.017,6.48
68629.0,248.0,-537028.0,0.042,6.48
68635.0,-120.0,-536546.0,-0.05,7.21
68639.0,61.0,-536683.0,-0.017,6.48
68644.0,1.0,-536626.0,-0.017,6.72
68649.0,-204.0,-536712.0,0.05,6.48
68655.0,-189.0,-536433.0,-0.017,6.96
68661.0,-203.0,-536105.0,0.042,6.48
68666.0,-200.0,-536265.0,0.0,6.23
68670.0,-51.0,-536634.0,-0.1,6.23
68676.0,241.0,-536842.0,0.083,6.48
68681.0,208.0,-536882.0,0.008,6.23
68686.0,201.0,-536865.0,0.142,6.48
68691.0,-33.0,-536465.0,-0.108,6.23
68697.0,108.0,-536465.0,0.067,6.96
68702.0,-53.0,-536668.0,0.042,6.23
68707.0,125.0,-536862.0,0.092,6.72
68712.0,-188.0,-536528.0,0.033,6.48
68717.0,-103.0,-535901.0,0.042,6.96
68723.0,-175.0,-536037.0,0.0,6.48
68727.0,-66.0,-536030.0,0.042,6.23
68732.0,124.0,-535559.0,-0.042,6.48
68739.0,-6.0,-535485.0,-0.083,6.23
68743.0,93.0,-535554.0,-0.033,6.23
68748.0,-1.0,-535657.0,0.033,6.72
68754.0,-103.0,-535601.0,0.067,6.48
68758.0,96.0,-535666.0,0.075,6.23
68764.0,40.0,-535685.0,0.092,6.23
68769.0,-32.0,-535583.0,0.167,6.48
68774.0,-21.0,-535270.0,0.175,6.48
68780.0,3.0,-535313.0,0.042,6.96
68784.0,58.0,-535084.0,0.058,6.23
68789.0,254.0,-534627.0,0.092,6.96
68795.0,-30.0,-534333.0,0.075,6.48
68799.0,-185.0,-534090.0,0.083,6.72
68805.0,-265.0,-534073.0,0.033,6.72
68810.0,-65.0,-533907.0,0.017,6.48
68815.0,-122.0,-533660.0,0.0,6.48
68820.0,-408.0,-533371.0,0.008,6.48
68826.0,90.0,-533059.0,0.017,6.48
68831.0,-93.0,-533272.0,0.0,6.23
68836.0,1.0,-532997.0,0.05,6.48
68841.0,233.0,-533061.0,0.025,6.48
68846.0,12.0,-532834.0,0.133,6.23
68851.0,50.0,-532702.0,0.017,6.23
68857.0,-156.0,-532746.0,-0.017,6.72
68862.0,-141.0,-532409.0,0.033,6.72
68868.0,-159.0,-532274.0,0.092,6.48
68873.0,5.0,-531342.0,0.05,6.48
68878.0,104.0,-531515.0,0.017,6.48
68883.0,330.0,-531422.0,-0.033,6.48
68888.0,32.0,-530770.0,0.025,6.48
68893.0,61.0,-530909.0,-0.033,6.72
68898.0,-135.0,-531068.0,-0.092,6.72
68904.0,361.0,-530766.0,-0.008,6.48
68909.0,122.0,-530653.0,-0.042,6.48
68914.0,98.0,-530534.0,-0.008,6.48
68920.0,184.0,-531032.0,0.133,6.23
68924.0,313.0,-530825.0,0.075,6.48
68930.0,-53.0,-530800.0,0.058,6.72
68935.0,-93.0,-530404.0,0.092,6.48
68940.0,-76.0,-530183.0,-0.058,6.96
68945.0,-300.0,-530139.0,0.158,6.72
68952.0,-96.0,-529771.0,-0.108,6.23
68956.0,-71.0,-530030.0,0.075,6.23
68961.0,36.0,-529899.0,0.1,6.48
68966.0,-87.0,-529784.0,0.017,6.23
68970.0,-236.0,-529249.0,0.108,6.23
68976.0,222.0,-529709.0,0.0,6.48
68980.0,409.0,-529636.0,-0.008,6.48
68986.0,-403.0,-529280.0,0.083,6.48
68992.0,135.0,-529524.0,0.017,6.48
68997.0,-50.0,-529469.0,0.15,6.72
69002.0,-106.0,-529134.0,0.15,6.48
69008.0,-82.0,-528792.0,0.067,6.23
69012.0,-117.0,-528651.0,-0.092,6.23
69017.0,-205.0,-528988.0,0.017,6.48
69023.0,-407.0,-528700.0,0.033,6.23
69028.0,-286.0,-528839.0,-0.025,7.21
69033.0,-192.0,-528328.0,-0.017,6.48
69039.0,-42.0,-528878.0,0.0,6.23
69044.0,-199.0,-528979.0,0.058,6.23
69049.0,-135.0,-528591.0,0.092,6.48
69055.0,-79.0,-528777.0,0.067,6.23
69060.0,123.0,-528367.0,0.05,6.48
69065.0,26.0,-528260.0,-0.017,6.96
69070.0,110.0,-528764.0,-0.025,6.23
69076.0,-232.0,-528732.0,0.0,6.72
69082.0,-317.0,-528851.0,0.008,6.48
69086.0,-82.0,-528332.0,0.067,6.48
69092.0,-290.0,-528556.0,0.133,6.48
69096.0,-439.0,-528677.0,0.058,6.48
69102.0,-93.0,-528597.0,0.1,6.96
69107.0,17.0,-528901.0,0.025,6.23
69112.0,-258.0,-529016.0,0.133,6.72
69118.0,-66.0,-528104.0,0.1,6.23
69124.0,154.0,-528192.0,0.092,6.23
69130.0,294.0,-527610.0,-0.05,6.72
69134.0,23.0,-527579.0,-0.017,6.48
69140.0,123.0,-526989.0,0.008,6.23
69145.0,1.0,-526461.0,0.017,6.23
69150.0,-136.0,-526084.0,0.025,6.72
69155.0,-31.0,-526168.0,-0.017,6.96
69160.0,-253.0,-525230.0,0.075,6.96
69166.0,-86.0,-525161.0,-0.008,6.72
69172.0,18.0,-524457.0,-0.058,6.48
69177.0,2.0,-524629.0,0.042,6.72
69182.0,-118.0,-524490.0,0.058,6.48
69187.0,-193.0,-524389.0,0.008,6.72
69192.0,45.0,-525079.0,-0.033,6.48
69197.0,229.0,-525164.0,0.075,6.72
69202.0,130.0,-525917.0,-0.05,6.72
69208.0,-322.0,-526153.0,0.108,6.48
69214.0,14.0,-526114.0,0.042,6.23
69218.0,113.0,-526479.0,-0.067,6.48
69224.0,-65.0,-526875.0,0.125,6.48
69229.0,25.0,-527082.0,0.067,6.48
69233.0,142.0,-527401.0,0.067,6.23
69239.0,-130.0,-527103.0,-0.05,6.48
69243.0,65.0,-526924.0,-0.025,6.48
69250.0,101.0,-527014.0,0.017,6.23
69256.0,-209.0,-526478.0,0.067,6.48
69261.0,211.0,-526170.0,0.042,6.72
69266.0,286.0,-525757.0,0.092,6.23
69271.0,194.0,-524891.0,0.142,6.23
69277.0,-130.0,-524539.0,-0.008,6.72
69282.0,-314.0,-524224.0,0.058,6.48
69287.0,-329.0,-524211.0,0.05,6.48
69293.0,-201.0,-524111.0,-0.008,6.48
69298.0,-93.0,-523894.0,0.05,6.23
69303.0,58.0,-523481.0,-0.008,7.21
69308.0,170.0,-523469.0,0.017,6.48
69313.0,6.0,-523794.0,0.083,6.23
69318.0,23.0,-524273.0,0.017,6.23
69323.0,125.0,-524151.0,-0.017,6.48
69329.0,43.0,-524312.0,-0.025,6.48
69334.0,-290.0,-524767.0,-0.05,6.72
69340.0,-196.0,-524839.0,0.092,6.23
69345.0,-16.0,-525178.0,0.008,6.23
69349.0,-185.0,-525015.0,0.108,6.48
69355.0,-211.0,-524923.0,0.025,6.23
69360.0,-52.0,-524730.0,0.0,6.23
69365.0,-294.0,-524894.0,0.008,6.72
69371.0,-480.0,-524308.0,0.092,6.48
69377.0,-46.0,-524631.0,0.042,6.48
69381.0,-29.0,-523686.0,-0.075,6.72
69387.0,-109.0,-523812.0,-0.042,6.72
69392.0,-147.0,-523445.0,-0.017,6.23
69396.0,-176.0,-522758.0,0.033,6.48
69402.0,-316.0,-522652.0,-0.092,6.48
69407.0,-96.0,-522633.0,-0.092,6.48
69412.0,-271.0,-522544.0,0.05,6.23
69417.0,-183.0,-522374.0,0.083,6.23
69423.0,93.0,-522289.0,0.133,7.21
69428.0,258.0,-522062.0,0.025,6.72
69433.0,-120.0,-522516.0,0.025,6.48
69439.0,-238.0,-522681.0,0.008,6.96
69443.0,-61.0,-522680.0,0.042,6.23
69449.0,-1.0,-523094.0,0.008,6.48
69454.0,137.0,-523103.0,-0.025,6.72
69459.0,18.0,-523035.0,0.042,6.48
69465.0,-96.0,-522845.0,0.017,6.96
69470.0,-118.0,-523266.0,0.058,6.48
69475.0,-173.0,-522911.0,0.025,6.48
69481.0,-343.0,-522871.0,-0.058,6.48
69486.0,-41.0,-522822.0,-0.025,6.72
69490.0,-548.0,-522425.0,0.075,6.48
69496.0,-178.0,-522005.0,-0.083,6.23
69501.0,62.0,-521756.0,0.075,6.23
69507.0,-135.0,-522157.0,0.025,6.23
69512.0,-347.0,-521571.0,0.067,6.72
69517.0,71.0,-521328.0,0.075,6.72
69522.0,88.0,-520971.0,0.042,6.48
69527.0,106.0,-520611.0,0.033,6.48
69532.0,-170.0,-520674.0,0.017,6.96
69537.0,-25.0,-520665.0,-0.042,6.48
69543.0,-13.0,-520677.0,0.042,6.23
69549.0,-329.0,-520616.0,0.117,6.48
69553.0,-178.0,-520633.0,0.008,6.48
69559.0,-118.0,-521213.0,0.092,6.48
69564.0,234.0,-520950.0,0.025,6.23
69569.0,-9.0,-521161.0,0.058,6.48
69574.0,-305.0,-521116.0,0.158,6.23
69578.0,-216.0,-521419.0,0.133,7.21
69584.0,-262.0,-521429.0,0.067,6.72
69590.0,-110.0,-521216.0,-0.025,6.72
69594.0,61.0,-520945.0,-0.025,6.96
69600.0,-201.0,-520981.0,0.05,6.96
69605.0,-599.0,-520984.0,0.05,6.72
69610.0,-332.0,-520507.0,0.008,6.48
69615.0,98.0,-520333.0,0.058,6.23
69620.0,-44.0,-520354.0,-0.033,6.96
69625.0,59.0,-519989.0,0.0,6.96
69630.0,239.0,-519587.0,-0.017,6.23
69636.0,-235.0,-519688.0,-0.025,6.48
69641.0,248.0,-519617.0,0.05,6.96
69647.0,-206.0,-519615.0,0.017,6.23
69652.0,-136.0,-519640.0,0.067,6.48
69656.0,-299.0,-519617.0,0.075,6.96
69662.0,-39.0,-519609.0,-0.025,6.23
69667.0,67.0,-519984.0,0.017,6.72
69672.0,-190.0,-519679.0,0.042,6.72
69678.0,-188.0,-519557.0,-0.033,6.96
69683.0,90.0,-519896.0,0.042,6.48
69688.0,71.0,-519419.0,0.025,6.72
69693.0,-449.0,-519727.0,0.058,6.48
69698.0,-305.0,-519720.0,-0.025,6.23
69703.0,-104.0,-519885.0,-0.033,6.72
69709.0,18.0,-519463.0,0.0,6.48
69714.0,-242.0,-519776.0,-0.033,6.23
69720.0,-159.0,-519328.0,0.042,6.48
69725.0,-245.0,-518926.0,0.008,6.23
69730.0,149.0,-518979.0,-0.008,6.48
69735.0,116.0,-518844.0,0.117,6.23
69740.0,-65.0,-518549.0,0.017,6.72
69744.0,-48.0,-518514.0,0.025,6.72
69749.0,17.0,-518505.0,0.067,6.23
69754.0,-217.0,-518182.0,0.025,6.23
69760.0,-206.0,-518398.0,-0.008,6.23
69765.0,-420.0,-518259.0,0.025,6.96
69770.0,-590.0,-517918.0,-0.025,6.48
69775.0,-25.0,-518110.0,0.008,6.96
69780.0,-3.0,-518045.0,0.05,6.48
69785.0,18.0,-518206.0,0.017,6.23
69790.0,64.0,-518104.0,0.042,6.72
69795.0,-134.0,-518243.0,0.042,6.48
69800.0,-171.0,-518274.0,-0.025,6.48
69807.0,189.0,-518222.0,0.033,6.48
69812.0,-163.0,-518335.0,0.05,6.48
69816.0,-36.0,-518372.0,0.042,6.96
69822.0,-728.0,-518094.0,0.033,6.48
69827.0,-324.0,-518197.0,0.075,6.48
69832.0,-253.0,-518056.0,-0.033,6.48
69837.0,-191.0,-517264.0,-0.008,6.23
69842.0,173.0,-517083.0,-0.05,6.96
69848.0,200.0,-517518.0,0.017,6.96
69853.0,-330.0,-517322.0,0.042,6.72
69859.0,-96.0,-517467.0,-0.058,6.48
69863.0,31.0,-517554.0,0.0,6.48
69868.0,19.0,-516845.0,0.042,6.48
69873.0,-251.0,-517184.0,0.017,6.96
69878.0,236.0,-516734.0,0.025,7.21
69883.0,-94.0,-516691.0,0.092,6.96
69889.0,-264.0,-516450.0,0.025,6.72
69895.0,-185.0,-516416.0,-0.042,6.48
69900.0,227.0,-516619.0,0.017,6.23
69905.0,43.0,-516472.0,0.025,6.48
69910.0,-48.0,-516654.0,0.017,6.72
69915.0,-134.0,-516769.0,0.008,6.48
69920.0,-340.0,-516718.0,0.017,6.72
69925.0,-69.0,-516564.0,-0.008,6.96
69931.0,-123.0,-516775.0,0.042,6.48
69936.0,-21.0,-516910.0,-0.008,6.48
69941.0,174.0,-516744.0,0.042,6.96
69946.0,-42.0,-516721.0,0.117,6.72
69951.0,89.0,-516410.0,0.008,6.48
69956.0,-6.0,-516301.0,-0.042,6.48
69960.0,273.0,-515866.0,0.017,6.48
69965.0,-162.0,-516053.0,-0.092,6.96
69970.0,-60.0,-516114.0,0.05,6.48
69976.0,-507.0,-515772.0,0.075,6.23
69981.0,-313.0,-515761.0,-0.042,6.23
69986.0,-233.0,-515436.0,-0.025,6.96
69991.0,16.0,-515274.0,0.092,6.72
69996.0,2.0,-515091.0,0.058,6.72
70001.0,-208.0,-515196.0,0.067,6.48
70006.0,-115.0,-515260.0,0.033,6.48
70011.0,255.0,-515333.0,0.0,6.48
70018.0,22.0,-515051.0,0.058,6.72
70022.0,-113.0,-515458.0,0.017,6.23
70027.0,173.0,-515219.0,0.05,6.23
70032.0,-60.0,-515249.0,0.1,6.48
70037.0,-298.0,-515360.0,-0.15,6.96
70042.0,-156.0,-515323.0,0.008,6.23
70048.0,35.0,-515517.0,0.142,6.48
70053.0,-361.0,-515504.0,0.067,6.23
70059.0,-161.0,-515475.0,0.067,6.23
70064.0,28.0,-515343.0,-0.025,6.23
70069.0,-170.0,-515566.0,-0.008,6.23
70074.0,-344.0,-514653.0,0.067,6.96
70079.0,-193.0,-514833.0,0.008,6.48
70084.0,-225.0,-514468.0,0.017,6.96
70089.0,-217.0,-514581.0,0.008,6.48
70094.0,-26.0,-514257.0,0.142,6.96
70099.0,-100.0,-514058.0,-0.033,6.72
70105.0,-346.0,-514119.0,0.058,6.48
70111.0,-331.0,-514225.0,0.042,6.23
70116.0,-49.0,-514018.0,0.017,6.48
70121.0,-535.0,-514041.0,0.083,6.23
70126.0,-396.0,-513891.0,0.025,6.96
70131.0,-170.0,-513692.0,-0.017,6.23
70136.0,-508.0,-514373.0,0.025,6.72
70141.0,-277.0,-514153.0,0.067,6.48
70147.0,-239.0,-513860.0,0.025,6.48
70152.0,101.0,-514041.0,0.025,6.23
70157.0,122.0,-514339.0,0.067,6.48
70162.0,-294.0,-514202.0,-0.025,6.48
70168.0,-298.0,-513385.0,-0.042,6.96
70173.0,-167.0,-513751.0,0.017,7.21
70178.0,-117.0,-513830.0,0.025,6.48
70183.0,-199.0,-513297.0,0.067,6.23
70189.0,-510.0,-513613.0,0.033,6.48
70194.0,-350.0,-513302.0,-0.042,6.48
70199.0,-206.0,-512713.0,0.092,6.48
70204.0,-325.0,-512823.0,-0.1,6.72
70209.0,299.0,-512734.0,-0.017,6.48
70214.0,-175.0,-512951.0,-0.033,6.48
70220.0,-232.0,-512555.0,-0.017,6.72
70224.0,-227.0,-512182.0,-0.033,6.48
70231.0,221.0,-512578.0,0.033,6.48
70236.0,-4.0,-512492.0,-0.083,6.96
70241.0,-78.0,-512423.0,0.042,6.23
70246.0,-24.0,-512763.0,0.05,6.23
70251.0,-251.0,-512597.0,0.008,6.23
70256.0,-248.0,-512712.0,0.125,6.96
70262.0,-46.0,-512864.0,0.033,6.48
70267.0,119.0,-512868.0,0.075,6.96
70272.0,-108.0,-512937.0,0.008,6.23
70278.0,-170.0,-512909.0,0.033,6.48
70283.0,-145.0,-512557.0,0.025,6.48
70288.0,-262.0,-512432.0,0.067,6.23
70293.0,42.0,-512048.0,0.092,6.23
70298.0,225.0,-512190.0,0.1,6.48
70303.0,-24.0,-511791.0,0.075,7.21
70308.0,106.0,-511955.0,0.0,6.23
70313.0,111.0,-511829.0,0.008,6.48
70319.0,-122.0,-511308.0,-0.058,6.23
70325.0,-298.0,-511194.0,-0.025,6.96
70330.0,-179.0,-511282.0,-0.017,6.23
70334.0,-26.0,-511337.0,-0.1,6.23
70340.0,-276.0,-511401.0,-0.058,6.23
70345.0,-257.0,-511347.0,0.075,6.72
70350.0,-58.0,-511238.0,0.092,6.23
70355.0,-76.0,-510852.0,-0.017,6.96
70361.0,-157.0,-511378.0,-0.017,6.72
70366.0,-340.0,-511615.0,-0.017,6.48
70371.0,6.0,-511331.0,0.125,6.72
70376.0,5.0,-511418.0,0.042,6.48
70381.0,-91.0,-511561.0,0.075,6.23
70387.0,57.0,-511167.0,0.05,6.72
70391.0,-302.0,-511162.0,-0.008,6.48
70396.0,42.0,-511029.0,0.058,6.48
70402.0,-123.0,-510953.0,-0.017,6.23
70407.0,26.0,-511066.0,0.058,6.96
70412.0,-114.0,-510544.0,0.108,6.96
70418.0,-61.0,-510710.0,0.033,6.72
70422.0,-214.0,-510723.0,0.025,6.48
70428.0,-156.0,-510419.0,0.05,6.48
70433.0,-371.0,-510211.0,0.033,6.48
70437.0,-116.0,-510296.0,0.042,6.48
70444.0,374.0,-510192.0,0.008,6.48
70449.0,241.0,-509952.0,-0.033,6.72
70454.0,-284.0,-510075.0,0.092,6.72
70459.0,134.0,-510457.0,0.075,6.23
70464.0,-411.0,-510379.0,0.058,6.96
70469.0,-294.0,-510098.0,0.058,6.48
70475.0,-156.0,-510528.0,0.008,6.48
70480.0,-63.0,-510080.0,0.025,6.48
70484.0,-68.0,-510543.0,0.1,6.48
70491.0,-96.0,-510515.0,0.025,6.48
70495.0,-209.0,-510266.0,-0.042,6.72
70500.0,-27.0,-510347.0,0.017,6.23
70506.0,-187.0,-510035.0,0.033,6.48
70511.0,-18.0,-510012.0,-0.033,6.48
70516.0,-2.0,-509915.0,0.083,6.23
70521.0,-232.0,-509505.0,0.1,6.48
70526.0,-443.0,-509738.0,0.033,6.48
70532.0,95.0,-509201.0,-0.008,6.23
70537.0,93.0,-509425.0,-0.05,6.23
70542.0,-104.0,-509070.0,-0.017,6.48
70547.0,-386.0,-509195.0,0.025,6.23
70553.0,22.0,-508723.0,0.017,6.48
70557.0,93.0,-508980.0,-0.025,6.72
70562.0,55.0,-508679.0,0.017,6.23
70568.0,-281.0,-508943.0,0.1,6.23
70573.0,-218.0,-509088.0,-0.017,6.23
70579.0,172.0,-508977.0,0.125,6.48
70584.0,-224.0,-509373.0,0.017,6.48
70589.0,-91.0,-509004.0,0.042,6.23
70594.0,63.0,-508949.0,0.083,6.23
70599.0,19.0,-509503.0,-0.017,6.96
70604.0,-48.0,-509418.0,-0.017,6.48
70609.0,-280.0,-508952.0,-0.008,6.72
70616.0,-88.0,-509060.0,0.017,6.23
70621.0,-201.0,-508885.0,0.117,6.23
70626.0,11.0,-508596.0,-0.033,6.48
70631.0,-99.0,-508238.0,0.033,6.48
70636.0,-536.0,-507875.0,0.067,6.23
70641.0,-266.0,-508164.0,0.042,6.96
70646.0,94.0,-508178.0,0.033,6.48
70651.0,-143.0,-507869.0,0.092,6.48
70657.0,-451.0,-508288.0,0.0,7.21
70663.0,1.0,-508036.0,0.017,6.23
70667.0,-56.0,-507791.0,0.0,6.23
70673.0,-258.0,-507755.0,-0.008,6.72
70678.0,36.0,-507775.0,0.017,6.96
70683.0,17.0,-508166.0,0.042,6.23
70688.0,-239.0,-508097.0,0.033,6.72
70693.0,-289.0,-508103.0,-0.042,6.48
70699.0,-180.0,-508044.0,0.0,6.48
70704.0,20.0,-507961.0,0.125,6.23
70710.0,-320.0,-507651.0,0.033,6.48
70714.0,-277.0,-507748.0,0.067,6.72
70719.0,-185.0,-507755.0,0.05,6.23
70725.0,-109.0,-507565.0,-0.025,6.96
70729.0,-126.0,-507764.0,0.108,6.23
70735.0,-348.0,-507403.0,0.05,6.48
70740.0,68.0,-507227.0,-0.042,6.23
70746.0,-21.0,-507322.0,-0.042,6.96
70751.0,97.0,-507092.0,0.05,6.23
70757.0,-229.0,-507030.0,-0.042,6.48
70762.0,-335.0,-506928.0,0.033,6.48
70767.0,34.0,-506815.0,0.05,6.23
70772.0,-162.0,-506367.0,-0.008,6.48
70778.0,98.0,-506815.0,0.05,6.23
70784.0,89.0,-506882.0,-0.008,6.72
70788.0,-22.0,-506809.0,-0.008,6.48
70793.0,147.0,-506790.0,0.108,6.72
70797.0,-100.0,-506663.0,-0.092,6.48
70803.0,-92.0,-506741.0,0.05,6.48
70808.0,-65.0,-506644.0,0.075,6.48
70813.0,-311.0,-506844.0,0.0,6.48
70819.0,-105.0,-506140.0,0.033,6.48
70823.0,106.0,-506467.0,-0.05,6.48
70829.0,86.0,-506764.0,0.017,6.48
70835.0,-484.0,-506362.0,-0.008,6.48
70839.0,-567.0,-506447.0,-0.033,6.72
70845.0,-43.0,-506313.0,0.017,6.72
70851.0,49.0,-506215.0,0.025,6.48
70856.0,-439.0,-505891.0,0.033,6.23
70861.0,-262.0,-505932.0,0.1,6.23
70866.0,-314.0,-505846.0,0.025,6.48
70873.0,-310.0,-505412.0,-0.008,6.23
70878.0,64.0,-505644.0,0.025,6.48
70883.0,143.0,-505591.0,0.1,6.23
70888.0,175.0,-505527.0,-0.008,6.23
70894.0,-173.0,-505549.0,0.017,6.72
70899.0,46.0,-505616.0,0.033,6.48
70904.0,-5.0,-505550.0,0.017,6.48
70909.0,-167.0,-505246.0,0.042,6.23
70915.0,180.0,-505401.0,-0.017,6.48
70920.0,20.0,-505507.0,0.092,6.48
70926.0,-390.0,-505247.0,0.083,6.48
70931.0,-262.0,-505609.0,0.008,6.48
70936.0,-87.0,-505684.0,-0.025,6.23
70942.0,-227.0,-504936.0,-0.017,6.23
70947.0,109.0,-505220.0,0.0,6.23
70952.0,-43.0,-505121.0,-0.025,6.96
70958.0,76.0,-505088.0,0.033,6.48
70963.0,-78.0,-505092.0,-0.042,6.48
70968.0,28.0,-504939.0,-0.008,6.48
70973.0,243.0,-505022.0,0.017,6.96
70979.0,-93.0,-504452.0,-0.042,6.23
70983.0,142.0,-504495.0,0.092,6.48
70988.0,-399.0,-504841.0,0.067,6.96
70994.0,307.0,-504657.0,-0.017,6.23
70999.0,300.0,-504420.0,-0.008,6.23
71005.0,-101.0,-504318.0,0.067,6.48
71010.0,117.0,-504068.0,0.058,8.19
71015.0,-18.0,-504113.0,-0.017,6.72
71020.0,-315.0,-504109.0,0.092,6.48
71025.0,329.0,-504405.0,0.017,6.48
71030.0,340.0,-504526.0,0.083,6.48
71035.0,-93.0,-504194.0,0.042,6.96
71042.0,-311.0,-504336.0,0.0,6.48
71046.0,-10.0,-504235.0,0.058,6.48
71052.0,-228.0,-503913.0,0.025,6.48
71057.0,-470.0,-504361.0,-0.05,6.23
71063.0,-208.0,-504151.0,0.017,6.96
71067.0,-111.0,-504116.0,0.033,6.48
71073.0,-71.0,-503890.0,0.0,6.48
71078.0,-139.0,-503916.0,-0.05,6.48
71085.0,-87.0,-503651.0,0.042,6.23
71089.0,-112.0,-503874.0,0.017,6.48
71095.0,52.0,-503404.0,0.05,6.96
71100.0,396.0,-503289.0,0.008,6.72
71104.0,365.0,-503388.0,0.017,6.96
71110.0,141.0,-503410.0,-0.008,6.96
71115.0,-109.0,-503255.0,0.033,6.48
71120.0,4.0,-503106.0,-0.083,6.23
71126.0,-346.0,-503262.0,0.05,6.72
71131.0,-255.0,-503347.0,-0.017,6.48
71136.0,-146.0,-502867.0,-0.025,6.23
71141.0,-344.0,-503083.0,0.008,6.48
71146.0,-101.0,-503220.0,-0.008,6.96
71151.0,116.0,-503168.0,0.05,6.23
71156.0,-80.0,-503357.0,0.075,6.23
71161.0,-55.0,-503062.0,-0.15,6.72
71166.0,-303.0,-502896.0,0.067,6.48
71172.0,-435.0,-502871.0,0.017,6.72
71177.0,-370.0,-502890.0,0.008,6.72
71183.0,-36.0,-502760.0,0.05,6.23
71188.0,-446.0,-502647.0,0.017,6.48
71192.0,-267.0,-502550.0,-0.025,6.48
71198.0,-265.0,-502460.0,0.133,6.23
71203.0,-119.0,-502463.0,0.083,6.72
71208.0,-110.0,-502324.0,-0.033,6.23
71214.0,-136.0,-502156.0,-0.008,6.48
71219.0,-68.0,-501889.0,0.092,6.48
71224.0,-203.0,-502188.0,-0.058,6.48
71229.0,75.0,-502216.0,0.042,6.48
71234.0,9.0,-502051.0,0.008,6.23
71239.0,-230.0,-501848.0,-0.025,6.96
71245.0,404.0,-502246.0,-0.075,6.48
71250.0,-270.0,-502473.0,0.05,6.23
71255.0,-363.0,-501994.0,0.0,6.48
71261.0,3.0,-502276.0,0.025,6.48
71266.0,-41.0,-501991.0,0.05,6.23
71270.0,-182.0,-501690.0,0.125,6.96
71275.0,42.0,-501543.0,0.025,6.96
71280.0,133.0,-501644.0,0.133,6.48
71286.0,-219.0,-501708.0,0.025,6.48
71291.0,221.0,-501235.0,-0.008,6.48
71296.0,182.0,-501276.0,0.083,6.72
71302.0,-244.0,-501404.0,-0.075,6.48
71307.0,-278.0,-501663.0,0.017,6.48
71312.0,-127.0,-501466.0,0.058,6.72
71317.0,167.0,-501134.0,0.1,6.48
71322.0,-603.0,-501137.0,0.058,6.48
71327.0,-460.0,-501004.0,0.15,6.72
71332.0,-80.0,-501368.0,0.042,6.48
71337.0,-166.0,-501163.0,-0.008,6.96
71343.0,83.0,-501212.0,0.025,6.96
71349.0,-83.0,-501426.0,0.058,6.23
71354.0,-35.0,-501129.0,0.067,6.96
71358.0,-102.0,-500536.0,0.083,6.72
71364.0,14.0,-501092.0,0.008,6.48
71369.0,6.0,-500929.0,0.017,6.23
71373.0,-43.0,-500530.0,0.017,6.48
71379.0,-73.0,-500938.0,0.067,6.48
71385.0,-215.0,-500705.0,0.033,6.23
71390.0,24.0,-500793.0,0.017,6.48
71396.0,62.0,-500415.0,0.025,6.48
71401.0,-136.0,-500860.0,-0.025,6.96
71405.0,-27.0,-500741.0,0.108,6.23
71411.0,277.0,-500735.0,-0.033,6.72
71416.0,67.0,-500452.0,-0.042,6.72
71420.0,-118.0,-500261.0,0.108,6.23
71427.0,94.0,-500173.0,0.0,6.23
71432.0,-212.0,-500046.0,0.033,6.23
71437.0,-425.0,-500383.0,0.017,6.23
71442.0,-175.0,-500077.0,0.075,6.48
71447.0,-61.0,-500292.0,0.042,6.96
71452.0,-18.0,-499957.0,-0.05,6.23
71457.0,226.0,-499513.0,0.033,6.72
71463.0,52.0,-499760.0,0.075,6.23
71469.0,83.0,-499914.0,0.05,6.72
71474.0,-179.0,-499900.0,-0.05,6.48
71479.0,-51.0,-500201.0,0.05,6.48
71484.0,50.0,-500002.0,0.0,6.23
71489.0,-138.0,-499754.0,0.125,6.72
71494.0,-202.0,-500033.0,0.033,6.72
71499.0,-333.0,-499982.0,0.05,6.48
71505.0,-157.0,-499954.0,-0.033,6.48
71511.0,-109.0,-499713.0,0.058,6.48
71515.0,30.0,-499390.0,0.025,6.23
71521.0,-188.0,-499468.0,0.017,6.48
71526.0,46.0,-499607.0,-0.092,6.23
71530.0,129.0,-499194.0,0.075,6.48
71536.0,-439.0,-498962.0,0.067,6.48
71541.0,-201.0,-499123.0,0.0,7.21
71546.0,-14.0,-499336.0,0.025,6.23
71552.0,-134.0,-498707.0,0.033,7.7
71557.0,-336.0,-499110.0,0.075,6.48
71562.0,-351.0,-499112.0,0.008,6.23
71567.0,-105.0,-498925.0,0.008,5.99
71572.0,129.0,-498652.0,0.033,6.48
71577.0,-8.0,-498962.0,0.067,6.48
71582.0,-114.0,-498823.0,0.008,6.96
71587.0,94.0,-498582.0,0.058,5.74
71592.0,-113.0,-498544.0,0.083,6.72
71599.0,-107.0,-498621.0,-0.05,6.48
71604.0,-215.0,-498656.0,0.075,6.23
71609.0,-184.0,-498646.0,0.092,6.96
71614.0,-128.0,-498939.0,0.033,6.48
71619.0,304.0,-498868.0,0.067,6.23
71624.0,107.0,-498528.0,-0.008,6.48
71629.0,253.0,-498181.0,0.008,6.48
71634.0,-345.0,-498162.0,-0.017,6.48
71640.0,-276.0,-498112.0,0.025,6.96
71645.0,186.0,-498201.0,0.017,6.48
71650.0,-214.0,-498210.0,-0.017,6.48
71656.0,-311.0,-498196.0,0.083,6.23
71661.0,-77.0,-497783.0,0.017,6.48
71666.0,-447.0,-498224.0,0.075,6.48
71671.0,-514.0,-497862.0,-0.017,6.23
71676.0,-138.0,-497733.0,-0.025,6.48
71682.0,-4.0,-497844.0,-0.05,6.48
71687.0,-73.0,-497538.0,-0.083,6.48
71692.0,55.0,-497721.0,-0.042,6.48
71697.0,-184.0,-497598.0,-0.033,6.48
71701.0,-115.0,-497537.0,0.067,6.96
71706.0,65.0,-497408.0,0.0,6.96
71711.0,132.0,-497626.0,0.033,6.48
71716.0,-132.0,-497487.0,-0.017,6.48
71721.0,-25.0,-497324.0,-0.017,6.23
71727.0,-229.0,-497475.0,0.042,6.23
71732.0,35.0,-497810.0,0.0,6.48
71737.0,-180.0,-497296.0,0.067,7.21
71742.0,-48.0,-497259.0,-0.042,6.72
71747.0,-170.0,-497236.0,-0.008,6.23
71753.0,-403.0,-496866.0,0.0,6.23
71758.0,-631.0,-496841.0,0.058,6.48
71763.0,-113.0,-496996.0,0.042,6.72
71769.0,-274.0,-496738.0,-0.008,6.48
71774.0,-318.0,-496823.0,-0.008,6.23
71779.0,-180.0,-496734.0,-0.008,6.72
71784.0,-249.0,-496632.0,0.017,6.48
71789.0,-279.0,-496729.0,0.058,6.48
71794.0,-233.0,-497058.0,-0.008,6.23
71799.0,-146.0,-496834.0,0.083,6.23
71804.0,-48.0,-496363.0,0.0,6.48
71810.0,-124.0,-496740.0,0.008,6.72
71816.0,-207.0,-496448.0,0.025,6.48
71821.0,-69.0,-496431.0,0.017,6.96
71826.0,-201.0,-496598.0,0.117,6.23
71831.0,-404.0,-496588.0,0.033,6.96
71836.0,-202.0,-496811.0,0.05,6.48
71841.0,-224.0,-496510.0,0.033,5.25
71846.0,-75.0,-496232.0,-0.05,6.48
71852.0,-153.0,-496531.0,-0.05,6.48
71857.0,-147.0,-496330.0,-0.033,6.48
71862.0,166.0,-496248.0,0.033,6.48
71867.0,-70.0,-496265.0,0.042,6.48
71873.0,-542.0,-496080.0,0.017,6.48
71878.0,-235.0,-496138.0,0.017,6.48
71883.0,81.0,-495965.0,0.058,6.72
71888.0,-71.0,-496144.0,0.05,6.23
71892.0,164.0,-495907.0,0.058,6.48
71898.0,28.0,-495894.0,0.025,6.48
71904.0,-93.0,-495578.0,0.0,6.72
71908.0,94.0,-495427.0,0.05,6.72
71914.0,110.0,-495541.0,0.1,6.48
71919.0,197.0,-495373.0,0.008,6.23
71923.0,-284.0,-495742.0,-0.017,6.23
71929.0,-24.0,-495388.0,0.042,6.48
71934.0,3.0,-495324.0,0.067,8.19
71940.0,-31.0,-495471.0,-0.1,6.23
71945.0,129.0,-495796.0,-0.025,6.72
71950.0,-84.0,-495452.0,0.025,6.23
71955.0,-106.0,-495169.0,-0.067,7.21
71960.0,-382.0,-495454.0,0.042,6.48
71965.0,-143.0,-495628.0,0.042,6.72
71970.0,9.0,-495225.0,0.092,6.48
71976.0,123.0,-494729.0,0.008,6.23
71982.0,108.0,-494615.0,0.017,6.23
71987.0,-421.0,-494632.0,-0.033,6.72
71992.0,279.0,-494740.0,0.033,6.96
71997.0,-82.0,-494646.0,0.033,6.48
72002.0,-475.0,-494927.0,0.125,6.72
72007.0,-281.0,-494903.0,0.083,6.96
72012.0,-276.0,-494969.0,-0.008,6.23
72017.0,-219.0,-494614.0,-0.025,6.23
72024.0,-513.0,-494548.0,-0.042,6.23
72029.0,-210.0,-494362.0,0.05,6.48
72033.0,-385.0,-494673.0,0.05,6.48
72039.0,1.0,-494695.0,-0.067,6.23
72044.0,-290.0,-494517.0,-0.017,6.23
72049.0,-221.0,-494520.0,0.133,6.48
72054.0,-167.0,-494364.0,0.008,6.23
72059.0,-368.0,-494162.0,-0.05,6.23
72065.0,-357.0,-494143.0,0.008,6.48
72071.0,-435.0,-494465.0,0.008,6.23
72076.0,-400.0,-494113.0,0.033,6.48
72080.0,27.0,-493900.0,0.05,6.23
72086.0,-313.0,-494324.0,-0.05,6.48
72091.0,-394.0,-494000.0,0.025,6.23
72095.0,-123.0,-493981.0,0.0,6.23
72101.0,-75.0,-493925.0,0.05,6.48
72107.0,0.0,-493791.0,0.042,6.48
72112.0,-307.0,-493994.0,-0.083,6.48
72117.0,-215.0,-493872.0,-0.025,6.23
72122.0,-186.0,-493503.0,0.017,7.21
72127.0,2.0,-493950.0,0.042,6.96
72132.0,61.0,-493386.0,0.058,6.96
72137.0,178.0,-493195.0,0.025,6.96
72142.0,-156.0,-493901.0,-0.017,6.48
72147.0,23.0,-493727.0,-0.042,6.23
72153.0,-298.0,-493600.0,0.108,6.48
72158.0,-112.0,-493666.0,-0.042,6.48
72163.0,119.0,-493678.0,0.133,6.48
72168.0,-226.0,-493409.0,-0.067,6.48
72174.0,-388.0,-493325.0,-0.025,6.96
72179.0,-317.0,-493303.0,-0.008,6.48
72183.0,-218.0,-493380.0,0.133,6.48
72189.0,90.0,-493288.0,0.108,6.48
72195.0,-27.0,-492942.0,0.017,6.48
72200.0,-320.0,-492873.0,0.017,6.48
72205.0,-354.0,-492675.0,0.033,6.48
72210.0,-299.0,-492961.0,0.017,6.23
72215.0,112.0,-492784.0,0.008,7.21
72220.0,-68.0,-492648.0,0.042,6.23
72226.0,-133.0,-492404.0,0.033,6.96
72230.0,-468.0,-492809.0,-0.042,7.21
72237.0,-242.0,-492621.0,-0.017,6.48
72242.0,-251.0,-492675.0,-0.05,6.23
72246.0,0.0,-492754.0,0.025,7.21
72252.0,-426.0,-492400.0,0.092,6.96
72257.0,-391.0,-492118.0,0.017,6.23
72262.0,-52.0,-492307.0,-0.017,6.48
72267.0,-150.0,-492171.0,0.033,6.23
72272.0,-97.0,-492521.0,0.008,6.48
72278.0,-158.0,-492360.0,0.025,6.23
72283.0,-224.0,-491998.0,0.133,6.48
72288.0,-205.0,-492197.0,-0.025,6.48
72293.0,387.0,-491836.0,0.017,6.23
72299.0,-245.0,-491924.0,0.058,6.23
72303.0,-456.0,-492133.0,0.017,6.48
72308.0,-368.0,-491802.0,-0.008,6.72
72314.0,146.0,-491852.0,-0.008,6.23
72320.0,-205.0,-492077.0,0.033,6.23
72325.0,81.0,-491262.0,0.075,6.48
72330.0,-193.0,-491786.0,0.008,6.72
72335.0,-264.0,-491341.0,-0.008,6.72
72340.0,-48.0,-491200.0,-0.042,6.23
72345.0,154.0,-491276.0,-0.017,6.23
72350.0,-47.0,-491221.0,0.008,6.23
72355.0,-273.0,-491526.0,0.05,6.48
72361.0,-245.0,-491490.0,-0.017,6.48
72366.0,220.0,-491529.0,0.008,6.48
72371.0,-206.0,-491512.0,0.042,6.48
72377.0,-310.0,-491466.0,0.05,6.23
72382.0,-165.0,-491283.0,-0.008,6.96
72387.0,199.0,-491354.0,0.092,6.48
72392.0,-337.0,-491660.0,0.092,6.48
72397.0,-320.0,-491421.0,0.142,6.48
72402.0,-316.0,-490946.0,0.133,6.48
72409.0,80.0,-490838.0,0.025,6.48
72413.0,7.0,-490805.0,0.108,6.96
72418.0,-35.0,-491064.0,-0.05,6.48
72424.0,-307.0,-490396.0,0.008,6.48
72428.0,-222.0,-490557.0,0.0,6.96
72433.0,-452.0,-490770.0,0.117,6.23
72439.0,-110.0,-490486.0,0.083,6.48
72444.0,59.0,-490605.0,-0.067,6.23
72450.0,-313.0,-490641.0,-0.042,6.96
72456.0,121.0,-490821.0,0.067,6.23
72460.0,98.0,-490710.0,0.083,6.72
72465.0,258.0,-490677.0,0.042,6.48
72471.0,-232.0,-490629.0,0.042,6.72
72476.0,5.0,-490412.0,0.042,6.72
72481.0,-65.0,-490171.0,0.025,6.96
72486.0,-469.0,-490171.0,0.017,6.48
72492.0,-80.0,-490180.0,0.008,6.48
72497.0,4.0,-490495.0,0.033,6.23
72502.0,-80.0,-490521.0,0.025,6.48
72507.0,15.0,-490566.0,0.05,6.96
72512.0,95.0,-490352.0,0.067,6.72
72518.0,11.0,-490012.0,0.075,6.48
72522.0,-198.0,-490095.0,0.033,6.48
72527.0,198.0,-489860.0,0.033,6.48
72534.0,36.0,-489564.0,0.0,6.72
72539.0,-317.0,-489699.0,0.075,6.48
72544.0,-211.0,-490100.0,0.042,6.96
72549.0,11.0,-489754.0,-0.033,6.23
72554.0,118.0,-489597.0,-0.067,6.48
72559.0,-218.0,-489608.0,0.017,6.23
72564.0,-170.0,-489388.0,-0.025,6.23
72569.0,-217.0,-489449.0,0.017,6.72
72574.0,-307.0,-489390.0,-0.017,6.48
72581.0,17.0,-489538.0,0.067,6.96
72585.0,-112.0,-489349.0,0.042,6.23
72590.0,248.0,-489234.0,0.017,6.23
72596.0,-260.0,-489490.0,-0.033,6.23
72601.0,-233.0,-489397.0,-0.05,6.23
72606.0,241.0,-489204.0,0.008,6.23
72611.0,-97.0,-489498.0,0.092,6.48
72616.0,-58.0,-489371.0,0.033,6.72
72622.0,58.0,-489115.0,-0.033,6.48
72628.0,-20.0,-489295.0,0.042,6.48
72633.0,-174.0,-488807.0,0.0,6.48
72638.0,87.0,-489028.0,0.05,6.48
72643.0,-149.0,-488998.0,0.067,6.23
72649.0,-205.0,-488730.0,0.05,6.23
72654.0,64.0,-489037.0,-0.108,6.96
72659.0,50.0,-489328.0,0.017,6.72
72665.0,-110.0,-488804.0,0.008,7.21
72670.0,-369.0,-488705.0,0.008,6.23
72675.0,63.0,-488653.0,0.025,6.72
72681.0,125.0,-488627.0,-0.017,6.96
72686.0,-443.0,-488571.0,0.033,6.23
72691.0,-600.0,-488834.0,0.15,6.23
72697.0,-162.0,-488286.0,-0.008,6.96
72702.0,-378.0,-488630.0,0.025,6.48
72709.0,32.0,-488342.0,0.017,6.23
72713.0,467.0,-488425.0,0.058,6.48
72719.0,-35.0,-487859.0,0.033,7.45
72724.0,-169.0,-488109.0,0.008,6.48
72729.0,-206.0,-488226.0,-0.017,6.72
72734.0,-391.0,-488231.0,-0.008,6.23
72739.0,-135.0,-488097.0,0.033,6.48
72744.0,14.0,-488260.0,0.092,6.23
72750.0,-70.0,-488366.0,0.033,6.48
72756.0,-148.0,-487878.0,0.05,6.48
72761.0,-93.0,-487955.0,0.017,6.96
72766.0,52.0,-487625.0,0.0,6.48
72771.0,-278.0,-487463.0,0.025,6.23
72776.0,-295.0,-487842.0,0.092,6.72
72781.0,49.0,-487934.0,-0.092,6.96
72787.0,-91.0,-487542.0,-0.058,6.96
72793.0,-205.0,-487297.0,0.042,6.48
72797.0,-262.0,-487482.0,0.008,6.48
72803.0,6.0,-487600.0,0.0,6.96
72808.0,10.0,-487375.0,0.125,6.48
72813.0,-141.0,-487638.0,0.025,7.21
72818.0,-139.0,-487394.0,0.017,6.23
72823.0,-57.0,-487185.0,0.017,6.48
72828.0,-126.0,-487436.0,0.0,6.48
72834.0,132.0,-487388.0,-0.017,6.48
72839.0,36.0,-487357.0,0.017,6.23
72844.0,67.0,-487372.0,0.058,6.23
72850.0,-615.0,-486984.0,-0.008,6.23
72854.0,-308.0,-487209.0,0.033,6.23
72859.0,185.0,-487117.0,0.0,6.72
72865.0,-255.0,-486961.0,0.033,6.23
72869.0,-310.0,-487126.0,0.017,6.96
72876.0,273.0,-486764.0,0.0,6.48
72881.0,-193.0,-486798.0,-0.025,6.48
72886.0,-218.0,-486861.0,-0.142,6.48
72891.0,-291.0,-486457.0,0.025,6.23
72896.0,159.0,-486403.0,0.033,6.48
72901.0,-82.0,-486880.0,-0.042,6.48
72906.0,-515.0,-486376.0,-0.033,6.72
72912.0,-49.0,-486436.0,0.058,6.23
72916.0,40.0,-486447.0,0.008,6.48
72923.0,102.0,-486435.0,0.017,6.72
72928.0,2.0,-486535.0,0.008,6.72
72933.0,-304.0,-486510.0,-0.033,6.48
72938.0,-289.0,-486459.0,-0.008,6.23
72943.0,-75.0,-486477.0,0.05,6.23
72949.0,79.0,-486300.0,-0.008,6.48
72953.0,-54.0,-486043.0,-0.017,6.96
72960.0,-56.0,-485771.0,0.025,6.23
72965.0,86.0,-486006.0,-0.017,6.48
72969.0,-43.0,-486041.0,0.033,6.23
72974.0,-175.0,-485898.0,0.033,6.23
72979.0,-68.0,-485907.0,-0.083,6.48
72984.0,-108.0,-485935.0,0.025,6.72
72990.0,-276.0,-485634.0,0.083,6.72
72994.0,-267.0,-485745.0,0.042,6.48
73000.0,-303.0,-485679.0,0.008,6.23
73006.0,-131.0,-485788.0,0.117,6.96
73011.0,-194.0,-485357.0,0.083,6.48
73016.0,-286.0,-485479.0,0.033,6.48
73021.0,-200.0,-485462.0,0.117,6.48
73026.0,-101.0,-485855.0,-0.017,6.48
73031.0,-217.0,-485779.0,0.075,6.23
73036.0,-211.0,-485316.0,0.017,8.68
73041.0,-126.0,-485629.0,-0.008,6.48
73048.0,58.0,-485695.0,0.025,6.48
73053.0,-54.0,-485098.0,-0.05,6.72
73057.0,47.0,-485279.0,-0.008,6.48
73063.0,127.0,-485849.0,0.042,6.48
73068.0,-189.0,-485636.0,0.05,6.48
73073.0,26.0,-485423.0,0.092,6.96
73078.0,90.0,-485289.0,0.05,6.48
73083.0,-182.0,-485254.0,-0.017,6.72
73089.0,63.0,-484787.0,0.033,6.48
73094.0,-31.0,-485165.0,0.05,7.21
73099.0,-263.0,-484764.0,-0.025,6.48
73104.0,-364.0,-484879.0,0.1,6.23
73110.0,142.0,-484879.0,0.025,6.48
73115.0,-46.0,-484890.0,-0.033,7.21
73119.0,-349.0,-484633.0,0.008,6.48
73125.0,-57.0,-484483.0,-0.017,6.48
73131.0,229.0,-484818.0,0.0,6.96
73136.0,-140.0,-484562.0,0.075,6.23
73141.0,-176.0,-484540.0,0.075,6.48
73146.0,222.0,-484855.0,0.025,6.72
73151.0,-299.0,-484576.0,0.05,6.23
73157.0,-405.0,-484360.0,-0.067,6.96
73162.0,-299.0,-484339.0,-0.025,6.96
73166.0,-282.0,-484262.0,0.117,6.72
73172.0,-32.0,-484364.0,-0.058,6.72
73178.0,-342.0,-484391.0,0.05,6.48
73183.0,17.0,-484294.0,0.092,7.21
73188.0,-259.0,-484080.0,0.033,6.23
73193.0,-243.0,-484043.0,0.0,6.96
73198.0,-270.0,-484478.0,0.033,6.23
73203.0,-102.0,-483632.0,0.025,6.48
73209.0,264.0,-483859.0,0.108,6.96
73213.0,-31.0,-483768.0,0.092,6.72
73220.0,221.0,-483572.0,-0.075,6.48
73225.0,-13.0,-483805.0,0.067,6.23
73229.0,-226.0,-483822.0,0.058,6.96
73235.0,296.0,-483590.0,-0.033,6.23
73240.0,442.0,-483419.0,-0.008,6.48
73245.0,115.0,-483754.0,0.075,6.96
73250.0,-75.0,-483722.0,0.025,6.72
73255.0,251.0,-483481.0,0.1,6.48
73261.0,-28.0,-483292.0,0.025,6.48
73266.0,68.0,-483462.0,0.0,7.45
73271.0,-152.0,-483543.0,0.008,6.48
73277.0,-227.0,-483735.0,0.033,6.48
73281.0,-74.0,-483546.0,0.017,6.72
73286.0,-469.0,-483275.0,0.075,6.48
73291.0,-24.0,-483387.0,0.058,6.23
73296.0,42.0,-483364.0,-0.025,6.23
73302.0,151.0,-483082.0,-0.033,6.23
73307.0,50.0,-483011.0,0.017,6.23
73312.0,128.0,-483356.0,0.067,7.21
73317.0,81.0,-482990.0,-0.025,6.48
73322.0,-253.0,-483089.0,0.008,6.48
73327.0,-188.0,-483272.0,-0.083,6.23
73331.0,169.0,-483105.0,-0.008,6.23
73336.0,-87.0,-483064.0,-0.017,6.48
73341.0,-52.0,-482720.0,0.0,6.23
73347.0,-88.0,-482783.0,-0.008,6.23
73352.0,-125.0,-482756.0,0.092,6.48
73357.0,-156.0,-482695.0,0.133,6.48
73362.0,-20.0,-482594.0,-0.008,6.23
73367.0,57.0,-482462.0,0.067,6.96
73372.0,-21.0,-482265.0,0.075,5.25
73377.0,-47.0,-482448.0,0.008,6.72
73382.0,94.0,-482690.0,0.042,6.23
73388.0,-236.0,-482509.0,0.058,6.23
73393.0,-227.0,-482252.0,0.075,6.23
73397.0,282.0,-482405.0,0.025,6.48
73402.0,-162.0,-482344.0,0.0,6.48
73407.0,-141.0,-482412.0,0.042,6.23
73413.0,-207.0,-482093.0,0.025,6.96
73418.0,-27.0,-482234.0,0.058,6.96
73423.0,182.0,-482198.0,-0.033,6.48
73428.0,-416.0,-482171.0,0.058,6.23
73434.0,-38.0,-481732.0,-0.025,6.23
73439.0,17.0,-482056.0,0.042,6.48
73444.0,489.0,-481657.0,0.067,6.48
73449.0,-55.0,-482048.0,0.0,6.48
73454.0,-124.0,-481496.0,0.067,6.23
73459.0,-20.0,-481603.0,0.008,6.48
73464.0,-201.0,-481698.0,-0.025,6.72
73469.0,-206.0,-481609.0,0.033,6.72
73475.0,424.0,-482222.0,0.058,6.48
73480.0,735.0,-481600.0,-0.067,6.48
73485.0,-641.0,-481739.0,-0.033,6.72
73490.0,-189.0,-481410.0,0.017,6.48
73495.0,-108.0,-481538.0,0.042,6.23
73500.0,228.0,-481715.0,-0.083,6.23
73505.0,-352.0,-481660.0,-0.008,6.48
73510.0,-153.0,-481676.0,-0.058,6.96
73516.0,213.0,-481783.0,0.183,6.23
73521.0,205.0,-481566.0,0.025,6.48
73527.0,194.0,-481724.0,0.0,6.48
73532.0,-60.0,-481345.0,-0.017,6.72
73537.0,-174.0,-481284.0,-0.025,6.48
73542.0,-353.0,-481294.0,0.0,6.23
73547.0,-159.0,-481105.0,0.058,6.72
73551.0,-78.0,-481190.0,0.025,6.48
73556.0,-335.0,-481093.0,0.017,6.48
73562.0,1.0,-481086.0,0.075,6.48
73567.0,-6.0,-481072.0,0.025,6.48
73572.0,-122.0,-481025.0,0.133,6.23
73577.0,-263.0,-480691.0,0.067,7.21
73582.0,-320.0,-480784.0,-0.025,6.23
73587.0,-364.0,-480349.0,0.042,6.23
73592.0,-481.0,-480705.0,-0.025,6.23
73597.0,240.0,-480576.0,0.0,6.48
73603.0,-168.0,-480735.0,-0.008,6.23
73608.0,-189.0,-480677.0,0.025,6.48
73613.0,-261.0,-480770.0,-0.067,6.48
73618.0,-65.0,-480369.0,0.008,6.48
73623.0,-106.0,-480601.0,0.017,6.96
73628.0,-34.0,-480808.0,0.025,6.96
73634.0,-350.0,-480418.0,0.042,6.48
73639.0,-343.0,-480102.0,0.067,6.23
73645.0,-376.0,-480231.0,-0.017,6.23
73650.0,-192.0,-479895.0,0.058,6.48
73655.0,9.0,-480051.0,0.0,6.23
73660.0,89.0,-480036.0,-0.033,6.23
73665.0,-183.0,-479979.0,0.0,6.48
73670.0,94.0,-479657.0,0.1,6.48
73675.0,140.0,-479888.0,-0.025,6.23
73680.0,10.0,-480055.0,0.05,6.23
73686.0,41.0,-480062.0,0.075,6.48
73691.0,-147.0,-480081.0,-0.017,6.23
73696.0,40.0,-479927.0,-0.092,6.48
73701.0,-229.0,-479832.0,-0.025,6.48
73706.0,13.0,-479895.0,-0.058,6.48
73710.0,358.0,-479720.0,0.033,6.72
73715.0,-210.0,-479513.0,0.033,6.23
73721.0,-393.0,-479779.0,0.0,6.23
73725.0,28.0,-479648.0,0.05,6.48
73732.0,222.0,-479518.0,0.092,6.96
73737.0,-139.0,-479288.0,-0.067,6.48
73741.0,350.0,-479389.0,-0.017,6.23
73747.0,-30.0,-479539.0,0.042,6.48
73752.0,-9.0,-479903.0,0.033,6.48
73757.0,-84.0,-479498.0,0.0,6.72
73762.0,6.0,-479494.0,0.025,6.23
73767.0,-145.0,-479242.0,-0.042,6.48
73773.0,-383.0,-479287.0,0.033,6.23
73778.0,-127.0,-479682.0,-0.025,6.23
73783.0,176.0,-479128.0,0.025,6.23
73788.0,103.0,-479055.0,-0.033,6.23
73794.0,-201.0,-479059.0,0.025,6.48
73799.0,-338.0,-478795.0,-0.008,6.72
73803.0,-159.0,-478920.0,0.108,6.23
73809.0,61.0,-478842.0,-0.017,6.72
73815.0,-134.0,-479250.0,0.05,6.96
73820.0,-131.0,-479049.0,0.008,6.96
73825.0,-9.0,-478575.0,0.083,6.23
73830.0,100.0,-478655.0,-0.042,6.48
73835.0,28.0,-478636.0,0.092,6.96
73841.0,-96.0,-478690.0,0.008,6.96
73846.0,-221.0,-478766.0,0.017,6.48
73850.0,-454.0,-478521.0,-0.017,6.48
73857.0,228.0,-478687.0,0.067,6.48
73862.0,165.0,-478883.0,-0.042,6.96
73867.0,-222.0,-478396.0,0.025,6.23
73872.0,-328.0,-478106.0,0.025,6.23
73877.0,-13.0,-478228.0,0.05,6.48
73882.0,-218.0,-478437.0,0.15,6.48
73888.0,-382.0,-478185.0,0.05,6.23
73893.0,-113.0,-478239.0,0.025,6.48
73897.0,-16.0,-478272.0,0.0,6.48
73904.0,114.0,-477952.0,0.008,6.23
73909.0,-189.0,-477904.0,0.0,6.23
73913.0,-6.0,-478109.0,0.083,6.48
73919.0,106.0,-477911.0,0.042,6.72
73924.0,9.0,-478039.0,0.042,6.23
73929.0,24.0,-478098.0,-0.075,6.23
73934.0,-166.0,-477956.0,0.042,6.48
73939.0,-97.0,-477825.0,-0.05,6.48
73945.0,-299.0,-478028.0,-0.008,6.48
73950.0,-329.0,-477452.0,0.042,6.23
73955.0,-320.0,-477631.0,0.025,6.48
73960.0,-168.0,-477664.0,0.058,6.23
73966.0,-180.0,-477648.0,0.008,6.48
73970.0,-357.0,-477585.0,0.042,6.48
73975.0,-113.0,-477426.0,-0.008,6.23
73981.0,-73.0,-477406.0,0.05,6.96
73986.0,-104.0,-477495.0,-0.05,6.23
73992.0,-18.0,-477952.0,-0.042,6.48
73997.0,-223.0,-477394.0,0.067,6.96
74001.0,30.0,-477403.0,-0.058,6.96
74007.0,-196.0,-477347.0,-0.042,6.23
74012.0,87.0,-477069.0,-0.042,6.48
74016.0,0.0,-477364.0,0.008,6.23
74022.0,110.0,-476814.0,0.1,6.48
74028.0,-35.0,-477032.0,0.008,7.45
74033.0,-136.0,-477123.0,0.075,6.48
74038.0,-2.0,-477297.0,0.025,6.48
74043.0,221.0,-477252.0,0.05,6.72
74048.0,-91.0,-476687.0,-0.025,6.23
74053.0,97.0,-476817.0,-0.017,6.48
74058.0,162.0,-476844.0,-0.133,6.48
74063.0,-118.0,-476685.0,0.0,6.72
74068.0,-468.0,-476707.0,0.1,6.48
74074.0,-9.0,-477012.0,0.025,6.72
74079.0,97.0,-476783.0,0.067,6.23
74084.0,98.0,-477217.0,-0.067,6.48
74089.0,-25.0,-476770.0,-0.017,7.7
74094.0,-297.0,-476414.0,0.125,6.72
74099.0,-150.0,-476366.0,0.092,6.23
74104.0,-45.0,-476565.0,0.067,6.23
74110.0,329.0,-476369.0,0.008,7.21
74116.0,258.0,-476415.0,0.067,6.48
74120.0,-597.0,-476410.0,0.025,6.96
74126.0,115.0,-476208.0,-0.075,6.48
74130.0,380.0,-476281.0,0.05,6.48
74135.0,-20.0,-476338.0,0.008,6.96
74141.0,-74.0,-476070.0,-0.017,6.48
74146.0,-151.0,-476215.0,0.1,6.72
74151.0,131.0,-476334.0,-0.042,6.23
74157.0,-115.0,-476604.0,-0.033,6.23
74162.0,-132.0,-476375.0,-0.017,6.48
74167.0,-228.0,-476244.0,0.008,7.21
74173.0,-114.0,-475842.0,0.058,7.45
74177.0,33.0,-475935.0,0.033,6.96
74182.0,-267.0,-475908.0,0.0,6.72
74188.0,35.0,-475768.0,0.075,6.48
74192.0,-16.0,-475627.0,0.092,6.48
74198.0,-32.0,-476032.0,0.042,6.48
74204.0,-170.0,-475798.0,0.067,6.23
74209.0,-263.0,-475825.0,0.058,6.23
74214.0,-267.0,-475522.0,-0.025,6.48
74219.0,-13.0,-475518.0,0.025,6.23
74224.0,144.0,-475627.0,0.167,6.23
74229.0,46.0,-475316.0,0.067,6.48
74234.0,-224.0,-475390.0,0.042,6.96
74240.0,143.0,-475231.0,0.075,6.48
74246.0,189.0,-475227.0,0.017,7.21
74251.0,-195.0,-475595.0,0.0,6.72
74256.0,-184.0,-475544.0,0.133,6.23
74260.0,-91.0,-475323.0,-0.05,6.48
74265.0,120.0,-475074.0,0.1,6.48
74270.0,-461.0,-475021.0,0.025,6.23
74275.0,-323.0,-475319.0,-0.033,6.23
74280.0,-198.0,-475542.0,0.0,6.48
74286.0,-216.0,-474880.0,0.033,6.96
74292.0,154.0,-474860.0,0.017,6.96
74297.0,200.0,-475086.0,0.033,6.72
74302.0,-131.0,-474999.0,0.042,6.23
74308.0,-85.0,-474883.0,0.092,6.96
74313.0,13.0,-474625.0,0.017,6.48
74318.0,-110.0,-474588.0,0.025,6.48
74323.0,-176.0,-474637.0,0.058,6.48
74329.0,-12.0,-474951.0,0.008,6.48
74334.0,145.0,-474722.0,0.033,6.23
74339.0,1.0,-474785.0,-0.017,6.72
74344.0,-53.0,-474187.0,0.008,6.23
74349.0,86.0,-474116.0,-0.017,6.23
74355.0,-192.0,-474404.0,0.075,6.72
74360.0,-170.0,-474718.0,-0.008,6.96
74365.0,-199.0,-474849.0,0.025,6.96
74370.0,-86.0,-474338.0,-0.008,6.23
74376.0,-446.0,-473830.0,0.067,6.48
74381.0,-305.0,-473959.0,0.225,6.72
74386.0,221.0,-474105.0,-0.033,6.48
74392.0,127.0,-474225.0,0.05,6.23
74396.0,130.0,-474008.0,0.058,7.21
74401.0,-23.0,-473889.0,0.008,6.72
74406.0,-49.0,-473783.0,0.05,6.23
74412.0,-50.0,-473940.0,0.025,6.96
74417.0,-122.0,-473860.0,0.083,6.48
74423.0,384.0,-473932.0,-0.05,7.21
74428.0,173.0,-473551.0,0.083,6.48
74433.0,-219.0,-473263.0,0.1,6.72
74439.0,215.0,-473153.0,0.025,6.23
74444.0,-233.0,-474045.0,0.017,6.48
74449.0,-390.0,-473840.0,0.025,6.48
74455.0,-218.0,-473434.0,0.0,6.96
74461.0,240.0,-473298.0,0.058,6.48
74466.0,-130.0,-473564.0,-0.008,6.48
74471.0,-267.0,-473441.0,0.067,6.23
74477.0,149.0,-473503.0,0.042,6.48
74482.0,-83.0,-473225.0,0.025,6.48
74487.0,-116.0,-473124.0,0.017,6.48
74491.0,57.0,-473315.0,0.017,6.23
74498.0,-111.0,-473224.0,0.058,6.23
74502.0,-316.0,-473207.0,0.067,6.48
74508.0,130.0,-473273.0,-0.108,6.48
74513.0,-48.0,-473296.0,0.083,7.21
74517.0,-293.0,-473155.0,-0.15,6.23
74523.0,-113.0,-472873.0,0.008,6.23
74528.0,107.0,-472946.0,0.067,6.72
74533.0,-108.0,-473109.0,-0.033,6.23
74539.0,-240.0,-472739.0,0.017,6.48
74544.0,616.0,-472832.0,0.042,6.48
74549.0,273.0,-473013.0,0.108,6.23
74555.0,-89.0,-472693.0,-0.025,6.23
74560.0,-49.0,-472630.0,0.083,6.48
74564.0,38.0,-472553.0,0.017,6.23
74570.0,-118.0,-473029.0,0.033,6.23
74574.0,-245.0,-473108.0,-0.108,6.48
74579.0,-316.0,-472490.0,-0.042,6.96
74586.0,266.0,-472374.0,-0.125,6.96
74591.0,119.0,-472397.0,0.008,6.23
74596.0,-196.0,-472667.0,-0.017,6.48
74601.0,-314.0,-472397.0,0.008,6.96
74606.0,-185.0,-472300.0,-0.008,6.96
74611.0,-48.0,-472530.0,-0.008,6.23
74616.0,-242.0,-472506.0,-0.008,6.23
74621.0,179.0,-472427.0,0.125,7.21
74628.0,-57.0,-472323.0,0.05,6.23
74633.0,-101.0,-471805.0,-0.017,6.48
74639.0,251.0,-471951.0,0.008,6.48
74643.0,274.0,-471946.0,-0.025,6.48
74649.0,28.0,-471890.0,-0.067,6.72
74654.0,-164.0,-472116.0,0.075,6.48
74659.0,172.0,-472235.0,0.008,6.96
74664.0,-5.0,-471962.0,-0.05,6.23
74671.0,-655.0,-471796.0,0.033,6.96
74676.0,189.0,-471657.0,0.075,6.72
74680.0,-24.0,-471902.0,-0.008,6.48
74686.0,2.0,-471806.0,0.042,6.96
74690.0,127.0,-471733.0,0.05,6.48
74696.0,-131.0,-471723.0,0.017,7.21
74701.0,69.0,-471571.0,-0.067,6.23
74706.0,-41.0,-471702.0,0.083,6.23
74712.0,-4.0,-471513.0,0.05,6.23
74718.0,42.0,-471363.0,-0.008,6.96
74723.0,-258.0,-471734.0,0.033,6.72
74727.0,17.0,-471459.0,0.0,6.48
74733.0,85.0,-471313.0,0.058,6.48
74737.0,-118.0,-471408.0,0.042,6.96
74742.0,-215.0,-471386.0,0.067,6.48
74748.0,263.0,-471394.0,-0.025,6.96
74754.0,-151.0,-471367.0,0.0,6.48
74759.0,40.0,-471504.0,0.05,6.96
74764.0,-140.0,-470908.0,0.067,6.96
74769.0,-123.0,-470703.0,-0.042,6.48
74774.0,-152.0,-471139.0,0.083,6.72
74779.0,138.0,-471223.0,0.025,6.96
74784.0,81.0,-471396.0,-0.033,6.48
74789.0,-82.0,-470842.0,0.1,6.23
74795.0,2.0,-470913.0,0.058,6.48
74800.0,149.0,-471000.0,0.092,6.72
74805.0,-9.0,-470468.0,0.075,6.48
74810.0,-279.0,-470723.0,0.042,6.72
74815.0,-298.0,-470476.0,-0.033,6.48
74821.0,-270.0,-470964.0,-0.042,6.23
74826.0,-78.0,-470669.0,0.0,6.48
74830.0,-85.0,-470674.0,0.075,6.96
74836.0,149.0,-470626.0,-0.05,6.23
74842.0,57.0,-470783.0,0.025,6.23
74846.0,36.0,-470716.0,0.2,6.48
74852.0,-60.0,-470618.0,0.017,6.23
74857.0,-188.0,-470599.0,0.0,6.23
74862.0,293.0,-470540.0,0.008,6.23
74867.0,-237.0,-470467.0,0.042,6.23
74871.0,-342.0,-470178.0,0.017,6.23
74877.0,-74.0,-470066.0,0.008,6.96
74883.0,-354.0,-470119.0,0.042,6.23
74888.0,-281.0,-470106.0,0.05,6.48
74893.0,85.0,-470014.0,0.008,6.48
74898.0,119.0,-470039.0,0.0,6.96
74903.0,-144.0,-469932.0,0.133,8.19
74908.0,-46.0,-469874.0,0.033,6.23
74913.0,286.0,-469933.0,0.0,6.48
74918.0,339.0,-469736.0,0.042,6.72
74924.0,-521.0,-469756.0,-0.033,6.48
74930.0,157.0,-469925.0,-0.017,6.72
74934.0,-102.0,-470156.0,0.067,6.23
74940.0,-142.0,-469702.0,0.008,6.23
74945.0,138.0,-469701.0,0.083,6.96
74950.0,197.0,-469676.0,-0.042,6.72
74955.0,-217.0,-469668.0,-0.017,6.48
74960.0,-323.0,-469575.0,0.0,6.48
74966.0,-72.0,-469734.0,0.0,6.23
74971.0,-134.0,-469654.0,-0.008,7.21
74976.0,-304.0,-469667.0,0.008,6.48
74981.0,-391.0,-469676.0,-0.083,6.23
74987.0,-61.0,-469334.0,0.008,6.48
74992.0,-175.0,-469541.0,0.033,6.48
74996.0,226.0,-469478.0,0.092,6.23
75002.0,108.0,-469478.0,0.033,6.96
75008.0,-66.0,-469389.0,0.05,6.23
75012.0,-291.0,-469356.0,0.075,6.48
75018.0,-223.0,-469254.0,0.033,6.96
75023.0,-263.0,-469023.0,0.0,6.72
75028.0,-430.0,-468911.0,0.075,6.23
75034.0,-302.0,-469143.0,0.108,6.23
75039.0,-98.0,-469370.0,0.025,6.23
75043.0,61.0,-468973.0,0.033,6.48
75049.0,-253.0,-468639.0,0.083,6.72
75055.0,-67.0,-468698.0,-0.017,6.48
75060.0,304.0,-468753.0,-0.017,6.23
75065.0,84.0,-468407.0,0.025,6.96
75070.0,-132.0,-468572.0,0.042,6.23
75075.0,-79.0,-468589.0,-0.008,6.96
75080.0,-83.0,-468587.0,0.042,6.48
75085.0,-337.0,-468598.0,-0.067,6.72
75090.0,-330.0,-468647.0,0.1,6.48
75097.0,182.0,-468675.0,0.05,6.48
75102.0,-172.0,-468726.0,0.017,6.96
75106.0,-197.0,-468437.0,0.05,6.23
75112.0,-121.0,-468735.0,0.008,6.72
75117.0,51.0,-468436.0,0.058,6.72
75122.0,-178.0,-468151.0,-0.017,6.48
75127.0,-34.0,-468485.0,0.008,6.72
75132.0,-86.0,-468340.0,-0.058,6.48
75138.0,-149.0,-468243.0,0.0,6.48
75143.0,123.0,-468393.0,0.058,6.96
75148.0,-169.0,-468186.0,0.025,6.23
75154.0,-156.0,-467856.0,0.067,6.48
75158.0,-321.0,-468107.0,0.017,6.72
75163.0,15.0,-467866.0,-0.05,6.23
75168.0,-30.0,-468090.0,0.025,6.48
75173.0,-12.0,-468157.0,0.083,6.48
75179.0,-38.0,-468082.0,-0.017,6.48
75185.0,-227.0,-467990.0,0.167,6.96
75190.0,-55.0,-467949.0,0.0,6.48
75194.0,-248.0,-467756.0,-0.033,6.48
75199.0,-241.0,-467879.0,0.017,6.72
75204.0,-125.0,-467694.0,-0.067,6.48
75209.0,-196.0,-467144.0,0.017,6.23
75214.0,-134.0,-467615.0,0.05,6.48
75219.0,-238.0,-467458.0,0.042,6.72
75225.0,-157.0,-467716.0,0.058,6.72
75230.0,-83.0,-467631.0,0.017,6.48
75236.0,-319.0,-467206.0,0.1,6.96
75241.0,-6.0,-467518.0,0.058,6.96
75246.0,58.0,-467455.0,-0.058,7.21
75250.0,5.0,-467484.0,-0.042,6.48
75256.0,-241.0,-467572.0,0.083,6.96
75261.0,105.0,-467303.0,0.125,6.96
75266.0,-226.0,-467304.0,0.008,6.48
75272.0,14.0,-467544.0,0.017,6.23
75277.0,-46.0,-467483.0,0.042,6.72
75282.0,139.0,-467382.0,0.017,6.23
75287.0,-71.0,-467106.0,0.033,6.23
75292.0,237.0,-467123.0,-0.033,6.72
75297.0,22.0,-466947.0,-0.017,6.23
75302.0,-205.0,-466862.0,-0.067,6.72
75308.0,-107.0,-467161.0,-0.025,7.21
75313.0,-68.0,-466973.0,-0.017,6.72
75318.0,-160.0,-466776.0,0.067,6.23
75323.0,-280.0,-466747.0,0.033,6.48
75328.0,-493.0,-466671.0,-0.008,6.72
75334.0,-185.0,-466472.0,0.042,6.48
75339.0,31.0,-466869.0,0.017,6.23
75344.0,178.0,-466507.0,0.008,6.23
75350.0,-46.0,-466252.0,-0.008,6.23
75355.0,112.0,-466757.0,0.017,6.48
75360.0,171.0,-466207.0,0.042,6.72
75365.0,-207.0,-466482.0,0.042,6.48
75370.0,155.0,-466345.0,-0.025,6.72
75375.0,146.0,-466475.0,0.008,6.48
75380.0,-8.0,-466482.0,0.008,6.48
75385.0,-122.0,-466027.0,0.033,6.48
75390.0,-93.0,-466299.0,0.05,6.48
75396.0,-195.0,-466280.0,0.042,6.48
75401.0,55.0,-466015.0,0.058,6.72
75407.0,264.0,-466103.0,0.058,6.48
75412.0,-20.0,-466046.0,0.042,6.48
75417.0,206.0,-465883.0,0.042,6.23
75422.0,91.0,-465579.0,-0.067,6.96
75427.0,171.0,-465798.0,0.008,6.72
75432.0,-167.0,-465981.0,-0.008,6.48
75438.0,12.0,-465939.0,0.025,6.72
75443.0,72.0,-466128.0,0.033,6.96
75448.0,-59.0,-465630.0,0.058,6.48
75453.0,-238.0,-465483.0,0.1,6.48
75458.0,52.0,-465890.0,-0.075,6.23
75463.0,39.0,-465642.0,0.092,6.72
75468.0,-393.0,-465839.0,0.017,6.23
75473.0,137.0,-465810.0,-0.008,6.96
75479.0,380.0,-465638.0,0.008,6.48
75484.0,-54.0,-465873.0,0.033,6.48
75489.0,230.0,-465740.0,0.008,6.23
75494.0,403.0,-465528.0,-0.017,6.48
75499.0,-201.0,-465677.0,0.008,6.48
75505.0,-43.0,-465742.0,0.042,6.23
75510.0,108.0,-465420.0,0.033,6.48
75515.0,-248.0,-465453.0,0.008,6.48
75521.0,-292.0,-465372.0,0.092,7.21
75526.0,-43.0,-465114.0,0.092,6.72
75531.0,299.0,-465113.0,0.05,6.48
75536.0,-171.0,-465066.0,0.017,6.23
75541.0,-30.0,-465220.0,0.1,6.23
75546.0,10.0,-465029.0,-0.042,6.23
75551.0,-236.0,-465500.0,0.033,6.23
75556.0,-405.0,-465022.0,0.075,6.48
75561.0,5.0,-465109.0,0.0,6.48
75568.0,-171.0,-464917.0,0.008,6.48
75573.0,-134.0,-464883.0,-0.083,6.72
75578.0,-71.0,-465148.0,0.108,6.48
75583.0,241.0,-465098.0,0.033,6.48
75588.0,150.0,-464560.0,-0.067,6.48
75593.0,-113.0,-464779.0,0.083,6.48
75598.0,-547.0,-464577.0,0.017,6.48
75604.0,-262.0,-464723.0,0.017,6.48
75609.0,255.0,-464578.0,-0.008,6.23
75615.0,127.0,-464324.0,0.042,6.96
75620.0,-82.0,-464468.0,0.025,6.48
75624.0,231.0,-464309.0,0.017,6.23
75630.0,27.0,-464407.0,0.058,7.21
75635.0,42.0,-464471.0,0.008,6.72
75640.0,-267.0,-464488.0,0.033,6.23
75645.0,79.0,-464504.0,0.133,6.72
75651.0,-50.0,-464666.0,0.058,6.72
75656.0,-104.0,-464405.0,0.025,6.96
75661.0,-68.0,-464056.0,0.075,6.23
75666.0,-259.0,-464038.0,-0.058,6.23
75672.0,-357.0,-463823.0,0.0,6.72
75677.0,229.0,-463977.0,0.092,6.23
75682.0,-24.0,-464015.0,0.025,6.23
75687.0,-83.0,-463870.0,0.0,6.23
75693.0,179.0,-463598.0,0.033,6.48
75698.0,118.0,-463914.0,-0.033,6.48
75703.0,-365.0,-463725.0,0.017,6.72
75709.0,-59.0,-463925.0,0.033,6.96
75714.0,28.0,-463637.0,0.017,6.96
75718.0,-123.0,-463520.0,0.0,6.72
75724.0,-221.0,-463586.0,-0.058,6.48
75729.0,94.0,-463610.0,-0.017,6.48
75734.0,-215.0,-463549.0,0.058,6.48
75740.0,-97.0,-463343.0,0.008,6.48
75745.0,-68.0,-463325.0,0.017,6.72
75750.0,-119.0,-463610.0,-0.017,6.72
75755.0,7.0,-463672.0,0.0,6.72
75760.0,64.0,-463461.0,0.042,6.72
75765.0,0.0,-463626.0,0.017,6.72
75770.0,-175.0,-463352.0,0.042,6.48
75774.0,-88.0,-463183.0,0.083,6.48
75781.0,58.0,-463191.0,0.025,6.23
75786.0,5.0,-463243.0,0.008,6.23
75791.0,56.0,-463410.0,0.083,6.48
75796.0,156.0,-463068.0,0.008,7.7
75801.0,231.0,-463016.0,-0.017,6.48
75806.0,-282.0,-463315.0,-0.042,6.48
75811.0,-140.0,-462921.0,0.042,6.23
75816.0,-141.0,-463043.0,0.017,6.23
75822.0,30.0,-462942.0,-0.083,6.48
75828.0,148.0,-462758.0,-0.033,6.23
75832.0,237.0,-463025.0,-0.008,6.23
75837.0,93.0,-462986.0,0.058,6.23
75843.0,205.0,-463070.0,0.025,6.23
75847.0,302.0,-463003.0,0.0,6.72
75852.0,-228.0,-462782.0,0.033,6.72
75858.0,-304.0,-462718.0,0.0,6.72
75864.0,-275.0,-462467.0,0.067,6.23
75869.0,-437.0,-462394.0,0.0,6.48
75874.0,35.0,-462690.0,0.008,6.23
75879.0,284.0,-462605.0,0.017,6.48
75884.0,-18.0,-462218.0,0.0,6.48
75889.0,-173.0,-462152.0,0.042,6.23
75894.0,40.0,-462303.0,0.0,6.48
75899.0,-386.0,-462613.0,0.017,6.48
75905.0,-263.0,-462369.0,0.075,6.72
75910.0,414.0,-462272.0,0.025,6.48
75915.0,-216.0,-462304.0,0.058,6.72
75920.0,-153.0,-462362.0,-0.042,6.72
75925.0,68.0,-462423.0,-0.008,6.23
75931.0,-46.0,-462481.0,0.033,6.23
75935.0,281.0,-462440.0,0.042,7.21
75940.0,-115.0,-462287.0,-0.042,6.23
75947.0,129.0,-462277.0,0.05,6.23
75951.0,152.0,-462178.0,-0.017,6.23
75957.0,-32.0,-461931.0,-0.017,6.48
75962.0,-82.0,-461887.0,-0.017,6.72
75967.0,131.0,-461882.0,-0.058,6.48
75972.0,103.0,-461961.0,0.017,6.23
75977.0,-39.0,-461781.0,0.05,6.72
75982.0,136.0,-461696.0,0.025,6.48
75987.0,-196.0,-461463.0,-0.008,6.72
75994.0,-16.0,-461563.0,0.1,6.96
75998.0,-21.0,-461678.0,0.05,6.48
76003.0,309.0,-461689.0,-0.05,6.48
76009.0,25.0,-461535.0,-0.008,6.23
76013.0,-92.0,-461692.0,-0.033,6.48
76018.0,-68.0,-461379.0,0.017,6.23
76024.0,82.0,-461447.0,0.008,6.48
76028.0,137.0,-461088.0,0.1,6.96
76035.0,15.0,-461157.0,-0.017,6.48
76040.0,345.0,-461207.0,-0.017,6.48
76045.0,414.0,-461572.0,0.0,6.23
76050.0,-150.0,-461594.0,0.033,6.48
76056.0,-190.0,-461150.0,0.042,6.96
76060.0,-101.0,-460799.0,0.017,6.23
76066.0,-163.0,-461054.0,0.008,6.48
76071.0,-331.0,-461194.0,0.033,6.96
76077.0,-46.0,-461213.0,0.05,6.23
76082.0,150.0,-460810.0,0.05,6.48
76087.0,-4.0,-461072.0,0.067,6.48
76092.0,-225.0,-461171.0,0.058,7.21
76097.0,331.0,-460846.0,0.025,6.23
76103.0,-187.0,-460762.0,0.017,6.48
76107.0,-252.0,-460779.0,-0.058,6.48
76112.0,-62.0,-460474.0,0.017,6.96
76119.0,-162.0,-460910.0,0.083,6.48
76123.0,-267.0,-461039.0,0.0,6.96
76128.0,-15.0,-460658.0,-0.033,6.48
76134.0,161.0,-460334.0,0.092,6.72
76139.0,24.0,-460317.0,-0.017,6.23
76144.0,-144.0,-460619.0,0.05,6.48
76150.0,-74.0,-460367.0,0.033,6.23
76154.0,-217.0,-460726.0,0.017,6.23
76160.0,-514.0,-460297.0,0.067,6.96
76165.0,-268.0,-460237.0,0.058,6.48
76170.0,-257.0,-460184.0,0.067,6.48
76176.0,-181.0,-460518.0,0.008,6.96
76181.0,97.0,-460248.0,0.05,6.48
76186.0,248.0,-460067.0,-0.008,6.48
76190.0,-139.0,-460004.0,0.017,6.72
76196.0,109.0,-459806.0,0.042,6.96
76201.0,-48.0,-460037.0,0.042,6.72
76207.0,-214.0,-460245.0,-0.017,6.23
76213.0,-314.0,-459953.0,-0.05,6.48
76217.0,-25.0,-460030.0,0.0,6.48
76222.0,60.0,-459743.0,0.0,6.48
76226.0,419.0,-460060.0,-0.025,6.48
76231.0,208.0,-459781.0,0.083,6.23
76237.0,96.0,-459685.0,0.067,6.23
76241.0,423.0,-460048.0,-0.025,6.96
76248.0,189.0,-460042.0,0.058,6.48
76253.0,-211.0,-460022.0,0.067,6.23
76258.0,204.0,-459979.0,-0.042,6.48
76263.0,263.0,-459422.0,0.042,6.72
76268.0,-205.0,-459766.0,0.017,6.23
76273.0,-152.0,-459733.0,0.017,6.48
76278.0,68.0,-459747.0,0.058,6.23
76284.0,-92.0,-459563.0,-0.025,6.96
76289.0,301.0,-459426.0,0.008,6.23
76295.0,251.0,-459346.0,0.008,6.48
76300.0,229.0,-459794.0,0.0,6.72
76306.0,-215.0,-459198.0,-0.033,6.23
76311.0,118.0,-459391.0,0.05,6.23
76316.0,-182.0,-458807.0,-0.017,6.48
76322.0,-52.0,-459211.0,0.05,6.23
76327.0,-122.0,-459031.0,-0.008,6.23
76333.0,311.0,-459032.0,0.083,6.23
76338.0,-305.0,-458900.0,0.033,6.72
76344.0,247.0,-459160.0,-0.033,6.48
76349.0,233.0,-459345.0,-0.067,6.96
76354.0,22.0,-459154.0,0.067,6.48
76359.0,-82.0,-458518.0,-0.042,6.48
76364.0,-271.0,-458825.0,-0.033,6.23
76369.0,-116.0,-458719.0,0.042,6.96
76376.0,-30.0,-458873.0,0.025,6.48
76380.0,255.0,-459070.0,0.008,6.96
76385.0,-146.0,-458756.0,0.008,5.01
76391.0,-20.0,-458688.0,-0.05,6.48
76395.0,53.0,-458833.0,0.033,6.72
76400.0,-136.0,-458517.0,0.008,5.25
76406.0,154.0,-458113.0,0.125,6.23
76411.0,505.0,-458320.0,0.017,6.48
76417.0,-251.0,-458334.0,0.05,6.48
76423.0,-131.0,-458564.0,0.05,6.23
76428.0,23.0,-458638.0,-0.008,6.96
76433.0,200.0,-458439.0,0.033,6.23
76438.0,-440.0,-457945.0,0.108,6.23
76444.0,-134.0,-458143.0,0.033,7.21
76449.0,26.0,-458378.0,0.058,6.96
76454.0,9.0,-458749.0,0.058,6.96
76460.0,75.0,-458239.0,0.0,6.48
76465.0,-57.0,-458272.0,0.083,6.48
76470.0,-56.0,-458007.0,0.008,6.48
76475.0,180.0,-458103.0,0.083,6.48
76480.0,307.0,-458096.0,-0.05,6.96
76485.0,482.0,-458182.0,0.092,6.72
76491.0,6.0,-458162.0,-0.025,6.48
76495.0,-215.0,-457875.0,-0.033,6.48
76500.0,-64.0,-457773.0,-0.042,6.23
76507.0,-258.0,-457953.0,0.117,6.48
76511.0,9.0,-457882.0,0.05,6.96
76517.0,-219.0,-457826.0,-0.017,6.96
76522.0,-115.0,-457490.0,0.083,6.48
76527.0,225.0,-457633.0,0.0,6.48
76532.0,118.0,-457668.0,-0.058,6.72
76538.0,-164.0,-457234.0,0.033,6.23
76544.0,-158.0,-457459.0,-0.05,6.23
76548.0,-43.0,-457504.0,0.058,6.48
76554.0,29.0,-457540.0,0.025,6.72
76559.0,205.0,-457405.0,0.083,6.23
76564.0,134.0,-457398.0,0.058,6.48
76569.0,-104.0,-457072.0,0.017,6.96
76574.0,-166.0,-457361.0,0.1,6.96
76579.0,33.0,-457392.0,-0.042,6.96
76584.0,-105.0,-457032.0,0.0,6.48
76590.0,107.0,-457041.0,0.042,6.48
76595.0,-350.0,-457428.0,0.008,6.96
76601.0,-74.0,-457040.0,0.0,6.48
76605.0,89.0,-456995.0,-0.008,6.72
76610.0,306.0,-457063.0,0.017,6.48
76615.0,-108.0,-456930.0,-0.083,6.48
76620.0,-109.0,-456683.0,0.15,6.48
76625.0,-87.0,-457133.0,0.042,6.48
76631.0,181.0,-456866.0,-0.067,6.23
76636.0,40.0,-457259.0,0.167,6.72
76642.0,-74.0,-457169.0,0.033,6.48
76647.0,46.0,-457186.0,-0.025,6.48
76651.0,47.0,-456927.0,-0.008,6.48
76657.0,53.0,-457079.0,0.017,6.96
76662.0,-87.0,-457116.0,-0.042,5.99
76666.0,-228.0,-456445.0,0.133,6.96
76673.0,-556.0,-456381.0,-0.017,6.48
76678.0,-12.0,-456354.0,-0.033,6.72
76683.0,121.0,-456643.0,0.025,6.23
76688.0,61.0,-456789.0,0.05,6.23
76693.0,25.0,-456676.0,-0.017,6.23
76698.0,92.0,-456247.0,0.075,6.48
76703.0,62.0,-456349.0,0.075,6.48
76709.0,-350.0,-456598.0,-0.042,6.23
76715.0,-329.0,-456168.0,0.067,6.48
76720.0,-1.0,-456180.0,-0.025,6.23
76725.0,-137.0,-456361.0,0.025,6.48
76730.0,48.0,-456430.0,-0.125,6.72
76735.0,-122.0,-456204.0,0.033,6.23
76740.0,150.0,-456253.0,-0.025,6.72
76745.0,-171.0,-456064.0,0.025,6.23
76751.0,93.0,-456052.0,0.008,6.48
76756.0,83.0,-455935.0,0.008,6.23
76761.0,62.0,-455844.0,-0.017,5.74
76767.0,-324.0,-455874.0,0.083,6.48
76772.0,48.0,-455861.0,0.075,6.48
76776.0,-111.0,-455964.0,-0.058,6.48
76782.0,73.0,-455494.0,-0.008,6.72
76787.0,-131.0,-455819.0,-0.008,6.48
76792.0,480.0,-456254.0,-0.017,6.48
76797.0,-36.0,-455622.0,-0.017,6.96
76803.0,-242.0,-455397.0,0.108,6.23
76808.0,-39.0,-455353.0,0.017,6.48
76814.0,-31.0,-455721.0,-0.017,6.48
76819.0,-47.0,-455582.0,0.108,6.48
76824.0,4.0,-455595.0,0.05,6.48
76829.0,-46.0,-455565.0,0.258,6.48
76834.0,-2.0,-456702.0,0.633,6.23
76839.0,-113.0,-459489.0,15.7,6.72
76845.0,1295.0,-539329.0,4.017,7.7
76850.0,-687.0,-586068.0,8.217,9.41
76855.0,464.0,-684915.0,11.917,11.12
76861.0,216.0,-805379.0,13.05,12.34
76866.0,-218.0,-858602.0,5.6,14.3
76871.0,-347.0,-963541.0,11.792,14.3
76876.0,85.0,-1068897.0,10.358,15.76
76881.0,215.0,-1120158.0,9.558,16.5
76888.0,-71.0,-1222139.0,10.267,18.21
76893.0,-134.0,-1322207.0,9.658,20.89
76898.0,38.0,-1425841.0,9.967,24.32
76904.0,-80.0,-1477822.0,8.742,27.98
76908.0,-351.0,-1575235.0,9.408,31.65
76913.0,-694.0,-1624970.0,8.9,36.29
76918.0,-492.0,-1721733.0,7.142,38.0
76923.0,-125.0,-1813871.0,9.667,37.51
76930.0,27.0,-1909745.0,7.758,35.07
76935.0,-27.0,-1955328.0,8.142,32.87
76940.0,28.0,-2046803.0,8.325,31.89
76945.0,193.0,-2092878.0,7.317,31.89
76950.0,-83.0,-2182195.0,7.192,32.38
76955.0,-46.0,-2268517.0,8.233,32.38
76961.0,-178.0,-2357329.0,6.842,31.65
76966.0,-360.0,-2399898.0,6.867,30.43
76972.0,-463.0,-2483505.0,7.092,29.2
76977.0,36.0,-2567047.0,6.225,27.98
76982.0,-226.0,-2607088.0,6.592,28.23
76987.0,-433.0,-2687237.0,6.2,27.0
76991.0,-348.0,-2727406.0,6.225,26.76
76997.0,112.0,-2805595.0,5.867,27.0
77002.0,-135.0,-2882033.0,5.667,25.54
77007.0,203.0,-2957161.0,5.175,25.05
77014.0,-75.0,-2993312.0,5.033,24.32
77018.0,-118.0,-3065755.0,4.992,23.83
77023.0,-207.0,-3102378.0,4.708,23.34
77028.0,273.0,-3172825.0,4.708,22.85
77033.0,-52.0,-3242753.0,4.792,22.12
77039.0,-456.0,-3311629.0,4.817,21.87
77044.0,-292.0,-3345088.0,4.433,21.87
77049.0,-120.0,-3412103.0,4.708,20.89
77056.0,231.0,-3477115.0,4.067,20.65
77061.0,-315.0,-3509298.0,4.033,20.16
77066.0,-181.0,-3572243.0,3.617,19.92
77071.0,-560.0,-3632629.0,3.967,18.94
77076.0,27.0,-3662488.0,3.742,18.45
77081.0,-133.0,-3721929.0,3.983,18.94
77086.0,20.0,-3779503.0,3.625,17.96
77091.0,-180.0,-3807934.0,3.2,17.47
77097.0,-34.0,-3863445.0,3.758,16.98
77103.0,-67.0,-3917919.0,2.775,16.98
77107.0,-104.0,-3944650.0,3.483,16.5
77113.0,-18.0,-3997399.0,3.467,16.5
77118.0,1.0,-4048853.0,3.242,16.74
77123.0,-105.0,-4074056.0,3.417,16.01
77128.0,-141.0,-4124733.0,3.458,15.52
77133.0,-120.0,-4173605.0,2.75,15.52
77138.0,-83.0,-4198068.0,2.933,15.76
77144.0,-399.0,-4246173.0,3.008,15.03
77149.0,-16.0,-4292341.0,2.325,14.54
77155.0,-88.0,-4314662.0,2.417,14.54
77160.0,-94.0,-4360079.0,2.525,14.3
77165.0,45.0,-4403569.0,2.308,14.78
77170.0,106.0,-4425242.0,2.9,13.81
77175.0,246.0,-4467865.0,2.575,13.81
77180.0,-145.0,-4508763.0,1.875,13.56
77186.0,-201.0,-4529820.0,2.133,13.32
77191.0,-141.0,-4569893.0,1.4,13.07
77197.0,-228.0,-4609965.0,1.783,13.07
77201.0,-469.0,-4629878.0,2.417,12.83
77206.0,163.0,-4668751.0,1.75,12.59
77212.0,36.0,-4706467.0,2.2,12.59
77216.0,-355.0,-4724904.0,2.5,12.34
77222.0,-107.0,-4761657.0,1.667,12.1
77228.0,-236.0,-4797459.0,1.458,12.83
77233.0,-210.0,-4814918.0,1.575,12.59
77238.0,22.0,-4850239.0,0.9,12.34
77243.0,-21.0,-4883735.0,1.075,11.61
77248.0,-206.0,-4900562.0,1.35,11.61
77253.0,-214.0,-4933389.0,1.092,10.63
77258.0,-405.0,-4966261.0,1.717,11.85
77264.0,287.0,-4982416.0,1.733,10.87
77270.0,-75.0,-5013223.0,1.092,11.36
77275.0,-228.0,-5043913.0,1.408,11.36
77280.0,-207.0,-5059538.0,1.033,10.63
77285.0,-305.0,-5089745.0,1.292,10.87
77290.0,-368.0,-5119039.0,2.208,10.39
77295.0,159.0,-5133680.0,2.542,10.39
77300.0,107.0,-5162029.0,0.817,10.87
77305.0,-172.0,-5184489.0,1.225,10.14
77310.0,-112.0,-5193674.0,0.5,10.14
77317.0,4.0,-5205689.0,0.842,9.9
77322.0,-147.0,-5210493.0,0.317,9.65
77326.0,-442.0,-5211676.0,0.2,9.41
77332.0,-350.0,-5212306.0,0.742,9.16
77337.0,-251.0,-5210638.0,0.35,8.92
77342.0,-86.0,-5209289.0,0.65,8.68
77347.0,-248.0,-5207792.0,0.708,8.43
77352.0,-205.0,-5202266.0,0.733,8.43
77358.0,-273.0,-5199957.0,0.933,7.94
77363.0,-13.0,-5195362.0,0.217,7.7
77368.0,242.0,-5190022.0,0.308,7.94
77373.0,129.0,-5187469.0,0.217,7.45
77379.0,173.0,-5182155.0,0.633,7.45
77384.0,-74.0,-5177397.0,0.3,7.21
77388.0,199.0,-5175028.0,0.317,6.96
77394.0,-49.0,-5170172.0,0.525,6.48
77400.0,-100.0,-5165658.0,0.608,6.48
77405.0,-131.0,-5163799.0,0.583,6.23
77410.0,-125.0,-5161642.0,0.367,6.48
77415.0,-318.0,-5155458.0,0.483,6.96
77420.0,-385.0,-5153529.0,0.458,6.96
77425.0,13.0,-5149547.0,0.192,7.7
77431.0,-354.0,-5145265.0,0.45,7.21
77435.0,-135.0,-5143536.0,0.475,6.96
77442.0,-239.0,-5140186.0,0.267,6.72
77447.0,218.0,-5136356.0,0.408,6.48
77452.0,-315.0,-5134707.0,0.325,6.48
77457.0,-507.0,-5131127.0,0.333,6.72
77462.0,-92.0,-5127429.0,0.467,7.21
77467.0,-287.0,-5125858.0,0.35,7.7
77472.0,-99.0,-5122347.0,0.383,6.96
77477.0,62.0,-5119417.0,0.383,6.96
77483.0,93.0,-5117660.0,0.275,6.96
77489.0,-155.0,-5114570.0,0.375,6.96
77494.0,-68.0,-5111858.0,0.3,6.96
77498.0,177.0,-5110091.0,0.2,7.7
77504.0,-463.0,-5107215.0,0.333,6.96
77509.0,-234.0,-5104733.0,0.35,7.21
77514.0,-215.0,-5103076.0,0.217,6.72
77519.0,-193.0,-5100418.0,0.408,7.45
77526.0,-216.0,-5097134.0,-0.792,6.72
77530.0,-159.0,-5094007.0,-0.183,6.96
77536.0,-105.0,-5077809.0,0.767,6.48
77541.0,-195.0,-5051793.0,-1.067,6.23
77546.0,-54.0,-5037146.0,0.15,5.99
77551.0,-104.0,-5005409.0,-1.075,6.23
77557.0,-74.0,-4971487.0,-0.3,5.5
77561.0,7.0,-4953516.0,0.192,5.74
77568.0,51.0,-4916093.0,-0.167,5.99
77573.0,-115.0,-4876297.0,-0.225,5.5
77578.0,-308.0,-4856198.0,-0.992,5.01
77583.0,-196.0,-4815475.0,0.658,4.52
77589.0,182.0,-4774055.0,-0.292,4.52
77594.0,1.0,-4731113.0,-1.233,4.28
77598.0,-604.0,-4709734.0,-1.483,4.28
77604.0,-82.0,-4665784.0,-0.492,4.03
77609.0,17.0,-4620496.0,-1.108,3.79
77615.0,-392.0,-4598037.0,-1.433,3.54
77620.0,52.0,-4552121.0,-1.233,3.79
77625.0,123.0,-4504595.0,-1.658,3.54
77630.0,-42.0,-4480546.0,-1.083,3.3
77636.0,-302.0,-4431368.0,-0.683,3.3
77641.0,-270.0,-4382492.0,-0.842,3.05
77646.0,-185.0,-4357377.0,-0.733,3.05
77651.0,-325.0,-4307256.0,-1.508,3.05
77658.0,-269.0,-4254684.0,-1.483,2.81
77662.0,-262.0,-4228755.0,-1.817,2.57
77668.0,-102.0,-4174412.0,-1.55,1.59
77673.0,-186.0,-4121436.0,-1.817,2.32
77678.0,-387.0,-4066830.0,-1.717,2.32
77683.0,-178.0,-4039079.0,-1.958,2.08
77689.0,-636.0,-3982701.0,-1.542,2.57
77694.0,-76.0,-3925041.0,-1.117,2.57
77700.0,-443.0,-3895490.0,-1.467,1.59
77705.0,-93.0,-3836911.0,-1.958,1.34
77711.0,-147.0,-3777189.0,-2.15,1.34
77715.0,-278.0,-3746330.0,-2.517,1.83
77720.0,-271.0,-3683653.0,-2.383,1.34
77726.0,-201.0,-3619479.0,-2.05,1.34
77730.0,-78.0,-3587198.0,-2.658,0.86
77736.0,-130.0,-3522453.0,-2.617,0.61
77742.0,-522.0,-3456493.0,-2.8,0.61
77747.0,-497.0,-3422524.0,-2.542,0.86
77752.0,-363.0,-3353787.0,-2.683,0.37
77758.0,-235.0,-3284053.0,-2.625,0.12
77762.0,-52.0,-3249590.0,-3.317,0.37
77767.0,-165.0,-3179679.0,-3.342,0.37
77773.0,-157.0,-3107637.0,-3.758,-0.12
77777.0,-206.0,-3070998.0,-3.642,-0.86
77784.0,102.0,-2995673.0,-4.075,-1.34
77789.0,250.0,-2920171.0,-3.7,-1.59
77794.0,-31.0,-2883534.0,-4.325,-2.32
77799.0,-218.0,-2807921.0,-4.508,-1.83
77804.0,-588.0,-2729177.0,-4.875,-2.57
77809.0,-169.0,-2689268.0,-4.625,-3.05
77814.0,-197.0,-2609039.0,-4.817,-3.3
77820.0,-1.0,-2528313.0,-4.767,-3.3
77825.0,80.0,-2488902.0,-5.508,-4.28
77830.0,-506.0,-2408765.0,-5.775,-4.77
77836.0,-398.0,-2325999.0,-6.4,-4.77
77841.0,-545.0,-2285770.0,-5.942,-5.99
77845.0,-2.0,-2205437.0,-6.992,-6.72
77851.0,-22.0,-2124817.0,-6.467,-7.45
77856.0,209.0,-2085426.0,-7.958,-7.45
77861.0,-57.0,-2045295.0,-7.942,-8.43
77867.0,-329.0,-1920511.0,-8.125,-9.41
77872.0,-242.0,-1879582.0,-8.242,-9.65
77877.0,76.0,-1797599.0,-8.35,-10.14
77883.0,-140.0,-1720107.0,-8.092,-11.36
77888.0,-283.0,-1681290.0,-9.833,-12.34
77892.0,-386.0,-1599845.0,-10.867,-13.07
77896.0,47.0,-1558890.0,-10.442,-13.32
77902.0,-101.0,-1478698.0,-10.475,-15.27
77906.0,146.0,-1437779.0,-10.767,-15.27
77911.0,23.0,-1360630.0,-9.133,-16.01
77915.0,146.0,-1323687.0,-10.533,-16.25
77919.0,-185.0,-1286106.0,-10.958,-17.47
77923.0,-266.0,-1205867.0,-11.55,-17.96
77927.0,-245.0,-1164912.0,-11.725,-18.45
77931.0,-340.0,-1125637.0,-11.2,-19.18
77935.0,-159.0,-1048840.0,-12.342,-19.18
77939.0,-482.0,-1011341.0,-10.2,-19.92
77945.0,188.0,-942407.0,-11.708,-20.16
77949.0,-465.0,-906932.0,-15.517,-21.38
77956.0,-787.0,-827718.0,-9.275,-21.14
77962.0,379.0,-748946.0,-9.375,-22.85
77967.0,-227.0,-681550.0,-8.367,-23.58
77972.0,6.0,-649897.0,-7.433,-24.07
77977.0,14.0,-588773.0,-8.275,-24.32
77983.0,-306.0,-521829.0,-9.242,-24.07
77989.0,174.0,-455901.0,-6.917,-25.05
77993.0,23.0,-424222.0,-7.375,-25.29
78000.0,-47.0,-364048.0,-5.15,-25.54
78005.0,197.0,-319314.0,-1.475,-25.78
78011.0,-91.0,-279566.0,-6.3,-25.54
78016.0,-370.0,-268391.0,4.883,-24.8
78021.0,-64.0,-255827.0,1.017,-21.38
78027.0,-318.0,-245711.0,-5.158,-18.94
78032.0,-162.0,-237265.0,3.567,-14.78
78038.0,-45.0,-233706.0,-1.75,-11.36
78044.0,133.0,-228160.0,-2.233,-8.68
78049.0,-29.0,-225610.0,1.692,-6.48
78055.0,27.0,-225540.0,-1.492,-3.79
78059.0,138.0,-225801.0,-0.358,-2.81
78065.0,-346.0,-227007.0,0.042,-0.86
78070.0,-150.0,-228663.0,-0.933,0.37
78076.0,-370.0,-230609.0,0.008,1.83
78082.0,-43.0,-231666.0,-0.583,3.05
78087.0,-91.0,-233732.0,-0.525,4.77
78093.0,107.0,-235784.0,-0.133,5.5
78098.0,31.0,-237137.0,-0.292,6.23
78102.0,-358.0,-239348.0,0.05,6.48
78108.0,94.0,-241862.0,-0.175,7.45
78113.0,497.0,-243309.0,-0.583,8.68
78118.0,-116.0,-246303.0,-0.133,8.92
78124.0,-80.0,-249185.0,0.017,8.92
78129.0,209.0,-250842.0,-0.117,9.9
78134.0,-56.0,-253140.0,-0.133,9.41
78139.0,-530.0,-255144.0,0.017,8.92
78144.0,-677.0,-256327.0,-0.025,8.68
78149.0,-148.0,-258527.0,-0.05,7.7
78155.0,-376.0,-260771.0,-0.1,7.45
78159.0,-317.0,-261838.0,-0.258,7.21
78164.0,-152.0,-263288.0,-0.267,7.94
78171.0,-224.0,-265356.0,-0.042,7.45
78176.0,-69.0,-266337.0,-0.158,7.45
78181.0,66.0,-268425.0,-0.167,7.45
78186.0,174.0,-270105.0,-0.117,7.7
78191.0,103.0,-270844.0,0.058,6.96
78196.0,-196.0,-272686.0,-0.008,5.99
78202.0,-86.0,-273896.0,0.05,6.72
78206.0,151.0,-275085.0,-0.083,6.96
78212.0,46.0,-276399.0,-0.183,6.48
78218.0,-358.0,-277473.0,-0.017,6.23
78222.0,-69.0,-278546.0,-0.083,6.96
78228.0,73.0,-279980.0,-0.467,6.48
78233.0,59.0,-286674.0,2.008,6.72
78238.0,-97.0,-303103.0,12.517,7.45
78243.0,568.0,-364878.0,5.108,8.68
78249.0,-760.0,-447900.0,6.65,10.63
78255.0,46.0,-491343.0,11.508,12.34
78260.0,-61.0,-593560.0,12.942,13.56
78265.0,33.0,-705162.0,6.492,16.25
78271.0,-277.0,-809530.0,11.408,15.52
78275.0,670.0,-862543.0,9.908,16.25
78281.0,155.0,-965299.0,9.092,17.96
78286.0,221.0,-1067515.0,9.408,20.16
78291.0,-273.0,-1117478.0,9.558,22.85
78297.0,30.0,-1221491.0,10.067,27.0
78303.0,-156.0,-1325089.0,9.283,30.91
78308.0,108.0,-1373524.0,9.267,35.07
78313.0,37.0,-1472859.0,9.675,37.76
78318.0,-295.0,-1569867.0,7.192,40.2
78324.0,-169.0,-1663987.0,10.033,38.0
78329.0,151.0,-1713204.0,7.925,36.29
78334.0,-92.0,-1808067.0,8.042,34.82
78340.0,88.0,-1900609.0,8.492,34.58
78346.0,-164.0,-1948046.0,7.4,34.58
78350.0,-309.0,-2038017.0,7.692,34.58
78356.0,-131.0,-2127881.0,8.275,33.6
78362.0,-295.0,-2218237.0,7.458,32.14
78367.0,-103.0,-2261314.0,7.05,30.91
78372.0,14.0,-2346363.0,7.433,29.94
78377.0,-98.0,-2431855.0,6.408,28.96
78383.0,-284.0,-2472428.0,6.75,28.47
78388.0,-153.0,-2554373.0,6.567,27.98
78394.0,-7.0,-2636239.0,6.442,27.25
78399.0,-211.0,-2713823.0,6.433,27.49
78404.0,-237.0,-2752674.0,5.433,26.03
78409.0,-134.0,-2829069.0,5.558,25.29
78415.0,-206.0,-2903193.0,5.425,24.8
78420.0,116.0,-2940468.0,5.55,24.8
78426.0,147.0,-3014495.0,5.2,24.07
78431.0,-391.0,-3085709.0,5.383,22.85
78437.0,233.0,-3155967.0,4.625,22.36
78442.0,23.0,-3190748.0,4.842,22.61
78447.0,-64.0,-3260167.0,4.433,21.63
78453.0,-54.0,-3328151.0,4.792,21.14
78458.0,298.0,-3360644.0,4.292,20.65
78462.0,-125.0,-3425623.0,4.5,20.16
78469.0,-365.0,-3489371.0,4.175,19.92
78475.0,-357.0,-3551181.0,3.875,19.43
78480.0,-433.0,-3582426.0,4.025,19.18
78485.0,-336.0,-3643753.0,3.542,18.45
78490.0,-418.0,-3702655.0,3.683,17.96
78496.0,130.0,-3731782.0,3.908,17.72
78500.0,-223.0,-3789013.0,3.383,17.47
78507.0,-331.0,-3846201.0,3.325,16.98
78513.0,55.0,-3902631.0,3.033,16.25
78518.0,-267.0,-3929504.0,2.283,14.78
78522.0,-268.0,-3983677.0,2.642,16.01
78528.0,204.0,-4037197.0,2.65,15.52
78533.0,-94.0,-4063794.0,2.467,15.27
78538.0,-35.0,-4115907.0,2.642,15.03
78543.0,-72.0,-4166527.0,2.392,15.52
78548.0,14.0,-4191020.0,1.933,14.78
78554.0,-513.0,-4238811.0,2.225,15.03
78560.0,-105.0,-4286553.0,1.875,14.05
78565.0,85.0,-4309816.0,2.842,14.3
78570.0,-106.0,-4356483.0,3.292,14.05
78575.0,-363.0,-4401325.0,2.075,13.32
78580.0,-435.0,-4423246.0,2.25,13.81
78585.0,-426.0,-4466753.0,2.425,13.07
78590.0,-224.0,-4509519.0,1.367,12.83
78597.0,-158.0,-4530604.0,1.808,12.59
78601.0,-217.0,-4572491.0,1.692,12.59
78606.0,-70.0,-4612955.0,1.167,12.34
78612.0,-714.0,-4632608.0,1.658,12.1
78616.0,-149.0,-4672189.0,3.492,11.85
78622.0,204.0,-4710355.0,-0.142,11.85
78627.0,-156.0,-4729034.0,2.608,11.61
78632.0,-219.0,-4766281.0,0.875,11.61
78638.0,-11.0,-4802157.0,1.292,11.61
78643.0,-33.0,-4820030.0,1.542,10.87
78648.0,270.0,-4855093.0,1.242,13.56
78653.0,-143.0,-4888915.0,1.433,10.87
78658.0,-205.0,-4905946.0,1.758,10.87
78663.0,-192.0,-4938817.0,1.942,10.87
78668.0,-173.0,-4955262.0,1.158,10.63
78673.0,121.0,-4987369.0,1.658,11.12
78679.0,200.0,-5018973.0,1.133,10.87
78685.0,-438.0,-5049971.0,0.792,10.39
78690.0,-162.0,-5065456.0,1.942,10.39
78695.0,-93.0,-5096369.0,1.192,10.63
78700.0,-184.0,-5124217.0,1.267,10.14
78705.0,-178.0,-5136288.0,1.8,10.14
78710.0,13.0,-5155341.0,1.008,9.9
78716.0,-9.0,-5166309.0,0.925,9.65
78722.0,-219.0,-5169060.0,0.4,9.65
78726.0,-90.0,-5171277.0,0.425,9.9
78732.0,60.0,-5171663.0,0.558,8.92
78737.0,-392.0,-5171070.0,0.308,8.92
78742.0,-45.0,-5168753.0,0.158,8.19
78747.0,-327.0,-5165029.0,0.292,7.94
78752.0,-377.0,-5163254.0,-0.15,7.7
78757.0,-96.0,-5159119.0,0.25,7.7
78763.0,-399.0,-5157132.0,0.55,8.19
78768.0,-105.0,-5152031.0,0.258,6.48
78773.0,-238.0,-5147055.0,0.275,7.21
78779.0,162.0,-5141989.0,0.325,6.72
78784.0,66.0,-5139710.0,0.233,6.48
78788.0,-273.0,-5134539.0,0.25,6.48
78794.0,53.0,-5130513.0,0.267,6.72
78799.0,91.0,-5128482.0,0.275,6.48
78804.0,-316.0,-5124553.0,0.408,6.23
78809.0,-149.0,-5122332.0,0.225,6.48
78815.0,-355.0,-5118233.0,0.183,6.48
78820.0,-194.0,-5114157.0,0.417,7.45
78825.0,144.0,-5112192.0,0.208,6.48
78830.0,-236.0,-5108561.0,0.25,7.21
78835.0,-139.0,-5104425.0,0.35,6.48
78841.0,253.0,-5101117.0,0.158,6.48
78846.0,-183.0,-5099446.0,0.217,6.96
78852.0,-64.0,-5096111.0,0.225,6.48
78856.0,-417.0,-5094296.0,0.183,6.48
78861.0,-455.0,-5090847.0,0.283,6.72
78867.0,-382.0,-5087335.0,0.208,6.48
78872.0,-368.0,-5085682.0,0.217,6.72
78877.0,-222.0,-5083129.0,0.208,6.48
78882.0,-447.0,-5079835.0,0.158,6.96
78888.0,-457.0,-5076575.0,0.25,7.21
78894.0,79.0,-5075168.0,0.15,6.96
78898.0,-182.0,-5073973.0,0.192,6.48
78903.0,-3.0,-5071042.0,0.167,6.96
78908.0,-23.0,-5068373.0,0.15,6.48
78913.0,-166.0,-5065795.0,0.183,6.96
78919.0,-34.0,-5064356.0,0.2,6.48
78924.0,-38.0,-5062005.0,-0.242,8.68
78929.0,123.0,-5055557.0,-0.392,6.72
78935.0,167.0,-5046480.0,0.542,6.48
78940.0,-131.0,-5021921.0,-1.733,6.23
78945.0,-132.0,-4992759.0,0.833,6.23
78950.0,-182.0,-4977034.0,-1.95,6.23
78955.0,72.0,-4943247.0,-1.517,5.74
78961.0,571.0,-4906985.0,0.817,5.99
78965.0,48.0,-4887614.0,-0.658,5.25
78970.0,-216.0,-4848523.0,-0.708,5.01
78977.0,-81.0,-4807583.0,-0.608,5.5
78982.0,-497.0,-4786742.0,0.45,5.01
78987.0,-317.0,-4744439.0,-0.158,4.77
78992.0,-468.0,-4700927.0,-0.558,4.77
78997.0,-302.0,-4679500.0,-0.967,4.28
79002.0,134.0,-4635311.0,-0.408,3.79
79007.0,-53.0,-4589669.0,-0.817,3.54
79012.0,-57.0,-4566904.0,-1.092,3.79
79019.0,-249.0,-4520105.0,-1.483,4.28
79024.0,-36.0,-4472029.0,-1.658,4.28
79028.0,-321.0,-4448310.0,-1.117,4.03
79034.0,-39.0,-4423989.0,-0.917,3.54
79039.0,96.0,-4348959.0,-1.467,3.3
79044.0,-54.0,-4324120.0,-1.567,3.05
79049.0,-284.0,-4273263.0,-1.733,3.05
79054.0,7.0,-4220367.0,-0.9,2.81
79059.0,105.0,-4193540.0,-0.933,3.05
79065.0,-175.0,-4139539.0,-1.183,2.81
79070.0,-258.0,-4085103.0,-1.842,3.05
79076.0,138.0,-4058450.0,-1.7,2.57
79081.0,-332.0,-4002665.0,-1.808,3.54
79086.0,-689.0,-3945401.0,-1.683,2.81
79091.0,-242.0,-3916304.0,-2.2,2.32
79096.0,-52.0,-3887191.0,-1.742,1.83
79101.0,-97.0,-3797903.0,-2.05,1.59
79107.0,-371.0,-3767794.0,-1.533,2.08
79112.0,-213.0,-3706815.0,-1.883,2.08
79117.0,-192.0,-3643057.0,-1.875,1.34
79122.0,-233.0,-3611040.0,-2.217,1.1
79128.0,175.0,-3545848.0,-1.942,0.86
79133.0,72.0,-3479888.0,-2.558,0.61
79137.0,-227.0,-3446207.0,-2.608,0.61
79143.0,-247.0,-3378375.0,-3.175,0.37
79149.0,-54.0,-3308857.0,-3.208,0.37
79154.0,-423.0,-3273630.0,-2.917,0.12
79159.0,53.0,-3238121.0,-2.983,-0.61
79164.0,330.0,-3132597.0,-2.775,-0.61
79169.0,503.0,-3095880.0,-3.25,-0.37
79175.0,-277.0,-3021322.0,-3.533,-0.86
79180.0,-218.0,-2945574.0,-3.317,-1.1
79184.0,151.0,-2907635.0,-3.5,-2.32
79191.0,225.0,-2831341.0,-3.758,-1.83
79196.0,370.0,-2754393.0,-4.275,-2.08
79201.0,69.0,-2714616.0,-4.958,-2.32
79206.0,-349.0,-2633983.0,-4.858,-2.32
79211.0,-216.0,-2552697.0,-5.167,-2.81
79216.0,-197.0,-2511770.0,-4.783,-3.05
79222.0,61.0,-2429868.0,-5.242,-4.03
79227.0,0.0,-2348764.0,-5.767,-4.03
79232.0,-431.0,-2307237.0,-6.258,-4.77
79238.0,-31.0,-2223711.0,-5.433,-5.74
79243.0,-140.0,-2141315.0,-6.958,-6.23
79248.0,65.0,-2099580.0,-6.025,-7.21
79253.0,223.0,-2019198.0,-7.183,-7.21
79258.0,68.0,-1937568.0,-8.075,-7.94
79263.0,-197.0,-1895421.0,-8.358,-8.92
79268.0,-317.0,-1853148.0,-8.292,-9.65
79273.0,-106.0,-1728650.0,-9.025,-10.63
79279.0,43.0,-1688179.0,-8.45,-11.12
79285.0,-355.0,-1611249.0,-9.575,-12.34
79290.0,-424.0,-1531517.0,-10.3,-12.59
79294.0,-109.0,-1489766.0,-10.35,-14.05
79299.0,114.0,-1408566.0,-9.208,-14.78
79304.0,-211.0,-1368335.0,-11.125,-15.52
79308.0,4.0,-1289632.0,-10.283,-16.01
79312.0,119.0,-1252907.0,-9.917,-16.98
79319.0,-799.0,-1177077.0,-11.6,-17.96
79323.0,-772.0,-1137342.0,-11.375,-18.7
79327.0,-501.0,-1096893.0,-11.958,-19.43
79331.0,-366.0,-1018430.0,-11.45,-19.67
79335.0,-101.0,-980381.0,-11.175,-20.41
79340.0,-459.0,-910199.0,-10.2,-20.89
79345.0,68.0,-876696.0,-11.525,-21.14
79350.0,-702.0,-804199.0,-12.983,-22.12
79356.0,-302.0,-726177.0,-13.575,-22.85
79362.0,-565.0,-652641.0,-9.325,-23.09
79367.0,-436.0,-621102.0,-3.133,-23.58
79373.0,-46.0,-566296.0,-9.608,-24.56
79378.0,2.0,-504074.0,-8.125,-25.05
79383.0,155.0,-473071.0,-7.8,-25.29
79388.0,-67.0,-410716.0,-6.667,-25.54
79393.0,-259.0,-354198.0,-5.667,-25.78
79398.0,-196.0,-323321.0,-7.167,-25.54
79404.0,-324.0,-273056.0,1.017,-26.52
79410.0,0.0,-232606.0,-5.933,-26.52
79414.0,-347.0,-222395.0,-0.783,-25.78
79420.0,259.0,-211782.0,3.65,-22.85
79425.0,-437.0,-202704.0,-5.233,-19.43
79430.0,-752.0,-194288.0,0.3,-16.5
79435.0,373.0,-190967.0,1.933,-13.07
79441.0,-113.0,-185873.0,-2.692,-9.65
79447.0,-288.0,-183675.0,0.4,-7.7
79451.0,-181.0,-183250.0,0.483,-5.74
79457.0,9.0,-183718.0,-1.5,-4.03
79462.0,146.0,-184666.0,-0.35,-1.59
79467.0,-221.0,-185395.0,-0.308,-0.37
79472.0,-317.0,-187587.0,-0.425,0.86
79477.0,-198.0,-189989.0,-0.267,2.08
79482.0,-475.0,-191392.0,-0.392,3.3
79489.0,-79.0,-194224.0,-0.775,4.52
79493.0,24.0,-195511.0,-0.075,5.5
79498.0,-314.0,-198002.0,-0.3,8.43
79504.0,-202.0,-201028.0,-0.283,6.72
79508.0,-131.0,-202561.0,-0.192,7.45
79513.0,326.0,-204992.0,-0.458,8.19
79519.0,-432.0,-207872.0,-0.383,8.68
79523.0,-49.0,-209281.0,-0.017,9.16
79528.0,221.0,-210090.0,-0.308,9.9
79534.0,-230.0,-214082.0,-0.275,9.65
79539.0,-367.0,-215377.0,0.0,8.43
79545.0,341.0,-216915.0,-0.058,8.92
79549.0,-76.0,-217960.0,-0.092,8.19
79554.0,-261.0,-219803.0,-0.208,7.94
79559.0,-129.0,-221795.0,-0.167,7.21
79564.0,-64.0,-222520.0,-0.175,7.94
79569.0,-714.0,-223381.0,-0.15,7.7
79576.0,-158.0,-226413.0,-0.15,8.19
79580.0,-135.0,-227014.0,-0.25,7.7
79585.0,-135.0,-227999.0,-0.058,7.21
79591.0,23.0,-230421.0,0.0,7.7
79596.0,14.0,-231264.0,-0.1,6.48
79601.0,-112.0,-232632.0,-0.075,6.72
79607.0,-344.0,-234286.0,-0.067,6.48
79611.0,-443.0,-234979.0,-0.075,6.48
79617.0,-31.0,-236130.0,0.025,6.23
79623.0,-175.0,-237508.0,-0.192,6.48
79628.0,-206.0,-238325.0,-0.383,7.21
79633.0,-34.0,-240128.0,-0.775,6.48
79638.0,-390.0,-263552.0,8.875,6.72
79643.0,221.0,-291235.0,9.592,7.7
79648.0,45.0,-366944.0,2.75,9.9
79653.0,-199.0,-452024.0,11.142,12.34
79659.0,-88.0,-501787.0,12.867,12.83
79664.0,-571.0,-613070.0,7.467,14.3
79669.0,-27.0,-714668.0,8.95,15.03
79674.0,-48.0,-766929.0,11.467,16.01
79680.0,-156.0,-870245.0,8.558,17.23
79685.0,-298.0,-972753.0,10.333,19.92
79691.0,98.0,-1071691.0,9.025,22.36
79696.0,67.0,-1124008.0,10.508,24.56
79702.0,-17.0,-1176617.0,8.883,29.45
79707.0,-137.0,-1326839.0,9.192,33.85
79712.0,194.0,-1376340.0,10.208,38.73
79717.0,-603.0,-1475693.0,7.267,40.93
79723.0,-271.0,-1570197.0,9.558,40.2
79727.0,-60.0,-1618652.0,8.858,37.02
79732.0,-52.0,-1714047.0,7.792,34.82
79738.0,-184.0,-1806519.0,8.858,33.85
79744.0,331.0,-1854716.0,8.017,34.58
79748.0,-110.0,-1947453.0,7.267,34.58
79754.0,-334.0,-2036355.0,8.267,34.09
79759.0,81.0,-2081802.0,7.467,33.36
79764.0,148.0,-2171261.0,7.392,32.62
79769.0,-86.0,-2257729.0,7.208,31.16
79774.0,197.0,-2301396.0,7.133,29.94
79780.0,-145.0,-2386082.0,6.325,28.71
79785.0,-437.0,-2468154.0,6.85,28.23
79792.0,-149.0,-2550202.0,6.817,27.74
79797.0,-40.0,-2590483.0,6.325,27.25
79801.0,-377.0,-2669060.0,6.325,26.76
79807.0,35.0,-2747058.0,5.633,25.78
79812.0,4.0,-2784119.0,5.658,25.54
79817.0,-162.0,-2858753.0,5.858,24.8
79823.0,-242.0,-2933437.0,5.617,24.07
79830.0,-148.0,-3005273.0,5.508,23.58
79834.0,-359.0,-3041514.0,4.717,22.85
79839.0,-210.0,-3078123.0,4.95,23.09
79845.0,56.0,-3182333.0,4.708,22.61
79849.0,-283.0,-3216888.0,4.9,21.63
79855.0,171.0,-3284636.0,4.4,22.36
79861.0,-399.0,-3350496.0,4.433,20.65
79866.0,-65.0,-3415734.0,4.208,19.92
79872.0,-156.0,-3447017.0,3.842,19.67
79877.0,77.0,-3509255.0,3.758,19.92
79883.0,-141.0,-3571685.0,3.967,18.94
79888.0,113.0,-3631921.0,3.508,18.7
79893.0,-50.0,-3661666.0,3.467,17.96
79899.0,-332.0,-3720518.0,3.483,18.45
79904.0,-222.0,-3778014.0,2.875,17.23
79910.0,-154.0,-3835706.0,2.967,16.98
79916.0,-217.0,-3863317.0,2.492,17.23
79921.0,-24.0,-3917827.0,2.758,16.01
79927.0,0.0,-3972319.0,2.85,16.25
79932.0,-166.0,-3999274.0,2.383,15.52
79936.0,-509.0,-4052131.0,2.75,15.27
79942.0,-61.0,-4104109.0,2.725,14.3
79948.0,-245.0,-4154315.0,2.192,14.54
79952.0,-396.0,-4178998.0,2.317,14.78
79959.0,-267.0,-4227802.0,2.708,14.05
79964.0,-145.0,-4275656.0,2.8,14.05
79969.0,-143.0,-4299217.0,2.792,13.81
79974.0,-134.0,-4344854.0,2.1,13.81
79980.0,-266.0,-4389256.0,1.933,13.56
79985.0,-370.0,-4433154.0,2.342,13.07
79990.0,-379.0,-4454691.0,2.167,12.83
79995.0,-26.0,-4498143.0,2.442,12.83
80002.0,-408.0,-4540409.0,5.175,12.83
80007.0,-158.0,-4560854.0,-1.567,12.34
80012.0,-269.0,-4601161.0,2.258,12.34
80018.0,-123.0,-4641351.0,1.967,12.1
80023.0,247.0,-4679483.0,0.442,12.1
80028.0,-263.0,-4698674.0,1.908,12.34
80033.0,30.0,-4736815.0,1.242,12.34
80039.0,-218.0,-4772549.0,0.958,11.36
80045.0,-552.0,-4790320.0,1.225,11.85
80050.0,-87.0,-4825659.0,0.883,11.12
80055.0,-91.0,-4860367.0,1.392,11.12
80061.0,-349.0,-4895367.0,1.742,11.61
80066.0,-245.0,-4911780.0,1.083,11.12
80071.0,-446.0,-4943867.0,0.983,10.63
80077.0,-192.0,-4976255.0,1.133,11.12
80082.0,108.0,-4992000.0,1.083,10.87
80087.0,-109.0,-5024347.0,1.5,9.9
80093.0,67.0,-5055073.0,1.65,10.87
80099.0,-81.0,-5083861.0,0.858,10.14
80104.0,-13.0,-5097630.0,0.033,9.9
80108.0,-284.0,-5118309.0,-0.092,9.9
80114.0,-328.0,-5131443.0,-0.275,9.65
80119.0,-288.0,-5135376.0,0.992,10.14
80124.0,-307.0,-5138453.0,0.425,9.41
80131.0,57.0,-5139483.0,-0.35,8.92
80136.0,-239.0,-5139790.0,0.308,9.41
80140.0,-418.0,-5137973.0,0.775,8.19
80146.0,68.0,-5134801.0,0.45,7.94
80151.0,-412.0,-5132520.0,0.792,8.19
80156.0,-219.0,-5128675.0,0.458,7.7
80161.0,-153.0,-5123781.0,0.25,7.45
80166.0,-389.0,-5121450.0,0.275,6.96
80172.0,-50.0,-5116263.0,0.25,7.45
80178.0,44.0,-5111293.0,0.383,6.48
80183.0,-252.0,-5106159.0,0.092,6.48
80188.0,6.0,-5103804.0,0.325,6.72
80193.0,187.0,-5101353.0,0.408,6.23
80199.0,-183.0,-5094875.0,0.15,7.21
80204.0,-273.0,-5092720.0,0.333,6.96
80209.0,-100.0,-5088573.0,0.383,6.23
80215.0,-62.0,-5084285.0,0.158,6.48
80220.0,-332.0,-5082386.0,0.35,6.48
80225.0,-365.0,-5078833.0,0.208,6.48
80230.0,-95.0,-5075191.0,0.233,6.72
80236.0,-355.0,-5073404.0,0.225,6.48
80240.0,-196.0,-5069849.0,0.158,6.48
80246.0,-108.0,-5066501.0,0.217,6.72
80251.0,-286.0,-5064966.0,0.15,6.48
80257.0,-553.0,-5061173.0,0.192,6.96
80262.0,-163.0,-5057741.0,0.25,7.21
80268.0,-173.0,-5054427.0,0.192,6.48
80273.0,-49.0,-5053244.0,0.142,6.48
80278.0,36.0,-5049957.0,0.208,6.48
80283.0,-228.0,-5047073.0,0.167,6.48
80289.0,-228.0,-5045658.0,0.183,6.96
80293.0,-329.0,-5042761.0,0.158,6.48
80300.0,-141.0,-5039813.0,0.117,6.23
80305.0,-123.0,-5038476.0,0.158,6.96
80310.0,-182.0,-5035761.0,0.217,7.21
80315.0,-286.0,-5033143.0,0.167,6.96
80320.0,-174.0,-5031772.0,0.2,6.96
80325.0,-273.0,-5028925.0,-1.317,6.48
80330.0,-64.0,-5019785.0,0.183,6.72
80335.0,138.0,-5009672.0,0.892,6.48
80340.0,-131.0,-4982223.0,-1.592,6.48
80347.0,-459.0,-4952163.0,-1.525,6.48
80352.0,181.0,-4935836.0,1.225,5.74
80357.0,210.0,-4900887.0,-0.417,5.74
80362.0,-330.0,-4864043.0,-0.492,5.5
80367.0,-574.0,-4844194.0,-0.425,5.01
80372.0,-351.0,-4803381.0,-0.675,5.74
80377.0,66.0,-4761993.0,-0.883,5.25
80382.0,30.0,-4740438.0,-0.375,5.01
80388.0,189.0,-4697953.0,-0.842,5.01
80394.0,381.0,-4654117.0,-0.842,4.28
80399.0,-299.0,-4631620.0,-1.608,4.03
80403.0,-412.0,-4586255.0,-0.35,3.79
80409.0,310.0,-4540325.0,-0.517,3.79
80414.0,-134.0,-4517202.0,-0.867,4.03
80419.0,-31.0,-4469823.0,-0.675,3.54
80424.0,-41.0,-4420789.0,-0.925,3.54
80430.0,-207.0,-4396338.0,-1.483,3.54
80435.0,-418.0,-4346015.0,-0.975,3.3
80440.0,-31.0,-4295043.0,-1.392,3.3
80445.0,-431.0,-4270022.0,-1.642,3.05
80450.0,-56.0,-4218057.0,-1.942,3.54
80456.0,-80.0,-4163989.0,-1.558,2.81
80461.0,-94.0,-4137004.0,-1.417,3.54
80465.0,79.0,-4081685.0,-1.025,3.05
80472.0,-471.0,-4027063.0,-0.858,2.81
80477.0,-403.0,-3998708.0,-0.95,2.32
80482.0,-320.0,-3941409.0,-1.883,2.08
80487.0,-158.0,-3883199.0,-1.25,2.57
80493.0,-270.0,-3853554.0,-1.858,2.08
80497.0,5.0,-3793745.0,-1.892,1.83
80502.0,-32.0,-3763734.0,-1.792,1.83
80507.0,-126.0,-3702231.0,-2.05,1.59
80513.0,-75.0,-3639067.0,-2.283,1.34
80518.0,-101.0,-3607132.0,-2.567,1.1
80523.0,101.0,-3541795.0,-2.525,1.1
80529.0,352.0,-3475083.0,-2.192,1.34
80534.0,4.0,-3408013.0,-2.283,0.61
80539.0,34.0,-3373974.0,-2.808,0.37
80544.0,-363.0,-3304568.0,-2.683,0.86
80550.0,-316.0,-3233756.0,-3.117,0.12
80556.0,-500.0,-3197855.0,-2.483,-0.12
80560.0,-223.0,-3126008.0,-3.425,-0.12
80565.0,-112.0,-3090899.0,-3.442,0.12
80570.0,-284.0,-3017176.0,-3.667,-0.86
80576.0,-347.0,-2941120.0,-4.15,-1.1
80581.0,-107.0,-2902675.0,-3.775,-1.34
80586.0,77.0,-2825016.0,-4.008,-1.59
80591.0,172.0,-2748872.0,-3.667,-2.08
80596.0,185.0,-2710021.0,-4.433,-2.08
80602.0,-219.0,-2630070.0,-4.575,-2.08
80607.0,-260.0,-2548722.0,-4.817,-3.05
80612.0,50.0,-2507409.0,-5.15,-3.54
80617.0,68.0,-2424284.0,-4.75,-3.05
80622.0,-119.0,-2342980.0,-5.567,-4.28
80628.0,65.0,-2302245.0,-5.642,-5.01
80633.0,-449.0,-2219192.0,-6.592,-5.5
80638.0,-812.0,-2135482.0,-6.567,-5.5
80644.0,-383.0,-2094209.0,-6.892,-6.72
80649.0,155.0,-2010812.0,-6.825,-6.72
80654.0,90.0,-1930908.0,-7.208,-8.19
80659.0,-284.0,-1890695.0,-8.233,-8.68
80664.0,-170.0,-1805128.0,-8.383,-9.16
80669.0,-207.0,-1722514.0,-8.6,-9.65
80674.0,-571.0,-1681337.0,-8.858,-10.63
80680.0,-189.0,-1601654.0,-8.883,-12.1
80686.0,-560.0,-1523898.0,-10.158,-12.34
80690.0,-155.0,-1484035.0,-10.033,-13.07
80694.0,-314.0,-1443448.0,-11.083,-14.3
80698.0,-149.0,-1362039.0,-9.608,-14.78
80703.0,-381.0,-1322036.0,-11.158,-15.76
80707.0,-444.0,-1242491.0,-10.408,-16.01
80711.0,-351.0,-1205340.0,-9.817,-16.98
80716.0,-346.0,-1133036.0,-10.792,-17.96
80720.0,-341.0,-1094073.0,-11.767,-18.45
80724.0,-354.0,-1052548.0,-12.608,-19.67
80729.0,-245.0,-1012001.0,-11.433,-19.18
80733.0,-206.0,-936938.0,-10.883,-20.16
80737.0,85.0,-900453.0,-10.392,-21.14
80742.0,-483.0,-836036.0,-9.317,-21.63
80748.0,-500.0,-769474.0,-13.092,-22.12
80753.0,-770.0,-733073.0,-12.717,-22.61
80758.0,-418.0,-659302.0,-11.133,-23.34
80763.0,-453.0,-591626.0,-4.717,-24.32
80769.0,360.0,-559455.0,-11.117,-24.8
80774.0,96.0,-496290.0,-6.25,-25.29
80779.0,357.0,-438612.0,-7.508,-25.29
80784.0,-629.0,-409751.0,-7.033,-26.03
80789.0,-141.0,-355792.0,-4.125,-26.27
80795.0,-92.0,-293592.0,-8.25,-26.03
80800.0,-700.0,-261871.0,-4.542,-27.0
80805.0,-2.0,-224890.0,4.558,-27.25
80811.0,137.0,-189562.0,-7.733,-26.27
80816.0,-6.0,-185219.0,-2.325,-26.03
80821.0,-48.0,-175699.0,4.133,-22.85
80826.0,-219.0,-167255.0,-4.083,-20.65
80831.0,-610.0,-163230.0,-2.425,-16.01
80837.0,174.0,-157014.0,1.558,-12.83
80842.0,281.0,-153358.0,-1.233,-9.9
80846.0,-86.0,-151965.0,-2.292,-6.72
80852.0,-404.0,-150895.0,0.883,-5.25
80858.0,-301.0,-151853.0,-0.658,-2.81
80863.0,272.0,-152228.0,-1.142,-1.59
80868.0,-166.0,-153686.0,-0.725,-0.12
80873.0,-207.0,-155378.0,0.5,1.59
80878.0,-158.0,-156549.0,-1.183,2.57
80883.0,-626.0,-157802.0,-0.475,4.03
80888.0,-689.0,-161568.0,-0.55,5.25
80893.0,105.0,-162863.0,-0.417,6.48
80900.0,185.0,-165213.0,-0.5,7.21
80905.0,-80.0,-167825.0,-0.292,7.94
80910.0,-387.0,-169136.0,-0.35,7.94
80915.0,199.0,-171796.0,-0.733,8.43
80920.0,70.0,-173984.0,-0.017,8.92
80925.0,-641.0,-175053.0,-0.325,9.16
80930.0,-341.0,-177135.0,-0.467,9.41
80936.0,-192.0,-178897.0,-0.067,9.65
80941.0,-457.0,-180090.0,-0.017,8.92
80947.0,-167.0,-182422.0,-0.267,8.68
80952.0,-172.0,-184138.0,-0.317,7.7
80957.0,-51.0,-185161.0,-0.175,7.45
80962.0,75.0,-186395.0,-0.192,9.16
80967.0,-92.0,-188223.0,-0.292,8.19
80972.0,-187.0,-189074.0,-0.217,7.21
80977.0,-189.0,-190908.0,-0.142,7.21
80983.0,-142.0,-192444.0,-0.392,6.96
80988.0,-25.0,-193077.0,-0.142,6.96
80994.0,-69.0,-194139.0,-0.05,6.96
80999.0,-142.0,-195655.0,-0.142,7.21
81003.0,-273.0,-196382.0,-0.075,7.21
81009.0,129.0,-198012.0,-0.1,6.96
81014.0,-288.0,-199328.0,0.025,7.21
81019.0,-61.0,-199637.0,-0.067,6.72
81025.0,-83.0,-200899.0,-0.075,6.48
81030.0,-284.0,-202025.0,-0.225,6.48
81035.0,-273.0,-202356.0,-0.1,6.48
81040.0,101.0,-204156.0,-0.125,6.48
81045.0,-26.0,-204856.0,-0.133,6.72
81050.0,-355.0,-205329.0,-0.067,6.23
81056.0,-655.0,-206551.0,-0.117,6.72
81061.0,-292.0,-207673.0,-0.167,7.21
81065.0,-231.0,-208412.0,-0.025,6.48
81072.0,-235.0,-208930.0,-0.083,6.23
81077.0,-164.0,-210434.0,-0.158,6.23
81082.0,15.0,-210753.0,-0.125,6.48
81087.0,-373.0,-211721.0,-0.058,6.48
81092.0,-254.0,-212094.0,-0.075,7.45
81097.0,-56.0,-212891.0,-0.025,6.72
81102.0,-212.0,-213667.0,-0.067,6.48
81107.0,273.0,-214212.0,-0.108,6.72
81113.0,359.0,-215013.0,-0.042,6.72
81119.0,-193.0,-215545.0,-0.067,6.96
81123.0,-104.0,-215998.0,-0.108,6.96
81128.0,-48.0,-217121.0,-0.125,6.23
81134.0,-386.0,-217657.0,-0.083,6.48
81139.0,-509.0,-218038.0,-0.1,6.96
81144.0,-21.0,-219117.0,-0.1,6.48
81149.0,-11.0,-219819.0,-0.1,6.96
81155.0,-74.0,-219816.0,-0.017,6.48
81160.0,-388.0,-220453.0,-0.067,6.96
81165.0,-434.0,-221319.0,-0.033,6.48
81170.0,-401.0,-221454.0,-0.067,6.23
81175.0,-283.0,-222715.0,0.008,6.48
81181.0,-223.0,-223275.0,-0.042,6.23
81185.0,-30.0,-223740.0,-0.108,6.48
81190.0,-50.0,-223941.0,-0.058,6.96
81197.0,-481.0,-224769.0,-0.025,6.48
81201.0,-248.0,-224876.0,-0.05,6.23
81207.0,-136.0,-225650.0,0.058,6.23
81212.0,62.0,-226528.0,-0.008,6.23
81217.0,77.0,-226711.0,-0.058,6.48
81222.0,-221.0,-227394.0,-0.008,6.48
81227.0,94.0,-227758.0,0.017,6.23
81232.0,-523.0,-227851.0,-0.1,6.96
81238.0,73.0,-228727.0,0.0,7.21
81243.0,108.0,-229080.0,-0.083,6.23
81248.0,30.0,-229133.0,-0.058,7.21
81253.0,-204.0,-230101.0,-0.008,6.23
81258.0,-205.0,-230414.0,0.05,6.48
81263.0,-119.0,-230935.0,-0.058,6.23
81269.0,-425.0,-231165.0,0.042,6.96
81273.0,-290.0,-231500.0,-0.05,6.23
81278.0,-32.0,-232319.0,0.042,7.21
81285.0,-360.0,-232403.0,-0.067,6.96
81290.0,-529.0,-232826.0,-0.142,6.96
81295.0,-199.0,-233113.0,-0.017,6.72
81300.0,-129.0,-233745.0,0.017,6.48
81305.0,132.0,-233758.0,0.008,6.23
81310.0,-166.0,-234619.0,-0.05,6.72
81316.0,-126.0,-234699.0,-0.033,6.48
81320.0,-51.0,-234706.0,-0.142,6.48
81326.0,-329.0,-235349.0,0.0,6.72
81332.0,-1.0,-236207.0,0.017,6.23
81336.0,-350.0,-236040.0,0.033,6.48
81341.0,-430.0,-236557.0,-0.05,6.23
81347.0,94.0,-236723.0,-0.1,6.23
81352.0,-139.0,-237058.0,-0.1,6.23
81357.0,-397.0,-237359.0,0.042,6.48
81362.0,-417.0,-238147.0,0.025,6.48
81368.0,-188.0,-238320.0,0.075,6.48
81373.0,-338.0,-238485.0,-0.008,6.72
81378.0,-112.0,-238723.0,0.0,6.23
81383.0,-53.0,-238880.0,-0.025,6.48
81388.0,9.0,-239667.0,0.05,6.48
81394.0,185.0,-239809.0,0.042,6.48
81398.0,292.0,-239854.0,-0.092,6.48
81404.0,-42.0,-240274.0,0.017,6.23
81410.0,130.0,-240874.0,-0.033,6.96
81415.0,149.0,-241111.0,0.042,4.52
81420.0,-48.0,-241276.0,0.0,6.23
81424.0,-51.0,-241639.0,-0.075,6.96
81429.0,-368.0,-242088.0,-0.083,6.72
81434.0,-26.0,-241850.0,-0.017,6.48
81439.0,71.0,-242043.0,-0.033,6.48
81444.0,39.0,-242935.0,-0.008,6.23
81451.0,-371.0,-242893.0,-0.033,6.48
81456.0,-324.0,-243204.0,0.0,6.48
81461.0,86.0,-243245.0,-0.008,6.23
81466.0,6.0,-243555.0,-0.025,6.23
81471.0,-51.0,-243854.0,0.025,5.74
81476.0,-89.0,-244314.0,0.017,6.72
81482.0,-69.0,-244494.0,-0.025,6.72
81486.0,-534.0,-244553.0,0.05,6.96
81491.0,-71.0,-245042.0,-0.033,6.48
81498.0,203.0,-245358.0,-0.025,6.96
81502.0,-224.0,-245441.0,-0.133,6.72
81508.0,-254.0,-245625.0,0.042,6.96
81513.0,-100.0,-245921.0,-0.05,6.23
81518.0,-479.0,-245952.0,0.05,6.72
81523.0,30.0,-246187.0,0.083,6.96
81528.0,-386.0,-247027.0,-0.008,6.23
81533.0,-375.0,-247062.0,-0.008,6.48
81539.0,43.0,-247150.0,0.033,6.48
81545.0,111.0,-247574.0,0.058,6.23
81549.0,176.0,-247611.0,-0.05,6.96
81554.0,-25.0,-247628.0,-0.033,6.23
81559.0,-664.0,-247655.0,-0.017,6.48
81563.0,-35.0,-248020.0,-0.033,6.23
81569.0,-139.0,-248336.0,-0.025,6.23
81573.0,28.0,-248521.0,-0.067,6.96
81580.0,-314.0,-248723.0,-0.067,6.96
81585.0,-136.0,-249247.0,0.008,6.72
81590.0,-413.0,-249244.0,-0.05,6.48
81595.0,-12.0,-249325.0,0.033,6.23
81600.0,-538.0,-249204.0,-0.058,6.48
81605.0,-157.0,-249951.0,-0.033,6.23
81610.0,-135.0,-249801.0,0.008,6.72
81616.0,-183.0,-250243.0,0.008,7.21
81620.0,-26.0,-250276.0,-0.033,6.48
81627.0,-112.0,-250460.0,-0.067,6.48
81632.0,-168.0,-250708.0,-0.025,6.23
81637.0,-191.0,-250783.0,0.067,6.23
81642.0,142.0,-251101.0,0.008,6.48
81648.0,-268.0,-250989.0,0.0,6.23
81652.0,-227.0,-250896.0,-0.092,6.48
81658.0,-173.0,-251230.0,0.075,6.48
81664.0,-145.0,-251642.0,-0.008,6.96
81670.0,-109.0,-251652.0,-0.033,6.48
81674.0,-336.0,-251677.0,0.017,6.48
81680.0,-74.0,-252007.0,0.05,6.23
81686.0,-176.0,-252585.0,0.067,6.23
81691.0,-222.0,-252474.0,-0.008,6.72
81695.0,-3.0,-252581.0,-0.033,6.72
81701.0,-301.0,-253089.0,-0.05,6.72
81707.0,35.0,-253264.0,0.033,6.48
81711.0,-140.0,-253267.0,0.05,6.23
81717.0,-320.0,-253435.0,0.083,6.48
81722.0,-112.0,-253792.0,0.025,6.48
81727.0,67.0,-254063.0,0.025,6.23
81732.0,75.0,-253763.0,-0.067,6.23
81737.0,-17.0,-254050.0,0.025,6.72
81742.0,122.0,-254155.0,0.042,6.72
81747.0,-156.0,-254493.0,0.033,6.96
81753.0,-115.0,-254422.0,0.0,6.48
81758.0,-308.0,-254604.0,-0.05,6.48
81764.0,124.0,-254774.0,0.008,6.23
81768.0,43.0,-254595.0,0.042,6.23
81774.0,-19.0,-255061.0,-0.058,6.23
81779.0,-223.0,-255295.0,-0.008,6.72
81784.0,9.0,-255218.0,0.0,6.48
81789.0,186.0,-255357.0,0.042,6.48
81795.0,-20.0,-255257.0,0.025,6.72
81801.0,168.0,-255612.0,0.05,6.48
81805.0,-123.0,-255713.0,0.042,6.23
81811.0,-111.0,-256287.0,0.017,6.48
81816.0,-185.0,-255990.0,0.05,6.48
81821.0,-158.0,-256367.0,-0.008,6.72
81826.0,-80.0,-256345.0,0.025,6.96
81831.0,-406.0,-256674.0,-0.033,6.72
81837.0,-185.0,-256505.0,-0.042,6.48
81842.0,-7.0,-256651.0,0.05,6.48
81847.0,-136.0,-256762.0,0.042,6.48
81852.0,-225.0,-256872.0,-0.033,6.96
81857.0,533.0,-257494.0,0.0,6.48
81862.0,516.0,-257423.0,0.083,6.23
81867.0,-111.0,-257345.0,0.1,6.23
81872.0,-205.0,-257424.0,-0.008,6.48
81878.0,16.0,-257559.0,0.083,6.23
81883.0,-92.0,-257419.0,-0.025,6.72
81888.0,56.0,-257680.0,-0.05,6.48
81893.0,191.0,-258073.0,-0.008,6.72
81899.0,-137.0,-258015.0,-0.008,6.48
81904.0,-435.0,-258084.0,0.05,6.48
81908.0,-290.0,-258069.0,0.058,6.23
81914.0,-56.0,-258211.0,-0.033,6.48
81920.0,-220.0,-258406.0,-0.017,6.23
81925.0,-179.0,-258839.0,0.067,6.96
81930.0,-5.0,-258979.0,-0.05,6.72
81935.0,-45.0,-258966.0,0.092,6.96
81940.0,-48.0,-258837.0,0.042,6.48
81945.0,2.0,-258981.0,-0.042,6.23
81950.0,6.0,-258898.0,0.042,6.48
81955.0,-79.0,-259034.0,0.125,6.23
81961.0,-129.0,-259236.0,0.092,6.72
81967.0,-201.0,-259073.0,-0.117,6.48
81971.0,-386.0,-259322.0,0.017,6.23
81977.0,-52.0,-259742.0,-0.025,6.48
81982.0,-232.0,-259869.0,-0.017,6.48
81987.0,-139.0,-259746.0,0.058,6.96
81992.0,-105.0,-259788.0,0.067,6.23
81997.0,101.0,-260001.0,-0.05,6.48
82002.0,-178.0,-259496.0,0.025,6.23
82009.0,-140.0,-259910.0,-0.033,6.48
82014.0,-218.0,-259927.0,0.1,6.48
82018.0,-241.0,-260296.0,0.042,6.23
82024.0,-317.0,-260630.0,0.025,6.72
82029.0,-97.0,-260489.0,0.042,6.23
82034.0,-324.0,-260278.0,0.008,6.48
82039.0,72.0,-260610.0,0.05,6.48
82044.0,18.0,-260653.0,0.05,6.23
82050.0,-141.0,-260742.0,-0.125,6.23
82055.0,-119.0,-260688.0,-0.017,6.23
82060.0,-61.0,-260977.0,-0.008,6.96
82065.0,-372.0,-260861.0,0.058,7.94
82071.0,-234.0,-260749.0,0.033,6.72
82076.0,-436.0,-260794.0,-0.008,5.74
82081.0,-689.0,-261387.0,0.033,6.48
82086.0,-323.0,-261435.0,0.058,6.23
82092.0,-61.0,-261586.0,-0.033,6.23
82097.0,-200.0,-261645.0,0.092,6.23
82103.0,-284.0,-261491.0,-0.058,5.01
82108.0,-366.0,-261662.0,-0.075,6.48
82112.0,49.0,-261777.0,0.1,6.23
82118.0,-245.0,-261809.0,-0.058,6.96
82123.0,-369.0,-261792.0,0.083,6.96
82128.0,22.0,-262107.0,0.05,6.96
82134.0,-394.0,-262115.0,-0.008,6.23
82139.0,-334.0,-262216.0,-0.017,6.48
82144.0,-427.0,-261979.0,-0.017,6.23
82149.0,-31.0,-262339.0,0.058,6.96
82154.0,-83.0,-262298.0,0.067,6.72
82159.0,18.0,-262657.0,0.158,6.48
82164.0,-260.0,-262493.0,0.042,6.48
82170.0,-246.0,-262396.0,0.008,6.96
82174.0,-199.0,-262337.0,0.017,3.79
82181.0,-257.0,-262939.0,0.0,6.96
82186.0,-447.0,-262784.0,0.025,6.23
82191.0,-476.0,-262656.0,0.075,6.23
82196.0,-357.0,-262715.0,0.0,6.48
82200.0,-248.0,-263318.0,0.008,6.72
82205.0,-293.0,-262926.0,0.033,6.96
82210.0,-119.0,-262845.0,0.058,6.96
82215.0,36.0,-263202.0,0.008,6.23
82221.0,44.0,-263073.0,0.025,6.23
82226.0,-12.0,-263144.0,-0.05,6.48
82231.0,-411.0,-263558.0,-0.033,6.48
82236.0,13.0,-263193.0,0.05,6.48
82241.0,98.0,-263560.0,-0.008,6.96
82246.0,-228.0,-263490.0,0.092,6.48
82251.0,-274.0,-263715.0,0.017,6.48
82256.0,-293.0,-263634.0,0.0,6.23
82263.0,-527.0,-264002.0,-0.008,6.48
82268.0,37.0,-263747.0,-0.083,6.23
82272.0,-68.0,-263742.0,0.05,6.96
82278.0,-578.0,-263996.0,-0.033,6.48
82283.0,-206.0,-263935.0,-0.058,6.23
82287.0,-149.0,-264242.0,-0.017,7.21
82293.0,-127.0,-264300.0,0.0,6.48
82298.0,-351.0,-264277.0,0.125,6.23
82304.0,-430.0,-264062.0,0.025,6.48
82309.0,-68.0,-264344.0,0.05,6.23
82314.0,96.0,-264219.0,0.067,6.72
82319.0,-233.0,-264211.0,0.0,6.23
82324.0,34.0,-264194.0,0.05,6.48
82329.0,-174.0,-264181.0,-0.008,6.72
82334.0,-273.0,-264519.0,-0.017,6.72
82339.0,-127.0,-264580.0,0.05,6.48
82344.0,-57.0,-264585.0,-0.042,6.23
82350.0,-420.0,-264963.0,-0.058,6.48
82355.0,-144.0,-264962.0,0.025,6.48
82361.0,-174.0,-264755.0,-0.058,6.72
82366.0,-283.0,-264489.0,0.0,6.23
82371.0,-393.0,-264440.0,0.017,6.72
82376.0,-179.0,-264889.0,0.075,6.72
82381.0,-294.0,-264883.0,-0.008,6.72
82386.0,-342.0,-264680.0,-0.025,6.48
82392.0,-328.0,-265057.0,0.008,6.96
82397.0,-527.0,-265355.0,0.042,6.48
82402.0,-245.0,-265174.0,-0.017,6.23
82407.0,-367.0,-265483.0,0.075,6.48
82412.0,-206.0,-265263.0,0.108,6.48
82418.0,-340.0,-265290.0,0.075,6.48
82423.0,-510.0,-265601.0,-0.017,6.72
82428.0,-633.0,-265441.0,0.017,6.48
82434.0,-263.0,-265486.0,0.067,6.23
82439.0,61.0,-265737.0,-0.017,6.48
82444.0,24.0,-265551.0,0.058,6.23
82449.0,34.0,-265656.0,-0.017,6.48
82454.0,19.0,-265289.0,0.0,6.23
82459.0,61.0,-265466.0,-0.025,6.23
82464.0,-141.0,-265705.0,0.042,6.48
82469.0,-188.0,-265597.0,0.092,6.23
82475.0,58.0,-265508.0,-0.008,6.23
82480.0,-284.0,-265649.0,0.0,6.23
82485.0,-553.0,-265613.0,-0.017,6.23
82490.0,-135.0,-265776.0,0.017,6.48
82495.0,-233.0,-265765.0,0.008,6.23
82500.0,-226.0,-265547.0,0.025,6.23
82505.0,-60.0,-265500.0,-0.042,6.48
82510.0,-50.0,-265847.0,-0.017,6.48
82515.0,-115.0,-265713.0,0.042,6.23
82522.0,119.0,-265864.0,0.008,6.48
82527.0,1.0,-266159.0,0.0,6.48
82531.0,-126.0,-266168.0,0.067,6.48
82536.0,74.0,-266105.0,0.042,6.48
82541.0,257.0,-266321.0,0.0,6.48
82546.0,-182.0,-266240.0,0.067,6.23
82551.0,-92.0,-266070.0,0.05,6.48
82557.0,123.0,-266200.0,-0.033,6.48
82562.0,108.0,-266225.0,0.008,6.48
82568.0,160.0,-266469.0,0.075,6.96
82573.0,213.0,-266457.0,0.05,6.48
82577.0,174.0,-266714.0,0.017,6.23
82583.0,-378.0,-266366.0,0.05,6.48
82588.0,-167.0,-266500.0,0.133,6.48
82593.0,-114.0,-266895.0,0.058,6.48
82598.0,46.0,-266353.0,0.042,6.48
82604.0,71.0,-266443.0,-0.033,6.23
82609.0,-39.0,-266740.0,0.092,6.23
82614.0,-137.0,-266925.0,0.025,6.48
82620.0,-158.0,-266789.0,0.083,7.21
82625.0,-276.0,-267008.0,0.0,6.23
82630.0,-388.0,-266663.0,-0.067,6.96
82635.0,-215.0,-266647.0,-0.033,6.23
82640.0,157.0,-266916.0,0.067,6.96
82646.0,-111.0,-266813.0,-0.025,5.74
82651.0,-184.0,-267037.0,0.067,6.48
82656.0,-386.0,-266728.0,0.042,6.72
82661.0,-24.0,-266743.0,0.017,6.72
82666.0,-193.0,-267016.0,0.092,6.96
82671.0,-101.0,-267001.0,0.067,6.48
82676.0,-202.0,-267165.0,0.075,5.01
82681.0,-211.0,-267090.0,-0.025,6.96
82686.0,-69.0,-267173.0,0.0,6.48
82691.0,-48.0,-267060.0,-0.05,6.96
82696.0,-164.0,-267401.0,0.0,6.96
82701.0,-481.0,-267419.0,-0.033,5.99
82706.0,162.0,-267514.0,0.042,6.23
82712.0,-28.0,-267536.0,0.025,6.48
82717.0,123.0,-267626.0,-0.008,6.48
82721.0,-334.0,-267469.0,-0.083,6.23
82727.0,282.0,-267335.0,0.025,7.21
82733.0,119.0,-267709.0,0.108,6.48
82738.0,-178.0,-267676.0,-0.058,6.48
82743.0,390.0,-267810.0,0.0,6.23
82748.0,213.0,-267466.0,0.017,6.23
82753.0,-36.0,-267649.0,0.0,5.74
82758.0,230.0,-267959.0,-0.067,6.48
82763.0,101.0,-267737.0,0.067,6.96
82768.0,-532.0,-267820.0,0.083,6.23
82775.0,-258.0,-267716.0,-0.008,6.23
82780.0,-321.0,-267520.0,0.05,6.48
82784.0,-114.0,-267445.0,-0.008,6.48
82790.0,-234.0,-267833.0,-0.033,6.48
82795.0,3.0,-267705.0,-0.042,6.96
82800.0,-270.0,-267676.0,0.017,6.96
82805.0,-482.0,-267896.0,-0.042,6.48
82810.0,-179.0,-267952.0,0.058,6.23
82816.0,-92.0,-267621.0,0.058,6.48
82821.0,-112.0,-268249.0,-0.042,6.48
82826.0,83.0,-267838.0,0.008,6.72
82831.0,-77.0,-267943.0,0.0,6.48
82836.0,-138.0,-268073.0,0.017,6.23
82841.0,-93.0,-268134.0,0.025,6.48
82846.0,-207.0,-267788.0,0.008,6.48
82851.0,-84.0,-268290.0,-0.025,6.48
82856.0,-241.0,-267973.0,-0.017,6.48
82862.0,-249.0,-268399.0,-0.042,6.48
82867.0,-162.0,-268013.0,0.033,6.23
82872.0,159.0,-268124.0,0.05,6.48
82878.0,-49.0,-268238.0,0.067,6.23
82883.0,-228.0,-268536.0,-0.075,6.48
82887.0,-47.0,-268337.0,0.042,6.96
82893.0,-255.0,-268289.0,-0.042,6.23
82898.0,-142.0,-268385.0,-0.025,6.48
82904.0,-273.0,-268312.0,0.083,6.96
82909.0,171.0,-268132.0,0.042,6.48
82914.0,-66.0,-268284.0,0.025,6.48
82919.0,-359.0,-268265.0,-0.008,6.48
82924.0,107.0,-267825.0,0.1,6.23
82930.0,174.0,-268467.0,0.025,6.48
82934.0,-409.0,-268230.0,-0.108,6.96
82940.0,273.0,-268566.0,0.042,6.23
82946.0,-32.0,-268590.0,-0.05,6.23
82950.0,-141.0,-268703.0,0.05,6.48
82956.0,-83.0,-268509.0,0.067,6.48
82961.0,-258.0,-268635.0,0.008,6.48
82966.0,-293.0,-268628.0,-0.042,6.48
82971.0,-13.0,-268654.0,0.092,6.96
82976.0,86.0,-268703.0,0.017,6.48
82981.0,140.0,-268132.0,-0.058,6.23
82987.0,86.0,-268842.0,0.067,6.48
82992.0,47.0,-268865.0,-0.008,6.48
82997.0,151.0,-268342.0,0.092,6.23
83003.0,-119.0,-268392.0,0.05,6.72
83007.0,-308.0,-268757.0,-0.033,6.96
83012.0,242.0,-268554.0,0.067,6.23
83018.0,-536.0,-268802.0,0.058,6.48
83023.0,-307.0,-269021.0,0.033,6.72
83028.0,-83.0,-268968.0,-0.033,6.48
83034.0,-1.0,-268790.0,-0.017,6.23
83039.0,-22.0,-268731.0,-0.108,6.23
83044.0,-270.0,-268762.0,0.033,6.23
83049.0,24.0,-268858.0,0.075,6.48
83054.0,65.0,-268889.0,0.033,6.72
83059.0,49.0,-268988.0,-0.067,6.96
83064.0,-326.0,-269135.0,-0.033,6.96
83068.0,-409.0,-268938.0,0.108,6.23
83075.0,-129.0,-268926.0,-0.05,6.96
83079.0,214.0,-268713.0,0.042,6.72
83085.0,-124.0,-268968.0,0.058,6.48
83090.0,38.0,-269030.0,0.075,6.48
83095.0,-251.0,-269001.0,-0.033,6.48
83100.0,-211.0,-268932.0,0.05,6.48
83104.0,-136.0,-268995.0,0.05,6.48
83109.0,329.0,-268932.0,0.033,6.72
83116.0,-157.0,-268952.0,-0.033,6.48
83120.0,-196.0,-269045.0,0.058,6.72
83125.0,-210.0,-269146.0,0.058,6.23
83131.0,-16.0,-269286.0,0.008,6.48
83135.0,79.0,-269293.0,0.1,6.48
83141.0,-491.0,-269219.0,0.05,6.23
83146.0,83.0,-268985.0,-0.025,6.48
83151.0,-334.0,-268950.0,0.1,6.23
83156.0,-8.0,-269303.0,-0.008,6.23
83163.0,-310.0,-269121.0,0.0,6.23
83167.0,-173.0,-268958.0,0.042,5.99
83172.0,-139.0,-269129.0,-0.008,6.72
83178.0,443.0,-269275.0,0.058,6.48
83182.0,190.0,-269378.0,0.017,6.48
83188.0,-464.0,-269369.0,-0.125,6.72
83193.0,10.0,-269569.0,0.042,6.96
83198.0,127.0,-269276.0,0.042,6.48
83204.0,115.0,-269225.0,-0.075,6.48
83209.0,-273.0,-269275.0,0.017,6.23
83214.0,-442.0,-269544.0,-0.017,6.48
83219.0,-306.0,-269291.0,0.025,6.48
83225.0,-52.0,-269205.0,0.0,6.48
83229.0,299.0,-269514.0,-0.008,6.72
83235.0,5.0,-269292.0,0.025,6.48
83240.0,-239.0,-269354.0,0.008,6.48
83246.0,-136.0,-269313.0,0.008,6.72
83250.0,23.0,-269122.0,-0.025,6.23
83255.0,-136.0,-269059.0,0.008,6.72
83260.0,-375.0,-269458.0,-0.042,6.23
83265.0,-269.0,-269256.0,0.0,6.48
83270.0,-64.0,-269059.0,-0.017,6.23
83275.0,70.0,-269495.0,0.0,6.48
83281.0,-24.0,-269315.0,0.017,6.72
83286.0,-277.0,-269486.0,0.017,6.48
83292.0,-149.0,-269583.0,0.067,6.48
83297.0,-137.0,-269353.0,0.0,6.48
83302.0,-104.0,-269556.0,0.092,6.23
83307.0,-124.0,-269568.0,0.033,6.48
83313.0,-94.0,-269362.0,0.092,6.48
83318.0,156.0,-269350.0,-0.008,6.48
83323.0,175.0,-268987.0,-0.017,6.96
83329.0,105.0,-269223.0,0.067,6.23
83335.0,203.0,-269577.0,0.008,6.72
83340.0,-11.0,-269535.0,0.042,6.48
83345.0,-106.0,-269420.0,0.017,6.48
83351.0,-96.0,-269336.0,-0.05,6.23
83356.0,-96.0,-269754.0,0.033,6.48
83361.0,53.0,-269661.0,0.058,6.23
83366.0,-215.0,-269575.0,0.05,6.23
83373.0,63.0,-269983.0,-0.033,6.72
83378.0,-47.0,-269433.0,-0.05,6.48
83383.0,-34.0,-269356.0,-0.017,6.23
83388.0,-380.0,-269814.0,0.05,6.48
83394.0,156.0,-269582.0,0.0,6.48
83399.0,49.0,-269273.0,-0.025,6.96
83404.0,-411.0,-269353.0,0.05,6.48
83410.0,-233.0,-269685.0,0.017,6.48
83416.0,193.0,-269561.0,0.067,6.23
83421.0,160.0,-269652.0,0.033,6.48
83426.0,14.0,-269750.0,0.05,6.48
83432.0,-108.0,-269516.0,0.067,6.96
83437.0,8.0,-269688.0,0.008,6.48
83442.0,-139.0,-269365.0,-0.058,6.96
83447.0,-65.0,-269717.0,-0.042,6.48
83453.0,-31.0,-269459.0,0.008,6.48
83459.0,-386.0,-269464.0,0.025,6.72
83464.0,36.0,-269436.0,-0.067,6.96
83470.0,-126.0,-269670.0,0.058,5.99
83475.0,-12.0,-269682.0,-0.017,6.48
83480.0,-277.0,-269669.0,0.033,6.48
83485.0,-101.0,-269473.0,0.067,6.72
83491.0,31.0,-269813.0,0.05,6.48
83496.0,-365.0,-269814.0,0.0,6.23
83501.0,-534.0,-269833.0,0.075,6.48
83507.0,-332.0,-269591.0,-0.017,6.23
83512.0,-254.0,-269676.0,0.042,6.48
83517.0,-337.0,-269917.0,0.033,6.23
83522.0,-321.0,-270271.0,0.0,6.23
83527.0,-287.0,-270200.0,0.067,6.96
83532.0,-58.0,-269927.0,0.092,6.23
83538.0,-118.0,-269727.0,-0.067,6.23
83543.0,209.0,-269866.0,-0.033,6.48
83548.0,-184.0,-269960.0,0.1,6.23
83554.0,-234.0,-269486.0,0.008,6.72
83558.0,-19.0,-269431.0,-0.033,6.23
83564.0,150.0,-269997.0,0.042,6.96
83569.0,-306.0,-269481.0,-0.033,6.96
83574.0,-163.0,-269600.0,0.067,6.48
83579.0,-22.0,-270134.0,0.017,6.48
83585.0,8.0,-269804.0,0.092,7.7
83590.0,-305.0,-269957.0,-0.05,6.96
83595.0,9.0,-269709.0,-0.05,6.48
83601.0,21.0,-269905.0,0.075,6.23
83606.0,-121.0,-269772.0,0.092,6.23
83611.0,284.0,-270105.0,0.05,6.48
83616.0,-222.0,-269791.0,0.033,6.96
83621.0,32.0,-270102.0,0.008,6.23
83627.0,-171.0,-269967.0,0.0,7.94
83632.0,-271.0,-269781.0,0.042,6.23
83637.0,-183.0,-269788.0,-0.017,7.21
83642.0,-534.0,-269821.0,-0.117,6.96
83648.0,-8.0,-269669.0,-0.008,6.48
83653.0,-82.0,-269602.0,0.1,6.48
83657.0,-97.0,-269997.0,0.042,6.48
83663.0,-131.0,-270069.0,0.075,6.23
83667.0,-300.0,-269984.0,0.183,6.48
83674.0,-151.0,-269746.0,-0.05,6.48
83679.0,-143.0,-269790.0,-0.008,7.45
83684.0,120.0,-269965.0,0.025,6.48
83689.0,-135.0,-270161.0,0.075,6.72
83694.0,121.0,-269992.0,0.083,6.48
83699.0,80.0,-270273.0,0.05,6.96
83704.0,-78.0,-269723.0,0.058,6.96
83709.0,-170.0,-269712.0,0.033,6.72
83715.0,-215.0,-269759.0,0.075,6.96
83720.0,13.0,-270189.0,0.033,6.48
83725.0,-57.0,-270312.0,0.025,6.48
83730.0,-186.0,-269855.0,-0.083,6.23
83736.0,254.0,-269629.0,0.067,6.23
83741.0,4.0,-269754.0,0.008,6.72
83745.0,79.0,-269967.0,0.125,5.74
83751.0,-31.0,-269879.0,0.075,7.21
83757.0,-101.0,-269888.0,0.092,6.23
83761.0,140.0,-270151.0,0.05,6.48
83767.0,-610.0,-270287.0,0.05,6.72
83772.0,-316.0,-270128.0,-0.017,6.23
83777.0,-179.0,-269775.0,0.008,6.48
83782.0,-105.0,-270227.0,0.083,6.48
83787.0,-163.0,-270344.0,0.042,6.23
83792.0,-92.0,-270243.0,-0.017,6.48
83798.0,-264.0,-269999.0,0.033,6.23
83804.0,-262.0,-270200.0,0.017,6.23
83808.0,-197.0,-270103.0,0.033,6.72
83814.0,189.0,-270061.0,-0.008,6.72
83819.0,-7.0,-270158.0,0.042,6.48
83824.0,-188.0,-270002.0,-0.025,6.48
83829.0,16.0,-270020.0,0.05,6.48
83834.0,32.0,-269877.0,0.125,6.48
83840.0,97.0,-270226.0,0.058,6.48
83846.0,-263.0,-270096.0,0.008,6.72
83851.0,-361.0,-270239.0,0.0,6.48
83855.0,-288.0,-270348.0,0.008,6.23
83861.0,84.0,-270086.0,-0.058,6.72
83866.0,46.0,-269629.0,-0.025,6.23
83870.0,-89.0,-269864.0,0.0,6.48
83875.0,-287.0,-270009.0,0.033,6.96
83880.0,-324.0,-270000.0,0.1,6.23
83887.0,-156.0,-270028.0,0.033,6.48
83892.0,474.0,-270111.0,-0.008,6.48
83896.0,343.0,-270034.0,0.15,6.23
83902.0,320.0,-269970.0,0.083,6.23
83907.0,240.0,-269999.0,0.0,6.23
83911.0,281.0,-269960.0,0.017,6.23
83916.0,49.0,-270361.0,0.042,6.48
83921.0,50.0,-269910.0,0.083,6.23
83927.0,-92.0,-270180.0,0.033,6.23
83932.0,-120.0,-270067.0,0.008,6.48
83937.0,11.0,-269840.0,0.008,6.23
83943.0,55.0,-270120.0,-0.033,6.48
83948.0,-373.0,-270357.0,-0.025,6.48
83952.0,-520.0,-270114.0,-0.075,6.48
83958.0,72.0,-269920.0,0.042,6.72
83963.0,248.0,-270031.0,0.008,6.23
83968.0,181.0,-270010.0,0.0,7.21
83974.0,201.0,-269936.0,-0.05,6.48
83979.0,277.0,-270287.0,0.092,6.48
83984.0,108.0,-270224.0,0.0,6.96
83989.0,-216.0,-270096.0,0.025,6.96
83994.0,326.0,-270027.0,0.0,6.72
83999.0,-47.0,-269877.0,-0.033,6.23
