time_ms,p1,p2,f3,f4
100344.0,610.0,136963.0,0.058,6.48
100349.0,222.0,137195.0,0.05,6.48
100356.0,432.0,137041.0,-0.017,6.23
100361.0,449.0,136918.0,0.017,6.23
100366.0,171.0,137280.0,0.125,6.72
100372.0,225.0,137056.0,0.025,6.23
100377.0,255.0,137050.0,0.05,6.23
100382.0,248.0,137095.0,0.117,6.23
100387.0,311.0,136869.0,0.042,6.48
100393.0,431.0,136955.0,-0.025,6.23
100399.0,145.0,137216.0,0.058,6.23
100404.0,64.0,137147.0,0.025,6.48
100409.0,230.0,137043.0,0.008,6.96
100414.0,146.0,136962.0,0.008,6.23
100419.0,291.0,136919.0,0.058,6.23
100424.0,555.0,136935.0,-0.008,6.72
100430.0,343.0,136902.0,0.025,6.23
100434.0,330.0,137095.0,0.092,6.48
100441.0,182.0,137031.0,-0.058,6.48
100446.0,300.0,137320.0,0.108,8.68
100451.0,293.0,137241.0,-0.025,6.72
100456.0,453.0,136683.0,0.092,6.23
100462.0,49.0,136721.0,0.033,6.23
100467.0,-126.0,136756.0,0.042,6.48
100472.0,255.0,137138.0,-0.017,6.72
100477.0,99.0,136892.0,0.092,6.48
100483.0,243.0,136985.0,-0.042,6.48
100488.0,404.0,136806.0,0.008,6.23
100494.0,350.0,136958.0,0.025,6.23
100499.0,240.0,137027.0,-0.008,6.23
100503.0,217.0,136922.0,0.042,6.23
100509.0,399.0,136792.0,0.058,6.23
100514.0,511.0,136773.0,0.125,6.23
100519.0,400.0,137108.0,-0.067,6.48
100525.0,-320.0,136748.0,0.017,6.23
100531.0,190.0,137007.0,-0.033,6.96
100535.0,229.0,137138.0,-0.058,6.96
100541.0,503.0,137164.0,-0.067,6.23
100546.0,443.0,136849.0,0.075,6.72
100551.0,366.0,136664.0,0.042,6.96
100556.0,98.0,137060.0,-0.025,6.23
100561.0,78.0,136979.0,0.017,6.96
100567.0,27.0,136984.0,0.008,6.23
100573.0,185.0,136690.0,0.067,6.72
100578.0,-107.0,137160.0,0.058,6.72
100583.0,395.0,136903.0,0.0,6.23
100588.0,664.0,136790.0,0.0,6.48
100593.0,542.0,136588.0,0.05,6.72
100599.0,386.0,136849.0,0.083,6.72
100603.0,63.0,136882.0,-0.033,6.72
100610.0,83.0,137060.0,0.05,6.72
100615.0,141.0,137213.0,-0.033,6.96
100620.0,402.0,137240.0,0.075,6.72
100625.0,196.0,137334.0,-0.025,6.96
100630.0,174.0,137169.0,0.017,6.48
100635.0,221.0,137236.0,0.092,6.23
100641.0,589.0,137212.0,0.05,6.23
100646.0,365.0,137205.0,-0.058,6.23
100651.0,182.0,137016.0,0.0,6.23
100657.0,140.0,137226.0,-0.008,6.96
100662.0,518.0,137253.0,0.008,6.23
100667.0,269.0,136672.0,0.033,6.48
100672.0,347.0,136978.0,0.092,6.23
100678.0,305.0,136811.0,-0.025,6.23
100682.0,166.0,137042.0,0.1,6.48
100688.0,450.0,137208.0,0.033,6.23
100694.0,184.0,136708.0,-0.033,6.48
100700.0,312.0,136787.0,-0.025,5.99
100704.0,511.0,136974.0,-0.008,6.23
100710.0,511.0,136768.0,0.0,6.23
100715.0,355.0,136537.0,-0.083,6.23
100720.0,536.0,137264.0,-0.058,6.23
100725.0,146.0,136832.0,0.042,6.96
100730.0,148.0,136809.0,0.033,6.96
100736.0,179.0,136988.0,0.067,6.48
100742.0,289.0,136666.0,-0.042,6.23
100747.0,479.0,136757.0,0.067,6.48
100751.0,206.0,136840.0,0.042,6.23
100757.0,634.0,136986.0,0.075,6.23
100762.0,306.0,136919.0,0.05,7.45
100767.0,77.0,137174.0,0.033,6.72
100772.0,152.0,137148.0,0.033,6.23
100777.0,392.0,136699.0,0.092,6.23
100783.0,263.0,137090.0,0.075,6.72
100788.0,215.0,136996.0,0.042,6.96
100794.0,-37.0,137187.0,0.025,6.23
100798.0,-214.0,136874.0,-0.05,6.48
100804.0,-74.0,136668.0,0.092,6.23
100809.0,394.0,136731.0,0.058,6.72
100814.0,315.0,137414.0,0.092,6.96
100819.0,145.0,136528.0,0.075,6.48
100825.0,177.0,136897.0,0.058,6.96
100830.0,372.0,137244.0,0.008,6.48
100835.0,321.0,137317.0,0.067,6.23
100840.0,381.0,137090.0,-0.017,6.72
100845.0,456.0,136768.0,0.042,6.72
100851.0,286.0,137208.0,0.075,6.72
100856.0,154.0,136967.0,0.117,6.23
100860.0,95.0,136878.0,0.075,6.72
100867.0,163.0,137236.0,0.108,6.23
100872.0,407.0,136995.0,0.017,6.23
100877.0,260.0,136624.0,0.025,4.52
100881.0,423.0,136501.0,0.008,6.96
100887.0,87.0,137160.0,0.017,6.48
100892.0,2.0,136988.0,0.083,6.72
100897.0,-188.0,137113.0,0.008,6.23
100902.0,274.0,137270.0,0.067,6.72
100908.0,307.0,136984.0,0.05,6.23
100913.0,143.0,136727.0,-0.025,6.23
100918.0,173.0,137036.0,0.1,6.72
100923.0,230.0,136602.0,-0.008,7.21
100929.0,106.0,136980.0,0.017,6.23
100934.0,48.0,137329.0,0.158,6.23
100939.0,51.0,137002.0,0.033,6.23
100944.0,115.0,136844.0,0.0,6.96
100950.0,49.0,137091.0,0.033,7.21
100955.0,212.0,137047.0,0.017,6.48
100961.0,109.0,136657.0,0.025,6.96
100966.0,577.0,136734.0,0.033,6.23
100970.0,-26.0,137433.0,0.033,6.23
100975.0,-31.0,137286.0,0.092,6.72
100980.0,435.0,137195.0,0.033,6.23
100985.0,410.0,136645.0,0.042,6.72
100990.0,226.0,136738.0,-0.017,6.23
100997.0,400.0,137121.0,0.033,6.48
101002.0,425.0,137091.0,0.025,6.96
101007.0,197.0,136962.0,0.0,6.23
101012.0,-17.0,137009.0,0.033,6.96
101017.0,166.0,136703.0,0.042,6.23
101022.0,448.0,136766.0,0.033,6.23
101027.0,-322.0,137061.0,0.033,6.23
101033.0,-65.0,137121.0,0.05,6.48
101039.0,603.0,136820.0,-0.033,6.96
101044.0,365.0,136823.0,0.05,6.48
101049.0,274.0,136961.0,-0.017,6.23
101054.0,409.0,137102.0,-0.025,6.23
101059.0,231.0,137181.0,-0.008,6.96
101064.0,126.0,137237.0,0.108,6.72
101069.0,378.0,137262.0,-0.017,6.23
101074.0,316.0,137081.0,0.042,6.23
101080.0,119.0,137265.0,0.042,6.23
101085.0,75.0,137064.0,-0.017,6.23
101091.0,509.0,137317.0,0.075,6.23
101096.0,200.0,137159.0,-0.058,6.23
101100.0,-83.0,136878.0,0.117,6.48
101105.0,317.0,137111.0,0.0,6.23
101111.0,310.0,136911.0,-0.008,6.72
101116.0,252.0,137004.0,-0.042,6.72
101122.0,-12.0,137327.0,-0.042,6.72
101127.0,35.0,136891.0,-0.017,6.48
101132.0,181.0,136930.0,0.025,6.23
101137.0,259.0,136975.0,0.017,6.48
101142.0,172.0,136977.0,-0.033,6.23
101147.0,352.0,136984.0,-0.108,6.23
101153.0,424.0,136969.0,0.067,6.23
101158.0,53.0,136853.0,0.025,6.23
101164.0,273.0,136750.0,0.05,6.23
101169.0,131.0,137137.0,0.067,6.23
101174.0,82.0,137113.0,0.058,6.23
101179.0,273.0,136946.0,0.033,6.23
101184.0,13.0,137168.0,0.033,6.23
101189.0,-134.0,136842.0,0.025,6.23
101194.0,161.0,137125.0,0.033,6.72
101199.0,235.0,137186.0,0.025,6.23
101204.0,558.0,136954.0,-0.025,6.23
101211.0,556.0,137197.0,0.017,6.23
101216.0,324.0,137240.0,0.033,6.48
101221.0,219.0,136692.0,0.092,6.23
101226.0,436.0,136795.0,0.108,6.23
101231.0,280.0,137203.0,0.0,6.23
101236.0,119.0,136841.0,0.05,6.96
101241.0,326.0,136700.0,-0.017,6.23
101248.0,154.0,136972.0,0.0,6.48
101253.0,-95.0,136618.0,-0.058,6.23
101257.0,178.0,136881.0,-0.1,6.48
101263.0,144.0,136741.0,0.025,6.96
101268.0,119.0,137227.0,0.008,6.23
101273.0,66.0,137010.0,0.067,6.96
101278.0,90.0,137112.0,0.033,6.23
101283.0,215.0,136938.0,0.017,6.23
101288.0,368.0,137129.0,0.0,6.23
101294.0,326.0,137133.0,0.067,6.48
101300.0,321.0,136967.0,-0.075,6.23
101304.0,330.0,137010.0,-0.008,6.23
101309.0,194.0,136949.0,0.058,6.23
101315.0,193.0,137191.0,0.058,6.72
101319.0,260.0,137288.0,-0.033,6.72
101325.0,180.0,137088.0,0.008,6.96
101330.0,229.0,137014.0,0.058,6.23
101336.0,738.0,136875.0,0.15,6.72
101341.0,900.0,136911.0,0.033,6.23
101346.0,355.0,136985.0,0.1,6.23
101351.0,308.0,137054.0,0.017,6.23
101357.0,-218.0,137054.0,0.033,5.99
101362.0,221.0,136646.0,0.058,6.23
101367.0,-124.0,137087.0,0.075,6.48
101372.0,410.0,137218.0,0.017,6.23
101378.0,269.0,136792.0,0.1,6.48
101383.0,42.0,136951.0,0.15,6.23
101388.0,266.0,136945.0,0.05,6.72
101393.0,273.0,137163.0,-0.025,6.23
101398.0,168.0,137200.0,0.017,6.48
101404.0,-16.0,137174.0,0.008,6.72
101409.0,101.0,137076.0,0.15,6.96
101413.0,312.0,136911.0,0.108,6.23
101420.0,248.0,137009.0,0.017,6.48
101425.0,181.0,136331.0,0.042,6.23
101430.0,256.0,136766.0,0.017,6.72
101435.0,232.0,136726.0,0.042,6.23
101441.0,406.0,137274.0,0.083,6.23
101446.0,419.0,136941.0,0.092,6.23
101451.0,569.0,136898.0,-0.033,6.23
101456.0,559.0,136798.0,0.108,5.99
101463.0,326.0,136782.0,-0.083,6.23
101467.0,155.0,136993.0,0.008,6.23
101473.0,581.0,137207.0,0.058,6.23
101478.0,686.0,137053.0,0.083,7.21
101483.0,205.0,137028.0,-0.042,6.23
101488.0,65.0,136998.0,0.0,6.23
101493.0,208.0,136968.0,-0.067,6.48
101498.0,1.0,137237.0,0.083,6.23
101504.0,415.0,136635.0,0.067,6.96
101510.0,667.0,137115.0,0.008,6.23
101515.0,-30.0,136950.0,0.025,6.72
101520.0,228.0,136859.0,0.058,6.48
101525.0,832.0,136657.0,0.008,6.72
101530.0,655.0,136738.0,-0.008,6.23
101535.0,371.0,136543.0,0.017,6.48
101541.0,415.0,136763.0,-0.025,6.72
101547.0,128.0,136832.0,-0.108,6.96
101552.0,194.0,136951.0,0.017,6.48
101557.0,270.0,137017.0,0.008,6.23
101562.0,295.0,136852.0,0.017,6.72
101567.0,419.0,137007.0,0.042,6.23
101573.0,251.0,136645.0,0.0,6.23
101577.0,144.0,137036.0,0.0,6.72
101582.0,582.0,137015.0,0.017,6.23
101588.0,534.0,136955.0,0.017,6.72
101594.0,539.0,137185.0,0.042,6.23
101599.0,246.0,136972.0,0.033,6.48
101604.0,476.0,136786.0,0.042,6.23
101610.0,230.0,136824.0,-0.042,6.23
101615.0,193.0,136903.0,-0.017,6.23
101620.0,541.0,136870.0,0.025,6.72
101625.0,373.0,136966.0,0.042,6.23
101630.0,142.0,136787.0,-0.042,6.96
101636.0,234.0,136988.0,0.083,6.23
101642.0,336.0,137264.0,0.033,6.23
101646.0,221.0,136999.0,0.0,6.23
101652.0,-99.0,136936.0,0.075,6.72
101657.0,449.0,137160.0,0.017,6.23
101662.0,318.0,136911.0,0.075,6.72
101667.0,424.0,136766.0,0.05,6.23
101672.0,560.0,137192.0,0.05,6.72
101678.0,361.0,136861.0,-0.008,6.23
101683.0,176.0,137092.0,0.033,6.23
101688.0,-20.0,137226.0,0.067,6.23
101693.0,19.0,136925.0,0.05,6.72
101698.0,69.0,137104.0,0.058,6.23
101704.0,187.0,137012.0,0.017,6.23
101708.0,366.0,136901.0,0.092,6.48
101714.0,546.0,137110.0,0.025,6.23
101720.0,318.0,137414.0,0.025,6.48
101725.0,143.0,137095.0,-0.05,6.23
101730.0,275.0,136964.0,-0.017,6.23
101736.0,299.0,136786.0,0.058,6.23
101740.0,154.0,136997.0,-0.075,6.72
101745.0,263.0,137218.0,-0.025,6.23
101751.0,313.0,137226.0,0.1,6.48
101755.0,404.0,137271.0,0.033,6.72
101761.0,348.0,136906.0,0.025,6.23
101767.0,348.0,136884.0,0.025,6.23
101772.0,259.0,136941.0,-0.042,6.72
101776.0,386.0,136896.0,0.017,7.21
101782.0,28.0,136682.0,0.017,6.23
101787.0,207.0,136725.0,0.05,6.23
101792.0,361.0,136577.0,0.025,6.72
101798.0,-3.0,136951.0,0.033,6.23
101804.0,289.0,137031.0,-0.008,6.23
101809.0,332.0,136942.0,-0.1,6.23
101815.0,30.0,136798.0,0.017,6.96
101820.0,424.0,136692.0,0.017,6.48
101826.0,318.0,136976.0,0.108,6.96
101830.0,111.0,137043.0,0.017,6.72
101836.0,137.0,136891.0,0.033,5.99
101842.0,159.0,136991.0,0.083,6.96
101848.0,309.0,136925.0,-0.008,6.48
101853.0,204.0,137036.0,-0.008,6.23
101858.0,378.0,137024.0,-0.025,6.23
101864.0,520.0,137336.0,0.042,6.96
101870.0,432.0,136900.0,0.083,6.96
101874.0,47.0,136889.0,-0.025,6.72
101880.0,265.0,137015.0,0.075,7.94
101885.0,271.0,137051.0,0.05,6.72
101892.0,151.0,136765.0,0.025,6.23
101897.0,338.0,137098.0,0.092,6.23
101902.0,4.0,136764.0,-0.008,6.72
101908.0,212.0,136754.0,0.042,6.23
101913.0,258.0,136602.0,-0.042,6.23
101918.0,-19.0,136867.0,0.092,6.23
101924.0,603.0,136787.0,0.033,5.99
101929.0,461.0,136923.0,0.042,6.48
101936.0,447.0,137109.0,-0.017,6.72
101941.0,208.0,136852.0,0.1,6.48
101946.0,658.0,136964.0,-0.025,6.23
101952.0,442.0,137010.0,0.008,6.23
101957.0,582.0,137008.0,0.042,6.23
101962.0,721.0,137387.0,-0.017,6.23
101968.0,233.0,136693.0,0.042,6.72
101974.0,-27.0,136871.0,-0.017,6.72
101980.0,439.0,137043.0,0.108,6.23
101984.0,250.0,136724.0,0.083,7.21
101990.0,442.0,136940.0,0.033,6.23
101996.0,528.0,137018.0,0.033,6.48
102001.0,524.0,136856.0,0.075,6.48
102006.0,311.0,137045.0,0.067,6.72
102011.0,147.0,136969.0,0.033,6.23
102018.0,-39.0,136989.0,-0.017,6.96
102024.0,317.0,136875.0,0.058,6.96
102028.0,324.0,136932.0,0.083,6.23
102034.0,552.0,136642.0,0.125,6.23
102039.0,594.0,136892.0,0.083,6.96
102045.0,496.0,137262.0,0.033,6.72
102050.0,171.0,137109.0,0.075,6.48
102055.0,67.0,136485.0,0.058,6.96
102062.0,157.0,136793.0,-0.008,5.99
102067.0,431.0,136753.0,-0.033,6.96
102072.0,644.0,136988.0,0.058,6.23
102078.0,472.0,137040.0,0.092,5.99
102083.0,-104.0,137032.0,-0.008,6.23
102089.0,598.0,137302.0,0.075,5.99
102093.0,779.0,137107.0,0.0,6.72
102099.0,203.0,136739.0,0.042,6.23
102106.0,391.0,136857.0,0.058,6.48
102111.0,427.0,137174.0,-0.033,6.96
102115.0,-20.0,136939.0,-0.017,6.23
102121.0,298.0,137053.0,0.058,6.48
102127.0,348.0,137117.0,0.017,6.23
102131.0,343.0,137046.0,0.133,6.72
102136.0,208.0,137046.0,0.117,6.23
102142.0,388.0,136844.0,-0.008,6.72
102148.0,128.0,136425.0,0.058,6.48
102153.0,107.0,136172.0,-0.017,5.99
102158.0,435.0,135962.0,0.008,6.23
102164.0,121.0,136103.0,-0.008,6.96
102168.0,314.0,135824.0,0.108,6.23
102174.0,148.0,136116.0,0.15,6.23
102179.0,264.0,135697.0,-0.042,6.23
102184.0,121.0,135722.0,0.108,6.23
102190.0,523.0,135926.0,-0.142,6.23
102196.0,281.0,136008.0,0.008,6.23
102201.0,399.0,135835.0,-0.05,6.48
102206.0,310.0,135626.0,0.017,5.99
102211.0,-92.0,135674.0,0.092,6.72
102216.0,310.0,136019.0,0.133,6.48
102221.0,343.0,136196.0,0.258,6.23
102227.0,443.0,136270.0,-0.108,6.96
102233.0,193.0,136009.0,0.008,6.23
102238.0,252.0,135898.0,0.05,6.72
102243.0,608.0,135924.0,0.008,5.99
102248.0,140.0,135777.0,0.117,6.23
102253.0,-47.0,135964.0,0.1,6.96
102259.0,365.0,136008.0,-0.05,6.72
102264.0,527.0,136125.0,-0.025,6.96
102268.0,142.0,136012.0,-0.058,6.23
102275.0,256.0,135886.0,0.058,6.48
102280.0,312.0,135685.0,0.075,6.48
102285.0,465.0,136186.0,-0.017,6.23
102290.0,-39.0,135978.0,-0.025,6.23
102296.0,301.0,136082.0,0.008,6.23
102301.0,361.0,136115.0,0.067,6.96
102306.0,492.0,135924.0,-0.058,6.96
102311.0,314.0,136052.0,0.083,6.23
102318.0,88.0,136203.0,0.05,6.23
102322.0,287.0,136232.0,0.117,6.23
102328.0,325.0,137382.0,0.067,6.23
102333.0,585.0,139167.0,0.017,6.72
102338.0,520.0,139142.0,-0.067,6.96
102343.0,242.0,138702.0,0.017,6.96
102348.0,42.0,138879.0,-0.008,6.23
102353.0,201.0,139186.0,-0.017,6.72
102360.0,127.0,138862.0,-0.033,6.96
102365.0,277.0,138701.0,-0.025,6.23
102369.0,528.0,138412.0,0.117,6.72
102375.0,270.0,139060.0,0.075,6.23
102381.0,168.0,138892.0,0.05,6.96
102386.0,176.0,139043.0,0.05,6.23
102390.0,331.0,138786.0,-0.033,6.23
102396.0,273.0,138978.0,0.108,6.48
102402.0,-65.0,138365.0,0.033,5.99
102407.0,224.0,138228.0,0.058,6.72
102412.0,418.0,138468.0,-0.008,6.23
102418.0,-60.0,138421.0,-0.025,6.23
102422.0,353.0,137526.0,0.025,6.72
102428.0,143.0,137678.0,0.133,4.28
102433.0,203.0,137269.0,0.1,6.96
102438.0,340.0,137652.0,0.058,6.23
102444.0,102.0,137322.0,0.075,7.94
102449.0,220.0,136911.0,-0.017,6.23
102454.0,167.0,137270.0,0.117,5.74
102459.0,392.0,137550.0,0.017,6.23
102464.0,326.0,137715.0,-0.008,6.23
102469.0,321.0,137606.0,0.025,6.23
102475.0,415.0,138268.0,0.008,6.48
102480.0,385.0,138247.0,0.058,6.23
102484.0,330.0,138790.0,0.025,6.23
102491.0,388.0,139246.0,0.083,6.23
102496.0,108.0,139207.0,0.092,6.23
102501.0,101.0,139876.0,0.075,6.48
102506.0,523.0,140212.0,0.0,6.96
102511.0,379.0,140787.0,0.1,6.72
102516.0,272.0,141080.0,0.042,6.72
102521.0,219.0,141137.0,-0.125,6.23
102526.0,341.0,141110.0,-0.058,6.23
102532.0,400.0,140680.0,0.058,6.23
102538.0,396.0,139894.0,-0.083,6.23
102543.0,370.0,139317.0,0.0,6.72
102548.0,401.0,138792.0,-0.017,6.23
102553.0,465.0,137540.0,0.067,6.23
102558.0,393.0,137253.0,0.125,6.23
102563.0,536.0,136412.0,0.225,6.48
102568.0,247.0,136101.0,0.117,6.72
102574.0,75.0,135592.0,0.05,6.23
102579.0,170.0,135654.0,-0.008,6.23
102584.0,678.0,135457.0,-0.258,5.99
102589.0,440.0,134962.0,-0.042,6.23
102594.0,277.0,134802.0,0.117,6.48
102600.0,501.0,134788.0,0.142,6.23
102605.0,103.0,134783.0,-0.008,6.23
102610.0,82.0,135082.0,0.008,6.72
102616.0,76.0,135138.0,0.05,6.23
102621.0,190.0,134969.0,-0.092,6.96
102626.0,-1.0,135068.0,0.017,6.23
102632.0,171.0,135358.0,0.125,6.48
102637.0,285.0,135087.0,-0.167,6.72
102641.0,250.0,135288.0,-0.067,7.94
102647.0,506.0,135882.0,0.008,6.23
102652.0,220.0,135747.0,0.158,6.23
102658.0,555.0,136110.0,0.067,6.48
102662.0,356.0,136017.0,-0.017,6.23
102668.0,200.0,135886.0,0.1,6.23
102673.0,225.0,135732.0,0.025,6.72
102678.0,337.0,135791.0,-0.017,6.72
102683.0,655.0,135328.0,0.042,6.23
102688.0,480.0,135240.0,0.167,6.23
102694.0,168.0,135814.0,-0.042,6.23
102700.0,286.0,135943.0,0.0,6.23
102705.0,313.0,135930.0,-0.008,6.48
102709.0,44.0,136243.0,0.158,6.96
102714.0,222.0,135922.0,-0.058,6.23
102719.0,175.0,135622.0,-0.117,6.23
102725.0,-5.0,135515.0,0.042,6.72
102730.0,49.0,135374.0,0.05,6.72
102735.0,282.0,135090.0,-0.1,6.72
102740.0,326.0,135069.0,0.133,6.72
102746.0,-134.0,135486.0,0.042,7.21
102751.0,35.0,135420.0,0.0,5.99
102756.0,225.0,135811.0,0.033,6.23
102761.0,-87.0,136180.0,0.042,6.48
102766.0,-196.0,136754.0,-0.042,6.23
102772.0,336.0,136601.0,-0.042,7.21
102777.0,102.0,137214.0,-0.017,6.23
102782.0,219.0,137614.0,-0.05,6.96
102788.0,132.0,137701.0,-0.1,6.23
102793.0,252.0,137538.0,-0.092,6.23
102798.0,-287.0,137640.0,-0.033,6.72
102803.0,157.0,137739.0,0.008,6.23
102808.0,217.0,137396.0,0.2,6.48
102813.0,214.0,137636.0,0.092,6.72
102818.0,146.0,137597.0,0.092,6.23
102824.0,226.0,137194.0,0.083,6.48
102830.0,205.0,137460.0,0.05,6.48
102835.0,279.0,137433.0,0.083,5.99
102840.0,-63.0,137432.0,0.017,6.96
102845.0,92.0,137094.0,-0.017,6.23
102850.0,443.0,137425.0,-0.05,6.72
102855.0,51.0,137357.0,0.058,6.23
102860.0,220.0,137463.0,-0.025,6.48
102865.0,405.0,137676.0,0.1,6.23
102871.0,129.0,137725.0,-0.033,6.48
102876.0,202.0,137135.0,-0.042,6.23
102882.0,410.0,137262.0,0.1,6.23
102887.0,554.0,137053.0,0.05,6.23
102892.0,363.0,136747.0,-0.133,6.23
102897.0,191.0,136524.0,0.133,5.99
102902.0,295.0,136709.0,0.133,6.48
102907.0,278.0,136195.0,0.158,6.23
102913.0,-7.0,136086.0,0.167,6.23
102918.0,81.0,136056.0,-0.375,6.23
102924.0,164.0,136188.0,-0.008,6.23
102928.0,367.0,136441.0,0.083,6.48
102934.0,357.0,136665.0,0.05,6.23
102939.0,140.0,136441.0,-0.05,6.23
102944.0,343.0,136708.0,0.125,6.23
102949.0,-119.0,136703.0,-0.067,6.23
102955.0,-96.0,136681.0,-0.075,6.23
102960.0,588.0,136330.0,-0.025,6.23
102965.0,152.0,136417.0,-0.058,6.23
102970.0,303.0,136629.0,0.108,6.72
102975.0,333.0,136608.0,0.058,6.23
102981.0,217.0,137021.0,0.05,6.23
102986.0,366.0,137689.0,-0.008,6.96
102990.0,115.0,137388.0,-0.075,6.48
102996.0,357.0,137362.0,-0.042,6.23
103002.0,398.0,137498.0,0.142,5.99
103007.0,305.0,137505.0,-0.042,6.23
103012.0,149.0,137527.0,0.325,6.23
103017.0,-228.0,137413.0,-0.058,6.23
103022.0,-31.0,137356.0,0.033,6.23
103028.0,171.0,137132.0,-0.025,6.23
103033.0,-142.0,137252.0,-0.1,6.48
103038.0,509.0,137011.0,0.067,6.23
103044.0,343.0,136990.0,-0.125,6.72
103049.0,516.0,136984.0,-0.05,6.48
103054.0,315.0,137147.0,-0.017,6.72
103059.0,371.0,137241.0,-0.058,6.23
103064.0,378.0,137033.0,0.175,6.48
103069.0,27.0,137260.0,0.283,6.23
103075.0,291.0,136842.0,0.142,6.23
103080.0,322.0,136580.0,0.0,6.72
103085.0,451.0,136519.0,-0.083,6.96
103091.0,307.0,136323.0,-0.083,6.72
103096.0,468.0,136453.0,0.017,6.48
103101.0,-149.0,136536.0,0.092,6.96
103106.0,161.0,136371.0,0.075,7.7
103111.0,-28.0,136067.0,-0.15,6.23
103116.0,391.0,136124.0,-0.05,6.72
103121.0,401.0,136176.0,-0.058,6.23
103127.0,722.0,136246.0,-0.075,6.23
103132.0,189.0,136435.0,0.092,6.48
103138.0,87.0,136481.0,0.067,6.48
103143.0,50.0,136247.0,0.025,6.72
103147.0,231.0,136576.0,0.008,6.72
103153.0,367.0,136502.0,-0.092,6.48
103158.0,440.0,136190.0,0.033,6.23
103163.0,485.0,136173.0,-0.017,6.23
103169.0,367.0,135971.0,0.017,6.72
103175.0,175.0,136207.0,0.175,6.48
103180.0,158.0,136352.0,0.225,6.23
103185.0,4.0,136159.0,0.2,7.45
103190.0,278.0,136055.0,0.075,6.48
103195.0,71.0,136106.0,-0.05,6.48
103200.0,195.0,136717.0,-0.092,6.23
103206.0,159.0,136981.0,-0.133,6.23
103212.0,-152.0,136901.0,-0.05,5.99
103217.0,167.0,137298.0,-0.017,6.48
103222.0,269.0,137284.0,0.042,6.23
103227.0,264.0,137654.0,-0.008,6.23
103232.0,69.0,137681.0,-0.008,5.99
103238.0,813.0,137823.0,-0.067,6.72
103243.0,554.0,137851.0,0.033,6.96
103247.0,-131.0,138026.0,0.167,6.48
103254.0,147.0,137734.0,0.267,6.23
103259.0,-52.0,138538.0,0.183,6.23
103264.0,321.0,138699.0,0.083,6.23
103269.0,67.0,138567.0,0.0,6.96
103274.0,286.0,138453.0,-0.092,6.72
103279.0,449.0,138380.0,-0.058,6.23
103285.0,145.0,141834.0,0.183,6.23
103290.0,149.0,146070.0,0.575,6.23
103296.0,106.0,148193.0,0.733,6.96
103301.0,172.0,151052.0,0.558,6.72
103307.0,494.0,153330.0,0.308,6.48
103311.0,361.0,153943.0,0.208,6.48
103316.0,441.0,155300.0,0.283,6.23
103322.0,101.0,155294.0,0.567,6.23
103327.0,502.0,155590.0,0.667,6.48
103332.0,301.0,155647.0,0.433,6.96
103339.0,185.0,155707.0,0.308,6.72
103344.0,69.0,156213.0,0.175,6.23
103349.0,340.0,156342.0,0.292,6.96
103354.0,304.0,156107.0,0.408,6.23
103359.0,124.0,156273.0,0.4,6.96
103364.0,63.0,156370.0,0.292,6.23
103369.0,399.0,156391.0,0.208,6.23
103375.0,413.0,156153.0,0.242,6.72
103380.0,138.0,156170.0,0.275,6.23
103386.0,364.0,156081.0,0.475,6.23
103391.0,706.0,156159.0,0.317,5.99
103396.0,755.0,156318.0,0.358,6.48
103401.0,632.0,156429.0,0.367,6.96
103406.0,68.0,156293.0,0.383,6.48
103411.0,287.0,156100.0,0.433,6.23
103416.0,-33.0,156177.0,0.292,6.72
103422.0,253.0,156109.0,0.392,6.23
103427.0,460.0,155614.0,0.25,5.99
103432.0,378.0,156445.0,0.292,6.48
103438.0,352.0,156087.0,0.3,6.23
103443.0,211.0,156286.0,0.267,6.48
103448.0,351.0,156187.0,0.233,6.23
103453.0,359.0,156135.0,0.208,6.48
103458.0,510.0,156148.0,0.317,6.48
103463.0,197.0,156417.0,0.242,6.23
103469.0,-159.0,156127.0,0.292,6.48
103474.0,400.0,155960.0,0.317,6.23
103479.0,472.0,156257.0,0.3,6.96
103485.0,266.0,155717.0,0.4,6.48
103490.0,197.0,155430.0,0.375,6.23
103495.0,241.0,155751.0,0.383,6.72
103500.0,643.0,156087.0,0.383,6.96
103505.0,726.0,155624.0,0.342,6.23
103511.0,745.0,155353.0,0.417,6.23
103516.0,-1.0,155745.0,0.267,6.48
103521.0,54.0,155554.0,0.333,6.72
103526.0,358.0,155432.0,0.217,6.23
103532.0,172.0,154904.0,0.183,6.23
103538.0,426.0,155474.0,0.217,6.48
103542.0,595.0,155315.0,0.258,6.48
103548.0,495.0,155599.0,0.283,6.23
103554.0,1.0,155379.0,0.3,6.96
103560.0,291.0,155025.0,0.317,6.23
103565.0,300.0,155224.0,0.317,6.96
103570.0,402.0,154974.0,0.292,6.48
103576.0,448.0,155206.0,0.325,6.23
103581.0,460.0,155218.0,0.325,6.23
103586.0,335.0,155159.0,0.367,6.23
103592.0,405.0,155249.0,0.308,7.21
103598.0,445.0,155727.0,0.3,6.23
103604.0,639.0,155383.0,0.275,6.48
103609.0,554.0,154972.0,0.167,6.96
103614.0,422.0,155258.0,0.225,6.48
103620.0,304.0,155298.0,0.175,6.23
103625.0,436.0,155156.0,0.15,6.96
103630.0,45.0,155019.0,0.267,6.23
103636.0,313.0,155481.0,0.225,6.72
103642.0,219.0,155281.0,0.2,6.23
103648.0,303.0,155579.0,0.217,6.23
103652.0,362.0,155156.0,0.333,6.96
103658.0,500.0,155334.0,0.35,6.23
103664.0,446.0,155546.0,0.367,6.23
103669.0,-52.0,155334.0,0.358,6.23
103674.0,193.0,155367.0,0.358,6.23
103680.0,601.0,155489.0,0.342,6.48
103686.0,295.0,155163.0,0.25,6.72
103692.0,279.0,155345.0,0.283,6.96
103696.0,504.0,155150.0,0.275,6.23
103701.0,233.0,155178.0,0.317,6.23
103707.0,435.0,154860.0,0.233,6.23
103712.0,288.0,155081.0,0.217,6.23
103716.0,287.0,155070.0,0.183,6.48
103723.0,413.0,154902.0,0.258,6.23
103728.0,396.0,155037.0,0.192,6.48
103733.0,292.0,155169.0,0.3,6.48
103739.0,232.0,155015.0,0.283,6.23
103745.0,132.0,155177.0,0.292,6.23
103749.0,-23.0,155440.0,0.275,6.23
103755.0,403.0,155254.0,0.233,6.48
103760.0,437.0,155170.0,0.283,6.23
103767.0,221.0,155604.0,0.242,6.48
103772.0,260.0,155595.0,0.042,6.23
103777.0,190.0,154909.0,0.217,6.23
103783.0,406.0,155059.0,0.183,6.23
103788.0,416.0,155485.0,0.208,6.72
103793.0,391.0,155430.0,0.233,6.23
103798.0,102.0,154810.0,0.283,6.23
103804.0,450.0,155162.0,0.242,6.23
103810.0,240.0,155143.0,0.267,6.72
103815.0,295.0,155146.0,0.25,6.23
103820.0,185.0,155128.0,0.292,6.23
103825.0,585.0,154983.0,0.283,6.48
103830.0,528.0,154954.0,0.258,6.48
103836.0,208.0,154968.0,0.242,6.48
103841.0,494.0,155132.0,0.25,6.23
103846.0,395.0,154935.0,0.25,6.23
103853.0,-87.0,154833.0,0.258,6.72
103858.0,427.0,154537.0,0.217,6.23
103864.0,585.0,154581.0,0.292,6.23
103868.0,480.0,154914.0,0.183,6.23
103874.0,340.0,154758.0,0.258,6.23
103880.0,362.0,154734.0,0.233,6.72
103885.0,-66.0,155162.0,0.275,6.23
103890.0,405.0,155171.0,0.192,6.23
103896.0,344.0,154883.0,0.258,6.23
103902.0,546.0,154825.0,0.292,6.48
103906.0,759.0,155276.0,0.267,6.23
103911.0,608.0,154878.0,0.275,6.23
103917.0,258.0,154916.0,0.283,6.72
103922.0,462.0,155015.0,0.283,6.72
103927.0,277.0,154904.0,0.217,6.23
103932.0,79.0,154824.0,0.175,6.96
103939.0,357.0,154543.0,0.325,6.96
103943.0,472.0,154680.0,0.217,6.23
103949.0,220.0,154884.0,0.167,6.23
103954.0,578.0,154874.0,0.167,6.23
103959.0,291.0,154839.0,0.175,6.96
103964.0,414.0,154987.0,0.242,6.23
103970.0,506.0,155061.0,0.217,6.23
103975.0,222.0,155104.0,0.15,6.23
103981.0,257.0,154803.0,0.2,6.48
103986.0,341.0,154561.0,0.283,6.72
103991.0,207.0,154762.0,0.242,6.23
103996.0,370.0,154983.0,0.283,6.72
104002.0,504.0,154839.0,0.192,6.48
104007.0,428.0,154788.0,0.133,6.23
104012.0,243.0,154599.0,0.233,6.23
104017.0,479.0,155031.0,0.208,6.23
104023.0,239.0,154742.0,0.225,6.48
104028.0,-12.0,155065.0,0.25,6.48
104033.0,104.0,154689.0,0.267,6.48
104039.0,152.0,154850.0,0.15,6.72
104043.0,-245.0,154983.0,0.175,6.48
104049.0,-115.0,154799.0,0.225,6.72
104054.0,871.0,154909.0,0.25,6.96
104060.0,51.0,155026.0,0.208,6.48
104065.0,-182.0,154985.0,0.183,6.23
104071.0,-26.0,155137.0,0.225,6.23
104076.0,218.0,154992.0,0.317,6.48
104081.0,311.0,155073.0,0.325,6.23
104086.0,111.0,154919.0,0.183,6.72
104091.0,203.0,154938.0,0.292,6.23
104096.0,-56.0,154641.0,0.15,6.23
104102.0,344.0,155373.0,0.167,6.23
104108.0,620.0,155054.0,0.275,6.23
104112.0,401.0,154871.0,0.25,6.48
104118.0,253.0,154891.0,0.267,6.72
104123.0,211.0,154834.0,0.267,6.72
104128.0,8.0,154667.0,0.242,6.23
104133.0,354.0,154905.0,0.225,6.23
104139.0,444.0,154804.0,0.167,6.23
104143.0,555.0,155191.0,0.308,6.23
104150.0,345.0,154887.0,0.225,6.72
104155.0,159.0,154901.0,0.133,6.96
104161.0,35.0,154824.0,0.108,6.23
104165.0,-148.0,154807.0,0.125,6.96
104171.0,462.0,154695.0,0.267,6.23
104176.0,358.0,154650.0,0.175,6.96
104181.0,339.0,154677.0,0.125,6.23
104186.0,295.0,155115.0,0.1,6.48
104192.0,15.0,155122.0,0.208,6.72
104197.0,-148.0,154819.0,0.3,6.23
104203.0,86.0,154839.0,0.142,6.48
104208.0,638.0,154798.0,0.25,6.23
104212.0,421.0,155099.0,0.242,6.48
104218.0,-91.0,154871.0,0.175,6.72
104223.0,327.0,154718.0,0.15,6.72
104228.0,356.0,154657.0,0.2,6.23
104233.0,-72.0,154589.0,0.175,6.23
104239.0,24.0,154708.0,0.217,5.99
104244.0,285.0,154379.0,0.192,6.96
104250.0,253.0,154773.0,0.2,6.23
104255.0,595.0,154784.0,0.242,6.23
104260.0,190.0,154935.0,0.208,6.23
104265.0,581.0,154811.0,0.242,6.23
104270.0,429.0,154600.0,0.167,6.48
104275.0,290.0,154529.0,0.158,6.48
104281.0,474.0,154845.0,0.25,6.23
104286.0,578.0,154872.0,0.2,7.21
104291.0,523.0,154539.0,0.2,6.23
104297.0,159.0,154771.0,0.133,6.48
104302.0,509.0,154862.0,0.125,6.23
104306.0,424.0,154761.0,0.292,5.99
104311.0,93.0,154763.0,0.225,6.72
104317.0,361.0,154916.0,0.125,6.48
104322.0,430.0,154645.0,0.175,6.48
104328.0,364.0,154869.0,0.183,6.23
104333.0,342.0,154934.0,0.167,6.48
104338.0,-3.0,154625.0,0.125,6.23
104343.0,-149.0,154761.0,0.175,6.23
104348.0,105.0,154794.0,0.133,6.96
104353.0,244.0,154591.0,0.175,6.23
104359.0,404.0,154741.0,0.167,6.72
104365.0,224.0,154842.0,0.233,6.23
104369.0,-21.0,154537.0,0.292,6.23
104374.0,104.0,154428.0,0.158,6.23
104379.0,296.0,154615.0,0.133,6.23
104384.0,277.0,154583.0,0.167,6.23
104390.0,443.0,154799.0,0.125,6.23
104395.0,157.0,154840.0,0.183,6.23
104400.0,354.0,154691.0,0.267,6.23
104406.0,214.0,155011.0,0.142,6.23
104412.0,450.0,155036.0,0.158,6.72
104416.0,215.0,154829.0,0.158,6.23
104421.0,-90.0,154644.0,0.242,6.23
104426.0,220.0,154977.0,0.192,6.72
104431.0,231.0,155031.0,0.133,6.72
104436.0,75.0,154736.0,0.167,6.96
104441.0,455.0,154263.0,0.233,6.23
104448.0,688.0,154929.0,0.167,6.72
104453.0,572.0,154958.0,0.175,6.96
104458.0,256.0,154501.0,0.192,6.96
104463.0,377.0,154989.0,0.083,6.23
104469.0,-93.0,155055.0,0.192,6.23
104474.0,363.0,154674.0,0.167,6.23
104478.0,98.0,154859.0,0.208,6.23
104484.0,106.0,154895.0,0.175,6.23
104489.0,234.0,154784.0,0.167,6.72
104495.0,245.0,154777.0,0.092,6.48
104499.0,402.0,154616.0,0.133,6.72
104505.0,506.0,154361.0,0.125,6.23
104510.0,463.0,154767.0,0.117,5.99
104515.0,203.0,154724.0,0.208,6.48
104520.0,197.0,155053.0,0.133,6.48
104525.0,244.0,154961.0,0.158,6.72
104531.0,274.0,154811.0,0.042,6.23
104537.0,124.0,155276.0,0.208,6.96
104542.0,285.0,154555.0,0.142,6.48
104546.0,266.0,154628.0,0.167,6.23
104551.0,308.0,154527.0,0.117,6.72
104557.0,423.0,154681.0,0.125,6.72
104562.0,181.0,154684.0,0.167,6.72
104567.0,189.0,154711.0,0.167,6.23
104572.0,4.0,154597.0,0.133,6.48
104578.0,158.0,154456.0,0.108,6.23
104583.0,-52.0,154725.0,0.183,6.23
104588.0,309.0,154987.0,0.025,6.23
104593.0,-133.0,154624.0,0.108,6.23
104599.0,19.0,154999.0,0.183,7.45
104604.0,502.0,154639.0,0.15,6.23
104608.0,247.0,154640.0,0.167,6.23
104613.0,549.0,154737.0,0.2,6.23
104620.0,520.0,154983.0,0.15,6.23
104625.0,568.0,154818.0,0.158,6.23
104630.0,260.0,154851.0,0.075,6.72
104635.0,299.0,154833.0,0.167,6.23
104640.0,387.0,155002.0,0.15,6.72
104645.0,211.0,154637.0,0.117,6.23
104650.0,206.0,154515.0,0.167,5.99
104655.0,273.0,154654.0,0.125,5.99
104660.0,273.0,155093.0,0.083,6.72
104666.0,208.0,154773.0,0.175,6.96
104672.0,480.0,154496.0,0.142,6.48
104677.0,308.0,154795.0,0.125,6.48
104682.0,387.0,154789.0,0.1,6.72
104687.0,149.0,154900.0,0.225,6.23
104692.0,569.0,154503.0,0.192,6.23
104697.0,674.0,155111.0,0.133,6.48
104702.0,547.0,154732.0,0.1,6.23
104709.0,-161.0,155114.0,0.067,6.23
104714.0,290.0,155104.0,0.183,6.48
104718.0,387.0,154849.0,0.15,7.21
104724.0,217.0,154940.0,0.075,6.23
104729.0,186.0,154722.0,0.175,6.23
104734.0,204.0,154495.0,0.117,6.23
104739.0,158.0,154942.0,0.225,7.21
104744.0,71.0,154866.0,0.117,6.96
104750.0,-44.0,154855.0,0.167,6.96
104755.0,590.0,154425.0,0.15,6.96
104760.0,43.0,155033.0,0.092,6.48
104765.0,-236.0,154982.0,0.125,6.72
104771.0,410.0,154856.0,0.142,6.23
104776.0,439.0,154662.0,0.092,5.74
104781.0,114.0,154697.0,0.092,6.23
104786.0,196.0,155026.0,0.258,6.23
104792.0,663.0,154652.0,0.075,6.48
104797.0,237.0,154813.0,0.092,6.96
104802.0,673.0,154692.0,0.125,6.23
104807.0,400.0,154880.0,0.15,6.23
104812.0,423.0,154883.0,0.133,6.96
104818.0,43.0,154701.0,0.125,7.94
104823.0,32.0,154833.0,0.058,6.23
104827.0,251.0,155058.0,0.125,6.72
104834.0,567.0,154996.0,0.092,6.23
104839.0,454.0,154828.0,0.075,6.48
104844.0,131.0,154725.0,0.125,6.48
104849.0,645.0,154481.0,0.158,5.99
104854.0,286.0,154535.0,0.125,6.96
104859.0,145.0,154526.0,0.083,6.23
104864.0,247.0,154527.0,0.05,6.96
104869.0,132.0,154637.0,0.15,6.72
104875.0,345.0,154722.0,0.183,6.48
104881.0,-131.0,155254.0,0.092,6.72
104886.0,-10.0,154696.0,0.067,6.23
104891.0,445.0,154897.0,0.142,6.23
104896.0,285.0,154803.0,0.05,6.72
104901.0,458.0,154895.0,0.067,6.72
104906.0,421.0,155042.0,0.058,6.23
104912.0,83.0,155014.0,0.108,6.23
104918.0,76.0,154822.0,0.05,6.96
104922.0,259.0,154743.0,0.192,6.23
104928.0,403.0,154729.0,0.117,6.23
104933.0,336.0,154899.0,0.133,6.23
104938.0,227.0,154502.0,0.108,6.23
104943.0,417.0,154713.0,0.133,7.45
104948.0,332.0,154909.0,0.142,6.23
104953.0,105.0,154746.0,0.175,6.48
104958.0,361.0,154858.0,0.108,6.72
104964.0,178.0,154854.0,0.108,6.23
104969.0,391.0,154701.0,0.108,5.99
104975.0,233.0,154695.0,0.133,6.72
104980.0,352.0,154605.0,0.208,6.23
104985.0,145.0,154872.0,0.05,6.23
104990.0,295.0,154524.0,0.125,6.96
104996.0,249.0,154644.0,0.092,6.72
105000.0,176.0,154775.0,0.033,6.23
105007.0,98.0,154820.0,0.142,6.72
105012.0,800.0,154830.0,0.1,6.96
105017.0,507.0,154576.0,0.117,6.72
105022.0,90.0,154751.0,0.067,6.96
105027.0,322.0,154895.0,0.083,6.48
105033.0,667.0,154703.0,0.058,6.23
105037.0,378.0,154626.0,0.108,5.5
105043.0,156.0,154806.0,0.083,6.23
105049.0,-65.0,155242.0,0.175,6.23
105054.0,474.0,155001.0,0.133,6.96
105059.0,556.0,155103.0,0.125,6.72
105064.0,143.0,154767.0,0.05,6.23
105069.0,388.0,154982.0,0.083,6.96
105075.0,376.0,154672.0,0.192,6.72
105080.0,300.0,154866.0,0.1,6.23
105085.0,-57.0,154905.0,0.117,6.23
105091.0,349.0,154872.0,0.058,6.72
105097.0,27.0,154862.0,0.15,6.48
105101.0,-122.0,154617.0,0.092,6.96
105106.0,542.0,154578.0,0.058,6.23
105112.0,326.0,154662.0,0.142,6.48
105117.0,-7.0,154854.0,-0.025,6.23
105122.0,228.0,154949.0,0.158,6.23
105127.0,278.0,154555.0,0.117,6.96
105134.0,335.0,154677.0,0.058,6.48
105138.0,94.0,154648.0,0.117,6.23
105144.0,210.0,154578.0,0.092,6.23
105149.0,137.0,154772.0,0.083,6.23
105154.0,462.0,154667.0,0.092,6.23
105159.0,296.0,154719.0,0.117,6.48
105165.0,138.0,155077.0,0.183,6.96
105170.0,523.0,154812.0,0.067,6.23
105176.0,395.0,154773.0,0.15,6.96
105181.0,159.0,155001.0,0.1,6.23
105186.0,296.0,155010.0,0.1,6.23
105191.0,-44.0,154655.0,0.133,6.23
105197.0,-118.0,154403.0,0.108,6.23
105201.0,73.0,154912.0,0.092,6.23
105206.0,285.0,154567.0,0.15,6.23
105212.0,-29.0,155009.0,0.133,6.23
105218.0,292.0,154714.0,0.125,6.72
105222.0,261.0,154947.0,0.133,6.72
105228.0,493.0,154929.0,0.092,6.72
105233.0,260.0,154860.0,0.108,6.72
105238.0,294.0,154821.0,0.092,5.99
105243.0,0.0,155069.0,0.092,6.72
105248.0,137.0,155128.0,0.125,6.23
105253.0,241.0,154905.0,0.175,6.48
105260.0,223.0,154607.0,-0.233,6.72
105264.0,-60.0,154624.0,-0.117,6.23
105269.0,250.0,154705.0,0.175,6.23
105275.0,304.0,154811.0,0.108,6.96
105280.0,441.0,154728.0,0.05,5.99
105285.0,315.0,154679.0,0.217,6.96
105290.0,439.0,154367.0,0.192,5.99
105295.0,122.0,154406.0,0.3,6.23
105300.0,183.0,154969.0,-0.108,6.72
105306.0,401.0,154641.0,-0.05,6.23
105311.0,340.0,154650.0,-0.033,6.23
105316.0,44.0,154451.0,-0.05,6.23
105322.0,438.0,154683.0,0.15,6.23
105327.0,293.0,154574.0,0.067,6.23
105332.0,273.0,154763.0,-0.042,6.96
105337.0,509.0,154811.0,0.242,6.96
105342.0,300.0,154938.0,0.108,6.96
105348.0,221.0,155461.0,0.167,6.48
105353.0,-23.0,155007.0,0.175,6.23
105358.0,20.0,155410.0,0.358,5.99
105363.0,222.0,155320.0,0.15,6.96
105369.0,242.0,155180.0,-0.133,6.23
105375.0,524.0,155132.0,0.167,6.48
105379.0,233.0,155119.0,0.142,6.23
105385.0,445.0,154921.0,0.05,6.23
105391.0,287.0,154837.0,0.133,6.72
105397.0,231.0,154879.0,0.192,5.99
105402.0,168.0,154822.0,-0.117,6.72
105407.0,418.0,154637.0,0.25,6.23
105412.0,-46.0,154675.0,-0.158,6.23
105417.0,107.0,154566.0,-0.092,6.23
105422.0,489.0,154547.0,0.067,6.96
105428.0,451.0,154461.0,0.042,6.96
105434.0,366.0,154152.0,0.217,6.48
105438.0,457.0,154529.0,-0.017,6.96
105444.0,133.0,154021.0,-0.067,5.25
105449.0,308.0,154148.0,0.15,6.23
105454.0,444.0,154448.0,-0.042,6.23
105460.0,98.0,154052.0,0.1,6.96
105465.0,392.0,153670.0,0.092,6.23
105470.0,109.0,153815.0,0.042,6.72
105477.0,449.0,154535.0,0.125,6.23
105482.0,325.0,154281.0,-0.025,6.23
105488.0,417.0,154119.0,0.142,6.23
105492.0,610.0,154064.0,0.058,6.96
105498.0,702.0,154728.0,-0.033,6.72
105504.0,664.0,154314.0,0.183,6.23
105509.0,374.0,154530.0,0.142,6.72
105515.0,365.0,154599.0,-0.008,6.23
105520.0,119.0,154345.0,0.167,6.96
105526.0,357.0,154231.0,-0.05,6.23
105532.0,93.0,154121.0,0.05,6.23
105536.0,72.0,154294.0,-0.042,6.23
105542.0,444.0,154394.0,-0.017,5.99
105547.0,336.0,154276.0,0.067,6.23
105553.0,-272.0,153994.0,0.033,6.72
105559.0,-31.0,153835.0,0.158,6.23
105564.0,209.0,154191.0,0.058,6.72
105570.0,381.0,154337.0,-0.008,6.48
105575.0,575.0,153899.0,0.058,6.23
105580.0,602.0,153992.0,0.017,6.72
105585.0,363.0,153780.0,0.0,6.48
105591.0,361.0,154216.0,0.175,6.23
105596.0,676.0,154319.0,0.133,6.23
105601.0,473.0,154100.0,0.008,6.23
105607.0,-59.0,153896.0,0.1,6.96
105611.0,132.0,153753.0,-0.042,6.23
105617.0,462.0,154053.0,0.117,6.72
105623.0,520.0,154159.0,0.1,6.72
105628.0,196.0,154133.0,0.108,6.23
105633.0,377.0,153788.0,0.125,6.48
105639.0,133.0,153576.0,0.05,6.48
105645.0,189.0,153702.0,0.133,6.23
105651.0,387.0,153700.0,0.117,6.72
105655.0,528.0,153887.0,0.017,6.96
105661.0,482.0,153613.0,0.083,6.23
105667.0,80.0,153739.0,-0.025,6.72
105672.0,260.0,153713.0,0.05,6.23
105677.0,153.0,153670.0,0.042,6.23
105682.0,413.0,153836.0,0.033,6.48
105689.0,215.0,154168.0,0.067,6.23
105695.0,529.0,154028.0,0.083,6.23
105699.0,582.0,153845.0,0.008,6.23
105705.0,198.0,153511.0,0.0,6.23
105710.0,186.0,153451.0,0.025,6.23
105716.0,422.0,153545.0,0.067,6.23
105721.0,347.0,153462.0,-0.017,6.23
105726.0,277.0,153440.0,0.075,6.23
105733.0,441.0,153672.0,0.058,6.23
105738.0,303.0,154208.0,0.108,6.23
105743.0,436.0,154457.0,0.117,5.01
105748.0,369.0,154085.0,0.1,6.23
105754.0,387.0,154193.0,0.025,6.72
105759.0,-99.0,154104.0,0.017,6.23
105764.0,16.0,153767.0,0.05,6.23
105769.0,296.0,153589.0,0.017,6.23
105775.0,248.0,153218.0,0.058,6.48
105780.0,207.0,153449.0,0.0,6.48
105786.0,171.0,153379.0,0.042,6.48
105791.0,593.0,153324.0,-0.017,6.23
105795.0,232.0,153143.0,0.125,6.72
105801.0,28.0,152979.0,0.0,6.96
105806.0,524.0,152940.0,0.083,5.99
105811.0,429.0,153163.0,0.0,6.72
105817.0,229.0,153019.0,0.058,6.23
105822.0,643.0,152748.0,0.067,6.48
105827.0,442.0,153043.0,0.058,6.23
105833.0,266.0,153177.0,0.033,6.72
105838.0,550.0,153260.0,-0.05,6.48
105843.0,87.0,153139.0,-0.008,6.23
105848.0,503.0,152897.0,0.0,6.23
105853.0,273.0,153228.0,0.133,6.48
105859.0,230.0,153407.0,0.042,6.72
105864.0,242.0,153323.0,0.125,6.48
105870.0,646.0,153027.0,0.033,5.99
105875.0,226.0,153074.0,0.025,6.23
105880.0,289.0,153115.0,0.1,6.23
105885.0,757.0,153001.0,0.058,6.48
105891.0,289.0,153296.0,-0.042,6.96
105895.0,54.0,153705.0,0.133,6.48
105902.0,312.0,153323.0,-0.042,6.48
105907.0,410.0,153448.0,-0.058,6.72
105912.0,387.0,153293.0,0.117,6.23
105917.0,-33.0,153231.0,-0.008,6.23
105922.0,-15.0,153036.0,-0.008,6.72
105927.0,90.0,153517.0,0.158,6.48
105932.0,308.0,153393.0,0.092,6.23
105938.0,292.0,153396.0,0.042,6.48
105943.0,263.0,153437.0,0.1,7.94
105949.0,45.0,153703.0,-0.083,6.72
105954.0,323.0,153466.0,0.017,6.23
105959.0,466.0,153051.0,-0.008,6.72
105964.0,502.0,153239.0,0.0,6.48
105969.0,296.0,153610.0,0.058,6.48
105974.0,153.0,153555.0,0.033,6.23
105980.0,-167.0,153371.0,0.017,6.72
105986.0,175.0,153897.0,0.067,6.23
105991.0,523.0,153582.0,-0.075,6.23
105996.0,292.0,153331.0,-0.033,6.96
106002.0,454.0,153687.0,0.033,6.23
106007.0,162.0,153498.0,0.075,6.72
106011.0,255.0,153293.0,-0.067,6.23
106017.0,697.0,153639.0,0.025,6.72
106022.0,247.0,153646.0,0.058,6.23
106028.0,356.0,153541.0,0.117,6.96
106033.0,128.0,153389.0,0.083,6.23
106039.0,230.0,153598.0,0.008,6.48
106043.0,271.0,153317.0,0.058,5.99
106049.0,431.0,153291.0,0.108,6.23
106054.0,489.0,153518.0,0.042,6.72
106059.0,304.0,153277.0,0.025,6.72
106064.0,200.0,153819.0,0.042,6.48
106071.0,250.0,153887.0,0.042,6.23
106076.0,550.0,153980.0,0.008,6.23
106081.0,285.0,153837.0,-0.008,6.23
106086.0,469.0,154211.0,-0.117,6.23
106091.0,523.0,154240.0,-0.017,6.23
106096.0,408.0,153839.0,0.05,6.48
106102.0,304.0,154159.0,0.075,6.23
106107.0,358.0,154068.0,0.025,6.23
106113.0,583.0,154535.0,-0.008,6.23
106118.0,137.0,154269.0,0.042,6.23
106123.0,417.0,154226.0,0.033,6.23
106128.0,638.0,154345.0,0.025,6.96
106134.0,262.0,154117.0,0.05,6.23
106139.0,182.0,154106.0,0.142,6.23
106143.0,291.0,154123.0,0.008,6.48
106148.0,184.0,153983.0,-0.008,6.23
106155.0,902.0,153424.0,-0.083,6.23
106159.0,659.0,153549.0,0.058,6.23
106165.0,585.0,153231.0,0.0,6.23
106170.0,545.0,153334.0,0.017,6.23
106175.0,520.0,152597.0,0.067,6.23
106180.0,50.0,152961.0,0.033,6.48
106185.0,328.0,152850.0,-0.067,6.23
106190.0,545.0,152847.0,-0.008,6.23
106196.0,377.0,152921.0,0.0,6.23
106202.0,211.0,152656.0,-0.1,6.48
106206.0,252.0,152397.0,0.05,6.96
106212.0,601.0,152355.0,0.025,6.23
106217.0,83.0,152438.0,0.075,7.21
106221.0,350.0,152597.0,0.0,6.23
106227.0,584.0,152429.0,0.033,6.48
106232.0,-224.0,152318.0,-0.033,6.23
106237.0,-261.0,152747.0,0.125,6.23
106243.0,523.0,152591.0,0.092,6.96
106249.0,493.0,152434.0,0.058,6.96
106253.0,322.0,152803.0,0.058,6.72
106259.0,512.0,153475.0,-0.025,6.48
106264.0,120.0,153588.0,0.033,6.23
106269.0,5.0,153467.0,-0.058,6.23
106273.0,84.0,153488.0,0.108,6.23
106278.0,438.0,153801.0,0.108,6.72
106284.0,111.0,153819.0,-0.025,6.48
106290.0,-9.0,153612.0,-0.05,6.23
106295.0,131.0,153199.0,-0.033,6.48
106300.0,360.0,153221.0,0.142,6.48
106305.0,130.0,153038.0,0.058,6.23
106310.0,76.0,153003.0,0.05,5.99
106315.0,229.0,153849.0,0.092,6.72
106321.0,545.0,153357.0,0.058,6.23
106327.0,149.0,153562.0,0.075,6.23
106332.0,100.0,154015.0,0.008,6.23
106337.0,30.0,153631.0,-0.042,6.23
106342.0,352.0,153826.0,-0.117,6.96
106347.0,365.0,154189.0,0.017,6.48
106352.0,172.0,154006.0,-0.058,6.48
106357.0,428.0,153267.0,-0.05,6.72
106362.0,153.0,153749.0,0.058,6.72
106368.0,71.0,153528.0,0.092,6.72
106373.0,443.0,153335.0,0.092,6.72
106378.0,438.0,153543.0,0.1,6.96
106383.0,-34.0,153426.0,0.092,5.99
106389.0,164.0,153365.0,0.083,6.72
106394.0,351.0,153679.0,0.108,6.48
106399.0,723.0,153801.0,0.008,6.96
106404.0,359.0,153656.0,-0.033,5.99
106409.0,128.0,153167.0,0.05,6.48
106415.0,-71.0,153694.0,0.175,6.23
106420.0,417.0,153817.0,-0.067,6.23
106425.0,246.0,153693.0,-0.008,6.23
106430.0,66.0,153698.0,-0.117,6.48
106435.0,418.0,153547.0,-0.075,6.96
106440.0,67.0,153647.0,-0.058,6.23
106446.0,109.0,153636.0,0.042,6.23
106451.0,475.0,153961.0,0.075,6.23
106457.0,440.0,153649.0,0.008,6.23
106462.0,116.0,153844.0,0.108,6.48
106467.0,406.0,153937.0,0.075,6.23
106472.0,339.0,154011.0,-0.008,6.23
106477.0,622.0,153942.0,0.092,5.99
106482.0,-2.0,153889.0,-0.05,6.96
106487.0,307.0,153597.0,-0.05,6.72
106492.0,843.0,153280.0,-0.125,6.23
106498.0,171.0,153773.0,-0.05,6.23
106504.0,398.0,153035.0,0.067,6.23
106509.0,580.0,152858.0,0.05,6.48
106514.0,212.0,153045.0,0.1,6.23
106519.0,133.0,153147.0,0.067,6.23
106524.0,519.0,152930.0,0.083,6.48
106529.0,191.0,153363.0,0.05,6.23
106534.0,210.0,153371.0,0.067,6.23
106540.0,191.0,153834.0,0.025,6.48
106545.0,497.0,153725.0,0.033,6.48
106550.0,12.0,154227.0,0.083,6.48
106555.0,538.0,154052.0,-0.083,6.23
106561.0,196.0,154227.0,0.033,6.23
106566.0,507.0,154377.0,-0.042,6.96
106571.0,377.0,153932.0,0.008,6.23
106576.0,23.0,153993.0,0.058,6.72
106582.0,296.0,153547.0,-0.058,6.23
106587.0,628.0,153748.0,-0.008,6.23
106592.0,46.0,153835.0,0.025,6.72
106597.0,-163.0,152519.0,0.133,6.48
106603.0,719.0,152786.0,0.017,6.23
106608.0,563.0,152719.0,0.033,6.48
106613.0,328.0,152689.0,0.05,6.23
106618.0,383.0,152798.0,0.167,6.23
106624.0,671.0,152541.0,0.125,6.23
106629.0,104.0,152731.0,0.033,6.23
106634.0,196.0,152856.0,-0.008,6.23
106639.0,300.0,152745.0,-0.05,6.23
106644.0,563.0,152697.0,-0.042,6.23
106649.0,115.0,152966.0,-0.192,6.72
106655.0,475.0,153011.0,-0.033,6.23
106660.0,68.0,153369.0,0.042,6.23
106664.0,131.0,153442.0,0.033,6.96
106671.0,23.0,153416.0,0.083,6.23
106676.0,226.0,153088.0,0.092,6.23
106681.0,249.0,153251.0,0.025,6.23
106686.0,33.0,153145.0,0.058,6.48
106691.0,-32.0,153113.0,0.042,5.99
106696.0,317.0,153244.0,0.108,6.23
106702.0,225.0,153464.0,0.0,6.72
106707.0,2.0,153066.0,0.042,6.72
106712.0,141.0,153151.0,-0.067,6.23
106718.0,417.0,153169.0,0.008,6.72
106723.0,90.0,153171.0,-0.1,6.23
106728.0,-199.0,153000.0,0.008,6.48
106733.0,597.0,153096.0,0.117,6.48
106738.0,436.0,153056.0,0.125,6.48
106743.0,237.0,153081.0,0.025,6.48
106748.0,365.0,153462.0,0.042,6.48
106754.0,414.0,153634.0,0.058,6.23
106759.0,5.0,153893.0,-0.017,6.23
106765.0,369.0,153823.0,-0.05,6.23
106770.0,380.0,153757.0,-0.008,6.48
106774.0,383.0,153496.0,-0.075,6.23
106780.0,355.0,153112.0,0.0,6.23
106785.0,350.0,153170.0,0.0,6.72
106790.0,327.0,153059.0,-0.05,6.48
106796.0,-27.0,153255.0,-0.033,6.23
106801.0,80.0,152737.0,-0.033,7.45
106806.0,509.0,152848.0,0.058,6.23
106812.0,239.0,153268.0,0.008,6.23
106817.0,338.0,152896.0,0.067,6.23
106822.0,171.0,152935.0,0.05,6.48
106827.0,-101.0,153369.0,0.008,6.72
106832.0,40.0,153235.0,-0.033,7.45
106838.0,137.0,153054.0,-0.017,6.23
106843.0,339.0,153455.0,-0.033,6.23
106848.0,154.0,153775.0,0.075,6.23
106853.0,483.0,154182.0,0.033,6.48
106858.0,171.0,154032.0,0.025,6.96
106864.0,286.0,154194.0,-0.067,6.23
106868.0,431.0,154129.0,0.058,6.96
106874.0,-153.0,154347.0,0.042,6.96
106880.0,-96.0,154139.0,0.083,6.48
106885.0,475.0,154288.0,0.092,6.48
106890.0,555.0,154524.0,0.075,6.23
106895.0,378.0,154496.0,0.025,6.23
106900.0,61.0,154255.0,0.042,6.48
106906.0,343.0,152701.0,0.008,6.48
106911.0,269.0,152851.0,-0.008,6.48
106916.0,-322.0,153088.0,-0.042,6.72
106921.0,284.0,153475.0,-0.033,6.23
106928.0,364.0,153835.0,0.033,6.23
106933.0,355.0,153717.0,0.192,6.72
106937.0,252.0,153914.0,-0.042,6.72
106943.0,622.0,154570.0,0.058,5.5
106948.0,171.0,154426.0,-0.025,6.23
106953.0,156.0,154307.0,-0.108,6.23
106958.0,410.0,154451.0,-0.075,6.72
106964.0,303.0,154509.0,0.058,6.23
106969.0,90.0,154788.0,-0.05,6.23
106975.0,106.0,154434.0,0.083,6.72
106980.0,55.0,154640.0,0.108,6.72
106985.0,282.0,154743.0,-0.017,6.23
106990.0,376.0,154307.0,0.108,6.23
106996.0,112.0,154431.0,0.058,6.23
107000.0,19.0,154244.0,0.058,6.23
107006.0,203.0,154435.0,0.092,6.23
107012.0,95.0,154009.0,0.008,6.23
107017.0,106.0,153814.0,-0.017,6.96
107022.0,556.0,153823.0,-0.058,6.23
107027.0,94.0,154063.0,-0.042,6.23
107032.0,159.0,154128.0,0.05,6.48
107037.0,315.0,154067.0,0.133,6.23
107043.0,269.0,154215.0,0.033,6.23
107048.0,186.0,154278.0,0.05,6.23
107054.0,344.0,153801.0,-0.05,6.72
107059.0,670.0,154113.0,0.008,6.72
107064.0,343.0,154013.0,0.033,6.23
107069.0,378.0,153934.0,0.058,5.99
107075.0,550.0,153748.0,0.075,7.21
107080.0,418.0,152256.0,0.025,6.72
107085.0,207.0,152365.0,-0.058,6.23
107090.0,555.0,152570.0,-0.017,6.23
107097.0,243.0,153460.0,-0.117,6.23
107101.0,298.0,153167.0,0.142,6.23
107107.0,568.0,153114.0,0.05,6.23
107112.0,616.0,153652.0,0.1,6.23
107117.0,471.0,153485.0,-0.033,6.72
107122.0,149.0,153374.0,0.083,6.72
107128.0,355.0,153224.0,-0.025,6.23
107133.0,640.0,153446.0,0.042,6.48
107138.0,435.0,153533.0,0.1,6.23
107144.0,-87.0,153731.0,-0.008,6.23
107150.0,351.0,153885.0,0.108,6.72
107154.0,520.0,153940.0,0.033,6.48
107159.0,456.0,153933.0,-0.125,6.96
107165.0,4.0,153935.0,0.067,6.23
107170.0,151.0,153756.0,0.008,6.96
107175.0,497.0,154057.0,0.042,6.23
107181.0,261.0,153865.0,0.0,6.23
107186.0,326.0,153786.0,0.05,5.99
107191.0,546.0,153827.0,-0.008,6.48
107197.0,14.0,153729.0,-0.042,6.23
107201.0,-175.0,153922.0,-0.025,6.72
107206.0,503.0,154211.0,0.058,6.48
107212.0,209.0,154055.0,0.058,6.72
107217.0,266.0,154032.0,0.075,6.96
107222.0,395.0,153793.0,-0.025,6.23
107228.0,397.0,153485.0,0.033,6.23
107233.0,98.0,153836.0,-0.017,6.96
107238.0,180.0,153575.0,0.017,6.48
107243.0,22.0,153767.0,0.042,6.72
107248.0,35.0,153646.0,0.083,6.96
107253.0,251.0,153773.0,-0.042,6.23
107259.0,197.0,153405.0,-0.025,6.23
107264.0,242.0,153220.0,-0.008,6.23
107269.0,422.0,153307.0,-0.008,6.23
107275.0,316.0,153121.0,0.042,6.23
107280.0,333.0,153164.0,0.008,6.23
107285.0,163.0,152913.0,-0.075,6.23
107290.0,321.0,152599.0,0.125,6.23
107295.0,578.0,152994.0,0.042,6.23
107300.0,421.0,152467.0,0.042,6.23
107305.0,421.0,152737.0,0.1,6.23
107311.0,106.0,152680.0,0.075,6.23
107317.0,186.0,152702.0,0.033,6.48
107322.0,250.0,152496.0,0.017,6.23
107328.0,576.0,152318.0,0.108,6.72
107333.0,261.0,152377.0,0.108,6.23
107338.0,175.0,152450.0,0.017,6.48
107343.0,211.0,152328.0,0.008,6.23
107348.0,24.0,152405.0,0.033,6.72
107354.0,358.0,152558.0,-0.075,6.96
107360.0,430.0,152582.0,0.042,6.23
107364.0,105.0,152453.0,0.1,6.23
107369.0,116.0,152570.0,-0.075,5.99
107375.0,356.0,152768.0,0.083,6.23
107379.0,-53.0,152875.0,0.033,6.48
107385.0,211.0,153237.0,-0.05,6.23
107392.0,243.0,153033.0,0.025,6.72
107397.0,311.0,153577.0,0.0,6.23
107402.0,138.0,153772.0,-0.075,6.23
107407.0,618.0,153506.0,0.058,6.23
107413.0,58.0,153746.0,0.008,6.23
107419.0,496.0,153664.0,-0.033,6.72
107423.0,487.0,153779.0,0.067,6.72
107429.0,363.0,154215.0,0.033,6.96
107435.0,481.0,154003.0,0.008,6.48
107441.0,227.0,153767.0,0.058,6.23
107446.0,-102.0,153802.0,0.1,6.72
107451.0,524.0,153686.0,0.017,6.23
107457.0,286.0,154056.0,-0.033,6.48
107462.0,304.0,154200.0,0.108,6.23
107467.0,469.0,154237.0,0.058,6.23
107472.0,576.0,154057.0,-0.033,6.23
107479.0,614.0,153987.0,0.108,6.72
107484.0,195.0,153944.0,0.025,6.96
107488.0,860.0,153517.0,0.067,6.48
107494.0,720.0,153895.0,0.142,6.23
107499.0,343.0,153826.0,0.017,6.96
107504.0,247.0,153664.0,0.042,6.72
107510.0,505.0,153658.0,0.117,6.23
107515.0,79.0,153498.0,-0.008,6.48
107521.0,270.0,153569.0,-0.017,6.23
107527.0,288.0,153783.0,-0.05,6.23
107532.0,202.0,153235.0,0.008,6.72
107538.0,54.0,152963.0,0.092,6.48
107542.0,269.0,152884.0,-0.092,6.23
107548.0,233.0,152982.0,0.017,6.48
107554.0,255.0,152486.0,-0.025,6.23
107559.0,581.0,152438.0,-0.008,6.23
107565.0,320.0,152425.0,0.025,6.23
107570.0,282.0,152701.0,0.075,6.23
107576.0,528.0,152781.0,0.008,6.23
107582.0,182.0,153421.0,0.017,6.23
107586.0,347.0,153422.0,0.05,6.96
107591.0,502.0,153700.0,-0.017,6.23
107597.0,-70.0,153562.0,0.008,6.23
107602.0,251.0,153469.0,0.092,6.23
107608.0,692.0,153493.0,0.033,6.23
107613.0,576.0,153273.0,-0.042,5.99
107619.0,198.0,153124.0,0.033,6.23
107623.0,559.0,152403.0,0.083,6.23
107629.0,19.0,152609.0,0.025,7.21
107634.0,309.0,152900.0,0.075,6.72
107639.0,326.0,152435.0,0.125,6.48
107644.0,108.0,153013.0,0.083,6.23
107650.0,786.0,153182.0,0.025,6.48
107655.0,515.0,153261.0,-0.025,6.23
107661.0,585.0,153605.0,-0.017,6.23
107666.0,661.0,153819.0,0.025,6.23
107671.0,233.0,154040.0,-0.05,6.48
107676.0,234.0,153607.0,-0.008,6.72
107682.0,10.0,153585.0,-0.05,6.72
107687.0,238.0,153626.0,-0.008,6.96
107692.0,217.0,152807.0,0.033,6.23
107698.0,341.0,152627.0,0.083,5.99
107703.0,373.0,152374.0,0.075,6.23
107708.0,364.0,152561.0,0.2,6.23
107713.0,28.0,152897.0,0.092,6.23
107719.0,574.0,153130.0,0.117,6.23
107723.0,519.0,153361.0,0.008,6.23
107729.0,503.0,153199.0,-0.05,6.72
107735.0,85.0,153408.0,-0.117,6.23
107740.0,506.0,153445.0,-0.017,6.72
107745.0,282.0,153675.0,-0.075,6.23
107751.0,554.0,153581.0,-0.083,6.23
107756.0,704.0,153028.0,0.075,6.23
107761.0,509.0,152847.0,0.092,6.23
107766.0,233.0,152795.0,0.05,6.23
107771.0,419.0,152730.0,0.05,6.72
107777.0,396.0,152497.0,0.05,6.72
107783.0,226.0,152637.0,0.1,6.23
107788.0,226.0,153192.0,0.158,6.23
107792.0,477.0,153433.0,0.125,6.23
107798.0,467.0,153427.0,0.025,6.23
107803.0,233.0,153432.0,0.042,6.72
107808.0,406.0,153495.0,-0.158,6.48
107813.0,360.0,153473.0,-0.092,6.23
107820.0,198.0,153398.0,-0.067,6.72
107824.0,113.0,153155.0,0.008,6.23
107830.0,281.0,153169.0,-0.067,6.48
107835.0,483.0,152737.0,0.058,6.48
107841.0,387.0,152878.0,0.008,6.96
107845.0,322.0,152765.0,0.192,6.96
107851.0,120.0,152853.0,0.058,6.23
107856.0,-52.0,152812.0,0.108,6.23
107862.0,-171.0,153127.0,0.183,6.72
107867.0,461.0,153295.0,0.042,6.48
107872.0,357.0,153454.0,-0.008,7.21
107877.0,368.0,153545.0,-0.117,6.23
107883.0,-148.0,153501.0,0.0,6.72
107888.0,146.0,153296.0,-0.092,6.23
107892.0,265.0,153055.0,0.0,6.48
107898.0,221.0,153053.0,-0.025,6.23
107904.0,317.0,152666.0,0.025,6.23
107909.0,336.0,152557.0,0.092,6.23
107914.0,514.0,152563.0,-0.008,4.77
107920.0,106.0,152684.0,0.033,6.23
107924.0,171.0,152637.0,0.133,6.72
107930.0,211.0,153195.0,0.05,6.23
107935.0,219.0,153135.0,0.025,6.72
107941.0,321.0,153176.0,0.033,6.96
107945.0,434.0,153559.0,0.05,6.23
107952.0,370.0,153383.0,-0.033,6.23
107957.0,424.0,153470.0,0.125,6.23
107962.0,255.0,153215.0,-0.067,6.23
107967.0,441.0,153163.0,0.025,6.23
107972.0,529.0,152942.0,-0.067,6.23
107977.0,86.0,152605.0,-0.05,6.23
107983.0,462.0,152621.0,0.05,9.65
107988.0,288.0,152692.0,0.117,6.23
107993.0,-53.0,152989.0,0.158,6.72
107999.0,109.0,153099.0,0.1,6.23
108004.0,293.0,152732.0,0.017,6.72
108009.0,296.0,152979.0,-0.017,6.96
108014.0,411.0,153445.0,0.017,6.23
108019.0,651.0,153130.0,0.0,6.23
108024.0,686.0,153245.0,-0.05,6.23
108029.0,446.0,153081.0,-0.033,6.48
108036.0,538.0,152966.0,-0.042,6.23
108040.0,267.0,153055.0,-0.008,6.23
108046.0,461.0,153145.0,0.05,6.23
108051.0,493.0,153226.0,0.05,6.72
108056.0,314.0,152781.0,0.1,6.96
108061.0,458.0,152615.0,-0.025,6.23
108066.0,250.0,152584.0,0.042,6.72
108071.0,111.0,152923.0,0.092,6.23
108077.0,378.0,153281.0,-0.042,6.23
108082.0,190.0,153360.0,-0.025,6.23
108087.0,91.0,153357.0,-0.142,6.23
108093.0,211.0,153481.0,-0.008,6.23
108098.0,521.0,153738.0,0.083,6.96
108102.0,392.0,153225.0,0.033,6.72
108108.0,168.0,153223.0,0.008,6.23
108113.0,498.0,153190.0,0.025,6.23
108119.0,553.0,153121.0,-0.025,6.23
108123.0,618.0,153076.0,0.025,6.23
108129.0,60.0,152629.0,0.058,6.72
108134.0,315.0,152777.0,0.142,6.48
108139.0,153.0,152580.0,0.017,6.72
108144.0,-175.0,152435.0,0.033,6.48
108149.0,70.0,152851.0,0.017,6.23
108155.0,478.0,153081.0,0.042,7.45
108161.0,216.0,152868.0,0.083,6.23
108166.0,15.0,152861.0,0.125,6.23
108171.0,191.0,152939.0,0.017,6.72
108176.0,353.0,152684.0,0.033,6.48
108181.0,20.0,153027.0,0.05,6.48
108186.0,380.0,152653.0,0.017,6.72
108192.0,694.0,152696.0,0.008,6.23
108196.0,435.0,153025.0,0.033,6.48
108201.0,202.0,152766.0,0.2,6.23
108207.0,458.0,153007.0,0.142,6.23
108212.0,459.0,152729.0,0.058,6.23
108217.0,155.0,152846.0,0.058,6.23
108222.0,441.0,152909.0,0.008,6.48
108228.0,134.0,152869.0,0.067,6.23
108233.0,550.0,153345.0,0.0,6.72
108238.0,212.0,153040.0,0.025,6.48
108243.0,435.0,152809.0,0.092,6.72
108249.0,172.0,153250.0,-0.042,6.72
108254.0,454.0,153231.0,0.058,6.23
108259.0,31.0,153437.0,0.1,6.23
108264.0,93.0,153300.0,0.017,6.48
108269.0,-37.0,153165.0,0.008,6.48
108274.0,54.0,153283.0,0.008,6.23
108279.0,350.0,153378.0,0.117,6.48
108284.0,482.0,153141.0,0.025,6.96
108291.0,691.0,153335.0,0.05,6.23
108296.0,285.0,153430.0,0.075,6.48
108301.0,413.0,152993.0,-0.033,6.96
108306.0,488.0,152809.0,-0.008,6.48
108311.0,436.0,153008.0,-0.05,6.48
108316.0,34.0,152905.0,-0.025,6.23
108321.0,51.0,153063.0,0.092,6.72
108326.0,317.0,153234.0,0.008,6.96
108333.0,395.0,152825.0,0.067,6.23
108338.0,518.0,152853.0,-0.033,6.96
108342.0,589.0,152972.0,0.083,6.96
108348.0,363.0,153081.0,-0.017,6.23
108353.0,90.0,152631.0,0.017,6.23
108358.0,276.0,152820.0,0.017,6.48
108363.0,498.0,153129.0,0.008,6.96
108368.0,89.0,152781.0,-0.008,5.5
108374.0,-83.0,152872.0,0.042,6.48
108379.0,27.0,153083.0,0.075,5.99
108384.0,338.0,153565.0,0.025,6.48
108389.0,40.0,153250.0,0.008,6.48
108395.0,286.0,153133.0,-0.017,6.23
108400.0,349.0,153265.0,-0.058,6.72
108405.0,187.0,153194.0,0.05,6.96
108410.0,143.0,153229.0,0.05,6.23
108416.0,216.0,152841.0,0.058,7.45
108421.0,291.0,152478.0,-0.025,6.23
108426.0,-205.0,152733.0,0.075,6.23
108431.0,56.0,152917.0,0.017,6.23
108436.0,342.0,153128.0,0.075,6.23
108441.0,464.0,152839.0,0.008,6.48
108446.0,335.0,153021.0,0.0,6.72
108452.0,227.0,152438.0,0.0,6.48
108457.0,439.0,152589.0,0.017,6.23
108463.0,466.0,153221.0,-0.042,6.96
108468.0,236.0,153272.0,0.017,6.23
108473.0,784.0,153103.0,0.092,6.48
108478.0,621.0,153319.0,0.008,6.23
108483.0,120.0,152986.0,0.017,5.99
108489.0,560.0,153262.0,0.008,6.23
108494.0,663.0,153414.0,0.008,6.96
108498.0,274.0,153317.0,-0.042,6.96
108504.0,148.0,153498.0,0.075,6.23
108510.0,131.0,153186.0,-0.075,6.72
108515.0,175.0,153011.0,0.05,6.23
108520.0,621.0,152850.0,0.017,6.48
108525.0,534.0,152704.0,-0.017,6.96
108530.0,669.0,152541.0,0.008,6.72
108535.0,559.0,152663.0,-0.017,6.23
108540.0,476.0,152869.0,0.017,6.23
108546.0,-19.0,152780.0,0.008,6.23
108552.0,347.0,153032.0,0.075,6.23
108557.0,66.0,153102.0,0.008,6.23
108562.0,439.0,153003.0,0.042,6.48
108567.0,273.0,153441.0,0.05,6.96
108572.0,564.0,152835.0,0.025,6.23
108577.0,-83.0,152894.0,0.042,6.23
108582.0,357.0,153181.0,0.183,6.23
108588.0,632.0,153403.0,-0.067,6.23
108593.0,329.0,153468.0,-0.042,6.23
108598.0,555.0,153196.0,0.033,6.48
108604.0,882.0,153264.0,0.067,6.48
108608.0,641.0,153273.0,0.058,6.23
108614.0,163.0,153269.0,0.05,6.23
108619.0,198.0,153163.0,0.108,6.72
108624.0,223.0,152842.0,0.083,6.96
108630.0,23.0,153150.0,-0.008,6.23
108635.0,80.0,153348.0,0.083,6.72
108640.0,75.0,153167.0,0.017,6.23
108646.0,287.0,153259.0,0.025,6.23
108651.0,226.0,152845.0,0.05,6.96
108655.0,417.0,152980.0,0.033,6.72
108661.0,181.0,153015.0,0.067,6.96
108666.0,218.0,153009.0,-0.008,6.72
108670.0,763.0,152968.0,-0.017,6.23
108677.0,449.0,153148.0,0.058,6.23
108682.0,238.0,152942.0,0.083,6.23
108687.0,343.0,152843.0,-0.033,6.48
108692.0,-157.0,153173.0,0.025,6.96
108698.0,2.0,153209.0,0.142,6.23
108702.0,339.0,153218.0,0.05,6.48
108708.0,-75.0,152654.0,0.05,6.23
108713.0,-86.0,152806.0,0.1,6.23
108719.0,269.0,152943.0,0.033,6.48
108724.0,585.0,153143.0,0.025,6.23
108730.0,45.0,153093.0,0.067,6.96
108734.0,196.0,152930.0,0.0,6.23
108739.0,330.0,152913.0,0.075,6.23
108745.0,620.0,153331.0,0.033,6.48
108750.0,387.0,153080.0,0.05,6.96
108755.0,221.0,153043.0,-0.017,6.48
108761.0,101.0,153007.0,-0.008,6.23
108767.0,74.0,152805.0,0.092,6.23
108771.0,381.0,152838.0,-0.033,5.99
108777.0,9.0,152938.0,0.083,6.23
108781.0,-162.0,153131.0,0.075,6.23
108787.0,156.0,152878.0,0.1,6.23
108792.0,414.0,153164.0,0.05,6.23
108797.0,653.0,153050.0,0.042,6.48
108803.0,512.0,153033.0,-0.058,6.23
108809.0,584.0,153141.0,0.042,6.23
108814.0,357.0,152989.0,-0.017,6.96
108818.0,542.0,153148.0,0.0,6.23
108824.0,358.0,153132.0,0.0,6.23
108829.0,197.0,153194.0,0.008,6.96
108834.0,292.0,153075.0,0.075,6.23
108839.0,204.0,153275.0,-0.075,6.96
108846.0,316.0,153219.0,-0.042,6.23
108851.0,79.0,153000.0,0.017,6.96
108856.0,325.0,153247.0,0.042,6.23
108861.0,127.0,152917.0,0.05,6.48
108866.0,126.0,152970.0,0.108,6.23
108871.0,464.0,153043.0,0.033,6.23
108877.0,194.0,152847.0,0.025,6.23
108881.0,-11.0,153080.0,-0.017,6.48
108887.0,393.0,152845.0,0.133,6.23
108893.0,265.0,152703.0,-0.025,6.23
108898.0,346.0,152639.0,0.0,6.96
108903.0,381.0,152586.0,0.058,6.23
108908.0,251.0,152846.0,-0.008,6.23
108913.0,204.0,152648.0,0.017,6.96
108918.0,-203.0,152835.0,0.025,6.48
108924.0,277.0,152779.0,-0.017,6.23
108930.0,695.0,152993.0,-0.008,6.23
108935.0,340.0,153058.0,0.008,6.23
108940.0,498.0,153099.0,0.008,6.48
108946.0,-114.0,152805.0,0.05,6.48
108950.0,31.0,152904.0,0.033,6.72
108956.0,193.0,153005.0,-0.017,6.23
108961.0,191.0,152897.0,0.15,6.23
108966.0,380.0,153340.0,-0.008,6.72
108972.0,664.0,152873.0,0.117,6.23
108978.0,176.0,153329.0,-0.017,6.72
108982.0,259.0,153098.0,-0.133,6.23
108987.0,128.0,152825.0,0.183,6.23
108993.0,0.0,153097.0,0.017,6.48
108997.0,-25.0,152970.0,-0.033,6.96
109002.0,297.0,153023.0,0.05,6.72
109008.0,181.0,153161.0,0.0,6.23
109012.0,116.0,153404.0,0.008,6.48
109019.0,88.0,153193.0,-0.058,6.23
109024.0,356.0,153193.0,0.033,6.96
109029.0,249.0,153124.0,0.042,6.23
109034.0,149.0,153229.0,0.05,6.23
109040.0,659.0,153209.0,0.075,6.72
109044.0,678.0,153198.0,-0.033,6.23
109049.0,138.0,153217.0,0.108,6.48
109056.0,428.0,153389.0,0.042,6.23
109061.0,285.0,153216.0,0.033,6.23
109065.0,68.0,153221.0,-0.033,6.23
109071.0,184.0,152913.0,0.067,6.48
109076.0,293.0,152848.0,0.025,6.96
109081.0,559.0,153251.0,0.067,6.23
109086.0,489.0,153035.0,-0.008,6.23
109091.0,568.0,152736.0,0.017,6.23
109096.0,86.0,152887.0,-0.033,6.72
109103.0,104.0,153151.0,-0.05,6.48
109107.0,63.0,152710.0,0.025,6.72
109112.0,243.0,153029.0,-0.042,6.72
109118.0,387.0,152975.0,0.05,6.48
109123.0,310.0,153008.0,0.108,6.23
109127.0,-171.0,152891.0,0.008,6.23
109133.0,203.0,152895.0,0.017,5.99
109138.0,258.0,152690.0,0.008,6.48
109144.0,210.0,152770.0,0.05,4.52
109150.0,510.0,153106.0,0.017,6.23
109156.0,612.0,152918.0,0.108,6.23
109160.0,455.0,153065.0,0.008,6.23
109165.0,53.0,153008.0,0.058,6.23
109171.0,455.0,152816.0,0.05,6.23
109176.0,422.0,152759.0,0.033,6.96
109181.0,276.0,153112.0,-0.008,6.23
109187.0,178.0,152948.0,0.017,6.23
109192.0,123.0,152857.0,0.033,6.96
109197.0,278.0,153030.0,0.108,6.23
109202.0,366.0,152790.0,0.083,6.72
109207.0,365.0,152831.0,0.092,6.72
109213.0,341.0,153051.0,0.025,6.23
109218.0,331.0,153131.0,0.117,6.23
109224.0,183.0,152945.0,-0.042,6.23
109229.0,292.0,153170.0,-0.033,6.23
109235.0,264.0,152954.0,0.05,6.23
109241.0,498.0,152878.0,0.1,6.48
109246.0,482.0,152890.0,0.067,6.23
109251.0,625.0,152987.0,-0.008,6.23
109257.0,379.0,152975.0,-0.033,6.23
109262.0,97.0,152851.0,-0.017,6.23
109268.0,295.0,153133.0,0.008,6.96
109273.0,274.0,153160.0,0.067,6.48
109279.0,-188.0,152662.0,0.008,6.72
109285.0,674.0,152986.0,0.05,6.48
109290.0,360.0,152746.0,-0.042,6.48
109295.0,93.0,152607.0,0.008,6.72
109300.0,-59.0,152787.0,0.075,6.23
109306.0,535.0,152807.0,0.033,6.23
109312.0,405.0,152711.0,-0.058,6.96
109317.0,288.0,152826.0,0.042,6.23
109323.0,696.0,152732.0,0.133,6.72
109328.0,162.0,152266.0,0.067,6.96
109334.0,238.0,152666.0,0.058,6.23
109339.0,237.0,152709.0,-0.017,6.48
109344.0,316.0,152739.0,0.025,6.23
109349.0,506.0,152387.0,0.042,6.72
109356.0,294.0,152496.0,-0.125,5.99
109360.0,349.0,152861.0,0.008,6.96
109366.0,375.0,152949.0,-0.008,6.23
109371.0,41.0,152765.0,0.033,6.23
109376.0,492.0,152724.0,0.017,6.23
109382.0,134.0,152754.0,0.05,6.23
109387.0,186.0,153240.0,-0.017,6.23
109392.0,640.0,153433.0,0.008,6.72
109398.0,531.0,153286.0,0.0,6.48
109404.0,417.0,152834.0,-0.05,6.23
109409.0,377.0,153162.0,0.108,6.23
109414.0,314.0,152975.0,0.108,6.23
109419.0,566.0,153001.0,0.042,6.72
109425.0,756.0,153121.0,0.067,6.23
109431.0,84.0,153149.0,0.05,6.23
109435.0,211.0,152570.0,0.042,6.48
109442.0,583.0,153208.0,0.008,6.23
109447.0,369.0,153240.0,-0.008,6.23
109453.0,377.0,153036.0,0.0,6.23
109458.0,544.0,152803.0,-0.008,6.23
109463.0,554.0,152967.0,-0.108,6.23
109469.0,94.0,152865.0,0.042,6.48
109474.0,596.0,152664.0,0.075,6.72
109479.0,437.0,152751.0,0.075,6.96
109485.0,193.0,152833.0,0.067,6.72
109491.0,331.0,153019.0,0.025,6.23
109495.0,380.0,152960.0,0.025,6.48
109501.0,265.0,152598.0,0.067,6.23
109506.0,713.0,152776.0,0.025,6.23
109511.0,343.0,152869.0,0.025,6.23
109516.0,454.0,152658.0,-0.017,6.23
109522.0,116.0,152670.0,0.058,6.72
109528.0,466.0,152855.0,0.008,6.23
109532.0,885.0,152816.0,-0.025,6.23
109538.0,355.0,152752.0,-0.017,6.48
109543.0,-109.0,153041.0,0.0,6.23
109548.0,-192.0,152874.0,0.008,6.23
109553.0,326.0,152816.0,0.017,5.99
109559.0,80.0,152921.0,0.017,6.23
109563.0,137.0,152830.0,0.083,7.21
109570.0,353.0,152580.0,-0.017,6.96
109575.0,725.0,152743.0,0.067,6.23
109580.0,308.0,152744.0,0.108,6.48
109585.0,-50.0,152656.0,0.05,6.23
109591.0,510.0,152654.0,0.05,6.23
109596.0,394.0,152725.0,0.067,6.48
109601.0,343.0,152868.0,0.017,6.96
109606.0,239.0,152722.0,-0.008,6.72
109612.0,117.0,152693.0,0.092,6.23
109617.0,242.0,152792.0,0.025,5.99
109623.0,370.0,152622.0,0.033,6.48
109628.0,378.0,152711.0,0.042,6.48
109632.0,341.0,152900.0,-0.075,6.23
109638.0,295.0,152856.0,0.025,6.23
109643.0,131.0,153041.0,0.092,6.96
109648.0,242.0,153062.0,0.058,6.23
109654.0,-30.0,152864.0,0.083,6.23
109660.0,40.0,152949.0,0.1,6.72
109664.0,439.0,153052.0,0.042,6.23
109670.0,387.0,152794.0,0.033,6.96
109675.0,347.0,152934.0,0.083,6.23
109681.0,61.0,152771.0,0.008,6.23
109685.0,330.0,152576.0,-0.025,6.23
109691.0,280.0,152348.0,0.008,6.23
109697.0,234.0,152561.0,0.075,6.23
109702.0,447.0,152652.0,-0.033,6.23
109707.0,233.0,152064.0,0.025,6.23
109712.0,109.0,152391.0,-0.008,6.23
109717.0,224.0,152562.0,-0.1,6.23
109723.0,840.0,152244.0,0.025,6.23
109728.0,608.0,152303.0,0.05,6.23
109732.0,321.0,152306.0,0.033,6.23
109739.0,427.0,152418.0,-0.017,6.72
109744.0,311.0,152141.0,0.025,6.23
109749.0,316.0,151936.0,0.025,6.23
109754.0,330.0,151892.0,0.033,6.72
109760.0,560.0,152354.0,0.05,6.23
109765.0,358.0,152181.0,0.008,6.23
109770.0,135.0,151792.0,0.1,6.23
109775.0,373.0,151798.0,0.0,6.23
109782.0,393.0,152087.0,0.033,6.23
109786.0,320.0,152104.0,0.042,6.48
109792.0,660.0,151950.0,0.067,6.23
109797.0,396.0,151881.0,0.083,6.23
109802.0,157.0,151722.0,0.058,6.96
109807.0,383.0,151980.0,0.05,6.23
109812.0,291.0,152301.0,0.058,6.23
109817.0,504.0,152002.0,0.142,6.72
109824.0,622.0,152398.0,0.017,6.23
109829.0,470.0,152307.0,0.042,6.48
109834.0,401.0,151984.0,0.067,6.23
109839.0,110.0,152320.0,-0.092,6.23
109844.0,264.0,152341.0,0.108,6.96
109848.0,115.0,152474.0,0.067,6.23
109854.0,65.0,152636.0,0.05,6.72
109859.0,199.0,152457.0,0.042,6.23
109864.0,-54.0,152824.0,-0.008,6.23
109870.0,568.0,152886.0,-0.008,6.96
109876.0,358.0,152829.0,0.058,6.96
109880.0,115.0,152840.0,0.075,6.96
109886.0,383.0,152792.0,-0.058,6.23
109891.0,93.0,153067.0,0.075,5.99
109896.0,366.0,153076.0,0.15,6.23
109901.0,431.0,152828.0,0.158,6.23
109906.0,273.0,152889.0,0.117,6.72
109912.0,160.0,153234.0,0.008,6.23
109917.0,294.0,153280.0,0.108,5.99
109922.0,358.0,153147.0,0.0,6.23
109927.0,425.0,153316.0,-0.033,6.23
109933.0,229.0,153432.0,0.008,6.23
109938.0,353.0,153441.0,-0.025,6.23
109942.0,192.0,153058.0,0.025,6.23
109948.0,30.0,153206.0,0.017,6.72
109954.0,126.0,153207.0,0.058,6.23
109959.0,75.0,153132.0,0.042,6.72
109963.0,222.0,153243.0,0.083,6.23
109969.0,516.0,153108.0,0.058,5.99
109974.0,453.0,152950.0,0.042,6.96
109979.0,225.0,152912.0,0.05,6.23
109984.0,379.0,152939.0,0.108,6.96
109989.0,392.0,152824.0,0.008,6.48
109996.0,-38.0,153042.0,0.017,6.48
110001.0,116.0,152925.0,-0.042,6.23
110005.0,319.0,152986.0,0.0,6.23
110011.0,329.0,152546.0,-0.042,6.23
110016.0,427.0,152665.0,-0.017,6.72
110021.0,406.0,152870.0,0.058,6.48
110026.0,578.0,152698.0,0.017,6.23
110032.0,234.0,152883.0,0.067,6.48
110036.0,553.0,152626.0,0.042,6.96
110042.0,338.0,152777.0,0.0,6.48
110047.0,-34.0,152562.0,0.067,6.48
110052.0,287.0,152422.0,0.042,6.72
110057.0,145.0,152553.0,0.0,6.72
110062.0,659.0,153066.0,-0.033,6.23
110068.0,532.0,152798.0,0.042,6.23
110073.0,392.0,152554.0,0.075,6.48
110078.0,348.0,152883.0,0.075,6.72
110084.0,391.0,152798.0,0.042,6.23
110089.0,172.0,152713.0,-0.008,6.23
110094.0,156.0,152648.0,0.058,6.23
110099.0,417.0,152870.0,0.017,6.72
110104.0,115.0,152965.0,0.025,6.23
110109.0,415.0,152650.0,-0.008,6.23
110114.0,362.0,152998.0,-0.017,6.72
110119.0,430.0,153063.0,0.0,6.23
110126.0,90.0,152932.0,0.1,6.23
110131.0,137.0,152696.0,0.0,6.48
110136.0,177.0,152829.0,0.0,6.48
110141.0,229.0,152614.0,0.117,7.21
110146.0,62.0,152852.0,0.075,6.23
110151.0,252.0,152749.0,0.1,6.23
110156.0,476.0,153038.0,0.042,6.48
110161.0,203.0,153276.0,0.033,6.23
110167.0,-178.0,153293.0,0.017,6.23
110172.0,780.0,152858.0,0.008,6.23
110177.0,695.0,153020.0,-0.05,6.48
110183.0,461.0,153261.0,-0.042,6.23
110188.0,97.0,153052.0,0.025,6.23
110193.0,86.0,152912.0,-0.025,6.23
110198.0,154.0,153149.0,0.033,6.23
110203.0,554.0,153028.0,0.075,6.23
110209.0,461.0,153028.0,0.008,6.23
110214.0,63.0,153093.0,-0.108,6.23
110219.0,121.0,153296.0,0.042,6.72
110225.0,-8.0,152952.0,0.042,6.23
110230.0,348.0,152689.0,-0.058,6.48
110235.0,620.0,152974.0,0.092,6.23
110240.0,225.0,152796.0,0.0,6.23
110245.0,258.0,152623.0,-0.05,6.23
110251.0,454.0,152546.0,0.025,6.23
110256.0,365.0,152596.0,-0.092,6.48
110261.0,-127.0,152411.0,-0.025,6.96
110266.0,343.0,152364.0,-0.1,6.23
110271.0,656.0,152482.0,0.067,6.23
110276.0,286.0,152501.0,0.025,6.23
110282.0,354.0,152766.0,0.033,6.23
110287.0,237.0,152034.0,0.167,6.23
110291.0,200.0,152361.0,0.067,6.23
110297.0,270.0,152448.0,0.125,6.23
110303.0,277.0,152232.0,0.208,6.48
110308.0,541.0,152425.0,0.075,6.23
110313.0,141.0,152494.0,0.058,6.48
110318.0,346.0,152202.0,-0.008,6.48
110323.0,494.0,152199.0,0.025,6.23
110328.0,254.0,152326.0,-0.108,6.23
110333.0,487.0,152974.0,-0.067,6.72
110339.0,374.0,152847.0,-0.117,6.23
110345.0,212.0,152739.0,-0.067,5.99
110350.0,467.0,152825.0,0.067,6.48
110355.0,-26.0,152988.0,-0.025,6.23
110360.0,328.0,153070.0,0.025,6.72
110365.0,277.0,152966.0,0.025,6.48
110370.0,288.0,153165.0,0.142,6.23
110375.0,260.0,153070.0,0.075,5.99
110381.0,-185.0,153084.0,-0.067,6.72
110386.0,80.0,153187.0,0.0,6.48
110391.0,109.0,153241.0,0.075,6.23
110396.0,-34.0,153426.0,0.058,6.23
110401.0,352.0,153321.0,0.05,6.96
110406.0,177.0,153255.0,0.008,6.48
110411.0,-50.0,153594.0,-0.042,6.96
110416.0,246.0,153268.0,-0.033,6.23
110422.0,423.0,153508.0,-0.067,6.23
110427.0,90.0,153447.0,0.067,6.23
110433.0,0.0,153473.0,-0.008,6.48
110438.0,217.0,153725.0,0.05,6.48
110442.0,250.0,153708.0,0.0,6.23
110448.0,362.0,152838.0,-0.083,5.01
110453.0,453.0,143522.0,-0.417,6.72
110458.0,194.0,59765.0,-4.042,6.72
110464.0,274.0,-96674.0,-6.583,6.23
110469.0,215.0,-340830.0,-6.558,6.23
110474.0,292.0,-398873.0,-4.392,5.99
110479.0,322.0,-459225.0,-2.017,6.48
110484.0,275.0,-449647.0,-0.183,6.23
110489.0,310.0,-442306.0,-1.875,6.48
110495.0,348.0,-420904.0,-3.642,6.23
110500.0,391.0,-424868.0,-4.458,6.23
110505.0,142.0,-443133.0,-4.2,6.72
110511.0,-28.0,-468136.0,-2.85,6.23
110516.0,71.0,-557380.0,-2.175,5.99
110520.0,442.0,-582601.0,-3.067,6.48
110526.0,358.0,-594107.0,-3.908,6.23
110531.0,347.0,-604685.0,-4.125,6.23
110536.0,538.0,-615450.0,-3.308,5.99
110541.0,370.0,-644972.0,-2.433,6.23
110547.0,373.0,-684320.0,-2.85,6.23
110552.0,514.0,-702045.0,-3.367,6.23
110558.0,656.0,-721389.0,-3.642,5.99
110564.0,2.0,-728755.0,-3.467,5.99
110568.0,-299.0,-732978.0,-3.033,6.48
110573.0,659.0,-743437.0,-2.558,5.99
110579.0,215.0,-753537.0,-2.725,6.23
110584.0,286.0,-758359.0,-3.3,5.99
110589.0,173.0,-760382.0,-3.408,6.23
110595.0,177.0,-763514.0,-3.167,6.96
110601.0,418.0,-765374.0,-2.95,5.99
110605.0,299.0,-766101.0,-2.9,6.23
110611.0,355.0,-767905.0,-3.0,6.72
110616.0,172.0,-768607.0,-2.967,6.23
110621.0,219.0,-768286.0,-2.917,6.72
110626.0,263.0,-766978.0,-2.308,6.72
110632.0,59.0,-765768.0,-1.917,6.23
110638.0,212.0,-765807.0,-2.075,6.23
110643.0,26.0,-766720.0,-2.275,5.99
110648.0,-60.0,-768870.0,-2.358,6.48
110653.0,351.0,-769819.0,-2.075,5.99
110658.0,321.0,-771622.0,-1.658,5.99
110664.0,207.0,-773012.0,-1.35,6.48
110669.0,322.0,-774888.0,-0.95,5.99
110674.0,537.0,-776193.0,-1.25,6.23
110680.0,285.0,-776707.0,-1.692,5.99
110686.0,311.0,-776911.0,-1.7,6.48
110690.0,380.0,-776712.0,-1.975,5.99
110696.0,178.0,-776181.0,-0.625,5.99
110701.0,422.0,-776453.0,-0.592,6.72
110706.0,505.0,-776696.0,-1.117,6.72
110711.0,127.0,-777345.0,-1.533,5.99
110717.0,-71.0,-777701.0,-0.833,5.99
110723.0,226.0,-776133.0,-0.525,5.74
110728.0,79.0,-775414.0,-1.058,5.99
110733.0,-39.0,-774998.0,-1.525,6.23
110738.0,372.0,-775140.0,-0.742,5.99
110743.0,357.0,-775691.0,0.025,6.48
110748.0,187.0,-776275.0,-0.65,6.48
110754.0,263.0,-776681.0,-1.233,5.99
110759.0,312.0,-776534.0,-0.467,5.99
110765.0,178.0,-775615.0,-0.05,5.99
110771.0,252.0,-776017.0,-0.433,5.99
110775.0,155.0,-776898.0,-0.208,5.99
110780.0,111.0,-777187.0,0.367,5.99
110786.0,333.0,-776259.0,-0.292,5.74
110791.0,226.0,-775189.0,-0.008,5.74
110796.0,423.0,-775064.0,1.017,5.74
110801.0,545.0,-774698.0,0.35,6.23
110808.0,427.0,-773952.0,0.033,6.48
110813.0,244.0,-773461.0,0.617,5.99
110818.0,446.0,-772200.0,0.517,5.74
110823.0,172.0,-769268.0,0.267,5.99
110828.0,297.0,-767435.0,0.767,5.99
110833.0,711.0,-763096.0,0.575,5.99
110839.0,511.0,-758070.0,0.442,5.99
110844.0,222.0,-755649.0,0.375,5.99
110849.0,191.0,-750818.0,0.433,5.99
110855.0,585.0,-745222.0,0.458,5.99
110860.0,428.0,-742325.0,0.45,5.74
110865.0,334.0,-736282.0,0.467,6.23
110870.0,612.0,-729596.0,0.433,6.23
110875.0,369.0,-726475.0,0.617,6.23
110880.0,416.0,-720134.0,0.608,5.74
110885.0,178.0,-714800.0,0.517,6.48
110891.0,105.0,-712325.0,0.517,6.48
110896.0,67.0,-709200.0,0.625,5.74
110902.0,343.0,-703614.0,0.558,6.48
110906.0,458.0,-702135.0,0.533,5.99
110912.0,230.0,-699360.0,0.533,5.99
110917.0,404.0,-698536.0,0.6,5.74
110922.0,281.0,-698167.0,0.65,5.74
110927.0,295.0,-696440.0,0.625,5.74
110934.0,23.0,-695276.0,0.567,5.99
110938.0,542.0,-694363.0,0.708,5.99
110943.0,593.0,-693284.0,0.6,5.99
110949.0,533.0,-691440.0,0.675,5.74
110953.0,260.0,-690671.0,0.658,5.99
110959.0,248.0,-689365.0,0.583,5.74
110964.0,-180.0,-687413.0,0.675,5.99
110970.0,438.0,-684637.0,0.667,5.74
110976.0,369.0,-683864.0,0.692,5.74
110981.0,277.0,-682805.0,0.8,5.74
110986.0,453.0,-680123.0,0.617,5.99
110991.0,330.0,-679620.0,0.6,5.74
110996.0,116.0,-678901.0,0.633,5.74
111002.0,630.0,-678547.0,0.75,5.99
111007.0,809.0,-677746.0,0.633,5.99
111011.0,242.0,-676743.0,0.733,5.99
111017.0,74.0,-674869.0,0.65,5.74
111023.0,-37.0,-673572.0,0.7,6.23
111028.0,167.0,-670998.0,0.725,5.99
111034.0,67.0,-667668.0,0.542,5.74
111039.0,229.0,-664262.0,0.667,5.74
111044.0,554.0,-662681.0,0.767,5.25
111049.0,322.0,-659147.0,0.608,6.23
111055.0,388.0,-656909.0,0.775,6.48
111062.0,-254.0,-654105.0,0.65,5.74
111066.0,-311.0,-653474.0,0.658,6.23
111072.0,391.0,-651674.0,0.633,6.23
111078.0,361.0,-648640.0,0.483,5.99
111083.0,541.0,-643670.0,0.583,5.99
111088.0,320.0,-640985.0,0.542,5.99
111093.0,102.0,-635487.0,0.583,5.99
111099.0,240.0,-630631.0,0.717,5.99
111106.0,424.0,-624783.0,0.467,5.99
111110.0,145.0,-622282.0,0.658,6.72
111115.0,450.0,-620211.0,0.617,6.48
111121.0,200.0,-612203.0,0.525,5.99
111125.0,189.0,-608418.0,0.658,5.99
111131.0,195.0,-601186.0,0.45,5.99
111137.0,343.0,-593436.0,0.475,5.99
111142.0,401.0,-585696.0,0.392,6.48
111148.0,34.0,-582329.0,0.525,5.99
111153.0,532.0,-575583.0,0.483,5.99
111159.0,588.0,-569227.0,0.442,6.72
111165.0,380.0,-563055.0,0.508,6.48
111169.0,223.0,-560024.0,0.4,5.99
111175.0,541.0,-554728.0,0.425,5.99
111180.0,471.0,-549134.0,0.4,5.99
111186.0,197.0,-544968.0,0.383,6.72
111192.0,524.0,-542971.0,0.5,5.99
111197.0,182.0,-538603.0,0.442,5.99
111203.0,238.0,-535683.0,0.417,5.99
111209.0,428.0,-532593.0,0.375,5.99
111213.0,755.0,-531428.0,0.333,6.48
111218.0,186.0,-529454.0,0.442,6.48
111224.0,200.0,-527372.0,0.367,5.99
111229.0,208.0,-527139.0,0.367,5.99
111235.0,173.0,-526036.0,0.292,5.99
111240.0,247.0,-525012.0,0.383,5.99
111246.0,367.0,-524661.0,0.392,5.99
111250.0,524.0,-524112.0,0.508,5.01
111256.0,480.0,-522796.0,0.375,6.72
111261.0,368.0,-521944.0,0.358,6.48
111266.0,333.0,-521701.0,0.325,5.99
111271.0,208.0,-520199.0,0.317,6.96
111278.0,348.0,-518239.0,0.375,6.23
111283.0,504.0,-516972.0,0.383,6.48
111288.0,357.0,-514999.0,0.35,5.99
111293.0,351.0,-512491.0,0.308,6.23
111298.0,183.0,-511120.0,0.283,5.99
111303.0,242.0,-507839.0,0.35,5.99
111309.0,306.0,-504665.0,0.375,6.48
111314.0,304.0,-502928.0,0.15,5.99
111320.0,193.0,-499225.0,0.233,5.99
111325.0,195.0,-496583.0,0.283,6.48
111331.0,467.0,-493063.0,0.125,6.23
111336.0,230.0,-491380.0,0.325,6.96
111341.0,331.0,-487382.0,0.292,6.96
111346.0,743.0,-484156.0,0.067,6.72
111351.0,91.0,-482381.0,0.175,6.23
111356.0,-112.0,-479018.0,0.3,5.99
111363.0,222.0,-475654.0,0.142,6.23
111368.0,68.0,-474305.0,0.267,6.48
111372.0,79.0,-471862.0,-0.025,6.48
111378.0,207.0,-469854.0,0.158,7.21
111383.0,309.0,-468501.0,-0.017,6.23
111388.0,282.0,-466570.0,0.075,6.23
111393.0,132.0,-464192.0,0.0,6.23
111399.0,254.0,-463065.0,0.058,6.96
111404.0,417.0,-460606.0,0.067,6.96
111410.0,467.0,-458468.0,0.05,6.72
111415.0,399.0,-455954.0,0.092,6.23
111421.0,139.0,-455141.0,-0.025,7.7
111425.0,342.0,-453234.0,0.05,6.72
111431.0,516.0,-452188.0,0.067,6.48
111436.0,208.0,-451723.0,0.033,6.48
111441.0,-27.0,-450334.0,0.0,6.23
111447.0,27.0,-449320.0,-0.025,6.96
111452.0,137.0,-448965.0,-0.017,6.48
111457.0,334.0,-447402.0,-0.05,6.48
111463.0,446.0,-446208.0,0.017,6.23
111468.0,222.0,-445453.0,-0.042,6.96
111472.0,321.0,-444300.0,-0.092,6.23
111478.0,569.0,-443240.0,-0.067,6.23
111483.0,713.0,-442377.0,-0.092,6.23
111489.0,560.0,-442218.0,-0.05,6.48
111494.0,564.0,-440904.0,0.117,6.48
111500.0,618.0,-440325.0,0.042,6.23
111504.0,309.0,-439198.0,-0.108,6.23
111510.0,-105.0,-438638.0,-0.067,6.23
111515.0,379.0,-438596.0,0.0,6.23
111521.0,585.0,-438489.0,0.025,6.23
111525.0,46.0,-438068.0,-0.008,6.48
111532.0,428.0,-438100.0,0.067,6.23
111537.0,956.0,-438231.0,0.1,6.23
111542.0,581.0,-437772.0,0.058,6.23
111547.0,-87.0,-437406.0,0.117,6.48
111552.0,289.0,-437187.0,0.117,6.23
111557.0,248.0,-436870.0,0.1,6.23
111563.0,-312.0,-436586.0,-0.05,6.48
111568.0,352.0,-436385.0,0.167,6.72
111574.0,277.0,-436006.0,0.05,6.23
111579.0,105.0,-435188.0,-0.058,6.23
111585.0,175.0,-434550.0,0.075,6.23
111590.0,463.0,-434747.0,-0.075,6.72
111595.0,378.0,-434260.0,0.092,6.48
111600.0,-94.0,-433632.0,0.125,6.23
111605.0,290.0,-433771.0,0.117,6.48
111610.0,783.0,-433424.0,-0.025,6.72
111617.0,629.0,-433412.0,0.092,6.72
111622.0,357.0,-433197.0,-0.017,6.23
111626.0,196.0,-433188.0,-0.05,5.99
111632.0,620.0,-432640.0,0.042,6.48
111637.0,582.0,-432567.0,0.233,6.48
111642.0,537.0,-432258.0,0.025,6.23
111647.0,179.0,-432204.0,-0.008,6.23
111653.0,337.0,-432345.0,0.083,6.48
111657.0,494.0,-431738.0,-0.033,6.48
111663.0,285.0,-431282.0,0.092,6.23
111669.0,393.0,-431233.0,0.05,6.23
111673.0,308.0,-430978.0,0.025,6.72
111679.0,380.0,-430462.0,0.025,6.23
111684.0,396.0,-430103.0,0.075,6.23
111689.0,347.0,-430710.0,0.025,6.23
111694.0,-65.0,-430130.0,0.042,6.23
111699.0,475.0,-430129.0,-0.117,6.23
111705.0,542.0,-429916.0,0.092,6.48
111710.0,489.0,-429630.0,0.092,6.48
111715.0,471.0,-429365.0,0.05,6.23
111720.0,412.0,-429160.0,-0.042,6.23
111726.0,654.0,-428742.0,0.025,6.23
111731.0,198.0,-428741.0,-0.042,6.23
111736.0,415.0,-428626.0,0.058,6.23
111741.0,467.0,-428056.0,0.075,6.23
111747.0,31.0,-428351.0,0.067,5.99
111752.0,162.0,-427712.0,-0.033,6.96
111757.0,401.0,-427603.0,0.025,6.96
111762.0,319.0,-427678.0,-0.067,6.23
111767.0,270.0,-427056.0,0.075,6.48
111773.0,286.0,-427092.0,0.017,6.23
111778.0,198.0,-426669.0,0.042,6.23
111782.0,277.0,-426710.0,0.033,6.23
111789.0,373.0,-426338.0,-0.008,6.48
111794.0,379.0,-426253.0,0.075,6.23
111799.0,276.0,-426078.0,0.067,6.48
111803.0,577.0,-426283.0,-0.017,6.48
111809.0,199.0,-425880.0,-0.025,6.23
111814.0,142.0,-425374.0,0.033,6.72
111819.0,370.0,-424578.0,0.05,6.72
111824.0,652.0,-425015.0,0.067,6.23
111830.0,339.0,-425084.0,-0.033,6.48
111836.0,659.0,-424844.0,-0.083,7.21
111841.0,297.0,-424757.0,0.033,6.23
111846.0,256.0,-424342.0,0.017,6.72
111850.0,-81.0,-424151.0,0.05,6.72
111855.0,475.0,-423640.0,0.008,6.23
111861.0,358.0,-423532.0,-0.017,6.72
111866.0,-12.0,-423515.0,0.008,6.23
111872.0,314.0,-422754.0,0.0,6.48
111877.0,281.0,-422614.0,0.033,6.23
111882.0,5.0,-422529.0,0.017,6.23
111887.0,171.0,-422068.0,0.042,6.72
111892.0,38.0,-421684.0,-0.108,6.96
111897.0,274.0,-421513.0,0.0,6.23
111902.0,422.0,-421312.0,-0.058,6.23
111908.0,575.0,-420912.0,-0.017,6.23
111913.0,485.0,-420941.0,0.008,6.72
111919.0,263.0,-420588.0,0.067,6.23
111924.0,472.0,-420354.0,-0.042,5.99
111929.0,487.0,-420025.0,-0.075,6.72
111934.0,405.0,-419856.0,0.067,6.96
111939.0,482.0,-419950.0,-0.05,6.23
111944.0,404.0,-419783.0,0.025,6.48
111949.0,542.0,-419788.0,0.108,6.72
111954.0,773.0,-419534.0,-0.042,6.72
111961.0,383.0,-419437.0,-0.1,6.48
111966.0,39.0,-418900.0,-0.033,6.23
111971.0,292.0,-418790.0,-0.017,6.96
111976.0,520.0,-418881.0,0.042,6.23
111981.0,-54.0,-418862.0,0.025,6.48
111986.0,-119.0,-418668.0,0.133,6.23
111991.0,402.0,-418245.0,0.008,6.72
111996.0,66.0,-418280.0,0.008,6.23
112002.0,63.0,-417564.0,0.05,6.96
112007.0,347.0,-417709.0,0.042,6.96
112012.0,-27.0,-417160.0,0.008,6.23
112017.0,120.0,-417368.0,0.008,5.99
112023.0,114.0,-416883.0,0.058,6.23
112028.0,278.0,-416580.0,0.008,6.23
112033.0,255.0,-415898.0,0.0,6.23
112038.0,145.0,-416153.0,0.05,6.23
112044.0,131.0,-415852.0,0.017,6.72
112049.0,-38.0,-415586.0,0.008,6.23
112054.0,238.0,-415797.0,-0.042,6.72
112059.0,336.0,-415474.0,0.092,6.23
112065.0,311.0,-415206.0,0.025,6.48
112069.0,312.0,-415119.0,-0.125,6.72
112074.0,238.0,-415290.0,-0.017,7.21
112080.0,75.0,-415028.0,0.05,6.48
112086.0,397.0,-414913.0,0.042,6.23
112091.0,247.0,-415016.0,-0.008,6.23
112096.0,226.0,-415682.0,0.092,6.96
112101.0,644.0,-415795.0,0.092,6.48
112106.0,384.0,-415804.0,0.025,6.23
112111.0,335.0,-415736.0,0.042,6.23
112117.0,429.0,-415661.0,0.208,6.23
112122.0,129.0,-415196.0,-0.05,6.23
112128.0,208.0,-415140.0,0.017,6.48
112133.0,153.0,-415061.0,-0.008,6.23
112138.0,453.0,-414390.0,-0.05,6.48
112143.0,418.0,-414198.0,-0.025,6.23
112148.0,94.0,-414189.0,-0.017,6.23
112153.0,356.0,-413956.0,0.008,6.23
112158.0,405.0,-413810.0,0.017,6.23
112163.0,153.0,-413889.0,0.033,6.96
112169.0,197.0,-414068.0,0.108,6.23
112175.0,168.0,-413784.0,-0.058,6.23
112179.0,571.0,-413903.0,-0.042,6.23
112185.0,673.0,-413339.0,0.092,6.72
112190.0,384.0,-412885.0,-0.008,6.23
112195.0,455.0,-412972.0,0.158,6.23
112200.0,327.0,-412745.0,0.05,6.23
112205.0,374.0,-412645.0,-0.008,6.23
112210.0,204.0,-412686.0,0.083,6.72
112216.0,408.0,-411647.0,0.008,6.96
112222.0,283.0,-411727.0,0.108,6.96
112226.0,22.0,-411726.0,-0.05,6.23
112232.0,50.0,-411318.0,-0.167,6.48
112237.0,111.0,-411270.0,0.108,6.72
112242.0,348.0,-411317.0,-0.017,6.72
112247.0,326.0,-411125.0,0.1,6.72
112252.0,447.0,-411697.0,0.067,5.99
112258.0,28.0,-411366.0,0.075,7.21
112263.0,56.0,-411199.0,-0.008,6.48
112268.0,229.0,-410752.0,0.092,6.96
112273.0,417.0,-410649.0,0.108,6.96
112278.0,-211.0,-410717.0,-0.025,6.72
112284.0,76.0,-410035.0,0.083,6.23
112288.0,351.0,-410158.0,0.092,5.99
112294.0,169.0,-409592.0,0.083,5.99
112300.0,58.0,-409522.0,-0.058,6.96
112305.0,239.0,-409449.0,0.033,6.23
112310.0,571.0,-408513.0,-0.05,6.72
112315.0,454.0,-407999.0,0.033,4.77
112320.0,221.0,-408076.0,0.117,6.48
112326.0,351.0,-407754.0,-0.017,6.48
112331.0,488.0,-407736.0,-0.05,6.48
112336.0,677.0,-407663.0,0.0,6.23
112342.0,221.0,-407286.0,0.167,6.23
112347.0,252.0,-406908.0,0.05,6.23
112352.0,277.0,-406747.0,0.083,6.23
112357.0,247.0,-406617.0,0.05,6.48
112362.0,728.0,-406301.0,-0.117,6.23
112367.0,577.0,-406168.0,0.108,6.72
112373.0,351.0,-406260.0,0.042,6.72
112378.0,528.0,-405584.0,-0.033,6.23
112382.0,79.0,-405583.0,0.167,6.23
112389.0,387.0,-405501.0,0.1,6.23
112395.0,273.0,-405273.0,-0.025,6.96
112399.0,-78.0,-405254.0,-0.125,6.23
112404.0,24.0,-405567.0,0.133,6.23
112410.0,346.0,-405239.0,-0.05,6.23
112415.0,387.0,-405166.0,-0.075,6.23
112420.0,265.0,-405283.0,0.133,6.48
112425.0,-201.0,-405551.0,0.033,6.23
112432.0,-40.0,-405101.0,0.0,6.23
112436.0,29.0,-405324.0,0.042,6.23
112442.0,463.0,-405346.0,0.075,6.23
112447.0,276.0,-404976.0,0.017,6.72
112452.0,167.0,-404957.0,0.1,6.23
112457.0,453.0,-404643.0,-0.05,6.23
112462.0,318.0,-404755.0,0.108,6.23
112467.0,425.0,-404574.0,0.067,6.48
112474.0,559.0,-404204.0,0.0,6.72
112479.0,377.0,-404090.0,0.025,6.96
112484.0,510.0,-403895.0,0.058,6.96
112489.0,590.0,-403812.0,0.083,6.23
112495.0,28.0,-403440.0,0.008,6.23
112499.0,23.0,-403459.0,0.0,6.72
112504.0,333.0,-403472.0,0.033,6.48
112510.0,-11.0,-403376.0,0.017,6.72
112516.0,340.0,-403165.0,0.033,6.23
112521.0,478.0,-403088.0,0.017,6.23
112526.0,174.0,-403406.0,0.0,6.23
112531.0,119.0,-402656.0,0.033,4.77
112536.0,494.0,-402549.0,0.025,6.23
112542.0,560.0,-402859.0,-0.042,6.23
112547.0,281.0,-401481.0,0.15,6.48
112552.0,712.0,-401228.0,0.092,6.48
112558.0,226.0,-401144.0,0.05,6.23
112564.0,108.0,-400662.0,0.0,6.96
112568.0,419.0,-400441.0,-0.025,6.48
112573.0,319.0,-400094.0,-0.075,6.23
112579.0,435.0,-400064.0,0.075,6.48
112584.0,356.0,-399861.0,0.042,6.23
112589.0,480.0,-399892.0,0.025,6.23
112594.0,112.0,-399652.0,-0.058,6.23
112600.0,129.0,-399697.0,0.033,6.23
112605.0,381.0,-400386.0,0.033,5.99
112611.0,575.0,-400638.0,0.008,6.48
112616.0,686.0,-400782.0,0.05,5.99
112621.0,269.0,-401003.0,0.0,6.23
112626.0,67.0,-400915.0,0.083,6.23
112632.0,13.0,-401275.0,0.033,5.99
112637.0,368.0,-401338.0,-0.017,6.72
112643.0,176.0,-401147.0,0.042,6.96
112648.0,418.0,-401043.0,-0.017,6.48
112653.0,613.0,-401072.0,0.092,6.23
112658.0,297.0,-400267.0,0.05,6.23
112664.0,185.0,-399605.0,0.025,6.23
112668.0,68.0,-399504.0,0.058,6.23
112673.0,542.0,-399107.0,0.042,6.48
112679.0,-246.0,-398689.0,0.075,6.48
112685.0,107.0,-398498.0,-0.025,6.48
112689.0,544.0,-398343.0,0.1,6.23
112695.0,134.0,-397693.0,-0.05,6.48
112700.0,327.0,-397540.0,0.083,6.23
112705.0,315.0,-398041.0,-0.025,6.23
112711.0,269.0,-397415.0,0.075,6.48
112715.0,-88.0,-397772.0,0.058,6.72
112720.0,264.0,-398265.0,0.008,6.23
112727.0,204.0,-398329.0,0.075,6.72
112732.0,161.0,-397988.0,0.05,6.23
112737.0,353.0,-398347.0,0.0,6.23
112742.0,277.0,-398483.0,0.033,6.23
112747.0,266.0,-398462.0,-0.025,6.48
112752.0,57.0,-398351.0,-0.017,6.48
112757.0,281.0,-398045.0,0.092,6.23
112762.0,200.0,-397774.0,0.075,6.72
112768.0,450.0,-397723.0,0.075,6.23
112774.0,300.0,-397809.0,0.083,6.23
112778.0,-71.0,-397378.0,-0.075,6.96
112783.0,245.0,-396955.0,0.0,6.72
112789.0,479.0,-396813.0,0.008,7.45
112794.0,-60.0,-396448.0,0.033,6.23
112799.0,690.0,-396045.0,0.0,6.23
112804.0,604.0,-396117.0,0.0,6.72
112809.0,389.0,-395998.0,0.017,6.23
112815.0,461.0,-395793.0,-0.042,6.72
112821.0,533.0,-395763.0,-0.1,6.23
112825.0,356.0,-395614.0,-0.05,6.72
112830.0,13.0,-395869.0,0.075,6.23
112836.0,313.0,-395941.0,0.008,6.48
112840.0,286.0,-396004.0,0.017,6.48
112846.0,378.0,-395814.0,-0.008,6.23
112852.0,70.0,-396126.0,-0.042,6.48
112858.0,384.0,-396296.0,0.042,6.72
112863.0,263.0,-396131.0,0.075,6.23
112868.0,245.0,-396215.0,-0.008,6.23
112874.0,415.0,-395985.0,-0.025,6.23
112880.0,313.0,-395745.0,0.025,6.48
112884.0,444.0,-395654.0,0.05,6.23
112890.0,62.0,-395374.0,-0.025,6.48
112896.0,110.0,-394842.0,0.125,6.96
112902.0,692.0,-394662.0,0.05,6.23
112907.0,381.0,-394415.0,0.075,6.23
112912.0,83.0,-394380.0,-0.033,6.23
112917.0,151.0,-393866.0,0.058,6.48
112922.0,522.0,-394127.0,0.075,6.23
112927.0,199.0,-393986.0,0.133,6.23
112932.0,409.0,-393892.0,0.017,5.99
112937.0,512.0,-393891.0,0.025,6.48
112944.0,318.0,-394359.0,0.033,6.23
112949.0,264.0,-393761.0,0.1,6.72
112955.0,306.0,-394141.0,0.0,6.48
112960.0,439.0,-394266.0,0.067,6.23
112965.0,245.0,-394086.0,0.025,6.23
112971.0,731.0,-393798.0,0.025,7.7
112976.0,243.0,-394164.0,0.117,6.96
112982.0,140.0,-393963.0,0.133,6.23
112988.0,282.0,-393505.0,0.058,6.23
112993.0,216.0,-393485.0,-0.008,6.23
112999.0,366.0,-393303.0,0.017,6.23
113003.0,255.0,-393182.0,-0.033,6.96
113009.0,299.0,-392998.0,-0.025,6.48
113015.0,219.0,-392706.0,0.058,6.23
113020.0,353.0,-392490.0,-0.008,6.72
113026.0,428.0,-392265.0,-0.025,6.72
113032.0,284.0,-391921.0,0.008,6.23
113037.0,84.0,-392181.0,0.058,6.23
113043.0,234.0,-392247.0,0.008,6.23
113047.0,545.0,-392042.0,0.042,6.23
113052.0,112.0,-391884.0,0.033,6.23
113058.0,196.0,-391624.0,0.033,6.23
113063.0,483.0,-391839.0,-0.017,6.23
113069.0,370.0,-391997.0,0.025,6.23
113075.0,220.0,-391805.0,0.033,6.23
113080.0,404.0,-391574.0,0.058,6.23
113084.0,519.0,-391759.0,0.05,6.23
113090.0,221.0,-391811.0,0.067,6.23
113095.0,341.0,-391527.0,0.05,6.72
113100.0,616.0,-391368.0,0.058,6.96
113106.0,-52.0,-391394.0,0.042,6.23
113112.0,414.0,-391102.0,0.017,6.23
113118.0,300.0,-391022.0,0.042,6.48
113123.0,149.0,-390897.0,-0.025,6.48
113128.0,361.0,-390503.0,0.0,6.23
113134.0,101.0,-390787.0,-0.017,6.72
113139.0,23.0,-390355.0,0.042,6.23
113144.0,286.0,-390062.0,0.058,6.23
113150.0,360.0,-390292.0,-0.042,6.23
113156.0,330.0,-390274.0,0.033,6.23
113162.0,308.0,-390220.0,0.075,6.23
113166.0,423.0,-390023.0,-0.017,6.23
113172.0,145.0,-390507.0,0.083,6.72
113178.0,169.0,-390213.0,0.0,6.23
113183.0,275.0,-390185.0,0.05,6.23
113188.0,348.0,-390032.0,-0.008,6.23
113193.0,174.0,-389902.0,0.025,6.23
113200.0,396.0,-390188.0,0.042,6.96
113206.0,-32.0,-390134.0,0.008,6.23
113210.0,35.0,-389939.0,-0.05,6.23
113216.0,431.0,-389741.0,0.025,6.23
113221.0,461.0,-389337.0,0.042,6.72
113227.0,177.0,-389249.0,0.083,6.72
113232.0,156.0,-389204.0,0.05,6.72
113238.0,443.0,-389124.0,0.042,7.45
113243.0,239.0,-388724.0,-0.008,6.23
113249.0,203.0,-389087.0,0.025,6.23
113253.0,370.0,-389054.0,0.083,6.48
113259.0,200.0,-388798.0,0.017,6.96
113264.0,556.0,-388931.0,0.058,6.96
113269.0,287.0,-388758.0,0.033,6.23
113274.0,605.0,-388274.0,0.042,6.48
113280.0,333.0,-388363.0,-0.008,6.96
113285.0,482.0,-388656.0,0.0,6.23
113291.0,212.0,-388520.0,-0.042,6.23
113296.0,146.0,-388341.0,0.033,6.96
113301.0,49.0,-388270.0,0.042,6.48
113306.0,71.0,-388670.0,0.058,6.72
113312.0,-109.0,-388148.0,-0.025,6.23
113317.0,285.0,-388139.0,-0.017,6.23
113323.0,366.0,-387994.0,0.008,6.23
113328.0,532.0,-387980.0,0.017,6.23
113333.0,288.0,-387713.0,-0.083,6.23
113338.0,101.0,-387724.0,0.142,6.23
113344.0,285.0,-387396.0,0.0,6.23
113349.0,621.0,-387231.0,0.008,6.72
113353.0,418.0,-387246.0,-0.008,6.72
113359.0,436.0,-387098.0,0.075,6.23
113364.0,506.0,-387135.0,0.092,6.23
113370.0,501.0,-387190.0,0.017,6.48
113375.0,-7.0,-387106.0,0.067,6.48
113380.0,647.0,-387305.0,-0.033,6.23
113385.0,380.0,-386648.0,0.067,6.23
113391.0,260.0,-386552.0,0.042,6.23
113396.0,-254.0,-386562.0,0.05,6.48
113401.0,142.0,-386741.0,0.0,6.23
113406.0,21.0,-386670.0,0.042,6.48
113413.0,167.0,-386512.0,0.1,6.23
113418.0,281.0,-386477.0,0.033,6.23
113422.0,410.0,-386532.0,0.042,6.48
113428.0,-4.0,-386446.0,0.042,6.23
113433.0,242.0,-386313.0,0.0,6.23
113438.0,5.0,-386556.0,0.017,6.23
113443.0,283.0,-386132.0,-0.017,6.48
113448.0,17.0,-385857.0,-0.025,6.23
113454.0,-4.0,-386178.0,0.092,6.23
113460.0,170.0,-385934.0,0.042,6.72
113465.0,382.0,-385731.0,0.017,6.23
113469.0,455.0,-385912.0,-0.05,6.23
113475.0,179.0,-385622.0,0.025,6.23
113480.0,93.0,-385865.0,-0.042,6.23
113485.0,72.0,-385610.0,0.05,6.72
113490.0,444.0,-385424.0,-0.008,6.23
113496.0,66.0,-385395.0,0.025,5.99
113501.0,121.0,-385576.0,0.067,6.23
113507.0,249.0,-385250.0,0.15,6.23
113512.0,453.0,-384953.0,0.075,6.23
113517.0,614.0,-385262.0,0.058,6.72
113522.0,98.0,-385236.0,0.0,6.23
113527.0,-112.0,-385171.0,0.117,6.23
113532.0,147.0,-385260.0,0.083,6.23
113539.0,17.0,-384966.0,0.042,6.23
113544.0,-1.0,-384879.0,-0.017,6.23
113548.0,-140.0,-384904.0,0.108,6.72
113554.0,344.0,-384694.0,-0.025,6.96
113559.0,274.0,-384667.0,0.017,6.23
113564.0,29.0,-384474.0,0.025,5.74
113569.0,259.0,-384574.0,0.017,6.23
113575.0,281.0,-384780.0,-0.075,6.23
113581.0,207.0,-384687.0,0.058,6.72
113586.0,204.0,-384228.0,0.058,6.23
113591.0,296.0,-384490.0,0.025,6.72
113596.0,378.0,-384471.0,0.025,5.99
113601.0,171.0,-384220.0,0.058,6.23
113607.0,129.0,-384084.0,0.033,6.72
113612.0,117.0,-383703.0,0.058,6.23
113616.0,624.0,-383890.0,0.033,6.96
113623.0,34.0,-383506.0,0.067,5.99
113628.0,356.0,-383561.0,0.017,6.72
113633.0,203.0,-383664.0,-0.042,6.23
113638.0,45.0,-382750.0,0.008,6.23
113644.0,207.0,-383249.0,0.117,6.72
113648.0,354.0,-383360.0,-0.008,6.72
113653.0,133.0,-383156.0,0.033,6.23
113659.0,365.0,-383303.0,0.033,6.48
113664.0,374.0,-383104.0,0.058,6.48
113670.0,430.0,-383362.0,-0.025,6.72
113675.0,106.0,-383535.0,0.033,6.23
113680.0,75.0,-383138.0,0.017,6.23
113685.0,191.0,-382910.0,0.092,6.23
113690.0,373.0,-383073.0,-0.008,6.23
113695.0,490.0,-382968.0,-0.067,6.72
113700.0,133.0,-382879.0,0.1,6.96
113705.0,313.0,-382376.0,-0.017,6.23
113711.0,528.0,-383094.0,0.092,6.23
113717.0,310.0,-382516.0,0.1,6.48
113722.0,234.0,-382325.0,0.017,6.72
113727.0,115.0,-382240.0,-0.025,6.23
113732.0,321.0,-382056.0,0.033,6.96
113737.0,181.0,-381999.0,-0.025,6.48
113742.0,212.0,-382380.0,-0.025,6.23
113747.0,107.0,-381975.0,-0.042,6.23
113753.0,233.0,-381762.0,0.083,5.99
113758.0,432.0,-382184.0,0.083,6.23
113764.0,-122.0,-381670.0,0.067,6.23
113769.0,-8.0,-381707.0,-0.067,6.72
113773.0,361.0,-381624.0,0.108,6.23
113779.0,205.0,-381628.0,0.075,6.23
113784.0,171.0,-381945.0,0.008,6.23
113789.0,272.0,-382208.0,0.025,6.72
113794.0,455.0,-381921.0,-0.05,6.23
113800.0,367.0,-381756.0,-0.017,6.72
113805.0,538.0,-381598.0,0.092,6.72
113810.0,348.0,-381535.0,0.042,6.48
113815.0,318.0,-381504.0,0.042,6.23
113820.0,155.0,-381366.0,0.033,6.48
113826.0,-127.0,-380826.0,-0.008,6.23
113831.0,93.0,-381045.0,0.042,6.72
113837.0,186.0,-380848.0,-0.025,6.23
113842.0,-26.0,-380616.0,0.025,6.23
113847.0,-70.0,-380431.0,-0.008,7.21
113852.0,1.0,-380546.0,0.033,6.23
113857.0,175.0,-380488.0,-0.033,6.72
113863.0,199.0,-380229.0,0.058,6.23
113867.0,224.0,-380222.0,0.05,5.99
113872.0,409.0,-380249.0,0.042,6.23
113878.0,217.0,-380764.0,0.008,6.23
113883.0,160.0,-380088.0,0.058,6.23
113888.0,222.0,-380173.0,0.15,6.23
113894.0,162.0,-380574.0,0.05,6.23
113899.0,155.0,-380434.0,0.025,6.23
113904.0,389.0,-380297.0,0.042,6.72
113909.0,347.0,-380056.0,0.092,5.99
113914.0,282.0,-380198.0,-0.017,6.72
113920.0,373.0,-380187.0,0.1,6.48
113925.0,637.0,-379708.0,0.025,6.23
113930.0,802.0,-379962.0,0.108,6.23
113935.0,420.0,-380155.0,0.033,6.23
113940.0,204.0,-379784.0,-0.058,6.72
113946.0,183.0,-379456.0,0.042,6.23
113951.0,255.0,-379465.0,0.083,6.23
113956.0,119.0,-379136.0,0.058,6.23
113961.0,-48.0,-379276.0,0.117,6.23
113967.0,387.0,-379357.0,-0.017,6.23
113972.0,369.0,-379190.0,0.008,6.23
113977.0,26.0,-378952.0,0.0,6.48
113982.0,188.0,-379039.0,0.05,6.72
113987.0,308.0,-379144.0,0.017,6.23
113992.0,379.0,-379050.0,0.0,6.48
113997.0,123.0,-378835.0,0.025,6.23
114002.0,321.0,-379366.0,0.083,6.23
114009.0,462.0,-379270.0,0.067,6.23
114014.0,328.0,-379503.0,0.1,6.72
114019.0,158.0,-379126.0,0.058,6.23
114024.0,423.0,-379120.0,-0.017,6.23
114029.0,333.0,-379055.0,0.008,6.72
114034.0,277.0,-378566.0,0.0,6.48
114039.0,476.0,-378276.0,0.0,6.23
114044.0,521.0,-378241.0,0.033,6.96
114050.0,147.0,-378218.0,0.067,6.23
114055.0,0.0,-378078.0,0.083,6.23
114060.0,198.0,-378245.0,0.042,6.23
114065.0,182.0,-378148.0,0.075,6.23
114071.0,75.0,-377970.0,0.0,6.48
114076.0,141.0,-378029.0,0.05,6.48
114081.0,149.0,-377740.0,0.042,6.23
114086.0,56.0,-377508.0,0.042,6.48
114092.0,22.0,-377479.0,-0.067,6.23
114097.0,146.0,-377558.0,-0.017,6.23
114102.0,199.0,-377518.0,0.075,6.23
114107.0,25.0,-377461.0,0.1,6.48
114113.0,329.0,-377814.0,-0.033,6.72
114118.0,4.0,-377758.0,0.05,6.23
114123.0,274.0,-377827.0,-0.017,6.48
114128.0,230.0,-377700.0,0.117,6.23
114134.0,321.0,-377488.0,-0.025,5.99
114139.0,446.0,-377485.0,0.108,6.48
114144.0,286.0,-377511.0,-0.05,6.96
114149.0,127.0,-377457.0,-0.008,6.23
114154.0,168.0,-377486.0,0.017,6.72
114159.0,78.0,-377181.0,0.092,6.72
114164.0,-49.0,-376886.0,-0.05,6.48
114169.0,139.0,-376627.0,-0.017,6.23
114174.0,30.0,-376719.0,0.05,6.96
114180.0,-51.0,-377120.0,0.025,6.23
114185.0,89.0,-376653.0,0.008,6.23
114190.0,216.0,-376441.0,0.092,6.72
114195.0,9.0,-376552.0,0.058,6.23
114200.0,242.0,-376496.0,0.033,6.23
114204.0,213.0,-376539.0,0.05,6.23
114210.0,421.0,-376514.0,-0.008,6.96
114215.0,662.0,-376428.0,-0.025,6.23
114220.0,255.0,-376625.0,-0.075,6.23
114226.0,475.0,-376383.0,0.025,6.23
114231.0,328.0,-376575.0,0.008,6.48
114236.0,749.0,-376352.0,0.008,6.23
114241.0,295.0,-376375.0,0.033,6.23
114246.0,-76.0,-376167.0,0.017,6.23
114251.0,267.0,-376352.0,0.025,6.23
114256.0,89.0,-375950.0,0.05,6.23
114263.0,-8.0,-376080.0,0.142,6.23
114267.0,191.0,-375999.0,-0.042,6.23
114273.0,265.0,-375735.0,0.108,6.48
114278.0,-102.0,-375191.0,0.1,6.23
114283.0,173.0,-375348.0,0.025,6.48
114288.0,87.0,-375618.0,-0.033,6.23
114293.0,42.0,-375346.0,0.075,6.72
114298.0,71.0,-375321.0,-0.025,6.23
114305.0,545.0,-375233.0,-0.008,6.23
114310.0,680.0,-375249.0,0.075,6.48
114314.0,183.0,-375206.0,0.175,6.96
114320.0,445.0,-375393.0,0.017,6.23
114325.0,338.0,-375241.0,0.058,6.23
114329.0,173.0,-375306.0,-0.042,6.96
114335.0,35.0,-375572.0,-0.042,6.23
114340.0,154.0,-375318.0,-0.017,6.23
114345.0,111.0,-375053.0,-0.05,6.23
114351.0,311.0,-374965.0,0.075,6.23
114357.0,154.0,-375077.0,0.092,6.48
114361.0,223.0,-374948.0,0.025,6.96
114366.0,575.0,-374891.0,-0.042,6.48
114372.0,330.0,-374815.0,0.092,6.23
114376.0,225.0,-374716.0,0.025,6.72
114382.0,339.0,-374566.0,-0.058,6.48
114387.0,200.0,-374492.0,-0.05,6.23
114393.0,467.0,-374237.0,-0.083,6.23
114398.0,287.0,-374109.0,0.008,6.23
114403.0,460.0,-373993.0,-0.033,6.48
114408.0,181.0,-373886.0,0.025,6.96
114414.0,127.0,-373896.0,0.05,6.23
114419.0,457.0,-374330.0,0.017,6.72
114424.0,492.0,-374175.0,0.042,6.23
114429.0,180.0,-373686.0,0.083,6.96
114436.0,532.0,-373870.0,0.008,6.23
114441.0,369.0,-373862.0,0.042,5.99
114446.0,102.0,-373601.0,0.058,6.23
114451.0,76.0,-373739.0,-0.025,6.72
114456.0,-17.0,-373867.0,0.017,6.23
114461.0,44.0,-373728.0,0.0,6.23
114467.0,150.0,-373964.0,0.05,6.48
114472.0,351.0,-373728.0,-0.017,6.23
114477.0,614.0,-373671.0,0.058,6.72
114483.0,288.0,-373543.0,0.025,6.96
114489.0,472.0,-373185.0,0.033,6.23
114493.0,431.0,-373232.0,-0.033,6.48
114498.0,405.0,-372967.0,0.1,6.72
114504.0,313.0,-372949.0,0.017,6.23
114509.0,354.0,-372790.0,0.058,6.23
114514.0,612.0,-372991.0,0.0,6.48
114520.0,264.0,-372597.0,0.075,6.23
114526.0,109.0,-372957.0,-0.017,6.23
114530.0,282.0,-372914.0,0.025,6.23
114536.0,444.0,-372834.0,0.058,6.23
114541.0,206.0,-372584.0,0.092,6.48
114546.0,287.0,-372521.0,0.042,6.23
114551.0,615.0,-372942.0,0.017,6.23
114557.0,225.0,-373046.0,0.075,6.48
114563.0,-20.0,-372981.0,0.033,6.23
114568.0,-84.0,-372686.0,0.042,6.23
114573.0,558.0,-372752.0,0.1,6.23
114578.0,19.0,-372649.0,0.092,6.72
114583.0,71.0,-372694.0,0.1,6.96
114589.0,387.0,-372564.0,0.05,6.96
114593.0,302.0,-372665.0,0.033,6.48
114598.0,-70.0,-372314.0,0.05,6.72
114605.0,366.0,-372156.0,0.0,6.23
114610.0,61.0,-372047.0,0.1,6.72
114615.0,-23.0,-371656.0,0.05,6.23
114620.0,215.0,-371938.0,0.0,6.23
114625.0,18.0,-371881.0,0.033,6.23
114630.0,558.0,-371432.0,-0.025,6.72
114636.0,182.0,-371640.0,0.0,6.23
114640.0,379.0,-371635.0,0.058,6.48
114646.0,418.0,-371568.0,-0.092,6.96
114651.0,212.0,-371482.0,0.075,6.72
114656.0,115.0,-371555.0,-0.025,6.48
114661.0,-7.0,-371492.0,-0.017,7.94
114667.0,205.0,-371618.0,-0.058,6.72
114672.0,76.0,-371617.0,-0.017,6.23
114677.0,344.0,-371704.0,-0.058,6.23
114682.0,174.0,-371392.0,0.008,6.23
114688.0,-203.0,-371291.0,-0.008,6.23
114693.0,-63.0,-371370.0,0.0,6.23
114699.0,339.0,-371148.0,-0.017,6.23
114703.0,496.0,-371101.0,0.033,6.96
114708.0,413.0,-370864.0,0.033,6.23
114714.0,457.0,-370590.0,0.058,6.23
114718.0,454.0,-370803.0,0.125,6.23
114724.0,304.0,-370799.0,0.075,5.99
114729.0,358.0,-370553.0,-0.092,6.23
114736.0,134.0,-370515.0,0.075,6.96
114741.0,149.0,-370764.0,-0.017,6.48
114746.0,211.0,-370657.0,-0.017,6.23
114751.0,307.0,-370257.0,0.0,6.23
114756.0,404.0,-370492.0,0.092,6.96
114761.0,154.0,-370341.0,-0.017,6.48
114767.0,330.0,-370499.0,-0.033,6.72
114772.0,423.0,-370300.0,-0.092,6.72
114777.0,-126.0,-370705.0,0.017,6.23
114783.0,48.0,-370093.0,0.058,6.48
114788.0,349.0,-370212.0,0.05,6.48
114793.0,323.0,-370286.0,-0.017,6.23
114799.0,199.0,-370198.0,0.092,6.72
114804.0,643.0,-369924.0,0.067,6.72
114809.0,374.0,-369925.0,0.05,6.23
114816.0,208.0,-369725.0,0.025,7.21
114821.0,462.0,-370055.0,-0.017,6.23
114827.0,216.0,-369827.0,-0.042,6.23
114831.0,211.0,-369720.0,0.025,6.23
114837.0,657.0,-369538.0,0.017,6.23
114843.0,-45.0,-369558.0,0.017,6.23
114848.0,-9.0,-369626.0,0.017,6.23
114853.0,234.0,-369631.0,0.008,6.23
114859.0,10.0,-369495.0,-0.083,6.23
114865.0,382.0,-369377.0,0.008,6.23
114870.0,392.0,-369127.0,-0.025,6.23
114875.0,237.0,-369310.0,-0.025,6.23
114881.0,207.0,-369442.0,-0.075,6.48
114886.0,303.0,-369066.0,0.025,6.48
114892.0,153.0,-369036.0,-0.025,6.23
114897.0,-90.0,-369357.0,0.025,6.23
114903.0,280.0,-369293.0,0.008,6.23
114909.0,288.0,-369385.0,0.008,6.23
114914.0,142.0,-368645.0,0.125,6.23
114919.0,49.0,-368750.0,0.017,5.74
114925.0,111.0,-368672.0,0.067,6.72
114930.0,-367.0,-368430.0,-0.042,6.72
114936.0,-163.0,-368544.0,0.025,6.23
114941.0,238.0,-368153.0,0.042,6.23
114947.0,371.0,-368553.0,0.008,6.23
114952.0,205.0,-368223.0,0.0,6.23
114957.0,62.0,-368162.0,-0.008,6.96
114962.0,141.0,-368332.0,0.017,5.99
114968.0,235.0,-368260.0,0.017,5.99
114973.0,-45.0,-368313.0,0.133,6.48
114977.0,200.0,-368150.0,0.083,6.96
114983.0,266.0,-367990.0,0.008,6.48
114989.0,48.0,-368193.0,0.083,6.48
114994.0,99.0,-367596.0,0.092,6.48
114999.0,493.0,-367914.0,0.05,6.23
115005.0,149.0,-368376.0,0.108,6.48
115010.0,182.0,-368229.0,0.067,6.23
115015.0,184.0,-367589.0,-0.042,6.23
115021.0,592.0,-367991.0,0.025,6.23
115026.0,154.0,-367571.0,0.058,6.23
115032.0,203.0,-367766.0,0.083,6.72
115037.0,144.0,-367758.0,-0.025,6.23
115043.0,50.0,-367746.0,0.083,6.23
115048.0,63.0,-367499.0,0.025,6.23
115053.0,296.0,-367179.0,0.017,6.23
115058.0,432.0,-367313.0,0.092,6.48
115063.0,160.0,-367196.0,0.1,6.23
115068.0,145.0,-367537.0,0.033,6.96
115075.0,203.0,-366963.0,-0.025,6.72
115080.0,65.0,-366826.0,-0.008,6.23
115084.0,352.0,-366505.0,0.0,8.92
115090.0,286.0,-366949.0,0.05,6.48
115095.0,244.0,-367220.0,0.1,6.72
115100.0,269.0,-367003.0,-0.033,6.23
115105.0,369.0,-366837.0,0.017,6.23
115111.0,573.0,-366785.0,0.075,6.23
115117.0,828.0,-367014.0,0.075,6.72
115122.0,805.0,-367234.0,0.033,5.74
115128.0,105.0,-366918.0,0.033,6.23
115133.0,449.0,-366691.0,0.017,6.96
115137.0,630.0,-366968.0,-0.017,6.72
115143.0,436.0,-366430.0,0.017,6.23
115148.0,264.0,-366203.0,-0.008,6.23
115153.0,207.0,-366554.0,-0.042,5.01
115159.0,357.0,-366628.0,-0.025,6.23
115165.0,131.0,-366443.0,-0.008,6.23
115169.0,336.0,-366354.0,0.058,6.23
115175.0,154.0,-366034.0,0.025,6.23
115180.0,16.0,-365810.0,0.008,6.23
115186.0,264.0,-366077.0,0.142,6.23
115190.0,145.0,-365948.0,0.108,6.96
115196.0,-53.0,-366080.0,0.042,6.48
115202.0,207.0,-366127.0,-0.017,6.23
115207.0,74.0,-365892.0,0.067,6.23
115212.0,650.0,-366178.0,-0.033,6.23
115217.0,198.0,-365753.0,0.108,6.23
115222.0,225.0,-365680.0,0.092,6.72
115228.0,399.0,-365542.0,-0.008,6.23
115233.0,197.0,-365613.0,0.05,6.48
115237.0,-20.0,-365800.0,0.0,6.23
115244.0,262.0,-365504.0,0.017,6.23
115249.0,-110.0,-365639.0,0.158,6.96
115254.0,197.0,-365582.0,0.075,6.48
115259.0,-11.0,-365078.0,0.042,6.23
115264.0,689.0,-365493.0,0.108,6.48
115269.0,462.0,-365622.0,-0.042,6.23
115275.0,382.0,-365254.0,-0.008,6.23
115280.0,24.0,-365177.0,0.108,6.96
115286.0,159.0,-365504.0,0.067,6.96
115291.0,475.0,-364972.0,0.042,6.48
115297.0,-13.0,-364926.0,-0.008,6.23
115302.0,573.0,-364869.0,0.017,6.23
115306.0,356.0,-365056.0,0.0,6.23
115312.0,112.0,-364752.0,0.092,6.23
115317.0,-138.0,-364817.0,0.017,6.23
115322.0,63.0,-364798.0,-0.033,6.48
115328.0,429.0,-364836.0,0.0,6.96
115333.0,509.0,-364777.0,0.0,6.23
115338.0,384.0,-364798.0,-0.033,6.23
115344.0,426.0,-364502.0,0.075,6.23
115349.0,294.0,-364373.0,0.075,6.23
115354.0,273.0,-364544.0,-0.075,6.23
115359.0,537.0,-364274.0,-0.058,6.72
115364.0,-55.0,-364255.0,0.15,6.23
115369.0,-228.0,-364536.0,-0.083,6.23
115376.0,318.0,-364208.0,0.058,5.5
115381.0,200.0,-364079.0,0.008,6.23
115385.0,117.0,-364154.0,0.092,6.23
115391.0,-62.0,-364308.0,0.05,6.48
115396.0,256.0,-364093.0,0.025,6.23
115400.0,317.0,-364308.0,0.008,5.99
115406.0,313.0,-363988.0,0.0,6.23
115411.0,105.0,-364025.0,0.033,6.23
115417.0,352.0,-363834.0,0.042,6.23
115422.0,312.0,-363992.0,0.008,6.23
115428.0,254.0,-364179.0,-0.042,6.96
115432.0,439.0,-363742.0,0.05,6.23
115438.0,379.0,-363698.0,-0.058,6.96
115443.0,193.0,-363721.0,-0.05,6.48
115448.0,336.0,-363346.0,0.017,6.23
115453.0,495.0,-363372.0,0.092,6.96
115459.0,365.0,-363555.0,0.008,5.99
115464.0,184.0,-363492.0,0.042,6.48
115469.0,272.0,-363806.0,-0.05,6.23
115474.0,290.0,-363515.0,0.033,5.99
115479.0,141.0,-363390.0,0.0,6.48
115485.0,123.0,-363494.0,-0.017,6.23
115490.0,325.0,-363215.0,0.067,6.96
115494.0,228.0,-363012.0,-0.017,6.23
115500.0,389.0,-363165.0,0.05,6.96
115505.0,187.0,-363008.0,0.075,6.23
115510.0,154.0,-363112.0,0.067,6.23
115516.0,186.0,-362928.0,-0.025,6.23
115521.0,234.0,-363019.0,0.0,6.23
115526.0,313.0,-362712.0,-0.017,6.23
115531.0,193.0,-362876.0,0.025,6.48
115537.0,-11.0,-362691.0,0.017,6.23
115542.0,-70.0,-362590.0,0.025,6.72
115548.0,54.0,-362270.0,-0.033,5.74
115553.0,114.0,-362313.0,0.042,6.23
115558.0,105.0,-362372.0,0.025,6.72
115563.0,131.0,-362724.0,0.092,6.48
115568.0,213.0,-362483.0,0.042,6.48
115573.0,384.0,-362250.0,0.05,6.23
115578.0,659.0,-362303.0,0.0,6.23
115584.0,589.0,-362490.0,0.133,6.96
115589.0,556.0,-362202.0,-0.033,5.99
115594.0,74.0,-362430.0,0.042,6.23
115600.0,384.0,-362399.0,0.05,6.23
115604.0,415.0,-362272.0,0.025,6.48
115610.0,17.0,-361888.0,0.017,6.23
115615.0,401.0,-361753.0,0.083,6.72
115620.0,560.0,-362048.0,0.05,6.72
115625.0,370.0,-361820.0,0.0,6.48
115631.0,708.0,-361793.0,-0.042,6.23
115636.0,461.0,-361636.0,-0.017,6.23
115641.0,468.0,-361691.0,0.067,6.23
115646.0,168.0,-361738.0,0.0,6.48
115651.0,125.0,-361444.0,-0.008,6.23
115656.0,199.0,-361331.0,0.025,6.48
115661.0,-215.0,-361324.0,-0.042,6.72
115666.0,42.0,-361840.0,0.05,6.23
115672.0,162.0,-361683.0,-0.008,6.23
115678.0,276.0,-361868.0,0.05,5.99
115683.0,219.0,-361214.0,0.017,6.23
115688.0,329.0,-361478.0,0.067,6.72
115693.0,171.0,-361401.0,0.008,6.23
115698.0,212.0,-361438.0,-0.042,6.23
115703.0,347.0,-361431.0,0.108,6.23
115708.0,301.0,-361050.0,0.017,6.48
115714.0,88.0,-361062.0,-0.033,6.96
115719.0,524.0,-361133.0,0.042,6.23
115724.0,80.0,-361056.0,0.092,6.23
115729.0,215.0,-360854.0,0.058,6.23
115735.0,241.0,-360945.0,0.067,6.23
115740.0,401.0,-361068.0,0.017,6.72
115745.0,280.0,-360806.0,0.0,6.23
115750.0,352.0,-360811.0,0.008,6.72
115756.0,560.0,-360504.0,-0.025,6.23
115761.0,303.0,-361008.0,0.008,6.23
115766.0,58.0,-360871.0,-0.058,6.48
115771.0,24.0,-360608.0,0.0,6.23
115776.0,39.0,-360558.0,0.0,6.96
115781.0,303.0,-360417.0,0.0,6.48
115786.0,136.0,-360159.0,0.058,6.72
115791.0,393.0,-360163.0,0.042,6.48
115796.0,-93.0,-360056.0,-0.108,6.23
115803.0,-211.0,-360255.0,0.058,6.23
115808.0,34.0,-360645.0,0.025,6.72
115813.0,176.0,-360486.0,0.042,6.48
115818.0,40.0,-360441.0,0.033,6.23
115823.0,233.0,-360171.0,0.05,6.48
115828.0,189.0,-360098.0,0.008,6.48
115833.0,241.0,-360097.0,0.008,6.48
115838.0,380.0,-359955.0,-0.008,6.48
115845.0,594.0,-359908.0,0.042,6.23
115850.0,416.0,-359773.0,-0.033,6.23
115855.0,243.0,-359693.0,0.017,6.23
115860.0,-68.0,-359482.0,0.008,6.23
115865.0,482.0,-359716.0,0.067,6.23
115870.0,937.0,-359434.0,0.067,6.48
115875.0,278.0,-359373.0,0.042,6.23
115880.0,260.0,-359452.0,0.025,6.23
115886.0,181.0,-359484.0,0.067,6.23
115891.0,-77.0,-359369.0,-0.025,6.72
115896.0,75.0,-359328.0,0.042,6.48
115902.0,136.0,-359584.0,-0.033,6.48
115907.0,230.0,-359659.0,0.092,6.72
115912.0,266.0,-359512.0,0.092,6.72
115917.0,245.0,-359468.0,0.025,6.23
115922.0,60.0,-359491.0,0.0,6.23
115928.0,1.0,-358589.0,0.05,6.23
115932.0,126.0,-358718.0,-0.017,6.72
115937.0,72.0,-359451.0,-0.017,6.48
115943.0,617.0,-359257.0,0.092,6.23
115947.0,366.0,-359246.0,-0.1,6.48
115953.0,68.0,-358740.0,0.017,6.23
115958.0,247.0,-358856.0,0.05,6.23
115963.0,556.0,-358885.0,0.017,6.23
115969.0,-120.0,-358963.0,0.033,6.48
115974.0,81.0,-358535.0,0.058,6.48
115979.0,340.0,-358436.0,0.042,6.23
115984.0,336.0,-358677.0,-0.008,6.23
115989.0,493.0,-358689.0,0.017,5.99
115994.0,366.0,-358676.0,-0.017,6.23
116000.0,456.0,-358618.0,-0.017,6.23
116005.0,533.0,-358444.0,0.008,6.96
116009.0,384.0,-358549.0,0.033,5.99
116016.0,160.0,-358377.0,0.033,6.72
116021.0,595.0,-358269.0,0.042,6.96
116026.0,-2.0,-358424.0,0.025,6.23
116031.0,-90.0,-358682.0,0.017,6.23
116037.0,23.0,-358282.0,-0.017,6.23
116041.0,486.0,-358273.0,-0.05,6.23
116046.0,370.0,-358062.0,-0.017,6.96
116052.0,201.0,-357948.0,-0.025,6.23
116057.0,260.0,-357883.0,0.067,6.23
116063.0,-12.0,-357741.0,0.05,6.48
116068.0,-47.0,-357679.0,0.0,6.48
116073.0,370.0,-357830.0,0.017,6.72
116078.0,102.0,-357706.0,0.033,6.23
116083.0,-143.0,-357594.0,0.042,6.23
116088.0,334.0,-357607.0,0.083,6.96
116094.0,428.0,-357983.0,0.05,6.23
116100.0,265.0,-357781.0,-0.008,6.23
116104.0,252.0,-357824.0,0.058,6.23
116110.0,312.0,-357715.0,0.108,6.72
116115.0,299.0,-357339.0,0.0,6.96
116119.0,154.0,-357386.0,0.017,6.23
116125.0,74.0,-357598.0,0.025,6.48
116130.0,273.0,-357272.0,0.017,6.23
116135.0,378.0,-357279.0,-0.05,6.23
116141.0,-96.0,-357517.0,0.075,6.23
116146.0,121.0,-357231.0,-0.008,3.3
116151.0,572.0,-357144.0,0.092,6.23
116157.0,146.0,-357256.0,0.075,6.72
116162.0,-11.0,-356776.0,0.008,6.23
116167.0,600.0,-356941.0,-0.008,6.23
116172.0,432.0,-356773.0,0.075,6.72
116178.0,152.0,-356805.0,-0.025,6.23
116183.0,515.0,-356736.0,0.067,6.23
116189.0,753.0,-356521.0,-0.017,6.23
116194.0,201.0,-356651.0,0.042,6.48
116199.0,198.0,-356556.0,0.05,6.23
116204.0,106.0,-356643.0,0.042,6.23
116210.0,-4.0,-356911.0,0.05,6.23
116214.0,149.0,-356780.0,-0.017,6.23
116219.0,233.0,-356357.0,0.033,6.23
116226.0,179.0,-356343.0,0.067,6.96
116231.0,272.0,-356085.0,-0.05,6.23
116236.0,185.0,-356344.0,0.092,6.72
116241.0,403.0,-356438.0,0.058,6.23
116247.0,358.0,-356262.0,-0.042,6.23
116251.0,343.0,-356397.0,-0.075,6.48
116257.0,419.0,-356327.0,0.075,6.72
116262.0,395.0,-356187.0,-0.067,6.96
116268.0,182.0,-356630.0,0.075,6.48
116273.0,352.0,-356213.0,-0.017,6.23
116279.0,298.0,-356005.0,-0.025,6.23
116284.0,421.0,-356058.0,-0.058,6.23
116289.0,-1.0,-355901.0,-0.117,6.72
116294.0,389.0,-355733.0,0.017,6.23
116299.0,320.0,-356069.0,0.067,6.72
116304.0,321.0,-355884.0,0.017,6.96
116311.0,385.0,-355936.0,-0.008,6.23
116316.0,141.0,-355616.0,-0.017,6.23
116321.0,544.0,-355869.0,0.0,6.96
116326.0,348.0,-355392.0,-0.017,6.48
116332.0,438.0,-355712.0,0.067,6.96
116336.0,339.0,-355435.0,0.142,6.72
116341.0,429.0,-355348.0,-0.017,6.48
116347.0,209.0,-355320.0,0.017,6.96
116353.0,320.0,-355359.0,-0.108,6.96
116358.0,374.0,-355072.0,-0.05,6.23
116364.0,186.0,-354964.0,-0.008,6.72
116368.0,27.0,-355195.0,0.092,6.72
116373.0,416.0,-355150.0,0.133,6.23
116378.0,124.0,-355012.0,0.033,6.72
116383.0,-71.0,-355125.0,-0.017,6.23
116388.0,207.0,-355380.0,0.033,6.96
116395.0,449.0,-355238.0,-0.033,6.96
116400.0,424.0,-355175.0,0.058,6.23
116405.0,528.0,-354954.0,-0.025,6.96
116410.0,526.0,-355062.0,0.0,6.23
116415.0,547.0,-355179.0,-0.067,6.23
116420.0,300.0,-354940.0,-0.008,6.23
116425.0,68.0,-354608.0,-0.067,6.48
116430.0,519.0,-354541.0,0.1,6.23
116435.0,357.0,-354658.0,0.042,6.96
116442.0,151.0,-354530.0,0.033,6.96
116446.0,54.0,-354259.0,0.017,6.48
116451.0,512.0,-354186.0,0.008,6.23
116457.0,468.0,-354450.0,0.008,6.72
116462.0,433.0,-354323.0,0.0,6.72
116467.0,-39.0,-354478.0,0.0,6.96
116472.0,465.0,-354296.0,0.025,6.23
116477.0,330.0,-354067.0,-0.017,6.23
116483.0,-216.0,-353950.0,0.025,6.23
116489.0,424.0,-354062.0,0.033,6.23
116493.0,237.0,-354039.0,0.008,6.23
116498.0,156.0,-354112.0,0.05,6.48
116504.0,590.0,-354096.0,0.067,6.96
116508.0,295.0,-353719.0,-0.008,6.23
116514.0,253.0,-353810.0,-0.017,6.48
116519.0,193.0,-353848.0,0.025,6.23
116525.0,514.0,-353967.0,-0.008,6.23
116530.0,110.0,-353650.0,0.117,6.48
116536.0,98.0,-353776.0,0.108,6.23
116540.0,-71.0,-353511.0,0.1,6.72
116545.0,-43.0,-353238.0,-0.017,6.23
116551.0,175.0,-353594.0,0.042,6.23
116556.0,36.0,-353659.0,-0.025,6.23
116560.0,131.0,-353344.0,0.008,6.96
116567.0,221.0,-353698.0,0.025,6.48
116571.0,370.0,-353587.0,0.0,6.23
116577.0,78.0,-353295.0,0.025,6.96
116583.0,264.0,-353265.0,-0.058,6.23
116588.0,482.0,-353433.0,0.108,6.23
116593.0,171.0,-353462.0,-0.058,6.23
116598.0,253.0,-353368.0,0.05,5.99
116604.0,465.0,-352862.0,0.05,6.48
116611.0,445.0,-353034.0,-0.033,6.23
116615.0,188.0,-352787.0,-0.05,6.96
116621.0,366.0,-353073.0,0.067,6.23
116627.0,410.0,-353167.0,-0.042,6.48
116632.0,106.0,-352819.0,0.05,6.23
116637.0,123.0,-353234.0,0.0,6.23
116642.0,225.0,-352692.0,0.042,6.48
116648.0,147.0,-352344.0,0.083,6.72
116655.0,489.0,-352394.0,0.05,6.23
116659.0,660.0,-352701.0,0.042,6.96
116665.0,288.0,-352627.0,0.017,6.96
116670.0,444.0,-352301.0,0.033,6.23
116676.0,494.0,-352229.0,0.042,6.23
116681.0,431.0,-352284.0,-0.042,6.72
116686.0,127.0,-352476.0,0.0,6.23
116692.0,409.0,-352370.0,0.042,6.72
116698.0,417.0,-352314.0,-0.025,8.19
116703.0,406.0,-352415.0,0.0,6.23
116709.0,264.0,-352327.0,0.008,6.96
116714.0,278.0,-352265.0,0.083,6.96
116720.0,366.0,-352345.0,-0.017,6.23
116725.0,259.0,-352240.0,-0.025,6.96
116730.0,564.0,-352436.0,0.042,6.23
116736.0,208.0,-352314.0,-0.05,6.23
116741.0,108.0,-351767.0,-0.033,6.72
116746.0,277.0,-351818.0,0.05,6.23
116752.0,137.0,-351980.0,-0.033,6.48
116757.0,39.0,-351718.0,0.1,6.48
116762.0,-60.0,-351631.0,-0.033,6.23
116768.0,160.0,-351843.0,0.075,6.23
116773.0,374.0,-351579.0,0.042,6.96
116780.0,304.0,-351671.0,0.033,6.23
116784.0,155.0,-351840.0,-0.058,6.96
116790.0,425.0,-351250.0,0.075,6.72
116796.0,427.0,-351702.0,-0.008,6.72
116801.0,283.0,-351826.0,0.017,6.96
116806.0,436.0,-351689.0,0.025,6.23
116812.0,474.0,-351215.0,-0.05,6.23
116817.0,366.0,-351213.0,0.042,6.23
116824.0,54.0,-351143.0,-0.05,6.48
116828.0,-17.0,-351152.0,-0.008,5.99
116834.0,219.0,-351236.0,0.0,6.23
116839.0,91.0,-351510.0,0.083,6.23
116845.0,307.0,-351290.0,0.05,6.23
116850.0,282.0,-351343.0,0.008,6.23
116855.0,344.0,-351165.0,0.033,6.48
116861.0,376.0,-350879.0,0.083,7.21
116868.0,422.0,-350947.0,0.008,6.96
116872.0,83.0,-351170.0,0.092,6.23
116878.0,163.0,-350630.0,-0.058,6.48
116883.0,393.0,-350570.0,0.042,6.72
116889.0,147.0,-350794.0,0.067,6.96
116894.0,-50.0,-350699.0,-0.05,6.48
116899.0,57.0,-350739.0,-0.042,7.21
116904.0,299.0,-350779.0,0.083,6.23
116910.0,142.0,-350770.0,0.017,6.72
116915.0,639.0,-350618.0,0.0,6.23
116921.0,299.0,-350082.0,0.075,6.72
116926.0,575.0,-350319.0,0.058,6.23
116931.0,722.0,-349994.0,0.033,6.72
116936.0,248.0,-350114.0,0.075,6.72
116941.0,182.0,-350073.0,-0.058,6.96
116946.0,75.0,-349966.0,-0.05,6.72
116953.0,509.0,-349976.0,0.058,6.72
116958.0,197.0,-349885.0,-0.033,6.23
116962.0,534.0,-350144.0,-0.008,6.23
116968.0,222.0,-350228.0,0.075,6.23
116974.0,40.0,-350018.0,0.033,6.72
116978.0,97.0,-349943.0,-0.042,6.72
116983.0,220.0,-350129.0,0.008,6.23
116989.0,342.0,-349999.0,0.067,6.48
116995.0,286.0,-349936.0,0.083,6.96
117000.0,123.0,-349829.0,-0.05,6.23
117005.0,119.0,-349527.0,0.033,6.23
117010.0,-75.0,-349382.0,-0.042,6.72
117015.0,390.0,-349809.0,0.075,6.23
117021.0,354.0,-349889.0,0.05,6.23
117026.0,-80.0,-349760.0,0.025,6.48
117031.0,31.0,-349367.0,0.058,6.96
117037.0,445.0,-349541.0,0.0,6.72
117042.0,221.0,-349386.0,0.008,5.99
117047.0,-214.0,-349565.0,-0.033,6.23
117052.0,352.0,-349449.0,0.017,6.23
117058.0,-18.0,-349268.0,-0.025,6.96
117062.0,-79.0,-349277.0,-0.008,6.23
117068.0,567.0,-349487.0,0.058,6.23
117073.0,659.0,-349234.0,0.033,6.48
117079.0,544.0,-348887.0,0.025,6.72
117084.0,76.0,-348981.0,-0.058,6.23
117089.0,288.0,-349020.0,0.033,6.96
117094.0,163.0,-348677.0,0.067,6.72
117100.0,51.0,-348831.0,-0.033,6.23
117105.0,679.0,-348797.0,0.008,6.23
117110.0,457.0,-348744.0,-0.05,6.72
117115.0,350.0,-348715.0,-0.008,6.23
117122.0,192.0,-348775.0,0.042,6.23
117127.0,472.0,-348916.0,0.067,6.23
117131.0,241.0,-348305.0,-0.075,6.48
117137.0,423.0,-348765.0,-0.017,6.23
117142.0,443.0,-348710.0,-0.017,6.23
117147.0,634.0,-348321.0,0.083,6.72
117152.0,382.0,-348285.0,0.075,6.23
117158.0,106.0,-348352.0,0.058,6.96
117163.0,-101.0,-348441.0,0.075,6.23
117169.0,151.0,-348431.0,0.025,6.23
117174.0,45.0,-348382.0,0.108,6.23
117179.0,-30.0,-348327.0,0.083,6.96
117184.0,214.0,-348439.0,0.083,6.23
117189.0,562.0,-348470.0,-0.042,6.23
117194.0,293.0,-347939.0,0.05,6.48
117199.0,406.0,-347921.0,0.05,6.72
117204.0,480.0,-347590.0,0.075,6.48
117210.0,159.0,-347957.0,-0.058,5.99
117216.0,249.0,-348387.0,0.067,6.23
117221.0,309.0,-347856.0,0.042,6.23
117225.0,124.0,-347719.0,0.017,6.23
117231.0,-156.0,-347935.0,0.008,6.23
117236.0,116.0,-348060.0,0.008,6.48
117241.0,421.0,-348025.0,-0.133,6.23
117246.0,215.0,-347765.0,0.1,6.48
117253.0,131.0,-347760.0,-0.025,6.23
117257.0,256.0,-347743.0,0.075,6.23
117262.0,635.0,-347861.0,0.058,6.23
117268.0,527.0,-347584.0,0.0,6.72
117272.0,572.0,-347549.0,0.108,6.23
117278.0,460.0,-347049.0,0.092,6.23
117283.0,466.0,-347276.0,0.058,6.72
117288.0,387.0,-347625.0,0.017,6.72
117294.0,117.0,-347239.0,0.067,5.99
117299.0,397.0,-347278.0,0.042,6.96
117304.0,486.0,-347205.0,0.025,6.23
117309.0,137.0,-347047.0,-0.008,6.23
117314.0,175.0,-346788.0,0.033,6.48
117319.0,322.0,-346801.0,0.008,6.23
117325.0,326.0,-346965.0,0.025,6.96
117330.0,282.0,-347152.0,0.092,6.23
117336.0,403.0,-346697.0,-0.133,6.23
117340.0,490.0,-346702.0,0.092,6.23
117345.0,358.0,-346667.0,0.125,6.23
117351.0,217.0,-346617.0,-0.008,6.23
117356.0,551.0,-346653.0,-0.008,4.03
117361.0,-57.0,-346748.0,0.067,6.23
117366.0,166.0,-346875.0,0.058,6.23
117372.0,134.0,-346697.0,0.117,6.23
117378.0,498.0,-346530.0,0.05,6.96
117382.0,149.0,-346333.0,0.05,6.23
117388.0,369.0,-346535.0,0.017,6.96
117393.0,265.0,-346394.0,-0.042,6.23
117398.0,362.0,-346299.0,-0.033,6.72
117403.0,73.0,-346366.0,0.017,6.23
117408.0,185.0,-346477.0,0.017,6.23
117413.0,28.0,-346665.0,0.083,6.48
117419.0,158.0,-346443.0,0.083,6.23
117424.0,296.0,-346358.0,-0.025,6.72
117429.0,515.0,-346111.0,-0.033,6.23
117435.0,489.0,-346501.0,0.042,6.23
117440.0,101.0,-346460.0,-0.025,6.23
117445.0,-324.0,-346375.0,0.067,6.23
117449.0,251.0,-345826.0,0.05,6.23
117454.0,333.0,-345903.0,0.033,6.23
117460.0,88.0,-345469.0,0.05,6.23
117466.0,474.0,-345910.0,0.025,6.96
117471.0,136.0,-345911.0,0.058,6.23
117476.0,139.0,-345615.0,-0.025,6.23
117481.0,415.0,-345688.0,-0.017,6.23
117486.0,525.0,-346117.0,-0.008,6.48
117491.0,632.0,-345495.0,0.017,6.23
117496.0,425.0,-345448.0,0.075,6.23
117501.0,105.0,-345503.0,0.008,6.72
117507.0,204.0,-345341.0,-0.017,6.96
117513.0,220.0,-345584.0,-0.025,6.23
117518.0,476.0,-345421.0,-0.017,6.72
117523.0,199.0,-345075.0,-0.017,6.72
117528.0,355.0,-345265.0,0.033,6.23
117534.0,335.0,-345348.0,0.042,6.72
117538.0,112.0,-345347.0,-0.15,6.23
117543.0,243.0,-345246.0,0.0,6.48
117549.0,475.0,-345229.0,0.067,6.96
117554.0,458.0,-345105.0,0.025,6.72
117559.0,108.0,-345086.0,-0.008,6.23
117564.0,196.0,-345041.0,0.0,6.23
117570.0,269.0,-345009.0,-0.025,6.72
117575.0,287.0,-344696.0,0.058,6.72
117580.0,351.0,-344873.0,0.083,6.48
117585.0,654.0,-345109.0,0.058,6.23
117591.0,472.0,-345120.0,-0.05,6.72
117596.0,334.0,-345035.0,0.058,6.23
117601.0,161.0,-344917.0,0.0,6.23
117606.0,282.0,-344844.0,0.008,6.72
117611.0,402.0,-344927.0,0.008,6.48
117616.0,341.0,-344595.0,0.008,6.72
117622.0,489.0,-344674.0,0.058,6.96
117627.0,209.0,-344465.0,0.058,6.72
117633.0,278.0,-344563.0,0.058,6.72
117638.0,112.0,-344682.0,0.042,6.72
117643.0,150.0,-344573.0,0.017,6.48
117648.0,203.0,-344643.0,0.017,6.23
117653.0,238.0,-344422.0,-0.058,6.96
117658.0,708.0,-344411.0,-0.025,6.48
117663.0,523.0,-344229.0,0.092,6.23
117668.0,23.0,-344022.0,0.025,6.48
117673.0,529.0,-344137.0,0.042,6.23
117680.0,258.0,-344155.0,-0.017,6.23
117685.0,286.0,-343998.0,0.025,5.99
117690.0,248.0,-343859.0,-0.025,6.96
117695.0,131.0,-343777.0,-0.042,6.48
117700.0,533.0,-344246.0,-0.025,6.23
117705.0,285.0,-343951.0,0.142,5.99
117710.0,-12.0,-343681.0,-0.017,6.23
117715.0,377.0,-344024.0,-0.017,6.72
117721.0,603.0,-343865.0,0.083,6.48
117726.0,198.0,-343565.0,0.008,6.96
117732.0,80.0,-343584.0,0.008,6.23
117737.0,502.0,-343571.0,0.0,6.23
117742.0,249.0,-343635.0,0.025,6.48
117747.0,79.0,-343652.0,-0.033,6.23
117752.0,435.0,-343539.0,0.025,6.23
117757.0,326.0,-343449.0,0.05,6.72
117763.0,289.0,-343088.0,0.092,6.23
117768.0,533.0,-343348.0,0.033,6.23
117774.0,578.0,-343974.0,0.05,6.23
117778.0,419.0,-343781.0,0.067,6.48
117784.0,281.0,-343601.0,0.133,6.23
117789.0,20.0,-343387.0,-0.008,6.96
117794.0,111.0,-343432.0,0.042,6.23
117799.0,595.0,-342983.0,0.033,6.72
117805.0,374.0,-343347.0,0.017,6.72
117810.0,256.0,-343282.0,0.025,6.23
117815.0,542.0,-343149.0,-0.008,6.23
117820.0,361.0,-343009.0,-0.042,6.23
117825.0,118.0,-342684.0,0.017,6.96
117831.0,272.0,-342948.0,0.008,6.48
117836.0,511.0,-342716.0,0.042,6.23
117841.0,170.0,-342813.0,0.042,6.23
117847.0,458.0,-342884.0,0.042,6.23
117852.0,865.0,-342724.0,0.017,6.23
117857.0,328.0,-342679.0,-0.008,6.23
117862.0,238.0,-342779.0,0.017,6.72
117867.0,271.0,-342537.0,0.058,6.23
117872.0,34.0,-342504.0,0.008,6.23
117878.0,124.0,-342372.0,0.042,7.45
117883.0,589.0,-342068.0,0.008,6.23
117888.0,334.0,-342075.0,0.008,6.72
117894.0,166.0,-342399.0,0.058,6.48
117899.0,407.0,-342437.0,0.017,6.48
117904.0,80.0,-342282.0,0.05,6.48
117909.0,86.0,-342222.0,0.05,6.48
117914.0,143.0,-342302.0,0.075,5.5
117919.0,104.0,-342181.0,-0.008,6.23
117924.0,96.0,-342176.0,0.008,6.23
117929.0,223.0,-342008.0,0.092,6.23
117935.0,316.0,-341929.0,0.025,6.23
117941.0,418.0,-342225.0,0.067,6.72
117946.0,171.0,-341707.0,0.0,6.23
117950.0,-72.0,-342002.0,0.058,6.72
117956.0,358.0,-342226.0,0.033,6.23
117961.0,295.0,-341522.0,-0.017,6.72
117966.0,130.0,-341423.0,0.033,6.23
117971.0,354.0,-341803.0,-0.008,6.96
117978.0,303.0,-341641.0,0.075,6.96
117982.0,560.0,-341536.0,0.05,6.96
117987.0,66.0,-341503.0,0.033,6.72
117993.0,-19.0,-341483.0,-0.033,6.23
117997.0,242.0,-341484.0,0.042,6.48
118003.0,604.0,-341344.0,0.058,6.72
118008.0,691.0,-341410.0,0.092,6.72
118013.0,204.0,-341105.0,0.025,6.96
118019.0,310.0,-341413.0,0.0,6.48
118024.0,197.0,-341397.0,0.083,6.23
118029.0,106.0,-341336.0,0.008,6.72
118035.0,78.0,-341182.0,0.075,6.96
118040.0,175.0,-341106.0,0.058,6.72
118044.0,-140.0,-340949.0,0.0,6.23
118050.0,322.0,-340867.0,0.0,6.23
118055.0,213.0,-341155.0,0.075,6.96
118061.0,166.0,-341172.0,0.1,6.23
118066.0,-8.0,-341146.0,0.083,6.96
118072.0,422.0,-341066.0,0.042,5.99
118077.0,497.0,-340959.0,0.008,6.23
118082.0,203.0,-340630.0,-0.083,6.48
118087.0,151.0,-340574.0,-0.058,6.72
118092.0,384.0,-340671.0,-0.017,6.23
118097.0,-214.0,-340706.0,0.067,6.48
118104.0,128.0,-340642.0,0.042,6.23
118109.0,281.0,-340892.0,0.075,6.23
118114.0,420.0,-340713.0,-0.008,6.48
118119.0,132.0,-340341.0,-0.008,6.96
118124.0,339.0,-340903.0,-0.017,6.23
118129.0,484.0,-340750.0,-0.083,6.48
118135.0,398.0,-340694.0,0.067,6.72
118140.0,-166.0,-340328.0,-0.017,6.48
118146.0,219.0,-340253.0,-0.033,6.48
118151.0,471.0,-340028.0,-0.167,6.48
118157.0,499.0,-340890.0,0.633,6.23
118161.0,274.0,-341369.0,0.433,6.48
118166.0,76.0,-342702.0,0.942,7.21
118172.0,40.0,-359408.0,11.142,6.96
118177.0,669.0,-372177.0,-12.4,8.19
118181.0,-1078.0,-387672.0,8.525,8.68
118188.0,2136.0,-425312.0,1.858,9.41
118193.0,397.0,-436659.0,-9.867,9.9
118198.0,273.0,-459890.0,12.292,10.39
118202.0,1652.0,-473343.0,3.733,10.87
118206.0,407.0,-496900.0,-4.2,10.63
118211.0,-52.0,-510653.0,5.05,10.87
118216.0,158.0,-537155.0,1.142,11.61
118222.0,292.0,-562593.0,1.817,12.34
118227.0,549.0,-575204.0,4.133,12.34
118232.0,642.0,-603457.0,2.542,13.32
118238.0,190.0,-629323.0,1.417,14.05
118243.0,275.0,-641884.0,4.267,14.05
118248.0,-11.0,-670081.0,2.9,14.3
118253.0,223.0,-697365.0,0.408,14.05
118258.0,306.0,-710384.0,5.192,14.3
118263.0,439.0,-738089.0,1.825,14.54
118269.0,173.0,-765175.0,1.442,14.3
118274.0,24.0,-777750.0,3.817,15.03
118279.0,410.0,-805085.0,3.183,15.52
118285.0,172.0,-831007.0,1.0,15.52
118291.0,-226.0,-856609.0,3.525,15.76
118295.0,225.0,-869558.0,2.258,15.27
118301.0,243.0,-894337.0,2.158,14.78
118306.0,3.0,-919085.0,2.775,15.03
118311.0,248.0,-931766.0,2.533,14.3
118317.0,456.0,-956639.0,1.642,15.52
118323.0,146.0,-980641.0,2.983,14.3
118328.0,4.0,-1005789.0,2.9,14.78
118333.0,-53.0,-1018088.0,1.092,14.3
118338.0,337.0,-1029639.0,3.142,14.3
118342.0,348.0,-1053596.0,3.358,14.3
118347.0,24.0,-1066331.0,1.825,13.81
118353.0,260.0,-1102609.0,2.95,14.3
118359.0,463.0,-1114226.0,3.058,14.3
118364.0,452.0,-1140041.0,2.117,14.3
118368.0,649.0,-1152564.0,1.9,14.3
118373.0,539.0,-1176914.0,2.825,14.05
118377.0,718.0,-1189489.0,2.967,13.81
118381.0,165.0,-1214506.0,2.65,14.05
118385.0,106.0,-1226987.0,1.892,14.05
118391.0,218.0,-1251299.0,2.8,13.81
118395.0,109.0,-1263594.0,3.142,14.3
118400.0,114.0,-1288117.0,2.35,13.56
118405.0,35.0,-1300030.0,1.867,13.56
118411.0,291.0,-1323030.0,3.333,13.56
118415.0,106.0,-1335323.0,2.992,14.05
118420.0,54.0,-1358662.0,2.117,13.56
118426.0,504.0,-1380816.0,3.142,13.32
118429.0,487.0,-1392873.0,2.775,13.32
118433.0,362.0,-1404512.0,1.55,13.56
118438.0,395.0,-1426425.0,2.65,13.32
118445.0,55.0,-1449781.0,2.892,13.32
118450.0,14.0,-1461166.0,0.742,13.07
118454.0,217.0,-1483217.0,2.917,13.07
118460.0,629.0,-1505485.0,2.558,13.56
118464.0,284.0,-1516702.0,1.983,12.83
118468.0,123.0,-1527573.0,2.317,12.83
118472.0,422.0,-1550104.0,2.317,12.83
118476.0,247.0,-1561165.0,1.833,13.07
118480.0,52.0,-1572978.0,3.058,12.83
118486.0,504.0,-1596522.0,0.717,14.05
118490.0,395.0,-1607457.0,1.425,13.07
118494.0,400.0,-1629584.0,3.033,12.83
118498.0,207.0,-1641475.0,2.617,12.59
118502.0,232.0,-1652978.0,1.775,12.83
118508.0,44.0,-1675284.0,2.008,12.59
118513.0,6.0,-1698132.0,2.85,13.07
118519.0,-118.0,-1720724.0,1.267,12.83
118523.0,-203.0,-1731723.0,1.492,12.83
118528.0,288.0,-1741972.0,2.175,12.59
118532.0,293.0,-1753029.0,2.425,12.34
118535.0,-136.0,-1774128.0,1.6,12.34
118539.0,141.0,-1784805.0,2.65,12.59
118543.0,332.0,-1795494.0,2.267,12.83
118547.0,195.0,-1816867.0,0.975,12.34
118552.0,-86.0,-1828098.0,3.108,12.34
118558.0,206.0,-1849338.0,0.9,12.34
118563.0,182.0,-1870310.0,2.892,12.34
118567.0,375.0,-1881185.0,2.508,12.1
118572.0,326.0,-1891844.0,1.725,12.1
118576.0,133.0,-1912541.0,1.333,12.1
118580.0,216.0,-1922792.0,2.333,12.1
118584.0,455.0,-1933527.0,2.55,11.85
118589.0,234.0,-1945046.0,0.392,11.85
118593.0,173.0,-1965381.0,1.208,12.59
118598.0,399.0,-1985477.0,2.6,9.65
118604.0,255.0,-2007713.0,1.492,12.34
118610.0,237.0,-2027479.0,1.9,12.1
118615.0,14.0,-2038058.0,2.867,11.85
118621.0,288.0,-2060532.0,1.267,11.61
118625.0,141.0,-2071137.0,1.3,12.1
118630.0,160.0,-2091072.0,2.275,12.34
118634.0,257.0,-2101625.0,2.408,11.61
118639.0,371.0,-2123389.0,1.558,11.61
118643.0,328.0,-2133772.0,1.225,11.85
118647.0,451.0,-2152903.0,1.708,11.61
118651.0,340.0,-2163750.0,2.758,11.85
118656.0,287.0,-2174347.0,1.858,11.61
118660.0,112.0,-2184460.0,0.983,11.61
118664.0,127.0,-2203139.0,1.942,12.1
118668.0,58.0,-2213192.0,2.067,11.61
118673.0,230.0,-2233766.0,1.958,13.81
118677.0,253.0,-2243485.0,1.142,11.61
118681.0,4.0,-2252910.0,1.867,11.36
118686.0,203.0,-2272541.0,1.783,11.36
118690.0,166.0,-2282558.0,2.1,11.61
118694.0,-3.0,-2292541.0,1.258,11.85
118699.0,502.0,-2310824.0,1.892,11.36
118705.0,300.0,-2329980.0,2.0,11.36
118711.0,152.0,-2349360.0,1.0,11.12
118716.0,192.0,-2359173.0,1.842,11.61
118721.0,79.0,-2377422.0,2.358,11.12
118726.0,-79.0,-2397570.0,1.033,10.87
118732.0,121.0,-2416962.0,2.117,11.85
118736.0,322.0,-2426495.0,1.717,11.61
118740.0,413.0,-2436238.0,1.633,10.87
118745.0,410.0,-2446107.0,2.033,11.36
118749.0,173.0,-2465224.0,1.067,11.36
118753.0,226.0,-2474301.0,1.508,11.61
118758.0,262.0,-2493479.0,2.125,10.87
118764.0,396.0,-2512631.0,0.933,10.87
118768.0,239.0,-2521778.0,1.533,11.61
118772.0,374.0,-2530995.0,1.567,10.87
118776.0,141.0,-2549398.0,1.808,10.87
118780.0,-26.0,-2559059.0,1.108,10.63
118787.0,711.0,-2576719.0,1.192,10.87
118791.0,504.0,-2585408.0,1.733,10.87
118794.0,-127.0,-2595171.0,1.967,10.87
118798.0,-100.0,-2613288.0,0.725,11.12
118804.0,116.0,-2622045.0,1.608,10.63
118808.0,539.0,-2639780.0,1.358,10.63
118811.0,444.0,-2649213.0,1.933,10.87
118815.0,359.0,-2658164.0,1.033,10.39
118819.0,-4.0,-2666741.0,1.458,10.39
118824.0,133.0,-2683658.0,1.467,10.63
118829.0,452.0,-2692455.0,2.125,10.87
118833.0,161.0,-2710490.0,0.925,10.87
118838.0,283.0,-2718843.0,1.675,10.39
118842.0,538.0,-2736058.0,1.567,10.87
118846.0,483.0,-2745663.0,1.958,10.39
118850.0,340.0,-2754726.0,0.983,10.39
118854.0,77.0,-2763381.0,1.5,10.39
118858.0,330.0,-2780192.0,1.417,11.12
118862.0,177.0,-2789693.0,1.858,10.39
118866.0,376.0,-2806988.0,1.017,10.39
118871.0,25.0,-2815515.0,1.433,10.63
118877.0,81.0,-2832783.0,1.283,11.12
118882.0,131.0,-2841256.0,1.575,10.14
118886.0,130.0,-2858133.0,0.55,10.39
118890.0,9.0,-2865994.0,1.517,10.87
118895.0,-21.0,-2883526.0,1.492,10.14
118901.0,-13.0,-2892399.0,0.775,10.39
118905.0,-98.0,-2908818.0,1.75,10.39
118912.0,-280.0,-2924582.0,1.233,10.14
118916.0,-311.0,-2932933.0,1.825,10.63
118920.0,378.0,-2941470.0,1.117,10.14
118924.0,379.0,-2956811.0,1.075,10.39
118929.0,79.0,-2965310.0,0.933,10.14
118934.0,6.0,-2981769.0,2.058,9.9
118939.0,662.0,-2998005.0,0.342,9.9
118945.0,302.0,-3005426.0,2.0,9.9
118949.0,401.0,-3021103.0,1.35,9.9
118956.0,487.0,-3037333.0,0.942,10.63
118962.0,167.0,-3052515.0,1.617,10.63
118966.0,-142.0,-3060412.0,1.317,10.63
118969.0,167.0,-3069031.0,1.683,10.39
118973.0,436.0,-3084964.0,1.1,9.9
118979.0,2.0,-3092171.0,1.65,9.9
118984.0,-195.0,-3108821.0,1.3,10.39
118988.0,-78.0,-3117228.0,1.342,9.9
118993.0,97.0,-3132442.0,1.383,10.14
118999.0,409.0,-3147142.0,1.225,10.39
119003.0,312.0,-3155067.0,1.617,9.9
119009.0,34.0,-3170831.0,0.833,10.14
119015.0,288.0,-3185949.0,0.983,9.65
119020.0,530.0,-3193282.0,1.825,9.65
119025.0,445.0,-3208299.0,0.567,9.41
119030.0,-113.0,-3223129.0,1.392,9.65
119036.0,427.0,-3237689.0,1.567,10.14
119041.0,22.0,-3245344.0,1.533,10.14
119046.0,-206.0,-3260174.0,1.467,9.65
119052.0,586.0,-3267499.0,0.925,9.41
119056.0,119.0,-3281432.0,1.4,9.41
119062.0,0.0,-3296072.0,1.333,10.14
119067.0,200.0,-3303561.0,1.183,9.9
119071.0,615.0,-3316592.0,0.892,9.41
119077.0,-439.0,-3331972.0,1.783,9.65
119083.0,403.0,-3339411.0,0.458,9.65
119088.0,392.0,-3353090.0,1.292,9.41
119093.0,493.0,-3368242.0,1.592,9.41
119098.0,191.0,-3375809.0,0.867,9.41
119103.0,334.0,-3389666.0,1.167,9.16
119108.0,421.0,-3404074.0,1.55,9.16
119114.0,279.0,-3411519.0,0.992,9.16
119118.0,248.0,-3425700.0,0.875,9.65
119124.0,520.0,-3439942.0,1.567,9.65
119130.0,118.0,-3447097.0,0.692,9.41
119135.0,168.0,-3460704.0,0.675,9.16
119141.0,237.0,-3474640.0,1.4,9.65
119146.0,161.0,-3488732.0,0.758,9.16
119151.0,307.0,-3495553.0,0.717,9.16
119156.0,422.0,-3508992.0,1.325,8.92
119161.0,127.0,-3523036.0,0.95,8.92
119168.0,421.0,-3529691.0,1.3,9.41
119172.0,644.0,-3543668.0,0.842,8.92
119178.0,288.0,-3555548.0,1.025,8.92
119183.0,68.0,-3562671.0,1.225,9.41
119188.0,-114.0,-3576732.0,0.608,8.68
119194.0,-37.0,-3588772.0,0.55,8.68
119199.0,299.0,-3602498.0,1.658,9.41
119204.0,255.0,-3609457.0,0.475,8.92
119209.0,54.0,-3621804.0,0.767,8.92
119215.0,71.0,-3628617.0,1.783,8.43
119220.0,443.0,-3642972.0,0.467,7.94
119225.0,240.0,-3655736.0,0.817,8.68
119231.0,-8.0,-3667978.0,1.433,9.41
119236.0,24.0,-3675125.0,0.308,8.68
119241.0,319.0,-3687838.0,1.117,8.68
119245.0,410.0,-3693405.0,0.9,8.68
119251.0,268.0,-3707022.0,1.108,8.92
119257.0,465.0,-3719910.0,0.9,9.16
119262.0,299.0,-3731570.0,0.717,9.16
119268.0,311.0,-3738531.0,1.267,9.16
119272.0,662.0,-3751726.0,0.617,8.68
119277.0,327.0,-3757583.0,0.65,8.68
119282.0,23.0,-3769490.0,1.642,8.68
119287.0,316.0,-3782840.0,-0.442,6.72
119292.0,483.0,-3788927.0,1.208,8.68
119298.0,109.0,-3800460.0,0.983,8.68
119304.0,-42.0,-3813260.0,0.825,8.92
119309.0,212.0,-3825782.0,1.142,8.43
119314.0,198.0,-3830837.0,0.833,8.68
119319.0,51.0,-3843508.0,1.033,8.43
119324.0,222.0,-3849927.0,0.908,8.19
119329.0,316.0,-3861906.0,0.483,8.43
119334.0,93.0,-3873818.0,1.65,8.92
119341.0,247.0,-3886138.0,0.25,8.68
119346.0,-111.0,-3891911.0,0.85,8.68
119351.0,22.0,-3903464.0,0.783,8.43
119355.0,119.0,-3909487.0,0.975,8.43
119361.0,61.0,-3921822.0,0.433,8.19
119366.0,182.0,-3932964.0,0.717,8.19
119372.0,288.0,-3944774.0,1.05,8.19
119377.0,194.0,-3950829.0,0.308,8.68
119383.0,146.0,-3961590.0,0.683,8.19
119388.0,73.0,-3973108.0,0.9,8.68
119393.0,151.0,-3979021.0,0.608,8.68
119398.0,-97.0,-3989688.0,0.642,8.19
119404.0,-222.0,-4001076.0,0.792,7.94
119409.0,210.0,-4012222.0,0.908,6.96
119414.0,74.0,-4017929.0,0.5,8.43
119420.0,216.0,-4028552.0,0.7,7.94
119426.0,173.0,-4039612.0,1.117,8.68
119431.0,247.0,-4045055.0,0.383,7.94
119436.0,153.0,-4055502.0,0.9,7.94
119441.0,292.0,-4066770.0,1.008,7.94
119446.0,221.0,-4071845.0,0.383,8.43
119451.0,461.0,-4083714.0,1.158,7.94
119456.0,172.0,-4095182.0,0.858,7.94
119462.0,-24.0,-4100079.0,0.583,8.19
119468.0,222.0,-4110652.0,1.317,8.68
119473.0,323.0,-4121608.0,0.658,8.19
119478.0,-48.0,-4126609.0,0.425,8.43
119483.0,238.0,-4137158.0,1.167,8.19
119488.0,225.0,-4147762.0,0.433,7.94
119493.0,-317.0,-4152921.0,0.375,7.94
119498.0,-39.0,-4162932.0,1.367,8.19
119504.0,242.0,-4173410.0,0.142,8.43
119508.0,-75.0,-4178521.0,0.558,7.94
119515.0,293.0,-4187972.0,1.05,7.94
119520.0,174.0,-4198478.0,0.217,8.19
119524.0,349.0,-4203247.0,1.0,8.43
119530.0,321.0,-4213290.0,0.708,7.94
119535.0,264.0,-4223306.0,0.417,7.94
119540.0,238.0,-4228417.0,1.033,8.19
119545.0,-30.0,-4237968.0,0.658,8.19
119550.0,53.0,-4248160.0,0.767,8.43
119556.0,436.0,-4253413.0,1.042,7.7
119561.0,138.0,-4263304.0,0.167,8.19
119566.0,-71.0,-4273336.0,1.192,7.94
119572.0,479.0,-4278455.0,0.367,7.94
119577.0,443.0,-4288806.0,0.483,7.94
119582.0,230.0,-4298240.0,1.017,8.43
119587.0,311.0,-4303113.0,0.892,7.7
119592.0,-277.0,-4313206.0,0.4,7.94
119598.0,222.0,-4322794.0,1.092,7.7
119603.0,337.0,-4327731.0,0.567,7.7
119609.0,127.0,-4337143.0,0.642,7.7
119614.0,90.0,-4345739.0,0.667,7.7
119618.0,-1.0,-4350736.0,0.575,7.7
119624.0,41.0,-4360471.0,0.75,7.7
119629.0,-70.0,-4369885.0,0.558,7.94
119634.0,68.0,-4374138.0,0.742,7.7
119640.0,216.0,-4383763.0,0.833,7.7
119645.0,145.0,-4392669.0,0.95,7.94
119650.0,134.0,-4396842.0,0.658,7.7
119655.0,68.0,-4401881.0,0.792,7.7
119660.0,75.0,-4414839.0,0.975,8.19
119665.0,105.0,-4419000.0,0.317,8.19
119671.0,131.0,-4428571.0,0.767,8.43
119676.0,-120.0,-4437625.0,0.85,8.43
119682.0,155.0,-4442036.0,-0.042,7.7
119687.0,-39.0,-4451137.0,1.133,7.7
119692.0,196.0,-4460341.0,0.383,8.19
119697.0,373.0,-4465124.0,0.05,8.92
119702.0,215.0,-4474212.0,0.792,8.19
119707.0,242.0,-4481976.0,0.567,7.7
119712.0,317.0,-4487209.0,-0.042,7.94
119717.0,-43.0,-4495904.0,0.933,7.94
119724.0,262.0,-4504152.0,0.267,8.19
119728.0,55.0,-4508513.0,0.917,8.19
119734.0,505.0,-4517559.0,0.517,7.7
119739.0,402.0,-4525793.0,0.05,8.19
119744.0,313.0,-4529714.0,1.117,7.7
119749.0,13.0,-4538709.0,0.275,7.45
119754.0,96.0,-4546919.0,0.475,7.7
119759.0,245.0,-4550428.0,0.883,7.7
119766.0,241.0,-4559312.0,0.35,7.7
119771.0,70.0,-4567350.0,0.583,8.19
119775.0,39.0,-4571427.0,0.808,7.45
119781.0,257.0,-4579900.0,0.583,7.45
119786.0,396.0,-4588336.0,0.75,7.45
119791.0,-17.0,-4592049.0,0.333,5.99
119796.0,-23.0,-4600325.0,0.858,7.45
119801.0,220.0,-4608589.0,0.692,7.45
119806.0,109.0,-4612410.0,0.075,7.7
119812.0,71.0,-4620131.0,1.1,7.7
119817.0,48.0,-4629015.0,0.15,7.45
119822.0,415.0,-4633096.0,0.0,7.45
119828.0,257.0,-4640960.0,1.033,8.19
119833.0,230.0,-4649236.0,-0.225,7.7
119838.0,75.0,-4653099.0,0.65,7.7
119843.0,427.0,-4660618.0,0.65,7.21
119848.0,406.0,-4668504.0,0.5,7.45
119854.0,61.0,-4672849.0,0.675,7.7
119859.0,101.0,-4680399.0,0.692,7.45
119864.0,54.0,-4688137.0,0.3,7.7
119869.0,81.0,-4692586.0,0.675,7.45
119874.0,269.0,-4696473.0,0.183,7.21
119880.0,136.0,-4707389.0,0.208,7.45
119884.0,-71.0,-4711238.0,0.85,7.45
119890.0,-187.0,-4719426.0,-0.033,7.45
119896.0,44.0,-4726374.0,0.525,7.7
119901.0,-31.0,-4729973.0,0.625,8.19
119906.0,41.0,-4734130.0,0.458,7.45
119911.0,314.0,-4746382.0,0.525,7.94
119916.0,75.0,-4749795.0,0.208,7.7
119921.0,-37.0,-4757361.0,0.833,7.45
119927.0,168.0,-4764731.0,0.225,7.45
119931.0,497.0,-4768252.0,0.233,7.21
119938.0,251.0,-4776050.0,0.892,7.45
119944.0,183.0,-4783758.0,-0.1,7.45
119949.0,106.0,-4790940.0,0.258,7.45
119954.0,271.0,-4794487.0,0.867,7.45
119959.0,503.0,-4802059.0,-0.308,7.94
119965.0,423.0,-4808497.0,0.433,7.45
119970.0,492.0,-4812238.0,0.858,7.45
119975.0,206.0,-4819919.0,-0.225,7.45
119981.0,2.0,-4826459.0,0.517,7.21
119987.0,339.0,-4833749.0,0.642,7.45
119991.0,722.0,-4837518.0,0.15,7.21
119997.0,484.0,-4844420.0,0.517,7.7
120003.0,4.0,-4851414.0,0.217,7.45
120007.0,51.0,-4854791.0,0.408,7.21
120012.0,119.0,-4861752.0,0.192,7.45
120018.0,125.0,-4869138.0,0.192,7.21
120024.0,300.0,-4872403.0,0.667,7.45
120029.0,10.0,-4878828.0,0.367,7.45
120035.0,240.0,-4885978.0,0.217,7.21
120040.0,-30.0,-4892916.0,0.308,7.7
120045.0,91.0,-4896293.0,0.758,7.21
120050.0,43.0,-4903288.0,0.125,7.94
120056.0,251.0,-4910316.0,0.308,7.94
120060.0,254.0,-4913661.0,0.667,7.21
120067.0,352.0,-4920688.0,-0.242,7.7
120072.0,242.0,-4923006.0,0.192,7.21
120078.0,204.0,-4923862.0,0.233,7.94
120083.0,-23.0,-4923989.0,-0.083,7.45
120088.0,-47.0,-4923414.0,0.083,7.21
120093.0,-245.0,-4922436.0,0.475,7.45
120098.0,-168.0,-4921723.0,0.0,6.96
120103.0,238.0,-4920588.0,0.358,6.96
120110.0,-30.0,-4918642.0,0.4,7.45
120115.0,251.0,-4916688.0,0.0,6.72
120120.0,568.0,-4915867.0,0.358,7.21
120125.0,-256.0,-4914251.0,0.158,6.48
120131.0,92.0,-4912465.0,0.233,6.72
120136.0,487.0,-4912006.0,0.275,6.48
120141.0,65.0,-4910381.0,0.033,6.23
120147.0,-305.0,-4908657.0,0.267,6.48
120153.0,194.0,-4907109.0,0.342,6.48
120158.0,233.0,-4906184.0,0.042,6.72
120163.0,-61.0,-4904594.0,0.225,6.48
120169.0,89.0,-4902678.0,0.15,6.72
120173.0,466.0,-4901911.0,0.158,6.48
120179.0,296.0,-4900028.0,0.2,7.21
120184.0,534.0,-4898990.0,0.117,6.48
120190.0,136.0,-4897034.0,0.208,6.96
120196.0,363.0,-4896103.0,0.183,7.21
120201.0,63.0,-4894362.0,0.083,6.48
120206.0,123.0,-4892622.0,0.283,6.96
120211.0,178.0,-4891745.0,0.025,6.48
120216.0,119.0,-4890046.0,0.175,6.48
120222.0,145.0,-4888412.0,0.183,6.96
120226.0,38.0,-4887545.0,0.125,6.96
120232.0,452.0,-4885702.0,0.042,6.48
120238.0,188.0,-4884230.0,0.142,6.23
120244.0,-136.0,-4882482.0,0.192,6.23
120249.0,315.0,-4881569.0,0.183,6.48
120254.0,659.0,-4880616.0,0.158,6.96
120259.0,445.0,-4878100.0,0.192,6.48
120264.0,502.0,-4877533.0,0.15,6.48
120269.0,509.0,-4876154.0,0.175,6.72
120275.0,17.0,-4874062.0,-0.8,6.72
120280.0,304.0,-4871831.0,0.708,7.21
120285.0,566.0,-4863450.0,0.667,6.96
120291.0,-394.0,-4855086.0,-1.233,6.96
120296.0,-53.0,-4850747.0,0.242,6.23
120301.0,432.0,-4840666.0,0.317,6.72
120306.0,370.0,-4829912.0,-0.117,5.99
120311.0,395.0,-4825585.0,0.4,6.48
120316.0,274.0,-4815212.0,0.233,6.23
120322.0,454.0,-4804580.0,-0.333,6.72
120327.0,433.0,-4799061.0,-0.133,6.72
120332.0,207.0,-4787662.0,0.333,5.99
120338.0,415.0,-4777644.0,0.225,6.48
120344.0,253.0,-4766662.0,-0.442,6.48
120348.0,322.0,-4761007.0,-0.5,5.99
120354.0,498.0,-4750469.0,0.558,6.48
120360.0,282.0,-4739885.0,-0.125,5.99
120366.0,362.0,-4728531.0,-0.367,5.74
120371.0,11.0,-4723306.0,0.075,6.48
120376.0,94.0,-4712639.0,-0.233,6.72
120381.0,24.0,-4700955.0,0.083,5.25
120386.0,197.0,-4695478.0,-0.125,5.99
120392.0,221.0,-4684902.0,-0.458,5.99
120397.0,589.0,-4673322.0,-0.092,6.48
120403.0,9.0,-4662470.0,0.058,5.74
120409.0,-148.0,-4657047.0,-0.05,6.23
120414.0,188.0,-4645406.0,-0.533,8.19
120420.0,196.0,-4634152.0,-0.05,5.74
120425.0,258.0,-4623400.0,0.242,5.99
120430.0,-61.0,-4617425.0,-0.325,5.99
120436.0,103.0,-4605689.0,0.125,6.48
120441.0,321.0,-4594733.0,-0.092,6.48
120448.0,401.0,-4583023.0,-0.433,6.48
120453.0,148.0,-4577172.0,0.467,5.99
120457.0,399.0,-4565859.0,-0.1,6.48
120463.0,-277.0,-4554231.0,-0.4,5.99
120468.0,-68.0,-4548520.0,0.233,5.74
120473.0,446.0,-4537538.0,0.083,6.48
120479.0,162.0,-4526478.0,-0.333,5.99
120485.0,230.0,-4515012.0,0.075,6.23
120489.0,237.0,-4509311.0,0.233,5.99
120495.0,32.0,-4498048.0,-0.35,5.5
120501.0,288.0,-4486324.0,0.167,6.23
120505.0,311.0,-4480561.0,-0.442,6.48
120511.0,702.0,-4468731.0,-0.342,5.99
120516.0,98.0,-4457109.0,0.167,5.99
120521.0,58.0,-4451234.0,-0.2,6.23
120526.0,261.0,-4439741.0,0.15,5.74
120532.0,-83.0,-4428249.0,-0.158,5.74
120538.0,237.0,-4416121.0,-0.483,5.74
120543.0,374.0,-4410154.0,0.5,5.74
120548.0,65.0,-4398612.0,-0.525,5.99
120554.0,457.0,-4385948.0,-0.408,5.99
120559.0,-31.0,-4379903.0,0.383,6.96
120564.0,176.0,-4368518.0,-0.533,5.74
120570.0,-158.0,-4356562.0,-0.083,5.74
120576.0,-224.0,-4344058.0,-0.058,5.74
120581.0,-27.0,-4338327.0,-0.2,5.74
120586.0,594.0,-4326937.0,0.233,5.99
120592.0,-20.0,-4314791.0,-0.533,5.99
120597.0,-134.0,-4308934.0,-0.142,5.74
120602.0,423.0,-4297193.0,0.125,5.74
120607.0,53.0,-4284969.0,-0.55,5.74
120613.0,-79.0,-4272513.0,0.417,5.74
120619.0,294.0,-4266382.0,-0.225,6.48
120624.0,495.0,-4254740.0,-0.4,5.74
120629.0,-35.0,-4241934.0,-0.042,5.99
120635.0,267.0,-4235485.0,-0.4,6.48
120639.0,-144.0,-4223662.0,-0.017,5.74
120645.0,-16.0,-4210606.0,-0.367,5.99
120651.0,324.0,-4198460.0,-0.192,5.5
120655.0,293.0,-4192271.0,0.033,5.74
120660.0,8.0,-4179405.0,-0.767,6.23
120667.0,248.0,-4166459.0,0.108,5.74
120672.0,-206.0,-4160594.0,-0.15,6.23
120677.0,-1.0,-4148033.0,-0.842,5.74
120683.0,269.0,-4134319.0,0.217,5.99
120688.0,-31.0,-4122111.0,-0.483,5.5
120693.0,174.0,-4115706.0,-0.517,5.74
120698.0,391.0,-4102446.0,0.417,6.23
120705.0,263.0,-4090042.0,-0.433,6.23
120710.0,79.0,-4083429.0,-0.083,5.74
120715.0,340.0,-4070534.0,-0.167,5.5
120720.0,312.0,-4057980.0,-0.358,6.48
120725.0,184.0,-4052035.0,0.292,5.74
120730.0,527.0,-4038404.0,-0.575,5.74
120736.0,69.0,-4025806.0,-0.167,5.74
120741.0,463.0,-4012384.0,0.025,5.74
120748.0,541.0,-4005469.0,-0.65,5.74
120752.0,422.0,-3991660.0,0.242,5.99
120758.0,148.0,-3978854.0,-0.317,5.99
120764.0,642.0,-3964880.0,-0.808,5.5
120769.0,418.0,-3957819.0,0.233,5.74
120774.0,625.0,-3944658.0,-0.292,5.74
120779.0,141.0,-3930850.0,-0.717,5.5
120785.0,181.0,-3923915.0,-0.225,5.74
120790.0,428.0,-3909700.0,-0.025,5.5
120796.0,190.0,-3896652.0,-0.717,6.48
120802.0,108.0,-3881972.0,-0.217,5.5
120807.0,42.0,-3875273.0,0.15,5.5
120811.0,79.0,-3862346.0,-0.758,5.74
120817.0,471.0,-3847602.0,-0.108,6.23
120822.0,-79.0,-3840493.0,-0.3,5.25
120827.0,10.0,-3827136.0,-0.483,5.5
120834.0,34.0,-3813282.0,-0.225,5.5
120839.0,286.0,-3806043.0,-0.7,5.5
120843.0,-59.0,-3792628.0,-0.133,5.74
120849.0,89.0,-3778424.0,-0.333,5.99
120855.0,549.0,-3764362.0,-0.458,5.5
120860.0,27.0,-3757423.0,0.042,5.5
120865.0,330.0,-3743602.0,-0.558,5.74
120870.0,136.0,-3728004.0,-0.2,5.74
120876.0,308.0,-3721095.0,0.167,5.5
120881.0,321.0,-3707252.0,-0.917,5.5
120887.0,641.0,-3692302.0,-0.333,5.74
120892.0,623.0,-3677500.0,-0.25,5.25
120898.0,419.0,-3671157.0,-0.8,5.5
120902.0,476.0,-3656306.0,0.008,5.5
120908.0,466.0,-3640668.0,-0.608,4.77
120913.0,98.0,-3633619.0,-0.458,4.52
120919.0,127.0,-3619356.0,-0.3,5.25
120925.0,69.0,-3603504.0,-0.7,5.5
120930.0,135.0,-3589250.0,0.242,5.25
120935.0,209.0,-3581969.0,-0.692,5.01
120940.0,242.0,-3566506.0,-0.783,5.25
120946.0,230.0,-3551460.0,0.583,5.74
120951.0,352.0,-3544851.0,-1.308,3.79
120956.0,133.0,-3529898.0,-0.042,5.5
120962.0,359.0,-3514342.0,-0.45,5.25
120968.0,563.0,-3500012.0,-1.017,5.5
120973.0,395.0,-3492427.0,0.267,5.25
120978.0,532.0,-3476138.0,-0.775,5.99
120983.0,296.0,-3461818.0,-0.267,5.25
120989.0,98.0,-3445580.0,0.067,5.25
120994.0,400.0,-3437291.0,-1.067,5.5
120999.0,225.0,-3422542.0,0.408,5.25
121006.0,519.0,-3406696.0,-0.425,5.25
121011.0,221.0,-3398305.0,-1.083,5.01
121016.0,256.0,-3381738.0,0.417,5.01
121021.0,176.0,-3367040.0,-1.042,5.74
121027.0,44.0,-3350032.0,-0.383,5.01
121032.0,252.0,-3341293.0,0.0,5.01
121037.0,193.0,-3326764.0,-0.917,5.01
121042.0,75.0,-3309876.0,-0.125,5.25
121049.0,401.0,-3301059.0,-0.708,5.01
121053.0,122.0,-3286006.0,0.05,5.74
121059.0,92.0,-3270058.0,-0.625,5.01
121064.0,76.0,-3261503.0,-0.7,5.5
121069.0,125.0,-3245366.0,0.042,5.01
121074.0,538.0,-3229710.0,-0.9,5.25
121079.0,190.0,-3221407.0,-0.733,5.25
121084.0,101.0,-3204666.0,-0.333,5.74
121091.0,269.0,-3189076.0,-0.867,5.01
121096.0,121.0,-3180917.0,-0.475,5.01
121101.0,309.0,-3163322.0,-0.558,5.01
121106.0,106.0,-3147490.0,-0.667,5.01
121112.0,184.0,-3129838.0,-0.483,5.74
121117.0,410.0,-3121145.0,-0.575,4.77
121122.0,261.0,-3104170.0,-0.4,4.77
121127.0,198.0,-3087864.0,-0.933,5.01
121133.0,248.0,-3078695.0,-0.783,4.77
121138.0,-11.0,-3061850.0,-0.542,5.5
121143.0,-135.0,-3045244.0,-0.5,5.01
121149.0,181.0,-3035983.0,-0.967,4.77
121153.0,384.0,-3017530.0,-0.233,5.01
121159.0,-103.0,-3001132.0,-0.933,5.25
