time_ms,p1,p2,f3,f4
19826.0,292.0,225195.0,0.025,6.23
19831.0,17.0,225267.0,0.083,6.48
19835.0,-98.0,225332.0,0.042,6.96
19842.0,154.0,225460.0,0.008,6.23
19847.0,243.0,225248.0,0.017,6.48
19851.0,-142.0,225343.0,0.008,6.72
19857.0,-314.0,225211.0,0.117,6.96
19862.0,-339.0,225275.0,0.142,6.72
19867.0,250.0,225322.0,0.083,6.23
19872.0,-326.0,225498.0,0.108,6.48
19877.0,-133.0,225438.0,0.025,6.48
19883.0,126.0,225445.0,-0.017,6.96
19889.0,-288.0,225125.0,0.1,6.48
19894.0,-167.0,225569.0,0.133,6.23
19898.0,34.0,225252.0,-0.067,6.48
19903.0,19.0,225086.0,0.033,6.23
19908.0,-138.0,225163.0,0.1,6.96
19913.0,-210.0,225260.0,0.067,6.72
19918.0,29.0,224936.0,0.108,6.48
19923.0,-71.0,225009.0,0.1,6.72
19929.0,-153.0,225358.0,0.083,6.48
19934.0,-148.0,225326.0,0.042,6.48
19939.0,346.0,224855.0,0.092,6.72
19944.0,4.0,225200.0,-0.058,6.96
19949.0,-177.0,225471.0,0.033,6.48
19954.0,53.0,224884.0,0.142,6.48
19959.0,-142.0,225134.0,0.092,6.48
19964.0,-127.0,225533.0,0.067,6.48
19970.0,-269.0,225597.0,0.008,6.23
19975.0,-256.0,225073.0,0.117,6.48
19980.0,-81.0,225240.0,0.05,6.23
19986.0,-29.0,225014.0,0.025,6.23
19991.0,-48.0,225530.0,0.017,7.21
19995.0,351.0,225671.0,0.033,6.48
20001.0,-129.0,225269.0,-0.017,6.23
20006.0,-256.0,225531.0,0.117,6.48
20012.0,21.0,225184.0,0.092,6.23
20017.0,153.0,225366.0,0.067,6.23
20022.0,-22.0,225666.0,0.092,6.48
20027.0,-331.0,225485.0,0.025,6.48
20032.0,219.0,225369.0,0.117,6.23
20037.0,54.0,225109.0,0.042,6.96
20042.0,-431.0,225164.0,0.05,6.48
20047.0,-225.0,225402.0,0.05,6.96
20052.0,-286.0,225601.0,-0.008,7.21
20058.0,-70.0,225794.0,-0.008,6.48
20064.0,-100.0,225282.0,0.083,6.48
20068.0,-19.0,225489.0,0.008,6.96
20073.0,47.0,225450.0,0.167,6.48
20078.0,-76.0,225412.0,0.1,6.72
20083.0,297.0,225055.0,0.092,6.48
20089.0,-101.0,225351.0,0.067,6.72
20094.0,-270.0,225485.0,0.058,6.48
20099.0,111.0,225392.0,0.05,7.21
20105.0,-191.0,225766.0,0.017,6.96
20110.0,-164.0,225806.0,-0.042,6.48
20115.0,-431.0,225663.0,0.0,6.96
20120.0,59.0,225421.0,0.033,6.48
20125.0,-148.0,225489.0,-0.033,7.21
20130.0,-129.0,225658.0,-0.008,6.48
20135.0,-93.0,225336.0,0.125,6.23
20141.0,114.0,225434.0,0.1,6.96
20146.0,-207.0,225663.0,0.125,6.23
20152.0,11.0,225675.0,0.05,6.23
20156.0,6.0,225384.0,0.092,6.72
20161.0,-316.0,225599.0,0.042,6.48
20167.0,-92.0,225485.0,0.05,6.48
20171.0,19.0,225478.0,0.075,6.48
20176.0,-91.0,225709.0,0.067,6.72
20183.0,-225.0,225285.0,0.075,6.96
20187.0,-284.0,225268.0,0.042,6.48
20193.0,-386.0,225573.0,0.075,6.23
20198.0,202.0,225613.0,0.008,6.48
20203.0,-107.0,225636.0,0.042,7.21
20208.0,-547.0,225629.0,0.033,6.48
20213.0,183.0,225585.0,0.067,6.72
20218.0,284.0,225304.0,0.067,6.23
20224.0,-144.0,225447.0,0.075,6.48
20230.0,-28.0,225487.0,0.058,6.96
20234.0,-213.0,225684.0,-0.025,6.23
20239.0,-337.0,225761.0,0.025,6.48
20245.0,-157.0,225831.0,0.058,6.48
20250.0,54.0,225470.0,0.05,6.48
20255.0,-34.0,225325.0,0.067,6.96
20260.0,-251.0,225355.0,0.092,6.72
20264.0,-328.0,225278.0,0.108,6.96
20271.0,-162.0,225494.0,0.067,6.96
20276.0,-79.0,225484.0,0.092,6.48
20281.0,-320.0,225195.0,-0.008,6.23
20286.0,-82.0,225319.0,0.125,6.72
20291.0,-105.0,225488.0,0.075,6.23
20296.0,-301.0,225627.0,0.108,6.48
20301.0,103.0,225679.0,0.033,6.23
20306.0,-50.0,225714.0,0.058,6.23
20312.0,-28.0,225487.0,0.05,6.48
20317.0,-204.0,225451.0,0.067,6.48
20322.0,-159.0,225362.0,0.083,6.23
20327.0,-177.0,225523.0,0.125,7.21
20333.0,-83.0,225289.0,0.05,6.48
20337.0,-84.0,225340.0,0.033,6.23
20342.0,-198.0,225631.0,0.192,7.21
20348.0,-182.0,225391.0,0.083,6.23
20354.0,-167.0,225508.0,0.075,6.96
20359.0,-27.0,225253.0,0.067,6.23
20364.0,-99.0,225509.0,0.083,6.96
20369.0,-68.0,225650.0,0.033,6.48
20374.0,-214.0,225598.0,0.058,6.23
20380.0,-64.0,225324.0,0.1,6.48
20384.0,157.0,225425.0,0.108,6.48
20389.0,45.0,225564.0,0.05,6.48
20396.0,133.0,225384.0,0.117,6.48
20401.0,244.0,225217.0,0.05,6.48
20406.0,-12.0,225530.0,0.167,6.23
20411.0,-394.0,225542.0,0.117,6.23
20416.0,-109.0,225319.0,0.117,6.48
20421.0,-373.0,225652.0,0.075,6.72
20426.0,-5.0,225576.0,0.05,6.23
20431.0,-120.0,225401.0,0.158,6.48
20436.0,-30.0,225324.0,0.0,6.48
20442.0,-748.0,225554.0,0.05,6.23
20447.0,-459.0,225597.0,0.05,6.96
20453.0,-85.0,225089.0,0.033,6.23
20458.0,-435.0,225513.0,0.05,6.23
20463.0,-568.0,225524.0,0.033,6.72
20467.0,117.0,225509.0,-0.008,6.48
20473.0,-177.0,225413.0,0.142,6.48
20478.0,-262.0,225498.0,0.0,6.23
20484.0,64.0,225734.0,0.025,6.48
20490.0,-2.0,225550.0,0.092,6.48
20494.0,-263.0,225543.0,0.158,7.21
20499.0,83.0,225428.0,0.142,7.21
20505.0,-275.0,225490.0,0.042,7.7
20509.0,-302.0,225359.0,0.025,6.23
20515.0,-76.0,225547.0,0.025,6.48
20520.0,-242.0,225509.0,0.058,6.96
20527.0,-160.0,225733.0,0.083,6.72
20532.0,-137.0,225638.0,0.083,6.72
20537.0,43.0,225680.0,0.017,6.23
20543.0,-327.0,225462.0,-0.033,6.23
20547.0,-122.0,225293.0,0.108,7.21
20552.0,57.0,225540.0,0.017,6.96
20557.0,-77.0,225420.0,0.042,6.96
20562.0,292.0,225437.0,0.058,6.96
20569.0,-146.0,225297.0,0.008,6.48
20574.0,-162.0,225825.0,0.033,7.21
20579.0,-251.0,225754.0,0.083,6.48
20584.0,-17.0,225452.0,0.067,6.48
20590.0,-157.0,225792.0,-0.033,6.48
20595.0,351.0,226012.0,0.0,6.48
20600.0,-148.0,225639.0,0.025,6.96
20605.0,-280.0,225969.0,0.1,6.48
20612.0,-8.0,225657.0,0.008,6.72
20617.0,171.0,225498.0,0.2,6.23
20622.0,-22.0,225398.0,0.042,6.23
20627.0,-454.0,225652.0,0.125,6.23
20632.0,-383.0,225661.0,0.117,6.23
20637.0,-190.0,225515.0,0.067,6.23
20642.0,-420.0,225551.0,-0.008,6.48
20647.0,-391.0,225556.0,0.075,6.72
20653.0,-94.0,225842.0,0.05,6.48
20659.0,-254.0,225484.0,-0.033,6.48
20663.0,-17.0,225817.0,0.017,6.72
20669.0,-95.0,225355.0,0.058,6.23
20674.0,321.0,225913.0,0.033,6.96
20680.0,-279.0,225667.0,0.025,6.48
20684.0,-58.0,225516.0,0.092,6.48
20690.0,-312.0,225854.0,0.0,6.48
20696.0,102.0,225468.0,0.042,6.48
20701.0,229.0,225283.0,0.142,6.96
20706.0,62.0,225891.0,0.133,7.21
20712.0,160.0,225719.0,0.025,6.96
20716.0,245.0,225536.0,0.058,6.23
20721.0,142.0,225468.0,0.05,5.99
20727.0,196.0,225880.0,0.108,6.48
20732.0,127.0,225601.0,0.05,6.48
20738.0,80.0,225613.0,0.0,6.48
20743.0,158.0,225651.0,0.133,6.48
20748.0,83.0,225608.0,0.092,6.48
20753.0,55.0,225424.0,0.008,6.48
20759.0,-123.0,225642.0,0.033,6.48
20764.0,117.0,225685.0,0.05,6.48
20768.0,212.0,225442.0,0.083,6.48
20774.0,-62.0,225820.0,0.1,6.96
20780.0,92.0,225785.0,0.083,6.48
20785.0,169.0,225468.0,0.133,6.96
20790.0,-307.0,225692.0,0.058,6.48
20795.0,-187.0,225531.0,0.0,7.21
20800.0,-272.0,225792.0,0.008,6.23
20805.0,-44.0,225538.0,-0.008,6.23
20810.0,-265.0,225317.0,0.133,6.48
20815.0,26.0,225513.0,0.008,6.48
20822.0,-32.0,225397.0,0.083,6.96
20826.0,-235.0,225836.0,-0.058,6.48
20832.0,-111.0,225730.0,0.117,6.48
20837.0,-119.0,225894.0,0.058,5.5
20842.0,237.0,226013.0,0.05,6.48
20847.0,24.0,225270.0,0.058,6.23
20852.0,42.0,226070.0,0.0,6.48
20857.0,-286.0,225849.0,0.133,6.23
20862.0,-287.0,225448.0,0.075,6.48
20869.0,-339.0,225744.0,0.0,6.96
20874.0,139.0,225589.0,0.067,6.23
20878.0,-270.0,225864.0,-0.008,6.48
20884.0,142.0,225722.0,0.008,6.23
20889.0,56.0,225811.0,0.092,6.23
20894.0,-137.0,225660.0,0.058,6.48
20899.0,-369.0,225490.0,0.067,6.23
20904.0,21.0,225733.0,0.025,6.48
20910.0,-54.0,225918.0,0.067,6.23
20915.0,2.0,225574.0,0.05,6.48
20920.0,-101.0,225705.0,0.017,6.23
20925.0,-367.0,225861.0,0.025,6.48
20931.0,209.0,225789.0,0.075,6.72
20936.0,-239.0,225680.0,-0.008,6.23
20941.0,-534.0,226021.0,0.092,6.48
20946.0,-224.0,225595.0,0.025,6.72
20952.0,-90.0,225890.0,0.033,6.23
20957.0,-335.0,225479.0,0.008,6.96
20962.0,-235.0,225735.0,0.075,6.72
20967.0,-63.0,225990.0,0.0,6.48
20972.0,-148.0,225451.0,-0.025,6.48
20978.0,-374.0,225995.0,0.117,6.48
20983.0,222.0,225824.0,0.1,6.48
20987.0,-319.0,225405.0,0.05,6.23
20994.0,11.0,225895.0,0.042,6.48
20999.0,115.0,225626.0,0.033,6.23
21004.0,268.0,225578.0,-0.033,6.48
21010.0,-242.0,225812.0,0.058,6.96
21015.0,44.0,225689.0,0.108,6.23
21019.0,-155.0,225692.0,0.025,6.23
21025.0,197.0,226068.0,-0.017,6.48
21030.0,-135.0,225875.0,0.008,6.48
21035.0,-336.0,225726.0,0.058,6.96
21041.0,190.0,225988.0,0.067,6.23
21046.0,-218.0,225933.0,0.025,6.23
21051.0,67.0,226006.0,0.133,6.96
21056.0,-123.0,225710.0,-0.042,6.48
21061.0,95.0,225833.0,-0.075,6.23
21066.0,194.0,225830.0,-0.017,6.23
21071.0,-100.0,225932.0,0.058,6.48
21076.0,50.0,226135.0,0.242,6.23
21082.0,37.0,225838.0,0.425,6.72
21087.0,167.0,225811.0,-0.417,6.96
21092.0,-142.0,225850.0,0.008,6.96
21097.0,502.0,226342.0,0.242,6.48
21102.0,46.0,225955.0,0.033,7.21
21107.0,-409.0,225964.0,0.017,6.96
21113.0,-37.0,226090.0,0.167,6.23
21118.0,-317.0,225987.0,0.083,6.72
21123.0,-322.0,226268.0,-0.15,6.72
21129.0,-376.0,225820.0,0.2,6.48
21134.0,26.0,225775.0,-0.033,6.23
21138.0,-89.0,225798.0,0.042,6.48
21144.0,-111.0,226088.0,0.092,6.23
21149.0,-15.0,225785.0,0.05,6.96
21154.0,30.0,225504.0,0.058,6.96
21159.0,-338.0,225922.0,0.083,6.48
21165.0,240.0,225925.0,0.158,6.23
21170.0,55.0,225966.0,0.108,6.23
21175.0,-231.0,225912.0,0.017,6.96
21180.0,247.0,225883.0,0.1,6.48
21185.0,258.0,225960.0,0.067,6.23
21191.0,-24.0,225660.0,0.008,6.48
21196.0,-192.0,225495.0,0.1,6.48
21201.0,209.0,225569.0,0.0,6.96
21207.0,-207.0,225659.0,0.042,6.48
21212.0,-349.0,225676.0,0.125,6.23
21217.0,-86.0,225781.0,0.025,6.48
21222.0,26.0,225925.0,0.067,6.48
21227.0,-158.0,225626.0,0.117,7.21
21232.0,-241.0,225737.0,-0.058,6.48
21238.0,17.0,225907.0,0.042,6.23
21243.0,95.0,225844.0,0.083,6.23
21248.0,232.0,226209.0,0.033,7.21
21254.0,-394.0,225815.0,0.017,6.48
21259.0,-208.0,226068.0,0.075,6.72
21264.0,-151.0,226241.0,0.058,6.72
21269.0,-293.0,225627.0,-0.058,6.48
21274.0,-393.0,225648.0,0.017,6.48
21279.0,-64.0,225715.0,0.067,6.48
21284.0,34.0,225569.0,0.025,6.48
21289.0,-126.0,225530.0,-0.017,6.48
21296.0,217.0,225766.0,0.092,6.96
21300.0,300.0,225591.0,0.142,6.72
21305.0,-400.0,225600.0,0.083,7.94
21310.0,-1.0,225730.0,0.108,6.48
21315.0,65.0,225565.0,-0.025,6.72
21320.0,-320.0,225722.0,0.183,6.48
21325.0,-529.0,225561.0,0.008,6.23
21330.0,219.0,225312.0,0.008,6.23
21336.0,136.0,225222.0,0.083,6.72
21341.0,-246.0,225319.0,0.083,7.45
21346.0,90.0,225572.0,0.183,6.23
21351.0,367.0,225484.0,0.067,6.48
21356.0,-349.0,225201.0,0.133,6.48
21361.0,-103.0,225692.0,0.133,6.72
21366.0,-20.0,225608.0,0.033,6.23
21371.0,46.0,225407.0,-0.075,6.23
21377.0,-215.0,225798.0,0.1,6.23
21382.0,-454.0,225499.0,0.058,6.48
21387.0,-238.0,225592.0,-0.05,6.48
21392.0,-437.0,225766.0,0.158,6.72
21397.0,-483.0,225843.0,0.1,6.96
21402.0,53.0,225964.0,0.033,6.48
21407.0,68.0,225612.0,0.033,6.48
21412.0,-204.0,225731.0,0.042,8.92
21417.0,269.0,226192.0,0.008,6.23
21422.0,130.0,225711.0,0.075,6.96
21427.0,-376.0,225630.0,0.067,7.21
21433.0,-315.0,225972.0,0.1,6.48
21438.0,-361.0,226171.0,0.0,6.48
21443.0,-207.0,225622.0,0.025,6.23
21448.0,-16.0,226166.0,0.108,6.96
21453.0,-248.0,226011.0,0.1,6.48
21457.0,127.0,225786.0,0.033,6.23
21463.0,-486.0,225967.0,0.05,6.23
21468.0,-232.0,226554.0,0.042,6.96
21473.0,-77.0,226160.0,0.058,6.48
21478.0,-45.0,226399.0,-0.042,6.48
21483.0,-427.0,226514.0,0.092,6.48
21488.0,-238.0,226374.0,0.167,6.48
21494.0,-2.0,226307.0,0.033,6.96
21498.0,-9.0,226518.0,0.175,6.96
21504.0,-77.0,226635.0,0.183,6.72
21509.0,-187.0,226294.0,0.183,6.72
21514.0,-32.0,225978.0,0.575,6.23
21519.0,310.0,226335.0,-0.642,6.96
21524.0,-198.0,226114.0,-0.3,6.72
21529.0,31.0,225872.0,0.258,6.48
21535.0,-37.0,225967.0,0.083,6.48
21540.0,-113.0,226042.0,0.075,6.48
21545.0,-258.0,225658.0,0.383,6.48
21551.0,-94.0,225147.0,0.092,6.48
21556.0,-98.0,225798.0,-0.458,6.96
21561.0,-111.0,225840.0,0.325,6.23
21566.0,-5.0,226061.0,-0.033,6.23
21571.0,19.0,225950.0,-0.117,6.23
21576.0,144.0,226036.0,0.275,6.72
21581.0,-174.0,225709.0,-0.158,6.48
21586.0,180.0,225468.0,0.033,6.48
21592.0,-77.0,225832.0,0.2,6.23
21597.0,31.0,225785.0,-0.125,6.23
21602.0,108.0,225105.0,0.133,6.48
21607.0,119.0,225174.0,-0.017,6.48
21612.0,125.0,224993.0,-0.133,6.23
21617.0,-74.0,225411.0,0.033,6.96
21622.0,307.0,224992.0,-0.1,6.48
21627.0,-347.0,224926.0,0.033,6.48
21633.0,-338.0,225292.0,0.175,6.96
21638.0,-335.0,225471.0,0.058,6.72
21644.0,163.0,225565.0,0.125,6.23
21649.0,248.0,225177.0,0.017,6.48
21653.0,79.0,225272.0,-0.033,6.48
21658.0,-242.0,225542.0,0.033,7.21
21663.0,77.0,225515.0,-0.058,6.48
21668.0,-227.0,225138.0,-0.033,6.23
21673.0,-218.0,225064.0,-0.067,6.48
21679.0,59.0,225327.0,-0.025,6.48
21684.0,-191.0,225205.0,0.033,6.48
21689.0,-42.0,225311.0,0.133,7.7
21694.0,-49.0,225186.0,0.017,6.96
21699.0,-100.0,225094.0,0.075,7.45
21704.0,-21.0,225347.0,0.117,6.23
21709.0,-75.0,225036.0,0.042,6.48
21714.0,54.0,224636.0,0.008,6.48
21720.0,-172.0,224761.0,-0.008,6.48
21725.0,-220.0,224744.0,-0.025,6.48
21730.0,-37.0,225340.0,0.042,6.23
21735.0,-97.0,225389.0,-0.05,6.23
21740.0,-159.0,225654.0,-0.058,6.48
21745.0,-338.0,225592.0,0.017,6.48
21750.0,284.0,225741.0,-0.1,6.96
21755.0,210.0,225650.0,0.05,6.72
21762.0,-95.0,225956.0,-0.058,6.48
21767.0,175.0,226095.0,0.033,6.48
21772.0,-275.0,225881.0,0.033,6.72
21777.0,-346.0,225485.0,-0.033,6.23
21782.0,-237.0,225490.0,-0.025,6.72
21787.0,-209.0,225200.0,0.008,6.48
21793.0,-222.0,225420.0,0.067,6.96
21797.0,73.0,225041.0,0.183,6.96
21804.0,-163.0,225227.0,0.133,6.72
21809.0,-360.0,225007.0,-0.025,6.72
21813.0,-133.0,225160.0,0.058,6.48
21819.0,47.0,224886.0,-0.025,6.96
21824.0,-142.0,225212.0,0.017,6.23
21829.0,143.0,225307.0,0.075,6.48
21834.0,-67.0,225229.0,-0.058,6.48
21839.0,158.0,225031.0,0.025,6.48
21844.0,-85.0,225292.0,0.033,6.48
21850.0,17.0,225352.0,-0.05,6.48
21855.0,118.0,225558.0,0.058,6.48
21860.0,171.0,225561.0,0.025,6.48
21866.0,89.0,225709.0,0.083,6.48
21871.0,196.0,225947.0,0.125,6.72
21876.0,-286.0,226202.0,-0.033,6.96
21881.0,60.0,226229.0,0.042,6.48
21885.0,205.0,224672.0,0.075,6.96
21891.0,-353.0,225245.0,0.033,6.48
21897.0,-368.0,225043.0,-0.017,6.23
21901.0,245.0,225194.0,0.1,6.48
21906.0,-151.0,225483.0,0.167,6.23
21911.0,-282.0,226033.0,0.025,6.48
21916.0,-287.0,226160.0,-0.1,6.96
21922.0,-119.0,226612.0,0.242,6.23
21927.0,174.0,225986.0,-0.108,6.48
21932.0,-75.0,226089.0,-0.125,6.48
21938.0,237.0,226229.0,0.117,6.23
21943.0,88.0,225980.0,-0.208,5.25
21948.0,-432.0,225963.0,0.117,6.23
21953.0,94.0,225513.0,0.3,6.48
21958.0,-99.0,225718.0,-0.175,6.23
21963.0,-199.0,225837.0,-0.017,6.23
21968.0,-28.0,225865.0,0.067,6.48
21972.0,-45.0,225694.0,-0.092,6.72
21979.0,51.0,225496.0,0.258,6.72
21984.0,-60.0,225864.0,0.108,6.23
21989.0,-5.0,225995.0,-0.233,6.72
21994.0,-63.0,226023.0,-0.083,6.23
21999.0,-294.0,226247.0,0.0,6.96
22004.0,-293.0,226212.0,0.025,6.48
22009.0,103.0,226376.0,0.125,6.23
22014.0,158.0,226503.0,0.033,6.96
22020.0,-162.0,226140.0,0.05,6.48
22026.0,-354.0,225968.0,-0.092,6.96
22030.0,-173.0,226017.0,0.05,6.48
22035.0,21.0,225814.0,0.058,6.48
22041.0,-157.0,225392.0,0.125,6.48
22045.0,-2.0,225465.0,0.083,6.23
22050.0,154.0,225024.0,0.142,6.48
22056.0,-322.0,224974.0,0.017,6.48
22062.0,-137.0,224757.0,0.1,7.21
22067.0,221.0,224724.0,0.083,6.48
22072.0,43.0,224886.0,0.05,6.96
22077.0,-142.0,225109.0,-0.017,6.23
22082.0,-78.0,224998.0,-0.008,6.48
22087.0,45.0,224958.0,-0.1,6.23
22092.0,-194.0,225063.0,-0.025,6.48
22097.0,-168.0,225353.0,-0.033,6.48
22103.0,-1.0,224769.0,0.192,6.96
22108.0,252.0,224618.0,0.017,6.23
22113.0,56.0,224730.0,-0.108,6.96
22118.0,345.0,225114.0,0.183,6.72
22123.0,-190.0,224843.0,0.1,6.96
22129.0,-310.0,225075.0,0.233,6.48
22133.0,-99.0,224838.0,0.05,6.48
22138.0,-117.0,224653.0,0.1,6.48
22145.0,503.0,224489.0,-0.008,6.48
22149.0,206.0,224218.0,-0.108,6.48
22154.0,-264.0,224445.0,0.0,6.48
22160.0,-120.0,224257.0,0.008,6.96
22165.0,-53.0,224442.0,-0.075,6.72
22170.0,-17.0,224237.0,-0.092,6.23
22175.0,23.0,224223.0,0.067,6.72
22180.0,60.0,224088.0,-0.133,7.45
22185.0,-34.0,224067.0,0.025,7.21
22191.0,-216.0,224249.0,0.108,6.48
22196.0,-97.0,224448.0,0.05,6.72
22201.0,-191.0,224169.0,0.092,6.48
22206.0,-244.0,224261.0,0.083,6.23
22211.0,65.0,224382.0,-0.092,6.23
22216.0,-145.0,224340.0,0.017,6.23
22221.0,26.0,224789.0,-0.025,6.72
22225.0,-141.0,224954.0,0.1,6.48
22232.0,271.0,225240.0,0.1,6.48
22237.0,126.0,225295.0,-0.025,6.23
22242.0,-700.0,225404.0,0.017,6.23
22247.0,338.0,226100.0,-0.108,6.23
22252.0,155.0,226027.0,0.0,6.48
22257.0,-155.0,226443.0,-0.058,6.23
22263.0,-41.0,226409.0,0.067,6.23
22268.0,168.0,226410.0,0.017,6.72
22274.0,-226.0,226219.0,-0.008,6.48
22279.0,116.0,226395.0,0.058,6.48
22284.0,105.0,225942.0,-0.15,6.48
22289.0,-19.0,226079.0,0.092,6.96
22294.0,-97.0,226089.0,0.158,6.72
22299.0,-60.0,225954.0,-0.033,6.23
22304.0,-70.0,226177.0,0.2,8.68
22310.0,132.0,226013.0,0.125,5.74
22315.0,35.0,225994.0,0.092,6.23
22320.0,-39.0,225885.0,-0.133,6.72
22326.0,47.0,226149.0,0.192,6.48
22330.0,76.0,226068.0,-0.033,6.96
22336.0,72.0,226364.0,0.0,6.72
22341.0,170.0,226300.0,-0.05,6.48
22346.0,79.0,226453.0,-0.042,6.23
22351.0,-445.0,226526.0,0.067,6.48
22358.0,-387.0,226442.0,0.042,7.21
22362.0,-74.0,226747.0,-0.017,6.48
22367.0,50.0,226622.0,0.033,6.23
22373.0,-426.0,226872.0,0.05,6.48
22377.0,-163.0,226659.0,0.142,6.48
22382.0,215.0,226584.0,0.067,6.23
22388.0,91.0,226688.0,-0.075,6.96
22393.0,-46.0,226669.0,-0.058,6.96
22398.0,306.0,226271.0,-0.108,6.72
22405.0,38.0,226417.0,0.05,6.48
22410.0,186.0,226015.0,0.075,6.48
22415.0,-57.0,225500.0,0.058,7.21
22420.0,-263.0,225110.0,0.025,6.23
22426.0,-353.0,225152.0,-0.025,6.23
22430.0,-420.0,224605.0,-0.058,6.48
22436.0,194.0,224346.0,0.033,6.48
22441.0,-302.0,224082.0,0.058,6.48
22447.0,-57.0,223739.0,0.158,6.48
22452.0,-31.0,223536.0,0.108,6.72
22457.0,99.0,223590.0,-0.083,6.48
22462.0,0.0,223747.0,0.125,6.48
22467.0,-60.0,224113.0,0.042,6.72
22473.0,-210.0,224145.0,0.042,6.48
22477.0,-401.0,223934.0,-0.033,6.23
22482.0,-142.0,224001.0,-0.067,6.48
22489.0,0.0,224201.0,-0.142,6.48
22493.0,303.0,224464.0,-0.008,6.23
22499.0,-213.0,224368.0,0.0,6.96
22504.0,37.0,224358.0,0.05,6.23
22509.0,38.0,224687.0,0.042,7.21
22514.0,-432.0,225199.0,0.042,6.48
22520.0,-72.0,225813.0,-0.05,6.72
22525.0,108.0,225997.0,0.083,6.48
22531.0,-119.0,226262.0,0.05,6.72
22536.0,-77.0,226654.0,0.067,6.96
22542.0,-361.0,225956.0,-0.058,6.72
22547.0,-130.0,225821.0,0.067,6.48
22551.0,67.0,225792.0,0.133,6.48
22556.0,-1.0,225775.0,0.008,6.23
22561.0,50.0,225946.0,0.117,6.48
22566.0,20.0,225510.0,-0.033,6.48
22572.0,-13.0,225825.0,0.042,6.48
22577.0,-27.0,225801.0,0.133,6.23
22583.0,-63.0,225777.0,0.033,6.96
22588.0,-77.0,225597.0,0.1,6.48
22593.0,-222.0,225560.0,-0.017,5.5
22599.0,236.0,225932.0,0.042,6.48
22604.0,-42.0,225814.0,0.025,6.48
22609.0,-137.0,226059.0,-0.075,6.48
22615.0,-166.0,225941.0,0.033,6.48
22620.0,6.0,226089.0,0.042,6.96
22625.0,-101.0,226132.0,0.1,6.48
22630.0,-67.0,226046.0,0.025,6.48
22636.0,95.0,226214.0,-0.083,6.48
22641.0,-441.0,226028.0,-0.042,6.48
22646.0,-28.0,225865.0,0.033,6.48
22652.0,28.0,226099.0,0.008,6.23
22658.0,-12.0,225773.0,0.075,6.72
22663.0,-83.0,225546.0,0.033,6.72
22668.0,325.0,226058.0,0.033,6.96
22674.0,-1.0,225634.0,0.058,6.48
22679.0,233.0,225588.0,-0.058,6.23
22684.0,124.0,225485.0,0.008,6.23
22689.0,192.0,225513.0,0.05,6.48
22695.0,270.0,225519.0,0.033,7.21
22701.0,-216.0,225716.0,-0.067,6.48
22706.0,-27.0,225315.0,0.017,6.48
22711.0,51.0,225471.0,0.017,6.72
22716.0,-222.0,225778.0,0.0,6.72
22721.0,-187.0,225416.0,-0.083,6.48
22726.0,-1.0,225600.0,0.033,6.48
22731.0,200.0,225543.0,0.0,6.48
22736.0,-12.0,225271.0,0.025,6.48
22743.0,-510.0,225431.0,0.042,6.96
22748.0,-90.0,225512.0,0.033,6.48
22752.0,153.0,225635.0,0.05,6.23
22758.0,-149.0,225173.0,-0.042,6.48
22763.0,177.0,225104.0,0.067,6.48
22768.0,288.0,224813.0,0.125,6.48
22773.0,158.0,225167.0,0.017,6.72
22778.0,178.0,225246.0,-0.008,6.48
22784.0,411.0,225089.0,0.067,6.23
22790.0,-221.0,225099.0,-0.042,6.48
22795.0,-193.0,225158.0,0.025,6.48
22799.0,12.0,225455.0,0.0,6.48
22805.0,74.0,225639.0,0.0,6.23
22809.0,-107.0,225766.0,0.042,7.21
22814.0,150.0,225778.0,0.042,6.48
22820.0,-274.0,225580.0,0.058,6.48
22825.0,51.0,225839.0,0.008,6.72
22831.0,-290.0,225333.0,0.017,6.48
22836.0,362.0,225879.0,0.025,7.21
22841.0,-217.0,226030.0,0.042,6.23
22846.0,-706.0,225350.0,0.042,6.48
22851.0,10.0,225426.0,0.017,6.23
22856.0,279.0,225393.0,0.092,6.48
22861.0,120.0,225519.0,-0.008,6.48
22866.0,-182.0,225326.0,0.058,6.48
22872.0,-199.0,225371.0,-0.025,6.96
22877.0,-115.0,225507.0,0.0,6.48
22882.0,189.0,225962.0,-0.008,6.96
22887.0,-120.0,225607.0,0.075,6.23
22893.0,124.0,225389.0,0.0,6.96
22898.0,-144.0,225740.0,0.075,5.74
22902.0,-237.0,225465.0,-0.042,6.96
22908.0,-153.0,225885.0,-0.067,6.48
22914.0,-31.0,225990.0,0.008,6.96
22919.0,-108.0,226057.0,0.142,6.96
22924.0,-284.0,226105.0,0.083,6.96
22929.0,-54.0,226328.0,0.0,6.48
22934.0,51.0,226167.0,0.017,6.48
22939.0,-239.0,225831.0,-0.058,6.48
22944.0,83.0,225652.0,-0.042,6.72
22949.0,94.0,225203.0,-0.008,6.48
22955.0,-138.0,225235.0,0.017,6.48
22960.0,-204.0,225338.0,0.025,6.48
22966.0,-195.0,226034.0,0.05,6.23
22971.0,395.0,225992.0,0.042,6.96
22976.0,163.0,225857.0,0.1,6.96
22981.0,394.0,225800.0,0.133,6.48
22986.0,36.0,225686.0,0.017,6.23
22991.0,160.0,225929.0,0.05,6.48
22996.0,375.0,226104.0,-0.092,6.72
23003.0,279.0,226170.0,0.05,6.23
23008.0,-55.0,226425.0,0.017,6.48
23012.0,68.0,226138.0,0.033,6.72
23018.0,-78.0,225466.0,0.142,6.48
23023.0,104.0,224943.0,-0.008,6.96
23027.0,279.0,224674.0,-0.033,6.23
23033.0,-123.0,225386.0,0.0,6.48
23038.0,-353.0,225437.0,0.083,6.48
23044.0,-54.0,225348.0,-0.008,6.48
23049.0,-78.0,225253.0,0.008,6.23
23053.0,-181.0,225106.0,0.117,6.48
23059.0,-55.0,225198.0,0.058,6.48
23064.0,-129.0,225269.0,0.033,6.96
23069.0,-210.0,225050.0,-0.033,6.23
23074.0,-36.0,225222.0,-0.033,6.72
23079.0,42.0,225193.0,0.033,6.48
23085.0,95.0,225236.0,0.025,6.96
23090.0,-267.0,225114.0,0.042,6.23
23095.0,383.0,225231.0,-0.108,6.96
23100.0,376.0,224950.0,-0.142,6.48
23106.0,-62.0,225236.0,-0.067,7.21
23111.0,-36.0,225055.0,-0.058,7.21
23115.0,301.0,224568.0,0.017,6.48
23121.0,483.0,225020.0,-0.042,6.48
23127.0,-135.0,225201.0,0.117,6.48
23132.0,-276.0,225150.0,0.075,6.96
23137.0,-294.0,224500.0,0.083,6.96
23142.0,-8.0,224569.0,0.042,6.96
23147.0,-27.0,224904.0,0.008,6.48
23152.0,-287.0,224460.0,0.033,6.48
23157.0,-151.0,224237.0,0.1,6.48
23162.0,106.0,224307.0,0.117,6.48
23169.0,143.0,224477.0,0.025,6.72
23174.0,-147.0,224294.0,-0.075,6.96
23179.0,-244.0,224072.0,-0.05,6.96
23184.0,-180.0,224460.0,-0.05,6.48
23189.0,-198.0,224643.0,-0.05,6.72
23194.0,-103.0,224316.0,0.083,6.96
23199.0,-119.0,224424.0,0.0,6.96
23205.0,-121.0,224433.0,0.033,6.23
23209.0,86.0,224458.0,-0.067,6.72
23216.0,-134.0,224126.0,0.133,6.72
23221.0,-134.0,224095.0,0.092,6.23
23225.0,31.0,224728.0,0.075,6.48
23231.0,-151.0,224372.0,-0.075,6.72
23236.0,43.0,224479.0,0.125,6.48
23241.0,26.0,224610.0,-0.008,6.72
23246.0,234.0,224848.0,-0.05,6.48
23251.0,182.0,224831.0,-0.042,6.23
23257.0,-305.0,224704.0,-0.05,6.23
23262.0,-229.0,224856.0,-0.017,6.48
23267.0,29.0,224675.0,0.133,6.96
23273.0,34.0,225181.0,0.133,4.77
23277.0,91.0,225248.0,0.083,6.96
23282.0,5.0,225293.0,0.05,6.48
23287.0,50.0,225319.0,0.067,6.23
23292.0,126.0,225304.0,-0.042,6.23
23298.0,193.0,225683.0,0.117,6.96
23302.0,-26.0,225510.0,-0.025,6.23
23308.0,60.0,225187.0,0.025,6.23
23313.0,-55.0,225601.0,0.125,6.23
23318.0,-53.0,225226.0,0.0,6.48
23322.0,-214.0,225015.0,0.017,6.23
23328.0,174.0,225777.0,0.133,6.96
23333.0,-38.0,225942.0,-0.017,6.48
23337.0,-31.0,226149.0,-0.042,6.48
23344.0,135.0,226435.0,0.008,6.48
23349.0,-103.0,226396.0,-0.05,6.23
23354.0,78.0,226492.0,-0.033,6.72
23359.0,143.0,226373.0,0.083,6.72
23364.0,-295.0,225906.0,-0.058,6.23
23369.0,-506.0,225442.0,-0.017,6.23
23374.0,-20.0,225131.0,0.15,6.23
23379.0,-34.0,224830.0,0.125,6.96
23385.0,159.0,224456.0,0.125,6.96
23390.0,61.0,224557.0,0.142,6.48
23395.0,109.0,224364.0,0.033,6.48
23400.0,132.0,224800.0,0.125,6.48
23405.0,-2.0,224721.0,0.033,6.48
23410.0,334.0,225512.0,0.0,6.48
23415.0,153.0,225712.0,0.0,6.96
23420.0,-1.0,225717.0,0.0,6.48
23426.0,70.0,225741.0,-0.058,6.48
23431.0,345.0,225568.0,0.008,6.23
23436.0,117.0,225603.0,-0.108,6.23
23441.0,14.0,225273.0,-0.017,6.23
23446.0,-34.0,225092.0,-0.008,6.96
23451.0,54.0,224567.0,0.083,6.23
23456.0,13.0,224523.0,0.083,6.23
23461.0,77.0,224608.0,0.117,6.72
23467.0,-275.0,224475.0,0.15,7.21
23472.0,-234.0,224435.0,0.15,6.48
23478.0,-262.0,224386.0,0.075,6.48
23483.0,240.0,225311.0,0.017,6.96
23488.0,203.0,225289.0,-0.1,7.21
23493.0,255.0,225342.0,-0.042,6.72
23498.0,-53.0,225531.0,-0.083,6.48
23503.0,-18.0,225428.0,-0.133,6.96
23508.0,68.0,225169.0,0.0,6.23
23514.0,9.0,225097.0,0.0,6.23
23519.0,131.0,225040.0,0.017,6.48
23524.0,67.0,224681.0,0.017,6.48
23529.0,318.0,224761.0,0.067,6.72
23534.0,148.0,224526.0,0.042,6.96
23539.0,-174.0,224413.0,0.075,6.48
23544.0,-31.0,224611.0,0.183,6.48
23549.0,149.0,224418.0,0.108,6.48
23555.0,-233.0,225267.0,0.15,6.48
23560.0,32.0,225429.0,-0.042,6.23
23565.0,102.0,225418.0,0.008,6.96
23570.0,-94.0,225615.0,-0.108,6.23
23575.0,-83.0,225638.0,-0.083,6.23
23580.0,-395.0,225015.0,-0.158,6.72
23585.0,-290.0,225043.0,-0.017,6.72
23590.0,-405.0,225160.0,-0.025,6.48
23596.0,7.0,224707.0,0.117,6.96
23601.0,296.0,224977.0,0.1,6.96
23606.0,116.0,224948.0,0.083,6.72
23611.0,82.0,225046.0,0.133,6.23
23617.0,163.0,225346.0,0.025,6.48
23621.0,174.0,225161.0,0.058,6.48
23627.0,218.0,225353.0,0.042,6.48
23632.0,121.0,225059.0,0.058,6.72
23636.0,-112.0,224902.0,-0.008,6.72
23643.0,-34.0,225382.0,-0.142,6.96
23648.0,-129.0,225496.0,0.033,6.48
23653.0,-136.0,225437.0,0.092,6.23
23658.0,110.0,225355.0,-0.008,6.23
23663.0,65.0,225433.0,0.125,6.96
23668.0,-39.0,224824.0,0.058,6.23
23673.0,11.0,224797.0,-0.1,6.72
23678.0,256.0,225218.0,0.017,6.23
23684.0,36.0,225465.0,0.133,6.72
23689.0,205.0,225399.0,0.05,6.48
23694.0,192.0,225124.0,0.05,6.48
23699.0,-174.0,224812.0,0.075,7.45
23704.0,-163.0,225066.0,0.0,6.48
23709.0,-334.0,224929.0,-0.108,6.23
23714.0,-44.0,224653.0,0.008,6.48
23719.0,-155.0,224539.0,0.067,6.23
23725.0,90.0,224966.0,0.067,6.96
23731.0,-164.0,224482.0,0.008,6.48
23736.0,-147.0,224330.0,-0.042,6.23
23740.0,-84.0,224413.0,-0.142,6.48
23746.0,258.0,224235.0,-0.008,6.96
23751.0,-215.0,224429.0,0.0,6.23
23755.0,-200.0,224578.0,-0.008,5.74
23761.0,2.0,224228.0,0.083,6.48
23767.0,359.0,224155.0,0.158,6.96
23772.0,-81.0,224342.0,0.05,7.21
23777.0,82.0,224394.0,0.0,6.96
23781.0,61.0,224353.0,0.042,6.48
23787.0,-23.0,224349.0,-0.008,6.23
23792.0,-418.0,224383.0,-0.008,6.23
23796.0,87.0,224308.0,0.058,6.23
23802.0,207.0,224430.0,0.033,6.23
23808.0,120.0,224758.0,-0.117,6.48
23813.0,-313.0,224601.0,0.025,6.48
23818.0,227.0,224383.0,-0.05,6.23
23823.0,88.0,224549.0,0.0,6.48
23828.0,53.0,224898.0,0.058,6.96
23833.0,179.0,224582.0,0.033,6.48
23838.0,90.0,224605.0,0.05,6.48
23843.0,-264.0,224992.0,0.083,6.23
23849.0,-18.0,224752.0,-0.05,6.48
23854.0,-261.0,224941.0,0.025,6.23
23859.0,-63.0,224970.0,0.092,6.96
23864.0,-46.0,224884.0,0.0,6.23
23869.0,69.0,224677.0,0.083,6.48
23874.0,-133.0,225207.0,0.125,6.48
23879.0,-194.0,225085.0,0.042,6.48
23884.0,-85.0,225102.0,0.225,6.23
23890.0,-79.0,225108.0,0.025,6.23
23896.0,-100.0,225244.0,-0.042,6.48
23900.0,-203.0,225077.0,-0.025,6.48
23906.0,-71.0,225547.0,0.117,6.72
23911.0,28.0,225113.0,0.0,6.48
23915.0,-145.0,225018.0,0.142,6.96
23921.0,-139.0,224716.0,0.092,6.96
23926.0,154.0,224691.0,0.0,6.72
23931.0,94.0,224772.0,0.1,6.48
23937.0,-136.0,224932.0,0.067,6.48
23942.0,-93.0,224731.0,0.042,6.48
23947.0,-189.0,224888.0,0.058,6.23
23952.0,-39.0,224980.0,0.0,6.48
23957.0,62.0,224907.0,-0.075,6.48
23962.0,218.0,224732.0,0.042,6.48
23967.0,167.0,224594.0,-0.025,6.48
23972.0,-312.0,225077.0,-0.017,6.96
23977.0,16.0,224897.0,0.033,6.96
23983.0,-35.0,224903.0,0.058,6.48
23988.0,-292.0,224902.0,0.117,6.48
23993.0,-276.0,224644.0,0.025,6.48
23999.0,-97.0,224422.0,0.042,6.72
24003.0,-56.0,224493.0,0.133,6.72
24009.0,130.0,224427.0,-0.033,6.72
24013.0,37.0,224210.0,0.067,6.96
24018.0,-67.0,224539.0,0.042,6.72
24025.0,-187.0,224105.0,0.042,6.23
24030.0,-154.0,224016.0,0.008,6.96
24035.0,-182.0,224425.0,0.058,6.96
24040.0,-250.0,224523.0,-0.008,6.96
24045.0,-143.0,224386.0,-0.017,6.96
24050.0,333.0,224559.0,0.0,6.48
24055.0,97.0,224717.0,0.075,6.23
24060.0,324.0,224474.0,-0.008,6.23
24066.0,-222.0,224835.0,0.058,6.23
24072.0,-94.0,224853.0,0.033,6.23
24076.0,-257.0,224776.0,0.075,6.48
24081.0,127.0,224753.0,0.058,6.48
24087.0,107.0,224887.0,0.067,6.48
24091.0,-34.0,224616.0,0.0,6.72
24097.0,88.0,224612.0,0.0,6.48
24102.0,60.0,224900.0,-0.025,6.48
24108.0,-215.0,224999.0,-0.008,6.48
24113.0,485.0,224830.0,0.033,6.96
24119.0,117.0,224702.0,0.008,6.48
24123.0,-62.0,224883.0,-0.042,6.23
24128.0,-116.0,225362.0,0.075,6.48
24134.0,-294.0,224948.0,0.058,6.48
24138.0,-191.0,225151.0,0.083,6.96
24143.0,-159.0,225050.0,0.117,6.48
24150.0,7.0,224948.0,-0.017,6.96
24155.0,56.0,224945.0,0.05,6.96
24160.0,-340.0,225147.0,0.05,6.23
24166.0,56.0,224713.0,-0.025,6.48
24170.0,-229.0,224738.0,-0.108,6.96
24175.0,-33.0,223947.0,-0.275,6.48
24181.0,-163.0,224651.0,0.292,6.23
24185.0,-122.0,224436.0,-0.283,6.48
24192.0,-222.0,224155.0,0.167,6.96
24197.0,-422.0,224287.0,0.292,6.48
24202.0,-125.0,224276.0,0.067,6.96
24207.0,-265.0,224777.0,-0.058,6.23
24212.0,9.0,223835.0,0.3,6.48
24217.0,-142.0,224154.0,-0.175,6.48
24222.0,-112.0,224343.0,-0.425,6.96
24228.0,-116.0,224439.0,0.342,6.23
24232.0,-203.0,224632.0,-0.292,6.48
24238.0,-23.0,224797.0,0.017,6.48
24244.0,-243.0,224451.0,0.05,6.48
24248.0,-160.0,224588.0,-0.075,6.23
24254.0,28.0,224658.0,0.158,6.48
24259.0,-142.0,224698.0,0.017,6.48
24265.0,-484.0,224412.0,-0.008,6.48
24270.0,-453.0,224479.0,0.192,6.48
24275.0,127.0,224635.0,-0.067,6.23
24282.0,71.0,224949.0,0.125,6.48
24286.0,-298.0,224940.0,0.175,6.23
24291.0,-133.0,224817.0,0.033,6.23
24297.0,-329.0,224789.0,0.075,6.96
24301.0,80.0,224768.0,0.017,6.48
24307.0,-336.0,224738.0,-0.025,5.99
24312.0,-42.0,224352.0,0.05,6.23
24317.0,-231.0,223993.0,-0.125,6.23
24322.0,-102.0,218656.0,-0.242,6.23
24328.0,-392.0,113158.0,-2.808,6.23
24333.0,-141.0,10559.0,-5.775,6.72
24338.0,-389.0,-205581.0,-6.5,6.72
24344.0,-129.0,-317115.0,-5.0,6.96
24348.0,-364.0,-354868.0,-2.692,6.96
24353.0,-199.0,-372395.0,-0.992,6.48
24359.0,-71.0,-362145.0,-1.467,6.23
24364.0,-6.0,-352582.0,-3.167,6.23
24370.0,44.0,-345276.0,-4.092,6.72
24375.0,-122.0,-371574.0,-4.225,6.72
24380.0,-265.0,-398191.0,-3.558,6.72
24385.0,-71.0,-471339.0,-2.858,6.23
24391.0,209.0,-543437.0,-3.125,6.23
24397.0,301.0,-564081.0,-3.675,6.23
24401.0,58.0,-566564.0,-3.85,6.23
24408.0,96.0,-581148.0,-3.508,6.48
24413.0,-64.0,-600214.0,-2.975,6.23
24418.0,130.0,-612313.0,-2.783,5.99
24423.0,137.0,-635542.0,-3.133,6.23
24428.0,355.0,-647914.0,-3.475,6.23
24434.0,-261.0,-649571.0,-3.658,6.23
24438.0,-246.0,-649066.0,-3.425,6.48
24444.0,-90.0,-647770.0,-2.875,6.48
24450.0,-142.0,-647773.0,-2.858,6.23
24455.0,-375.0,-649806.0,-3.075,6.23
24460.0,-41.0,-649368.0,-3.108,6.72
24465.0,-15.0,-648421.0,-3.142,6.23
24470.0,-28.0,-646528.0,-2.917,6.23
24475.0,-96.0,-644568.0,-2.767,6.72
24480.0,-108.0,-643741.0,-2.708,6.96
24485.0,-155.0,-643220.0,-2.8,6.23
24492.0,213.0,-643602.0,-2.942,6.23
24497.0,167.0,-643887.0,-2.817,6.48
24501.0,14.0,-642406.0,-2.558,6.96
24507.0,-240.0,-642850.0,-1.933,6.72
24512.0,102.0,-643893.0,-1.492,6.23
24517.0,481.0,-647254.0,-1.975,6.96
24522.0,-83.0,-651684.0,-2.583,5.99
24527.0,-195.0,-653517.0,-2.392,6.48
24532.0,-154.0,-658296.0,-1.608,6.23
24538.0,-186.0,-663658.0,-0.767,6.23
24543.0,-128.0,-666385.0,-1.142,6.23
24548.0,-151.0,-671978.0,-1.683,6.23
24554.0,75.0,-677628.0,-1.542,6.72
24559.0,145.0,-679891.0,-1.158,6.48
24563.0,10.0,-683578.0,-1.367,6.48
24569.0,-280.0,-689294.0,-1.833,6.23
24574.0,-524.0,-691763.0,-1.6,3.05
24580.0,-549.0,-697226.0,-0.258,6.23
24585.0,-269.0,-701566.0,-0.525,6.23
24590.0,-143.0,-702861.0,-1.517,6.23
24595.0,100.0,-706584.0,-1.242,6.48
24600.0,-164.0,-712150.0,-0.45,5.99
24606.0,-2.0,-715867.0,-0.467,6.23
24610.0,117.0,-722828.0,-1.175,5.99
24616.0,-39.0,-727500.0,-1.167,5.5
24622.0,57.0,-729619.0,-0.558,6.48
24626.0,-156.0,-732688.0,-0.542,6.72
24632.0,56.0,-736792.0,-0.508,5.99
24637.0,-289.0,-738971.0,-0.092,6.72
24642.0,-12.0,-744231.0,0.283,6.72
24647.0,-66.0,-748299.0,-0.208,5.99
24652.0,-129.0,-749480.0,-0.642,6.23
24657.0,-156.0,-750778.0,0.508,5.99
24663.0,388.0,-751533.0,1.142,6.23
24668.0,259.0,-753252.0,-0.1,5.99
24673.0,-143.0,-754670.0,-0.092,6.48
24679.0,-213.0,-755548.0,0.917,5.99
24683.0,226.0,-756345.0,0.533,6.23
24688.0,-155.0,-757837.0,0.183,6.48
24694.0,-167.0,-758819.0,0.767,6.23
24699.0,214.0,-758990.0,0.483,5.99
24705.0,199.0,-760044.0,0.308,5.99
24710.0,-293.0,-761219.0,0.658,5.74
24715.0,-46.0,-761116.0,0.533,6.72
24720.0,74.0,-761010.0,0.417,5.99
24725.0,-32.0,-760859.0,0.592,6.48
24730.0,-63.0,-759326.0,0.567,6.48
24735.0,-209.0,-757764.0,0.433,5.99
24740.0,-23.0,-756289.0,0.625,5.74
24745.0,-182.0,-752684.0,0.617,5.99
24751.0,-134.0,-748330.0,0.608,5.99
24757.0,120.0,-745773.0,0.683,5.99
24761.0,63.0,-741442.0,0.633,5.99
24767.0,-229.0,-736668.0,0.625,5.99
24772.0,-9.0,-734715.0,0.592,5.99
24776.0,2.0,-729220.0,0.508,6.23
24782.0,-288.0,-723392.0,0.6,6.23
24787.0,-450.0,-720445.0,0.65,5.99
24793.0,3.0,-715588.0,0.542,6.48
24798.0,63.0,-711124.0,0.683,6.72
24803.0,-351.0,-709361.0,0.642,5.99
24808.0,-360.0,-705243.0,0.742,5.74
24814.0,-214.0,-701473.0,0.708,5.99
24819.0,-100.0,-699714.0,0.667,5.99
24823.0,-91.0,-697113.0,0.708,6.23
24829.0,-191.0,-693941.0,0.683,5.99
24835.0,579.0,-692042.0,0.675,6.23
24840.0,164.0,-689137.0,0.7,5.74
24845.0,148.0,-684789.0,0.658,5.74
24850.0,-232.0,-683102.0,0.65,6.48
24855.0,-527.0,-679101.0,0.825,6.72
24861.0,-441.0,-674929.0,0.7,6.48
24866.0,203.0,-672746.0,0.7,5.99
24870.0,278.0,-667067.0,0.767,5.99
24877.0,-324.0,-660953.0,0.675,6.23
24882.0,-356.0,-657696.0,0.758,8.43
24887.0,71.0,-650883.0,0.625,5.99
24892.0,-15.0,-644115.0,0.65,6.72
24897.0,-205.0,-640530.0,0.65,6.23
24902.0,-154.0,-633835.0,0.575,5.99
24907.0,-252.0,-625945.0,0.75,7.21
24912.0,-204.0,-621674.0,0.6,6.23
24918.0,-33.0,-613179.0,0.792,6.48
24924.0,-25.0,-604217.0,0.675,6.48
24929.0,-91.0,-599578.0,0.642,6.72
24933.0,-42.0,-594709.0,0.558,5.99
24938.0,78.0,-585336.0,0.592,6.72
24943.0,189.0,-575053.0,0.733,5.99
24948.0,-321.0,-565197.0,0.558,6.23
24954.0,-269.0,-560150.0,0.575,6.48
24958.0,98.0,-551121.0,0.475,5.99
24965.0,-50.0,-542425.0,0.533,6.48
24970.0,-50.0,-538320.0,0.625,6.96
24974.0,-199.0,-529447.0,0.558,6.23
24980.0,3.0,-521697.0,0.558,5.99
24985.0,-427.0,-517856.0,0.475,5.99
24990.0,-270.0,-510319.0,0.533,5.99
24995.0,136.0,-502477.0,0.475,5.99
25000.0,-56.0,-498718.0,0.467,6.23
25006.0,-89.0,-490865.0,0.475,6.96
25011.0,-79.0,-483309.0,0.467,6.23
25016.0,13.0,-479614.0,0.4,6.23
25021.0,-16.0,-472837.0,0.5,6.23
25026.0,-196.0,-466509.0,0.492,6.23
25032.0,18.0,-463726.0,0.45,5.99
25036.0,-85.0,-461283.0,0.325,5.99
25041.0,-339.0,-456600.0,0.4,6.48
25047.0,231.0,-452267.0,0.467,6.72
25052.0,284.0,-448409.0,0.358,6.23
25058.0,-184.0,-446616.0,0.308,6.48
25063.0,314.0,-444243.0,0.4,6.23
25068.0,171.0,-442231.0,0.442,6.23
25073.0,-65.0,-442012.0,0.358,6.23
25078.0,-115.0,-441289.0,0.367,6.72
25083.0,112.0,-440683.0,0.442,6.23
25089.0,-10.0,-440924.0,0.342,6.23
25094.0,-180.0,-441261.0,0.358,6.72
25099.0,-137.0,-441337.0,0.417,6.72
25104.0,279.0,-441060.0,0.4,6.23
25109.0,7.0,-440241.0,0.358,6.23
25114.0,-64.0,-439181.0,0.342,6.72
25119.0,420.0,-438280.0,0.317,6.23
25124.0,173.0,-437065.0,0.275,6.48
25129.0,4.0,-436400.0,0.358,6.23
25134.0,-119.0,-434383.0,0.25,6.96
25139.0,-12.0,-433646.0,0.25,6.23
25144.0,164.0,-432337.0,0.3,6.23
25149.0,91.0,-430907.0,0.292,6.23
25154.0,-59.0,-430424.0,0.292,6.48
25159.0,62.0,-430085.0,0.3,5.99
25163.0,175.0,-429862.0,0.383,6.23
25168.0,-109.0,-429673.0,0.333,6.48
25175.0,-34.0,-429835.0,0.25,6.72
25180.0,36.0,-430008.0,0.217,6.23
25184.0,217.0,-430463.0,0.317,6.48
25189.0,-104.0,-430420.0,0.275,6.96
25194.0,196.0,-430781.0,0.317,6.96
25199.0,217.0,-430745.0,0.267,6.23
25204.0,-213.0,-430722.0,0.283,6.23
25209.0,195.0,-430965.0,0.225,6.96
25214.0,254.0,-431735.0,0.25,6.72
25220.0,90.0,-432072.0,0.233,5.25
25226.0,-64.0,-432709.0,0.167,6.48
25231.0,-137.0,-433813.0,0.3,6.48
25236.0,303.0,-433962.0,0.183,6.23
25241.0,-33.0,-434117.0,0.242,6.23
25246.0,-44.0,-434455.0,0.308,6.72
25251.0,-236.0,-434272.0,0.208,6.48
25256.0,-16.0,-434207.0,0.142,6.23
25262.0,-3.0,-433345.0,0.217,6.23
25267.0,-107.0,-432802.0,0.242,6.48
25272.0,-222.0,-432137.0,0.217,6.23
25276.0,-249.0,-431684.0,0.108,6.48
25282.0,149.0,-429859.0,0.167,6.72
25287.0,60.0,-428385.0,0.158,6.23
25292.0,-18.0,-427666.0,0.167,6.23
25296.0,19.0,-425953.0,0.025,6.48
25302.0,170.0,-425190.0,0.1,6.23
25307.0,562.0,-423311.0,0.125,6.72
25312.0,179.0,-420997.0,0.133,6.23
25317.0,-93.0,-420068.0,0.133,6.23
25322.0,103.0,-418905.0,0.125,6.96
25327.0,108.0,-417429.0,0.217,6.96
25332.0,-54.0,-416652.0,-0.042,6.96
25337.0,-12.0,-415891.0,-0.008,6.23
25344.0,331.0,-414949.0,0.233,6.23
25349.0,261.0,-414446.0,0.075,6.96
25353.0,80.0,-413881.0,0.258,6.96
25358.0,-83.0,-413128.0,0.108,6.48
25363.0,29.0,-412615.0,0.0,6.48
25367.0,50.0,-411580.0,0.192,6.72
25373.0,148.0,-410685.0,0.1,6.96
25378.0,3.0,-409411.0,0.117,6.48
25383.0,265.0,-408952.0,0.033,6.48
25389.0,-29.0,-408201.0,0.008,6.23
25394.0,-170.0,-407537.0,0.008,6.48
25399.0,266.0,-407336.0,0.05,6.23
25404.0,-46.0,-406157.0,0.092,6.72
25409.0,49.0,-405043.0,-0.017,6.48
25414.0,-9.0,-404834.0,0.017,6.72
25419.0,-331.0,-403955.0,0.008,6.23
25424.0,-182.0,-403121.0,0.125,6.72
25430.0,46.0,-403048.0,0.158,6.48
25435.0,-200.0,-402157.0,-0.017,6.96
25440.0,-321.0,-401471.0,0.058,6.72
25445.0,-187.0,-401144.0,0.042,6.23
25451.0,-163.0,-401323.0,0.05,6.96
25456.0,-6.0,-399847.0,-0.017,6.48
25461.0,196.0,-399996.0,-0.008,6.23
25466.0,-86.0,-399340.0,0.092,6.96
25472.0,231.0,-398898.0,0.008,6.96
25477.0,-27.0,-399147.0,-0.042,6.48
25482.0,-183.0,-398544.0,0.133,6.96
25487.0,-176.0,-398366.0,0.117,6.48
25493.0,352.0,-398213.0,0.05,6.96
25498.0,-166.0,-397532.0,0.1,6.23
25503.0,-495.0,-396946.0,0.058,6.96
25508.0,-257.0,-397169.0,0.008,6.48
25513.0,49.0,-396860.0,0.067,6.96
25519.0,-118.0,-395840.0,0.067,6.48
25524.0,178.0,-395751.0,0.117,6.23
25529.0,-204.0,-396172.0,-0.025,6.48
25534.0,-485.0,-396012.0,0.05,6.23
25539.0,-401.0,-395939.0,0.083,6.23
25544.0,221.0,-396024.0,-0.033,6.23
25550.0,256.0,-395400.0,-0.017,6.48
25555.0,98.0,-395365.0,-0.017,5.5
25561.0,142.0,-395454.0,0.0,6.48
25565.0,203.0,-395001.0,0.017,6.96
25570.0,173.0,-394762.0,-0.05,6.72
25575.0,142.0,-394046.0,0.042,6.48
25580.0,281.0,-393895.0,0.017,6.23
25585.0,211.0,-393654.0,-0.025,6.23
25590.0,12.0,-393252.0,0.133,6.23
25595.0,-100.0,-393139.0,0.092,6.48
25602.0,2.0,-393047.0,0.033,6.72
25607.0,-173.0,-392555.0,0.092,6.48
25612.0,-240.0,-392546.0,-0.025,6.48
25617.0,-102.0,-392350.0,-0.042,6.72
25622.0,-85.0,-391932.0,0.067,6.48
25627.0,-376.0,-391681.0,0.05,6.48
25632.0,-126.0,-391455.0,-0.058,6.23
25637.0,-23.0,-391563.0,0.0,6.96
25643.0,116.0,-391074.0,-0.075,8.43
25648.0,-82.0,-391416.0,0.033,6.48
25654.0,-537.0,-390722.0,0.05,6.48
25658.0,-392.0,-390589.0,0.133,6.72
25664.0,-2.0,-390285.0,-0.025,6.23
25669.0,105.0,-390059.0,-0.017,6.48
25673.0,-100.0,-390302.0,0.067,6.23
25679.0,-94.0,-389808.0,0.008,6.48
25684.0,-345.0,-389538.0,-0.025,6.23
25690.0,-294.0,-389449.0,-0.075,6.23
25695.0,-14.0,-389423.0,0.067,6.96
25700.0,-159.0,-389112.0,0.042,6.23
25705.0,-135.0,-388791.0,-0.017,6.48
25711.0,113.0,-389145.0,0.092,6.48
25715.0,370.0,-388710.0,0.0,6.96
25720.0,68.0,-388321.0,0.083,6.48
25725.0,21.0,-388215.0,0.133,6.23
25731.0,-94.0,-387872.0,0.017,6.72
25736.0,60.0,-387612.0,-0.008,6.48
25741.0,-5.0,-387670.0,0.092,6.48
25746.0,-108.0,-387707.0,0.033,6.48
25751.0,48.0,-387447.0,0.0,6.96
25757.0,-27.0,-387357.0,0.033,6.48
25761.0,-186.0,-387428.0,-0.008,6.23
25767.0,336.0,-387184.0,0.008,6.23
25773.0,-59.0,-386804.0,-0.008,6.96
25777.0,-306.0,-386797.0,-0.025,6.23
25783.0,-68.0,-386367.0,-0.05,6.48
25788.0,-99.0,-386484.0,0.008,6.48
25793.0,147.0,-386527.0,0.05,6.23
25798.0,-67.0,-386185.0,-0.042,6.72
25803.0,-202.0,-385806.0,0.033,6.48
25808.0,12.0,-385941.0,0.108,6.72
25814.0,-41.0,-385847.0,0.017,6.96
25818.0,-270.0,-385520.0,-0.008,6.96
25824.0,-188.0,-385456.0,0.008,6.48
25829.0,-115.0,-385754.0,0.083,6.23
25834.0,-86.0,-385493.0,0.042,6.48
25839.0,-240.0,-385571.0,0.075,6.72
25844.0,233.0,-385239.0,0.133,6.72
25849.0,-182.0,-385528.0,0.117,6.48
25856.0,238.0,-385178.0,0.05,8.19
25861.0,177.0,-385198.0,-0.008,6.72
25865.0,108.0,-385039.0,-0.042,6.23
25871.0,-200.0,-384653.0,0.067,6.48
25876.0,-303.0,-384397.0,-0.017,6.48
25881.0,-2.0,-384210.0,0.058,6.48
25886.0,-436.0,-383886.0,0.075,6.23
25891.0,-561.0,-383964.0,-0.017,6.96
25896.0,-32.0,-384067.0,0.0,6.48
25902.0,-200.0,-384031.0,-0.058,6.48
25907.0,-409.0,-383556.0,0.042,6.23
25912.0,-371.0,-383487.0,0.067,6.72
25918.0,-103.0,-383571.0,-0.083,6.72
25923.0,-32.0,-383133.0,0.042,6.23
25927.0,-519.0,-383170.0,0.075,6.96
25933.0,-37.0,-382906.0,0.058,6.48
25937.0,-184.0,-382521.0,-0.05,6.48
25943.0,-266.0,-382850.0,0.033,6.48
25949.0,102.0,-382518.0,0.05,6.72
25954.0,229.0,-382735.0,0.017,6.23
25959.0,117.0,-382082.0,-0.033,6.48
25964.0,-139.0,-381876.0,-0.075,6.72
25969.0,82.0,-381805.0,0.0,6.23
25974.0,42.0,-382246.0,0.067,6.48
25979.0,-76.0,-381786.0,-0.008,6.48
25985.0,61.0,-381705.0,-0.017,6.96
25990.0,167.0,-381838.0,-0.058,6.96
25996.0,-211.0,-381426.0,0.058,6.23
26000.0,138.0,-381701.0,0.092,6.48
26005.0,-152.0,-381130.0,0.05,6.23
26011.0,-46.0,-381422.0,0.058,6.72
26016.0,-177.0,-381409.0,-0.05,6.48
26021.0,-133.0,-381320.0,0.05,6.23
26027.0,33.0,-381172.0,-0.008,6.23
26032.0,86.0,-380843.0,0.117,6.48
26037.0,-244.0,-380667.0,0.033,6.96
26043.0,160.0,-380493.0,0.025,6.23
26047.0,65.0,-380350.0,0.0,6.23
26052.0,-253.0,-380389.0,0.033,6.48
26058.0,279.0,-380271.0,-0.05,6.48
26063.0,78.0,-380058.0,0.075,6.23
26068.0,-322.0,-379883.0,-0.042,6.48
26074.0,-136.0,-379205.0,0.017,6.48
26079.0,139.0,-379326.0,0.058,6.48
26084.0,-15.0,-379531.0,0.067,6.72
26089.0,-261.0,-379181.0,0.042,6.23
26094.0,-210.0,-379054.0,0.008,8.43
26099.0,-190.0,-378953.0,-0.008,6.72
26105.0,-306.0,-379173.0,-0.008,6.96
26109.0,35.0,-379402.0,0.008,6.48
26115.0,237.0,-378671.0,0.042,6.48
26121.0,-359.0,-378463.0,-0.05,6.48
26126.0,-318.0,-378416.0,0.083,6.48
26131.0,118.0,-378233.0,0.017,6.23
26136.0,-288.0,-377891.0,0.033,6.48
26141.0,-359.0,-378066.0,0.0,6.23
26146.0,-75.0,-378187.0,0.033,6.48
26151.0,-353.0,-377603.0,0.017,6.72
26157.0,-244.0,-377418.0,0.117,6.23
26163.0,-172.0,-377636.0,0.0,6.48
26168.0,-62.0,-377924.0,0.017,6.96
26173.0,43.0,-377599.0,0.033,6.96
26177.0,198.0,-377518.0,0.042,6.96
26183.0,-54.0,-377390.0,0.117,6.96
26188.0,149.0,-377123.0,0.033,6.48
26193.0,-29.0,-376751.0,0.008,6.72
26200.0,17.0,-376839.0,0.025,6.48
26204.0,-246.0,-376888.0,0.092,6.23
26209.0,6.0,-376565.0,-0.025,6.23
26215.0,138.0,-376745.0,0.1,7.7
26219.0,-63.0,-376710.0,0.025,6.48
26225.0,97.0,-376682.0,0.075,6.23
26230.0,191.0,-376648.0,0.083,6.48
26236.0,-301.0,-376300.0,0.008,6.23
26242.0,-384.0,-376337.0,0.1,6.72
26247.0,318.0,-376273.0,0.05,6.48
26253.0,-178.0,-376043.0,0.05,6.72
26257.0,-99.0,-376178.0,0.117,6.96
26262.0,-264.0,-376201.0,0.125,6.48
26267.0,-170.0,-376051.0,0.042,6.23
26272.0,-219.0,-376010.0,-0.025,6.23
26278.0,111.0,-375532.0,0.008,6.23
26284.0,13.0,-375594.0,0.058,6.72
26289.0,-332.0,-375445.0,-0.167,6.48
26293.0,-111.0,-375442.0,0.058,6.72
26299.0,59.0,-375262.0,0.05,6.72
26304.0,238.0,-375369.0,0.008,6.48
26309.0,-122.0,-374763.0,0.008,6.72
26315.0,-484.0,-375147.0,0.042,6.48
26319.0,-157.0,-374946.0,0.092,6.48
26324.0,192.0,-374927.0,0.167,6.48
26331.0,26.0,-374729.0,0.05,6.48
26335.0,-49.0,-374516.0,0.017,6.48
26341.0,-143.0,-373972.0,0.008,6.23
26346.0,-23.0,-373840.0,0.067,6.96
26351.0,-30.0,-373577.0,0.108,6.96
26356.0,212.0,-374193.0,0.05,6.48
26362.0,250.0,-373897.0,-0.017,6.48
26368.0,-32.0,-373949.0,0.042,6.48
26373.0,-45.0,-373608.0,-0.058,6.72
26378.0,-201.0,-373492.0,0.0,6.48
26384.0,-187.0,-373294.0,0.008,6.48
26389.0,-310.0,-373283.0,-0.025,6.48
26394.0,-71.0,-373565.0,-0.025,6.48
26399.0,119.0,-373385.0,-0.008,6.48
26404.0,10.0,-373160.0,-0.033,6.48
26409.0,357.0,-373176.0,0.0,6.48
26415.0,243.0,-372738.0,0.05,7.21
26420.0,144.0,-373023.0,0.083,6.23
26426.0,-260.0,-372851.0,0.008,6.72
26431.0,76.0,-372725.0,-0.008,6.23
26437.0,-516.0,-372451.0,-0.017,6.48
26441.0,-497.0,-372272.0,0.05,6.72
26447.0,-5.0,-372346.0,0.042,6.72
26452.0,-227.0,-371964.0,0.008,6.48
26458.0,-177.0,-372035.0,-0.067,6.23
26463.0,118.0,-372074.0,0.117,6.48
26469.0,-154.0,-371676.0,-0.058,6.23
26474.0,-420.0,-371593.0,0.025,6.23
26478.0,-165.0,-372058.0,0.05,6.48
26484.0,-27.0,-371722.0,0.108,6.48
26489.0,125.0,-371631.0,0.1,6.23
26494.0,142.0,-371704.0,-0.025,6.48
26500.0,-66.0,-371658.0,-0.017,6.23
26505.0,93.0,-371619.0,0.017,6.48
26510.0,-140.0,-371517.0,0.058,6.72
26515.0,-2.0,-370975.0,-0.008,6.48
26520.0,13.0,-370970.0,0.025,6.48
26525.0,79.0,-371232.0,0.025,6.23
26531.0,163.0,-371044.0,0.017,6.23
26536.0,-291.0,-370861.0,0.075,6.23
26542.0,-168.0,-371204.0,-0.025,6.48
26547.0,54.0,-371062.0,0.033,6.48
26552.0,-122.0,-370961.0,-0.008,6.23
26557.0,11.0,-370886.0,0.017,6.48
26562.0,87.0,-371182.0,0.075,6.23
26567.0,-247.0,-370739.0,0.167,6.96
26572.0,-274.0,-370666.0,0.05,6.96
26578.0,26.0,-370802.0,0.075,6.48
26584.0,-344.0,-370653.0,0.067,6.23
26588.0,-641.0,-370726.0,0.017,6.96
26594.0,73.0,-370544.0,0.042,6.48
26599.0,-89.0,-370583.0,0.058,6.23
26603.0,-362.0,-370104.0,0.158,6.72
26609.0,98.0,-370388.0,0.067,6.48
26614.0,90.0,-370301.0,0.033,6.48
26619.0,-53.0,-370068.0,0.025,6.72
26625.0,85.0,-370308.0,0.133,6.48
26630.0,240.0,-370133.0,0.05,6.23
26635.0,14.0,-370047.0,0.033,6.23
26641.0,16.0,-369435.0,-0.083,6.48
26646.0,-8.0,-369520.0,0.083,6.48
26650.0,91.0,-369415.0,0.017,6.23
26656.0,-155.0,-369107.0,0.008,6.48
26661.0,7.0,-369042.0,-0.008,6.48
26667.0,154.0,-369085.0,-0.158,6.48
26672.0,176.0,-368975.0,-0.05,6.48
26677.0,-212.0,-369078.0,0.067,6.23
26682.0,-147.0,-368945.0,0.042,6.72
26687.0,-51.0,-369115.0,-0.033,6.48
26692.0,118.0,-369056.0,0.008,6.23
26697.0,-273.0,-369090.0,-0.025,6.48
26702.0,53.0,-368979.0,-0.075,6.48
26707.0,118.0,-368826.0,0.033,6.48
26713.0,124.0,-368682.0,0.025,6.48
26718.0,-272.0,-368483.0,0.1,6.23
26723.0,-187.0,-368248.0,-0.083,6.48
26729.0,391.0,-368380.0,0.033,6.96
26734.0,-169.0,-368387.0,0.042,6.48
26738.0,-198.0,-368530.0,0.033,6.23
26744.0,72.0,-368502.0,-0.025,6.96
26749.0,-248.0,-368381.0,0.067,6.23
26755.0,-169.0,-367938.0,0.008,6.96
26760.0,-39.0,-368328.0,0.025,7.21
26765.0,-105.0,-368175.0,0.15,6.48
26770.0,-120.0,-367970.0,0.008,6.23
26775.0,-284.0,-368224.0,0.025,6.72
26780.0,-48.0,-368261.0,-0.025,6.23
26785.0,-317.0,-367252.0,0.0,6.48
26790.0,-177.0,-367706.0,0.05,6.23
26797.0,-353.0,-367351.0,0.008,6.23
26801.0,-236.0,-367252.0,0.0,6.23
26807.0,32.0,-367182.0,-0.008,6.96
26812.0,126.0,-367213.0,0.033,7.21
26816.0,-21.0,-366964.0,-0.092,6.96
26821.0,-169.0,-367323.0,0.0,6.48
26826.0,-146.0,-367220.0,0.05,6.48
26832.0,44.0,-366698.0,0.075,6.23
26838.0,-332.0,-366835.0,0.042,6.72
26842.0,-27.0,-366830.0,0.033,6.23
26848.0,125.0,-366476.0,0.025,6.48
26853.0,-103.0,-366447.0,-0.025,6.48
26858.0,88.0,-366212.0,0.0,6.96
26863.0,90.0,-365970.0,0.05,6.96
26868.0,-398.0,-365695.0,0.075,6.23
26873.0,-89.0,-366036.0,0.025,6.23
26878.0,125.0,-365746.0,-0.042,6.48
26884.0,-165.0,-365397.0,-0.1,6.48
26889.0,-82.0,-365228.0,-0.092,6.48
26894.0,142.0,-364896.0,0.05,6.72
26900.0,-366.0,-364949.0,0.133,6.48
26904.0,-235.0,-365024.0,-0.075,6.96
26910.0,-15.0,-364810.0,0.117,6.72
26915.0,-49.0,-364945.0,0.117,6.48
26919.0,-226.0,-364612.0,0.075,6.48
26926.0,-10.0,-364474.0,0.017,6.23
26931.0,156.0,-364593.0,0.075,6.23
26936.0,93.0,-364700.0,0.0,6.72
26941.0,-397.0,-364659.0,-0.033,6.72
26945.0,256.0,-364604.0,0.117,6.72
26950.0,197.0,-364498.0,-0.008,6.48
26956.0,-321.0,-364659.0,-0.075,6.48
26960.0,-140.0,-364462.0,-0.092,6.96
26967.0,-138.0,-364204.0,-0.033,6.48
26972.0,186.0,-364289.0,-0.133,6.96
26976.0,399.0,-364022.0,-0.067,6.48
26982.0,-91.0,-363706.0,0.117,6.48
26987.0,33.0,-364079.0,0.1,6.96
26992.0,34.0,-363343.0,0.033,6.72
26998.0,-98.0,-363331.0,0.042,6.72
27003.0,128.0,-363574.0,0.042,6.23
27008.0,99.0,-363023.0,-0.008,6.48
27014.0,-109.0,-363379.0,0.058,6.96
27019.0,1.0,-363158.0,0.075,6.72
27024.0,-42.0,-363171.0,0.017,4.77
27029.0,-192.0,-363055.0,-0.042,6.23
27034.0,0.0,-363124.0,0.008,6.48
27039.0,-161.0,-363122.0,-0.067,6.72
27044.0,-158.0,-363237.0,0.042,6.48
27049.0,-356.0,-363180.0,0.058,6.72
27055.0,-119.0,-362810.0,0.083,6.48
27060.0,213.0,-362837.0,-0.017,6.48
27065.0,-91.0,-362996.0,0.0,6.48
27070.0,-54.0,-362838.0,-0.033,6.23
27075.0,58.0,-362837.0,-0.075,6.48
27080.0,373.0,-362868.0,-0.075,6.48
27084.0,-154.0,-362719.0,0.125,6.72
27090.0,52.0,-363016.0,0.1,6.48
27096.0,17.0,-362550.0,0.017,6.48
27101.0,-291.0,-362547.0,0.008,6.48
27105.0,-226.0,-362568.0,0.067,6.23
27110.0,245.0,-362625.0,0.033,6.48
27115.0,37.0,-362248.0,0.025,6.72
27120.0,-120.0,-362498.0,0.042,6.72
27125.0,-126.0,-362303.0,-0.033,7.21
27130.0,98.0,-362268.0,0.075,6.48
27136.0,-261.0,-362168.0,0.05,6.23
27141.0,-129.0,-361923.0,0.017,5.99
27146.0,179.0,-361664.0,-0.033,6.72
27152.0,-82.0,-361470.0,0.075,6.72
27157.0,-94.0,-361525.0,0.0,6.96
27161.0,-227.0,-361328.0,0.092,6.72
27167.0,-9.0,-360828.0,0.025,6.23
27172.0,-177.0,-360645.0,0.067,6.96
27176.0,-174.0,-360606.0,0.05,5.01
27183.0,142.0,-360118.0,0.05,6.48
27188.0,38.0,-360159.0,0.092,6.23
27193.0,-197.0,-359953.0,0.017,6.48
27198.0,-98.0,-360128.0,0.058,6.48
27203.0,-380.0,-360083.0,0.008,6.48
27208.0,-407.0,-359743.0,0.042,6.96
27213.0,-53.0,-359764.0,-0.017,7.21
27218.0,-425.0,-360137.0,0.0,6.48
27224.0,-60.0,-359641.0,0.042,6.23
27229.0,-120.0,-359726.0,0.125,6.96
27234.0,10.0,-359573.0,0.008,6.23
27239.0,-191.0,-359433.0,-0.025,6.96
27244.0,61.0,-359360.0,0.033,6.72
27249.0,-393.0,-359287.0,-0.075,6.48
27255.0,-566.0,-359329.0,-0.008,6.23
27260.0,336.0,-359626.0,-0.008,6.23
27266.0,-340.0,-359365.0,-0.025,6.96
27271.0,-597.0,-359481.0,0.008,6.48
27276.0,-105.0,-359466.0,-0.017,6.48
27281.0,-297.0,-359713.0,-0.017,6.48
27286.0,-330.0,-359895.0,0.05,6.23
27291.0,-180.0,-359666.0,0.042,6.48
27296.0,20.0,-360057.0,0.075,6.72
27301.0,-199.0,-359575.0,-0.008,6.72
27307.0,-255.0,-359542.0,0.033,6.48
27313.0,311.0,-359545.0,-0.05,6.23
27318.0,140.0,-359401.0,0.05,6.48
27323.0,106.0,-359296.0,0.042,6.96
27328.0,300.0,-359429.0,0.05,6.96
27333.0,7.0,-358889.0,-0.008,6.72
27338.0,-335.0,-358694.0,0.008,6.23
27343.0,-41.0,-358593.0,0.042,6.96
27348.0,124.0,-358866.0,-0.033,6.48
27354.0,-170.0,-358305.0,0.067,6.48
27359.0,-187.0,-358009.0,0.067,6.48
27363.0,-2.0,-357856.0,0.05,6.48
27369.0,250.0,-357702.0,-0.008,6.48
27374.0,43.0,-358360.0,0.067,6.48
27379.0,-111.0,-358385.0,0.067,6.23
27384.0,235.0,-358330.0,-0.017,6.48
27389.0,254.0,-358264.0,0.033,6.48
27395.0,-188.0,-358469.0,0.017,6.23
27400.0,-46.0,-358262.0,0.042,6.23
27405.0,245.0,-358300.0,0.058,6.72
27411.0,-165.0,-358111.0,-0.058,6.48
27416.0,9.0,-358142.0,0.042,6.48
27421.0,-104.0,-357864.0,0.058,6.48
27426.0,74.0,-357885.0,0.133,6.23
27431.0,-68.0,-358054.0,0.042,6.48
27437.0,-269.0,-357790.0,0.083,6.48
27442.0,-5.0,-357709.0,0.05,6.72
27447.0,-203.0,-357534.0,-0.025,6.72
27452.0,-184.0,-357410.0,0.042,6.96
27457.0,-98.0,-357091.0,0.05,6.48
27463.0,-136.0,-357119.0,0.125,6.96
27468.0,113.0,-356409.0,0.075,6.48
27472.0,0.0,-356908.0,0.025,6.48
27479.0,164.0,-356848.0,-0.033,6.96
27484.0,129.0,-356838.0,-0.025,6.72
27489.0,-398.0,-356809.0,0.092,6.72
27494.0,244.0,-356779.0,0.067,6.96
27499.0,33.0,-356661.0,0.0,6.48
27504.0,-174.0,-356818.0,0.033,6.48
27509.0,44.0,-356528.0,-0.017,6.48
27514.0,17.0,-356424.0,0.008,6.48
27520.0,21.0,-356447.0,-0.033,6.72
27526.0,-73.0,-356598.0,0.05,6.72
27530.0,164.0,-357051.0,0.058,6.48
27535.0,18.0,-356368.0,0.025,6.96
27540.0,213.0,-356234.0,0.033,6.72
27545.0,-208.0,-356347.0,0.008,6.48
27550.0,-96.0,-356225.0,0.092,6.72
27556.0,-325.0,-356049.0,0.033,6.48
27560.0,398.0,-355914.0,0.067,6.48
27567.0,-68.0,-355584.0,0.108,6.23
27572.0,-99.0,-355536.0,-0.042,6.96
27576.0,-42.0,-355531.0,0.017,6.72
27582.0,96.0,-355141.0,0.092,6.96
27587.0,-181.0,-355073.0,0.075,6.96
27592.0,316.0,-355148.0,0.067,6.48
27597.0,-182.0,-355262.0,-0.017,6.96
27602.0,-59.0,-355398.0,-0.008,6.23
27608.0,8.0,-355239.0,0.0,6.72
27613.0,-244.0,-355437.0,0.067,6.96
27618.0,-301.0,-355137.0,0.033,6.96
27623.0,108.0,-355148.0,-0.025,6.48
27629.0,94.0,-355320.0,0.025,6.23
27633.0,-203.0,-354977.0,0.008,6.48
27638.0,-477.0,-354736.0,0.05,6.48
27644.0,381.0,-355162.0,0.067,6.72
27649.0,298.0,-355257.0,0.0,5.25
27655.0,-192.0,-354750.0,-0.042,6.48
27660.0,20.0,-354476.0,-0.058,6.23
27665.0,181.0,-354293.0,0.108,6.48
27670.0,-41.0,-354356.0,-0.058,6.48
27675.0,-186.0,-354324.0,-0.008,6.48
27679.0,39.0,-354253.0,0.017,6.48
27685.0,-471.0,-353725.0,0.0,6.48
27691.0,-182.0,-354029.0,-0.025,6.48
27696.0,-85.0,-353932.0,0.133,6.72
27701.0,-341.0,-353764.0,0.042,6.72
27706.0,-424.0,-353930.0,-0.017,6.72
27711.0,113.0,-354027.0,-0.017,6.48
27716.0,-53.0,-353943.0,0.008,6.48
27722.0,-168.0,-353807.0,-0.017,5.5
27726.0,-137.0,-353592.0,0.083,6.96
27732.0,-103.0,-353782.0,0.017,6.72
27738.0,110.0,-353510.0,-0.008,6.96
27742.0,-117.0,-353741.0,0.042,6.48
27748.0,41.0,-353761.0,0.017,6.48
27753.0,68.0,-353483.0,0.042,6.72
27758.0,45.0,-353470.0,0.1,6.48
27763.0,-397.0,-353624.0,0.017,6.23
27768.0,-194.0,-353098.0,0.033,6.48
27773.0,-157.0,-353341.0,-0.025,6.48
27779.0,-183.0,-353053.0,0.067,6.48
27784.0,-220.0,-352938.0,0.0,6.23
27789.0,-140.0,-352611.0,-0.033,6.23
27795.0,-202.0,-352951.0,-0.025,6.23
27799.0,-111.0,-352906.0,-0.025,6.48
27804.0,11.0,-352267.0,0.042,6.48
27810.0,-39.0,-352483.0,0.067,6.48
27815.0,250.0,-352828.0,-0.05,6.23
27821.0,-6.0,-352407.0,0.033,6.48
27826.0,160.0,-352081.0,0.0,6.96
27831.0,169.0,-352186.0,0.042,6.72
27836.0,-319.0,-351975.0,0.0,6.96
27841.0,-576.0,-351921.0,0.0,6.96
27845.0,187.0,-351922.0,-0.008,6.48
27851.0,-79.0,-351856.0,0.017,6.23
27856.0,-392.0,-352372.0,0.033,6.96
27862.0,-81.0,-352305.0,0.025,6.48
27867.0,-237.0,-351973.0,-0.008,6.23
27872.0,-338.0,-352068.0,0.0,6.48
27877.0,-188.0,-352185.0,0.05,6.48
27882.0,92.0,-351837.0,-0.05,6.48
27887.0,-71.0,-351674.0,0.008,6.23
27892.0,-393.0,-351635.0,-0.025,6.23
27898.0,-503.0,-351611.0,0.05,6.48
27902.0,-368.0,-351426.0,0.025,6.48
27908.0,-210.0,-351631.0,-0.033,6.72
27914.0,-170.0,-351377.0,0.008,6.48
27918.0,-47.0,-351452.0,0.017,6.48
27924.0,-127.0,-351065.0,0.017,6.48
27929.0,-203.0,-350905.0,0.008,6.48
27934.0,-54.0,-350792.0,0.075,6.23
27939.0,-350.0,-350807.0,0.017,6.96
27944.0,-244.0,-350525.0,0.008,6.23
27950.0,-153.0,-350930.0,0.008,6.48
27955.0,-81.0,-350889.0,-0.033,6.96
27961.0,-139.0,-350729.0,0.083,6.23
27965.0,-196.0,-350684.0,0.117,6.23
27970.0,-94.0,-350743.0,0.017,6.48
27976.0,-50.0,-350405.0,-0.025,6.48
27980.0,-137.0,-350250.0,-0.025,6.96
27986.0,-185.0,-350434.0,0.008,6.72
27992.0,43.0,-350538.0,0.008,6.72
27997.0,-90.0,-350387.0,-0.058,6.23
28002.0,-206.0,-350172.0,0.117,6.72
28008.0,128.0,-350280.0,0.0,6.23
28012.0,211.0,-350297.0,0.017,6.48
28017.0,17.0,-350044.0,0.075,6.72
28023.0,-97.0,-349722.0,0.042,6.96
28027.0,236.0,-349815.0,0.017,6.48
28034.0,-56.0,-350022.0,-0.117,6.48
28039.0,-420.0,-349716.0,-0.033,6.23
28044.0,-255.0,-349945.0,0.042,6.23
28049.0,-23.0,-349766.0,0.033,6.48
28054.0,-451.0,-349354.0,-0.017,6.23
28059.0,-322.0,-349465.0,-0.025,6.48
28064.0,-46.0,-349662.0,0.042,6.96
28070.0,194.0,-349206.0,0.008,6.23
28075.0,-55.0,-349309.0,0.058,6.23
28081.0,149.0,-349381.0,-0.042,6.48
28086.0,-229.0,-348923.0,-0.008,6.48
28091.0,-302.0,-348738.0,0.083,6.23
28096.0,-137.0,-348845.0,0.092,6.23
28101.0,-173.0,-349031.0,0.042,6.96
28106.0,96.0,-349148.0,0.0,6.48
28111.0,-30.0,-348948.0,0.025,6.48
28118.0,24.0,-349162.0,0.058,6.96
28122.0,-45.0,-348925.0,0.058,6.96
28127.0,-165.0,-349232.0,-0.058,6.23
28133.0,-27.0,-348810.0,0.033,6.48
28138.0,-50.0,-348795.0,0.042,5.74
28143.0,-134.0,-348310.0,-0.067,6.48
28148.0,-798.0,-348614.0,0.067,6.48
28153.0,-563.0,-348449.0,0.1,6.48
28158.0,77.0,-348310.0,0.008,6.48
28164.0,-69.0,-348070.0,-0.025,6.48
28169.0,-286.0,-348247.0,-0.067,6.48
28175.0,-186.0,-348109.0,0.058,6.23
28180.0,126.0,-347751.0,0.025,6.48
28186.0,-332.0,-347913.0,0.008,6.48
28190.0,-283.0,-348180.0,-0.092,6.96
28196.0,77.0,-347682.0,0.05,6.48
28201.0,-325.0,-347712.0,0.033,6.72
28207.0,-236.0,-347537.0,0.083,6.48
28212.0,45.0,-347440.0,0.025,6.48
28217.0,43.0,-347654.0,0.092,6.96
28222.0,-68.0,-347465.0,0.0,6.48
28227.0,-214.0,-347405.0,-0.008,6.96
28233.0,-90.0,-347601.0,-0.033,6.48
28237.0,-179.0,-347630.0,0.008,6.48
28243.0,-425.0,-347356.0,0.042,6.96
28249.0,-275.0,-347014.0,-0.05,6.23
28255.0,121.0,-347030.0,0.008,6.23
28260.0,-120.0,-347169.0,0.075,6.23
28265.0,18.0,-347121.0,0.008,6.48
28271.0,-444.0,-346761.0,-0.008,6.72
28275.0,-531.0,-346868.0,-0.025,6.48
28280.0,174.0,-346897.0,-0.008,6.48
28285.0,236.0,-346573.0,0.025,6.96
28291.0,55.0,-346612.0,0.083,6.48
28296.0,-413.0,-346382.0,0.025,6.48
28302.0,-47.0,-346086.0,0.05,6.96
28307.0,-56.0,-346011.0,0.033,6.23
28312.0,98.0,-346449.0,0.05,5.01
28318.0,94.0,-346125.0,0.017,6.48
28323.0,-156.0,-346045.0,-0.042,6.23
28328.0,-291.0,-345926.0,0.075,5.99
28334.0,-251.0,-346208.0,-0.017,6.72
28340.0,-93.0,-346096.0,0.058,6.48
28345.0,-203.0,-346099.0,0.017,6.23
28350.0,-162.0,-346182.0,-0.025,5.01
28355.0,-270.0,-346002.0,0.008,6.48
28360.0,28.0,-345981.0,0.05,6.48
28365.0,-155.0,-345874.0,-0.025,6.72
28370.0,-33.0,-345632.0,0.1,6.48
28376.0,-82.0,-345693.0,0.067,6.96
28381.0,-15.0,-345517.0,0.05,6.48
28387.0,-375.0,-345451.0,-0.017,6.48
28391.0,-478.0,-345352.0,0.025,6.23
28397.0,-104.0,-345270.0,0.083,6.48
28402.0,-310.0,-345306.0,-0.017,6.48
28408.0,34.0,-344894.0,-0.058,5.25
28412.0,-51.0,-344943.0,-0.017,6.48
28419.0,-137.0,-345335.0,0.083,6.96
28424.0,-213.0,-345243.0,0.05,6.23
28430.0,-165.0,-345046.0,0.025,6.48
28434.0,-46.0,-344961.0,0.158,6.48
28440.0,-344.0,-344981.0,-0.017,6.48
28445.0,-12.0,-344946.0,0.017,6.48
28449.0,-261.0,-345081.0,-0.008,6.96
28455.0,-349.0,-344649.0,0.033,6.72
28461.0,-177.0,-345012.0,0.067,6.72
28466.0,-86.0,-344881.0,-0.025,6.48
28471.0,-152.0,-344385.0,0.025,6.48
28476.0,-354.0,-344620.0,-0.042,6.23
28481.0,-339.0,-344627.0,0.042,6.23
28487.0,-471.0,-344177.0,0.05,6.48
28492.0,-1.0,-344324.0,0.05,6.23
28496.0,-318.0,-344053.0,0.058,6.48
28503.0,-248.0,-344003.0,-0.042,6.23
28508.0,-122.0,-343814.0,0.008,6.48
28512.0,-237.0,-344007.0,-0.025,6.96
28518.0,-151.0,-344111.0,-0.058,6.23
28523.0,135.0,-343810.0,0.075,6.48
28528.0,108.0,-344073.0,0.067,6.48
28533.0,-362.0,-343875.0,0.083,6.23
28538.0,-44.0,-344036.0,0.008,6.96
28544.0,-49.0,-343717.0,0.0,6.96
28549.0,171.0,-343841.0,0.008,6.23
28554.0,26.0,-344112.0,-0.042,6.23
28560.0,-50.0,-343572.0,0.025,6.48
28565.0,-100.0,-343440.0,-0.033,6.23
28570.0,-318.0,-343129.0,-0.017,6.48
28575.0,-89.0,-343816.0,0.0,6.48
28580.0,-39.0,-343364.0,0.075,6.96
28585.0,-279.0,-343069.0,0.033,6.96
28591.0,-226.0,-342920.0,-0.008,6.48
28596.0,-32.0,-342926.0,0.017,6.23
28602.0,-52.0,-342917.0,0.05,6.48
28606.0,-1.0,-342934.0,-0.117,6.48
28612.0,1.0,-342650.0,0.017,6.48
28616.0,20.0,-343007.0,0.058,6.96
28622.0,-290.0,-342979.0,0.0,6.72
28627.0,10.0,-342821.0,0.042,6.96
28633.0,194.0,-342582.0,0.067,6.48
28638.0,179.0,-342357.0,0.058,6.48
28643.0,3.0,-342669.0,0.0,6.48
28648.0,-47.0,-342574.0,0.033,6.48
28653.0,50.0,-342312.0,-0.042,6.48
28659.0,-248.0,-342438.0,0.0,6.23
28664.0,-342.0,-342413.0,-0.017,6.72
28669.0,-55.0,-342248.0,0.042,6.48
28675.0,-269.0,-342358.0,0.058,6.23
28680.0,-197.0,-342271.0,0.017,6.48
28685.0,-120.0,-341946.0,0.05,6.48
28690.0,-70.0,-342036.0,-0.008,6.23
28695.0,-240.0,-341901.0,0.0,6.96
28700.0,-207.0,-341774.0,0.075,6.48
28706.0,-549.0,-342028.0,0.017,6.23
28711.0,77.0,-342271.0,0.017,6.48
28716.0,-64.0,-341534.0,-0.042,6.48
28722.0,-100.0,-341580.0,0.058,6.48
28727.0,-160.0,-341589.0,0.042,6.48
28732.0,-439.0,-341628.0,0.042,6.23
28737.0,-443.0,-341672.0,0.05,6.48
28742.0,347.0,-341365.0,0.017,6.48
28747.0,358.0,-341046.0,0.075,6.23
28752.0,-252.0,-340986.0,0.058,6.23
28759.0,142.0,-340945.0,-0.067,6.23
28763.0,127.0,-341200.0,0.058,6.48
28769.0,-259.0,-340970.0,0.008,6.48
28774.0,-103.0,-340845.0,0.067,6.72
28778.0,-52.0,-340926.0,0.0,6.96
28784.0,-102.0,-341098.0,-0.042,6.23
28789.0,-34.0,-341013.0,0.058,6.48
28794.0,215.0,-341012.0,-0.05,6.96
28800.0,89.0,-341027.0,0.05,6.48
28804.0,-230.0,-340638.0,0.025,6.96
28810.0,-240.0,-340472.0,0.008,6.96
28815.0,38.0,-340589.0,0.067,4.52
28820.0,-83.0,-340676.0,0.0,6.72
28825.0,-31.0,-340312.0,0.008,6.96
28830.0,-73.0,-340485.0,0.017,6.72
28835.0,-336.0,-340368.0,-0.042,6.96
28840.0,-252.0,-340360.0,0.075,6.48
28846.0,-276.0,-340445.0,-0.033,6.96
28851.0,-423.0,-340086.0,0.033,6.48
28857.0,-277.0,-339870.0,-0.05,6.48
28862.0,-201.0,-339851.0,-0.033,6.72
28866.0,-82.0,-340050.0,0.042,6.72
28872.0,-78.0,-339872.0,0.067,6.23
28877.0,-46.0,-340105.0,-0.042,6.96
28881.0,41.0,-339846.0,0.067,6.72
28888.0,109.0,-339956.0,0.042,6.23
28893.0,-745.0,-340055.0,0.083,6.48
28898.0,-894.0,-340096.0,0.0,6.48
28903.0,-136.0,-339999.0,0.017,6.72
28907.0,3.0,-339862.0,0.042,6.48
28913.0,-527.0,-339536.0,0.0,6.23
28918.0,-489.0,-339515.0,-0.008,6.48
28923.0,-304.0,-339404.0,0.1,6.23
28929.0,226.0,-339396.0,0.075,6.96
28934.0,-338.0,-339039.0,-0.008,6.72
28939.0,-329.0,-338990.0,0.05,6.23
28944.0,205.0,-339076.0,0.033,6.48
28949.0,-425.0,-339087.0,-0.008,6.48
28954.0,-434.0,-339050.0,-0.008,6.48
28960.0,-152.0,-338904.0,0.0,6.23
28965.0,-306.0,-339141.0,0.067,6.48
28969.0,-273.0,-338838.0,0.008,6.96
28976.0,83.0,-338860.0,0.0,6.48
28981.0,-111.0,-338775.0,0.0,6.48
28986.0,-218.0,-338826.0,0.067,6.72
28991.0,-188.0,-338570.0,0.067,6.48
28996.0,-32.0,-338683.0,-0.025,6.23
29001.0,23.0,-338394.0,0.05,6.48
29006.0,-243.0,-338594.0,0.075,6.48
29011.0,89.0,-338753.0,0.033,6.72
29017.0,-148.0,-338685.0,0.05,6.23
29022.0,-103.0,-338580.0,-0.117,6.23
29027.0,-365.0,-338321.0,0.05,6.72
29032.0,-282.0,-337927.0,0.042,6.23
29037.0,-406.0,-337932.0,0.092,6.96
29042.0,-138.0,-338095.0,0.042,6.48
29047.0,-257.0,-337915.0,0.008,6.48
29053.0,-457.0,-337674.0,-0.083,6.48
29059.0,-203.0,-338059.0,0.042,6.48
29064.0,-40.0,-337813.0,0.017,6.48
29069.0,-100.0,-337650.0,0.033,6.48
29074.0,-130.0,-337439.0,0.008,6.48
29079.0,89.0,-337455.0,0.042,6.48
29084.0,-67.0,-337478.0,-0.083,6.23
29089.0,-132.0,-337691.0,0.067,7.21
29093.0,115.0,-337614.0,-0.008,6.48
29099.0,-313.0,-337647.0,0.042,6.23
29105.0,130.0,-337615.0,0.067,6.96
29110.0,-168.0,-337520.0,0.05,6.48
29115.0,-104.0,-337075.0,-0.008,6.48
29120.0,-37.0,-337287.0,-0.008,6.23
29125.0,-235.0,-337194.0,0.092,6.72
29130.0,-269.0,-337061.0,0.05,6.23
29135.0,-400.0,-336921.0,0.025,6.48
29140.0,-174.0,-336930.0,0.017,6.48
29146.0,-360.0,-336683.0,-0.033,6.96
29151.0,-275.0,-336955.0,0.017,6.23
29156.0,-89.0,-337000.0,0.075,8.19
29161.0,33.0,-336307.0,-0.125,6.96
29166.0,126.0,-336583.0,0.05,6.72
29172.0,-320.0,-336698.0,0.033,6.23
29176.0,-41.0,-336363.0,0.05,6.23
29181.0,-456.0,-336492.0,0.008,7.21
29187.0,-256.0,-336507.0,0.133,6.48
29192.0,-307.0,-336561.0,0.083,6.48
29197.0,-379.0,-336392.0,0.042,6.72
29202.0,-475.0,-336265.0,0.033,6.72
29207.0,-412.0,-336329.0,-0.017,6.72
29212.0,-218.0,-336416.0,-0.008,6.23
29217.0,-298.0,-336275.0,-0.042,6.48
29223.0,-183.0,-336217.0,-0.133,6.23
29229.0,-149.0,-335986.0,0.025,6.48
29234.0,7.0,-336489.0,-0.025,7.21
29239.0,-226.0,-335903.0,0.058,6.48
29244.0,-130.0,-335818.0,-0.017,6.96
29249.0,-570.0,-335837.0,0.017,6.23
29254.0,-537.0,-335781.0,0.108,6.48
29259.0,-213.0,-335832.0,0.092,6.72
29264.0,301.0,-335957.0,0.067,7.21
29270.0,50.0,-335207.0,0.042,6.72
29275.0,-226.0,-335506.0,0.033,6.48
29281.0,-494.0,-335425.0,0.05,6.23
29286.0,-331.0,-335405.0,-0.033,6.72
29291.0,-175.0,-335248.0,0.042,6.48
29296.0,-75.0,-335167.0,-0.008,6.72
29301.0,-308.0,-335219.0,-0.017,6.72
29306.0,-254.0,-335056.0,0.025,6.48
29313.0,-194.0,-335106.0,-0.075,6.48
29318.0,-497.0,-335300.0,-0.017,6.48
29322.0,-456.0,-335019.0,0.017,6.23
29327.0,6.0,-334882.0,0.0,6.96
29332.0,-169.0,-335323.0,0.025,6.23
29337.0,-419.0,-334926.0,0.0,6.48
29342.0,-262.0,-334924.0,0.058,6.48
29347.0,-345.0,-334737.0,0.058,6.48
29352.0,-345.0,-335019.0,-0.008,6.23
29358.0,-140.0,-334947.0,0.042,6.72
29363.0,105.0,-334900.0,-0.05,6.23
29369.0,-349.0,-334312.0,0.008,6.48
29374.0,-310.0,-334418.0,0.0,6.96
29379.0,-58.0,-334351.0,0.017,6.48
29384.0,-478.0,-334356.0,0.1,6.48
29389.0,-551.0,-334236.0,-0.017,5.5
29394.0,43.0,-334159.0,0.075,6.23
29400.0,-107.0,-334278.0,-0.025,6.23
29405.0,-292.0,-334162.0,0.133,6.96
29410.0,-132.0,-334055.0,-0.042,6.48
29415.0,-34.0,-333832.0,-0.133,6.23
29420.0,-177.0,-333782.0,0.025,6.96
29425.0,-187.0,-333933.0,0.008,6.96
29430.0,-3.0,-334156.0,0.017,6.96
29435.0,-2.0,-333904.0,0.083,6.23
29441.0,64.0,-333855.0,-0.008,6.48
29447.0,-94.0,-333845.0,-0.025,6.96
29452.0,-603.0,-333721.0,-0.058,6.72
29457.0,-164.0,-333866.0,0.058,6.48
29462.0,200.0,-333560.0,-0.025,6.72
29467.0,393.0,-333282.0,0.05,7.21
29472.0,-262.0,-333161.0,-0.1,6.48
29478.0,-300.0,-333401.0,0.017,6.96
29484.0,-473.0,-333273.0,0.0,6.23
29488.0,-386.0,-333026.0,0.025,6.72
29494.0,116.0,-333476.0,-0.017,6.23
29499.0,-155.0,-333230.0,0.108,6.48
29504.0,-104.0,-333219.0,0.017,6.48
29509.0,-200.0,-332803.0,0.025,6.48
29514.0,-463.0,-332733.0,0.05,6.23
29519.0,-526.0,-332898.0,0.067,6.96
29524.0,-286.0,-332980.0,-0.008,6.48
29530.0,-45.0,-332572.0,-0.042,6.48
29535.0,-242.0,-332683.0,-0.008,6.23
29541.0,-4.0,-332583.0,0.033,6.48
29545.0,119.0,-332654.0,-0.033,6.96
29550.0,-137.0,-332529.0,0.058,6.48
29555.0,-240.0,-332707.0,-0.092,6.23
29560.0,171.0,-332922.0,0.033,7.21
29565.0,-445.0,-332435.0,0.0,6.72
29571.0,-530.0,-332503.0,0.042,6.23
29576.0,-284.0,-332424.0,0.042,6.48
29582.0,56.0,-332398.0,-0.042,6.48
29587.0,-57.0,-332446.0,0.133,6.48
29591.0,-250.0,-332399.0,-0.042,6.23
29597.0,-122.0,-332109.0,0.017,6.23
29602.0,-9.0,-331933.0,0.108,6.23
29607.0,-186.0,-332208.0,-0.033,6.96
29613.0,-136.0,-332060.0,0.008,6.72
29618.0,149.0,-332060.0,0.067,6.96
29623.0,74.0,-331901.0,-0.05,6.48
29628.0,-348.0,-331669.0,0.017,6.48
29633.0,-5.0,-331759.0,-0.033,6.23
29638.0,-200.0,-331754.0,0.025,6.48
29644.0,-106.0,-331314.0,-0.033,6.72
29649.0,-199.0,-331516.0,0.033,6.23
29654.0,126.0,-331769.0,0.125,6.48
29660.0,-78.0,-331357.0,0.05,6.48
29665.0,-143.0,-331511.0,0.008,6.48
29670.0,-82.0,-331488.0,0.067,6.48
29675.0,-156.0,-331218.0,0.042,6.48
29680.0,-215.0,-331449.0,0.083,6.72
29685.0,91.0,-330962.0,0.058,6.96
29690.0,257.0,-331050.0,0.092,6.23
29696.0,48.0,-331265.0,0.167,6.23
29701.0,-150.0,-331202.0,-0.033,6.23
29707.0,36.0,-330798.0,0.017,6.72
29711.0,53.0,-330545.0,-0.025,6.23
29716.0,-89.0,-330814.0,-0.017,6.96
29721.0,-94.0,-331006.0,-0.067,6.96
29726.0,131.0,-330873.0,0.042,6.48
29731.0,-11.0,-330559.0,0.05,6.48
29736.0,-144.0,-330661.0,0.008,6.48
29742.0,115.0,-330466.0,-0.067,6.23
29748.0,-105.0,-330524.0,0.017,6.23
29753.0,-268.0,-330432.0,0.075,6.23
29757.0,-313.0,-330229.0,0.042,6.23
29763.0,-131.0,-330201.0,0.075,6.48
29768.0,-154.0,-330569.0,-0.008,6.48
29773.0,-59.0,-330378.0,0.008,7.21
29778.0,-297.0,-330356.0,0.0,6.48
29784.0,-172.0,-330328.0,-0.033,6.48
29789.0,-179.0,-330285.0,0.075,6.48
29794.0,-229.0,-330157.0,0.033,6.96
29800.0,-244.0,-329735.0,-0.033,6.48
29804.0,103.0,-329904.0,-0.083,6.96
29810.0,-189.0,-330034.0,0.033,6.23
29815.0,-344.0,-329858.0,0.083,6.48
29820.0,-165.0,-329539.0,-0.017,6.48
29826.0,-129.0,-329869.0,0.042,6.72
29831.0,28.0,-329453.0,0.033,6.72
29836.0,319.0,-329416.0,-0.075,6.48
29841.0,-181.0,-329610.0,-0.008,6.23
29846.0,-354.0,-329559.0,0.033,6.23
29851.0,-328.0,-329672.0,0.167,6.72
29857.0,-434.0,-329402.0,0.075,6.72
29862.0,-215.0,-329322.0,0.008,6.96
29867.0,-300.0,-329233.0,0.175,6.48
29873.0,-366.0,-329465.0,0.083,7.21
29878.0,-361.0,-329476.0,0.058,6.48
29882.0,104.0,-329079.0,-0.075,6.96
29888.0,-350.0,-328989.0,0.025,6.72
29892.0,-191.0,-328998.0,0.117,6.23
29897.0,-245.0,-328897.0,-0.033,6.48
29903.0,-181.0,-329293.0,0.025,6.48
29908.0,-38.0,-329128.0,0.017,6.48
29914.0,80.0,-328969.0,-0.017,6.23
29918.0,-169.0,-328782.0,-0.067,6.23
29923.0,-94.0,-328795.0,0.008,6.72
29928.0,-236.0,-328959.0,0.042,6.48
29933.0,-309.0,-328844.0,0.075,6.96
29938.0,-163.0,-328743.0,0.092,6.48
29944.0,159.0,-328445.0,0.033,6.48
29948.0,38.0,-328436.0,0.033,5.25
29955.0,-152.0,-328056.0,-0.008,6.72
29960.0,126.0,-328238.0,0.092,6.23
29965.0,-277.0,-328325.0,0.033,7.21
29970.0,-158.0,-328264.0,0.1,6.23
29975.0,-142.0,-328448.0,0.042,6.23
29980.0,1.0,-328459.0,0.067,6.48
29985.0,-49.0,-328083.0,0.05,6.48
29991.0,-43.0,-328467.0,-0.05,6.23
29996.0,-202.0,-328066.0,0.033,6.23
30002.0,-96.0,-328009.0,0.058,6.48
30007.0,-300.0,-327953.0,0.008,6.96
30012.0,-187.0,-327844.0,0.033,7.21
30017.0,-313.0,-327933.0,-0.025,6.23
30022.0,-305.0,-327719.0,0.0,6.48
30027.0,-450.0,-327608.0,-0.075,6.48
30032.0,-248.0,-327485.0,0.008,6.23
30039.0,-4.0,-327615.0,-0.017,6.72
30043.0,-193.0,-327458.0,0.1,7.21
30049.0,-305.0,-327266.0,0.058,6.96
30054.0,-277.0,-327472.0,-0.067,6.48
30059.0,-444.0,-327287.0,-0.017,6.48
30063.0,-99.0,-326826.0,-0.025,6.23
30069.0,-287.0,-327184.0,-0.008,6.72
30074.0,-382.0,-327131.0,0.008,6.23
30080.0,-232.0,-327073.0,0.008,6.23
30086.0,-98.0,-326911.0,0.0,6.96
30090.0,-137.0,-326718.0,-0.042,6.48
30095.0,-1.0,-326883.0,0.067,6.48
30101.0,-445.0,-327275.0,0.067,6.23
30105.0,-314.0,-326770.0,0.058,6.48
30111.0,-32.0,-326723.0,0.033,6.48
30116.0,-302.0,-326787.0,0.067,6.23
30121.0,-481.0,-326808.0,-0.058,7.21
30127.0,99.0,-327001.0,0.05,6.72
30132.0,-115.0,-326567.0,-0.033,6.48
30137.0,-218.0,-326520.0,0.125,6.48
30143.0,-328.0,-326764.0,0.033,6.48
30148.0,-238.0,-326702.0,0.1,6.48
30154.0,-450.0,-326148.0,0.0,7.21
30158.0,-31.0,-326211.0,0.058,6.48
30164.0,219.0,-326371.0,0.108,6.96
30170.0,-203.0,-326257.0,0.067,6.23
30176.0,-13.0,-326215.0,0.025,6.96
30180.0,362.0,-325992.0,-0.033,6.72
30186.0,-92.0,-326032.0,0.017,6.96
30192.0,-188.0,-325836.0,0.092,6.23
30196.0,7.0,-325727.0,0.017,6.96
30202.0,77.0,-325449.0,0.075,6.23
30208.0,-383.0,-325925.0,0.092,6.23
30214.0,-471.0,-325681.0,-0.042,6.23
30218.0,-248.0,-325588.0,-0.025,6.48
30224.0,-56.0,-325376.0,-0.025,6.48
30229.0,-504.0,-325760.0,0.058,6.96
30235.0,-258.0,-325320.0,0.1,6.48
30240.0,-107.0,-325211.0,-0.1,6.96
30245.0,-21.0,-325169.0,0.0,6.48
30252.0,5.0,-325393.0,0.058,6.23
30256.0,20.0,-325258.0,0.1,6.96
30262.0,36.0,-325458.0,-0.042,6.48
30267.0,-410.0,-325176.0,-0.033,5.5
30273.0,-88.0,-325210.0,0.05,6.72
30277.0,51.0,-325279.0,-0.058,6.72
30283.0,-233.0,-324801.0,0.025,6.48
30288.0,-419.0,-324809.0,0.133,6.96
30294.0,-94.0,-324696.0,-0.008,6.23
30299.0,-191.0,-324922.0,0.0,6.72
30305.0,-279.0,-324598.0,0.025,6.48
30309.0,-240.0,-324795.0,-0.075,6.48
30315.0,-240.0,-324707.0,0.075,6.23
30320.0,-440.0,-324749.0,0.125,6.48
30326.0,-120.0,-324677.0,0.1,6.48
30331.0,-189.0,-324274.0,0.008,6.48
30337.0,-319.0,-324382.0,-0.017,6.48
30343.0,-41.0,-324500.0,0.092,6.72
30348.0,119.0,-324769.0,-0.017,7.21
30352.0,-8.0,-324406.0,-0.008,6.23
30358.0,-72.0,-324480.0,0.033,6.72
30363.0,-230.0,-324461.0,-0.025,6.23
30367.0,-93.0,-323918.0,-0.017,6.23
30373.0,-289.0,-324274.0,0.025,6.48
30379.0,-93.0,-324097.0,0.042,6.23
30384.0,-92.0,-323840.0,-0.05,6.23
30389.0,108.0,-324010.0,0.008,6.48
30394.0,-69.0,-324025.0,0.017,6.48
30399.0,-292.0,-324059.0,0.117,6.23
30404.0,-112.0,-323737.0,-0.042,6.48
30409.0,-13.0,-323622.0,-0.075,6.48
30414.0,-372.0,-323782.0,0.017,6.96
30420.0,-88.0,-323754.0,0.067,6.23
30425.0,-375.0,-323767.0,0.075,6.23
30431.0,7.0,-323553.0,-0.092,6.48
30436.0,167.0,-323319.0,0.075,6.48
30441.0,-289.0,-323284.0,0.0,6.48
30446.0,-368.0,-323575.0,0.058,6.48
30452.0,-376.0,-323117.0,0.0,6.48
30457.0,138.0,-323140.0,0.0,6.23
30461.0,51.0,-323853.0,-0.05,6.23
30468.0,-133.0,-323103.0,0.033,6.48
30473.0,-217.0,-323152.0,0.0,6.23
30477.0,-98.0,-322671.0,0.0,6.48
30483.0,-190.0,-322935.0,0.067,6.23
30487.0,-27.0,-323180.0,0.008,6.48
30493.0,297.0,-322922.0,-0.075,6.23
30499.0,55.0,-322954.0,-0.033,6.48
30504.0,-67.0,-323063.0,0.042,6.96
30509.0,-354.0,-322858.0,-0.025,6.48
30515.0,132.0,-322928.0,0.025,6.23
30520.0,-402.0,-322771.0,0.042,6.23
30524.0,-163.0,-322260.0,0.108,6.48
30530.0,91.0,-322014.0,0.017,6.48
30535.0,-135.0,-322309.0,-0.033,6.48
30540.0,-200.0,-322708.0,-0.033,6.96
30545.0,-190.0,-322616.0,-0.042,6.48
30551.0,-220.0,-322433.0,0.008,6.96
30556.0,-331.0,-322516.0,0.0,6.72
30561.0,-109.0,-322376.0,0.025,6.48
30567.0,-53.0,-322395.0,-0.075,6.96
30571.0,-60.0,-322064.0,0.05,6.48
30577.0,-170.0,-322098.0,0.058,6.48
30582.0,-350.0,-322107.0,0.008,6.72
30586.0,-319.0,-322274.0,0.1,6.23
30593.0,-295.0,-322026.0,0.067,7.21
30598.0,-151.0,-322135.0,0.042,6.23
30603.0,-384.0,-321744.0,0.1,6.48
30608.0,-402.0,-321560.0,-0.05,6.96
30613.0,-372.0,-321841.0,-0.025,6.23
30618.0,25.0,-322098.0,0.017,6.48
30623.0,-59.0,-322031.0,0.0,6.23
30628.0,-562.0,-321772.0,0.108,7.7
30633.0,-492.0,-321298.0,0.092,6.72
30639.0,292.0,-321143.0,0.008,6.96
30644.0,-107.0,-321322.0,0.033,6.48
30649.0,-401.0,-321448.0,0.042,6.96
30655.0,-217.0,-321407.0,0.058,6.72
30659.0,16.0,-321292.0,0.017,6.48
30665.0,-414.0,-321534.0,0.033,6.23
30670.0,-344.0,-321249.0,-0.033,6.96
30674.0,-167.0,-321754.0,0.083,6.96
30681.0,-497.0,-321158.0,-0.083,6.48
30686.0,-217.0,-321023.0,-0.008,6.48
30691.0,-92.0,-320612.0,0.05,6.96
30696.0,-678.0,-320896.0,0.0,6.72
30701.0,-94.0,-320945.0,0.0,6.48
30706.0,-207.0,-320648.0,0.1,6.96
30711.0,-521.0,-320842.0,-0.008,6.48
30716.0,-151.0,-320863.0,-0.017,6.72
30722.0,-130.0,-320640.0,0.008,6.96
30728.0,-182.0,-320784.0,0.017,6.72
30733.0,-376.0,-321047.0,0.083,6.48
30737.0,-325.0,-320648.0,-0.042,6.96
30743.0,13.0,-320368.0,0.017,6.48
30748.0,-247.0,-320311.0,-0.017,6.96
30753.0,-38.0,-320288.0,-0.067,6.72
30758.0,40.0,-320284.0,0.042,6.72
30764.0,-112.0,-320193.0,0.1,6.72
30769.0,-297.0,-320253.0,0.042,6.72
30775.0,-269.0,-320045.0,0.008,6.23
30780.0,-341.0,-320136.0,-0.083,6.48
30785.0,-294.0,-320045.0,0.017,6.23
30790.0,-478.0,-319969.0,0.067,6.48
30795.0,-150.0,-320344.0,0.067,6.48
30800.0,-9.0,-319861.0,-0.017,6.23
30806.0,-73.0,-319943.0,0.017,6.48
30811.0,-65.0,-319992.0,0.108,6.48
30816.0,-244.0,-320117.0,0.092,6.48
30822.0,-52.0,-319623.0,-0.042,6.48
30827.0,28.0,-319476.0,0.025,6.23
30831.0,-227.0,-319681.0,-0.033,6.23
30837.0,99.0,-319425.0,0.05,6.96
30842.0,259.0,-319498.0,0.05,6.48
30846.0,-88.0,-319613.0,0.025,6.23
30852.0,-364.0,-319160.0,0.0,6.48
30857.0,-231.0,-319263.0,0.092,8.19
30862.0,-122.0,-319435.0,0.067,6.48
30867.0,-586.0,-319078.0,0.05,6.96
30872.0,-463.0,-318877.0,-0.017,6.96
30877.0,33.0,-319298.0,0.067,6.48
30882.0,-45.0,-319381.0,-0.025,6.72
30887.0,50.0,-318947.0,-0.058,6.48
30893.0,-486.0,-318778.0,0.008,6.96
30898.0,30.0,-319063.0,0.058,6.23
30903.0,-237.0,-319113.0,0.058,6.96
30908.0,-181.0,-319060.0,-0.1,6.96
30913.0,162.0,-318823.0,0.108,6.72
30918.0,-99.0,-318870.0,-0.025,6.23
30923.0,-233.0,-318867.0,0.058,6.48
30928.0,246.0,-318853.0,-0.033,6.48
30934.0,-522.0,-318790.0,-0.033,6.48
30939.0,-658.0,-318899.0,0.058,7.21
30944.0,-357.0,-318785.0,0.125,6.48
30949.0,-111.0,-318370.0,0.025,6.96
30954.0,-253.0,-318413.0,-0.033,6.96
30959.0,-132.0,-318415.0,-0.017,6.48
30965.0,-32.0,-318142.0,-0.017,6.23
30970.0,-174.0,-318339.0,0.058,6.48
30976.0,-167.0,-318131.0,-0.033,6.72
30981.0,-99.0,-318070.0,0.05,6.23
30986.0,-225.0,-318299.0,-0.017,6.48
30991.0,-196.0,-318333.0,-0.025,6.48
30996.0,-42.0,-318172.0,0.008,6.48
31001.0,3.0,-317723.0,0.042,6.48
31005.0,-140.0,-318044.0,-0.042,6.23
31010.0,-122.0,-317973.0,-0.017,6.48
31015.0,45.0,-318017.0,0.092,6.48
31021.0,-45.0,-318150.0,0.05,6.48
31026.0,-174.0,-317951.0,0.008,6.72
31031.0,-275.0,-317918.0,0.033,6.23
31036.0,-227.0,-317721.0,0.092,6.23
31041.0,-138.0,-317749.0,-0.067,6.23
31046.0,-130.0,-317852.0,-0.033,7.21
31051.0,-222.0,-317539.0,0.025,7.21
31056.0,-151.0,-317185.0,0.033,6.23
31062.0,9.0,-317300.0,0.008,6.48
31067.0,214.0,-317397.0,0.092,6.23
31071.0,-277.0,-317462.0,-0.067,6.48
31077.0,333.0,-317319.0,-0.008,5.74
31082.0,-138.0,-316951.0,0.058,6.72
31087.0,-302.0,-317206.0,0.05,6.23
31092.0,-434.0,-317223.0,0.067,6.23
31097.0,-287.0,-317195.0,0.025,6.48
31102.0,-403.0,-317130.0,0.017,6.48
31108.0,311.0,-316763.0,0.058,6.48
31113.0,318.0,-316895.0,0.058,6.23
31118.0,-586.0,-317162.0,0.042,6.48
31123.0,-262.0,-316937.0,0.092,6.23
31129.0,-169.0,-316685.0,0.033,6.48
31134.0,-387.0,-316510.0,0.075,6.72
31139.0,-367.0,-316637.0,-0.083,6.23
31144.0,-2.0,-316489.0,-0.033,6.96
31150.0,-360.0,-316632.0,0.033,6.48
31155.0,-46.0,-316375.0,0.042,6.23
31160.0,-67.0,-316509.0,-0.033,6.48
31165.0,-175.0,-316462.0,0.083,6.23
31170.0,-53.0,-316487.0,0.15,6.96
31175.0,270.0,-316565.0,0.05,5.74
31180.0,-42.0,-316490.0,0.042,6.23
31186.0,-68.0,-315718.0,0.05,6.72
31192.0,-225.0,-316266.0,0.0,6.96
31197.0,-275.0,-316167.0,-0.017,6.23
31202.0,-93.0,-316204.0,0.017,6.48
31207.0,-238.0,-315756.0,-0.008,6.48
31212.0,-294.0,-315869.0,-0.008,6.23
31217.0,-282.0,-315984.0,0.125,6.48
31222.0,-111.0,-315892.0,0.033,6.48
31228.0,-313.0,-315881.0,-0.008,6.23
31234.0,-167.0,-315664.0,0.1,6.23
31239.0,-252.0,-315774.0,-0.067,6.23
31244.0,148.0,-315625.0,0.083,6.96
31249.0,-184.0,-315712.0,0.092,6.48
31254.0,-299.0,-315838.0,0.017,6.48
31259.0,-493.0,-315367.0,0.067,6.96
31264.0,-1.0,-315548.0,0.05,6.48
31269.0,190.0,-315360.0,0.025,6.48
31275.0,-62.0,-315261.0,-0.033,6.72
31280.0,-18.0,-315264.0,-0.083,6.48
31285.0,-485.0,-315332.0,0.025,6.72
31291.0,137.0,-315359.0,-0.008,6.48
31296.0,-75.0,-315058.0,-0.025,6.48
31301.0,-454.0,-315016.0,0.108,6.48
31306.0,-88.0,-315197.0,-0.125,6.23
31311.0,138.0,-314829.0,0.008,6.48
31316.0,-33.0,-314911.0,0.0,6.96
31322.0,-346.0,-314732.0,-0.008,6.48
31327.0,-190.0,-314872.0,0.017,6.48
31333.0,-217.0,-314534.0,-0.025,6.23
31337.0,-194.0,-314685.0,0.158,6.48
31343.0,-182.0,-315001.0,-0.058,6.23
31348.0,-415.0,-314367.0,0.025,6.96
31352.0,-240.0,-314176.0,0.0,7.21
31358.0,-186.0,-314530.0,0.008,6.48
31364.0,99.0,-314388.0,-0.033,6.48
31369.0,106.0,-314477.0,-0.008,6.48
31374.0,-358.0,-314493.0,0.042,6.23
31379.0,-309.0,-314305.0,0.142,6.96
31384.0,74.0,-314400.0,0.042,6.23
31389.0,-128.0,-314486.0,0.133,6.72
31395.0,57.0,-314486.0,0.033,6.48
31400.0,-375.0,-314207.0,0.0,6.23
31406.0,-9.0,-314130.0,0.042,6.48
31410.0,-34.0,-314145.0,0.042,6.48
31415.0,178.0,-314240.0,-0.075,6.48
31420.0,125.0,-314022.0,-0.017,7.7
31425.0,366.0,-314163.0,-0.008,6.23
31430.0,-162.0,-313753.0,0.058,7.21
31436.0,-7.0,-314155.0,0.108,6.48
31440.0,140.0,-313716.0,0.058,6.23
31447.0,-138.0,-313848.0,0.025,6.23
31452.0,-445.0,-313680.0,0.025,6.23
31456.0,-162.0,-313593.0,0.167,6.72
31462.0,-148.0,-313593.0,0.025,6.48
31467.0,-353.0,-313327.0,0.0,6.23
31472.0,-262.0,-313430.0,0.058,6.48
31477.0,-80.0,-313270.0,0.025,6.23
31482.0,-219.0,-313396.0,0.042,6.23
31488.0,-94.0,-313491.0,-0.117,6.48
31493.0,232.0,-313391.0,-0.017,6.23
31499.0,67.0,-313403.0,-0.033,6.72
31503.0,-426.0,-313362.0,-0.017,6.48
31509.0,-260.0,-312750.0,-0.008,6.48
31514.0,183.0,-313222.0,0.025,6.23
31518.0,42.0,-312929.0,-0.025,6.48
31524.0,-120.0,-312899.0,0.008,6.96
31529.0,-453.0,-313055.0,0.008,6.23
31535.0,160.0,-313250.0,0.008,6.23
31540.0,-72.0,-312826.0,0.042,6.72
31545.0,-47.0,-312501.0,0.1,6.96
31550.0,-13.0,-312458.0,-0.1,6.72
31555.0,-397.0,-312824.0,-0.033,6.48
31560.0,-302.0,-312615.0,0.067,6.23
31565.0,-150.0,-312306.0,-0.025,6.96
31571.0,-270.0,-312376.0,0.042,7.21
31576.0,-213.0,-312391.0,0.108,6.23
31582.0,-387.0,-312536.0,-0.008,6.72
31587.0,-413.0,-312226.0,0.1,6.48
31592.0,-186.0,-312429.0,0.025,6.96
31597.0,-276.0,-312524.0,0.1,6.48
31602.0,-124.0,-312468.0,-0.025,6.48
31607.0,-55.0,-312431.0,-0.092,6.48
31612.0,-251.0,-312366.0,-0.05,6.48
31619.0,-247.0,-312332.0,0.067,6.23
31623.0,24.0,-312051.0,0.033,6.23
31628.0,-124.0,-312050.0,0.042,6.96
31634.0,-46.0,-312138.0,0.025,6.48
31639.0,209.0,-312185.0,0.008,6.48
31644.0,-77.0,-312050.0,-0.025,6.48
31649.0,52.0,-311882.0,-0.025,5.25
31653.0,77.0,-311903.0,0.017,6.48
31660.0,109.0,-311495.0,0.017,6.48
31665.0,-152.0,-311681.0,0.0,6.23
31669.0,-5.0,-311680.0,-0.025,7.21
31675.0,-203.0,-311602.0,0.0,6.48
31680.0,-56.0,-311619.0,-0.025,6.23
31685.0,-254.0,-311414.0,0.0,6.48
31690.0,-258.0,-311698.0,-0.05,6.48
31695.0,-187.0,-311619.0,-0.008,6.72
31700.0,-291.0,-311104.0,0.067,6.23
31706.0,31.0,-311584.0,0.025,6.48
31711.0,174.0,-311331.0,0.025,6.72
31716.0,-12.0,-311398.0,0.017,6.72
31722.0,-574.0,-310950.0,-0.008,6.48
31726.0,-127.0,-310907.0,0.108,6.96
31731.0,-133.0,-311298.0,0.017,6.48
31737.0,99.0,-311048.0,-0.058,6.48
31741.0,-272.0,-310913.0,0.067,6.96
31748.0,-240.0,-311096.0,0.1,6.48
31753.0,110.0,-310838.0,0.025,6.48
31758.0,205.0,-311195.0,0.0,6.48
31763.0,-449.0,-310678.0,0.058,6.72
31768.0,-235.0,-310814.0,0.017,6.72
31773.0,12.0,-310533.0,0.058,6.23
31778.0,108.0,-310850.0,0.05,6.72
31784.0,-166.0,-310582.0,0.008,6.96
31789.0,201.0,-310501.0,0.058,6.48
31794.0,-243.0,-310640.0,-0.058,6.48
31800.0,-405.0,-310056.0,-0.033,6.72
31805.0,-276.0,-310265.0,0.025,6.48
31810.0,-328.0,-310670.0,0.025,6.72
31815.0,-316.0,-310330.0,0.033,6.23
31820.0,-111.0,-310317.0,-0.008,6.23
31825.0,105.0,-310062.0,0.117,6.48
31831.0,105.0,-310650.0,0.067,6.48
31836.0,98.0,-310115.0,-0.025,6.23
31841.0,-6.0,-310014.0,0.025,6.23
31847.0,108.0,-310080.0,0.067,6.48
31851.0,-127.0,-310317.0,-0.033,6.96
31857.0,-231.0,-310085.0,0.0,6.96
31862.0,-247.0,-309763.0,0.075,6.48
31867.0,-372.0,-309984.0,0.075,6.23
31873.0,-192.0,-309967.0,0.0,6.48
31879.0,94.0,-309283.0,0.042,6.48
31883.0,91.0,-309256.0,0.05,6.48
31888.0,-313.0,-309583.0,-0.025,6.23
31894.0,-115.0,-309783.0,0.025,6.48
31898.0,-66.0,-309566.0,0.025,6.48
31903.0,-432.0,-309739.0,0.025,6.96
31909.0,-418.0,-309341.0,0.067,6.48
31915.0,-191.0,-309448.0,0.017,6.23
31920.0,-165.0,-309521.0,-0.025,6.48
31925.0,-139.0,-309355.0,0.05,6.48
31930.0,-248.0,-309166.0,-0.017,6.23
31935.0,-202.0,-308925.0,-0.017,6.96
31941.0,226.0,-309077.0,0.067,6.48
31945.0,163.0,-309044.0,0.033,6.96
31950.0,151.0,-308731.0,0.05,6.48
31956.0,9.0,-308977.0,0.042,6.96
31961.0,180.0,-308976.0,-0.017,6.48
31967.0,-390.0,-308898.0,0.067,6.72
31973.0,240.0,-308688.0,0.05,6.48
31978.0,182.0,-308672.0,0.042,6.48
31983.0,-295.0,-308963.0,0.1,6.48
31988.0,-183.0,-308687.0,0.008,6.96
31994.0,-159.0,-308595.0,0.008,6.48
32000.0,-249.0,-308741.0,-0.042,6.96
32005.0,-14.0,-308746.0,0.025,6.72
32010.0,16.0,-308552.0,0.025,6.72
32016.0,-418.0,-308400.0,0.1,6.72
32021.0,81.0,-308117.0,0.017,6.96
32026.0,7.0,-308331.0,0.033,6.48
32032.0,61.0,-308335.0,-0.033,6.48
32037.0,-225.0,-308283.0,-0.017,6.72
32043.0,-302.0,-308442.0,0.025,6.48
32048.0,-194.0,-308174.0,0.017,6.48
32054.0,-406.0,-308010.0,0.025,6.23
32058.0,-159.0,-308135.0,0.008,6.48
32063.0,80.0,-308090.0,0.15,6.48
32069.0,186.0,-308034.0,0.108,6.23
32073.0,-125.0,-307829.0,0.017,6.96
32079.0,69.0,-308095.0,0.058,6.48
32084.0,-393.0,-307911.0,0.058,6.48
32090.0,-404.0,-307764.0,-0.008,6.23
32095.0,60.0,-307892.0,-0.025,6.48
32101.0,-188.0,-307386.0,0.033,8.19
32107.0,-182.0,-307640.0,0.05,6.48
32111.0,-137.0,-307701.0,-0.042,6.48
32117.0,-409.0,-307549.0,0.033,6.23
32122.0,-359.0,-307233.0,-0.025,6.48
32129.0,-291.0,-307267.0,0.017,6.48
32133.0,-288.0,-307146.0,0.067,6.72
32139.0,50.0,-307118.0,-0.025,6.48
32145.0,-258.0,-307448.0,0.067,6.48
32150.0,-108.0,-307125.0,0.075,6.48
32154.0,-195.0,-306978.0,0.083,6.23
32160.0,-115.0,-307278.0,-0.017,6.72
32165.0,-123.0,-307389.0,-0.008,6.23
32171.0,138.0,-307024.0,-0.058,6.48
32176.0,32.0,-307404.0,0.033,6.48
32181.0,-98.0,-307159.0,0.025,6.72
32186.0,-99.0,-307198.0,-0.083,6.48
32191.0,-113.0,-306512.0,0.05,6.96
32196.0,-162.0,-306441.0,-0.017,6.96
32201.0,111.0,-306815.0,0.033,6.48
32207.0,-93.0,-306911.0,0.058,6.23
32211.0,164.0,-306688.0,0.058,6.72
32217.0,-145.0,-306424.0,-0.033,6.48
32223.0,235.0,-306454.0,0.042,6.23
32227.0,192.0,-306357.0,-0.042,6.96
32233.0,-577.0,-306361.0,-0.008,6.72
32238.0,-151.0,-306487.0,0.075,6.48
32243.0,-80.0,-306536.0,0.05,6.96
32248.0,-31.0,-306394.0,0.008,6.72
32253.0,95.0,-306252.0,-0.067,6.72
32259.0,-240.0,-306379.0,0.025,6.48
32264.0,22.0,-306339.0,0.05,6.48
32270.0,28.0,-306289.0,-0.042,6.48
32275.0,-380.0,-306332.0,0.067,6.72
32280.0,-203.0,-305869.0,-0.033,6.23
32285.0,-459.0,-306133.0,0.008,6.48
32290.0,-305.0,-305858.0,0.083,6.96
32295.0,-120.0,-305947.0,0.042,6.48
32301.0,-362.0,-305875.0,-0.042,6.96
32307.0,-340.0,-305450.0,0.025,6.48
32311.0,-223.0,-305737.0,-0.083,6.72
32317.0,-111.0,-305757.0,0.033,6.48
32322.0,-411.0,-305950.0,0.033,6.72
32327.0,-468.0,-305663.0,0.017,6.48
32332.0,-478.0,-305347.0,0.067,6.48
32337.0,-218.0,-305472.0,-0.042,6.96
32343.0,-205.0,-305847.0,0.0,6.48
32348.0,-559.0,-305547.0,0.033,6.48
32353.0,-121.0,-305430.0,0.05,6.48
32358.0,-88.0,-305373.0,-0.008,6.23
32364.0,-170.0,-305503.0,0.092,7.21
32369.0,102.0,-305216.0,0.025,6.48
32373.0,143.0,-305429.0,0.017,6.23
32379.0,-283.0,-305227.0,-0.025,6.96
32385.0,-217.0,-305000.0,0.008,6.96
32390.0,-324.0,-305081.0,-0.042,7.21
32395.0,-84.0,-304829.0,0.033,6.96
32400.0,-344.0,-304942.0,0.075,6.23
32405.0,-327.0,-304793.0,-0.008,6.48
32410.0,-253.0,-304697.0,0.05,6.48
32415.0,-149.0,-304956.0,0.042,7.21
32420.0,-410.0,-304587.0,0.092,6.23
32427.0,42.0,-304413.0,0.025,6.72
32432.0,-570.0,-304746.0,0.025,6.23
32436.0,-807.0,-304757.0,0.0,6.23
32442.0,-289.0,-304779.0,0.042,6.48
32447.0,-69.0,-304558.0,0.108,6.48
32452.0,-384.0,-304291.0,0.1,7.21
32457.0,-282.0,-304425.0,0.042,6.96
32462.0,-166.0,-304406.0,0.067,6.23
32467.0,7.0,-304319.0,0.017,6.48
32473.0,-283.0,-304389.0,-0.033,6.23
32478.0,-137.0,-304248.0,-0.017,6.72
32484.0,-388.0,-304400.0,-0.008,6.23
32489.0,-84.0,-304140.0,0.092,6.72
32494.0,-6.0,-303967.0,0.033,6.23
32499.0,5.0,-304190.0,0.042,6.23
32504.0,-207.0,-303956.0,0.058,6.96
32509.0,-89.0,-304087.0,0.058,6.48
32515.0,78.0,-304162.0,0.042,6.48
32520.0,-64.0,-304014.0,0.092,6.48
32525.0,-300.0,-303759.0,0.033,6.48
32530.0,-383.0,-303666.0,0.017,6.96
32536.0,-235.0,-304056.0,0.042,6.72
32541.0,-191.0,-303831.0,-0.017,6.48
32545.0,-368.0,-303774.0,0.033,6.48
32551.0,-226.0,-303612.0,0.067,6.23
32557.0,164.0,-303707.0,0.058,6.23
32562.0,-1.0,-303960.0,0.008,6.48
32567.0,-459.0,-303853.0,0.067,6.96
32571.0,-320.0,-303568.0,0.0,6.48
32577.0,-196.0,-303326.0,0.025,6.48
32582.0,-300.0,-303283.0,0.017,6.23
32587.0,-71.0,-303070.0,0.067,6.48
32592.0,-349.0,-303158.0,0.1,6.48
32598.0,-349.0,-302887.0,0.033,6.48
32603.0,-446.0,-303074.0,0.058,6.48
32608.0,-224.0,-303044.0,0.008,7.21
32613.0,-316.0,-302999.0,0.017,6.48
32618.0,-535.0,-302816.0,0.108,6.48
32624.0,-229.0,-303366.0,-0.033,6.48
32629.0,-89.0,-302943.0,0.025,6.48
32633.0,-70.0,-302580.0,0.0,6.23
32640.0,-290.0,-302586.0,0.0,6.48
32645.0,-92.0,-302587.0,0.042,6.23
32650.0,-41.0,-302698.0,0.025,6.48
32655.0,-327.0,-302886.0,-0.025,6.72
32660.0,-97.0,-302783.0,-0.025,6.48
32665.0,30.0,-302864.0,0.15,6.23
32670.0,-266.0,-302603.0,-0.017,6.48
32674.0,-43.0,-302634.0,0.15,6.48
32679.0,84.0,-302160.0,0.0,6.96
32685.0,-148.0,-302085.0,0.067,6.72
32691.0,-67.0,-302297.0,-0.033,6.48
32696.0,-215.0,-302233.0,0.058,6.96
32701.0,139.0,-302116.0,0.017,6.23
32706.0,-90.0,-302301.0,0.1,6.48
32711.0,-396.0,-301979.0,-0.017,7.21
32716.0,-338.0,-301944.0,-0.025,6.48
32721.0,-99.0,-301879.0,-0.008,6.48
32728.0,-481.0,-302083.0,0.058,6.23
32733.0,-231.0,-301836.0,0.0,6.48
32737.0,-36.0,-302027.0,0.033,6.96
32743.0,-380.0,-301787.0,0.025,6.96
32748.0,-586.0,-301730.0,0.075,6.23
32752.0,-415.0,-301577.0,0.067,6.48
32758.0,-155.0,-301783.0,-0.008,7.21
32763.0,-117.0,-301822.0,-0.058,6.23
32769.0,-198.0,-301751.0,0.175,6.23
32774.0,-148.0,-301563.0,0.067,6.72
32779.0,-120.0,-301502.0,0.008,6.48
32784.0,-173.0,-301361.0,-0.025,6.23
32790.0,407.0,-301179.0,-0.033,6.23
32795.0,233.0,-300978.0,-0.033,6.72
32799.0,16.0,-301181.0,0.0,6.96
32804.0,-78.0,-301210.0,0.083,6.96
32809.0,168.0,-301263.0,-0.033,6.48
32815.0,173.0,-301287.0,0.008,5.25
32821.0,-97.0,-301160.0,0.133,6.23
32826.0,185.0,-301145.0,0.058,6.72
32831.0,-226.0,-300881.0,-0.025,6.72
32836.0,-288.0,-301142.0,-0.05,6.72
32841.0,196.0,-300983.0,0.05,6.48
32846.0,61.0,-300995.0,-0.017,6.72
32851.0,-393.0,-301046.0,0.033,6.96
32857.0,-105.0,-300691.0,0.083,6.23
32862.0,16.0,-300559.0,-0.083,6.23
32867.0,-32.0,-300680.0,0.058,6.48
32872.0,79.0,-300781.0,0.075,6.96
32877.0,46.0,-300674.0,-0.067,7.7
32882.0,-128.0,-300469.0,0.058,6.72
32887.0,-219.0,-300281.0,0.025,6.96
32892.0,-243.0,-300688.0,0.042,6.48
32898.0,215.0,-300655.0,0.05,7.21
32903.0,-178.0,-300407.0,0.008,6.48
32908.0,156.0,-300546.0,-0.042,6.48
32913.0,-203.0,-300527.0,0.092,6.72
32917.0,-250.0,-300060.0,0.108,6.48
32922.0,-424.0,-300357.0,0.042,6.23
32928.0,-535.0,-300499.0,-0.017,6.48
32933.0,33.0,-300042.0,0.017,6.23
32939.0,139.0,-300237.0,-0.017,6.48
32944.0,44.0,-300249.0,0.067,6.48
32949.0,-330.0,-299994.0,0.017,7.21
32954.0,154.0,-300291.0,0.033,6.48
32959.0,-95.0,-299601.0,0.058,6.96
32964.0,-525.0,-299750.0,0.067,6.48
32969.0,-497.0,-299835.0,0.075,6.48
32974.0,210.0,-300235.0,0.017,6.23
32979.0,56.0,-299746.0,0.125,5.25
32985.0,-296.0,-299469.0,-0.017,6.48
32991.0,-335.0,-299591.0,0.083,6.96
32996.0,-221.0,-299590.0,0.075,8.19
33001.0,-425.0,-299931.0,-0.05,6.96
33006.0,-8.0,-299721.0,-0.025,6.48
33011.0,-102.0,-299620.0,0.05,6.48
33015.0,-169.0,-299451.0,-0.042,6.96
33020.0,-112.0,-299898.0,-0.025,6.48
33026.0,222.0,-299541.0,-0.117,6.48
33031.0,-81.0,-299583.0,0.008,6.72
33036.0,-317.0,-299192.0,0.1,6.96
33041.0,-37.0,-298987.0,0.042,6.72
33047.0,-90.0,-299211.0,0.05,6.72
33052.0,-418.0,-299230.0,0.067,6.96
33057.0,-5.0,-299208.0,0.05,6.48
33061.0,-4.0,-299201.0,0.058,6.23
33067.0,-218.0,-298956.0,0.033,6.48
33072.0,-125.0,-299142.0,-0.017,6.96
33077.0,-295.0,-299019.0,0.025,6.23
33083.0,29.0,-299000.0,0.025,6.23
33088.0,118.0,-298458.0,0.033,6.48
33093.0,-258.0,-298473.0,0.008,6.96
33098.0,-200.0,-298578.0,0.05,6.48
33103.0,-155.0,-298542.0,-0.017,6.96
33108.0,-75.0,-298661.0,0.05,6.72
33114.0,-591.0,-298604.0,0.05,6.72
33119.0,-390.0,-298400.0,-0.017,6.48
33124.0,-54.0,-298531.0,0.033,6.72
33129.0,-232.0,-298152.0,0.025,6.72
33134.0,-65.0,-298034.0,-0.033,6.23
33139.0,-21.0,-298125.0,0.0,8.19
33145.0,-287.0,-298287.0,0.058,7.21
33150.0,-454.0,-298107.0,0.033,6.72
33156.0,-253.0,-298346.0,-0.017,6.23
33161.0,-147.0,-298008.0,0.0,7.21
33166.0,-434.0,-298070.0,0.025,6.48
33171.0,-199.0,-298327.0,0.042,6.48
33176.0,107.0,-298357.0,0.017,6.48
33182.0,-122.0,-297965.0,0.008,6.48
33186.0,-379.0,-297784.0,-0.025,6.96
33192.0,-389.0,-297806.0,0.092,6.96
33198.0,-428.0,-297806.0,0.017,6.96
33203.0,-333.0,-297909.0,-0.05,6.48
33208.0,249.0,-297711.0,0.025,6.23
33213.0,180.0,-297721.0,0.0,6.23
33218.0,-339.0,-297690.0,-0.033,6.48
33223.0,-275.0,-297434.0,0.083,6.48
33228.0,204.0,-297526.0,0.042,6.23
33233.0,-479.0,-297383.0,0.042,6.48
33240.0,-273.0,-297637.0,0.092,6.23
33245.0,128.0,-297431.0,-0.083,6.48
33249.0,-65.0,-297466.0,0.033,6.48
33255.0,53.0,-297324.0,0.058,6.23
33260.0,194.0,-297288.0,0.083,6.96
33265.0,-90.0,-296917.0,0.0,6.48
33270.0,-384.0,-296984.0,0.067,6.48
33275.0,-167.0,-297212.0,0.025,6.23
33281.0,55.0,-297299.0,0.058,6.96
33287.0,-141.0,-297209.0,0.025,6.96
33292.0,-258.0,-297387.0,0.058,6.48
33296.0,-249.0,-297042.0,-0.008,6.23
33302.0,-49.0,-296998.0,0.033,6.48
33307.0,-130.0,-297138.0,0.042,6.48
33312.0,-99.0,-297021.0,0.025,6.72
33317.0,261.0,-296571.0,0.017,7.21
33323.0,94.0,-296773.0,0.067,6.23
33328.0,-201.0,-296834.0,-0.05,6.23
33333.0,-217.0,-296698.0,0.017,6.23
33338.0,60.0,-296526.0,0.042,6.23
33343.0,-45.0,-296433.0,0.067,6.23
33349.0,-345.0,-296201.0,0.033,6.96
33354.0,-28.0,-296595.0,0.1,6.96
33358.0,111.0,-296374.0,0.0,6.72
33364.0,-485.0,-296808.0,-0.067,6.23
33370.0,-318.0,-296508.0,0.075,6.48
33375.0,-23.0,-296307.0,0.05,6.48
33380.0,-209.0,-296597.0,0.042,6.96
33385.0,-384.0,-296271.0,0.092,6.48
33390.0,293.0,-296108.0,-0.017,6.48
33395.0,-309.0,-295776.0,-0.008,6.48
33400.0,-424.0,-295986.0,0.05,6.23
33405.0,-47.0,-295905.0,-0.075,6.48
33412.0,-297.0,-296485.0,0.075,6.23
33416.0,-306.0,-296256.0,-0.025,6.96
33421.0,-98.0,-295823.0,0.0,6.23
33426.0,-347.0,-295551.0,0.042,6.48
33431.0,42.0,-295552.0,0.0,6.72
33436.0,-112.0,-295578.0,0.067,6.48
33441.0,-475.0,-295606.0,0.042,6.48
33446.0,156.0,-295699.0,0.042,6.48
33453.0,-588.0,-295419.0,0.058,6.96
33458.0,-519.0,-295841.0,0.025,6.23
33462.0,-798.0,-295810.0,0.033,6.48
33468.0,-122.0,-295576.0,0.008,6.23
33473.0,-37.0,-295506.0,-0.033,6.48
33478.0,-272.0,-295399.0,0.0,6.23
33483.0,-432.0,-295035.0,0.075,6.72
33488.0,-407.0,-295705.0,0.0,6.96
33494.0,-416.0,-295226.0,0.108,6.48
33499.0,-248.0,-295006.0,0.142,6.96
33505.0,-255.0,-294948.0,0.042,6.48
33509.0,10.0,-294847.0,-0.05,6.48
33515.0,-200.0,-295575.0,-0.017,6.72
33520.0,-15.0,-295257.0,0.075,6.72
33524.0,-172.0,-295266.0,0.0,6.48
33530.0,-168.0,-294822.0,0.058,6.23
33536.0,-261.0,-295002.0,0.025,7.21
33541.0,-452.0,-294821.0,0.008,6.96
33546.0,-134.0,-294751.0,0.05,6.23
33551.0,-239.0,-294624.0,-0.008,6.48
33556.0,-101.0,-294723.0,-0.042,6.96
33561.0,-97.0,-294887.0,0.033,6.72
33566.0,-370.0,-294784.0,0.075,6.48
33571.0,-116.0,-294741.0,0.025,6.23
33577.0,-14.0,-294545.0,0.017,6.96
33582.0,-491.0,-294518.0,0.083,6.23
33587.0,-107.0,-294121.0,-0.008,7.21
33593.0,-63.0,-294331.0,0.025,6.96
33598.0,-192.0,-294166.0,0.042,6.48
33603.0,-332.0,-294335.0,0.083,6.48
33608.0,158.0,-294339.0,0.017,6.48
33613.0,165.0,-294022.0,-0.008,6.48
33618.0,-275.0,-293563.0,0.083,6.48
33624.0,-421.0,-293945.0,-0.033,6.48
33629.0,-120.0,-293998.0,0.092,6.96
33634.0,-116.0,-293823.0,0.058,6.48
33640.0,-22.0,-294029.0,0.042,6.48
33644.0,-191.0,-293836.0,0.083,6.48
33649.0,-173.0,-293805.0,0.1,6.48
33655.0,73.0,-293977.0,-0.025,6.72
33660.0,-118.0,-293890.0,0.017,7.21
33666.0,-122.0,-293599.0,0.017,6.96
33671.0,-20.0,-294113.0,0.067,6.48
33676.0,-107.0,-293700.0,-0.05,6.48
33681.0,179.0,-293871.0,0.075,6.96
33686.0,123.0,-293665.0,0.0,6.96
33691.0,-42.0,-293556.0,0.008,6.48
33697.0,-204.0,-293614.0,0.033,6.96
33702.0,-84.0,-293390.0,-0.008,6.72
33708.0,347.0,-293439.0,0.133,6.23
33713.0,107.0,-293502.0,0.067,6.23
33718.0,175.0,-293318.0,0.042,6.48
33723.0,122.0,-293303.0,-0.025,6.96
33728.0,-292.0,-293360.0,-0.05,7.21
33734.0,-84.0,-292936.0,0.0,6.48
33738.0,105.0,-292973.0,-0.008,6.23
33743.0,83.0,-292936.0,0.0,6.48
33750.0,281.0,-293332.0,0.033,6.23
33754.0,226.0,-293501.0,0.033,6.48
33759.0,168.0,-292984.0,0.025,6.48
33765.0,-248.0,-293010.0,0.025,6.48
33770.0,-447.0,-293005.0,-0.025,6.72
33775.0,-85.0,-292930.0,-0.042,6.72
33780.0,-311.0,-292632.0,0.042,6.48
33785.0,-288.0,-292767.0,0.067,6.48
33790.0,-346.0,-292760.0,-0.042,6.48
33797.0,22.0,-292940.0,0.008,6.23
33801.0,-87.0,-292721.0,0.008,6.23
33807.0,-137.0,-292567.0,0.042,6.48
33812.0,-219.0,-292443.0,0.017,6.23
33817.0,-142.0,-292214.0,0.033,7.21
33822.0,-468.0,-292239.0,-0.05,6.48
33827.0,-280.0,-292547.0,0.033,6.23
33832.0,-25.0,-292128.0,-0.058,6.23
33838.0,-155.0,-292253.0,0.108,6.96
33844.0,-401.0,-292595.0,-0.008,6.96
33848.0,-20.0,-292324.0,0.033,6.72
33853.0,-236.0,-292025.0,0.083,6.23
33859.0,98.0,-292205.0,-0.033,6.96
33864.0,-339.0,-292010.0,-0.117,6.48
33869.0,-155.0,-292205.0,0.0,6.72
33874.0,109.0,-291739.0,0.075,6.23
33880.0,-126.0,-291664.0,-0.008,6.23
33885.0,-230.0,-291733.0,-0.042,5.99
33890.0,176.0,-291379.0,0.05,6.48
33895.0,41.0,-291426.0,0.058,6.23
33900.0,21.0,-291731.0,0.108,6.23
33906.0,-93.0,-291977.0,0.042,7.21
33910.0,-212.0,-291860.0,-0.008,6.48
33916.0,-80.0,-291560.0,0.017,6.48
33922.0,-24.0,-291564.0,0.008,6.72
33927.0,-81.0,-291841.0,0.05,6.23
33931.0,-254.0,-291284.0,-0.042,6.48
33937.0,-42.0,-291582.0,0.025,6.96
33942.0,57.0,-291369.0,0.025,6.48
33947.0,9.0,-291475.0,0.083,6.23
33953.0,-445.0,-291419.0,0.008,6.72
33957.0,-508.0,-291172.0,0.033,6.72
33964.0,-8.0,-291162.0,0.1,6.23
33969.0,-150.0,-291434.0,-0.05,6.48
33975.0,-246.0,-291338.0,0.042,6.48
33979.0,-87.0,-291069.0,0.017,6.23
33985.0,-275.0,-290657.0,-0.025,6.48
33990.0,-155.0,-291001.0,0.017,6.96
33996.0,95.0,-290981.0,0.017,6.72
34001.0,16.0,-290896.0,-0.017,6.48
34007.0,-310.0,-290682.0,0.108,6.96
34013.0,-80.0,-290462.0,-0.008,6.23
34017.0,-289.0,-290351.0,0.025,5.99
34023.0,-23.0,-290711.0,0.058,6.48
34028.0,-331.0,-290981.0,0.042,6.23
34034.0,127.0,-290491.0,-0.025,6.23
34039.0,-206.0,-290504.0,-0.067,6.48
34044.0,120.0,-290580.0,0.1,6.48
34051.0,-476.0,-290620.0,0.117,6.48
34056.0,-288.0,-290474.0,0.025,6.48
34061.0,-405.0,-290397.0,0.0,6.23
34066.0,-339.0,-290431.0,0.0,7.21
34072.0,-481.0,-290355.0,0.008,6.72
34076.0,-156.0,-290786.0,0.05,6.72
34082.0,-289.0,-290328.0,0.033,6.96
34087.0,11.0,-289922.0,0.042,7.21
34093.0,-192.0,-290065.0,-0.075,6.48
34098.0,-604.0,-289965.0,-0.092,6.23
34104.0,-4.0,-290707.0,0.35,6.72
34109.0,-54.0,-295617.0,2.867,6.96
34114.0,-75.0,-314784.0,16.375,7.21
34119.0,1053.0,-365780.0,-5.708,8.19
34125.0,-257.0,-440142.0,10.392,10.87
34131.0,-1099.0,-512508.0,5.667,11.61
34136.0,-466.0,-552945.0,9.7,12.59
34142.0,-178.0,-633335.0,5.358,14.3
34148.0,-66.0,-711327.0,7.4,14.54
34153.0,-484.0,-788563.0,8.55,15.52
34158.0,-99.0,-825512.0,4.633,16.74
34163.0,-489.0,-899592.0,7.525,18.21
34169.0,87.0,-972106.0,8.067,19.92
34176.0,207.0,-1042676.0,7.183,22.61
34180.0,-384.0,-1077419.0,5.883,24.8
34185.0,-217.0,-1149833.0,6.392,28.23
34191.0,-383.0,-1223157.0,6.717,29.94
34196.0,-81.0,-1257502.0,7.15,29.45
34201.0,-180.0,-1327433.0,6.692,28.47
34207.0,-302.0,-1395561.0,6.3,27.0
34212.0,-136.0,-1463097.0,4.567,26.76
34217.0,193.0,-1495886.0,7.3,26.52
34223.0,262.0,-1562104.0,6.317,26.03
34229.0,-64.0,-1627064.0,5.917,26.27
34234.0,152.0,-1660593.0,6.058,25.78
34239.0,123.0,-1726948.0,4.967,25.54
34244.0,-353.0,-1790844.0,6.075,24.8
34250.0,-187.0,-1854318.0,6.133,24.32
34255.0,-125.0,-1884973.0,5.3,23.58
34260.0,-374.0,-1946864.0,4.425,23.83
34267.0,-24.0,-2007600.0,4.958,22.85
34272.0,-284.0,-2038017.0,5.833,22.85
34277.0,-397.0,-2099590.0,5.633,22.36
34282.0,-271.0,-2160156.0,4.55,22.36
34288.0,-105.0,-2219428.0,4.7,21.38
34293.0,-441.0,-2249309.0,4.383,21.38
34298.0,-436.0,-2306852.0,5.058,20.89
34304.0,-166.0,-2363970.0,4.975,20.41
34310.0,-248.0,-2391911.0,4.05,20.65
34314.0,-385.0,-2447288.0,4.525,20.41
34320.0,-133.0,-2503776.0,4.383,19.67
34326.0,275.0,-2559608.0,4.325,19.18
34331.0,37.0,-2586219.0,4.233,19.43
34336.0,-12.0,-2638618.0,4.075,18.7
34341.0,-92.0,-2691466.0,3.417,18.7
34347.0,-478.0,-2718249.0,3.45,18.45
34352.0,-403.0,-2769564.0,3.917,18.21
34358.0,73.0,-2820556.0,3.983,18.21
34363.0,-433.0,-2871540.0,3.8,17.23
34368.0,-379.0,-2896791.0,3.042,17.23
34373.0,-482.0,-2946526.0,3.158,17.23
34379.0,-248.0,-2995064.0,3.325,16.74
34384.0,-182.0,-3018869.0,4.092,16.5
34390.0,-335.0,-3066948.0,3.158,16.74
34395.0,-431.0,-3113692.0,3.05,16.25
34401.0,-115.0,-3160370.0,3.583,15.27
34406.0,99.0,-3183885.0,3.242,15.76
34411.0,-214.0,-3229494.0,3.45,15.52
34417.0,100.0,-3273674.0,2.958,15.52
34422.0,-142.0,-3317332.0,3.042,15.27
34427.0,-542.0,-3338509.0,2.317,13.32
34433.0,-169.0,-3380562.0,2.992,15.03
34439.0,-109.0,-3422296.0,3.242,15.52
34444.0,-237.0,-3442311.0,3.417,14.78
34449.0,-268.0,-3483328.0,2.483,14.3
34454.0,48.0,-3524326.0,1.867,14.3
34460.0,-82.0,-3562754.0,2.417,14.05
34465.0,-722.0,-3582961.0,2.4,14.05
34470.0,-157.0,-3621224.0,3.292,13.81
34477.0,-75.0,-3658856.0,2.683,13.81
34482.0,-261.0,-3677223.0,1.95,14.3
34486.0,-490.0,-3714692.0,2.6,13.56
34492.0,-78.0,-3752050.0,2.742,13.81
34498.0,-556.0,-3788342.0,2.65,13.56
34503.0,-188.0,-3805677.0,2.608,13.07
34508.0,-235.0,-3840798.0,2.45,12.83
34513.0,-327.0,-3875644.0,1.867,12.83
34519.0,-529.0,-3893399.0,2.317,12.59
34524.0,-336.0,-3927136.0,2.567,12.59
34530.0,-266.0,-3960668.0,2.475,12.34
34536.0,-332.0,-3994434.0,1.875,12.34
34541.0,-176.0,-4010225.0,1.158,12.59
34545.0,-137.0,-4041626.0,1.233,12.83
34551.0,-103.0,-4073220.0,2.008,12.34
34556.0,5.0,-4089035.0,2.15,12.59
34562.0,-56.0,-4119754.0,1.817,11.61
34568.0,-600.0,-4150238.0,1.4,11.61
34573.0,-76.0,-4180488.0,1.383,11.85
34578.0,-186.0,-4195761.0,1.425,11.61
34583.0,37.0,-4224832.0,1.967,11.12
34589.0,-379.0,-4254390.0,1.5,11.36
34594.0,-297.0,-4268417.0,1.558,11.12
34599.0,-196.0,-4296824.0,0.925,11.61
34605.0,-339.0,-4324770.0,1.967,10.87
34610.0,-133.0,-4338377.0,1.775,10.63
34615.0,-408.0,-4366408.0,2.175,10.63
34620.0,-294.0,-4393876.0,0.717,11.36
34626.0,-122.0,-4407233.0,0.475,8.68
34630.0,-93.0,-4433658.0,1.75,10.63
34636.0,38.0,-4459892.0,2.233,10.39
34641.0,-256.0,-4472703.0,1.417,10.39
34646.0,-85.0,-4498220.0,0.6,10.14
34652.0,-371.0,-4522932.0,0.808,10.14
34657.0,-147.0,-4535763.0,2.667,10.14
34662.0,-56.0,-4560428.0,1.133,10.39
34667.0,-629.0,-4584732.0,0.667,9.9
34672.0,-423.0,-4596635.0,0.892,9.9
34677.0,-548.0,-4620256.0,1.175,10.39
34683.0,-436.0,-4643496.0,1.517,10.39
34689.0,-80.0,-4654347.0,1.492,10.39
34694.0,42.0,-4676696.0,0.8,10.87
34699.0,-301.0,-4699364.0,0.75,9.65
34705.0,57.0,-4722052.0,1.158,9.41
34710.0,-355.0,-4733369.0,1.9,9.41
34715.0,-374.0,-4755216.0,2.55,9.41
34720.0,-20.0,-4776484.0,1.467,9.41
34725.0,-340.0,-4786847.0,-0.1,9.16
34731.0,-325.0,-4807934.0,0.875,9.16
34737.0,-285.0,-4828826.0,1.133,9.41
34742.0,65.0,-4839259.0,1.542,10.14
34746.0,-164.0,-4860630.0,0.017,9.9
34751.0,-313.0,-4871057.0,0.908,9.41
34756.0,213.0,-4891032.0,1.45,8.92
34761.0,58.0,-4910320.0,0.917,8.68
34767.0,112.0,-4930208.0,1.35,8.92
34772.0,-286.0,-4939653.0,0.675,9.65
34778.0,-175.0,-4957880.0,-0.058,9.16
34783.0,-55.0,-4972946.0,1.8,8.92
34788.0,-145.0,-4977627.0,0.592,8.92
34793.0,-208.0,-4982572.0,-1.042,9.16
34798.0,-151.0,-4983545.0,1.1,8.92
34803.0,217.0,-4984116.0,0.167,8.43
34808.0,90.0,-4983460.0,0.275,8.19
34813.0,-256.0,-4983021.0,0.7,8.19
34819.0,-114.0,-4980714.0,0.225,7.7
34825.0,-489.0,-4977888.0,0.617,7.7
34830.0,-299.0,-4974156.0,0.633,7.45
34835.0,-123.0,-4972751.0,0.033,7.21
34840.0,-360.0,-4968938.0,0.508,7.21
34845.0,-283.0,-4966827.0,0.533,6.96
34850.0,187.0,-4963080.0,0.0,6.96
34855.0,94.0,-4958774.0,0.392,6.72
34861.0,-240.0,-4956821.0,0.375,7.21
34866.0,-64.0,-4953192.0,0.242,6.48
34871.0,-27.0,-4949714.0,0.375,8.68
34876.0,163.0,-4948311.0,0.3,6.48
34882.0,-643.0,-4944544.0,0.35,7.21
34887.0,-584.0,-4941292.0,0.417,7.21
34892.0,-282.0,-4937984.0,0.333,6.96
34897.0,-608.0,-4936731.0,0.425,6.96
34903.0,-187.0,-4933918.0,0.158,7.21
34908.0,126.0,-4932035.0,0.25,6.96
34913.0,-264.0,-4928818.0,0.3,6.72
34918.0,-235.0,-4926156.0,0.158,6.48
34923.0,371.0,-4924611.0,0.333,6.72
34928.0,-165.0,-4921174.0,0.192,6.72
34934.0,-310.0,-4918212.0,0.217,7.21
34939.0,-82.0,-4915682.0,0.242,6.96
34945.0,-292.0,-4914037.0,0.283,6.96
34950.0,-201.0,-4911512.0,0.217,7.21
34955.0,-216.0,-4910063.0,0.217,7.7
34960.0,-244.0,-4907368.0,0.2,6.96
34965.0,-369.0,-4904828.0,0.225,6.96
34970.0,-91.0,-4903749.0,0.292,6.72
34975.0,83.0,-4901540.0,0.267,6.48
34980.0,206.0,-4898650.0,0.292,6.96
34987.0,-174.0,-4897423.0,0.242,6.96
34992.0,-218.0,-4895212.0,0.133,7.45
34997.0,-115.0,-4893020.0,-0.583,7.21
35002.0,-6.0,-4890563.0,-0.058,6.96
35007.0,-90.0,-4875708.0,1.042,6.48
35012.0,-53.0,-4854178.0,-0.8,6.23
35017.0,-409.0,-4843943.0,0.208,6.23
35022.0,7.0,-4820282.0,-0.825,6.23
35027.0,-344.0,-4796244.0,-0.658,5.74
35033.0,12.0,-4783283.0,1.692,5.99
35038.0,-156.0,-4757122.0,-0.617,6.48
35043.0,-511.0,-4729830.0,-2.35,6.23
35049.0,-435.0,-4716395.0,-0.933,5.74
35054.0,83.0,-4687794.0,1.583,5.25
35059.0,-204.0,-4658810.0,0.367,5.25
35064.0,21.0,-4644293.0,-1.958,5.25
35069.0,-45.0,-4629272.0,0.417,5.74
35075.0,76.0,-4585338.0,-0.242,3.05
35080.0,-384.0,-4570523.0,-1.475,5.25
35085.0,-252.0,-4540834.0,-0.592,4.77
35090.0,55.0,-4510554.0,-0.042,5.01
35095.0,-45.0,-4494653.0,-0.067,5.01
35100.0,41.0,-4463248.0,-2.042,5.25
35106.0,-174.0,-4431528.0,-1.192,4.77
35111.0,-88.0,-4416117.0,1.158,5.01
35117.0,164.0,-4385052.0,0.592,4.77
35122.0,-19.0,-4353348.0,-0.667,4.52
35127.0,-105.0,-4337083.0,-1.558,4.52
35132.0,-487.0,-4303846.0,-0.517,5.01
35137.0,-262.0,-4270446.0,0.417,4.77
35142.0,-251.0,-4252959.0,-1.617,5.01
35147.0,-497.0,-4236522.0,-0.858,4.77
35152.0,-116.0,-4184622.0,-0.733,4.77
35159.0,-92.0,-4168051.0,-0.667,4.77
35164.0,-12.0,-4133776.0,-0.25,4.28
35169.0,-353.0,-4098416.0,-1.717,4.28
35174.0,-259.0,-4080999.0,-1.717,4.03
35179.0,-97.0,-4044676.0,0.758,4.28
35184.0,-328.0,-4008310.0,0.292,4.28
35189.0,-471.0,-3989299.0,-0.9,4.28
35195.0,-181.0,-3951475.0,-1.617,3.79
35201.0,2.0,-3914139.0,-1.808,3.54
35205.0,-185.0,-3896556.0,-0.158,3.79
35210.0,-305.0,-3876881.0,-0.217,3.79
