time_ms,p1,p2,f3,f4
6991.0,370.0,580.0,0.017,6.23
6996.0,495.0,544.0,0.008,6.23
7002.0,-160.0,475.0,0.0,6.72
7007.0,86.0,99.0,0.058,6.23
7011.0,307.0,336.0,0.075,6.23
7017.0,337.0,326.0,0.042,6.96
7021.0,332.0,244.0,0.033,6.23
7026.0,311.0,425.0,0.033,6.48
7031.0,374.0,395.0,0.058,6.48
7035.0,253.0,202.0,0.108,6.23
7042.0,-245.0,524.0,0.008,6.96
7046.0,-52.0,473.0,0.092,6.23
7051.0,96.0,159.0,0.083,6.23
7056.0,51.0,337.0,-0.05,6.48
7061.0,-20.0,366.0,-0.083,6.23
7065.0,-11.0,124.0,0.042,6.23
7070.0,280.0,381.0,-0.008,6.72
7075.0,-70.0,251.0,0.058,6.23
7080.0,-15.0,128.0,0.05,6.72
7086.0,89.0,496.0,0.058,6.72
7090.0,-8.0,433.0,0.108,6.48
7095.0,-8.0,502.0,-0.008,6.23
7099.0,11.0,357.0,-0.008,6.23
7104.0,147.0,34.0,-0.025,6.23
7109.0,200.0,333.0,0.0,6.23
7113.0,298.0,404.0,0.033,6.23
7118.0,199.0,610.0,0.075,6.72
7123.0,280.0,393.0,0.092,6.23
7129.0,242.0,73.0,0.075,6.23
7133.0,153.0,166.0,0.008,6.23
7139.0,-93.0,190.0,-0.017,6.96
7143.0,-90.0,219.0,0.025,6.23
7148.0,114.0,618.0,-0.017,6.23
7152.0,-51.0,271.0,0.033,6.23
7157.0,-93.0,264.0,0.058,6.23
7162.0,314.0,466.0,0.1,6.48
7168.0,315.0,521.0,-0.033,6.23
7173.0,319.0,291.0,0.008,6.23
7177.0,28.0,286.0,0.017,6.48
7183.0,574.0,306.0,-0.017,6.23
7187.0,169.0,567.0,0.175,6.96
7192.0,73.0,788.0,0.025,6.23
7197.0,367.0,-18.0,0.008,6.72
7202.0,370.0,331.0,-0.008,6.48
7207.0,76.0,457.0,0.075,6.23
7212.0,83.0,566.0,-0.008,6.72
7217.0,639.0,491.0,0.0,6.96
7222.0,332.0,308.0,0.0,6.72
7227.0,344.0,387.0,0.017,6.72
7231.0,95.0,554.0,0.083,6.48
7236.0,325.0,305.0,0.075,6.23
7241.0,-93.0,447.0,0.017,6.23
7246.0,120.0,296.0,0.058,6.48
7251.0,272.0,428.0,0.05,6.23
7256.0,209.0,515.0,0.008,6.23
7261.0,167.0,418.0,-0.017,6.23
7267.0,-55.0,386.0,0.083,6.72
7271.0,6.0,219.0,0.033,6.48
7276.0,528.0,-25.0,0.008,6.23
7281.0,371.0,186.0,0.117,6.23
7286.0,29.0,234.0,0.042,6.48
7291.0,341.0,512.0,0.025,6.23
7297.0,318.0,385.0,0.05,6.48
7302.0,66.0,583.0,-0.058,6.72
7307.0,-212.0,343.0,0.067,6.23
7312.0,123.0,438.0,0.075,6.23
7317.0,335.0,-22.0,0.058,6.96
7321.0,96.0,427.0,0.117,6.48
7327.0,-104.0,461.0,0.008,6.48
7332.0,190.0,-15.0,-0.05,6.23
7336.0,183.0,-32.0,-0.05,6.23
7343.0,-103.0,202.0,0.025,6.48
7348.0,33.0,518.0,-0.083,6.23
7352.0,122.0,387.0,0.058,6.23
7358.0,-12.0,311.0,0.042,6.23
7362.0,-99.0,420.0,-0.017,5.99
7368.0,191.0,440.0,0.092,6.23
7373.0,43.0,206.0,0.042,6.72
7377.0,120.0,163.0,0.033,6.23
7384.0,60.0,83.0,0.108,6.23
7389.0,-130.0,139.0,-0.017,6.48
7393.0,-241.0,188.0,0.067,6.23
7399.0,61.0,162.0,-0.008,6.48
7403.0,-42.0,249.0,0.008,6.23
7408.0,-64.0,589.0,-0.017,6.23
7414.0,230.0,225.0,0.1,6.23
7418.0,275.0,484.0,-0.067,6.48
7424.0,31.0,616.0,-0.05,6.72
7430.0,199.0,144.0,0.008,6.23
7434.0,10.0,127.0,-0.058,6.23
7439.0,-156.0,535.0,-0.008,6.48
7445.0,84.0,571.0,-0.008,6.48
7449.0,441.0,442.0,0.083,6.23
7454.0,3.0,594.0,0.008,6.23
7459.0,180.0,679.0,0.092,6.23
7464.0,-82.0,157.0,0.017,6.23
7470.0,-214.0,411.0,-0.008,6.23
7475.0,-45.0,474.0,0.075,6.72
7480.0,177.0,572.0,0.05,6.23
7485.0,307.0,524.0,0.042,6.48
7490.0,106.0,601.0,0.0,6.72
7495.0,156.0,11.0,0.067,6.23
7500.0,223.0,406.0,0.025,6.23
7505.0,169.0,282.0,0.008,6.23
7511.0,-449.0,512.0,-0.025,6.23
7516.0,-104.0,223.0,0.033,6.23
7521.0,-92.0,429.0,0.017,6.23
7526.0,250.0,447.0,0.092,6.48
7531.0,319.0,94.0,0.1,6.23
7536.0,143.0,94.0,0.05,6.23
7541.0,-65.0,609.0,-0.025,6.72
7545.0,124.0,206.0,0.092,5.25
7550.0,310.0,363.0,0.025,6.72
7556.0,-197.0,162.0,0.042,6.23
7561.0,37.0,80.0,0.033,6.23
7565.0,282.0,321.0,0.092,6.23
7571.0,4.0,509.0,0.017,6.72
7575.0,103.0,472.0,0.008,6.48
7580.0,21.0,0.0,0.042,6.23
7585.0,13.0,158.0,0.042,6.48
7590.0,146.0,139.0,0.067,6.48
7596.0,54.0,-47.0,-0.025,6.48
7601.0,58.0,98.0,-0.025,6.48
7605.0,-3.0,523.0,0.075,6.23
7610.0,261.0,496.0,0.025,6.23
7615.0,402.0,287.0,0.017,6.96
7620.0,70.0,436.0,0.092,8.19
7624.0,-147.0,609.0,0.008,6.23
7629.0,317.0,1.0,-0.033,6.23
7634.0,354.0,132.0,-0.008,7.7
7640.0,266.0,510.0,-0.017,6.23
7645.0,70.0,195.0,0.042,6.72
7649.0,131.0,126.0,-0.108,6.23
7654.0,73.0,407.0,0.0,6.23
7658.0,40.0,298.0,0.058,6.23
7663.0,-68.0,329.0,0.042,6.23
7668.0,61.0,204.0,0.025,6.48
7673.0,125.0,261.0,-0.008,6.23
7677.0,190.0,360.0,0.058,6.96
7683.0,14.0,522.0,0.042,6.48
7688.0,411.0,311.0,0.067,6.72
7693.0,79.0,417.0,0.0,6.23
7698.0,385.0,240.0,0.05,6.23
7702.0,200.0,291.0,0.0,6.23
7707.0,98.0,452.0,0.033,6.23
7712.0,353.0,367.0,-0.033,6.48
7716.0,139.0,364.0,0.042,6.48
7721.0,66.0,791.0,0.025,6.72
7727.0,144.0,21.0,-0.058,6.23
7731.0,-37.0,52.0,0.0,6.23
7737.0,109.0,334.0,-0.017,6.23
7742.0,95.0,435.0,0.017,6.48
7746.0,432.0,325.0,0.05,6.23
7752.0,-144.0,369.0,0.033,6.23
7756.0,125.0,254.0,0.008,6.72
7762.0,261.0,738.0,0.133,6.23
7767.0,269.0,573.0,0.075,6.23
7772.0,-60.0,206.0,0.017,6.96
7777.0,-34.0,188.0,0.067,6.23
7782.0,-111.0,209.0,0.0,6.72
7787.0,183.0,523.0,0.075,6.23
7792.0,223.0,458.0,0.092,6.96
7796.0,200.0,319.0,0.042,6.23
7801.0,274.0,322.0,0.033,6.23
7806.0,115.0,375.0,0.05,6.96
7812.0,-7.0,77.0,-0.017,6.96
7816.0,-34.0,136.0,0.025,6.48
7821.0,62.0,96.0,0.017,6.48
7826.0,-74.0,53.0,-0.058,6.48
7831.0,113.0,421.0,0.0,6.48
7836.0,213.0,497.0,0.025,6.23
7841.0,-41.0,590.0,0.117,6.48
7846.0,52.0,300.0,0.05,6.72
7852.0,306.0,285.0,0.033,6.23
7856.0,67.0,364.0,0.058,6.48
7861.0,461.0,433.0,0.067,6.96
7866.0,336.0,400.0,0.042,6.96
7871.0,182.0,80.0,-0.025,6.48
7876.0,196.0,21.0,0.042,6.48
7881.0,159.0,693.0,0.067,6.96
7886.0,-277.0,848.0,0.058,6.23
7890.0,14.0,429.0,0.008,6.72
7896.0,196.0,74.0,0.033,7.21
7900.0,43.0,-191.0,0.075,6.48
7906.0,239.0,129.0,-0.025,6.23
7910.0,214.0,450.0,-0.108,6.48
7915.0,344.0,102.0,0.058,6.23
7920.0,182.0,237.0,0.042,6.72
7925.0,217.0,308.0,0.083,6.96
7930.0,383.0,403.0,0.033,6.96
7934.0,358.0,550.0,0.05,6.23
7940.0,204.0,536.0,0.025,6.23
7945.0,-52.0,527.0,-0.008,6.23
7950.0,-37.0,59.0,0.042,6.23
7955.0,-205.0,230.0,0.067,6.23
7959.0,78.0,267.0,0.133,6.48
7964.0,272.0,152.0,-0.033,6.23
7969.0,269.0,363.0,0.042,6.48
7974.0,495.0,83.0,0.058,6.23
7980.0,99.0,228.0,0.05,6.48
7985.0,204.0,268.0,0.075,6.72
7989.0,86.0,433.0,-0.017,6.72
7994.0,255.0,418.0,0.033,6.48
7999.0,-187.0,311.0,0.008,6.48
8003.0,-240.0,176.0,0.117,6.23
8009.0,178.0,538.0,0.108,6.96
8013.0,244.0,277.0,0.075,6.23
8018.0,-23.0,271.0,0.025,6.23
8024.0,261.0,576.0,-0.033,6.48
8029.0,310.0,471.0,-0.025,6.48
8034.0,304.0,380.0,0.05,6.72
8038.0,127.0,193.0,-0.025,6.96
8043.0,353.0,233.0,0.05,6.72
8048.0,-93.0,374.0,0.058,6.23
8053.0,66.0,578.0,0.025,6.23
8058.0,-74.0,471.0,-0.033,6.23
8062.0,167.0,290.0,-0.017,6.23
8068.0,265.0,181.0,0.033,6.23
8073.0,-140.0,358.0,0.008,6.96
8078.0,-4.0,308.0,0.058,6.72
8083.0,258.0,167.0,-0.025,6.72
8088.0,535.0,-123.0,0.125,6.23
8093.0,301.0,32.0,-0.033,6.48
8097.0,216.0,95.0,-0.075,6.48
8102.0,36.0,-28.0,0.225,6.23
8107.0,-57.0,445.0,0.025,6.72
8112.0,341.0,422.0,-0.008,8.43
8116.0,-126.0,191.0,0.092,6.23
8122.0,350.0,559.0,0.167,6.96
8127.0,-32.0,558.0,-0.067,6.23
8132.0,-107.0,520.0,-0.225,6.23
8136.0,235.0,745.0,0.15,6.23
8141.0,52.0,766.0,0.125,6.23
8146.0,274.0,789.0,0.15,6.96
8151.0,235.0,1246.0,0.133,6.48
8157.0,-97.0,1394.0,-0.025,6.48
8161.0,-55.0,793.0,0.058,6.72
8166.0,90.0,399.0,0.208,6.48
8171.0,-216.0,694.0,-0.125,7.21
8176.0,-169.0,441.0,0.142,6.48
8181.0,473.0,329.0,0.175,6.23
8186.0,-349.0,624.0,-0.067,6.23
8192.0,-68.0,470.0,0.092,6.48
8197.0,326.0,215.0,-0.075,6.23
8201.0,503.0,706.0,0.033,6.72
8206.0,-71.0,548.0,-0.192,6.23
8211.0,125.0,479.0,-0.117,6.96
8216.0,-54.0,477.0,0.075,6.23
8221.0,-36.0,436.0,-0.092,6.48
8225.0,-139.0,479.0,0.058,6.23
8230.0,75.0,336.0,0.033,6.23
8236.0,225.0,143.0,-0.108,6.23
8241.0,194.0,53.0,0.058,6.23
8246.0,344.0,62.0,0.108,6.23
8251.0,247.0,46.0,0.042,6.96
8256.0,-15.0,409.0,0.225,6.23
8260.0,-234.0,524.0,0.05,6.72
8265.0,-28.0,385.0,-0.017,6.96
8269.0,163.0,478.0,-0.058,6.23
8274.0,19.0,629.0,-0.017,6.23
8280.0,415.0,608.0,0.0,7.21
8285.0,316.0,488.0,0.117,6.23
8290.0,-24.0,359.0,0.017,6.72
8295.0,-157.0,407.0,0.0,6.23
8299.0,41.0,168.0,0.125,6.96
8304.0,186.0,297.0,0.033,6.23
8309.0,274.0,192.0,0.1,6.23
8314.0,278.0,329.0,0.025,6.23
8318.0,-129.0,416.0,-0.092,6.48
8324.0,-175.0,137.0,0.092,6.23
8329.0,-4.0,-121.0,0.142,6.23
8334.0,-450.0,-248.0,0.008,6.23
8339.0,-103.0,-212.0,-0.017,6.23
8343.0,263.0,-169.0,0.0,6.23
8348.0,161.0,234.0,-0.042,6.72
8353.0,-132.0,-31.0,0.025,6.72
8358.0,-254.0,190.0,-0.017,6.48
8363.0,117.0,-98.0,0.025,6.23
8368.0,45.0,-59.0,0.017,6.23
8373.0,60.0,383.0,0.075,6.23
8378.0,-302.0,436.0,0.017,6.23
8383.0,212.0,337.0,0.075,6.96
8387.0,-71.0,336.0,-0.05,6.72
8392.0,59.0,255.0,0.025,6.23
8397.0,98.0,78.0,0.083,6.23
8401.0,332.0,-141.0,0.025,7.21
8407.0,383.0,100.0,-0.092,6.72
8412.0,123.0,253.0,0.042,6.23
8416.0,398.0,417.0,0.042,6.72
8421.0,200.0,370.0,0.058,6.72
8426.0,269.0,544.0,0.042,6.96
8431.0,192.0,531.0,0.033,6.48
8436.0,29.0,597.0,0.008,6.48
8440.0,-80.0,410.0,-0.017,6.23
8445.0,201.0,230.0,0.017,6.72
8450.0,222.0,149.0,-0.017,6.23
8456.0,76.0,631.0,-0.042,5.99
8460.0,415.0,671.0,0.042,5.01
8465.0,7.0,462.0,-0.008,6.48
8470.0,160.0,612.0,0.108,6.23
8475.0,-161.0,453.0,0.075,5.74
8479.0,196.0,653.0,0.05,6.23
8484.0,213.0,628.0,0.158,6.48
8489.0,299.0,572.0,0.033,6.72
8495.0,730.0,562.0,0.025,6.23
8500.0,218.0,773.0,0.083,6.23
8505.0,173.0,795.0,-0.075,6.23
8509.0,238.0,644.0,0.075,6.72
8515.0,478.0,462.0,0.083,6.96
8520.0,131.0,180.0,0.05,6.72
8524.0,113.0,321.0,0.05,5.99
8529.0,10.0,715.0,0.125,6.23
8535.0,145.0,564.0,0.142,6.96
8540.0,-265.0,338.0,0.008,6.96
8545.0,-566.0,104.0,0.008,6.96
8550.0,16.0,211.0,0.067,6.48
8555.0,87.0,531.0,0.042,6.96
8559.0,-146.0,556.0,0.083,6.23
8564.0,61.0,496.0,0.042,6.23
8568.0,634.0,579.0,0.0,6.72
8574.0,326.0,335.0,0.042,6.96
8579.0,241.0,114.0,0.117,6.72
8584.0,107.0,-83.0,0.083,6.23
8589.0,130.0,115.0,0.083,6.23
8594.0,-402.0,356.0,-0.025,6.48
8599.0,376.0,676.0,0.017,6.23
8603.0,229.0,271.0,0.033,6.72
8608.0,-349.0,440.0,0.133,6.72
8613.0,-74.0,560.0,0.033,6.23
8619.0,36.0,549.0,0.008,6.48
8624.0,143.0,837.0,0.008,6.23
8628.0,336.0,658.0,0.008,6.48
8634.0,228.0,88.0,-0.092,6.48
8638.0,31.0,163.0,-0.05,6.23
8643.0,-47.0,248.0,0.258,6.23
8647.0,306.0,227.0,0.117,6.23
8652.0,262.0,398.0,0.017,6.48
8657.0,89.0,614.0,-0.058,6.48
8663.0,-159.0,835.0,-0.067,6.23
8668.0,139.0,861.0,0.125,6.23
8673.0,278.0,1138.0,0.183,6.23
8678.0,-38.0,855.0,-0.025,6.72
8683.0,275.0,983.0,-0.142,6.23
8687.0,153.0,582.0,0.0,6.48
8693.0,183.0,1016.0,-0.042,6.23
8697.0,304.0,1065.0,-0.042,6.48
8702.0,-78.0,926.0,0.125,6.48
8708.0,173.0,922.0,0.117,6.48
8713.0,117.0,733.0,0.125,6.48
8718.0,91.0,557.0,0.075,6.23
8723.0,198.0,336.0,0.008,6.96
8728.0,208.0,659.0,0.075,6.23
8732.0,-189.0,448.0,0.058,6.23
8737.0,293.0,-73.0,0.117,6.23
8742.0,252.0,-387.0,0.075,6.23
8747.0,239.0,-356.0,0.117,6.23
8752.0,-66.0,0.0,-0.075,6.23
8756.0,-5.0,-235.0,-0.025,6.23
8761.0,28.0,-33.0,-0.092,6.48
8766.0,189.0,-296.0,-0.075,6.23
8770.0,-38.0,-868.0,0.05,6.23
8775.0,87.0,-827.0,0.108,6.72
8780.0,341.0,-999.0,0.067,6.23
8785.0,428.0,-1280.0,0.042,6.72
8791.0,54.0,-932.0,0.017,6.72
8796.0,319.0,-286.0,0.1,6.96
8800.0,416.0,-279.0,0.083,6.48
8806.0,32.0,-89.0,0.158,5.99
8810.0,73.0,256.0,0.183,6.96
8815.0,539.0,132.0,-0.042,6.23
8820.0,166.0,414.0,-0.133,6.23
8825.0,145.0,255.0,-0.033,6.72
8830.0,-76.0,111.0,0.083,6.23
8835.0,253.0,200.0,-0.008,6.96
8840.0,-177.0,330.0,-0.025,6.23
8845.0,-94.0,563.0,0.042,6.96
8850.0,616.0,201.0,-0.108,6.72
8855.0,283.0,465.0,-0.05,6.96
8859.0,232.0,166.0,0.05,6.23
8864.0,63.0,106.0,0.058,6.23
8869.0,-126.0,-15.0,0.267,6.23
8875.0,-148.0,385.0,0.208,6.96
8879.0,-159.0,100.0,0.117,6.23
8885.0,147.0,48.0,0.058,6.23
8890.0,138.0,382.0,0.025,6.48
8894.0,357.0,171.0,-0.083,6.23
8899.0,305.0,79.0,0.025,6.23
8904.0,172.0,-22.0,0.033,6.23
8909.0,382.0,272.0,0.058,6.23
8913.0,119.0,163.0,-0.025,5.74
8919.0,95.0,594.0,-0.058,6.48
8924.0,92.0,606.0,0.042,6.23
8929.0,163.0,601.0,-0.008,6.23
8933.0,398.0,495.0,-0.025,6.23
8938.0,-9.0,570.0,-0.017,6.23
8943.0,253.0,834.0,0.083,6.48
8948.0,406.0,319.0,-0.083,6.23
8953.0,-32.0,461.0,0.0,6.72
8957.0,-401.0,466.0,0.108,6.96
8963.0,125.0,-195.0,0.092,6.23
8969.0,377.0,-455.0,0.025,6.48
8973.0,180.0,-262.0,0.125,6.23
8978.0,174.0,-576.0,0.108,6.23
8983.0,385.0,-261.0,0.075,6.72
8988.0,29.0,-94.0,-0.008,6.72
8992.0,22.0,-85.0,-0.058,6.23
8997.0,166.0,310.0,0.017,6.23
9003.0,96.0,214.0,-0.025,6.48
9008.0,521.0,367.0,0.017,6.23
9013.0,-115.0,1107.0,-0.033,6.23
9017.0,-36.0,1034.0,0.0,6.23
9022.0,120.0,1121.0,0.117,5.99
9028.0,132.0,1737.0,0.233,6.72
9032.0,115.0,1728.0,0.175,6.23
9038.0,275.0,2246.0,0.058,6.23
9043.0,53.0,2168.0,0.017,6.72
9048.0,-74.0,2425.0,-0.058,6.23
9054.0,-48.0,2069.0,-0.008,6.48
9059.0,344.0,2479.0,0.033,6.48
9064.0,293.0,2458.0,0.025,6.48
9069.0,275.0,2384.0,-0.017,6.23
9074.0,459.0,2440.0,-0.083,6.72
9079.0,538.0,2553.0,-0.125,6.23
9084.0,-188.0,2575.0,-0.025,6.72
9091.0,4.0,2351.0,0.017,6.48
9095.0,15.0,1960.0,0.267,6.96
9101.0,215.0,2056.0,0.0,6.23
9105.0,354.0,2053.0,-0.083,6.23
9110.0,40.0,1400.0,-0.042,6.23
9115.0,116.0,1434.0,0.042,6.23
9120.0,147.0,1677.0,0.05,6.23
9125.0,-437.0,1353.0,0.15,6.48
9132.0,-85.0,1143.0,0.0,6.23
9136.0,278.0,1160.0,0.0,6.23
9141.0,-12.0,730.0,-0.033,6.23
9147.0,-322.0,452.0,-0.067,5.5
9151.0,245.0,865.0,-0.017,6.72
9156.0,61.0,369.0,-0.058,6.96
9161.0,-78.0,246.0,-0.025,6.48
9166.0,86.0,294.0,0.092,6.48
9171.0,-232.0,14.0,0.092,6.72
9177.0,77.0,325.0,0.033,6.48
9182.0,51.0,-123.0,0.067,6.48
9187.0,-81.0,87.0,0.008,6.48
9192.0,6.0,60.0,-0.075,6.23
9197.0,172.0,22.0,0.017,6.48
9201.0,-69.0,-221.0,0.067,6.72
9207.0,273.0,35.0,0.075,6.96
9212.0,379.0,-573.0,0.1,6.23
9217.0,278.0,-990.0,0.058,6.48
9223.0,70.0,-1214.0,-0.025,6.72
9228.0,374.0,-718.0,0.008,6.23
9233.0,569.0,-957.0,-0.067,6.23
9238.0,-49.0,-893.0,-0.05,6.72
9242.0,-110.0,-1000.0,0.092,6.23
9248.0,426.0,-994.0,0.083,6.23
9253.0,-238.0,-1222.0,-0.025,6.23
9259.0,-157.0,-1527.0,0.083,6.48
9264.0,229.0,-1271.0,-0.1,6.23
9269.0,157.0,-1553.0,-0.133,6.23
9274.0,218.0,-1534.0,0.092,6.23
9279.0,104.0,-1090.0,0.2,6.23
9285.0,476.0,-1282.0,0.275,6.23
9289.0,77.0,-1039.0,0.075,6.48
9295.0,-93.0,-1033.0,-0.067,6.72
9300.0,-23.0,-683.0,-0.083,6.23
9305.0,106.0,-708.0,0.033,6.96
9311.0,-102.0,-854.0,0.008,6.96
9316.0,-4.0,-332.0,0.15,6.23
9320.0,97.0,-237.0,0.0,6.48
9326.0,165.0,-531.0,0.008,6.72
9331.0,169.0,-348.0,0.083,6.96
9335.0,96.0,-123.0,-0.067,6.23
9340.0,20.0,-75.0,-0.017,6.23
9346.0,43.0,112.0,0.017,6.23
9351.0,19.0,110.0,0.067,6.23
9355.0,-76.0,451.0,0.117,6.23
9361.0,-80.0,463.0,0.042,6.23
9366.0,-154.0,507.0,0.083,6.23
9370.0,-97.0,436.0,0.008,6.72
9376.0,21.0,1304.0,0.025,6.23
9381.0,437.0,1114.0,0.008,6.23
9387.0,326.0,1225.0,0.1,6.48
9392.0,94.0,1363.0,0.083,6.23
9397.0,362.0,1246.0,0.0,6.23
9401.0,351.0,1665.0,0.0,6.23
9407.0,195.0,1739.0,-0.025,6.72
9411.0,106.0,1630.0,-0.008,7.45
9417.0,404.0,1492.0,0.033,6.48
9422.0,-168.0,1538.0,0.1,6.23
9426.0,-11.0,1307.0,0.142,6.72
9433.0,-61.0,1999.0,0.008,6.23
9438.0,-51.0,1611.0,0.117,6.23
9443.0,108.0,1534.0,0.042,6.23
9448.0,422.0,1514.0,0.092,6.72
9453.0,282.0,1338.0,0.058,6.23
9458.0,151.0,1539.0,0.008,6.72
9463.0,-41.0,1985.0,-0.075,6.72
9468.0,-7.0,1884.0,0.017,6.23
9474.0,242.0,2031.0,0.125,6.23
9479.0,282.0,1867.0,-0.017,6.23
9484.0,415.0,1798.0,0.075,6.23
9489.0,451.0,1980.0,0.0,6.23
9494.0,95.0,1464.0,0.058,6.23
9499.0,46.0,1435.0,-0.042,6.23
9504.0,292.0,1345.0,-0.017,6.96
9510.0,442.0,1583.0,-0.008,6.72
9515.0,275.0,1544.0,-0.017,6.23
9520.0,619.0,1768.0,0.033,6.72
9526.0,171.0,1712.0,0.117,6.72
9530.0,216.0,1697.0,0.075,6.96
9536.0,106.0,1913.0,0.042,5.74
9541.0,300.0,2137.0,0.108,6.48
9546.0,5.0,1688.0,-0.017,6.23
9551.0,187.0,66.0,0.033,6.23
9556.0,297.0,107.0,-0.05,6.48
9561.0,-4.0,292.0,0.008,6.23
9566.0,144.0,347.0,-0.008,6.96
9570.0,233.0,764.0,-0.033,6.23
9576.0,391.0,858.0,0.042,6.23
9580.0,-50.0,983.0,0.158,6.96
9586.0,-90.0,965.0,0.092,6.48
9590.0,130.0,932.0,0.025,6.23
9595.0,29.0,905.0,0.142,6.23
9601.0,-99.0,1100.0,0.067,6.23
9605.0,432.0,1409.0,-0.15,6.72
9611.0,190.0,879.0,0.075,6.72
9615.0,240.0,992.0,-0.025,6.23
9620.0,205.0,1474.0,0.05,6.48
9626.0,77.0,1086.0,0.108,6.23
9630.0,134.0,883.0,-0.075,6.96
9636.0,140.0,747.0,-0.058,6.48
9640.0,230.0,444.0,0.075,6.23
9646.0,83.0,-915.0,-0.058,6.23
9651.0,165.0,-621.0,0.167,6.23
9656.0,-28.0,18.0,0.008,6.23
9661.0,128.0,190.0,-0.108,6.23
9666.0,108.0,317.0,0.092,6.23
9670.0,155.0,404.0,0.075,6.23
9675.0,-1.0,241.0,0.025,6.23
9679.0,258.0,504.0,-0.092,6.23
9684.0,300.0,499.0,0.108,6.72
9690.0,227.0,760.0,0.042,5.99
9695.0,215.0,478.0,-0.125,6.48
9700.0,455.0,435.0,0.117,6.48
9705.0,106.0,587.0,0.0,6.48
9710.0,-72.0,740.0,0.017,6.23
9714.0,143.0,463.0,0.183,6.72
9720.0,29.0,789.0,0.017,6.23
9724.0,124.0,644.0,0.008,6.96
9730.0,260.0,976.0,0.1,6.23
9735.0,-60.0,949.0,0.025,6.23
9740.0,81.0,790.0,0.042,6.23
9744.0,227.0,783.0,0.017,6.23
9749.0,248.0,748.0,-0.033,6.23
9754.0,242.0,1342.0,0.042,6.48
9759.0,274.0,951.0,-0.05,6.23
9764.0,-45.0,509.0,-0.075,6.23
9769.0,-67.0,418.0,0.05,6.23
9774.0,68.0,759.0,0.1,6.23
9779.0,410.0,580.0,0.058,6.23
9784.0,19.0,537.0,0.1,6.48
9789.0,139.0,567.0,0.1,6.48
9794.0,369.0,576.0,-0.008,5.99
9799.0,338.0,-34.0,0.075,6.72
9803.0,-42.0,373.0,0.033,6.23
9808.0,-253.0,-234.0,-0.025,6.23
9814.0,237.0,-45.0,0.117,6.48
9818.0,-12.0,78.0,0.025,6.23
9823.0,178.0,-27.0,-0.075,6.23
9827.0,385.0,-482.0,0.117,6.23
9833.0,385.0,-550.0,0.025,6.72
9838.0,77.0,-393.0,0.008,6.72
9842.0,64.0,-509.0,0.05,6.23
9847.0,216.0,-628.0,-0.017,6.96
9852.0,105.0,-203.0,0.033,6.48
9858.0,97.0,-338.0,0.092,6.48
9862.0,18.0,-167.0,0.05,6.23
9867.0,294.0,-346.0,0.025,6.23
9871.0,141.0,-255.0,0.083,6.23
9877.0,151.0,-147.0,0.083,6.23
9882.0,-255.0,76.0,0.142,6.96
9886.0,-16.0,-18.0,0.017,6.72
9891.0,250.0,407.0,0.108,6.96
9896.0,113.0,96.0,0.133,6.72
9901.0,47.0,99.0,0.0,6.23
9906.0,298.0,308.0,0.017,6.23
9911.0,178.0,531.0,0.025,6.23
9915.0,425.0,632.0,-0.075,6.72
9920.0,-191.0,152.0,-0.025,6.72
9925.0,217.0,311.0,0.008,6.23
9930.0,50.0,159.0,0.067,6.23
9935.0,-88.0,56.0,0.108,6.48
9939.0,143.0,-299.0,0.075,6.23
9945.0,397.0,-98.0,0.1,6.23
9950.0,352.0,135.0,0.025,6.23
9955.0,70.0,689.0,-0.05,6.23
9960.0,152.0,528.0,-0.025,6.23
9965.0,267.0,500.0,-0.075,6.48
9970.0,-29.0,833.0,-0.017,6.96
9974.0,46.0,440.0,-0.05,6.23
9979.0,-6.0,391.0,0.042,6.96
9984.0,351.0,420.0,-0.017,6.23
9989.0,271.0,543.0,0.117,8.92
9994.0,220.0,694.0,-0.067,6.23
9999.0,130.0,-22.0,-0.033,6.23
10004.0,184.0,21.0,0.067,6.72
10009.0,-115.0,275.0,0.025,6.72
10014.0,191.0,246.0,0.0,6.96
10018.0,192.0,315.0,-0.017,6.96
10024.0,18.0,635.0,-0.033,6.23
10029.0,16.0,590.0,0.075,6.23
10034.0,-147.0,316.0,0.008,6.23
10040.0,205.0,334.0,-0.008,6.23
10045.0,529.0,189.0,0.017,6.23
10050.0,32.0,689.0,0.033,6.23
10054.0,244.0,576.0,0.008,6.23
10059.0,46.0,281.0,0.025,6.72
10064.0,155.0,157.0,0.042,6.23
10070.0,-55.0,190.0,0.017,6.72
10075.0,114.0,338.0,0.0,6.23
10080.0,72.0,275.0,0.05,6.72
10085.0,-38.0,-172.0,-0.017,6.23
10090.0,41.0,-424.0,-0.017,6.23
10095.0,-43.0,-355.0,0.025,6.72
10100.0,6.0,-53.0,0.05,6.23
10104.0,-424.0,-30.0,0.017,6.23
10109.0,134.0,29.0,0.017,6.72
10115.0,-21.0,71.0,0.017,6.23
10120.0,393.0,-36.0,-0.008,6.72
10125.0,456.0,36.0,0.067,6.48
10130.0,-132.0,-1.0,0.0,6.72
10134.0,-71.0,434.0,-0.058,6.72
10139.0,193.0,367.0,0.092,6.23
10144.0,-133.0,-222.0,0.0,6.96
10149.0,228.0,-276.0,0.05,6.23
10155.0,262.0,-315.0,0.092,6.23
10160.0,571.0,-243.0,0.0,6.23
10164.0,142.0,-122.0,0.092,6.23
10169.0,33.0,-283.0,0.075,6.96
10174.0,29.0,-14.0,-0.067,6.23
10179.0,-41.0,-389.0,0.025,6.23
10183.0,112.0,-346.0,-0.017,6.48
10188.0,398.0,201.0,0.042,6.72
10193.0,533.0,-367.0,0.008,6.23
10199.0,187.0,40.0,0.017,6.23
10204.0,234.0,-116.0,0.017,6.23
10208.0,77.0,19.0,0.092,6.48
10213.0,109.0,-118.0,0.1,6.72
10218.0,-52.0,211.0,-0.033,6.23
10222.0,366.0,-54.0,0.0,6.23
10227.0,201.0,-255.0,-0.058,6.48
10232.0,107.0,194.0,-0.033,7.21
10237.0,-52.0,536.0,0.108,6.72
10243.0,-2.0,907.0,0.092,6.23
10247.0,157.0,931.0,0.008,6.48
10252.0,-20.0,874.0,-0.008,6.48
10257.0,-16.0,1172.0,0.0,6.48
10262.0,223.0,1218.0,-0.1,6.23
10267.0,-31.0,1087.0,-0.092,6.48
10272.0,-119.0,1108.0,0.15,6.96
10277.0,224.0,1147.0,0.058,6.23
10283.0,-32.0,976.0,0.092,6.48
10288.0,21.0,856.0,0.242,6.23
10293.0,123.0,887.0,0.075,6.23
10297.0,80.0,939.0,0.042,6.23
10302.0,89.0,1190.0,0.05,6.23
10307.0,145.0,1177.0,0.025,6.23
10311.0,114.0,1090.0,0.017,6.72
10316.0,332.0,1105.0,-0.058,6.48
10321.0,21.0,1057.0,-0.033,6.23
10327.0,307.0,1172.0,-0.042,6.23
10332.0,219.0,865.0,-0.067,6.23
10337.0,-86.0,792.0,0.025,6.23
10342.0,214.0,843.0,0.075,6.23
10347.0,173.0,585.0,0.125,6.23
10352.0,-59.0,514.0,0.067,6.72
10357.0,267.0,634.0,0.1,6.96
10362.0,138.0,478.0,-0.058,6.23
10368.0,170.0,179.0,0.0,6.72
10373.0,-131.0,575.0,0.092,6.23
10377.0,556.0,578.0,0.042,6.23
10383.0,276.0,106.0,-0.05,6.48
10388.0,377.0,118.0,-0.025,6.72
10393.0,35.0,95.0,-0.05,6.23
10398.0,145.0,227.0,-0.033,6.96
10403.0,418.0,193.0,-0.075,6.72
10408.0,196.0,62.0,0.008,6.23
10414.0,68.0,-24.0,0.0,6.48
10418.0,351.0,305.0,-0.008,6.96
10423.0,367.0,96.0,0.05,6.96
10428.0,400.0,110.0,0.008,6.48
10433.0,120.0,3.0,0.008,7.94
10438.0,353.0,-303.0,0.075,6.23
10442.0,310.0,-62.0,0.025,6.23
10448.0,272.0,-126.0,0.108,6.48
10454.0,325.0,-250.0,0.142,6.23
10459.0,241.0,-107.0,0.017,6.96
10464.0,-139.0,17.0,0.05,6.23
10469.0,-16.0,113.0,0.025,6.23
10474.0,270.0,388.0,0.008,6.23
10479.0,336.0,106.0,0.008,6.23
10484.0,59.0,433.0,0.05,6.72
10489.0,253.0,372.0,-0.025,6.23
10494.0,394.0,536.0,0.0,6.72
10499.0,30.0,371.0,0.158,6.23
10505.0,246.0,643.0,-0.033,6.48
10510.0,443.0,625.0,0.158,6.72
10515.0,19.0,1014.0,0.117,6.23
10520.0,-103.0,622.0,0.05,6.72
10525.0,58.0,648.0,0.008,6.23
10530.0,308.0,211.0,0.0,6.23
10535.0,-30.0,925.0,0.017,6.72
10541.0,-197.0,650.0,0.017,6.23
10546.0,183.0,717.0,0.075,6.48
10551.0,434.0,649.0,0.075,6.23
10555.0,-29.0,700.0,0.033,6.23
10560.0,226.0,474.0,0.075,6.23
10565.0,-25.0,659.0,-0.025,6.23
10570.0,19.0,1101.0,-0.025,6.72
10574.0,-30.0,1038.0,0.117,6.23
10579.0,-72.0,739.0,0.0,6.23
10585.0,151.0,1423.0,0.058,6.23
10590.0,262.0,1414.0,0.025,6.23
10595.0,-42.0,1196.0,0.05,6.72
10600.0,197.0,1317.0,-0.058,6.48
10605.0,233.0,1386.0,0.092,6.48
10610.0,128.0,1468.0,0.017,6.48
10614.0,165.0,1207.0,0.075,6.72
10620.0,99.0,1259.0,0.05,6.48
10625.0,190.0,1410.0,0.0,6.48
10630.0,284.0,1667.0,0.042,6.23
10635.0,291.0,1633.0,0.0,6.23
10640.0,22.0,1556.0,0.075,6.23
10645.0,178.0,1730.0,0.033,6.72
10650.0,203.0,1471.0,-0.033,6.72
10655.0,-235.0,1680.0,-0.058,6.23
10660.0,-130.0,1930.0,0.058,6.23
10664.0,305.0,2027.0,0.033,6.72
10671.0,-189.0,1637.0,0.008,6.48
10675.0,40.0,1630.0,-0.033,6.72
10680.0,-86.0,1923.0,0.042,6.23
10685.0,113.0,1711.0,0.075,6.23
10690.0,166.0,1658.0,0.092,6.23
10695.0,168.0,1354.0,0.025,6.23
10700.0,281.0,1211.0,0.042,6.23
10705.0,-361.0,1482.0,0.017,6.72
10711.0,162.0,1344.0,0.042,6.72
10715.0,397.0,1597.0,0.083,6.23
10721.0,227.0,1401.0,-0.017,6.23
10725.0,-12.0,1502.0,-0.025,6.23
10730.0,-18.0,1633.0,-0.117,6.23
10736.0,-8.0,1251.0,0.017,6.23
10740.0,-85.0,1380.0,-0.008,6.48
10746.0,349.0,1558.0,-0.042,6.48
10752.0,163.0,950.0,0.058,6.23
10756.0,76.0,671.0,-0.092,6.23
10762.0,-228.0,-2425.0,-0.317,6.23
10767.0,-162.0,-250371.0,-4.617,6.23
10772.0,-293.0,-700992.0,-9.133,6.23
10777.0,-373.0,-1046597.0,-9.308,5.99
10783.0,-135.0,-1121059.0,-5.958,6.23
10787.0,-112.0,-1118828.0,-2.558,6.23
10793.0,134.0,-1078485.0,1.017,6.23
10799.0,-34.0,-1099903.0,-2.275,6.23
10804.0,33.0,-1148150.0,-5.625,6.23
10809.0,-415.0,-1216951.0,-6.917,6.48
10815.0,11.0,-1215785.0,-5.8,5.99
10819.0,-226.0,-1213660.0,-3.717,5.99
10824.0,5.0,-1241037.0,-1.692,5.99
10829.0,73.0,-1301727.0,-2.858,6.72
10834.0,74.0,-1325812.0,-5.208,6.23
10840.0,52.0,-1337543.0,-5.867,6.72
10846.0,508.0,-1340745.0,-5.175,6.72
10850.0,411.0,-1338572.0,-3.475,6.23
10856.0,217.0,-1334703.0,-2.392,5.99
10861.0,531.0,-1326413.0,-3.633,6.48
10866.0,574.0,-1322392.0,-4.3,5.99
10871.0,229.0,-1314611.0,-4.5,6.72
10876.0,65.0,-1304853.0,-4.225,5.99
10882.0,20.0,-1301394.0,-3.008,5.99
10887.0,312.0,-1296400.0,-2.6,6.23
10893.0,62.0,-1290076.0,-3.625,5.99
10899.0,396.0,-1282782.0,-4.242,6.23
10903.0,113.0,-1278583.0,-3.667,5.99
10909.0,-187.0,-1271693.0,-3.233,6.72
10914.0,-251.0,-1265369.0,-3.258,6.23
10920.0,-209.0,-1261529.0,-3.008,6.48
10926.0,68.0,-1258940.0,-2.933,5.99
10931.0,90.0,-1253060.0,-2.525,5.99
10937.0,168.0,-1245746.0,-2.117,5.99
10942.0,310.0,-1237298.0,-2.508,6.48
10947.0,417.0,-1232843.0,-2.492,6.23
10953.0,41.0,-1223737.0,-1.725,6.48
10958.0,-125.0,-1215495.0,-0.875,6.23
10964.0,363.0,-1206983.0,-1.425,5.99
10970.0,172.0,-1202186.0,-1.95,5.99
10975.0,232.0,-1197057.0,-1.8,6.23
10980.0,240.0,-1183407.0,-1.142,6.23
10985.0,285.0,-1180254.0,-0.408,5.74
10990.0,120.0,-1174367.0,-1.158,6.23
10995.0,292.0,-1169019.0,-1.708,5.99
11000.0,521.0,-1165338.0,-1.242,5.99
11006.0,-107.0,-1157932.0,-1.575,5.99
11012.0,117.0,-1152690.0,-0.033,5.99
11018.0,161.0,-1149392.0,-0.658,5.99
11023.0,388.0,-1148057.0,-1.217,5.99
11028.0,72.0,-1145055.0,-0.925,5.99
11034.0,276.0,-1142515.0,-0.35,5.99
11039.0,212.0,-1140341.0,-0.342,6.48
11044.0,51.0,-1138400.0,-0.892,5.99
11051.0,231.0,-1135912.0,-0.408,5.99
11056.0,161.0,-1133816.0,-0.133,6.23
11062.0,75.0,-1130946.0,-0.225,5.74
11066.0,72.0,-1129009.0,0.392,4.28
11072.0,26.0,-1125553.0,0.367,5.99
11078.0,380.0,-1121147.0,0.567,5.74
11083.0,6.0,-1116759.0,0.5,5.74
11088.0,109.0,-1114886.0,0.233,5.99
11094.0,317.0,-1110736.0,0.408,5.74
11100.0,-61.0,-1107986.0,0.525,5.99
11106.0,-83.0,-1104912.0,0.492,5.74
11110.0,-126.0,-1103863.0,0.65,5.99
11116.0,246.0,-1102307.0,0.608,6.23
11121.0,-4.0,-1101471.0,0.5,6.48
11127.0,212.0,-1100595.0,0.617,5.74
11132.0,363.0,-1100438.0,0.575,5.74
11138.0,-281.0,-1099588.0,0.558,6.23
11144.0,-255.0,-1097824.0,0.725,5.5
11149.0,177.0,-1095788.0,0.675,5.74
11154.0,166.0,-1095231.0,0.6,5.5
11159.0,199.0,-1093367.0,0.733,5.74
11165.0,43.0,-1092137.0,0.667,5.74
11169.0,20.0,-1091520.0,0.717,6.48
11175.0,-203.0,-1089060.0,0.792,5.74
11181.0,213.0,-1087702.0,0.708,5.74
11186.0,407.0,-1086287.0,0.775,7.94
11191.0,196.0,-1083482.0,0.733,5.74
11197.0,376.0,-1080920.0,0.692,6.23
11202.0,-4.0,-1079335.0,0.858,5.74
11206.0,167.0,-1075528.0,0.833,5.74
11212.0,267.0,-1072024.0,0.775,6.23
11217.0,-81.0,-1069579.0,0.833,5.99
11223.0,164.0,-1064266.0,0.825,6.48
11228.0,138.0,-1058776.0,0.758,6.72
11234.0,222.0,-1052704.0,0.742,5.74
11239.0,123.0,-1049565.0,0.65,6.23
11244.0,6.0,-1043757.0,0.85,5.99
11249.0,-278.0,-1036719.0,0.742,5.74
11254.0,-375.0,-1032454.0,0.9,5.5
11259.0,190.0,-1023350.0,0.7,5.74
11266.0,112.0,-1013028.0,0.75,5.74
11271.0,244.0,-1007963.0,0.733,5.99
11275.0,197.0,-997842.0,0.742,5.74
11281.0,147.0,-988064.0,0.808,5.99
11286.0,-279.0,-983745.0,0.742,5.74
11291.0,62.0,-974720.0,0.808,5.74
11296.0,348.0,-964696.0,0.8,6.23
11301.0,2.0,-958723.0,0.725,6.48
11307.0,103.0,-946090.0,0.817,5.74
11312.0,197.0,-932886.0,0.717,5.74
11318.0,323.0,-926167.0,0.717,5.99
11322.0,-34.0,-912536.0,0.792,5.74
11328.0,180.0,-900552.0,0.717,6.48
11333.0,242.0,-894337.0,0.75,6.23
11337.0,137.0,-884180.0,0.667,6.48
11343.0,261.0,-875138.0,0.683,5.99
11348.0,201.0,-871067.0,0.75,6.23
11354.0,114.0,-863506.0,0.592,5.99
11359.0,430.0,-855514.0,0.7,5.74
11364.0,208.0,-851365.0,0.708,6.23
11369.0,395.0,-842510.0,0.558,5.74
11375.0,639.0,-835216.0,0.625,5.99
11380.0,219.0,-831677.0,0.692,5.99
11384.0,128.0,-828732.0,0.717,6.23
11390.0,256.0,-822040.0,0.608,5.99
11396.0,66.0,-820741.0,0.6,6.72
11401.0,349.0,-818767.0,0.683,5.74
11406.0,101.0,-818943.0,0.65,5.5
11412.0,697.0,-819294.0,0.608,5.99
11416.0,278.0,-819291.0,0.592,5.74
11422.0,-34.0,-817303.0,0.55,6.23
11427.0,154.0,-816584.0,0.617,5.99
11431.0,241.0,-814897.0,0.533,5.99
11438.0,253.0,-813363.0,0.55,5.99
11443.0,205.0,-812690.0,0.583,6.23
11448.0,28.0,-812273.0,0.633,5.99
11453.0,318.0,-811155.0,0.55,5.74
11458.0,10.0,-810098.0,0.525,6.23
11463.0,-3.0,-808291.0,0.55,6.72
11468.0,393.0,-805015.0,0.525,6.23
11473.0,465.0,-803212.0,0.5,5.99
11479.0,358.0,-797907.0,0.475,6.23
11485.0,-28.0,-791843.0,0.475,6.23
11490.0,428.0,-787944.0,0.525,6.23
11494.0,143.0,-783665.0,0.35,6.23
11500.0,157.0,-768327.0,0.45,5.99
11505.0,391.0,-762732.0,0.308,6.23
11510.0,158.0,-750294.0,0.317,6.48
11516.0,60.0,-736820.0,0.283,6.48
11522.0,72.0,-729577.0,0.225,6.23
11526.0,-7.0,-715028.0,0.208,5.99
11532.0,293.0,-700104.0,0.083,6.72
11537.0,11.0,-692553.0,0.067,6.23
11541.0,62.0,-678448.0,0.042,6.96
11547.0,520.0,-664854.0,0.108,6.23
11552.0,130.0,-658511.0,0.067,6.23
11557.0,125.0,-647810.0,-0.033,6.48
11563.0,443.0,-640166.0,0.058,6.23
11568.0,261.0,-637055.0,0.05,6.23
11573.0,-58.0,-631768.0,-0.033,6.72
11578.0,16.0,-627870.0,0.0,6.96
11583.0,414.0,-626743.0,-0.033,6.23
11589.0,251.0,-624645.0,0.0,6.23
11594.0,59.0,-622845.0,-0.017,6.48
11599.0,-47.0,-622452.0,-0.117,6.48
11604.0,84.0,-621641.0,0.0,6.48
11610.0,108.0,-620653.0,0.017,7.21
11615.0,-64.0,-620466.0,0.042,6.23
11620.0,-73.0,-619963.0,0.008,6.23
11625.0,323.0,-619331.0,-0.042,6.48
11630.0,65.0,-618904.0,-0.033,6.48
11635.0,306.0,-618537.0,-0.008,6.23
11641.0,212.0,-616815.0,0.042,6.23
11646.0,-206.0,-616634.0,0.025,6.48
11652.0,259.0,-615760.0,-0.033,6.96
11657.0,-22.0,-614916.0,-0.042,6.72
11662.0,218.0,-614345.0,0.125,6.23
11667.0,433.0,-613433.0,0.05,6.96
11672.0,392.0,-612704.0,0.058,6.23
11677.0,564.0,-612335.0,-0.083,5.99
11682.0,411.0,-611723.0,-0.008,6.96
11687.0,-187.0,-611190.0,-0.067,6.96
11693.0,283.0,-610679.0,0.008,6.72
11698.0,238.0,-610707.0,0.025,6.23
11703.0,198.0,-610780.0,0.05,6.72
11708.0,-16.0,-610933.0,0.008,6.72
11713.0,187.0,-611345.0,0.067,6.23
11718.0,-15.0,-611148.0,0.05,6.23
11723.0,62.0,-611121.0,0.15,6.23
11728.0,-219.0,-611338.0,0.008,6.23
11734.0,481.0,-610779.0,0.117,6.23
11739.0,-66.0,-610271.0,0.033,6.72
11744.0,340.0,-610176.0,0.083,6.23
11749.0,396.0,-610267.0,0.0,6.23
11754.0,397.0,-609869.0,0.033,6.48
11759.0,225.0,-609656.0,0.108,6.96
11764.0,326.0,-609601.0,0.05,6.23
11768.0,-3.0,-609368.0,0.042,6.96
11773.0,187.0,-609043.0,0.067,6.23
11780.0,174.0,-608803.0,-0.017,6.48
11785.0,652.0,-608512.0,0.042,6.23
11790.0,168.0,-608455.0,-0.025,6.23
11795.0,431.0,-608135.0,0.042,6.72
11800.0,-81.0,-607814.0,-0.008,6.48
11805.0,67.0,-607765.0,0.067,6.23
11810.0,322.0,-607045.0,0.067,6.23
11815.0,-50.0,-607038.0,0.042,6.23
11821.0,-23.0,-606815.0,0.075,6.72
11825.0,174.0,-606760.0,0.017,6.72
11830.0,-148.0,-606839.0,0.092,6.72
11836.0,-7.0,-606267.0,0.05,6.23
11841.0,259.0,-605738.0,0.067,6.48
11845.0,404.0,-605779.0,0.092,6.72
11850.0,255.0,-605366.0,0.033,6.23
11855.0,73.0,-604863.0,0.092,6.23
11860.0,-30.0,-605315.0,-0.075,6.23
11866.0,306.0,-605058.0,0.033,6.96
11871.0,308.0,-604339.0,0.042,6.23
11876.0,437.0,-604379.0,0.092,6.48
11881.0,-11.0,-604244.0,0.117,6.23
11886.0,45.0,-603725.0,0.0,6.23
11891.0,-124.0,-603315.0,0.017,6.23
11897.0,-174.0,-603360.0,-0.025,6.48
11901.0,-129.0,-603267.0,-0.05,6.96
11907.0,166.0,-603252.0,-0.05,6.23
11912.0,-240.0,-603051.0,0.058,6.23
11917.0,-277.0,-602613.0,0.033,6.23
11922.0,-87.0,-602646.0,-0.017,6.23
11927.0,255.0,-602501.0,0.033,6.96
11932.0,-86.0,-602201.0,0.008,6.48
11937.0,106.0,-602020.0,0.033,6.48
11942.0,68.0,-601823.0,0.017,6.48
11948.0,55.0,-601492.0,0.025,6.23
11953.0,121.0,-601213.0,0.108,6.48
11958.0,142.0,-601579.0,0.008,6.48
11963.0,153.0,-601502.0,0.0,6.23
11968.0,-151.0,-601042.0,0.0,6.72
11973.0,-254.0,-601142.0,0.042,6.23
11978.0,210.0,-600983.0,0.058,6.23
11984.0,90.0,-600342.0,0.125,6.23
11990.0,37.0,-600900.0,0.108,6.72
11995.0,471.0,-600641.0,-0.083,6.23
12000.0,85.0,-600284.0,0.025,6.23
12005.0,-12.0,-599950.0,0.117,6.48
12010.0,82.0,-599889.0,-0.033,6.23
12015.0,56.0,-599600.0,0.142,5.01
12020.0,-79.0,-599306.0,0.192,6.72
12025.0,-111.0,-599081.0,0.067,6.23
12030.0,-81.0,-599020.0,0.108,6.48
12036.0,-36.0,-598972.0,0.067,6.23
12041.0,232.0,-598551.0,0.225,6.96
12047.0,156.0,-598197.0,0.008,6.96
12052.0,443.0,-597895.0,0.1,6.23
12057.0,80.0,-598082.0,0.067,6.23
12062.0,280.0,-598360.0,0.083,6.23
12067.0,153.0,-597884.0,-0.058,6.48
12072.0,-72.0,-597931.0,0.008,6.23
12078.0,162.0,-597709.0,0.083,6.23
12083.0,65.0,-597473.0,0.067,6.23
12088.0,184.0,-597176.0,-0.017,6.23
12094.0,110.0,-597252.0,0.05,6.96
12099.0,151.0,-596974.0,0.058,6.72
12103.0,50.0,-597155.0,0.008,6.23
12108.0,73.0,-596995.0,0.008,6.23
12113.0,334.0,-596954.0,0.0,6.23
12119.0,-144.0,-597021.0,-0.017,6.23
12124.0,-1.0,-596671.0,0.042,6.96
12129.0,231.0,-596558.0,0.017,6.48
12134.0,201.0,-596523.0,0.083,6.23
12139.0,-218.0,-596669.0,0.117,6.96
12144.0,340.0,-596758.0,0.058,6.23
12149.0,172.0,-596091.0,0.058,6.23
12155.0,-33.0,-595873.0,0.075,6.23
12161.0,-19.0,-595950.0,-0.033,6.23
12166.0,-51.0,-595612.0,0.092,6.96
12171.0,-22.0,-595586.0,0.025,6.23
12176.0,17.0,-595637.0,-0.067,6.23
12181.0,-97.0,-595521.0,0.025,6.72
12186.0,-12.0,-595329.0,-0.125,6.96
12191.0,-195.0,-595152.0,0.1,6.23
12196.0,11.0,-595014.0,0.05,6.23
12203.0,450.0,-594902.0,-0.017,6.96
12207.0,153.0,-594607.0,-0.008,6.23
12213.0,231.0,-594239.0,-0.033,6.23
12218.0,278.0,-594773.0,0.008,6.23
12222.0,249.0,-594582.0,0.183,6.72
12228.0,381.0,-594038.0,-0.133,6.72
12233.0,158.0,-594290.0,0.033,6.48
12238.0,241.0,-593881.0,0.0,7.21
12243.0,523.0,-593969.0,0.167,6.23
12249.0,118.0,-593351.0,0.008,6.23
12254.0,-393.0,-593300.0,-0.033,6.23
12260.0,-199.0,-593110.0,0.067,6.48
12265.0,-258.0,-593222.0,0.058,6.72
12269.0,-9.0,-592893.0,0.017,6.23
12275.0,69.0,-592593.0,0.017,6.48
12279.0,282.0,-593024.0,-0.05,6.23
12284.0,396.0,-592175.0,0.083,6.23
12290.0,-247.0,-592315.0,0.008,6.23
12295.0,200.0,-592270.0,0.1,6.72
12301.0,116.0,-592150.0,0.033,6.23
12306.0,149.0,-591650.0,0.092,6.72
12310.0,362.0,-591513.0,0.108,6.23
12316.0,160.0,-591575.0,0.075,6.48
12321.0,-112.0,-591433.0,-0.042,6.23
12326.0,117.0,-591582.0,0.025,6.23
12332.0,153.0,-591233.0,0.017,6.72
12337.0,106.0,-590755.0,0.033,6.72
12342.0,-173.0,-590692.0,0.058,6.23
12347.0,-107.0,-590576.0,-0.017,6.23
12353.0,160.0,-590508.0,0.083,6.96
12357.0,87.0,-590453.0,-0.008,6.23
12363.0,283.0,-590549.0,0.067,6.96
12368.0,362.0,-590459.0,-0.05,6.48
12372.0,185.0,-590312.0,0.008,6.23
12379.0,189.0,-589830.0,0.042,6.48
12384.0,160.0,-589920.0,0.083,6.23
12389.0,173.0,-589529.0,0.017,6.23
12394.0,173.0,-589791.0,-0.042,6.48
12399.0,-38.0,-589837.0,0.075,6.48
12404.0,63.0,-589784.0,0.108,6.23
12409.0,113.0,-589856.0,0.033,6.23
12416.0,-120.0,-589748.0,-0.017,6.23
12420.0,121.0,-589491.0,0.15,6.23
12426.0,349.0,-589307.0,0.05,6.23
12431.0,472.0,-589203.0,0.05,6.96
12435.0,-261.0,-589222.0,0.092,6.96
12441.0,-93.0,-589028.0,0.033,6.48
12446.0,282.0,-588919.0,0.117,6.96
12451.0,240.0,-589154.0,0.025,6.23
12456.0,64.0,-589328.0,0.008,6.23
12462.0,141.0,-589187.0,0.008,6.23
12467.0,323.0,-588858.0,-0.008,6.72
12472.0,-279.0,-588964.0,0.1,6.23
12477.0,26.0,-589021.0,0.008,6.23
12482.0,32.0,-588836.0,0.033,6.23
12488.0,100.0,-588572.0,0.017,6.23
12492.0,123.0,-588569.0,0.058,6.48
12497.0,367.0,-588196.0,0.05,6.23
12504.0,301.0,-588112.0,0.042,8.68
12509.0,294.0,-588147.0,-0.042,6.23
12514.0,350.0,-588300.0,0.075,6.23
12519.0,384.0,-587828.0,0.033,6.23
12524.0,167.0,-587935.0,0.008,6.23
12529.0,119.0,-587938.0,-0.075,6.23
12535.0,165.0,-587630.0,0.008,6.48
12539.0,190.0,-587559.0,-0.075,6.72
12545.0,-30.0,-587722.0,0.075,6.23
12551.0,96.0,-587242.0,-0.008,6.48
12555.0,-15.0,-587107.0,0.042,6.96
12560.0,259.0,-586962.0,0.025,6.23
12566.0,265.0,-586746.0,0.033,6.96
12571.0,126.0,-586855.0,0.008,6.72
12576.0,-162.0,-586778.0,0.067,6.23
12581.0,66.0,-586848.0,0.075,5.99
12587.0,-9.0,-586977.0,0.067,6.48
12592.0,291.0,-586831.0,-0.025,6.23
12598.0,195.0,-586301.0,0.008,6.48
12603.0,164.0,-586474.0,0.008,6.48
12607.0,-19.0,-586301.0,0.05,6.48
12612.0,318.0,-585870.0,-0.017,6.23
12616.0,605.0,-585557.0,0.083,6.23
12622.0,-1.0,-586013.0,0.008,6.72
12626.0,-136.0,-585740.0,0.017,6.48
12633.0,198.0,-585520.0,0.05,6.96
12639.0,266.0,-585398.0,-0.008,6.96
12643.0,275.0,-585583.0,0.058,6.23
12648.0,48.0,-585560.0,0.058,6.48
12653.0,212.0,-584774.0,-0.042,6.48
12658.0,383.0,-585251.0,-0.033,6.96
12664.0,551.0,-585117.0,0.067,6.23
12669.0,33.0,-585091.0,0.125,6.23
12675.0,2.0,-585340.0,0.092,6.72
12680.0,240.0,-585351.0,-0.058,6.23
12685.0,-120.0,-585083.0,0.067,4.52
12690.0,-13.0,-585108.0,0.075,6.23
12695.0,241.0,-584849.0,0.017,6.23
12701.0,101.0,-584767.0,0.05,6.23
12705.0,-68.0,-585212.0,0.058,6.23
12710.0,374.0,-584413.0,0.008,6.72
12717.0,4.0,-584553.0,-0.008,6.23
12721.0,-191.0,-584312.0,0.158,6.72
12727.0,305.0,-584198.0,0.067,6.23
12732.0,205.0,-584242.0,-0.1,6.96
12738.0,-107.0,-584376.0,0.067,6.72
12743.0,114.0,-584057.0,0.1,6.96
12748.0,364.0,-584111.0,-0.025,6.23
12754.0,84.0,-584063.0,0.025,6.23
12760.0,-42.0,-584039.0,-0.025,6.23
12765.0,149.0,-583888.0,0.142,6.23
12770.0,-241.0,-583570.0,0.033,6.23
12776.0,25.0,-583960.0,0.092,6.23
12781.0,230.0,-583843.0,0.067,6.48
12786.0,92.0,-583716.0,-0.05,6.72
12791.0,726.0,-583302.0,0.025,6.23
12796.0,715.0,-583145.0,0.042,6.23
12802.0,199.0,-582975.0,0.017,6.48
12808.0,-81.0,-582725.0,0.033,6.23
12813.0,91.0,-582577.0,0.0,6.48
12818.0,-94.0,-582632.0,0.05,7.21
12823.0,450.0,-582004.0,0.033,6.72
12829.0,98.0,-582202.0,0.025,6.23
12834.0,323.0,-582345.0,0.058,6.23
12839.0,355.0,-581923.0,0.025,6.23
12846.0,525.0,-581835.0,0.033,6.48
12851.0,81.0,-581785.0,0.033,6.23
12856.0,84.0,-581798.0,0.092,6.23
12861.0,172.0,-581794.0,0.017,6.23
12867.0,274.0,-581364.0,0.025,7.94
12872.0,-416.0,-581238.0,0.025,6.72
12877.0,-95.0,-581413.0,0.05,6.23
12882.0,733.0,-581289.0,0.033,6.72
12889.0,-3.0,-580917.0,0.025,6.48
12894.0,-74.0,-580704.0,0.125,6.23
12899.0,124.0,-580890.0,-0.042,6.23
12905.0,222.0,-580874.0,0.075,6.23
12910.0,-152.0,-580928.0,-0.008,6.23
12915.0,227.0,-580895.0,0.05,6.23
12920.0,55.0,-581071.0,-0.017,6.72
12926.0,219.0,-580561.0,0.092,6.96
12932.0,123.0,-580822.0,0.033,6.23
12937.0,444.0,-581177.0,0.075,6.23
12942.0,74.0,-580953.0,0.083,6.23
12947.0,186.0,-580564.0,0.083,6.23
12952.0,45.0,-580617.0,-0.075,6.23
12957.0,-93.0,-580049.0,0.017,6.23
12962.0,180.0,-579988.0,0.017,6.23
12967.0,-27.0,-579718.0,0.042,6.23
12973.0,307.0,-579912.0,0.0,6.23
12978.0,332.0,-579893.0,0.117,6.23
12983.0,191.0,-579761.0,-0.058,6.96
12989.0,-179.0,-579769.0,0.017,6.23
12993.0,202.0,-579750.0,0.042,6.23
12999.0,480.0,-580006.0,0.033,6.23
13004.0,188.0,-579872.0,0.058,6.23
13009.0,476.0,-580081.0,0.017,6.48
13015.0,507.0,-579868.0,0.058,6.23
13021.0,169.0,-579310.0,0.025,6.23
13026.0,187.0,-579541.0,0.025,6.23
13030.0,288.0,-579736.0,0.042,6.72
13036.0,-226.0,-579214.0,0.133,6.72
13041.0,182.0,-579261.0,0.108,6.96
13046.0,171.0,-579176.0,0.033,6.23
13051.0,279.0,-578824.0,0.008,6.96
13057.0,-33.0,-578843.0,-0.05,6.23
13062.0,140.0,-578682.0,-0.017,6.23
13067.0,30.0,-578260.0,0.0,6.23
13072.0,288.0,-578257.0,0.05,6.23
13077.0,-25.0,-578536.0,0.108,6.23
13083.0,-129.0,-578654.0,0.05,6.48
13088.0,-31.0,-578599.0,0.067,6.23
13092.0,-310.0,-577930.0,0.1,6.23
13099.0,-60.0,-577430.0,0.075,6.23
13104.0,208.0,-577631.0,0.033,6.23
13109.0,279.0,-577688.0,0.075,5.01
13114.0,31.0,-577430.0,0.092,6.48
13119.0,49.0,-577367.0,0.108,6.48
13124.0,306.0,-577266.0,-0.125,6.48
13129.0,116.0,-577186.0,0.0,6.96
13134.0,-27.0,-577051.0,0.033,6.23
13139.0,130.0,-576747.0,-0.033,6.23
13145.0,298.0,-576784.0,0.025,6.23
13150.0,417.0,-576225.0,-0.05,6.23
13155.0,91.0,-576785.0,0.042,6.23
13160.0,125.0,-576636.0,0.108,6.23
13165.0,156.0,-576481.0,0.083,6.23
13170.0,-144.0,-576189.0,0.033,6.23
13175.0,286.0,-576296.0,0.042,6.48
13180.0,179.0,-576207.0,0.167,6.23
13187.0,103.0,-575999.0,0.025,6.23
13192.0,-263.0,-576072.0,0.117,6.23
13196.0,230.0,-575987.0,0.067,6.23
13202.0,82.0,-575717.0,0.042,6.96
13207.0,82.0,-575650.0,0.092,6.23
13212.0,149.0,-575423.0,0.008,6.48
13217.0,25.0,-575327.0,0.017,6.23
13222.0,323.0,-575240.0,0.033,6.23
13228.0,310.0,-575045.0,0.125,6.23
13233.0,154.0,-575447.0,0.075,6.96
13239.0,428.0,-575166.0,0.042,6.23
13243.0,3.0,-574649.0,-0.008,6.96
13249.0,361.0,-574825.0,0.067,6.23
13254.0,53.0,-574578.0,-0.025,6.96
13259.0,156.0,-574422.0,0.142,6.23
13264.0,310.0,-574468.0,0.033,6.48
13270.0,-144.0,-574587.0,-0.067,6.48
13275.0,103.0,-574590.0,0.0,6.23
13281.0,319.0,-574442.0,-0.017,6.23
13286.0,-63.0,-574605.0,0.025,6.96
13290.0,-90.0,-574516.0,0.125,6.72
13296.0,420.0,-574446.0,0.075,6.23
13301.0,-24.0,-574211.0,0.017,6.23
13305.0,-5.0,-574512.0,0.058,6.48
13312.0,247.0,-574146.0,0.058,6.23
13317.0,279.0,-574011.0,-0.025,6.23
13322.0,-60.0,-574058.0,0.058,6.48
13327.0,216.0,-574188.0,0.033,6.23
13332.0,86.0,-573955.0,-0.025,6.48
13337.0,-107.0,-573315.0,0.042,4.52
13343.0,-63.0,-573861.0,0.1,6.96
13348.0,37.0,-573686.0,-0.017,6.23
13353.0,214.0,-573621.0,-0.025,6.23
13359.0,6.0,-573787.0,0.092,6.23
13364.0,130.0,-573830.0,0.058,6.72
13369.0,-39.0,-573683.0,0.042,6.23
13374.0,191.0,-573563.0,-0.017,6.23
13379.0,595.0,-573602.0,0.042,6.23
13384.0,136.0,-573437.0,-0.033,6.23
13390.0,270.0,-573449.0,0.008,6.96
13395.0,150.0,-573598.0,0.025,6.96
13400.0,15.0,-573431.0,-0.067,6.23
13406.0,289.0,-573483.0,-0.008,6.23
13411.0,231.0,-573416.0,-0.033,6.23
13416.0,134.0,-573365.0,0.033,6.23
13421.0,272.0,-573149.0,0.058,6.23
13426.0,604.0,-573302.0,0.025,6.72
13431.0,331.0,-573023.0,0.033,6.96
13436.0,201.0,-572953.0,0.083,6.23
13442.0,115.0,-572706.0,0.025,6.48
13447.0,388.0,-572807.0,0.05,6.96
13453.0,118.0,-572063.0,-0.017,6.72
13458.0,-142.0,-572140.0,0.125,6.23
13462.0,-59.0,-572255.0,-0.05,6.23
13468.0,15.0,-571801.0,-0.075,6.48
13473.0,559.0,-571836.0,0.058,6.23
13478.0,684.0,-571790.0,-0.142,6.96
13484.0,363.0,-571611.0,0.042,6.96
13489.0,563.0,-571298.0,0.125,6.48
13494.0,618.0,-571118.0,0.033,6.96
13499.0,-360.0,-571093.0,0.117,6.72
13504.0,-636.0,-570474.0,0.008,6.48
13509.0,-271.0,-570404.0,0.05,6.23
13514.0,-389.0,-570175.0,0.0,6.72
13519.0,-55.0,-569592.0,0.008,6.48
13524.0,-8.0,-569508.0,0.1,6.72
13530.0,-4.0,-569431.0,-0.05,6.72
13535.0,-79.0,-569074.0,-0.025,6.23
13540.0,107.0,-569228.0,0.05,6.72
13546.0,381.0,-569001.0,-0.017,6.96
13550.0,288.0,-568586.0,-0.042,6.23
13556.0,-258.0,-568904.0,-0.033,6.96
13561.0,156.0,-568881.0,-0.025,6.48
13565.0,115.0,-568902.0,0.008,6.72
13572.0,-239.0,-568794.0,0.017,6.72
13577.0,157.0,-569009.0,0.117,6.23
13582.0,88.0,-569358.0,-0.025,6.96
13587.0,-238.0,-569304.0,0.033,6.23
13592.0,-120.0,-569705.0,0.108,6.23
13597.0,55.0,-570206.0,0.008,6.48
13602.0,51.0,-570328.0,-0.017,6.72
13608.0,-33.0,-570153.0,0.058,6.23
13614.0,-128.0,-570469.0,0.1,6.96
13618.0,-129.0,-570622.0,-0.05,6.96
13623.0,-197.0,-570027.0,-0.067,6.23
13628.0,-128.0,-570345.0,0.033,6.23
13634.0,140.0,-570156.0,-0.008,6.72
13639.0,8.0,-569983.0,0.0,6.23
13644.0,125.0,-569479.0,0.108,6.23
13649.0,65.0,-569312.0,0.05,6.23
13655.0,221.0,-568905.0,0.0,6.96
13660.0,-150.0,-568715.0,-0.033,6.48
13665.0,-248.0,-568742.0,0.025,6.23
13670.0,268.0,-568415.0,0.067,6.23
13675.0,381.0,-567937.0,-0.017,6.96
13680.0,293.0,-567874.0,0.075,6.23
13685.0,181.0,-568205.0,-0.133,6.23
13690.0,260.0,-567885.0,-0.025,6.23
13696.0,196.0,-567996.0,0.05,6.23
13701.0,190.0,-568257.0,-0.008,6.48
13707.0,217.0,-568297.0,0.008,6.48
13712.0,257.0,-568586.0,-0.025,6.23
13717.0,-73.0,-568725.0,0.008,6.23
13721.0,226.0,-568546.0,0.058,6.23
13726.0,194.0,-568839.0,0.042,6.23
13732.0,73.0,-568723.0,-0.042,6.23
13736.0,128.0,-568670.0,0.033,6.23
13742.0,-182.0,-569005.0,-0.033,6.23
13747.0,105.0,-568503.0,-0.008,6.72
13752.0,-117.0,-568304.0,-0.033,6.48
13758.0,201.0,-568196.0,-0.058,6.23
13763.0,86.0,-567984.0,0.125,6.48
13768.0,91.0,-567659.0,0.092,6.72
13773.0,362.0,-567409.0,0.042,6.48
13777.0,243.0,-567370.0,-0.025,6.23
13783.0,313.0,-567451.0,-0.017,6.23
13788.0,190.0,-566973.0,-0.025,6.23
13793.0,-45.0,-566762.0,0.017,6.23
13799.0,3.0,-566948.0,0.0,6.23
13804.0,-68.0,-566766.0,0.092,6.48
13809.0,50.0,-566439.0,-0.083,6.23
13814.0,-96.0,-566572.0,0.1,6.72
13819.0,-9.0,-566588.0,0.067,6.72
13825.0,109.0,-566745.0,-0.033,6.23
13830.0,131.0,-567027.0,0.042,6.48
13835.0,134.0,-566715.0,0.133,6.23
13840.0,253.0,-566980.0,0.083,6.23
13846.0,-67.0,-567166.0,0.067,6.23
13851.0,-204.0,-566692.0,-0.008,6.96
13855.0,229.0,-566523.0,-0.008,6.23
13861.0,-1.0,-566989.0,0.067,6.96
13867.0,84.0,-566521.0,0.033,6.48
13872.0,-20.0,-566666.0,-0.025,6.23
13877.0,390.0,-566341.0,0.075,6.48
13882.0,369.0,-566193.0,0.058,6.72
13887.0,7.0,-566030.0,0.0,6.23
13892.0,107.0,-565842.0,-0.008,6.72
13898.0,90.0,-565650.0,-0.017,6.23
13902.0,63.0,-565509.0,-0.025,6.23
13908.0,65.0,-565645.0,0.067,6.96
13914.0,28.0,-565437.0,0.075,6.23
13918.0,291.0,-565444.0,0.025,5.99
13924.0,117.0,-565268.0,-0.025,6.23
13929.0,126.0,-565180.0,-0.033,6.23
13934.0,155.0,-565105.0,0.05,6.23
13939.0,563.0,-565277.0,0.0,6.72
13944.0,186.0,-565211.0,-0.025,6.72
13949.0,112.0,-565000.0,0.05,6.23
13955.0,94.0,-565401.0,-0.033,8.19
13960.0,-57.0,-565344.0,0.025,6.23
13965.0,129.0,-565563.0,0.042,6.23
13970.0,502.0,-565377.0,0.108,6.48
13975.0,179.0,-565436.0,-0.05,6.23
13980.0,21.0,-565093.0,0.108,6.23
13984.0,-130.0,-565134.0,0.05,6.72
13990.0,448.0,-564755.0,-0.033,6.23
13996.0,339.0,-565011.0,-0.025,6.23
14000.0,168.0,-564824.0,0.033,6.23
14005.0,-54.0,-564531.0,-0.008,6.48
14010.0,75.0,-564402.0,-0.025,6.23
14015.0,-139.0,-564273.0,0.108,6.23
14020.0,-86.0,-563861.0,0.05,6.23
14025.0,-125.0,-563902.0,-0.008,6.23
14030.0,-217.0,-563844.0,0.075,6.48
14035.0,-226.0,-563594.0,0.108,6.48
14041.0,177.0,-563751.0,0.025,6.72
14047.0,37.0,-563751.0,0.033,6.23
14052.0,-34.0,-563951.0,-0.025,6.23
14056.0,291.0,-563964.0,-0.058,6.23
14062.0,161.0,-563824.0,0.017,6.23
14067.0,-48.0,-563660.0,0.033,6.23
14071.0,11.0,-563663.0,0.042,6.23
14077.0,-87.0,-563467.0,0.058,6.48
14083.0,210.0,-563933.0,0.058,6.23
14088.0,181.0,-563742.0,-0.05,6.23
14093.0,-47.0,-563502.0,0.033,6.23
14098.0,274.0,-563624.0,-0.033,6.23
14103.0,-19.0,-563415.0,0.008,6.23
14108.0,-139.0,-563423.0,-0.008,6.23
14113.0,0.0,-563432.0,-0.092,6.48
14118.0,-60.0,-563131.0,0.092,6.96
14124.0,-74.0,-563101.0,0.042,6.72
14129.0,-11.0,-562788.0,-0.017,6.23
14134.0,61.0,-562241.0,0.092,6.72
14139.0,-68.0,-562537.0,-0.025,6.72
14144.0,-101.0,-562528.0,0.05,8.43
14149.0,143.0,-562182.0,-0.017,6.96
14154.0,150.0,-562346.0,-0.017,6.72
14159.0,239.0,-562193.0,0.008,6.72
14166.0,-93.0,-562151.0,0.033,6.72
14171.0,-354.0,-562177.0,0.008,6.96
14175.0,-87.0,-561974.0,0.025,6.96
14181.0,147.0,-562222.0,0.008,6.23
14186.0,20.0,-562014.0,0.042,6.23
14190.0,407.0,-562265.0,0.058,6.23
14196.0,357.0,-562475.0,-0.008,6.23
14201.0,314.0,-562098.0,0.075,6.96
14206.0,-362.0,-562077.0,-0.017,6.96
14212.0,152.0,-562073.0,0.0,6.23
14217.0,-83.0,-562050.0,-0.042,6.48
14222.0,153.0,-562057.0,0.1,6.23
14227.0,51.0,-562255.0,0.008,6.23
14232.0,204.0,-561748.0,0.125,6.72
14237.0,410.0,-561635.0,0.042,6.72
14243.0,-104.0,-561503.0,-0.058,6.23
14247.0,31.0,-561312.0,0.042,6.48
14253.0,131.0,-561419.0,0.0,6.48
14259.0,-397.0,-561083.0,-0.008,6.96
14264.0,-2.0,-560966.0,0.05,6.48
14269.0,174.0,-560865.0,-0.05,6.23
14274.0,127.0,-560671.0,0.017,6.23
14278.0,336.0,-560766.0,0.058,6.23
14284.0,284.0,-560496.0,0.092,6.96
14289.0,105.0,-560542.0,0.117,6.23
14295.0,356.0,-560727.0,0.017,6.48
14300.0,-152.0,-560763.0,0.0,6.23
14305.0,73.0,-560794.0,0.092,6.48
14309.0,250.0,-560577.0,0.108,6.48
14315.0,86.0,-560981.0,0.042,6.96
14319.0,3.0,-560868.0,0.092,6.72
14325.0,231.0,-561104.0,-0.058,6.96
14330.0,-37.0,-560500.0,0.033,6.23
14336.0,-16.0,-560627.0,0.108,6.23
14341.0,176.0,-560698.0,0.05,6.23
14347.0,214.0,-560544.0,0.05,6.72
14351.0,317.0,-560329.0,0.008,6.48
14356.0,-19.0,-560024.0,-0.017,6.23
14362.0,277.0,-559952.0,0.0,6.96
14366.0,270.0,-559549.0,0.033,6.23
14372.0,406.0,-559694.0,0.05,6.72
14377.0,290.0,-559904.0,0.042,6.23
14383.0,105.0,-559547.0,0.017,6.23
14388.0,165.0,-559360.0,0.083,6.96
14393.0,141.0,-559330.0,-0.058,6.23
14398.0,76.0,-559223.0,-0.075,6.23
14403.0,138.0,-559356.0,0.092,6.48
14409.0,126.0,-559280.0,0.117,6.23
14413.0,-191.0,-559379.0,0.025,5.74
14419.0,-183.0,-559429.0,0.0,6.48
14425.0,403.0,-559181.0,-0.025,6.48
14430.0,328.0,-559304.0,0.025,6.23
14435.0,-179.0,-559105.0,0.092,6.48
14440.0,177.0,-559159.0,0.075,6.23
14445.0,200.0,-559358.0,0.025,6.23
14450.0,-188.0,-559100.0,-0.067,6.23
14456.0,-34.0,-559382.0,0.067,6.23
14461.0,-7.0,-559683.0,0.1,6.23
14466.0,162.0,-558914.0,-0.042,6.23
14472.0,-142.0,-558962.0,0.008,6.23
14476.0,-45.0,-558515.0,0.067,6.23
14482.0,105.0,-558507.0,0.017,6.23
14487.0,-181.0,-558375.0,0.058,6.96
14492.0,-214.0,-557760.0,-0.067,6.23
14497.0,20.0,-558175.0,-0.05,6.96
14503.0,-262.0,-557823.0,0.05,6.72
14508.0,-33.0,-557766.0,0.05,6.23
14513.0,485.0,-558105.0,0.092,6.48
14519.0,-111.0,-557825.0,0.05,6.23
14523.0,-90.0,-557498.0,0.033,6.72
14529.0,48.0,-557756.0,-0.025,6.23
14534.0,236.0,-557792.0,0.117,6.96
14540.0,-98.0,-557752.0,-0.008,6.48
14545.0,-59.0,-557889.0,0.058,6.72
14551.0,211.0,-558081.0,0.033,6.23
14557.0,209.0,-558077.0,0.033,6.23
14561.0,6.0,-558062.0,-0.033,6.23
14567.0,122.0,-558012.0,0.042,6.72
14572.0,324.0,-557670.0,0.0,6.48
14578.0,78.0,-557876.0,0.025,6.23
14582.0,-227.0,-557577.0,-0.008,6.23
14588.0,125.0,-557491.0,0.008,6.23
14594.0,263.0,-557191.0,0.025,6.23
14599.0,198.0,-557538.0,0.017,5.99
14604.0,-147.0,-557301.0,0.05,6.23
14609.0,339.0,-556951.0,-0.042,6.23
14614.0,240.0,-556618.0,0.075,6.23
14619.0,80.0,-556306.0,-0.025,6.23
14625.0,116.0,-556552.0,0.075,6.48
14630.0,111.0,-556725.0,-0.075,6.23
14635.0,-202.0,-556200.0,0.025,6.72
14641.0,188.0,-556728.0,0.067,6.23
14645.0,413.0,-556677.0,0.125,6.48
14651.0,3.0,-556385.0,0.05,6.23
14656.0,-227.0,-556421.0,0.108,6.23
14661.0,-62.0,-556856.0,0.017,6.48
14667.0,20.0,-556874.0,0.042,6.23
14672.0,-354.0,-556778.0,0.025,6.48
14679.0,2.0,-556708.0,0.05,5.99
14683.0,-1.0,-556603.0,0.05,6.23
14689.0,-11.0,-555961.0,0.067,6.23
14694.0,113.0,-556377.0,0.025,6.72
14699.0,272.0,-556122.0,0.05,6.23
14704.0,109.0,-555762.0,0.0,6.96
14709.0,-297.0,-555872.0,0.108,6.48
14714.0,-570.0,-555609.0,0.117,6.96
14720.0,288.0,-555289.0,0.017,6.23
14726.0,74.0,-555427.0,0.025,6.23
14731.0,-12.0,-555113.0,0.008,6.72
14736.0,-49.0,-555296.0,0.025,6.48
14742.0,91.0,-555810.0,0.008,5.99
14747.0,-293.0,-555062.0,0.125,6.23
14752.0,119.0,-554953.0,0.025,6.72
14757.0,48.0,-554958.0,-0.017,6.23
14763.0,-12.0,-555308.0,0.033,6.96
14768.0,-187.0,-555565.0,0.017,6.23
14773.0,22.0,-555451.0,0.108,6.23
14779.0,410.0,-555239.0,0.042,6.48
14783.0,273.0,-555242.0,0.0,6.23
14788.0,28.0,-555282.0,0.008,6.23
14794.0,-34.0,-555118.0,0.033,6.23
14798.0,-115.0,-554963.0,-0.017,6.72
14804.0,-199.0,-555177.0,0.042,6.48
14810.0,231.0,-555027.0,0.033,6.48
14816.0,-291.0,-554778.0,0.075,6.72
14820.0,-292.0,-554499.0,0.042,6.23
14826.0,-64.0,-554501.0,-0.092,6.23
14831.0,128.0,-554530.0,-0.025,6.23
14835.0,-19.0,-554531.0,0.008,6.23
14841.0,-143.0,-554065.0,0.025,6.48
14846.0,-173.0,-554086.0,0.008,6.48
14852.0,66.0,-553775.0,0.033,6.72
14857.0,80.0,-553927.0,0.008,6.23
14862.0,68.0,-554040.0,-0.05,6.72
14867.0,47.0,-553689.0,0.083,6.48
14872.0,51.0,-554179.0,0.025,6.23
14877.0,-122.0,-553978.0,-0.05,6.23
14882.0,279.0,-554072.0,-0.033,6.23
14888.0,183.0,-554022.0,0.008,7.21
14893.0,-74.0,-553939.0,-0.008,6.23
14898.0,-123.0,-553955.0,-0.083,6.96
14903.0,-27.0,-554084.0,-0.017,6.23
14908.0,14.0,-554361.0,0.025,6.96
14913.0,-50.0,-554075.0,0.1,6.23
14918.0,-158.0,-553802.0,-0.017,6.23
14923.0,-171.0,-553929.0,0.008,6.48
14929.0,-75.0,-553771.0,-0.058,6.23
14935.0,-61.0,-553640.0,-0.008,6.23
14939.0,-38.0,-553063.0,0.133,6.48
14945.0,326.0,-553103.0,0.075,6.23
14950.0,-208.0,-553180.0,0.017,6.23
14955.0,-327.0,-552925.0,-0.008,6.48
14960.0,93.0,-552809.0,0.008,6.96
14965.0,-291.0,-553022.0,0.058,6.23
14970.0,-438.0,-552733.0,-0.017,6.23
14976.0,-24.0,-552881.0,0.092,6.23
14981.0,86.0,-552618.0,0.058,6.72
14986.0,-81.0,-552617.0,0.008,6.23
14992.0,-89.0,-552791.0,0.083,6.23
14997.0,67.0,-552800.0,0.058,6.23
15002.0,-86.0,-552698.0,0.008,6.48
15007.0,222.0,-552562.0,0.042,6.23
15012.0,72.0,-552821.0,0.017,6.96
15017.0,-249.0,-552654.0,0.125,6.96
15023.0,-35.0,-552486.0,0.067,6.96
15028.0,15.0,-552783.0,0.1,6.23
15033.0,22.0,-552658.0,0.067,6.23
15038.0,-34.0,-552350.0,0.017,6.23
15044.0,390.0,-552277.0,0.058,6.72
15049.0,173.0,-551949.0,0.142,6.72
15054.0,155.0,-552373.0,0.017,6.48
15059.0,-189.0,-552174.0,-0.033,6.48
15065.0,-328.0,-551723.0,0.033,6.48
15070.0,38.0,-551649.0,-0.042,6.23
15076.0,4.0,-551700.0,0.1,6.72
15080.0,25.0,-551565.0,-0.075,6.23
15086.0,15.0,-551775.0,0.017,6.23
15091.0,153.0,-551696.0,0.117,6.48
15095.0,-72.0,-551623.0,-0.067,6.96
15101.0,-150.0,-551583.0,0.042,6.23
15107.0,-34.0,-551386.0,0.042,6.23
15111.0,235.0,-551403.0,0.042,6.72
15117.0,69.0,-551541.0,-0.008,6.72
15122.0,247.0,-551620.0,0.1,6.23
15127.0,370.0,-551524.0,-0.008,6.23
15133.0,-38.0,-551616.0,-0.075,6.23
15138.0,42.0,-551371.0,-0.008,6.23
15142.0,47.0,-551644.0,0.117,6.23
15149.0,103.0,-551148.0,-0.008,6.23
15154.0,207.0,-551091.0,0.033,6.23
15159.0,332.0,-550936.0,0.033,6.23
15164.0,52.0,-550562.0,0.05,6.96
15169.0,-148.0,-550457.0,-0.025,6.23
15174.0,-1.0,-550312.0,0.075,6.23
15179.0,-87.0,-550438.0,0.058,6.23
15184.0,81.0,-550559.0,-0.008,6.23
15190.0,142.0,-550593.0,-0.017,6.23
15196.0,172.0,-550289.0,0.067,6.23
15201.0,94.0,-550340.0,0.075,6.96
15206.0,159.0,-550037.0,0.058,6.96
15211.0,-221.0,-550673.0,0.067,6.23
15216.0,51.0,-550736.0,0.083,6.72
15221.0,182.0,-550551.0,-0.033,6.23
15226.0,146.0,-550347.0,-0.058,6.96
15232.0,0.0,-550530.0,-0.042,6.23
15237.0,-107.0,-550211.0,-0.075,6.96
15243.0,359.0,-550265.0,0.083,6.23
15248.0,-203.0,-550148.0,0.033,7.21
15252.0,-438.0,-549937.0,-0.008,6.48
15258.0,-96.0,-550009.0,-0.05,6.72
15263.0,-160.0,-550000.0,0.075,6.23
15268.0,-19.0,-550016.0,-0.025,6.23
15273.0,-144.0,-549625.0,0.142,6.23
15279.0,278.0,-549886.0,0.058,6.96
15284.0,-35.0,-549782.0,0.017,6.23
15289.0,-95.0,-549139.0,0.092,7.7
15294.0,247.0,-549098.0,0.1,6.23
15299.0,92.0,-549524.0,-0.008,6.48
15304.0,14.0,-549091.0,-0.025,6.23
15309.0,-51.0,-549156.0,0.008,6.72
15313.0,10.0,-549109.0,-0.017,6.96
15319.0,65.0,-549148.0,0.042,7.94
15323.0,-54.0,-549037.0,0.008,6.96
15328.0,-122.0,-549314.0,0.117,6.23
15334.0,-183.0,-548796.0,0.042,6.96
15339.0,-137.0,-548701.0,0.075,6.72
15343.0,240.0,-549184.0,-0.042,6.72
15348.0,121.0,-549107.0,-0.05,6.23
15353.0,239.0,-549004.0,0.008,6.72
15358.0,-112.0,-549138.0,-0.008,6.23
15364.0,196.0,-548949.0,0.042,6.23
15369.0,-272.0,-548412.0,-0.017,6.72
15374.0,107.0,-548636.0,-0.025,6.23
15379.0,-139.0,-548639.0,0.05,6.72
15385.0,107.0,-548672.0,-0.025,6.23
15390.0,520.0,-548838.0,-0.067,6.23
15395.0,146.0,-548577.0,-0.008,6.23
15400.0,-38.0,-548100.0,0.1,6.23
15406.0,33.0,-548138.0,0.1,6.23
15411.0,195.0,-547753.0,0.042,6.72
15416.0,43.0,-547816.0,0.108,6.23
15421.0,-108.0,-547834.0,0.05,6.96
15426.0,268.0,-547977.0,0.025,6.48
15431.0,348.0,-547758.0,0.067,6.48
15436.0,-41.0,-548048.0,0.033,6.23
15441.0,371.0,-547889.0,0.008,6.23
15447.0,340.0,-547978.0,0.092,6.23
15452.0,-199.0,-548035.0,-0.008,6.23
15457.0,-115.0,-547974.0,-0.1,6.96
15462.0,-82.0,-547596.0,0.042,6.72
15467.0,90.0,-547865.0,-0.067,6.23
15472.0,162.0,-547428.0,0.05,6.23
15477.0,211.0,-547868.0,-0.025,6.48
15482.0,79.0,-548015.0,0.083,6.23
15488.0,-2.0,-547758.0,0.0,6.48
15493.0,40.0,-547459.0,-0.017,6.48
15498.0,-94.0,-547480.0,-0.033,6.96
15503.0,115.0,-547384.0,0.058,6.72
15508.0,231.0,-547143.0,0.067,6.23
15513.0,33.0,-547228.0,-0.008,6.23
15518.0,106.0,-547080.0,0.067,6.23
15523.0,-106.0,-546925.0,0.025,6.48
15528.0,250.0,-546584.0,0.033,6.48
15534.0,103.0,-546954.0,0.025,7.21
15539.0,-11.0,-546579.0,0.0,6.23
15544.0,35.0,-546870.0,-0.058,6.48
15550.0,412.0,-546672.0,-0.033,6.48
15555.0,136.0,-546559.0,-0.058,6.72
15560.0,-108.0,-547028.0,-0.033,6.23
15565.0,31.0,-546532.0,0.033,6.23
15570.0,-177.0,-546635.0,-0.058,6.48
15576.0,29.0,-546852.0,-0.025,6.23
15581.0,116.0,-546837.0,-0.025,6.72
15586.0,-458.0,-546596.0,0.025,6.23
15591.0,-157.0,-546492.0,0.008,6.23
15595.0,-42.0,-546655.0,-0.042,6.72
15600.0,-166.0,-546510.0,0.083,6.72
15606.0,-345.0,-546412.0,0.05,6.48
15611.0,17.0,-546275.0,0.058,6.96
15617.0,-375.0,-545987.0,0.033,6.23
15622.0,-254.0,-546093.0,0.108,6.48
15627.0,133.0,-545904.0,-0.033,6.96
15632.0,-359.0,-545638.0,0.008,6.23
15638.0,-536.0,-545560.0,0.017,6.96
15642.0,-175.0,-545937.0,0.1,6.23
15648.0,149.0,-546045.0,-0.067,6.23
15653.0,182.0,-545557.0,0.025,6.23
15659.0,71.0,-545772.0,-0.008,6.48
15664.0,-165.0,-545306.0,-0.058,6.23
15669.0,-66.0,-545450.0,0.033,6.23
15674.0,367.0,-545605.0,0.017,6.72
15679.0,-103.0,-545435.0,-0.017,5.99
15684.0,-8.0,-545543.0,-0.033,6.72
15689.0,366.0,-545350.0,0.1,6.48
15694.0,508.0,-545939.0,-0.017,6.23
15699.0,301.0,-545585.0,0.0,6.23
15706.0,-41.0,-545748.0,0.0,6.23
15711.0,313.0,-545468.0,-0.008,6.23
15716.0,-112.0,-545274.0,0.017,6.72
15721.0,-77.0,-545015.0,-0.117,6.72
15726.0,95.0,-545207.0,0.05,6.23
15731.0,322.0,-545257.0,0.092,6.23
15736.0,-123.0,-544924.0,-0.025,6.23
15741.0,217.0,-544976.0,0.058,6.23
15748.0,266.0,-544726.0,0.083,6.23
15752.0,-13.0,-544645.0,-0.05,6.23
15758.0,113.0,-544421.0,0.042,6.96
15763.0,190.0,-544367.0,0.1,6.72
15767.0,263.0,-544278.0,0.0,6.48
15773.0,235.0,-544578.0,0.0,6.96
15778.0,262.0,-544036.0,0.0,6.96
15783.0,283.0,-544285.0,0.083,6.96
15789.0,7.0,-544191.0,0.058,6.72
15794.0,12.0,-544650.0,0.05,6.23
15799.0,174.0,-544875.0,-0.042,6.23
15804.0,-91.0,-544531.0,0.108,6.96
15808.0,26.0,-544462.0,-0.058,6.23
15814.0,286.0,-544102.0,0.058,6.72
15819.0,25.0,-544258.0,0.125,6.72
15824.0,102.0,-544287.0,0.058,6.23
15830.0,-82.0,-544527.0,0.075,6.96
15835.0,-23.0,-543989.0,0.075,6.72
15840.0,134.0,-543982.0,0.15,6.23
15845.0,2.0,-543816.0,0.117,6.23
15850.0,-21.0,-543816.0,0.017,6.72
15855.0,60.0,-543889.0,0.025,6.96
15861.0,106.0,-543799.0,-0.008,6.23
15866.0,-129.0,-543339.0,0.017,6.23
15870.0,68.0,-543464.0,0.058,6.23
15877.0,222.0,-543442.0,0.033,6.48
15881.0,-79.0,-543311.0,-0.017,6.96
15886.0,-395.0,-543640.0,0.025,6.23
15892.0,41.0,-543266.0,-0.008,6.72
15897.0,40.0,-543329.0,-0.117,6.72
15902.0,-100.0,-543164.0,0.0,6.23
15907.0,-263.0,-543588.0,0.025,6.23
15911.0,78.0,-543363.0,0.117,6.23
15918.0,-56.0,-543447.0,0.017,6.23
15923.0,149.0,-543277.0,0.042,6.23
15928.0,252.0,-543330.0,-0.017,6.23
15933.0,-58.0,-543148.0,-0.042,6.23
15938.0,-25.0,-543006.0,0.033,6.23
15943.0,94.0,-543125.0,-0.067,6.72
15948.0,50.0,-543139.0,0.0,6.23
15953.0,-101.0,-542966.0,-0.067,6.23
15959.0,-51.0,-542851.0,0.058,6.23
15964.0,-23.0,-542783.0,0.033,5.99
15969.0,134.0,-542606.0,0.025,6.48
15974.0,288.0,-542721.0,0.075,6.23
15980.0,-164.0,-542561.0,0.042,6.23
15984.0,161.0,-542402.0,0.075,6.23
15989.0,-23.0,-542419.0,0.067,6.23
15995.0,389.0,-542625.0,0.017,6.48
16000.0,274.0,-542672.0,0.008,6.23
16006.0,-42.0,-542005.0,0.075,6.23
16011.0,98.0,-542203.0,0.033,6.48
16016.0,19.0,-542212.0,0.083,6.48
16021.0,-255.0,-542115.0,0.058,6.48
16026.0,4.0,-542027.0,-0.058,6.23
16030.0,109.0,-542392.0,-0.067,6.48
16036.0,-99.0,-542062.0,0.042,6.23
16040.0,50.0,-541987.0,-0.025,6.23
16047.0,-14.0,-542014.0,0.083,6.23
16052.0,-10.0,-541898.0,-0.083,6.48
16057.0,-199.0,-541843.0,0.075,6.72
16062.0,379.0,-542008.0,0.05,6.23
16067.0,257.0,-542030.0,-0.067,6.23
16072.0,38.0,-541691.0,0.0,6.72
16077.0,332.0,-541526.0,0.092,6.23
16082.0,102.0,-541594.0,-0.092,6.23
16088.0,-85.0,-541365.0,0.067,6.23
16093.0,59.0,-541524.0,-0.008,6.23
16099.0,-77.0,-541354.0,-0.008,6.72
16103.0,12.0,-541363.0,0.033,6.72
16109.0,-118.0,-540905.0,0.025,6.23
16114.0,148.0,-541319.0,0.017,6.96
16119.0,29.0,-541250.0,0.2,6.48
16124.0,155.0,-541053.0,0.025,6.72
16130.0,43.0,-540993.0,-0.033,6.23
16135.0,380.0,-541016.0,0.042,6.96
16140.0,-84.0,-541075.0,0.075,6.23
16146.0,-100.0,-541435.0,0.025,6.23
16150.0,-21.0,-540856.0,0.033,6.96
16155.0,297.0,-540845.0,0.05,6.23
16161.0,-133.0,-541061.0,0.017,6.96
16166.0,-272.0,-540924.0,0.017,6.23
16172.0,-100.0,-541071.0,-0.05,6.23
16177.0,-46.0,-540755.0,0.008,6.23
16182.0,-27.0,-540918.0,0.042,6.23
16187.0,-71.0,-540748.0,-0.033,6.72
16193.0,-221.0,-540428.0,0.092,6.23
16197.0,168.0,-540723.0,-0.008,6.23
16202.0,125.0,-540638.0,-0.017,6.23
16208.0,285.0,-540572.0,0.083,6.23
16212.0,468.0,-540505.0,0.042,6.23
16219.0,84.0,-540155.0,0.05,6.96
16224.0,-116.0,-540385.0,0.025,6.23
16229.0,161.0,-540304.0,0.017,6.23
16234.0,-23.0,-540001.0,0.025,6.23
16240.0,65.0,-539883.0,0.083,6.23
16244.0,-90.0,-539910.0,-0.05,6.48
16249.0,10.0,-540033.0,0.142,6.23
16256.0,-96.0,-539937.0,0.017,6.23
16260.0,41.0,-540028.0,0.05,6.72
16266.0,-5.0,-540090.0,0.083,6.23
16271.0,-165.0,-539570.0,-0.025,6.23
16276.0,-272.0,-539687.0,-0.042,6.23
16281.0,163.0,-539966.0,0.008,6.72
16286.0,-15.0,-539582.0,0.067,6.72
16291.0,100.0,-539595.0,0.083,6.96
16296.0,222.0,-539723.0,0.058,6.72
16303.0,-232.0,-539791.0,0.058,6.48
16307.0,-63.0,-539618.0,0.033,6.96
16312.0,-156.0,-539473.0,-0.017,6.48
16318.0,60.0,-539177.0,-0.008,5.99
16322.0,67.0,-539140.0,0.042,6.48
16328.0,-121.0,-538880.0,0.058,6.96
16333.0,-387.0,-538998.0,-0.017,6.48
16338.0,-202.0,-538925.0,0.142,6.23
16344.0,8.0,-539170.0,0.033,6.72
16349.0,-156.0,-539084.0,0.0,6.23
16354.0,69.0,-538601.0,-0.042,6.72
16360.0,183.0,-538819.0,0.033,6.72
16365.0,-293.0,-538691.0,-0.042,6.23
16371.0,-117.0,-538723.0,0.017,6.23
16375.0,-16.0,-538736.0,-0.017,6.48
16381.0,418.0,-538748.0,0.025,6.48
16387.0,-352.0,-538638.0,0.033,6.23
16392.0,-187.0,-538875.0,0.025,6.23
16397.0,-42.0,-538970.0,-0.008,6.48
16402.0,338.0,-538827.0,-0.033,6.23
16406.0,129.0,-538824.0,0.033,6.96
16412.0,-115.0,-538678.0,0.1,6.72
16417.0,5.0,-538659.0,0.125,6.48
16421.0,140.0,-538250.0,-0.017,6.48
16428.0,24.0,-538506.0,-0.017,6.23
16433.0,107.0,-538359.0,-0.083,5.99
16438.0,376.0,-538141.0,-0.05,6.23
16443.0,282.0,-538335.0,0.033,6.23
16448.0,73.0,-538090.0,-0.058,6.96
16453.0,253.0,-537922.0,-0.025,6.23
16459.0,-13.0,-537922.0,0.05,6.23
16464.0,19.0,-537666.0,0.033,6.23
16470.0,-148.0,-537843.0,0.042,6.23
16476.0,386.0,-537919.0,0.042,6.72
16481.0,-240.0,-537655.0,0.042,6.72
16486.0,-84.0,-537816.0,0.058,6.23
16491.0,55.0,-537589.0,-0.025,6.96
16496.0,-63.0,-537505.0,0.008,6.23
16501.0,-120.0,-537530.0,-0.042,6.96
16506.0,-107.0,-537886.0,0.05,6.96
16512.0,355.0,-537488.0,-0.017,6.23
16517.0,302.0,-537635.0,0.017,5.25
16522.0,271.0,-537679.0,0.033,6.23
16528.0,-107.0,-537665.0,0.042,6.48
16532.0,140.0,-537566.0,0.125,6.23
16538.0,-393.0,-537184.0,0.083,6.48
16543.0,277.0,-537214.0,0.008,6.23
16548.0,150.0,-537269.0,0.058,6.48
16553.0,-223.0,-536967.0,0.008,5.99
16559.0,63.0,-536653.0,0.0,6.48
16564.0,204.0,-536854.0,-0.017,6.23
16569.0,182.0,-536822.0,0.042,6.23
16575.0,-216.0,-536520.0,-0.008,6.48
16580.0,-12.0,-536463.0,-0.033,6.23
16585.0,-155.0,-536764.0,-0.033,6.23
16590.0,177.0,-536862.0,-0.067,6.23
16595.0,43.0,-536815.0,0.067,6.96
16601.0,-316.0,-536918.0,-0.017,6.23
16606.0,120.0,-536750.0,-0.05,6.96
16612.0,40.0,-536753.0,0.067,6.23
16616.0,3.0,-536954.0,-0.058,6.96
16622.0,51.0,-536684.0,-0.083,6.72
16627.0,235.0,-536689.0,-0.025,6.23
16631.0,274.0,-536668.0,-0.042,6.23
16637.0,-28.0,-536182.0,-0.083,6.48
16643.0,278.0,-536249.0,-0.033,6.48
16648.0,69.0,-536110.0,0.025,6.23
16653.0,-137.0,-536200.0,0.025,6.23
16658.0,-130.0,-536097.0,0.0,6.48
16663.0,239.0,-535847.0,0.075,6.48
16668.0,-423.0,-535888.0,-0.008,6.72
16672.0,-134.0,-536015.0,0.008,6.23
16678.0,230.0,-536163.0,-0.042,6.23
16684.0,112.0,-536132.0,-0.042,6.23
16689.0,-147.0,-535897.0,-0.008,6.23
16694.0,301.0,-535651.0,-0.058,6.23
16699.0,87.0,-535866.0,0.142,6.23
16704.0,96.0,-535697.0,0.075,6.23
16709.0,-58.0,-535559.0,0.0,6.48
16714.0,-328.0,-535422.0,0.017,6.96
16719.0,-229.0,-535501.0,-0.017,6.72
16726.0,-107.0,-535541.0,0.033,6.23
16731.0,111.0,-535614.0,-0.042,6.23
16735.0,88.0,-535503.0,0.025,6.48
16741.0,-82.0,-535373.0,0.033,6.72
16746.0,-34.0,-535220.0,0.067,6.23
16751.0,-65.0,-535199.0,-0.025,6.48
16756.0,119.0,-535483.0,0.05,6.72
16761.0,53.0,-534914.0,-0.042,6.23
16766.0,18.0,-535024.0,0.0,6.23
16773.0,98.0,-534718.0,0.067,6.23
16778.0,102.0,-534969.0,0.1,6.23
16782.0,217.0,-535038.0,0.025,6.72
16788.0,191.0,-534926.0,0.017,6.23
16793.0,9.0,-534983.0,-0.042,6.23
16797.0,424.0,-534542.0,-0.025,6.23
16803.0,180.0,-534656.0,0.0,6.23
16808.0,244.0,-534601.0,0.017,6.96
16814.0,3.0,-534626.0,0.008,5.99
16819.0,227.0,-534531.0,0.075,6.23
16823.0,54.0,-534768.0,0.017,6.23
16829.0,370.0,-534690.0,0.05,6.23
16834.0,86.0,-534727.0,0.033,6.23
16839.0,-137.0,-534436.0,0.092,6.23
16844.0,129.0,-534314.0,-0.05,6.96
16849.0,93.0,-534515.0,0.075,6.72
16855.0,98.0,-534332.0,-0.017,6.23
16860.0,-244.0,-534370.0,-0.033,6.23
16865.0,-8.0,-534205.0,0.0,6.23
16870.0,149.0,-534232.0,0.183,6.23
16875.0,157.0,-534332.0,0.117,6.23
16880.0,195.0,-534037.0,-0.058,6.23
16885.0,342.0,-533818.0,-0.025,6.72
16891.0,0.0,-533830.0,0.167,6.23
16897.0,-160.0,-533983.0,-0.042,6.48
16902.0,-71.0,-533769.0,0.025,6.23
16907.0,343.0,-533635.0,0.042,6.23
16912.0,51.0,-533790.0,-0.075,6.23
16917.0,64.0,-533707.0,-0.042,6.23
16922.0,216.0,-533325.0,-0.008,6.23
16928.0,200.0,-533332.0,0.092,6.23
16932.0,-7.0,-533509.0,0.067,6.48
16939.0,123.0,-533611.0,0.058,6.23
16944.0,193.0,-533462.0,-0.008,6.48
16948.0,424.0,-533663.0,0.092,6.96
16954.0,-28.0,-533255.0,0.05,6.72
16959.0,6.0,-533202.0,0.008,6.72
16964.0,227.0,-533614.0,0.042,6.23
16970.0,267.0,-532968.0,0.05,6.23
16975.0,-137.0,-533043.0,-0.033,6.23
16979.0,118.0,-533550.0,0.033,6.23
16986.0,-310.0,-532986.0,-0.008,6.23
16991.0,20.0,-532943.0,-0.033,6.23
16995.0,-95.0,-532964.0,0.025,6.72
17001.0,135.0,-532702.0,0.025,6.48
17006.0,323.0,-532581.0,0.058,6.23
17011.0,-148.0,-532664.0,0.0,6.23
17016.0,18.0,-532882.0,0.05,6.48
17021.0,162.0,-532609.0,0.017,6.48
17027.0,181.0,-532462.0,-0.05,6.23
17032.0,75.0,-532788.0,0.025,6.48
17037.0,81.0,-532671.0,0.05,6.23
17043.0,120.0,-532411.0,-0.008,6.96
17047.0,-73.0,-532370.0,0.058,6.72
17052.0,229.0,-532423.0,-0.033,6.23
17057.0,102.0,-532613.0,0.017,6.23
17062.0,-56.0,-532292.0,0.092,6.23
17068.0,236.0,-532531.0,0.05,6.48
17074.0,123.0,-532449.0,-0.025,6.23
17079.0,239.0,-532420.0,-0.008,6.48
17083.0,-70.0,-532407.0,0.1,6.23
17088.0,63.0,-532310.0,0.042,6.72
17093.0,409.0,-532573.0,0.067,6.96
17098.0,-30.0,-532045.0,-0.008,6.48
17103.0,-90.0,-532084.0,-0.017,6.23
17108.0,-21.0,-532157.0,-0.042,6.23
17113.0,300.0,-531952.0,0.058,6.23
17118.0,-156.0,-532079.0,0.017,6.48
17123.0,-235.0,-531505.0,-0.05,6.72
17129.0,181.0,-531636.0,-0.05,6.23
17134.0,-101.0,-531411.0,-0.017,6.23
17139.0,-200.0,-531373.0,0.108,6.23
17144.0,178.0,-531246.0,-0.042,6.23
17149.0,-126.0,-531383.0,0.033,6.23
17155.0,-225.0,-531357.0,0.05,6.23
17160.0,-91.0,-531342.0,0.033,6.23
17165.0,135.0,-531447.0,0.017,6.72
17170.0,-166.0,-531273.0,-0.042,6.23
17175.0,80.0,-531426.0,0.125,6.23
17180.0,165.0,-531361.0,0.1,6.23
17185.0,-346.0,-531580.0,0.008,6.96
17190.0,244.0,-531435.0,0.0,6.23
17196.0,195.0,-531575.0,0.008,6.72
17201.0,29.0,-531528.0,0.067,6.23
17206.0,289.0,-531329.0,-0.05,6.23
17211.0,32.0,-531351.0,0.05,6.23
17216.0,-46.0,-531078.0,-0.033,6.72
17221.0,137.0,-530909.0,0.075,6.23
17225.0,174.0,-530830.0,0.108,6.23
17230.0,-22.0,-530873.0,0.008,6.23
17235.0,91.0,-530695.0,-0.058,6.48
17241.0,289.0,-530862.0,0.042,6.23
17246.0,160.0,-530835.0,0.075,6.72
17251.0,61.0,-530876.0,-0.025,6.23
17256.0,-9.0,-530855.0,0.017,6.72
17261.0,34.0,-530705.0,-0.075,6.23
17266.0,-420.0,-530604.0,0.017,6.72
17271.0,157.0,-530592.0,0.042,6.23
17276.0,274.0,-530569.0,-0.033,6.23
17282.0,112.0,-530360.0,-0.042,6.72
17287.0,-81.0,-530340.0,0.017,6.48
17291.0,-200.0,-530613.0,0.0,6.96
17296.0,11.0,-530311.0,0.025,6.23
17301.0,188.0,-530422.0,-0.075,6.48
17306.0,-314.0,-530207.0,-0.008,6.23
17311.0,37.0,-530299.0,-0.008,6.23
17316.0,565.0,-530340.0,0.05,6.23
17321.0,-65.0,-529697.0,0.008,6.48
17327.0,-270.0,-530121.0,0.0,6.23
17332.0,76.0,-530098.0,0.017,6.23
17338.0,46.0,-529955.0,0.025,6.23
17343.0,-173.0,-529951.0,0.125,6.23
17348.0,145.0,-529816.0,-0.042,6.96
17353.0,-121.0,-529729.0,0.05,6.23
17358.0,-294.0,-529945.0,-0.033,6.23
17363.0,-126.0,-529842.0,0.05,6.96
17369.0,22.0,-529191.0,0.033,6.48
17374.0,-205.0,-529707.0,-0.025,6.23
17379.0,3.0,-529638.0,-0.025,6.96
17385.0,49.0,-529514.0,0.067,6.23
17390.0,-108.0,-529566.0,0.075,6.48
17394.0,261.0,-529485.0,-0.033,6.23
17400.0,157.0,-529651.0,0.033,6.48
17405.0,146.0,-529423.0,0.0,6.23
17411.0,-133.0,-529686.0,-0.008,5.25
17416.0,105.0,-529096.0,-0.017,6.23
17421.0,-270.0,-529206.0,0.033,6.72
17426.0,181.0,-528879.0,0.092,6.72
17431.0,-29.0,-528909.0,-0.058,6.72
17436.0,-62.0,-528873.0,-0.008,6.96
17441.0,207.0,-529236.0,-0.017,6.23
17447.0,-405.0,-529118.0,-0.042,6.72
17453.0,-482.0,-528620.0,0.025,6.72
17457.0,87.0,-528785.0,0.042,6.23
17462.0,10.0,-529103.0,-0.008,6.72
17467.0,95.0,-528762.0,0.05,6.23
17472.0,161.0,-528631.0,0.017,7.45
17477.0,68.0,-528637.0,0.1,6.72
17482.0,60.0,-528540.0,-0.008,6.23
17487.0,256.0,-528335.0,-0.142,6.23
17492.0,135.0,-528557.0,0.025,6.23
17498.0,-11.0,-528518.0,0.033,6.23
17504.0,203.0,-528478.0,-0.025,6.72
17509.0,-20.0,-528522.0,0.025,6.23
17514.0,145.0,-528379.0,-0.008,6.48
17519.0,59.0,-528431.0,0.008,6.72
17524.0,484.0,-528241.0,0.042,6.23
17529.0,243.0,-528374.0,-0.025,6.23
17534.0,-103.0,-528188.0,-0.05,6.72
17540.0,22.0,-528490.0,0.0,6.23
17545.0,227.0,-528319.0,-0.017,6.48
17551.0,-99.0,-528101.0,-0.025,6.23
17556.0,46.0,-527763.0,-0.008,6.48
17560.0,261.0,-527834.0,0.033,6.23
17566.0,271.0,-527790.0,0.0,6.72
17570.0,40.0,-527769.0,-0.058,6.23
17575.0,464.0,-527742.0,0.058,6.23
17581.0,177.0,-527496.0,-0.017,6.72
17586.0,-296.0,-527619.0,0.017,6.48
17592.0,8.0,-527633.0,-0.008,6.23
17597.0,389.0,-527541.0,-0.033,5.74
17601.0,-32.0,-527642.0,-0.008,6.23
17607.0,-294.0,-527260.0,0.042,6.72
17612.0,-187.0,-527558.0,0.033,6.48
17617.0,248.0,-527349.0,0.042,6.48
17623.0,-298.0,-527589.0,0.033,6.96
17628.0,-205.0,-527529.0,0.008,6.23
17633.0,-130.0,-527356.0,-0.067,6.72
17638.0,190.0,-527288.0,-0.008,6.23
17643.0,-55.0,-527310.0,0.067,6.48
17648.0,-178.0,-527321.0,0.117,6.48
17654.0,-78.0,-527339.0,-0.008,6.23
17659.0,-3.0,-526811.0,0.092,6.23
17664.0,212.0,-527232.0,0.017,6.23
17670.0,46.0,-526920.0,-0.008,6.23
17674.0,-63.0,-526799.0,-0.008,6.48
17679.0,-279.0,-527080.0,-0.008,6.23
17685.0,-85.0,-526682.0,-0.025,6.23
17690.0,204.0,-526675.0,0.008,6.96
17695.0,468.0,-527080.0,-0.058,6.72
17700.0,220.0,-526402.0,0.0,6.23
17705.0,159.0,-526421.0,0.0,6.48
17711.0,75.0,-526568.0,0.083,6.72
17716.0,230.0,-526542.0,-0.025,6.72
17721.0,-93.0,-526301.0,0.042,6.23
17726.0,-97.0,-526173.0,0.042,6.23
17731.0,380.0,-526313.0,0.017,6.23
17736.0,139.0,-526440.0,0.0,4.52
17741.0,-21.0,-525952.0,0.0,6.23
17746.0,84.0,-526461.0,-0.033,6.72
17752.0,-172.0,-526376.0,-0.008,6.23
17757.0,36.0,-526188.0,0.042,6.23
17762.0,61.0,-526351.0,-0.017,6.96
17767.0,255.0,-526150.0,0.075,6.23
17773.0,-133.0,-526156.0,0.042,6.48
17777.0,88.0,-526171.0,-0.008,6.23
17782.0,22.0,-526138.0,0.108,6.72
17788.0,108.0,-525800.0,0.008,6.96
17793.0,-227.0,-526053.0,-0.042,6.96
17798.0,3.0,-525618.0,-0.017,6.23
17804.0,-177.0,-525858.0,0.092,6.23
17809.0,-100.0,-525827.0,0.125,6.72
17814.0,-258.0,-525560.0,0.008,6.96
17819.0,86.0,-525282.0,0.092,6.23
17824.0,-111.0,-525285.0,-0.025,6.23
17829.0,295.0,-525576.0,-0.008,6.96
17835.0,-130.0,-525260.0,-0.067,6.48
17840.0,477.0,-525383.0,0.033,6.96
17845.0,83.0,-525343.0,0.042,6.23
17850.0,80.0,-525590.0,0.008,6.23
17854.0,103.0,-525669.0,-0.017,6.23
17859.0,194.0,-525407.0,-0.05,6.48
17864.0,-45.0,-525440.0,0.008,6.72
17870.0,-63.0,-525246.0,0.05,6.23
17874.0,-64.0,-525393.0,0.083,6.23
17880.0,6.0,-525200.0,-0.025,6.72
17886.0,-20.0,-525150.0,0.083,6.23
17890.0,201.0,-524993.0,0.075,6.48
17895.0,139.0,-524986.0,-0.008,6.23
17901.0,-221.0,-524824.0,-0.008,6.23
17906.0,-148.0,-524821.0,0.017,6.23
17911.0,328.0,-524968.0,0.008,6.23
17916.0,-14.0,-524480.0,0.042,6.23
17922.0,-235.0,-524793.0,0.133,6.23
17927.0,51.0,-524686.0,0.05,6.72
17932.0,183.0,-524882.0,0.017,6.23
17937.0,406.0,-524465.0,0.108,6.23
17942.0,-46.0,-524658.0,0.067,6.23
17948.0,-262.0,-524508.0,0.008,6.72
17952.0,-375.0,-524425.0,0.008,6.48
17958.0,-27.0,-524553.0,0.0,6.23
17964.0,-177.0,-524317.0,-0.017,6.23
17969.0,128.0,-524412.0,-0.017,6.23
17974.0,257.0,-524297.0,0.05,6.23
17979.0,57.0,-524057.0,-0.067,6.23
17984.0,44.0,-524158.0,0.075,6.23
17989.0,-98.0,-524494.0,0.075,6.72
17995.0,-8.0,-524330.0,-0.017,6.23
17999.0,271.0,-524061.0,0.083,6.23
18004.0,-63.0,-524056.0,0.092,6.48
18011.0,563.0,-524218.0,0.033,6.23
18015.0,342.0,-524011.0,0.067,6.23
18021.0,-52.0,-523793.0,0.008,6.23
18026.0,160.0,-524007.0,0.083,7.21
18032.0,-256.0,-524039.0,-0.025,6.23
18037.0,-121.0,-523958.0,0.017,6.23
18042.0,301.0,-523262.0,0.025,6.23
18049.0,217.0,-523686.0,-0.042,6.48
18053.0,144.0,-523769.0,0.017,6.48
18058.0,-121.0,-523766.0,0.017,6.23
18064.0,135.0,-523622.0,0.0,6.23
18068.0,14.0,-523323.0,-0.067,6.23
18074.0,52.0,-523679.0,0.058,6.72
18079.0,334.0,-523335.0,0.067,6.23
18084.0,187.0,-523464.0,0.058,6.23
18089.0,-493.0,-523217.0,0.108,6.23
18096.0,333.0,-523195.0,0.025,5.99
18100.0,278.0,-523040.0,0.033,6.96
18105.0,70.0,-522937.0,0.008,6.23
18111.0,80.0,-523555.0,-0.042,7.21
18115.0,-137.0,-523422.0,0.067,6.48
18121.0,13.0,-523252.0,-0.042,6.72
18126.0,289.0,-523230.0,-0.017,6.72
18132.0,-277.0,-522794.0,0.0,6.23
18138.0,-28.0,-522919.0,0.042,6.72
18143.0,214.0,-522803.0,0.008,6.48
18149.0,-64.0,-522931.0,0.033,6.23
18153.0,297.0,-522710.0,0.075,6.96
18158.0,542.0,-522642.0,0.067,6.48
18164.0,-394.0,-522620.0,-0.008,6.96
18168.0,-247.0,-522597.0,-0.042,6.23
18174.0,253.0,-522655.0,-0.008,6.72
18181.0,-145.0,-522201.0,0.017,6.23
18186.0,-177.0,-522315.0,0.042,6.72
18191.0,46.0,-522430.0,0.025,6.23
18196.0,62.0,-522228.0,0.025,6.23
18202.0,68.0,-522234.0,-0.025,6.23
18207.0,-364.0,-522283.0,0.017,5.25
18211.0,-105.0,-522332.0,0.042,6.23
18217.0,-11.0,-522472.0,0.033,6.48
18223.0,69.0,-522433.0,0.025,6.48
18228.0,98.0,-522200.0,0.05,6.96
18233.0,14.0,-522214.0,0.125,6.23
18238.0,-407.0,-522077.0,-0.083,6.23
18243.0,-222.0,-521991.0,0.042,6.96
18248.0,304.0,-522085.0,-0.008,6.48
18253.0,-209.0,-522216.0,0.15,6.48
18258.0,182.0,-522224.0,0.108,6.72
18265.0,206.0,-521558.0,0.075,6.72
18269.0,197.0,-521505.0,0.05,6.23
18274.0,-270.0,-521641.0,0.05,6.48
18280.0,-206.0,-521699.0,0.075,6.48
18285.0,-115.0,-521534.0,-0.058,6.23
18290.0,6.0,-521534.0,-0.025,6.23
18295.0,268.0,-521278.0,0.108,6.23
18300.0,283.0,-521463.0,-0.033,6.23
18306.0,190.0,-521151.0,-0.1,6.72
18311.0,-172.0,-521517.0,0.042,6.23
18316.0,-275.0,-521536.0,0.125,6.96
18321.0,178.0,-521496.0,0.017,6.72
18327.0,-136.0,-521476.0,0.033,6.23
18331.0,-347.0,-521315.0,0.0,6.96
18336.0,-8.0,-521361.0,0.058,6.48
18342.0,292.0,-521485.0,-0.025,6.23
18348.0,245.0,-521110.0,0.075,6.23
18353.0,-369.0,-521268.0,0.042,6.23
18359.0,527.0,-521326.0,0.025,6.96
18364.0,303.0,-521335.0,0.067,6.48
18368.0,-244.0,-521090.0,-0.008,6.72
18374.0,-354.0,-520768.0,-0.008,4.52
18379.0,88.0,-520569.0,-0.033,6.23
18384.0,-89.0,-520860.0,0.042,6.48
18390.0,-457.0,-520852.0,0.025,6.48
18395.0,-183.0,-520903.0,0.042,6.48
18400.0,-6.0,-520856.0,-0.033,6.23
18405.0,16.0,-520582.0,0.092,6.72
18410.0,-458.0,-520551.0,0.125,6.48
18415.0,-71.0,-520486.0,0.142,6.48
18421.0,-107.0,-520184.0,0.058,6.23
18426.0,83.0,-520143.0,0.042,6.23
18430.0,172.0,-520498.0,-0.033,6.23
18437.0,248.0,-520662.0,-0.017,6.23
18442.0,14.0,-520703.0,-0.017,6.23
18447.0,129.0,-520658.0,0.058,6.23
18452.0,439.0,-520316.0,-0.008,6.72
18457.0,371.0,-520249.0,-0.008,6.96
18462.0,430.0,-520472.0,0.033,6.96
18467.0,264.0,-520160.0,0.017,6.23
18472.0,116.0,-520225.0,-0.108,6.23
18479.0,293.0,-520017.0,-0.017,6.96
18484.0,-207.0,-520113.0,0.017,6.23
18489.0,131.0,-519898.0,-0.042,6.23
18494.0,40.0,-520035.0,0.117,6.23
18499.0,-210.0,-519763.0,-0.05,6.23
18504.0,108.0,-519940.0,0.125,6.23
18509.0,289.0,-519913.0,-0.067,6.96
18515.0,523.0,-519833.0,0.05,5.74
18521.0,-173.0,-519652.0,-0.058,6.23
18525.0,192.0,-519849.0,-0.033,6.72
18531.0,122.0,-519191.0,0.0,6.23
18536.0,-4.0,-519220.0,0.075,6.23
18541.0,-105.0,-519513.0,0.025,6.96
18546.0,445.0,-519587.0,-0.033,6.96
18551.0,-185.0,-519468.0,-0.05,6.23
18556.0,194.0,-519559.0,-0.058,6.72
18562.0,270.0,-519219.0,-0.05,6.23
18568.0,294.0,-519268.0,-0.025,6.23
18572.0,493.0,-519227.0,0.0,6.23
18578.0,243.0,-519257.0,0.025,6.72
18583.0,109.0,-518912.0,0.025,6.23
18587.0,26.0,-519275.0,-0.05,6.96
18593.0,-114.0,-519107.0,-0.017,6.96
18598.0,-134.0,-519138.0,0.058,6.72
18604.0,165.0,-519081.0,0.033,6.23
18609.0,109.0,-518689.0,0.017,6.23
18614.0,81.0,-518758.0,0.042,6.23
18619.0,120.0,-518817.0,0.05,6.72
18624.0,260.0,-518760.0,0.0,6.72
18629.0,183.0,-518755.0,0.058,6.23
18634.0,-287.0,-519041.0,0.008,6.23
18639.0,271.0,-518982.0,-0.1,6.48
18644.0,98.0,-518583.0,-0.025,6.72
18650.0,-72.0,-518745.0,0.075,6.72
18655.0,-152.0,-518634.0,0.025,6.48
18660.0,157.0,-518489.0,-0.042,6.23
18666.0,35.0,-518301.0,0.017,6.23
18671.0,-95.0,-518486.0,0.0,6.23
18675.0,194.0,-518631.0,0.017,6.23
18681.0,528.0,-518613.0,0.067,6.23
18686.0,-356.0,-518496.0,0.05,6.48
18691.0,-269.0,-518569.0,0.042,6.48
18697.0,57.0,-518151.0,-0.058,6.96
18702.0,-95.0,-518104.0,0.067,6.96
18707.0,-38.0,-517939.0,0.067,6.23
18712.0,148.0,-517998.0,0.05,6.23
18716.0,-105.0,-518079.0,0.033,6.23
18721.0,128.0,-517773.0,0.033,6.23
18726.0,94.0,-517920.0,0.025,6.23
18732.0,169.0,-518084.0,-0.025,6.23
18737.0,-118.0,-517933.0,0.175,6.23
18742.0,80.0,-517586.0,-0.025,6.23
18747.0,41.0,-517484.0,0.1,6.72
18752.0,59.0,-517571.0,0.075,6.96
18757.0,-52.0,-517400.0,-0.008,6.96
18762.0,-108.0,-517244.0,-0.042,6.23
18767.0,54.0,-517417.0,0.067,6.48
18772.0,279.0,-517580.0,0.033,6.48
18779.0,183.0,-517698.0,-0.017,6.23
18784.0,-269.0,-517657.0,0.058,6.23
18788.0,-76.0,-517260.0,0.042,6.72
18794.0,96.0,-517402.0,0.058,6.72
18799.0,-6.0,-517327.0,-0.025,6.48
18803.0,-127.0,-517438.0,0.042,6.23
18809.0,-51.0,-517372.0,0.142,6.23
18814.0,217.0,-517297.0,0.033,6.23
18820.0,10.0,-517457.0,0.025,6.48
18825.0,-107.0,-517290.0,0.058,6.23
18830.0,213.0,-517283.0,0.092,6.23
18835.0,32.0,-517121.0,0.133,6.23
18840.0,124.0,-516986.0,-0.008,6.23
18845.0,58.0,-517059.0,0.008,6.23
18850.0,-107.0,-517009.0,-0.075,6.96
18855.0,-225.0,-517024.0,0.0,5.99
18861.0,-111.0,-516907.0,0.017,6.23
18866.0,-14.0,-516591.0,0.042,6.23
18871.0,-174.0,-516578.0,0.042,6.96
18877.0,262.0,-516477.0,0.017,6.72
18882.0,217.0,-516729.0,0.008,6.96
18887.0,-147.0,-516846.0,0.067,6.48
18892.0,-185.0,-516831.0,-0.058,6.23
18897.0,50.0,-516759.0,0.025,6.23
18903.0,-122.0,-516548.0,-0.008,6.48
18908.0,42.0,-516239.0,-0.042,7.21
18913.0,-33.0,-516315.0,0.042,6.23
18918.0,-9.0,-516178.0,0.017,6.23
18923.0,-82.0,-516618.0,0.075,6.23
18928.0,-47.0,-516431.0,0.025,6.48
18933.0,-179.0,-515906.0,-0.042,6.96
18938.0,64.0,-516312.0,-0.025,6.23
18944.0,266.0,-516229.0,0.0,6.23
18949.0,-390.0,-516126.0,-0.033,6.23
18954.0,-249.0,-516140.0,0.025,6.72
18959.0,143.0,-516155.0,0.017,6.23
18964.0,-31.0,-515880.0,-0.017,6.48
18969.0,-78.0,-515714.0,0.058,6.23
18974.0,218.0,-515755.0,0.05,6.23
18980.0,-42.0,-515610.0,0.075,6.96
18985.0,-49.0,-515994.0,-0.008,6.48
18991.0,-247.0,-515737.0,0.042,6.48
18996.0,-99.0,-515800.0,0.05,6.23
19001.0,-140.0,-515442.0,0.042,6.48
19006.0,-66.0,-515855.0,0.008,6.23
19011.0,178.0,-515670.0,0.05,6.23
19016.0,215.0,-515358.0,-0.058,6.23
19021.0,-15.0,-515513.0,0.017,6.96
19026.0,-142.0,-515691.0,-0.017,6.72
19032.0,367.0,-515430.0,0.008,6.23
19037.0,347.0,-515653.0,-0.017,6.48
19042.0,252.0,-515355.0,0.025,6.23
19047.0,-367.0,-515328.0,0.025,6.23
19052.0,431.0,-515301.0,0.042,6.23
19057.0,174.0,-514605.0,0.083,6.48
19062.0,-56.0,-514814.0,0.017,6.23
19067.0,62.0,-514561.0,0.042,6.48
19073.0,139.0,-515139.0,-0.042,6.23
19078.0,51.0,-514868.0,0.025,6.23
19084.0,103.0,-514916.0,0.0,6.23
19089.0,284.0,-515088.0,0.075,6.23
19093.0,189.0,-514923.0,-0.058,6.23
19099.0,-7.0,-514773.0,-0.008,6.48
19104.0,70.0,-514981.0,-0.033,6.48
19109.0,208.0,-514916.0,0.042,6.96
19115.0,-166.0,-514949.0,0.092,6.23
19120.0,-117.0,-514523.0,0.058,6.23
19125.0,317.0,-514580.0,0.1,6.96
19130.0,135.0,-514841.0,0.025,6.23
19135.0,-234.0,-514459.0,0.05,6.72
19141.0,-2.0,-514528.0,0.008,6.23
19146.0,158.0,-514809.0,0.0,6.72
19151.0,87.0,-514449.0,0.092,6.96
19156.0,-77.0,-514378.0,0.008,6.23
19162.0,479.0,-514356.0,0.108,6.23
19167.0,284.0,-514396.0,0.083,6.23
19172.0,225.0,-514191.0,-0.017,6.48
19177.0,65.0,-514523.0,0.058,6.23
19183.0,-4.0,-513797.0,0.017,6.23
19187.0,131.0,-513792.0,0.017,6.23
19193.0,227.0,-514168.0,0.075,6.23
19198.0,-200.0,-513772.0,0.008,5.74
19203.0,-151.0,-513617.0,-0.083,6.23
19209.0,169.0,-514207.0,0.125,6.23
19214.0,328.0,-513853.0,0.067,5.99
19219.0,393.0,-513998.0,-0.05,6.23
19224.0,57.0,-513788.0,-0.017,6.23
19229.0,42.0,-513542.0,-0.033,6.23
19234.0,76.0,-513587.0,0.058,6.23
19240.0,272.0,-513811.0,-0.008,6.23
19246.0,321.0,-513599.0,0.083,6.72
19250.0,100.0,-513368.0,0.092,6.48
19256.0,208.0,-513822.0,0.0,6.48
19261.0,143.0,-513666.0,-0.025,6.48
19266.0,-82.0,-513569.0,0.1,7.7
19271.0,-22.0,-513365.0,0.0,6.23
19276.0,297.0,-513343.0,0.042,6.23
19281.0,114.0,-513414.0,0.033,6.23
19287.0,-238.0,-513172.0,0.033,6.96
19292.0,95.0,-513412.0,0.058,6.23
19297.0,500.0,-513269.0,-0.033,6.23
19303.0,200.0,-513121.0,0.008,6.23
19308.0,81.0,-513175.0,0.025,6.23
19312.0,128.0,-513310.0,-0.058,6.96
19318.0,-72.0,-513080.0,-0.017,6.23
19323.0,-75.0,-512884.0,-0.008,6.23
19329.0,206.0,-513187.0,-0.017,6.48
19334.0,162.0,-512783.0,0.067,6.23
19339.0,-379.0,-512776.0,0.017,5.99
19344.0,9.0,-512837.0,0.058,6.23
19349.0,257.0,-513045.0,0.008,6.23
19354.0,-150.0,-512890.0,0.092,6.72
19359.0,-64.0,-513307.0,0.058,6.72
19364.0,-57.0,-512589.0,-0.025,6.23
19369.0,120.0,-512634.0,0.058,6.72
19375.0,122.0,-512568.0,0.042,6.23
19380.0,73.0,-512662.0,0.042,6.23
19385.0,188.0,-512611.0,0.067,6.23
19390.0,248.0,-512685.0,0.0,6.48
19395.0,219.0,-512333.0,0.008,6.23
19400.0,76.0,-512590.0,0.067,6.23
19406.0,-164.0,-512600.0,-0.033,6.48
19411.0,297.0,-512126.0,0.0,7.45
19416.0,2.0,-512001.0,0.058,5.5
19422.0,10.0,-512371.0,0.05,8.92
19426.0,239.0,-512280.0,0.067,6.48
19431.0,-71.0,-512147.0,0.025,6.96
19437.0,-173.0,-511909.0,-0.042,6.23
19442.0,-100.0,-512054.0,0.058,6.23
19447.0,-138.0,-512181.0,0.008,6.23
19452.0,-104.0,-511929.0,0.067,6.72
19458.0,-135.0,-511852.0,-0.033,6.23
19463.0,223.0,-511903.0,0.067,6.48
19468.0,-47.0,-511785.0,0.025,6.96
19473.0,256.0,-511554.0,-0.033,6.48
19478.0,248.0,-511785.0,0.042,6.23
19484.0,-96.0,-511553.0,0.125,6.72
19488.0,-143.0,-511928.0,0.025,6.23
19493.0,379.0,-511923.0,-0.092,6.23
19500.0,179.0,-511755.0,-0.008,6.72
19505.0,-214.0,-511440.0,0.083,6.23
19510.0,-140.0,-511221.0,0.017,6.23
19515.0,-114.0,-511513.0,0.067,6.23
19520.0,-113.0,-511294.0,0.025,6.23
19525.0,289.0,-511183.0,0.067,6.23
19531.0,51.0,-511335.0,0.05,6.23
19535.0,-90.0,-511418.0,0.15,6.23
19540.0,-150.0,-511349.0,0.0,6.72
19547.0,-108.0,-511165.0,-0.067,6.48
19551.0,-81.0,-511088.0,0.025,6.72
19556.0,453.0,-511129.0,0.05,6.23
19562.0,259.0,-511241.0,0.033,6.48
19567.0,214.0,-511118.0,-0.033,6.23
19572.0,-56.0,-510895.0,0.033,6.23
19577.0,391.0,-510883.0,0.067,6.96
19581.0,220.0,-510914.0,-0.05,6.48
19588.0,-10.0,-510866.0,-0.008,6.48
19593.0,287.0,-511021.0,0.008,6.23
19597.0,170.0,-510514.0,0.025,6.48
19603.0,-52.0,-510898.0,-0.058,6.96
19607.0,-19.0,-510683.0,0.133,6.72
19613.0,-153.0,-510531.0,-0.008,6.96
19618.0,-117.0,-510801.0,-0.025,6.23
19623.0,6.0,-510942.0,-0.075,6.23
19629.0,-96.0,-510545.0,0.05,6.23
19635.0,208.0,-510125.0,0.042,6.96
19639.0,-25.0,-510496.0,0.008,5.99
19644.0,7.0,-510435.0,0.15,6.48
19650.0,143.0,-510271.0,-0.025,6.48
19654.0,264.0,-510316.0,0.042,6.23
19660.0,-46.0,-510413.0,0.05,6.48
19665.0,-6.0,-510563.0,-0.033,6.72
19671.0,175.0,-510124.0,0.017,6.48
19676.0,127.0,-510022.0,0.042,6.72
19682.0,-49.0,-510004.0,0.042,6.72
19686.0,134.0,-509803.0,0.008,6.23
19691.0,25.0,-510158.0,0.15,6.48
19696.0,91.0,-509856.0,0.025,6.23
19701.0,-174.0,-509615.0,0.008,6.23
19707.0,-42.0,-510119.0,0.042,6.23
19713.0,-304.0,-510099.0,-0.017,6.23
19718.0,-209.0,-509750.0,-0.008,6.72
19722.0,-198.0,-509581.0,0.033,6.96
19728.0,-34.0,-509823.0,0.025,6.23
19733.0,-259.0,-509648.0,-0.075,6.23
19738.0,105.0,-509682.0,0.025,6.23
19744.0,401.0,-509614.0,0.017,6.72
19748.0,298.0,-509473.0,0.042,6.72
19753.0,168.0,-509426.0,0.133,6.48
19760.0,74.0,-509252.0,0.033,6.48
19764.0,139.0,-509205.0,0.0,6.48
19770.0,209.0,-509202.0,0.058,6.96
19775.0,15.0,-509186.0,0.0,6.96
19780.0,218.0,-509437.0,0.042,6.23
19785.0,152.0,-509545.0,0.025,6.23
19791.0,490.0,-508967.0,0.033,6.23
19796.0,318.0,-509109.0,-0.017,6.72
19802.0,99.0,-509120.0,0.017,6.23
19807.0,-73.0,-509238.0,0.108,6.23
19813.0,-79.0,-509152.0,0.142,6.23
19818.0,128.0,-508647.0,-0.017,6.72
19822.0,111.0,-508932.0,0.083,6.96
19828.0,-189.0,-508650.0,-0.058,6.23
19832.0,-126.0,-508597.0,0.025,6.96
19838.0,234.0,-508907.0,0.025,6.23
19845.0,38.0,-508805.0,0.125,6.48
19849.0,-81.0,-508638.0,0.025,6.23
19854.0,120.0,-508695.0,-0.042,6.72
19859.0,318.0,-508859.0,0.067,6.23
19864.0,-11.0,-508730.0,-0.033,6.23
19869.0,57.0,-508466.0,0.075,6.23
19875.0,165.0,-508528.0,-0.042,6.23
19880.0,166.0,-508689.0,-0.017,6.23
19886.0,-368.0,-508467.0,0.025,6.23
19892.0,-160.0,-508299.0,0.025,6.23
19897.0,142.0,-508159.0,0.075,6.23
19902.0,59.0,-508372.0,-0.067,6.72
19907.0,125.0,-508488.0,0.05,6.96
19913.0,103.0,-508266.0,0.033,6.23
19918.0,-181.0,-508342.0,0.025,6.72
19923.0,26.0,-508125.0,-0.042,6.23
19930.0,330.0,-508363.0,0.092,6.96
19935.0,94.0,-508585.0,0.042,6.23
19940.0,-65.0,-508224.0,0.033,6.96
19945.0,-54.0,-508136.0,0.025,6.96
19950.0,258.0,-508138.0,-0.008,6.96
19955.0,71.0,-508069.0,0.025,6.72
19960.0,515.0,-508083.0,0.117,6.23
19966.0,181.0,-507839.0,0.042,6.48
19973.0,121.0,-507961.0,0.05,6.72
19977.0,464.0,-507770.0,0.0,6.23
19983.0,-152.0,-507720.0,0.033,5.99
19988.0,242.0,-507406.0,0.075,6.48
19993.0,-96.0,-507591.0,0.0,6.23
19998.0,-337.0,-507748.0,0.058,6.23
20003.0,15.0,-507904.0,0.008,7.94
20008.0,125.0,-507767.0,-0.008,6.23
20014.0,-126.0,-507468.0,-0.092,6.23
20020.0,146.0,-507264.0,-0.083,6.23
20025.0,500.0,-507287.0,-0.008,6.23
20029.0,299.0,-507494.0,0.1,6.23
20035.0,-241.0,-507586.0,0.017,6.23
20040.0,103.0,-507417.0,0.067,6.72
20045.0,290.0,-507200.0,0.033,6.23
20050.0,262.0,-507146.0,0.075,6.23
20056.0,-4.0,-507163.0,0.075,6.23
20061.0,375.0,-507180.0,0.075,6.23
20066.0,71.0,-506844.0,0.0,6.23
20071.0,-166.0,-506875.0,0.05,6.72
20076.0,27.0,-506869.0,-0.033,6.72
20082.0,297.0,-506915.0,0.033,6.48
20086.0,28.0,-507028.0,0.067,6.48
20092.0,302.0,-506856.0,-0.025,6.23
20098.0,-316.0,-506904.0,0.033,6.72
20103.0,-30.0,-506927.0,0.083,6.23
20108.0,279.0,-506600.0,0.083,6.96
20114.0,87.0,-506682.0,0.058,6.72
20119.0,249.0,-506765.0,0.058,6.23
20123.0,-140.0,-506540.0,0.025,6.23
20129.0,50.0,-506518.0,0.058,6.23
20134.0,196.0,-506603.0,-0.108,6.23
20140.0,329.0,-506414.0,-0.05,6.23
20145.0,271.0,-506540.0,0.117,6.48
20150.0,73.0,-506507.0,0.025,6.23
20155.0,196.0,-506210.0,-0.067,6.23
20160.0,168.0,-506382.0,-0.025,6.23
20165.0,204.0,-506413.0,-0.008,6.72
20170.0,231.0,-506422.0,0.075,6.23
20176.0,375.0,-506054.0,0.025,6.23
20182.0,-421.0,-506145.0,0.05,6.23
20186.0,-36.0,-506030.0,-0.075,6.23
20192.0,90.0,-506146.0,-0.017,6.48
20197.0,288.0,-506115.0,0.042,6.23
20202.0,57.0,-506052.0,0.108,6.48
20207.0,-5.0,-506198.0,-0.008,6.48
20212.0,107.0,-505905.0,0.05,6.72
20217.0,94.0,-505679.0,-0.033,6.23
20224.0,-118.0,-505905.0,0.075,6.48
20229.0,436.0,-505828.0,0.083,6.96
20233.0,291.0,-505527.0,0.017,6.96
20239.0,183.0,-505279.0,0.058,6.23
20244.0,109.0,-505334.0,-0.092,6.23
20249.0,-20.0,-505621.0,-0.033,6.23
20254.0,194.0,-505741.0,0.217,6.23
20259.0,-354.0,-505516.0,0.033,6.96
20264.0,-33.0,-505359.0,0.033,6.72
20270.0,55.0,-505583.0,0.05,6.96
20276.0,487.0,-505766.0,0.1,6.23
20280.0,-52.0,-505571.0,0.05,6.23
20286.0,-82.0,-505359.0,-0.05,6.48
20291.0,-178.0,-505496.0,-0.058,6.23
20295.0,-119.0,-505459.0,0.017,6.48
20301.0,107.0,-505389.0,-0.008,6.23
20306.0,129.0,-505014.0,-0.025,6.23
20312.0,108.0,-505229.0,-0.017,6.48
20317.0,14.0,-505031.0,0.008,6.23
20322.0,12.0,-504950.0,0.083,6.96
20327.0,3.0,-505230.0,-0.067,6.72
20333.0,-57.0,-505042.0,0.008,6.23
20338.0,-51.0,-504853.0,0.05,5.99
20342.0,420.0,-504792.0,-0.017,6.72
20348.0,90.0,-504760.0,0.017,6.23
20354.0,-100.0,-504991.0,-0.017,6.72
20359.0,519.0,-504994.0,0.033,6.48
20364.0,49.0,-504682.0,0.033,6.23
20369.0,217.0,-504515.0,-0.017,6.96
20374.0,-42.0,-504544.0,-0.025,6.72
20379.0,-110.0,-504523.0,-0.033,6.23
20384.0,-29.0,-504368.0,0.042,6.96
20389.0,138.0,-504456.0,0.075,6.72
20395.0,40.0,-504529.0,0.008,6.72
20399.0,15.0,-504388.0,0.058,6.23
20404.0,35.0,-504211.0,0.017,6.72
20409.0,-68.0,-504172.0,0.1,6.23
20414.0,120.0,-504038.0,0.067,6.48
20420.0,-158.0,-504187.0,0.042,6.48
20424.0,-295.0,-503834.0,-0.025,6.23
20430.0,121.0,-504358.0,0.0,6.48
20435.0,207.0,-504129.0,-0.033,6.23
20440.0,182.0,-504324.0,-0.025,6.23
20446.0,-8.0,-503952.0,0.117,6.23
20451.0,218.0,-503943.0,0.025,6.23
20456.0,367.0,-504058.0,-0.008,6.96
20461.0,-109.0,-504102.0,0.025,6.23
20466.0,69.0,-504151.0,0.058,5.99
20471.0,120.0,-504000.0,0.033,6.23
20476.0,306.0,-504004.0,0.108,6.23
20483.0,88.0,-504059.0,-0.008,6.23
20487.0,-57.0,-503708.0,-0.058,6.72
20493.0,-43.0,-504084.0,0.058,6.72
20498.0,-179.0,-503407.0,0.058,6.23
20503.0,-130.0,-503465.0,0.067,6.23
20507.0,109.0,-503746.0,-0.075,6.23
20513.0,11.0,-503443.0,0.117,6.23
20518.0,-188.0,-503847.0,0.017,6.23
20524.0,-74.0,-503646.0,0.033,6.23
20529.0,176.0,-503421.0,-0.05,6.23
20534.0,175.0,-503417.0,0.017,6.23
20539.0,-45.0,-503428.0,0.05,6.96
20544.0,-213.0,-503205.0,0.083,6.23
20549.0,-54.0,-503335.0,0.0,6.23
20554.0,102.0,-503094.0,0.1,6.23
20559.0,-23.0,-503315.0,0.1,6.96
20563.0,-52.0,-502998.0,-0.092,6.23
20569.0,372.0,-503123.0,0.008,6.23
20574.0,201.0,-503045.0,0.017,6.23
20580.0,173.0,-503104.0,0.075,6.23
20584.0,20.0,-502761.0,0.017,6.23
20589.0,-27.0,-502520.0,0.017,6.72
20594.0,-11.0,-502969.0,-0.025,5.99
20599.0,-250.0,-502827.0,0.017,6.23
20604.0,68.0,-502918.0,0.05,6.23
20610.0,369.0,-502721.0,0.017,6.96
20614.0,-112.0,-502630.0,0.025,6.23
20619.0,-200.0,-502769.0,-0.058,6.72
20624.0,263.0,-502409.0,0.0,6.23
20629.0,175.0,-502648.0,-0.092,6.96
20635.0,11.0,-502501.0,-0.025,6.23
20640.0,298.0,-502551.0,-0.008,6.72
20645.0,88.0,-502542.0,-0.033,5.99
20649.0,289.0,-502577.0,0.092,6.23
20655.0,398.0,-502238.0,0.058,6.48
20660.0,109.0,-502099.0,0.017,6.23
20664.0,386.0,-502194.0,0.033,6.72
20669.0,-116.0,-502051.0,0.075,6.72
20674.0,143.0,-502427.0,0.008,6.23
20679.0,337.0,-502150.0,0.083,6.23
20684.0,-279.0,-502415.0,0.075,6.23
20690.0,-172.0,-502097.0,0.05,6.23
20696.0,218.0,-502070.0,0.042,6.23
20701.0,146.0,-502179.0,0.117,6.23
20706.0,47.0,-501799.0,0.058,6.23
20711.0,205.0,-501846.0,0.033,6.23
20716.0,-23.0,-501701.0,0.075,6.23
20721.0,-286.0,-501862.0,0.075,6.72
20726.0,-94.0,-501879.0,0.108,6.48
20731.0,-245.0,-501869.0,0.033,6.23
20736.0,426.0,-502010.0,-0.042,6.72
20742.0,-6.0,-501729.0,0.0,6.96
20746.0,37.0,-501564.0,0.017,6.23
20751.0,69.0,-501665.0,0.058,6.23
20756.0,186.0,-501853.0,-0.008,6.48
20761.0,243.0,-501508.0,0.058,6.23
20766.0,-379.0,-501498.0,-0.017,6.23
20771.0,-182.0,-501674.0,0.092,6.72
20776.0,139.0,-501571.0,0.125,6.23
20783.0,3.0,-501483.0,0.05,6.96
20788.0,10.0,-501389.0,0.042,6.72
20793.0,392.0,-501222.0,-0.042,6.23
20798.0,358.0,-501179.0,0.017,6.96
20803.0,-33.0,-501215.0,0.042,6.23
20808.0,245.0,-501210.0,0.083,6.72
20813.0,503.0,-500841.0,-0.025,6.23
20818.0,40.0,-501229.0,-0.017,6.23
20824.0,-26.0,-500968.0,0.0,6.96
20829.0,84.0,-500975.0,0.067,6.72
20834.0,7.0,-501022.0,0.0,6.23
20839.0,175.0,-501215.0,-0.05,6.23
20844.0,106.0,-500969.0,0.058,6.48
20849.0,89.0,-500846.0,-0.008,6.48
20854.0,381.0,-501126.0,0.033,6.23
20859.0,-28.0,-500998.0,-0.008,6.23
20865.0,-133.0,-500891.0,-0.017,6.23
20870.0,-23.0,-500693.0,-0.067,6.23
20875.0,278.0,-500951.0,-0.042,6.96
20880.0,-15.0,-501122.0,-0.017,6.72
20885.0,71.0,-500190.0,-0.033,6.96
20891.0,256.0,-500830.0,-0.008,6.23
20896.0,-72.0,-500811.0,0.075,6.96
20901.0,110.0,-500562.0,0.033,6.48
20907.0,289.0,-500550.0,-0.017,6.23
20912.0,-27.0,-500499.0,0.025,6.23
20917.0,205.0,-500370.0,0.017,6.96
20922.0,6.0,-500206.0,0.017,4.52
20927.0,-28.0,-500071.0,0.067,6.23
20933.0,-226.0,-500433.0,-0.083,6.96
20938.0,141.0,-500045.0,0.117,6.23
20942.0,-118.0,-500098.0,0.092,6.23
20948.0,-372.0,-499982.0,0.033,6.23
20954.0,-393.0,-500264.0,0.042,6.48
20959.0,80.0,-499971.0,0.092,6.72
20964.0,50.0,-500107.0,0.008,6.23
20969.0,17.0,-499881.0,-0.108,6.72
20974.0,18.0,-500286.0,0.017,6.72
20979.0,-116.0,-500034.0,0.033,6.23
20984.0,-205.0,-499750.0,-0.025,6.72
20989.0,-12.0,-499753.0,0.108,6.23
20995.0,102.0,-499689.0,0.017,6.96
21001.0,-199.0,-499539.0,-0.042,6.23
21005.0,-138.0,-499622.0,0.067,6.23
21011.0,54.0,-499694.0,0.05,6.72
21015.0,1.0,-499853.0,0.017,6.96
21020.0,-11.0,-499720.0,-0.025,6.23
21025.0,-34.0,-499342.0,0.017,6.23
21030.0,-225.0,-499221.0,0.1,6.72
21037.0,-315.0,-499079.0,0.025,6.23
21042.0,-60.0,-499747.0,-0.067,6.48
21046.0,13.0,-499636.0,0.058,6.48
21052.0,-45.0,-499392.0,0.058,6.72
21057.0,86.0,-499252.0,0.033,6.72
21061.0,-313.0,-499277.0,0.075,6.23
21067.0,29.0,-499117.0,0.042,6.72
21072.0,174.0,-499295.0,-0.067,6.23
21078.0,-199.0,-499394.0,0.075,6.48
21083.0,155.0,-499274.0,-0.008,6.48
21088.0,520.0,-499078.0,0.042,6.23
21093.0,241.0,-499483.0,0.05,6.23
21099.0,233.0,-498925.0,-0.025,6.23
21103.0,208.0,-498826.0,0.1,5.01
21108.0,178.0,-499081.0,-0.025,6.72
21114.0,98.0,-498889.0,-0.017,6.48
21118.0,-95.0,-498884.0,0.092,6.23
21124.0,35.0,-498615.0,0.0,6.23
21130.0,27.0,-498619.0,0.083,6.23
21134.0,-294.0,-498528.0,0.025,6.23
21140.0,0.0,-498855.0,-0.025,6.23
21145.0,-209.0,-498531.0,-0.05,6.23
21149.0,-332.0,-498400.0,0.025,6.96
21155.0,54.0,-498476.0,0.058,6.72
21160.0,-209.0,-498602.0,0.067,6.96
21165.0,234.0,-498511.0,-0.042,6.23
21171.0,90.0,-498077.0,-0.058,6.48
21176.0,61.0,-498397.0,-0.05,6.48
21181.0,144.0,-498378.0,0.117,6.96
21186.0,160.0,-498062.0,-0.075,6.23
21191.0,383.0,-498005.0,-0.058,6.48
21196.0,-205.0,-497924.0,0.067,6.23
21201.0,91.0,-497790.0,0.0,6.96
21207.0,552.0,-498011.0,-0.042,6.23
21212.0,6.0,-498152.0,0.017,6.48
21218.0,4.0,-497790.0,0.008,6.23
21222.0,249.0,-498029.0,0.033,6.48
21227.0,49.0,-498164.0,0.05,6.72
21233.0,-293.0,-497520.0,0.042,6.72
21237.0,-162.0,-497761.0,0.0,6.23
21242.0,-16.0,-497962.0,-0.025,6.96
21249.0,24.0,-497476.0,-0.108,6.48
21254.0,123.0,-497763.0,0.05,6.23
21259.0,201.0,-497926.0,0.008,6.72
21264.0,178.0,-497738.0,0.1,6.72
21268.0,169.0,-497605.0,-0.025,6.96
21274.0,135.0,-497803.0,-0.017,6.23
21279.0,88.0,-497710.0,0.05,6.72
21283.0,-155.0,-497827.0,0.017,6.48
21289.0,-281.0,-497539.0,0.075,6.23
21294.0,-12.0,-497576.0,0.075,6.23
21300.0,102.0,-497578.0,0.017,6.23
21305.0,-344.0,-497276.0,-0.033,6.96
21310.0,35.0,-497053.0,0.092,5.99
21315.0,310.0,-497600.0,-0.033,6.23
21320.0,-294.0,-497544.0,-0.008,6.23
21325.0,-229.0,-497543.0,0.183,6.23
21330.0,-153.0,-497191.0,0.008,6.23
21337.0,397.0,-497083.0,0.075,6.96
21342.0,-104.0,-497184.0,-0.05,6.23
21346.0,-257.0,-497107.0,0.142,6.48
21352.0,253.0,-496819.0,-0.008,6.48
21356.0,176.0,-496966.0,-0.017,6.23
21362.0,-394.0,-496734.0,0.042,6.23
21367.0,8.0,-497104.0,0.017,6.48
21372.0,139.0,-497109.0,0.05,6.72
21378.0,-25.0,-496656.0,0.017,6.72
21384.0,103.0,-496908.0,0.058,6.23
21388.0,-20.0,-496517.0,0.058,6.48
21393.0,198.0,-497146.0,0.075,6.72
21399.0,-214.0,-496740.0,0.092,6.96
21403.0,-303.0,-496617.0,-0.017,6.72
21409.0,389.0,-496774.0,0.067,6.23
21414.0,-115.0,-496626.0,0.05,6.23
21420.0,-46.0,-496767.0,0.058,6.48
21425.0,50.0,-496257.0,0.017,6.48
21431.0,32.0,-496669.0,0.033,6.23
21436.0,-132.0,-496393.0,0.008,6.23
21441.0,253.0,-496564.0,-0.05,6.72
21446.0,177.0,-496098.0,0.083,6.48
21452.0,99.0,-496354.0,0.05,6.23
21457.0,-122.0,-496393.0,0.0,6.48
21463.0,140.0,-496326.0,0.008,6.72
21468.0,98.0,-496076.0,0.083,6.48
21473.0,25.0,-496161.0,-0.017,6.96
21478.0,343.0,-495997.0,0.1,6.23
21484.0,119.0,-496061.0,-0.025,6.23
21489.0,201.0,-496235.0,-0.008,6.23
21494.0,196.0,-496460.0,0.025,6.48
21499.0,-86.0,-495954.0,0.058,6.72
21506.0,-54.0,-495810.0,-0.083,6.23
21511.0,-187.0,-495997.0,-0.033,6.72
21515.0,62.0,-495902.0,0.067,6.48
21521.0,186.0,-495756.0,0.125,6.48
21525.0,181.0,-495813.0,-0.017,6.23
21531.0,291.0,-496003.0,0.017,6.23
21536.0,199.0,-495755.0,0.075,6.23
21541.0,370.0,-495692.0,-0.117,6.72
21547.0,-11.0,-495575.0,0.0,6.96
21551.0,-20.0,-495378.0,0.042,6.23
21556.0,23.0,-495842.0,-0.025,6.23
21562.0,-9.0,-495588.0,0.092,6.23
21566.0,106.0,-495487.0,0.008,6.23
21572.0,6.0,-495297.0,0.008,6.23
21577.0,406.0,-495605.0,0.008,6.23
21583.0,-180.0,-495203.0,0.033,6.23
21588.0,-153.0,-495342.0,-0.033,6.23
21594.0,355.0,-495362.0,-0.017,6.23
21600.0,367.0,-494984.0,0.108,6.48
21605.0,-11.0,-495121.0,-0.083,6.23
21609.0,4.0,-495446.0,-0.033,6.23
21615.0,-72.0,-494670.0,-0.008,6.96
21619.0,-45.0,-494893.0,0.042,6.23
21625.0,59.0,-495381.0,0.025,6.23
21630.0,-131.0,-494863.0,0.042,6.23
21637.0,-27.0,-495125.0,-0.008,6.23
21642.0,84.0,-495024.0,0.042,6.72
21647.0,54.0,-495126.0,0.008,6.23
21653.0,52.0,-494642.0,0.033,6.23
21657.0,241.0,-494775.0,0.1,5.99
21662.0,-116.0,-494681.0,0.092,6.23
21668.0,24.0,-494951.0,0.05,6.23
21672.0,367.0,-494614.0,0.058,6.23
21679.0,62.0,-494424.0,0.05,6.96
21684.0,120.0,-494820.0,0.042,6.23
21689.0,-19.0,-494569.0,0.108,6.23
21694.0,271.0,-494451.0,0.008,6.23
21700.0,-205.0,-494403.0,-0.017,6.96
21705.0,311.0,-494140.0,0.025,6.23
21709.0,386.0,-494587.0,0.008,6.23
21715.0,-24.0,-494351.0,0.0,6.96
21721.0,54.0,-494532.0,0.025,6.72
21726.0,307.0,-494121.0,-0.092,6.72
21731.0,-359.0,-494035.0,0.083,6.72
21736.0,-283.0,-494018.0,0.017,6.23
21741.0,-232.0,-494369.0,-0.033,6.96
21746.0,256.0,-493681.0,0.05,6.48
21752.0,2.0,-494074.0,0.075,6.23
21756.0,-383.0,-493953.0,0.083,6.23
21763.0,269.0,-494041.0,-0.017,6.72
21768.0,145.0,-493882.0,0.0,6.23
21772.0,186.0,-493751.0,-0.05,6.23
21778.0,46.0,-493881.0,0.033,6.48
21783.0,-44.0,-493690.0,0.008,6.96
21788.0,-163.0,-493947.0,0.025,6.48
21793.0,-165.0,-493793.0,-0.017,6.48
21798.0,491.0,-493842.0,0.008,6.23
21804.0,318.0,-493667.0,0.117,6.48
21809.0,-38.0,-493483.0,-0.008,6.23
21814.0,11.0,-493442.0,0.083,6.23
21819.0,106.0,-493512.0,0.042,6.23
21824.0,-280.0,-493313.0,0.05,7.45
21829.0,73.0,-493348.0,0.075,6.96
21834.0,245.0,-493104.0,-0.042,6.23
21839.0,51.0,-493401.0,0.025,6.23
21844.0,-128.0,-493438.0,-0.058,6.72
21851.0,-358.0,-493580.0,0.017,6.23
21856.0,530.0,-493545.0,0.033,6.96
21860.0,275.0,-493284.0,0.0,6.23
21866.0,-245.0,-493184.0,-0.042,6.48
21871.0,-125.0,-493261.0,0.075,6.96
21876.0,-84.0,-493150.0,0.108,6.23
21881.0,30.0,-493218.0,-0.008,6.23
21886.0,-144.0,-493009.0,0.042,6.23
21892.0,81.0,-492988.0,0.017,6.23
21897.0,313.0,-492956.0,0.017,6.96
21902.0,171.0,-493089.0,0.042,6.48
21907.0,204.0,-492780.0,0.083,6.23
21912.0,64.0,-492710.0,0.033,6.23
21918.0,-14.0,-492785.0,0.067,6.23
21922.0,163.0,-492730.0,0.033,6.96
21928.0,55.0,-492322.0,0.05,6.48
21934.0,107.0,-492339.0,0.058,6.23
21939.0,232.0,-492459.0,-0.017,6.48
21944.0,-304.0,-492159.0,-0.025,6.48
21949.0,-74.0,-492274.0,0.033,6.48
21954.0,95.0,-492825.0,0.142,6.72
21960.0,65.0,-492503.0,-0.058,6.96
21965.0,187.0,-492424.0,-0.008,6.23
21969.0,332.0,-492539.0,0.008,6.23
21976.0,164.0,-492191.0,-0.042,6.23
21981.0,10.0,-492014.0,0.0,6.23
21985.0,-63.0,-492107.0,0.075,6.23
21991.0,69.0,-492469.0,0.008,6.23
21996.0,179.0,-492488.0,0.033,6.48
22001.0,62.0,-492222.0,-0.017,6.23
22007.0,168.0,-492504.0,0.033,6.23
22012.0,-2.0,-492261.0,0.05,6.72
22017.0,-231.0,-492068.0,0.075,6.23
22023.0,175.0,-492188.0,0.05,6.23
22028.0,71.0,-491881.0,-0.017,6.96
22032.0,370.0,-491592.0,-0.033,6.23
22038.0,136.0,-491816.0,0.058,6.72
22043.0,270.0,-492025.0,0.05,6.48
22048.0,367.0,-491850.0,0.05,7.94
22053.0,-299.0,-491646.0,0.075,6.23
22059.0,351.0,-491355.0,0.017,6.23
22064.0,320.0,-491110.0,0.017,6.23
22070.0,-30.0,-491460.0,0.033,6.72
22075.0,32.0,-491351.0,0.083,6.23
22079.0,385.0,-491566.0,0.042,6.48
22085.0,243.0,-491390.0,-0.042,6.23
22090.0,-431.0,-491483.0,0.067,6.48
22095.0,-42.0,-491380.0,-0.05,6.48
22100.0,414.0,-491043.0,0.042,6.23
22106.0,30.0,-491250.0,0.117,6.48
22111.0,173.0,-491446.0,0.042,6.23
22116.0,623.0,-491311.0,0.025,6.23
22121.0,473.0,-491362.0,0.017,6.23
22126.0,168.0,-490880.0,0.025,6.48
22131.0,238.0,-491073.0,0.025,6.72
22136.0,136.0,-491064.0,0.008,6.23
22141.0,185.0,-491238.0,0.017,6.23
22147.0,161.0,-491209.0,-0.033,6.48
22152.0,183.0,-491044.0,0.058,6.23
22158.0,352.0,-491290.0,0.05,6.23
22163.0,-54.0,-491189.0,-0.15,6.23
22167.0,-37.0,-490742.0,0.0,6.48
22172.0,-16.0,-490861.0,0.033,6.23
22176.0,241.0,-491406.0,0.058,6.48
22181.0,-320.0,-491237.0,0.117,6.23
22187.0,172.0,-490754.0,-0.033,6.23
22192.0,37.0,-490748.0,0.017,6.23
22197.0,279.0,-490657.0,0.15,6.23
22202.0,-97.0,-490556.0,0.025,6.23
22207.0,18.0,-490476.0,-0.033,6.48
22213.0,18.0,-490649.0,0.075,6.23
22217.0,-219.0,-490704.0,0.017,5.74
22222.0,356.0,-490975.0,-0.017,6.23
22227.0,-54.0,-490330.0,0.075,6.72
22233.0,237.0,-490508.0,0.033,6.72
22238.0,31.0,-490579.0,0.058,6.23
22243.0,-465.0,-490502.0,-0.025,6.23
22248.0,-156.0,-490270.0,0.058,6.23
22253.0,278.0,-490327.0,-0.125,6.48
22258.0,112.0,-490124.0,0.092,6.72
22263.0,65.0,-490130.0,0.058,6.72
22269.0,105.0,-490075.0,0.008,6.96
22275.0,91.0,-489922.0,-0.025,6.48
22280.0,52.0,-489930.0,0.075,6.23
22285.0,-104.0,-489975.0,-0.033,6.23
22289.0,-45.0,-490006.0,0.042,6.23
22294.0,30.0,-489793.0,0.033,5.99
22299.0,-79.0,-489774.0,0.133,6.48
22303.0,24.0,-490091.0,0.008,6.23
22308.0,236.0,-489852.0,0.075,6.23
22313.0,-7.0,-489854.0,-0.05,6.96
22319.0,85.0,-489689.0,-0.008,6.23
22324.0,304.0,-489599.0,0.067,6.96
22329.0,139.0,-489682.0,0.0,6.23
22334.0,-139.0,-489709.0,-0.075,6.96
22339.0,-254.0,-489253.0,0.008,6.48
22344.0,-408.0,-489406.0,0.05,5.01
22349.0,124.0,-489757.0,0.092,6.23
22354.0,125.0,-489379.0,0.008,6.23
22361.0,19.0,-489316.0,-0.042,6.72
22366.0,55.0,-488979.0,0.1,6.96
22371.0,44.0,-489259.0,0.05,6.72
22376.0,24.0,-489398.0,0.05,6.23
22381.0,186.0,-489211.0,-0.033,6.72
22386.0,159.0,-489145.0,-0.025,6.23
22391.0,101.0,-489328.0,0.075,6.72
22396.0,385.0,-489295.0,0.058,6.23
22402.0,296.0,-489193.0,0.025,6.23
22407.0,-36.0,-489454.0,0.025,6.23
22412.0,44.0,-489003.0,0.017,6.48
22417.0,157.0,-489241.0,0.058,6.23
22422.0,-253.0,-489288.0,0.017,6.72
22428.0,-1.0,-489027.0,0.033,6.23
22433.0,10.0,-488841.0,0.05,6.72
22438.0,434.0,-488744.0,0.067,6.48
22444.0,252.0,-489156.0,0.008,6.23
22449.0,101.0,-488882.0,0.05,6.23
22454.0,80.0,-488915.0,0.033,6.23
22459.0,170.0,-488569.0,0.025,6.23
22464.0,-117.0,-488583.0,0.017,6.23
22469.0,-14.0,-488588.0,0.008,6.23
22475.0,-188.0,-488656.0,0.017,6.72
22480.0,-401.0,-488836.0,-0.092,6.72
22484.0,66.0,-488535.0,0.075,6.23
22491.0,-12.0,-488507.0,-0.133,6.48
22496.0,-9.0,-488307.0,0.008,6.96
22501.0,15.0,-488308.0,0.0,6.23
22506.0,5.0,-488524.0,0.05,6.48
22511.0,318.0,-488610.0,0.0,6.23
22516.0,197.0,-488513.0,0.008,6.72
22522.0,93.0,-488449.0,0.083,6.96
22528.0,178.0,-488367.0,0.033,6.23
22532.0,-129.0,-488156.0,0.158,6.23
22538.0,103.0,-488016.0,-0.033,6.72
22543.0,-254.0,-488094.0,0.05,6.23
22548.0,103.0,-488101.0,0.008,6.48
22553.0,413.0,-488481.0,0.0,6.23
22558.0,230.0,-488429.0,0.033,6.72
22563.0,17.0,-488248.0,0.042,6.23
22568.0,29.0,-487852.0,-0.008,6.23
22574.0,220.0,-487862.0,0.025,6.72
22579.0,225.0,-487839.0,-0.05,6.72
22585.0,291.0,-487457.0,0.042,6.48
22589.0,54.0,-487652.0,0.083,6.48
22594.0,8.0,-488219.0,-0.008,6.23
22599.0,1.0,-487593.0,0.008,6.23
22604.0,86.0,-487766.0,-0.092,6.96
22609.0,-284.0,-487708.0,0.05,6.23
22615.0,-471.0,-487518.0,0.075,6.23
22620.0,-112.0,-487795.0,-0.017,6.96
22626.0,190.0,-487785.0,-0.017,6.23
22631.0,-47.0,-487555.0,0.008,6.23
22635.0,226.0,-487434.0,0.017,6.48
22641.0,138.0,-487672.0,0.008,6.48
22646.0,425.0,-487316.0,0.075,6.23
22651.0,318.0,-487567.0,-0.017,6.23
22657.0,-258.0,-487409.0,-0.008,6.72
22662.0,59.0,-487651.0,-0.05,6.23
22667.0,218.0,-487460.0,0.033,6.23
22672.0,226.0,-487298.0,0.008,6.23
22677.0,261.0,-487206.0,0.033,6.23
22682.0,-294.0,-487145.0,-0.033,6.72
22688.0,88.0,-487259.0,0.058,6.23
22693.0,119.0,-487115.0,-0.042,6.23
22697.0,180.0,-486980.0,0.0,6.72
22704.0,-2.0,-486626.0,-0.075,6.23
22708.0,315.0,-486899.0,0.075,4.77
22714.0,255.0,-486516.0,-0.042,6.23
22719.0,-111.0,-486974.0,0.058,6.48
22724.0,-88.0,-486711.0,0.058,6.48
22729.0,-162.0,-486956.0,0.1,6.72
22734.0,62.0,-486802.0,0.017,6.48
22739.0,171.0,-486741.0,0.033,6.48
22745.0,377.0,-486718.0,0.05,6.23
22751.0,-253.0,-486612.0,0.025,6.23
22755.0,158.0,-486863.0,0.025,6.23
22760.0,-108.0,-486776.0,0.042,6.23
22766.0,-104.0,-486316.0,0.017,6.23
22771.0,-59.0,-486165.0,0.008,6.23
22776.0,373.0,-486410.0,0.033,6.23
22781.0,-63.0,-486244.0,0.05,6.23
22787.0,-106.0,-486379.0,0.042,6.48
22792.0,22.0,-486306.0,0.008,6.23
22797.0,-128.0,-486232.0,-0.008,5.99
22802.0,27.0,-485955.0,-0.058,6.72
22807.0,277.0,-486234.0,0.033,6.72
22812.0,334.0,-486322.0,0.075,6.72
22817.0,519.0,-486009.0,0.142,6.48
22822.0,-169.0,-486011.0,-0.008,6.48
22828.0,124.0,-486015.0,0.033,6.96
22833.0,99.0,-485932.0,0.042,6.23
22838.0,-193.0,-485774.0,0.033,6.48
22844.0,-150.0,-485956.0,0.017,6.48
22848.0,-103.0,-485883.0,-0.025,6.23
22854.0,21.0,-485957.0,0.017,6.96
22858.0,-338.0,-485838.0,-0.042,6.23
22863.0,-11.0,-485985.0,0.092,6.72
22870.0,31.0,-485771.0,-0.008,6.72
22874.0,32.0,-485746.0,0.025,6.23
22880.0,50.0,-486186.0,0.0,6.48
22885.0,-8.0,-486072.0,0.092,6.96
22890.0,247.0,-485501.0,-0.008,6.23
22895.0,-143.0,-485482.0,-0.042,6.23
22900.0,-93.0,-485412.0,-0.042,6.96
22905.0,274.0,-485423.0,-0.042,6.23
22910.0,48.0,-485404.0,0.025,6.23
22916.0,196.0,-485404.0,0.008,6.96
22921.0,-179.0,-485387.0,-0.017,6.23
22926.0,-13.0,-485686.0,0.167,6.72
22932.0,-333.0,-485368.0,0.117,6.96
22936.0,-218.0,-485437.0,-0.042,6.72
22941.0,208.0,-485376.0,0.033,6.96
22947.0,86.0,-485438.0,0.042,6.23
22952.0,-41.0,-485357.0,0.008,6.23
22958.0,-67.0,-485299.0,0.083,6.23
22964.0,107.0,-484943.0,0.133,6.96
22968.0,-34.0,-485046.0,-0.008,6.23
22973.0,78.0,-485443.0,0.025,6.48
22979.0,50.0,-484863.0,0.025,6.23
22983.0,227.0,-484928.0,-0.008,6.23
22988.0,143.0,-485223.0,0.05,6.48
22994.0,161.0,-484595.0,-0.025,6.23
23000.0,-2.0,-484488.0,-0.008,6.48
23005.0,-306.0,-484720.0,0.008,6.96
23011.0,-28.0,-484842.0,0.025,6.23
23016.0,60.0,-484666.0,0.042,6.96
23021.0,251.0,-484659.0,-0.017,6.23
23026.0,-53.0,-484599.0,-0.008,6.72
23032.0,-93.0,-484517.0,-0.008,6.23
23036.0,120.0,-484374.0,0.117,6.23
23043.0,160.0,-484161.0,0.042,6.48
23048.0,70.0,-484649.0,0.033,6.96
23053.0,213.0,-484648.0,-0.025,6.72
23058.0,-27.0,-484693.0,0.033,6.48
23063.0,-177.0,-484517.0,-0.017,6.48
23068.0,-112.0,-484216.0,-0.033,6.48
23073.0,314.0,-484442.0,-0.033,6.23
23079.0,58.0,-484020.0,0.092,6.23
23086.0,262.0,-484324.0,0.067,6.48
23090.0,305.0,-484421.0,-0.025,6.23
23096.0,245.0,-484297.0,0.0,6.23
23101.0,-147.0,-484053.0,-0.025,6.48
23107.0,11.0,-484229.0,0.092,6.96
23111.0,152.0,-484218.0,0.0,6.96
23117.0,-156.0,-483898.0,0.042,6.23
23122.0,-42.0,-484032.0,-0.042,8.19
23128.0,-43.0,-484275.0,0.067,6.23
23134.0,95.0,-483879.0,0.108,6.23
23139.0,181.0,-483655.0,0.1,6.23
23145.0,315.0,-483653.0,0.067,6.23
23149.0,444.0,-483648.0,0.017,6.23
23155.0,232.0,-483670.0,-0.017,6.72
23160.0,106.0,-483764.0,0.058,6.23
23165.0,-106.0,-483577.0,0.017,6.48
23171.0,-13.0,-483642.0,0.025,6.23
23176.0,247.0,-483298.0,-0.042,6.72
23182.0,363.0,-483527.0,-0.1,6.72
23186.0,178.0,-483318.0,0.067,6.48
23192.0,-40.0,-483522.0,0.0,6.23
23196.0,-251.0,-483569.0,0.0,5.99
23202.0,37.0,-482833.0,0.083,6.48
23207.0,53.0,-483023.0,0.125,6.23
23214.0,-145.0,-483171.0,-0.05,6.23
23218.0,14.0,-483008.0,-0.017,6.48
23224.0,24.0,-483206.0,0.058,6.72
23229.0,90.0,-483124.0,-0.008,6.23
23235.0,130.0,-483025.0,0.008,6.48
23239.0,641.0,-482608.0,0.05,6.48
23245.0,567.0,-483324.0,0.033,7.94
23250.0,83.0,-483071.0,0.017,6.23
23255.0,30.0,-483030.0,0.092,6.23
23261.0,248.0,-482942.0,-0.017,6.72
23266.0,233.0,-483041.0,0.008,6.23
23271.0,-230.0,-483009.0,0.067,6.48
23276.0,94.0,-482895.0,0.05,6.23
23281.0,109.0,-482788.0,0.0,6.23
23286.0,198.0,-482628.0,0.05,6.96
23291.0,244.0,-482630.0,0.0,6.23
23297.0,231.0,-482893.0,-0.075,5.99
23303.0,-283.0,-482653.0,-0.05,6.23
23308.0,-95.0,-482645.0,0.008,6.23
23313.0,-111.0,-482454.0,0.017,6.48
23318.0,76.0,-482575.0,0.117,6.23
23323.0,224.0,-482365.0,0.042,6.23
23328.0,264.0,-482200.0,0.033,6.23
23333.0,265.0,-482167.0,-0.017,6.23
23340.0,-51.0,-482257.0,0.033,6.23
23345.0,395.0,-482260.0,0.042,6.72
23349.0,182.0,-482513.0,-0.042,6.72
23355.0,488.0,-482637.0,-0.017,6.72
23360.0,-266.0,-482398.0,-0.05,6.72
23365.0,-213.0,-481529.0,0.008,6.72
23370.0,-133.0,-482263.0,-0.033,6.23
23375.0,-11.0,-482038.0,0.058,6.72
23380.0,96.0,-482205.0,-0.025,6.23
23386.0,168.0,-481937.0,0.05,5.99
23391.0,222.0,-482016.0,0.083,6.48
23396.0,87.0,-481955.0,-0.058,7.94
23401.0,11.0,-481975.0,-0.008,6.23
23406.0,270.0,-481888.0,0.025,6.23
23411.0,-77.0,-482062.0,0.033,6.48
23417.0,-169.0,-481380.0,0.042,6.96
23421.0,-160.0,-481647.0,0.042,6.23
23427.0,365.0,-481785.0,0.025,6.23
23432.0,133.0,-481822.0,0.025,6.72
23437.0,82.0,-481451.0,-0.017,6.48
23443.0,-162.0,-481739.0,0.008,6.23
23448.0,302.0,-481496.0,-0.025,6.96
23452.0,191.0,-481811.0,0.075,6.72
23458.0,-21.0,-481695.0,0.05,7.94
23463.0,-95.0,-481416.0,0.017,6.96
23469.0,32.0,-481039.0,0.067,6.72
23474.0,120.0,-481379.0,0.025,6.23
23479.0,-168.0,-481408.0,0.0,6.72
23484.0,31.0,-481277.0,0.05,6.23
23489.0,601.0,-481779.0,0.083,6.23
23494.0,109.0,-481528.0,-0.017,6.23
23499.0,-58.0,-480683.0,0.008,6.48
23504.0,-174.0,-481085.0,0.142,6.23
23511.0,330.0,-480872.0,0.017,6.23
23515.0,219.0,-481015.0,-0.083,6.23
23521.0,61.0,-481015.0,-0.025,6.72
23526.0,-165.0,-481064.0,0.0,6.23
23530.0,-134.0,-481169.0,-0.017,6.72
23536.0,222.0,-481115.0,0.017,6.72
23541.0,370.0,-481272.0,0.033,6.72
23546.0,-19.0,-480849.0,0.0,6.23
23552.0,-59.0,-480552.0,0.05,6.48
23556.0,124.0,-480703.0,-0.033,6.23
23562.0,10.0,-480803.0,0.025,6.23
23567.0,276.0,-480744.0,0.0,6.23
23571.0,331.0,-480465.0,0.0,6.23
23577.0,-217.0,-480919.0,0.05,6.23
23582.0,-107.0,-480662.0,0.058,6.23
23587.0,208.0,-480469.0,0.025,6.23
23592.0,128.0,-480627.0,0.092,6.48
23598.0,172.0,-480764.0,0.033,6.48
23603.0,253.0,-480625.0,0.083,6.23
23609.0,-35.0,-480457.0,0.033,6.23
23614.0,465.0,-480032.0,0.0,6.23
23618.0,134.0,-480421.0,0.033,6.23
23624.0,-120.0,-480511.0,-0.017,6.23
23629.0,116.0,-480306.0,-0.075,6.72
23633.0,161.0,-479969.0,0.058,6.72
23640.0,343.0,-479891.0,-0.042,6.72
23645.0,-95.0,-480170.0,0.025,6.48
23650.0,242.0,-480155.0,-0.05,6.23
23655.0,106.0,-480035.0,0.025,6.23
23660.0,274.0,-480108.0,0.15,6.23
23665.0,263.0,-480123.0,0.092,6.48
23670.0,45.0,-479898.0,-0.017,7.21
23675.0,136.0,-480073.0,0.067,6.23
23681.0,122.0,-479881.0,-0.025,6.23
23686.0,36.0,-479682.0,0.058,6.23
23691.0,225.0,-479593.0,0.017,6.72
23696.0,163.0,-479741.0,0.075,6.72
23702.0,25.0,-479884.0,-0.008,6.72
23706.0,108.0,-479643.0,0.0,6.48
23712.0,328.0,-479487.0,0.1,6.23
23717.0,34.0,-479440.0,-0.05,6.48
23721.0,-135.0,-479369.0,0.058,6.72
23728.0,11.0,-479537.0,0.017,6.23
23733.0,445.0,-479782.0,0.075,6.48
23738.0,450.0,-479713.0,-0.033,6.48
23743.0,130.0,-479271.0,0.025,6.23
23748.0,-220.0,-479210.0,0.025,6.23
23753.0,-183.0,-479027.0,0.017,6.96
23758.0,37.0,-479289.0,0.075,6.23
23763.0,27.0,-479166.0,-0.025,6.23
23769.0,254.0,-479449.0,0.008,6.72
23775.0,112.0,-478831.0,0.0,6.23
23780.0,332.0,-478798.0,0.083,6.48
23784.0,191.0,-478919.0,-0.083,6.72
23790.0,311.0,-479159.0,-0.05,6.23
23795.0,-63.0,-479234.0,0.033,6.48
23800.0,-138.0,-479184.0,-0.033,6.23
23805.0,69.0,-478993.0,-0.033,6.72
23811.0,319.0,-478852.0,0.083,6.23
23816.0,156.0,-478824.0,-0.05,6.48
23821.0,234.0,-478875.0,0.075,6.48
23826.0,320.0,-478844.0,0.058,6.48
23831.0,165.0,-479034.0,0.058,6.72
23836.0,175.0,-478923.0,0.0,6.48
23841.0,445.0,-478830.0,0.017,6.72
23846.0,270.0,-478778.0,0.083,6.96
23852.0,-188.0,-478515.0,0.05,6.48
23858.0,0.0,-478674.0,-0.042,6.72
23863.0,-41.0,-478490.0,0.058,6.23
23868.0,-165.0,-478381.0,0.017,6.23
23872.0,-164.0,-478008.0,-0.025,6.72
23877.0,-195.0,-478259.0,0.075,6.23
23882.0,155.0,-478424.0,0.058,6.23
23887.0,132.0,-478164.0,0.008,6.48
23892.0,70.0,-478185.0,0.008,6.48
23898.0,216.0,-477950.0,0.025,6.23
23903.0,377.0,-478368.0,-0.025,6.23
23908.0,-129.0,-478501.0,0.008,6.23
23913.0,-119.0,-478580.0,0.008,6.23
23919.0,142.0,-478126.0,0.025,6.72
23924.0,68.0,-478269.0,0.042,6.23
23929.0,-288.0,-478314.0,0.0,6.96
23934.0,231.0,-477988.0,0.05,6.48
23940.0,495.0,-477999.0,0.025,6.48
23945.0,-207.0,-477898.0,0.083,6.72
23950.0,120.0,-477826.0,0.025,6.48
23955.0,416.0,-477875.0,-0.05,6.23
23960.0,40.0,-477844.0,0.042,6.48
23965.0,157.0,-477810.0,0.0,6.96
23970.0,429.0,-477815.0,-0.008,6.48
23975.0,412.0,-477962.0,-0.017,6.23
23981.0,189.0,-477749.0,-0.017,6.96
23986.0,-61.0,-477608.0,-0.008,6.23
23991.0,64.0,-477924.0,0.025,6.23
23996.0,-36.0,-477741.0,0.075,6.23
24001.0,-137.0,-477635.0,-0.033,6.96
24006.0,120.0,-477818.0,0.067,6.23
24011.0,-64.0,-477405.0,0.075,6.48
24016.0,-61.0,-477411.0,0.108,6.23
24022.0,187.0,-477594.0,0.058,6.23
24027.0,43.0,-477471.0,-0.025,7.94
24032.0,18.0,-477449.0,-0.108,6.23
24037.0,-180.0,-477368.0,0.033,6.23
24042.0,-28.0,-477429.0,-0.017,6.23
24047.0,-71.0,-477241.0,-0.033,6.23
24052.0,107.0,-477072.0,0.067,6.23
24057.0,125.0,-477015.0,0.008,6.48
24062.0,-236.0,-477247.0,0.008,6.72
24068.0,-160.0,-477156.0,0.058,6.23
24073.0,-248.0,-477167.0,-0.042,6.48
24079.0,-99.0,-477273.0,0.033,6.48
24084.0,81.0,-476998.0,0.017,6.72
24089.0,353.0,-476769.0,0.008,6.23
24094.0,134.0,-477253.0,-0.058,6.48
24099.0,-214.0,-477014.0,-0.017,6.23
24104.0,-44.0,-477063.0,0.05,6.23
24110.0,183.0,-476966.0,0.075,6.23
24115.0,201.0,-476761.0,0.025,6.96
24120.0,-76.0,-477093.0,0.017,6.72
24124.0,-111.0,-477004.0,-0.033,6.23
24129.0,-59.0,-476689.0,0.025,6.72
24134.0,84.0,-476682.0,0.092,6.48
24139.0,410.0,-476763.0,-0.067,6.48
24144.0,283.0,-476433.0,-0.05,6.23
24150.0,36.0,-476412.0,0.042,6.23
24155.0,42.0,-476622.0,0.008,6.23
24160.0,211.0,-477014.0,0.1,6.96
24165.0,370.0,-476579.0,-0.042,6.23
24171.0,30.0,-476465.0,0.0,6.72
24176.0,185.0,-476487.0,0.025,6.23
24180.0,-24.0,-476428.0,0.017,6.23
24186.0,42.0,-476450.0,-0.042,6.23
24192.0,3.0,-476314.0,0.025,6.48
24197.0,-203.0,-476493.0,-0.008,6.96
24202.0,43.0,-476560.0,0.025,6.23
24207.0,22.0,-475914.0,0.025,6.96
24212.0,-26.0,-476235.0,0.0,6.23
24217.0,258.0,-475993.0,0.025,6.23
24223.0,-89.0,-475863.0,0.067,6.23
24227.0,84.0,-475804.0,0.05,6.96
24233.0,164.0,-475566.0,0.025,6.23
24239.0,-153.0,-476336.0,0.117,6.23
24243.0,-162.0,-476153.0,0.058,6.23
24249.0,130.0,-475801.0,0.1,6.48
24254.0,195.0,-475797.0,0.017,6.96
24259.0,-178.0,-475734.0,0.008,6.72
24264.0,-28.0,-475884.0,0.025,6.23
24269.0,191.0,-475848.0,-0.017,6.96
24274.0,308.0,-475969.0,-0.042,6.23
24280.0,-188.0,-475671.0,0.083,6.23
24286.0,-131.0,-475681.0,0.025,6.72
24290.0,226.0,-475674.0,-0.033,6.48
24296.0,152.0,-475492.0,0.042,6.23
24301.0,293.0,-475828.0,-0.058,6.23
24306.0,196.0,-475661.0,0.042,6.72
24311.0,620.0,-475315.0,0.067,6.72
24316.0,431.0,-475537.0,0.075,6.23
24322.0,-64.0,-475390.0,0.017,6.23
24327.0,-6.0,-475506.0,0.05,6.72
24332.0,-23.0,-475349.0,0.017,6.23
24337.0,319.0,-475150.0,0.067,6.23
24343.0,-55.0,-475038.0,0.067,6.23
24347.0,270.0,-475273.0,0.0,6.96
24352.0,212.0,-475232.0,0.042,6.23
24357.0,53.0,-475090.0,0.033,6.23
24363.0,194.0,-475285.0,0.1,6.72
24368.0,44.0,-475091.0,0.008,6.23
24373.0,253.0,-474993.0,0.117,6.23
24378.0,202.0,-474948.0,0.025,6.23
24384.0,302.0,-475020.0,0.075,5.99
24389.0,335.0,-474872.0,-0.05,6.23
24393.0,322.0,-474819.0,-0.033,6.23
24399.0,168.0,-474471.0,-0.042,6.96
24404.0,353.0,-474989.0,-0.05,6.23
24410.0,-70.0,-475146.0,0.033,6.72
24415.0,312.0,-474864.0,-0.008,6.23
24420.0,37.0,-474806.0,0.092,6.23
24425.0,384.0,-474497.0,0.15,6.23
24430.0,480.0,-474725.0,0.108,6.72
24436.0,-85.0,-475109.0,-0.083,6.23
24440.0,-478.0,-474816.0,-0.092,6.23
24446.0,250.0,-474424.0,0.017,6.23
24452.0,89.0,-474146.0,0.05,6.23
24456.0,296.0,-474571.0,0.042,6.23
24462.0,216.0,-474337.0,0.033,6.23
24467.0,359.0,-474691.0,0.033,6.23
24472.0,166.0,-474442.0,0.017,6.72
24477.0,120.0,-473928.0,0.042,6.23
24482.0,261.0,-474304.0,0.133,6.23
24487.0,374.0,-474281.0,0.042,6.23
24494.0,-40.0,-473939.0,-0.017,6.48
24499.0,327.0,-473733.0,0.008,6.23
24503.0,468.0,-473810.0,0.025,6.72
24509.0,28.0,-474184.0,-0.042,6.23
24513.0,-183.0,-473973.0,0.025,6.23
24518.0,-37.0,-474182.0,0.05,6.48
24524.0,-39.0,-474310.0,0.058,5.99
24529.0,-182.0,-474233.0,0.033,6.23
24535.0,518.0,-474260.0,0.042,6.96
24540.0,196.0,-473820.0,0.05,6.23
24545.0,459.0,-473609.0,0.058,6.23
24550.0,61.0,-474012.0,0.025,6.23
24555.0,345.0,-473980.0,0.108,6.23
24560.0,552.0,-473919.0,-0.083,6.23
24565.0,-20.0,-473876.0,0.017,6.72
24571.0,14.0,-473484.0,0.042,6.23
24576.0,-95.0,-473389.0,0.008,6.23
24581.0,-133.0,-473242.0,0.025,6.48
24587.0,-53.0,-473198.0,0.017,6.23
24592.0,150.0,-473461.0,0.042,6.96
24597.0,-100.0,-473434.0,-0.025,6.23
24602.0,90.0,-473616.0,0.033,6.96
24607.0,169.0,-473277.0,0.033,6.96
24612.0,173.0,-473304.0,-0.083,6.48
24617.0,-19.0,-473508.0,0.05,6.96
24623.0,10.0,-473615.0,0.0,6.96
24629.0,-70.0,-473137.0,-0.033,6.23
24634.0,-188.0,-473363.0,0.033,6.23
24639.0,117.0,-473112.0,-0.025,6.48
24644.0,237.0,-473231.0,0.025,6.48
24649.0,-111.0,-473263.0,0.0,6.96
24654.0,422.0,-473304.0,-0.058,6.96
24659.0,-68.0,-472965.0,0.0,6.72
24665.0,-72.0,-472817.0,0.083,6.23
24670.0,-109.0,-472968.0,-0.083,6.72
24675.0,7.0,-472973.0,-0.017,6.96
24681.0,211.0,-472877.0,0.067,6.72
24685.0,4.0,-472904.0,0.067,6.23
24691.0,32.0,-472544.0,0.033,6.23
24696.0,-90.0,-472520.0,0.05,6.23
24701.0,-121.0,-472531.0,0.092,6.23
24707.0,94.0,-472982.0,-0.042,6.23
24712.0,-58.0,-472504.0,-0.008,6.48
24717.0,131.0,-472345.0,0.083,6.72
24722.0,-39.0,-472665.0,0.142,6.72
24728.0,-113.0,-472531.0,0.025,6.23
24732.0,-298.0,-472660.0,0.0,6.23
24737.0,168.0,-472495.0,0.042,6.23
24743.0,376.0,-472353.0,-0.008,4.52
24749.0,187.0,-472398.0,-0.117,6.23
24754.0,7.0,-472339.0,0.033,6.48
24759.0,243.0,-472507.0,-0.075,6.96
24764.0,208.0,-472366.0,0.083,6.23
24769.0,-2.0,-472461.0,0.025,7.21
24774.0,94.0,-472325.0,0.042,6.96
24779.0,129.0,-471898.0,-0.058,7.45
24784.0,-93.0,-471990.0,0.017,6.23
24791.0,-123.0,-471862.0,0.058,6.48
24797.0,171.0,-471762.0,0.017,6.72
24801.0,286.0,-471829.0,-0.033,6.23
24807.0,98.0,-471855.0,0.05,6.23
24812.0,98.0,-471815.0,0.075,6.72
24817.0,283.0,-471708.0,0.05,6.96
24822.0,266.0,-472051.0,0.05,6.23
24827.0,-146.0,-471693.0,-0.008,5.99
24833.0,-259.0,-471820.0,0.017,6.96
24838.0,227.0,-471708.0,-0.05,6.23
24844.0,-95.0,-471674.0,0.058,5.99
24848.0,-122.0,-471583.0,0.092,6.48
24853.0,-179.0,-471832.0,0.033,6.72
24858.0,120.0,-471379.0,0.0,6.23
24862.0,-429.0,-471316.0,0.0,6.72
24868.0,237.0,-471490.0,0.092,6.23
24872.0,340.0,-471401.0,0.125,6.23
24879.0,-64.0,-471467.0,0.058,6.72
24884.0,-84.0,-471239.0,0.017,6.96
24889.0,161.0,-471388.0,-0.033,6.23
24894.0,310.0,-471592.0,0.008,6.72
24900.0,2.0,-471182.0,0.108,6.72
24904.0,-25.0,-471085.0,0.0,6.72
24910.0,289.0,-471403.0,0.092,5.25
24915.0,165.0,-471077.0,-0.025,6.23
24922.0,15.0,-471163.0,-0.017,6.72
24926.0,54.0,-471484.0,0.058,6.23
24932.0,-52.0,-471020.0,-0.017,6.48
24937.0,-312.0,-471326.0,-0.017,6.23
24942.0,-415.0,-471489.0,-0.008,6.23
24947.0,48.0,-471269.0,0.042,6.23
24953.0,278.0,-471139.0,0.067,6.23
24957.0,239.0,-471176.0,0.033,6.23
24963.0,158.0,-471200.0,0.05,6.72
24969.0,274.0,-470760.0,-0.017,6.23
24974.0,113.0,-470799.0,0.033,6.23
24979.0,82.0,-470693.0,0.0,6.23
24984.0,306.0,-470687.0,0.017,6.23
24989.0,181.0,-470716.0,0.0,6.96
24994.0,217.0,-470488.0,0.042,6.96
25000.0,125.0,-470484.0,0.0,6.96
25006.0,-153.0,-470434.0,0.067,6.23
25011.0,74.0,-470689.0,0.167,6.48
25017.0,54.0,-470439.0,0.033,6.23
25022.0,596.0,-470613.0,0.008,6.48
25027.0,20.0,-470544.0,0.017,6.96
25032.0,81.0,-470067.0,-0.008,6.23
25037.0,113.0,-470659.0,0.058,6.48
25042.0,228.0,-470488.0,-0.008,6.72
25048.0,103.0,-470296.0,0.1,6.96
25054.0,17.0,-470126.0,0.008,6.23
25058.0,4.0,-470013.0,0.0,6.23
25064.0,208.0,-470647.0,0.017,6.72
25069.0,-258.0,-470037.0,0.033,6.23
25074.0,112.0,-470092.0,0.017,6.72
25079.0,41.0,-470313.0,-0.042,6.23
25084.0,3.0,-469741.0,-0.058,6.96
25090.0,9.0,-470096.0,0.033,6.23
25095.0,-350.0,-470183.0,0.075,6.48
25101.0,394.0,-469921.0,0.067,6.23
25106.0,-30.0,-469890.0,0.025,6.23
25110.0,19.0,-470061.0,0.167,6.48
25116.0,65.0,-469599.0,0.075,6.96
25121.0,-181.0,-469862.0,0.0,6.96
25125.0,-110.0,-469637.0,-0.075,6.23
25132.0,-196.0,-469697.0,-0.017,6.23
25137.0,108.0,-469818.0,0.033,6.23
25142.0,175.0,-469981.0,-0.075,6.48
25147.0,113.0,-469715.0,0.075,6.23
25152.0,397.0,-469590.0,0.092,6.48
25157.0,230.0,-469611.0,0.042,6.23
25163.0,-98.0,-469627.0,0.025,6.23
25167.0,109.0,-469492.0,0.025,6.96
25172.0,166.0,-469602.0,0.05,6.23
25179.0,-52.0,-469354.0,0.033,6.72
25183.0,-83.0,-469187.0,-0.033,6.72
25188.0,-68.0,-468823.0,0.05,6.48
25193.0,200.0,-469142.0,0.125,6.48
25198.0,-7.0,-469015.0,0.033,6.23
25204.0,95.0,-469045.0,-0.025,6.23
25209.0,77.0,-469122.0,0.042,6.23
25213.0,-262.0,-469059.0,0.025,6.23
25220.0,28.0,-469279.0,0.0,6.48
25225.0,42.0,-469396.0,0.117,6.23
25229.0,55.0,-469085.0,0.033,6.23
25234.0,51.0,-468740.0,0.075,6.72
25239.0,338.0,-468919.0,0.125,6.96
25245.0,72.0,-469085.0,0.008,6.48
25250.0,156.0,-468694.0,0.025,6.48
25254.0,161.0,-469073.0,0.0,6.23
25261.0,-87.0,-468777.0,0.025,6.23
25266.0,61.0,-469090.0,0.083,6.23
25270.0,364.0,-468691.0,0.025,6.23
25276.0,76.0,-468223.0,0.025,6.23
25281.0,10.0,-468180.0,0.058,6.23
25286.0,107.0,-468477.0,-0.025,6.48
25291.0,57.0,-468405.0,-0.017,6.23
25296.0,51.0,-468670.0,0.042,6.48
25302.0,-50.0,-468871.0,-0.008,6.23
25307.0,380.0,-468265.0,0.0,6.23
25312.0,-308.0,-468548.0,0.075,6.23
25317.0,-487.0,-468024.0,0.075,6.48
25323.0,-27.0,-468074.0,0.067,6.23
25328.0,95.0,-467995.0,0.083,6.23
25333.0,178.0,-468280.0,0.075,6.23
25338.0,182.0,-468200.0,0.042,6.48
25344.0,134.0,-468185.0,0.05,5.25
25349.0,251.0,-468180.0,-0.1,6.23
25354.0,333.0,-468140.0,0.05,6.72
25359.0,-11.0,-468113.0,-0.025,6.23
25364.0,224.0,-467922.0,-0.092,6.72
25370.0,168.0,-468196.0,0.058,6.23
25375.0,-98.0,-468071.0,0.05,6.48
25379.0,185.0,-467904.0,0.025,6.96
25385.0,-111.0,-467652.0,-0.008,6.48
25391.0,239.0,-467755.0,0.0,6.72
25396.0,52.0,-467946.0,0.058,6.72
25401.0,560.0,-467583.0,-0.008,6.23
25405.0,183.0,-467656.0,-0.017,6.96
25410.0,-84.0,-467796.0,-0.033,6.72
25415.0,-58.0,-467867.0,0.1,6.23
25420.0,139.0,-467799.0,0.017,6.23
25426.0,193.0,-467927.0,0.042,6.96
25432.0,-91.0,-467594.0,0.117,6.23
25437.0,140.0,-467333.0,-0.025,6.48
25442.0,402.0,-467681.0,0.008,6.96
25447.0,-28.0,-467580.0,0.075,6.23
25452.0,345.0,-467143.0,0.008,6.72
25457.0,193.0,-467205.0,0.0,6.23
25462.0,-11.0,-467020.0,0.042,6.48
25467.0,304.0,-467381.0,0.125,6.23
25474.0,152.0,-467297.0,0.008,5.99
25479.0,50.0,-467290.0,-0.05,6.23
25483.0,-25.0,-466945.0,-0.017,6.23
25489.0,443.0,-467515.0,0.017,6.96
25494.0,115.0,-467358.0,0.008,6.72
25499.0,-24.0,-467149.0,0.008,6.23
25504.0,-118.0,-467414.0,0.017,6.23
25509.0,454.0,-467235.0,0.033,6.48
25515.0,63.0,-466765.0,0.017,6.23
25520.0,67.0,-466852.0,0.058,6.23
25525.0,371.0,-467025.0,0.033,7.45
25530.0,344.0,-466985.0,-0.05,6.23
25535.0,116.0,-466772.0,0.125,6.48
25540.0,188.0,-466699.0,0.067,6.72
25545.0,441.0,-466665.0,-0.025,6.23
25550.0,143.0,-466712.0,0.008,6.23
25555.0,-189.0,-467125.0,0.067,6.72
25562.0,-74.0,-466729.0,-0.042,6.23
25567.0,276.0,-466430.0,0.033,6.23
25572.0,304.0,-466875.0,0.108,6.96
25577.0,-35.0,-466703.0,-0.008,6.48
25582.0,63.0,-466792.0,0.025,6.96
25587.0,121.0,-466697.0,-0.033,6.23
25592.0,42.0,-466633.0,0.067,6.23
25597.0,-226.0,-466528.0,0.017,6.72
25603.0,-91.0,-466209.0,0.008,6.23
25607.0,314.0,-466558.0,-0.075,6.23
25612.0,-30.0,-465977.0,-0.025,6.72
25617.0,69.0,-466473.0,0.0,6.23
25622.0,317.0,-466492.0,-0.025,6.48
25627.0,240.0,-466369.0,-0.008,8.43
25632.0,219.0,-466294.0,0.108,6.23
25637.0,-135.0,-466229.0,0.008,6.96
25643.0,-232.0,-466031.0,0.008,6.96
25648.0,-108.0,-465986.0,-0.025,6.23
25653.0,-14.0,-465873.0,0.05,6.23
25658.0,269.0,-465845.0,0.067,6.23
25663.0,157.0,-465860.0,0.0,6.23
25668.0,532.0,-465961.0,-0.033,6.23
25673.0,443.0,-466002.0,-0.033,6.48
25678.0,-1.0,-466441.0,0.033,6.72
25683.0,196.0,-466043.0,-0.025,6.23
25689.0,90.0,-466122.0,0.025,6.23
25693.0,433.0,-465995.0,0.033,6.23
25698.0,330.0,-465926.0,0.017,6.23
25703.0,274.0,-466041.0,0.0,6.72
25708.0,-19.0,-465727.0,0.05,6.23
25713.0,125.0,-465920.0,-0.025,6.23
25718.0,255.0,-465735.0,0.075,6.23
25723.0,270.0,-465765.0,-0.033,6.23
25729.0,-200.0,-465450.0,-0.133,6.48
25735.0,252.0,-465363.0,-0.008,6.23
25740.0,329.0,-465477.0,0.017,6.96
25745.0,237.0,-465598.0,-0.042,6.23
25750.0,31.0,-465805.0,0.0,6.48
25754.0,262.0,-465732.0,0.1,6.23
25759.0,280.0,-465823.0,0.0,6.23
25765.0,-57.0,-465555.0,0.05,6.23
25771.0,237.0,-465504.0,0.033,6.96
25776.0,-171.0,-465431.0,0.008,6.72
25781.0,-78.0,-465181.0,0.008,6.96
25786.0,114.0,-465264.0,-0.042,6.23
25791.0,-268.0,-465231.0,-0.017,6.23
25796.0,17.0,-465043.0,0.092,6.23
25801.0,307.0,-464966.0,-0.1,6.23
25806.0,25.0,-465143.0,-0.042,6.23
25811.0,318.0,-464999.0,0.05,6.72
25817.0,152.0,-464844.0,0.025,6.23
25822.0,-46.0,-465239.0,0.008,6.48
25827.0,153.0,-464721.0,0.017,6.48
25833.0,199.0,-464936.0,0.042,6.23
25838.0,-19.0,-464673.0,0.025,6.23
25843.0,-110.0,-464809.0,-0.033,6.48
25848.0,156.0,-464888.0,0.025,6.96
25853.0,198.0,-465075.0,0.042,6.23
25859.0,367.0,-464619.0,0.0,6.23
25864.0,455.0,-464500.0,0.017,6.23
25869.0,229.0,-464633.0,-0.058,6.72
25874.0,146.0,-464541.0,0.042,6.23
25879.0,-68.0,-464538.0,-0.017,6.23
25885.0,338.0,-464588.0,0.008,6.23
25890.0,85.0,-464830.0,0.042,6.23
25895.0,-98.0,-464567.0,-0.025,6.72
25901.0,-22.0,-464199.0,0.025,6.23
25906.0,229.0,-464119.0,0.083,6.23
25911.0,116.0,-464426.0,0.142,6.23
25916.0,-274.0,-464426.0,0.058,6.23
25921.0,267.0,-464088.0,0.033,6.48
25926.0,118.0,-464135.0,0.017,6.23
25932.0,40.0,-463805.0,0.067,6.23
25937.0,87.0,-464343.0,-0.008,6.96
25942.0,8.0,-463988.0,0.092,6.23
25947.0,271.0,-464102.0,0.008,6.23
25952.0,512.0,-463867.0,0.025,6.23
25957.0,-14.0,-464128.0,0.017,6.96
25962.0,-121.0,-463916.0,0.025,6.23
25967.0,330.0,-463959.0,0.042,6.23
25972.0,-112.0,-464177.0,0.0,6.23
25977.0,57.0,-463549.0,0.133,6.96
25982.0,151.0,-463728.0,0.0,6.72
25989.0,73.0,-463928.0,-0.025,6.23
25994.0,166.0,-463480.0,0.025,6.72
25998.0,97.0,-463495.0,-0.042,6.23
26004.0,55.0,-463609.0,0.067,6.23
26009.0,546.0,-463645.0,0.0,6.23
26014.0,23.0,-463792.0,0.033,6.23
26019.0,307.0,-464084.0,0.05,6.23
26024.0,18.0,-463684.0,0.05,6.23
26030.0,235.0,-463695.0,-0.033,6.72
26035.0,117.0,-463567.0,-0.008,6.48
26040.0,248.0,-463279.0,0.058,6.48
26045.0,55.0,-463170.0,-0.042,6.48
26051.0,41.0,-463214.0,0.058,6.23
26055.0,68.0,-463257.0,0.033,6.96
26060.0,-108.0,-463512.0,0.017,6.96
26065.0,-83.0,-463436.0,0.0,6.23
26071.0,292.0,-463031.0,0.067,6.23
26076.0,376.0,-463139.0,0.025,6.23
26081.0,263.0,-463161.0,-0.067,6.23
26086.0,32.0,-463208.0,-0.042,6.72
26092.0,16.0,-463174.0,0.025,6.23
26097.0,237.0,-462566.0,0.008,6.23
26101.0,118.0,-462947.0,0.0,6.23
26107.0,-210.0,-462835.0,0.075,6.96
26113.0,-17.0,-462765.0,0.017,6.48
26118.0,-100.0,-463216.0,-0.033,6.23
26123.0,-70.0,-462848.0,-0.017,6.48
26128.0,-17.0,-462800.0,0.042,6.23
26133.0,-12.0,-463009.0,-0.017,6.72
26138.0,140.0,-463035.0,-0.033,6.23
26143.0,165.0,-463014.0,0.0,6.23
26148.0,-15.0,-462829.0,-0.008,6.23
26153.0,173.0,-462773.0,0.0,6.23
26159.0,270.0,-462884.0,-0.008,6.96
26164.0,370.0,-462791.0,0.0,6.48
26169.0,305.0,-462485.0,0.0,6.72
26174.0,554.0,-462620.0,0.0,6.48
26179.0,92.0,-462194.0,0.0,6.23
26184.0,151.0,-462488.0,-0.033,6.23
26189.0,744.0,-462357.0,0.025,6.23
26194.0,146.0,-462729.0,0.017,4.28
26201.0,-117.0,-462533.0,0.117,6.96
26205.0,304.0,-462454.0,-0.042,6.48
26211.0,68.0,-462726.0,0.008,6.23
26216.0,371.0,-462098.0,0.0,7.21
26220.0,104.0,-462399.0,0.042,6.23
26226.0,22.0,-462181.0,0.067,6.72
26231.0,-51.0,-462066.0,-0.033,6.48
26236.0,-379.0,-462363.0,-0.017,6.23
26242.0,-37.0,-462141.0,0.05,6.23
26247.0,-28.0,-462002.0,0.025,6.23
26252.0,-128.0,-462033.0,-0.008,6.23
26257.0,138.0,-462149.0,-0.042,6.23
26262.0,223.0,-462280.0,-0.075,6.48
26267.0,-41.0,-461681.0,-0.008,6.96
26273.0,15.0,-461847.0,0.0,6.23
26277.0,-70.0,-461926.0,0.025,6.23
26283.0,98.0,-461793.0,0.017,6.48
26288.0,193.0,-461891.0,0.058,6.23
26293.0,-48.0,-462140.0,-0.017,6.72
26298.0,116.0,-461766.0,0.058,6.23
26303.0,297.0,-461759.0,-0.033,6.72
26308.0,340.0,-461572.0,-0.033,6.23
26313.0,192.0,-461356.0,0.025,6.23
26318.0,427.0,-461921.0,0.0,6.48
26323.0,-17.0,-462052.0,0.033,6.72
26328.0,14.0,-461489.0,0.067,6.23
26333.0,-225.0,-461658.0,-0.033,6.23
26339.0,573.0,-461680.0,0.042,6.23
26343.0,532.0,-461363.0,0.05,4.03
26348.0,-90.0,-461134.0,0.075,6.23
26354.0,288.0,-461548.0,0.05,6.48
26359.0,285.0,-461233.0,0.108,6.96
26364.0,129.0,-461003.0,-0.025,6.96
26371.0,49.0,-461055.0,-0.008,6.48
26375.0,-116.0,-461314.0,-0.017,6.96
26380.0,294.0,-460889.0,0.042,6.23
26386.0,288.0,-461021.0,-0.075,6.23
26390.0,315.0,-461420.0,0.033,5.99
26396.0,163.0,-461231.0,0.008,6.72
26401.0,-67.0,-460709.0,0.0,6.72
26406.0,-66.0,-461230.0,0.083,6.23
26412.0,98.0,-460731.0,0.067,6.23
26417.0,58.0,-460595.0,-0.017,6.23
26422.0,3.0,-460800.0,-0.017,6.96
26427.0,243.0,-460842.0,-0.025,6.48
26433.0,143.0,-461056.0,0.017,6.48
26437.0,112.0,-460937.0,0.05,6.72
26442.0,-72.0,-460854.0,0.108,6.72
26448.0,82.0,-460880.0,0.025,6.23
26452.0,213.0,-460801.0,0.058,6.96
26459.0,377.0,-460538.0,0.042,6.96
26464.0,183.0,-460688.0,0.033,6.23
26469.0,164.0,-460867.0,0.008,6.48
26474.0,112.0,-460636.0,0.033,6.23
26479.0,-210.0,-461086.0,0.075,6.23
26484.0,-113.0,-460735.0,0.05,6.23
26489.0,85.0,-460452.0,0.042,6.48
26496.0,63.0,-460260.0,0.058,6.48
26500.0,10.0,-460371.0,0.033,6.96
26506.0,150.0,-460573.0,-0.025,6.23
26511.0,356.0,-460443.0,-0.008,6.23
26517.0,92.0,-460379.0,0.1,6.23
26521.0,451.0,-460410.0,0.108,6.72
26527.0,151.0,-460256.0,0.0,6.23
26532.0,13.0,-460338.0,0.042,6.23
26537.0,-186.0,-460301.0,0.042,6.72
26543.0,134.0,-460206.0,-0.017,6.48
26549.0,130.0,-459750.0,0.025,6.23
26553.0,55.0,-459767.0,-0.092,6.48
26559.0,217.0,-459961.0,0.008,6.72
26564.0,-125.0,-459797.0,0.008,6.72
26570.0,-41.0,-459389.0,0.0,6.23
26574.0,198.0,-459890.0,0.025,6.23
26580.0,234.0,-459768.0,0.05,6.72
26586.0,188.0,-459742.0,0.017,6.23
26591.0,315.0,-459653.0,-0.025,4.03
26596.0,-28.0,-459674.0,0.017,6.23
26601.0,222.0,-459768.0,0.033,6.23
26606.0,139.0,-459939.0,-0.008,6.23
26611.0,7.0,-459595.0,-0.008,6.48
26617.0,455.0,-459463.0,0.042,6.96
26622.0,280.0,-459376.0,0.0,6.48
26628.0,2.0,-459376.0,-0.025,6.48
26633.0,28.0,-459214.0,-0.017,6.23
26639.0,-30.0,-459454.0,0.0,6.72
26644.0,35.0,-459305.0,0.017,6.23
26649.0,293.0,-459549.0,0.05,6.23
26655.0,121.0,-459355.0,0.117,6.48
26659.0,282.0,-459064.0,-0.017,6.23
26664.0,235.0,-459128.0,-0.008,6.48
26671.0,-275.0,-459200.0,0.008,6.23
26676.0,-64.0,-459071.0,0.117,6.23
26681.0,322.0,-459299.0,-0.025,6.72
26687.0,42.0,-458985.0,0.05,6.23
26692.0,260.0,-459131.0,0.083,6.23
26697.0,209.0,-459106.0,-0.025,6.72
26702.0,275.0,-459102.0,-0.033,5.99
26708.0,59.0,-459052.0,0.033,6.72
26714.0,455.0,-458969.0,0.042,6.23
26719.0,410.0,-459062.0,-0.05,6.23
26724.0,156.0,-458774.0,-0.042,6.23
26729.0,380.0,-458805.0,0.058,6.48
26734.0,377.0,-458672.0,0.133,9.65
26739.0,147.0,-458972.0,0.025,6.23
26744.0,161.0,-458793.0,0.05,6.23
26749.0,42.0,-458866.0,0.067,6.48
26756.0,12.0,-458552.0,0.017,6.23
26761.0,18.0,-458697.0,0.017,6.72
26765.0,-73.0,-458360.0,-0.033,6.96
26771.0,137.0,-458402.0,-0.008,7.45
26775.0,278.0,-458423.0,0.058,6.23
26780.0,405.0,-458391.0,-0.025,6.48
26786.0,285.0,-458605.0,0.017,6.23
26791.0,61.0,-458444.0,-0.008,6.23
26797.0,-52.0,-458083.0,0.1,6.72
26802.0,54.0,-458399.0,0.058,6.23
26807.0,185.0,-458374.0,-0.025,6.72
26812.0,244.0,-458162.0,0.083,6.23
26817.0,64.0,-458402.0,-0.017,6.72
26822.0,85.0,-458295.0,0.142,6.23
26828.0,19.0,-458229.0,0.042,6.48
26833.0,131.0,-457803.0,-0.017,6.23
26839.0,187.0,-457722.0,0.133,6.96
26844.0,350.0,-457989.0,0.025,6.72
26849.0,-24.0,-458115.0,0.058,6.96
26854.0,130.0,-458274.0,0.0,6.72
26859.0,5.0,-457821.0,-0.017,6.23
26864.0,27.0,-457721.0,0.158,6.48
26869.0,-62.0,-457960.0,0.008,6.48
26874.0,103.0,-457790.0,-0.075,6.23
26880.0,153.0,-457491.0,0.033,6.23
26885.0,224.0,-457582.0,-0.033,6.23
26890.0,474.0,-457046.0,0.075,6.72
26895.0,324.0,-457333.0,0.092,6.72
26900.0,351.0,-457662.0,-0.05,6.96
26906.0,-17.0,-457258.0,0.042,6.96
26911.0,131.0,-457473.0,0.0,6.23
26915.0,104.0,-457374.0,0.008,6.72
26921.0,196.0,-457416.0,0.042,6.23
26927.0,-62.0,-457299.0,0.05,4.52
26931.0,-23.0,-457574.0,0.092,6.23
26937.0,205.0,-457804.0,0.075,5.99
26942.0,83.0,-457735.0,0.05,6.72
26947.0,-158.0,-457562.0,0.133,6.23
26952.0,358.0,-457692.0,0.042,6.23
26957.0,-176.0,-457989.0,0.025,6.23
26962.0,-71.0,-457420.0,-0.017,6.23
26968.0,569.0,-457658.0,0.108,6.23
26974.0,55.0,-457421.0,-0.108,6.23
26978.0,124.0,-457086.0,0.092,6.48
26984.0,214.0,-456912.0,-0.025,6.72
26989.0,20.0,-456911.0,0.058,6.72
26993.0,-243.0,-457296.0,-0.008,6.96
26999.0,257.0,-456694.0,0.067,6.23
27004.0,389.0,-456727.0,-0.033,6.23
27010.0,454.0,-456450.0,-0.033,6.48
27015.0,422.0,-456484.0,0.0,6.72
27020.0,284.0,-456541.0,-0.158,6.23
27025.0,145.0,-456718.0,0.017,6.23
27031.0,15.0,-456406.0,0.033,6.23
27036.0,361.0,-456741.0,0.025,7.21
27040.0,-28.0,-456788.0,-0.008,6.72
27046.0,-330.0,-456878.0,0.05,6.23
27052.0,-36.0,-456837.0,-0.008,6.96
27057.0,205.0,-456871.0,0.058,6.23
27062.0,11.0,-456943.0,0.067,7.7
27067.0,155.0,-456972.0,0.075,6.48
27072.0,170.0,-456849.0,-0.083,6.48
27078.0,-100.0,-456677.0,0.0,6.23
27083.0,-30.0,-456872.0,-0.067,6.23
27087.0,315.0,-457045.0,-0.067,6.96
27094.0,349.0,-456541.0,0.092,6.48
27099.0,91.0,-456312.0,0.017,6.23
27104.0,-140.0,-456137.0,0.108,6.72
27109.0,376.0,-455971.0,0.0,6.48
27114.0,174.0,-456212.0,0.033,7.21
27119.0,219.0,-456115.0,-0.025,6.23
27124.0,113.0,-456031.0,0.058,6.23
27129.0,139.0,-455920.0,0.0,6.96
27134.0,42.0,-456023.0,0.05,6.23
27141.0,124.0,-455725.0,0.017,6.23
27146.0,526.0,-455766.0,0.042,6.23
27150.0,685.0,-455961.0,0.0,6.96
27156.0,143.0,-456359.0,0.067,6.23
27161.0,399.0,-456066.0,0.042,6.23
27166.0,188.0,-455912.0,-0.017,6.48
27172.0,192.0,-455604.0,0.092,6.23
27177.0,222.0,-455651.0,0.0,6.72
27182.0,175.0,-456132.0,0.017,6.72
27188.0,59.0,-455894.0,-0.025,6.23
27193.0,-111.0,-455951.0,0.108,6.23
27198.0,-102.0,-455632.0,0.067,6.23
27203.0,88.0,-455916.0,0.025,6.72
27208.0,-88.0,-455743.0,0.025,6.48
27213.0,289.0,-455508.0,0.0,6.72
27218.0,-287.0,-455624.0,0.033,6.23
27224.0,161.0,-455329.0,-0.033,6.72
27229.0,196.0,-455302.0,-0.067,6.96
27235.0,-266.0,-455112.0,0.058,6.23
27240.0,166.0,-455431.0,0.075,6.48
27244.0,129.0,-455372.0,0.042,6.23
27250.0,-133.0,-455384.0,0.0,6.23
27255.0,-51.0,-455245.0,0.075,6.23
27259.0,-188.0,-455426.0,-0.017,5.99
27266.0,-38.0,-455344.0,0.075,6.72
27271.0,84.0,-455497.0,0.025,6.96
27276.0,125.0,-455314.0,-0.058,6.23
27281.0,81.0,-455197.0,-0.042,6.23
27286.0,145.0,-455522.0,0.017,6.23
27291.0,188.0,-455296.0,-0.092,6.48
27296.0,242.0,-455263.0,-0.017,6.23
27301.0,172.0,-455170.0,-0.008,6.48
27307.0,27.0,-455024.0,0.133,6.23
27312.0,103.0,-455099.0,0.0,6.23
27317.0,613.0,-455138.0,-0.058,6.48
27322.0,328.0,-455086.0,0.033,6.23
27327.0,24.0,-454813.0,0.067,6.23
27333.0,126.0,-454880.0,0.0,6.23
27338.0,279.0,-454626.0,0.008,6.23
27343.0,405.0,-454771.0,-0.025,6.96
27348.0,-59.0,-454872.0,0.0,6.23
27354.0,108.0,-454518.0,0.075,6.96
27359.0,94.0,-454819.0,0.067,6.72
27363.0,65.0,-454756.0,-0.05,6.48
27369.0,69.0,-454684.0,0.1,6.23
27374.0,193.0,-454749.0,0.1,6.23
27379.0,-244.0,-454748.0,0.083,6.48
27384.0,-66.0,-454616.0,0.008,6.23
27389.0,170.0,-454543.0,0.05,6.96
27395.0,3.0,-454371.0,0.008,6.23
27400.0,142.0,-454610.0,-0.008,6.48
27405.0,-192.0,-454477.0,0.008,6.48
27410.0,89.0,-454085.0,-0.058,6.23
27415.0,-31.0,-453980.0,0.042,6.23
27420.0,37.0,-454239.0,-0.008,6.72
27425.0,14.0,-454345.0,0.033,6.96
27430.0,60.0,-454312.0,0.0,6.96
27436.0,76.0,-454077.0,0.008,6.23
27441.0,-143.0,-453677.0,0.042,6.23
27446.0,429.0,-453964.0,0.033,6.48
27451.0,422.0,-454265.0,0.05,6.72
27456.0,35.0,-454204.0,0.067,6.23
27461.0,211.0,-453663.0,0.025,6.23
27466.0,112.0,-453629.0,0.033,6.23
27471.0,-116.0,-453626.0,-0.058,6.72
27476.0,-60.0,-453689.0,0.092,6.96
27482.0,33.0,-453763.0,-0.008,6.23
27487.0,167.0,-453900.0,0.05,6.23
27492.0,216.0,-453786.0,0.008,6.72
27497.0,-87.0,-453567.0,0.05,6.72
27502.0,-165.0,-453674.0,0.008,6.23
27507.0,172.0,-453898.0,0.058,6.23
27512.0,-115.0,-453545.0,0.1,6.23
27517.0,-359.0,-453596.0,0.025,6.23
27522.0,-84.0,-453441.0,-0.008,6.23
27527.0,58.0,-453870.0,0.042,6.72
27532.0,217.0,-453740.0,0.033,6.48
27537.0,-82.0,-453711.0,-0.008,6.23
27543.0,-34.0,-453487.0,0.0,6.23
27548.0,171.0,-453465.0,-0.042,6.72
27553.0,-95.0,-453516.0,0.025,6.23
27558.0,325.0,-453495.0,0.108,6.48
27564.0,288.0,-453367.0,0.05,6.48
27569.0,254.0,-453420.0,-0.008,6.23
27574.0,240.0,-453053.0,0.017,6.23
27579.0,213.0,-453049.0,0.058,6.23
27584.0,235.0,-453082.0,0.058,6.23
27589.0,227.0,-452653.0,0.075,6.23
27594.0,440.0,-452833.0,0.042,6.72
27600.0,54.0,-452792.0,0.017,6.23
27606.0,-72.0,-452999.0,0.092,6.72
27611.0,-221.0,-453019.0,-0.008,6.23
27616.0,351.0,-453168.0,0.108,6.23
27621.0,465.0,-453157.0,0.042,6.23
27626.0,4.0,-452831.0,-0.017,6.23
27631.0,302.0,-452674.0,0.108,6.96
27636.0,56.0,-452803.0,-0.083,6.48
27641.0,295.0,-452712.0,-0.033,6.23
27646.0,85.0,-453071.0,0.05,6.48
27652.0,160.0,-452705.0,-0.017,6.23
27656.0,257.0,-452798.0,0.067,7.7
27662.0,-11.0,-452863.0,0.042,6.48
27667.0,-30.0,-452937.0,0.067,6.23
27672.0,250.0,-452912.0,0.108,6.96
27677.0,-26.0,-452480.0,-0.017,6.23
27682.0,95.0,-452542.0,0.025,6.48
27687.0,168.0,-452449.0,0.017,6.23
27693.0,70.0,-452119.0,0.017,6.23
27698.0,219.0,-452323.0,0.008,6.23
27703.0,166.0,-452428.0,-0.008,6.23
27709.0,-100.0,-452356.0,-0.008,6.72
27714.0,161.0,-452264.0,0.058,6.23
27718.0,84.0,-452543.0,-0.033,6.23
27724.0,238.0,-452235.0,-0.017,6.72
27729.0,5.0,-452381.0,0.058,6.48
27735.0,60.0,-452186.0,0.05,6.23
27740.0,138.0,-452158.0,0.05,6.23
27745.0,-289.0,-452380.0,-0.017,6.23
27750.0,200.0,-452603.0,0.05,6.23
27755.0,196.0,-452321.0,0.025,6.23
27760.0,-103.0,-452281.0,0.025,6.48
27765.0,-46.0,-452294.0,0.0,6.23
27770.0,317.0,-451808.0,0.125,6.23
27776.0,-206.0,-451879.0,0.15,6.23
27781.0,-156.0,-451914.0,0.1,6.23
27786.0,143.0,-451782.0,0.058,6.23
27791.0,90.0,-451839.0,-0.042,6.23
27796.0,6.0,-451809.0,-0.067,6.23
27801.0,-53.0,-451738.0,0.142,6.23
27806.0,329.0,-451839.0,-0.058,6.96
27811.0,250.0,-451711.0,-0.017,6.48
27815.0,263.0,-451654.0,0.008,6.48
27822.0,-71.0,-451388.0,0.092,6.23
27827.0,2.0,-451232.0,0.058,6.48
27832.0,-63.0,-451449.0,0.008,6.23
27837.0,-201.0,-451437.0,-0.05,6.96
27842.0,106.0,-451251.0,0.167,6.23
27847.0,119.0,-451422.0,0.108,6.48
27852.0,-213.0,-451724.0,0.008,4.28
27857.0,-104.0,-451400.0,-0.042,6.23
27863.0,295.0,-451557.0,0.033,6.96
27869.0,31.0,-451127.0,0.092,6.23
27874.0,86.0,-451087.0,0.05,6.48
27878.0,609.0,-451214.0,-0.083,6.23
27884.0,117.0,-451564.0,0.008,6.23
27889.0,198.0,-451334.0,0.042,6.23
27894.0,-117.0,-451147.0,0.058,6.72
27899.0,185.0,-451125.0,0.017,6.48
27905.0,534.0,-451057.0,0.042,6.23
27910.0,-145.0,-451140.0,0.05,6.48
27915.0,-19.0,-450938.0,-0.025,6.23
27920.0,396.0,-450682.0,0.075,6.48
27925.0,309.0,-451019.0,0.025,6.72
27931.0,179.0,-450781.0,0.067,6.23
27935.0,420.0,-450872.0,0.042,6.48
27940.0,-96.0,-450459.0,0.008,6.72
27947.0,-12.0,-450431.0,0.008,6.48
27951.0,129.0,-450552.0,0.025,6.72
27957.0,21.0,-450625.0,-0.017,6.48
27962.0,143.0,-450745.0,0.1,6.23
27967.0,98.0,-450646.0,0.108,6.23
27972.0,134.0,-450805.0,0.058,6.72
27977.0,272.0,-450617.0,-0.017,6.23
27982.0,319.0,-450508.0,-0.042,6.72
27987.0,327.0,-450657.0,0.075,6.23
27994.0,-97.0,-450515.0,-0.025,6.72
27998.0,-104.0,-450612.0,-0.008,6.72
28003.0,380.0,-450759.0,0.05,6.23
28009.0,-98.0,-450791.0,0.008,6.23
28013.0,-97.0,-450910.0,0.017,6.48
28018.0,177.0,-450323.0,0.083,6.23
28024.0,175.0,-450359.0,0.075,6.72
28029.0,280.0,-450310.0,0.017,5.99
28035.0,294.0,-450341.0,-0.008,6.72
28040.0,124.0,-450265.0,0.033,6.23
28045.0,21.0,-450208.0,0.117,6.96
28050.0,195.0,-450233.0,-0.025,6.23
28055.0,-125.0,-450217.0,0.058,6.23
28060.0,-76.0,-449932.0,0.008,5.99
28065.0,200.0,-449967.0,-0.008,6.48
28071.0,306.0,-449981.0,0.05,6.23
28076.0,267.0,-450080.0,0.008,5.74
28081.0,-29.0,-450023.0,0.0,6.72
28086.0,-22.0,-450222.0,-0.025,6.23
28091.0,229.0,-449813.0,0.083,6.23
28096.0,-25.0,-450117.0,0.008,6.72
28101.0,230.0,-449832.0,0.033,6.23
28106.0,230.0,-449466.0,0.008,6.23
28112.0,-298.0,-449740.0,-0.017,6.72
28116.0,-169.0,-449857.0,0.0,6.23
28123.0,475.0,-449830.0,0.017,6.23
28128.0,311.0,-449912.0,0.05,6.72
28133.0,198.0,-449743.0,0.017,5.99
28138.0,102.0,-449518.0,-0.033,6.23
28143.0,266.0,-449690.0,0.067,6.96
28148.0,319.0,-449821.0,0.05,6.48
28153.0,-21.0,-449282.0,0.1,6.23
28160.0,-45.0,-449662.0,-0.075,6.23
28164.0,-82.0,-449305.0,0.017,6.23
28169.0,192.0,-449332.0,-0.042,6.23
28175.0,166.0,-449348.0,0.017,6.23
28179.0,121.0,-449357.0,0.1,6.96
28184.0,253.0,-449522.0,0.067,6.48
28190.0,81.0,-449582.0,0.0,6.23
28195.0,134.0,-449511.0,0.092,6.72
28200.0,270.0,-449367.0,-0.017,6.96
28207.0,6.0,-449175.0,0.092,6.96
28211.0,-331.0,-449388.0,0.092,6.96
28216.0,302.0,-449071.0,0.008,6.72
28221.0,-204.0,-449097.0,-0.033,6.96
28226.0,-335.0,-449004.0,0.208,6.23
28232.0,-131.0,-448688.0,-0.05,6.96
28237.0,-89.0,-448734.0,0.042,6.72
28242.0,14.0,-448909.0,0.058,6.72
28247.0,-79.0,-449008.0,-0.042,6.23
28253.0,91.0,-448874.0,0.1,6.23
28257.0,160.0,-448869.0,0.033,6.23
28263.0,-78.0,-448503.0,0.042,6.23
28268.0,-206.0,-448663.0,-0.017,6.23
28273.0,135.0,-448594.0,0.033,6.23
28279.0,63.0,-448308.0,0.133,6.72
28284.0,271.0,-448656.0,0.067,6.23
28291.0,235.0,-448458.0,-0.05,6.23
28295.0,22.0,-448545.0,0.075,6.23
28301.0,216.0,-448481.0,0.05,6.72
28306.0,190.0,-448489.0,0.025,6.48
28312.0,324.0,-448309.0,0.058,6.23
28317.0,245.0,-448546.0,0.042,6.23
28322.0,97.0,-448428.0,0.017,5.99
28328.0,-79.0,-448134.0,0.083,6.23
28333.0,58.0,-448385.0,-0.025,5.99
28339.0,-214.0,-448183.0,-0.017,6.23
28344.0,110.0,-448339.0,-0.025,6.48
28350.0,18.0,-448455.0,0.025,6.23
28354.0,127.0,-448486.0,-0.083,6.72
28360.0,-75.0,-448388.0,0.075,6.48
28365.0,195.0,-448208.0,0.042,6.48
28371.0,477.0,-448036.0,0.05,6.23
28377.0,424.0,-448085.0,0.1,8.43
28382.0,218.0,-447853.0,0.0,6.23
28388.0,-32.0,-447825.0,0.042,6.72
28392.0,-61.0,-447848.0,-0.025,6.72
28397.0,12.0,-448058.0,0.017,6.96
28403.0,-78.0,-447746.0,0.042,6.23
28407.0,173.0,-447581.0,0.008,6.23
28413.0,355.0,-447497.0,0.108,6.48
28419.0,95.0,-447787.0,0.0,6.23
28424.0,143.0,-447926.0,-0.008,6.23
28429.0,172.0,-447463.0,0.008,6.48
28435.0,-70.0,-447775.0,0.0,6.48
28440.0,138.0,-447610.0,0.008,6.23
28444.0,117.0,-447653.0,0.05,6.72
28450.0,101.0,-447633.0,0.017,6.23
28455.0,269.0,-447528.0,0.092,6.23
28461.0,38.0,-447595.0,0.033,6.23
28466.0,208.0,-447519.0,0.058,6.48
28471.0,143.0,-447530.0,-0.033,6.48
28476.0,48.0,-447412.0,0.067,6.48
28481.0,-34.0,-447188.0,0.117,6.23
28486.0,187.0,-447079.0,-0.025,6.48
28491.0,302.0,-447211.0,-0.025,6.96
28497.0,266.0,-447005.0,0.058,6.48
28502.0,151.0,-447132.0,0.117,6.23
28507.0,-136.0,-447444.0,0.017,6.23
28513.0,-154.0,-446994.0,-0.033,7.21
28517.0,297.0,-447021.0,0.092,6.23
28523.0,-64.0,-447489.0,0.033,6.23
28528.0,36.0,-447073.0,0.008,6.23
28533.0,55.0,-446960.0,0.092,6.23
28538.0,191.0,-447248.0,-0.042,6.48
28545.0,-15.0,-446798.0,-0.042,6.72
28550.0,-49.0,-446953.0,0.067,6.23
28554.0,52.0,-446718.0,-0.117,6.72
28560.0,22.0,-446684.0,0.0,6.23
28565.0,438.0,-446887.0,0.042,6.23
28570.0,671.0,-446744.0,-0.017,5.99
28575.0,337.0,-446880.0,0.058,6.23
28580.0,227.0,-446685.0,0.025,6.23
28585.0,-4.0,-446658.0,0.05,5.99
28591.0,-342.0,-447022.0,0.067,6.23
28596.0,572.0,-446877.0,0.067,6.48
28601.0,241.0,-446672.0,0.042,6.96
28607.0,219.0,-446278.0,0.05,6.23
28612.0,-1.0,-446477.0,0.042,6.48
28616.0,414.0,-446482.0,0.233,6.72
28622.0,122.0,-446458.0,0.025,6.48
28627.0,352.0,-446235.0,-0.033,6.23
28633.0,265.0,-446402.0,0.05,6.23
28638.0,443.0,-446464.0,0.108,6.72
28643.0,-189.0,-446697.0,-0.008,6.23
28648.0,362.0,-446266.0,0.067,6.96
28653.0,438.0,-446410.0,0.008,6.23
28658.0,76.0,-446433.0,0.058,6.23
28664.0,249.0,-446065.0,0.05,6.23
28669.0,209.0,-446657.0,0.017,6.23
28675.0,147.0,-446484.0,0.0,6.23
28680.0,208.0,-446129.0,0.058,7.94
28685.0,620.0,-446429.0,0.033,6.23
28690.0,84.0,-446214.0,-0.008,6.23
28695.0,-31.0,-445999.0,0.125,6.23
28700.0,209.0,-446097.0,0.0,6.72
28706.0,261.0,-445944.0,0.083,6.23
28710.0,332.0,-445901.0,0.0,6.48
28717.0,178.0,-445759.0,-0.042,6.48
28722.0,166.0,-445938.0,-0.025,6.48
28726.0,385.0,-445577.0,-0.117,6.23
28732.0,73.0,-445913.0,-0.033,6.23
28737.0,195.0,-445828.0,0.05,6.72
28742.0,246.0,-445451.0,0.042,6.23
28747.0,374.0,-445413.0,0.067,6.48
28752.0,302.0,-445576.0,0.033,6.48
28758.0,457.0,-445555.0,0.042,6.23
28764.0,159.0,-445691.0,-0.008,6.72
28769.0,389.0,-445772.0,-0.025,6.72
28773.0,262.0,-445393.0,0.058,6.23
28779.0,58.0,-445259.0,-0.008,6.23
28784.0,494.0,-445258.0,-0.033,6.48
28789.0,169.0,-445493.0,0.0,6.48
28794.0,-19.0,-445624.0,-0.017,8.19
28798.0,-118.0,-445709.0,0.075,5.74
28805.0,242.0,-445617.0,0.017,6.72
28810.0,-80.0,-445496.0,0.017,6.23
28814.0,-197.0,-445159.0,0.017,6.23
28820.0,-151.0,-445309.0,0.058,6.48
28825.0,-61.0,-445334.0,0.058,6.72
28830.0,-94.0,-445343.0,0.042,6.72
28835.0,-6.0,-444885.0,0.042,6.23
28840.0,212.0,-444598.0,0.025,6.23
28846.0,-77.0,-445083.0,0.075,6.72
28851.0,77.0,-445085.0,0.025,6.23
28856.0,233.0,-444932.0,0.008,6.72
28861.0,288.0,-444677.0,-0.1,6.96
28867.0,78.0,-444833.0,0.075,6.48
28872.0,286.0,-444930.0,0.092,6.23
28876.0,257.0,-444541.0,-0.017,6.72
28882.0,267.0,-444997.0,0.033,6.72
28888.0,77.0,-445046.0,0.0,6.72
28893.0,-52.0,-445088.0,0.108,6.72
28898.0,410.0,-444762.0,-0.008,6.23
28903.0,42.0,-444415.0,-0.033,6.23
28908.0,213.0,-444854.0,0.033,6.48
28914.0,481.0,-444752.0,0.0,6.48
28919.0,405.0,-444653.0,0.042,6.23
28923.0,42.0,-444740.0,0.017,6.23
28930.0,248.0,-444532.0,-0.025,6.72
28935.0,162.0,-444501.0,-0.008,6.23
28940.0,271.0,-444460.0,0.017,6.48
28945.0,265.0,-444170.0,0.092,6.23
28950.0,511.0,-444467.0,0.017,6.96
28955.0,262.0,-444188.0,0.0,6.72
28960.0,-292.0,-444404.0,-0.008,6.23
28965.0,-90.0,-444345.0,0.167,6.23
28971.0,393.0,-444190.0,-0.033,6.96
28977.0,75.0,-444174.0,0.025,6.23
28982.0,-27.0,-444279.0,0.1,6.72
28986.0,36.0,-444044.0,0.017,6.72
28991.0,296.0,-443853.0,-0.025,6.23
28996.0,-144.0,-443878.0,0.058,6.23
29002.0,-31.0,-444022.0,0.008,6.23
29007.0,245.0,-444095.0,-0.025,6.23
29012.0,327.0,-444076.0,0.008,6.23
29018.0,354.0,-444016.0,0.075,6.48
29023.0,394.0,-444077.0,0.067,6.96
29028.0,288.0,-443832.0,0.008,6.23
29033.0,311.0,-443802.0,0.017,6.96
29038.0,151.0,-443437.0,0.075,6.96
29043.0,-217.0,-443748.0,0.058,6.23
29048.0,140.0,-443688.0,-0.042,6.23
29053.0,-176.0,-443701.0,0.05,6.72
29060.0,-46.0,-443690.0,0.117,6.23
29065.0,53.0,-443984.0,-0.017,6.72
29070.0,29.0,-443787.0,0.083,6.72
29075.0,-137.0,-443530.0,-0.008,6.23
29080.0,-240.0,-443188.0,0.008,6.72
29085.0,408.0,-443269.0,0.075,6.72
29090.0,14.0,-443462.0,0.017,6.23
29095.0,-133.0,-443392.0,-0.017,6.23
29101.0,141.0,-443163.0,-0.017,6.48
29106.0,222.0,-443324.0,0.042,6.48
29110.0,1.0,-443281.0,-0.058,6.96
29115.0,-3.0,-443530.0,-0.075,6.23
29120.0,352.0,-443456.0,-0.05,6.72
29126.0,186.0,-443385.0,0.017,6.23
29130.0,211.0,-443324.0,-0.017,6.48
29135.0,-144.0,-442865.0,0.042,6.23
29140.0,68.0,-443264.0,0.075,6.48
29146.0,-367.0,-443088.0,0.108,6.23
29151.0,-379.0,-443197.0,-0.042,6.23
29156.0,111.0,-443146.0,0.017,6.23
29161.0,-8.0,-442890.0,0.158,6.23
29166.0,498.0,-443149.0,-0.008,6.23
29171.0,-132.0,-442904.0,-0.042,6.23
29176.0,-49.0,-442602.0,-0.025,6.48
29182.0,-169.0,-442533.0,0.0,6.23
29188.0,176.0,-442517.0,0.067,6.48
29192.0,-71.0,-443020.0,0.058,6.72
29197.0,209.0,-442733.0,0.008,5.99
29202.0,130.0,-442475.0,-0.008,6.96
29207.0,-25.0,-442776.0,-0.017,6.23
29212.0,433.0,-442803.0,0.083,6.72
29217.0,506.0,-442723.0,-0.017,6.72
29222.0,-312.0,-442752.0,0.033,6.23
29229.0,14.0,-442466.0,-0.025,6.23
29234.0,439.0,-442572.0,0.008,6.48
29239.0,-33.0,-442703.0,0.075,6.23
29244.0,63.0,-442662.0,0.033,6.72
29249.0,440.0,-442556.0,0.033,6.48
29254.0,66.0,-442341.0,0.067,6.23
29259.0,40.0,-442590.0,0.008,6.23
29264.0,-115.0,-442270.0,-0.025,6.23
29270.0,-41.0,-442521.0,0.058,6.72
29275.0,-493.0,-442494.0,-0.017,6.23
29281.0,-252.0,-441960.0,0.05,6.23
29286.0,352.0,-442173.0,-0.017,6.96
29291.0,-36.0,-442102.0,0.008,6.23
29296.0,-67.0,-442290.0,0.0,6.23
29301.0,391.0,-442191.0,-0.017,6.96
29306.0,287.0,-442371.0,0.033,5.99
29312.0,582.0,-441737.0,0.017,6.23
29317.0,173.0,-442006.0,0.033,6.23
29323.0,401.0,-442202.0,0.017,6.23
29328.0,32.0,-441944.0,0.0,6.72
29332.0,201.0,-442091.0,0.017,6.48
29338.0,19.0,-441985.0,0.058,6.23
29343.0,-258.0,-441919.0,0.033,6.23
29348.0,226.0,-441968.0,-0.042,5.99
29353.0,344.0,-441645.0,0.017,6.96
29359.0,117.0,-441955.0,0.033,6.48
29364.0,377.0,-441404.0,0.1,6.96
29369.0,-231.0,-441941.0,0.1,6.48
29374.0,-226.0,-441441.0,-0.05,6.48
29379.0,332.0,-441502.0,0.008,6.23
29384.0,404.0,-441485.0,-0.008,6.23
29390.0,285.0,-441371.0,-0.075,6.48
29395.0,-75.0,-441708.0,0.0,6.48
29401.0,151.0,-441378.0,-0.008,6.23
29406.0,168.0,-441356.0,-0.033,6.23
29411.0,-33.0,-441551.0,-0.017,6.72
29416.0,211.0,-441327.0,0.008,6.72
29421.0,432.0,-441363.0,0.058,6.23
29426.0,129.0,-441136.0,0.025,6.23
29432.0,391.0,-441034.0,0.05,6.23
29437.0,90.0,-441216.0,0.092,6.23
29442.0,435.0,-441337.0,-0.017,6.48
29448.0,-131.0,-441007.0,0.05,6.23
29453.0,-236.0,-441201.0,0.0,6.96
29458.0,73.0,-441100.0,-0.1,6.23
29463.0,145.0,-441554.0,0.025,6.72
29468.0,316.0,-441564.0,0.092,6.23
29473.0,411.0,-441517.0,-0.033,6.23
29478.0,163.0,-441155.0,0.025,6.23
29484.0,234.0,-440995.0,0.092,6.23
29489.0,85.0,-440736.0,0.067,6.23
29495.0,-195.0,-440780.0,0.042,6.72
29500.0,-170.0,-440706.0,-0.067,6.23
29504.0,505.0,-440927.0,0.025,6.96
29510.0,33.0,-440771.0,-0.017,6.23
29515.0,-116.0,-440575.0,0.025,6.23
29520.0,207.0,-440576.0,0.075,6.96
29526.0,189.0,-440818.0,-0.008,6.23
29531.0,76.0,-440600.0,-0.017,6.48
29536.0,361.0,-440503.0,0.0,6.23
29541.0,-253.0,-440841.0,0.017,6.96
29546.0,-434.0,-440640.0,-0.033,6.23
29551.0,298.0,-440281.0,0.0,6.23
29556.0,97.0,-440175.0,0.058,6.23
29561.0,-8.0,-440302.0,0.067,6.23
29566.0,354.0,-440346.0,0.017,6.48
29572.0,375.0,-440522.0,0.108,6.23
29577.0,110.0,-440569.0,0.05,6.48
29583.0,66.0,-440545.0,0.083,6.48
29588.0,169.0,-440339.0,-0.017,6.23
29592.0,-4.0,-440196.0,0.05,6.23
29598.0,18.0,-439922.0,0.05,8.43
29603.0,111.0,-440256.0,0.092,6.48
29607.0,342.0,-440327.0,-0.083,6.48
29614.0,136.0,-440405.0,-0.042,6.23
29619.0,89.0,-440227.0,0.025,6.23
29624.0,252.0,-440384.0,0.058,6.23
29629.0,292.0,-440446.0,-0.033,6.72
29634.0,125.0,-440293.0,-0.008,6.72
29639.0,189.0,-440264.0,-0.008,6.23
29644.0,135.0,-440036.0,0.033,6.23
29649.0,98.0,-439973.0,0.15,6.23
29655.0,-226.0,-440034.0,0.05,7.21
29661.0,236.0,-439712.0,-0.058,6.23
29665.0,459.0,-439469.0,-0.05,6.23
29670.0,77.0,-439988.0,0.017,6.23
29676.0,-233.0,-439536.0,0.042,6.96
29681.0,-148.0,-439663.0,0.058,6.23
29686.0,374.0,-440192.0,0.025,6.96
29691.0,166.0,-439524.0,0.025,6.48
29697.0,105.0,-439607.0,0.05,5.01
29702.0,97.0,-439948.0,0.008,6.48
29707.0,-63.0,-439682.0,0.05,6.23
29712.0,252.0,-439615.0,0.0,6.23
29717.0,208.0,-439604.0,0.108,6.23
29723.0,250.0,-439254.0,0.042,6.72
29727.0,285.0,-439669.0,0.008,6.23
29732.0,565.0,-439282.0,0.033,6.23
29739.0,271.0,-439646.0,0.017,6.23
29744.0,472.0,-439215.0,0.1,6.48
29749.0,46.0,-439194.0,-0.058,6.96
29754.0,175.0,-439278.0,0.008,6.23
29758.0,-34.0,-439493.0,0.017,6.48
29764.0,-148.0,-439441.0,0.017,6.48
29768.0,-233.0,-439306.0,0.025,5.25
29773.0,130.0,-439147.0,0.125,6.72
29779.0,106.0,-439327.0,-0.05,6.72
29784.0,289.0,-439034.0,0.075,6.48
29789.0,53.0,-439081.0,0.058,6.23
29795.0,-45.0,-439009.0,0.033,6.72
29799.0,252.0,-439174.0,-0.017,6.23
29805.0,378.0,-439024.0,-0.033,6.23
29811.0,-380.0,-438786.0,0.058,6.23
29815.0,-67.0,-438821.0,-0.025,6.23
29820.0,389.0,-439162.0,0.058,6.96
29827.0,47.0,-438768.0,0.058,6.23
29831.0,74.0,-438851.0,-0.008,6.72
29836.0,24.0,-438882.0,-0.067,6.23
29842.0,6.0,-438638.0,0.0,6.72
29847.0,203.0,-438561.0,-0.067,6.48
29852.0,11.0,-439110.0,0.033,5.99
29857.0,331.0,-438576.0,0.067,6.23
29862.0,22.0,-438645.0,0.033,6.23
29868.0,48.0,-438697.0,0.067,6.23
29874.0,142.0,-438203.0,-0.025,6.48
29878.0,157.0,-438530.0,0.083,5.99
29883.0,-204.0,-438521.0,-0.058,6.23
29889.0,130.0,-438825.0,0.033,6.23
29893.0,57.0,-438600.0,0.042,6.72
29899.0,91.0,-438220.0,0.0,6.23
29904.0,257.0,-438402.0,-0.017,6.96
29910.0,86.0,-438227.0,0.092,6.23
29915.0,-94.0,-438372.0,0.033,6.72
29920.0,-52.0,-438288.0,-0.017,6.96
29925.0,41.0,-438269.0,-0.017,6.23
29930.0,315.0,-438126.0,0.042,6.23
29936.0,139.0,-438398.0,0.017,6.48
29940.0,282.0,-438065.0,-0.05,6.23
29945.0,336.0,-437958.0,0.017,6.72
29952.0,662.0,-438116.0,0.025,6.23
29957.0,465.0,-438289.0,-0.008,6.23
29962.0,29.0,-438336.0,0.1,6.23
29967.0,-7.0,-437916.0,-0.033,6.23
29972.0,112.0,-437943.0,0.033,6.23
29977.0,98.0,-437853.0,0.033,6.23
29983.0,318.0,-437961.0,0.017,6.48
29988.0,140.0,-437613.0,-0.017,6.72
29993.0,163.0,-437684.0,-0.017,6.23
30000.0,149.0,-437496.0,0.025,6.72
30005.0,59.0,-437874.0,0.05,6.48
30010.0,18.0,-437805.0,0.008,6.72
30015.0,104.0,-437636.0,0.083,6.23
30020.0,188.0,-437712.0,0.033,6.23
30025.0,227.0,-437447.0,0.025,6.23
30030.0,-3.0,-437257.0,0.008,6.23
30036.0,197.0,-437593.0,-0.017,6.23
30042.0,269.0,-437605.0,0.017,6.48
30047.0,70.0,-437510.0,0.05,6.23
30053.0,-380.0,-437638.0,0.017,6.48
30058.0,306.0,-437362.0,0.0,6.48
30063.0,36.0,-437435.0,0.075,6.23
30068.0,-59.0,-437374.0,-0.033,6.23
30073.0,-81.0,-437164.0,0.017,6.23
30078.0,-198.0,-437257.0,0.167,6.23
30084.0,19.0,-437063.0,-0.008,6.96
30090.0,43.0,-437257.0,0.017,6.48
30094.0,328.0,-436920.0,0.058,6.48
30100.0,320.0,-437052.0,0.042,6.48
30105.0,424.0,-437330.0,0.017,6.48
30111.0,-52.0,-436702.0,0.033,6.23
30115.0,165.0,-436853.0,0.017,4.77
30121.0,111.0,-437045.0,0.058,6.23
30127.0,-205.0,-436777.0,0.017,6.23
30133.0,169.0,-437257.0,-0.025,6.48
30138.0,212.0,-436988.0,0.042,6.23
30143.0,246.0,-436870.0,0.0,6.96
30149.0,124.0,-436852.0,0.017,6.48
30154.0,-72.0,-436973.0,0.058,6.96
30158.0,95.0,-436882.0,-0.133,6.72
30164.0,-295.0,-436366.0,0.067,6.23
30170.0,90.0,-436567.0,0.017,6.48
30175.0,173.0,-436615.0,0.025,6.48
30180.0,-67.0,-436481.0,-0.008,6.72
30185.0,12.0,-436592.0,-0.025,6.48
30190.0,-8.0,-436776.0,0.025,6.23
30196.0,-38.0,-436392.0,0.067,6.48
30201.0,216.0,-436501.0,0.075,6.48
30205.0,-3.0,-436540.0,0.05,6.23
30212.0,-69.0,-436486.0,0.033,6.23
30217.0,121.0,-436319.0,0.033,6.23
30222.0,138.0,-436400.0,-0.025,6.48
30227.0,90.0,-436318.0,-0.017,6.72
30232.0,-20.0,-436347.0,0.017,6.23
30237.0,65.0,-436230.0,-0.167,6.23
30242.0,463.0,-436386.0,0.05,6.23
30247.0,11.0,-436019.0,-0.033,6.72
30253.0,162.0,-436374.0,0.025,6.23
30258.0,148.0,-436372.0,-0.008,6.23
30263.0,223.0,-436469.0,-0.058,6.23
30268.0,216.0,-436325.0,-0.033,6.23
30274.0,-90.0,-436293.0,0.008,6.96
30278.0,-169.0,-436224.0,0.083,6.96
30283.0,0.0,-435998.0,0.0,6.96
30288.0,54.0,-435851.0,-0.017,6.48
30294.0,65.0,-435930.0,0.083,6.23
30299.0,169.0,-435570.0,0.1,6.23
30305.0,-89.0,-436021.0,-0.033,6.23
30309.0,-294.0,-435838.0,0.083,6.23
30315.0,-244.0,-435736.0,-0.017,6.23
30320.0,432.0,-435739.0,-0.017,6.72
30324.0,397.0,-435664.0,0.008,6.23
30330.0,193.0,-435802.0,0.017,6.48
30336.0,135.0,-435595.0,-0.008,6.23
30341.0,46.0,-435786.0,0.017,6.72
30346.0,156.0,-435842.0,0.017,6.96
30351.0,10.0,-435753.0,0.042,6.96
30356.0,253.0,-435080.0,0.158,6.48
30361.0,-89.0,-435450.0,-0.033,6.48
30366.0,-77.0,-435711.0,0.0,6.23
30371.0,172.0,-435818.0,-0.008,6.48
30377.0,42.0,-435198.0,0.042,6.48
30383.0,-354.0,-435157.0,0.067,6.23
30388.0,-169.0,-435639.0,0.042,6.23
30393.0,-375.0,-435379.0,0.042,6.48
30398.0,107.0,-435332.0,0.025,6.23
30403.0,246.0,-435437.0,0.1,6.23
30409.0,-454.0,-435457.0,0.008,6.72
30414.0,196.0,-435118.0,0.117,6.48
30418.0,105.0,-435433.0,0.008,6.23
30425.0,223.0,-435153.0,0.008,6.48
30430.0,349.0,-434948.0,0.025,6.48
30435.0,338.0,-435159.0,-0.017,6.23
30440.0,-90.0,-435353.0,0.0,6.23
30445.0,-10.0,-435422.0,0.075,6.23
30450.0,-69.0,-435187.0,-0.042,6.96
30455.0,39.0,-434939.0,-0.025,6.72
30460.0,355.0,-434728.0,-0.017,6.23
30466.0,102.0,-434785.0,0.017,6.23
30472.0,90.0,-434923.0,0.025,6.23
30477.0,652.0,-434788.0,-0.075,6.48
30481.0,433.0,-434571.0,-0.033,6.72
30487.0,311.0,-434871.0,-0.067,6.23
30492.0,323.0,-434926.0,0.025,6.23
30497.0,230.0,-434723.0,0.075,7.45
30502.0,268.0,-434719.0,-0.017,6.23
30508.0,70.0,-434816.0,0.058,6.23
30513.0,309.0,-434668.0,0.058,6.48
30519.0,337.0,-434658.0,0.05,5.99
30524.0,-61.0,-434617.0,-0.017,6.72
30528.0,34.0,-434632.0,0.167,6.23
30534.0,198.0,-434626.0,0.0,6.72
30539.0,-114.0,-434281.0,0.075,6.23
30544.0,85.0,-434416.0,-0.025,6.72
30550.0,285.0,-434410.0,-0.017,7.21
30555.0,153.0,-434323.0,0.042,6.48
30560.0,-140.0,-434020.0,-0.033,6.23
30565.0,94.0,-434096.0,0.008,6.23
30570.0,84.0,-434207.0,0.042,6.23
30575.0,-179.0,-434174.0,0.142,6.23
30581.0,43.0,-434298.0,0.008,6.23
30586.0,195.0,-434135.0,0.017,6.48
30590.0,-74.0,-434024.0,0.042,6.48
30597.0,-220.0,-433432.0,-0.008,6.48
30602.0,4.0,-434063.0,0.058,5.5
30607.0,-77.0,-433985.0,0.008,6.23
30612.0,293.0,-433709.0,0.067,6.48
30618.0,371.0,-434170.0,0.033,6.23
30622.0,370.0,-433537.0,0.0,6.23
30628.0,492.0,-433539.0,-0.033,6.23
30633.0,4.0,-433994.0,-0.05,6.23
30638.0,-23.0,-433621.0,0.017,6.23
30644.0,265.0,-433701.0,0.033,6.72
30649.0,79.0,-433770.0,0.0,6.72
30654.0,-96.0,-434011.0,0.1,6.96
30659.0,-124.0,-433936.0,-0.017,6.23
30664.0,-198.0,-434005.0,0.008,6.48
30669.0,-105.0,-433713.0,0.033,6.23
30674.0,117.0,-433554.0,-0.025,6.23
30680.0,239.0,-433597.0,-0.05,6.23
30685.0,182.0,-433379.0,0.0,6.23
30690.0,-178.0,-433770.0,0.025,6.23
30695.0,103.0,-433613.0,0.058,6.23
30699.0,-20.0,-433532.0,-0.017,6.72
30704.0,-76.0,-433419.0,-0.033,6.23
30709.0,57.0,-433147.0,0.008,6.23
30714.0,107.0,-433220.0,0.0,6.72
30720.0,28.0,-433647.0,0.042,5.74
30725.0,63.0,-433428.0,-0.042,6.23
30729.0,68.0,-433195.0,0.0,4.28
30734.0,-95.0,-433138.0,-0.05,6.48
30738.0,244.0,-432987.0,0.042,6.72
30743.0,185.0,-433050.0,0.017,6.96
30748.0,139.0,-433277.0,0.05,6.72
30753.0,310.0,-433569.0,0.017,6.23
30758.0,164.0,-433164.0,-0.017,6.72
30764.0,-218.0,-433383.0,0.025,6.23
30770.0,109.0,-433083.0,0.05,6.96
30775.0,389.0,-432862.0,0.008,6.23
30780.0,435.0,-433213.0,0.025,6.48
30785.0,338.0,-433361.0,0.042,6.23
30790.0,278.0,-433212.0,0.058,6.48
30795.0,234.0,-433063.0,0.067,6.72
30800.0,-65.0,-432899.0,0.075,6.96
30806.0,73.0,-433054.0,0.033,6.23
30811.0,207.0,-432509.0,0.025,6.23
30816.0,338.0,-432989.0,0.075,6.23
30821.0,80.0,-432786.0,0.05,6.23
30827.0,216.0,-432743.0,-0.042,6.23
30832.0,345.0,-432355.0,0.067,6.72
30837.0,477.0,-432570.0,0.067,6.48
30842.0,-239.0,-432527.0,0.075,6.23
30848.0,156.0,-432619.0,0.008,6.23
30853.0,714.0,-432618.0,-0.033,6.23
30858.0,-112.0,-432789.0,-0.033,6.23
30863.0,-81.0,-432505.0,0.017,6.23
30868.0,457.0,-432460.0,0.075,6.23
30873.0,235.0,-432233.0,-0.017,6.23
30878.0,228.0,-432335.0,0.067,6.23
30884.0,184.0,-432140.0,0.083,6.23
30889.0,172.0,-432363.0,0.025,6.23
30895.0,43.0,-432499.0,0.0,6.48
30900.0,359.0,-432204.0,-0.008,6.48
30904.0,336.0,-432269.0,0.058,6.23
30909.0,343.0,-432042.0,0.075,6.23
30914.0,-99.0,-431959.0,-0.05,6.23
30919.0,-72.0,-432439.0,-0.067,6.23
30924.0,292.0,-432084.0,0.067,6.72
30929.0,24.0,-431801.0,-0.017,6.23
30935.0,-23.0,-432449.0,0.125,6.72
30940.0,197.0,-432232.0,0.042,4.52
30946.0,34.0,-431654.0,-0.008,6.23
30950.0,291.0,-431803.0,-0.058,6.23
30955.0,333.0,-431636.0,0.067,6.23
30960.0,256.0,-431938.0,0.05,6.72
30965.0,433.0,-431815.0,0.075,6.96
30970.0,157.0,-431960.0,0.05,6.72
30976.0,-122.0,-431438.0,0.075,6.23
30981.0,310.0,-431677.0,0.075,6.96
30987.0,40.0,-431871.0,0.025,5.99
30992.0,-191.0,-431661.0,0.008,6.48
30997.0,48.0,-431502.0,-0.017,6.96
31002.0,304.0,-431558.0,-0.033,6.23
31007.0,-55.0,-431568.0,0.017,6.23
31012.0,-121.0,-431117.0,0.1,6.23
31017.0,329.0,-431570.0,0.058,5.99
31023.0,194.0,-431806.0,0.075,6.72
31028.0,-47.0,-431727.0,-0.008,6.23
31033.0,154.0,-431305.0,0.033,6.72
31038.0,405.0,-431544.0,0.025,6.23
31043.0,-1.0,-431329.0,-0.008,6.23
31048.0,28.0,-431187.0,-0.008,6.23
31052.0,279.0,-431290.0,-0.092,6.23
31058.0,-25.0,-431310.0,0.017,6.48
31064.0,374.0,-431278.0,0.025,5.99
31069.0,-2.0,-431131.0,0.117,6.23
31074.0,434.0,-431032.0,-0.05,6.48
31079.0,137.0,-430846.0,0.017,6.23
31084.0,321.0,-430831.0,0.1,6.23
31089.0,-63.0,-430974.0,0.025,6.23
31094.0,72.0,-430858.0,0.025,6.23
31100.0,68.0,-431065.0,0.1,6.23
31106.0,-128.0,-431069.0,0.017,6.23
31111.0,-51.0,-430955.0,0.05,5.99
31116.0,248.0,-430846.0,-0.033,6.23
31121.0,-34.0,-431012.0,0.017,6.23
31126.0,-589.0,-430756.0,0.1,6.23
31131.0,78.0,-430779.0,0.075,6.48
31136.0,-120.0,-430937.0,0.017,6.72
31142.0,-311.0,-430619.0,0.042,6.23
31147.0,184.0,-430432.0,-0.017,6.48
31153.0,-166.0,-430492.0,0.042,6.23
31158.0,-115.0,-430412.0,0.092,6.23
31163.0,286.0,-430573.0,0.025,6.23
31168.0,262.0,-430689.0,0.05,6.96
31173.0,319.0,-430571.0,-0.017,7.94
31178.0,-36.0,-430522.0,0.042,6.72
31183.0,332.0,-430348.0,0.033,6.23
31188.0,321.0,-430610.0,-0.058,6.48
31194.0,228.0,-430521.0,-0.008,6.48
31200.0,80.0,-430213.0,0.058,6.23
31204.0,-175.0,-430318.0,0.092,6.23
31209.0,43.0,-430135.0,0.033,6.23
31214.0,-120.0,-430281.0,-0.075,6.23
31219.0,309.0,-430444.0,0.142,6.23
31224.0,-71.0,-430625.0,0.025,6.23
31229.0,-34.0,-430153.0,0.033,6.23
31235.0,343.0,-429990.0,0.0,6.23
31240.0,142.0,-430194.0,0.008,6.23
31244.0,-107.0,-430155.0,-0.008,6.48
31250.0,253.0,-430093.0,0.05,6.72
31255.0,212.0,-430089.0,-0.008,6.72
31260.0,233.0,-430010.0,0.008,6.48
31265.0,-73.0,-429912.0,-0.008,6.23
31270.0,-62.0,-430148.0,-0.033,6.72
31276.0,351.0,-429697.0,0.042,6.23
31281.0,107.0,-430215.0,0.0,6.72
31286.0,202.0,-429871.0,0.058,6.23
31291.0,-25.0,-429908.0,0.033,6.96
31297.0,-175.0,-429684.0,0.025,6.23
31302.0,226.0,-430056.0,0.017,6.23
31306.0,257.0,-429885.0,0.042,6.48
31312.0,57.0,-429633.0,0.092,6.23
31318.0,84.0,-429953.0,-0.033,6.23
31323.0,197.0,-429744.0,-0.083,6.23
31328.0,-203.0,-429906.0,0.067,6.96
31333.0,-76.0,-429652.0,0.142,6.48
31338.0,465.0,-429649.0,0.033,6.48
31343.0,425.0,-429593.0,-0.042,6.48
31349.0,350.0,-429239.0,0.067,6.23
31353.0,279.0,-429388.0,0.042,6.23
31360.0,477.0,-429312.0,0.008,6.23
31365.0,-34.0,-429186.0,0.025,6.23
31369.0,-73.0,-429345.0,0.15,6.23
31375.0,-99.0,-429399.0,0.0,6.23
31379.0,-74.0,-429272.0,0.017,6.72
31384.0,322.0,-429429.0,0.017,6.23
31390.0,144.0,-429223.0,0.05,6.23
31395.0,347.0,-429290.0,-0.042,6.23
31400.0,-11.0,-429359.0,-0.033,6.72
31406.0,429.0,-429151.0,0.025,6.72
31411.0,30.0,-429044.0,0.0,6.96
31416.0,284.0,-428831.0,-0.058,6.23
31421.0,267.0,-428799.0,0.1,6.23
31426.0,94.0,-429000.0,0.05,6.23
31431.0,204.0,-429292.0,0.05,6.23
31436.0,117.0,-428776.0,0.0,7.21
31441.0,202.0,-428845.0,0.033,6.23
31447.0,-46.0,-429059.0,0.058,6.23
31452.0,63.0,-429144.0,0.017,5.25
31457.0,191.0,-428679.0,0.117,6.23
31463.0,9.0,-429067.0,0.067,6.23
31467.0,42.0,-429062.0,-0.108,6.23
31472.0,124.0,-428635.0,-0.058,6.96
31478.0,-86.0,-428817.0,0.05,6.23
31482.0,109.0,-429032.0,-0.075,6.23
31488.0,35.0,-428677.0,-0.025,6.23
31494.0,131.0,-428449.0,-0.017,6.72
31499.0,52.0,-428504.0,0.125,6.72
31504.0,156.0,-428303.0,0.033,6.23
31509.0,-42.0,-428153.0,0.058,6.23
31514.0,31.0,-428522.0,0.0,6.23
31519.0,-61.0,-428703.0,-0.008,6.23
31523.0,-20.0,-428574.0,0.108,6.48
31528.0,-93.0,-428239.0,0.058,6.23
31534.0,165.0,-428249.0,0.042,6.72
31539.0,-98.0,-428476.0,0.017,6.23
31545.0,46.0,-428318.0,0.142,6.48
31550.0,-16.0,-428344.0,0.025,6.23
31555.0,247.0,-428203.0,0.008,6.23
31560.0,335.0,-428174.0,0.1,6.48
31565.0,165.0,-428304.0,-0.05,6.23
31570.0,314.0,-428139.0,0.008,6.96
31576.0,-36.0,-428122.0,0.033,6.48
31582.0,326.0,-428206.0,0.008,6.23
31586.0,-13.0,-428197.0,0.092,6.48
31591.0,-55.0,-427722.0,-0.033,6.72
31597.0,411.0,-427814.0,0.058,6.23
31601.0,188.0,-427855.0,-0.042,6.23
31607.0,-116.0,-427872.0,-0.017,6.23
31612.0,-188.0,-427922.0,0.017,6.72
31618.0,319.0,-427591.0,-0.008,6.96
31623.0,519.0,-427730.0,0.0,6.96
31628.0,37.0,-427738.0,-0.017,6.23
31633.0,258.0,-428055.0,-0.033,6.23
31638.0,240.0,-428089.0,-0.008,6.23
31644.0,-244.0,-427463.0,-0.05,6.23
31650.0,-40.0,-427575.0,0.042,6.23
31654.0,223.0,-427686.0,-0.042,6.23
31661.0,287.0,-427410.0,0.008,6.23
31666.0,-101.0,-427530.0,0.108,6.96
31671.0,-64.0,-427213.0,0.017,6.23
31676.0,204.0,-427588.0,0.05,6.96
31681.0,370.0,-427496.0,-0.008,6.23
31686.0,451.0,-427221.0,0.075,6.48
31691.0,179.0,-427084.0,0.017,6.23
31697.0,209.0,-427454.0,-0.083,6.23
31702.0,218.0,-427447.0,0.092,6.96
31707.0,-98.0,-427334.0,0.033,6.23
31713.0,344.0,-427236.0,0.067,6.23
31718.0,495.0,-427415.0,0.025,6.23
31723.0,-309.0,-427459.0,0.075,6.72
31729.0,463.0,-427149.0,0.067,6.23
31734.0,289.0,-426735.0,-0.017,6.23
31739.0,-78.0,-427076.0,0.008,6.48
31745.0,280.0,-426936.0,0.092,6.23
31751.0,134.0,-427200.0,0.075,6.23
31755.0,315.0,-427105.0,0.075,6.48
31760.0,100.0,-426758.0,-0.025,6.72
31766.0,352.0,-426834.0,0.0,6.96
31770.0,329.0,-426933.0,0.042,6.72
31776.0,-23.0,-426801.0,-0.042,7.21
31781.0,25.0,-426655.0,0.075,6.23
31787.0,122.0,-426646.0,0.017,6.48
31792.0,167.0,-426667.0,0.1,6.23
31797.0,-13.0,-426849.0,-0.033,6.23
31802.0,50.0,-426740.0,-0.033,6.96
31807.0,134.0,-426752.0,0.05,6.48
31813.0,112.0,-426500.0,0.092,6.23
31817.0,-219.0,-426509.0,-0.025,6.48
31823.0,-261.0,-426477.0,0.083,6.48
31830.0,423.0,-426927.0,-0.017,6.96
31835.0,347.0,-426431.0,0.025,6.23
31840.0,196.0,-426206.0,0.008,6.23
31845.0,144.0,-426146.0,0.008,6.23
31851.0,130.0,-426492.0,0.058,6.48
31856.0,-8.0,-426128.0,0.083,6.72
31861.0,-249.0,-426281.0,-0.017,6.48
31866.0,237.0,-426077.0,0.0,6.72
31873.0,191.0,-425935.0,0.058,5.99
31878.0,-4.0,-426152.0,0.008,6.23
31883.0,416.0,-426114.0,0.017,6.23
31889.0,240.0,-426238.0,0.008,6.23
31894.0,8.0,-426248.0,-0.033,6.23
31899.0,383.0,-426289.0,0.025,6.23
31904.0,7.0,-426037.0,-0.05,6.72
31910.0,263.0,-426251.0,0.008,6.23
31915.0,70.0,-426248.0,-0.067,6.23
31920.0,383.0,-426012.0,0.033,6.23
31926.0,-15.0,-425862.0,0.017,6.23
31930.0,80.0,-425921.0,0.058,6.72
31936.0,132.0,-425983.0,-0.025,6.48
31941.0,-42.0,-426057.0,0.017,6.48
31946.0,170.0,-425780.0,0.067,6.23
31951.0,-321.0,-425769.0,0.025,6.23
31958.0,21.0,-425917.0,0.0,6.96
31963.0,225.0,-425902.0,-0.033,6.23
31967.0,-60.0,-425619.0,0.025,6.23
31973.0,82.0,-425561.0,0.067,6.23
31978.0,-2.0,-425414.0,-0.025,6.48
31982.0,173.0,-425785.0,-0.025,6.48
31988.0,-253.0,-425679.0,0.025,6.23
31993.0,-64.0,-425512.0,0.008,6.48
31998.0,263.0,-425350.0,0.108,6.48
32004.0,257.0,-425800.0,0.067,6.72
32009.0,266.0,-425323.0,0.008,6.96
32014.0,252.0,-425419.0,0.033,6.23
32020.0,304.0,-425205.0,0.033,6.23
32025.0,-22.0,-425440.0,-0.033,6.23
32030.0,59.0,-425485.0,-0.067,6.48
32035.0,197.0,-425195.0,-0.033,6.23
32040.0,223.0,-425120.0,0.033,6.23
32046.0,-156.0,-425195.0,0.033,6.23
32051.0,346.0,-425513.0,0.017,6.72
32056.0,366.0,-425124.0,0.092,6.48
32061.0,245.0,-425231.0,0.042,6.48
32067.0,393.0,-425241.0,-0.008,6.23
32072.0,87.0,-425546.0,0.092,6.72
32076.0,282.0,-425161.0,0.067,6.23
32082.0,-166.0,-424827.0,0.008,6.23
32088.0,104.0,-425140.0,0.0,6.48
32093.0,153.0,-425263.0,0.042,6.23
32098.0,125.0,-424733.0,0.033,6.48
32103.0,-49.0,-424930.0,0.133,6.23
32108.0,-62.0,-425047.0,-0.033,6.48
32113.0,64.0,-425021.0,0.025,6.23
32118.0,88.0,-425304.0,0.008,6.23
32123.0,131.0,-425155.0,0.008,6.23
32130.0,21.0,-424803.0,0.075,6.72
32135.0,-253.0,-424752.0,-0.083,6.23
32140.0,-24.0,-424914.0,0.017,6.23
32145.0,248.0,-424418.0,0.033,6.72
32150.0,204.0,-424685.0,0.017,6.23
32155.0,47.0,-424774.0,0.033,6.23
32160.0,395.0,-424452.0,0.05,6.23
32165.0,63.0,-424365.0,0.008,6.23
32171.0,-30.0,-424598.0,-0.008,6.48
32177.0,-192.0,-424332.0,0.033,6.23
32182.0,238.0,-424553.0,0.092,6.23
32186.0,623.0,-424356.0,-0.05,6.72
32192.0,-323.0,-424672.0,0.067,6.23
32197.0,15.0,-424573.0,0.025,6.23
32202.0,428.0,-424702.0,-0.017,6.96
32207.0,328.0,-424132.0,0.092,6.72
32212.0,-46.0,-424305.0,0.017,6.23
32218.0,1.0,-424148.0,0.092,6.48
32223.0,253.0,-424152.0,-0.025,6.23
32228.0,-305.0,-424085.0,0.083,6.48
32233.0,-86.0,-424154.0,-0.025,6.23
32238.0,410.0,-424207.0,0.017,6.23
32243.0,69.0,-424000.0,-0.008,6.23
32248.0,129.0,-423976.0,0.042,6.23
32253.0,259.0,-424273.0,-0.017,6.23
32259.0,-110.0,-424110.0,0.008,4.52
32265.0,-78.0,-423858.0,-0.008,6.23
32270.0,282.0,-424215.0,0.042,6.23
32274.0,335.0,-424026.0,0.033,6.23
32280.0,-57.0,-423890.0,0.067,6.48
32285.0,101.0,-423817.0,0.067,6.23
32289.0,-270.0,-423530.0,0.108,6.23
32295.0,300.0,-423820.0,0.067,6.48
32301.0,306.0,-424225.0,-0.017,6.23
32306.0,-67.0,-423864.0,-0.017,6.96
32311.0,73.0,-423362.0,0.033,6.23
32316.0,257.0,-423741.0,-0.067,6.23
32321.0,18.0,-423590.0,0.025,6.72
32326.0,318.0,-423484.0,0.017,6.72
32332.0,54.0,-423387.0,0.033,6.23
32336.0,261.0,-423670.0,-0.058,6.72
32343.0,351.0,-423354.0,0.075,6.23
32348.0,-207.0,-423557.0,-0.025,6.48
32352.0,-52.0,-423758.0,0.042,6.72
32358.0,6.0,-423374.0,0.05,6.48
32363.0,-28.0,-423395.0,0.067,6.96
32368.0,337.0,-423519.0,0.008,6.72
32374.0,573.0,-423499.0,-0.008,6.72
32379.0,165.0,-423590.0,0.033,6.96
32384.0,-96.0,-423231.0,-0.05,6.96
32390.0,90.0,-423175.0,0.1,6.23
32395.0,146.0,-423006.0,-0.008,6.96
32399.0,21.0,-423187.0,0.042,6.23
32405.0,-211.0,-423289.0,0.05,6.96
32410.0,167.0,-423082.0,-0.033,6.23
32415.0,342.0,-423317.0,0.108,6.23
32420.0,-60.0,-423123.0,-0.042,6.48
32425.0,234.0,-423148.0,0.0,6.23
32431.0,145.0,-423095.0,-0.008,6.96
32436.0,133.0,-423789.0,0.325,6.72
32441.0,49.0,-424406.0,0.267,6.72
32447.0,16.0,-434840.0,11.117,6.48
32451.0,969.0,-455795.0,-5.742,7.21
32456.0,-1603.0,-487888.0,4.292,8.68
32461.0,32.0,-542304.0,7.442,10.14
32467.0,-598.0,-592456.0,-3.317,11.36
32473.0,630.0,-620079.0,9.525,12.34
32478.0,269.0,-672346.0,1.625,13.32
32483.0,125.0,-723298.0,4.267,13.56
32489.0,31.0,-751731.0,8.375,14.54
32493.0,8.0,-805218.0,-0.1,15.27
32499.0,-106.0,-857738.0,7.35,16.5
32504.0,198.0,-884063.0,3.192,17.72
32509.0,-95.0,-932756.0,5.708,18.45
32514.0,68.0,-958409.0,5.058,20.16
32519.0,20.0,-1006244.0,3.825,22.36
32524.0,185.0,-1055022.0,6.017,23.83
32530.0,-27.0,-1079133.0,3.05,23.34
32535.0,33.0,-1126858.0,7.408,23.09
32540.0,606.0,-1175890.0,0.908,22.36
32546.0,196.0,-1226416.0,8.008,21.87
32551.0,302.0,-1250895.0,1.15,21.63
32556.0,-209.0,-1299864.0,7.067,21.87
32561.0,270.0,-1324047.0,3.625,21.87
32566.0,4.0,-1372266.0,4.375,22.12
32572.0,-51.0,-1419694.0,4.65,22.12
32577.0,245.0,-1463416.0,4.6,20.65
32582.0,439.0,-1486681.0,4.05,20.41
32587.0,302.0,-1530752.0,3.658,20.16
32592.0,295.0,-1552619.0,6.142,19.92
32598.0,231.0,-1598004.0,2.367,18.45
32603.0,-188.0,-1642830.0,6.042,20.16
32608.0,-35.0,-1665057.0,3.083,19.67
32613.0,195.0,-1710546.0,5.125,19.67
32618.0,208.0,-1756714.0,4.042,19.18
32623.0,-24.0,-1778547.0,3.733,19.18
32629.0,-116.0,-1822842.0,4.55,18.94
32634.0,-33.0,-1865646.0,3.617,17.96
32638.0,284.0,-1886497.0,4.4,18.21
32645.0,-232.0,-1928488.0,3.558,18.21
32650.0,-37.0,-1970152.0,4.7,17.96
32655.0,-165.0,-1990895.0,2.0,17.72
32660.0,-221.0,-2032834.0,5.792,20.16
32665.0,118.0,-2074358.0,1.725,17.47
32670.0,-445.0,-2095235.0,5.542,17.72
32675.0,173.0,-2138186.0,2.233,17.72
32681.0,-184.0,-2180278.0,4.6,17.96
32686.0,55.0,-2200977.0,3.108,16.98
32691.0,107.0,-2242346.0,3.683,16.98
32697.0,-306.0,-2282812.0,3.925,16.98
32702.0,46.0,-2301887.0,2.833,16.5
32707.0,6.0,-2341196.0,4.392,16.25
32712.0,151.0,-2379588.0,2.142,16.25
32717.0,-105.0,-2398781.0,4.033,16.74
32722.0,-155.0,-2435970.0,3.192,15.76
32729.0,-232.0,-2475130.0,3.508,16.25
32733.0,235.0,-2494211.0,3.358,15.76
32739.0,341.0,-2532602.0,3.233,15.52
32744.0,394.0,-2571356.0,3.842,15.27
32749.0,-63.0,-2590419.0,1.95,15.27
32754.0,-125.0,-2627612.0,4.1,15.03
32759.0,116.0,-2663994.0,2.225,14.78
32764.0,-44.0,-2682375.0,3.267,15.03
32770.0,362.0,-2717346.0,3.125,14.54
32775.0,95.0,-2752966.0,2.117,14.54
32780.0,-142.0,-2769645.0,3.425,14.54
32785.0,204.0,-2805648.0,2.208,14.3
32790.0,89.0,-2839606.0,3.117,14.3
32795.0,-148.0,-2857939.0,2.892,14.05
32801.0,142.0,-2893469.0,3.233,14.05
32806.0,227.0,-2928849.0,1.608,13.81
32812.0,-100.0,-2946344.0,3.575,14.05
32817.0,376.0,-2980419.0,1.55,13.56
32822.0,411.0,-3014551.0,3.408,14.05
32827.0,150.0,-3030784.0,1.542,14.05
32833.0,116.0,-3064392.0,2.917,13.56
32838.0,25.0,-3096062.0,2.8,13.81
32842.0,-14.0,-3112565.0,2.058,13.32
32848.0,-200.0,-3145210.0,3.35,13.56
32854.0,87.0,-3177548.0,0.992,13.07
32858.0,-60.0,-3193379.0,3.792,13.07
32864.0,226.0,-3225811.0,0.908,13.07
32869.0,-203.0,-3257497.0,3.883,13.07
32874.0,-66.0,-3273038.0,0.967,13.32
32879.0,194.0,-3303225.0,3.333,12.59
32884.0,149.0,-3332791.0,2.042,12.83
32889.0,76.0,-3348014.0,1.658,13.07
32896.0,-398.0,-3376874.0,3.625,12.59
32901.0,-79.0,-3405560.0,0.258,12.83
32906.0,56.0,-3419483.0,3.975,12.83
32911.0,-28.0,-3447886.0,1.067,12.59
32916.0,-63.0,-3476974.0,3.1,12.59
32921.0,364.0,-3491415.0,1.808,12.83
32926.0,-144.0,-3520327.0,2.242,10.63
32931.0,-143.0,-3547887.0,2.358,12.34
32936.0,468.0,-3562198.0,1.5,11.85
32942.0,-148.0,-3589405.0,2.625,12.34
32948.0,-41.0,-3616749.0,0.733,11.85
32952.0,248.0,-3629576.0,2.825,11.85
32958.0,54.0,-3656844.0,0.975,12.34
32963.0,-357.0,-3682564.0,3.025,11.61
32968.0,-38.0,-3695785.0,0.992,11.61
32973.0,262.0,-3722108.0,2.7,11.61
32978.0,-67.0,-3747976.0,1.017,11.85
32984.0,192.0,-3761729.0,2.283,11.36
32989.0,-10.0,-3787619.0,1.875,11.36
32995.0,-125.0,-3813357.0,0.917,11.36
32999.0,98.0,-3825082.0,2.742,11.36
33005.0,144.0,-3850927.0,-0.175,11.12
33010.0,-117.0,-3875179.0,3.275,10.87
33014.0,394.0,-3887496.0,-0.617,10.87
33020.0,86.0,-3912178.0,3.467,10.87
33027.0,208.0,-3936236.0,0.483,10.87
33031.0,251.0,-3948287.0,1.092,11.61
33037.0,127.0,-3971594.0,2.342,10.63
33042.0,249.0,-3996062.0,-0.892,10.63
33047.0,156.0,-4019592.0,3.483,10.63
33052.0,309.0,-4031187.0,-0.108,10.39
33057.0,-391.0,-4042532.0,2.8,11.12
33063.0,176.0,-4077234.0,1.533,10.87
33068.0,183.0,-4088511.0,0.992,9.9
33074.0,-267.0,-4109913.0,2.0,10.63
33079.0,-162.0,-4131391.0,-0.067,10.39
33084.0,423.0,-4142232.0,2.167,10.63
33089.0,101.0,-4163951.0,-0.05,8.92
33094.0,-50.0,-4186121.0,2.2,10.14
33099.0,239.0,-4197160.0,0.542,10.39
33105.0,359.0,-4218156.0,2.117,9.16
33111.0,45.0,-4239702.0,1.417,9.9
33116.0,196.0,-4250273.0,1.075,9.9
33121.0,298.0,-4270754.0,1.308,9.65
33127.0,388.0,-4291820.0,0.325,9.9
33131.0,325.0,-4302023.0,1.733,9.9
33136.0,39.0,-4322482.0,-0.15,9.41
33142.0,105.0,-4342572.0,2.333,9.41
33147.0,130.0,-4352667.0,-0.642,10.14
33153.0,160.0,-4372162.0,2.142,9.41
33158.0,356.0,-4392302.0,0.7,9.41
33164.0,147.0,-4412102.0,0.217,9.65
33168.0,-20.0,-4422267.0,1.925,9.16
33174.0,332.0,-4441733.0,-0.892,9.16
33179.0,-56.0,-4461169.0,2.358,9.9
33184.0,121.0,-4470746.0,-0.342,9.41
33189.0,-257.0,-4489751.0,1.942,8.92
33196.0,-277.0,-4508093.0,1.167,8.68
33201.0,64.0,-4517124.0,1.125,8.92
33206.0,-320.0,-4535721.0,2.058,9.16
33211.0,294.0,-4553873.0,-0.617,9.65
33216.0,201.0,-4562756.0,2.583,9.16
33221.0,0.0,-4580511.0,-0.767,8.92
33226.0,-269.0,-4598829.0,2.225,9.41
33230.0,208.0,-4607954.0,0.45,9.65
33236.0,186.0,-4625744.0,1.7,8.92
33243.0,-162.0,-4643316.0,1.392,9.65
33247.0,-65.0,-4651733.0,0.575,9.16
33252.0,275.0,-4668760.0,1.558,8.68
33258.0,-243.0,-4685856.0,0.425,8.92
33263.0,-100.0,-4693983.0,1.483,8.68
33268.0,236.0,-4710584.0,-0.042,9.16
33273.0,-206.0,-4726800.0,1.892,9.16
33278.0,51.0,-4735123.0,-0.525,9.41
33284.0,98.0,-4751068.0,2.133,8.43
33289.0,-174.0,-4767010.0,0.142,8.68
33294.0,-227.0,-4775291.0,1.633,9.16
33299.0,-267.0,-4791388.0,1.125,9.16
33305.0,-23.0,-4807414.0,0.058,8.92
33309.0,182.0,-4815039.0,2.258,8.43
33315.0,374.0,-4830984.0,-0.442,8.43
33320.0,-272.0,-4846180.0,2.0,8.19
33326.0,81.0,-4853967.0,0.075,8.43
33331.0,185.0,-4869090.0,1.158,9.16
33337.0,69.0,-4884470.0,0.3,8.19
33341.0,-310.0,-4891895.0,1.325,8.43
33346.0,-19.0,-4906740.0,0.558,8.43
33351.0,183.0,-4922758.0,0.8,8.43
33356.0,-174.0,-4930069.0,1.8,8.43
33361.0,-12.0,-4937178.0,-0.025,8.43
33368.0,-370.0,-4959318.0,1.708,8.19
33373.0,-389.0,-4966477.0,0.167,8.43
33378.0,-175.0,-4980142.0,1.192,8.43
33383.0,183.0,-4994520.0,0.342,8.92
33388.0,268.0,-5001249.0,1.2,8.19
33393.0,-297.0,-5014778.0,-0.042,8.19
33398.0,29.0,-5028546.0,1.558,8.19
33403.0,62.0,-5035391.0,0.625,8.19
33410.0,-146.0,-5049245.0,1.058,8.19
33415.0,146.0,-5062737.0,1.283,8.19
33421.0,710.0,-5071075.0,-0.5,7.94
33425.0,293.0,-5073042.0,0.908,7.94
33431.0,-353.0,-5074294.0,-0.133,8.19
33437.0,153.0,-5074882.0,0.275,7.7
33442.0,-117.0,-5074312.0,0.517,7.94
33447.0,28.0,-5073691.0,0.367,7.7
33453.0,-56.0,-5071805.0,0.608,7.45
33459.0,44.0,-5068889.0,0.483,7.21
33465.0,4.0,-5066641.0,0.45,7.21
33469.0,99.0,-5065108.0,0.2,6.96
33475.0,41.0,-5061604.0,0.325,7.45
33480.0,-9.0,-5058520.0,0.45,6.96
33486.0,135.0,-5055778.0,0.308,8.92
33490.0,200.0,-5054339.0,0.25,6.48
33497.0,354.0,-5051719.0,0.308,6.48
33503.0,412.0,-5048695.0,0.375,6.23
33508.0,86.0,-5045873.0,0.317,6.48
33513.0,299.0,-5044614.0,0.3,6.48
33518.0,357.0,-5042084.0,0.25,6.48
33524.0,-181.0,-5039114.0,0.308,6.72
33530.0,-111.0,-5036478.0,0.367,6.72
33534.0,168.0,-5035711.0,0.292,6.96
33541.0,-438.0,-5032467.0,0.183,6.96
33547.0,126.0,-5029563.0,0.242,6.72
33552.0,348.0,-5027075.0,0.308,6.23
33557.0,151.0,-5026020.0,0.208,6.48
33562.0,95.0,-5023044.0,0.225,6.48
33568.0,263.0,-5020996.0,0.242,7.45
33574.0,-77.0,-5018470.0,0.25,6.96
33579.0,64.0,-5017189.0,0.267,6.72
33585.0,-30.0,-5014713.0,0.258,6.72
33590.0,200.0,-5012269.0,0.225,6.48
33596.0,-34.0,-5010017.0,0.175,6.48
33601.0,25.0,-5008790.0,0.258,6.96
33606.0,349.0,-5006848.0,0.2,6.96
33612.0,-207.0,-5004258.0,0.167,6.72
33617.0,59.0,-5002410.0,0.217,6.48
33623.0,192.0,-5001169.0,0.208,6.72
33629.0,-240.0,-4998953.0,-0.225,6.48
33634.0,-138.0,-4992819.0,-0.792,6.96
33640.0,-8.0,-4976227.0,1.342,6.48
33644.0,309.0,-4968614.0,0.258,6.96
33650.0,107.0,-4952564.0,-2.058,6.23
33656.0,-23.0,-4934390.0,0.375,5.74
33661.0,199.0,-4915854.0,0.975,5.99
33667.0,324.0,-4906023.0,-0.842,5.74
33672.0,-354.0,-4886335.0,-0.358,5.99
33678.0,-126.0,-4866637.0,0.942,5.5
33684.0,128.0,-4847101.0,-1.583,6.23
33688.0,71.0,-4836296.0,1.625,5.5
33693.0,-82.0,-4816590.0,-1.167,5.5
33699.0,208.0,-4795248.0,0.025,5.74
33704.0,132.0,-4785461.0,-1.042,5.74
33710.0,133.0,-4763336.0,0.092,5.25
33715.0,377.0,-4742682.0,-0.617,5.25
33721.0,-41.0,-4731989.0,-0.617,5.25
33725.0,-88.0,-4709914.0,-0.7,5.5
33731.0,84.0,-4688126.0,-0.042,5.99
33736.0,168.0,-4677515.0,-0.475,5.5
33741.0,289.0,-4655544.0,-0.067,5.74
33746.0,103.0,-4633814.0,-0.183,5.5
33752.0,149.0,-4622651.0,-1.075,3.3
33757.0,172.0,-4600382.0,0.592,5.99
33763.0,-82.0,-4578242.0,-0.592,5.25
33768.0,10.0,-4555208.0,0.467,5.74
33773.0,-139.0,-4544247.0,-1.358,5.25
33778.0,-42.0,-4521721.0,0.875,5.99
33784.0,154.0,-4498805.0,-1.65,5.25
33789.0,-342.0,-4486816.0,0.95,5.01
33794.0,227.0,-4464049.0,-1.342,5.01
33800.0,217.0,-4441657.0,-0.95,5.5
33805.0,-617.0,-4430140.0,1.292,5.01
33810.0,-276.0,-4406937.0,-2.242,5.01
33815.0,-46.0,-4383041.0,1.05,5.01
33820.0,326.0,-4371258.0,-1.55,4.77
33825.0,-125.0,-4346927.0,0.042,5.5
33831.0,285.0,-4323043.0,-1.033,5.01
33837.0,-51.0,-4310224.0,-0.2,4.77
33842.0,-374.0,-4286239.0,-0.542,3.3
33847.0,138.0,-4261073.0,-0.8,5.01
33852.0,50.0,-4248466.0,0.533,5.5
33857.0,367.0,-4223683.0,-1.4,5.25
33863.0,-201.0,-4198915.0,0.942,4.77
33868.0,61.0,-4174447.0,-1.442,4.77
33873.0,197.0,-4161410.0,-0.058,4.52
33879.0,256.0,-4136233.0,-1.075,4.77
33885.0,28.0,-4109793.0,-0.133,5.01
33890.0,94.0,-4096722.0,-0.292,4.52
33894.0,-205.0,-4070427.0,-0.35,4.52
33900.0,-257.0,-4043135.0,0.15,4.52
33905.0,385.0,-4029644.0,-1.317,4.77
33910.0,242.0,-4002895.0,0.683,4.52
33915.0,498.0,-3976447.0,-2.35,4.52
33921.0,180.0,-3962596.0,1.592,4.52
33926.0,297.0,-3935643.0,-2.258,4.28
33932.0,57.0,-3908573.0,0.525,4.28
33937.0,-107.0,-3894994.0,-0.483,4.28
33942.0,-98.0,-3866327.0,-1.025,4.77
33947.0,58.0,-3839201.0,0.058,4.28
33952.0,144.0,-3824506.0,-1.567,4.03
33957.0,-195.0,-3796185.0,0.092,3.79
33964.0,231.0,-3767273.0,-1.2,4.28
33969.0,165.0,-3737945.0,0.05,3.79
33974.0,-209.0,-3723914.0,-2.158,3.79
33979.0,-162.0,-3694433.0,0.55,4.03
33985.0,396.0,-3665229.0,-1.55,3.79
33990.0,-350.0,-3650732.0,-0.925,3.79
33994.0,-313.0,-3621469.0,-0.408,4.28
34000.0,655.0,-3592081.0,-1.292,4.28
34006.0,109.0,-3576798.0,-0.392,4.03
34011.0,40.0,-3545873.0,-1.617,4.03
34016.0,138.0,-3514379.0,-0.267,3.54
34022.0,172.0,-3498944.0,-2.725,3.54
34026.0,7.0,-3467463.0,1.117,3.3
34031.0,-500.0,-3435441.0,-3.025,3.54
34037.0,-298.0,-3419290.0,1.033,3.3
34041.0,-17.0,-3387663.0,-2.708,3.3
34048.0,-185.0,-3356049.0,-0.508,3.54
34053.0,81.0,-3340174.0,-0.208,3.05
34058.0,-358.0,-3308205.0,-2.542,3.05
34063.0,34.0,-3275343.0,0.267,2.81
34068.0,168.0,-3259892.0,-3.225,3.05
34073.0,-231.0,-3225647.0,1.025,3.3
34079.0,285.0,-3191777.0,-3.15,3.05
34084.0,-543.0,-3174658.0,-0.325,2.81
34088.0,-206.0,-3140711.0,-1.892,3.05
34095.0,127.0,-3107023.0,-1.225,3.3
34100.0,-201.0,-3089672.0,-0.925,2.57
34104.0,-170.0,-3056309.0,-2.317,2.57
34110.0,432.0,-3022041.0,-0.142,2.81
34115.0,290.0,-3005638.0,-3.767,2.57
34120.0,-181.0,-2971175.0,0.975,2.57
34125.0,178.0,-2954260.0,-3.683,2.57
34130.0,44.0,-2918725.0,-0.175,2.08
34136.0,353.0,-2883879.0,-3.267,2.08
34141.0,91.0,-2846995.0,-0.025,2.08
34147.0,333.0,-2829402.0,-3.158,1.83
34151.0,494.0,-2793405.0,-1.15,1.83
34157.0,6.0,-2756023.0,-2.167,1.83
34162.0,-134.0,-2738184.0,-1.692,2.32
34167.0,253.0,-2702435.0,-1.3,1.59
34172.0,139.0,-2667563.0,-3.117,2.08
34178.0,-269.0,-2649646.0,-1.017,2.08
34183.0,94.0,-2613323.0,-3.467,1.83
34188.0,-373.0,-2594614.0,-0.958,1.59
34193.0,65.0,-2558329.0,-3.358,1.1
34198.0,104.0,-2519687.0,-1.142,0.61
34204.0,244.0,-2481807.0,-3.483,0.86
