time_ms,p1,p2,f3,f4
35085.0,128.0,156104.0,0.067,6.23
35090.0,594.0,155960.0,0.075,6.23
35095.0,-12.0,155889.0,0.008,6.23
35100.0,-1.0,155784.0,0.0,6.48
35105.0,373.0,155720.0,0.042,6.48
35110.0,392.0,155859.0,0.0,6.23
35117.0,184.0,155963.0,-0.042,5.99
35122.0,190.0,155969.0,0.017,6.96
35127.0,184.0,155924.0,0.058,6.72
35132.0,113.0,156165.0,-0.017,6.48
35137.0,321.0,156007.0,-0.042,6.23
35142.0,347.0,155908.0,-0.067,6.23
35147.0,384.0,155723.0,0.075,6.23
35153.0,366.0,155665.0,0.083,6.23
35159.0,14.0,156002.0,0.058,6.23
35163.0,149.0,155893.0,0.042,6.23
35169.0,199.0,155573.0,-0.025,6.23
35174.0,305.0,155942.0,-0.008,6.23
35179.0,242.0,156141.0,-0.033,6.48
35184.0,38.0,155715.0,0.05,6.23
35189.0,154.0,155584.0,0.0,6.23
35194.0,43.0,155929.0,0.042,6.23
35200.0,9.0,155923.0,0.108,6.23
35205.0,304.0,155888.0,0.025,6.72
35210.0,-33.0,155866.0,0.083,6.72
35215.0,-241.0,155958.0,0.083,6.72
35220.0,212.0,155919.0,0.05,6.72
35226.0,66.0,156025.0,0.025,6.72
35231.0,70.0,156005.0,0.075,6.72
35236.0,502.0,155732.0,0.025,6.48
35241.0,553.0,155871.0,-0.083,6.23
35247.0,265.0,155793.0,-0.05,6.23
35252.0,555.0,155962.0,-0.033,6.23
35257.0,712.0,155929.0,-0.033,6.23
35263.0,274.0,155963.0,0.033,6.48
35268.0,488.0,155942.0,0.017,6.48
35272.0,185.0,155737.0,0.0,6.48
35278.0,-57.0,155541.0,0.025,6.23
35283.0,269.0,155888.0,0.017,6.48
35289.0,208.0,155833.0,0.042,5.99
35294.0,498.0,155995.0,0.033,6.96
35299.0,138.0,156080.0,0.0,6.72
35304.0,269.0,156156.0,0.017,6.48
35310.0,67.0,155654.0,0.0,6.23
35315.0,87.0,155989.0,0.025,6.23
35319.0,370.0,156078.0,0.192,5.99
35325.0,160.0,155826.0,0.05,6.48
35331.0,190.0,155671.0,0.0,6.96
35336.0,523.0,155682.0,0.083,6.23
35341.0,221.0,155962.0,0.083,6.23
35346.0,-141.0,155937.0,-0.058,6.23
35351.0,10.0,156080.0,0.033,6.72
35356.0,204.0,155730.0,0.083,6.23
35361.0,6.0,155801.0,0.208,6.72
35366.0,-61.0,156087.0,-0.033,5.99
35373.0,223.0,156007.0,0.042,6.23
35378.0,-43.0,156122.0,-0.092,6.72
35383.0,422.0,155853.0,0.108,6.48
35388.0,140.0,155757.0,0.033,6.48
35393.0,-96.0,155990.0,0.033,6.96
35398.0,-1.0,155807.0,-0.008,6.48
35403.0,325.0,155906.0,0.025,6.23
35407.0,230.0,155669.0,0.158,6.23
35414.0,-4.0,155821.0,0.142,6.23
35419.0,80.0,155966.0,0.117,6.48
35424.0,67.0,155743.0,0.142,6.48
35429.0,105.0,155687.0,0.083,6.23
35434.0,-3.0,155630.0,0.092,6.23
35439.0,220.0,155477.0,0.075,6.72
35444.0,146.0,155793.0,0.117,6.23
35449.0,452.0,155936.0,0.0,6.23
35454.0,417.0,155487.0,0.025,6.23
35460.0,21.0,156143.0,0.058,6.23
35465.0,45.0,156156.0,0.0,6.48
35470.0,24.0,155852.0,-0.067,6.23
35476.0,534.0,155522.0,0.025,6.96
35481.0,172.0,155947.0,-0.008,6.23
35486.0,261.0,155766.0,-0.075,6.23
35491.0,395.0,155862.0,0.058,5.99
35496.0,31.0,156017.0,0.008,6.23
35502.0,300.0,155498.0,0.092,6.23
35507.0,162.0,155764.0,0.05,6.23
35513.0,72.0,155543.0,-0.025,6.48
35517.0,445.0,155750.0,0.008,6.96
35523.0,493.0,155844.0,0.05,6.72
35528.0,49.0,156051.0,-0.05,6.23
35532.0,222.0,155870.0,0.092,6.23
35538.0,356.0,155994.0,0.025,6.23
35544.0,136.0,155739.0,-0.067,7.94
35549.0,-179.0,155826.0,0.067,6.96
35554.0,399.0,155969.0,0.058,6.23
35558.0,438.0,155898.0,0.017,6.48
35564.0,23.0,155814.0,0.1,6.48
35569.0,145.0,155559.0,0.142,6.23
35573.0,-14.0,155438.0,0.117,6.23
35579.0,-48.0,155922.0,0.05,6.48
35585.0,154.0,155677.0,0.067,6.72
35590.0,361.0,156093.0,0.167,6.23
35595.0,177.0,155745.0,0.075,6.48
35600.0,253.0,155792.0,0.0,6.48
35605.0,230.0,156011.0,-0.042,6.96
35611.0,-116.0,155887.0,0.033,6.23
35616.0,658.0,155806.0,0.025,5.99
35620.0,463.0,156053.0,0.033,6.72
35627.0,433.0,155981.0,0.017,6.23
35632.0,57.0,156280.0,0.183,6.23
35637.0,436.0,156099.0,0.058,6.96
35642.0,-160.0,155753.0,0.075,7.21
35647.0,-14.0,155950.0,0.017,6.72
35652.0,109.0,155525.0,0.0,5.99
35657.0,155.0,155677.0,0.058,6.48
35662.0,163.0,155852.0,0.1,6.48
35667.0,626.0,156356.0,0.067,6.72
35673.0,451.0,156189.0,0.092,6.23
35678.0,-131.0,156220.0,-0.033,6.23
35683.0,198.0,155792.0,0.117,6.23
35688.0,414.0,155717.0,0.058,6.23
35693.0,2.0,155980.0,0.058,6.72
35698.0,-101.0,155700.0,-0.092,6.48
35703.0,69.0,155629.0,-0.017,6.72
35708.0,58.0,155758.0,0.1,6.96
35715.0,76.0,155966.0,0.108,6.23
35720.0,346.0,155813.0,0.042,6.72
35724.0,509.0,155648.0,0.075,6.72
35730.0,399.0,155896.0,0.1,6.72
35735.0,401.0,155941.0,0.017,6.72
35740.0,300.0,155764.0,-0.05,6.96
35745.0,64.0,155836.0,0.075,6.48
35750.0,10.0,155879.0,-0.017,6.48
35756.0,379.0,155981.0,0.108,6.23
35761.0,120.0,155942.0,-0.058,6.23
35766.0,32.0,155853.0,0.058,6.48
35771.0,-291.0,155845.0,0.0,6.48
35776.0,269.0,155942.0,0.083,6.23
35781.0,319.0,155875.0,-0.075,6.23
35786.0,438.0,156163.0,0.108,6.23
35791.0,-106.0,156024.0,0.067,6.72
35796.0,-62.0,155659.0,0.117,6.23
35802.0,75.0,155919.0,0.042,6.72
35807.0,393.0,155970.0,0.025,6.72
35813.0,89.0,155871.0,0.058,6.72
35818.0,216.0,155915.0,0.0,6.23
35823.0,236.0,155922.0,-0.008,6.23
35827.0,323.0,155983.0,0.075,6.23
35833.0,75.0,156031.0,-0.008,6.48
35838.0,141.0,156064.0,-0.1,6.23
35844.0,76.0,156126.0,-0.067,6.23
35848.0,-91.0,155829.0,-0.067,6.23
35854.0,497.0,155868.0,0.042,6.72
35859.0,656.0,155904.0,0.017,5.01
35864.0,-222.0,155997.0,0.142,6.48
35869.0,276.0,156024.0,-0.008,6.23
35874.0,221.0,155628.0,0.017,6.23
35879.0,183.0,156135.0,-0.042,6.23
35885.0,59.0,155968.0,0.0,6.72
35890.0,234.0,155840.0,0.025,6.23
35895.0,102.0,155893.0,-0.008,6.23
35900.0,-82.0,156106.0,0.092,6.96
35905.0,-119.0,155928.0,0.042,6.72
35910.0,47.0,155655.0,0.092,5.99
35915.0,57.0,155726.0,-0.025,5.99
35920.0,80.0,155690.0,0.05,6.48
35926.0,350.0,155859.0,0.075,6.23
35932.0,-53.0,155427.0,0.008,6.23
35936.0,484.0,155474.0,0.117,6.72
35941.0,-240.0,156087.0,0.042,6.23
35946.0,-31.0,155765.0,-0.025,6.72
35951.0,661.0,155786.0,0.075,6.72
35957.0,25.0,155713.0,0.033,5.99
35962.0,-160.0,156139.0,-0.075,6.23
35968.0,220.0,156004.0,0.008,6.23
35973.0,308.0,155725.0,0.008,6.23
35978.0,101.0,156023.0,-0.025,6.48
35983.0,267.0,156278.0,0.0,6.23
35988.0,737.0,156037.0,-0.025,6.23
35993.0,232.0,155945.0,0.05,6.23
35998.0,-22.0,155846.0,-0.025,6.23
36003.0,274.0,156139.0,0.0,6.72
36008.0,83.0,156158.0,-0.033,6.23
36014.0,291.0,156069.0,0.075,6.72
36019.0,358.0,155765.0,-0.075,6.23
36024.0,295.0,155618.0,0.033,6.96
36029.0,399.0,155869.0,0.008,6.96
36033.0,224.0,155916.0,-0.092,6.23
36038.0,204.0,156017.0,-0.033,6.72
36043.0,523.0,155985.0,0.15,6.96
36048.0,134.0,156044.0,0.058,6.72
36054.0,-30.0,155969.0,0.042,7.21
36059.0,-83.0,155810.0,0.058,6.72
36064.0,175.0,155713.0,0.033,6.23
36069.0,190.0,155827.0,-0.042,6.72
36073.0,73.0,156002.0,0.0,6.23
36079.0,-135.0,155472.0,-0.025,6.23
36084.0,32.0,155892.0,0.017,6.72
36089.0,391.0,155603.0,-0.017,6.23
36094.0,-43.0,155675.0,-0.008,6.72
36100.0,-118.0,155455.0,0.008,6.23
36105.0,365.0,155658.0,0.0,6.72
36110.0,368.0,155856.0,0.008,6.23
36115.0,-5.0,155927.0,0.067,6.23
36120.0,427.0,155924.0,0.025,6.96
36125.0,434.0,155734.0,0.017,6.72
36130.0,-34.0,156135.0,0.033,6.23
36135.0,268.0,155576.0,-0.033,6.72
36141.0,383.0,155830.0,0.075,6.23
36146.0,-321.0,155771.0,0.117,6.23
36151.0,407.0,155782.0,0.067,6.23
36156.0,474.0,155678.0,0.033,6.23
36161.0,56.0,155767.0,-0.025,6.23
36166.0,14.0,155876.0,0.017,6.23
36171.0,159.0,155927.0,0.075,6.23
36176.0,245.0,155858.0,-0.008,6.48
36182.0,36.0,155978.0,0.05,6.23
36187.0,165.0,155757.0,0.025,6.48
36192.0,111.0,156011.0,0.033,6.23
36197.0,182.0,156115.0,-0.008,6.23
36202.0,251.0,156116.0,0.008,6.23
36207.0,297.0,155646.0,0.025,6.23
36213.0,354.0,156384.0,0.133,6.96
36217.0,23.0,156087.0,-0.067,6.96
36224.0,221.0,155677.0,0.017,6.23
36229.0,46.0,155811.0,0.05,6.23
36233.0,199.0,155738.0,-0.008,6.48
36239.0,415.0,155782.0,0.0,6.96
36244.0,354.0,155720.0,0.033,5.99
36249.0,545.0,155783.0,-0.067,6.48
36254.0,131.0,155997.0,0.033,6.96
36259.0,144.0,155969.0,0.108,6.72
36264.0,67.0,156126.0,0.0,6.23
36270.0,421.0,155984.0,0.075,6.48
36275.0,414.0,156007.0,0.15,5.99
36280.0,168.0,156126.0,0.008,6.23
36286.0,350.0,155904.0,-0.017,6.72
36290.0,313.0,155821.0,-0.025,6.96
36295.0,299.0,155534.0,0.042,6.96
36301.0,-205.0,155598.0,-0.008,5.01
36305.0,156.0,155619.0,0.033,6.48
36312.0,84.0,155976.0,-0.058,6.96
36317.0,-209.0,155646.0,-0.017,6.23
36321.0,176.0,155357.0,0.025,6.48
36327.0,-80.0,155767.0,0.083,6.96
36332.0,93.0,155959.0,-0.042,6.23
36336.0,148.0,155852.0,-0.042,6.23
36342.0,196.0,156116.0,0.0,6.23
36347.0,45.0,155644.0,0.0,6.23
36353.0,-62.0,155565.0,-0.033,6.23
36358.0,330.0,155709.0,-0.05,6.23
36363.0,293.0,155757.0,0.05,6.23
36368.0,60.0,155448.0,0.092,6.23
36373.0,446.0,155826.0,0.033,6.23
36378.0,93.0,156035.0,-0.075,6.23
36383.0,311.0,155726.0,0.033,6.23
36389.0,101.0,155782.0,0.008,6.23
36393.0,-152.0,155769.0,-0.05,6.23
36399.0,504.0,155822.0,-0.092,6.48
36405.0,238.0,155774.0,0.017,6.23
36409.0,11.0,155789.0,0.042,6.23
36414.0,1.0,155864.0,0.042,6.48
36420.0,315.0,155766.0,0.0,6.72
36425.0,400.0,155655.0,0.142,6.23
36430.0,232.0,155716.0,0.05,6.23
36435.0,299.0,155754.0,-0.008,6.72
36440.0,498.0,155585.0,0.075,6.48
36446.0,154.0,155811.0,0.0,6.48
36451.0,79.0,155735.0,0.058,6.48
36456.0,472.0,155882.0,0.017,6.23
36461.0,-106.0,155634.0,0.0,6.23
36466.0,-31.0,155551.0,0.008,6.23
36471.0,493.0,155752.0,0.092,6.23
36476.0,207.0,155744.0,0.017,6.48
36482.0,506.0,156023.0,0.075,6.48
36487.0,252.0,156220.0,-0.083,6.23
36493.0,540.0,155756.0,0.017,6.23
36497.0,439.0,156009.0,0.008,5.74
36502.0,-85.0,155986.0,-0.025,6.23
36508.0,321.0,156078.0,-0.008,6.23
36512.0,490.0,156171.0,0.083,6.23
36517.0,168.0,156262.0,-0.042,6.23
36524.0,44.0,155738.0,0.05,6.96
36529.0,131.0,155769.0,0.033,6.23
36534.0,243.0,155852.0,-0.025,6.23
36539.0,175.0,155852.0,0.092,6.23
36544.0,110.0,155821.0,0.058,6.72
36549.0,472.0,155786.0,-0.058,5.99
36555.0,212.0,155414.0,0.067,6.23
36559.0,239.0,155603.0,0.058,6.23
36564.0,-5.0,155982.0,-0.025,6.48
36571.0,311.0,155866.0,0.058,6.23
36575.0,76.0,155833.0,0.058,6.23
36580.0,-218.0,155788.0,0.017,6.23
36585.0,-193.0,156047.0,0.042,6.23
36590.0,130.0,156226.0,0.058,6.23
36595.0,-156.0,155918.0,-0.008,6.48
36600.0,-237.0,155735.0,0.042,6.48
36605.0,691.0,155748.0,0.083,6.96
36611.0,237.0,155882.0,0.075,6.23
36616.0,274.0,155891.0,-0.008,6.96
36622.0,324.0,155701.0,-0.075,6.96
36627.0,396.0,155591.0,0.025,6.96
36632.0,-53.0,155924.0,0.117,6.48
36636.0,-44.0,156161.0,0.033,6.23
36641.0,335.0,156320.0,0.025,6.23
36646.0,6.0,156013.0,0.025,6.23
36652.0,-206.0,155931.0,0.042,6.23
36657.0,113.0,155542.0,0.0,6.23
36662.0,39.0,155502.0,-0.05,6.96
36668.0,395.0,155848.0,0.075,6.23
36672.0,-76.0,155787.0,0.042,6.23
36677.0,160.0,155930.0,0.0,5.01
36683.0,208.0,155912.0,0.058,6.23
36688.0,277.0,155767.0,0.158,6.23
36694.0,105.0,155872.0,-0.017,5.99
36699.0,397.0,155990.0,0.042,6.23
36704.0,60.0,155841.0,-0.108,6.72
36709.0,172.0,155654.0,0.0,6.23
36714.0,98.0,155844.0,0.05,6.96
36719.0,277.0,155859.0,0.008,6.48
36724.0,151.0,155999.0,0.025,6.48
36730.0,-217.0,156049.0,-0.067,6.23
36736.0,-110.0,155778.0,0.083,6.23
36740.0,5.0,155731.0,0.058,6.23
36745.0,78.0,156002.0,0.033,6.96
36750.0,14.0,155651.0,0.075,6.72
36755.0,542.0,155655.0,-0.042,6.48
36760.0,-83.0,155758.0,0.05,6.23
36765.0,-155.0,155743.0,-0.092,6.23
36771.0,-87.0,155805.0,0.05,6.23
36775.0,238.0,155712.0,0.083,6.72
36781.0,18.0,155485.0,0.008,6.48
36787.0,168.0,155625.0,0.017,6.23
36791.0,195.0,155838.0,0.017,6.96
36797.0,77.0,155884.0,0.025,6.96
36802.0,123.0,155588.0,0.0,6.23
36807.0,488.0,155805.0,0.0,6.23
36812.0,537.0,155896.0,0.092,6.72
36816.0,330.0,155923.0,0.133,6.48
36822.0,-295.0,155694.0,0.05,6.23
36827.0,15.0,155636.0,-0.033,6.96
36832.0,234.0,156073.0,0.058,6.23
36838.0,132.0,155313.0,0.042,6.48
36843.0,202.0,155501.0,0.033,6.96
36848.0,185.0,155942.0,0.05,6.23
36852.0,232.0,155589.0,0.042,6.23
36858.0,104.0,155907.0,-0.042,6.23
36864.0,169.0,155946.0,-0.033,6.23
36869.0,357.0,155264.0,0.042,7.45
36875.0,425.0,155466.0,-0.067,6.96
36879.0,150.0,155571.0,0.017,5.25
36884.0,-263.0,155516.0,0.125,6.23
36889.0,699.0,154860.0,0.1,6.23
36894.0,204.0,155143.0,0.158,6.48
36900.0,16.0,155599.0,0.075,6.23
36905.0,500.0,156099.0,0.017,6.96
36911.0,515.0,155700.0,0.042,7.94
36916.0,105.0,155578.0,-0.008,6.23
36922.0,45.0,155534.0,0.125,6.96
36927.0,-17.0,155988.0,0.0,6.23
36932.0,-50.0,155945.0,0.017,6.96
36937.0,276.0,155961.0,0.05,6.48
36943.0,176.0,156267.0,0.042,6.23
36948.0,155.0,156148.0,-0.025,6.72
36954.0,150.0,155664.0,0.05,6.96
36959.0,402.0,155738.0,-0.008,6.48
36964.0,165.0,155765.0,-0.025,6.96
36969.0,378.0,155555.0,0.075,5.99
36975.0,-64.0,155741.0,0.033,6.23
36979.0,169.0,155562.0,0.025,6.23
36984.0,466.0,155400.0,0.042,6.96
36990.0,216.0,155642.0,-0.017,6.48
36995.0,-27.0,155525.0,-0.033,6.23
37001.0,179.0,155517.0,0.042,6.23
37006.0,163.0,155511.0,-0.042,6.23
37012.0,357.0,155553.0,0.117,6.72
37017.0,224.0,155556.0,0.083,6.72
37022.0,442.0,155366.0,0.058,6.23
37028.0,344.0,155600.0,-0.083,6.23
37033.0,356.0,155619.0,-0.042,6.96
37038.0,285.0,155588.0,0.0,6.23
37044.0,-149.0,155852.0,0.025,6.23
37049.0,-21.0,155547.0,0.083,6.72
37054.0,238.0,155674.0,-0.008,6.23
37059.0,578.0,155616.0,0.067,6.48
37064.0,0.0,155673.0,0.033,6.96
37069.0,91.0,155748.0,0.125,6.23
37074.0,281.0,155862.0,-0.017,6.23
37080.0,44.0,155969.0,0.1,6.23
37085.0,38.0,155445.0,0.033,6.23
37091.0,350.0,155759.0,0.017,6.23
37096.0,50.0,156152.0,-0.033,5.99
37101.0,-299.0,155983.0,0.05,9.16
37106.0,321.0,155755.0,-0.025,6.72
37111.0,351.0,155636.0,0.017,6.72
37116.0,314.0,155419.0,0.042,5.99
37122.0,-66.0,155545.0,0.033,6.23
37127.0,100.0,155642.0,-0.033,6.48
37132.0,63.0,155547.0,-0.067,6.23
37138.0,341.0,155599.0,-0.033,6.48
37143.0,173.0,155660.0,-0.025,5.01
37147.0,106.0,155647.0,0.05,6.48
37153.0,292.0,155319.0,0.05,6.96
37158.0,190.0,155524.0,0.05,6.23
37164.0,79.0,155661.0,0.058,6.23
37169.0,109.0,155149.0,0.075,6.96
37174.0,413.0,155254.0,0.05,6.23
37179.0,108.0,155345.0,0.05,6.23
37184.0,-32.0,155629.0,-0.108,6.23
37189.0,113.0,155660.0,0.033,6.23
37194.0,110.0,155460.0,0.058,6.23
37199.0,212.0,155511.0,0.058,6.48
37204.0,449.0,155622.0,0.008,6.23
37210.0,245.0,155634.0,-0.017,6.72
37215.0,255.0,155791.0,-0.017,6.23
37220.0,124.0,155612.0,-0.075,6.23
37226.0,242.0,155808.0,0.083,6.23
37231.0,-42.0,155965.0,-0.033,6.48
37235.0,-181.0,155808.0,0.075,6.23
37241.0,395.0,155908.0,0.033,6.23
37246.0,-273.0,156205.0,0.033,6.23
37252.0,-12.0,155816.0,0.017,6.72
37257.0,138.0,155826.0,0.017,6.48
37262.0,452.0,155881.0,0.05,6.48
37267.0,211.0,156082.0,0.017,6.23
37272.0,9.0,155644.0,0.033,6.23
37277.0,615.0,155517.0,0.025,6.23
37282.0,422.0,155536.0,0.067,7.94
37287.0,334.0,155538.0,0.108,6.23
37294.0,12.0,155633.0,0.025,6.23
37298.0,-67.0,155736.0,0.058,5.99
37304.0,443.0,155416.0,0.058,6.48
37309.0,191.0,155837.0,-0.025,6.23
37313.0,286.0,155862.0,-0.1,6.23
37319.0,292.0,155690.0,0.0,6.72
37324.0,208.0,155753.0,-0.008,6.72
37329.0,275.0,155563.0,0.0,6.23
37336.0,243.0,155641.0,0.017,6.96
37341.0,121.0,155316.0,-0.017,6.48
37345.0,164.0,155897.0,0.058,6.23
37351.0,406.0,155433.0,0.017,6.23
37356.0,94.0,155620.0,-0.008,6.48
37360.0,71.0,155573.0,0.0,6.96
37366.0,347.0,155725.0,0.042,6.23
37371.0,221.0,155610.0,0.05,6.48
37377.0,296.0,155569.0,0.117,6.72
37382.0,276.0,155981.0,0.058,6.23
37387.0,72.0,155742.0,-0.033,6.23
37392.0,105.0,155471.0,0.067,6.48
37397.0,405.0,155767.0,-0.083,6.23
37403.0,243.0,155394.0,0.092,6.23
37407.0,234.0,155657.0,0.05,6.23
37413.0,78.0,155891.0,0.025,6.48
37419.0,204.0,155846.0,0.067,6.23
37424.0,123.0,155430.0,0.058,6.23
37429.0,585.0,155676.0,0.067,6.23
37434.0,225.0,155429.0,0.208,6.23
37439.0,2.0,155374.0,0.05,6.72
37445.0,130.0,155744.0,-0.025,6.23
37450.0,76.0,155789.0,0.092,6.48
37454.0,395.0,155622.0,0.058,6.23
37460.0,-5.0,155884.0,0.008,6.23
37466.0,423.0,155779.0,-0.017,6.23
37470.0,266.0,155634.0,-0.192,6.23
37476.0,-72.0,155802.0,0.025,6.23
37481.0,270.0,155831.0,0.083,6.23
37486.0,347.0,155567.0,-0.042,6.23
37492.0,307.0,155643.0,-0.05,6.23
37497.0,21.0,155554.0,0.075,6.23
37501.0,64.0,155933.0,-0.008,6.23
37508.0,186.0,155947.0,0.067,6.23
37513.0,336.0,155936.0,-0.033,6.23
37518.0,61.0,155553.0,0.058,6.23
37523.0,199.0,155763.0,0.083,6.23
37528.0,137.0,156078.0,-0.058,6.23
37533.0,152.0,155775.0,0.075,6.23
37538.0,28.0,155387.0,0.05,6.23
37543.0,-122.0,155418.0,0.0,6.23
37549.0,13.0,155705.0,0.067,6.48
37554.0,171.0,155774.0,0.033,6.23
37559.0,-119.0,155745.0,-0.017,6.23
37564.0,-54.0,155679.0,0.025,6.48
37569.0,-52.0,155528.0,0.067,6.23
37574.0,373.0,155275.0,0.1,6.96
37578.0,380.0,155760.0,0.0,6.23
37583.0,417.0,155471.0,-0.033,6.96
37588.0,-72.0,155336.0,0.125,5.99
37594.0,586.0,155735.0,0.058,6.23
37599.0,557.0,155845.0,0.142,6.96
37604.0,311.0,155866.0,0.075,6.96
37609.0,91.0,155657.0,0.042,6.72
37614.0,274.0,155615.0,0.033,6.96
37619.0,230.0,155436.0,0.108,6.23
37624.0,112.0,155249.0,-0.033,6.23
37629.0,119.0,155545.0,0.05,6.23
37635.0,511.0,155726.0,0.025,6.23
37641.0,157.0,155635.0,0.008,6.23
37646.0,-138.0,155801.0,-0.017,5.99
37651.0,210.0,155824.0,-0.05,6.48
37655.0,247.0,155573.0,0.083,6.23
37660.0,232.0,155404.0,0.05,6.23
37665.0,44.0,155885.0,0.008,6.23
37670.0,21.0,155607.0,0.125,6.23
37676.0,167.0,155640.0,0.1,6.23
37681.0,186.0,156019.0,0.067,6.23
37685.0,9.0,155874.0,0.05,6.23
37690.0,188.0,155845.0,0.133,6.23
37695.0,199.0,155796.0,-0.092,6.72
37700.0,-211.0,155995.0,0.05,6.23
37705.0,-134.0,155973.0,0.042,6.72
37710.0,226.0,156038.0,0.083,6.72
37715.0,652.0,155879.0,0.017,6.96
37721.0,371.0,155665.0,0.017,6.48
37726.0,333.0,155676.0,0.058,7.21
37731.0,227.0,155941.0,-0.033,6.48
37736.0,204.0,155813.0,0.058,6.23
37741.0,-184.0,155770.0,0.042,6.23
37746.0,302.0,156069.0,0.042,6.72
37752.0,295.0,156043.0,-0.017,6.96
37757.0,159.0,155874.0,0.042,6.23
37763.0,339.0,156005.0,0.0,6.23
37768.0,586.0,155943.0,0.05,6.72
37773.0,446.0,156042.0,0.033,6.23
37778.0,351.0,155739.0,0.167,6.72
37782.0,46.0,155804.0,-0.067,6.23
37787.0,546.0,155827.0,0.042,6.96
37792.0,627.0,155831.0,0.067,6.72
37797.0,5.0,155804.0,0.058,6.48
37803.0,30.0,155985.0,-0.025,6.72
37808.0,265.0,155558.0,0.042,6.72
37813.0,-23.0,156039.0,-0.075,6.23
37818.0,-32.0,156171.0,-0.008,6.96
37823.0,362.0,155840.0,0.033,6.23
37828.0,117.0,155848.0,0.1,6.23
37833.0,-454.0,155889.0,-0.042,6.23
37838.0,286.0,155628.0,0.025,6.23
37843.0,199.0,155788.0,-0.042,6.23
37848.0,-134.0,155721.0,-0.042,6.72
37853.0,178.0,155460.0,-0.008,6.48
37859.0,111.0,155484.0,-0.033,6.48
37864.0,371.0,155779.0,0.042,6.23
37869.0,213.0,155760.0,0.083,6.23
37874.0,286.0,155680.0,-0.042,6.48
37879.0,264.0,155489.0,0.05,6.23
37884.0,66.0,155574.0,0.042,6.23
37890.0,199.0,155427.0,-0.108,6.23
37895.0,367.0,155724.0,0.058,6.23
37900.0,88.0,155690.0,0.008,6.23
37904.0,429.0,155811.0,0.133,6.23
37909.0,257.0,155792.0,0.017,6.23
37915.0,374.0,155882.0,-0.008,6.23
37920.0,336.0,155525.0,-0.125,6.72
37925.0,234.0,155471.0,0.0,6.23
37931.0,321.0,155795.0,-0.008,6.23
37936.0,174.0,155836.0,-0.058,7.21
37941.0,12.0,155488.0,0.025,6.96
37946.0,75.0,155634.0,-0.017,6.23
37952.0,193.0,155433.0,0.058,6.48
37957.0,289.0,155602.0,-0.025,6.23
37962.0,88.0,155734.0,0.042,6.72
37967.0,240.0,155751.0,0.017,6.23
37972.0,410.0,155546.0,-0.05,6.96
37978.0,79.0,155564.0,0.033,6.72
37983.0,201.0,155529.0,0.117,6.23
37988.0,445.0,155734.0,0.025,6.23
37993.0,316.0,155262.0,0.067,6.23
37998.0,20.0,155427.0,0.0,6.23
38004.0,162.0,155279.0,0.042,6.23
38009.0,293.0,155405.0,-0.017,6.23
38013.0,-134.0,155460.0,0.017,6.48
38020.0,72.0,155638.0,0.05,6.48
38025.0,-35.0,155400.0,0.067,6.96
38030.0,418.0,155453.0,0.067,6.23
38035.0,416.0,155595.0,0.117,6.23
38040.0,315.0,155591.0,0.083,6.23
38045.0,446.0,155580.0,0.1,6.23
38050.0,-44.0,155492.0,0.067,6.72
38055.0,271.0,155720.0,-0.025,5.99
38061.0,234.0,155831.0,-0.058,6.96
38067.0,134.0,155463.0,0.017,6.48
38072.0,-21.0,155793.0,0.05,6.23
38076.0,-34.0,155880.0,0.05,6.23
38081.0,-79.0,155864.0,0.017,6.23
38086.0,418.0,155561.0,0.008,6.23
38091.0,190.0,156010.0,-0.008,6.23
38096.0,-1.0,155896.0,0.042,6.72
38102.0,275.0,155781.0,0.067,6.23
38108.0,347.0,155599.0,-0.058,6.96
38113.0,172.0,155077.0,-0.008,6.23
38117.0,263.0,154274.0,-0.083,6.23
38123.0,287.0,145866.0,-0.617,8.43
38128.0,326.0,132274.0,-1.567,6.48
38133.0,-115.0,117287.0,-2.375,6.72
38138.0,1.0,-5295.0,-3.942,5.99
38144.0,-36.0,-78533.0,-4.367,6.96
38149.0,457.0,-107490.0,-3.425,5.99
38154.0,167.0,-157592.0,-2.333,6.72
38160.0,354.0,-196322.0,-1.742,6.72
38164.0,409.0,-205581.0,-2.042,6.23
38170.0,125.0,-202153.0,-2.642,6.96
38175.0,110.0,-193559.0,-2.942,6.23
38180.0,211.0,-185676.0,-2.667,6.23
38185.0,391.0,-180830.0,-2.158,6.23
38191.0,160.0,-186432.0,-1.925,6.48
38196.0,225.0,-192353.0,-2.292,6.23
38201.0,237.0,-204413.0,-2.875,6.23
38207.0,384.0,-215787.0,-2.983,6.23
38211.0,299.0,-223056.0,-2.742,6.23
38217.0,153.0,-232238.0,-2.425,6.23
38222.0,-26.0,-234344.0,-2.142,6.23
38226.0,175.0,-223631.0,-2.075,6.72
38233.0,495.0,-188719.0,-2.083,6.96
38238.0,594.0,-175019.0,-2.008,6.23
38243.0,23.0,-172338.0,-2.083,6.23
38248.0,333.0,-172278.0,-2.242,5.99
38253.0,340.0,-180568.0,-2.208,6.23
38258.0,115.0,-186253.0,-2.342,6.23
38264.0,-5.0,-202149.0,-2.433,6.23
38269.0,178.0,-215617.0,-2.35,5.99
38274.0,511.0,-222340.0,-2.292,6.23
38280.0,81.0,-236980.0,-2.092,6.23
38285.0,242.0,-246904.0,-2.092,6.23
38290.0,297.0,-252249.0,-2.342,5.99
38295.0,221.0,-261963.0,-2.533,6.72
38300.0,-98.0,-270721.0,-2.425,6.23
38305.0,57.0,-274876.0,-2.317,6.48
38310.0,-61.0,-282668.0,-2.242,6.23
38316.0,94.0,-285517.0,-2.233,6.72
38321.0,68.0,-290786.0,-2.292,6.23
38327.0,298.0,-294574.0,-2.283,6.23
38331.0,407.0,-296179.0,-2.217,6.23
38336.0,179.0,-297946.0,-2.217,5.99
38342.0,153.0,-299548.0,-2.117,5.99
38347.0,-16.0,-300061.0,-2.3,6.23
38352.0,142.0,-300294.0,-2.175,6.48
38358.0,-90.0,-299608.0,-2.167,6.23
38363.0,329.0,-299905.0,-2.167,6.23
38368.0,343.0,-301630.0,-2.183,6.23
38373.0,315.0,-304376.0,-2.208,6.23
38378.0,374.0,-305321.0,-2.267,6.48
38383.0,312.0,-306868.0,-2.217,6.96
38389.0,-188.0,-306740.0,-2.033,6.72
38393.0,-77.0,-305847.0,-1.917,6.23
38398.0,231.0,-304956.0,-1.817,6.96
38405.0,553.0,-305216.0,-1.8,6.23
38410.0,252.0,-304897.0,-1.725,6.23
38415.0,100.0,-304560.0,-1.467,6.23
38420.0,198.0,-304766.0,-1.442,6.23
38425.0,247.0,-304735.0,-1.6,6.48
38430.0,179.0,-303560.0,-1.633,6.48
38436.0,237.0,-304750.0,-1.433,5.99
38440.0,128.0,-305319.0,-1.25,6.23
38446.0,164.0,-305352.0,-1.242,6.23
38452.0,54.0,-304698.0,-1.325,6.23
38457.0,-115.0,-304729.0,-1.275,5.99
38462.0,131.0,-307534.0,-0.767,5.99
38467.0,377.0,-310626.0,-0.858,5.99
38472.0,-40.0,-311619.0,-1.408,7.94
38477.0,150.0,-312942.0,-1.3,5.99
38482.0,270.0,-313434.0,-0.8,6.23
38488.0,-9.0,-312799.0,-0.658,5.99
38493.0,-65.0,-310850.0,-0.917,5.99
38499.0,-43.0,-309022.0,-1.092,5.99
38503.0,-16.0,-308071.0,-0.667,6.23
38508.0,172.0,-307320.0,-0.433,5.99
38514.0,-212.0,-303454.0,-0.775,6.48
38519.0,-109.0,-301053.0,-0.925,6.48
38524.0,305.0,-299092.0,-0.65,5.99
38530.0,427.0,-294832.0,-0.517,6.72
38535.0,286.0,-294047.0,-0.658,5.99
38540.0,112.0,-293648.0,-0.958,6.72
38545.0,-266.0,-294922.0,-0.967,5.99
38550.0,111.0,-296845.0,0.375,5.99
38555.0,383.0,-299288.0,-0.333,6.23
38561.0,-31.0,-305298.0,-1.108,6.23
38565.0,140.0,-307889.0,-0.725,6.23
38572.0,336.0,-312553.0,-0.125,6.23
38577.0,-52.0,-317439.0,-0.158,6.48
38583.0,358.0,-319649.0,-0.867,5.99
38588.0,529.0,-319830.0,-0.425,5.99
38593.0,361.0,-317836.0,-0.058,6.23
38599.0,-83.0,-316256.0,-0.625,6.72
38603.0,180.0,-315517.0,-0.483,6.48
38608.0,367.0,-314874.0,-0.292,5.99
38615.0,9.0,-313022.0,-0.117,6.72
38619.0,304.0,-311969.0,-0.308,5.99
38625.0,24.0,-309579.0,-0.342,6.48
38630.0,298.0,-307743.0,0.275,5.99
38635.0,241.0,-306622.0,0.025,5.99
38640.0,171.0,-305899.0,-0.25,6.23
38645.0,475.0,-304167.0,-0.067,5.99
38650.0,392.0,-303500.0,0.092,5.99
38656.0,166.0,-303063.0,0.25,5.99
38662.0,90.0,-303263.0,0.042,5.5
38666.0,125.0,-304060.0,0.142,5.99
38672.0,199.0,-306358.0,0.192,6.48
38677.0,233.0,-309556.0,0.125,6.72
38683.0,625.0,-313002.0,0.108,6.48
38688.0,356.0,-314985.0,0.233,5.99
38693.0,30.0,-318421.0,0.192,6.48
38700.0,92.0,-322361.0,0.142,6.72
38704.0,181.0,-323586.0,0.258,6.96
38709.0,216.0,-326265.0,0.367,5.99
38714.0,156.0,-329029.0,0.3,6.48
38719.0,239.0,-330470.0,0.358,5.99
38725.0,651.0,-333168.0,0.275,5.99
38730.0,87.0,-336350.0,0.342,4.28
38735.0,-80.0,-338013.0,0.25,5.74
38740.0,215.0,-339851.0,0.4,5.99
38746.0,59.0,-341771.0,0.35,6.72
38751.0,194.0,-342514.0,0.383,6.23
38757.0,80.0,-343940.0,0.317,6.72
38762.0,138.0,-344956.0,0.342,5.99
38768.0,334.0,-346142.0,0.35,5.99
38772.0,255.0,-346081.0,0.375,6.48
38778.0,-131.0,-345917.0,0.35,5.99
38784.0,-31.0,-347205.0,0.35,6.72
38789.0,147.0,-347968.0,0.317,5.99
38794.0,208.0,-349633.0,0.333,5.99
38799.0,384.0,-351957.0,0.367,6.23
38805.0,322.0,-353658.0,0.392,5.99
38809.0,-75.0,-357661.0,0.442,3.3
38815.0,439.0,-361955.0,0.375,6.72
38820.0,85.0,-364102.0,0.35,6.72
38824.0,42.0,-367865.0,0.433,5.99
38831.0,-126.0,-372487.0,0.35,5.74
38836.0,21.0,-374478.0,0.367,5.74
38841.0,150.0,-377716.0,0.358,6.23
38846.0,-128.0,-381262.0,0.367,6.48
38851.0,95.0,-382813.0,0.458,5.74
38856.0,-69.0,-386473.0,0.383,6.48
38862.0,43.0,-389359.0,0.475,6.72
38867.0,293.0,-391086.0,0.45,5.99
38873.0,500.0,-394767.0,0.408,6.48
38878.0,38.0,-398397.0,0.442,6.23
38883.0,244.0,-400346.0,0.467,5.99
38888.0,355.0,-403627.0,0.442,5.74
38893.0,177.0,-407837.0,0.483,6.48
38898.0,-267.0,-410162.0,0.4,6.23
38903.0,44.0,-413959.0,0.467,5.99
38909.0,102.0,-417301.0,0.425,5.99
38915.0,-272.0,-418808.0,0.55,5.99
38919.0,-11.0,-421599.0,0.475,5.99
38925.0,349.0,-424463.0,0.483,5.99
38930.0,335.0,-425656.0,0.583,5.99
38935.0,344.0,-427805.0,0.408,5.99
38940.0,112.0,-429001.0,0.392,5.99
38945.0,-58.0,-429224.0,0.483,6.72
38950.0,17.0,-430075.0,0.458,5.99
38956.0,497.0,-430239.0,0.433,6.48
38961.0,1.0,-430136.0,0.392,6.48
38966.0,212.0,-429637.0,0.45,6.23
38972.0,44.0,-429667.0,0.392,5.99
38976.0,169.0,-429366.0,0.492,5.99
38981.0,278.0,-429464.0,0.408,6.48
38987.0,122.0,-429550.0,0.433,6.72
38991.0,67.0,-429945.0,0.45,5.99
38996.0,-18.0,-430947.0,0.492,6.23
39003.0,490.0,-431576.0,0.475,6.48
39007.0,115.0,-433011.0,0.375,5.99
39013.0,49.0,-434885.0,0.392,5.99
39018.0,849.0,-435872.0,0.417,5.99
39022.0,762.0,-437689.0,0.5,5.99
39028.0,160.0,-439131.0,0.4,5.99
39033.0,96.0,-439390.0,0.4,5.74
39038.0,-145.0,-440441.0,0.4,5.99
39044.0,-31.0,-441073.0,0.392,5.74
39049.0,215.0,-441208.0,0.408,5.99
39054.0,150.0,-440699.0,0.5,5.99
39059.0,134.0,-439535.0,0.358,5.99
39065.0,268.0,-438474.0,0.358,6.48
39069.0,167.0,-436699.0,0.383,5.99
39075.0,111.0,-433903.0,0.475,5.99
39080.0,175.0,-432382.0,0.35,5.99
39085.0,338.0,-429699.0,0.458,5.99
39091.0,216.0,-427967.0,0.417,5.99
39096.0,140.0,-427370.0,0.333,5.99
39101.0,255.0,-425901.0,0.458,6.72
39106.0,219.0,-424659.0,0.417,6.48
39111.0,387.0,-424162.0,0.325,5.99
39116.0,254.0,-423079.0,0.467,6.48
39122.0,132.0,-421971.0,0.358,6.48
39128.0,242.0,-421292.0,0.333,6.23
39132.0,103.0,-420863.0,0.35,6.23
39138.0,85.0,-421155.0,0.308,6.23
39143.0,365.0,-421498.0,0.333,6.23
39148.0,352.0,-422361.0,0.417,5.99
39153.0,362.0,-423631.0,0.333,6.23
39158.0,132.0,-424148.0,0.325,6.23
39163.0,-37.0,-425343.0,0.383,6.96
39169.0,633.0,-426459.0,0.317,6.72
39174.0,425.0,-426486.0,0.458,6.23
39179.0,66.0,-427951.0,-0.158,6.72
39185.0,168.0,-429059.0,0.525,5.99
39190.0,696.0,-429712.0,0.083,6.23
39195.0,11.0,-430736.0,0.208,6.23
39200.0,103.0,-431386.0,0.483,6.23
39205.0,369.0,-431491.0,0.292,6.23
39211.0,230.0,-431858.0,0.483,6.23
39217.0,46.0,-432240.0,0.333,5.99
39222.0,312.0,-432279.0,0.4,6.72
39226.0,255.0,-431580.0,0.242,6.96
39232.0,-129.0,-431488.0,0.183,5.99
39237.0,-21.0,-431117.0,0.225,6.23
39242.0,-26.0,-431262.0,0.15,6.48
39247.0,364.0,-431810.0,0.283,6.23
39252.0,220.0,-432009.0,0.333,5.99
39258.0,175.0,-432724.0,0.267,6.72
39263.0,-5.0,-434186.0,0.283,6.96
39268.0,105.0,-434823.0,0.358,5.99
39273.0,4.0,-435378.0,0.267,6.72
39278.0,8.0,-436747.0,0.317,5.99
39283.0,-43.0,-438522.0,0.35,6.23
39288.0,379.0,-440858.0,0.358,6.23
39293.0,-53.0,-441889.0,0.333,6.48
39299.0,256.0,-443210.0,0.183,6.72
39304.0,500.0,-444460.0,0.308,6.23
39309.0,130.0,-444729.0,0.358,6.23
39314.0,351.0,-444814.0,0.25,6.72
39320.0,435.0,-444076.0,0.275,6.23
39325.0,-85.0,-443585.0,0.317,5.99
39329.0,-158.0,-442886.0,0.283,6.23
39335.0,-168.0,-443382.0,0.275,6.48
39341.0,-64.0,-444577.0,0.292,6.48
39346.0,-21.0,-446970.0,0.267,6.48
39351.0,-53.0,-448032.0,0.233,5.99
39356.0,323.0,-448597.0,0.25,6.23
39361.0,132.0,-450230.0,0.3,5.99
39366.0,444.0,-452430.0,0.25,5.99
39371.0,254.0,-454019.0,0.192,6.72
39376.0,479.0,-456514.0,0.392,6.23
39383.0,381.0,-458906.0,0.217,6.48
39388.0,-45.0,-460145.0,0.2,5.99
39392.0,-16.0,-461414.0,0.217,6.23
39397.0,54.0,-463945.0,0.333,6.48
39402.0,266.0,-466296.0,0.267,6.23
39408.0,71.0,-468340.0,0.258,6.23
39413.0,445.0,-469057.0,0.233,6.23
39418.0,145.0,-470198.0,0.208,5.01
39424.0,468.0,-470696.0,0.217,5.99
39429.0,-74.0,-470585.0,0.217,6.96
39434.0,-4.0,-470222.0,0.283,6.23
39439.0,69.0,-469384.0,0.275,6.72
39444.0,45.0,-469079.0,0.183,6.23
39449.0,326.0,-467336.0,0.25,6.23
39453.0,519.0,-466541.0,0.092,6.96
39458.0,261.0,-464570.0,0.2,5.99
39463.0,80.0,-462588.0,0.192,6.48
39470.0,692.0,-461637.0,0.025,6.23
39474.0,-91.0,-458774.0,0.342,7.21
39479.0,484.0,-457419.0,0.033,6.48
39484.0,312.0,-455248.0,0.217,6.23
39489.0,365.0,-454558.0,0.058,6.23
39494.0,57.0,-454145.0,0.125,6.23
39499.0,-13.0,-453766.0,0.05,6.72
39504.0,370.0,-453762.0,0.075,6.23
39510.0,342.0,-453911.0,0.15,6.48
39515.0,174.0,-454008.0,0.133,6.23
39520.0,55.0,-454246.0,0.158,6.23
39526.0,173.0,-454451.0,0.117,6.96
39530.0,308.0,-454624.0,0.158,6.48
39535.0,43.0,-454541.0,0.192,6.72
39540.0,345.0,-455146.0,0.175,6.23
39545.0,230.0,-454434.0,0.208,6.48
39550.0,292.0,-454447.0,0.142,6.23
39556.0,188.0,-454304.0,0.183,6.23
39561.0,221.0,-453864.0,0.2,6.23
39566.0,323.0,-453171.0,0.183,6.72
39571.0,93.0,-452944.0,0.192,6.23
39577.0,-254.0,-452458.0,0.125,6.23
39582.0,94.0,-452521.0,0.083,6.48
39587.0,100.0,-451998.0,0.125,6.23
39592.0,-67.0,-451614.0,0.167,6.96
39598.0,367.0,-451115.0,0.125,6.23
39603.0,399.0,-450892.0,0.15,6.23
39608.0,374.0,-450410.0,0.1,6.72
39613.0,256.0,-450083.0,0.05,6.23
39618.0,928.0,-450036.0,0.108,6.48
39623.0,437.0,-450198.0,0.117,6.72
39628.0,-421.0,-449823.0,0.125,6.23
39634.0,257.0,-449174.0,0.292,6.23
39640.0,264.0,-448142.0,-0.108,6.23
39645.0,98.0,-447629.0,0.0,6.48
39650.0,173.0,-447449.0,0.125,6.96
39654.0,160.0,-447184.0,0.008,6.23
39659.0,362.0,-446825.0,0.1,6.23
39665.0,91.0,-446025.0,0.025,6.48
39669.0,284.0,-445662.0,-0.092,6.23
39675.0,326.0,-444658.0,0.042,6.23
39681.0,387.0,-443620.0,0.033,6.23
39686.0,90.0,-443359.0,-0.025,6.23
39691.0,198.0,-442603.0,0.0,6.23
39696.0,179.0,-441827.0,0.033,6.48
39701.0,106.0,-441856.0,0.008,6.72
39706.0,-168.0,-441026.0,-0.017,6.23
39711.0,79.0,-440296.0,0.008,6.48
39716.0,65.0,-440241.0,0.017,6.48
39721.0,335.0,-439680.0,0.092,6.72
39728.0,158.0,-439258.0,0.025,6.48
39733.0,152.0,-438937.0,-0.017,6.23
39738.0,194.0,-438318.0,-0.017,6.96
39743.0,17.0,-438112.0,0.017,6.72
39748.0,-119.0,-438117.0,-0.075,6.72
39753.0,211.0,-438288.0,0.1,6.23
39758.0,152.0,-438270.0,0.125,6.23
39763.0,64.0,-438403.0,-0.033,6.96
39769.0,322.0,-438382.0,0.075,6.48
39774.0,-27.0,-438828.0,0.033,6.23
39779.0,255.0,-438435.0,-0.033,6.72
39785.0,149.0,-438219.0,0.117,6.23
39790.0,330.0,-437683.0,-0.025,6.23
39795.0,105.0,-437514.0,-0.042,6.23
39800.0,13.0,-437750.0,0.042,6.23
39805.0,204.0,-437946.0,0.033,6.23
39811.0,125.0,-438031.0,0.133,6.72
39816.0,403.0,-438053.0,0.092,6.23
39822.0,132.0,-438123.0,0.1,6.72
39826.0,533.0,-438012.0,0.017,6.23
39832.0,23.0,-438170.0,0.025,6.23
39837.0,-6.0,-437814.0,0.108,6.48
39841.0,351.0,-437513.0,0.025,6.23
39847.0,407.0,-437015.0,0.05,6.48
39853.0,182.0,-437507.0,0.0,6.72
39858.0,487.0,-437290.0,0.042,6.72
39863.0,137.0,-437076.0,-0.008,6.48
39868.0,30.0,-437284.0,0.1,6.96
39873.0,167.0,-437305.0,0.067,6.23
39878.0,307.0,-437199.0,0.05,6.23
39883.0,280.0,-436761.0,0.192,6.48
39888.0,67.0,-436608.0,0.1,6.72
39895.0,219.0,-436406.0,0.133,6.23
39899.0,432.0,-436153.0,0.108,6.23
39904.0,304.0,-435926.0,0.092,6.23
39910.0,56.0,-435304.0,-0.117,6.23
39915.0,-71.0,-435355.0,0.0,6.23
39920.0,367.0,-434652.0,-0.008,6.72
39925.0,334.0,-434102.0,-0.133,7.45
39929.0,-307.0,-434115.0,0.05,6.72
39936.0,339.0,-433833.0,0.075,6.23
39941.0,336.0,-433583.0,0.017,6.23
39946.0,251.0,-433756.0,-0.058,6.23
39951.0,103.0,-433038.0,0.108,6.23
39956.0,378.0,-433038.0,0.0,6.48
39961.0,-101.0,-432863.0,-0.067,6.23
39966.0,115.0,-432499.0,0.067,6.96
39971.0,264.0,-432217.0,0.017,6.72
39976.0,549.0,-431942.0,0.017,5.74
39983.0,-187.0,-432398.0,0.075,6.23
39988.0,166.0,-431832.0,0.008,6.72
39992.0,495.0,-431585.0,0.033,6.23
39998.0,185.0,-431287.0,0.05,6.23
40003.0,336.0,-430899.0,0.025,6.23
40008.0,551.0,-430810.0,0.0,6.23
40013.0,191.0,-430616.0,-0.033,6.48
40018.0,488.0,-430644.0,-0.017,6.96
40024.0,197.0,-430415.0,-0.008,6.72
40030.0,347.0,-430133.0,0.1,6.96
40035.0,294.0,-429841.0,0.058,6.23
40039.0,169.0,-429968.0,0.008,6.48
40045.0,221.0,-429578.0,0.033,6.23
40050.0,-62.0,-429620.0,0.008,6.23
40054.0,89.0,-429619.0,0.033,6.23
40060.0,-25.0,-429377.0,0.0,6.23
40066.0,-222.0,-429220.0,-0.033,6.72
40071.0,238.0,-429139.0,0.05,6.72
40076.0,52.0,-429237.0,0.075,6.96
40081.0,-13.0,-429200.0,0.033,6.23
40086.0,185.0,-428725.0,0.075,6.23
40091.0,185.0,-428253.0,0.017,5.99
40096.0,90.0,-428252.0,0.042,6.48
40101.0,302.0,-428573.0,-0.033,6.72
40108.0,270.0,-428479.0,0.05,6.96
40112.0,-47.0,-428274.0,0.025,6.23
40117.0,115.0,-428339.0,0.008,6.72
40123.0,433.0,-428111.0,0.008,6.23
40127.0,224.0,-428128.0,0.067,6.23
40133.0,168.0,-427737.0,0.067,6.48
40138.0,186.0,-427593.0,0.075,6.48
40143.0,149.0,-427404.0,-0.092,6.23
40148.0,-87.0,-427189.0,-0.042,6.23
40154.0,379.0,-427593.0,0.142,6.48
40159.0,380.0,-427316.0,-0.108,6.23
40164.0,132.0,-426827.0,0.092,6.48
40170.0,100.0,-426957.0,0.058,6.23
40174.0,-25.0,-426606.0,-0.158,6.23
40179.0,97.0,-426645.0,0.083,6.23
40185.0,243.0,-426279.0,0.125,6.72
40190.0,-64.0,-426182.0,0.1,6.23
40196.0,208.0,-426002.0,0.008,6.23
40202.0,338.0,-425710.0,0.033,6.23
40206.0,-59.0,-425835.0,0.05,6.23
40211.0,9.0,-425382.0,-0.05,6.23
40217.0,507.0,-425132.0,0.158,6.23
40221.0,406.0,-424887.0,-0.092,6.72
40226.0,-16.0,-424962.0,-0.058,6.48
40232.0,208.0,-424598.0,0.083,6.72
40238.0,295.0,-424593.0,-0.017,6.72
40243.0,115.0,-424198.0,0.125,7.7
40248.0,27.0,-423976.0,-0.008,6.48
40253.0,204.0,-424003.0,-0.042,6.23
40258.0,164.0,-423696.0,0.033,6.23
40264.0,-102.0,-423756.0,-0.008,6.23
40268.0,83.0,-423757.0,0.042,6.48
40273.0,213.0,-423260.0,0.058,6.72
40280.0,-51.0,-422742.0,-0.025,6.48
40284.0,-184.0,-422969.0,0.083,6.23
40289.0,470.0,-422728.0,0.092,6.48
40295.0,378.0,-422438.0,0.092,6.23
40300.0,475.0,-422253.0,-0.058,6.23
40305.0,687.0,-422217.0,-0.008,6.23
40311.0,217.0,-421761.0,0.025,6.72
40316.0,11.0,-421757.0,-0.017,6.23
40322.0,-122.0,-421766.0,0.0,6.23
40327.0,348.0,-421796.0,0.058,6.23
40333.0,56.0,-421686.0,-0.008,6.23
40337.0,541.0,-421745.0,0.0,6.48
40343.0,299.0,-421340.0,0.083,6.23
40348.0,131.0,-421076.0,0.033,5.99
40353.0,308.0,-421035.0,0.092,6.23
40358.0,288.0,-420900.0,0.067,6.48
40364.0,106.0,-420688.0,-0.017,6.23
40369.0,265.0,-420589.0,0.042,6.23
40374.0,43.0,-420542.0,-0.017,6.48
40380.0,-349.0,-420232.0,0.092,6.48
40384.0,-134.0,-420351.0,-0.033,6.23
40390.0,300.0,-420881.0,0.083,6.23
40395.0,10.0,-420281.0,0.025,6.23
40401.0,118.0,-420521.0,-0.042,6.23
40407.0,445.0,-420420.0,0.05,5.99
40412.0,509.0,-420580.0,0.067,6.23
40418.0,633.0,-420390.0,0.083,6.23
40423.0,291.0,-420002.0,-0.025,6.96
40428.0,278.0,-419795.0,0.083,6.23
40433.0,84.0,-419607.0,0.033,6.23
40439.0,264.0,-419937.0,0.058,6.72
40444.0,400.0,-419534.0,0.167,6.72
40450.0,391.0,-419649.0,-0.025,6.23
40455.0,201.0,-419547.0,0.0,6.23
40460.0,122.0,-419790.0,0.067,6.72
40464.0,121.0,-419577.0,0.067,6.23
40470.0,69.0,-419690.0,0.033,5.99
40474.0,316.0,-419545.0,-0.175,6.23
40480.0,474.0,-419253.0,-0.025,6.72
40485.0,130.0,-419418.0,-0.008,6.48
40489.0,243.0,-419247.0,0.1,6.23
40496.0,367.0,-419325.0,-0.008,6.72
40501.0,483.0,-419406.0,0.042,6.23
40506.0,658.0,-418675.0,0.025,6.23
40511.0,190.0,-418647.0,0.092,6.23
40516.0,448.0,-418596.0,0.025,6.72
40521.0,649.0,-418673.0,0.058,5.99
40527.0,319.0,-418641.0,0.075,6.23
40532.0,37.0,-418848.0,0.05,6.96
40537.0,210.0,-418751.0,-0.075,6.23
40543.0,322.0,-418663.0,-0.017,6.23
40548.0,102.0,-418482.0,0.033,6.96
40552.0,421.0,-418269.0,-0.058,6.23
40558.0,167.0,-418207.0,0.008,6.23
40563.0,212.0,-418436.0,0.183,6.23
40568.0,329.0,-418410.0,0.083,6.23
40573.0,263.0,-418126.0,0.033,6.23
40579.0,318.0,-418211.0,0.075,6.23
40584.0,103.0,-417943.0,0.042,6.48
40590.0,31.0,-417719.0,-0.025,6.48
40594.0,238.0,-417674.0,0.108,6.72
40599.0,567.0,-417510.0,0.017,6.72
40605.0,285.0,-417392.0,0.042,6.23
40609.0,398.0,-417427.0,0.092,6.23
40615.0,365.0,-417393.0,0.033,6.23
40621.0,327.0,-417583.0,0.117,6.48
40626.0,526.0,-417376.0,0.025,6.48
40631.0,326.0,-417156.0,-0.017,6.23
40637.0,-52.0,-416874.0,-0.025,6.96
40642.0,-112.0,-416781.0,0.1,6.23
40647.0,-23.0,-416934.0,0.125,6.72
40652.0,389.0,-417022.0,-0.017,5.99
40657.0,27.0,-416669.0,0.092,7.21
40663.0,102.0,-416956.0,-0.083,6.96
40668.0,292.0,-416678.0,0.05,6.23
40673.0,108.0,-416615.0,0.042,6.23
40678.0,159.0,-416470.0,-0.083,6.48
40684.0,93.0,-416490.0,0.092,6.48
40689.0,145.0,-416381.0,0.05,6.23
40693.0,-144.0,-416130.0,0.033,6.23
40699.0,84.0,-416098.0,0.033,7.21
40705.0,356.0,-416113.0,0.058,6.23
40709.0,285.0,-415748.0,0.042,6.23
40715.0,223.0,-415732.0,0.042,5.99
40720.0,-23.0,-415813.0,0.0,6.23
40725.0,-102.0,-415548.0,0.008,6.23
40730.0,-302.0,-415473.0,0.017,6.23
40734.0,-59.0,-415028.0,0.108,6.23
40740.0,189.0,-415098.0,0.017,6.23
40745.0,67.0,-415031.0,-0.008,6.23
40751.0,-184.0,-414852.0,0.017,6.23
40756.0,334.0,-414592.0,0.008,6.96
40761.0,212.0,-414679.0,-0.067,6.23
40766.0,65.0,-414226.0,-0.025,6.72
40771.0,259.0,-414352.0,0.092,6.96
40776.0,143.0,-414451.0,0.008,6.72
40781.0,244.0,-414488.0,0.033,6.23
40787.0,290.0,-414180.0,0.05,6.72
40793.0,-196.0,-413885.0,-0.017,6.96
40797.0,109.0,-413868.0,0.075,6.23
40803.0,241.0,-413706.0,-0.1,6.72
40808.0,91.0,-413851.0,0.058,6.96
40813.0,130.0,-413768.0,-0.025,6.48
40818.0,272.0,-414246.0,0.008,6.23
40823.0,216.0,-414085.0,-0.033,6.23
40828.0,297.0,-413792.0,0.008,6.96
40834.0,101.0,-413580.0,0.033,6.72
40839.0,471.0,-413535.0,-0.025,6.72
40844.0,316.0,-413698.0,0.217,6.23
40850.0,-4.0,-413548.0,0.1,6.96
40855.0,326.0,-413333.0,0.0,6.72
40860.0,-39.0,-412983.0,0.033,6.48
40865.0,-223.0,-412955.0,0.05,6.48
40870.0,255.0,-412902.0,0.042,6.72
40876.0,238.0,-412607.0,-0.067,6.23
40881.0,24.0,-412183.0,-0.008,6.72
40887.0,494.0,-412210.0,0.125,6.23
40891.0,443.0,-412543.0,0.05,6.72
40897.0,155.0,-412267.0,0.042,6.23
40902.0,249.0,-412344.0,0.017,6.23
40906.0,214.0,-412355.0,-0.017,6.48
40912.0,214.0,-411961.0,-0.017,6.23
40918.0,-36.0,-411824.0,0.108,6.72
40923.0,-75.0,-411973.0,0.083,6.72
40928.0,245.0,-411665.0,-0.008,6.23
40933.0,329.0,-411510.0,0.008,5.99
40938.0,480.0,-411989.0,0.05,6.23
40943.0,178.0,-411343.0,0.075,6.72
40949.0,150.0,-411522.0,-0.075,6.48
40953.0,125.0,-411483.0,0.008,6.72
40960.0,127.0,-411143.0,0.083,6.23
40965.0,365.0,-411186.0,-0.017,6.72
40969.0,502.0,-411157.0,-0.075,6.23
40975.0,40.0,-410572.0,0.058,6.96
40979.0,1.0,-410593.0,0.042,6.23
40985.0,127.0,-410743.0,0.017,6.48
40990.0,325.0,-410682.0,0.033,6.23
40994.0,292.0,-410719.0,0.0,6.23
41000.0,156.0,-410447.0,-0.042,6.23
41006.0,364.0,-410404.0,0.033,6.72
41011.0,-115.0,-410293.0,0.083,6.72
41016.0,249.0,-410409.0,0.042,6.72
41021.0,227.0,-410216.0,-0.017,6.23
41026.0,234.0,-409941.0,0.008,6.23
41031.0,104.0,-410139.0,0.025,6.23
41036.0,454.0,-409896.0,0.033,6.23
41041.0,237.0,-409251.0,0.008,6.23
41048.0,31.0,-409457.0,0.05,5.5
41053.0,183.0,-409260.0,0.075,6.96
41057.0,80.0,-409239.0,-0.067,6.72
41063.0,110.0,-408821.0,0.05,6.96
41068.0,138.0,-409020.0,0.033,6.23
41073.0,289.0,-409121.0,0.117,5.99
41078.0,431.0,-409019.0,0.033,6.23
41083.0,-45.0,-408796.0,0.1,6.72
41089.0,80.0,-408857.0,0.025,6.23
41094.0,90.0,-408961.0,0.092,6.23
41099.0,406.0,-408634.0,0.025,6.48
41105.0,159.0,-408774.0,-0.042,6.23
41109.0,364.0,-408379.0,0.208,6.23
41114.0,-56.0,-408400.0,-0.017,6.23
41119.0,1.0,-408386.0,0.017,6.23
41124.0,155.0,-408113.0,0.008,6.23
41129.0,295.0,-408328.0,0.033,6.48
41135.0,458.0,-407826.0,-0.025,6.23
41141.0,-112.0,-407609.0,-0.042,6.23
41146.0,256.0,-407464.0,-0.05,6.23
41151.0,85.0,-407622.0,0.017,6.23
41156.0,533.0,-407665.0,0.042,6.96
41161.0,-279.0,-407372.0,-0.008,6.23
41166.0,-182.0,-407408.0,0.025,6.23
41171.0,422.0,-407519.0,0.042,6.23
41177.0,204.0,-407434.0,0.083,6.72
41182.0,51.0,-407434.0,0.067,6.23
41187.0,585.0,-407429.0,-0.042,6.23
41192.0,471.0,-407740.0,0.042,6.23
41198.0,132.0,-407336.0,-0.058,6.48
41203.0,124.0,-407419.0,0.033,6.23
41208.0,398.0,-407274.0,0.017,6.23
41213.0,401.0,-407296.0,0.025,6.72
41219.0,-165.0,-407077.0,0.017,6.23
41224.0,423.0,-407030.0,0.05,6.48
41229.0,288.0,-406690.0,0.025,6.48
41234.0,208.0,-406969.0,-0.008,6.72
41239.0,176.0,-406954.0,-0.025,6.23
41244.0,-45.0,-406526.0,0.017,6.48
41249.0,155.0,-406407.0,0.15,6.48
41255.0,25.0,-406370.0,0.133,6.48
41261.0,36.0,-406094.0,-0.033,6.48
41266.0,214.0,-406053.0,0.008,6.23
41271.0,719.0,-406031.0,-0.067,6.23
41275.0,34.0,-405716.0,-0.05,6.23
41280.0,262.0,-405485.0,0.15,6.23
41286.0,351.0,-405697.0,0.133,6.48
41290.0,292.0,-405338.0,0.183,6.23
41295.0,-160.0,-405465.0,0.1,6.72
41300.0,131.0,-405439.0,0.025,6.23
41307.0,459.0,-405780.0,0.008,6.23
41312.0,53.0,-405830.0,0.05,6.23
41317.0,128.0,-405728.0,0.025,6.23
41322.0,98.0,-406039.0,0.017,6.96
41327.0,-6.0,-405794.0,0.075,6.23
41332.0,43.0,-406194.0,0.0,6.23
41337.0,241.0,-406297.0,-0.117,6.23
41342.0,421.0,-406014.0,0.017,6.23
41348.0,282.0,-405760.0,-0.017,6.23
41354.0,250.0,-405613.0,-0.017,6.48
41359.0,196.0,-405732.0,0.008,6.72
41364.0,-131.0,-405626.0,0.067,5.99
41369.0,545.0,-405599.0,0.058,6.96
41374.0,379.0,-405256.0,-0.025,6.72
41379.0,156.0,-405038.0,0.017,6.72
41384.0,84.0,-404893.0,0.033,6.48
41390.0,322.0,-405030.0,0.042,6.72
41395.0,519.0,-404568.0,0.058,6.23
41400.0,327.0,-404251.0,0.058,6.72
41405.0,-137.0,-404094.0,0.042,6.96
41411.0,100.0,-404286.0,0.033,6.23
41416.0,140.0,-404221.0,-0.017,6.48
41421.0,228.0,-404693.0,0.033,6.23
41426.0,-119.0,-404455.0,0.058,6.23
41432.0,168.0,-404466.0,0.042,6.23
41438.0,480.0,-404314.0,0.025,6.23
41443.0,89.0,-404384.0,0.0,6.48
41447.0,-140.0,-404397.0,-0.033,6.72
41453.0,204.0,-404483.0,0.083,6.48
41458.0,501.0,-404391.0,0.05,6.72
41462.0,386.0,-404302.0,0.017,6.23
41468.0,126.0,-404356.0,0.033,6.72
41474.0,287.0,-404266.0,0.017,6.72
41479.0,406.0,-404083.0,-0.017,6.96
41484.0,282.0,-404039.0,0.033,6.48
41489.0,135.0,-403745.0,-0.008,6.23
41494.0,16.0,-403750.0,0.017,6.72
41500.0,370.0,-403502.0,0.075,6.23
41505.0,347.0,-403346.0,0.017,6.72
41509.0,178.0,-403161.0,-0.017,6.72
41516.0,180.0,-403067.0,0.042,6.23
41521.0,153.0,-403189.0,0.058,6.23
41526.0,188.0,-402986.0,0.008,6.48
41531.0,364.0,-402910.0,-0.008,6.23
41536.0,391.0,-402980.0,0.067,6.72
41541.0,512.0,-403135.0,-0.025,6.48
41546.0,136.0,-402703.0,0.058,6.23
41551.0,349.0,-402809.0,0.075,6.96
41556.0,422.0,-402744.0,0.058,6.48
41563.0,310.0,-402998.0,0.033,6.96
41568.0,277.0,-402704.0,0.042,6.72
41572.0,-254.0,-402839.0,0.025,6.48
41578.0,-22.0,-402813.0,0.042,6.72
41583.0,35.0,-402519.0,0.042,6.48
41588.0,102.0,-402468.0,-0.1,6.72
41593.0,-126.0,-402740.0,0.042,6.23
41598.0,47.0,-402673.0,0.017,6.23
41604.0,261.0,-402246.0,0.1,6.48
41609.0,45.0,-402276.0,0.033,6.96
41614.0,-184.0,-402411.0,0.0,6.23
41619.0,178.0,-402194.0,0.025,6.23
41624.0,241.0,-401710.0,0.058,6.23
41629.0,178.0,-401639.0,0.083,6.72
41634.0,156.0,-401503.0,0.058,6.72
41639.0,153.0,-401397.0,0.075,6.96
41645.0,174.0,-401574.0,0.033,7.21
41650.0,-94.0,-401686.0,-0.017,6.72
41656.0,101.0,-401246.0,0.058,5.74
41660.0,464.0,-401309.0,-0.008,6.23
41666.0,-60.0,-401113.0,-0.025,6.72
41671.0,53.0,-401565.0,0.083,6.96
41675.0,190.0,-401346.0,0.025,6.48
41681.0,546.0,-401120.0,0.067,6.72
41687.0,359.0,-401280.0,0.033,6.23
41692.0,524.0,-401195.0,0.075,6.96
41697.0,210.0,-401187.0,0.008,6.23
41702.0,251.0,-401065.0,0.033,6.23
41707.0,62.0,-400836.0,0.067,6.23
41712.0,-68.0,-400974.0,0.125,6.23
41717.0,39.0,-400897.0,0.05,6.23
41722.0,647.0,-400524.0,0.15,6.72
41729.0,141.0,-400506.0,-0.008,6.23
41733.0,296.0,-400309.0,-0.025,5.99
41738.0,496.0,-400272.0,0.008,6.72
41744.0,146.0,-400544.0,-0.008,6.23
41749.0,193.0,-400375.0,-0.033,6.23
41754.0,199.0,-400430.0,0.083,6.72
41759.0,171.0,-399882.0,0.083,6.96
41764.0,-4.0,-399573.0,-0.05,6.23
41769.0,248.0,-399914.0,0.025,6.23
41775.0,92.0,-399808.0,0.042,6.48
41780.0,101.0,-399977.0,0.05,6.96
41785.0,137.0,-399778.0,0.1,6.23
41791.0,437.0,-399422.0,0.133,6.23
41795.0,334.0,-399591.0,-0.017,6.23
41800.0,362.0,-399532.0,0.025,6.23
41806.0,274.0,-399626.0,0.05,6.72
41811.0,247.0,-399665.0,-0.025,6.72
41817.0,409.0,-399524.0,-0.033,6.48
41822.0,49.0,-399636.0,0.067,6.96
41827.0,-70.0,-399755.0,0.067,6.23
41832.0,446.0,-399091.0,-0.067,6.23
41838.0,194.0,-399185.0,0.058,6.23
41842.0,-41.0,-399238.0,0.008,6.23
41847.0,259.0,-399129.0,0.008,6.23
41853.0,-141.0,-398601.0,0.05,6.48
41859.0,114.0,-398770.0,0.0,6.96
41864.0,248.0,-399089.0,-0.025,6.23
41869.0,444.0,-398989.0,-0.05,6.23
41874.0,261.0,-398880.0,0.025,6.48
41879.0,277.0,-399173.0,0.008,6.48
41885.0,329.0,-398941.0,0.075,6.23
41889.0,292.0,-398484.0,0.0,6.96
41894.0,-284.0,-398557.0,0.05,6.23
41901.0,142.0,-398791.0,-0.067,6.48
41905.0,533.0,-398940.0,0.033,6.23
41911.0,13.0,-398427.0,0.017,6.23
41916.0,299.0,-398525.0,0.008,6.23
41921.0,428.0,-398264.0,0.058,6.23
41926.0,22.0,-398387.0,0.025,6.23
41931.0,248.0,-398055.0,0.033,6.23
41936.0,205.0,-398146.0,0.092,6.23
41942.0,-141.0,-398001.0,0.008,6.23
41948.0,-365.0,-397683.0,0.025,6.23
41952.0,-228.0,-397922.0,-0.058,6.23
41958.0,52.0,-397930.0,0.025,6.23
41963.0,190.0,-397834.0,0.042,6.23
41968.0,179.0,-397651.0,-0.008,8.68
41972.0,334.0,-397460.0,-0.017,6.48
41978.0,466.0,-397734.0,0.025,6.23
41984.0,219.0,-397619.0,0.025,6.23
41989.0,325.0,-397761.0,0.033,6.23
41995.0,541.0,-397527.0,-0.025,6.72
42000.0,497.0,-397441.0,0.033,6.23
42005.0,182.0,-397626.0,-0.017,6.48
42010.0,454.0,-397222.0,0.025,6.23
42016.0,-88.0,-396994.0,0.017,6.23
42021.0,273.0,-397121.0,0.033,6.23
42027.0,93.0,-396914.0,-0.033,6.96
42032.0,535.0,-396660.0,0.0,6.23
42037.0,736.0,-396537.0,-0.058,6.48
42042.0,-92.0,-396833.0,0.108,6.72
42048.0,100.0,-396545.0,0.025,6.72
42053.0,130.0,-396305.0,0.058,6.72
42058.0,93.0,-396194.0,-0.033,6.23
42063.0,59.0,-396140.0,0.058,6.96
42070.0,335.0,-396612.0,0.042,6.23
42075.0,524.0,-396539.0,-0.033,6.48
42079.0,471.0,-396258.0,-0.008,6.23
42085.0,429.0,-396226.0,0.025,6.23
42090.0,178.0,-395977.0,0.008,6.23
42095.0,252.0,-396067.0,0.092,6.48
42101.0,364.0,-395927.0,0.042,6.23
42105.0,141.0,-396196.0,0.125,6.72
42110.0,136.0,-395755.0,-0.067,6.23
42116.0,-38.0,-396259.0,-0.033,6.96
42121.0,-5.0,-396466.0,-0.058,6.23
42126.0,21.0,-395990.0,0.067,6.48
42132.0,529.0,-395780.0,0.042,6.48
42137.0,356.0,-395799.0,0.058,6.23
42142.0,254.0,-395431.0,0.058,6.23
42148.0,182.0,-395495.0,0.033,6.23
42153.0,122.0,-395505.0,0.025,6.96
42159.0,87.0,-395312.0,0.033,6.23
42164.0,27.0,-395242.0,0.025,6.23
42170.0,291.0,-395180.0,-0.025,6.96
42175.0,57.0,-394875.0,0.008,6.72
42180.0,188.0,-394854.0,-0.058,6.48
42185.0,300.0,-395378.0,0.083,6.23
42190.0,132.0,-395213.0,-0.067,6.23
42195.0,57.0,-395238.0,0.05,6.23
42201.0,395.0,-394996.0,0.075,6.72
42206.0,340.0,-394731.0,-0.017,6.23
42211.0,221.0,-394927.0,0.025,6.48
42217.0,101.0,-395075.0,0.017,6.23
42221.0,82.0,-394964.0,0.0,6.96
42226.0,103.0,-394506.0,0.042,6.48
42232.0,-49.0,-394638.0,0.067,6.23
42236.0,62.0,-394745.0,-0.008,8.19
42243.0,82.0,-394415.0,0.125,6.96
42248.0,384.0,-394025.0,-0.017,6.23
42254.0,48.0,-394272.0,0.067,6.96
42258.0,585.0,-394471.0,-0.075,6.23
42264.0,133.0,-394001.0,-0.025,6.72
42269.0,141.0,-394182.0,-0.033,6.23
42273.0,6.0,-394253.0,-0.05,6.48
42279.0,280.0,-393759.0,0.125,6.48
42285.0,-82.0,-393724.0,0.033,6.48
42290.0,-131.0,-393593.0,0.067,6.23
42295.0,277.0,-393861.0,0.042,6.23
42300.0,-105.0,-393606.0,0.067,6.23
42305.0,56.0,-393755.0,0.008,6.96
42310.0,162.0,-393559.0,0.05,6.23
42315.0,391.0,-393866.0,0.0,6.96
42320.0,324.0,-393652.0,0.033,6.23
42327.0,-210.0,-393602.0,0.017,6.48
42331.0,-373.0,-393741.0,-0.042,6.48
42337.0,211.0,-393329.0,0.025,6.23
42342.0,-143.0,-393467.0,0.05,6.23
42347.0,377.0,-393734.0,0.083,7.7
42352.0,510.0,-393109.0,0.142,6.23
42358.0,128.0,-393659.0,0.017,6.23
42363.0,-32.0,-393120.0,0.0,6.72
42368.0,153.0,-392967.0,0.092,6.96
42374.0,123.0,-392733.0,0.033,7.21
42379.0,-47.0,-392820.0,0.083,6.23
42383.0,144.0,-393011.0,0.033,6.23
42389.0,-24.0,-392255.0,-0.008,6.23
42394.0,80.0,-392382.0,0.017,6.48
42399.0,-167.0,-392367.0,0.008,6.72
42404.0,75.0,-392437.0,-0.008,6.23
42409.0,43.0,-392468.0,0.05,6.23
42415.0,-156.0,-392525.0,0.042,6.23
42420.0,392.0,-392657.0,-0.008,6.48
42425.0,387.0,-392574.0,-0.033,6.72
42430.0,258.0,-392604.0,0.1,4.28
42436.0,192.0,-392242.0,0.033,6.72
42441.0,-22.0,-392249.0,-0.025,7.45
42446.0,-205.0,-392401.0,-0.042,6.23
42451.0,167.0,-392369.0,0.033,6.48
42457.0,333.0,-392056.0,0.05,6.48
42462.0,396.0,-392239.0,0.133,6.23
42468.0,234.0,-392259.0,0.042,6.23
42473.0,-70.0,-392218.0,0.092,6.23
42477.0,13.0,-391579.0,-0.025,6.72
42483.0,263.0,-391795.0,-0.025,6.48
42488.0,-123.0,-391662.0,0.0,6.23
42493.0,-248.0,-391817.0,0.083,6.23
42499.0,294.0,-391737.0,0.083,6.72
42504.0,78.0,-391590.0,0.025,6.96
42509.0,127.0,-391499.0,0.067,6.23
42514.0,393.0,-391549.0,-0.025,6.48
42519.0,291.0,-391318.0,0.1,6.48
42524.0,202.0,-390865.0,0.108,6.23
42530.0,-202.0,-390941.0,0.1,6.23
42535.0,186.0,-391008.0,-0.058,6.72
42540.0,251.0,-391173.0,-0.017,6.23
42546.0,-187.0,-390841.0,-0.025,6.96
42551.0,419.0,-390868.0,0.017,6.48
42556.0,518.0,-391099.0,0.017,6.96
42561.0,44.0,-390989.0,0.025,6.23
42566.0,92.0,-390990.0,0.017,6.96
42571.0,89.0,-390847.0,-0.008,6.96
42576.0,233.0,-390987.0,0.1,6.23
42582.0,217.0,-390700.0,-0.05,6.72
42588.0,256.0,-390754.0,0.042,6.48
42593.0,-10.0,-390732.0,0.05,6.72
42598.0,200.0,-390681.0,0.017,6.96
42603.0,65.0,-390362.0,-0.025,6.23
42608.0,-113.0,-390142.0,0.017,6.48
42613.0,263.0,-390027.0,0.108,6.48
42618.0,46.0,-389980.0,0.117,6.23
42625.0,170.0,-390122.0,-0.008,6.23
42630.0,264.0,-390075.0,0.042,6.23
42634.0,269.0,-389798.0,-0.017,6.48
42640.0,-79.0,-390612.0,-0.008,6.23
42645.0,191.0,-390353.0,0.1,6.48
42649.0,378.0,-389474.0,-0.042,6.48
42655.0,30.0,-389862.0,0.025,6.23
42660.0,-200.0,-389615.0,0.083,6.96
42665.0,65.0,-389494.0,0.033,6.23
42671.0,255.0,-389850.0,0.0,6.23
42676.0,185.0,-389659.0,0.008,6.23
42681.0,-14.0,-389945.0,0.017,6.23
42687.0,244.0,-389399.0,0.083,6.72
42692.0,300.0,-389324.0,0.058,6.23
42697.0,299.0,-389429.0,0.058,6.23
42702.0,157.0,-389589.0,0.05,6.23
42707.0,89.0,-389600.0,0.058,6.23
42713.0,160.0,-389351.0,0.042,6.48
42718.0,344.0,-389215.0,0.1,6.23
42723.0,268.0,-388874.0,0.083,6.48
42728.0,357.0,-388815.0,0.017,6.48
42734.0,247.0,-388959.0,0.075,6.48
42739.0,-75.0,-389128.0,0.017,6.23
42743.0,-186.0,-388785.0,0.058,6.72
42749.0,56.0,-388529.0,-0.05,6.23
42755.0,142.0,-388540.0,-0.017,6.23
42760.0,-61.0,-388775.0,-0.075,6.72
42765.0,-85.0,-388637.0,0.042,6.72
42770.0,241.0,-388560.0,-0.008,6.23
42775.0,90.0,-388636.0,-0.025,5.74
42780.0,261.0,-388533.0,0.025,6.23
42785.0,325.0,-388142.0,0.067,6.23
42790.0,502.0,-388558.0,-0.05,6.23
42796.0,-152.0,-388353.0,-0.017,6.23
42801.0,332.0,-388284.0,0.033,6.23
42806.0,515.0,-388432.0,0.1,6.48
42811.0,285.0,-388291.0,0.025,6.23
42817.0,-159.0,-388530.0,0.075,6.23
42822.0,-84.0,-388182.0,-0.033,6.23
42827.0,-202.0,-388113.0,0.008,6.23
42832.0,208.0,-388152.0,0.017,6.23
42838.0,197.0,-387880.0,-0.092,6.48
42843.0,-57.0,-387639.0,-0.025,6.72
42848.0,77.0,-387986.0,0.008,6.96
42853.0,82.0,-388112.0,0.008,6.48
42858.0,76.0,-387863.0,-0.008,6.48
42863.0,-97.0,-387890.0,-0.025,6.23
42867.0,-190.0,-387503.0,0.058,6.23
42872.0,380.0,-387794.0,0.067,6.23
42878.0,181.0,-387014.0,0.067,5.99
42884.0,13.0,-387057.0,0.05,6.23
42888.0,98.0,-387714.0,0.067,6.23
42893.0,47.0,-387583.0,0.008,6.48
42898.0,141.0,-386826.0,0.058,6.72
42903.0,50.0,-387318.0,0.108,6.72
42908.0,12.0,-387263.0,0.008,6.23
42913.0,185.0,-386974.0,0.017,6.48
42917.0,26.0,-386921.0,0.008,6.23
42923.0,563.0,-386956.0,0.067,6.48
42928.0,288.0,-386801.0,0.0,6.23
42933.0,40.0,-387018.0,0.042,6.23
42938.0,347.0,-386740.0,0.017,6.48
42943.0,-155.0,-386643.0,0.0,6.23
42947.0,128.0,-386628.0,-0.025,6.23
42952.0,479.0,-386535.0,0.025,6.23
42957.0,187.0,-386650.0,0.067,6.96
42962.0,226.0,-386482.0,0.058,6.23
42968.0,298.0,-386365.0,0.092,6.23
42973.0,60.0,-386708.0,0.025,6.23
42978.0,-89.0,-386482.0,0.017,6.23
42983.0,109.0,-386169.0,-0.017,6.48
42989.0,225.0,-385952.0,-0.05,6.72
42994.0,-4.0,-386442.0,-0.033,6.48
42999.0,594.0,-386299.0,0.042,6.23
43004.0,111.0,-385951.0,0.025,5.99
43009.0,58.0,-385862.0,0.133,6.23
43014.0,298.0,-386247.0,-0.033,6.23
43020.0,215.0,-386123.0,-0.025,6.23
43025.0,193.0,-386052.0,0.008,5.74
43030.0,-1.0,-386033.0,0.0,6.96
43035.0,142.0,-385913.0,-0.017,6.23
43040.0,-158.0,-385546.0,0.075,6.23
43045.0,252.0,-385853.0,0.033,7.21
43051.0,127.0,-385679.0,0.092,6.48
43056.0,259.0,-385616.0,-0.05,6.96
43061.0,31.0,-385423.0,0.075,6.72
43066.0,270.0,-385775.0,0.033,6.72
43071.0,-78.0,-385774.0,-0.025,6.72
43076.0,416.0,-385525.0,-0.017,6.23
43081.0,395.0,-385383.0,-0.008,6.23
43086.0,237.0,-385180.0,0.033,6.23
43092.0,205.0,-385191.0,0.117,6.23
43098.0,396.0,-385163.0,-0.025,8.43
43103.0,52.0,-385174.0,0.108,6.23
43108.0,290.0,-385322.0,0.042,6.48
43113.0,271.0,-384738.0,0.067,6.72
43118.0,362.0,-384847.0,-0.033,6.48
43124.0,-42.0,-384911.0,-0.017,6.96
43129.0,-179.0,-384713.0,0.108,6.72
43133.0,212.0,-384748.0,0.025,6.23
43140.0,-102.0,-384760.0,0.083,6.72
43145.0,-75.0,-384668.0,-0.008,6.23
43150.0,-150.0,-384429.0,-0.008,6.23
43155.0,466.0,-384713.0,0.075,6.72
43160.0,185.0,-384551.0,-0.05,6.48
43165.0,286.0,-384444.0,0.067,6.72
43170.0,348.0,-384608.0,0.033,6.23
43175.0,129.0,-384434.0,-0.033,5.99
43181.0,44.0,-384379.0,-0.058,6.48
43187.0,544.0,-384301.0,-0.017,6.48
43192.0,483.0,-384313.0,-0.083,6.23
43196.0,-108.0,-383978.0,0.017,6.72
43202.0,326.0,-383926.0,0.05,6.23
43207.0,369.0,-383976.0,0.0,6.96
43212.0,112.0,-384071.0,0.083,6.72
43217.0,246.0,-383957.0,0.05,6.72
43223.0,7.0,-384083.0,0.083,6.72
43228.0,3.0,-383958.0,0.133,6.23
43234.0,573.0,-383894.0,0.008,6.23
43239.0,384.0,-383448.0,0.058,6.23
43243.0,37.0,-383311.0,-0.017,6.96
43249.0,505.0,-383551.0,-0.075,6.96
43254.0,96.0,-383915.0,-0.042,6.48
43259.0,-137.0,-383642.0,0.025,6.96
43265.0,211.0,-383718.0,0.042,6.23
43270.0,28.0,-383352.0,-0.042,6.23
43275.0,147.0,-383345.0,0.0,6.23
43280.0,127.0,-383039.0,-0.025,6.23
43286.0,228.0,-383059.0,-0.067,6.23
43290.0,-145.0,-383246.0,0.067,6.96
43296.0,89.0,-383102.0,-0.017,6.23
43301.0,30.0,-383184.0,-0.008,7.21
43305.0,343.0,-382943.0,-0.033,6.96
43312.0,301.0,-382949.0,0.0,6.48
43317.0,250.0,-382991.0,0.008,6.72
43322.0,651.0,-382926.0,0.042,6.48
43327.0,273.0,-382494.0,0.008,6.23
43332.0,122.0,-382923.0,0.025,6.48
43337.0,214.0,-382934.0,0.033,6.72
43342.0,-70.0,-382870.0,0.042,6.48
43347.0,83.0,-382507.0,0.025,6.72
43353.0,179.0,-382920.0,0.008,6.23
43359.0,457.0,-382536.0,-0.033,7.21
43363.0,510.0,-382463.0,0.025,6.23
43368.0,-60.0,-382388.0,0.0,6.23
43373.0,-1.0,-382060.0,0.092,6.72
43378.0,46.0,-381863.0,0.033,6.23
43384.0,-58.0,-382183.0,0.025,6.23
43389.0,-155.0,-382147.0,0.067,6.48
43394.0,26.0,-382102.0,-0.017,6.96
43400.0,392.0,-382240.0,0.033,6.23
43405.0,277.0,-382248.0,-0.033,6.23
43409.0,278.0,-382023.0,0.025,6.48
43415.0,220.0,-382035.0,-0.017,6.96
43420.0,305.0,-381877.0,-0.008,6.23
43425.0,-46.0,-381824.0,0.083,6.23
43430.0,138.0,-381684.0,0.083,6.48
43436.0,357.0,-381601.0,0.058,6.72
43441.0,-69.0,-381756.0,0.008,6.23
43446.0,-331.0,-381440.0,0.017,6.48
43451.0,-130.0,-381347.0,0.008,6.23
43456.0,414.0,-381596.0,0.025,6.72
43462.0,288.0,-381178.0,0.033,6.48
43466.0,205.0,-381321.0,-0.008,6.96
43472.0,295.0,-381294.0,0.058,6.23
43478.0,-115.0,-381282.0,0.017,6.23
43483.0,-334.0,-381325.0,-0.033,6.23
43488.0,288.0,-381422.0,0.042,6.23
43493.0,-20.0,-381574.0,0.042,6.96
43498.0,-117.0,-381289.0,-0.008,6.23
43503.0,241.0,-381110.0,-0.008,6.72
43509.0,509.0,-381070.0,0.058,6.48
43513.0,218.0,-380935.0,0.033,6.23
43518.0,-68.0,-380876.0,0.042,6.23
43525.0,190.0,-380744.0,0.058,6.23
43529.0,73.0,-380837.0,0.075,6.72
43535.0,7.0,-380610.0,0.05,6.23
43540.0,239.0,-380764.0,-0.017,6.23
43545.0,330.0,-380609.0,0.017,6.72
43550.0,92.0,-380652.0,0.117,6.23
43555.0,68.0,-380566.0,0.05,6.23
43560.0,99.0,-380579.0,0.067,6.72
43566.0,391.0,-380878.0,0.017,6.96
43571.0,36.0,-380548.0,0.05,6.96
43576.0,131.0,-380443.0,0.033,6.96
43581.0,245.0,-380161.0,0.058,6.23
43586.0,-122.0,-380328.0,0.083,6.72
43590.0,97.0,-380723.0,0.0,6.96
43595.0,182.0,-380508.0,0.008,6.23
43600.0,411.0,-380029.0,0.058,6.23
43606.0,225.0,-380067.0,-0.017,6.48
43611.0,-232.0,-379748.0,-0.008,6.23
43616.0,256.0,-379837.0,0.075,6.72
43621.0,178.0,-380091.0,0.042,6.23
43626.0,225.0,-380266.0,-0.075,6.72
43631.0,149.0,-379911.0,0.017,6.72
43637.0,181.0,-379875.0,-0.067,6.72
43641.0,-30.0,-379912.0,0.025,6.23
43648.0,36.0,-379858.0,-0.017,6.48
43653.0,10.0,-379544.0,0.075,6.23
43658.0,411.0,-379893.0,0.0,6.23
43663.0,5.0,-379266.0,-0.075,6.23
43669.0,89.0,-379626.0,0.05,6.23
43673.0,-30.0,-379519.0,0.075,6.72
43678.0,124.0,-379494.0,-0.008,6.72
43684.0,-278.0,-379406.0,0.042,6.23
43688.0,183.0,-379299.0,0.025,6.23
43694.0,321.0,-378990.0,0.033,6.48
43700.0,265.0,-378962.0,0.058,6.96
43705.0,-20.0,-379155.0,0.042,6.96
43710.0,254.0,-378980.0,0.058,6.23
43715.0,44.0,-379000.0,0.017,6.23
43720.0,-35.0,-378943.0,0.042,6.96
43725.0,373.0,-378929.0,0.075,6.48
43731.0,93.0,-378793.0,0.075,6.23
43737.0,132.0,-378802.0,-0.042,6.23
43741.0,-145.0,-378549.0,0.108,6.23
43747.0,-59.0,-378605.0,0.117,6.23
43751.0,182.0,-378610.0,0.075,6.23
43757.0,-30.0,-378924.0,0.0,6.23
43762.0,-166.0,-378702.0,-0.025,6.23
43767.0,1.0,-378583.0,0.042,6.72
43772.0,563.0,-378508.0,0.05,6.23
43779.0,91.0,-378444.0,-0.008,6.23
43783.0,214.0,-378209.0,0.0,6.23
43789.0,-22.0,-378539.0,0.05,6.48
43794.0,0.0,-378351.0,-0.058,6.48
43800.0,194.0,-378267.0,0.058,6.23
43804.0,395.0,-378138.0,0.058,6.96
43810.0,161.0,-378018.0,-0.017,6.23
43815.0,35.0,-378086.0,-0.017,6.23
43821.0,62.0,-378139.0,0.017,6.23
43826.0,380.0,-377585.0,0.008,6.23
43832.0,256.0,-377845.0,0.067,6.23
43837.0,-44.0,-377383.0,0.067,6.72
43842.0,-27.0,-377688.0,0.058,5.99
43848.0,-239.0,-377776.0,-0.025,6.96
43853.0,141.0,-377608.0,-0.008,6.23
43859.0,267.0,-377654.0,0.083,6.23
43864.0,344.0,-377783.0,0.017,6.23
43870.0,288.0,-377709.0,0.017,6.23
43875.0,542.0,-377449.0,0.025,6.48
43880.0,647.0,-377420.0,-0.017,6.23
43885.0,594.0,-377439.0,0.075,6.72
43890.0,312.0,-377755.0,0.058,6.48
43895.0,115.0,-377648.0,-0.008,5.99
43900.0,65.0,-377158.0,-0.033,6.96
43907.0,131.0,-377202.0,0.083,6.72
43912.0,198.0,-377185.0,-0.05,6.23
43917.0,146.0,-377101.0,0.008,6.72
43923.0,102.0,-376969.0,0.0,6.48
43928.0,130.0,-376617.0,0.0,5.99
43933.0,189.0,-376662.0,-0.025,6.23
43938.0,189.0,-377028.0,0.075,6.23
43944.0,-135.0,-376550.0,0.0,6.96
43949.0,104.0,-376469.0,-0.058,6.23
43954.0,231.0,-376587.0,0.025,6.23
43960.0,215.0,-376317.0,0.05,6.48
43965.0,-224.0,-376610.0,-0.025,6.23
43970.0,87.0,-376536.0,-0.017,6.96
43975.0,291.0,-376356.0,0.0,6.48
43980.0,398.0,-376327.0,0.067,6.23
43985.0,536.0,-376149.0,0.025,6.23
43992.0,324.0,-376227.0,-0.058,6.48
43997.0,58.0,-376307.0,-0.033,6.96
44002.0,87.0,-376302.0,-0.058,6.23
44008.0,143.0,-376090.0,0.033,6.23
44013.0,431.0,-375968.0,0.083,6.96
44018.0,287.0,-376191.0,-0.058,6.72
44023.0,212.0,-376140.0,0.125,6.23
44028.0,296.0,-376028.0,-0.008,6.23
44035.0,18.0,-376013.0,-0.025,6.48
44039.0,241.0,-376042.0,0.025,6.23
44045.0,261.0,-375740.0,0.067,6.23
44050.0,391.0,-375595.0,0.042,6.23
44054.0,268.0,-375546.0,-0.058,6.23
44060.0,-44.0,-375666.0,-0.033,6.23
44065.0,208.0,-375681.0,0.067,6.23
44070.0,-229.0,-375458.0,0.033,6.23
44076.0,211.0,-375252.0,0.008,6.48
44081.0,89.0,-375273.0,-0.017,6.48
44086.0,164.0,-375374.0,0.025,6.23
44091.0,354.0,-375214.0,-0.033,6.96
44097.0,126.0,-375097.0,0.067,6.96
44101.0,-173.0,-375060.0,-0.017,6.48
44107.0,67.0,-375354.0,0.025,6.23
44111.0,-190.0,-375315.0,-0.008,6.23
44116.0,405.0,-375027.0,0.025,6.48
44123.0,155.0,-375165.0,-0.025,6.23
44128.0,140.0,-375036.0,0.058,6.23
44133.0,-3.0,-374828.0,0.058,6.23
44138.0,313.0,-374842.0,0.033,6.23
44143.0,330.0,-374579.0,0.067,6.48
44148.0,127.0,-374565.0,0.033,6.23
44153.0,245.0,-374481.0,-0.008,6.23
44158.0,304.0,-374456.0,-0.058,6.23
44164.0,177.0,-374732.0,0.025,6.96
44170.0,93.0,-374782.0,0.033,6.48
44174.0,476.0,-374829.0,-0.017,6.23
44179.0,365.0,-374499.0,-0.008,6.23
44185.0,185.0,-374504.0,-0.05,6.96
44189.0,178.0,-374213.0,0.058,6.23
44195.0,312.0,-374185.0,-0.008,7.94
44200.0,362.0,-374066.0,0.017,6.23
44206.0,69.0,-374459.0,0.017,6.72
44211.0,1.0,-374005.0,0.042,6.23
44216.0,379.0,-373936.0,0.1,7.21
44221.0,292.0,-374297.0,0.0,6.23
44226.0,26.0,-373807.0,0.05,6.72
44231.0,-38.0,-373924.0,0.067,6.48
44236.0,275.0,-374355.0,0.058,6.96
44241.0,215.0,-374307.0,0.1,6.23
44247.0,401.0,-374074.0,-0.008,6.23
44252.0,406.0,-373691.0,-0.1,6.72
44258.0,230.0,-374267.0,0.017,6.48
44263.0,-108.0,-373980.0,0.05,6.48
44267.0,-117.0,-373665.0,0.05,6.23
44273.0,457.0,-373361.0,0.083,6.23
44278.0,201.0,-373858.0,0.033,5.99
44283.0,142.0,-373937.0,0.0,6.96
44289.0,112.0,-373493.0,-0.042,5.5
44294.0,314.0,-373484.0,0.042,6.23
44299.0,299.0,-373245.0,-0.025,6.48
44304.0,211.0,-373421.0,0.1,6.23
44310.0,201.0,-373432.0,0.017,6.23
44314.0,428.0,-373047.0,0.067,6.48
44320.0,626.0,-373291.0,0.092,6.23
44325.0,-168.0,-373256.0,0.042,6.96
44329.0,127.0,-373171.0,-0.008,6.23
44336.0,213.0,-373064.0,0.008,6.23
44340.0,232.0,-373023.0,-0.017,6.23
44346.0,-28.0,-372911.0,0.05,6.96
44351.0,304.0,-372892.0,-0.033,6.23
44355.0,123.0,-372681.0,-0.017,6.23
44361.0,-215.0,-373119.0,0.025,6.23
44366.0,-111.0,-373120.0,0.083,6.23
44371.0,42.0,-372899.0,-0.008,6.23
44377.0,138.0,-372489.0,-0.008,6.72
44382.0,172.0,-372570.0,0.025,6.23
44387.0,641.0,-372635.0,-0.017,6.96
44393.0,-9.0,-372341.0,-0.008,6.72
44398.0,-77.0,-372282.0,0.05,6.48
44402.0,54.0,-372423.0,0.058,6.96
44408.0,192.0,-372597.0,0.008,6.48
44413.0,96.0,-372118.0,0.083,6.23
44418.0,395.0,-371859.0,0.067,6.72
44424.0,131.0,-371919.0,-0.033,6.72
44429.0,87.0,-372004.0,0.008,6.48
44434.0,76.0,-372103.0,0.025,6.96
44439.0,318.0,-372015.0,-0.017,6.23
44444.0,256.0,-372238.0,0.0,6.23
44449.0,-21.0,-372082.0,0.05,6.23
44455.0,87.0,-372144.0,0.033,6.48
44461.0,291.0,-372223.0,0.017,6.23
44465.0,126.0,-371766.0,-0.017,5.99
44471.0,194.0,-371920.0,0.025,6.96
44476.0,112.0,-371863.0,-0.075,6.23
44481.0,355.0,-371808.0,0.008,6.48
44486.0,-5.0,-372000.0,0.092,6.72
44491.0,107.0,-371837.0,0.058,6.72
44496.0,422.0,-371400.0,0.058,7.7
44502.0,134.0,-371584.0,-0.058,6.72
44508.0,-360.0,-371455.0,-0.075,6.23
44512.0,-313.0,-371428.0,0.042,6.72
44518.0,-149.0,-371548.0,-0.017,6.23
44523.0,195.0,-371365.0,0.025,6.23
44528.0,0.0,-371278.0,0.05,6.48
44533.0,552.0,-371244.0,0.033,6.23
44538.0,400.0,-371297.0,0.092,6.23
44544.0,177.0,-371024.0,0.008,6.72
44549.0,189.0,-371213.0,0.008,6.23
44554.0,519.0,-371180.0,0.017,6.23
44559.0,218.0,-371098.0,0.142,6.23
44564.0,-8.0,-371335.0,0.05,6.72
44569.0,321.0,-370962.0,0.008,6.48
44573.0,138.0,-370921.0,-0.067,6.48
44578.0,330.0,-370902.0,-0.083,6.48
44583.0,263.0,-370610.0,0.033,6.96
44590.0,257.0,-370493.0,0.05,6.48
44595.0,215.0,-370654.0,0.033,6.23
44600.0,396.0,-370774.0,-0.033,6.23
44605.0,116.0,-370777.0,0.05,6.96
44610.0,340.0,-370440.0,0.067,6.23
44615.0,413.0,-370518.0,0.05,6.23
44620.0,-69.0,-370329.0,0.025,6.72
44625.0,131.0,-370220.0,0.017,6.72
44631.0,124.0,-370422.0,0.017,6.48
44636.0,444.0,-370279.0,0.042,6.96
44641.0,-156.0,-370320.0,-0.025,6.23
44647.0,-283.0,-370118.0,-0.008,6.48
44652.0,445.0,-369951.0,-0.017,6.48
44657.0,-27.0,-370132.0,0.058,6.23
44662.0,-206.0,-369784.0,-0.008,6.23
44667.0,-266.0,-369923.0,0.008,4.03
44672.0,-159.0,-369948.0,-0.042,6.23
44677.0,-230.0,-369665.0,0.033,6.23
44682.0,554.0,-370080.0,-0.058,5.99
44687.0,475.0,-369668.0,0.042,6.23
44692.0,-127.0,-369393.0,0.058,6.23
44698.0,221.0,-369684.0,0.025,6.23
44703.0,400.0,-369790.0,0.058,6.23
44708.0,488.0,-369883.0,0.017,6.96
44713.0,510.0,-369772.0,0.092,6.23
44719.0,567.0,-369518.0,0.092,6.23
44724.0,255.0,-369649.0,0.1,6.23
44729.0,-101.0,-369240.0,0.008,6.48
44734.0,34.0,-369622.0,-0.067,6.23
44739.0,62.0,-369325.0,-0.025,6.48
44744.0,166.0,-369180.0,0.05,6.23
44749.0,307.0,-368928.0,-0.008,6.48
44754.0,3.0,-368909.0,0.05,6.23
44760.0,-108.0,-369042.0,-0.025,6.23
44765.0,315.0,-368949.0,-0.042,6.23
44770.0,433.0,-369000.0,0.025,6.96
44775.0,486.0,-368744.0,0.075,6.23
44780.0,266.0,-369279.0,-0.025,6.48
44785.0,252.0,-368950.0,0.067,6.23
44790.0,243.0,-368686.0,0.017,6.48
44795.0,123.0,-368527.0,0.108,6.23
44801.0,409.0,-368778.0,0.008,6.48
44806.0,-38.0,-368660.0,0.05,6.72
44811.0,110.0,-368505.0,0.067,6.72
44816.0,313.0,-368631.0,-0.05,6.48
44821.0,262.0,-368572.0,-0.025,6.96
44826.0,106.0,-368493.0,0.158,6.23
44831.0,-79.0,-368719.0,0.017,6.23
44836.0,230.0,-368320.0,-0.042,6.23
44841.0,144.0,-368113.0,0.0,6.23
44847.0,-285.0,-368248.0,0.0,6.48
44852.0,149.0,-368553.0,0.05,6.23
44857.0,160.0,-368149.0,-0.025,6.23
44862.0,-156.0,-368094.0,0.067,6.96
44867.0,192.0,-368141.0,0.092,6.72
44872.0,221.0,-368321.0,0.008,6.23
44877.0,385.0,-367912.0,-0.067,6.23
44882.0,-13.0,-367591.0,-0.05,6.23
44888.0,176.0,-368477.0,0.117,5.99
44893.0,526.0,-368334.0,0.067,6.72
44898.0,-156.0,-367957.0,-0.017,6.23
44904.0,189.0,-368375.0,0.025,6.48
44909.0,247.0,-368248.0,0.017,6.23
44914.0,361.0,-367877.0,-0.05,6.48
44919.0,436.0,-367805.0,0.05,6.23
44924.0,18.0,-367496.0,-0.058,6.96
44930.0,244.0,-367565.0,-0.05,6.23
44935.0,433.0,-367575.0,0.008,6.23
44940.0,241.0,-367548.0,0.067,6.23
44945.0,293.0,-367141.0,-0.092,6.72
44950.0,230.0,-367641.0,-0.075,6.23
44955.0,72.0,-367756.0,0.042,6.23
44960.0,154.0,-367187.0,0.017,6.48
44966.0,521.0,-366911.0,-0.008,6.48
44972.0,277.0,-367238.0,0.033,5.99
44977.0,-259.0,-367585.0,-0.058,6.23
44982.0,14.0,-367239.0,0.05,6.23
44987.0,408.0,-367322.0,0.0,5.99
44992.0,0.0,-367098.0,0.133,6.48
44997.0,-65.0,-366874.0,0.017,6.23
45002.0,-48.0,-366873.0,0.05,6.23
45007.0,569.0,-367005.0,0.05,6.72
45012.0,246.0,-367046.0,0.083,6.23
45018.0,198.0,-366397.0,-0.008,6.48
45023.0,373.0,-367115.0,-0.05,6.23
45027.0,212.0,-366968.0,0.05,6.23
45033.0,10.0,-366892.0,-0.075,6.23
45038.0,485.0,-366750.0,-0.042,6.23
45043.0,602.0,-366469.0,0.05,6.72
45048.0,142.0,-366625.0,0.025,6.23
45053.0,505.0,-366213.0,0.092,6.23
45059.0,260.0,-366076.0,0.008,6.23
45065.0,62.0,-366242.0,0.067,6.72
45069.0,-233.0,-366413.0,-0.025,6.23
45074.0,97.0,-366300.0,-0.008,6.23
45079.0,100.0,-366306.0,0.083,6.23
45084.0,263.0,-366549.0,-0.042,6.23
45089.0,-109.0,-366436.0,0.008,6.48
45094.0,4.0,-366440.0,0.083,6.72
45100.0,138.0,-366489.0,0.0,6.23
45106.0,122.0,-366099.0,0.092,6.23
45111.0,-57.0,-366271.0,-0.075,6.72
45115.0,468.0,-365918.0,0.008,6.96
45121.0,182.0,-365698.0,0.1,6.23
45126.0,17.0,-365982.0,0.033,7.21
45131.0,76.0,-366059.0,0.008,6.48
45136.0,268.0,-365965.0,0.008,6.48
45142.0,73.0,-365761.0,-0.008,6.48
45147.0,-110.0,-365724.0,0.05,6.48
45152.0,84.0,-365316.0,0.017,6.72
45157.0,277.0,-365692.0,0.008,5.99
45162.0,-148.0,-365493.0,0.008,6.96
45167.0,462.0,-365565.0,0.05,6.48
45172.0,361.0,-365512.0,0.058,6.23
45177.0,-103.0,-365533.0,0.042,6.23
45184.0,141.0,-365245.0,-0.008,6.23
45188.0,166.0,-365120.0,0.008,6.23
45193.0,-16.0,-365519.0,0.017,6.23
45199.0,164.0,-365349.0,0.0,6.72
45204.0,445.0,-365282.0,0.075,6.72
45209.0,11.0,-365137.0,0.025,6.96
45214.0,-38.0,-365255.0,0.0,6.48
45218.0,401.0,-364898.0,0.083,6.23
45224.0,563.0,-365074.0,-0.008,6.96
45230.0,374.0,-364828.0,-0.05,6.23
45235.0,209.0,-364971.0,0.042,6.23
45240.0,139.0,-365081.0,0.058,6.96
45245.0,146.0,-364717.0,0.067,6.72
45250.0,171.0,-364844.0,0.0,6.96
45255.0,225.0,-364940.0,0.0,6.23
45260.0,244.0,-364753.0,0.092,6.72
45265.0,-276.0,-364602.0,0.0,6.72
45271.0,188.0,-364712.0,0.0,6.23
45276.0,93.0,-364805.0,0.083,6.23
45281.0,215.0,-364206.0,0.058,6.23
45287.0,331.0,-364752.0,0.05,6.23
45291.0,-12.0,-364443.0,0.017,6.48
45296.0,-174.0,-364494.0,0.1,6.72
45302.0,468.0,-364282.0,0.0,6.23
45306.0,673.0,-364079.0,0.017,6.48
45313.0,437.0,-364266.0,0.017,6.23
45318.0,378.0,-364274.0,0.017,6.48
45322.0,195.0,-363935.0,0.05,6.23
45328.0,247.0,-364323.0,-0.025,6.23
45333.0,72.0,-364207.0,0.067,6.72
45337.0,449.0,-364024.0,0.0,6.23
45343.0,269.0,-363866.0,0.0,6.48
45348.0,246.0,-364280.0,0.042,6.23
45353.0,263.0,-364053.0,0.017,6.23
45359.0,51.0,-363715.0,0.05,6.23
45364.0,-192.0,-363742.0,-0.017,6.23
45369.0,-220.0,-363747.0,0.0,6.96
45374.0,-100.0,-363797.0,0.0,6.72
45379.0,223.0,-363548.0,0.058,6.72
45384.0,335.0,-363341.0,0.092,6.48
45390.0,229.0,-363743.0,0.033,6.96
45394.0,316.0,-363598.0,-0.042,6.23
45400.0,136.0,-363737.0,0.025,6.48
45406.0,432.0,-363547.0,0.092,6.23
45411.0,29.0,-363302.0,0.05,6.23
45416.0,349.0,-363403.0,0.067,6.72
45421.0,251.0,-363555.0,0.017,6.23
45426.0,220.0,-363496.0,0.092,6.23
45431.0,308.0,-363055.0,0.025,6.23
45436.0,406.0,-363271.0,-0.025,6.72
45442.0,287.0,-363028.0,-0.017,6.96
45447.0,143.0,-363395.0,0.058,6.23
45453.0,589.0,-363043.0,0.05,6.23
45457.0,508.0,-363166.0,0.025,6.23
45462.0,92.0,-362567.0,-0.033,5.99
45468.0,168.0,-362965.0,0.025,6.23
45473.0,435.0,-362872.0,0.025,6.23
45478.0,-107.0,-362937.0,-0.008,6.23
45484.0,229.0,-362873.0,-0.017,6.23
45489.0,388.0,-362816.0,0.017,6.48
45494.0,50.0,-362873.0,0.058,6.72
45500.0,68.0,-362317.0,0.042,6.23
45504.0,-39.0,-362486.0,0.167,6.23
45510.0,179.0,-362448.0,-0.05,6.96
45515.0,433.0,-362664.0,0.1,6.72
45520.0,340.0,-362249.0,0.142,6.23
45524.0,593.0,-362598.0,-0.092,6.23
45531.0,259.0,-362154.0,0.05,6.72
45536.0,206.0,-362459.0,0.042,6.48
45541.0,168.0,-362081.0,0.008,6.72
45547.0,418.0,-362295.0,0.033,6.23
45551.0,295.0,-362036.0,0.008,6.48
45556.0,112.0,-362109.0,0.117,6.48
45562.0,466.0,-362085.0,0.0,6.23
45566.0,417.0,-361958.0,0.0,6.23
45573.0,175.0,-361800.0,-0.025,6.23
45578.0,-13.0,-362092.0,0.075,6.96
45583.0,292.0,-361947.0,-0.017,6.96
45588.0,444.0,-361700.0,0.0,6.72
45593.0,396.0,-361848.0,-0.033,6.48
45598.0,375.0,-361609.0,0.067,6.72
45603.0,567.0,-361658.0,0.042,6.23
45609.0,159.0,-361746.0,0.058,6.48
45614.0,208.0,-361709.0,-0.017,5.99
45619.0,34.0,-361158.0,0.042,5.5
45625.0,222.0,-361616.0,-0.017,6.23
45629.0,343.0,-361433.0,0.183,6.23
45635.0,-25.0,-361157.0,0.033,6.48
45641.0,391.0,-361467.0,0.075,6.72
45646.0,259.0,-361319.0,0.0,6.72
45651.0,92.0,-361288.0,0.008,6.23
45657.0,256.0,-361248.0,0.042,6.23
45663.0,0.0,-360914.0,0.05,6.23
45667.0,-185.0,-360915.0,0.108,6.23
45673.0,-65.0,-360635.0,0.092,6.96
45678.0,-401.0,-360899.0,0.117,6.23
45684.0,-73.0,-361109.0,0.067,6.23
45688.0,-118.0,-361156.0,0.167,6.48
45694.0,64.0,-360756.0,0.058,6.23
45700.0,356.0,-360832.0,0.075,6.72
45705.0,219.0,-361157.0,-0.025,6.96
45710.0,396.0,-360872.0,-0.083,6.48
45715.0,192.0,-360832.0,0.042,6.48
45720.0,263.0,-360877.0,0.017,6.23
45725.0,-101.0,-360481.0,-0.092,6.23
45731.0,259.0,-360623.0,0.017,6.23
45736.0,312.0,-360450.0,0.017,6.23
45742.0,-9.0,-360128.0,-0.017,6.72
45747.0,259.0,-360194.0,0.067,6.48
45752.0,380.0,-360453.0,-0.017,6.48
45757.0,382.0,-360315.0,0.025,6.96
45763.0,36.0,-360257.0,0.033,6.23
45769.0,168.0,-360027.0,0.017,6.23
45773.0,207.0,-360264.0,-0.033,6.96
45779.0,121.0,-360312.0,0.083,6.23
45785.0,395.0,-360324.0,0.017,6.72
45791.0,313.0,-359998.0,0.033,6.23
45795.0,130.0,-360263.0,0.108,6.23
45801.0,80.0,-359955.0,0.033,6.23
45806.0,54.0,-360099.0,0.0,6.96
45811.0,-77.0,-359784.0,-0.008,8.19
45816.0,374.0,-359526.0,0.017,6.23
45822.0,-86.0,-359668.0,-0.008,6.23
45827.0,127.0,-359685.0,-0.083,6.23
45832.0,296.0,-359565.0,-0.008,6.23
45838.0,178.0,-359695.0,0.042,6.23
45843.0,71.0,-359712.0,0.075,6.23
45848.0,211.0,-359416.0,-0.008,6.23
45854.0,113.0,-359614.0,0.05,6.23
45859.0,13.0,-359370.0,0.008,6.23
45864.0,292.0,-359127.0,0.008,6.48
45870.0,380.0,-359301.0,0.083,6.23
45876.0,58.0,-359209.0,0.033,6.23
45881.0,182.0,-359180.0,0.008,6.48
45886.0,347.0,-359279.0,0.058,6.23
45891.0,85.0,-358955.0,0.033,6.23
45896.0,-115.0,-359040.0,0.008,6.23
45901.0,390.0,-359061.0,0.108,6.72
45906.0,168.0,-359311.0,0.067,6.72
45912.0,198.0,-359288.0,0.067,6.72
45917.0,199.0,-359187.0,-0.017,6.23
45923.0,203.0,-359047.0,0.008,6.23
45928.0,-137.0,-358972.0,-0.058,6.23
45932.0,-90.0,-358901.0,0.058,6.23
45938.0,-74.0,-358995.0,0.075,6.72
45942.0,245.0,-358964.0,0.008,6.72
45948.0,-58.0,-358964.0,0.058,6.96
45954.0,496.0,-358474.0,0.108,6.72
45959.0,335.0,-358589.0,0.017,6.72
45964.0,-74.0,-358511.0,0.075,6.48
45969.0,-156.0,-358785.0,0.025,6.48
45974.0,187.0,-358682.0,0.067,6.72
45979.0,185.0,-358266.0,0.075,6.23
45985.0,21.0,-358428.0,0.092,6.23
45990.0,13.0,-358269.0,-0.008,6.72
45996.0,80.0,-358204.0,-0.025,6.96
46001.0,364.0,-358450.0,0.025,6.23
46006.0,292.0,-358411.0,0.05,6.23
46011.0,21.0,-358376.0,0.033,6.48
46016.0,189.0,-358112.0,-0.033,6.23
46021.0,-19.0,-358113.0,0.092,6.23
46026.0,-356.0,-357756.0,-0.017,6.23
46032.0,-4.0,-358242.0,-0.008,6.23
46036.0,145.0,-358197.0,0.033,6.48
46042.0,-70.0,-358155.0,0.025,6.72
46047.0,194.0,-357698.0,0.075,6.23
46052.0,399.0,-357699.0,0.1,6.23
46058.0,369.0,-357961.0,-0.025,6.23
46063.0,9.0,-357974.0,0.058,6.72
46067.0,480.0,-357423.0,0.0,6.23
46073.0,166.0,-357853.0,0.108,6.48
46078.0,-70.0,-357646.0,0.025,6.23
46083.0,-75.0,-357545.0,-0.008,6.23
46089.0,-97.0,-357381.0,0.033,6.23
46094.0,211.0,-357276.0,0.092,6.23
46099.0,286.0,-357507.0,0.025,6.23
46104.0,538.0,-357353.0,0.008,6.23
46109.0,194.0,-357170.0,0.083,6.23
46114.0,-17.0,-357799.0,0.025,6.23
46119.0,-17.0,-357169.0,0.017,6.23
46125.0,329.0,-357316.0,0.008,6.48
46130.0,-60.0,-357057.0,-0.042,6.23
46135.0,10.0,-357386.0,0.033,6.23
46140.0,301.0,-357063.0,0.05,6.72
46145.0,185.0,-357081.0,-0.017,6.72
46150.0,247.0,-357060.0,0.042,6.72
46155.0,112.0,-357209.0,-0.025,6.23
46161.0,-106.0,-356519.0,0.075,6.48
46167.0,330.0,-356950.0,-0.1,5.99
46171.0,181.0,-356709.0,0.083,6.23
46177.0,-355.0,-356801.0,0.0,5.99
46182.0,-177.0,-356938.0,0.1,6.23
46187.0,212.0,-356663.0,-0.033,6.48
46192.0,20.0,-356983.0,0.042,6.23
46197.0,82.0,-356732.0,-0.075,6.23
46202.0,303.0,-356613.0,0.233,6.23
46208.0,185.0,-356603.0,-0.017,6.23
46213.0,93.0,-356730.0,0.292,6.23
46218.0,182.0,-356721.0,-0.133,6.23
46223.0,126.0,-357235.0,0.192,6.72
46229.0,2.0,-357296.0,-0.017,6.23
46233.0,121.0,-357555.0,0.042,6.48
46239.0,509.0,-358443.0,0.625,6.48
46244.0,-139.0,-358632.0,-0.225,7.21
46248.0,-158.0,-359737.0,0.983,6.48
46255.0,114.0,-369745.0,7.033,7.45
46260.0,474.0,-376756.0,-6.7,8.19
46265.0,-127.0,-385317.0,-1.075,8.19
46270.0,625.0,-393323.0,4.425,8.92
46275.0,-361.0,-396874.0,-2.042,8.43
46280.0,-350.0,-405243.0,1.183,8.68
46286.0,124.0,-418363.0,5.133,9.41
46291.0,334.0,-426474.0,-2.725,8.92
46296.0,5.0,-438749.0,-1.65,9.41
46301.0,129.0,-444292.0,4.908,10.14
46306.0,388.0,-455399.0,-1.908,9.9
46311.0,23.0,-465097.0,-0.133,10.14
46316.0,-49.0,-470402.0,2.125,10.14
46321.0,158.0,-479489.0,-0.183,10.87
46327.0,614.0,-489215.0,1.45,10.14
46332.0,50.0,-494216.0,1.417,10.14
46337.0,341.0,-504519.0,0.608,9.65
46343.0,133.0,-514581.0,1.175,10.14
46348.0,297.0,-519676.0,1.592,9.65
46353.0,236.0,-530239.0,0.217,9.9
46358.0,10.0,-540529.0,1.4,10.63
46363.0,34.0,-545446.0,1.05,10.14
46368.0,369.0,-555065.0,0.133,10.39
46374.0,323.0,-564915.0,2.017,9.65
46380.0,151.0,-569980.0,0.45,9.41
46384.0,402.0,-580171.0,1.5,9.65
46390.0,432.0,-591201.0,0.842,9.65
46395.0,-326.0,-596268.0,1.042,9.9
46400.0,-77.0,-606469.0,1.558,9.9
46405.0,415.0,-616275.0,0.55,10.14
46410.0,87.0,-621314.0,1.317,10.63
46415.0,68.0,-631909.0,1.525,10.14
46420.0,42.0,-642459.0,0.583,10.14
46426.0,-30.0,-647502.0,1.858,10.39
46431.0,-217.0,-658387.0,0.567,9.9
46437.0,83.0,-669069.0,1.317,9.9
46442.0,133.0,-674402.0,0.983,10.63
46446.0,144.0,-684851.0,1.042,9.9
46452.0,392.0,-695163.0,1.458,10.14
46457.0,320.0,-700672.0,0.8,9.9
46462.0,247.0,-710871.0,1.183,9.9
46468.0,29.0,-721847.0,1.375,10.63
46473.0,-39.0,-726548.0,0.833,9.65
46478.0,156.0,-736831.0,1.542,10.39
46484.0,226.0,-747283.0,0.592,10.14
46489.0,46.0,-752208.0,0.825,10.39
46493.0,-51.0,-761607.0,1.892,10.14
46498.0,406.0,-766610.0,0.975,10.14
46503.0,-196.0,-777165.0,0.533,10.63
46509.0,73.0,-787129.0,1.992,9.9
46514.0,119.0,-792184.0,-0.225,9.9
46519.0,105.0,-801927.0,1.775,9.65
46525.0,-14.0,-811737.0,0.783,9.9
46530.0,126.0,-816050.0,0.417,9.65
46535.0,38.0,-825591.0,2.142,9.41
46540.0,-105.0,-835743.0,0.467,9.9
46545.0,245.0,-840422.0,0.958,9.65
46551.0,295.0,-850639.0,2.05,9.65
46556.0,488.0,-859841.0,-0.517,10.39
46561.0,22.0,-864792.0,2.142,9.65
46566.0,162.0,-874619.0,-0.3,10.14
46571.0,177.0,-883577.0,1.342,9.9
46577.0,185.0,-888244.0,1.5,9.65
46582.0,79.0,-897715.0,0.225,9.41
46587.0,44.0,-907337.0,1.592,9.9
46593.0,76.0,-912352.0,0.7,9.41
46597.0,-117.0,-921585.0,0.733,9.41
46602.0,142.0,-926284.0,2.042,9.65
46607.0,44.0,-935393.0,-0.083,9.65
46612.0,151.0,-944463.0,1.267,9.65
46617.0,143.0,-949618.0,1.175,9.9
46622.0,-351.0,-958427.0,0.625,10.63
46627.0,-258.0,-968445.0,1.758,9.65
46633.0,462.0,-973620.0,0.225,10.39
46639.0,44.0,-982529.0,1.092,9.16
46644.0,175.0,-991375.0,1.183,9.9
46649.0,71.0,-996150.0,0.7,9.41
46654.0,-69.0,-1005501.0,0.875,9.41
46659.0,72.0,-1014823.0,1.767,9.41
46664.0,362.0,-1019616.0,0.075,9.16
46669.0,426.0,-1029069.0,1.908,9.65
46674.0,383.0,-1038847.0,0.325,9.41
46681.0,57.0,-1043068.0,0.95,9.41
46686.0,167.0,-1052861.0,1.783,9.41
46691.0,182.0,-1061695.0,-0.417,9.41
46696.0,176.0,-1066422.0,1.892,9.41
46701.0,608.0,-1075715.0,0.808,9.16
46706.0,323.0,-1085413.0,1.167,9.41
46711.0,304.0,-1090220.0,1.633,9.41
46716.0,298.0,-1100507.0,-0.117,9.9
46722.0,263.0,-1109895.0,1.817,9.41
46727.0,337.0,-1114572.0,0.608,9.9
46733.0,111.0,-1123717.0,0.508,9.41
46738.0,102.0,-1132605.0,1.858,9.9
46743.0,454.0,-1137662.0,0.358,9.16
46748.0,-158.0,-1147341.0,1.517,9.41
46753.0,277.0,-1157743.0,1.308,9.65
46758.0,142.0,-1162582.0,0.275,9.41
46764.0,246.0,-1172026.0,1.675,9.65
46770.0,31.0,-1181458.0,0.675,9.41
46774.0,-66.0,-1186045.0,0.925,9.9
46779.0,300.0,-1190444.0,1.4,9.41
46784.0,241.0,-1204012.0,1.042,9.65
46790.0,203.0,-1208637.0,0.767,9.16
46795.0,145.0,-1218166.0,2.008,9.65
46800.0,706.0,-1227866.0,-0.033,9.16
46806.0,527.0,-1232193.0,1.192,9.41
46811.0,129.0,-1241631.0,0.792,9.41
46816.0,182.0,-1249979.0,0.758,8.19
46821.0,639.0,-1254456.0,1.483,9.41
46827.0,59.0,-1263406.0,1.175,9.16
46832.0,-170.0,-1272056.0,0.742,9.16
46836.0,347.0,-1277363.0,1.575,9.41
46842.0,-141.0,-1286542.0,0.183,8.92
46848.0,-118.0,-1294838.0,1.692,8.92
46852.0,287.0,-1299505.0,0.042,8.92
46858.0,-143.0,-1308029.0,0.967,8.92
46863.0,-38.0,-1316453.0,1.55,9.41
46868.0,189.0,-1320620.0,0.317,9.16
46873.0,159.0,-1329816.0,1.525,8.92
46879.0,-180.0,-1339090.0,0.392,8.92
46883.0,-17.0,-1343469.0,1.183,9.41
46889.0,443.0,-1352617.0,1.067,8.92
46895.0,-74.0,-1360965.0,0.483,9.41
46900.0,-15.0,-1365136.0,1.042,8.92
46905.0,139.0,-1369221.0,1.283,9.16
46910.0,198.0,-1382057.0,0.783,8.92
46915.0,471.0,-1386726.0,1.325,8.92
46920.0,361.0,-1396208.0,0.292,8.92
46925.0,398.0,-1404784.0,1.533,9.41
46930.0,233.0,-1409149.0,0.642,9.16
46937.0,-75.0,-1417165.0,0.875,8.92
46942.0,164.0,-1425331.0,0.85,8.92
46946.0,11.0,-1429230.0,1.408,9.41
46952.0,211.0,-1437938.0,0.45,9.16
46957.0,128.0,-1447178.0,1.708,8.92
46962.0,119.0,-1451893.0,-0.258,8.92
46967.0,447.0,-1455958.0,1.417,8.92
46972.0,256.0,-1468742.0,0.875,9.9
46978.0,-15.0,-1473195.0,0.675,8.68
46983.0,77.0,-1480959.0,1.033,8.92
46988.0,318.0,-1489507.0,1.35,9.16
46993.0,337.0,-1493802.0,0.275,8.19
46999.0,225.0,-1502996.0,1.917,9.41
47004.0,738.0,-1511956.0,-0.425,8.68
47009.0,315.0,-1516395.0,1.75,8.68
47014.0,257.0,-1525189.0,0.717,8.92
47020.0,366.0,-1533635.0,0.492,9.41
47025.0,251.0,-1537812.0,1.683,9.41
47030.0,-191.0,-1546425.0,0.633,8.92
47035.0,-74.0,-1555427.0,1.042,8.92
47040.0,149.0,-1560262.0,1.392,8.92
47046.0,365.0,-1568870.0,0.358,9.41
47051.0,76.0,-1577870.0,1.433,8.92
47055.0,163.0,-1582389.0,0.333,8.68
47062.0,335.0,-1590777.0,0.967,9.41
47067.0,250.0,-1598949.0,1.367,8.43
47072.0,23.0,-1603244.0,0.558,9.16
47077.0,55.0,-1611830.0,0.917,8.92
47083.0,-9.0,-1620432.0,0.5,8.92
47088.0,192.0,-1624743.0,1.508,8.68
47093.0,-174.0,-1633564.0,0.558,8.68
47098.0,244.0,-1641776.0,0.642,9.41
47104.0,479.0,-1645753.0,0.3,8.92
47109.0,61.0,-1653276.0,1.75,8.68
47115.0,493.0,-1662158.0,0.367,8.92
47120.0,168.0,-1670360.0,1.533,8.92
47125.0,-25.0,-1674913.0,0.875,9.41
47130.0,135.0,-1683669.0,0.4,8.92
47135.0,204.0,-1692069.0,1.45,8.68
47140.0,153.0,-1696126.0,-0.192,8.68
47147.0,229.0,-1704282.0,1.258,9.16
47152.0,286.0,-1712460.0,0.875,8.68
47156.0,247.0,-1716043.0,0.75,8.68
47162.0,-87.0,-1724437.0,1.092,8.68
47168.0,143.0,-1733217.0,0.575,8.68
47172.0,48.0,-1737550.0,1.025,9.16
47177.0,176.0,-1746033.0,0.833,8.68
47183.0,-86.0,-1754055.0,0.567,8.92
47188.0,225.0,-1757924.0,1.142,9.41
47194.0,377.0,-1765941.0,0.708,9.16
47199.0,-147.0,-1773897.0,1.1,9.16
47204.0,-40.0,-1778020.0,0.767,9.16
47209.0,242.0,-1786035.0,0.942,8.68
47215.0,244.0,-1794895.0,0.95,8.68
47220.0,89.0,-1802799.0,0.483,8.43
47225.0,-122.0,-1806514.0,0.908,8.43
47230.0,338.0,-1814166.0,0.992,8.68
47237.0,50.0,-1822480.0,0.85,8.68
47241.0,537.0,-1826251.0,0.733,8.43
47247.0,477.0,-1834478.0,1.242,8.43
47252.0,503.0,-1842744.0,0.308,8.43
47257.0,146.0,-1846347.0,1.342,8.43
47262.0,200.0,-1854604.0,0.217,8.92
47268.0,278.0,-1862340.0,0.842,8.43
47272.0,311.0,-1865751.0,1.442,8.43
47278.0,169.0,-1873960.0,0.2,8.43
47284.0,165.0,-1882510.0,1.242,8.68
47289.0,0.0,-1886535.0,0.642,8.68
47293.0,77.0,-1894264.0,0.292,8.43
47298.0,72.0,-1898239.0,1.55,8.43
47303.0,629.0,-1906398.0,0.142,8.68
47308.0,-175.0,-1913786.0,0.908,9.16
47313.0,-240.0,-1917469.0,1.375,8.43
47319.0,24.0,-1926230.0,0.408,8.68
47325.0,314.0,-1934250.0,1.35,8.92
47329.0,299.0,-1938353.0,0.45,8.68
47334.0,141.0,-1946352.0,0.117,8.43
47340.0,221.0,-1953652.0,1.75,8.43
47345.0,300.0,-1958103.0,0.117,8.19
47349.0,75.0,-1966124.0,0.517,7.7
47355.0,357.0,-1973986.0,1.717,8.92
47361.0,-412.0,-1977901.0,0.025,8.43
47366.0,-16.0,-1986122.0,1.433,8.68
47371.0,46.0,-1994864.0,0.283,8.43
47376.0,13.0,-1998787.0,0.767,8.68
47381.0,103.0,-2006586.0,1.267,8.43
47387.0,-91.0,-2014878.0,0.042,8.43
47391.0,76.0,-2018593.0,1.075,8.68
47397.0,220.0,-2026388.0,1.183,8.68
47403.0,250.0,-2034508.0,0.375,8.19
47408.0,75.0,-2038329.0,1.192,8.43
47413.0,512.0,-2046278.0,0.508,8.43
47418.0,516.0,-2054206.0,0.617,8.43
47423.0,373.0,-2058089.0,1.483,8.43
47428.0,59.0,-2061976.0,-0.175,8.43
47434.0,151.0,-2072942.0,1.3,8.68
47438.0,344.0,-2077029.0,0.775,8.43
47443.0,-64.0,-2084902.0,0.533,8.19
47450.0,112.0,-2092574.0,1.3,8.68
47455.0,63.0,-2096899.0,0.05,8.92
47460.0,-85.0,-2104120.0,1.15,8.68
47465.0,353.0,-2112114.0,0.683,8.43
47470.0,312.0,-2115719.0,0.475,8.19
47475.0,237.0,-2122718.0,1.05,8.19
47480.0,119.0,-2130332.0,0.742,8.92
47485.0,144.0,-2134245.0,0.667,8.19
47492.0,308.0,-2142097.0,1.117,8.19
47497.0,456.0,-2149611.0,0.008,8.19
47503.0,458.0,-2157393.0,1.633,8.19
47507.0,349.0,-2161136.0,-0.267,8.92
47513.0,287.0,-2168050.0,1.158,8.68
47519.0,195.0,-2175220.0,0.958,8.43
47524.0,181.0,-2183100.0,0.617,8.92
47529.0,432.0,-2186837.0,1.0,8.19
47536.0,142.0,-2194345.0,0.467,7.94
47541.0,-56.0,-2201439.0,0.992,8.19
47547.0,198.0,-2208605.0,0.742,7.94
47551.0,263.0,-2212584.0,0.508,8.19
47557.0,53.0,-2216035.0,0.875,8.43
47562.0,335.0,-2226481.0,0.867,8.68
47567.0,434.0,-2229898.0,0.333,8.19
47571.0,321.0,-2237245.0,1.367,8.19
47578.0,345.0,-2244587.0,-0.158,8.19
47583.0,222.0,-2248418.0,1.283,8.68
47588.0,12.0,-2255996.0,0.358,8.92
47594.0,-114.0,-2263226.0,0.592,7.94
47600.0,72.0,-2269664.0,1.275,8.19
47604.0,137.0,-2273659.0,0.133,8.92
47610.0,-391.0,-2280617.0,1.133,8.19
47616.0,-21.0,-2288887.0,0.425,8.19
47622.0,127.0,-2295919.0,1.058,8.19
47627.0,112.0,-2299838.0,0.617,8.19
47632.0,-78.0,-2307482.0,0.4,8.43
47638.0,204.0,-2314644.0,0.792,8.19
47643.0,268.0,-2321694.0,0.683,8.19
47648.0,167.0,-2325081.0,0.717,8.19
47654.0,219.0,-2333247.0,0.875,9.9
47660.0,357.0,-2340069.0,-0.183,8.68
47666.0,13.0,-2346859.0,1.608,7.94
47670.0,128.0,-2350878.0,-0.25,8.43
47676.0,206.0,-2358180.0,0.65,8.43
47682.0,88.0,-2365366.0,0.9,8.43
47687.0,414.0,-2372450.0,0.467,7.94
47692.0,255.0,-2376093.0,0.817,8.19
47698.0,275.0,-2383749.0,0.55,8.19
47704.0,23.0,-2390953.0,0.925,8.68
47710.0,493.0,-2398503.0,0.358,7.94
47714.0,486.0,-2401766.0,0.65,8.43
47720.0,346.0,-2408818.0,0.683,7.94
47726.0,20.0,-2415652.0,0.842,8.68
47731.0,466.0,-2422862.0,0.45,8.19
47736.0,189.0,-2426661.0,1.15,8.19
47741.0,186.0,-2433885.0,-0.075,7.94
47748.0,172.0,-2440513.0,1.358,8.19
47753.0,266.0,-2443976.0,0.233,7.94
47757.0,-9.0,-2451619.0,0.533,7.94
47763.0,131.0,-2457931.0,0.883,8.43
47768.0,225.0,-2461224.0,0.692,7.94
47773.0,288.0,-2468605.0,0.658,7.94
47778.0,-328.0,-2475765.0,0.767,8.68
47784.0,620.0,-2479116.0,0.458,7.7
47789.0,291.0,-2486221.0,0.8,7.94
47795.0,-101.0,-2492837.0,0.442,8.19
47800.0,341.0,-2499411.0,0.717,7.94
47805.0,264.0,-2502844.0,0.758,8.68
47810.0,-65.0,-2509668.0,0.817,8.43
47816.0,233.0,-2516364.0,0.675,8.43
47821.0,711.0,-2519631.0,0.567,7.94
47826.0,288.0,-2526298.0,0.625,7.94
47832.0,-158.0,-2532860.0,0.608,7.94
47837.0,-202.0,-2536275.0,0.408,7.94
47842.0,251.0,-2542438.0,0.608,7.94
47848.0,439.0,-2549002.0,0.917,7.94
47853.0,117.0,-2552293.0,0.467,8.68
47858.0,286.0,-2558734.0,0.792,8.19
47863.0,330.0,-2565866.0,0.35,7.94
47869.0,262.0,-2572486.0,1.017,8.43
47874.0,233.0,-2575677.0,0.375,7.94
47880.0,-122.0,-2582351.0,0.525,8.19
47885.0,370.0,-2587653.0,0.608,8.19
47890.0,538.0,-2590950.0,0.908,7.7
47895.0,493.0,-2597983.0,0.267,8.68
47901.0,299.0,-2605073.0,1.05,8.19
47906.0,-5.0,-2608608.0,-0.092,8.19
47910.0,-20.0,-2614935.0,1.342,7.7
47917.0,226.0,-2622071.0,0.192,8.19
47922.0,136.0,-2625334.0,0.975,7.94
47927.0,85.0,-2631583.0,0.5,7.94
47932.0,-21.0,-2638157.0,0.825,7.7
47937.0,375.0,-2641864.0,0.6,8.19
47942.0,108.0,-2649425.0,0.9,7.94
47948.0,-464.0,-2655661.0,0.3,7.94
47953.0,504.0,-2658968.0,0.85,7.94
47959.0,791.0,-2665497.0,0.4,8.43
47964.0,93.0,-2672321.0,0.767,7.94
47970.0,145.0,-2677963.0,0.717,8.68
47975.0,181.0,-2681160.0,0.567,7.94
47980.0,10.0,-2688377.0,0.925,7.94
47985.0,282.0,-2694873.0,0.567,7.94
47990.0,538.0,-2698318.0,0.558,7.94
47995.0,431.0,-2704189.0,0.892,7.94
48002.0,251.0,-2710623.0,0.425,7.94
48007.0,555.0,-2713546.0,0.442,9.16
48011.0,304.0,-2718755.0,1.333,7.94
48017.0,358.0,-2725783.0,0.075,8.19
48022.0,318.0,-2728934.0,1.117,7.94
48027.0,199.0,-2735603.0,0.175,7.94
48032.0,273.0,-2741703.0,0.883,5.99
48038.0,13.0,-2748425.0,0.533,8.43
48044.0,-185.0,-2751176.0,0.567,7.94
48049.0,14.0,-2753955.0,0.575,7.94
48054.0,278.0,-2762987.0,0.917,7.94
48060.0,102.0,-2765992.0,0.5,7.94
48064.0,-83.0,-2772737.0,0.892,8.19
48070.0,149.0,-2779721.0,0.242,8.43
48075.0,-187.0,-2782640.0,0.992,6.48
48080.0,-510.0,-2788845.0,0.558,7.7
48086.0,46.0,-2794653.0,0.675,8.19
48091.0,38.0,-2797544.0,0.608,7.94
48096.0,57.0,-2803461.0,0.833,7.7
48101.0,153.0,-2809551.0,0.433,8.19
48107.0,173.0,-2812962.0,0.975,7.94
48111.0,566.0,-2819721.0,0.142,7.7
48117.0,248.0,-2825719.0,0.8,8.68
48122.0,306.0,-2828680.0,0.442,8.19
48128.0,313.0,-2834279.0,0.558,7.94
48133.0,397.0,-2839999.0,0.575,7.7
48138.0,13.0,-2842984.0,0.95,8.19
48143.0,316.0,-2849207.0,0.442,7.7
48148.0,425.0,-2855853.0,0.867,7.94
48153.0,-101.0,-2859050.0,0.242,7.7
48158.0,-12.0,-2864773.0,0.842,7.7
48164.0,286.0,-2871189.0,0.383,7.94
48169.0,296.0,-2874082.0,0.55,7.7
48174.0,-79.0,-2879687.0,0.908,7.94
48180.0,-129.0,-2885555.0,0.483,7.94
48185.0,201.0,-2888906.0,0.8,7.7
48190.0,136.0,-2895335.0,0.683,8.19
48195.0,102.0,-2901563.0,0.383,8.19
48201.0,204.0,-2904410.0,0.658,7.94
48205.0,97.0,-2910609.0,0.358,8.19
48211.0,105.0,-2916095.0,0.6,8.43
48217.0,539.0,-2919262.0,0.767,7.94
48222.0,578.0,-2926087.0,0.425,7.7
48227.0,-43.0,-2932135.0,0.642,7.94
48232.0,203.0,-2935428.0,0.525,7.45
48237.0,226.0,-2941445.0,0.608,7.94
48242.0,184.0,-2947185.0,0.542,7.7
48247.0,354.0,-2950196.0,0.617,7.7
48252.0,133.0,-2956345.0,0.483,7.94
48259.0,493.0,-2962435.0,0.708,8.19
48264.0,479.0,-2965480.0,0.35,8.19
48268.0,362.0,-2971691.0,0.75,7.7
48273.0,221.0,-2975068.0,0.392,8.19
48278.0,525.0,-2980513.0,0.483,7.94
48283.0,506.0,-2986815.0,0.575,7.7
48289.0,48.0,-2992807.0,0.65,7.94
48294.0,124.0,-2995426.0,0.525,7.45
48300.0,115.0,-3000749.0,0.642,7.7
48305.0,1.0,-3007359.0,0.483,7.7
48310.0,137.0,-3010470.0,0.717,7.7
48315.0,-44.0,-3016605.0,0.083,7.7
48321.0,-180.0,-3022005.0,1.0,7.7
48326.0,274.0,-3025194.0,0.05,7.45
48331.0,-255.0,-3030581.0,0.717,7.7
48335.0,200.0,-3033530.0,0.508,7.7
48340.0,14.0,-3039341.0,0.592,7.45
48346.0,181.0,-3044845.0,0.508,8.19
48352.0,75.0,-3048016.0,0.7,8.19
48357.0,339.0,-3053791.0,0.217,8.19
48362.0,4.0,-3059849.0,0.975,7.7
48367.0,380.0,-3062718.0,0.075,7.7
48372.0,270.0,-3068499.0,0.683,7.7
48377.0,123.0,-3073835.0,0.558,7.7
48384.0,375.0,-3079921.0,0.667,7.45
48389.0,-79.0,-3082880.0,0.592,7.7
48394.0,-346.0,-3089011.0,0.667,8.43
48398.0,-157.0,-3091938.0,0.133,8.43
48403.0,173.0,-3097339.0,0.825,7.45
48409.0,422.0,-3102905.0,0.217,7.94
48414.0,368.0,-3105688.0,0.45,7.7
48419.0,194.0,-3111215.0,0.542,7.45
48424.0,321.0,-3116873.0,0.458,8.19
48430.0,169.0,-3119498.0,0.575,7.45
48435.0,97.0,-3125495.0,0.642,7.7
48440.0,120.0,-3131059.0,0.317,7.7
48446.0,56.0,-3136751.0,0.675,7.94
48451.0,26.0,-3139226.0,0.442,8.19
48456.0,43.0,-3142341.0,0.342,7.7
48460.0,-142.0,-3147780.0,0.383,7.7
48466.0,50.0,-3152687.0,0.683,8.43
48472.0,-89.0,-3158063.0,0.233,7.7
48477.0,193.0,-3161370.0,0.592,7.45
48482.0,-67.0,-3167201.0,0.492,8.19
48487.0,144.0,-3172659.0,0.6,7.7
48492.0,468.0,-3175552.0,0.533,7.94
48497.0,194.0,-3181291.0,0.617,7.7
48502.0,-3.0,-3186161.0,0.35,7.94
48508.0,89.0,-3188634.0,0.708,7.7
48514.0,281.0,-3195031.0,0.258,7.7
48519.0,656.0,-3200527.0,0.625,7.45
48524.0,46.0,-3203820.0,0.35,7.45
48529.0,-338.0,-3209671.0,0.492,7.94
48534.0,-93.0,-3215445.0,0.467,7.7
48539.0,28.0,-3218440.0,0.492,7.7
48544.0,134.0,-3221257.0,0.6,7.7
48549.0,323.0,-3229261.0,0.492,7.45
48555.0,289.0,-3232054.0,0.5,7.45
48560.0,-237.0,-3237303.0,0.575,8.19
48565.0,-104.0,-3243523.0,0.358,7.7
48571.0,348.0,-3246258.0,0.658,7.7
48576.0,-8.0,-3251769.0,0.283,7.45
48581.0,-245.0,-3257081.0,0.533,7.45
48586.0,639.0,-3259678.0,0.475,8.19
48591.0,379.0,-3265001.0,0.383,7.45
48596.0,170.0,-3270513.0,0.575,7.45
48602.0,-9.0,-3273428.0,0.6,7.45
48607.0,137.0,-3278730.0,0.308,8.19
48613.0,178.0,-3284192.0,0.558,7.94
48617.0,177.0,-3287115.0,0.308,5.74
48623.0,519.0,-3292283.0,0.592,7.45
48628.0,242.0,-3297695.0,0.517,7.7
48633.0,71.0,-3300250.0,0.533,7.7
48638.0,47.0,-3305497.0,0.45,7.45
48644.0,24.0,-3311111.0,0.683,7.45
48649.0,110.0,-3313822.0,0.2,7.7
48654.0,428.0,-3319505.0,0.65,7.45
48659.0,197.0,-3324637.0,0.25,7.7
48664.0,583.0,-3326922.0,0.517,7.7
48670.0,817.0,-3332055.0,0.617,8.19
48675.0,-12.0,-3337841.0,0.433,7.45
48679.0,281.0,-3340066.0,0.475,7.45
48686.0,575.0,-3345414.0,0.592,7.7
48691.0,562.0,-3350886.0,0.392,7.21
48696.0,-113.0,-3353443.0,0.6,7.45
48701.0,259.0,-3358617.0,0.333,8.43
48707.0,226.0,-3363817.0,0.392,7.21
48711.0,231.0,-3366310.0,0.492,7.94
48716.0,325.0,-3371521.0,0.35,7.45
48722.0,238.0,-3377025.0,0.6,7.94
48727.0,-265.0,-3379582.0,0.45,7.45
48733.0,-29.0,-3384668.0,0.6,8.19
48738.0,226.0,-3389938.0,0.417,7.45
48743.0,-97.0,-3392483.0,0.558,8.19
48748.0,-177.0,-3397123.0,0.442,7.45
48753.0,66.0,-3401647.0,0.45,7.45
48758.0,185.0,-3403954.0,0.392,7.94
48764.0,-29.0,-3409390.0,0.5,7.45
48770.0,356.0,-3414030.0,0.392,7.45
48774.0,249.0,-3416675.0,0.542,7.7
48779.0,209.0,-3419192.0,0.525,7.45
48785.0,66.0,-3427156.0,0.408,7.45
48789.0,-13.0,-3429293.0,0.308,7.45
48795.0,-55.0,-3434113.0,0.7,8.19
48800.0,158.0,-3439479.0,0.292,7.94
48805.0,-37.0,-3441868.0,0.525,7.45
48811.0,317.0,-3446888.0,0.458,7.45
48816.0,-38.0,-3452328.0,0.383,8.19
48821.0,137.0,-3455137.0,0.55,7.7
48827.0,-241.0,-3460253.0,0.367,7.45
48832.0,-98.0,-3464773.0,0.442,7.7
48836.0,-61.0,-3467262.0,0.533,7.94
48842.0,-483.0,-3473138.0,0.425,7.94
48847.0,-98.0,-3478222.0,0.467,7.45
48852.0,475.0,-3480701.0,0.25,8.19
48858.0,-119.0,-3485777.0,0.292,7.21
48863.0,-144.0,-3490859.0,0.375,7.7
48868.0,279.0,-3493648.0,0.467,7.45
48873.0,17.0,-3495921.0,0.433,7.94
48878.0,-156.0,-3503663.0,0.608,7.21
48883.0,145.0,-3506068.0,0.425,7.21
48889.0,79.0,-3511248.0,0.433,7.45
48894.0,112.0,-3515854.0,0.308,7.94
48900.0,145.0,-3518743.0,0.333,6.48
48905.0,-145.0,-3523823.0,0.333,7.21
48910.0,-10.0,-3528971.0,0.458,7.45
48915.0,39.0,-3531168.0,0.408,7.45
48920.0,351.0,-3535612.0,0.458,7.94
48926.0,332.0,-3540642.0,0.625,7.7
48930.0,387.0,-3543589.0,0.408,7.94
48936.0,-307.0,-3548281.0,0.383,7.21
48943.0,73.0,-3553491.0,0.233,7.45
48947.0,298.0,-3555964.0,0.592,7.94
48952.0,12.0,-3560781.0,0.225,6.23
48958.0,-184.0,-3565333.0,0.658,7.21
48963.0,-31.0,-3568114.0,0.308,7.7
48968.0,303.0,-3573359.0,0.575,7.7
48973.0,-61.0,-3578515.0,0.217,7.21
48978.0,248.0,-3580922.0,0.408,7.45
48984.0,280.0,-3585005.0,0.5,8.19
48990.0,-100.0,-3590275.0,0.242,7.45
48995.0,-435.0,-3594823.0,0.475,7.7
48999.0,60.0,-3597376.0,0.342,7.7
49005.0,340.0,-3602614.0,0.275,7.45
49010.0,201.0,-3607436.0,0.367,7.21
49015.0,10.0,-3610253.0,0.275,7.21
49020.0,300.0,-3614941.0,0.458,7.45
49027.0,102.0,-3619759.0,0.358,7.7
49032.0,75.0,-3622200.0,0.425,7.94
49037.0,251.0,-3626869.0,0.367,7.45
49042.0,61.0,-3631325.0,0.633,8.19
49047.0,212.0,-3633618.0,0.358,7.94
49052.0,268.0,-3638589.0,0.317,7.21
49058.0,112.0,-3643811.0,0.392,7.94
49062.0,473.0,-3646206.0,0.267,7.45
49069.0,169.0,-3651185.0,0.367,8.92
49074.0,299.0,-3655699.0,0.367,7.45
49079.0,190.0,-3659603.0,0.467,7.7
49084.0,69.0,-3662146.0,0.383,7.21
49090.0,205.0,-3666784.0,0.517,7.94
49095.0,345.0,-3671682.0,0.317,7.21
49100.0,264.0,-3674543.0,0.542,7.94
49105.0,34.0,-3679232.0,0.317,7.7
49112.0,372.0,-3683644.0,0.308,7.45
49116.0,217.0,-3686095.0,0.242,7.45
49121.0,155.0,-3690164.0,0.592,7.94
49127.0,253.0,-3695072.0,0.05,7.21
49132.0,92.0,-3697643.0,0.475,7.21
49137.0,116.0,-3702840.0,0.233,7.94
49142.0,-122.0,-3707942.0,0.525,7.45
49147.0,147.0,-3710121.0,0.392,7.21
49153.0,380.0,-3715096.0,0.458,7.21
49158.0,168.0,-3719096.0,0.425,7.45
49163.0,37.0,-3721319.0,0.617,7.21
49168.0,263.0,-3726162.0,0.108,7.7
49174.0,7.0,-3730744.0,0.392,7.7
49178.0,28.0,-3733099.0,0.258,8.68
49184.0,134.0,-3737552.0,0.5,7.45
49189.0,548.0,-3742756.0,0.342,7.21
49195.0,89.0,-3745003.0,0.492,7.45
49200.0,-7.0,-3749000.0,0.275,7.45
49205.0,249.0,-3754104.0,0.55,7.21
49210.0,288.0,-3756233.0,0.392,7.45
49215.0,234.0,-3760890.0,0.258,7.7
49221.0,574.0,-3765850.0,0.425,7.21
49226.0,135.0,-3767737.0,0.258,7.45
49230.0,68.0,-3772496.0,0.35,7.21
49236.0,206.0,-3776830.0,0.383,7.21
49242.0,383.0,-3778725.0,0.283,7.45
49247.0,11.0,-3782606.0,0.5,7.7
49252.0,99.0,-3787538.0,0.458,7.7
49257.0,36.0,-3789999.0,0.267,7.21
49262.0,98.0,-3794776.0,0.408,7.94
49268.0,228.0,-3798946.0,0.35,6.96
49272.0,269.0,-3801315.0,0.342,7.21
49277.0,-135.0,-3805906.0,0.2,7.21
49284.0,259.0,-3809486.0,0.433,7.21
49289.0,300.0,-3811851.0,0.192,7.45
49293.0,167.0,-3816362.0,0.675,7.21
49299.0,391.0,-3821034.0,0.275,7.45
49304.0,424.0,-3823663.0,0.483,7.45
49309.0,44.0,-3825642.0,0.367,7.94
49314.0,122.0,-3832622.0,0.258,7.7
49319.0,465.0,-3834511.0,0.217,7.45
49325.0,205.0,-3838302.0,0.508,7.21
49331.0,243.0,-3842370.0,0.233,7.21
49336.0,370.0,-3844749.0,0.525,5.74
49340.0,139.0,-3849560.0,0.367,7.7
49346.0,87.0,-3853832.0,0.433,7.7
49351.0,190.0,-3856029.0,0.3,7.21
49356.0,328.0,-3860301.0,0.392,7.21
49362.0,90.0,-3864081.0,0.283,7.94
49368.0,-206.0,-3867897.0,0.608,7.45
49373.0,-17.0,-3869678.0,0.383,7.45
49378.0,19.0,-3873862.0,0.308,7.21
49384.0,177.0,-3879022.0,0.3,7.21
49390.0,255.0,-3883448.0,0.258,7.45
49394.0,374.0,-3885247.0,0.333,7.7
49400.0,190.0,-3889337.0,0.375,7.21
49406.0,128.0,-3893089.0,0.417,7.21
49412.0,396.0,-3897615.0,0.225,7.21
49417.0,173.0,-3900254.0,0.658,7.21
49422.0,-177.0,-3904626.0,0.308,7.45
49428.0,153.0,-3908862.0,0.517,7.21
49434.0,359.0,-3913576.0,0.25,7.7
49438.0,142.0,-3915873.0,0.408,7.21
49444.0,466.0,-3919637.0,0.35,7.21
49449.0,98.0,-3923631.0,0.558,7.21
49456.0,220.0,-3928215.0,0.342,6.96
49461.0,67.0,-3930002.0,0.35,7.45
49466.0,21.0,-3934658.0,0.242,7.21
49472.0,309.0,-3939360.0,0.325,7.21
49477.0,83.0,-3943020.0,0.358,7.21
49482.0,68.0,-3945293.0,0.283,7.21
49488.0,-38.0,-3948957.0,0.392,7.7
49494.0,2.0,-3952965.0,0.217,7.21
49500.0,38.0,-3957457.0,0.575,7.7
49504.0,273.0,-3959378.0,0.325,7.45
49510.0,79.0,-3963792.0,0.517,7.21
49515.0,357.0,-3967884.0,0.292,7.21
49521.0,579.0,-3971808.0,0.408,7.45
49526.0,352.0,-3973439.0,0.183,7.21
49531.0,44.0,-3977375.0,0.525,7.21
49538.0,640.0,-3981621.0,0.3,7.21
49544.0,306.0,-3985595.0,0.233,6.96
49548.0,-65.0,-3988100.0,0.35,7.7
49554.0,85.0,-3992572.0,0.258,7.21
49559.0,191.0,-3996430.0,0.392,7.21
49565.0,497.0,-4000404.0,0.292,7.94
49570.0,252.0,-4002151.0,0.325,7.45
49575.0,-32.0,-4005535.0,0.425,6.96
49582.0,436.0,-4010115.0,0.65,7.21
49587.0,510.0,-4014533.0,0.342,7.21
49592.0,265.0,-4016618.0,0.492,7.21
49598.0,307.0,-4020430.0,0.433,7.21
49603.0,179.0,-4024792.0,0.383,7.21
49609.0,219.0,-4028158.0,0.258,7.21
49614.0,138.0,-4030075.0,0.608,7.21
49619.0,587.0,-4034289.0,0.3,7.21
49625.0,65.0,-4038427.0,0.342,7.21
49630.0,-137.0,-4040864.0,0.467,7.21
49635.0,180.0,-4044241.0,0.308,7.21
49641.0,36.0,-4047911.0,0.375,7.21
49646.0,32.0,-4049972.0,0.417,7.21
49651.0,231.0,-4053705.0,0.275,6.96
49656.0,161.0,-4057529.0,0.575,7.21
49661.0,265.0,-4059658.0,0.383,7.7
49667.0,270.0,-4063479.0,0.175,7.21
49673.0,94.0,-4068065.0,0.333,7.21
49678.0,20.0,-4071995.0,0.258,7.21
49683.0,357.0,-4073714.0,0.225,7.21
49688.0,394.0,-4077262.0,0.35,7.21
49693.0,230.0,-4080844.0,0.333,7.21
49698.0,211.0,-4083055.0,0.425,6.96
49703.0,112.0,-4087183.0,0.45,7.21
49710.0,144.0,-4090877.0,0.233,7.21
49715.0,328.0,-4093116.0,0.575,7.45
49720.0,369.0,-4097451.0,0.208,7.21
49725.0,315.0,-4101185.0,0.308,6.96
49731.0,235.0,-4103110.0,0.425,7.94
49735.0,102.0,-4106677.0,0.342,7.21
49741.0,318.0,-4110547.0,0.342,6.96
49746.0,128.0,-4112844.0,0.458,7.7
49752.0,635.0,-4117005.0,0.125,5.25
49757.0,-39.0,-4121347.0,0.408,7.94
49763.0,-89.0,-4124887.0,0.283,7.7
49767.0,-24.0,-4126772.0,0.308,6.96
49773.0,75.0,-4130366.0,0.3,7.7
49778.0,39.0,-4133902.0,0.417,7.45
49783.0,349.0,-4135931.0,0.358,6.96
49788.0,250.0,-4140220.0,0.283,7.7
49794.0,-224.0,-4143870.0,0.3,7.45
49800.0,326.0,-4145739.0,0.15,7.94
49804.0,273.0,-4149882.0,0.383,7.94
49810.0,-105.0,-4153578.0,0.325,7.21
49815.0,229.0,-4155291.0,0.275,7.21
49820.0,232.0,-4158828.0,0.342,7.21
49825.0,-34.0,-4162390.0,0.467,7.21
49830.0,2.0,-4164381.0,0.392,7.45
49836.0,-113.0,-4168534.0,0.258,6.96
49842.0,423.0,-4171894.0,0.317,7.45
49847.0,233.0,-4174343.0,0.225,6.96
49852.0,434.0,-4177826.0,0.242,7.45
49857.0,278.0,-4181346.0,0.442,7.21
49863.0,210.0,-4184670.0,0.15,7.21
49868.0,-8.0,-4186623.0,0.325,6.96
49873.0,101.0,-4190738.0,0.442,7.21
49879.0,439.0,-4194550.0,0.425,6.96
49884.0,107.0,-4196355.0,0.225,6.96
49889.0,50.0,-4200052.0,0.333,7.7
49894.0,102.0,-4203450.0,0.258,8.92
49900.0,474.0,-4205351.0,0.417,7.21
49904.0,365.0,-4209006.0,0.458,7.21
49910.0,219.0,-4212428.0,0.258,7.21
49915.0,169.0,-4214407.0,0.233,6.96
49921.0,272.0,-4218674.0,0.55,7.21
49926.0,16.0,-4222046.0,0.175,6.96
49931.0,188.0,-4223835.0,0.358,7.45
49936.0,-17.0,-4227128.0,0.342,6.96
49942.0,-3.0,-4230370.0,0.325,7.7
49947.0,255.0,-4231627.0,0.358,6.96
49951.0,202.0,-4235930.0,0.117,7.21
49957.0,390.0,-4239540.0,0.142,7.21
49964.0,-162.0,-4243314.0,0.375,7.45
49969.0,258.0,-4245287.0,0.242,6.96
49974.0,203.0,-4248908.0,0.325,7.45
49979.0,-19.0,-4252002.0,0.425,7.21
49984.0,281.0,-4253589.0,0.283,7.45
49989.0,322.0,-4257180.0,0.367,7.21
49995.0,-224.0,-4261156.0,0.425,6.96
50000.0,212.0,-4263129.0,0.2,7.21
50004.0,173.0,-4266940.0,0.225,7.21
50011.0,175.0,-4270552.0,0.267,7.21
50016.0,405.0,-4272349.0,0.375,7.21
50021.0,236.0,-4275834.0,0.408,7.21
50026.0,240.0,-4279174.0,0.358,6.96
50032.0,-34.0,-4280785.0,0.317,7.21
50036.0,95.0,-4285330.0,0.208,7.45
50041.0,46.0,-4288762.0,0.45,8.19
50046.0,312.0,-4290403.0,0.175,6.96
50052.0,583.0,-4293722.0,0.333,7.21
50058.0,-125.0,-4297270.0,0.292,7.21
50063.0,-275.0,-4299183.0,0.25,8.92
50068.0,58.0,-4302430.0,0.375,6.96
50073.0,154.0,-4306150.0,0.333,6.96
50078.0,296.0,-4308065.0,0.217,7.21
50083.0,431.0,-4311578.0,0.392,7.21
50089.0,221.0,-4315016.0,0.2,6.96
50095.0,-9.0,-4317079.0,0.192,6.96
50099.0,252.0,-4319966.0,0.317,7.7
50104.0,13.0,-4321437.0,0.333,7.45
50109.0,31.0,-4325120.0,0.4,7.21
50114.0,-162.0,-4328572.0,0.383,7.21
50120.0,230.0,-4332306.0,0.292,7.21
50125.0,290.0,-4334143.0,0.35,7.45
50130.0,233.0,-4337414.0,0.042,7.7
50136.0,579.0,-4340840.0,0.367,6.96
50141.0,155.0,-4342247.0,0.375,7.21
50146.0,108.0,-4345486.0,0.25,6.96
50152.0,68.0,-4348958.0,0.25,6.96
50157.0,296.0,-4350741.0,0.3,6.96
50161.0,137.0,-4354054.0,0.092,7.45
50166.0,114.0,-4356039.0,0.408,6.96
50171.0,362.0,-4359556.0,0.067,7.45
50177.0,373.0,-4362588.0,0.217,8.19
50183.0,171.0,-4365618.0,0.367,7.21
50188.0,61.0,-4367267.0,0.333,5.01
50193.0,-236.0,-4370642.0,0.158,6.96
50198.0,366.0,-4374444.0,0.408,6.96
50204.0,-154.0,-4376283.0,0.158,7.21
50208.0,247.0,-4379488.0,0.308,7.7
50213.0,480.0,-4381329.0,0.325,7.94
50219.0,138.0,-4384424.0,0.142,6.96
50224.0,111.0,-4387534.0,0.133,6.96
50229.0,-57.0,-4388751.0,0.283,6.96
50234.0,515.0,-4392402.0,0.092,6.96
50240.0,252.0,-4396020.0,0.3,7.21
50245.0,-62.0,-4399292.0,0.342,6.96
50250.0,388.0,-4400871.0,0.208,6.96
50255.0,359.0,-4404002.0,0.192,7.7
50262.0,67.0,-4407326.0,0.275,7.21
50267.0,93.0,-4408811.0,0.142,7.21
50271.0,94.0,-4411654.0,0.433,7.7
50277.0,436.0,-4414962.0,0.2,6.96
50282.0,222.0,-4416649.0,0.192,7.21
50287.0,323.0,-4420474.0,0.325,7.45
50291.0,-82.0,-4422163.0,0.067,6.96
50297.0,76.0,-4425400.0,0.242,7.7
50302.0,177.0,-4428876.0,0.3,7.7
50308.0,-157.0,-4430157.0,0.183,6.96
50313.0,515.0,-4433328.0,0.425,6.96
50318.0,346.0,-4436518.0,0.325,6.23
50323.0,110.0,-4438717.0,0.233,6.96
50328.0,-10.0,-4442070.0,0.4,6.96
50333.0,145.0,-4445650.0,0.075,6.96
50338.0,188.0,-4447133.0,0.183,6.96
50343.0,98.0,-4450358.0,0.35,7.21
50349.0,177.0,-4453690.0,0.167,7.21
50355.0,65.0,-4455255.0,0.325,7.45
50360.0,297.0,-4458386.0,0.375,6.96
50365.0,626.0,-4462062.0,0.4,6.96
50370.0,406.0,-4463685.0,0.392,7.21
50375.0,-96.0,-4466804.0,0.142,6.96
50380.0,281.0,-4469886.0,0.158,6.96
50385.0,159.0,-4471251.0,0.217,7.21
50391.0,5.0,-4474472.0,0.225,7.45
50397.0,164.0,-4477406.0,0.208,6.48
50402.0,274.0,-4479177.0,0.233,7.21
50407.0,22.0,-4482766.0,0.292,6.96
50412.0,355.0,-4486032.0,0.267,6.96
50417.0,160.0,-4487527.0,0.283,5.99
50422.0,220.0,-4490678.0,0.225,7.45
50427.0,85.0,-4493598.0,0.2,6.96
50433.0,-251.0,-4494925.0,0.267,7.7
50438.0,11.0,-4498176.0,0.258,7.21
50443.0,170.0,-4501516.0,0.167,7.45
50448.0,178.0,-4503105.0,0.425,6.96
50454.0,510.0,-4506854.0,0.283,7.45
50459.0,467.0,-4509484.0,0.25,7.45
50463.0,162.0,-4511271.0,0.208,6.96
50469.0,-26.0,-4512982.0,0.225,6.96
50475.0,-87.0,-4517118.0,0.242,6.96
50480.0,131.0,-4518555.0,0.142,6.96
50485.0,177.0,-4521802.0,0.1,6.96
50490.0,116.0,-4524990.0,0.292,7.21
50495.0,176.0,-4526677.0,0.308,6.96
50500.0,-142.0,-4529662.0,0.183,7.21
50505.0,-23.0,-4532676.0,0.3,7.45
50511.0,-57.0,-4534095.0,0.183,6.96
50516.0,439.0,-4537006.0,0.242,6.96
50522.0,280.0,-4539854.0,0.242,7.21
50527.0,-57.0,-4541405.0,0.033,7.21
50532.0,363.0,-4544861.0,0.258,7.45
50537.0,358.0,-4548309.0,0.25,6.96
50542.0,-113.0,-4549788.0,0.15,7.94
50548.0,57.0,-4552296.0,0.267,6.96
50553.0,220.0,-4555110.0,0.3,6.96
50557.0,-31.0,-4556543.0,0.225,6.96
50563.0,-145.0,-4558190.0,0.192,6.96
50569.0,292.0,-4562988.0,0.133,7.21
50574.0,294.0,-4564485.0,0.367,6.96
50579.0,260.0,-4567574.0,0.2,7.45
50584.0,273.0,-4570492.0,0.192,7.45
50589.0,338.0,-4571789.0,0.233,6.96
50594.0,68.0,-4575045.0,0.192,6.96
50599.0,95.0,-4577823.0,0.233,6.96
50605.0,500.0,-4579384.0,0.317,6.96
50611.0,348.0,-4582408.0,0.242,6.96
50616.0,137.0,-4585826.0,0.383,7.45
50621.0,276.0,-4587093.0,0.192,7.7
50626.0,108.0,-4590100.0,0.242,7.7
50631.0,265.0,-4593348.0,0.275,6.96
50635.0,384.0,-4594779.0,0.133,7.7
50641.0,46.0,-4597699.0,0.15,6.96
50647.0,255.0,-4600669.0,0.317,7.45
50652.0,198.0,-4602480.0,0.2,6.96
50657.0,68.0,-4605398.0,0.45,7.7
50663.0,287.0,-4608814.0,0.267,6.96
50667.0,472.0,-4610339.0,0.142,7.21
50673.0,-274.0,-4612819.0,0.142,7.45
50678.0,-87.0,-4616149.0,0.2,6.96
50683.0,186.0,-4617688.0,0.092,6.96
50689.0,248.0,-4620740.0,0.317,7.21
50694.0,57.0,-4623282.0,0.083,6.96
50699.0,384.0,-4624955.0,0.308,7.45
50704.0,488.0,-4626442.0,0.175,6.96
50709.0,405.0,-4630688.0,0.175,6.96
50714.0,-128.0,-4632075.0,0.225,7.45
50720.0,216.0,-4634649.0,0.208,6.96
50725.0,315.0,-4636957.0,0.133,7.21
50729.0,-8.0,-4638838.0,0.117,6.96
50736.0,-38.0,-4642308.0,0.092,7.94
50741.0,123.0,-4644954.0,0.392,7.21
50746.0,542.0,-4646325.0,0.108,6.72
50751.0,26.0,-4649381.0,0.208,7.7
50756.0,-195.0,-4651985.0,0.258,6.96
50761.0,112.0,-4653526.0,0.183,6.96
50767.0,18.0,-4656192.0,0.158,7.45
50772.0,274.0,-4659226.0,0.117,7.21
50778.0,373.0,-4660865.0,0.108,6.96
50783.0,389.0,-4663442.0,0.192,6.96
50789.0,-23.0,-4666612.0,0.308,6.72
50793.0,98.0,-4668023.0,0.167,6.96
50799.0,62.0,-4670792.0,0.167,7.7
50804.0,-194.0,-4673554.0,0.242,7.21
50809.0,103.0,-4676212.0,0.183,6.96
50814.0,304.0,-4677611.0,0.158,6.96
50821.0,172.0,-4680665.0,0.392,6.96
50826.0,61.0,-4683439.0,0.108,6.96
50830.0,66.0,-4684836.0,0.242,7.7
50836.0,278.0,-4687630.0,0.25,6.96
50841.0,223.0,-4690090.0,0.233,7.7
50846.0,146.0,-4691493.0,0.183,6.96
50851.0,160.0,-4694101.0,0.258,6.96
50857.0,-188.0,-4697129.0,0.208,6.96
50863.0,-211.0,-4698524.0,0.267,7.21
50868.0,115.0,-4701419.0,0.025,7.21
50873.0,87.0,-4704241.0,0.2,7.21
50878.0,164.0,-4705334.0,0.108,6.72
50883.0,134.0,-4707853.0,0.208,7.21
50889.0,408.0,-4711029.0,0.242,7.7
50894.0,347.0,-4713627.0,0.333,7.7
50899.0,308.0,-4715110.0,0.108,7.7
50905.0,-218.0,-4717814.0,0.283,7.7
50911.0,46.0,-4720906.0,0.217,7.7
50915.0,159.0,-4722167.0,0.117,6.96
50921.0,233.0,-4724732.0,0.108,6.96
50926.0,299.0,-4727948.0,0.242,6.96
50931.0,684.0,-4729059.0,0.175,7.7
50936.0,336.0,-4731600.0,0.2,7.21
50942.0,326.0,-4734716.0,0.25,6.96
50947.0,139.0,-4736309.0,0.192,7.7
50952.0,66.0,-4739256.0,0.325,6.96
50958.0,-182.0,-4741406.0,0.2,7.7
50962.0,-217.0,-4743135.0,0.125,6.96
50967.0,207.0,-4745536.0,0.192,6.96
50973.0,215.0,-4748074.0,0.092,7.7
50978.0,98.0,-4749479.0,0.142,6.96
50983.0,366.0,-4752158.0,0.208,7.21
50989.0,252.0,-4754674.0,-0.067,7.45
50994.0,371.0,-4754899.0,0.258,6.96
50999.0,233.0,-4755276.0,0.083,7.21
51005.0,317.0,-4755628.0,0.208,6.96
51010.0,194.0,-4754963.0,0.142,7.7
51014.0,213.0,-4754628.0,0.192,6.96
51020.0,273.0,-4754086.0,-0.008,6.72
51025.0,370.0,-4754043.0,0.092,7.45
51031.0,72.0,-4752996.0,0.25,6.48
51036.0,4.0,-4752822.0,0.067,6.48
51041.0,367.0,-4752199.0,-0.058,6.48
51046.0,-9.0,-4752114.0,0.133,6.23
51052.0,311.0,-4750922.0,0.083,6.96
51056.0,426.0,-4750713.0,0.083,6.48
51061.0,306.0,-4750026.0,0.1,6.23
51067.0,294.0,-4749286.0,0.058,6.96
51073.0,213.0,-4749017.0,0.042,6.23
51077.0,350.0,-4747942.0,0.142,7.21
51083.0,440.0,-4747344.0,0.108,6.48
51088.0,619.0,-4746923.0,0.158,6.48
51093.0,193.0,-4746048.0,0.058,6.96
51098.0,97.0,-4745420.0,0.067,6.48
51103.0,66.0,-4744701.0,0.167,6.48
51108.0,-176.0,-4743244.0,-0.008,8.43
51115.0,-186.0,-4742680.0,0.133,6.48
51120.0,145.0,-4742235.0,0.05,6.96
51124.0,248.0,-4741302.0,0.067,6.96
51130.0,418.0,-4740252.0,0.133,6.72
51135.0,361.0,-4739725.0,0.083,6.48
51140.0,-1.0,-4738800.0,0.067,6.72
51145.0,129.0,-4738036.0,0.192,6.48
51150.0,140.0,-4737557.0,0.092,6.48
51155.0,146.0,-4736674.0,0.067,6.72
51162.0,50.0,-4735496.0,0.142,6.48
51166.0,373.0,-4734831.0,0.017,6.48
51171.0,280.0,-4734290.0,0.075,6.48
51177.0,466.0,-4733498.0,0.133,6.72
51181.0,71.0,-4732885.0,0.042,6.96
51187.0,123.0,-4732153.0,0.058,6.48
51192.0,29.0,-4731221.0,0.225,6.48
51198.0,-277.0,-4730051.0,-0.275,6.48
51204.0,-174.0,-4729400.0,-0.292,6.96
51209.0,-58.0,-4726196.0,0.592,6.48
51215.0,266.0,-4721528.0,0.192,6.72
51220.0,454.0,-4717432.0,-0.25,6.96
51225.0,109.0,-4715381.0,-0.075,6.72
51231.0,65.0,-4710305.0,0.242,6.48
51236.0,405.0,-4705597.0,0.133,6.48
51243.0,381.0,-4700743.0,-0.383,6.23
51248.0,536.0,-4698400.0,0.075,6.23
51253.0,248.0,-4694048.0,0.258,6.72
51259.0,212.0,-4689412.0,0.125,6.48
51264.0,368.0,-4684550.0,-0.192,6.96
51269.0,287.0,-4682335.0,-0.258,6.23
51275.0,219.0,-4677895.0,-0.033,6.23
51280.0,175.0,-4672539.0,0.217,7.21
51287.0,-9.0,-4668085.0,-0.067,6.48
51291.0,88.0,-4665832.0,0.108,6.48
51297.0,34.0,-4661020.0,-0.267,6.23
51303.0,306.0,-4656456.0,0.05,6.23
51308.0,62.0,-4651246.0,-0.042,6.23
51313.0,149.0,-4649121.0,-0.392,6.48
51318.0,79.0,-4644523.0,0.092,6.48
51324.0,225.0,-4639333.0,0.267,6.23
51331.0,169.0,-4634629.0,-0.258,6.23
51335.0,480.0,-4632762.0,-0.017,6.48
51340.0,439.0,-4627716.0,0.075,5.99
51346.0,43.0,-4623454.0,0.117,6.23
51351.0,419.0,-4621039.0,0.158,6.23
51356.0,270.0,-4617028.0,-0.45,6.23
51361.0,294.0,-4611738.0,-0.175,6.72
51367.0,286.0,-4607320.0,0.392,6.23
51373.0,311.0,-4604995.0,-0.175,6.48
51378.0,1.0,-4600089.0,-0.167,6.23
51384.0,449.0,-4596067.0,0.108,6.23
51389.0,67.0,-4591127.0,0.0,6.72
51394.0,60.0,-4589450.0,0.175,6.48
51400.0,52.0,-4584650.0,0.292,6.48
51405.0,326.0,-4579788.0,-0.475,6.48
51410.0,190.0,-4577821.0,0.058,6.72
51416.0,645.0,-4572612.0,0.275,6.48
51422.0,219.0,-4568512.0,-0.242,6.23
51427.0,409.0,-4566345.0,-0.058,6.23
51431.0,492.0,-4561188.0,0.058,6.96
51437.0,152.0,-4556868.0,0.058,6.72
51443.0,110.0,-4552340.0,0.083,6.23
51447.0,191.0,-4549909.0,-0.267,6.23
51452.0,510.0,-4545397.0,0.042,6.23
51459.0,-56.0,-4540555.0,0.125,6.72
51464.0,734.0,-4538476.0,0.0,6.96
51469.0,853.0,-4533879.0,0.117,6.23
51474.0,39.0,-4529491.0,-0.242,6.72
51479.0,-1.0,-4527340.0,0.042,6.23
51484.0,254.0,-4522371.0,0.133,6.23
51490.0,224.0,-4517095.0,-0.042,6.23
51495.0,-38.0,-4514902.0,-0.092,6.23
51501.0,45.0,-4510251.0,0.075,5.99
51506.0,387.0,-4505991.0,0.058,6.48
51511.0,231.0,-4503584.0,0.017,6.72
51516.0,176.0,-4499269.0,-0.125,6.48
51522.0,-74.0,-4494489.0,-0.092,6.23
51527.0,182.0,-4491926.0,0.15,6.23
51531.0,-27.0,-4487233.0,-0.017,6.48
51537.0,499.0,-4482897.0,-0.083,6.72
51543.0,-105.0,-4477879.0,0.083,6.96
51549.0,519.0,-4475958.0,0.233,6.48
51553.0,242.0,-4470933.0,-0.058,6.23
51559.0,-258.0,-4466589.0,-0.083,6.23
51564.0,2.0,-4464848.0,-0.05,6.23
51569.0,37.0,-4459947.0,-0.067,6.23
51574.0,109.0,-4454339.0,0.233,6.23
51579.0,-31.0,-4452216.0,-0.167,6.23
51585.0,68.0,-4447101.0,0.017,6.23
51591.0,76.0,-4443113.0,0.225,6.23
51596.0,208.0,-4440492.0,-0.05,6.23
51600.0,255.0,-4435533.0,-0.108,6.72
51606.0,243.0,-4431145.0,-0.092,6.23
51611.0,261.0,-4428362.0,-0.167,6.72
51616.0,126.0,-4423433.0,0.317,6.23
51621.0,290.0,-4418509.0,-0.125,6.72
51628.0,96.0,-4416026.0,-0.042,6.23
51632.0,325.0,-4411621.0,0.117,6.48
51638.0,241.0,-4407537.0,-0.033,6.48
51643.0,191.0,-4402581.0,-0.067,6.96
51649.0,289.0,-4400448.0,-0.075,6.96
51653.0,244.0,-4395089.0,-0.125,6.23
51659.0,62.0,-4390729.0,0.133,6.23
51664.0,144.0,-4388256.0,-0.15,6.23
51670.0,241.0,-4383655.0,0.033,6.23
51675.0,75.0,-4379527.0,-0.058,6.48
51680.0,295.0,-4377076.0,0.058,6.48
51685.0,496.0,-4373023.0,-0.042,6.48
51691.0,154.0,-4368099.0,0.033,6.23
51696.0,262.0,-4365812.0,-0.292,6.48
51700.0,291.0,-4360751.0,0.275,6.48
51706.0,373.0,-4356115.0,-0.075,6.72
51712.0,185.0,-4353746.0,-0.242,6.23
51717.0,368.0,-4349575.0,0.175,7.21
51723.0,252.0,-4344309.0,-0.05,6.23
51728.0,366.0,-4340679.0,0.108,6.23
51733.0,472.0,-4338344.0,0.183,6.23
51738.0,291.0,-4333153.0,-0.358,6.23
51744.0,-157.0,-4328383.0,0.083,6.72
51749.0,321.0,-4325884.0,0.142,6.23
51753.0,286.0,-4321589.0,-0.258,6.23
51760.0,428.0,-4316997.0,0.025,6.48
51765.0,670.0,-4314330.0,-0.117,6.72
51770.0,373.0,-4309719.0,0.05,6.23
51775.0,-63.0,-4304483.0,0.167,6.96
51781.0,45.0,-4302106.0,-0.033,6.72
51785.0,50.0,-4297107.0,-0.192,6.96
51791.0,76.0,-4292121.0,0.117,6.23
51796.0,-186.0,-4289734.0,-0.083,6.23
51802.0,-83.0,-4285485.0,0.025,6.23
51807.0,236.0,-4280725.0,-0.075,6.48
51812.0,160.0,-4278836.0,-0.008,6.23
51817.0,483.0,-4273587.0,0.017,6.23
51822.0,221.0,-4268581.0,-0.108,6.48
51827.0,335.0,-4265978.0,-0.2,6.23
51832.0,344.0,-4261649.0,0.133,5.99
51838.0,466.0,-4257135.0,-0.167,6.23
51844.0,226.0,-4254882.0,-0.05,6.96
51848.0,155.0,-4250045.0,-0.025,6.23
51853.0,472.0,-4247978.0,0.158,6.23
51858.0,128.0,-4242733.0,0.242,6.48
51863.0,163.0,-4237893.0,-0.158,5.5
51869.0,221.0,-4232655.0,-0.117,6.48
51874.0,65.0,-4230258.0,0.058,6.23
51879.0,386.0,-4225297.0,-0.117,6.23
51885.0,244.0,-4220985.0,-0.083,6.72
51890.0,-8.0,-4218212.0,-0.108,6.72
51895.0,45.0,-4213877.0,0.25,6.48
51901.0,749.0,-4209189.0,-0.075,6.96
51906.0,259.0,-4206320.0,-0.258,6.23
51910.0,-62.0,-4201163.0,0.0,6.23
51916.0,250.0,-4196139.0,0.008,6.23
51921.0,184.0,-4193762.0,-0.192,6.23
51927.0,11.0,-4189253.0,0.05,6.72
51932.0,336.0,-4186640.0,0.108,6.23
51937.0,374.0,-4181863.0,0.125,6.96
51942.0,-61.0,-4177175.0,-0.008,5.99
51947.0,-239.0,-4171787.0,-0.158,6.72
51952.0,303.0,-4169250.0,-0.083,6.72
51957.0,146.0,-4164573.0,0.083,5.99
51963.0,288.0,-4160421.0,-0.125,6.96
51969.0,34.0,-4158122.0,-0.058,6.23
51974.0,55.0,-4153341.0,-0.125,6.23
51978.0,288.0,-4150958.0,0.192,6.23
51983.0,198.0,-4145859.0,0.108,6.72
51989.0,111.0,-4140859.0,-0.2,6.23
51994.0,77.0,-4138084.0,0.05,6.48
51999.0,311.0,-4133617.0,-0.05,6.23
52004.0,526.0,-4128947.0,-0.092,6.72
52009.0,34.0,-4126732.0,-0.042,6.48
52015.0,300.0,-4121893.0,-0.1,6.23
52020.0,209.0,-4117135.0,0.067,6.72
52026.0,89.0,-4111591.0,0.05,6.23
52031.0,277.0,-4109328.0,-0.225,6.72
52036.0,64.0,-4104791.0,0.092,6.23
52040.0,127.0,-4102202.0,-0.142,5.99
52046.0,421.0,-4096977.0,-0.017,6.23
52051.0,442.0,-4092655.0,-0.2,6.23
52057.0,250.0,-4089764.0,0.142,6.23
52062.0,388.0,-4084603.0,-0.008,6.23
52067.0,405.0,-4079587.0,-0.133,6.23
52072.0,89.0,-4076808.0,-0.283,6.72
52077.0,-171.0,-4071187.0,0.208,6.23
52082.0,-118.0,-4066913.0,-0.225,6.23
52087.0,263.0,-4064508.0,0.05,6.23
52092.0,71.0,-4059491.0,-0.225,6.72
52098.0,104.0,-4054415.0,-0.092,6.23
52104.0,690.0,-4051850.0,0.067,6.23
52109.0,110.0,-4046611.0,-0.125,6.23
52114.0,-17.0,-4041333.0,-0.35,6.23
52119.0,325.0,-4038600.0,0.283,3.79
52124.0,275.0,-4033865.0,-0.008,6.23
52129.0,426.0,-4029375.0,-0.358,6.23
52134.0,278.0,-4027016.0,0.025,5.99
52141.0,146.0,-4021963.0,0.05,6.48
52146.0,209.0,-4016611.0,-0.367,6.96
52150.0,334.0,-4014160.0,0.008,6.23
52156.0,154.0,-4008709.0,-0.192,6.72
52161.0,399.0,-4003395.0,-0.008,6.23
52166.0,361.0,-4001120.0,0.167,6.23
52171.0,165.0,-3996021.0,-0.075,6.23
52176.0,396.0,-3991163.0,-0.358,6.48
52182.0,270.0,-3988542.0,0.183,6.72
52187.0,44.0,-3983415.0,-0.133,6.96
52193.0,25.0,-3977821.0,-0.2,6.96
52197.0,230.0,-3974814.0,-0.05,5.99
52202.0,198.0,-3969467.0,-0.033,5.99
52208.0,65.0,-3964743.0,0.058,6.23
52213.0,497.0,-3962326.0,-0.158,6.72
52218.0,339.0,-3957365.0,-0.167,5.99
52224.0,336.0,-3952447.0,0.108,6.23
52229.0,-238.0,-3949574.0,-0.217,6.23
52234.0,408.0,-3944659.0,-0.092,6.23
52239.0,197.0,-3938959.0,-0.15,6.72
52244.0,222.0,-3936414.0,0.158,5.99
52249.0,480.0,-3933891.0,-0.025,6.23
52254.0,813.0,-3926667.0,0.092,7.7
52260.0,-107.0,-3924572.0,-0.433,6.72
52265.0,155.0,-3919557.0,0.025,6.72
52271.0,238.0,-3914107.0,0.117,5.5
52276.0,325.0,-3911212.0,-0.367,6.96
52281.0,303.0,-3906510.0,-0.092,5.99
52286.0,208.0,-3900992.0,0.108,6.72
52291.0,137.0,-3898565.0,-0.083,6.23
52296.0,267.0,-3893226.0,-0.092,6.96
52301.0,178.0,-3888666.0,-0.25,4.77
52306.0,238.0,-3886255.0,0.158,6.23
52313.0,556.0,-3880620.0,-0.217,6.48
52318.0,179.0,-3875742.0,-0.125,6.23
52323.0,568.0,-3872583.0,-0.117,5.99
52328.0,318.0,-3867053.0,-0.075,6.48
52333.0,421.0,-3862125.0,0.175,6.23
52338.0,256.0,-3859172.0,-0.167,5.99
52343.0,24.0,-3854275.0,-0.242,6.23
52348.0,151.0,-3849389.0,0.267,5.99
52354.0,257.0,-3846134.0,-0.308,6.96
52359.0,123.0,-3840845.0,-0.042,6.72
52365.0,252.0,-3835135.0,-0.033,6.72
52369.0,247.0,-3832182.0,0.0,6.23
52375.0,349.0,-3827150.0,0.058,6.23
52380.0,444.0,-3822034.0,0.017,6.23
52385.0,545.0,-3819541.0,-0.442,6.23
52390.0,329.0,-3814169.0,0.342,6.23
52396.0,8.0,-3808637.0,-0.125,5.99
52401.0,315.0,-3805896.0,-0.325,6.23
52407.0,263.0,-3799994.0,-0.033,6.23
52412.0,404.0,-3794324.0,0.075,6.23
52417.0,181.0,-3791915.0,-0.25,6.23
52422.0,37.0,-3786598.0,0.225,6.23
52427.0,528.0,-3781578.0,-0.542,5.99
52432.0,277.0,-3778603.0,0.083,5.99
52438.0,65.0,-3773343.0,-0.033,5.99
52443.0,264.0,-3767485.0,-0.258,5.99
52448.0,351.0,-3764536.0,-0.075,6.23
52454.0,-213.0,-3758480.0,0.125,5.99
52459.0,128.0,-3753568.0,-0.358,6.72
52463.0,347.0,-3750869.0,0.317,6.23
52469.0,273.0,-3746278.0,-0.467,6.23
52474.0,266.0,-3740458.0,0.133,5.99
52478.0,367.0,-3737701.0,-0.325,6.23
52485.0,455.0,-3731639.0,-0.35,6.48
52490.0,346.0,-3725479.0,-0.108,6.48
52495.0,313.0,-3722678.0,0.142,6.23
52500.0,417.0,-3717998.0,-0.392,6.48
52506.0,556.0,-3712458.0,0.25,6.72
52510.0,359.0,-3709961.0,-0.275,6.96
52515.0,237.0,-3704226.0,-0.042,5.99
52521.0,612.0,-3698618.0,0.125,6.23
52526.0,-113.0,-3695461.0,-0.25,6.48
52532.0,91.0,-3690241.0,-0.108,5.99
52537.0,374.0,-3684387.0,-0.033,6.23
52542.0,473.0,-3681566.0,-0.108,6.72
52547.0,411.0,-3676362.0,-0.175,6.48
52553.0,201.0,-3671334.0,0.083,5.99
52558.0,208.0,-3668551.0,-0.25,6.23
52563.0,220.0,-3662894.0,0.167,6.23
52569.0,134.0,-3657432.0,-0.183,6.72
52574.0,185.0,-3654695.0,-0.167,6.23
52579.0,657.0,-3648702.0,-0.133,6.23
52585.0,591.0,-3643548.0,0.042,5.99
52590.0,450.0,-3638462.0,-0.067,6.23
52595.0,265.0,-3636023.0,-0.242,6.23
52600.0,259.0,-3630399.0,0.0,6.72
52605.0,256.0,-3624893.0,-0.25,5.99
52611.0,515.0,-3622176.0,-0.258,6.23
52617.0,671.0,-3615514.0,0.075,6.23
52622.0,93.0,-3610554.0,-0.175,6.23
52627.0,-74.0,-3607501.0,-0.042,5.99
52632.0,626.0,-3601974.0,-0.008,6.23
52638.0,-26.0,-3596788.0,-0.283,6.72
52642.0,-83.0,-3594009.0,-0.317,6.23
52647.0,-91.0,-3588312.0,0.008,6.23
52654.0,577.0,-3582392.0,-0.342,6.96
52659.0,34.0,-3578913.0,0.0,5.99
52664.0,84.0,-3573376.0,-0.308,5.99
52669.0,382.0,-3567578.0,0.0,5.99
52674.0,299.0,-3564763.0,0.008,6.23
52679.0,163.0,-3559428.0,-0.292,6.48
52685.0,325.0,-3553878.0,-0.442,6.48
52689.0,458.0,-3550923.0,0.092,6.48
52695.0,255.0,-3545026.0,-0.308,6.48
52701.0,213.0,-3538450.0,-0.175,6.23
52705.0,234.0,-3535637.0,-0.1,6.23
52710.0,280.0,-3529866.0,0.092,5.99
52716.0,108.0,-3524534.0,-0.083,5.99
52721.0,-61.0,-3521881.0,-0.267,5.99
52726.0,17.0,-3516780.0,-0.275,6.48
52731.0,247.0,-3510770.0,0.058,6.72
52737.0,546.0,-3507447.0,-0.225,5.99
52742.0,298.0,-3501222.0,-0.075,6.23
52748.0,-144.0,-3495406.0,-0.283,6.48
52753.0,-41.0,-3492451.0,0.142,6.23
52757.0,-60.0,-3487140.0,-0.142,5.99
52763.0,446.0,-3481572.0,-0.175,6.72
52767.0,553.0,-3478871.0,-0.258,7.21
52773.0,-61.0,-3472730.0,-0.033,6.48
52779.0,329.0,-3466520.0,-0.25,6.72
52784.0,454.0,-3463477.0,-0.033,6.48
52789.0,396.0,-3457440.0,-0.308,6.23
52795.0,-328.0,-3451374.0,0.15,5.99
52799.0,77.0,-3448425.0,-0.108,6.23
52804.0,251.0,-3443046.0,-0.267,5.99
52810.0,35.0,-3437554.0,-0.033,6.23
52815.0,142.0,-3434591.0,-0.183,5.99
52819.0,315.0,-3428378.0,-0.05,6.23
52826.0,87.0,-3422098.0,-0.033,6.72
52831.0,80.0,-3419051.0,-0.233,5.99
52836.0,648.0,-3416152.0,0.05,5.99
52841.0,424.0,-3407532.0,-0.258,5.99
52846.0,239.0,-3405281.0,-0.2,6.48
52851.0,455.0,-3399784.0,-0.083,6.23
52857.0,219.0,-3393922.0,-0.158,5.99
52861.0,168.0,-3390711.0,-0.083,5.99
52867.0,301.0,-3384922.0,-0.15,6.23
52873.0,327.0,-3378780.0,-0.125,5.99
52877.0,308.0,-3375829.0,0.0,5.99
52883.0,350.0,-3370581.0,-0.15,5.99
52889.0,16.0,-3365367.0,-0.383,5.99
52894.0,202.0,-3359425.0,-0.05,6.48
52899.0,331.0,-3356372.0,-0.05,5.99
52904.0,37.0,-3350264.0,-0.383,6.72
52911.0,247.0,-3343512.0,0.025,6.48
52917.0,479.0,-3337572.0,-0.25,6.23
52921.0,252.0,-3334589.0,0.025,5.99
52927.0,202.0,-3329065.0,-0.133,6.72
52932.0,450.0,-3324073.0,-0.292,5.99
52938.0,442.0,-3317719.0,-0.4,5.99
52943.0,415.0,-3314226.0,0.042,5.99
52948.0,-201.0,-3307974.0,-0.392,5.99
52955.0,359.0,-3301246.0,0.167,5.99
52961.0,-23.0,-3294928.0,-0.233,6.72
52965.0,310.0,-3291975.0,-0.042,5.99
52971.0,382.0,-3286813.0,-0.442,6.23
52976.0,502.0,-3280517.0,0.175,6.23
52982.0,398.0,-3274439.0,-0.133,5.99
52987.0,237.0,-3271458.0,-0.358,5.99
52992.0,440.0,-3264685.0,-0.2,6.23
52998.0,216.0,-3258549.0,-0.017,6.96
53003.0,297.0,-3255446.0,-0.183,5.99
53008.0,175.0,-3248990.0,-0.05,5.74
53014.0,189.0,-3243836.0,-0.342,6.23
53020.0,199.0,-3237510.0,-0.075,5.99
53024.0,150.0,-3234253.0,-0.025,5.99
53030.0,198.0,-3227647.0,-0.217,6.72
53036.0,304.0,-3220923.0,-0.15,6.48
53042.0,388.0,-3214665.0,-0.317,6.48
53047.0,587.0,-3211706.0,0.058,5.74
53052.0,57.0,-3205826.0,-0.242,5.99
53058.0,175.0,-3200148.0,-0.092,5.99
53063.0,481.0,-3193860.0,-0.217,6.48
53068.0,448.0,-3190587.0,-0.433,5.99
53073.0,541.0,-3184117.0,-0.1,5.99
53080.0,43.0,-3177447.0,0.125,6.23
53085.0,510.0,-3174268.0,-0.358,5.99
53089.0,97.0,-3171113.0,0.108,6.23
53095.0,67.0,-3161465.0,-0.275,5.99
53099.0,278.0,-3158680.0,-0.067,5.99
53105.0,334.0,-3152640.0,-0.383,6.23
53111.0,184.0,-3145794.0,-0.317,6.23
53116.0,12.0,-3139044.0,0.008,6.72
53122.0,145.0,-3135649.0,-0.008,6.23
53128.0,-53.0,-3129823.0,-0.525,5.25
53133.0,145.0,-3123887.0,-0.017,5.99
53139.0,317.0,-3117479.0,-0.375,6.48
53143.0,160.0,-3114670.0,0.033,5.99
53149.0,260.0,-3108786.0,-0.108,5.74
53155.0,388.0,-3102222.0,-0.442,6.48
53160.0,352.0,-3095596.0,-0.117,5.99
53166.0,309.0,-3092293.0,-0.225,6.23
53171.0,140.0,-3086371.0,-0.233,5.99
53177.0,420.0,-3080311.0,-0.033,6.72
53182.0,72.0,-3077552.0,-0.3,5.99
53186.0,-3.0,-3071597.0,-0.117,6.23
53192.0,435.0,-3065053.0,0.283,5.99
53197.0,243.0,-3061458.0,-0.458,6.23
53202.0,326.0,-3055265.0,-0.258,5.99
53208.0,74.0,-3048237.0,-0.05,5.99
53214.0,112.0,-3045346.0,-0.083,6.48
53218.0,351.0,-3039513.0,-0.525,5.99
53224.0,179.0,-3033105.0,0.058,6.23
53229.0,65.0,-3030028.0,-0.667,6.23
53234.0,350.0,-3023869.0,0.083,5.99
53239.0,182.0,-3017525.0,-0.3,5.99
53245.0,226.0,-3010475.0,-0.275,6.96
53250.0,101.0,-3007196.0,-0.567,6.96
53256.0,254.0,-3000460.0,0.075,5.74
53261.0,194.0,-2994134.0,-0.442,5.74
53266.0,226.0,-2991095.0,0.058,5.99
53271.0,89.0,-2985294.0,-0.683,6.23
53277.0,403.0,-2978230.0,-0.333,5.99
53282.0,401.0,-2974683.0,-0.117,5.99
53287.0,194.0,-2967622.0,-0.008,5.99
53293.0,176.0,-2961030.0,-0.525,5.99
53298.0,-96.0,-2957855.0,0.092,5.99
53303.0,211.0,-2951844.0,-0.392,6.23
53308.0,237.0,-2945362.0,-0.15,5.99
53314.0,267.0,-2942203.0,-0.367,5.99
53318.0,288.0,-2935626.0,-0.408,5.99
53324.0,378.0,-2928190.0,-0.25,5.99
53330.0,236.0,-2921114.0,0.083,5.99
53336.0,444.0,-2918087.0,-0.45,5.74
53340.0,521.0,-2911620.0,0.008,6.48
53346.0,267.0,-2905824.0,-0.283,5.99
53351.0,151.0,-2902591.0,-0.308,5.99
53356.0,168.0,-2895962.0,-0.325,5.74
53361.0,110.0,-2889164.0,-0.467,5.99
53367.0,194.0,-2885643.0,-0.267,5.99
53371.0,309.0,-2878602.0,0.092,5.74
53378.0,461.0,-2872158.0,-0.558,5.74
53383.0,457.0,-2865286.0,0.05,5.99
53389.0,61.0,-2862465.0,-0.633,6.48
53393.0,328.0,-2855414.0,0.033,5.74
53399.0,622.0,-2849052.0,-0.45,5.74
53404.0,160.0,-2845609.0,-0.158,5.99
53409.0,75.0,-2838126.0,-0.425,6.48
53414.0,389.0,-2831588.0,-0.1,5.74
53420.0,519.0,-2828445.0,-0.15,6.48
53425.0,556.0,-2821634.0,-0.158,6.23
53431.0,80.0,-2815960.0,-0.6,5.99
53436.0,248.0,-2812535.0,0.075,5.99
53440.0,-5.0,-2805622.0,-0.35,5.74
53446.0,403.0,-2798708.0,-0.375,6.23
53451.0,85.0,-2795191.0,-0.108,6.48
53456.0,118.0,-2788556.0,0.175,6.48
53462.0,448.0,-2782688.0,-0.758,5.74
53468.0,350.0,-2779415.0,0.275,5.74
53472.0,75.0,-2773650.0,-0.442,5.99
53478.0,203.0,-2766396.0,-0.225,5.74
53483.0,97.0,-2759978.0,-0.158,5.74
53488.0,161.0,-2756541.0,-0.167,6.23
53493.0,-156.0,-2749546.0,-0.442,6.48
53499.0,354.0,-2743168.0,-0.108,5.99
53505.0,422.0,-2739957.0,-0.233,5.74
53510.0,381.0,-2733190.0,-0.15,6.23
53515.0,463.0,-2726948.0,-0.45,5.99
53520.0,47.0,-2723437.0,-0.125,6.48
53525.0,62.0,-2716694.0,-0.392,6.48
53531.0,464.0,-2709424.0,-0.075,5.74
53536.0,610.0,-2705991.0,-0.333,5.74
53540.0,615.0,-2699486.0,-0.1,5.74
53547.0,-71.0,-2692432.0,-0.183,5.74
53552.0,411.0,-2689275.0,-0.258,6.48
53557.0,138.0,-2683196.0,-0.475,5.74
53562.0,343.0,-2675398.0,0.108,5.74
53567.0,415.0,-2672361.0,-0.475,5.99
53572.0,504.0,-2664760.0,-0.217,5.99
53577.0,262.0,-2657456.0,-0.283,5.74
53583.0,484.0,-2654359.0,-0.342,5.74
53587.0,251.0,-2647952.0,-0.25,6.23
53594.0,573.0,-2640964.0,-0.375,5.25
53599.0,285.0,-2637393.0,-0.342,5.74
53604.0,297.0,-2630878.0,-0.133,5.74
53609.0,248.0,-2623534.0,-0.517,5.74
53615.0,384.0,-2616544.0,-0.325,7.7
53620.0,386.0,-2612255.0,-0.075,5.74
53625.0,43.0,-2604646.0,-0.658,5.5
53630.0,53.0,-2598704.0,0.0,5.74
53636.0,433.0,-2595675.0,-0.308,5.74
53641.0,56.0,-2588256.0,-0.533,5.5
53647.0,242.0,-2581592.0,-0.192,6.72
53652.0,532.0,-2578101.0,-0.175,5.74
53657.0,359.0,-2570500.0,-0.683,5.99
53661.0,226.0,-2566711.0,-0.275,5.5
53666.0,250.0,-2559688.0,-0.317,5.74
53672.0,177.0,-2552506.0,-0.175,5.74
53678.0,153.0,-2546136.0,-0.292,5.99
53683.0,575.0,-2542763.0,-0.467,6.23
53688.0,342.0,-2535304.0,-0.258,5.5
53694.0,134.0,-2528450.0,-0.392,5.99
53699.0,422.0,-2524823.0,-0.183,5.74
53703.0,461.0,-2517026.0,-0.858,5.99
53708.0,234.0,-2513085.0,0.075,5.5
53713.0,-82.0,-2506516.0,-0.283,5.5
53719.0,-5.0,-2500138.0,-0.425,5.5
53724.0,483.0,-2497001.0,-0.25,5.74
53730.0,79.0,-2489524.0,-0.233,5.74
53735.0,86.0,-2482368.0,-0.208,6.48
53740.0,172.0,-2479021.0,-0.758,5.74
53745.0,356.0,-2471406.0,0.025,5.5
53750.0,121.0,-2464650.0,-0.5,4.28
53756.0,261.0,-2457992.0,-0.058,6.23
53762.0,263.0,-2454615.0,-0.3,5.74
53767.0,200.0,-2448644.0,-0.783,5.5
53771.0,321.0,-2445245.0,-0.067,6.23
53776.0,485.0,-2437810.0,-0.575,5.99
53782.0,340.0,-2430686.0,-0.433,5.99
53787.0,242.0,-2427043.0,-0.25,5.74
53792.0,560.0,-2419726.0,-0.4,5.74
53797.0,399.0,-2413552.0,-0.033,6.23
53803.0,487.0,-2410395.0,-0.375,5.74
53808.0,387.0,-2403484.0,-0.45,5.74
53813.0,14.0,-2396354.0,-0.208,6.23
53819.0,518.0,-2389340.0,-0.475,5.99
53824.0,428.0,-2385233.0,-0.367,5.74
53829.0,317.0,-2377788.0,-0.6,5.74
53833.0,112.0,-2374193.0,-0.267,5.5
53839.0,122.0,-2367012.0,-0.275,5.5
53844.0,-109.0,-2360262.0,-0.783,5.5
53850.0,31.0,-2357363.0,-0.158,5.5
53855.0,193.0,-2349862.0,-0.558,5.5
53860.0,484.0,-2342008.0,-0.508,5.5
53865.0,-30.0,-2338531.0,-0.458,5.74
53870.0,216.0,-2330574.0,-0.383,5.74
53876.0,383.0,-2323284.0,-0.442,5.5
53880.0,428.0,-2319675.0,-0.15,5.5
53885.0,274.0,-2312868.0,-0.65,5.5
53892.0,347.0,-2305420.0,-0.408,5.74
53897.0,463.0,-2301669.0,-0.233,5.99
53902.0,185.0,-2294562.0,-0.75,5.74
53907.0,228.0,-2286866.0,-0.142,5.5
53912.0,266.0,-2283399.0,-0.775,5.5
53917.0,-144.0,-2275422.0,0.083,5.5
53922.0,23.0,-2267818.0,-0.75,5.74
53927.0,58.0,-2264325.0,-0.092,5.99
53934.0,614.0,-2257511.0,-0.65,6.23
53939.0,501.0,-2249865.0,-0.067,5.99
53943.0,530.0,-2246206.0,-1.017,5.5
53949.0,480.0,-2238933.0,-0.192,5.74
53954.0,599.0,-2231363.0,-0.9,6.48
53959.0,-185.0,-2227668.0,-0.067,5.99
53964.0,185.0,-2220325.0,-0.45,4.52
53969.0,64.0,-2212735.0,-0.583,5.25
53975.0,-156.0,-2209430.0,-0.467,5.25
53980.0,194.0,-2201763.0,-0.175,5.99
53986.0,161.0,-2194921.0,-0.858,5.5
53990.0,226.0,-2191316.0,-0.708,5.74
53995.0,318.0,-2187019.0,-0.258,5.74
54001.0,403.0,-2175779.0,-0.558,5.5
54006.0,379.0,-2172108.0,-0.608,5.74
54011.0,417.0,-2164391.0,-0.075,5.5
54017.0,590.0,-2157555.0,-1.017,5.5
54022.0,509.0,-2154018.0,-0.017,5.25
54027.0,165.0,-2146624.0,-0.633,5.5
54032.0,356.0,-2139430.0,-0.875,5.99
54037.0,181.0,-2135509.0,-0.342,5.5
54043.0,151.0,-2128329.0,-0.375,5.99
54048.0,330.0,-2121383.0,-0.65,5.99
54053.0,319.0,-2117756.0,-0.217,5.5
54059.0,361.0,-2110823.0,-0.725,5.5
54064.0,98.0,-2103545.0,-0.392,6.23
54069.0,115.0,-2099976.0,-0.125,5.99
54074.0,103.0,-2093090.0,-1.325,5.25
54079.0,88.0,-2085464.0,-0.033,5.5
54084.0,287.0,-2081815.0,-0.508,5.25
54090.0,315.0,-2074937.0,-0.833,5.5
54095.0,432.0,-2067869.0,-0.142,5.5
54099.0,343.0,-2064660.0,-0.825,5.99
54106.0,703.0,-2060635.0,-0.35,5.99
54111.0,242.0,-2050237.0,-0.4,5.25
54115.0,137.0,-2046444.0,-0.992,5.99
54121.0,299.0,-2038344.0,-0.208,5.74
54126.0,164.0,-2031268.0,-0.692,5.99
54131.0,253.0,-2027557.0,-0.758,5.25
54136.0,339.0,-2020181.0,-0.208,5.5
54142.0,282.0,-2013527.0,-1.175,5.74
54147.0,-49.0,-2009390.0,-0.083,5.74
54153.0,111.0,-2001736.0,-0.692,5.99
54158.0,-10.0,-1994198.0,-0.975,5.5
54163.0,427.0,-1990225.0,-0.417,5.5
54168.0,-25.0,-1982438.0,-0.592,5.5
54173.0,-8.0,-1974862.0,-0.883,5.25
54178.0,269.0,-1971279.0,0.142,5.5
54183.0,53.0,-1964065.0,-1.175,5.01
54189.0,62.0,-1956161.0,-0.092,5.25
54194.0,373.0,-1952444.0,-0.75,5.25
54199.0,97.0,-1944690.0,-0.867,5.25
54205.0,428.0,-1936640.0,-0.567,5.5
54209.0,219.0,-1932507.0,-0.167,5.5
54215.0,431.0,-1925709.0,-1.258,5.74
54220.0,-12.0,-1918589.0,0.283,5.25
54225.0,213.0,-1915122.0,-1.283,5.5
54231.0,-229.0,-1906978.0,-0.458,5.01
54236.0,150.0,-1899528.0,-0.508,5.74
54241.0,-91.0,-1895185.0,-1.0,5.01
54247.0,155.0,-1887809.0,-0.358,5.25
54252.0,363.0,-1879911.0,-0.667,5.25
54257.0,248.0,-1876070.0,-0.625,5.5
54262.0,352.0,-1869565.0,0.308,5.01
54268.0,288.0,-1861997.0,-1.508,5.25
54274.0,61.0,-1854581.0,0.025,5.74
54278.0,174.0,-1850848.0,-1.192,5.74
54284.0,316.0,-1842722.0,-0.267,5.01
54289.0,401.0,-1834756.0,-1.108,5.5
54294.0,-70.0,-1830729.0,-0.108,5.5
54299.0,260.0,-1823543.0,-0.917,5.01
54305.0,79.0,-1817031.0,-0.183,4.77
54309.0,542.0,-1813362.0,-1.117,5.01
54316.0,378.0,-1806100.0,-0.158,5.99
54322.0,212.0,-1798706.0,-0.967,5.01
54326.0,-67.0,-1794647.0,-0.458,5.01
54331.0,199.0,-1787182.0,-0.858,5.25
54337.0,629.0,-1779554.0,-0.567,5.01
54342.0,466.0,-1775389.0,-0.558,5.01
54347.0,108.0,-1769128.0,0.167,5.01
54352.0,222.0,-1762688.0,-1.392,5.01
54359.0,-79.0,-1755442.0,-0.25,5.01
54363.0,324.0,-1751859.0,-0.825,5.25
54369.0,558.0,-1744299.0,-0.567,5.5
54374.0,269.0,-1736273.0,-0.875,5.25
54379.0,268.0,-1732988.0,-0.667,5.01
54384.0,18.0,-1726678.0,-0.442,5.74
54390.0,-26.0,-1719734.0,-0.658,4.77
54394.0,-61.0,-1716373.0,-1.392,4.77
54401.0,615.0,-1708732.0,0.225,5.01
54406.0,-75.0,-1701708.0,-1.458,5.25
54411.0,120.0,-1697805.0,-0.517,5.01
54416.0,190.0,-1690340.0,-0.558,5.01
54422.0,138.0,-1683278.0,-0.742,5.74
54426.0,-259.0,-1679413.0,-0.992,5.01
54431.0,355.0,-1672464.0,-0.017,5.25
54437.0,197.0,-1665438.0,-1.633,5.5
54443.0,176.0,-1657632.0,-0.383,5.5
54448.0,307.0,-1653903.0,-0.933,5.5
54453.0,-45.0,-1646291.0,-0.742,5.01
54459.0,13.0,-1638599.0,-0.708,4.77
54464.0,334.0,-1634670.0,-1.008,5.01
54469.0,256.0,-1627033.0,-0.575,4.77
54474.0,354.0,-1620163.0,-0.675,5.25
54479.0,67.0,-1616468.0,-1.267,4.52
54484.0,-209.0,-1608799.0,-0.325,4.77
54491.0,29.0,-1600855.0,-1.133,5.5
54495.0,222.0,-1597216.0,-0.408,4.77
54501.0,62.0,-1589857.0,-1.117,4.77
54506.0,-14.0,-1581899.0,-0.625,5.25
54511.0,471.0,-1578330.0,-0.758,4.77
54516.0,414.0,-1571565.0,-0.8,5.25
54521.0,-50.0,-1564513.0,-1.0,4.52
54526.0,337.0,-1560658.0,-0.983,5.01
54532.0,177.0,-1552659.0,-0.542,4.77
54538.0,395.0,-1545261.0,-1.133,5.25
54542.0,-4.0,-1541210.0,-0.817,5.25
54547.0,360.0,-1534131.0,-0.417,4.77
54553.0,24.0,-1526709.0,-1.008,5.25
54558.0,-145.0,-1523426.0,-0.65,5.01
54563.0,121.0,-1516111.0,-1.283,5.25
54568.0,215.0,-1508735.0,-0.717,4.77
54574.0,532.0,-1504570.0,-0.95,4.77
54579.0,333.0,-1496957.0,-0.842,4.77
54584.0,611.0,-1489261.0,-0.825,4.77
54589.0,524.0,-1485918.0,-0.842,5.01
54594.0,258.0,-1478363.0,-1.017,4.52
54600.0,348.0,-1471377.0,-0.242,4.52
54605.0,291.0,-1468114.0,-1.533,4.52
54609.0,248.0,-1459815.0,-0.692,4.52
54616.0,256.0,-1452939.0,-0.675,4.77
54621.0,265.0,-1449310.0,-1.117,5.01
54626.0,519.0,-1445633.0,-1.167,4.52
54631.0,493.0,-1434761.0,-0.525,4.52
54636.0,400.0,-1431312.0,-1.267,4.77
54641.0,278.0,-1424539.0,-0.25,4.52
54647.0,428.0,-1417741.0,-1.683,5.01
54651.0,167.0,-1413872.0,-0.425,4.77
54657.0,-54.0,-1407531.0,-1.092,4.77
54663.0,182.0,-1399803.0,-1.008,4.52
54667.0,383.0,-1396166.0,-0.667,4.52
54673.0,155.0,-1389422.0,-1.217,5.25
54679.0,35.0,-1382276.0,-0.758,4.52
54684.0,355.0,-1375942.0,-0.583,5.01
54689.0,-6.0,-1372315.0,-1.708,4.77
54694.0,68.0,-1364665.0,-0.525,4.52
54701.0,166.0,-1358101.0,-1.108,4.52
54707.0,-50.0,-1350651.0,-1.467,5.01
54711.0,55.0,-1347056.0,-0.017,4.52
54717.0,613.0,-1339532.0,-1.817,4.52
54722.0,245.0,-1332354.0,0.008,4.52
54728.0,193.0,-1326266.0,-1.508,4.52
54733.0,164.0,-1322491.0,-1.242,4.77
54738.0,362.0,-1314921.0,-0.583,4.28
54745.0,90.0,-1308089.0,-1.408,4.52
54750.0,206.0,-1299497.0,-1.05,4.52
54755.0,129.0,-1295674.0,-0.825,4.28
54761.0,165.0,-1288612.0,-1.442,4.52
54766.0,-33.0,-1281290.0,-0.392,5.01
54772.0,151.0,-1274310.0,-1.592,4.77
54777.0,106.0,-1270349.0,-0.975,4.28
54782.0,444.0,-1263215.0,-0.575,4.52
54789.0,378.0,-1255667.0,-2.067,5.25
54794.0,-136.0,-1247815.0,-0.033,4.28
54799.0,183.0,-1244252.0,-1.492,4.28
54804.0,-258.0,-1240361.0,-1.208,4.28
54809.0,336.0,-1229435.0,-0.242,5.01
54814.0,481.0,-1226222.0,-1.875,4.77
54820.0,-41.0,-1218398.0,-0.867,4.52
54825.0,-81.0,-1211222.0,-0.992,4.52
54832.0,493.0,-1203236.0,-1.842,5.25
54836.0,62.0,-1199297.0,0.025,5.25
54842.0,182.0,-1191907.0,-1.675,4.28
54848.0,288.0,-1184753.0,-1.075,4.28
54853.0,478.0,-1177813.0,-0.625,4.03
54858.0,317.0,-1174036.0,-1.967,4.28
54864.0,131.0,-1166576.0,-0.492,4.52
54870.0,315.0,-1158774.0,-1.483,4.28
54876.0,93.0,-1151094.0,-1.1,4.77
54880.0,-94.0,-1147263.0,-1.1,4.28
54886.0,-98.0,-1139837.0,-0.975,4.03
54892.0,84.0,-1132221.0,-1.475,4.28
54897.0,80.0,-1125033.0,-0.55,4.52
54902.0,221.0,-1121446.0,-1.692,4.28
54907.0,357.0,-1113834.0,-0.908,4.03
54914.0,247.0,-1106608.0,-0.983,4.03
54920.0,439.0,-1098820.0,-1.358,4.52
54924.0,440.0,-1095533.0,-0.092,4.03
54929.0,561.0,-1088307.0,-1.917,4.52
54935.0,237.0,-1081787.0,-0.233,4.03
54940.0,297.0,-1078500.0,-1.667,4.03
54945.0,-74.0,-1071567.0,-0.85,4.28
54950.0,486.0,-1064307.0,-1.283,4.52
54957.0,320.0,-1060656.0,-0.892,4.03
54961.0,457.0,-1053549.0,-1.433,4.28
54967.0,445.0,-1046327.0,-0.775,4.52
54972.0,275.0,-1039707.0,-1.425,4.03
54977.0,380.0,-1036118.0,-0.142,4.28
54982.0,365.0,-1029298.0,-2.108,4.28
54988.0,-87.0,-1022168.0,-0.617,4.03
54993.0,152.0,-1018309.0,-1.517,4.77
54999.0,403.0,-1010875.0,-0.775,4.28
55004.0,155.0,-1003773.0,-1.3,4.03
55009.0,285.0,-999780.0,-0.775,4.77
55014.0,158.0,-993133.0,-1.417,4.77
55020.0,132.0,-986105.0,-0.625,4.28
55025.0,420.0,-982568.0,-1.608,4.28
55029.0,319.0,-975533.0,-0.958,3.79
55035.0,483.0,-968163.0,-1.242,4.03
55041.0,465.0,-964300.0,-1.258,4.52
55046.0,594.0,-956467.0,-0.967,4.28
55051.0,402.0,-949201.0,-1.333,4.03
55056.0,286.0,-945436.0,-1.167,4.03
55061.0,137.0,-938303.0,-0.625,4.03
55067.0,493.0,-930981.0,-1.767,4.03
55072.0,459.0,-927308.0,-0.708,4.03
55076.0,364.0,-920151.0,-1.817,4.03
55083.0,216.0,-912211.0,-0.617,3.79
55088.0,204.0,-908470.0,-1.483,4.03
55093.0,233.0,-900751.0,-1.167,3.79
55098.0,487.0,-893735.0,-0.742,4.52
55103.0,467.0,-890458.0,-0.767,4.28
55108.0,-42.0,-883339.0,-1.958,3.54
55113.0,564.0,-875911.0,-0.867,4.52
55119.0,128.0,-871986.0,-1.308,4.52
55123.0,179.0,-864809.0,-1.133,3.79
55130.0,391.0,-857083.0,-1.55,3.79
55135.0,293.0,-853578.0,-0.467,4.52
55140.0,296.0,-845937.0,-2.283,3.79
55145.0,124.0,-839101.0,0.483,3.79
55150.0,572.0,-835972.0,-2.058,3.79
55155.0,395.0,-828593.0,-1.325,3.79
55160.0,13.0,-820853.0,-0.858,3.54
55165.0,487.0,-817272.0,-1.725,4.28
55171.0,362.0,-809215.0,-1.242,3.54
55177.0,292.0,-802743.0,-0.658,4.28
55182.0,34.0,-798842.0,-1.933,3.79
55186.0,35.0,-791801.0,-0.225,3.79
55192.0,431.0,-785053.0,-1.425,3.79
55197.0,319.0,-781862.0,-1.55,3.79
55202.0,226.0,-774163.0,-0.725,3.54
55207.0,548.0,-766771.0,-1.608,4.28
55213.0,506.0,-763184.0,-1.108,4.52
55218.0,235.0,-756059.0,-0.975,3.79
55224.0,-27.0,-749463.0,-1.4,4.03
55229.0,339.0,-745736.0,-1.167,3.54
55233.0,256.0,-739015.0,-0.133,4.28
55239.0,220.0,-732817.0,-2.317,3.54
55244.0,446.0,-729218.0,-0.083,3.54
55249.0,483.0,-722749.0,-1.383,3.79
55255.0,253.0,-715703.0,-1.342,4.28
55260.0,-25.0,-712532.0,-0.933,3.79
55265.0,162.0,-705917.0,-1.467,3.79
55270.0,308.0,-699227.0,-0.867,3.79
55276.0,256.0,-696292.0,-1.05,3.79
55280.0,123.0,-689289.0,-1.692,3.79
55286.0,269.0,-683013.0,-0.575,3.79
55291.0,257.0,-679866.0,-1.033,3.54
55296.0,286.0,-673401.0,-2.0,3.79
55302.0,58.0,-666463.0,-0.458,3.79
55307.0,292.0,-663180.0,-2.483,3.54
55312.0,167.0,-656241.0,0.0,3.54
55317.0,731.0,-650175.0,-0.967,4.03
55322.0,259.0,-646558.0,-1.983,4.28
55327.0,90.0,-639515.0,-0.883,3.54
55333.0,402.0,-633397.0,-0.542,3.79
55339.0,236.0,-629868.0,-2.7,3.79
55343.0,127.0,-625749.0,0.55,3.79
55348.0,507.0,-619054.0,-1.975,3.54
55353.0,182.0,-611903.0,-1.7,3.54
55358.0,-79.0,-605617.0,0.392,3.54
55363.0,351.0,-602080.0,-2.7,4.03
55368.0,-86.0,-598121.0,-0.45,3.3
55373.0,-258.0,-587635.0,-0.942,3.54
55378.0,390.0,-584052.0,-2.125,3.3
55385.0,317.0,-577124.0,-0.483,3.3
55390.0,148.0,-569558.0,-1.892,3.3
55395.0,620.0,-565765.0,-0.917,3.3
55400.0,535.0,-559683.0,-1.192,3.3
55404.0,202.0,-556188.0,-1.467,3.54
55410.0,112.0,-549115.0,-1.492,3.3
55415.0,211.0,-542337.0,-0.8,3.3
55420.0,123.0,-538580.0,-1.908,3.3
55426.0,295.0,-531385.0,-0.775,4.28
55431.0,448.0,-524777.0,-1.575,3.54
55437.0,600.0,-517545.0,-1.15,3.05
55442.0,-218.0,-514128.0,-1.308,3.3
55447.0,131.0,-507690.0,-1.3,3.3
55451.0,376.0,-504219.0,-1.783,3.54
55456.0,72.0,-497090.0,-0.842,3.05
55462.0,537.0,-490220.0,-1.917,3.05
55468.0,359.0,-486543.0,-1.05,3.54
55473.0,255.0,-480398.0,-1.008,3.05
55478.0,274.0,-473620.0,-1.992,3.05
55483.0,150.0,-470175.0,-0.817,3.05
55488.0,612.0,-463560.0,-1.175,3.05
55493.0,199.0,-456706.0,-2.342,3.05
55498.0,201.0,-453289.0,-0.542,3.05
55503.0,331.0,-446502.0,-1.542,3.05
55508.0,216.0,-439694.0,-1.817,3.05
55515.0,388.0,-436435.0,-0.892,3.3
55520.0,186.0,-430230.0,-1.667,3.3
55525.0,33.0,-424174.0,-1.6,3.79
55530.0,-139.0,-421311.0,-0.875,3.05
55535.0,9.0,-415858.0,-2.633,3.05
55540.0,-40.0,-409572.0,-1.308,3.3
55545.0,428.0,-406567.0,-2.142,3.3
55550.0,263.0,-400514.0,-2.175,3.79
55555.0,316.0,-397775.0,-3.45,3.3
55560.0,64.0,-391830.0,1.0,3.05
55565.0,659.0,-386268.0,1.65,3.3
55570.0,181.0,-383539.0,-2.308,3.3
55576.0,-193.0,-377876.0,-0.542,3.54
55581.0,-52.0,-372096.0,-1.008,3.3
55586.0,288.0,-368991.0,-1.567,0.86
55591.0,48.0,-362778.0,0.033,3.3
55597.0,241.0,-356656.0,-1.325,3.3
55602.0,539.0,-353503.0,-1.408,3.3
55607.0,97.0,-347018.0,-0.5,3.3
55612.0,150.0,-340306.0,-1.125,3.3
55617.0,560.0,-336891.0,-1.175,3.05
55622.0,225.0,-330166.0,-0.85,3.54
55627.0,-108.0,-326575.0,-1.283,3.05
55632.0,76.0,-319798.0,-0.808,3.05
55638.0,65.0,-312664.0,-1.108,3.3
55643.0,443.0,-308977.0,-1.133,3.3
55648.0,231.0,-302036.0,-0.967,3.79
55653.0,258.0,-295414.0,-0.517,2.81
55658.0,620.0,-291683.0,-1.383,3.05
55663.0,792.0,-284694.0,-0.875,3.05
55668.0,353.0,-277850.0,-0.967,3.05
55673.0,-267.0,-274185.0,-0.942,2.81
55678.0,471.0,-267232.0,-1.117,3.54
55685.0,350.0,-259580.0,-0.967,3.3
55690.0,194.0,-255689.0,-0.892,2.81
55695.0,204.0,-248594.0,-0.983,3.05
55700.0,475.0,-241854.0,-0.892,3.3
55705.0,111.0,-238109.0,-1.158,3.05
55710.0,261.0,-231294.0,-0.917,3.3
55715.0,404.0,-224032.0,-0.792,3.3
55720.0,62.0,-220223.0,-1.2,2.81
55726.0,-16.0,-213282.0,-0.85,3.3
55731.0,79.0,-206718.0,-0.85,3.05
55736.0,175.0,-203583.0,-1.0,3.54
55742.0,207.0,-197023.0,-0.683,3.05
55747.0,-42.0,-191233.0,-1.067,3.05
55752.0,160.0,-188030.0,-0.758,3.05
55757.0,478.0,-181887.0,-1.142,3.3
55762.0,355.0,-176175.0,-0.717,3.54
55768.0,58.0,-173254.0,-0.867,3.79
55773.0,-43.0,-167378.0,-0.8,3.54
55778.0,48.0,-164785.0,-0.742,3.54
55783.0,502.0,-159376.0,-1.042,4.77
55788.0,467.0,-153810.0,-0.683,3.3
55792.0,218.0,-151169.0,-1.092,3.3
55798.0,242.0,-145789.0,-0.842,4.03
55803.0,297.0,-140843.0,-0.908,3.54
55809.0,234.0,-137830.0,-0.967,3.3
55814.0,260.0,-132354.0,-1.075,3.3
55819.0,419.0,-126746.0,-0.883,3.79
55824.0,28.0,-123897.0,-0.992,3.79
55830.0,484.0,-117893.0,-1.0,3.05
55835.0,395.0,-111127.0,-1.017,3.05
55839.0,230.0,-108260.0,-0.958,3.54
55845.0,142.0,-102424.0,-1.05,3.05
55851.0,231.0,-96292.0,-0.583,4.03
55856.0,46.0,-92919.0,-1.267,3.3
55861.0,-170.0,-87457.0,-0.6,2.81
55866.0,-109.0,-81677.0,-1.15,2.81
55871.0,242.0,-78686.0,-0.85,2.81
55876.0,132.0,-72506.0,-0.85,2.81
55881.0,175.0,-67128.0,-1.158,2.57
55886.0,651.0,-64481.0,-0.875,2.57
55892.0,-135.0,-58792.0,-0.8,3.05
55898.0,276.0,-53708.0,-0.742,2.57
55903.0,498.0,-50725.0,-1.05,3.05
55908.0,58.0,-47830.0,-0.883,2.81
55912.0,-33.0,-42673.0,-0.442,2.81
55917.0,35.0,-37372.0,-1.067,3.3
55922.0,248.0,-31450.0,-0.958,3.3
55927.0,439.0,-28769.0,-0.75,2.81
55932.0,395.0,-23609.0,-0.625,2.81
55939.0,34.0,-17993.0,-1.033,3.05
55943.0,225.0,-15310.0,-0.9,2.57
55949.0,65.0,-9798.0,-0.667,3.05
55953.0,-136.0,-7287.0,-0.767,3.3
55958.0,244.0,-2438.0,-0.392,2.57
55963.0,285.0,2936.0,-0.875,2.57
55968.0,274.0,4835.0,-0.767,2.57
55973.0,100.0,9389.0,-0.408,3.3
55979.0,109.0,14137.0,-0.625,2.57
55984.0,313.0,16324.0,-1.042,3.05
55990.0,-7.0,18452.0,-0.642,3.3
55995.0,-72.0,20710.0,-0.208,2.81
55999.0,403.0,20773.0,-0.708,3.3
56005.0,551.0,21227.0,-0.717,3.79
56010.0,-48.0,21117.0,-0.108,4.28
56014.0,195.0,20934.0,-0.142,5.25
56020.0,271.0,20202.0,-0.483,5.74
56026.0,192.0,20247.0,-0.242,5.99
56031.0,238.0,19774.0,-0.167,6.23
56036.0,209.0,19206.0,-0.5,6.96
56040.0,352.0,18825.0,-0.367,6.96
56046.0,516.0,17837.0,0.017,7.45
56051.0,89.0,17507.0,-0.367,7.7
56055.0,14.0,17410.0,-0.508,8.43
56061.0,-34.0,16936.0,-0.117,8.92
56067.0,119.0,15982.0,-0.133,8.43
56071.0,566.0,15799.0,-0.392,8.68
56077.0,212.0,15127.0,-0.25,8.19
56082.0,15.0,14856.0,-0.15,8.19
56087.0,263.0,14057.0,-0.283,7.7
56092.0,288.0,13645.0,-0.075,7.21
56096.0,23.0,13252.0,-0.092,7.7
56102.0,95.0,13056.0,-0.308,6.48
56108.0,-64.0,12382.0,-0.125,6.48
56112.0,171.0,11967.0,-0.033,6.48
56118.0,305.0,10943.0,-0.183,6.23
56123.0,512.0,10885.0,-0.192,6.96
56128.0,-129.0,10760.0,-0.008,6.48
56133.0,183.0,9880.0,-0.2,6.72
56138.0,106.0,9657.0,-0.225,6.23
56143.0,-118.0,9504.0,-0.05,6.23
56148.0,87.0,8992.0,-0.133,6.23
56153.0,-104.0,8827.0,-0.175,6.96
56159.0,318.0,8009.0,-0.058,6.23
56163.0,131.0,7796.0,-0.192,6.23
56168.0,459.0,7833.0,-0.183,6.23
56174.0,53.0,7223.0,-0.2,6.48
56178.0,102.0,7254.0,-0.217,6.23
56183.0,272.0,6581.0,-0.108,6.23
56188.0,487.0,6128.0,-0.233,6.96
56194.0,461.0,5523.0,0.1,6.23
56199.0,423.0,5437.0,-0.325,6.23
56204.0,648.0,5260.0,0.133,6.23
56209.0,438.0,4401.0,-0.625,6.48
56214.0,609.0,3685.0,0.05,6.23
56218.0,578.0,3282.0,-0.475,6.96
56224.0,268.0,-908.0,0.625,7.21
56228.0,-189.0,-3693.0,0.542,7.21
56233.0,219.0,-10812.0,-0.408,8.43
56240.0,365.0,-18172.0,0.367,8.68
56244.0,356.0,-22173.0,1.467,9.41
56250.0,2.0,-30054.0,-0.333,9.65
56255.0,-123.0,-38070.0,0.033,10.39
56259.0,190.0,-42025.0,1.033,10.14
56265.0,50.0,-49511.0,-0.008,10.39
56270.0,133.0,-57535.0,0.383,11.12
56274.0,46.0,-61420.0,0.9,10.39
56281.0,140.0,-70052.0,0.483,10.87
56286.0,141.0,-73803.0,0.1,11.36
56290.0,6.0,-82238.0,0.933,10.87
56295.0,-61.0,-90068.0,0.508,11.85
56300.0,400.0,-94275.0,0.625,11.36
56305.0,154.0,-102115.0,0.375,11.36
56311.0,348.0,-109947.0,0.517,10.63
56316.0,483.0,-114190.0,1.217,10.39
56322.0,421.0,-122671.0,0.667,10.63
56328.0,11.0,-131329.0,0.267,10.14
56332.0,192.0,-135770.0,1.167,10.63
56337.0,40.0,-144683.0,0.267,10.39
56343.0,-114.0,-152777.0,0.767,10.39
56348.0,123.0,-157082.0,0.95,10.63
56353.0,507.0,-165281.0,0.117,11.12
56358.0,-21.0,-174819.0,1.442,10.39
56364.0,-82.0,-178838.0,0.35,10.39
56369.0,313.0,-187531.0,0.683,10.14
56374.0,403.0,-196933.0,1.183,10.87
56379.0,260.0,-201604.0,0.25,10.87
56384.0,200.0,-206249.0,0.825,10.39
56390.0,62.0,-219591.0,1.233,10.63
56394.0,-137.0,-223782.0,0.158,10.63
56399.0,27.0,-233537.0,1.367,10.39
56406.0,241.0,-243067.0,0.717,10.39
56411.0,60.0,-247502.0,0.517,10.39
56416.0,40.0,-257655.0,1.458,10.39
56421.0,-64.0,-266891.0,0.383,10.39
56426.0,23.0,-271746.0,1.292,10.39
56431.0,155.0,-281979.0,0.658,10.39
56437.0,265.0,-291067.0,1.042,10.39
56441.0,264.0,-295712.0,1.233,10.39
56446.0,313.0,-305081.0,0.767,10.39
56453.0,221.0,-315309.0,1.208,10.63
56457.0,276.0,-320812.0,0.608,9.9
56463.0,342.0,-330456.0,1.017,10.39
56469.0,524.0,-340462.0,0.983,10.39
56474.0,208.0,-349562.0,0.433,10.63
56479.0,337.0,-354197.0,1.625,10.39
56484.0,549.0,-363937.0,0.558,10.39
56491.0,-31.0,-373275.0,1.083,10.14
56497.0,79.0,-383545.0,1.158,10.14
56501.0,446.0,-388254.0,0.517,10.14
56507.0,318.0,-397976.0,1.208,10.14
56512.0,324.0,-407440.0,0.583,11.12
56518.0,194.0,-416204.0,1.008,10.14
56523.0,281.0,-420943.0,1.233,10.63
56528.0,373.0,-430719.0,0.883,9.9
56535.0,167.0,-440267.0,0.817,9.9
56540.0,13.0,-449641.0,1.175,10.39
56545.0,402.0,-454460.0,0.658,9.9
56550.0,304.0,-464058.0,1.133,10.14
56556.0,216.0,-472476.0,0.508,10.63
56562.0,242.0,-482082.0,1.467,10.39
56566.0,175.0,-487007.0,1.042,10.39
56572.0,119.0,-496115.0,0.392,10.39
56579.0,163.0,-505529.0,1.75,9.9
56584.0,155.0,-515371.0,0.058,10.14
56589.0,30.0,-519914.0,1.367,10.63
56594.0,358.0,-529166.0,1.033,9.41
56600.0,330.0,-537344.0,0.825,10.39
56605.0,60.0,-547222.0,1.317,9.65
56610.0,21.0,-551783.0,0.817,10.63
56616.0,299.0,-561207.0,1.458,9.9
56622.0,573.0,-570327.0,0.175,9.65
56627.0,346.0,-574990.0,1.317,9.9
56632.0,729.0,-584126.0,0.983,9.9
56637.0,335.0,-593464.0,0.717,9.9
56643.0,17.0,-598063.0,1.542,9.9
56647.0,174.0,-607150.0,0.908,10.14
56653.0,560.0,-616306.0,0.933,9.65
56658.0,106.0,-621113.0,1.183,9.65
56664.0,163.0,-630738.0,0.492,9.65
56669.0,647.0,-640446.0,1.542,10.14
56674.0,105.0,-645197.0,0.625,9.9
56679.0,36.0,-653940.0,0.783,10.39
56684.0,2.0,-663638.0,1.842,10.14
56689.0,338.0,-668405.0,0.208,9.65
56694.0,141.0,-677684.0,1.383,9.65
56700.0,489.0,-687958.0,1.375,9.65
56706.0,39.0,-692579.0,0.833,9.9
56710.0,0.0,-702824.0,1.083,10.14
56716.0,292.0,-712092.0,1.133,9.9
56720.0,337.0,-717153.0,0.833,9.9
56726.0,68.0,-726839.0,1.533,10.39
56731.0,366.0,-736109.0,0.4,10.39
56736.0,-4.0,-740958.0,1.733,9.65
56741.0,-145.0,-751411.0,0.675,9.65
56747.0,545.0,-761133.0,0.625,9.65
56752.0,644.0,-766138.0,1.667,9.65
56757.0,175.0,-775174.0,0.192,9.65
56763.0,133.0,-784286.0,1.417,8.68
56768.0,483.0,-789475.0,1.267,9.65
56772.0,204.0,-799122.0,0.033,9.9
56778.0,316.0,-808738.0,2.267,9.41
56783.0,218.0,-813525.0,-0.258,9.65
56788.0,-91.0,-823102.0,1.433,9.41
56794.0,-125.0,-832678.0,1.183,10.14
56799.0,237.0,-837483.0,0.275,9.65
56804.0,120.0,-846508.0,1.475,10.14
56810.0,-30.0,-855752.0,0.75,9.65
56815.0,374.0,-860141.0,1.083,10.14
56819.0,505.0,-869864.0,1.467,9.41
56825.0,115.0,-878778.0,0.25,9.65
56830.0,241.0,-883513.0,1.333,9.41
56836.0,444.0,-892842.0,1.05,9.41
56841.0,210.0,-901532.0,0.542,9.9
56846.0,106.0,-905895.0,1.658,9.16
56851.0,109.0,-914892.0,0.833,10.14
56857.0,69.0,-923644.0,0.892,9.65
56862.0,303.0,-928447.0,1.55,9.41
56866.0,120.0,-938044.0,0.267,9.41
56872.0,262.0,-946960.0,1.158,9.16
56878.0,94.0,-951409.0,1.167,9.9
56882.0,367.0,-960442.0,0.275,9.65
56888.0,-1.0,-969266.0,1.658,9.16
56893.0,5.0,-973809.0,0.575,9.16
56898.0,156.0,-982373.0,0.792,9.16
56904.0,188.0,-992011.0,1.758,9.9
56909.0,334.0,-996574.0,-0.317,9.16
56913.0,345.0,-1005005.0,1.817,9.41
56920.0,643.0,-1013957.0,0.733,9.16
56925.0,185.0,-1018200.0,0.442,9.41
56930.0,180.0,-1026519.0,1.692,9.16
56935.0,584.0,-1035771.0,0.375,9.65
56941.0,290.0,-1044623.0,1.45,9.65
56946.0,238.0,-1049542.0,0.442,8.92
56951.0,507.0,-1058583.0,1.183,9.65
56956.0,379.0,-1066969.0,0.992,8.92
56963.0,17.0,-1071198.0,0.55,9.16
56967.0,290.0,-1079429.0,0.95,9.16
56973.0,612.0,-1088359.0,1.525,9.16
56978.0,178.0,-1092632.0,0.4,9.16
56983.0,385.0,-1102071.0,1.658,8.92
56988.0,55.0,-1111359.0,0.075,8.92
56993.0,357.0,-1115830.0,1.483,9.16
56998.0,226.0,-1125021.0,1.033,9.16
57005.0,132.0,-1133619.0,0.583,10.87
57010.0,256.0,-1142417.0,1.483,9.16
57015.0,502.0,-1146870.0,0.883,10.63
57020.0,33.0,-1155959.0,0.85,9.16
57026.0,261.0,-1165999.0,1.592,9.41
57031.0,373.0,-1170400.0,0.117,9.9
57036.0,446.0,-1179313.0,1.575,8.92
57041.0,294.0,-1188587.0,0.592,9.16
57047.0,744.0,-1192736.0,0.817,9.16
57052.0,509.0,-1201489.0,1.567,9.16
57058.0,85.0,-1210527.0,0.425,9.16
57063.0,367.0,-1214970.0,1.375,9.65
57067.0,602.0,-1224495.0,1.05,9.16
57073.0,374.0,-1233769.0,0.508,9.16
57079.0,266.0,-1242705.0,1.308,10.87
57084.0,-84.0,-1247452.0,0.45,9.65
57089.0,27.0,-1255127.0,0.9,9.16
57095.0,295.0,-1263981.0,1.217,8.92
57100.0,339.0,-1268232.0,0.875,8.92
57105.0,406.0,-1277275.0,1.183,9.65
57110.0,368.0,-1286263.0,0.558,9.41
57116.0,-26.0,-1290778.0,1.108,8.92
57120.0,7.0,-1299591.0,0.992,8.92
57126.0,281.0,-1307843.0,0.517,8.92
57132.0,99.0,-1312158.0,1.092,8.92
57137.0,450.0,-1320123.0,0.95,8.92
57142.0,344.0,-1328909.0,1.0,9.41
57147.0,458.0,-1333258.0,1.025,9.16
57152.0,365.0,-1342639.0,0.567,8.92
57158.0,165.0,-1350769.0,0.958,8.68
57163.0,-69.0,-1354808.0,1.042,8.92
57167.0,-2.0,-1363303.0,0.475,8.92
57172.0,79.0,-1371499.0,1.1,8.92
57179.0,459.0,-1375990.0,0.892,9.16
57183.0,446.0,-1384199.0,0.825,8.92
57189.0,-46.0,-1392475.0,1.033,9.41
57194.0,-46.0,-1396798.0,0.742,8.92
57199.0,457.0,-1405683.0,1.067,8.92
57204.0,471.0,-1414031.0,0.7,9.16
57209.0,-23.0,-1418300.0,0.742,8.92
57214.0,282.0,-1426349.0,0.95,9.16
57221.0,224.0,-1434777.0,1.025,9.41
57226.0,186.0,-1438986.0,0.792,8.68
57230.0,33.0,-1447223.0,1.2,8.68
57235.0,8.0,-1451688.0,0.658,8.92
57240.0,-21.0,-1460363.0,0.908,8.68
57245.0,64.0,-1468467.0,1.008,8.92
57250.0,422.0,-1472400.0,0.883,8.68
57255.0,325.0,-1476761.0,0.525,8.68
57261.0,-105.0,-1488873.0,1.45,8.92
57266.0,413.0,-1493008.0,0.492,8.68
57271.0,340.0,-1501555.0,1.567,8.68
57277.0,666.0,-1509813.0,0.283,8.68
57282.0,388.0,-1514360.0,0.917,8.92
57287.0,121.0,-1522595.0,0.833,8.68
57291.0,446.0,-1526538.0,0.925,8.92
57296.0,320.0,-1534393.0,0.8,9.16
57303.0,383.0,-1542989.0,1.275,9.16
57308.0,-55.0,-1551321.0,0.683,8.68
57313.0,577.0,-1555532.0,1.4,9.16
57318.0,314.0,-1564921.0,0.242,8.68
57324.0,-222.0,-1573043.0,1.308,9.16
57329.0,372.0,-1577472.0,0.567,8.68
57333.0,543.0,-1585621.0,0.8,8.68
57338.0,348.0,-1589630.0,1.283,8.68
57344.0,50.0,-1598215.0,0.933,9.16
57349.0,169.0,-1607103.0,0.8,8.68
57354.0,-1.0,-1611666.0,1.4,9.16
57360.0,213.0,-1620169.0,0.092,8.68
57365.0,288.0,-1628729.0,1.267,8.68
57370.0,516.0,-1636451.0,0.533,8.68
57375.0,204.0,-1640634.0,0.908,8.92
57380.0,237.0,-1649045.0,1.05,8.68
57385.0,596.0,-1653192.0,0.833,8.92
57391.0,-26.0,-1661515.0,0.933,9.41
57396.0,211.0,-1670487.0,1.017,8.43
57401.0,145.0,-1674436.0,0.625,8.43
57406.0,267.0,-1682599.0,0.933,8.68
57412.0,202.0,-1690211.0,0.633,8.92
57417.0,264.0,-1694182.0,0.833,8.43
57422.0,98.0,-1701855.0,0.958,9.16
57427.0,227.0,-1710061.0,0.825,8.92
57433.0,256.0,-1714286.0,0.633,8.68
57438.0,454.0,-1722535.0,1.15,7.21
57443.0,471.0,-1730529.0,0.633,8.43
57448.0,319.0,-1734644.0,0.983,8.92
57453.0,183.0,-1742217.0,0.775,8.92
57458.0,304.0,-1749439.0,0.45,8.43
57464.0,426.0,-1753452.0,1.475,8.68
57469.0,-4.0,-1761589.0,0.217,8.43
57475.0,-33.0,-1769735.0,1.108,8.68
57480.0,115.0,-1773954.0,0.567,8.68
57485.0,307.0,-1782069.0,0.9,8.43
57490.0,22.0,-1789121.0,0.708,8.43
57495.0,181.0,-1793006.0,0.767,9.9
57500.0,369.0,-1800331.0,0.808,8.43
57505.0,308.0,-1808127.0,1.1,8.68
57510.0,-32.0,-1812664.0,0.45,8.43
57516.0,260.0,-1820393.0,1.258,8.43
57521.0,531.0,-1828179.0,0.05,8.43
57527.0,395.0,-1831972.0,1.242,8.68
57532.0,195.0,-1839387.0,0.567,8.43
57537.0,204.0,-1846795.0,0.892,8.68
57542.0,207.0,-1850126.0,0.95,8.43
57547.0,1.0,-1853893.0,0.825,8.92
57551.0,210.0,-1861778.0,0.625,8.92
57558.0,116.0,-1869523.0,1.075,8.43
57563.0,239.0,-1877283.0,0.3,8.43
57567.0,502.0,-1881012.0,1.033,8.68
57573.0,158.0,-1887891.0,0.808,8.19
57578.0,145.0,-1895855.0,0.642,8.43
57582.0,308.0,-1899220.0,0.783,8.19
57588.0,324.0,-1906630.0,1.292,8.43
57593.0,361.0,-1914128.0,0.417,8.92
57598.0,360.0,-1918111.0,1.225,8.92
57604.0,-176.0,-1925924.0,0.317,8.19
57609.0,-215.0,-1933430.0,1.0,8.43
57614.0,479.0,-1936825.0,0.975,8.92
57619.0,101.0,-1944522.0,0.458,8.68
57625.0,320.0,-1951844.0,1.217,8.43
57629.0,263.0,-1955731.0,0.817,8.43
57635.0,137.0,-1962985.0,0.625,8.43
57640.0,22.0,-1970605.0,1.233,8.43
57646.0,159.0,-1974486.0,0.192,8.19
57651.0,523.0,-1978211.0,1.05,8.43
57656.0,176.0,-1988919.0,1.042,8.43
57661.0,212.0,-1992494.0,0.283,8.43
57666.0,562.0,-2000009.0,1.15,8.19
57671.0,111.0,-2007527.0,0.583,8.92
57676.0,4.0,-2011148.0,1.017,8.43
57682.0,614.0,-2019388.0,0.875,8.43
57688.0,281.0,-2026340.0,0.567,8.43
57692.0,-10.0,-2029857.0,1.108,8.43
57698.0,248.0,-2037257.0,0.592,8.43
57703.0,385.0,-2044207.0,0.6,8.43
57708.0,268.0,-2047674.0,1.183,8.19
57713.0,336.0,-2051103.0,0.65,8.43
57718.0,347.0,-2062593.0,0.833,8.43
57723.0,508.0,-2066398.0,0.783,9.9
57729.0,200.0,-2072876.0,0.542,8.43
57735.0,199.0,-2079560.0,0.808,7.94
57739.0,398.0,-2082841.0,0.95,8.19
57745.0,32.0,-2090241.0,0.217,8.68
57750.0,133.0,-2097159.0,1.383,8.68
57755.0,230.0,-2100626.0,0.417,8.19
57760.0,24.0,-2107466.0,0.95,8.19
57765.0,203.0,-2114720.0,0.925,8.68
57771.0,-64.0,-2118135.0,0.325,8.19
57777.0,322.0,-2125201.0,1.275,8.92
57782.0,445.0,-2132321.0,0.0,8.43
57786.0,204.0,-2135364.0,0.867,8.19
57792.0,-52.0,-2138377.0,1.092,8.19
57797.0,641.0,-2148621.0,0.242,8.19
57801.0,90.0,-2151796.0,1.125,8.19
57807.0,-12.0,-2159510.0,0.375,8.19
57812.0,-391.0,-2166006.0,0.892,8.19
57818.0,198.0,-2169423.0,1.092,8.19
57823.0,-84.0,-2176527.0,0.2,8.19
57828.0,347.0,-2182543.0,0.725,8.43
57833.0,56.0,-2186038.0,1.133,8.19
57839.0,234.0,-2192692.0,0.325,8.68
57844.0,243.0,-2199708.0,1.033,7.94
57849.0,292.0,-2203241.0,0.25,7.94
57854.0,616.0,-2209731.0,0.967,8.19
57861.0,8.0,-2216653.0,0.833,8.19
57865.0,23.0,-2219816.0,0.725,7.94
57870.0,589.0,-2226655.0,0.408,7.7
57876.0,647.0,-2232761.0,1.15,8.19
57881.0,252.0,-2236486.0,0.45,8.19
57886.0,102.0,-2243539.0,1.108,8.19
57891.0,360.0,-2250571.0,0.4,8.68
57896.0,343.0,-2253830.0,0.625,7.94
57902.0,145.0,-2260111.0,0.975,8.19
57908.0,185.0,-2267505.0,0.367,7.94
57913.0,88.0,-2274261.0,0.983,8.19
57918.0,287.0,-2277580.0,0.817,8.68
57923.0,205.0,-2284502.0,0.592,7.94
57928.0,230.0,-2292110.0,1.017,8.19
57933.0,559.0,-2295525.0,0.3,8.19
57939.0,-211.0,-2302343.0,0.667,8.19
57945.0,39.0,-2309183.0,0.917,8.68
57950.0,312.0,-2312288.0,0.242,8.19
57955.0,-22.0,-2319321.0,1.175,7.94
57961.0,82.0,-2326243.0,0.458,8.19
57965.0,127.0,-2329940.0,0.925,7.94
57970.0,39.0,-2337239.0,0.558,8.19
57976.0,57.0,-2344261.0,0.792,8.19
57981.0,-48.0,-2347900.0,0.658,7.94
57987.0,594.0,-2354629.0,0.442,8.19
57992.0,256.0,-2360617.0,0.7,8.43
57997.0,149.0,-2363620.0,0.825,7.94
58002.0,299.0,-2371009.0,0.592,7.94
58008.0,285.0,-2377497.0,0.875,7.94
58013.0,156.0,-2384803.0,0.267,8.19
58018.0,259.0,-2388338.0,0.767,7.94
58023.0,-45.0,-2394796.0,0.775,8.19
58030.0,229.0,-2401652.0,0.675,7.94
58034.0,280.0,-2405073.0,0.708,7.94
58040.0,62.0,-2411372.0,0.9,8.19
58045.0,10.0,-2417912.0,0.525,7.94
58050.0,123.0,-2420843.0,1.108,8.43
58055.0,-167.0,-2428790.0,0.15,7.94
58060.0,383.0,-2434710.0,1.0,7.94
58065.0,216.0,-2438249.0,0.508,7.94
58071.0,-114.0,-2445416.0,0.583,8.19
58077.0,396.0,-2451086.0,0.767,7.94
58082.0,727.0,-2454333.0,0.658,7.94
58086.0,456.0,-2461108.0,0.467,8.68
58092.0,14.0,-2467966.0,1.217,7.7
58097.0,285.0,-2471321.0,-0.25,7.7
58102.0,207.0,-2477888.0,1.208,7.94
58107.0,317.0,-2484436.0,0.217,8.19
58113.0,188.0,-2487777.0,0.908,7.94
58118.0,204.0,-2493844.0,0.608,7.94
58124.0,-144.0,-2500290.0,0.475,7.94
58128.0,27.0,-2503441.0,0.725,8.92
58134.0,163.0,-2509926.0,0.925,7.7
58139.0,611.0,-2516716.0,0.55,7.7
58144.0,554.0,-2519621.0,0.725,6.48
58149.0,37.0,-2526654.0,0.417,8.19
58155.0,377.0,-2532408.0,0.567,7.94
58160.0,58.0,-2535695.0,0.933,8.43
58165.0,418.0,-2542196.0,0.533,7.94
58171.0,516.0,-2548348.0,0.65,8.19
58175.0,161.0,-2551607.0,0.867,7.94
58180.0,285.0,-2558176.0,0.283,8.19
58186.0,-21.0,-2565252.0,0.95,7.7
58191.0,136.0,-2568367.0,0.5,7.94
58195.0,307.0,-2574050.0,0.575,8.43
58202.0,247.0,-2580568.0,0.875,7.94
58207.0,-12.0,-2583749.0,0.483,7.7
58212.0,436.0,-2590211.0,0.767,7.94
58218.0,270.0,-2597575.0,0.417,7.7
58223.0,468.0,-2603323.0,0.858,7.94
58228.0,215.0,-2606658.0,0.392,7.7
58233.0,57.0,-2609957.0,0.733,8.19
58240.0,-185.0,-2619615.0,0.633,7.7
58244.0,-206.0,-2622596.0,0.7,7.94
58250.0,490.0,-2629281.0,0.483,7.7
58255.0,94.0,-2636079.0,0.8,7.94
58260.0,173.0,-2639302.0,0.4,7.94
58265.0,353.0,-2645609.0,0.833,7.94
58271.0,75.0,-2651685.0,0.275,7.94
58275.0,-44.0,-2654646.0,0.817,7.7
58280.0,87.0,-2660893.0,0.45,8.43
58286.0,285.0,-2666845.0,0.733,7.7
58291.0,108.0,-2669966.0,0.758,8.43
58297.0,254.0,-2676448.0,0.667,8.43
58302.0,212.0,-2683062.0,0.4,7.7
58308.0,308.0,-2689202.0,0.508,7.94
58313.0,179.0,-2692077.0,0.483,8.43
58318.0,229.0,-2698835.0,0.292,8.43
58324.0,377.0,-2703999.0,0.958,7.94
58330.0,175.0,-2710367.0,0.225,8.19
58335.0,304.0,-2713552.0,0.742,7.94
58341.0,560.0,-2720466.0,0.433,7.94
58346.0,416.0,-2726598.0,0.817,8.43
58352.0,208.0,-2732176.0,0.35,7.7
58357.0,311.0,-2735211.0,0.667,8.43
58362.0,281.0,-2740743.0,0.542,7.94
58369.0,61.0,-2746963.0,0.642,7.94
58374.0,-157.0,-2753139.0,0.592,7.7
58379.0,124.0,-2756416.0,0.725,7.7
58385.0,384.0,-2763060.0,0.2,7.7
58390.0,-296.0,-2768754.0,0.658,7.7
58396.0,56.0,-2774952.0,0.55,7.45
58400.0,125.0,-2777803.0,0.317,7.7
58405.0,334.0,-2783413.0,0.592,7.7
58412.0,490.0,-2789535.0,0.592,7.7
58417.0,175.0,-2792454.0,0.533,7.94
58421.0,256.0,-2795689.0,0.608,7.7
58427.0,416.0,-2804861.0,0.4,7.94
58432.0,237.0,-2807854.0,0.575,8.19
58437.0,585.0,-2813622.0,0.742,7.94
58443.0,399.0,-2819350.0,0.425,7.7
58449.0,103.0,-2824890.0,0.733,6.72
58454.0,238.0,-2827925.0,0.442,7.7
58460.0,-86.0,-2834203.0,0.625,7.45
58465.0,-388.0,-2840005.0,0.592,8.19
58471.0,36.0,-2845697.0,0.325,8.19
58476.0,247.0,-2848778.0,0.8,7.7
58481.0,171.0,-2854818.0,0.3,7.7
58487.0,89.0,-2860358.0,0.475,7.7
58492.0,321.0,-2866296.0,0.758,7.7
58498.0,442.0,-2869335.0,0.25,8.19
58504.0,-136.0,-2875617.0,0.733,7.94
58509.0,180.0,-2882187.0,0.192,8.43
58515.0,154.0,-2887665.0,0.725,7.7
58520.0,65.0,-2890816.0,0.342,7.7
58525.0,133.0,-2896728.0,0.683,7.7
58531.0,255.0,-2902368.0,0.717,7.45
58536.0,279.0,-2908496.0,0.617,7.7
58542.0,126.0,-2911245.0,0.642,5.99
58547.0,85.0,-2917955.0,0.575,7.7
58553.0,-39.0,-2923191.0,0.558,8.19
58557.0,-76.0,-2926058.0,0.658,7.45
58562.0,417.0,-2932268.0,0.192,8.19
58568.0,277.0,-2937908.0,0.508,7.7
58573.0,151.0,-2940431.0,0.625,8.19
58578.0,194.0,-2946712.0,0.383,8.19
58584.0,414.0,-2952956.0,0.492,7.94
58590.0,378.0,-2956133.0,0.35,8.19
58594.0,169.0,-2961634.0,0.467,7.45
58600.0,383.0,-2966976.0,0.533,7.7
58605.0,161.0,-2969863.0,0.508,8.19
58610.0,88.0,-2975728.0,0.467,7.7
58615.0,238.0,-2981416.0,0.667,7.7
58621.0,-74.0,-2987136.0,0.275,7.45
58626.0,383.0,-2989975.0,0.625,7.45
58632.0,404.0,-2996003.0,0.158,7.94
58637.0,350.0,-3001723.0,0.85,9.16
58642.0,506.0,-3004698.0,0.225,7.45
58647.0,215.0,-3010653.0,0.617,7.94
58653.0,279.0,-3016043.0,0.35,7.94
58658.0,31.0,-3018712.0,0.6,7.45
58662.0,94.0,-3024177.0,0.392,7.45
58669.0,556.0,-3030499.0,0.508,7.45
58674.0,104.0,-3033180.0,0.133,7.7
58679.0,209.0,-3038763.0,0.975,7.45
58684.0,343.0,-3044559.0,0.125,7.7
58690.0,-67.0,-3047422.0,0.7,7.45
58694.0,128.0,-3052597.0,0.4,8.19
58700.0,380.0,-3058229.0,0.65,7.45
58705.0,150.0,-3061540.0,0.417,7.45
58711.0,281.0,-3067043.0,0.65,7.45
58716.0,327.0,-3072735.0,0.15,5.99
58722.0,243.0,-3078437.0,0.592,7.45
58727.0,129.0,-3081228.0,0.325,7.94
58732.0,178.0,-3087055.0,0.258,7.45
58737.0,390.0,-3091327.0,0.592,7.7
58742.0,276.0,-3094246.0,0.442,7.45
58747.0,277.0,-3100197.0,0.633,7.45
58754.0,257.0,-3105869.0,0.508,7.45
58759.0,233.0,-3108500.0,0.383,7.45
58764.0,378.0,-3113865.0,0.7,7.45
58769.0,292.0,-3119615.0,0.2,7.45
58774.0,36.0,-3122484.0,0.375,7.45
58779.0,71.0,-3127543.0,0.55,7.45
58784.0,-355.0,-3133331.0,0.292,7.94
58790.0,341.0,-3136296.0,0.692,7.94
58795.0,590.0,-3141883.0,0.425,7.45
58801.0,6.0,-3147563.0,0.5,7.94
58806.0,-60.0,-3150260.0,0.625,7.7
58811.0,427.0,-3156501.0,0.208,7.45
58816.0,169.0,-3161173.0,0.467,7.45
58822.0,203.0,-3167193.0,0.533,7.45
58827.0,851.0,-3170152.0,0.258,7.94
58832.0,452.0,-3176421.0,0.458,7.7
58838.0,80.0,-3182303.0,0.3,7.7
58843.0,-124.0,-3185282.0,0.283,7.45
58848.0,265.0,-3190341.0,0.658,7.45
58854.0,387.0,-3195889.0,0.217,7.7
58859.0,255.0,-3198372.0,0.6,8.19
58863.0,352.0,-3203817.0,0.417,7.45
58869.0,322.0,-3209675.0,0.483,7.7
58874.0,72.0,-3212682.0,0.442,7.94
58880.0,239.0,-3218105.0,0.317,7.45
58885.0,285.0,-3223349.0,0.433,7.45
58891.0,651.0,-3226186.0,0.267,7.45
58895.0,454.0,-3231501.0,0.2,8.19
58900.0,335.0,-3236499.0,0.633,7.45
58906.0,445.0,-3239166.0,0.367,7.94
58910.0,222.0,-3244611.0,0.475,7.94
58916.0,470.0,-3250543.0,0.542,7.7
58921.0,136.0,-3253514.0,0.383,7.45
58927.0,221.0,-3258443.0,0.442,7.45
58932.0,383.0,-3263745.0,0.292,7.7
58938.0,357.0,-3266234.0,0.183,7.45
58942.0,686.0,-3270943.0,0.808,7.7
58947.0,291.0,-3276641.0,0.175,7.21
58953.0,167.0,-3279358.0,0.542,7.21
58957.0,0.0,-3285031.0,0.317,7.45
58963.0,182.0,-3290093.0,0.35,7.21
58969.0,94.0,-3292918.0,0.192,7.45
58974.0,107.0,-3298357.0,0.425,7.7
58979.0,259.0,-3303481.0,0.208,7.94
58984.0,413.0,-3305938.0,0.5,7.21
58989.0,154.0,-3310951.0,0.367,7.94
58995.0,154.0,-3316311.0,0.592,7.21
59000.0,72.0,-3319550.0,0.333,7.94
59004.0,61.0,-3324905.0,0.483,7.21
59010.0,262.0,-3327554.0,0.358,7.21
59015.0,582.0,-3332995.0,0.267,7.45
59020.0,559.0,-3337843.0,0.242,8.19
59026.0,321.0,-3342479.0,0.542,7.21
59031.0,311.0,-3345034.0,0.075,7.45
59036.0,362.0,-3350323.0,0.608,7.45
59041.0,192.0,-3355945.0,0.008,7.45
59046.0,256.0,-3358504.0,0.592,7.45
59052.0,291.0,-3363763.0,0.433,7.21
59058.0,287.0,-3368713.0,0.442,7.21
59063.0,291.0,-3371480.0,0.267,7.21
59068.0,123.0,-3376483.0,0.533,7.21
59073.0,332.0,-3381473.0,0.275,7.21
59078.0,236.0,-3383710.0,0.567,7.7
59083.0,176.0,-3389565.0,0.158,7.94
59089.0,141.0,-3394651.0,0.483,7.21
59095.0,487.0,-3399467.0,0.358,7.45
59100.0,259.0,-3402056.0,0.417,7.21
59105.0,84.0,-3407013.0,0.375,7.45
59111.0,-112.0,-3412427.0,0.475,8.19
59116.0,674.0,-3415212.0,0.392,7.45
59120.0,195.0,-3420237.0,0.433,7.21
59125.0,100.0,-3422804.0,0.292,7.21
59130.0,542.0,-3428241.0,0.192,7.21
59136.0,695.0,-3433319.0,0.467,7.45
59142.0,111.0,-3435756.0,0.35,7.21
59147.0,369.0,-3440547.0,0.492,7.21
59152.0,586.0,-3446021.0,0.383,7.45
59157.0,287.0,-3448410.0,0.542,7.45
59162.0,309.0,-3453115.0,0.367,7.7
59167.0,352.0,-3458501.0,0.433,7.45
59172.0,22.0,-3461164.0,0.317,7.45
59177.0,242.0,-3465831.0,0.45,7.7
59183.0,205.0,-3470783.0,0.342,7.45
59188.0,449.0,-3473126.0,0.5,7.45
59194.0,365.0,-3477781.0,0.292,7.45
59199.0,144.0,-3483025.0,0.525,7.21
59204.0,306.0,-3487931.0,0.225,7.21
59210.0,-16.0,-3490434.0,0.708,7.21
59214.0,197.0,-3495333.0,0.333,7.21
59219.0,218.0,-3497974.0,0.517,7.21
59225.0,414.0,-3502077.0,0.325,7.21
59230.0,265.0,-3506637.0,0.425,7.21
59235.0,733.0,-3509060.0,0.208,7.45
59240.0,151.0,-3514339.0,0.542,7.45
59246.0,306.0,-3518791.0,0.167,7.7
59250.0,411.0,-3521454.0,0.75,7.94
59255.0,121.0,-3525937.0,0.2,7.94
59261.0,62.0,-3530787.0,0.5,7.45
59267.0,98.0,-3533036.0,0.308,7.21
59272.0,418.0,-3537221.0,0.4,7.94
59277.0,249.0,-3542081.0,0.233,7.45
59282.0,65.0,-3544472.0,0.575,7.21
59287.0,115.0,-3549797.0,0.017,7.21
59292.0,6.0,-3554677.0,0.583,7.21
59297.0,224.0,-3557258.0,0.425,7.94
59303.0,314.0,-3561537.0,0.342,7.94
59309.0,125.0,-3565963.0,0.258,7.21
59314.0,221.0,-3568194.0,0.5,7.45
59319.0,493.0,-3572289.0,0.358,7.21
59324.0,304.0,-3577433.0,0.5,7.45
59329.0,233.0,-3579908.0,0.208,7.21
59334.0,287.0,-3584199.0,0.517,7.21
59339.0,236.0,-3589197.0,0.617,7.7
59344.0,560.0,-3591400.0,1.417,7.45
59350.0,322.0,-3595441.0,0.067,7.21
59356.0,335.0,-3599777.0,0.3,7.7
59360.0,282.0,-3602152.0,0.5,7.21
59366.0,484.0,-3606840.0,0.375,7.94
59371.0,177.0,-3611168.0,0.508,7.94
59376.0,60.0,-3613217.0,0.242,7.45
59381.0,-52.0,-3617988.0,0.433,7.94
59386.0,-49.0,-3622258.0,0.425,2.81
59392.0,-71.0,-3624385.0,0.4,7.21
59397.0,483.0,-3629050.0,0.492,7.21
59402.0,260.0,-3633842.0,0.508,7.45
59407.0,396.0,-3636037.0,0.35,7.21
59413.0,296.0,-3640644.0,0.517,7.21
59418.0,683.0,-3645240.0,0.208,7.21
59422.0,292.0,-3647805.0,0.467,7.45
59428.0,50.0,-3652227.0,0.375,7.45
59433.0,99.0,-3656561.0,0.433,7.21
59439.0,54.0,-3658958.0,0.333,7.21
59444.0,-282.0,-3663752.0,0.492,7.7
59450.0,87.0,-3668046.0,0.225,7.45
59454.0,218.0,-3670633.0,0.617,7.45
59459.0,-520.0,-3675234.0,0.158,7.7
59465.0,-179.0,-3680120.0,0.417,7.21
59469.0,20.0,-3682061.0,0.292,7.45
59475.0,154.0,-3685685.0,0.442,7.7
59481.0,97.0,-3690393.0,0.325,7.94
59486.0,412.0,-3692290.0,0.483,7.21
59491.0,132.0,-3697058.0,0.092,7.21
59496.0,123.0,-3701882.0,0.608,7.7
59501.0,278.0,-3704243.0,0.317,6.96
59507.0,454.0,-3708177.0,0.35,7.21
59512.0,345.0,-3712457.0,0.333,7.94
59517.0,334.0,-3714622.0,0.442,7.45
59523.0,236.0,-3718963.0,0.242,7.21
59528.0,293.0,-3723273.0,0.458,7.21
59533.0,494.0,-3725594.0,0.15,7.45
59538.0,-38.0,-3730322.0,0.642,6.96
59543.0,233.0,-3734542.0,0.192,7.21
59548.0,572.0,-3736897.0,0.417,7.7
59553.0,204.0,-3741431.0,0.258,7.21
59559.0,211.0,-3745085.0,0.467,7.94
59564.0,730.0,-3747410.0,0.2,7.21
59569.0,60.0,-3749801.0,0.425,5.99
59574.0,-115.0,-3754446.0,0.117,7.21
59579.0,355.0,-3758731.0,0.667,7.7
59585.0,119.0,-3762951.0,0.258,7.7
59590.0,-174.0,-3767473.0,0.275,7.7
59595.0,43.0,-3769604.0,0.292,7.45
59600.0,713.0,-3773394.0,0.35,7.21
59606.0,322.0,-3777700.0,0.375,7.21
59611.0,251.0,-3779741.0,0.392,7.45
59617.0,595.0,-3784385.0,0.208,6.96
59622.0,526.0,-3788745.0,0.325,7.21
59627.0,271.0,-3790966.0,0.392,7.21
59632.0,311.0,-3793021.0,0.375,8.43
59637.0,356.0,-3798893.0,0.467,7.21
59642.0,-53.0,-3801060.0,0.483,8.19
59648.0,111.0,-3805688.0,0.417,7.7
59653.0,158.0,-3810062.0,0.342,7.45
59658.0,317.0,-3812403.0,0.217,7.21
59664.0,291.0,-3816439.0,0.4,7.21
59669.0,-20.0,-3820975.0,0.35,7.45
59673.0,129.0,-3822674.0,0.342,7.21
59679.0,359.0,-3826918.0,0.367,7.21
59685.0,-35.0,-3830490.0,0.358,7.7
59689.0,-48.0,-3832651.0,0.517,7.21
59695.0,234.0,-3836978.0,0.408,6.96
59701.0,304.0,-3841472.0,0.475,7.21
59706.0,153.0,-3843829.0,0.375,7.7
59711.0,197.0,-3847736.0,0.342,7.21
59716.0,167.0,-3851954.0,0.358,6.96
59722.0,252.0,-3855948.0,0.367,6.96
59726.0,199.0,-3858243.0,0.175,6.96
59732.0,535.0,-3862485.0,0.383,6.96
59738.0,198.0,-3866849.0,0.425,7.45
59743.0,377.0,-3869186.0,0.358,7.21
59748.0,255.0,-3873490.0,0.458,7.21
59754.0,313.0,-3877700.0,0.25,7.94
59759.0,290.0,-3879517.0,0.308,6.96
59764.0,208.0,-3883144.0,0.4,6.96
59769.0,88.0,-3888134.0,0.433,7.21
59774.0,-121.0,-3890121.0,0.292,7.21
59780.0,149.0,-3894272.0,0.425,7.45
59786.0,25.0,-3898114.0,0.275,6.96
59791.0,66.0,-3902350.0,0.142,7.21
59796.0,259.0,-3904201.0,0.342,7.45
59801.0,283.0,-3908129.0,0.275,7.45
59807.0,233.0,-3911999.0,0.408,7.45
59811.0,410.0,-3913830.0,0.567,7.21
59817.0,318.0,-3917893.0,0.258,7.21
59823.0,212.0,-3921619.0,0.417,7.21
59828.0,467.0,-3924064.0,0.092,7.21
59833.0,-27.0,-3928497.0,0.45,7.45
59839.0,101.0,-3932171.0,0.333,7.7
59843.0,130.0,-3933694.0,0.408,7.45
59848.0,215.0,-3938191.0,0.258,5.74
59854.0,317.0,-3942307.0,0.483,7.21
59858.0,244.0,-3944132.0,0.4,6.96
59864.0,602.0,-3948069.0,0.45,6.96
59870.0,344.0,-3952605.0,0.192,7.21
59875.0,213.0,-3954542.0,0.342,6.96
59880.0,65.0,-3958005.0,0.217,6.96
59885.0,355.0,-3961787.0,0.4,7.21
59890.0,408.0,-3963892.0,0.175,7.94
59895.0,68.0,-3968101.0,0.292,6.96
59901.0,-28.0,-3971683.0,0.275,7.7
59907.0,195.0,-3973676.0,0.3,7.21
59911.0,122.0,-3977791.0,0.408,6.96
59917.0,112.0,-3981461.0,0.192,7.7
59922.0,247.0,-3983172.0,0.25,6.96
59927.0,481.0,-3987045.0,0.333,7.21
59932.0,343.0,-3991123.0,0.308,7.21
59937.0,560.0,-3993138.0,0.108,7.21
59942.0,-108.0,-3996765.0,0.192,6.96
59949.0,76.0,-4000587.0,0.292,7.45
59953.0,383.0,-4002574.0,0.492,7.21
59958.0,58.0,-4006353.0,0.35,7.7
59964.0,240.0,-4010001.0,0.35,7.21
59968.0,357.0,-4011892.0,0.208,6.96
59973.0,27.0,-4013835.0,0.383,6.96
59979.0,643.0,-4019491.0,0.167,7.21
59984.0,684.0,-4021430.0,0.367,6.96
59990.0,114.0,-4025749.0,0.183,7.21
59995.0,348.0,-4029619.0,0.408,6.96
60000.0,225.0,-4031480.0,0.242,7.21
60005.0,509.0,-4035271.0,0.308,7.21
60011.0,233.0,-4038911.0,0.242,7.7
60016.0,414.0,-4041078.0,0.442,6.96
60020.0,247.0,-4045171.0,0.325,7.21
60026.0,-45.0,-4048935.0,0.3,7.45
60030.0,330.0,-4050888.0,0.192,6.96
60037.0,708.0,-4055449.0,0.217,7.21
60042.0,-74.0,-4059165.0,0.208,7.21
60047.0,261.0,-4060740.0,0.308,7.21
60052.0,431.0,-4064679.0,0.367,7.7
60058.0,125.0,-4068075.0,0.417,7.21
60062.0,176.0,-4069942.0,0.317,7.7
60067.0,243.0,-4074369.0,0.342,7.7
60073.0,197.0,-4077919.0,0.233,6.96
60078.0,78.0,-4080028.0,0.167,6.96
60084.0,226.0,-4083442.0,0.3,7.45
60089.0,474.0,-4087062.0,0.35,7.21
60095.0,184.0,-4090496.0,0.158,7.21
60100.0,275.0,-4092557.0,0.267,6.96
60105.0,-97.0,-4094644.0,0.308,7.21
60110.0,435.0,-4100000.0,0.217,6.96
60115.0,356.0,-4101803.0,0.292,6.96
60121.0,-14.0,-4105400.0,0.25,7.45
60127.0,196.0,-4109308.0,0.2,6.96
60132.0,255.0,-4111143.0,0.4,7.7
60136.0,428.0,-4114488.0,0.092,7.45
60142.0,222.0,-4118284.0,0.217,7.45
60147.0,443.0,-4120327.0,0.342,7.21
60152.0,105.0,-4123837.0,0.317,6.96
60158.0,143.0,-4127785.0,0.225,6.96
60164.0,319.0,-4131017.0,0.317,7.21
60169.0,176.0,-4132978.0,0.233,6.96
60175.0,498.0,-4136346.0,0.3,7.45
60180.0,360.0,-4139944.0,0.35,7.21
60186.0,396.0,-4143550.0,0.167,10.39
60191.0,391.0,-4145505.0,0.225,7.21
60195.0,54.0,-4149302.0,0.117,7.21
60201.0,434.0,-4152892.0,0.225,6.96
60207.0,443.0,-4154311.0,0.333,6.96
60212.0,135.0,-4157721.0,0.242,6.96
60218.0,393.0,-4161411.0,0.342,7.21
60223.0,123.0,-4164775.0,0.367,6.96
60228.0,80.0,-4166344.0,0.308,6.96
60234.0,-82.0,-4170410.0,0.292,7.45
60239.0,-32.0,-4173994.0,0.317,7.7
60246.0,102.0,-4177170.0,0.275,6.96
60250.0,339.0,-4178767.0,0.25,6.96
60256.0,193.0,-4182203.0,0.208,6.96
60262.0,377.0,-4185401.0,0.242,6.96
60267.0,183.0,-4189075.0,0.192,7.21
60272.0,316.0,-4190812.0,0.217,7.21
60278.0,384.0,-4194210.0,0.142,6.96
60283.0,194.0,-4198008.0,0.217,7.21
60290.0,86.0,-4201310.0,0.225,7.21
60294.0,59.0,-4203101.0,0.333,7.21
60300.0,-55.0,-4206867.0,0.3,7.45
60305.0,77.0,-4210367.0,0.375,7.7
60311.0,277.0,-4213505.0,0.208,6.96
60316.0,64.0,-4215470.0,0.325,7.21
60321.0,144.0,-4219258.0,0.25,6.96
60327.0,50.0,-4222890.0,0.183,7.21
60333.0,380.0,-4226120.0,0.183,7.21
60338.0,303.0,-4227845.0,0.225,7.21
60344.0,293.0,-4232043.0,0.175,7.21
60349.0,359.0,-4235899.0,0.192,7.45
60355.0,247.0,-4238909.0,0.242,7.21
60360.0,184.0,-4240588.0,0.058,6.96
60365.0,147.0,-4244094.0,0.342,6.96
60370.0,295.0,-4247494.0,0.358,7.45
60377.0,97.0,-4248977.0,0.167,7.45
60381.0,136.0,-4252638.0,0.275,7.7
60387.0,450.0,-4256004.0,0.392,6.96
60392.0,342.0,-4257769.0,0.133,7.21
60397.0,439.0,-4260860.0,0.258,7.21
60402.0,321.0,-4264292.0,0.017,7.21
60407.0,215.0,-4265825.0,0.333,6.96
60412.0,722.0,-4269534.0,0.233,7.21
60419.0,122.0,-4272874.0,0.142,7.21
60424.0,460.0,-4276500.0,0.2,6.96
60429.0,615.0,-4277915.0,0.392,6.96
60434.0,160.0,-4281207.0,0.225,7.7
60440.0,90.0,-4284875.0,0.417,6.96
60445.0,314.0,-4286362.0,0.167,7.7
60449.0,423.0,-4290015.0,0.183,6.96
60455.0,143.0,-4293027.0,0.208,6.96
60461.0,307.0,-4294726.0,0.3,7.21
60466.0,656.0,-4298027.0,0.1,7.7
60472.0,510.0,-4301653.0,0.192,7.94
60477.0,298.0,-4303334.0,0.125,7.21
60481.0,323.0,-4306667.0,0.467,7.21
60487.0,211.0,-4309713.0,0.217,7.7
60493.0,207.0,-4312947.0,0.067,6.96
60498.0,145.0,-4314826.0,0.25,7.7
60503.0,402.0,-4317317.0,0.167,7.21
60509.0,-74.0,-4320917.0,0.242,6.96
60514.0,-312.0,-4322752.0,0.275,7.45
60519.0,-17.0,-4326361.0,0.133,7.45
60524.0,419.0,-4329393.0,-0.017,7.45
60530.0,201.0,-4331134.0,0.183,6.96
60534.0,408.0,-4334205.0,0.225,6.96
60540.0,274.0,-4337097.0,0.342,7.45
60546.0,238.0,-4338474.0,0.283,7.45
60551.0,23.0,-4341921.0,0.308,6.96
60556.0,483.0,-4345679.0,0.258,7.21
60561.0,87.0,-4347408.0,0.142,7.45
60566.0,358.0,-4350483.0,0.058,7.45
60572.0,402.0,-4353855.0,0.208,7.45
60577.0,146.0,-4356489.0,0.2,6.96
60582.0,452.0,-4357798.0,0.208,7.21
60588.0,131.0,-4361019.0,0.158,6.96
60594.0,193.0,-4364867.0,0.208,6.96
60599.0,325.0,-4366676.0,0.1,7.45
60603.0,120.0,-4370341.0,0.333,6.96
60609.0,160.0,-4373071.0,0.192,6.96
60614.0,488.0,-4374710.0,0.133,7.45
60619.0,453.0,-4378053.0,0.342,7.21
60625.0,39.0,-4381277.0,0.308,6.96
60631.0,499.0,-4382878.0,0.183,6.96
60635.0,582.0,-4386319.0,0.108,7.7
60641.0,160.0,-4389925.0,0.133,6.96
60646.0,276.0,-4391528.0,0.1,7.7
60651.0,321.0,-4394295.0,0.3,7.21
60656.0,181.0,-4397025.0,0.183,7.45
60662.0,53.0,-4400529.0,0.267,6.96
60667.0,145.0,-4402084.0,0.225,6.96
60673.0,168.0,-4404959.0,0.275,6.96
60678.0,86.0,-4408967.0,0.183,6.96
60683.0,222.0,-4410468.0,0.208,6.96
60688.0,269.0,-4413427.0,0.175,6.96
60694.0,409.0,-4416605.0,0.25,7.21
60699.0,221.0,-4418148.0,0.2,6.96
60704.0,-60.0,-4421117.0,0.1,7.21
60709.0,432.0,-4424087.0,0.2,7.7
60715.0,226.0,-4425606.0,0.242,6.96
60720.0,63.0,-4428463.0,0.325,6.96
60726.0,-129.0,-4431921.0,0.275,6.96
60731.0,549.0,-4433330.0,0.05,7.21
60735.0,374.0,-4436103.0,0.2,7.21
60741.0,320.0,-4439539.0,0.258,6.96
60747.0,488.0,-4441825.0,0.167,6.96
60752.0,298.0,-4443298.0,0.208,6.96
60756.0,117.0,-4446999.0,0.158,7.21
60763.0,161.0,-4450439.0,0.192,7.7
60768.0,573.0,-4452158.0,0.325,6.96
60773.0,346.0,-4454643.0,0.042,7.45
60778.0,378.0,-4457897.0,0.167,8.92
60784.0,280.0,-4459070.0,0.417,7.45
60788.0,397.0,-4462275.0,0.25,7.21
60794.0,-249.0,-4465219.0,0.158,6.96
60800.0,269.0,-4467034.0,-0.067,6.96
60805.0,276.0,-4470213.0,0.292,7.7
60810.0,201.0,-4473349.0,0.183,7.21
60815.0,223.0,-4474428.0,0.108,7.7
60820.0,482.0,-4477327.0,0.1,7.21
60825.0,112.0,-4479649.0,0.183,7.94
60831.0,386.0,-4481084.0,0.308,8.92
60835.0,281.0,-4484533.0,0.192,7.7
60840.0,340.0,-4487743.0,0.258,6.96
60847.0,450.0,-4489194.0,0.217,7.21
60851.0,271.0,-4492093.0,0.092,7.21
60857.0,461.0,-4495107.0,0.083,6.96
60862.0,261.0,-4496442.0,0.175,7.21
60867.0,422.0,-4499545.0,0.008,6.96
60872.0,344.0,-4502101.0,0.225,7.45
60877.0,98.0,-4503484.0,0.367,7.21
60882.0,247.0,-4506775.0,0.167,6.96
60888.0,428.0,-4508378.0,0.233,6.96
60893.0,154.0,-4511747.0,0.125,6.96
60898.0,353.0,-4514401.0,-0.075,6.96
60904.0,539.0,-4517425.0,0.125,7.7
60909.0,-43.0,-4519044.0,0.142,7.21
60914.0,-30.0,-4521851.0,0.308,7.21
60919.0,220.0,-4524685.0,0.192,7.21
60924.0,-8.0,-4526290.0,0.208,6.96
60930.0,-113.0,-4529573.0,0.225,6.96
60935.0,359.0,-4532367.0,0.292,7.45
60941.0,357.0,-4533728.0,0.167,6.96
60945.0,500.0,-4536667.0,0.108,6.96
60950.0,303.0,-4538376.0,0.117,7.45
60955.0,489.0,-4540945.0,0.217,6.96
60960.0,336.0,-4543923.0,0.225,6.96
60966.0,24.0,-4547155.0,0.158,7.21
60972.0,460.0,-4549064.0,0.183,6.96
60977.0,159.0,-4551025.0,0.325,6.96
60982.0,357.0,-4553561.0,-0.008,6.96
60987.0,187.0,-4553966.0,0.258,6.96
60992.0,-44.0,-4553979.0,-0.225,6.96
60997.0,711.0,-4553922.0,0.175,6.72
61002.0,49.0,-4553949.0,0.117,6.96
61007.0,68.0,-4552729.0,0.083,7.21
61012.0,564.0,-4552412.0,0.217,6.72
61018.0,290.0,-4551757.0,0.067,6.96
61023.0,213.0,-4551497.0,0.1,6.48
61029.0,363.0,-4551048.0,0.05,6.48
61034.0,395.0,-4550219.0,0.1,6.96
61039.0,-154.0,-4549809.0,0.067,6.96
61044.0,510.0,-4549285.0,0.167,6.48
61050.0,432.0,-4548894.0,0.167,6.96
61054.0,301.0,-4547985.0,0.167,6.48
61060.0,224.0,-4547572.0,0.208,6.48
61065.0,262.0,-4547017.0,0.192,6.48
61070.0,327.0,-4545975.0,0.025,6.48
61075.0,425.0,-4545202.0,-0.075,7.21
61081.0,221.0,-4544829.0,0.208,6.48
61086.0,432.0,-4543513.0,0.108,7.21
61091.0,256.0,-4543392.0,0.083,6.48
61096.0,282.0,-4542405.0,0.158,6.48
61102.0,207.0,-4540971.0,0.017,6.23
61107.0,546.0,-4540876.0,0.083,6.48
61112.0,240.0,-4539977.0,0.242,6.48
61117.0,275.0,-4539111.0,0.05,6.96
61122.0,303.0,-4538732.0,0.025,6.96
61127.0,121.0,-4537515.0,0.058,6.48
61133.0,306.0,-4536789.0,0.017,6.48
61138.0,236.0,-4536034.0,0.058,6.48
61144.0,306.0,-4534879.0,0.108,6.48
61149.0,483.0,-4534027.0,0.15,6.48
61154.0,274.0,-4533656.0,0.142,6.48
61159.0,2.0,-4532645.0,0.208,6.96
61164.0,231.0,-4531581.0,0.1,6.72
61169.0,199.0,-4531732.0,0.058,5.01
61174.0,-157.0,-4530299.0,0.058,6.48
61179.0,-20.0,-4529543.0,0.05,6.48
61185.0,266.0,-4528918.0,0.075,6.48
61191.0,-2.0,-4528021.0,-0.417,6.72
61196.0,133.0,-4526123.0,-0.325,6.72
61201.0,147.0,-4524598.0,0.833,6.72
61206.0,43.0,-4519677.0,-0.1,6.48
61211.0,-294.0,-4514783.0,-0.842,6.23
61216.0,115.0,-4512628.0,0.258,6.96
61221.0,291.0,-4507653.0,0.175,6.23
61227.0,354.0,-4502627.0,0.275,6.72
61232.0,146.0,-4499894.0,0.192,6.72
61237.0,138.0,-4494925.0,-0.442,6.72
61242.0,407.0,-4490297.0,0.092,6.72
61248.0,537.0,-4487900.0,0.6,6.23
61253.0,1.0,-4483563.0,-0.233,6.23
61258.0,-98.0,-4478179.0,-0.125,6.72
61263.0,39.0,-4475548.0,0.017,6.23
61268.0,213.0,-4470872.0,0.0,5.99
61274.0,356.0,-4465348.0,-0.05,6.23
61279.0,449.0,-4462413.0,0.025,6.23
61284.0,111.0,-4457963.0,-0.125,6.23
61290.0,230.0,-4452585.0,-0.125,6.96
61294.0,359.0,-4450382.0,0.167,6.72
61299.0,443.0,-4445597.0,0.125,6.23
61305.0,576.0,-4440469.0,0.017,6.48
61310.0,712.0,-4437990.0,-0.142,8.43
61316.0,480.0,-4432625.0,-0.2,6.23
61321.0,43.0,-4427199.0,0.075,6.23
61326.0,66.0,-4424698.0,-0.05,6.23
61331.0,236.0,-4420240.0,-0.2,6.96
61336.0,297.0,-4415694.0,0.158,6.72
61341.0,10.0,-4413081.0,-0.15,6.23
61347.0,454.0,-4408659.0,0.267,6.23
61352.0,307.0,-4403535.0,0.075,6.23
61357.0,124.0,-4400858.0,-0.142,6.23
61363.0,-154.0,-4395837.0,0.125,6.72
61368.0,151.0,-4390957.0,-0.142,6.23
61373.0,354.0,-4388596.0,-0.117,5.99
61378.0,348.0,-4384414.0,-0.075,6.23
61383.0,351.0,-4379600.0,-0.333,6.23
61388.0,832.0,-4376473.0,0.225,6.48
61394.0,520.0,-4371985.0,0.025,6.23
61400.0,175.0,-4366953.0,-0.15,6.23
61404.0,-96.0,-4364390.0,0.125,6.23
61410.0,326.0,-4359442.0,0.0,6.23
61415.0,365.0,-4354690.0,-0.075,6.72
61420.0,-14.0,-4352471.0,0.05,5.99
61425.0,-98.0,-4350260.0,-0.125,6.48
61430.0,291.0,-4343070.0,0.167,6.96
61435.0,140.0,-4340549.0,-0.058,6.48
61441.0,-250.0,-4335199.0,-0.325,6.23
61446.0,-87.0,-4330195.0,0.092,6.23
61451.0,90.0,-4327858.0,-0.058,6.23
61457.0,388.0,-4322748.0,-0.092,3.79
61462.0,477.0,-4318272.0,0.042,6.23
61466.0,660.0,-4315853.0,-0.1,6.23
61472.0,270.0,-4310953.0,0.008,6.23
61477.0,155.0,-4305773.0,0.05,6.23
61483.0,280.0,-4303372.0,-0.133,6.23
61488.0,208.0,-4298144.0,0.142,6.23
61494.0,356.0,-4293110.0,-0.05,6.48
61499.0,205.0,-4291195.0,-0.067,6.23
61504.0,191.0,-4286452.0,0.183,6.23
61509.0,257.0,-4281682.0,-0.108,6.96
61515.0,524.0,-4276430.0,-0.125,6.23
61519.0,611.0,-4273887.0,0.183,6.23
61526.0,-81.0,-4269023.0,-0.217,6.72
61531.0,230.0,-4263647.0,-0.042,6.72
61536.0,265.0,-4261476.0,-0.05,6.72
61541.0,377.0,-4256438.0,-0.192,6.23
61546.0,444.0,-4251814.0,0.158,6.72
61551.0,255.0,-4249493.0,0.075,6.72
61557.0,177.0,-4244643.0,-0.175,6.23
61562.0,637.0,-4239347.0,0.017,6.72
61568.0,696.0,-4236716.0,-0.1,6.72
61573.0,-290.0,-4231547.0,0.142,6.23
61579.0,242.0,-4226357.0,-0.067,6.23
61584.0,83.0,-4222163.0,-0.258,6.23
61589.0,232.0,-4219308.0,0.167,6.23
61594.0,312.0,-4214874.0,0.092,5.99
61599.0,443.0,-4209694.0,0.083,6.23
61604.0,138.0,-4207047.0,0.067,6.48
61611.0,-16.0,-4201889.0,-0.175,6.23
61616.0,331.0,-4196271.0,0.05,5.99
61620.0,204.0,-4193768.0,0.092,6.96
61626.0,390.0,-4189346.0,-0.35,6.23
61632.0,212.0,-4184984.0,-0.108,6.72
61636.0,443.0,-4182431.0,0.217,6.48
61641.0,101.0,-4177552.0,-0.058,6.23
61647.0,-49.0,-4172342.0,0.008,6.23
61652.0,28.0,-4169599.0,-0.117,5.99
61658.0,302.0,-4164486.0,-0.1,6.23
61663.0,20.0,-4159876.0,0.117,6.23
61668.0,321.0,-4157693.0,-0.025,6.48
61673.0,-151.0,-4152748.0,-0.2,6.23
61679.0,181.0,-4148078.0,-0.042,6.72
61684.0,340.0,-4143032.0,-0.108,6.96
61689.0,329.0,-4140391.0,-0.083,6.48
61694.0,373.0,-4135505.0,-0.025,5.99
61701.0,305.0,-4130325.0,-0.192,6.23
61706.0,466.0,-4127728.0,0.133,6.72
61711.0,560.0,-4123131.0,-0.108,6.23
61716.0,186.0,-4118471.0,-0.133,5.74
61721.0,127.0,-4115890.0,-0.2,5.99
61726.0,155.0,-4111153.0,-0.242,6.72
61732.0,297.0,-4106073.0,-0.058,5.99
61737.0,550.0,-4100655.0,0.142,6.23
61743.0,259.0,-4098028.0,-0.225,6.23
61748.0,317.0,-4093148.0,0.117,6.96
61754.0,59.0,-4088262.0,0.008,6.96
61759.0,348.0,-4085729.0,-0.042,6.23
61764.0,266.0,-4080956.0,-0.108,6.72
61769.0,-48.0,-4075900.0,-0.05,4.03
61774.0,189.0,-4073421.0,-0.192,6.72
61779.0,9.0,-4067428.0,0.192,6.23
61786.0,97.0,-4062902.0,-0.058,6.23
61790.0,50.0,-4060223.0,-0.325,5.99
61795.0,-170.0,-4055986.0,0.308,6.23
61801.0,-12.0,-4050756.0,0.05,6.23
61806.0,-43.0,-4048071.0,-0.3,6.96
61811.0,-273.0,-4042834.0,0.083,6.23
61816.0,457.0,-4038032.0,-0.133,5.99
61821.0,150.0,-4035373.0,0.1,5.5
61827.0,23.0,-4029952.0,-0.042,6.96
61832.0,31.0,-4025270.0,-0.275,6.23
61837.0,2.0,-4023019.0,0.192,5.99
61842.0,0.0,-4018043.0,-0.067,6.23
61848.0,240.0,-4013059.0,-0.3,6.72
61852.0,197.0,-4010758.0,-0.067,6.23
61858.0,529.0,-4005141.0,-0.042,6.72
61863.0,507.0,-3999509.0,0.025,6.96
61869.0,150.0,-3997084.0,-0.2,6.48
61874.0,-379.0,-3992201.0,-0.008,6.23
61879.0,263.0,-3987597.0,0.008,6.96
61884.0,426.0,-3985104.0,-0.125,6.23
61889.0,-2.0,-3979567.0,-0.208,6.48
61895.0,506.0,-3974223.0,0.0,6.96
61899.0,313.0,-3971576.0,-0.1,6.23
61904.0,215.0,-3965591.0,-0.025,6.23
61911.0,99.0,-3961017.0,-0.133,5.99
61916.0,678.0,-3958946.0,-0.108,5.25
61920.0,71.0,-3953865.0,-0.033,6.72
61926.0,211.0,-3948957.0,-0.042,6.23
61931.0,222.0,-3946214.0,-0.333,6.23
61936.0,686.0,-3941076.0,-0.008,6.23
61942.0,124.0,-3935566.0,-0.2,6.23
61947.0,314.0,-3930714.0,0.008,5.99
61953.0,333.0,-3928105.0,-0.142,6.23
61959.0,43.0,-3923023.0,0.033,6.23
61964.0,155.0,-3918391.0,0.017,6.23
61970.0,261.0,-3913825.0,0.175,5.99
61975.0,228.0,-3911392.0,-0.033,6.72
61980.0,168.0,-3906132.0,-0.308,5.99
61986.0,242.0,-3900558.0,-0.067,6.72
61991.0,208.0,-3895288.0,0.15,6.23
61997.0,83.0,-3892705.0,-0.192,5.99
62003.0,27.0,-3887941.0,-0.175,6.23
62008.0,97.0,-3883011.0,0.0,6.48
62014.0,9.0,-3877977.0,-0.058,6.23
62018.0,256.0,-3875570.0,-0.125,6.23
62024.0,372.0,-3870424.0,0.225,6.48
62029.0,270.0,-3864908.0,-0.217,6.48
62035.0,664.0,-3859120.0,-0.375,5.74
62041.0,511.0,-3856623.0,0.3,6.96
62046.0,345.0,-3851349.0,-0.058,6.23
62052.0,363.0,-3845925.0,-0.242,6.72
62058.0,223.0,-3840933.0,-0.35,5.99
62062.0,266.0,-3838538.0,0.083,6.23
62068.0,358.0,-3833294.0,-0.042,6.23
62073.0,274.0,-3827374.0,-0.242,6.23
62080.0,788.0,-3822188.0,-0.192,5.99
62085.0,897.0,-3819653.0,0.058,6.23
62089.0,90.0,-3814778.0,-0.267,6.23
62095.0,54.0,-3809184.0,-0.008,6.72
62100.0,319.0,-3806521.0,-0.058,6.23
62105.0,61.0,-3801189.0,-0.208,6.96
62111.0,159.0,-3795671.0,-0.242,6.48
62116.0,383.0,-3790447.0,0.158,6.23
62121.0,146.0,-3787398.0,-0.242,6.72
62128.0,296.0,-3782220.0,-0.283,6.48
62133.0,202.0,-3777480.0,0.042,6.72
62139.0,350.0,-3771614.0,-0.067,6.48
62144.0,251.0,-3769023.0,-0.092,5.99
62149.0,89.0,-3764319.0,-0.067,6.23
62155.0,527.0,-3758361.0,-0.217,6.23
62160.0,269.0,-3752785.0,0.158,4.52
62166.0,76.0,-3750146.0,-0.225,6.23
62172.0,156.0,-3744940.0,-0.208,5.99
62177.0,274.0,-3739868.0,-0.042,6.48
62183.0,206.0,-3734236.0,-0.258,5.99
62188.0,75.0,-3731349.0,-0.1,5.99
62193.0,121.0,-3725611.0,0.0,4.77
62199.0,557.0,-3719917.0,-0.208,6.23
62204.0,203.0,-3714611.0,-0.325,6.48
62210.0,-56.0,-3711928.0,0.083,6.48
62216.0,266.0,-3706654.0,-0.058,6.48
62221.0,-114.0,-3701180.0,-0.175,6.23
62227.0,328.0,-3695922.0,-0.125,5.99
62231.0,303.0,-3693743.0,-0.358,5.99
62237.0,506.0,-3688065.0,-0.042,5.99
62242.0,278.0,-3682317.0,0.0,6.23
62247.0,124.0,-3679610.0,-0.067,5.99
62253.0,-9.0,-3674397.0,-0.183,6.23
62258.0,95.0,-3669643.0,-0.167,6.23
62264.0,-25.0,-3666852.0,0.125,6.72
62268.0,50.0,-3661733.0,-0.042,5.99
62274.0,224.0,-3655817.0,-0.242,5.99
62279.0,300.0,-3652874.0,-0.142,5.99
62284.0,409.0,-3647487.0,0.058,6.72
62289.0,281.0,-3642631.0,-0.217,6.96
62295.0,273.0,-3639786.0,-0.108,6.23
62300.0,26.0,-3634597.0,-0.225,6.72
62306.0,82.0,-3628953.0,0.017,6.23
62311.0,90.0,-3626124.0,-0.025,5.01
62315.0,71.0,-3620743.0,-0.133,6.23
62321.0,145.0,-3615177.0,-0.192,5.99
62327.0,337.0,-3609199.0,0.083,6.72
62331.0,416.0,-3606364.0,-0.108,6.23
62337.0,-3.0,-3601262.0,-0.217,6.72
62343.0,49.0,-3596112.0,-0.058,5.99
62348.0,455.0,-3593187.0,-0.025,6.72
62353.0,212.0,-3587356.0,0.083,5.99
62358.0,-44.0,-3581634.0,-0.175,6.48
62363.0,274.0,-3578385.0,-0.308,6.23
62368.0,-5.0,-3572486.0,0.092,5.99
62374.0,125.0,-3566918.0,-0.125,6.23
62380.0,221.0,-3564283.0,-0.192,5.99
62385.0,146.0,-3559090.0,-0.092,5.99
62390.0,128.0,-3553320.0,-0.042,6.48
62395.0,122.0,-3550373.0,0.067,6.72
62400.0,217.0,-3545038.0,0.142,5.99
62406.0,195.0,-3539184.0,-0.317,6.72
62411.0,173.0,-3536367.0,-0.033,6.23
62415.0,288.0,-3530166.0,-0.15,6.23
62422.0,84.0,-3524474.0,-0.192,5.99
62428.0,318.0,-3519108.0,-0.025,5.99
62433.0,744.0,-3516193.0,-0.242,5.99
62437.0,519.0,-3511002.0,-0.017,5.99
62443.0,183.0,-3505180.0,-0.067,6.23
62448.0,265.0,-3502155.0,-0.375,5.99
62453.0,502.0,-3496130.0,-0.233,6.23
62458.0,-168.0,-3490356.0,-0.033,6.72
62465.0,-140.0,-3487673.0,-0.042,6.48
62469.0,91.0,-3481906.0,-0.267,6.48
62475.0,123.0,-3475908.0,-0.175,5.99
62480.0,339.0,-3473393.0,-0.008,6.23
62485.0,-48.0,-3467500.0,-0.158,5.99
62490.0,352.0,-3461206.0,-0.417,7.21
62496.0,546.0,-3455608.0,-0.158,6.23
62501.0,234.0,-3452715.0,-0.05,6.23
62507.0,313.0,-3447426.0,-0.125,6.72
62512.0,369.0,-3441508.0,0.0,6.48
62517.0,683.0,-3438749.0,-0.267,5.99
62522.0,528.0,-3432892.0,-0.4,5.99
62528.0,-144.0,-3427092.0,-0.033,6.23
62533.0,200.0,-3423651.0,0.1,5.99
62538.0,199.0,-3418740.0,-0.367,6.23
62543.0,3.0,-3412350.0,-0.067,5.99
62548.0,457.0,-3409945.0,-0.125,6.48
62554.0,350.0,-3404230.0,-0.158,6.48
62560.0,340.0,-3398360.0,-0.158,6.23
62565.0,308.0,-3395833.0,-0.458,5.99
62569.0,591.0,-3389916.0,-0.15,6.48
62575.0,17.0,-3383954.0,-0.183,6.48
62581.0,101.0,-3378408.0,-0.183,5.99
62586.0,571.0,-3375227.0,-0.175,5.99
62590.0,412.0,-3369518.0,-0.183,6.23
62597.0,556.0,-3363930.0,-0.025,7.21
62602.0,26.0,-3360799.0,-0.108,6.23
62607.0,157.0,-3355082.0,0.025,6.72
62612.0,359.0,-3349116.0,-0.242,5.99
62618.0,523.0,-3346229.0,-0.008,6.23
62622.0,414.0,-3340314.0,-0.2,5.99
62628.0,102.0,-3334476.0,-0.142,5.99
62633.0,548.0,-3332011.0,-0.258,6.72
62639.0,435.0,-3325530.0,0.067,5.99
62644.0,272.0,-3319414.0,-0.058,6.72
62649.0,344.0,-3316485.0,-0.192,5.99
62654.0,115.0,-3310206.0,-0.258,6.23
62659.0,423.0,-3303772.0,-0.083,6.23
62664.0,421.0,-3300723.0,-0.042,6.48
62669.0,570.0,-3295216.0,-0.208,5.99
62675.0,-148.0,-3289508.0,-0.367,6.23
62681.0,370.0,-3286579.0,0.108,5.99
62686.0,317.0,-3280452.0,-0.117,5.99
62691.0,198.0,-3274474.0,-0.258,6.48
62696.0,206.0,-3271129.0,-0.275,5.99
62701.0,133.0,-3264482.0,-0.017,5.99
62706.0,513.0,-3259010.0,-0.108,5.99
62711.0,333.0,-3256547.0,-0.35,6.23
62716.0,330.0,-3250990.0,-0.3,6.23
62723.0,146.0,-3244758.0,0.025,5.99
62728.0,356.0,-3241397.0,-0.158,6.72
62732.0,351.0,-3235162.0,-0.075,6.72
62737.0,362.0,-3232193.0,-0.358,5.99
62742.0,384.0,-3225550.0,-0.042,5.99
62747.0,407.0,-3219804.0,-0.158,5.99
62753.0,445.0,-3213638.0,-0.283,5.74
62758.0,171.0,-3210981.0,-0.4,5.99
62764.0,660.0,-3205232.0,0.158,6.48
62770.0,-68.0,-3199204.0,-0.325,5.99
62775.0,0.0,-3195721.0,-0.183,5.99
62779.0,599.0,-3189908.0,-0.358,6.23
62785.0,487.0,-3183156.0,-0.042,5.99
62790.0,383.0,-3180185.0,-0.083,5.99
62795.0,180.0,-3174310.0,-0.117,8.19
62799.0,211.0,-3171741.0,-0.308,5.74
62806.0,-201.0,-3165462.0,0.0,5.99
62811.0,-122.0,-3159340.0,-0.275,5.99
62816.0,530.0,-3156203.0,-0.292,5.99
62821.0,304.0,-3150100.0,-0.375,6.72
62826.0,167.0,-3143292.0,0.233,5.99
62832.0,659.0,-3137276.0,-0.25,5.74
62837.0,495.0,-3134809.0,-0.333,5.99
62842.0,186.0,-3129290.0,-0.2,5.74
62846.0,61.0,-3126471.0,-0.133,6.72
62852.0,313.0,-3120060.0,-0.242,5.99
62858.0,286.0,-3114106.0,-0.117,6.72
62863.0,264.0,-3110435.0,-0.225,5.99
62868.0,280.0,-3104340.0,-0.025,5.99
62873.0,411.0,-3098716.0,-0.35,5.74
62878.0,224.0,-3095561.0,-0.192,5.99
62883.0,264.0,-3090318.0,-0.05,5.74
62888.0,167.0,-3084030.0,-0.208,5.25
62894.0,479.0,-3081003.0,-0.508,6.23
62899.0,399.0,-3074930.0,-0.042,6.48
62904.0,648.0,-3067880.0,-0.158,5.99
62909.0,308.0,-3064521.0,-0.058,5.99
62915.0,416.0,-3058286.0,-0.233,5.99
62920.0,463.0,-3053030.0,-0.267,5.99
62925.0,423.0,-3047022.0,-0.225,9.41
62931.0,641.0,-3043951.0,-0.067,6.48
62936.0,330.0,-3036920.0,-0.308,5.99
62941.0,475.0,-3034165.0,-0.342,5.99
62946.0,229.0,-3027210.0,-0.275,5.99
62951.0,256.0,-3020136.0,0.108,5.99
62956.0,48.0,-3017431.0,-0.45,5.99
62961.0,14.0,-3011662.0,-0.292,5.99
62967.0,343.0,-3005508.0,0.017,5.99
62972.0,-83.0,-3002461.0,-0.283,5.74
62978.0,373.0,-2996034.0,-0.417,5.99
62983.0,470.0,-2988878.0,-0.083,5.99
62988.0,537.0,-2985837.0,-0.358,5.99
62993.0,-45.0,-2979032.0,0.075,6.72
62998.0,36.0,-2973162.0,-0.392,5.74
63003.0,118.0,-2969483.0,-0.008,6.23
63008.0,282.0,-2963540.0,-0.25,6.23
63013.0,521.0,-2957362.0,0.083,5.99
63020.0,163.0,-2954543.0,-0.825,5.74
63025.0,189.0,-2947190.0,-0.167,5.99
63030.0,432.0,-2940730.0,-0.142,5.74
63035.0,204.0,-2937373.0,-0.092,5.99
63040.0,84.0,-2931236.0,-0.342,5.99
63045.0,379.0,-2924410.0,-0.15,5.74
63050.0,356.0,-2921197.0,-0.225,5.99
63055.0,262.0,-2914858.0,-0.175,5.99
63060.0,105.0,-2908810.0,-0.383,5.74
63066.0,143.0,-2905589.0,-0.175,5.99
63071.0,253.0,-2898760.0,-0.592,5.99
63077.0,176.0,-2892068.0,0.175,5.99
63082.0,444.0,-2888679.0,-0.408,6.96
63087.0,214.0,-2881978.0,-0.125,6.72
63092.0,241.0,-2875448.0,-0.408,5.99
63097.0,612.0,-2872315.0,-0.067,5.99
63102.0,280.0,-2869352.0,-0.592,5.74
63108.0,-183.0,-2859766.0,0.092,5.74
63113.0,283.0,-2856449.0,-0.583,5.99
63118.0,431.0,-2849384.0,-0.025,6.48
63123.0,204.0,-2843100.0,-0.258,5.99
63129.0,202.0,-2839905.0,-0.108,5.99
63134.0,248.0,-2833974.0,-0.333,5.99
63139.0,511.0,-2827334.0,0.058,5.99
63144.0,-126.0,-2824221.0,-0.75,5.99
63150.0,120.0,-2817913.0,0.017,5.74
63155.0,127.0,-2811483.0,-0.6,6.48
63160.0,186.0,-2808208.0,-0.092,5.99
63165.0,102.0,-2801247.0,-0.283,5.99
63170.0,-189.0,-2795099.0,-0.333,5.99
63175.0,-188.0,-2792120.0,-0.208,5.99
63181.0,100.0,-2785956.0,-0.125,5.99
63186.0,321.0,-2780086.0,-0.775,5.74
63192.0,406.0,-2776691.0,0.142,6.48
63197.0,380.0,-2769783.0,-0.625,6.48
63202.0,277.0,-2762513.0,0.05,6.48
63207.0,372.0,-2759286.0,-0.317,5.99
63212.0,424.0,-2753031.0,-0.092,5.74
63217.0,317.0,-2746353.0,-0.55,5.74
63222.0,-42.0,-2743012.0,0.15,5.99
63228.0,752.0,-2737240.0,-0.85,6.23
63234.0,591.0,-2730360.0,-0.025,5.99
63238.0,200.0,-2726635.0,-0.425,5.99
63244.0,216.0,-2719459.0,-0.083,5.74
63249.0,511.0,-2712667.0,-0.392,5.74
63254.0,208.0,-2709388.0,-0.108,6.48
63259.0,198.0,-2702524.0,-0.342,5.99
63265.0,461.0,-2696464.0,-0.008,6.23
63269.0,390.0,-2692881.0,-0.692,5.74
63275.0,516.0,-2686008.0,-0.033,5.74
63281.0,561.0,-2679050.0,-0.575,6.48
63285.0,514.0,-2675605.0,0.0,5.99
63291.0,336.0,-2668373.0,-0.475,5.74
63296.0,99.0,-2662049.0,-0.033,5.99
63301.0,186.0,-2659300.0,-0.5,5.99
63306.0,528.0,-2652170.0,0.025,5.99
63311.0,289.0,-2645428.0,-0.767,5.25
63316.0,96.0,-2642005.0,-0.025,6.23
63323.0,54.0,-2634975.0,-0.45,6.48
63328.0,425.0,-2628513.0,-0.117,5.99
63332.0,250.0,-2625074.0,-0.483,5.74
63338.0,356.0,-2617949.0,-0.058,5.99
63343.0,191.0,-2611581.0,-0.7,6.48
63347.0,562.0,-2608258.0,0.117,5.99
63353.0,358.0,-2601454.0,-0.667,5.74
63358.0,167.0,-2594220.0,-0.208,6.48
63364.0,428.0,-2590945.0,-0.475,5.74
63369.0,598.0,-2583853.0,-0.033,6.23
63375.0,383.0,-2576857.0,-0.483,6.48
63379.0,236.0,-2573240.0,0.0,5.74
63385.0,232.0,-2566940.0,-0.758,5.99
63390.0,102.0,-2559722.0,0.033,6.48
63395.0,295.0,-2555885.0,-0.408,5.74
63400.0,293.0,-2549620.0,-0.283,5.99
63407.0,155.0,-2542338.0,-0.442,5.74
63412.0,346.0,-2534990.0,-0.033,5.99
63417.0,317.0,-2532173.0,-0.55,5.74
63422.0,169.0,-2525469.0,-0.042,5.74
63428.0,326.0,-2519383.0,-0.867,6.48
63432.0,387.0,-2516264.0,0.183,6.23
63438.0,303.0,-2509420.0,-0.5,6.23
63443.0,471.0,-2501992.0,-0.308,6.23
63449.0,402.0,-2498667.0,-0.308,5.74
63454.0,234.0,-2491460.0,-0.133,6.23
63460.0,128.0,-2485610.0,-0.492,6.23
63465.0,311.0,-2482621.0,0.008,6.23
63470.0,281.0,-2476484.0,-0.742,5.74
63475.0,193.0,-2469388.0,-0.2,5.74
63480.0,354.0,-2462602.0,-0.208,5.99
63485.0,229.0,-2459329.0,-0.533,5.74
63492.0,193.0,-2451815.0,-0.375,6.48
63497.0,347.0,-2445253.0,-0.117,6.23
63502.0,206.0,-2442342.0,-0.733,6.23
63507.0,150.0,-2435655.0,0.142,5.74
63513.0,132.0,-2429179.0,-0.65,5.74
63517.0,365.0,-2425838.0,-0.325,5.74
63523.0,175.0,-2418889.0,-0.275,5.74
63528.0,307.0,-2411667.0,-0.342,6.48
63534.0,802.0,-2407836.0,-0.45,6.48
63539.0,56.0,-2400635.0,-0.217,5.5
63545.0,378.0,-2394343.0,-0.508,5.99
63550.0,43.0,-2386965.0,0.058,5.74
63554.0,446.0,-2383924.0,-0.725,5.5
63560.0,486.0,-2376656.0,-0.225,5.5
63566.0,604.0,-2369926.0,-0.367,5.74
63570.0,585.0,-2366415.0,-0.417,5.74
63576.0,463.0,-2358368.0,-0.242,5.5
63582.0,167.0,-2351748.0,-0.592,5.5
63587.0,0.0,-2347785.0,-0.142,5.5
63592.0,390.0,-2340994.0,-0.125,5.5
63597.0,166.0,-2335066.0,-0.842,5.5
63602.0,443.0,-2331289.0,0.1,5.74
63607.0,149.0,-2323966.0,-0.842,6.23
63613.0,369.0,-2316584.0,-0.283,5.5
63619.0,532.0,-2312555.0,-0.242,5.5
63623.0,265.0,-2305232.0,-0.508,5.5
63629.0,321.0,-2298318.0,-0.333,6.23
63634.0,38.0,-2295193.0,-0.217,5.5
63639.0,42.0,-2288020.0,-0.675,5.5
63644.0,304.0,-2280878.0,-0.183,5.5
63649.0,307.0,-2277879.0,-0.583,6.23
63654.0,431.0,-2270308.0,-0.542,5.74
63661.0,-105.0,-2262598.0,-0.225,6.23
63665.0,378.0,-2259165.0,-0.733,5.74
63670.0,387.0,-2251986.0,-0.317,5.99
63676.0,15.0,-2244980.0,-0.267,5.5
63680.0,-80.0,-2241647.0,-0.842,5.99
63685.0,512.0,-2234490.0,-0.158,5.5
63691.0,32.0,-2227686.0,-0.333,5.74
63696.0,39.0,-2223833.0,-0.692,5.5
63702.0,603.0,-2216136.0,-0.142,5.5
63707.0,537.0,-2209356.0,-0.8,6.23
63712.0,556.0,-2205599.0,-0.175,5.74
63717.0,-28.0,-2198622.0,-0.075,5.5
63723.0,446.0,-2192328.0,-0.767,5.5
63727.0,201.0,-2188697.0,-0.05,5.74
63732.0,128.0,-2182154.0,-0.692,5.5
63738.0,274.0,-2174458.0,-0.208,5.74
63742.0,473.0,-2171129.0,-0.642,5.99
63749.0,719.0,-2163997.0,-0.517,5.74
63755.0,423.0,-2156929.0,-0.075,5.5
63760.0,229.0,-2150775.0,-0.508,5.5
63765.0,-26.0,-2147574.0,-0.842,5.5
63771.0,434.0,-2140756.0,0.117,5.5
63776.0,-22.0,-2133544.0,-0.733,5.5
63782.0,568.0,-2126140.0,-0.583,5.5
63787.0,401.0,-2122219.0,-0.033,5.74
63793.0,157.0,-2119166.0,-0.975,5.99
63798.0,669.0,-2108662.0,-0.267,5.25
63803.0,784.0,-2105541.0,-0.275,5.5
63808.0,325.0,-2098598.0,-0.925,5.99
63813.0,181.0,-2091358.0,-0.067,5.99
63818.0,410.0,-2087757.0,-0.983,5.74
63823.0,306.0,-2080135.0,0.017,5.74
63830.0,404.0,-2072991.0,-0.667,5.5
63836.0,592.0,-2065771.0,-0.642,5.25
63840.0,449.0,-2061800.0,-0.2,5.25
63846.0,123.0,-2055028.0,-0.683,5.5
63852.0,393.0,-2047760.0,-0.425,5.25
63857.0,337.0,-2040292.0,-0.4,5.5
63862.0,328.0,-2036629.0,-0.933,5.74
63867.0,140.0,-2029263.0,-0.225,5.25
63874.0,90.0,-2022029.0,-0.558,5.5
63880.0,340.0,-2014235.0,-0.65,5.25
63884.0,373.0,-2010308.0,-0.083,5.25
63890.0,511.0,-2003544.0,-0.975,5.25
63895.0,273.0,-1996208.0,-0.35,5.5
63901.0,229.0,-1988848.0,-0.475,5.5
63906.0,286.0,-1984887.0,-0.125,5.5
63910.0,381.0,-1981234.0,-1.05,5.25
63917.0,531.0,-1970350.0,-0.017,5.5
63922.0,550.0,-1966541.0,-0.958,5.25
63927.0,244.0,-1959513.0,-0.083,5.25
63933.0,544.0,-1952329.0,-0.967,5.74
63939.0,200.0,-1944853.0,-0.292,5.5
63943.0,129.0,-1941152.0,-0.992,5.25
63949.0,525.0,-1933756.0,-0.417,5.25
63954.0,473.0,-1926014.0,-0.092,5.25
63961.0,851.0,-1918984.0,-0.925,5.25
63966.0,664.0,-1915337.0,-0.167,5.74
63971.0,325.0,-1908413.0,-0.625,5.25
63976.0,401.0,-1900723.0,-0.692,5.74
63982.0,403.0,-1897014.0,-0.667,5.25
63986.0,462.0,-1889413.0,-0.508,5.25
63992.0,430.0,-1881503.0,-1.025,5.25
63998.0,340.0,-1873973.0,-0.125,5.25
64003.0,305.0,-1870480.0,-0.625,5.5
64009.0,361.0,-1863496.0,-0.25,5.25
64014.0,67.0,-1857014.0,-1.033,5.25
64020.0,369.0,-1849704.0,-0.308,5.25
64025.0,498.0,-1845705.0,-0.667,5.99
64030.0,176.0,-1838633.0,-0.775,5.25
64036.0,476.0,-1830453.0,-0.125,5.25
64043.0,600.0,-1823943.0,-1.067,5.25
64047.0,383.0,-1820322.0,-0.108,5.25
64052.0,190.0,-1813814.0,-0.433,5.5
64058.0,320.0,-1806582.0,-1.05,5.5
64063.0,484.0,-1803265.0,-0.45,5.99
64068.0,745.0,-1796290.0,-0.625,5.25
64073.0,-251.0,-1788730.0,-0.975,5.74
64079.0,499.0,-1784707.0,0.167,5.25
64083.0,312.0,-1778056.0,-1.117,5.74
64090.0,-112.0,-1770874.0,-0.425,5.74
64096.0,-78.0,-1764310.0,-0.292,5.25
64100.0,-103.0,-1760597.0,-1.175,5.74
64105.0,458.0,-1753219.0,-0.375,5.74
64111.0,138.0,-1745583.0,-0.75,5.74
64116.0,194.0,-1741584.0,-0.958,5.01
64121.0,395.0,-1734547.0,-0.025,5.25
64126.0,675.0,-1728007.0,-1.3,5.01
64133.0,405.0,-1724198.0,-0.1,5.25
64137.0,480.0,-1717087.0,-0.642,5.5
64143.0,182.0,-1709707.0,-1.225,5.25
64148.0,212.0,-1706034.0,-0.367,5.5
64153.0,-245.0,-1698691.0,-0.967,5.01
64158.0,395.0,-1690115.0,-0.808,5.5
64164.0,-83.0,-1683261.0,0.008,5.74
64169.0,-62.0,-1679844.0,-1.525,4.77
64175.0,95.0,-1672268.0,-0.175,5.01
64180.0,557.0,-1665650.0,-0.925,5.01
64185.0,-137.0,-1661881.0,-0.792,5.01
64190.0,188.0,-1654452.0,-0.808,5.01
64196.0,534.0,-1646736.0,-0.75,5.74
64201.0,666.0,-1643023.0,-1.008,5.01
64206.0,471.0,-1635606.0,-0.233,4.77
64211.0,137.0,-1627898.0,-1.2,4.77
64217.0,757.0,-1624609.0,-0.175,4.77
64222.0,490.0,-1617676.0,-1.008,4.77
64228.0,440.0,-1609858.0,-0.675,4.77
64233.0,334.0,-1606863.0,-1.1,5.01
64237.0,273.0,-1599004.0,-0.933,5.25
64243.0,317.0,-1591824.0,-1.133,5.25
64249.0,369.0,-1584226.0,-0.3,5.5
64254.0,487.0,-1580949.0,-0.992,5.01
64259.0,334.0,-1573348.0,-0.75,5.01
64265.0,168.0,-1566810.0,-0.617,4.77
64270.0,120.0,-1563057.0,-0.942,4.77
64275.0,-11.0,-1555738.0,-0.917,5.01
64280.0,163.0,-1548602.0,-0.85,5.01
64286.0,213.0,-1544405.0,-0.925,5.01
64290.0,260.0,-1536624.0,-0.492,4.77
64296.0,-30.0,-1529856.0,-1.117,5.01
64302.0,240.0,-1526303.0,-0.258,4.77
64307.0,291.0,-1519346.0,-1.3,4.77
64312.0,253.0,-1512388.0,-0.475,4.52
64317.0,537.0,-1508987.0,-1.075,4.77
64322.0,244.0,-1501940.0,-0.983,5.01
64328.0,450.0,-1494508.0,-0.925,5.5
64333.0,284.0,-1487762.0,-0.425,4.77
64338.0,204.0,-1483805.0,-1.1,5.25
64344.0,189.0,-1476874.0,-0.217,4.77
64350.0,467.0,-1470688.0,-1.242,4.77
64355.0,349.0,-1467027.0,-0.45,4.77
64360.0,86.0,-1460338.0,-0.983,5.5
64365.0,60.0,-1453120.0,-1.05,4.77
64370.0,234.0,-1449327.0,-0.633,5.5
64375.0,215.0,-1442052.0,-0.575,4.77
64381.0,283.0,-1435492.0,-1.142,5.25
64387.0,625.0,-1431823.0,-0.442,4.52
64391.0,402.0,-1425638.0,-1.0,5.25
64397.0,14.0,-1418600.0,-0.983,4.77
64402.0,628.0,-1415125.0,-0.592,4.77
64407.0,527.0,-1407414.0,-1.333,5.01
64412.0,232.0,-1399918.0,-0.783,4.77
64417.0,564.0,-1396537.0,-0.683,4.77
64422.0,497.0,-1389318.0,-0.65,5.5
64428.0,311.0,-1382610.0,-1.0,5.01
64434.0,365.0,-1379691.0,-1.108,4.77
64438.0,494.0,-1371702.0,-0.875,5.01
64444.0,716.0,-1364266.0,-0.867,4.77
64449.0,402.0,-1360863.0,-1.167,4.52
64454.0,203.0,-1352770.0,-0.975,4.77
64459.0,-60.0,-1345592.0,-0.683,5.01
64464.0,-96.0,-1342341.0,-0.792,5.01
64470.0,119.0,-1334606.0,-1.183,4.52
64475.0,139.0,-1327926.0,-0.667,5.25
64480.0,283.0,-1324295.0,-1.108,5.01
64485.0,-96.0,-1316868.0,-1.05,4.77
64491.0,296.0,-1309512.0,-1.017,4.77
64496.0,314.0,-1305895.0,-0.983,4.52
64501.0,507.0,-1298012.0,-0.608,4.77
64505.0,240.0,-1294509.0,-0.633,4.52
64510.0,216.0,-1287480.0,-1.483,5.01
64516.0,93.0,-1280698.0,-0.392,4.52
64522.0,225.0,-1273456.0,-1.317,5.01
64527.0,229.0,-1269609.0,-0.875,4.52
64532.0,146.0,-1261818.0,-1.192,5.01
64537.0,186.0,-1253984.0,-0.917,4.52
64543.0,-278.0,-1250981.0,-0.792,4.52
64547.0,-207.0,-1243578.0,-1.017,4.52
64552.0,100.0,-1239819.0,-0.942,4.28
64558.0,-44.0,-1233060.0,-0.758,4.28
64563.0,67.0,-1225964.0,-1.417,4.52
64568.0,155.0,-1222489.0,-1.042,4.28
64574.0,-43.0,-1214902.0,-0.967,4.77
64579.0,300.0,-1207112.0,-1.058,4.52
64584.0,564.0,-1199788.0,-0.958,4.52
64589.0,106.0,-1196107.0,-0.65,4.77
64594.0,75.0,-1189156.0,-1.542,4.52
64601.0,-69.0,-1182074.0,-0.833,4.28
64606.0,53.0,-1178583.0,-0.767,5.25
64610.0,240.0,-1171392.0,-1.675,4.52
64616.0,206.0,-1164664.0,-0.425,4.52
64621.0,498.0,-1160773.0,-1.575,4.77
64626.0,177.0,-1153462.0,-0.492,4.28
64631.0,414.0,-1150059.0,-1.175,4.28
64636.0,352.0,-1143070.0,-1.083,4.28
64642.0,343.0,-1137176.0,-0.483,4.28
64647.0,267.0,-1130394.0,-1.575,4.28
64653.0,141.0,-1126805.0,-1.05,4.52
64657.0,56.0,-1119562.0,-0.842,5.01
64663.0,212.0,-1112224.0,-1.467,5.01
64668.0,130.0,-1108637.0,-0.567,4.28
64673.0,17.0,-1102288.0,-0.958,4.52
64677.0,264.0,-1098921.0,-1.408,5.01
64684.0,270.0,-1092572.0,-0.083,4.52
64689.0,235.0,-1085788.0,-1.9,4.28
64694.0,-31.0,-1081979.0,-0.7,4.28
64699.0,657.0,-1075044.0,-1.233,4.52
64704.0,370.0,-1067464.0,-1.225,4.52
64710.0,354.0,-1059882.0,-0.917,4.77
64715.0,128.0,-1056649.0,-0.558,5.01
64720.0,49.0,-1049836.0,-1.767,4.03
64724.0,336.0,-1046573.0,-0.05,4.03
64730.0,-52.0,-1039970.0,-1.65,4.28
64735.0,111.0,-1031994.0,-1.117,4.77
64741.0,431.0,-1028681.0,-0.808,4.28
64746.0,167.0,-1021218.0,-1.2,4.28
64751.0,-30.0,-1013732.0,-0.783,4.52
64756.0,62.0,-1009971.0,-1.025,4.03
64761.0,268.0,-1002840.0,-1.192,4.03
64766.0,503.0,-996160.0,-0.633,4.03
64772.0,133.0,-992453.0,-1.5,4.03
64777.0,385.0,-984828.0,-0.708,4.03
64783.0,424.0,-977672.0,-1.492,4.28
64788.0,118.0,-974111.0,-1.025,4.03
64793.0,464.0,-966264.0,-0.95,4.52
64798.0,365.0,-958726.0,-1.017,4.52
64803.0,225.0,-955389.0,-1.125,4.03
64808.0,203.0,-948242.0,-0.783,4.03
64814.0,148.0,-941258.0,-1.358,4.28
64819.0,115.0,-937645.0,-1.117,4.03
64824.0,163.0,-933840.0,-1.258,4.03
64829.0,-74.0,-923062.0,-0.85,4.03
64834.0,286.0,-919085.0,-1.4,4.03
64840.0,466.0,-911299.0,-0.983,4.28
64845.0,231.0,-904725.0,-1.025,4.28
64849.0,450.0,-901400.0,-1.183,4.28
64856.0,238.0,-894322.0,-1.217,4.28
64861.0,137.0,-887264.0,-1.1,4.03
64866.0,540.0,-883453.0,-1.142,4.03
64871.0,186.0,-876035.0,-1.433,4.28
64876.0,219.0,-868327.0,-0.6,4.03
64881.0,212.0,-865232.0,-1.325,4.03
64887.0,294.0,-857992.0,-1.4,3.54
64892.0,233.0,-851086.0,-0.033,4.03
64897.0,380.0,-847849.0,-2.317,4.52
64903.0,46.0,-840935.0,-0.15,4.28
64908.0,333.0,-833771.0,-1.658,4.03
64913.0,532.0,-830400.0,-1.0,4.03
64918.0,246.0,-823360.0,-1.125,4.52
64923.0,347.0,-816770.0,-1.1,4.03
64928.0,606.0,-813499.0,-1.208,4.03
64933.0,228.0,-807467.0,-0.442,3.79
64939.0,75.0,-801139.0,-1.725,4.52
64944.0,179.0,-797770.0,-0.983,4.03
64950.0,503.0,-791317.0,-0.75,4.52
64955.0,458.0,-783943.0,-2.008,4.28
64960.0,98.0,-780654.0,0.125,4.28
64965.0,462.0,-774493.0,-1.975,4.03
64970.0,347.0,-767457.0,-0.667,3.79
64975.0,295.0,-764386.0,-0.4,4.03
64980.0,145.0,-758287.0,-2.333,4.52
64986.0,466.0,-751911.0,0.292,3.79
64991.0,-64.0,-748382.0,-2.175,4.03
64997.0,10.0,-741346.0,-0.5,5.25
65002.0,171.0,-734708.0,-1.283,4.03
65006.0,124.0,-731365.0,-0.933,3.79
65012.0,94.0,-724689.0,-1.667,4.52
65017.0,103.0,-718291.0,-0.267,3.79
65022.0,274.0,-715176.0,-1.833,3.79
65028.0,530.0,-708238.0,-0.917,4.28
65033.0,511.0,-701346.0,-1.608,3.79
65038.0,274.0,-697921.0,-0.925,4.03
65044.0,470.0,-690639.0,-1.258,3.79
65049.0,449.0,-683749.0,-1.525,4.52
65053.0,310.0,-680020.0,-0.925,3.79
65059.0,228.0,-673588.0,-0.942,3.54
65064.0,463.0,-667154.0,-1.575,3.54
65070.0,370.0,-663625.0,-1.225,3.54
65075.0,242.0,-656515.0,-0.733,4.28
65080.0,199.0,-649587.0,-2.075,3.54
65085.0,598.0,-645856.0,-0.267,3.54
65091.0,216.0,-639936.0,-1.675,4.28
65096.0,71.0,-632510.0,-1.283,3.54
65100.0,564.0,-629377.0,-0.442,3.79
65106.0,532.0,-623269.0,-1.858,3.54
65112.0,421.0,-616563.0,-0.842,3.54
65117.0,462.0,-613518.0,-0.917,3.79
65122.0,296.0,-605952.0,-1.992,4.03
65127.0,59.0,-599388.0,-0.817,3.54
65132.0,226.0,-596153.0,-1.025,3.54
65137.0,384.0,-589001.0,-1.5,4.28
65143.0,27.0,-582953.0,-0.467,3.3
65147.0,176.0,-579690.0,-2.55,3.3
65154.0,-84.0,-573304.0,0.192,3.3
65159.0,559.0,-566590.0,-2.408,4.03
65163.0,292.0,-563141.0,-0.483,4.03
65169.0,110.0,-556749.0,-1.533,3.79
65174.0,111.0,-549791.0,-1.217,3.79
65179.0,112.0,-546350.0,-1.425,4.03
65184.0,294.0,-540206.0,-0.875,3.3
65189.0,137.0,-534702.0,-1.492,4.03
65195.0,122.0,-531129.0,-1.908,3.79
65201.0,326.0,-524687.0,-0.4,3.3
65206.0,93.0,-518017.0,-2.083,3.54
65210.0,110.0,-514472.0,-0.925,3.54
65216.0,-16.0,-508904.0,-0.942,3.3
65221.0,183.0,-502762.0,-1.992,4.03
65225.0,358.0,-499953.0,0.175,4.03
65231.0,308.0,-494441.0,-1.825,3.54
65236.0,203.0,-488505.0,-1.792,4.28
65242.0,446.0,-485960.0,-0.242,3.54
65247.0,160.0,-480356.0,-1.692,3.54
65252.0,253.0,-474152.0,-1.458,3.79
65257.0,168.0,-471307.0,-0.558,3.54
65263.0,100.0,-465959.0,-1.992,3.79
65268.0,227.0,-459823.0,-1.417,3.54
65272.0,502.0,-457212.0,-0.808,3.54
65278.0,-98.0,-452076.0,-1.833,3.54
65284.0,197.0,-445702.0,-2.1,3.54
65289.0,414.0,-442427.0,-1.733,3.54
65294.0,200.0,-436403.0,-1.817,4.03
65299.0,127.0,-433176.0,-2.608,3.54
65304.0,306.0,-427179.0,-2.517,3.54
65309.0,316.0,-420831.0,1.725,3.3
65314.0,331.0,-418162.0,-0.492,3.3
65319.0,233.0,-412395.0,-2.208,3.3
65325.0,155.0,-406087.0,-0.592,3.54
65330.0,36.0,-402744.0,-1.242,3.79
65335.0,-138.0,-399443.0,-0.917,3.3
65341.0,340.0,-389961.0,-1.725,3.3
65345.0,29.0,-386894.0,-0.483,3.54
65351.0,217.0,-380300.0,-1.092,3.05
65356.0,79.0,-374656.0,-0.35,3.79
65361.0,16.0,-372125.0,-2.1,3.05
65367.0,574.0,-365712.0,-0.608,3.05
65373.0,344.0,-359440.0,-1.325,3.54
65377.0,229.0,-356157.0,-1.067,3.54
65382.0,365.0,-350468.0,-0.692,3.54
65388.0,-13.0,-343738.0,-1.742,3.05
65392.0,138.0,-340267.0,-0.658,2.57
65398.0,40.0,-334622.0,-0.058,3.3
65403.0,40.0,-328790.0,-2.067,2.81
65409.0,195.0,-325713.0,-0.733,3.05
65414.0,451.0,-319974.0,-0.175,2.57
65419.0,315.0,-313272.0,-1.708,3.05
65424.0,18.0,-309525.0,-0.8,3.05
65429.0,286.0,-303364.0,-0.767,3.05
65435.0,432.0,-297296.0,-1.358,2.81
65439.0,331.0,-294275.0,-0.358,2.81
65444.0,601.0,-288324.0,-1.192,2.81
65451.0,291.0,-281898.0,-1.317,3.05
65456.0,412.0,-278551.0,-0.775,3.05
65461.0,506.0,-272258.0,-1.067,2.81
65466.0,260.0,-265638.0,-0.767,3.54
65471.0,383.0,-262449.0,-1.092,3.05
65476.0,135.0,-256172.0,-0.767,3.3
65481.0,325.0,-250524.0,-1.108,3.54
65486.0,632.0,-247331.0,-0.808,3.05
65491.0,304.0,-244066.0,-1.042,3.54
65498.0,552.0,-234418.0,-1.108,3.05
65502.0,655.0,-231815.0,-0.358,3.54
65508.0,-47.0,-225928.0,-1.208,3.05
65513.0,271.0,-220570.0,-0.75,3.3
65518.0,524.0,-217887.0,-0.85,3.3
65523.0,42.0,-212007.0,-0.792,3.79
65529.0,-142.0,-206963.0,-0.85,3.3
65534.0,434.0,-201573.0,-1.108,3.54
65540.0,145.0,-199144.0,-0.592,3.54
65545.0,361.0,-193738.0,-0.917,4.03
65551.0,527.0,-188576.0,-0.975,3.54
65557.0,265.0,-183374.0,-0.833,3.54
65561.0,112.0,-180647.0,-1.083,4.28
65567.0,290.0,-175465.0,-0.942,3.54
65572.0,4.0,-169467.0,-1.067,4.03
65577.0,149.0,-166728.0,-0.992,3.3
65583.0,211.0,-160702.0,-1.0,3.54
65589.0,467.0,-155320.0,-0.933,3.3
65595.0,127.0,-149780.0,-0.933,4.03
65599.0,60.0,-147091.0,-1.2,4.03
65605.0,198.0,-141371.0,-1.092,3.54
65610.0,326.0,-135387.0,-0.758,3.05
65616.0,110.0,-128951.0,-1.142,3.54
65620.0,-121.0,-125722.0,-0.925,3.79
65627.0,-51.0,-119882.0,-0.992,4.03
65633.0,117.0,-114316.0,-0.717,2.81
65638.0,23.0,-108664.0,-0.992,3.3
65643.0,52.0,-105521.0,-1.4,3.05
65648.0,170.0,-99751.0,-0.817,3.05
65654.0,198.0,-93797.0,-1.033,2.81
65658.0,233.0,-90992.0,-1.508,2.81
65665.0,259.0,-85642.0,-0.45,3.05
65670.0,427.0,-80158.0,-1.075,2.81
65676.0,189.0,-74234.0,-1.192,2.81
65681.0,-60.0,-71477.0,-0.775,2.81
65686.0,58.0,-65485.0,-1.242,2.81
65692.0,202.0,-59773.0,-0.792,2.57
65696.0,157.0,-57270.0,-0.8,3.3
65701.0,338.0,-51320.0,-1.2,3.05
65708.0,488.0,-45460.0,-0.85,3.3
65712.0,179.0,-42595.0,-1.017,3.05
65718.0,345.0,-36983.0,-0.608,2.81
65723.0,39.0,-31471.0,-1.192,3.3
65728.0,297.0,-28834.0,-0.85,3.05
65733.0,350.0,-23377.0,-1.042,3.05
65739.0,146.0,-18239.0,-0.8,2.32
65744.0,326.0,-15368.0,-1.3,2.57
65748.0,335.0,-10373.0,-0.667,2.32
65755.0,269.0,-5291.0,-0.817,2.81
65759.0,556.0,-2900.0,-0.708,2.81
65765.0,160.0,2832.0,-0.917,2.32
65770.0,102.0,6786.0,-0.667,2.81
65775.0,428.0,9233.0,-0.417,2.81
65780.0,123.0,13584.0,-0.983,3.05
65785.0,357.0,18442.0,-0.35,2.32
65790.0,352.0,20635.0,-0.442,2.57
65796.0,215.0,24881.0,-0.675,2.57
65802.0,375.0,29283.0,-0.583,3.05
65806.0,218.0,31566.0,-0.358,2.57
65812.0,112.0,35564.0,-0.725,2.57
65817.0,262.0,39860.0,-0.333,2.81
65822.0,-78.0,41857.0,-0.25,3.05
65827.0,85.0,46160.0,-0.333,3.05
65832.0,177.0,49732.0,-0.342,3.3
65838.0,123.0,51543.0,-0.333,3.3
65843.0,210.0,55656.0,-0.217,2.57
65848.0,174.0,59546.0,-0.233,2.57
65853.0,301.0,61557.0,0.1,2.57
65858.0,-260.0,65117.0,-0.125,2.81
65864.0,268.0,68535.0,-0.133,2.57
65868.0,207.0,70308.0,-0.008,2.57
65874.0,357.0,74416.0,0.092,2.57
65880.0,125.0,77676.0,0.467,1.1
65885.0,443.0,79235.0,-0.15,2.57
65890.0,236.0,82444.0,-0.067,2.32
65895.0,556.0,85810.0,0.417,2.32
65901.0,242.0,87461.0,0.283,2.32
65905.0,337.0,90888.0,0.65,2.32
65911.0,203.0,93724.0,1.383,2.57
65916.0,547.0,94809.0,0.308,2.81
65921.0,414.0,97910.0,0.392,2.57
65927.0,218.0,100640.0,1.25,2.32
65932.0,406.0,102037.0,1.183,2.81
65937.0,75.0,104356.0,0.808,2.32
65942.0,105.0,107132.0,-1.075,3.05
65947.0,243.0,108637.0,2.075,2.08
65952.0,440.0,109848.0,5.25,2.32
65957.0,252.0,111246.0,6.408,2.32
65964.0,400.0,110085.0,-4.5,2.32
65968.0,309.0,111352.0,-5.9,2.32
65974.0,-347.0,114164.0,-1.042,2.08
65979.0,271.0,115459.0,2.733,2.32
65984.0,136.0,116596.0,2.067,2.32
65989.0,586.0,116512.0,-2.633,3.3
65994.0,14.0,116553.0,-2.508,3.3
65999.0,53.0,117396.0,-2.467,4.28
66004.0,295.0,117646.0,1.775,5.01
66011.0,167.0,117711.0,0.917,5.01
66015.0,224.0,116894.0,0.942,5.5
66021.0,166.0,116556.0,-3.358,5.74
66026.0,272.0,116659.0,-1.042,6.23
66031.0,405.0,116852.0,1.825,6.23
66036.0,123.0,116638.0,-1.417,7.7
66041.0,207.0,116239.0,1.55,7.7
66046.0,440.0,115910.0,-1.35,7.94
66053.0,-10.0,115494.0,-1.617,8.43
66058.0,134.0,115517.0,0.15,8.68
66062.0,179.0,115558.0,0.142,8.68
66068.0,125.0,114844.0,-0.625,8.43
66073.0,145.0,114821.0,-0.658,8.43
66078.0,188.0,114740.0,-0.033,7.45
66083.0,94.0,114604.0,-0.733,7.45
66088.0,198.0,114541.0,0.283,6.96
66094.0,247.0,114182.0,-0.008,6.48
66099.0,235.0,113826.0,-0.783,6.23
66105.0,-97.0,113745.0,-0.842,6.48
66109.0,188.0,113448.0,-0.217,6.48
66115.0,486.0,113776.0,0.158,7.21
66120.0,462.0,113881.0,-0.258,6.96
66125.0,303.0,113216.0,-0.392,6.72
66130.0,275.0,113154.0,-0.375,7.21
66136.0,449.0,113023.0,-0.458,6.23
66141.0,352.0,112836.0,-0.383,6.48
66146.0,68.0,112266.0,-0.25,6.23
66152.0,230.0,112155.0,-0.242,6.23
66156.0,-231.0,112618.0,-0.4,6.23
66162.0,277.0,112186.0,-0.042,6.48
66167.0,153.0,111725.0,-0.275,6.23
66172.0,264.0,111890.0,-0.342,6.23
66178.0,234.0,111796.0,-0.242,6.72
66183.0,132.0,111837.0,-0.983,6.23
66188.0,147.0,111402.0,-0.258,6.23
66193.0,71.0,111146.0,0.108,5.99
66199.0,-43.0,110591.0,0.317,6.23
66203.0,-214.0,110742.0,-0.767,6.96
66209.0,424.0,110324.0,-0.708,6.48
66214.0,172.0,109885.0,-1.958,6.48
66220.0,133.0,107484.0,-4.867,6.48
66225.0,273.0,105124.0,-5.125,7.7
66230.0,377.0,104751.0,-0.417,7.94
66235.0,90.0,100742.0,2.817,9.65
66240.0,-81.0,99521.0,-1.95,10.14
66244.0,362.0,94730.0,-4.142,10.14
66249.0,321.0,91200.0,-2.725,9.9
66254.0,31.0,89401.0,1.125,10.39
66259.0,178.0,85915.0,-0.925,10.39
66265.0,483.0,83672.0,-3.033,10.63
66270.0,87.0,79801.0,-1.708,10.63
66275.0,282.0,75729.0,-0.158,10.87
66280.0,148.0,73500.0,-0.075,11.61
66285.0,278.0,69143.0,-1.933,11.36
66291.0,225.0,64551.0,-1.575,11.85
66296.0,211.0,62842.0,0.425,11.61
66301.0,209.0,57619.0,-0.192,12.34
66307.0,214.0,52449.0,-0.883,11.12
66312.0,176.0,47047.0,-0.092,10.87
66318.0,198.0,44168.0,0.575,11.61
66323.0,397.0,38960.0,-0.175,11.12
66328.0,162.0,33298.0,-0.567,10.39
66333.0,172.0,29977.0,0.3,10.63
66338.0,387.0,27070.0,0.575,10.63
66343.0,115.0,18224.0,0.217,10.63
66349.0,151.0,14669.0,0.092,10.63
66354.0,376.0,7639.0,0.675,10.39
66359.0,413.0,4066.0,0.542,10.63
66364.0,45.0,-2551.0,-0.092,9.9
66369.0,174.0,-9399.0,0.508,10.63
66374.0,162.0,-12682.0,0.45,10.63
66379.0,115.0,-20287.0,0.375,10.63
66383.0,216.0,-24002.0,0.242,10.63
66388.0,-224.0,-31589.0,0.592,10.63
66394.0,-127.0,-39089.0,0.425,10.39
66400.0,-53.0,-43214.0,0.267,10.63
66405.0,501.0,-51257.0,0.725,11.12
66410.0,312.0,-58999.0,0.508,10.63
66415.0,418.0,-62726.0,0.467,11.12
66420.0,-152.0,-71419.0,0.9,10.87
66425.0,-131.0,-79599.0,0.333,11.36
66430.0,59.0,-83634.0,0.867,10.87
66436.0,-1.0,-91991.0,0.575,11.12
66441.0,-356.0,-100631.0,0.533,11.36
66446.0,62.0,-104854.0,0.842,10.87
66452.0,556.0,-112899.0,0.142,10.87
66457.0,447.0,-121465.0,1.217,10.63
66462.0,-43.0,-125376.0,0.292,10.87
66467.0,167.0,-133895.0,0.692,10.87
66472.0,310.0,-142629.0,1.108,10.63
66478.0,333.0,-146548.0,0.367,10.39
66483.0,-75.0,-155323.0,0.9,11.36
66488.0,46.0,-163793.0,0.625,10.87
66493.0,204.0,-167376.0,0.517,10.87
66498.0,4.0,-176111.0,1.192,10.63
66503.0,-113.0,-184197.0,0.4,10.39
66509.0,-35.0,-189064.0,0.883,10.87
66514.0,11.0,-198283.0,0.975,10.87
66520.0,10.0,-206255.0,0.642,10.63
66525.0,-110.0,-210992.0,0.992,10.39
66530.0,134.0,-219087.0,0.708,10.14
66535.0,-151.0,-227623.0,0.608,10.87
66540.0,-329.0,-232390.0,1.333,10.39
66545.0,171.0,-240597.0,0.55,10.14
66550.0,218.0,-248795.0,0.775,10.14
66556.0,156.0,-253704.0,1.292,10.87
66562.0,-14.0,-262453.0,0.208,10.63
66567.0,229.0,-271245.0,1.175,10.63
66572.0,14.0,-275464.0,0.317,10.87
66577.0,414.0,-283230.0,1.0,10.14
66582.0,467.0,-292264.0,1.075,10.39
66587.0,-148.0,-296649.0,0.492,9.9
66592.0,164.0,-300846.0,1.242,9.9
66597.0,287.0,-314016.0,0.692,10.14
66603.0,409.0,-318089.0,0.692,10.14
66608.0,549.0,-327740.0,1.367,10.14
66614.0,568.0,-335936.0,-0.275,9.41
66619.0,122.0,-340081.0,1.542,10.14
66624.0,462.0,-348450.0,0.883,10.39
66629.0,479.0,-357180.0,0.475,9.9
66634.0,425.0,-361567.0,1.533,10.14
66639.0,421.0,-370422.0,0.225,9.65
66644.0,6.0,-379060.0,1.142,9.9
66650.0,144.0,-383737.0,1.067,10.63
66655.0,2.0,-392036.0,0.35,10.63
66660.0,427.0,-401092.0,1.792,9.9
66666.0,357.0,-405043.0,0.233,10.14
66671.0,85.0,-413908.0,1.25,10.39
66676.0,242.0,-423052.0,1.342,10.63
66681.0,392.0,-427615.0,0.292,10.39
66686.0,318.0,-436498.0,1.15,10.14
66692.0,407.0,-445536.0,0.933,9.9
66697.0,344.0,-449769.0,0.908,9.9
66702.0,-30.0,-459049.0,1.158,10.14
66708.0,-253.0,-468059.0,0.817,10.14
66712.0,110.0,-472676.0,1.067,9.9
66718.0,364.0,-482264.0,1.133,10.39
66723.0,351.0,-491422.0,0.725,9.9
66728.0,132.0,-495787.0,1.008,9.9
66734.0,302.0,-505241.0,0.858,9.9
66739.0,493.0,-513769.0,1.108,9.9
66744.0,282.0,-518350.0,1.442,10.14
66749.0,298.0,-527500.0,0.45,9.65
66755.0,341.0,-537138.0,1.533,9.9
66759.0,198.0,-542069.0,0.925,10.39
66765.0,304.0,-551419.0,0.483,9.9
66770.0,177.0,-560681.0,1.483,9.9
66776.0,18.0,-565014.0,0.05,9.9
66781.0,168.0,-574078.0,1.642,9.9
66786.0,179.0,-583692.0,0.808,9.9
66791.0,176.0,-588293.0,0.392,9.65
66796.0,-28.0,-597545.0,1.908,9.9
66801.0,-7.0,-607039.0,0.308,9.9
66806.0,242.0,-611258.0,0.9,9.65
66811.0,216.0,-620646.0,1.317,9.65
66818.0,49.0,-629322.0,0.15,10.39
66822.0,322.0,-633663.0,1.867,9.9
66828.0,106.0,-642379.0,0.275,9.65
66833.0,-165.0,-651655.0,1.208,10.14
66838.0,186.0,-656546.0,1.425,9.65
66843.0,532.0,-665262.0,0.425,9.41
66848.0,497.0,-674698.0,1.333,9.65
66853.0,228.0,-679167.0,0.492,7.7
66859.0,226.0,-687371.0,1.1,9.65
66864.0,361.0,-696407.0,1.258,10.14
66869.0,340.0,-700924.0,0.8,9.41
66875.0,-126.0,-709692.0,0.95,9.41
66880.0,205.0,-718648.0,1.3,9.41
66884.0,274.0,-723333.0,0.642,9.65
66890.0,560.0,-732211.0,0.883,9.9
66895.0,297.0,-740523.0,0.883,9.65
66900.0,326.0,-744644.0,1.183,9.41
66906.0,168.0,-753394.0,1.0,9.41
66911.0,-227.0,-762008.0,1.033,9.41
66916.0,182.0,-766421.0,0.925,9.41
66922.0,408.0,-776141.0,1.517,9.9
66927.0,421.0,-784781.0,-0.167,9.16
66931.0,46.0,-788914.0,1.875,9.41
66937.0,28.0,-797582.0,-0.117,9.41
66941.0,-193.0,-801443.0,1.275,9.9
66948.0,181.0,-809832.0,1.542,9.65
66953.0,365.0,-818510.0,0.2,9.41
66958.0,524.0,-822861.0,1.558,9.41
66963.0,472.0,-832172.0,1.208,8.92
66968.0,-32.0,-840852.0,0.483,9.16
66973.0,-59.0,-845281.0,1.217,9.16
66978.0,265.0,-854012.0,0.675,9.41
66984.0,19.0,-862680.0,1.1,9.41
66989.0,194.0,-867481.0,1.367,9.41
66994.0,322.0,-876150.0,0.5,9.16
67000.0,172.0,-885248.0,1.542,9.16
67005.0,179.0,-890287.0,0.733,9.65
67010.0,157.0,-899286.0,0.883,9.65
67015.0,567.0,-908572.0,1.158,9.41
67020.0,436.0,-912869.0,0.817,9.9
67025.0,60.0,-921498.0,0.917,9.41
67031.0,156.0,-930552.0,1.417,9.41
67036.0,185.0,-935267.0,0.458,9.41
67041.0,-325.0,-944538.0,1.667,9.41
67047.0,225.0,-954296.0,0.083,9.41
67051.0,388.0,-958623.0,1.233,9.41
67057.0,78.0,-967210.0,1.275,9.9
67062.0,138.0,-975918.0,0.658,9.16
67067.0,225.0,-980265.0,1.3,9.41
67073.0,385.0,-988946.0,1.117,9.41
67078.0,333.0,-998330.0,0.7,9.16
67083.0,330.0,-1002681.0,1.808,9.16
67088.0,82.0,-1011920.0,-0.117,9.16
67094.0,458.0,-1020362.0,1.5,9.65
67098.0,255.0,-1024773.0,0.475,9.16
67103.0,187.0,-1033184.0,0.808,9.16
67109.0,431.0,-1041486.0,1.408,9.41
67115.0,358.0,-1045963.0,0.317,9.65
67120.0,156.0,-1054614.0,1.308,8.68
67126.0,488.0,-1063840.0,1.058,9.9
67130.0,229.0,-1067895.0,0.125,9.16
67135.0,368.0,-1076928.0,1.692,9.41
67141.0,208.0,-1084768.0,0.417,9.41
67145.0,81.0,-1089001.0,0.742,7.45
67150.0,163.0,-1097252.0,1.817,9.16
67156.0,209.0,-1105638.0,0.275,9.16
67162.0,198.0,-1109843.0,1.308,10.39
67166.0,-39.0,-1118946.0,1.517,8.92
67172.0,-117.0,-1127552.0,0.008,9.41
67177.0,168.0,-1131407.0,1.3,8.92
67182.0,414.0,-1139980.0,1.008,9.41
67187.0,190.0,-1148322.0,0.558,9.41
67192.0,193.0,-1152535.0,1.5,8.92
67197.0,-75.0,-1161162.0,0.533,8.92
67204.0,313.0,-1169286.0,0.867,8.92
67208.0,178.0,-1173589.0,1.533,9.16
67214.0,16.0,-1182394.0,-0.15,9.41
67219.0,-44.0,-1190416.0,1.467,9.65
67224.0,173.0,-1194595.0,0.733,9.65
67229.0,68.0,-1202506.0,0.317,8.92
67234.0,28.0,-1210740.0,1.858,9.16
67239.0,171.0,-1214943.0,0.192,9.65
67245.0,57.0,-1222801.0,1.133,9.16
67251.0,49.0,-1231649.0,1.5,8.92
67256.0,244.0,-1235938.0,0.167,9.41
67260.0,379.0,-1244015.0,1.4,8.68
67266.0,437.0,-1252325.0,0.8,8.92
67270.0,210.0,-1256184.0,0.45,8.92
67276.0,402.0,-1264445.0,1.833,10.39
67281.0,342.0,-1272915.0,0.233,8.68
67287.0,173.0,-1277212.0,1.283,9.16
67292.0,260.0,-1286015.0,1.275,8.92
67297.0,328.0,-1294427.0,0.525,9.41
67302.0,13.0,-1298990.0,1.117,9.16
67307.0,97.0,-1307306.0,0.75,8.68
67313.0,105.0,-1315372.0,0.742,8.92
67319.0,233.0,-1324278.0,1.45,9.41
67323.0,216.0,-1328813.0,0.083,8.92
67330.0,-78.0,-1337267.0,1.875,9.65
67335.0,582.0,-1345919.0,0.025,9.16
67341.0,46.0,-1354645.0,1.175,8.92
67346.0,233.0,-1358992.0,1.058,8.92
67351.0,383.0,-1367092.0,0.25,9.16
67357.0,301.0,-1375544.0,1.792,8.92
67363.0,141.0,-1384240.0,0.158,8.92
67367.0,296.0,-1388615.0,1.267,9.65
67374.0,270.0,-1397175.0,0.925,9.41
67379.0,308.0,-1405747.0,0.833,8.68
67385.0,304.0,-1414155.0,1.167,9.41
67390.0,365.0,-1417952.0,0.125,9.9
67395.0,35.0,-1425890.0,1.558,8.68
67401.0,159.0,-1434416.0,0.475,8.68
67406.0,219.0,-1442376.0,1.158,8.92
67411.0,40.0,-1446667.0,1.033,8.68
67418.0,410.0,-1454559.0,0.775,8.92
67423.0,378.0,-1462567.0,0.733,8.68
67429.0,668.0,-1470887.0,0.7,8.92
67434.0,363.0,-1474568.0,0.675,8.92
67439.0,212.0,-1482720.0,1.35,8.68
67444.0,494.0,-1490926.0,0.458,8.68
67449.0,259.0,-1494683.0,1.183,9.41
67454.0,-48.0,-1503018.0,0.942,9.16
67460.0,618.0,-1510608.0,0.692,8.68
67465.0,545.0,-1514777.0,1.083,8.68
67471.0,519.0,-1522899.0,0.4,8.68
67476.0,365.0,-1530379.0,0.842,8.68
67482.0,331.0,-1538059.0,1.258,8.68
67487.0,406.0,-1542098.0,0.225,8.43
67492.0,128.0,-1550460.0,1.333,8.68
67499.0,396.0,-1558844.0,0.55,8.68
67504.0,46.0,-1566634.0,0.808,8.43
67509.0,105.0,-1570649.0,0.85,8.68
67515.0,49.0,-1577795.0,0.567,8.68
67520.0,43.0,-1586103.0,1.283,9.16
67526.0,333.0,-1593325.0,0.267,8.68
67530.0,208.0,-1597472.0,1.25,8.43
67536.0,255.0,-1604820.0,1.183,8.68
67542.0,355.0,-1613026.0,0.442,9.16
67547.0,141.0,-1616733.0,1.092,8.43
67552.0,104.0,-1624922.0,0.5,8.43
67558.0,712.0,-1631724.0,0.792,8.68
67563.0,238.0,-1635533.0,1.25,8.68
67567.0,247.0,-1642972.0,0.3,8.92
67573.0,311.0,-1651066.0,1.05,8.19
67578.0,485.0,-1654931.0,0.933,8.43
67584.0,320.0,-1662960.0,0.525,8.19
67589.0,32.0,-1670432.0,0.85,8.43
67595.0,78.0,-1678232.0,0.542,8.43
67600.0,639.0,-1681731.0,0.858,8.92
67605.0,754.0,-1690085.0,1.1,8.43
67610.0,284.0,-1697681.0,0.417,8.43
67615.0,445.0,-1701570.0,1.375,8.92
67620.0,222.0,-1709948.0,0.533,8.68
67627.0,18.0,-1717244.0,0.842,9.16
67632.0,308.0,-1721427.0,1.083,8.43
67637.0,65.0,-1729726.0,0.117,9.16
67642.0,37.0,-1736864.0,1.25,7.45
67647.0,455.0,-1740815.0,0.742,9.16
67652.0,498.0,-1748696.0,0.383,8.43
67658.0,188.0,-1756320.0,1.558,8.92
67663.0,134.0,-1760413.0,-0.008,8.68
67667.0,-17.0,-1768434.0,1.225,8.43
67674.0,49.0,-1776126.0,0.525,8.43
67679.0,-139.0,-1779747.0,0.717,8.43
67684.0,78.0,-1787654.0,1.192,8.43
67689.0,-36.0,-1794874.0,0.217,8.43
67694.0,2.0,-1798451.0,1.033,8.68
67699.0,149.0,-1806046.0,1.333,8.19
67705.0,227.0,-1813844.0,0.175,8.43
67710.0,531.0,-1821690.0,1.092,8.43
67716.0,105.0,-1825689.0,0.308,8.92
67721.0,36.0,-1832620.0,0.975,9.9
67727.0,260.0,-1839612.0,0.758,8.19
67732.0,-218.0,-1843313.0,0.692,8.43
67737.0,-137.0,-1850852.0,0.8,8.43
67742.0,323.0,-1858912.0,0.967,8.68
67747.0,355.0,-1862471.0,0.45,8.19
67752.0,520.0,-1870052.0,1.067,8.19
67759.0,-90.0,-1877674.0,0.167,8.92
67764.0,626.0,-1880971.0,0.833,8.92
67768.0,391.0,-1888022.0,1.208,8.43
67774.0,-75.0,-1895100.0,0.1,8.68
67779.0,353.0,-1898757.0,1.308,8.68
67784.0,362.0,-1906670.0,0.55,8.19
67789.0,4.0,-1913680.0,0.808,8.92
67794.0,342.0,-1917403.0,0.825,8.68
67800.0,199.0,-1924658.0,0.492,8.43
67806.0,553.0,-1931482.0,0.875,8.43
67811.0,307.0,-1938742.0,0.708,8.68
67816.0,185.0,-1942153.0,0.508,8.19
67821.0,70.0,-1949070.0,1.558,8.19
67827.0,184.0,-1956524.0,-0.208,7.94
67832.0,224.0,-1959801.0,1.425,7.94
67837.0,277.0,-1967402.0,0.342,8.19
67843.0,145.0,-1973966.0,0.667,8.43
67848.0,97.0,-1977369.0,0.983,8.19
67853.0,238.0,-1984624.0,0.533,8.19
67859.0,200.0,-1991452.0,0.6,7.94
67864.0,314.0,-1994753.0,1.367,8.19
67868.0,-151.0,-2001878.0,-0.117,8.19
67874.0,523.0,-2009050.0,1.183,8.19
67880.0,531.0,-2016672.0,0.425,7.94
67886.0,129.0,-2019725.0,0.625,8.19
67890.0,16.0,-2026284.0,0.95,8.19
67896.0,258.0,-2033364.0,0.767,8.19
67901.0,274.0,-2036845.0,0.625,8.19
67906.0,163.0,-2043588.0,1.167,6.96
67911.0,337.0,-2051594.0,0.617,7.94
67917.0,449.0,-2054859.0,1.067,8.19
67921.0,104.0,-2061820.0,0.517,8.92
67928.0,-124.0,-2068568.0,0.683,8.19
67933.0,332.0,-2071945.0,1.108,8.19
67938.0,31.0,-2078696.0,0.342,8.19
67943.0,-165.0,-2085904.0,1.15,8.92
67948.0,-61.0,-2089597.0,0.4,8.43
67953.0,88.0,-2096208.0,0.717,8.19
67958.0,205.0,-2103134.0,0.908,8.43
67963.0,-5.0,-2106403.0,0.575,7.94
67969.0,160.0,-2109916.0,0.558,7.94
67975.0,88.0,-2119918.0,1.192,8.43
67980.0,346.0,-2123519.0,0.292,8.43
67984.0,-49.0,-2129518.0,0.717,8.19
67990.0,197.0,-2136760.0,1.217,8.19
67995.0,115.0,-2140293.0,0.242,7.94
68000.0,-20.0,-2147080.0,0.975,8.19
68005.0,238.0,-2153586.0,0.308,8.19
68011.0,352.0,-2156537.0,0.875,7.94
68016.0,-5.0,-2162934.0,1.083,7.94
68022.0,117.0,-2169802.0,0.567,8.19
68027.0,273.0,-2173587.0,1.092,8.92
68032.0,292.0,-2180658.0,0.258,8.43
68036.0,7.0,-2183867.0,0.942,8.19
68041.0,197.0,-2190688.0,0.717,8.19
68046.0,-16.0,-2197056.0,0.5,8.43
68052.0,342.0,-2200195.0,0.742,8.43
68058.0,76.0,-2206086.0,1.083,7.94
68063.0,201.0,-2213358.0,0.217,7.94
68068.0,175.0,-2216661.0,1.175,7.94
68073.0,-127.0,-2223226.0,0.025,7.94
68078.0,-228.0,-2229752.0,1.108,8.19
68084.0,266.0,-2236540.0,0.433,8.19
68089.0,106.0,-2239891.0,0.492,8.43
68094.0,207.0,-2245676.0,1.417,8.19
68099.0,170.0,-2248609.0,0.258,8.19
68105.0,186.0,-2255396.0,0.983,8.19
68110.0,123.0,-2262376.0,0.917,8.68
68115.0,123.0,-2265841.0,0.017,7.94
68120.0,7.0,-2272332.0,0.933,8.19
68125.0,384.0,-2278516.0,0.375,8.19
68130.0,312.0,-2281633.0,0.675,7.94
68135.0,-56.0,-2287258.0,0.975,8.19
68141.0,311.0,-2293758.0,0.692,8.43
68147.0,297.0,-2300250.0,0.858,7.94
68152.0,443.0,-2303459.0,0.783,7.94
68157.0,266.0,-2310642.0,0.35,7.94
68162.0,517.0,-2313559.0,0.975,8.68
68167.0,117.0,-2320328.0,0.483,8.68
68172.0,70.0,-2326636.0,0.392,7.94
68177.0,556.0,-2329901.0,0.992,8.68
68183.0,558.0,-2335962.0,0.5,8.43
68188.0,357.0,-2342448.0,0.767,7.94
68193.0,37.0,-2345479.0,1.0,7.94
68198.0,99.0,-2352624.0,0.325,7.94
68204.0,-134.0,-2359110.0,0.608,7.21
68209.0,-226.0,-2362563.0,0.633,8.68
68214.0,256.0,-2368670.0,0.367,8.43
68219.0,-43.0,-2374934.0,1.225,7.94
68225.0,-208.0,-2378791.0,0.275,8.43
68230.0,24.0,-2385100.0,0.917,7.94
68235.0,251.0,-2391872.0,0.708,8.19
68240.0,-293.0,-2394921.0,0.658,7.94
68245.0,-21.0,-2401542.0,0.858,7.94
68250.0,14.0,-2408280.0,0.425,8.19
68255.0,-350.0,-2411123.0,0.625,8.68
68261.0,298.0,-2417154.0,0.783,7.94
68267.0,261.0,-2423604.0,0.475,8.68
68272.0,673.0,-2426609.0,0.875,7.94
68277.0,55.0,-2433622.0,0.167,9.41
68282.0,14.0,-2439748.0,1.2,7.94
68287.0,141.0,-2443317.0,0.158,7.94
68292.0,221.0,-2449474.0,0.817,7.7
68297.0,-96.0,-2455706.0,0.508,8.43
68302.0,102.0,-2458777.0,0.833,7.7
68307.0,230.0,-2465042.0,0.467,8.19
68313.0,35.0,-2471502.0,0.7,7.94
68319.0,-67.0,-2474597.0,0.317,8.43
68324.0,247.0,-2480736.0,1.108,8.43
68329.0,186.0,-2487298.0,0.1,7.94
68334.0,414.0,-2490115.0,0.933,7.94
68339.0,36.0,-2495992.0,0.6,7.94
68344.0,367.0,-2502242.0,0.567,7.94
68349.0,297.0,-2505585.0,0.483,8.68
68355.0,61.0,-2511680.0,0.775,8.19
68361.0,368.0,-2517802.0,0.242,7.7
68365.0,325.0,-2521027.0,0.975,8.43
68370.0,55.0,-2524166.0,0.358,7.94
68375.0,86.0,-2533212.0,0.475,8.43
68381.0,470.0,-2536145.0,0.842,8.19
68386.0,542.0,-2542436.0,0.492,7.94
68391.0,275.0,-2548260.0,0.775,7.7
68397.0,197.0,-2551377.0,0.667,7.7
68402.0,-71.0,-2557846.0,0.508,7.7
68407.0,10.0,-2563934.0,0.508,8.19
68412.0,110.0,-2567065.0,0.467,8.43
68418.0,460.0,-2572740.0,0.467,8.19
68423.0,263.0,-2578710.0,0.867,7.7
68427.0,272.0,-2581901.0,0.325,8.19
68433.0,216.0,-2587693.0,0.825,7.7
68439.0,103.0,-2594051.0,0.392,7.94
68444.0,160.0,-2596808.0,1.042,8.19
68449.0,80.0,-2603105.0,0.217,7.7
68454.0,215.0,-2608627.0,0.642,7.7
68459.0,11.0,-2611544.0,0.483,8.43
68464.0,-199.0,-2616849.0,0.75,7.94
68469.0,-114.0,-2623355.0,0.525,8.19
68474.0,185.0,-2626200.0,0.742,7.94
68481.0,293.0,-2632268.0,0.458,8.19
68486.0,-44.0,-2638662.0,0.883,8.19
68491.0,73.0,-2641461.0,0.592,7.7
68496.0,361.0,-2647595.0,0.575,7.7
68501.0,394.0,-2653413.0,0.325,7.7
68506.0,435.0,-2656386.0,0.975,7.7
68512.0,321.0,-2662674.0,0.117,7.94
68517.0,84.0,-2668660.0,0.933,7.94
68521.0,15.0,-2672025.0,0.392,7.7
68528.0,91.0,-2678187.0,0.592,6.96
68533.0,378.0,-2684293.0,0.608,8.43
68538.0,211.0,-2687150.0,0.425,7.7
68543.0,247.0,-2692801.0,0.642,7.7
68548.0,406.0,-2698675.0,0.65,7.94
68553.0,475.0,-2701906.0,0.517,7.7
68558.0,55.0,-2707642.0,0.7,7.7
68563.0,220.0,-2713812.0,0.492,7.94
68569.0,309.0,-2716485.0,0.65,7.94
68575.0,207.0,-2722733.0,0.542,7.7
68580.0,-4.0,-2728513.0,0.558,7.7
68584.0,307.0,-2731088.0,0.492,7.7
68590.0,339.0,-2736444.0,0.733,8.19
68595.0,488.0,-2742510.0,0.475,7.7
68600.0,153.0,-2745043.0,0.583,7.94
68605.0,289.0,-2750747.0,0.575,7.7
68612.0,36.0,-2756711.0,0.483,7.94
68616.0,167.0,-2759692.0,0.692,7.7
68621.0,75.0,-2765475.0,0.442,7.7
68626.0,0.0,-2770941.0,0.55,7.7
68631.0,129.0,-2773516.0,0.625,8.43
68637.0,155.0,-2779674.0,0.425,8.19
68642.0,208.0,-2784898.0,0.717,8.19
68646.0,145.0,-2788269.0,0.433,8.43
68653.0,21.0,-2793801.0,0.592,8.19
68658.0,-2.0,-2799497.0,0.55,7.7
68663.0,-49.0,-2802730.0,0.425,7.94
68668.0,109.0,-2807794.0,0.517,7.7
68673.0,220.0,-2812878.0,0.617,7.7
68678.0,333.0,-2815885.0,0.308,7.94
68684.0,159.0,-2821261.0,0.725,7.7
68689.0,52.0,-2826881.0,0.292,7.94
68695.0,49.0,-2829878.0,0.908,7.7
68700.0,331.0,-2835894.0,0.375,8.19
68705.0,266.0,-2840758.0,0.675,7.7
68710.0,-229.0,-2843411.0,0.483,7.7
68715.0,301.0,-2848833.0,0.692,7.94
68721.0,109.0,-2854377.0,0.458,7.7
68726.0,-76.0,-2856900.0,0.792,7.7
68731.0,68.0,-2862973.0,0.2,7.45
68737.0,-58.0,-2868475.0,0.75,7.7
68742.0,31.0,-2871304.0,0.467,7.45
68747.0,181.0,-2876593.0,0.508,7.7
68753.0,325.0,-2882203.0,0.608,8.19
68757.0,222.0,-2885052.0,0.333,7.45
68763.0,208.0,-2890027.0,0.717,7.45
68768.0,110.0,-2895755.0,0.675,7.45
68773.0,-31.0,-2901545.0,0.292,7.45
68779.0,104.0,-2903996.0,0.767,7.45
68785.0,374.0,-2910344.0,0.442,7.94
68790.0,321.0,-2915368.0,0.45,7.7
68794.0,240.0,-2918099.0,0.783,7.45
68800.0,112.0,-2923785.0,0.358,7.7
68806.0,-82.0,-2929019.0,0.608,7.45
68810.0,125.0,-2932100.0,0.483,7.45
68815.0,517.0,-2938465.0,0.6,8.19
68822.0,269.0,-2943641.0,0.583,7.7
68827.0,124.0,-2946506.0,0.467,7.45
68832.0,326.0,-2952493.0,0.508,7.7
68837.0,182.0,-2957947.0,0.708,7.7
68842.0,29.0,-2960994.0,0.45,7.94
68847.0,211.0,-2966897.0,0.475,7.45
68853.0,87.0,-2972561.0,0.292,7.45
68857.0,292.0,-2975246.0,0.567,7.7
68862.0,413.0,-2980961.0,0.417,7.45
68869.0,-35.0,-2986543.0,0.633,7.45
68873.0,-90.0,-2989208.0,0.308,7.45
68879.0,42.0,-2994669.0,0.717,8.19
68884.0,146.0,-2999801.0,0.458,7.7
68889.0,207.0,-3002644.0,0.425,8.19
68894.0,-49.0,-3008893.0,0.233,8.19
68899.0,-23.0,-3014057.0,0.533,7.45
68904.0,360.0,-3016386.0,0.483,7.45
68910.0,222.0,-3021831.0,0.542,7.7
68916.0,256.0,-3026979.0,0.408,7.94
68921.0,459.0,-3029788.0,0.65,8.19
68925.0,196.0,-3035551.0,0.208,7.7
68931.0,172.0,-3041155.0,0.633,7.45
68936.0,297.0,-3044116.0,0.383,7.7
68941.0,199.0,-3049183.0,0.383,7.45
68946.0,557.0,-3054565.0,0.483,7.21
68952.0,294.0,-3057260.0,0.633,7.21
68957.0,6.0,-3062033.0,0.45,7.45
68963.0,196.0,-3067277.0,0.467,9.16
68967.0,93.0,-3070110.0,0.683,7.94
68973.0,189.0,-3075975.0,0.508,7.45
68978.0,-33.0,-3081521.0,0.475,7.45
68983.0,274.0,-3084022.0,0.258,7.45
68987.0,65.0,-3089341.0,0.4,7.45
68994.0,211.0,-3094155.0,0.25,7.7
68999.0,152.0,-3096646.0,0.817,7.45
69004.0,526.0,-3099349.0,0.308,7.7
69009.0,24.0,-3107647.0,0.683,7.94
69014.0,185.0,-3110678.0,0.358,7.45
69019.0,351.0,-3115603.0,0.525,7.21
69025.0,307.0,-3120847.0,0.467,7.45
69029.0,36.0,-3123568.0,0.325,7.45
69036.0,106.0,-3128757.0,0.375,7.45
69041.0,36.0,-3133073.0,0.608,7.7
69046.0,239.0,-3135900.0,0.375,7.45
69051.0,194.0,-3141445.0,0.525,7.45
69056.0,384.0,-3146605.0,0.217,7.94
69061.0,193.0,-3149398.0,0.517,7.45
69066.0,155.0,-3154690.0,0.367,7.45
69072.0,301.0,-3159778.0,0.3,7.45
69079.0,-43.0,-3164352.0,0.392,7.45
69083.0,112.0,-3166389.0,0.675,7.45
69089.0,96.0,-3171929.0,0.317,8.19
69094.0,296.0,-3177759.0,0.6,7.45
69100.0,418.0,-3183311.0,0.4,7.45
69105.0,259.0,-3185794.0,0.342,7.21
69110.0,207.0,-3190770.0,0.2,7.94
69116.0,309.0,-3195906.0,0.4,7.45
69122.0,23.0,-3200986.0,0.517,8.19
69127.0,208.0,-3203623.0,0.383,7.45
69133.0,264.0,-3209071.0,0.5,7.21
69138.0,-222.0,-3214383.0,0.242,7.45
69144.0,84.0,-3219393.0,0.6,7.7
69149.0,-43.0,-3221868.0,0.45,7.7
69154.0,133.0,-3227006.0,0.483,7.45
69160.0,205.0,-3231842.0,0.417,7.21
69166.0,281.0,-3236568.0,0.542,7.94
69171.0,266.0,-3239063.0,0.317,7.45
69176.0,383.0,-3244521.0,0.55,7.21
69182.0,411.0,-3249841.0,0.408,7.45
69187.0,483.0,-3252500.0,0.3,7.94
69192.0,208.0,-3257759.0,0.325,7.7
69197.0,66.0,-3262699.0,0.317,8.43
69203.0,76.0,-3267183.0,0.508,7.21
69208.0,67.0,-3269646.0,0.4,7.94
69214.0,241.0,-3274646.0,0.467,7.45
69220.0,73.0,-3280170.0,0.317,7.21
69225.0,489.0,-3282389.0,0.533,8.19
69229.0,188.0,-3287312.0,0.367,7.7
69235.0,-400.0,-3292546.0,0.417,7.45
69241.0,106.0,-3296634.0,0.317,7.21
69245.0,195.0,-3299029.0,0.658,7.21
69252.0,257.0,-3304119.0,0.167,7.45
69257.0,383.0,-3309333.0,0.6,7.45
69263.0,131.0,-3314503.0,0.133,7.21
69268.0,134.0,-3316936.0,0.4,7.94
69273.0,90.0,-3321858.0,0.35,7.45
69279.0,356.0,-3326206.0,0.375,7.7
69284.0,480.0,-3330722.0,0.475,7.94
69289.0,207.0,-3333157.0,0.317,7.45
69296.0,265.0,-3338145.0,0.675,7.45
69301.0,319.0,-3343823.0,0.292,7.21
69307.0,65.0,-3348369.0,0.617,7.94
69312.0,88.0,-3351004.0,0.367,7.21
69317.0,25.0,-3356010.0,0.375,6.72
69322.0,217.0,-3359842.0,0.275,7.45
69327.0,50.0,-3361785.0,0.642,7.45
69332.0,221.0,-3366921.0,0.2,7.94
69339.0,197.0,-3371547.0,0.483,7.45
69344.0,239.0,-3374258.0,0.392,7.94
69348.0,172.0,-3378999.0,0.6,7.21
69354.0,-12.0,-3383897.0,0.35,7.45
69359.0,352.0,-3386104.0,0.483,7.45
69364.0,465.0,-3390215.0,0.483,7.21
69369.0,21.0,-3394403.0,0.6,7.21
69376.0,263.0,-3396760.0,0.4,7.21
69380.0,198.0,-3402065.0,0.5,7.45
69386.0,-76.0,-3407097.0,0.267,7.45
69391.0,222.0,-3409554.0,0.467,7.21
69396.0,399.0,-3413855.0,0.5,7.7
69401.0,405.0,-3418859.0,0.308,7.45
69407.0,243.0,-3422791.0,0.442,7.45
69411.0,512.0,-3425498.0,0.425,8.19
69417.0,355.0,-3430418.0,0.642,7.45
69423.0,-175.0,-3435268.0,0.408,7.21
69428.0,-189.0,-3437617.0,0.758,7.94
69433.0,392.0,-3442624.0,0.15,7.45
69439.0,336.0,-3447242.0,0.383,7.45
69444.0,94.0,-3449129.0,0.367,7.45
69448.0,225.0,-3453634.0,0.517,7.45
69454.0,185.0,-3458046.0,0.267,7.21
69459.0,169.0,-3460181.0,0.683,7.94
69465.0,152.0,-3465592.0,0.342,7.21
69470.0,234.0,-3470756.0,0.575,7.7
69476.0,418.0,-3474870.0,0.325,7.21
69481.0,-156.0,-3477415.0,0.275,9.16
69486.0,91.0,-3481192.0,0.3,7.7
69491.0,47.0,-3485080.0,0.642,7.21
69497.0,355.0,-3487995.0,0.167,8.43
69501.0,110.0,-3492598.0,0.333,7.7
69508.0,592.0,-3497646.0,0.325,7.21
69513.0,196.0,-3499735.0,0.65,7.7
69518.0,365.0,-3504226.0,0.367,7.21
69523.0,213.0,-3508998.0,0.442,7.45
69528.0,155.0,-3511059.0,0.242,7.7
69533.0,220.0,-3514976.0,0.625,7.21
69539.0,392.0,-3519392.0,0.242,6.23
69544.0,480.0,-3521823.0,0.508,7.7
69550.0,615.0,-3527472.0,0.175,7.45
69555.0,-109.0,-3531768.0,0.533,7.21
69561.0,489.0,-3536140.0,0.4,7.21
69566.0,189.0,-3538579.0,0.458,7.45
69571.0,126.0,-3542472.0,0.442,7.45
69576.0,-6.0,-3546912.0,0.467,7.21
69581.0,362.0,-3548885.0,0.708,7.21
69586.0,67.0,-3553716.0,0.575,7.21
69593.0,-57.0,-3558342.0,1.058,7.21
69598.0,593.0,-3560279.0,0.058,6.72
69602.0,560.0,-3564430.0,0.467,7.94
69608.0,-32.0,-3568950.0,0.258,7.45
69613.0,120.0,-3570827.0,0.458,7.21
69618.0,241.0,-3575074.0,0.45,8.43
69623.0,117.0,-3579280.0,0.608,7.21
69629.0,451.0,-3581773.0,0.325,7.21
69634.0,356.0,-3586692.0,0.558,7.45
69640.0,292.0,-3590662.0,0.217,7.7
69645.0,194.0,-3594890.0,0.425,7.7
69651.0,250.0,-3596911.0,0.292,7.94
69655.0,5.0,-3600752.0,0.417,7.45
69661.0,-23.0,-3605258.0,0.158,7.45
69666.0,-123.0,-3607503.0,0.55,6.96
69671.0,-50.0,-3612258.0,0.242,7.21
69677.0,310.0,-3616698.0,0.483,7.45
69682.0,88.0,-3618903.0,0.408,7.21
69687.0,71.0,-3623976.0,0.308,7.21
69692.0,-31.0,-3627614.0,0.3,7.7
69698.0,259.0,-3629263.0,0.392,7.21
69702.0,-16.0,-3633364.0,0.283,7.21
69708.0,738.0,-3638430.0,0.55,7.21
69713.0,132.0,-3640855.0,0.325,8.19
69719.0,183.0,-3645596.0,0.325,7.21
69724.0,61.0,-3649876.0,0.317,7.45
69729.0,449.0,-3652257.0,0.358,7.7
69734.0,388.0,-3656430.0,0.4,7.94
69740.0,-66.0,-3660298.0,0.475,7.21
69745.0,90.0,-3662657.0,0.475,9.16
69749.0,275.0,-3667648.0,0.55,7.21
69755.0,494.0,-3671548.0,0.408,7.21
69761.0,256.0,-3673697.0,0.292,6.96
69765.0,157.0,-3677948.0,0.375,7.94
69771.0,429.0,-3682244.0,0.242,7.21
69776.0,137.0,-3683859.0,0.408,7.21
69781.0,300.0,-3688062.0,0.317,7.21
69786.0,260.0,-3692584.0,0.567,7.7
69792.0,270.0,-3694829.0,0.433,7.45
69796.0,571.0,-3699374.0,0.267,7.45
69801.0,164.0,-3703486.0,0.392,7.7
69808.0,566.0,-3704999.0,0.375,8.43
69812.0,465.0,-3709472.0,0.342,7.94
69818.0,79.0,-3713286.0,0.475,7.7
69823.0,97.0,-3715443.0,0.25,6.48
69828.0,316.0,-3719642.0,0.533,7.21
69833.0,-60.0,-3724046.0,0.467,6.96
69838.0,348.0,-3726193.0,0.392,7.21
69843.0,365.0,-3730564.0,0.358,7.21
69849.0,440.0,-3732677.0,0.308,7.21
69854.0,464.0,-3736654.0,0.375,7.45
69859.0,465.0,-3740438.0,0.567,7.21
69865.0,383.0,-3744262.0,0.317,7.21
69870.0,221.0,-3746471.0,0.308,7.21
69875.0,432.0,-3750704.0,0.483,6.96
69880.0,346.0,-3755272.0,0.442,7.7
69885.0,292.0,-3757471.0,0.35,7.21
69891.0,227.0,-3761288.0,0.417,7.21
69896.0,-52.0,-3762993.0,0.242,7.21
69901.0,350.0,-3766724.0,0.533,7.21
69906.0,-97.0,-3771276.0,0.508,6.23
69911.0,93.0,-3773311.0,0.083,7.21
69916.0,639.0,-3777428.0,0.417,7.45
69921.0,302.0,-3781572.0,0.425,6.96
69927.0,178.0,-3785390.0,0.258,7.21
69933.0,440.0,-3787157.0,0.342,7.21
69938.0,609.0,-3791022.0,0.375,7.21
69943.0,178.0,-3793191.0,0.375,6.96
69948.0,-146.0,-3796860.0,0.392,7.21
69953.0,-97.0,-3800844.0,0.208,7.21
69958.0,237.0,-3803187.0,0.158,6.96
69963.0,281.0,-3807308.0,0.533,7.21
69968.0,270.0,-3811054.0,0.25,7.21
69974.0,526.0,-3812839.0,0.358,7.21
69979.0,76.0,-3816818.0,0.375,7.7
69985.0,-97.0,-3820966.0,0.358,7.21
69990.0,397.0,-3824012.0,0.392,7.7
69995.0,291.0,-3826543.0,0.558,7.45
70000.0,172.0,-3831270.0,0.308,7.7
70005.0,73.0,-3833175.0,0.275,7.45
70010.0,509.0,-3836994.0,0.417,7.21
70016.0,538.0,-3841292.0,0.25,7.45
70021.0,-24.0,-3843085.0,0.425,7.45
70026.0,-68.0,-3846374.0,0.333,7.21
70031.0,359.0,-3850858.0,0.292,7.7
70036.0,15.0,-3853029.0,0.533,7.21
70042.0,119.0,-3857352.0,0.333,7.7
70047.0,132.0,-3861660.0,0.242,7.21
70051.0,489.0,-3863295.0,0.358,7.21
70057.0,-259.0,-3867128.0,0.383,7.94
70063.0,-34.0,-3870798.0,0.25,6.96
70068.0,114.0,-3872363.0,0.575,7.21
70073.0,406.0,-3876266.0,0.375,7.45
70078.0,377.0,-3880148.0,0.367,7.45
70083.0,667.0,-3882557.0,0.325,7.21
70088.0,125.0,-3886150.0,0.158,7.21
70094.0,224.0,-3889820.0,0.4,7.45
70098.0,83.0,-3891867.0,0.358,5.5
70104.0,359.0,-3893710.0,0.375,7.21
70110.0,206.0,-3899052.0,0.5,7.21
70115.0,302.0,-3901235.0,0.392,7.21
70120.0,200.0,-3905134.0,0.192,7.21
70125.0,423.0,-3909274.0,0.333,7.45
70130.0,297.0,-3910785.0,0.2,7.7
70135.0,73.0,-3915040.0,0.25,7.21
70140.0,-88.0,-3918558.0,0.325,7.21
70146.0,188.0,-3920061.0,0.35,7.21
70152.0,-126.0,-3923882.0,0.367,7.7
70157.0,-31.0,-3928102.0,0.417,6.96
70161.0,246.0,-3930099.0,0.175,7.21
70167.0,-8.0,-3931936.0,0.325,7.21
70171.0,-101.0,-3935615.0,0.275,6.96
70176.0,137.0,-3939244.0,0.317,7.45
70181.0,640.0,-3942946.0,0.308,7.21
70187.0,91.0,-3944671.0,0.217,6.96
70192.0,67.0,-3948062.0,0.408,7.45
70197.0,-40.0,-3951682.0,0.458,7.21
70202.0,444.0,-3953757.0,0.15,6.96
70208.0,-156.0,-3958074.0,0.308,6.96
70213.0,305.0,-3961744.0,0.167,7.21
70217.0,470.0,-3963455.0,0.175,7.21
70223.0,194.0,-3966963.0,0.283,7.21
70228.0,225.0,-3970091.0,0.358,6.96
70234.0,382.0,-3972182.0,0.267,7.21
70239.0,168.0,-3975923.0,0.508,7.21
70244.0,231.0,-3980037.0,0.233,7.7
70249.0,484.0,-3981886.0,0.342,7.21
70255.0,496.0,-3985160.0,0.075,7.45
70260.0,217.0,-3988770.0,0.225,7.94
70264.0,-4.0,-3990479.0,0.425,6.96
70270.0,242.0,-3993649.0,0.233,7.7
70276.0,27.0,-3997729.0,0.25,6.96
70281.0,186.0,-3999690.0,0.542,7.21
70286.0,156.0,-4003502.0,0.117,6.96
70291.0,-29.0,-4006996.0,0.467,6.96
70296.0,194.0,-4008937.0,0.208,7.7
70301.0,64.0,-4011042.0,0.267,7.21
70306.0,-175.0,-4016276.0,0.317,7.21
70311.0,-102.0,-4017795.0,0.317,6.96
70318.0,-202.0,-4021441.0,0.233,6.96
70323.0,-43.0,-4025335.0,0.467,6.96
70327.0,86.0,-4027584.0,0.2,7.7
70333.0,378.0,-4031916.0,0.433,8.92
70338.0,49.0,-4034768.0,0.267,6.96
70343.0,116.0,-4036687.0,0.183,7.45
70348.0,216.0,-4040345.0,0.225,7.7
70354.0,163.0,-4043417.0,0.392,6.96
70359.0,-140.0,-4045544.0,0.208,7.7
70365.0,370.0,-4049616.0,0.258,7.7
70370.0,431.0,-4053180.0,0.125,7.45
70375.0,180.0,-4054971.0,0.292,7.21
70380.0,520.0,-4056978.0,0.442,6.96
70385.0,549.0,-4062366.0,0.3,7.94
70390.0,464.0,-4063693.0,0.275,6.96
70395.0,332.0,-4066589.0,0.25,7.45
70401.0,361.0,-4070521.0,0.275,7.21
70406.0,696.0,-4072286.0,0.208,6.96
70412.0,156.0,-4075782.0,0.183,6.96
70417.0,-7.0,-4079454.0,0.3,7.21
70421.0,38.0,-4081267.0,0.258,7.21
70427.0,132.0,-4084825.0,0.283,7.21
70432.0,-43.0,-4088055.0,0.325,7.7
70437.0,-222.0,-4089698.0,0.167,7.45
70443.0,62.0,-4093334.0,0.325,7.21
70449.0,379.0,-4096954.0,0.208,6.96
70453.0,98.0,-4099191.0,0.167,7.45
70459.0,2.0,-4102635.0,0.175,6.96
70464.0,247.0,-4106229.0,0.317,7.7
70469.0,266.0,-4108088.0,0.225,6.96
70474.0,94.0,-4109171.0,0.333,6.96
70479.0,67.0,-4114255.0,0.217,7.21
70483.0,296.0,-4116326.0,0.5,7.21
70490.0,56.0,-4119862.0,0.333,7.45
70495.0,203.0,-4123190.0,0.042,7.7
70500.0,402.0,-4125111.0,0.042,7.45
70505.0,142.0,-4128643.0,0.167,6.96
70511.0,339.0,-4131639.0,0.267,7.7
70515.0,564.0,-4133020.0,0.342,7.7
70521.0,280.0,-4136624.0,0.125,7.45
70526.0,-70.0,-4140356.0,0.233,6.96
70532.0,87.0,-4142129.0,0.225,7.21
70537.0,269.0,-4145720.0,0.217,7.21
70543.0,141.0,-4148712.0,0.35,6.96
70548.0,150.0,-4150539.0,0.167,7.7
70553.0,288.0,-4154080.0,0.242,6.96
70558.0,-138.0,-4156970.0,0.2,7.45
70563.0,-105.0,-4158735.0,0.025,7.45
70568.0,-153.0,-4162298.0,0.158,7.7
70575.0,369.0,-4165856.0,0.3,7.21
70580.0,282.0,-4169534.0,0.183,6.96
70585.0,87.0,-4170757.0,0.358,7.45
70590.0,5.0,-4174215.0,0.233,7.21
70595.0,182.0,-4177415.0,0.175,7.21
70600.0,125.0,-4179326.0,0.35,7.7
70605.0,339.0,-4182654.0,0.167,8.68
70611.0,125.0,-4186330.0,0.183,6.96
70617.0,186.0,-4188329.0,0.442,7.21
70622.0,350.0,-4191730.0,0.158,6.96
70627.0,194.0,-4195086.0,0.317,7.21
70632.0,61.0,-4196723.0,0.217,6.96
70637.0,-37.0,-4200532.0,0.225,6.96
70643.0,211.0,-4203778.0,0.25,6.96
70648.0,318.0,-4205433.0,0.217,7.45
70653.0,150.0,-4208628.0,0.092,6.96
70659.0,414.0,-4212424.0,0.433,6.96
70664.0,273.0,-4215770.0,0.15,7.21
70669.0,134.0,-4217433.0,0.217,7.7
70675.0,-32.0,-4220413.0,0.167,7.21
70680.0,322.0,-4223315.0,0.217,7.45
70685.0,407.0,-4224924.0,0.05,6.96
70690.0,111.0,-4227933.0,0.308,6.96
70696.0,-11.0,-4231907.0,0.125,7.45
70701.0,192.0,-4233672.0,0.317,7.21
70706.0,222.0,-4236677.0,0.208,6.96
70712.0,174.0,-4239949.0,0.233,6.96
70717.0,113.0,-4241484.0,0.183,7.21
70722.0,315.0,-4244187.0,0.308,6.96
70728.0,593.0,-4247225.0,0.175,6.96
70732.0,580.0,-4248860.0,0.142,5.99
70737.0,357.0,-4252411.0,0.125,6.96
70744.0,461.0,-4255569.0,0.275,7.7
70748.0,670.0,-4257302.0,0.183,6.96
70753.0,150.0,-4260793.0,0.217,7.45
70759.0,350.0,-4263729.0,0.283,7.21
70764.0,429.0,-4265048.0,0.375,7.21
70768.0,358.0,-4268801.0,0.083,6.96
70774.0,322.0,-4271657.0,0.258,7.45
70779.0,549.0,-4273334.0,0.267,6.96
70785.0,33.0,-4274865.0,0.192,7.45
70790.0,349.0,-4279721.0,0.325,6.96
70795.0,616.0,-4281474.0,0.217,6.96
70800.0,346.0,-4284357.0,0.133,6.96
70806.0,274.0,-4287319.0,0.267,6.96
70811.0,299.0,-4288682.0,0.2,7.21
70816.0,255.0,-4291645.0,0.075,7.21
70821.0,143.0,-4295427.0,0.367,6.96
70827.0,194.0,-4296882.0,0.175,7.21
70832.0,203.0,-4299813.0,0.033,6.96
70837.0,21.0,-4303459.0,0.325,6.96
70842.0,-4.0,-4304712.0,0.117,7.21
70847.0,640.0,-4307262.0,0.125,6.96
70853.0,262.0,-4310586.0,0.233,6.96
70859.0,606.0,-4313420.0,0.158,7.45
70863.0,239.0,-4315053.0,0.308,6.96
70868.0,281.0,-4316614.0,0.142,6.96
70875.0,477.0,-4321432.0,0.033,6.96
70880.0,480.0,-4323253.0,0.283,7.45
70884.0,501.0,-4325846.0,0.175,7.21
70890.0,63.0,-4329048.0,0.183,7.21
70895.0,442.0,-4330377.0,0.425,7.45
70900.0,486.0,-4333527.0,0.142,6.96
70906.0,34.0,-4336787.0,0.033,7.21
70912.0,420.0,-4340541.0,0.317,7.21
70917.0,395.0,-4342162.0,-0.1,6.72
70923.0,27.0,-4345016.0,0.183,7.21
70928.0,243.0,-4348404.0,0.225,6.96
70934.0,487.0,-4351004.0,0.225,6.96
70939.0,304.0,-4352639.0,0.133,6.96
70944.0,208.0,-4355553.0,0.375,7.45
70950.0,256.0,-4359091.0,0.142,6.96
70956.0,98.0,-4361941.0,0.083,6.96
70961.0,-127.0,-4363592.0,0.383,7.45
70967.0,593.0,-4366848.0,0.225,6.96
70972.0,87.0,-4369422.0,0.1,6.96
70978.0,-53.0,-4370844.0,0.108,7.45
70982.0,60.0,-4370807.0,0.367,7.21
70988.0,388.0,-4371003.0,0.192,6.96
70994.0,212.0,-4370461.0,-0.117,7.21
71000.0,164.0,-4370289.0,0.042,6.96
71005.0,141.0,-4369560.0,0.025,6.72
71010.0,133.0,-4369228.0,0.0,6.48
71016.0,463.0,-4368858.0,0.225,7.21
71022.0,-61.0,-4368426.0,0.125,6.48
71026.0,336.0,-4367915.0,0.108,7.7
71032.0,412.0,-4367363.0,0.183,6.48
71037.0,344.0,-4366969.0,0.158,6.72
71044.0,232.0,-4365929.0,0.142,5.74
71049.0,181.0,-4365584.0,0.008,6.96
71054.0,217.0,-4364948.0,0.033,7.21
71060.0,-9.0,-4364258.0,0.133,6.48
71065.0,101.0,-4362698.0,0.067,6.48
71070.0,-18.0,-4362441.0,0.05,6.48
71076.0,-42.0,-4361819.0,0.092,6.48
71081.0,388.0,-4360683.0,0.158,6.48
71088.0,-188.0,-4359969.0,0.05,6.48
71093.0,295.0,-4359492.0,-0.008,6.23
71098.0,355.0,-4358566.0,0.158,6.48
71104.0,225.0,-4356916.0,0.083,6.48
71109.0,347.0,-4356360.0,0.05,7.21
71114.0,480.0,-4355713.0,0.167,6.48
71119.0,429.0,-4354537.0,0.133,7.21
71126.0,241.0,-4353419.0,0.108,6.48
71131.0,461.0,-4353298.0,0.042,6.48
71136.0,446.0,-4352333.0,0.075,6.96
71141.0,350.0,-4351665.0,0.067,6.48
71146.0,56.0,-4351248.0,0.125,6.48
71151.0,127.0,-4349967.0,0.017,6.48
71157.0,-25.0,-4348661.0,0.133,6.96
71162.0,-79.0,-4347990.0,0.017,6.48
71166.0,116.0,-4347423.0,0.058,6.23
71173.0,264.0,-4346357.0,0.142,6.72
71179.0,342.0,-4345259.0,0.075,6.48
71183.0,93.0,-4344660.0,-0.3,6.48
71188.0,216.0,-4343076.0,-0.542,6.48
71194.0,234.0,-4338200.0,1.092,7.21
71199.0,300.0,-4335417.0,-0.142,6.48
71204.0,-15.0,-4330346.0,-0.642,6.72
71209.0,27.0,-4325690.0,0.375,6.96
71216.0,291.0,-4323291.0,0.042,6.23
71220.0,-32.0,-4318804.0,0.292,6.23
71226.0,12.0,-4313630.0,0.35,6.23
71231.0,148.0,-4310813.0,-0.3,6.23
71236.0,37.0,-4305766.0,-0.2,6.23
71241.0,205.0,-4299974.0,0.767,6.23
71246.0,527.0,-4297355.0,-0.108,6.23
71251.0,524.0,-4292692.0,-0.233,6.23
71258.0,36.0,-4287778.0,0.192,6.72
71263.0,-52.0,-4285027.0,0.125,6.72
71267.0,199.0,-4279628.0,-0.108,5.99
71273.0,505.0,-4274634.0,-0.033,6.48
71279.0,-129.0,-4268934.0,-0.183,6.72
71284.0,131.0,-4266209.0,-0.017,6.23
71288.0,142.0,-4261140.0,0.242,6.23
71294.0,220.0,-4255936.0,0.167,9.16
71300.0,280.0,-4253443.0,-0.308,6.23
71305.0,109.0,-4248420.0,0.017,6.23
71310.0,563.0,-4243098.0,0.167,6.23
71316.0,-27.0,-4240579.0,-0.158,6.23
71320.0,32.0,-4234812.0,-0.108,5.99
71326.0,54.0,-4229956.0,0.075,6.72
71331.0,-4.0,-4227595.0,-0.217,6.48
71336.0,183.0,-4222298.0,0.2,6.23
71342.0,401.0,-4217556.0,0.092,6.48
71347.0,481.0,-4214921.0,-0.158,6.48
71352.0,326.0,-4209594.0,0.142,6.23
71358.0,200.0,-4204184.0,0.225,6.23
71363.0,466.0,-4199450.0,-0.042,6.23
71368.0,266.0,-4196863.0,-0.058,6.96
71373.0,75.0,-4191722.0,-0.175,6.23
71379.0,303.0,-4186624.0,0.125,6.23
71385.0,371.0,-4184585.0,-0.058,6.23
71389.0,72.0,-4179592.0,-0.125,6.23
71395.0,288.0,-4174512.0,0.083,6.23
71400.0,438.0,-4172013.0,-0.067,6.23
71405.0,345.0,-4166584.0,0.133,6.23
71411.0,431.0,-4161458.0,-0.058,6.23
71416.0,493.0,-4158977.0,-0.133,6.96
71420.0,378.0,-4154200.0,0.183,6.23
71427.0,336.0,-4149210.0,-0.075,6.72
71433.0,246.0,-4143890.0,-0.3,6.96
71438.0,362.0,-4141565.0,0.108,6.23
71442.0,417.0,-4135888.0,-0.05,6.23
71448.0,-57.0,-4130724.0,-0.025,6.23
71453.0,-111.0,-4127895.0,-0.017,6.23
71458.0,-8.0,-4123108.0,-0.025,7.21
71463.0,332.0,-4118004.0,-0.075,6.23
71469.0,130.0,-4115547.0,-0.017,5.99
71474.0,277.0,-4110456.0,-0.05,6.48
71480.0,581.0,-4104902.0,0.042,6.23
71485.0,-279.0,-4102363.0,-0.05,6.23
71490.0,164.0,-4097618.0,-0.133,5.99
71495.0,292.0,-4092194.0,0.025,6.72
71500.0,632.0,-4089531.0,0.033,6.23
71505.0,361.0,-4084622.0,-0.075,6.23
71511.0,-6.0,-4079728.0,-0.058,6.48
71516.0,146.0,-4077355.0,-0.1,6.23
71521.0,159.0,-4072092.0,0.267,6.72
71527.0,133.0,-4066826.0,-0.042,6.48
71532.0,97.0,-4064169.0,-0.25,5.99
71536.0,238.0,-4058776.0,0.025,6.72
71542.0,80.0,-4053664.0,-0.017,6.23
71547.0,52.0,-4051267.0,-0.175,6.23
71553.0,353.0,-4046634.0,0.0,6.23
71558.0,431.0,-4041274.0,-0.033,6.72
71563.0,217.0,-4038693.0,0.158,6.72
71568.0,270.0,-4033524.0,0.075,6.72
71573.0,255.0,-4028252.0,-0.033,6.48
71578.0,303.0,-4025395.0,0.117,5.99
71583.0,346.0,-4020042.0,-0.317,6.23
71589.0,272.0,-4014866.0,0.0,5.99
71595.0,120.0,-4012073.0,-0.083,6.23
71600.0,293.0,-4007090.0,-0.075,6.96
71605.0,237.0,-4001602.0,0.175,6.48
71610.0,527.0,-3998969.0,-0.142,6.72
71615.0,382.0,-3993936.0,-0.35,6.72
71620.0,197.0,-3991149.0,0.292,6.48
71625.0,379.0,-3985728.0,-0.325,6.23
71630.0,498.0,-3981108.0,-0.15,6.72
71636.0,80.0,-3975862.0,0.125,6.23
71642.0,222.0,-3973311.0,0.058,6.96
71646.0,219.0,-3968230.0,0.025,6.72
71652.0,49.0,-3963368.0,0.017,6.23
71657.0,299.0,-3960731.0,-0.133,6.23
71662.0,422.0,-3955612.0,-0.042,6.23
71667.0,512.0,-3950240.0,0.058,5.99
71673.0,308.0,-3948035.0,-0.192,6.23
71677.0,347.0,-3943358.0,-0.117,5.99
71683.0,888.0,-3940789.0,-0.092,6.72
71688.0,156.0,-3935316.0,0.2,6.23
71693.0,-231.0,-3930136.0,-0.217,6.23
71699.0,279.0,-3924642.0,-0.175,6.23
71704.0,171.0,-3922247.0,0.242,6.48
71709.0,134.0,-3917140.0,-0.292,5.99
71714.0,314.0,-3912802.0,-0.15,5.99
71719.0,418.0,-3910055.0,0.067,6.72
71726.0,270.0,-3904408.0,-0.417,6.72
71731.0,285.0,-3899850.0,-0.117,6.23
71736.0,617.0,-3897015.0,0.025,6.23
71741.0,307.0,-3891150.0,-0.1,6.48
71746.0,370.0,-3885818.0,-0.067,5.99
71752.0,40.0,-3880982.0,0.125,6.96
71757.0,146.0,-3878387.0,-0.108,6.23
71762.0,419.0,-3873122.0,-0.133,5.99
71767.0,374.0,-3870613.0,-0.15,5.99
71772.0,36.0,-3865508.0,-0.125,6.23
71778.0,87.0,-3860092.0,0.025,6.23
71783.0,465.0,-3857405.0,-0.05,6.23
71788.0,97.0,-3852286.0,-0.133,6.23
71793.0,214.0,-3846716.0,0.15,6.72
71798.0,380.0,-3844019.0,-0.058,6.72
71803.0,304.0,-3839030.0,-0.083,6.23
71809.0,237.0,-3834044.0,-0.333,6.48
71815.0,207.0,-3831319.0,-0.083,5.99
71820.0,131.0,-3825858.0,-0.05,6.23
71825.0,316.0,-3820866.0,-0.167,6.23
71830.0,163.0,-3818063.0,-0.05,6.23
71835.0,243.0,-3812552.0,0.175,6.48
71840.0,418.0,-3807766.0,-0.325,5.99
71845.0,244.0,-3805239.0,-0.017,6.23
71851.0,74.0,-3799466.0,-0.283,6.48
71856.0,65.0,-3794314.0,0.025,6.23
71861.0,211.0,-3791819.0,0.033,6.72
71866.0,269.0,-3786354.0,-0.175,5.25
71872.0,-2.0,-3781028.0,-0.067,5.99
71877.0,200.0,-3778089.0,0.058,6.48
71882.0,446.0,-3773192.0,-0.192,5.99
71887.0,293.0,-3767758.0,-0.158,6.48
71892.0,348.0,-3764777.0,-0.242,5.99
71898.0,-12.0,-3759284.0,0.175,6.23
71903.0,177.0,-3754230.0,-0.117,5.99
71908.0,49.0,-3751429.0,-0.275,6.23
71913.0,217.0,-3745738.0,0.133,6.48
71918.0,238.0,-3740686.0,-0.042,6.23
71923.0,356.0,-3738213.0,-0.275,6.23
71929.0,436.0,-3733394.0,0.125,6.23
71934.0,147.0,-3727938.0,-0.308,5.99
71939.0,330.0,-3725485.0,0.025,6.23
71945.0,442.0,-3719836.0,0.033,6.96
71950.0,317.0,-3714460.0,-0.008,6.48
71955.0,-119.0,-3712207.0,-0.3,6.48
71960.0,373.0,-3706874.0,0.058,6.72
71965.0,346.0,-3701582.0,-0.008,5.99
71970.0,-86.0,-3699557.0,-0.4,6.48
71975.0,198.0,-3693926.0,-0.075,5.99
71982.0,449.0,-3688788.0,0.183,6.23
71986.0,430.0,-3685899.0,-0.25,6.72
71992.0,168.0,-3680507.0,-0.15,7.21
71997.0,3.0,-3675177.0,0.133,6.72
72002.0,120.0,-3672634.0,-0.108,5.99
72007.0,150.0,-3666948.0,-0.333,6.23
72012.0,165.0,-3661892.0,0.067,6.23
72017.0,344.0,-3659101.0,-0.05,6.72
72023.0,342.0,-3654128.0,0.05,6.72
72028.0,511.0,-3648380.0,0.008,6.23
72033.0,278.0,-3645525.0,-0.308,5.99
72039.0,270.0,-3640031.0,0.008,6.23
72044.0,231.0,-3634285.0,0.142,6.72
72048.0,320.0,-3631720.0,-0.458,6.23
72054.0,242.0,-3626478.0,0.092,6.23
72059.0,347.0,-3621204.0,-0.05,6.23
72065.0,418.0,-3618507.0,-0.008,6.23
72070.0,256.0,-3612596.0,-0.042,6.23
72075.0,621.0,-3606372.0,-0.25,6.23
72080.0,502.0,-3603937.0,0.067,6.96
72086.0,274.0,-3598941.0,-0.058,5.99
72091.0,57.0,-3593113.0,-0.417,5.99
72095.0,188.0,-3590956.0,0.2,6.23
72101.0,466.0,-3585576.0,-0.167,6.72
72107.0,399.0,-3579646.0,-0.158,5.99
72112.0,292.0,-3576907.0,0.083,6.96
72117.0,300.0,-3574236.0,-0.308,6.23
72122.0,331.0,-3565708.0,0.125,6.72
72127.0,108.0,-3563111.0,-0.217,6.48
72132.0,252.0,-3557619.0,-0.117,6.23
72138.0,223.0,-3552699.0,0.083,6.23
72142.0,290.0,-3549578.0,-0.133,6.23
72148.0,348.0,-3543996.0,-0.108,5.99
72154.0,131.0,-3538148.0,-0.067,6.96
72159.0,88.0,-3535095.0,-0.267,6.23
72164.0,120.0,-3529431.0,0.108,6.48
72169.0,247.0,-3524061.0,0.017,5.99
72174.0,28.0,-3521276.0,-0.533,5.99
72179.0,212.0,-3518425.0,0.008,5.99
72184.0,491.0,-3510453.0,0.092,6.72
72189.0,528.0,-3507364.0,-0.392,6.23
72196.0,198.0,-3501480.0,-0.125,6.23
72201.0,285.0,-3495498.0,-0.217,5.99
72206.0,156.0,-3492269.0,0.025,6.23
72211.0,212.0,-3487265.0,0.0,6.23
72216.0,-93.0,-3481849.0,-0.342,5.99
72221.0,186.0,-3479130.0,-0.192,6.23
72226.0,390.0,-3473698.0,0.117,6.23
72232.0,311.0,-3468208.0,-0.183,6.72
72237.0,-40.0,-3465863.0,-0.067,5.99
72243.0,214.0,-3459533.0,-0.075,5.99
72248.0,454.0,-3453859.0,-0.217,5.99
72253.0,187.0,-3451058.0,0.108,5.99
72258.0,185.0,-3446451.0,-0.275,5.99
72264.0,105.0,-3440967.0,-0.342,6.72
72269.0,160.0,-3435243.0,0.217,6.23
72274.0,113.0,-3432542.0,-0.142,5.99
72280.0,445.0,-3426744.0,-0.133,6.48
72285.0,548.0,-3420968.0,-0.017,6.48
72290.0,67.0,-3417923.0,-0.3,5.99
72296.0,253.0,-3412193.0,0.05,5.99
72301.0,203.0,-3407193.0,-0.192,5.99
72306.0,134.0,-3404330.0,-0.05,6.23
72311.0,200.0,-3399167.0,-0.067,6.23
72317.0,498.0,-3392759.0,-0.258,5.99
72322.0,511.0,-3390026.0,-0.05,5.99
72328.0,189.0,-3383539.0,-0.233,6.72
72333.0,159.0,-3377663.0,-0.258,6.23
72338.0,200.0,-3372003.0,0.167,5.99
72343.0,509.0,-3369440.0,-0.308,5.99
72349.0,391.0,-3364146.0,-0.133,5.99
72354.0,604.0,-3358176.0,-0.325,6.23
72358.0,115.0,-3355071.0,-0.008,6.48
72365.0,509.0,-3348891.0,-0.192,6.48
72371.0,125.0,-3342343.0,-0.05,6.23
72375.0,-66.0,-3339226.0,-0.242,5.99
72380.0,230.0,-3334017.0,0.158,5.99
72386.0,400.0,-3328671.0,-0.325,6.23
72391.0,237.0,-3325568.0,-0.175,6.48
72396.0,571.0,-3319687.0,-0.15,5.99
72402.0,217.0,-3314079.0,-0.133,6.48
72408.0,52.0,-3307279.0,-0.233,6.23
72412.0,225.0,-3304162.0,0.008,5.99
72418.0,361.0,-3298288.0,-0.317,6.72
72424.0,485.0,-3292726.0,0.075,6.48
72428.0,274.0,-3290361.0,-0.15,5.99
72433.0,256.0,-3284232.0,-0.292,6.48
72439.0,-42.0,-3278596.0,-0.292,6.48
72444.0,-209.0,-3275439.0,-0.067,5.99
72450.0,399.0,-3269160.0,-0.275,5.99
72455.0,197.0,-3262688.0,0.025,5.99
72460.0,44.0,-3259759.0,-0.467,6.48
72465.0,199.0,-3253936.0,0.167,5.99
72470.0,187.0,-3248866.0,-0.433,5.99
72475.0,94.0,-3245603.0,0.058,5.74
72480.0,332.0,-3239510.0,-0.425,5.99
72486.0,50.0,-3233584.0,-0.267,5.99
72491.0,241.0,-3230369.0,-0.042,6.48
72497.0,331.0,-3224220.0,-0.008,5.99
72502.0,273.0,-3217730.0,-0.342,6.23
72507.0,164.0,-3214783.0,0.083,6.72
72512.0,-66.0,-3209382.0,-0.217,5.99
72518.0,370.0,-3203532.0,0.025,5.5
72522.0,379.0,-3200573.0,-0.467,5.99
72527.0,296.0,-3194482.0,0.083,5.99
72534.0,504.0,-3188500.0,-0.35,6.72
72538.0,-3.0,-3185633.0,-0.058,5.99
72544.0,227.0,-3179209.0,-0.058,5.99
72549.0,421.0,-3174111.0,-0.15,6.48
72555.0,313.0,-3168503.0,-0.425,6.48
72560.0,122.0,-3165150.0,0.275,5.99
72565.0,152.0,-3162165.0,-0.158,6.48
72570.0,528.0,-3154243.0,-0.45,5.99
72576.0,243.0,-3150778.0,0.033,5.99
72581.0,255.0,-3144209.0,-0.217,6.23
72587.0,189.0,-3138573.0,-0.3,5.01
72592.0,510.0,-3135508.0,-0.108,6.72
72596.0,439.0,-3129589.0,-0.317,6.23
72602.0,435.0,-3123949.0,-0.133,5.99
72607.0,176.0,-3120860.0,0.025,5.74
72612.0,186.0,-3117729.0,-0.133,5.99
72617.0,278.0,-3108555.0,-0.325,6.72
72623.0,413.0,-3105042.0,-0.2,6.72
72628.0,368.0,-3099671.0,0.008,6.23
72633.0,358.0,-3093411.0,-0.267,6.23
72638.0,215.0,-3090722.0,-0.425,6.72
72644.0,351.0,-3084194.0,0.092,5.74
72649.0,-99.0,-3077998.0,-0.2,5.99
72655.0,87.0,-3071316.0,-0.292,6.48
72659.0,58.0,-3068073.0,-0.183,6.96
72666.0,494.0,-3062287.0,-0.075,5.99
72672.0,106.0,-3055667.0,-0.25,6.23
72677.0,406.0,-3050325.0,-0.342,5.99
72682.0,611.0,-3047266.0,-0.133,6.72
72687.0,-163.0,-3040974.0,-0.5,5.74
72693.0,75.0,-3034586.0,-0.4,5.99
72699.0,467.0,-3028080.0,-0.033,5.99
72704.0,430.0,-3024855.0,0.05,6.48
72710.0,498.0,-3018231.0,-0.317,6.23
72716.0,620.0,-3012751.0,-0.117,6.48
72721.0,168.0,-3007287.0,-0.433,6.48
72726.0,-151.0,-3004098.0,0.025,6.48
72731.0,-18.0,-3000943.0,-0.467,6.48
72736.0,304.0,-2991283.0,-0.317,5.99
72741.0,263.0,-2988014.0,-0.325,6.48
72747.0,-55.0,-2981134.0,0.1,6.48
72753.0,163.0,-2975646.0,-0.367,5.99
72759.0,443.0,-2969060.0,-0.017,5.99
72763.0,86.0,-2966207.0,-0.65,5.74
72769.0,22.0,-2960193.0,0.092,5.99
72774.0,474.0,-2953693.0,-0.258,5.99
72780.0,-2.0,-2947005.0,-0.15,5.99
72785.0,263.0,-2943868.0,-0.3,6.72
72791.0,219.0,-2937186.0,-0.158,5.99
72797.0,217.0,-2931356.0,-0.15,5.74
72802.0,137.0,-2925564.0,0.067,5.99
72807.0,104.0,-2922359.0,-0.45,5.99
72813.0,556.0,-2915923.0,-0.333,5.99
72818.0,378.0,-2910087.0,0.117,6.48
72824.0,-100.0,-2903247.0,-0.292,5.74
72829.0,287.0,-2899740.0,0.042,6.72
72835.0,663.0,-2893762.0,-0.425,5.99
72841.0,73.0,-2888400.0,-0.275,5.99
72846.0,-43.0,-2882296.0,0.008,5.99
72851.0,148.0,-2879707.0,-0.467,6.48
72856.0,481.0,-2873587.0,-0.15,5.99
72862.0,397.0,-2866777.0,-0.208,6.23
72867.0,405.0,-2863406.0,-0.375,6.48
72872.0,596.0,-2856829.0,0.175,5.99
72878.0,-20.0,-2850563.0,-0.6,5.74
72883.0,194.0,-2847596.0,0.125,5.99
72888.0,-63.0,-2842321.0,-0.617,5.74
72894.0,321.0,-2835833.0,-0.15,6.48
72899.0,569.0,-2833018.0,-0.233,5.99
72903.0,462.0,-2826403.0,-0.325,6.23
72909.0,114.0,-2819423.0,-0.233,5.99
72915.0,278.0,-2813037.0,0.008,5.99
72920.0,117.0,-2809666.0,-0.525,6.23
72925.0,288.0,-2803258.0,0.35,5.99
72931.0,234.0,-2797884.0,-0.775,5.74
72936.0,-58.0,-2794265.0,-0.058,5.74
72941.0,187.0,-2787668.0,-0.317,5.74
72946.0,329.0,-2781334.0,-0.45,6.23
72952.0,139.0,-2777993.0,-0.15,5.74
72956.0,70.0,-2770636.0,-0.042,5.99
72963.0,394.0,-2764344.0,-0.392,6.23
72968.0,446.0,-2761511.0,-0.008,6.72
72973.0,1.0,-2755332.0,-0.55,5.74
72978.0,537.0,-2748762.0,0.008,5.99
72983.0,537.0,-2745409.0,-0.292,5.74
72988.0,292.0,-2738718.0,-0.342,5.99
72994.0,-30.0,-2731816.0,-0.317,6.23
72999.0,450.0,-2724968.0,0.05,5.99
73005.0,468.0,-2721865.0,-0.183,5.74
73010.0,165.0,-2714966.0,-0.317,5.74
73016.0,401.0,-2709210.0,-0.317,6.23
73021.0,177.0,-2705927.0,-0.008,6.23
73026.0,292.0,-2699532.0,-0.592,5.74
73031.0,462.0,-2693080.0,-0.483,5.99
73036.0,404.0,-2689821.0,-0.242,6.48
73041.0,373.0,-2682246.0,-0.258,6.23
73048.0,21.0,-2675862.0,-0.475,5.99
73053.0,689.0,-2672431.0,-0.175,5.74
73057.0,328.0,-2666260.0,-0.392,6.23
73063.0,502.0,-2659814.0,-0.083,5.74
73069.0,206.0,-2653010.0,-0.392,5.99
73074.0,204.0,-2649799.0,-0.483,5.74
73078.0,203.0,-2642244.0,-0.208,5.99
73084.0,141.0,-2635854.0,-0.108,6.23
73090.0,491.0,-2632475.0,-0.533,5.74
73095.0,694.0,-2626086.0,0.283,6.23
73100.0,378.0,-2619786.0,-0.575,5.99
73106.0,-126.0,-2616555.0,-0.092,6.23
73110.0,171.0,-2610180.0,-0.117,6.48
73116.0,55.0,-2603626.0,-0.6,5.74
73121.0,-63.0,-2599835.0,-0.192,5.99
73126.0,-188.0,-2593124.0,-0.242,5.74
73132.0,218.0,-2586406.0,-0.342,5.74
73138.0,272.0,-2580218.0,-0.2,6.48
73143.0,248.0,-2577313.0,-0.333,5.99
73148.0,351.0,-2571252.0,-0.183,5.74
73153.0,511.0,-2564594.0,-0.283,6.48
73158.0,101.0,-2561123.0,-0.492,6.23
73163.0,160.0,-2554524.0,-0.25,6.48
73169.0,334.0,-2547850.0,-0.267,5.74
73175.0,222.0,-2544519.0,-0.333,5.99
73180.0,109.0,-2538318.0,-0.208,7.45
73185.0,559.0,-2531950.0,-0.417,5.74
73190.0,571.0,-2528747.0,-0.475,5.99
73195.0,396.0,-2522130.0,0.017,5.74
73201.0,298.0,-2515446.0,-0.617,5.74
73206.0,366.0,-2508066.0,-0.225,5.99
73211.0,428.0,-2504949.0,-0.392,5.74
73217.0,349.0,-2497718.0,-0.225,5.99
73223.0,393.0,-2491590.0,-0.342,6.23
73228.0,469.0,-2488263.0,-0.083,5.74
73233.0,552.0,-2482236.0,-0.733,5.74
73238.0,96.0,-2474690.0,-0.017,5.99
73243.0,402.0,-2471037.0,-0.4,5.99
73248.0,241.0,-2464162.0,-0.275,5.74
73254.0,335.0,-2457064.0,-0.333,5.74
73260.0,211.0,-2453983.0,-0.317,5.74
73264.0,304.0,-2447334.0,-0.358,5.74
73270.0,245.0,-2440768.0,-0.475,5.74
73275.0,-5.0,-2437437.0,-0.642,5.74
73279.0,320.0,-2430804.0,0.075,5.5
73285.0,322.0,-2423230.0,-0.75,5.74
73290.0,480.0,-2419687.0,0.033,5.5
73295.0,475.0,-2412942.0,-0.492,5.74
73300.0,291.0,-2406220.0,-0.4,5.74
73307.0,299.0,-2403183.0,-0.492,5.74
73311.0,326.0,-2396228.0,-0.242,5.99
73316.0,1.0,-2389798.0,-0.917,5.74
73321.0,559.0,-2386413.0,0.025,6.23
73326.0,656.0,-2378784.0,-0.475,5.74
73332.0,18.0,-2371862.0,-0.183,5.74
73337.0,132.0,-2368779.0,-0.483,5.5
73342.0,-17.0,-2361782.0,-0.15,5.99
73348.0,155.0,-2355548.0,-0.6,6.48
73353.0,377.0,-2352121.0,-0.242,5.5
73358.0,470.0,-2344906.0,-0.617,5.5
73364.0,222.0,-2337894.0,-0.125,5.99
73369.0,-62.0,-2334791.0,-0.833,6.23
73373.0,97.0,-2327282.0,0.325,5.99
73378.0,440.0,-2323797.0,-0.792,5.74
73383.0,26.0,-2317068.0,-0.042,5.99
73389.0,369.0,-2310396.0,-0.467,5.5
73394.0,151.0,-2307127.0,-0.358,6.23
73400.0,435.0,-2300288.0,-0.575,5.74
73405.0,200.0,-2292934.0,-0.408,6.23
73410.0,256.0,-2285808.0,-0.517,5.74
73415.0,304.0,-2282331.0,0.2,5.5
73420.0,309.0,-2275848.0,-0.65,5.74
73426.0,15.0,-2269740.0,-0.2,5.99
73432.0,285.0,-2266605.0,-0.7,5.99
73437.0,84.0,-2259856.0,-0.275,5.5
73441.0,299.0,-2256495.0,-0.508,6.23
73446.0,173.0,-2250292.0,-0.65,5.5
73451.0,86.0,-2243318.0,-0.533,5.74
73457.0,64.0,-2239271.0,0.008,5.5
73462.0,364.0,-2232590.0,-0.442,5.74
73467.0,-65.0,-2226206.0,-0.442,5.5
73473.0,483.0,-2223209.0,-0.208,5.5
73478.0,199.0,-2217184.0,-0.717,5.5
73483.0,120.0,-2210032.0,-0.308,5.74
73489.0,398.0,-2203330.0,-0.458,5.74
73494.0,442.0,-2199597.0,-0.692,6.48
73499.0,363.0,-2192172.0,0.033,5.5
73503.0,256.0,-2189025.0,-0.558,5.5
73508.0,160.0,-2182886.0,-0.7,5.99
73515.0,201.0,-2176312.0,0.067,5.5
73520.0,127.0,-2172755.0,-0.917,5.99
73525.0,257.0,-2165834.0,-0.358,5.74
73530.0,168.0,-2158662.0,-0.508,5.5
73535.0,178.0,-2155045.0,-0.567,5.5
73540.0,-4.0,-2147374.0,-0.183,5.74
73545.0,255.0,-2140570.0,-0.617,6.72
73551.0,589.0,-2133444.0,-0.283,5.5
73556.0,107.0,-2130179.0,-0.533,5.5
73562.0,572.0,-2123412.0,-0.55,5.5
73567.0,381.0,-2120289.0,-0.567,5.99
73572.0,527.0,-2112982.0,-0.483,6.23
73577.0,288.0,-2105458.0,-0.817,5.99
73582.0,172.0,-2101597.0,0.2,5.5
73587.0,198.0,-2094818.0,-1.075,5.5
73592.0,179.0,-2087582.0,0.058,5.25
73597.0,68.0,-2084683.0,-0.308,5.5
73603.0,414.0,-2077768.0,-1.133,5.74
73608.0,357.0,-2070602.0,-0.142,5.25
73613.0,115.0,-2067145.0,-0.467,5.5
73619.0,363.0,-2060068.0,-0.583,5.5
73624.0,178.0,-2052606.0,-0.367,5.5
73629.0,348.0,-2049065.0,-0.55,5.5
73634.0,216.0,-2042122.0,-0.383,5.5
73639.0,325.0,-2035812.0,-0.367,5.99
73645.0,528.0,-2032135.0,-0.65,5.5
73650.0,402.0,-2025256.0,-0.117,5.5
73655.0,525.0,-2018704.0,-0.908,5.99
73660.0,549.0,-2014727.0,-0.167,5.99
73665.0,313.0,-2007174.0,-0.742,5.5
73671.0,234.0,-1999742.0,-0.492,5.99
73676.0,484.0,-1996313.0,-0.342,5.25
73681.0,576.0,-1989506.0,-0.442,5.5
73687.0,345.0,-1982892.0,-0.7,5.25
73692.0,46.0,-1979141.0,-0.283,5.25
73697.0,242.0,-1972322.0,-0.633,5.5
73702.0,247.0,-1965054.0,-0.8,5.5
73707.0,141.0,-1961419.0,0.025,5.99
73712.0,507.0,-1954982.0,-1.042,5.99
73717.0,650.0,-1948060.0,-0.1,5.74
73723.0,330.0,-1945083.0,-0.433,5.99
73729.0,338.0,-1938354.0,-1.008,5.99
73734.0,199.0,-1931358.0,0.292,5.5
73739.0,204.0,-1928223.0,-0.983,5.5
73744.0,22.0,-1924944.0,-0.492,5.5
73749.0,287.0,-1914468.0,-0.383,5.25
73754.0,467.0,-1911323.0,-0.792,5.99
73759.0,413.0,-1904300.0,-0.292,5.5
73764.0,564.0,-1898122.0,-0.125,5.5
73769.0,132.0,-1895109.0,-1.233,5.25
73776.0,166.0,-1887750.0,-0.133,5.74
73781.0,339.0,-1881476.0,-0.6,5.25
73785.0,230.0,-1877757.0,-0.933,5.25
73791.0,260.0,-1870365.0,0.017,5.74
73796.0,403.0,-1863535.0,-0.925,5.25
73801.0,328.0,-1860052.0,-0.458,5.25
73806.0,-72.0,-1853323.0,-0.4,5.25
73811.0,143.0,-1845839.0,-0.917,5.25
73817.0,471.0,-1842570.0,-0.233,5.01
73822.0,13.0,-1836035.0,-0.6,5.25
73828.0,336.0,-1828401.0,-0.917,5.01
73832.0,429.0,-1824680.0,-0.158,5.25
73838.0,-141.0,-1817740.0,-0.858,5.25
73843.0,-68.0,-1810472.0,-0.542,5.25
73848.0,637.0,-1807049.0,-0.258,5.5
73853.0,-87.0,-1799803.0,-1.125,5.25
73859.0,-108.0,-1792925.0,-0.45,5.74
73864.0,317.0,-1789556.0,-0.475,5.74
73869.0,271.0,-1786035.0,-1.033,5.25
73874.0,-34.0,-1774475.0,-0.325,5.25
73879.0,-1.0,-1771022.0,-0.933,5.99
73884.0,438.0,-1763942.0,-0.4,5.01
73889.0,283.0,-1760583.0,-0.65,5.74
73894.0,391.0,-1753610.0,-0.967,5.25
73900.0,220.0,-1746800.0,-0.525,5.25
73905.0,227.0,-1743029.0,-0.367,5.01
73910.0,383.0,-1736225.0,-1.208,5.01
73916.0,226.0,-1728959.0,-0.325,5.74
73920.0,525.0,-1725296.0,-0.592,5.01
73925.0,403.0,-1718057.0,-1.258,5.25
73931.0,212.0,-1710569.0,0.05,5.25
73935.0,221.0,-1707412.0,-0.983,5.01
73942.0,369.0,-1700796.0,-0.825,5.01
73947.0,446.0,-1693648.0,-0.092,5.01
73952.0,221.0,-1689741.0,-1.442,5.25
73957.0,201.0,-1682233.0,-0.3,5.5
73962.0,182.0,-1675427.0,-0.617,5.5
73967.0,281.0,-1671658.0,-0.858,5.25
73973.0,295.0,-1664284.0,-0.583,5.01
73978.0,275.0,-1657772.0,-0.983,5.01
73984.0,220.0,-1654005.0,-0.708,5.01
73989.0,502.0,-1646916.0,-0.558,4.77
73995.0,320.0,-1639532.0,-1.042,5.01
74000.0,619.0,-1631984.0,-0.233,5.25
74005.0,366.0,-1628453.0,-1.1,5.01
74010.0,128.0,-1621505.0,-0.592,5.74
74015.0,467.0,-1615129.0,-0.2,5.25
74020.0,230.0,-1611786.0,-1.483,5.01
74027.0,356.0,-1604398.0,-0.35,5.01
74032.0,163.0,-1597406.0,-0.758,5.01
74036.0,112.0,-1594521.0,-1.083,5.01
74042.0,658.0,-1586965.0,-0.667,5.5
74048.0,180.0,-1580447.0,-0.15,5.99
74052.0,101.0,-1577108.0,-1.608,5.25
74057.0,195.0,-1570539.0,0.333,5.01
74063.0,203.0,-1564085.0,-1.458,5.01
74068.0,158.0,-1557497.0,-0.517,5.5
74074.0,207.0,-1553654.0,-0.975,5.01
74080.0,577.0,-1546070.0,-0.942,5.74
74085.0,214.0,-1539054.0,-0.308,5.01
74089.0,589.0,-1535815.0,-0.867,5.25
74095.0,399.0,-1529215.0,-0.858,4.77
74101.0,247.0,-1522839.0,-0.4,4.77
74105.0,-20.0,-1519338.0,-1.358,5.5
74110.0,366.0,-1512385.0,-0.492,5.25
74117.0,494.0,-1505175.0,-1.067,5.74
74122.0,237.0,-1501550.0,-0.842,5.01
74127.0,423.0,-1493881.0,-0.433,5.01
74132.0,465.0,-1487005.0,-0.85,5.01
74138.0,410.0,-1479931.0,-1.017,4.77
74142.0,33.0,-1476734.0,-0.5,5.5
74148.0,451.0,-1470078.0,-1.258,4.77
74153.0,107.0,-1462478.0,-0.792,3.3
74159.0,208.0,-1458799.0,-0.625,4.77
74164.0,722.0,-1450890.0,-1.467,5.25
74170.0,792.0,-1444190.0,0.133,4.77
74175.0,617.0,-1440717.0,-1.317,5.25
74180.0,219.0,-1433862.0,-0.467,5.5
74185.0,39.0,-1427682.0,-1.392,4.52
74190.0,138.0,-1423561.0,-0.217,4.77
74195.0,181.0,-1416824.0,-1.15,5.01
74201.0,19.0,-1409450.0,-0.842,5.01
74206.0,128.0,-1405539.0,-0.892,4.77
74211.0,512.0,-1398552.0,-0.633,4.77
74217.0,262.0,-1391560.0,-1.058,5.5
74221.0,325.0,-1387917.0,-0.383,4.52
74227.0,435.0,-1381776.0,-1.167,4.77
74232.0,361.0,-1374184.0,-0.65,4.77
74237.0,-82.0,-1370473.0,-0.883,5.01
74243.0,-79.0,-1363962.0,-0.875,4.52
74248.0,857.0,-1356510.0,-1.142,4.52
74253.0,644.0,-1352739.0,-0.317,4.52
74258.0,222.0,-1345710.0,-1.125,4.52
74264.0,630.0,-1338576.0,-0.583,4.77
74268.0,321.0,-1335401.0,-1.0,4.77
74273.0,209.0,-1328518.0,-1.108,4.52
74279.0,321.0,-1321672.0,-0.9,4.77
74285.0,178.0,-1318237.0,-0.917,4.52
74289.0,277.0,-1310926.0,-1.533,4.77
74295.0,249.0,-1303670.0,-0.217,5.01
74300.0,354.0,-1300371.0,-1.3,4.77
74305.0,352.0,-1293164.0,-0.667,4.77
74310.0,124.0,-1287628.0,-0.725,4.52
74315.0,277.0,-1284307.0,-1.708,5.01
74320.0,347.0,-1276864.0,-0.292,4.52
74327.0,111.0,-1270716.0,-1.0,4.52
74332.0,286.0,-1266759.0,-1.642,5.5
74336.0,201.0,-1260338.0,0.217,4.77
74342.0,267.0,-1253732.0,-1.492,4.77
74347.0,328.0,-1250471.0,-0.392,4.77
74352.0,114.0,-1244106.0,-0.8,4.52
74357.0,598.0,-1237654.0,-1.475,4.77
74362.0,355.0,-1234191.0,-0.592,4.52
74368.0,637.0,-1228126.0,-0.758,5.25
74374.0,169.0,-1220342.0,-1.958,4.77
74379.0,318.0,-1216441.0,0.758,4.77
74383.0,511.0,-1210448.0,-1.817,4.52
74389.0,-29.0,-1203262.0,-0.575,5.5
74394.0,238.0,-1200167.0,-0.45,4.52
74399.0,72.0,-1193748.0,-1.617,5.01
74404.0,132.0,-1186572.0,-0.742,4.52
74409.0,197.0,-1183035.0,-1.225,4.52
74415.0,619.0,-1175928.0,-1.125,5.01
74421.0,119.0,-1168618.0,-0.542,4.52
74425.0,-122.0,-1165015.0,-1.55,4.52
74430.0,-75.0,-1157732.0,0.033,5.01
74436.0,355.0,-1151460.0,-1.233,4.28
74440.0,172.0,-1147941.0,-1.158,4.52
74446.0,394.0,-1140583.0,-0.583,5.01
74452.0,58.0,-1133303.0,-1.325,4.52
74458.0,626.0,-1126385.0,-0.842,4.28
74463.0,287.0,-1122614.0,-0.8,4.28
74468.0,587.0,-1115240.0,-1.358,4.77
74474.0,61.0,-1108490.0,-0.608,4.28
74480.0,89.0,-1101958.0,-1.408,4.28
74484.0,154.0,-1098467.0,-0.95,4.77
74490.0,344.0,-1091149.0,-0.808,4.77
74496.0,626.0,-1084101.0,-1.4,3.79
74502.0,-70.0,-1076471.0,-0.933,4.52
74507.0,-285.0,-1072702.0,-0.825,4.28
74512.0,375.0,-1065810.0,-1.183,4.03
74518.0,409.0,-1059248.0,-0.325,4.28
74523.0,149.0,-1051872.0,-1.692,4.77
74528.0,432.0,-1048503.0,-0.767,4.77
74533.0,251.0,-1041880.0,-0.683,4.28
74539.0,159.0,-1034426.0,-1.692,4.28
74544.0,130.0,-1030497.0,-0.467,4.77
74550.0,388.0,-1023535.0,-1.075,4.52
74555.0,-52.0,-1016461.0,-1.117,4.52
74561.0,716.0,-1009891.0,-0.667,4.03
74566.0,571.0,-1006360.0,-1.342,4.77
74571.0,87.0,-999222.0,-1.108,4.52
74577.0,11.0,-992010.0,-0.817,4.52
74583.0,679.0,-984638.0,-1.383,4.03
74588.0,480.0,-980867.0,-0.733,4.52
74593.0,164.0,-973693.0,-1.025,4.28
74599.0,468.0,-967239.0,-0.908,4.03
74604.0,-4.0,-964114.0,-0.783,4.03
74609.0,203.0,-957749.0,-1.533,4.28
74614.0,217.0,-951403.0,-0.758,4.28
74619.0,258.0,-947578.0,-0.933,4.28
74625.0,511.0,-940648.0,-1.45,4.28
74631.0,155.0,-933770.0,-0.108,4.28
74636.0,361.0,-931125.0,-1.617,4.77
74640.0,172.0,-923826.0,-0.8,4.77
74646.0,426.0,-917780.0,-0.658,4.03
74650.0,217.0,-914783.0,-1.575,4.28
74656.0,-96.0,-908585.0,-0.667,4.28
74661.0,80.0,-901863.0,-1.475,4.77
74667.0,105.0,-898436.0,-0.883,4.28
74672.0,66.0,-891814.0,-0.858,4.28
74677.0,698.0,-885006.0,-1.342,5.01
74682.0,839.0,-881607.0,-0.525,4.03
74687.0,612.0,-875079.0,-1.017,4.03
74693.0,22.0,-868725.0,-1.258,4.03
74697.0,513.0,-865344.0,-1.225,4.28
74702.0,458.0,-858622.0,-0.617,4.28
74708.0,154.0,-851488.0,-1.6,4.52
74714.0,513.0,-848033.0,-0.658,4.03
74719.0,606.0,-840797.0,-1.317,4.03
74724.0,0.0,-833949.0,-0.658,4.03
74729.0,-95.0,-830936.0,-1.183,4.03
74734.0,183.0,-824576.0,-1.417,3.79
74740.0,245.0,-817152.0,-0.867,4.03
74745.0,415.0,-813635.0,-1.233,4.03
74750.0,222.0,-806582.0,-1.4,3.79
74756.0,362.0,-799508.0,-0.617,4.52
74761.0,62.0,-796169.0,-1.558,4.03
74766.0,59.0,-789174.0,-0.975,3.79
74771.0,261.0,-783074.0,-0.45,3.79
74776.0,133.0,-779621.0,-2.142,4.52
74781.0,272.0,-771860.0,-0.067,4.03
74787.0,324.0,-765196.0,-1.783,4.03
74792.0,328.0,-761515.0,-0.95,4.28
74797.0,591.0,-754158.0,-1.058,3.79
74803.0,349.0,-747244.0,-1.317,3.79
74808.0,375.0,-744117.0,-0.717,3.79
74813.0,466.0,-737272.0,-1.358,3.79
74818.0,288.0,-730456.0,-1.275,4.03
74823.0,22.0,-727197.0,-0.517,4.28
74828.0,393.0,-720304.0,-1.983,4.52
74833.0,317.0,-713232.0,-0.467,3.79
74840.0,229.0,-709705.0,-1.375,3.79
74844.0,84.0,-702930.0,-1.45,3.79
74850.0,420.0,-695544.0,-0.925,4.03
74855.0,176.0,-692149.0,-0.65,4.28
74859.0,229.0,-686160.0,-2.35,3.79
74865.0,523.0,-679630.0,-0.067,3.54
74870.0,523.0,-676077.0,-1.958,4.03
74875.0,424.0,-669164.0,-1.292,3.54
74881.0,586.0,-661952.0,-0.825,4.03
74886.0,476.0,-658737.0,-1.35,3.54
74891.0,299.0,-652594.0,-1.075,3.54
74897.0,-129.0,-646428.0,-0.675,3.79
74902.0,623.0,-643641.0,-1.867,3.54
74906.0,418.0,-637308.0,-1.033,3.54
74912.0,416.0,-630326.0,-0.925,4.03
74917.0,286.0,-627787.0,-1.742,3.79
74923.0,481.0,-621244.0,-0.567,3.54
74928.0,299.0,-615300.0,-1.475,3.54
74933.0,3.0,-612043.0,-1.308,4.28
74938.0,424.0,-605854.0,-0.6,3.54
74944.0,478.0,-600442.0,-1.608,3.79
74949.0,272.0,-597699.0,-1.017,3.79
74953.0,179.0,-591270.0,-1.325,4.28
74959.0,333.0,-585002.0,-0.942,3.54
74964.0,577.0,-581881.0,-0.967,3.79
74970.0,182.0,-576168.0,-1.275,3.54
74975.0,-214.0,-570032.0,-1.442,3.79
74980.0,236.0,-567207.0,-0.033,4.03
74985.0,277.0,-561424.0,-2.267,3.79
74990.0,-143.0,-555428.0,-0.992,3.54
74996.0,689.0,-552833.0,-0.883,3.79
75000.0,608.0,-545854.0,-2.308,4.28
75006.0,250.0,-539372.0,-0.092,3.79
75012.0,498.0,-536487.0,-1.733,3.79
75017.0,417.0,-530162.0,-1.483,3.54
75022.0,-1.0,-523776.0,-0.917,4.03
75027.0,137.0,-520787.0,-1.033,3.3
75032.0,424.0,-514372.0,-1.633,3.79
75037.0,208.0,-508026.0,-1.392,3.3
75042.0,550.0,-504231.0,-1.142,3.79
75047.0,581.0,-497996.0,-1.192,3.54
75054.0,311.0,-491284.0,-1.592,3.79
75059.0,315.0,-487965.0,-1.242,4.03
75063.0,10.0,-481212.0,-0.95,3.3
75069.0,318.0,-475074.0,-1.708,3.3
75074.0,406.0,-471917.0,-1.167,3.3
75079.0,467.0,-466188.0,-1.442,3.3
75084.0,257.0,-459178.0,-1.842,3.3
75089.0,251.0,-456057.0,-1.0,4.03
75095.0,348.0,-450256.0,-1.967,3.3
75101.0,298.0,-443378.0,-2.158,3.05
75106.0,386.0,-440265.0,-1.45,0.61
75110.0,173.0,-434546.0,-2.583,3.3
75116.0,57.0,-428000.0,-2.658,3.54
75121.0,-41.0,-424703.0,1.467,3.79
75126.0,156.0,-418746.0,-1.425,3.3
75131.0,344.0,-412340.0,-1.058,3.3
75137.0,-8.0,-409409.0,-0.708,3.3
75142.0,-13.0,-406338.0,-1.558,4.03
75147.0,569.0,-400487.0,0.083,3.54
75151.0,318.0,-395072.0,-2.117,3.05
75157.0,281.0,-388934.0,0.083,1.83
75162.0,-15.0,-386121.0,-1.808,3.05
75166.0,116.0,-383288.0,-0.733,3.54
75172.0,12.0,-374176.0,-1.075,5.25
75177.0,128.0,-371243.0,-1.075,3.3
75183.0,431.0,-365361.0,-0.692,3.05
75188.0,484.0,-362466.0,-1.592,3.79
75193.0,124.0,-356691.0,-0.108,3.05
75198.0,129.0,-353055.0,0.058,3.05
75203.0,357.0,-351034.0,-2.067,3.3
75208.0,671.0,-346231.0,-0.908,3.3
75213.0,592.0,-340565.0,-0.917,4.28
75218.0,132.0,-337630.0,-0.85,3.54
75224.0,240.0,-332445.0,-1.067,3.79
75229.0,261.0,-326971.0,-0.883,3.54
75234.0,259.0,-324180.0,-0.442,3.79
75240.0,215.0,-318821.0,-1.033,3.3
75245.0,448.0,-313227.0,-1.142,3.54
75250.0,148.0,-310388.0,-0.992,3.54
75255.0,274.0,-304453.0,-0.558,4.28
75260.0,333.0,-298191.0,-0.967,3.54
75266.0,125.0,-295654.0,-0.842,3.54
75271.0,315.0,-289817.0,-1.108,3.54
75276.0,358.0,-284025.0,-0.558,3.54
75281.0,406.0,-281114.0,-0.925,3.3
75286.0,292.0,-274585.0,-1.083,3.54
75292.0,-83.0,-268847.0,-0.525,3.54
75297.0,243.0,-265918.0,-1.167,3.79
75302.0,153.0,-259677.0,-0.942,3.3
75308.0,472.0,-253197.0,-0.675,3.54
75313.0,286.0,-249908.0,-1.25,3.54
75318.0,212.0,-243217.0,-0.792,3.79
75323.0,257.0,-236545.0,-0.867,3.3
75328.0,583.0,-233050.0,-0.992,3.3
75333.0,305.0,-226409.0,-0.767,3.05
75338.0,520.0,-220265.0,-0.883,3.54
75344.0,164.0,-217382.0,-0.875,3.05
75350.0,260.0,-211383.0,-0.883,3.05
75355.0,477.0,-204685.0,-1.183,3.05
75360.0,379.0,-201380.0,-0.725,3.05
75365.0,537.0,-195063.0,-0.95,3.54
75370.0,560.0,-188155.0,-0.95,3.05
75375.0,346.0,-184912.0,-0.692,3.54
75380.0,272.0,-178963.0,-1.175,4.77
75385.0,45.0,-172317.0,-0.708,2.81
75390.0,423.0,-169136.0,-0.958,2.81
75396.0,385.0,-163503.0,-0.817,3.54
75402.0,284.0,-157419.0,-0.958,3.3
75407.0,-90.0,-154360.0,-0.95,3.3
75412.0,220.0,-148141.0,-0.808,1.59
75417.0,447.0,-142551.0,-0.9,3.54
75422.0,65.0,-139550.0,-0.867,3.05
75427.0,61.0,-134105.0,-0.983,3.05
75432.0,128.0,-128489.0,-0.775,3.05
75438.0,-66.0,-125874.0,-0.867,3.54
75443.0,418.0,-120853.0,-0.858,3.05
75448.0,511.0,-115427.0,-0.717,4.03
75454.0,313.0,-112690.0,-1.0,3.05
75459.0,347.0,-107287.0,-0.842,3.3
75464.0,426.0,-102467.0,-0.758,3.3
75469.0,360.0,-99686.0,-0.933,3.54
75474.0,274.0,-93893.0,-1.158,3.54
75480.0,97.0,-88095.0,-0.692,3.05
75485.0,295.0,-85138.0,-0.808,3.05
75490.0,243.0,-80191.0,-0.992,5.25
75495.0,300.0,-74795.0,-1.042,3.3
75500.0,66.0,-72094.0,-0.475,3.05
75505.0,355.0,-66438.0,-1.058,4.28
75510.0,50.0,-63937.0,-0.95,3.3
75515.0,660.0,-58692.0,-0.733,3.05
75521.0,433.0,-53136.0,-1.033,3.05
75526.0,387.0,-50427.0,-0.708,3.05
75531.0,433.0,-45498.0,-0.95,2.81
75536.0,242.0,-39962.0,-0.625,2.81
75541.0,98.0,-37049.0,-0.667,3.05
75546.0,814.0,-32190.0,-1.033,2.57
75551.0,779.0,-27126.0,-0.842,2.57
75556.0,311.0,-24777.0,-0.575,2.81
75563.0,307.0,-19590.0,-0.917,2.81
75568.0,260.0,-14354.0,-0.625,3.54
75573.0,278.0,-11705.0,-0.808,3.05
75578.0,128.0,-7255.0,-0.758,3.54
75583.0,237.0,-2569.0,-0.467,3.3
75588.0,133.0,338.0,-0.708,2.81
75593.0,315.0,4667.0,-0.642,3.05
75598.0,436.0,7288.0,-0.508,2.81
75603.0,704.0,11605.0,-0.458,2.57
75609.0,431.0,16765.0,-0.442,2.81
75613.0,306.0,18992.0,-0.517,2.81
75619.0,264.0,22866.0,-0.6,2.57
75624.0,-45.0,27788.0,-0.417,1.59
75629.0,333.0,29969.0,-0.375,2.81
75634.0,131.0,34328.0,-0.5,2.81
75639.0,52.0,38378.0,-0.267,2.57
75644.0,482.0,40311.0,-0.075,2.57
75650.0,174.0,42098.0,-0.4,2.57
75655.0,11.0,46663.0,-0.825,2.57
75660.0,489.0,49658.0,-0.158,2.57
75665.0,260.0,53306.0,-0.142,2.57
75670.0,-283.0,54225.0,0.3,2.81
75675.0,61.0,58747.0,-0.4,3.3
75680.0,72.0,61703.0,0.3,3.05
75685.0,303.0,64120.0,0.117,2.81
75691.0,285.0,67658.0,-0.1,3.54
75696.0,160.0,71360.0,-0.092,3.05
75701.0,58.0,73201.0,0.375,2.57
75707.0,314.0,77387.0,0.658,2.57
75712.0,229.0,80979.0,0.6,2.57
75716.0,380.0,82542.0,1.742,2.57
75722.0,454.0,85344.0,1.308,2.32
75727.0,185.0,88678.0,-1.442,2.57
75732.0,246.0,90195.0,0.483,2.57
75738.0,600.0,93413.0,2.317,3.05
75743.0,649.0,96213.0,0.633,2.08
75748.0,374.0,97562.0,0.175,2.81
75753.0,204.0,100098.0,3.908,1.83
75758.0,431.0,101494.0,1.6,1.83
75763.0,260.0,102247.0,-3.217,2.57
75769.0,-40.0,104561.0,-1.125,2.08
75774.0,-127.0,107749.0,2.967,2.08
75779.0,428.0,109338.0,3.375,2.08
75785.0,158.0,111250.0,1.017,2.08
75790.0,335.0,113362.0,0.708,2.08
75795.0,290.0,114319.0,0.525,2.08
75800.0,500.0,116245.0,0.45,2.08
75805.0,31.0,118949.0,3.192,2.08
75810.0,348.0,119734.0,2.742,2.57
75816.0,678.0,121594.0,0.2,2.08
75822.0,265.0,123512.0,1.325,2.32
75826.0,52.0,124441.0,2.508,2.08
75832.0,374.0,125787.0,1.642,2.08
75837.0,239.0,127879.0,2.342,2.57
75842.0,-4.0,128470.0,2.967,3.54
75847.0,264.0,130044.0,1.617,2.08
75852.0,381.0,131452.0,1.508,2.57
75857.0,174.0,132241.0,2.567,2.81
75864.0,120.0,133321.0,2.55,2.08
75869.0,379.0,134739.0,1.675,2.32
75873.0,324.0,135706.0,1.992,2.32
75879.0,72.0,136930.0,2.792,2.81
75884.0,449.0,137934.0,2.458,2.08
75889.0,416.0,138781.0,2.05,1.34
75894.0,32.0,140167.0,2.592,2.32
75899.0,225.0,141311.0,2.525,3.54
75905.0,396.0,141948.0,2.5,2.08
75910.0,366.0,143322.0,2.525,1.83
75915.0,191.0,144520.0,2.85,2.08
75920.0,64.0,145025.0,2.833,1.83
75926.0,382.0,146449.0,2.708,2.08
75930.0,393.0,146864.0,2.658,1.83
75935.0,229.0,147915.0,2.783,1.83
75941.0,245.0,148545.0,2.908,1.83
75945.0,344.0,149422.0,3.008,-0.61
75952.0,36.0,150069.0,2.85,2.08
75957.0,-196.0,150717.0,2.692,2.08
75962.0,-43.0,151294.0,2.742,1.83
75967.0,389.0,151807.0,2.675,2.08
75972.0,249.0,151353.0,-1.133,2.32
75977.0,362.0,151018.0,-3.225,2.08
75982.0,172.0,151393.0,-3.175,2.57
75988.0,388.0,152263.0,-0.608,3.05
75993.0,545.0,152974.0,0.292,3.54
75998.0,419.0,152319.0,1.158,4.28
76004.0,373.0,152473.0,0.3,5.25
76009.0,256.0,152284.0,-0.925,5.5
76014.0,-108.0,151867.0,-1.75,5.99
76019.0,166.0,151929.0,-1.233,6.23
76024.0,123.0,152088.0,-0.025,6.72
76029.0,-23.0,152495.0,1.025,7.21
76035.0,-19.0,151823.0,0.017,7.7
76040.0,-236.0,151832.0,-0.992,7.7
76045.0,68.0,151313.0,-0.992,8.43
76051.0,178.0,151293.0,-0.65,8.92
76055.0,317.0,151554.0,-0.208,8.68
76060.0,259.0,151533.0,0.033,8.92
76065.0,252.0,151235.0,-0.142,8.68
76070.0,281.0,151110.0,-0.325,7.94
76077.0,367.0,151070.0,-0.525,7.21
76082.0,414.0,150770.0,-0.75,7.7
76086.0,409.0,150983.0,-0.608,6.23
76092.0,89.0,151347.0,-0.108,6.23
76096.0,242.0,150888.0,0.108,6.48
76101.0,157.0,150639.0,-0.067,6.48
76107.0,377.0,150631.0,-0.467,7.45
76111.0,774.0,150678.0,-0.433,6.72
76116.0,512.0,150487.0,-0.392,6.72
76123.0,168.0,150495.0,-0.217,6.48
76128.0,241.0,150780.0,-0.25,6.48
76133.0,457.0,150837.0,-0.275,6.23
76138.0,77.0,150275.0,-0.225,6.72
76143.0,296.0,150372.0,-0.25,6.48
76148.0,634.0,150020.0,-0.392,6.72
76154.0,188.0,150002.0,-0.267,6.23
76160.0,-21.0,150039.0,-0.142,6.48
76165.0,321.0,149840.0,-0.25,6.72
76170.0,295.0,149716.0,-0.267,6.23
76175.0,252.0,149999.0,-0.35,6.23
76180.0,358.0,149602.0,-0.333,6.72
76185.0,322.0,149492.0,-0.183,6.23
76190.0,357.0,149811.0,-0.175,6.72
76195.0,836.0,149908.0,-0.183,6.23
76200.0,490.0,149274.0,-0.292,6.23
76206.0,327.0,149357.0,-0.117,6.72
76212.0,165.0,149313.0,-0.258,6.23
76217.0,185.0,149333.0,-0.258,6.23
76222.0,132.0,149090.0,-0.242,5.99
76226.0,497.0,149301.0,-0.217,6.23
76232.0,273.0,148933.0,-0.208,6.72
76237.0,348.0,149274.0,-0.175,6.23
76242.0,300.0,148566.0,-0.275,6.23
76249.0,450.0,148874.0,-0.225,6.72
76253.0,537.0,148873.0,-0.208,6.96
76258.0,102.0,149056.0,-0.183,6.23
76263.0,286.0,148592.0,-0.25,6.23
76268.0,295.0,148669.0,-0.175,6.23
76274.0,305.0,148691.0,-0.175,6.23
76279.0,249.0,148671.0,-0.208,6.23
76284.0,76.0,148580.0,-0.108,6.72
76289.0,393.0,148747.0,-0.125,6.23
76295.0,169.0,148257.0,-0.167,6.23
76300.0,436.0,148282.0,-0.192,6.23
76305.0,516.0,148412.0,-0.25,6.23
76311.0,98.0,148174.0,-0.2,8.19
76315.0,111.0,147917.0,-0.108,6.23
76320.0,443.0,148202.0,-0.2,6.23
76326.0,317.0,148456.0,-0.167,6.72
76332.0,406.0,148529.0,-0.092,6.23
76337.0,160.0,148124.0,-0.192,6.72
76342.0,370.0,147976.0,-0.225,6.48
76347.0,85.0,147939.0,-0.142,6.23
76352.0,505.0,148228.0,-0.15,6.23
76357.0,577.0,148008.0,-0.192,6.23
76362.0,520.0,148057.0,-0.092,6.48
76368.0,560.0,147529.0,-0.158,6.23
76374.0,76.0,148027.0,-0.192,6.48
76380.0,422.0,147775.0,-0.167,6.23
76384.0,311.0,148092.0,-0.15,6.72
76390.0,421.0,148134.0,-0.183,6.23
76395.0,413.0,147500.0,-0.108,6.23
76401.0,359.0,147806.0,-0.125,6.23
76406.0,304.0,147697.0,-0.117,6.96
76411.0,378.0,147529.0,-0.1,6.23
76418.0,376.0,147225.0,-0.175,6.23
76423.0,148.0,147314.0,-0.05,6.23
76428.0,131.0,147487.0,-0.1,6.48
76433.0,199.0,147513.0,-0.142,6.23
76438.0,673.0,147650.0,-0.092,8.19
76443.0,238.0,147337.0,-0.025,6.23
76448.0,260.0,147231.0,-0.158,6.96
76453.0,376.0,147092.0,-0.142,6.48
76459.0,523.0,147247.0,-0.075,6.23
76465.0,189.0,146953.0,-0.1,6.23
76470.0,311.0,147204.0,-0.133,6.23
76474.0,94.0,147497.0,-0.067,6.72
76480.0,346.0,147041.0,-0.125,6.23
76485.0,415.0,147224.0,-0.058,6.72
76490.0,386.0,147214.0,-0.2,6.72
76495.0,572.0,147206.0,-0.117,6.23
76500.0,467.0,146601.0,-0.15,6.48
76506.0,288.0,146749.0,-0.092,6.72
76511.0,766.0,146833.0,-0.125,6.23
76517.0,354.0,146922.0,-0.025,6.23
76521.0,167.0,146775.0,-0.108,6.72
76527.0,61.0,147033.0,-0.15,6.48
76531.0,204.0,147006.0,-0.133,6.48
76536.0,273.0,147210.0,-0.083,6.23
76542.0,427.0,146806.0,-0.117,6.23
76548.0,174.0,146567.0,-0.167,6.23
76553.0,137.0,146613.0,-0.175,6.23
76558.0,133.0,146733.0,-0.167,6.23
76563.0,572.0,146814.0,-0.05,6.96
76568.0,531.0,146656.0,-0.133,6.23
76574.0,153.0,146468.0,-0.125,6.48
76578.0,440.0,146645.0,0.033,6.23
76583.0,379.0,146487.0,-0.083,6.23
76590.0,283.0,146607.0,-0.192,6.23
76595.0,185.0,146578.0,-0.108,6.23
76600.0,18.0,146455.0,-0.058,7.7
76605.0,510.0,146581.0,-0.092,6.48
76610.0,149.0,146202.0,-0.175,6.72
76615.0,-38.0,146118.0,-0.142,6.23
76620.0,112.0,145910.0,-0.058,6.72
76625.0,79.0,146023.0,-0.067,6.23
76631.0,127.0,146049.0,-0.2,6.23
76637.0,223.0,146193.0,-0.067,6.23
76642.0,461.0,146330.0,-0.067,6.23
76647.0,516.0,146325.0,-0.092,6.23
76652.0,98.0,146035.0,-0.1,6.48
76657.0,264.0,145990.0,-0.1,6.48
76662.0,445.0,145761.0,-0.067,6.23
76668.0,405.0,146013.0,-0.108,6.23
76674.0,7.0,145858.0,-0.008,6.96
76678.0,38.0,146091.0,-0.083,7.45
76684.0,474.0,146145.0,-0.1,6.23
76689.0,280.0,146176.0,-0.133,6.23
76693.0,225.0,145965.0,-0.208,6.23
76699.0,409.0,145673.0,-0.125,6.48
76704.0,157.0,145888.0,-0.092,6.23
76709.0,-56.0,145943.0,-0.017,6.96
76715.0,492.0,145781.0,-0.05,6.23
76720.0,182.0,145728.0,-0.117,6.23
76725.0,131.0,145685.0,-0.083,6.23
76731.0,-1.0,145553.0,-0.108,6.48
76736.0,-75.0,145676.0,-0.1,6.23
76740.0,-262.0,145935.0,-0.083,6.23
76746.0,342.0,145403.0,-0.117,6.23
76751.0,148.0,145688.0,-0.05,6.23
76755.0,399.0,145873.0,-0.175,6.23
76762.0,377.0,145467.0,-0.025,6.23
76767.0,129.0,145160.0,-0.142,6.23
76772.0,44.0,145205.0,-0.142,6.48
76777.0,142.0,145582.0,-0.133,6.48
76781.0,71.0,145423.0,-0.075,6.72
76787.0,273.0,145569.0,-0.083,6.72
76792.0,199.0,145454.0,-0.042,6.72
76797.0,266.0,145103.0,-0.067,5.5
76803.0,254.0,145385.0,-0.083,6.48
76808.0,400.0,145282.0,-0.133,6.23
76813.0,461.0,145417.0,-0.092,6.48
76818.0,149.0,145193.0,-0.1,6.23
76824.0,691.0,145304.0,-0.05,6.23
76828.0,426.0,145451.0,-0.075,6.23
76834.0,370.0,145265.0,-0.025,6.23
76839.0,-98.0,145270.0,-0.125,6.23
76844.0,353.0,145347.0,-0.058,6.72
76850.0,171.0,145073.0,-0.1,6.23
76855.0,91.0,145124.0,-0.092,6.23
76860.0,362.0,145111.0,-0.05,6.23
76865.0,584.0,145329.0,-0.025,6.72
76870.0,308.0,145258.0,-0.058,6.23
76875.0,597.0,144943.0,-0.017,6.23
76881.0,335.0,145255.0,-0.075,6.72
76887.0,621.0,145172.0,-0.058,6.48
76891.0,182.0,145171.0,-0.1,6.23
76897.0,108.0,145021.0,-0.092,6.72
76902.0,386.0,145076.0,-0.058,7.21
76907.0,173.0,144945.0,-0.033,6.23
76912.0,219.0,145139.0,-0.075,6.23
76917.0,369.0,145094.0,-0.067,6.23
76922.0,176.0,144655.0,-0.158,6.23
76928.0,180.0,145005.0,-0.075,6.23
76933.0,608.0,145110.0,-0.017,6.23
76938.0,5.0,145019.0,-0.108,6.96
76944.0,501.0,145121.0,-0.042,6.23
76949.0,-41.0,144756.0,-0.042,6.48
76954.0,-148.0,144944.0,-0.058,6.48
76959.0,630.0,145102.0,-0.025,6.23
76964.0,326.0,144913.0,-0.058,6.48
76969.0,291.0,144562.0,-0.108,6.23
76976.0,53.0,144456.0,0.008,6.23
76981.0,613.0,144357.0,-0.1,6.48
76985.0,466.0,144624.0,-0.017,6.72
76991.0,498.0,144566.0,-0.083,6.48
76996.0,322.0,144755.0,-0.025,6.23
77000.0,199.0,144852.0,-0.125,6.23
77006.0,561.0,144750.0,-0.067,6.23
77011.0,189.0,144903.0,-0.017,6.72
77017.0,18.0,144410.0,-0.075,6.23
77022.0,512.0,144814.0,-0.075,6.96
77027.0,230.0,144583.0,-0.033,6.96
77032.0,223.0,144624.0,-0.042,6.72
77038.0,175.0,144532.0,-0.083,6.23
77043.0,31.0,144501.0,-0.083,6.96
77047.0,258.0,144058.0,-0.008,6.48
77053.0,296.0,144438.0,0.008,6.96
77059.0,436.0,144627.0,-0.117,6.96
77064.0,555.0,144136.0,-0.017,6.23
77069.0,347.0,144092.0,-0.042,6.48
77074.0,13.0,144399.0,-0.117,6.23
77079.0,-20.0,144215.0,0.042,6.23
77084.0,559.0,144318.0,-0.042,6.23
77089.0,-9.0,144403.0,-0.058,6.48
77094.0,664.0,144347.0,-0.05,6.23
77100.0,440.0,144192.0,-0.083,6.23
77105.0,225.0,144553.0,-0.133,6.23
77109.0,320.0,144580.0,-0.075,6.96
77114.0,384.0,144339.0,-0.017,6.23
77119.0,349.0,144619.0,-0.075,6.48
77125.0,225.0,144412.0,-0.067,6.23
77130.0,467.0,144269.0,-0.033,6.23
77135.0,62.0,144497.0,-0.008,6.48
77140.0,120.0,144596.0,0.0,5.01
77145.0,163.0,144479.0,0.033,6.23
77150.0,478.0,144348.0,-0.083,6.48
77155.0,176.0,144043.0,0.05,5.99
77160.0,241.0,144521.0,-0.108,6.23
77165.0,175.0,144474.0,-0.058,6.23
77170.0,259.0,144605.0,-0.1,6.72
77175.0,348.0,144235.0,-0.117,6.96
77181.0,384.0,144372.0,0.008,6.23
77187.0,138.0,144173.0,0.033,5.99
77192.0,229.0,144221.0,-0.117,6.23
77197.0,449.0,144082.0,0.05,6.23
77202.0,219.0,144223.0,0.017,6.23
77207.0,200.0,144203.0,-0.067,6.23
77212.0,554.0,144054.0,-0.058,6.23
77217.0,-90.0,144087.0,0.033,6.48
77222.0,85.0,144055.0,-0.042,6.23
77228.0,85.0,143838.0,-0.042,6.23
77233.0,220.0,144159.0,-0.042,6.23
77238.0,559.0,144262.0,0.042,6.48
77243.0,525.0,144367.0,-0.1,6.23
77248.0,644.0,144017.0,-0.117,6.96
77253.0,258.0,143968.0,-0.017,6.72
77258.0,332.0,144233.0,0.0,6.23
77263.0,257.0,143837.0,-0.033,6.23
77268.0,303.0,143834.0,0.108,6.23
77274.0,292.0,144217.0,0.008,6.23
77278.0,573.0,144136.0,-0.133,6.48
77283.0,409.0,144061.0,0.0,7.7
77288.0,330.0,143969.0,0.0,6.48
77294.0,568.0,143810.0,0.0,6.23
77298.0,701.0,143939.0,-0.075,7.7
77303.0,392.0,143762.0,0.025,6.23
77308.0,128.0,143795.0,0.083,6.23
77314.0,177.0,143565.0,-0.067,6.48
77319.0,299.0,143766.0,-0.058,6.72
77324.0,219.0,143839.0,0.058,6.23
77329.0,272.0,143533.0,0.0,6.23
77334.0,128.0,144002.0,0.033,6.23
77339.0,359.0,143925.0,-0.033,6.48
77344.0,484.0,144120.0,-0.075,6.48
77349.0,102.0,143579.0,-0.133,6.23
77355.0,-139.0,143603.0,-0.083,6.48
77360.0,457.0,143776.0,-0.075,6.96
77365.0,335.0,143723.0,-0.025,6.23
77370.0,-66.0,143743.0,0.042,6.23
77375.0,142.0,143822.0,-0.033,6.23
77380.0,412.0,143165.0,0.008,6.23
77385.0,335.0,143459.0,-0.083,6.72
77390.0,215.0,143502.0,-0.025,6.96
77396.0,457.0,143718.0,0.033,6.48
77402.0,422.0,143422.0,-0.05,6.23
77407.0,43.0,143759.0,-0.008,6.72
77412.0,303.0,143901.0,-0.042,6.23
77417.0,56.0,143761.0,-0.067,6.96
77422.0,252.0,143738.0,-0.025,6.72
77427.0,266.0,143481.0,-0.025,6.72
77432.0,571.0,143591.0,-0.125,6.23
77438.0,329.0,143304.0,-0.042,6.23
77444.0,329.0,143521.0,-0.008,6.48
77449.0,396.0,143495.0,-0.108,6.23
77454.0,216.0,143806.0,-0.058,6.23
77459.0,242.0,143621.0,-0.083,6.23
77464.0,191.0,143493.0,-0.067,6.23
77469.0,35.0,143430.0,-0.033,6.23
77474.0,403.0,143367.0,0.025,6.48
77479.0,554.0,143605.0,-0.042,6.23
77485.0,386.0,143494.0,-0.033,6.23
77490.0,356.0,143519.0,-0.033,6.23
77495.0,137.0,143509.0,-0.075,6.48
77501.0,155.0,143200.0,-0.067,6.96
77506.0,351.0,143435.0,0.025,6.23
77511.0,440.0,142993.0,-0.1,6.72
77516.0,314.0,143120.0,0.042,6.23
77521.0,270.0,143143.0,-0.058,6.48
77527.0,383.0,143177.0,0.017,6.23
77532.0,237.0,143440.0,-0.05,6.23
77537.0,143.0,143389.0,-0.033,6.23
77542.0,176.0,143235.0,0.025,6.23
77547.0,172.0,143132.0,0.0,6.48
77553.0,352.0,143726.0,-0.075,6.23
77558.0,105.0,143460.0,0.033,6.23
77563.0,512.0,143297.0,0.05,6.23
77569.0,434.0,143045.0,-0.025,6.23
77574.0,-15.0,143179.0,-0.058,6.96
77579.0,14.0,143136.0,-0.042,6.72
77584.0,328.0,143370.0,-0.067,6.23
77589.0,201.0,143040.0,0.108,6.72
77594.0,98.0,143099.0,0.0,6.23
77599.0,67.0,143391.0,-0.125,6.23
77604.0,380.0,143210.0,0.008,6.23
77609.0,260.0,143149.0,-0.083,6.23
77615.0,263.0,143139.0,-0.033,6.23
77619.0,468.0,143030.0,-0.108,5.99
77625.0,2.0,143346.0,0.0,6.72
77629.0,193.0,143307.0,0.0,6.72
77634.0,97.0,143102.0,-0.05,6.72
77640.0,188.0,142902.0,-0.083,6.23
77644.0,387.0,143099.0,0.033,6.72
77650.0,329.0,143085.0,-0.067,6.48
77656.0,194.0,142969.0,-0.1,6.72
77660.0,87.0,143286.0,-0.025,6.23
77666.0,373.0,143058.0,0.025,6.23
77671.0,62.0,143040.0,-0.042,6.23
77676.0,225.0,143081.0,0.042,6.23
77681.0,555.0,143157.0,-0.042,6.23
77686.0,376.0,142951.0,-0.05,6.48
77691.0,343.0,142618.0,0.092,6.48
77697.0,451.0,142860.0,-0.058,6.23
77703.0,202.0,142708.0,-0.067,6.72
77707.0,427.0,142775.0,-0.042,6.23
77713.0,235.0,142895.0,0.025,6.48
77718.0,288.0,142629.0,0.008,6.72
77722.0,433.0,142588.0,-0.033,6.23
77728.0,39.0,142970.0,-0.042,6.23
77733.0,180.0,142774.0,-0.033,6.23
77739.0,571.0,142821.0,-0.025,6.23
77744.0,29.0,142691.0,0.017,6.23
77749.0,168.0,142742.0,-0.017,5.5
77754.0,280.0,143059.0,-0.008,6.23
77759.0,466.0,142803.0,0.033,6.96
77764.0,263.0,142778.0,-0.117,6.23
77769.0,-31.0,142779.0,-0.05,6.72
77775.0,181.0,142901.0,-0.008,5.99
77779.0,304.0,142772.0,-0.008,6.23
77785.0,-80.0,142589.0,-0.008,6.72
77791.0,358.0,142759.0,0.05,6.23
77796.0,699.0,142780.0,-0.033,6.23
77801.0,405.0,142225.0,0.017,6.48
77806.0,337.0,142555.0,-0.05,6.23
77811.0,408.0,142814.0,-0.05,6.23
77816.0,302.0,142683.0,-0.033,6.23
77822.0,-52.0,142597.0,-0.033,6.23
77827.0,91.0,142572.0,-0.017,6.48
77832.0,295.0,142709.0,0.042,6.96
77837.0,24.0,142961.0,-0.008,6.48
77842.0,327.0,142580.0,-0.058,6.48
77847.0,489.0,142746.0,-0.008,6.23
77852.0,712.0,142676.0,-0.075,6.23
77857.0,95.0,142597.0,0.0,6.96
77863.0,461.0,142751.0,-0.05,5.25
77868.0,152.0,142612.0,0.025,5.99
77873.0,-14.0,142331.0,-0.017,6.23
77879.0,336.0,142291.0,0.05,6.48
77883.0,485.0,142738.0,-0.042,6.23
77889.0,187.0,142633.0,-0.025,6.23
77894.0,25.0,142713.0,-0.008,6.96
77899.0,274.0,142338.0,-0.017,6.23
77904.0,370.0,142361.0,0.067,8.19
77910.0,312.0,142367.0,-0.017,6.23
77915.0,401.0,142592.0,-0.067,6.23
77920.0,639.0,142769.0,0.058,6.23
77926.0,429.0,142817.0,-0.017,6.72
77930.0,588.0,142742.0,-0.008,6.23
77935.0,-48.0,142559.0,-0.033,6.23
77941.0,128.0,142473.0,-0.008,6.23
77945.0,639.0,142202.0,0.0,6.96
77952.0,211.0,142331.0,-0.042,6.72
77957.0,497.0,142661.0,-0.142,6.23
77962.0,544.0,142688.0,-0.017,6.96
77967.0,492.0,142317.0,-0.067,6.72
77972.0,134.0,142509.0,-0.008,5.99
77977.0,461.0,142456.0,-0.017,6.72
77982.0,659.0,142551.0,-0.108,6.23
77988.0,117.0,142361.0,0.017,5.99
77992.0,-174.0,142060.0,-0.058,6.23
77998.0,480.0,142343.0,-0.017,6.23
78004.0,88.0,141887.0,0.075,6.48
78009.0,263.0,142030.0,0.058,5.25
78014.0,519.0,142331.0,-0.058,6.23
78019.0,257.0,142167.0,-0.025,6.72
78024.0,238.0,142290.0,-0.058,6.72
78029.0,22.0,142459.0,0.083,6.23
78034.0,186.0,142197.0,0.008,6.23
78040.0,431.0,142698.0,0.025,6.48
78045.0,265.0,142729.0,0.0,6.96
78051.0,457.0,142251.0,0.075,6.96
78055.0,352.0,141960.0,0.05,6.23
78061.0,454.0,142290.0,0.008,6.23
78066.0,172.0,142200.0,0.05,6.23
78071.0,401.0,142203.0,-0.083,6.23
78076.0,84.0,141796.0,-0.05,6.23
78082.0,168.0,142398.0,0.033,6.23
78087.0,247.0,141973.0,-0.042,6.72
78092.0,267.0,142097.0,0.025,5.74
78098.0,357.0,142163.0,-0.158,6.23
78102.0,-108.0,142294.0,-0.017,6.23
78107.0,-125.0,142063.0,-0.025,6.23
78113.0,741.0,142115.0,0.033,6.23
78117.0,264.0,142232.0,0.058,6.23
78124.0,236.0,141952.0,-0.058,6.72
78129.0,590.0,142306.0,0.017,6.23
78134.0,633.0,142299.0,-0.017,6.23
78139.0,358.0,142062.0,-0.017,6.23
78143.0,193.0,142259.0,0.017,6.72
78148.0,132.0,142004.0,0.075,6.23
78153.0,356.0,141942.0,0.083,6.23
78158.0,613.0,141853.0,-0.067,6.23
78164.0,-39.0,142039.0,0.0,6.23
78170.0,599.0,142041.0,-0.025,6.72
78175.0,246.0,142024.0,-0.008,6.48
78179.0,123.0,141983.0,0.108,6.23
78185.0,193.0,142029.0,-0.125,6.23
78190.0,146.0,142254.0,-0.083,6.72
78195.0,238.0,142166.0,-0.017,6.23
78201.0,238.0,141810.0,-0.042,6.23
78205.0,167.0,141915.0,-0.058,6.48
78211.0,222.0,141822.0,-0.017,6.23
78216.0,373.0,141863.0,-0.042,6.23
78220.0,346.0,141814.0,-0.033,6.48
78226.0,64.0,142222.0,-0.017,6.96
78230.0,265.0,141831.0,0.025,6.23
78236.0,11.0,141919.0,-0.05,6.23
78241.0,191.0,141877.0,0.017,6.72
78246.0,520.0,141802.0,0.108,6.23
78252.0,32.0,141994.0,-0.033,6.23
78258.0,32.0,141868.0,0.017,6.23
78263.0,418.0,142140.0,0.017,6.23
78268.0,359.0,142117.0,-0.042,6.23
78274.0,311.0,141983.0,0.017,6.23
78279.0,233.0,141741.0,-0.033,6.23
78284.0,201.0,141776.0,0.042,6.23
78289.0,54.0,141917.0,-0.083,6.48
78295.0,132.0,141847.0,0.017,6.23
78300.0,57.0,141964.0,-0.033,6.23
78305.0,422.0,141608.0,-0.042,6.23
78311.0,358.0,141964.0,0.042,6.72
78315.0,623.0,141663.0,-0.017,6.96
78320.0,770.0,141701.0,-0.042,6.48
78326.0,292.0,141935.0,0.025,6.23
78331.0,333.0,141828.0,0.067,6.23
78337.0,568.0,141728.0,0.05,6.23
78342.0,414.0,141942.0,0.017,6.23
78347.0,277.0,142071.0,-0.025,6.23
78352.0,478.0,141401.0,0.025,5.99
78357.0,544.0,141639.0,-0.075,6.23
78362.0,835.0,141420.0,-0.067,5.99
78367.0,466.0,141828.0,-0.117,6.23
78373.0,46.0,141670.0,-0.05,6.48
78377.0,-1.0,141635.0,-0.025,6.23
78384.0,579.0,141491.0,-0.025,6.72
78389.0,71.0,141705.0,0.017,6.72
78394.0,375.0,141836.0,0.042,6.23
78399.0,560.0,141591.0,0.017,6.48
78404.0,116.0,141881.0,-0.017,7.21
78410.0,188.0,141682.0,0.042,6.72
78414.0,849.0,141949.0,-0.092,6.23
78420.0,541.0,141531.0,-0.033,6.23
78426.0,365.0,141564.0,-0.017,6.23
78430.0,358.0,141655.0,0.142,6.48
78436.0,622.0,141903.0,0.042,6.23
78441.0,410.0,141800.0,-0.058,6.23
78446.0,317.0,141943.0,0.0,6.23
78451.0,295.0,141737.0,0.025,6.23
78456.0,465.0,141552.0,-0.033,6.23
78461.0,216.0,141843.0,-0.067,6.96
78468.0,458.0,141363.0,0.1,6.96
78473.0,340.0,141442.0,0.1,6.23
78477.0,681.0,141541.0,-0.025,6.23
78483.0,379.0,141731.0,0.017,6.23
78488.0,13.0,141752.0,0.042,6.23
78492.0,8.0,141763.0,0.042,5.99
78498.0,338.0,141283.0,-0.008,6.96
78503.0,299.0,141360.0,-0.067,6.23
78509.0,554.0,141370.0,-0.008,6.23
78514.0,340.0,141393.0,-0.075,6.48
78518.0,283.0,141636.0,0.05,6.48
78524.0,523.0,141504.0,-0.017,6.96
78529.0,459.0,141445.0,-0.017,6.23
78534.0,230.0,141648.0,-0.042,6.72
