time_ms,p1,p2,f3,f4
190563.0,-119.0,2191.0,0.083,6.23
190567.0,-172.0,2150.0,0.092,6.48
190572.0,-11.0,2259.0,0.0,6.23
190576.0,-178.0,2354.0,0.1,6.72
190581.0,40.0,2557.0,0.033,6.23
190587.0,-376.0,1823.0,0.042,6.23
190592.0,-491.0,1654.0,-0.008,6.96
190598.0,-435.0,2426.0,0.083,6.72
190603.0,-137.0,2160.0,0.167,6.23
190609.0,-409.0,2068.0,0.108,6.48
190614.0,-182.0,2049.0,0.008,6.72
190619.0,-16.0,2195.0,-0.008,6.48
190625.0,-238.0,2389.0,0.025,6.96
190629.0,-135.0,2356.0,0.075,6.48
190636.0,-123.0,2144.0,0.058,6.48
190641.0,-349.0,2134.0,0.125,6.48
190647.0,-21.0,2376.0,0.175,6.48
190651.0,306.0,2169.0,0.025,6.48
190657.0,-288.0,2389.0,0.017,6.72
190662.0,-158.0,1967.0,0.042,6.48
190667.0,-325.0,2040.0,0.108,6.23
190672.0,71.0,2124.0,0.017,6.72
190679.0,-113.0,2234.0,-0.017,6.72
190684.0,1.0,2336.0,0.017,6.72
190689.0,128.0,2291.0,0.025,6.23
190694.0,42.0,1995.0,0.108,6.48
190700.0,78.0,1883.0,0.067,6.23
190704.0,189.0,1990.0,0.042,6.48
190710.0,-127.0,1680.0,0.133,6.72
190715.0,-205.0,2084.0,0.133,6.48
190721.0,-193.0,2065.0,0.033,6.96
190726.0,-10.0,2294.0,-0.017,6.23
190732.0,64.0,2466.0,0.067,6.72
190736.0,-207.0,2437.0,0.017,6.72
190742.0,-149.0,2285.0,0.025,6.48
190747.0,-317.0,2377.0,0.15,6.48
190752.0,-357.0,2146.0,0.075,6.96
190757.0,-150.0,2393.0,0.017,6.48
190763.0,-114.0,2173.0,0.125,6.96
190768.0,-96.0,2138.0,0.083,6.72
190773.0,-11.0,2239.0,0.025,6.23
190778.0,259.0,2177.0,0.158,6.23
190783.0,164.0,2576.0,0.125,6.48
190789.0,-114.0,2480.0,0.05,6.96
190794.0,-374.0,2168.0,0.083,6.48
190799.0,-206.0,2069.0,0.1,6.23
190804.0,-431.0,2250.0,0.175,6.48
190810.0,-65.0,2452.0,0.067,6.23
190815.0,45.0,2481.0,0.067,6.23
190820.0,10.0,2226.0,-0.008,6.23
190825.0,-132.0,2630.0,0.117,6.48
190830.0,187.0,2793.0,0.075,6.48
190835.0,251.0,2331.0,0.067,6.72
190841.0,-255.0,2445.0,0.025,6.48
190846.0,-115.0,2370.0,0.033,6.48
190852.0,-56.0,2265.0,0.1,6.48
190857.0,-70.0,2349.0,0.025,6.23
190862.0,-52.0,2192.0,0.033,6.48
190867.0,97.0,1893.0,0.058,6.23
190872.0,-131.0,2308.0,0.167,6.48
190876.0,-156.0,1893.0,0.1,6.23
190882.0,-358.0,2059.0,0.083,6.48
190887.0,54.0,2212.0,0.075,6.72
190892.0,11.0,2437.0,0.008,6.72
190898.0,31.0,2439.0,0.058,6.72
190903.0,-193.0,2230.0,0.008,6.23
190908.0,20.0,2172.0,0.025,6.72
190913.0,-534.0,2258.0,0.017,6.23
190918.0,-244.0,2481.0,0.175,6.23
190923.0,-95.0,1986.0,0.008,6.48
190928.0,-49.0,1730.0,0.042,6.48
190934.0,163.0,1819.0,0.092,6.72
190939.0,-94.0,2106.0,0.092,6.48
190944.0,-108.0,2013.0,0.008,6.23
190949.0,-65.0,2034.0,0.108,6.48
190954.0,-127.0,2308.0,0.083,6.48
190959.0,-99.0,2511.0,0.083,6.23
190964.0,-144.0,2196.0,0.0,6.96
190969.0,-122.0,2262.0,0.017,6.23
190974.0,-42.0,2333.0,0.017,6.23
190980.0,-61.0,2622.0,0.033,6.72
190985.0,-135.0,2621.0,0.058,6.23
190989.0,-4.0,2306.0,0.025,6.23
190995.0,20.0,2190.0,0.05,6.48
191000.0,128.0,2245.0,-0.067,6.96
191004.0,-79.0,2186.0,0.025,6.23
191010.0,-101.0,2412.0,-0.025,6.72
191015.0,81.0,2331.0,0.058,6.72
191021.0,-294.0,2341.0,0.008,6.72
191027.0,-460.0,2477.0,0.1,6.48
191032.0,50.0,2406.0,-0.017,6.23
191036.0,31.0,2213.0,0.083,6.23
191042.0,15.0,2239.0,0.092,6.48
191047.0,-131.0,2040.0,0.125,6.23
191052.0,164.0,2256.0,0.092,6.23
191057.0,34.0,2080.0,0.058,6.96
191063.0,324.0,2389.0,0.125,6.72
191068.0,379.0,2244.0,0.033,6.23
191073.0,-245.0,2480.0,0.05,6.72
191078.0,-201.0,2555.0,0.1,6.48
191083.0,-56.0,1904.0,0.008,6.23
191088.0,-176.0,2140.0,0.017,6.23
191093.0,-28.0,2229.0,0.042,6.48
191099.0,-117.0,2153.0,0.058,6.96
191105.0,-255.0,2249.0,0.008,6.72
191110.0,49.0,2260.0,0.033,6.23
191115.0,-2.0,2469.0,0.108,6.72
191120.0,-74.0,2244.0,0.008,6.72
191124.0,-33.0,1975.0,-0.067,6.23
191130.0,-175.0,2187.0,0.017,6.48
191135.0,-179.0,2222.0,0.092,6.96
191139.0,-248.0,2165.0,0.008,6.96
191145.0,248.0,2551.0,0.008,6.23
191151.0,-166.0,2288.0,0.075,6.23
191155.0,-259.0,2111.0,0.025,6.72
191161.0,-257.0,2505.0,0.0,6.23
191166.0,-131.0,2320.0,0.067,6.23
191171.0,-186.0,2204.0,-0.017,6.48
191177.0,-196.0,2296.0,0.025,6.23
191182.0,-50.0,2201.0,0.083,7.94
191186.0,-73.0,2626.0,0.067,6.96
191193.0,19.0,2200.0,0.033,6.48
191198.0,-13.0,2301.0,0.067,6.96
191203.0,118.0,2115.0,-0.033,6.23
191207.0,-63.0,2146.0,0.033,6.48
191212.0,-302.0,2461.0,0.167,6.23
191216.0,179.0,2294.0,-0.017,6.48
191221.0,-67.0,2619.0,0.1,6.48
191226.0,-204.0,2175.0,0.1,6.48
191233.0,212.0,2150.0,0.075,6.23
191237.0,-127.0,2321.0,-0.025,6.48
191243.0,-163.0,1965.0,0.108,6.23
191248.0,-77.0,2412.0,0.092,6.48
191253.0,-12.0,2156.0,0.0,6.48
191257.0,-495.0,2363.0,0.058,6.48
191262.0,-171.0,2330.0,-0.042,6.48
191267.0,-50.0,2270.0,0.125,6.48
191272.0,-48.0,2443.0,0.075,6.48
191278.0,-167.0,2320.0,0.008,6.48
191283.0,-45.0,2138.0,0.117,6.48
191288.0,-285.0,2279.0,0.033,6.23
191293.0,-346.0,2517.0,-0.017,6.96
191298.0,-205.0,2490.0,-0.1,6.23
191303.0,13.0,2529.0,0.075,6.23
191308.0,-106.0,2383.0,0.1,6.96
191313.0,-182.0,2244.0,0.008,6.23
191319.0,-324.0,2887.0,0.075,6.96
191324.0,-469.0,2493.0,-0.017,6.23
191329.0,-27.0,2224.0,-0.017,6.48
191334.0,-250.0,2385.0,0.058,6.96
191339.0,-216.0,2109.0,0.05,6.23
191345.0,-300.0,2248.0,0.042,6.48
191350.0,-119.0,2084.0,-0.008,6.23
191354.0,-10.0,2085.0,0.042,6.72
191360.0,-318.0,2566.0,0.075,6.96
191365.0,-115.0,2528.0,0.017,6.48
191370.0,27.0,2327.0,0.017,6.48
191375.0,-343.0,2722.0,0.117,6.23
191380.0,110.0,2364.0,0.042,6.48
191385.0,160.0,2141.0,0.05,6.96
191390.0,32.0,2612.0,0.092,6.23
191395.0,345.0,2403.0,-0.025,6.96
191400.0,-103.0,2364.0,-0.033,6.23
191406.0,-146.0,2358.0,0.092,7.21
191411.0,-34.0,2469.0,0.033,6.23
191416.0,164.0,2266.0,0.108,6.48
191421.0,-211.0,2196.0,0.15,6.48
191426.0,-17.0,2225.0,-0.058,6.96
191431.0,-251.0,2164.0,-0.017,6.96
191436.0,-90.0,2400.0,0.033,6.72
191441.0,-280.0,2459.0,0.042,6.23
191448.0,-158.0,2235.0,0.008,6.72
191453.0,-47.0,2141.0,0.108,6.48
191458.0,19.0,2018.0,-0.008,6.48
191463.0,-127.0,2731.0,0.042,6.23
191468.0,76.0,2453.0,0.142,6.96
191473.0,194.0,2274.0,0.083,6.96
191479.0,-156.0,2444.0,0.033,6.23
191484.0,35.0,2290.0,0.008,6.96
191490.0,115.0,2351.0,-0.017,6.96
191495.0,-179.0,2258.0,0.133,6.48
191500.0,-254.0,2444.0,0.083,6.48
191505.0,68.0,2601.0,-0.025,6.96
191510.0,36.0,2700.0,0.017,6.48
191514.0,-233.0,2763.0,-0.05,6.48
191519.0,-415.0,2324.0,0.008,6.23
191525.0,-288.0,2266.0,0.017,6.96
191529.0,-75.0,2453.0,0.183,6.72
191536.0,171.0,2327.0,0.017,6.96
191541.0,36.0,2565.0,0.033,6.96
191546.0,-218.0,2222.0,0.05,6.48
191551.0,-342.0,2383.0,0.017,6.23
191556.0,-177.0,2353.0,0.108,6.48
191561.0,-263.0,2766.0,0.108,6.48
191566.0,-275.0,2468.0,-0.05,6.48
191571.0,-206.0,2188.0,0.05,6.72
191577.0,-227.0,2451.0,0.033,6.48
191582.0,-17.0,2389.0,0.05,6.48
191587.0,-180.0,2271.0,0.058,6.23
191592.0,-259.0,2284.0,-0.017,6.96
191597.0,68.0,2422.0,0.025,6.48
191602.0,-171.0,2377.0,0.083,6.72
191607.0,83.0,2338.0,-0.025,6.48
191611.0,22.0,2117.0,0.075,6.48
191617.0,222.0,2334.0,0.117,6.48
191622.0,-113.0,2546.0,0.0,6.23
191627.0,98.0,2307.0,0.058,6.96
191632.0,102.0,2409.0,0.05,6.72
191637.0,-211.0,2857.0,0.05,6.23
191642.0,-260.0,2628.0,0.017,6.23
191648.0,-202.0,2318.0,0.075,7.21
191653.0,-65.0,2508.0,0.075,5.74
191659.0,107.0,2455.0,0.042,6.23
191664.0,-15.0,2307.0,-0.042,6.48
191669.0,-70.0,2387.0,0.008,6.23
191674.0,-123.0,2468.0,0.033,6.96
191679.0,-201.0,2546.0,0.042,6.23
191684.0,-2.0,2274.0,0.083,6.23
191689.0,-29.0,2423.0,0.133,6.48
191694.0,-302.0,2445.0,0.033,6.48
191698.0,-275.0,2420.0,0.067,6.23
191705.0,-435.0,2256.0,0.05,6.23
191710.0,-292.0,2120.0,0.0,6.72
191715.0,61.0,2261.0,-0.1,6.23
191720.0,-269.0,2217.0,0.033,6.48
191725.0,-554.0,2935.0,0.025,6.48
191730.0,-91.0,2830.0,0.1,6.23
191735.0,-179.0,2212.0,0.025,6.48
191740.0,-106.0,2405.0,0.075,6.48
191746.0,46.0,2490.0,0.058,6.72
191751.0,198.0,2508.0,0.033,6.96
191756.0,129.0,2533.0,-0.008,6.48
191761.0,265.0,2466.0,0.125,6.72
191766.0,-92.0,2310.0,0.067,6.48
191771.0,-163.0,2219.0,-0.025,6.48
191776.0,-343.0,2513.0,0.075,6.96
191781.0,-116.0,2653.0,0.058,6.48
191787.0,-307.0,2872.0,-0.008,6.23
191792.0,219.0,2510.0,0.042,6.23
191797.0,178.0,2859.0,-0.008,6.48
191802.0,-96.0,2552.0,-0.067,6.23
191807.0,-182.0,2366.0,0.133,6.72
191812.0,-157.0,2507.0,-0.025,6.48
191817.0,-329.0,2788.0,0.025,6.48
191823.0,-215.0,2726.0,0.117,6.48
191827.0,94.0,2451.0,0.017,6.48
191833.0,112.0,2438.0,0.017,6.48
191838.0,121.0,2826.0,-0.008,6.48
191843.0,-308.0,2843.0,0.058,6.48
191848.0,10.0,2561.0,-0.083,6.48
191853.0,-307.0,2740.0,-0.133,6.48
191858.0,-403.0,2625.0,0.358,6.23
191864.0,-97.0,2435.0,-0.042,6.72
191868.0,-206.0,2846.0,0.017,6.96
191874.0,-114.0,3059.0,0.292,6.96
191880.0,-302.0,3063.0,0.158,6.72
191884.0,-275.0,2976.0,-0.058,6.23
191889.0,-311.0,2887.0,0.175,6.48
191895.0,-83.0,2909.0,-0.075,6.23
191900.0,128.0,2914.0,-0.283,6.48
191905.0,108.0,2680.0,0.083,6.96
191911.0,-170.0,2622.0,-0.158,6.48
191916.0,-23.0,2147.0,0.175,6.48
191921.0,-331.0,2546.0,0.058,6.96
191927.0,-53.0,2208.0,0.042,6.48
191931.0,24.0,2331.0,0.175,6.48
191936.0,38.0,2222.0,-0.025,6.72
191941.0,175.0,2241.0,0.042,6.23
191945.0,94.0,2438.0,0.083,6.48
191950.0,219.0,2521.0,-0.033,6.23
191955.0,342.0,2424.0,0.025,6.23
191960.0,343.0,2511.0,0.075,6.96
191965.0,132.0,2340.0,-0.1,6.48
191970.0,-154.0,2468.0,-0.017,6.72
191975.0,-387.0,2465.0,0.008,6.48
191980.0,-159.0,2429.0,-0.042,6.48
191986.0,-413.0,2381.0,0.167,6.48
191991.0,-234.0,2326.0,0.008,6.96
191996.0,62.0,2697.0,0.033,6.96
192002.0,198.0,2421.0,0.108,6.72
192007.0,-41.0,2270.0,-0.067,6.96
192012.0,-103.0,2354.0,0.025,6.23
192018.0,-337.0,2756.0,0.033,6.72
192022.0,-588.0,2693.0,0.133,6.48
192027.0,-370.0,2448.0,0.083,6.48
192033.0,116.0,2572.0,0.058,6.48
192037.0,-79.0,2745.0,0.0,6.48
192044.0,-305.0,2681.0,-0.008,6.96
192049.0,107.0,2899.0,-0.017,6.96
192054.0,-162.0,2330.0,0.05,6.23
192058.0,1.0,2629.0,-0.025,6.23
192063.0,-120.0,2168.0,0.017,6.48
192068.0,-85.0,2279.0,0.017,6.48
192072.0,232.0,2616.0,0.1,6.23
192077.0,27.0,2513.0,0.058,6.23
192081.0,58.0,2436.0,0.1,6.96
192087.0,150.0,2731.0,0.017,6.72
192093.0,-154.0,2189.0,0.0,6.23
192097.0,-609.0,2168.0,0.075,6.72
192103.0,-233.0,2810.0,0.05,6.23
192108.0,-129.0,2596.0,-0.017,6.72
192114.0,-417.0,2270.0,0.292,6.23
192119.0,222.0,2251.0,0.558,6.96
192124.0,-30.0,2247.0,-0.292,6.96
192130.0,-292.0,2391.0,0.0,6.96
192135.0,129.0,2256.0,0.45,6.48
192141.0,221.0,2836.0,0.075,6.23
192146.0,-155.0,2374.0,0.067,6.96
192152.0,-229.0,2486.0,0.3,6.96
192156.0,86.0,2641.0,0.058,6.96
192162.0,196.0,2177.0,-0.35,6.48
192167.0,2.0,2357.0,0.1,6.23
192173.0,-207.0,2260.0,-0.067,6.48
192178.0,-223.0,2742.0,0.067,6.48
192184.0,-57.0,2806.0,0.292,6.48
192188.0,98.0,2815.0,-0.083,6.23
192194.0,-182.0,2661.0,0.008,6.72
192199.0,-276.0,2349.0,0.025,6.23
192205.0,-512.0,3001.0,-0.025,6.72
192209.0,107.0,2652.0,0.2,6.48
192216.0,167.0,2666.0,-0.033,6.48
192221.0,-419.0,2708.0,0.05,6.72
192226.0,-548.0,2861.0,-0.017,7.21
192231.0,312.0,2591.0,-0.033,6.23
192237.0,86.0,2627.0,0.2,6.48
192242.0,-100.0,2483.0,-0.025,6.23
192247.0,-35.0,2388.0,0.1,6.23
192252.0,-5.0,2182.0,0.133,7.45
192259.0,11.0,2186.0,-0.083,6.48
192263.0,-190.0,2091.0,-0.083,6.23
192269.0,-140.0,2639.0,0.125,6.48
192274.0,-336.0,2825.0,-0.075,6.72
192279.0,-240.0,2956.0,-0.067,6.72
192284.0,83.0,2803.0,0.125,6.48
192290.0,-53.0,3077.0,-0.092,6.23
192294.0,-102.0,2816.0,0.008,6.72
192301.0,-38.0,3158.0,-0.008,6.72
192306.0,-118.0,3242.0,0.042,6.23
192311.0,-158.0,3225.0,0.05,6.48
192316.0,147.0,2612.0,0.05,6.23
192321.0,155.0,2792.0,0.033,6.48
192326.0,-471.0,3013.0,-0.017,6.48
192331.0,-380.0,2806.0,0.075,6.23
192336.0,330.0,2686.0,0.15,6.23
192342.0,63.0,2925.0,0.025,6.23
192347.0,-293.0,2759.0,0.167,6.72
192353.0,-465.0,2459.0,0.05,6.96
192358.0,183.0,2310.0,0.025,6.23
192363.0,262.0,2587.0,-0.142,6.48
192368.0,-26.0,2579.0,-0.092,6.96
192373.0,-402.0,2676.0,-0.017,6.72
192378.0,-249.0,2321.0,0.075,6.48
192384.0,-171.0,2041.0,0.125,6.48
192389.0,171.0,2240.0,0.042,6.23
192394.0,314.0,2119.0,0.05,6.96
192399.0,-208.0,2661.0,0.108,6.72
192404.0,-521.0,3034.0,0.15,6.96
192410.0,-183.0,2816.0,0.133,6.48
192415.0,35.0,2428.0,0.35,6.72
192420.0,-325.0,2543.0,-0.075,6.96
192425.0,-458.0,2952.0,-0.258,6.23
192431.0,386.0,1736.0,0.1,6.48
192436.0,-30.0,841.0,-0.292,6.96
192441.0,-493.0,1317.0,-0.792,6.23
192447.0,-399.0,1149.0,0.5,6.48
192452.0,173.0,1442.0,0.567,6.48
192456.0,-378.0,1885.0,0.025,6.48
192462.0,-332.0,2081.0,0.042,6.23
192467.0,-360.0,2084.0,-0.017,6.48
192473.0,-637.0,2021.0,0.092,6.23
192478.0,-301.0,1917.0,-0.025,6.48
192483.0,-209.0,1902.0,0.117,6.23
192488.0,-114.0,2443.0,0.092,6.48
192493.0,-68.0,2597.0,-0.275,6.48
192498.0,-292.0,2646.0,-0.258,6.96
192503.0,-249.0,2888.0,-0.158,6.96
192509.0,-325.0,2656.0,0.067,6.48
192515.0,-243.0,2829.0,0.442,6.48
192520.0,-4.0,2818.0,0.3,6.48
192525.0,-548.0,3120.0,0.025,6.48
192530.0,64.0,2863.0,-0.208,6.48
192535.0,-95.0,2333.0,-0.142,6.48
192541.0,-141.0,2673.0,-0.083,6.48
192546.0,-125.0,2516.0,-0.075,6.96
192550.0,-86.0,2393.0,0.083,6.72
192557.0,-144.0,2441.0,0.233,6.48
192562.0,-546.0,2600.0,0.058,6.48
192566.0,-377.0,2577.0,-0.025,6.23
192572.0,-11.0,2837.0,0.042,6.23
192577.0,-123.0,3130.0,-0.058,6.72
192582.0,68.0,2996.0,0.092,6.72
192587.0,-214.0,2600.0,0.1,6.48
192592.0,42.0,2573.0,-0.05,6.48
192598.0,61.0,2894.0,-0.083,6.48
192603.0,-495.0,2880.0,-0.05,6.96
192608.0,81.0,2835.0,0.0,6.96
192613.0,-58.0,3101.0,0.108,6.23
192619.0,-356.0,3057.0,0.008,6.48
192624.0,-158.0,2942.0,0.092,6.96
192629.0,3.0,2745.0,0.0,6.48
192634.0,69.0,2640.0,0.067,6.96
192638.0,2.0,2513.0,0.017,6.72
192645.0,-394.0,2205.0,-0.017,6.72
192650.0,-30.0,2490.0,0.025,6.48
192654.0,-325.0,2473.0,0.033,6.72
192660.0,-159.0,2617.0,-0.05,6.23
192665.0,291.0,2352.0,0.033,6.23
192670.0,358.0,2388.0,0.025,6.23
192675.0,-278.0,2144.0,0.017,6.72
192680.0,-102.0,1899.0,-0.108,6.23
192686.0,193.0,1076.0,-0.083,6.23
192691.0,353.0,1980.0,0.008,6.96
192696.0,-109.0,1559.0,-0.083,6.96
192701.0,-10.0,1442.0,0.225,6.23
192706.0,-180.0,1751.0,0.1,6.48
192711.0,-316.0,1870.0,-0.025,6.23
192716.0,-255.0,2042.0,0.242,6.23
192721.0,107.0,2139.0,0.133,6.23
192727.0,-30.0,2032.0,-0.075,6.96
192731.0,-65.0,1883.0,-0.1,6.48
192736.0,-22.0,1988.0,0.183,6.72
192741.0,-156.0,2310.0,-0.092,6.48
192747.0,-134.0,2373.0,-0.075,6.48
192751.0,-31.0,2660.0,0.1,6.48
192757.0,163.0,2498.0,-0.108,6.23
192762.0,299.0,2541.0,0.092,7.45
192768.0,230.0,2573.0,0.067,6.48
192772.0,55.0,2854.0,-0.008,6.23
192777.0,101.0,2573.0,0.117,6.48
192782.0,52.0,2427.0,0.108,6.72
192787.0,-206.0,2462.0,0.108,6.23
192792.0,25.0,2409.0,0.125,6.23
192797.0,257.0,2501.0,-0.075,6.48
192802.0,-39.0,2420.0,-0.008,6.23
192807.0,-184.0,2852.0,0.008,6.48
192813.0,-137.0,2797.0,0.008,6.23
192818.0,67.0,2748.0,0.108,6.48
192823.0,-284.0,2704.0,0.092,6.96
192828.0,-330.0,2155.0,0.125,6.96
192833.0,-329.0,2196.0,0.1,6.23
192837.0,188.0,2743.0,0.025,6.23
192842.0,-12.0,2262.0,-0.108,6.96
192847.0,191.0,2256.0,0.042,6.48
192852.0,51.0,2503.0,-0.017,6.96
192858.0,156.0,2719.0,0.033,6.23
192863.0,67.0,2626.0,0.133,6.48
192868.0,17.0,2475.0,0.108,6.23
192873.0,-602.0,2451.0,0.108,6.48
192878.0,-562.0,2520.0,-0.017,6.48
192883.0,-16.0,2415.0,-0.017,6.48
192888.0,379.0,2481.0,-0.058,6.48
192893.0,-277.0,2174.0,-0.058,6.48
192899.0,-234.0,1957.0,0.075,6.23
192904.0,281.0,2536.0,0.117,6.23
192909.0,61.0,2071.0,-0.133,6.23
192913.0,20.0,2106.0,0.033,6.23
192918.0,10.0,1935.0,0.167,6.72
192923.0,-57.0,2065.0,0.1,6.48
192928.0,97.0,2508.0,0.117,6.72
192933.0,155.0,2301.0,0.067,6.23
192939.0,264.0,2119.0,-0.008,6.48
192944.0,-34.0,2204.0,0.133,6.48
192949.0,36.0,2245.0,0.0,6.96
192954.0,177.0,2854.0,-0.125,6.72
192959.0,-241.0,2817.0,0.017,6.23
192964.0,-38.0,2407.0,-0.008,6.48
192969.0,22.0,2890.0,0.133,6.72
192974.0,368.0,2541.0,0.167,6.48
192979.0,293.0,2281.0,0.0,6.48
192985.0,-9.0,2612.0,-0.025,6.72
192991.0,413.0,2552.0,-0.092,6.23
192996.0,170.0,2172.0,-0.025,6.72
193001.0,-42.0,2013.0,0.0,6.23
193006.0,-512.0,2064.0,0.008,6.72
193011.0,-267.0,2464.0,-0.008,6.23
193016.0,-125.0,2281.0,0.05,6.48
193021.0,-185.0,2447.0,-0.05,6.96
193027.0,28.0,2369.0,0.025,6.72
193032.0,111.0,2300.0,0.067,6.23
193037.0,126.0,2318.0,0.083,6.48
193041.0,-245.0,2181.0,0.142,6.96
193047.0,-297.0,2412.0,0.15,6.48
193052.0,-228.0,2204.0,-0.008,6.48
193057.0,-314.0,2505.0,0.05,6.96
193062.0,-128.0,2484.0,-0.033,6.48
193068.0,-29.0,2274.0,0.058,6.23
193073.0,209.0,2193.0,-0.017,6.23
193078.0,-97.0,2357.0,0.05,6.48
193083.0,78.0,2109.0,0.05,6.23
193088.0,-3.0,2220.0,0.033,6.48
193093.0,-296.0,2666.0,-0.017,6.48
193097.0,-83.0,2707.0,0.117,6.23
193102.0,-113.0,2326.0,0.05,6.48
193107.0,-158.0,2235.0,-0.017,6.72
193113.0,-584.0,1870.0,-0.092,6.23
193118.0,183.0,2088.0,-0.042,6.23
193123.0,-148.0,2015.0,0.042,6.23
193128.0,-246.0,2315.0,0.025,6.23
193133.0,67.0,2019.0,0.025,6.23
193138.0,34.0,2116.0,0.125,6.48
193143.0,-110.0,2330.0,-0.033,6.96
193148.0,-339.0,2284.0,-0.117,6.72
193154.0,-390.0,2589.0,0.0,6.72
193159.0,-33.0,2717.0,-0.075,6.96
193164.0,-148.0,2378.0,0.042,6.48
193169.0,-300.0,2690.0,0.067,6.96
193174.0,-23.0,2708.0,0.033,6.72
193179.0,86.0,2851.0,0.025,7.21
193184.0,72.0,2855.0,-0.067,7.94
193189.0,-25.0,2565.0,-0.05,6.72
193195.0,-152.0,2746.0,0.158,6.23
193200.0,-16.0,2804.0,0.158,6.48
193205.0,-143.0,2901.0,0.108,6.48
193210.0,-407.0,2726.0,0.2,6.23
193215.0,-382.0,2740.0,0.05,6.48
193220.0,-297.0,2767.0,-0.192,6.48
193225.0,-249.0,2573.0,-0.017,6.23
193230.0,-104.0,2859.0,0.042,6.48
193235.0,-229.0,2940.0,0.017,6.23
193241.0,-229.0,2862.0,0.058,6.48
193246.0,-252.0,2818.0,0.008,6.72
193251.0,-199.0,2851.0,-0.025,6.23
193256.0,-229.0,2449.0,0.092,6.48
193261.0,-272.0,2468.0,0.0,6.48
193266.0,-70.0,2679.0,0.092,6.48
193271.0,-123.0,2513.0,0.05,6.48
193276.0,-216.0,2492.0,-0.033,6.48
193282.0,154.0,2772.0,0.05,6.48
193287.0,277.0,2622.0,0.05,6.48
193292.0,-64.0,2641.0,0.008,6.48
193297.0,-104.0,2469.0,0.042,6.48
193302.0,41.0,2414.0,-0.025,6.23
193307.0,-289.0,3065.0,0.025,6.23
193312.0,-89.0,2503.0,-0.008,6.23
193317.0,-56.0,2432.0,0.0,6.48
193323.0,-328.0,2147.0,0.1,7.94
193328.0,-229.0,2217.0,0.017,6.96
193333.0,-198.0,2234.0,0.067,4.77
193338.0,58.0,1636.0,0.033,6.48
193343.0,-59.0,1845.0,-0.067,6.48
193348.0,-87.0,2020.0,0.025,6.72
193353.0,-49.0,2498.0,0.017,6.48
193358.0,-364.0,2403.0,-0.025,6.48
193363.0,-82.0,1892.0,0.008,6.48
193369.0,-299.0,1728.0,0.025,6.23
193373.0,14.0,1681.0,0.008,6.48
193379.0,-30.0,1791.0,0.017,6.48
193383.0,49.0,1412.0,0.15,6.48
193388.0,-97.0,1601.0,0.033,6.23
193394.0,-231.0,1215.0,0.092,6.23
193398.0,60.0,1360.0,0.0,6.48
193403.0,-232.0,1505.0,0.075,6.48
193409.0,-553.0,1958.0,-0.017,6.72
193414.0,-230.0,1883.0,0.1,6.48
193419.0,-159.0,2219.0,0.067,6.72
193423.0,-518.0,2256.0,-0.033,6.48
193429.0,-122.0,2432.0,-0.042,6.72
193433.0,-29.0,2255.0,0.025,6.23
193438.0,65.0,2212.0,-0.05,6.23
193444.0,-29.0,2784.0,0.017,6.23
193448.0,202.0,2477.0,-0.05,6.23
193454.0,-148.0,2768.0,0.05,6.96
193460.0,-456.0,2272.0,-0.025,6.48
193465.0,-371.0,2409.0,0.042,5.25
193470.0,-219.0,2440.0,0.083,6.48
193475.0,-333.0,1770.0,-0.042,6.48
193480.0,-274.0,2063.0,-0.017,6.23
193485.0,236.0,2221.0,0.033,6.72
193491.0,-276.0,1717.0,-0.008,6.48
193496.0,-13.0,2054.0,0.1,6.48
193501.0,-109.0,1709.0,-0.025,6.48
193507.0,-311.0,1971.0,0.067,7.21
193511.0,-530.0,1842.0,-0.008,6.23
193517.0,70.0,2146.0,0.008,6.23
193522.0,-206.0,1922.0,-0.025,6.48
193527.0,-49.0,1795.0,0.075,6.72
193532.0,-167.0,2124.0,-0.017,6.96
193539.0,-109.0,1650.0,0.0,6.96
193543.0,-406.0,1501.0,-0.042,6.48
193549.0,22.0,1739.0,0.058,6.23
193554.0,-278.0,1315.0,0.05,6.23
193559.0,-193.0,1050.0,0.05,6.48
193563.0,-332.0,769.0,0.067,6.48
193568.0,-613.0,622.0,-0.008,6.48
193573.0,-229.0,455.0,0.025,6.96
193579.0,-357.0,755.0,0.017,6.23
193584.0,-222.0,340.0,-0.025,6.23
193589.0,56.0,194.0,0.133,6.23
193595.0,288.0,200.0,0.067,6.23
193599.0,69.0,363.0,0.05,7.7
193604.0,-13.0,417.0,0.008,6.48
193610.0,117.0,369.0,-0.075,6.48
193614.0,-56.0,344.0,0.0,6.96
193620.0,-358.0,1034.0,0.158,6.72
193626.0,202.0,1590.0,-0.033,6.72
193631.0,145.0,2021.0,0.067,6.23
193636.0,-451.0,1924.0,0.075,6.48
193641.0,-475.0,2200.0,0.042,6.23
193646.0,-322.0,2647.0,0.108,6.96
193652.0,-96.0,2859.0,0.008,6.96
193657.0,-212.0,3259.0,0.042,6.23
193662.0,-34.0,3115.0,-0.017,6.72
193668.0,-37.0,2980.0,-0.067,6.72
193673.0,-75.0,3352.0,0.017,6.96
193679.0,93.0,3772.0,0.133,6.72
193684.0,432.0,3729.0,0.125,6.72
193689.0,-52.0,3609.0,0.133,6.48
193694.0,-148.0,3821.0,0.075,6.96
193699.0,61.0,4274.0,0.15,6.48
193705.0,53.0,4960.0,0.067,6.96
193711.0,-523.0,5096.0,0.05,6.96
193716.0,43.0,5299.0,0.1,6.96
193721.0,152.0,6292.0,0.033,6.48
193726.0,-342.0,6266.0,-0.158,7.21
193731.0,-233.0,6205.0,0.017,6.48
193736.0,102.0,6393.0,-0.042,6.23
193741.0,6.0,5469.0,-0.183,6.48
193746.0,-109.0,5014.0,0.225,6.48
193752.0,-215.0,4532.0,0.125,6.23
193758.0,-557.0,3240.0,-0.1,6.96
193763.0,243.0,2987.0,0.225,6.72
193767.0,-38.0,1734.0,0.258,6.48
193773.0,102.0,1272.0,0.008,6.48
193778.0,211.0,779.0,0.042,6.48
193783.0,-183.0,693.0,0.075,6.48
193788.0,-539.0,707.0,-0.1,6.72
193794.0,127.0,414.0,0.1,6.48
193799.0,66.0,367.0,0.067,6.23
193804.0,-136.0,329.0,-0.2,6.23
193809.0,-257.0,336.0,-0.067,6.23
193814.0,235.0,140.0,-0.075,6.23
193820.0,-191.0,626.0,-0.067,6.23
193824.0,-376.0,657.0,0.0,6.23
193830.0,-38.0,851.0,0.067,6.48
193836.0,66.0,743.0,0.033,6.48
193841.0,-27.0,668.0,0.067,6.23
193846.0,129.0,1280.0,0.125,6.23
193852.0,101.0,2028.0,0.142,6.23
193857.0,-483.0,1993.0,0.008,6.48
193861.0,-308.0,2288.0,0.0,6.96
193867.0,102.0,2288.0,0.092,6.48
193871.0,-85.0,2613.0,-0.058,6.23
193876.0,-506.0,2775.0,0.033,9.65
193882.0,-22.0,2666.0,-0.075,6.48
193887.0,-197.0,2827.0,-0.025,7.21
193892.0,-131.0,2767.0,-0.033,6.48
193897.0,19.0,2990.0,0.0,6.72
193902.0,400.0,2885.0,-0.083,5.25
193907.0,-74.0,3007.0,0.008,6.23
193912.0,-198.0,2776.0,-0.017,6.48
193917.0,27.0,2489.0,0.075,6.72
193923.0,-233.0,2264.0,0.092,6.23
193928.0,-168.0,2137.0,0.092,6.48
193933.0,126.0,1795.0,-0.025,6.48
193938.0,-358.0,1730.0,-0.008,7.7
193943.0,-167.0,1805.0,0.05,6.96
193948.0,39.0,1897.0,-0.025,6.23
193953.0,5.0,2006.0,0.008,6.23
193958.0,-34.0,2564.0,0.0,6.48
193965.0,-158.0,1924.0,-0.05,6.23
193970.0,-188.0,2249.0,-0.033,6.48
193974.0,-187.0,3074.0,0.042,6.96
193980.0,23.0,2518.0,0.058,6.96
193985.0,-163.0,2723.0,0.05,6.96
193990.0,-196.0,2297.0,-0.025,6.23
193995.0,68.0,1901.0,0.058,6.72
194000.0,-102.0,1818.0,0.075,6.96
194006.0,-395.0,2005.0,0.058,6.23
194012.0,-219.0,1757.0,0.033,6.48
194017.0,361.0,1588.0,0.067,6.72
194021.0,144.0,2023.0,0.025,6.96
194027.0,-336.0,2151.0,0.067,6.23
194032.0,-268.0,2468.0,0.117,6.23
194037.0,-115.0,2188.0,0.008,6.48
194042.0,-127.0,2678.0,0.017,6.96
194048.0,353.0,2847.0,0.075,6.23
194053.0,14.0,3006.0,-0.092,6.48
194059.0,-316.0,3574.0,-0.067,6.23
194064.0,242.0,3545.0,0.067,6.23
194068.0,97.0,3412.0,-0.017,6.23
194074.0,163.0,3350.0,-0.158,6.96
194079.0,193.0,3339.0,0.067,6.48
194084.0,-88.0,3461.0,-0.05,6.48
194089.0,-388.0,3351.0,-0.167,6.23
194095.0,-346.0,2842.0,0.2,6.96
194100.0,-67.0,3083.0,0.233,6.48
194105.0,-53.0,2859.0,-0.15,6.23
194110.0,13.0,3030.0,-0.058,6.48
194115.0,164.0,3058.0,-0.017,6.48
194121.0,204.0,2944.0,-0.033,6.48
194126.0,-354.0,2297.0,0.092,6.96
194131.0,-239.0,1888.0,0.133,6.23
194137.0,-403.0,1856.0,-0.125,6.48
194142.0,-163.0,2175.0,-0.083,6.96
194147.0,-50.0,1864.0,0.0,6.48
194152.0,108.0,1939.0,0.208,6.48
194156.0,35.0,2144.0,0.058,6.96
194162.0,125.0,2358.0,0.058,6.23
194167.0,167.0,2245.0,0.117,6.48
194171.0,126.0,2204.0,-0.117,6.48
194178.0,-42.0,2208.0,-0.083,6.72
194183.0,-132.0,2213.0,0.025,6.96
194187.0,-11.0,1944.0,0.05,6.48
194192.0,-101.0,1785.0,0.083,6.23
194198.0,-351.0,1844.0,0.092,6.96
194203.0,-86.0,1650.0,-0.058,6.48
194208.0,-194.0,1603.0,0.067,6.96
194212.0,23.0,1960.0,0.133,6.23
194219.0,125.0,1740.0,0.117,6.96
194224.0,-249.0,1761.0,0.092,6.48
194228.0,-30.0,1646.0,-0.058,6.48
194234.0,-130.0,1466.0,-0.05,6.96
194239.0,-294.0,1801.0,-0.017,6.48
194244.0,-223.0,1969.0,-0.033,6.23
194249.0,164.0,1528.0,0.1,6.23
194254.0,2.0,1489.0,0.15,6.23
194259.0,-301.0,1539.0,0.067,6.23
194265.0,65.0,1782.0,0.008,6.48
194269.0,184.0,1433.0,0.033,6.72
194275.0,146.0,1937.0,-0.075,6.72
194280.0,358.0,1530.0,0.05,6.48
194285.0,329.0,1412.0,-0.033,6.23
194289.0,-276.0,1945.0,0.117,6.48
194294.0,-296.0,2028.0,-0.067,6.48
194299.0,-83.0,2216.0,0.017,6.96
194305.0,-229.0,2267.0,-0.05,7.21
194311.0,-259.0,2646.0,0.025,6.48
194316.0,-78.0,2864.0,-0.008,6.72
194321.0,86.0,2751.0,0.058,6.48
194326.0,-109.0,2763.0,0.092,6.96
194330.0,10.0,2842.0,0.117,6.48
194335.0,-6.0,2523.0,0.125,6.48
194340.0,-273.0,2983.0,0.075,6.48
194345.0,-259.0,3570.0,0.042,6.48
194351.0,-363.0,3387.0,0.1,7.7
194356.0,-86.0,3743.0,0.058,6.48
194361.0,-270.0,3712.0,0.05,6.23
194366.0,-55.0,3765.0,0.075,6.48
194371.0,-207.0,3646.0,0.133,6.48
194376.0,291.0,3707.0,0.092,6.23
194381.0,310.0,3505.0,-0.017,6.48
194386.0,106.0,3518.0,0.0,6.96
194392.0,118.0,3509.0,-0.058,6.48
194397.0,149.0,3449.0,-0.058,6.23
194402.0,-217.0,3304.0,-0.008,6.23
194407.0,-307.0,3505.0,0.042,6.23
194412.0,-234.0,3039.0,0.058,6.23
194417.0,66.0,3244.0,0.067,6.96
194422.0,-21.0,3228.0,0.042,6.48
194427.0,10.0,3033.0,-0.1,6.48
194433.0,-170.0,3022.0,0.05,6.48
194438.0,-365.0,2570.0,0.033,6.96
194443.0,-159.0,2745.0,-0.067,6.23
194448.0,45.0,2618.0,0.067,6.48
194453.0,-40.0,2570.0,0.017,6.23
194458.0,-268.0,2315.0,-0.05,6.48
194464.0,-224.0,1955.0,0.008,6.23
194469.0,-21.0,2015.0,0.108,6.72
194475.0,-359.0,1980.0,-0.042,6.23
194480.0,59.0,1779.0,-0.092,6.96
194485.0,12.0,1677.0,0.058,6.48
194490.0,170.0,1552.0,0.042,6.23
194495.0,64.0,1595.0,0.008,6.23
194499.0,63.0,1284.0,0.042,6.96
194504.0,-131.0,1637.0,0.05,6.72
194510.0,-262.0,1265.0,-0.017,6.48
194514.0,137.0,1006.0,0.058,6.48
194520.0,-124.0,906.0,0.083,6.23
194525.0,33.0,1207.0,-0.075,6.23
194530.0,-53.0,814.0,-0.008,6.48
194534.0,-46.0,887.0,0.108,6.23
194539.0,-184.0,888.0,0.0,6.72
194544.0,-315.0,722.0,0.033,6.72
194549.0,-99.0,451.0,0.025,7.21
194555.0,-107.0,579.0,0.067,6.48
194561.0,-90.0,745.0,0.033,6.23
194565.0,-236.0,626.0,0.058,6.96
194570.0,-98.0,661.0,0.108,6.48
194575.0,-157.0,812.0,0.092,6.96
194580.0,111.0,1177.0,0.025,6.48
194585.0,14.0,1407.0,0.0,6.48
194590.0,-361.0,1584.0,0.05,6.72
194595.0,123.0,1588.0,-0.008,7.21
194600.0,520.0,2064.0,0.075,6.96
194606.0,-162.0,1863.0,0.075,6.48
194612.0,-166.0,2135.0,-0.008,6.23
194617.0,-65.0,2421.0,-0.058,6.96
194621.0,-366.0,2646.0,0.05,6.48
194627.0,-220.0,2068.0,0.05,6.48
194632.0,1.0,2926.0,0.025,6.23
194637.0,-263.0,2649.0,0.05,6.48
194642.0,-47.0,2351.0,0.058,6.48
194648.0,-46.0,2679.0,0.042,6.48
194653.0,-353.0,2714.0,0.067,6.23
194658.0,-475.0,3176.0,-0.017,6.72
194663.0,246.0,2788.0,-0.017,6.72
194668.0,111.0,2857.0,0.075,6.48
194674.0,-187.0,2637.0,-0.042,6.48
194679.0,104.0,2859.0,0.117,6.48
194683.0,73.0,2246.0,-0.075,6.48
194689.0,-56.0,2298.0,0.083,7.21
194694.0,-443.0,2311.0,0.075,6.48
194699.0,-113.0,2053.0,-0.025,6.48
194704.0,86.0,2425.0,-0.067,6.48
194709.0,-553.0,2626.0,0.05,6.72
194714.0,-63.0,2770.0,0.05,6.72
194719.0,24.0,2708.0,0.008,6.48
194724.0,-413.0,2907.0,0.042,6.48
194729.0,-105.0,3047.0,0.05,6.48
194735.0,-164.0,2968.0,0.042,6.23
194740.0,-266.0,2597.0,0.008,6.96
194745.0,-387.0,2197.0,0.008,6.23
194750.0,-248.0,2158.0,-0.033,6.48
194755.0,-174.0,1968.0,0.042,6.48
194760.0,-99.0,1562.0,0.058,6.96
194765.0,-64.0,1431.0,0.092,6.48
194770.0,-166.0,1961.0,-0.033,6.72
194776.0,-157.0,2070.0,0.075,6.48
194781.0,-77.0,1703.0,0.108,6.48
194786.0,-381.0,2181.0,0.058,6.72
194791.0,-498.0,2268.0,0.008,6.48
194796.0,-348.0,2579.0,-0.15,6.72
194801.0,-213.0,2411.0,-0.025,6.23
194806.0,52.0,2410.0,-0.033,6.96
194811.0,146.0,2354.0,-0.025,6.23
194817.0,241.0,2388.0,0.033,6.23
194822.0,-104.0,2181.0,0.075,6.96
194827.0,-220.0,1723.0,0.058,6.48
194832.0,-55.0,1672.0,0.075,6.48
194837.0,335.0,1801.0,0.108,6.72
194843.0,-245.0,1663.0,0.008,6.72
194847.0,-114.0,1816.0,0.025,7.21
194852.0,-172.0,2073.0,0.05,6.23
194859.0,-106.0,2403.0,0.05,6.23
194863.0,-79.0,2490.0,-0.008,6.23
194868.0,-71.0,2159.0,0.017,6.23
194873.0,-192.0,2500.0,-0.025,6.23
194878.0,130.0,2375.0,-0.075,6.48
194883.0,4.0,2573.0,-0.058,6.23
194888.0,-245.0,2314.0,0.108,6.23
194893.0,-343.0,2011.0,-0.017,6.96
194899.0,77.0,1637.0,0.017,6.48
194904.0,92.0,1710.0,0.05,6.72
194910.0,-180.0,1944.0,0.008,6.48
194915.0,-78.0,1328.0,0.117,6.48
194920.0,117.0,1575.0,0.15,6.72
194925.0,31.0,2072.0,0.0,6.23
194930.0,-205.0,2164.0,0.05,6.48
194935.0,92.0,2103.0,0.058,6.23
194940.0,-310.0,2583.0,-0.025,6.96
194947.0,-126.0,2565.0,-0.042,7.21
194951.0,111.0,2270.0,-0.108,6.48
194956.0,-133.0,1965.0,-0.05,6.48
194962.0,-115.0,1843.0,-0.017,6.23
194966.0,30.0,1510.0,0.025,6.48
194972.0,16.0,1586.0,0.067,6.23
194977.0,-144.0,2098.0,0.0,6.48
194982.0,-53.0,1555.0,0.033,6.23
194988.0,193.0,1742.0,0.083,6.96
194993.0,-57.0,2210.0,0.067,6.72
194998.0,-64.0,1977.0,0.017,6.48
195003.0,-254.0,2041.0,0.067,6.23
195009.0,-246.0,2263.0,0.05,6.48
195013.0,-145.0,2228.0,-0.075,6.96
195019.0,41.0,2041.0,-0.017,5.25
195024.0,63.0,2141.0,-0.025,6.23
195030.0,-108.0,2186.0,0.042,6.23
195035.0,40.0,2342.0,-0.067,6.48
195041.0,-252.0,1896.0,0.008,6.48
195045.0,-17.0,1735.0,0.058,6.96
195050.0,227.0,1798.0,0.033,6.23
195056.0,-219.0,1630.0,0.058,6.96
195060.0,-276.0,1677.0,0.1,6.23
195065.0,-204.0,1884.0,0.05,6.48
195072.0,-126.0,1662.0,-0.017,6.96
195076.0,-71.0,1843.0,0.092,6.72
195082.0,-23.0,2509.0,0.017,6.23
195087.0,-95.0,2315.0,-0.058,6.23
195092.0,-372.0,2282.0,0.1,6.72
195097.0,-178.0,1989.0,0.017,6.48
195102.0,32.0,1911.0,0.042,6.23
195107.0,-475.0,2152.0,0.0,6.48
195112.0,-167.0,1728.0,0.042,6.96
195119.0,631.0,1792.0,0.033,6.48
195123.0,418.0,1897.0,0.15,6.23
195129.0,-34.0,1966.0,0.15,6.96
195134.0,-262.0,1962.0,0.058,6.72
195139.0,-211.0,2159.0,-0.017,6.23
195144.0,-415.0,1813.0,0.008,5.5
195150.0,9.0,1993.0,0.008,6.23
195154.0,168.0,2002.0,0.017,6.96
195161.0,110.0,2124.0,0.017,6.72
195166.0,-396.0,2150.0,0.017,6.72
195172.0,290.0,2472.0,-0.058,6.23
195176.0,97.0,2101.0,0.05,6.96
195182.0,-267.0,1813.0,-0.025,6.48
195187.0,-325.0,2287.0,0.058,6.48
195192.0,0.0,2000.0,0.083,6.23
195197.0,180.0,1662.0,0.125,6.23
195204.0,-310.0,1578.0,0.067,6.72
195209.0,138.0,2020.0,-0.017,6.48
195214.0,247.0,2273.0,0.092,6.23
195219.0,-167.0,2099.0,0.067,6.48
195225.0,-145.0,2035.0,0.075,6.23
195229.0,102.0,1932.0,0.125,6.48
195235.0,284.0,2112.0,0.108,6.48
195240.0,-8.0,1980.0,0.017,6.48
195246.0,-158.0,1979.0,0.033,6.48
195251.0,-61.0,2176.0,0.017,6.96
195256.0,-733.0,2050.0,0.0,6.48
195261.0,-344.0,2089.0,-0.033,6.96
195266.0,20.0,2039.0,0.025,6.72
195272.0,18.0,2059.0,0.017,6.23
195277.0,-320.0,2110.0,0.083,6.72
195282.0,-333.0,1835.0,-0.05,6.23
195288.0,-81.0,1897.0,-0.017,6.48
195293.0,-347.0,2164.0,0.092,6.72
195298.0,-236.0,2041.0,0.008,6.23
195303.0,66.0,2301.0,0.0,6.23
195308.0,-91.0,2178.0,0.008,6.48
195313.0,-25.0,2040.0,0.142,6.48
195319.0,111.0,1894.0,0.058,6.23
195324.0,-77.0,2073.0,0.025,6.48
195329.0,-108.0,1686.0,0.1,6.72
195335.0,-44.0,1698.0,-0.042,7.7
195339.0,-115.0,1759.0,0.1,6.48
195345.0,-205.0,1777.0,-0.008,6.48
195350.0,-83.0,1397.0,0.058,6.72
195355.0,229.0,1390.0,0.1,6.96
195360.0,-354.0,1453.0,0.0,6.23
195365.0,-194.0,1431.0,-0.042,6.48
195371.0,-511.0,1342.0,0.0,6.72
195376.0,-116.0,1550.0,0.083,6.96
195382.0,-176.0,1208.0,0.142,6.96
195386.0,83.0,1461.0,0.017,6.96
195392.0,159.0,1835.0,-0.058,6.48
195397.0,-183.0,1467.0,-0.017,6.48
195402.0,-183.0,1476.0,0.092,6.48
195407.0,-302.0,1465.0,0.092,6.72
195412.0,-162.0,1799.0,0.058,6.23
195418.0,24.0,1434.0,0.083,6.72
195423.0,13.0,1670.0,-0.042,6.48
195429.0,-51.0,1786.0,0.042,6.23
195434.0,79.0,1865.0,-0.017,6.96
195438.0,6.0,2016.0,0.083,6.23
195444.0,52.0,2244.0,0.033,6.48
195448.0,141.0,2363.0,0.075,6.48
195454.0,23.0,2183.0,0.092,6.72
195460.0,-79.0,2451.0,0.033,6.23
195465.0,-77.0,2362.0,0.0,6.48
195470.0,42.0,2030.0,0.0,6.23
195476.0,-68.0,2240.0,0.042,6.23
195481.0,204.0,2041.0,0.108,6.96
195485.0,87.0,1934.0,0.092,6.96
195491.0,-563.0,2182.0,-0.042,6.23
195496.0,317.0,2109.0,0.083,6.72
195501.0,598.0,1804.0,0.033,6.72
195507.0,-94.0,1717.0,-0.008,6.23
195511.0,-217.0,1656.0,0.075,6.96
195517.0,151.0,1862.0,0.042,6.23
195522.0,85.0,1713.0,0.133,6.96
195526.0,-324.0,2150.0,-0.042,6.72
195532.0,-236.0,1976.0,-0.017,6.23
195537.0,-238.0,2197.0,0.0,6.23
195542.0,-475.0,2128.0,0.042,6.48
195548.0,-189.0,2336.0,-0.058,6.48
195553.0,-279.0,2393.0,-0.008,6.48
195558.0,-410.0,2355.0,0.083,6.23
195563.0,-130.0,2415.0,-0.017,6.72
195569.0,72.0,2276.0,-0.008,6.23
195573.0,193.0,2641.0,0.075,6.96
195579.0,105.0,1963.0,0.075,6.48
195585.0,-447.0,2112.0,0.025,6.23
195589.0,-242.0,2019.0,0.033,6.48
195595.0,-576.0,2127.0,-0.058,6.48
195600.0,42.0,2136.0,0.092,6.23
195605.0,-151.0,2134.0,0.1,6.23
195610.0,99.0,2312.0,0.017,6.48
195615.0,287.0,1999.0,0.0,6.96
195620.0,-306.0,2438.0,0.108,6.48
195625.0,-130.0,2068.0,-0.017,6.23
195631.0,-342.0,2089.0,-0.033,6.96
195637.0,-167.0,2103.0,-0.025,6.48
195642.0,-297.0,2081.0,-0.083,6.48
195647.0,-161.0,1972.0,0.008,6.48
195652.0,-434.0,1975.0,0.033,6.96
195657.0,-236.0,2179.0,0.017,6.23
195662.0,54.0,1976.0,0.042,6.48
195667.0,595.0,2073.0,0.083,6.48
195673.0,-387.0,1821.0,0.092,6.96
195678.0,9.0,1812.0,0.0,6.23
195683.0,118.0,1688.0,-0.1,6.23
195689.0,-170.0,1808.0,0.042,6.23
195694.0,-512.0,2015.0,0.092,5.74
195699.0,-427.0,2076.0,-0.05,6.96
195704.0,-47.0,1656.0,0.017,6.96
195709.0,-327.0,1783.0,0.058,6.48
195715.0,-156.0,1931.0,0.05,6.72
195721.0,-180.0,1977.0,0.0,6.96
195726.0,14.0,2168.0,0.042,6.23
195730.0,157.0,2065.0,0.108,6.72
195736.0,139.0,2055.0,0.117,6.48
195741.0,149.0,2160.0,0.0,6.72
195746.0,42.0,2174.0,-0.008,6.48
195751.0,-76.0,2010.0,0.083,6.23
195757.0,-230.0,2043.0,-0.025,6.48
195762.0,-169.0,1646.0,0.067,7.21
195767.0,-369.0,2338.0,-0.008,6.72
195772.0,-21.0,2041.0,0.075,6.48
195777.0,196.0,2295.0,0.025,6.48
195782.0,1.0,2234.0,-0.017,6.96
195786.0,-2.0,1911.0,0.108,6.72
195792.0,-38.0,2307.0,0.042,6.48
195798.0,148.0,2032.0,-0.05,6.23
195803.0,75.0,1754.0,0.008,6.23
195807.0,-32.0,2085.0,-0.092,6.72
195812.0,-356.0,1954.0,-0.025,6.23
195817.0,-149.0,1588.0,0.092,6.48
195822.0,71.0,2075.0,0.108,6.48
195827.0,-8.0,1758.0,0.092,6.23
195832.0,98.0,2040.0,0.008,6.96
195837.0,-236.0,2329.0,0.058,6.48
195844.0,-329.0,2321.0,0.1,6.48
195848.0,-338.0,2294.0,-0.017,6.48
195853.0,-140.0,2059.0,-0.042,6.72
195858.0,-243.0,2015.0,-0.017,6.48
195863.0,53.0,2102.0,0.025,6.48
195868.0,-240.0,1567.0,-0.025,6.23
195872.0,-229.0,1518.0,-0.017,6.72
195878.0,-197.0,1685.0,0.017,6.96
195884.0,-290.0,1665.0,-0.033,6.23
195889.0,-464.0,1776.0,0.042,6.48
195893.0,-557.0,1813.0,0.1,6.48
195898.0,-476.0,2188.0,0.075,6.48
195902.0,49.0,1573.0,0.042,6.96
195907.0,122.0,1902.0,0.033,6.48
195912.0,-11.0,2019.0,0.075,6.23
195916.0,124.0,2072.0,0.092,6.48
195921.0,87.0,1735.0,-0.05,6.48
195926.0,-240.0,1666.0,0.008,6.48
195931.0,-91.0,1809.0,0.008,6.48
195936.0,233.0,1914.0,-0.008,6.96
195941.0,-179.0,1735.0,0.008,6.96
195946.0,-180.0,1563.0,0.025,6.72
195951.0,36.0,1846.0,0.033,6.48
195956.0,-108.0,1739.0,-0.042,6.72
195961.0,-177.0,1967.0,0.058,6.96
195966.0,-79.0,2040.0,0.0,6.23
195972.0,-236.0,2186.0,-0.008,6.48
195977.0,-559.0,2043.0,-0.033,6.48
195982.0,-215.0,1628.0,0.1,6.72
195987.0,-442.0,2090.0,0.108,6.48
195992.0,-94.0,2063.0,0.042,6.23
195997.0,-290.0,1966.0,0.017,6.23
196002.0,-87.0,2168.0,0.025,6.96
196007.0,-9.0,2121.0,-0.05,6.48
196013.0,267.0,1754.0,-0.008,6.96
196018.0,112.0,1793.0,0.025,6.48
196023.0,-518.0,1750.0,-0.025,8.68
196028.0,-115.0,1892.0,0.058,6.96
196032.0,8.0,1757.0,0.133,6.48
196037.0,-343.0,1791.0,0.05,6.23
196042.0,-190.0,1896.0,0.008,7.21
196047.0,-250.0,1691.0,-0.042,6.48
196052.0,-489.0,1813.0,0.05,6.96
196058.0,-351.0,1742.0,0.05,6.23
196063.0,-9.0,2077.0,0.0,6.48
196068.0,-96.0,1684.0,0.008,6.48
196073.0,-92.0,2123.0,-0.033,6.48
196078.0,41.0,1611.0,0.0,6.48
196082.0,-217.0,1692.0,0.017,6.48
196088.0,-51.0,2111.0,-0.017,6.48
196093.0,-16.0,1707.0,0.017,6.48
196099.0,-206.0,1562.0,0.092,6.48
196104.0,-346.0,1654.0,0.0,6.23
196109.0,-383.0,1836.0,0.075,6.23
196114.0,-104.0,1835.0,0.008,6.23
196119.0,553.0,1911.0,-0.025,6.96
196123.0,64.0,1796.0,0.092,6.48
196128.0,196.0,1897.0,0.067,6.23
196133.0,343.0,1703.0,-0.008,6.48
196139.0,167.0,1540.0,0.067,6.48
196145.0,-291.0,1796.0,-0.017,6.48
196150.0,24.0,1466.0,0.033,6.48
196155.0,-57.0,1595.0,-0.017,6.23
196160.0,-317.0,1641.0,0.017,6.96
196165.0,-162.0,2033.0,0.033,6.96
196170.0,-90.0,1940.0,-0.025,6.72
196176.0,-236.0,1962.0,-0.033,6.48
196182.0,-325.0,1730.0,0.008,6.96
196186.0,146.0,1717.0,0.05,6.23
196192.0,218.0,2141.0,0.0,6.23
196197.0,251.0,1777.0,-0.008,6.48
196201.0,-412.0,1974.0,0.075,6.96
196207.0,-124.0,1676.0,-0.017,6.96
196212.0,17.0,2132.0,0.008,6.23
196217.0,-99.0,2109.0,0.017,6.23
196222.0,-195.0,1817.0,0.017,6.48
196228.0,-310.0,1945.0,0.05,6.48
196233.0,67.0,1794.0,0.0,6.23
196238.0,17.0,1908.0,0.067,6.72
196243.0,-92.0,2169.0,-0.042,6.48
196248.0,-136.0,1848.0,0.017,6.23
196253.0,-219.0,1980.0,0.017,6.96
196258.0,84.0,1621.0,-0.075,6.48
196263.0,214.0,1515.0,0.0,6.96
196269.0,101.0,2001.0,0.133,6.23
196274.0,-364.0,1790.0,0.058,6.96
196279.0,10.0,1900.0,0.067,6.48
196284.0,9.0,1567.0,0.042,6.23
196289.0,-207.0,1580.0,0.108,6.48
196294.0,-294.0,1764.0,0.092,6.48
196298.0,83.0,2147.0,0.0,6.48
196304.0,55.0,1867.0,-0.042,6.96
196310.0,34.0,1887.0,0.008,6.72
196314.0,119.0,1794.0,0.0,6.48
196320.0,-47.0,1714.0,0.092,6.72
196324.0,-400.0,1961.0,0.1,6.72
196329.0,-364.0,2066.0,0.025,6.48
196335.0,-83.0,1748.0,0.05,6.96
196339.0,-88.0,1891.0,0.033,6.23
196345.0,-430.0,1723.0,0.025,6.96
196350.0,119.0,1971.0,-0.017,6.72
196355.0,-100.0,1888.0,0.025,6.48
196361.0,-266.0,1648.0,0.033,6.23
196365.0,-47.0,1657.0,0.075,6.72
196370.0,137.0,1588.0,0.05,6.48
196376.0,-193.0,1642.0,-0.033,6.96
196380.0,-358.0,1611.0,0.058,6.23
196386.0,58.0,1664.0,0.058,6.23
196391.0,269.0,2134.0,0.042,6.72
196396.0,64.0,2189.0,0.008,6.23
196402.0,-336.0,1815.0,-0.058,6.23
196406.0,-77.0,2060.0,0.058,6.48
196411.0,145.0,1811.0,0.042,6.48
196417.0,-191.0,2103.0,0.058,6.72
196421.0,-178.0,2260.0,0.033,6.72
196426.0,-64.0,1731.0,-0.042,6.48
196432.0,8.0,2239.0,0.017,6.23
196436.0,23.0,1914.0,-0.05,6.23
196443.0,-437.0,1870.0,0.042,7.21
196448.0,-323.0,2072.0,0.025,6.72
196453.0,-48.0,1531.0,0.067,6.48
196458.0,-82.0,1838.0,-0.017,6.72
196463.0,-74.0,2094.0,-0.017,6.48
196468.0,85.0,1853.0,0.117,6.96
196473.0,-373.0,1707.0,0.033,6.23
196480.0,-175.0,2095.0,-0.017,6.48
196485.0,200.0,1950.0,0.033,6.72
196490.0,-250.0,2109.0,0.058,6.23
196495.0,-108.0,1953.0,0.05,6.72
196500.0,-211.0,1910.0,0.058,7.21
196505.0,-51.0,1725.0,0.142,6.48
196510.0,-35.0,1971.0,0.033,6.23
196515.0,-226.0,1800.0,-0.025,6.23
196520.0,262.0,1256.0,0.017,6.23
196527.0,170.0,1778.0,0.058,6.48
196531.0,219.0,1711.0,-0.133,6.23
196536.0,13.0,1684.0,0.075,6.23
196542.0,-271.0,1922.0,0.025,6.23
196547.0,-276.0,1917.0,0.008,6.48
196552.0,262.0,1537.0,0.008,6.48
196558.0,200.0,2267.0,0.017,6.96
196562.0,-107.0,1780.0,-0.025,6.96
196568.0,165.0,1461.0,0.017,6.23
196574.0,133.0,1581.0,0.1,6.48
196578.0,248.0,1760.0,-0.008,6.48
196583.0,-174.0,1375.0,-0.008,6.96
196589.0,-210.0,1871.0,0.008,6.48
196593.0,-449.0,2060.0,0.092,6.23
196599.0,-315.0,1674.0,-0.017,6.48
196604.0,-425.0,2090.0,-0.008,6.23
196610.0,-508.0,2301.0,0.067,6.23
196615.0,-321.0,1578.0,-0.067,6.48
196620.0,89.0,1598.0,0.0,6.23
196625.0,190.0,1475.0,0.042,6.96
196630.0,-276.0,1425.0,0.058,5.01
196636.0,-16.0,2131.0,-0.008,6.48
196640.0,53.0,2174.0,0.042,6.23
196646.0,-27.0,2260.0,0.1,6.48
196652.0,-127.0,1802.0,-0.008,6.96
196657.0,-20.0,2173.0,0.108,6.48
196662.0,72.0,1804.0,-0.058,6.72
196667.0,-234.0,1822.0,0.067,6.23
196672.0,-173.0,2195.0,0.0,6.48
196677.0,31.0,1959.0,0.05,6.48
196683.0,205.0,1829.0,-0.042,6.23
196687.0,-116.0,1900.0,0.017,6.72
196692.0,-241.0,1629.0,-0.117,6.23
196698.0,32.0,1712.0,-0.1,6.48
196702.0,-3.0,2049.0,0.025,6.23
196707.0,148.0,2102.0,0.042,6.23
196711.0,-299.0,2085.0,0.033,6.48
196716.0,-120.0,1766.0,0.0,6.48
196721.0,172.0,1990.0,0.067,6.96
196727.0,-232.0,1714.0,0.008,6.48
196732.0,-270.0,1924.0,-0.008,6.48
196738.0,-119.0,1867.0,-0.008,6.48
196743.0,-79.0,1747.0,-0.008,6.23
196749.0,-305.0,1851.0,-0.042,6.23
196754.0,-222.0,1862.0,0.025,6.96
196759.0,-268.0,2050.0,-0.033,6.48
196765.0,-414.0,2142.0,0.025,6.72
196770.0,-270.0,1830.0,-0.017,6.96
196775.0,-251.0,1835.0,0.092,6.96
196781.0,-197.0,1713.0,-0.017,6.48
196787.0,83.0,1817.0,0.042,7.94
196791.0,24.0,2050.0,0.008,6.96
196797.0,44.0,1794.0,-0.025,6.48
196802.0,-122.0,1962.0,0.033,6.23
196807.0,266.0,2197.0,-0.05,6.48
196812.0,121.0,1946.0,-0.017,6.48
196817.0,47.0,1844.0,-0.025,6.72
196823.0,-419.0,1993.0,0.092,6.48
196828.0,-474.0,1806.0,-0.008,6.48
196833.0,230.0,2128.0,0.008,6.48
196838.0,233.0,1921.0,0.05,6.23
196844.0,83.0,1985.0,-0.033,6.96
196849.0,-119.0,1873.0,-0.075,6.48
196854.0,-63.0,1914.0,0.033,6.48
196859.0,-288.0,2161.0,0.042,6.72
196865.0,-226.0,1867.0,-0.017,6.23
196870.0,-12.0,2066.0,0.033,6.72
196875.0,-197.0,1893.0,-0.008,6.48
196880.0,-249.0,2279.0,0.017,6.48
196885.0,-144.0,2012.0,0.025,6.23
196890.0,-402.0,1822.0,0.017,6.48
196896.0,-188.0,1740.0,0.0,6.72
196901.0,-224.0,2163.0,0.008,6.72
196907.0,-361.0,2200.0,0.083,6.48
196912.0,-185.0,1976.0,0.033,6.48
196917.0,41.0,2065.0,0.008,6.72
196922.0,92.0,2148.0,0.117,6.23
196927.0,-134.0,2052.0,0.05,6.48
196932.0,185.0,2299.0,-0.042,6.48
196937.0,-369.0,1989.0,0.017,6.23
196943.0,-201.0,2121.0,0.017,6.72
196948.0,-47.0,1822.0,0.1,6.48
196953.0,140.0,2131.0,0.075,6.23
196959.0,-384.0,2053.0,0.008,6.72
196963.0,-491.0,2186.0,0.0,6.48
196969.0,119.0,2146.0,0.083,6.48
196974.0,-273.0,2182.0,0.033,6.23
196979.0,-453.0,2239.0,0.092,6.48
196984.0,28.0,2392.0,0.058,6.48
196989.0,210.0,2178.0,0.05,6.72
196996.0,-204.0,2327.0,-0.033,7.21
197000.0,-43.0,1734.0,0.133,6.48
197006.0,155.0,1986.0,-0.05,6.23
197010.0,200.0,2155.0,0.075,6.96
197015.0,-381.0,2275.0,-0.058,6.48
197020.0,-81.0,2264.0,-0.033,6.96
197025.0,104.0,1949.0,0.042,6.48
197030.0,-116.0,1859.0,0.058,6.23
197036.0,-110.0,1906.0,0.0,6.23
197041.0,-185.0,1853.0,-0.067,6.96
197046.0,-269.0,2167.0,0.05,6.48
197052.0,123.0,2198.0,0.067,7.7
197057.0,128.0,1884.0,0.067,6.48
197062.0,-106.0,1584.0,0.058,6.96
197067.0,-304.0,1519.0,0.033,6.23
197072.0,-203.0,1830.0,-0.008,6.48
197078.0,-85.0,2254.0,-0.008,8.68
197083.0,-9.0,1863.0,0.0,6.48
197088.0,-122.0,1665.0,0.025,6.48
197094.0,-288.0,1911.0,-0.025,6.23
197099.0,-38.0,1824.0,-0.058,6.96
197103.0,-53.0,1263.0,0.033,6.23
197109.0,103.0,1543.0,-0.033,6.48
197114.0,-31.0,1558.0,0.05,6.23
197118.0,-368.0,1669.0,0.05,6.96
197124.0,116.0,1368.0,0.017,6.48
197129.0,-49.0,1449.0,-0.075,6.48
197134.0,-159.0,1159.0,0.033,6.48
197140.0,-167.0,1256.0,0.067,7.21
197144.0,-2.0,1263.0,0.033,6.48
197150.0,54.0,931.0,0.075,6.96
197155.0,-246.0,1100.0,0.092,6.48
197160.0,-261.0,838.0,0.042,6.48
197166.0,-275.0,2.0,-0.058,6.23
197171.0,-183.0,-1889.0,-0.333,6.72
197176.0,-96.0,-25306.0,-1.333,6.72
197181.0,-280.0,-36000.0,-1.983,6.23
197186.0,-20.0,-105005.0,-3.758,6.23
197191.0,167.0,-226990.0,-4.617,6.23
197197.0,-179.0,-312504.0,-4.225,6.23
197202.0,-341.0,-356637.0,-3.058,6.23
197207.0,-260.0,-441966.0,-2.625,6.48
197213.0,-580.0,-480120.0,-2.4,6.23
197218.0,-368.0,-486211.0,-2.883,6.96
197223.0,-167.0,-489864.0,-3.133,6.48
197228.0,-486.0,-483776.0,-2.958,6.96
197233.0,-278.0,-485811.0,-2.8,6.23
197238.0,-285.0,-511626.0,-2.792,6.72
197244.0,-357.0,-566220.0,-3.083,6.23
197250.0,-219.0,-604989.0,-3.933,6.48
197254.0,-254.0,-685972.0,-4.175,6.48
197260.0,-207.0,-720374.0,-3.617,6.23
197265.0,61.0,-725369.0,-2.992,6.96
197269.0,-42.0,-744204.0,-2.675,6.72
197275.0,128.0,-774400.0,-3.15,6.23
197280.0,-234.0,-794533.0,-3.583,6.48
197285.0,-477.0,-843286.0,-3.525,6.23
197291.0,-395.0,-883252.0,-3.367,6.23
197297.0,79.0,-896857.0,-3.358,5.99
197301.0,-168.0,-915036.0,-3.208,6.48
197306.0,-233.0,-923401.0,-3.267,6.48
197311.0,-305.0,-939782.0,-3.308,6.72
197316.0,-244.0,-953082.0,-3.375,6.96
197322.0,-338.0,-960870.0,-3.125,6.72
197327.0,-540.0,-964047.0,-3.025,6.23
197332.0,-563.0,-970496.0,-3.125,6.72
197338.0,-83.0,-975852.0,-3.25,6.23
197343.0,13.0,-976921.0,-3.175,6.72
197348.0,120.0,-977010.0,-3.142,6.23
197353.0,307.0,-976853.0,-3.075,6.72
197358.0,-241.0,-979908.0,-2.975,6.72
197363.0,-130.0,-988092.0,-2.842,6.96
197369.0,10.0,-999854.0,-2.842,6.23
197374.0,86.0,-1003847.0,-2.225,6.96
197380.0,-5.0,-1009526.0,-1.492,6.72
197385.0,273.0,-1010550.0,-2.067,5.99
197390.0,-19.0,-1010675.0,-2.658,6.23
197395.0,-371.0,-1012072.0,-2.342,6.23
197401.0,-230.0,-1017462.0,-1.533,6.23
197406.0,-270.0,-1019661.0,-0.583,6.23
197411.0,-240.0,-1023722.0,-1.35,6.23
197416.0,-289.0,-1026454.0,-2.283,6.72
197422.0,-210.0,-1026937.0,-2.533,6.23
197427.0,-114.0,-1027768.0,-0.842,6.23
197433.0,-81.0,-1030282.0,-0.117,6.23
197437.0,-14.0,-1031677.0,-1.292,5.99
197442.0,106.0,-1034614.0,-2.408,5.99
197448.0,45.0,-1037356.0,-1.242,5.01
197453.0,-101.0,-1039083.0,-0.25,6.72
197458.0,-471.0,-1042140.0,-1.35,5.99
197464.0,-646.0,-1044848.0,-1.117,5.99
197469.0,-381.0,-1046011.0,-0.708,5.99
197474.0,-307.0,-1048336.0,-0.733,6.48
197479.0,-164.0,-1050188.0,-0.942,6.23
197484.0,-33.0,-1051171.0,-0.625,6.23
197489.0,-21.0,-1053602.0,0.325,6.72
197494.0,26.0,-1055766.0,-0.008,5.99
197499.0,80.0,-1057437.0,-0.408,5.99
197506.0,-156.0,-1059572.0,-0.5,6.72
197511.0,-189.0,-1061444.0,0.383,6.48
197516.0,179.0,-1062269.0,0.758,6.23
197521.0,-127.0,-1065884.0,0.275,5.74
197526.0,-352.0,-1069524.0,0.192,5.99
197531.0,-49.0,-1071733.0,0.708,6.23
197536.0,-221.0,-1076232.0,0.392,6.23
197541.0,-314.0,-1080066.0,0.483,5.99
197547.0,-39.0,-1081241.0,0.592,6.23
197552.0,-61.0,-1083652.0,0.392,5.74
197558.0,-254.0,-1085876.0,0.583,5.74
197563.0,-268.0,-1087025.0,0.583,5.74
197568.0,212.0,-1088092.0,0.442,5.74
197573.0,343.0,-1087374.0,0.458,6.48
197578.0,-60.0,-1086579.0,0.508,5.99
197583.0,288.0,-1085524.0,0.608,6.23
197588.0,153.0,-1084044.0,0.533,6.48
197594.0,-313.0,-1083381.0,0.575,5.74
197600.0,-93.0,-1081270.0,0.658,5.74
197605.0,-68.0,-1078368.0,0.55,5.99
197609.0,-115.0,-1076767.0,0.633,6.23
197615.0,-245.0,-1073876.0,0.625,5.99
197620.0,-12.0,-1069658.0,0.758,5.99
197625.0,233.0,-1067593.0,0.633,6.48
197630.0,215.0,-1063249.0,0.667,5.99
197636.0,-18.0,-1058957.0,0.7,5.74
197641.0,-313.0,-1057004.0,0.725,5.74
197646.0,-361.0,-1052083.0,0.675,5.99
197652.0,-692.0,-1048943.0,0.675,5.99
197656.0,-95.0,-1046592.0,0.808,5.99
197662.0,-235.0,-1042264.0,0.708,5.74
197667.0,-330.0,-1037632.0,0.842,6.23
197672.0,-281.0,-1035577.0,0.667,6.23
197678.0,-233.0,-1031644.0,0.742,5.74
197683.0,226.0,-1027606.0,0.825,6.23
197688.0,-303.0,-1025471.0,0.683,5.74
197693.0,-263.0,-1021114.0,0.783,5.99
197698.0,-368.0,-1017844.0,0.75,5.99
197703.0,-175.0,-1015937.0,0.783,6.23
197709.0,31.0,-1011691.0,0.792,5.99
197714.0,-24.0,-1007237.0,0.767,5.74
197720.0,-109.0,-1005028.0,0.775,5.99
197725.0,-217.0,-1000129.0,0.808,5.99
197730.0,-244.0,-994745.0,0.792,5.99
197735.0,209.0,-991552.0,0.742,6.48
197740.0,-133.0,-985456.0,0.783,6.48
197745.0,-70.0,-979084.0,0.825,6.23
197750.0,53.0,-976465.0,0.775,6.48
197756.0,-381.0,-971769.0,0.783,5.99
197762.0,-548.0,-967835.0,0.692,5.99
197767.0,49.0,-965296.0,0.858,5.99
197772.0,-183.0,-962953.0,0.708,6.48
197777.0,-56.0,-957383.0,0.808,6.23
197781.0,-223.0,-955152.0,0.833,5.99
197787.0,-145.0,-951424.0,0.675,5.99
197792.0,-248.0,-947868.0,0.808,6.23
197797.0,-141.0,-945985.0,0.833,5.99
197803.0,-13.0,-942489.0,0.625,5.99
197809.0,-68.0,-939587.0,0.792,6.48
197813.0,-151.0,-938012.0,0.692,6.48
197819.0,-39.0,-935358.0,0.783,6.23
197824.0,144.0,-932922.0,0.767,6.23
197829.0,-47.0,-931447.0,0.717,5.99
197834.0,-179.0,-927513.0,0.642,5.99
197839.0,90.0,-921609.0,0.642,5.99
197844.0,-457.0,-918166.0,0.65,5.99
197850.0,-137.0,-914275.0,0.742,6.48
197855.0,266.0,-903657.0,0.792,5.99
197860.0,-97.0,-900370.0,0.6,5.99
197866.0,-381.0,-895880.0,0.608,5.99
197871.0,-240.0,-892092.0,0.842,6.72
197875.0,85.0,-889805.0,0.567,6.48
197881.0,-193.0,-885823.0,0.583,6.72
197886.0,4.0,-881637.0,0.708,6.23
197892.0,-285.0,-879478.0,0.517,6.23
197897.0,41.0,-875162.0,0.633,5.99
197902.0,-174.0,-869706.0,0.55,6.72
197907.0,-17.0,-866499.0,0.608,5.99
197913.0,101.0,-859983.0,0.467,6.23
197918.0,-329.0,-852955.0,0.625,6.23
197923.0,-566.0,-848890.0,0.558,6.23
197928.0,316.0,-840631.0,0.583,6.48
197935.0,-542.0,-832591.0,0.525,5.99
197939.0,-347.0,-828754.0,0.533,6.23
197945.0,-279.0,-821077.0,0.467,6.72
197950.0,67.0,-814023.0,0.467,6.48
197955.0,-194.0,-806567.0,0.358,6.23
197960.0,-421.0,-802266.0,0.517,6.72
197966.0,171.0,-792898.0,0.267,5.99
197971.0,57.0,-782344.0,0.4,6.23
197977.0,40.0,-777213.0,0.392,6.23
197982.0,-252.0,-765988.0,0.242,6.23
197987.0,-184.0,-754508.0,0.267,6.72
197992.0,-281.0,-748689.0,0.292,6.23
197997.0,-87.0,-736796.0,0.2,6.72
198003.0,119.0,-725842.0,0.158,6.23
198008.0,-62.0,-720195.0,0.2,6.48
198013.0,-204.0,-709296.0,0.025,6.72
198019.0,-54.0,-698980.0,0.067,6.48
198024.0,391.0,-694549.0,0.183,6.23
198029.0,-333.0,-685560.0,0.025,6.23
198035.0,261.0,-678412.0,0.008,6.48
198039.0,42.0,-675249.0,0.067,6.48
198044.0,-187.0,-669872.0,-0.092,6.72
198050.0,-515.0,-666490.0,-0.033,6.96
198054.0,-274.0,-665351.0,0.067,6.72
198060.0,-490.0,-662788.0,-0.033,6.48
198066.0,-290.0,-661306.0,0.025,6.23
198071.0,-171.0,-661075.0,-0.033,6.48
198076.0,313.0,-659930.0,-0.058,6.48
198082.0,-179.0,-658650.0,-0.058,7.21
198086.0,-36.0,-658219.0,0.008,7.21
198091.0,-129.0,-657190.0,-0.058,6.48
198096.0,-425.0,-655530.0,-0.117,6.48
198102.0,-344.0,-655157.0,0.017,7.21
198107.0,-404.0,-655290.0,0.05,6.48
198113.0,-130.0,-655608.0,-0.008,6.48
198118.0,-13.0,-655727.0,-0.033,7.21
198123.0,39.0,-655216.0,0.15,6.48
198128.0,-47.0,-654458.0,0.058,6.72
198133.0,-96.0,-654255.0,0.067,6.23
198138.0,-292.0,-653182.0,0.033,6.48
198145.0,100.0,-652488.0,0.017,6.48
198150.0,264.0,-652080.0,0.042,6.23
198155.0,107.0,-651907.0,0.158,6.48
198161.0,-31.0,-651529.0,0.108,6.48
198166.0,107.0,-651199.0,-0.017,7.21
198172.0,-163.0,-650455.0,0.133,6.48
198176.0,-158.0,-650426.0,0.1,6.96
198182.0,-172.0,-649466.0,0.25,6.48
198189.0,-250.0,-649468.0,0.092,6.48
198194.0,-348.0,-648576.0,-0.025,6.48
198199.0,-141.0,-648831.0,0.025,6.23
198204.0,157.0,-648510.0,0.017,7.21
198210.0,-131.0,-647530.0,-0.017,6.48
198214.0,-354.0,-647275.0,0.025,6.23
198219.0,-190.0,-646850.0,-0.017,6.23
198225.0,-504.0,-646928.0,0.017,6.72
198231.0,-483.0,-646973.0,0.058,6.48
198235.0,-18.0,-646494.0,-0.033,6.48
198241.0,-144.0,-646270.0,0.008,6.48
198246.0,-165.0,-646307.0,0.058,6.23
198251.0,93.0,-645915.0,0.1,6.23
198257.0,-179.0,-645305.0,0.108,6.96
198263.0,-257.0,-645331.0,0.083,6.23
198267.0,6.0,-645266.0,-0.033,6.23
198274.0,80.0,-644604.0,0.067,6.48
198279.0,-254.0,-644518.0,-0.008,6.48
198285.0,-28.0,-643706.0,-0.025,6.48
198289.0,31.0,-643499.0,0.033,6.96
198295.0,-317.0,-643883.0,0.05,6.48
198301.0,-297.0,-643719.0,-0.05,6.48
198306.0,-5.0,-643545.0,0.042,6.72
198311.0,-170.0,-643222.0,-0.042,6.23
198317.0,280.0,-642996.0,0.092,6.23
198323.0,6.0,-642742.0,0.05,6.48
198329.0,86.0,-642814.0,0.158,6.72
198333.0,-91.0,-642725.0,0.058,6.23
198339.0,33.0,-642027.0,0.025,6.48
198344.0,129.0,-641943.0,-0.008,5.74
198349.0,-217.0,-641614.0,-0.083,6.48
198354.0,-324.0,-641329.0,0.025,6.23
198361.0,-352.0,-641197.0,-0.008,6.48
198366.0,98.0,-641283.0,0.017,6.96
198371.0,-125.0,-641200.0,-0.008,6.72
198377.0,-87.0,-640792.0,0.042,6.23
198382.0,-161.0,-640634.0,0.008,6.23
198388.0,-47.0,-640172.0,-0.042,6.96
198392.0,-118.0,-640007.0,0.1,6.48
198398.0,-280.0,-639851.0,-0.008,6.48
198404.0,352.0,-639981.0,0.033,6.23
198410.0,-78.0,-639954.0,-0.008,6.96
198414.0,17.0,-639613.0,0.075,6.48
198420.0,41.0,-639121.0,0.075,6.72
198425.0,259.0,-639064.0,0.133,6.96
198430.0,130.0,-638935.0,0.158,6.48
198435.0,-346.0,-638769.0,0.025,6.23
198441.0,-444.0,-638747.0,-0.008,6.72
198447.0,-327.0,-638498.0,0.025,6.48
198452.0,64.0,-638640.0,-0.117,6.48
198457.0,-134.0,-638010.0,0.158,6.48
198462.0,-289.0,-638145.0,-0.075,6.23
198467.0,-162.0,-638007.0,-0.067,6.96
198473.0,90.0,-637951.0,-0.008,6.96
198478.0,-152.0,-637878.0,0.117,6.23
198482.0,1.0,-637791.0,-0.017,6.48
198489.0,-91.0,-637181.0,-0.025,6.72
198494.0,-149.0,-637254.0,0.083,6.48
198499.0,28.0,-636809.0,0.067,6.48
198504.0,162.0,-636247.0,0.042,6.48
198509.0,226.0,-636258.0,0.05,6.48
198514.0,159.0,-635895.0,-0.058,6.48
198520.0,-243.0,-635799.0,0.017,6.72
198525.0,159.0,-635814.0,0.075,6.23
198531.0,68.0,-635441.0,0.042,6.96
198536.0,48.0,-635543.0,-0.067,6.48
198542.0,-42.0,-635219.0,0.0,6.23
198546.0,-245.0,-634970.0,0.0,6.48
198552.0,185.0,-635116.0,0.008,6.48
198557.0,-395.0,-635224.0,0.008,6.23
198563.0,-21.0,-634963.0,-0.058,6.96
198567.0,-130.0,-634866.0,0.008,6.48
198574.0,-236.0,-634680.0,0.058,6.48
198579.0,432.0,-634629.0,0.025,6.48
198584.0,395.0,-634402.0,0.108,6.96
198589.0,-249.0,-633788.0,0.042,6.23
198595.0,-323.0,-633382.0,-0.025,6.72
198600.0,-185.0,-632925.0,0.008,6.72
198605.0,-134.0,-632872.0,0.033,6.48
198610.0,-548.0,-632586.0,0.008,6.48
198616.0,-46.0,-632471.0,0.058,6.48
198621.0,45.0,-632714.0,0.05,6.48
198626.0,-181.0,-632466.0,0.025,6.48
198632.0,143.0,-632655.0,-0.025,6.23
198636.0,84.0,-632318.0,0.0,6.23
198642.0,-542.0,-632486.0,0.008,6.48
198647.0,-200.0,-632287.0,0.192,6.72
198652.0,21.0,-632382.0,0.142,6.48
198658.0,-183.0,-631984.0,-0.1,6.96
198663.0,309.0,-631483.0,0.025,6.96
198668.0,98.0,-631140.0,0.167,6.48
198674.0,92.0,-630666.0,0.033,6.23
198679.0,-424.0,-630279.0,-0.067,6.48
198683.0,-379.0,-630366.0,-0.008,6.96
198689.0,-37.0,-630386.0,-0.117,6.48
198694.0,-457.0,-630189.0,0.017,6.23
198700.0,112.0,-630234.0,-0.025,7.45
198705.0,-148.0,-630096.0,-0.058,6.48
198711.0,-78.0,-629848.0,-0.083,6.48
198716.0,-292.0,-629855.0,0.083,6.96
198721.0,83.0,-629990.0,0.125,6.96
198726.0,-497.0,-629780.0,0.075,6.48
198732.0,57.0,-629607.0,-0.025,6.48
198736.0,-158.0,-629710.0,0.042,6.72
198743.0,180.0,-629326.0,0.142,6.23
198748.0,-158.0,-629201.0,0.108,6.48
198753.0,-321.0,-629322.0,0.1,6.96
198758.0,-123.0,-629588.0,-0.008,6.48
198763.0,-105.0,-629527.0,-0.008,6.48
198768.0,352.0,-629350.0,0.008,6.48
198774.0,24.0,-629458.0,0.0,6.48
198779.0,-38.0,-629245.0,0.108,6.48
198784.0,97.0,-629326.0,0.017,6.48
198790.0,-97.0,-629004.0,0.025,6.96
198795.0,-273.0,-628757.0,0.075,6.48
198800.0,126.0,-628644.0,0.033,6.48
198805.0,70.0,-628236.0,0.108,6.96
198810.0,-262.0,-628181.0,0.025,6.23
198815.0,-471.0,-628050.0,0.125,6.48
198820.0,-64.0,-627686.0,0.05,6.48
198825.0,-250.0,-627447.0,0.092,6.48
198831.0,-339.0,-627010.0,0.083,6.96
198837.0,231.0,-626878.0,0.042,6.48
198842.0,-315.0,-626753.0,0.008,6.23
198846.0,-300.0,-626330.0,0.0,6.72
198852.0,-196.0,-626504.0,-0.042,6.23
198857.0,-462.0,-626257.0,0.133,6.23
198862.0,-427.0,-625682.0,0.0,6.72
198867.0,-525.0,-625668.0,0.017,6.48
198874.0,-81.0,-625589.0,0.075,6.23
198878.0,-178.0,-625238.0,0.067,6.72
198883.0,25.0,-625200.0,0.0,6.23
198888.0,53.0,-625163.0,0.083,6.72
198894.0,-232.0,-625067.0,0.058,6.72
198899.0,-277.0,-624875.0,0.075,6.23
198904.0,-43.0,-624870.0,-0.025,6.48
198908.0,-2.0,-624601.0,0.083,6.48
198915.0,252.0,-624065.0,0.008,6.48
198920.0,-4.0,-623912.0,0.058,6.48
198925.0,89.0,-624388.0,0.008,6.23
198930.0,-196.0,-624535.0,-0.042,6.23
198935.0,-188.0,-624184.0,-0.017,6.23
198940.0,-389.0,-623904.0,-0.083,6.23
198946.0,-71.0,-623412.0,-0.025,6.96
198951.0,-105.0,-623423.0,0.0,6.72
198956.0,-336.0,-623222.0,-0.067,6.23
198962.0,-112.0,-622950.0,0.008,6.96
198967.0,-100.0,-622797.0,0.058,6.48
198972.0,-243.0,-622736.0,-0.008,6.96
198977.0,-154.0,-622513.0,0.033,6.48
198982.0,142.0,-622110.0,0.1,6.48
198987.0,35.0,-621840.0,-0.042,6.23
198992.0,-303.0,-621719.0,0.033,6.72
198998.0,-71.0,-622096.0,-0.017,6.23
199003.0,-210.0,-621284.0,-0.042,6.23
199008.0,-92.0,-621115.0,0.033,6.72
199013.0,-324.0,-621226.0,0.075,6.23
199019.0,-83.0,-621208.0,0.008,6.96
199024.0,-197.0,-621164.0,0.042,6.23
199029.0,-249.0,-620883.0,0.008,6.48
199034.0,-248.0,-620596.0,-0.058,6.72
199040.0,-29.0,-620597.0,-0.067,6.23
199045.0,-299.0,-620470.0,0.058,6.96
199050.0,-372.0,-620286.0,0.05,6.48
199055.0,48.0,-620245.0,0.025,6.48
199060.0,-326.0,-620246.0,0.058,6.72
199065.0,-87.0,-620138.0,0.017,6.48
199070.0,349.0,-620087.0,0.083,6.48
199076.0,-169.0,-619918.0,0.008,6.48
199081.0,-416.0,-619990.0,0.092,6.23
199087.0,-308.0,-619987.0,0.067,6.96
199092.0,-302.0,-619974.0,-0.075,6.23
199097.0,-311.0,-619320.0,-0.008,6.48
199102.0,70.0,-619093.0,-0.033,6.23
199107.0,-324.0,-619090.0,0.0,6.48
199112.0,-229.0,-618852.0,-0.025,6.48
199117.0,-333.0,-618901.0,0.017,6.48
199122.0,-93.0,-618620.0,0.042,6.23
199128.0,0.0,-619092.0,0.033,6.48
199133.0,-40.0,-619019.0,0.133,6.23
199139.0,-232.0,-618604.0,0.067,6.48
199144.0,-45.0,-618412.0,-0.042,6.96
199149.0,-501.0,-618363.0,0.008,6.23
199154.0,-381.0,-618392.0,0.025,6.48
199159.0,-366.0,-618092.0,0.108,6.96
199164.0,9.0,-618059.0,-0.008,6.23
199170.0,144.0,-618045.0,0.075,6.23
199175.0,-9.0,-617437.0,-0.033,6.23
199180.0,197.0,-617310.0,-0.008,6.48
199185.0,121.0,-617481.0,0.058,6.96
199190.0,-76.0,-617149.0,0.042,6.48
199195.0,-236.0,-617022.0,0.033,6.72
199201.0,-242.0,-617025.0,0.042,6.23
199206.0,-277.0,-616923.0,0.067,6.72
199212.0,-299.0,-616922.0,-0.025,6.48
199217.0,-207.0,-616629.0,0.05,6.96
199222.0,-56.0,-616169.0,0.108,6.23
199227.0,-382.0,-616282.0,0.05,6.48
199232.0,-10.0,-616531.0,-0.017,6.48
199238.0,81.0,-616219.0,0.05,6.23
199242.0,62.0,-616290.0,0.017,6.48
199248.0,-180.0,-615464.0,0.025,6.23
199254.0,-145.0,-615788.0,0.017,6.48
199259.0,-148.0,-615569.0,0.067,6.96
199264.0,8.0,-615488.0,-0.008,6.96
199268.0,-113.0,-615711.0,-0.033,6.23
199273.0,9.0,-615258.0,0.042,6.96
199279.0,12.0,-615790.0,-0.017,6.23
199283.0,-69.0,-615771.0,-0.033,7.21
199288.0,145.0,-615820.0,0.092,6.48
199293.0,-126.0,-616206.0,0.075,6.72
199300.0,-286.0,-616207.0,-0.058,6.48
199305.0,-170.0,-616336.0,0.017,6.96
199310.0,-157.0,-615876.0,0.1,6.48
199315.0,72.0,-616145.0,0.033,6.72
199320.0,-140.0,-615863.0,-0.042,6.23
199325.0,-147.0,-615595.0,0.05,6.48
199330.0,-200.0,-615538.0,-0.008,6.48
199336.0,-42.0,-615344.0,0.017,6.72
199342.0,-61.0,-614550.0,0.017,6.48
199346.0,90.0,-614359.0,0.042,6.23
199352.0,-42.0,-614309.0,0.1,7.21
199357.0,39.0,-613937.0,-0.017,6.48
199362.0,-260.0,-614074.0,0.017,6.23
199367.0,-292.0,-614145.0,-0.008,6.48
199372.0,-331.0,-613581.0,-0.025,7.21
199377.0,-54.0,-613452.0,0.0,6.96
199383.0,-106.0,-613816.0,0.033,6.72
199388.0,-205.0,-613886.0,-0.05,6.72
199393.0,-4.0,-613843.0,0.042,6.23
199398.0,116.0,-613499.0,0.092,6.48
199404.0,-75.0,-613591.0,0.083,6.23
199408.0,-214.0,-613806.0,0.083,6.72
199414.0,48.0,-613696.0,-0.042,6.72
199419.0,79.0,-613508.0,0.075,6.48
199425.0,-350.0,-613595.0,0.05,7.21
199430.0,-34.0,-613823.0,0.017,6.48
199435.0,221.0,-613681.0,0.0,6.48
199440.0,-282.0,-613682.0,0.158,6.23
199446.0,-116.0,-613446.0,0.042,6.96
199451.0,-197.0,-612940.0,0.075,6.23
199455.0,52.0,-613009.0,0.05,7.21
199461.0,-396.0,-612417.0,-0.033,7.21
199467.0,-205.0,-612189.0,0.017,6.23
199472.0,-398.0,-611704.0,-0.008,6.23
199477.0,-232.0,-611325.0,-0.017,6.48
199482.0,-239.0,-611291.0,0.067,6.48
199487.0,230.0,-611446.0,0.05,6.23
199492.0,64.0,-611306.0,-0.042,6.48
199497.0,59.0,-611186.0,0.008,6.48
199502.0,134.0,-611387.0,0.0,6.23
199508.0,-224.0,-611579.0,-0.05,6.48
199514.0,-199.0,-611767.0,0.017,6.23
199519.0,46.0,-611270.0,0.025,6.48
199524.0,-158.0,-611842.0,0.083,6.48
199529.0,-483.0,-611658.0,-0.042,6.23
199534.0,-516.0,-611767.0,0.0,6.48
199539.0,-284.0,-611647.0,0.0,6.48
199545.0,-510.0,-611741.0,0.075,6.48
199550.0,-237.0,-611630.0,-0.033,6.23
199556.0,-379.0,-611223.0,0.067,6.72
199561.0,-71.0,-610747.0,0.05,6.72
199566.0,-62.0,-610736.0,0.108,6.48
199571.0,-236.0,-610745.0,0.05,6.48
199577.0,-492.0,-610689.0,-0.025,6.48
199582.0,-307.0,-610047.0,0.067,6.23
199587.0,-302.0,-610066.0,-0.017,6.96
199592.0,96.0,-609882.0,0.025,6.96
199598.0,-283.0,-609628.0,0.008,6.23
199603.0,-360.0,-609547.0,0.025,6.23
199609.0,-492.0,-609331.0,0.05,6.48
199614.0,-295.0,-609379.0,0.017,6.48
199618.0,-460.0,-609488.0,0.133,6.72
199624.0,-212.0,-609580.0,0.017,6.48
199630.0,-252.0,-609436.0,0.0,6.72
199634.0,35.0,-609671.0,0.117,6.72
199640.0,-453.0,-609584.0,0.008,6.23
199646.0,-121.0,-609512.0,-0.025,6.72
199651.0,120.0,-609207.0,0.033,6.96
199656.0,-258.0,-609816.0,0.15,6.48
199661.0,-126.0,-609610.0,0.0,6.23
199666.0,61.0,-609105.0,0.15,6.48
199671.0,-101.0,-608910.0,-0.017,6.23
199677.0,-87.0,-608746.0,0.0,6.48
199682.0,170.0,-608619.0,0.067,6.72
199687.0,-100.0,-608514.0,0.05,6.48
199693.0,-520.0,-608348.0,0.008,5.25
199698.0,-403.0,-608032.0,-0.033,6.72
199703.0,-256.0,-608131.0,-0.075,6.72
199709.0,-40.0,-607895.0,0.092,6.23
199714.0,-670.0,-607513.0,0.033,6.48
199719.0,-439.0,-607416.0,0.025,6.48
199725.0,-105.0,-607855.0,-0.108,6.23
199731.0,-405.0,-607449.0,-0.108,7.21
199735.0,-200.0,-607552.0,0.083,6.72
199740.0,-8.0,-607477.0,0.092,6.48
199746.0,-92.0,-607447.0,-0.092,6.23
199751.0,-403.0,-607686.0,0.192,6.23
199755.0,-218.0,-607537.0,-0.075,6.23
199761.0,38.0,-607739.0,-0.133,6.48
199767.0,-61.0,-607478.0,0.2,6.48
199772.0,-79.0,-607657.0,0.033,6.96
199777.0,-97.0,-607619.0,0.033,7.21
199782.0,-110.0,-607428.0,0.175,6.72
199787.0,-596.0,-607313.0,0.05,7.21
199793.0,-226.0,-606601.0,0.008,6.96
199797.0,219.0,-606562.0,0.1,6.72
199802.0,-83.0,-606243.0,-0.025,6.23
199809.0,-371.0,-606441.0,-0.033,6.96
199814.0,-8.0,-606180.0,0.05,6.48
199819.0,-38.0,-605681.0,0.058,6.72
199824.0,-304.0,-606009.0,-0.033,6.48
199829.0,-207.0,-605950.0,-0.008,6.48
199834.0,197.0,-606017.0,-0.017,6.48
199840.0,-541.0,-605829.0,-0.033,6.48
199844.0,-354.0,-605912.0,0.017,6.23
199849.0,115.0,-605729.0,0.042,6.48
199856.0,-165.0,-605703.0,0.008,6.96
199860.0,-268.0,-605674.0,0.033,6.48
199866.0,10.0,-605693.0,0.033,6.72
199871.0,-96.0,-605923.0,-0.025,6.23
199876.0,-459.0,-605822.0,-0.175,6.72
199881.0,-183.0,-605437.0,0.042,6.48
199887.0,-231.0,-605541.0,0.092,6.48
199892.0,-171.0,-605385.0,-0.067,6.48
199898.0,-438.0,-605250.0,-0.067,6.48
199903.0,30.0,-605568.0,0.058,6.48
199909.0,-212.0,-605108.0,0.15,6.96
199915.0,-378.0,-605008.0,0.075,6.48
199919.0,-249.0,-604739.0,-0.117,6.23
199925.0,-113.0,-605017.0,-0.05,6.48
199931.0,-581.0,-604403.0,0.083,6.48
199937.0,-93.0,-604373.0,0.017,6.23
199942.0,-300.0,-604220.0,-0.058,6.48
199947.0,-190.0,-603574.0,0.017,6.48
199953.0,-206.0,-604084.0,0.092,6.48
199959.0,66.0,-603562.0,0.025,6.23
199963.0,-359.0,-603661.0,-0.033,6.48
199969.0,45.0,-604101.0,0.0,6.48
199974.0,-61.0,-604191.0,0.05,6.96
199981.0,-299.0,-603933.0,0.033,6.23
199986.0,-204.0,-603918.0,-0.067,5.5
199991.0,-60.0,-603560.0,0.05,6.48
199997.0,-92.0,-603618.0,0.092,6.48
200002.0,-72.0,-603660.0,0.05,6.23
200007.0,-89.0,-603763.0,0.075,6.23
200013.0,-413.0,-603557.0,0.008,6.23
200018.0,-267.0,-603231.0,0.033,6.96
200025.0,-163.0,-603279.0,0.058,6.48
200029.0,-84.0,-603186.0,-0.033,6.72
200035.0,-196.0,-602912.0,-0.058,6.96
200041.0,-334.0,-602870.0,0.067,6.48
200046.0,-226.0,-602524.0,0.05,6.96
200051.0,-135.0,-602467.0,0.05,6.23
200056.0,-157.0,-602733.0,0.092,5.74
200062.0,-39.0,-602337.0,-0.008,6.48
200069.0,-73.0,-602173.0,0.092,6.96
200073.0,30.0,-602374.0,0.0,6.72
200079.0,-654.0,-602506.0,-0.033,6.48
200084.0,62.0,-602160.0,0.0,6.96
200090.0,-502.0,-601772.0,0.042,6.72
200094.0,-331.0,-601693.0,0.15,6.96
200100.0,-129.0,-602317.0,0.042,6.48
200107.0,23.0,-602067.0,0.025,6.48
200112.0,-233.0,-601597.0,0.025,6.72
200117.0,-58.0,-601660.0,0.033,6.48
200122.0,16.0,-601624.0,0.008,6.48
200128.0,-140.0,-601578.0,0.117,6.72
200134.0,-136.0,-601760.0,0.033,6.48
200138.0,215.0,-601495.0,0.033,6.48
200144.0,-273.0,-600979.0,-0.008,6.48
200151.0,-143.0,-600861.0,-0.008,6.72
200156.0,199.0,-601043.0,0.0,6.48
200161.0,252.0,-600822.0,0.0,6.23
200166.0,76.0,-600704.0,-0.042,6.23
200172.0,138.0,-600410.0,-0.083,6.48
200177.0,-262.0,-600151.0,0.067,6.72
200182.0,-323.0,-600418.0,0.075,6.72
200187.0,-43.0,-600534.0,0.033,6.96
200194.0,-75.0,-600178.0,0.1,6.72
200198.0,-70.0,-600443.0,0.017,6.48
200204.0,-152.0,-600641.0,0.042,6.72
200210.0,-744.0,-600263.0,0.042,6.72
200215.0,-622.0,-600221.0,0.0,6.48
200220.0,-325.0,-600182.0,0.067,6.48
200225.0,37.0,-600278.0,0.083,6.23
200231.0,-211.0,-599860.0,0.033,7.21
200238.0,-187.0,-600126.0,0.05,6.48
200242.0,-22.0,-599649.0,-0.083,6.23
200247.0,169.0,-599517.0,0.075,6.96
200253.0,-315.0,-599385.0,0.025,6.96
200258.0,-388.0,-599524.0,-0.042,6.72
200263.0,-255.0,-599402.0,0.092,6.48
200269.0,-161.0,-599596.0,0.042,6.48
200274.0,-395.0,-599603.0,-0.075,6.48
200279.0,-208.0,-599286.0,0.042,6.23
200285.0,-306.0,-599104.0,0.017,6.48
200290.0,166.0,-599175.0,0.075,6.48
200295.0,-21.0,-599038.0,-0.017,6.48
200300.0,169.0,-598784.0,0.0,6.48
200305.0,-7.0,-598607.0,-0.058,6.48
200310.0,108.0,-599154.0,0.0,6.48
200316.0,-206.0,-598656.0,0.133,6.48
200322.0,46.0,-598905.0,-0.025,6.96
200326.0,-421.0,-598492.0,0.017,6.72
200332.0,-185.0,-598486.0,0.025,6.48
200338.0,-273.0,-598722.0,-0.008,6.96
200343.0,-491.0,-598593.0,0.025,6.23
200347.0,-296.0,-597916.0,-0.033,6.72
200353.0,-114.0,-597878.0,0.058,6.72
200358.0,-320.0,-597649.0,0.008,6.96
200364.0,-375.0,-598040.0,-0.058,6.96
200370.0,-27.0,-597852.0,0.017,6.23
200375.0,-23.0,-597855.0,-0.042,6.48
200379.0,10.0,-597704.0,-0.083,6.48
200385.0,32.0,-597866.0,-0.008,6.96
200390.0,-130.0,-597863.0,-0.067,6.48
200395.0,-329.0,-597514.0,0.075,6.48
200400.0,-133.0,-597666.0,0.092,6.23
200406.0,-113.0,-597591.0,0.083,6.23
200411.0,-614.0,-597394.0,0.008,6.23
200417.0,-212.0,-596974.0,0.058,6.96
200422.0,160.0,-596868.0,0.083,6.48
200427.0,38.0,-597091.0,0.067,6.72
200432.0,-39.0,-596924.0,-0.025,6.48
200438.0,-97.0,-596976.0,0.092,6.48
200443.0,101.0,-597135.0,0.008,6.48
200448.0,166.0,-597044.0,0.042,6.48
200454.0,-310.0,-596882.0,-0.025,6.48
200459.0,204.0,-596579.0,0.067,6.23
200464.0,-289.0,-596250.0,0.05,6.23
200469.0,-89.0,-596442.0,0.0,6.48
200475.0,-125.0,-596317.0,-0.033,6.48
200479.0,-128.0,-596454.0,-0.058,6.72
200485.0,18.0,-596412.0,-0.008,6.48
200491.0,-742.0,-596127.0,0.033,6.48
200496.0,-693.0,-596238.0,0.0,6.48
200501.0,-327.0,-596120.0,0.083,6.23
200506.0,125.0,-596203.0,-0.008,6.48
200511.0,50.0,-595674.0,-0.033,6.48
200517.0,-170.0,-596102.0,0.1,5.74
200522.0,-124.0,-595895.0,0.008,6.23
200526.0,-303.0,-595488.0,-0.042,6.48
200532.0,-484.0,-595846.0,0.0,6.48
200538.0,50.0,-595673.0,-0.017,6.23
200542.0,-173.0,-595436.0,0.15,6.48
200548.0,-155.0,-595414.0,0.033,6.48
200553.0,313.0,-595477.0,0.017,6.96
200558.0,168.0,-595664.0,0.042,6.48
200563.0,-58.0,-594992.0,-0.017,6.23
200568.0,-64.0,-595275.0,0.05,6.96
200573.0,-107.0,-595800.0,0.042,6.48
200580.0,-475.0,-595192.0,-0.058,6.72
200585.0,-169.0,-595035.0,0.017,6.23
200589.0,-288.0,-594660.0,0.1,6.48
200595.0,-355.0,-594570.0,0.017,6.48
200600.0,-271.0,-594587.0,0.133,6.96
200604.0,-194.0,-594722.0,-0.033,6.48
200610.0,-28.0,-594744.0,-0.017,7.45
200615.0,-146.0,-594427.0,0.125,6.72
200621.0,163.0,-594652.0,-0.033,6.48
200626.0,-237.0,-594168.0,0.017,6.72
200632.0,13.0,-594377.0,0.05,6.96
200636.0,-134.0,-594416.0,0.0,6.72
200642.0,-148.0,-594126.0,-0.017,6.72
200647.0,74.0,-593993.0,-0.033,6.23
200652.0,-145.0,-593994.0,-0.117,6.72
200656.0,10.0,-593965.0,0.05,6.72
200662.0,-312.0,-593734.0,0.075,6.72
200668.0,-289.0,-593792.0,0.067,6.72
200673.0,-141.0,-593567.0,0.008,6.23
200678.0,-61.0,-593354.0,0.017,6.23
200683.0,-156.0,-593392.0,0.092,7.21
200689.0,140.0,-593722.0,-0.025,6.23
200694.0,-328.0,-593443.0,-0.05,6.96
200698.0,-97.0,-593276.0,0.1,6.72
200704.0,-228.0,-593507.0,0.025,6.23
200709.0,-62.0,-593436.0,0.025,6.48
200714.0,-179.0,-593264.0,-0.058,6.48
200719.0,-89.0,-592963.0,0.083,6.72
200725.0,-157.0,-593052.0,0.05,6.48
200730.0,-98.0,-592820.0,0.083,6.48
200735.0,-16.0,-592959.0,-0.117,6.23
200740.0,0.0,-592922.0,0.067,6.48
200745.0,-331.0,-592520.0,0.067,6.23
200751.0,1.0,-592473.0,0.017,6.23
200756.0,-399.0,-592782.0,0.042,7.94
200761.0,-664.0,-592192.0,0.05,6.48
200766.0,-288.0,-592265.0,0.008,6.23
200772.0,-222.0,-592274.0,0.067,6.48
200777.0,-281.0,-592450.0,0.042,6.48
200782.0,-1.0,-591930.0,0.017,6.48
200787.0,-43.0,-591795.0,0.083,6.23
200794.0,-184.0,-591739.0,-0.025,6.48
200799.0,-883.0,-591853.0,-0.017,6.48
200804.0,-15.0,-591712.0,-0.017,6.48
200809.0,-68.0,-591823.0,-0.033,6.48
200813.0,-391.0,-591998.0,0.05,6.48
200818.0,-501.0,-592001.0,0.058,6.96
200823.0,-344.0,-591687.0,-0.008,6.48
200829.0,-126.0,-591650.0,-0.092,6.48
200835.0,-412.0,-591511.0,0.017,6.96
200840.0,-331.0,-591787.0,0.033,6.48
200845.0,-281.0,-591748.0,0.008,6.23
200850.0,141.0,-591231.0,0.025,6.48
200855.0,-286.0,-591531.0,0.0,6.48
200860.0,-199.0,-591466.0,0.042,6.96
200865.0,353.0,-591083.0,0.017,6.23
200870.0,104.0,-590751.0,0.042,6.48
200876.0,156.0,-591010.0,0.05,6.23
200882.0,-158.0,-591197.0,-0.017,6.72
200887.0,-245.0,-590767.0,0.025,6.48
200892.0,-189.0,-590792.0,0.05,6.48
200897.0,-105.0,-590883.0,0.05,6.48
200902.0,-452.0,-590943.0,0.05,6.48
200907.0,-341.0,-590442.0,-0.058,6.72
200912.0,-157.0,-590229.0,-0.05,6.48
200918.0,114.0,-590335.0,0.117,6.23
200923.0,-302.0,-590328.0,-0.025,6.48
200928.0,-230.0,-590015.0,0.025,6.96
200934.0,-111.0,-590103.0,0.092,6.96
200939.0,-349.0,-590302.0,0.025,6.72
200944.0,-369.0,-590385.0,0.05,6.96
200949.0,-154.0,-590159.0,-0.042,6.23
200954.0,59.0,-590174.0,0.025,6.48
200960.0,-473.0,-590235.0,0.008,6.72
200965.0,-322.0,-589769.0,0.042,6.23
200970.0,46.0,-589732.0,-0.017,6.72
200975.0,-324.0,-589967.0,-0.008,6.48
200980.0,-301.0,-589355.0,-0.017,6.23
200986.0,-105.0,-589598.0,0.017,6.23
200991.0,129.0,-589457.0,-0.017,6.48
200996.0,-14.0,-589163.0,-0.042,6.23
201000.0,71.0,-589344.0,0.083,6.48
201007.0,-405.0,-589590.0,0.008,6.48
201012.0,-342.0,-589120.0,-0.033,6.23
201017.0,-369.0,-588863.0,0.017,7.21
201022.0,-61.0,-588993.0,-0.017,6.96
201028.0,-130.0,-589181.0,0.0,6.23
201032.0,-301.0,-589048.0,0.075,6.48
201037.0,245.0,-588745.0,0.05,6.48
201043.0,56.0,-589309.0,0.042,6.23
201049.0,-404.0,-588944.0,0.025,6.23
201054.0,-166.0,-588899.0,0.108,6.48
201059.0,-209.0,-588573.0,0.05,6.96
201064.0,-32.0,-588784.0,0.05,6.23
201069.0,52.0,-588582.0,0.058,6.23
201074.0,127.0,-588304.0,0.025,6.48
201079.0,-4.0,-588519.0,0.033,6.48
201084.0,16.0,-588763.0,0.133,6.48
201091.0,33.0,-588093.0,-0.033,6.96
201095.0,2.0,-588086.0,0.1,6.48
201101.0,-424.0,-588094.0,-0.058,6.72
201106.0,-325.0,-588040.0,-0.025,6.48
201111.0,-472.0,-587967.0,-0.042,6.96
201116.0,-98.0,-588029.0,0.042,6.48
201121.0,-223.0,-587859.0,0.092,6.48
201126.0,-144.0,-587444.0,0.025,6.48
201133.0,106.0,-587374.0,0.008,6.23
201138.0,31.0,-587494.0,0.067,6.72
201142.0,-560.0,-587777.0,0.008,6.48
201148.0,-594.0,-587414.0,-0.008,6.72
201153.0,-273.0,-587652.0,-0.017,7.7
201157.0,-372.0,-587399.0,0.025,6.48
201163.0,30.0,-587607.0,0.033,6.72
201168.0,93.0,-587341.0,-0.042,6.48
201174.0,-172.0,-587302.0,0.092,6.48
201179.0,-96.0,-587226.0,-0.058,6.96
201184.0,-177.0,-586966.0,0.042,6.72
201189.0,-262.0,-586983.0,0.025,6.96
201195.0,-244.0,-587227.0,0.033,6.48
201200.0,-176.0,-586949.0,0.025,6.72
201205.0,-67.0,-586924.0,0.0,6.23
201210.0,-115.0,-586823.0,0.1,6.48
201217.0,-443.0,-586539.0,0.042,6.23
201221.0,-232.0,-586248.0,-0.042,6.48
201227.0,-468.0,-586499.0,-0.008,6.96
201232.0,-346.0,-586111.0,0.033,6.23
201237.0,-97.0,-586255.0,0.008,6.96
201242.0,-68.0,-586276.0,0.017,6.23
201248.0,-284.0,-586034.0,0.075,6.48
201253.0,-307.0,-585718.0,0.058,6.96
201257.0,-460.0,-585663.0,-0.008,6.72
201264.0,-524.0,-585725.0,0.058,6.96
201270.0,-214.0,-586155.0,0.067,6.72
201274.0,-241.0,-586120.0,-0.083,6.48
201279.0,-21.0,-586135.0,-0.017,6.23
201285.0,-211.0,-585809.0,0.0,6.48
201290.0,-50.0,-585748.0,0.042,6.96
201295.0,80.0,-585239.0,0.058,6.48
201300.0,-114.0,-585249.0,-0.033,6.48
201306.0,-249.0,-585486.0,-0.025,6.96
201311.0,-121.0,-585515.0,0.042,6.48
201317.0,-175.0,-585381.0,0.067,6.23
201321.0,-132.0,-585448.0,0.1,6.48
201327.0,-38.0,-585047.0,-0.042,6.23
201332.0,-370.0,-585225.0,-0.017,6.48
201337.0,-403.0,-585285.0,-0.008,6.72
201342.0,94.0,-585202.0,-0.017,6.48
201348.0,-162.0,-584814.0,0.05,6.23
201354.0,-152.0,-584724.0,0.092,6.48
201359.0,-201.0,-584503.0,0.025,6.23
201364.0,-135.0,-584484.0,-0.025,6.23
201370.0,-129.0,-584596.0,0.008,6.48
201374.0,52.0,-584421.0,-0.033,6.48
201379.0,-178.0,-584512.0,-0.033,6.23
201385.0,-218.0,-584710.0,0.083,6.23
201391.0,-337.0,-584473.0,-0.025,6.48
201396.0,-87.0,-584342.0,0.067,6.48
201401.0,69.0,-584382.0,0.0,7.21
201406.0,142.0,-584207.0,0.025,6.23
201411.0,-173.0,-584676.0,0.05,6.23
201416.0,-167.0,-584486.0,0.042,6.48
201421.0,90.0,-584265.0,-0.025,6.23
201426.0,-222.0,-584000.0,0.008,5.01
201433.0,-188.0,-583862.0,-0.033,6.23
201437.0,-59.0,-583631.0,0.033,6.23
201442.0,-145.0,-584152.0,-0.025,6.72
201448.0,-157.0,-583406.0,0.042,6.72
201453.0,30.0,-583773.0,0.008,6.23
201458.0,-20.0,-583300.0,0.025,6.48
201463.0,-148.0,-583560.0,-0.008,6.96
201468.0,-237.0,-583441.0,0.133,6.48
201474.0,45.0,-583528.0,0.15,6.72
201480.0,-227.0,-583294.0,0.042,6.48
201484.0,-288.0,-583387.0,0.025,6.23
201489.0,33.0,-583528.0,-0.058,6.48
201495.0,-229.0,-583234.0,0.083,6.96
201499.0,-310.0,-583285.0,-0.025,6.96
201504.0,-186.0,-583412.0,-0.067,6.23
201510.0,-226.0,-582958.0,0.108,7.21
201516.0,-361.0,-583181.0,0.025,6.48
201521.0,-217.0,-583330.0,-0.008,6.48
201527.0,255.0,-582998.0,0.025,6.48
201531.0,-288.0,-582921.0,0.075,6.23
201536.0,-87.0,-583018.0,0.133,6.48
201542.0,-167.0,-582802.0,-0.017,6.48
201546.0,-280.0,-582595.0,-0.067,6.23
201552.0,-368.0,-582605.0,-0.033,6.48
201558.0,-116.0,-582213.0,0.017,6.48
201564.0,114.0,-582331.0,0.0,6.48
201569.0,75.0,-582404.0,-0.1,6.48
201574.0,-53.0,-582288.0,0.0,6.48
201580.0,-305.0,-582144.0,0.025,6.23
201585.0,-157.0,-582490.0,-0.025,6.48
201590.0,6.0,-582283.0,-0.1,6.72
201596.0,-122.0,-581809.0,0.042,6.23
201602.0,-316.0,-582309.0,0.008,6.48
201608.0,-118.0,-582103.0,-0.05,6.48
201612.0,-509.0,-581950.0,0.008,6.48
201618.0,-121.0,-581802.0,0.025,6.48
201624.0,-171.0,-581782.0,0.042,6.96
201629.0,-197.0,-581808.0,0.008,6.72
201634.0,-92.0,-581603.0,-0.025,6.23
201639.0,204.0,-581529.0,0.017,6.48
201646.0,-180.0,-581613.0,0.008,6.48
201652.0,-34.0,-581419.0,-0.008,6.48
201656.0,19.0,-581094.0,0.092,6.48
201662.0,17.0,-581002.0,0.017,6.23
201667.0,203.0,-581066.0,0.042,6.23
201673.0,-307.0,-581156.0,0.067,6.23
201678.0,16.0,-580903.0,0.0,6.96
201683.0,-112.0,-580775.0,0.075,6.48
201690.0,222.0,-580797.0,0.008,6.48
201695.0,-88.0,-580791.0,0.025,6.23
201700.0,-129.0,-580588.0,-0.092,6.48
201706.0,-119.0,-581108.0,-0.033,6.48
201711.0,-183.0,-580646.0,-0.033,6.72
201717.0,-443.0,-580558.0,0.108,6.23
201721.0,-358.0,-580313.0,0.025,6.72
201728.0,-6.0,-580411.0,0.017,6.48
201734.0,-234.0,-580631.0,-0.017,6.23
201739.0,-334.0,-580571.0,0.033,6.23
201744.0,-377.0,-580118.0,-0.05,6.23
201749.0,-162.0,-580308.0,-0.008,6.72
201755.0,-14.0,-580082.0,0.042,6.72
201759.0,-131.0,-579569.0,0.117,6.96
201764.0,-90.0,-579859.0,0.033,6.48
201771.0,2.0,-580113.0,-0.017,6.23
201776.0,-386.0,-580062.0,0.042,6.96
201781.0,-223.0,-579461.0,0.117,6.23
201786.0,-65.0,-579537.0,0.058,6.72
201791.0,-753.0,-579538.0,0.092,6.96
201796.0,-562.0,-579723.0,0.133,6.48
201802.0,-380.0,-579431.0,0.017,6.96
201807.0,-126.0,-579217.0,0.017,6.23
201812.0,-143.0,-579202.0,0.008,6.48
201819.0,-207.0,-579132.0,0.017,6.48
201824.0,-377.0,-579128.0,-0.033,6.72
201830.0,-51.0,-579322.0,0.008,6.96
201834.0,176.0,-579075.0,-0.083,6.48
201840.0,325.0,-579445.0,0.008,7.45
201845.0,-65.0,-578691.0,0.092,6.23
201850.0,116.0,-578936.0,-0.025,6.48
201856.0,-215.0,-579344.0,-0.033,6.48
201862.0,-337.0,-578896.0,0.042,6.48
201867.0,-469.0,-578939.0,0.083,6.48
201871.0,-34.0,-578654.0,0.083,6.72
201877.0,-190.0,-578816.0,0.075,6.96
201882.0,282.0,-578443.0,0.067,6.48
201887.0,471.0,-578644.0,-0.008,6.48
201892.0,-101.0,-578482.0,0.058,6.72
201899.0,-459.0,-578495.0,0.067,6.48
201903.0,-34.0,-578386.0,0.117,6.96
201909.0,2.0,-578082.0,0.0,6.48
201914.0,-160.0,-578323.0,-0.033,6.48
201919.0,-259.0,-577772.0,-0.017,6.48
201924.0,-69.0,-578218.0,0.058,6.48
201930.0,-271.0,-578016.0,0.008,6.96
201935.0,-19.0,-577773.0,0.017,6.48
201940.0,-446.0,-578100.0,0.042,6.72
201946.0,-458.0,-577854.0,-0.017,6.48
201951.0,-72.0,-577937.0,0.05,6.48
201956.0,-199.0,-577244.0,0.075,6.72
201962.0,-241.0,-577760.0,-0.008,6.48
201967.0,107.0,-577943.0,0.042,6.72
201971.0,-64.0,-577546.0,0.117,6.23
201977.0,-224.0,-577600.0,0.042,6.48
201982.0,-322.0,-577545.0,0.0,6.23
201988.0,-137.0,-577720.0,0.042,6.48
201993.0,25.0,-577058.0,0.0,6.72
201998.0,329.0,-577105.0,-0.008,6.96
202003.0,266.0,-577348.0,0.008,6.23
202009.0,-282.0,-577182.0,0.058,6.72
202014.0,-276.0,-576863.0,0.008,6.72
202019.0,155.0,-576984.0,0.05,6.23
202024.0,-133.0,-576872.0,0.033,7.21
202031.0,93.0,-576804.0,0.033,6.48
202036.0,1.0,-576755.0,0.0,6.48
202041.0,90.0,-576793.0,0.05,6.23
202046.0,-178.0,-576841.0,0.025,6.96
202051.0,-38.0,-576588.0,0.008,6.48
202056.0,-223.0,-576533.0,0.008,6.48
202062.0,-245.0,-576661.0,0.033,6.96
202067.0,57.0,-576520.0,0.025,6.96
202073.0,-4.0,-576149.0,-0.042,6.96
202078.0,-52.0,-576521.0,0.0,6.48
202083.0,-310.0,-576388.0,0.042,6.72
202088.0,-331.0,-576605.0,0.042,6.23
202093.0,-209.0,-576033.0,0.017,6.48
202099.0,-245.0,-576334.0,0.092,6.23
202103.0,74.0,-575985.0,-0.083,6.48
202109.0,4.0,-576015.0,0.025,6.48
202115.0,24.0,-576001.0,0.0,8.43
202120.0,-90.0,-575866.0,-0.025,6.48
202125.0,97.0,-575876.0,0.075,6.48
202131.0,-159.0,-575438.0,-0.017,6.48
202136.0,21.0,-575751.0,0.042,6.72
202141.0,-20.0,-575730.0,0.042,6.48
202146.0,-232.0,-575692.0,0.025,6.96
202152.0,-398.0,-575417.0,-0.008,6.48
202157.0,-211.0,-575472.0,0.075,6.48
202162.0,-56.0,-575146.0,0.083,6.72
202167.0,-194.0,-575463.0,0.083,6.96
202172.0,-365.0,-575392.0,-0.05,6.48
202178.0,-173.0,-575048.0,0.067,6.48
202183.0,339.0,-575309.0,-0.067,6.23
202188.0,34.0,-575276.0,0.092,6.48
202193.0,96.0,-575070.0,0.025,6.23
202199.0,36.0,-575379.0,0.125,6.72
202204.0,-265.0,-574816.0,0.042,6.96
202209.0,-209.0,-575104.0,-0.025,6.23
202215.0,-11.0,-574741.0,-0.008,6.48
202219.0,-186.0,-574642.0,0.05,6.48
202225.0,-90.0,-574748.0,0.017,6.96
202230.0,-226.0,-574687.0,0.008,6.23
202235.0,-5.0,-574474.0,-0.042,6.96
202241.0,-465.0,-574336.0,0.025,6.23
202246.0,-421.0,-574141.0,0.1,6.48
202251.0,36.0,-574174.0,0.075,6.48
202256.0,-399.0,-574452.0,0.058,6.72
202261.0,-105.0,-574667.0,0.025,6.96
202266.0,-56.0,-574232.0,0.15,6.48
202272.0,-4.0,-574690.0,0.042,6.48
202277.0,-212.0,-574743.0,0.067,6.48
202281.0,-7.0,-574072.0,0.042,6.72
202288.0,39.0,-574138.0,-0.025,6.72
202293.0,-323.0,-574351.0,-0.025,6.48
202298.0,-232.0,-573750.0,0.033,6.23
202303.0,-350.0,-573872.0,-0.025,6.72
202308.0,-362.0,-573753.0,0.017,6.48
202313.0,-247.0,-573558.0,0.092,6.48
202319.0,-135.0,-573644.0,0.0,6.23
202324.0,139.0,-573855.0,0.058,6.96
202329.0,-46.0,-573652.0,-0.033,6.23
202334.0,-241.0,-573915.0,-0.042,6.48
202339.0,-9.0,-573618.0,0.008,6.48
202344.0,42.0,-573214.0,0.025,6.48
202349.0,-270.0,-573257.0,0.008,6.48
202354.0,-218.0,-573222.0,0.1,6.23
202360.0,-47.0,-573190.0,0.067,6.23
202365.0,-211.0,-573149.0,-0.008,6.48
202371.0,-123.0,-573170.0,0.067,6.23
202376.0,-166.0,-573048.0,0.033,6.48
202381.0,-598.0,-572895.0,0.083,6.23
202386.0,-206.0,-572928.0,0.042,6.23
202391.0,-471.0,-572878.0,0.117,7.21
202397.0,-61.0,-572706.0,-0.025,6.96
202402.0,-87.0,-572933.0,-0.017,6.96
202407.0,-22.0,-572638.0,-0.008,6.23
202412.0,91.0,-572981.0,0.042,6.23
202418.0,85.0,-572638.0,0.033,6.23
202423.0,106.0,-572812.0,0.0,6.72
202428.0,-292.0,-572857.0,0.1,6.23
202433.0,-80.0,-572628.0,0.067,6.72
202438.0,-103.0,-572514.0,-0.025,6.23
202443.0,-309.0,-572313.0,0.058,6.48
202448.0,97.0,-572278.0,0.025,6.48
202454.0,-192.0,-571972.0,0.075,6.48
202460.0,-298.0,-572089.0,-0.008,6.48
202465.0,-126.0,-572026.0,0.0,6.48
202470.0,17.0,-572214.0,0.083,6.48
202475.0,-47.0,-572183.0,0.05,6.23
202480.0,-137.0,-571836.0,0.058,6.96
202485.0,20.0,-571670.0,0.067,6.96
202490.0,266.0,-571905.0,-0.008,6.23
202496.0,-222.0,-571632.0,0.05,6.96
202501.0,-181.0,-571744.0,0.075,6.48
202506.0,242.0,-571501.0,-0.017,6.96
202511.0,-352.0,-571238.0,0.033,7.21
202516.0,-213.0,-571662.0,-0.008,6.72
202522.0,-201.0,-571205.0,-0.058,6.96
202527.0,-141.0,-571314.0,-0.05,6.96
202532.0,-144.0,-570918.0,0.042,5.5
202537.0,-486.0,-571121.0,0.0,6.72
202543.0,-364.0,-571304.0,0.0,6.72
202548.0,-719.0,-571078.0,0.025,6.48
202553.0,-183.0,-571015.0,-0.008,6.48
202558.0,79.0,-571204.0,0.05,6.96
202564.0,-4.0,-570810.0,0.05,6.72
202569.0,-416.0,-570987.0,0.075,6.48
202574.0,124.0,-570890.0,-0.025,7.45
202579.0,321.0,-570586.0,0.1,6.48
202585.0,-206.0,-570915.0,-0.017,6.72
202590.0,-204.0,-570700.0,-0.017,6.23
202595.0,29.0,-570636.0,0.15,5.01
202600.0,-285.0,-570509.0,0.025,6.23
202605.0,-45.0,-570796.0,-0.017,6.72
202610.0,-150.0,-570422.0,0.025,6.23
202615.0,-324.0,-570457.0,0.017,6.23
202621.0,-100.0,-570442.0,0.092,6.48
202627.0,-359.0,-570624.0,-0.108,6.23
202631.0,-82.0,-570343.0,0.017,6.23
202637.0,-288.0,-570269.0,0.083,6.48
202642.0,-179.0,-570233.0,0.058,6.23
202647.0,-24.0,-570588.0,0.033,6.23
202652.0,-16.0,-570287.0,0.033,7.21
202657.0,-465.0,-569930.0,0.008,7.21
202662.0,-115.0,-569851.0,0.083,6.48
202668.0,126.0,-569643.0,0.042,6.48
202673.0,-23.0,-569828.0,-0.025,6.23
202678.0,-103.0,-570149.0,0.067,6.48
202683.0,-224.0,-570045.0,0.0,6.72
202687.0,27.0,-569918.0,0.033,6.48
202693.0,-457.0,-569558.0,0.05,6.23
202698.0,-376.0,-569418.0,0.0,6.48
202703.0,47.0,-569475.0,-0.042,6.23
202708.0,-357.0,-569249.0,0.067,6.23
202715.0,-464.0,-569635.0,0.083,6.48
202719.0,-329.0,-569758.0,0.042,6.48
202724.0,-101.0,-569033.0,0.042,7.21
202730.0,-210.0,-569459.0,-0.067,6.96
202734.0,-31.0,-569316.0,0.017,6.96
202740.0,-3.0,-569042.0,0.058,6.48
202745.0,-226.0,-568896.0,0.025,6.48
202750.0,-319.0,-568941.0,0.017,6.23
202756.0,-131.0,-569099.0,-0.042,6.23
202761.0,-108.0,-568521.0,0.108,6.23
202766.0,-289.0,-568624.0,0.008,6.48
202772.0,-147.0,-568878.0,0.033,6.23
202777.0,-172.0,-569074.0,0.017,6.23
202781.0,-247.0,-568961.0,0.025,6.48
202787.0,169.0,-568704.0,0.05,6.96
202792.0,164.0,-568582.0,0.0,6.48
202797.0,-5.0,-568367.0,-0.017,6.48
202803.0,93.0,-568189.0,0.042,6.48
202808.0,-88.0,-568369.0,0.092,6.23
202813.0,-65.0,-568540.0,0.017,6.48
202818.0,-49.0,-568484.0,0.025,6.23
202823.0,-92.0,-568170.0,0.025,6.96
202828.0,-175.0,-568551.0,0.075,6.96
202834.0,45.0,-568413.0,0.025,6.48
202840.0,2.0,-568089.0,0.05,6.48
202844.0,105.0,-567642.0,0.008,6.48
202850.0,-109.0,-567996.0,0.05,6.23
202855.0,296.0,-567814.0,0.017,6.23
202860.0,-197.0,-567599.0,0.008,5.99
202865.0,-249.0,-567775.0,0.075,6.23
202871.0,18.0,-567851.0,0.025,6.48
202875.0,-193.0,-567660.0,0.15,6.48
202882.0,-1.0,-567430.0,-0.017,6.96
202887.0,-158.0,-567720.0,-0.025,6.48
202892.0,-685.0,-567835.0,-0.058,6.48
202897.0,-283.0,-567195.0,0.042,6.48
202903.0,167.0,-567265.0,0.0,6.72
202907.0,-250.0,-567308.0,0.075,6.23
202912.0,-46.0,-567063.0,0.058,6.72
202918.0,208.0,-567151.0,0.108,6.48
202924.0,405.0,-567218.0,-0.092,6.72
202929.0,-391.0,-567097.0,0.008,6.23
202934.0,243.0,-567047.0,0.025,6.48
202940.0,-102.0,-567023.0,0.008,6.48
202944.0,-201.0,-566990.0,0.092,6.48
202950.0,-105.0,-567044.0,-0.083,6.48
202955.0,140.0,-566888.0,0.083,6.72
202960.0,-39.0,-566861.0,0.092,6.48
202966.0,-45.0,-566563.0,-0.008,6.23
202971.0,116.0,-566827.0,0.067,6.23
202976.0,-295.0,-566850.0,0.05,6.48
202982.0,-521.0,-566544.0,0.05,6.72
202987.0,111.0,-566800.0,0.092,6.23
202992.0,344.0,-566339.0,-0.083,5.74
202997.0,354.0,-566360.0,-0.025,6.72
203003.0,-206.0,-566340.0,0.042,6.48
203008.0,-1.0,-565967.0,0.0,6.48
203013.0,-201.0,-566044.0,0.0,6.23
203019.0,-365.0,-566316.0,0.0,6.23
203024.0,-258.0,-566205.0,-0.092,6.23
203029.0,-426.0,-566080.0,0.117,6.23
203034.0,-18.0,-565894.0,0.008,6.48
203039.0,-181.0,-565959.0,0.0,6.48
203044.0,-295.0,-565424.0,0.017,6.72
203051.0,-129.0,-565606.0,-0.017,6.23
203055.0,-222.0,-565807.0,-0.042,6.48
203060.0,-175.0,-565956.0,-0.025,6.23
203066.0,-35.0,-565574.0,0.05,6.96
203070.0,66.0,-565195.0,0.025,6.23
203075.0,-48.0,-565394.0,0.067,6.48
203081.0,-140.0,-565626.0,-0.108,6.23
203086.0,-185.0,-565521.0,-0.075,6.23
203091.0,-185.0,-565286.0,0.058,6.48
203097.0,-383.0,-565420.0,0.033,6.23
203102.0,-24.0,-565241.0,0.033,6.48
203107.0,36.0,-565240.0,-0.033,6.23
203113.0,-36.0,-564860.0,-0.058,6.48
203117.0,107.0,-565151.0,0.075,6.48
203122.0,188.0,-565346.0,0.058,6.48
203128.0,-172.0,-564740.0,-0.017,6.23
203132.0,-91.0,-564913.0,0.042,6.48
203139.0,-15.0,-564654.0,0.108,7.21
203144.0,-281.0,-564682.0,0.142,6.23
203149.0,-228.0,-564637.0,0.042,6.48
203154.0,296.0,-564666.0,0.083,6.72
203160.0,50.0,-564770.0,-0.033,6.48
203164.0,-209.0,-564527.0,-0.017,6.48
203169.0,111.0,-564706.0,-0.067,6.48
203175.0,127.0,-564582.0,0.042,6.48
203181.0,112.0,-564563.0,0.058,6.23
203185.0,-275.0,-564340.0,0.0,6.96
203191.0,-491.0,-564092.0,0.0,6.23
203196.0,-350.0,-564245.0,0.008,6.48
203201.0,96.0,-564531.0,-0.067,6.23
203207.0,-240.0,-564383.0,0.008,6.48
203212.0,-152.0,-564481.0,0.058,6.23
203217.0,-303.0,-564278.0,0.0,6.48
203223.0,-403.0,-563726.0,-0.025,6.48
203229.0,-153.0,-563730.0,0.083,6.23
203235.0,-325.0,-563578.0,0.008,6.72
203239.0,-92.0,-563739.0,-0.05,6.23
203245.0,-196.0,-563735.0,-0.042,6.48
203250.0,-266.0,-563633.0,0.05,6.48
203256.0,-240.0,-563869.0,0.017,6.23
203261.0,-343.0,-563866.0,0.033,6.48
203267.0,197.0,-563844.0,0.067,6.48
203273.0,-33.0,-563680.0,0.05,6.48
203279.0,-125.0,-563170.0,0.017,6.48
203283.0,132.0,-563445.0,0.042,7.21
203289.0,-92.0,-563309.0,0.042,6.72
203294.0,-240.0,-562769.0,0.0,6.23
203300.0,-204.0,-563083.0,0.042,6.48
203305.0,-43.0,-563036.0,0.0,6.23
203311.0,-297.0,-563030.0,-0.05,6.48
203317.0,-247.0,-563016.0,0.008,6.48
203322.0,199.0,-563092.0,0.067,5.99
203327.0,-86.0,-563221.0,-0.025,6.23
203332.0,-12.0,-562799.0,-0.025,6.96
203338.0,-48.0,-562849.0,-0.1,6.72
203344.0,-420.0,-562639.0,0.083,6.96
203348.0,-311.0,-563084.0,0.008,6.23
203355.0,-165.0,-562704.0,0.042,6.48
203360.0,-135.0,-562730.0,0.033,6.48
203366.0,-361.0,-562520.0,-0.058,6.48
203371.0,254.0,-562291.0,0.058,6.48
203376.0,72.0,-562435.0,0.033,6.96
203382.0,-398.0,-562361.0,0.058,6.72
203387.0,-114.0,-562433.0,-0.017,4.28
203393.0,-13.0,-562114.0,-0.017,6.72
203399.0,3.0,-562120.0,0.083,6.96
203404.0,-121.0,-562412.0,0.058,6.23
203410.0,-223.0,-562018.0,0.05,6.23
203415.0,134.0,-561851.0,-0.058,6.23
203420.0,-188.0,-562059.0,-0.025,6.48
203426.0,-332.0,-561613.0,-0.067,6.23
203431.0,-46.0,-561503.0,-0.008,6.96
203437.0,7.0,-561564.0,0.033,6.48
203442.0,-269.0,-561268.0,0.025,6.96
203448.0,-131.0,-561910.0,0.058,6.23
203454.0,-3.0,-561376.0,0.058,6.23
203458.0,-134.0,-561513.0,0.058,6.23
203464.0,-66.0,-561633.0,0.075,6.48
203469.0,-210.0,-561721.0,0.025,6.23
203475.0,-174.0,-561690.0,-0.033,6.96
203480.0,-81.0,-561261.0,0.042,6.96
203486.0,189.0,-560911.0,-0.042,6.23
203491.0,111.0,-561291.0,0.05,6.23
203496.0,-296.0,-561158.0,0.033,6.23
203502.0,152.0,-560942.0,0.05,6.23
203507.0,46.0,-560622.0,0.058,6.48
203513.0,-10.0,-560592.0,0.025,6.48
203517.0,119.0,-560735.0,0.0,7.21
203524.0,303.0,-561017.0,0.033,6.48
203530.0,-159.0,-560869.0,0.033,6.48
203535.0,625.0,-560714.0,-0.05,6.72
203539.0,334.0,-560799.0,-0.008,6.72
203545.0,-228.0,-560501.0,0.033,6.72
203551.0,-350.0,-560953.0,0.0,6.48
203555.0,-71.0,-561000.0,-0.008,6.96
203560.0,-244.0,-560468.0,-0.1,6.48
203567.0,-12.0,-560268.0,-0.008,6.23
203572.0,87.0,-560499.0,0.033,6.48
203577.0,-86.0,-560371.0,0.017,6.48
203582.0,-360.0,-560255.0,0.125,6.48
203587.0,-184.0,-560354.0,-0.067,6.23
203592.0,-151.0,-560259.0,0.075,6.48
203598.0,127.0,-560247.0,0.017,6.48
203603.0,71.0,-559770.0,-0.058,6.23
203609.0,190.0,-560111.0,0.033,6.96
203614.0,36.0,-560127.0,-0.008,6.48
203619.0,-46.0,-559886.0,0.058,6.96
203624.0,41.0,-559767.0,-0.075,6.48
203629.0,9.0,-559463.0,0.058,6.23
203634.0,-325.0,-559704.0,0.0,6.48
203639.0,-136.0,-559895.0,0.042,6.23
203645.0,-46.0,-559195.0,0.0,6.23
203651.0,-214.0,-559326.0,-0.008,6.23
203655.0,-351.0,-559579.0,0.042,6.48
203661.0,-87.0,-559667.0,-0.058,6.48
203666.0,137.0,-559270.0,0.067,6.23
203671.0,32.0,-559565.0,-0.017,6.48
203676.0,-112.0,-559271.0,0.033,6.96
203682.0,-362.0,-559162.0,0.15,6.48
203686.0,-19.0,-559277.0,-0.058,6.23
203693.0,-143.0,-559473.0,-0.025,6.48
203698.0,-319.0,-559376.0,0.033,6.23
203703.0,42.0,-559073.0,0.017,6.72
203708.0,-176.0,-558985.0,0.042,6.72
203713.0,-82.0,-558748.0,-0.025,6.48
203718.0,-93.0,-559201.0,0.067,6.48
203724.0,37.0,-558797.0,-0.092,6.96
203729.0,-295.0,-558784.0,-0.017,6.48
203734.0,132.0,-559099.0,0.008,6.23
203740.0,-142.0,-558903.0,0.0,6.72
203745.0,66.0,-558835.0,0.0,6.23
203751.0,-350.0,-558688.0,0.017,6.96
203755.0,33.0,-558729.0,0.025,6.23
203761.0,-457.0,-558347.0,0.025,6.48
203766.0,-49.0,-558222.0,0.067,6.72
203771.0,-60.0,-558485.0,-0.025,6.23
203777.0,-292.0,-558373.0,-0.017,6.23
203782.0,-266.0,-558476.0,0.042,6.23
203787.0,-153.0,-558539.0,0.075,6.96
203793.0,-47.0,-558151.0,0.008,6.23
203798.0,-321.0,-558116.0,-0.033,6.96
203802.0,-44.0,-558253.0,0.033,6.23
203808.0,264.0,-557967.0,0.017,6.96
203813.0,-226.0,-557914.0,-0.008,6.48
203819.0,-271.0,-557895.0,0.067,6.23
203824.0,-59.0,-558077.0,-0.025,6.72
203829.0,-513.0,-558084.0,0.05,6.48
203834.0,-426.0,-557739.0,-0.008,6.48
203840.0,-348.0,-557847.0,-0.025,6.48
203845.0,-38.0,-557524.0,0.058,6.23
203850.0,25.0,-557745.0,0.033,6.48
203855.0,152.0,-557565.0,0.05,6.48
203860.0,42.0,-557568.0,0.017,6.23
203865.0,-297.0,-557441.0,0.05,6.96
203871.0,-39.0,-557533.0,0.008,6.23
203876.0,-399.0,-557708.0,-0.058,6.23
203881.0,-178.0,-556889.0,-0.017,6.23
203886.0,-90.0,-557301.0,0.025,6.48
203892.0,-122.0,-557378.0,0.008,6.48
203896.0,-153.0,-557215.0,0.0,6.96
203902.0,33.0,-557271.0,0.0,6.48
203908.0,-119.0,-557078.0,0.033,6.48
203913.0,-12.0,-556875.0,0.042,6.23
203918.0,-74.0,-556779.0,0.008,6.48
203923.0,-126.0,-556928.0,-0.05,6.96
203928.0,-183.0,-557005.0,0.075,6.23
203933.0,-310.0,-556844.0,-0.05,6.23
203938.0,-158.0,-556811.0,0.075,6.23
203943.0,-463.0,-556883.0,0.067,6.96
203949.0,107.0,-556977.0,0.025,6.23
203955.0,-229.0,-556862.0,0.067,6.23
203959.0,-228.0,-556549.0,0.008,6.23
203965.0,-420.0,-556581.0,-0.042,6.72
203970.0,-376.0,-556534.0,0.075,6.23
203975.0,-113.0,-556353.0,0.067,6.23
203979.0,-338.0,-556440.0,0.058,6.23
203985.0,-90.0,-556169.0,0.05,6.48
203991.0,127.0,-556019.0,0.058,6.23
203996.0,43.0,-556146.0,-0.042,6.23
204001.0,-41.0,-556389.0,-0.008,6.96
204006.0,-70.0,-556049.0,0.05,6.72
204011.0,-78.0,-555968.0,0.0,6.48
204016.0,-172.0,-555925.0,0.008,6.48
204021.0,-97.0,-555613.0,0.017,6.48
204026.0,-293.0,-555698.0,0.025,6.96
204033.0,-19.0,-555525.0,0.083,6.48
204038.0,50.0,-555711.0,-0.025,6.23
204043.0,-236.0,-555716.0,0.067,6.96
204048.0,-332.0,-555561.0,0.042,6.48
204053.0,-311.0,-555531.0,0.017,6.48
204059.0,307.0,-555939.0,0.05,6.48
204064.0,177.0,-555818.0,0.008,6.96
204068.0,-62.0,-555607.0,0.042,6.96
204073.0,-97.0,-555426.0,0.025,6.23
204079.0,13.0,-555055.0,0.008,6.23
204084.0,92.0,-555519.0,0.042,6.48
204089.0,-294.0,-555478.0,-0.075,6.48
204095.0,86.0,-555399.0,0.0,6.48
204100.0,-5.0,-555037.0,0.042,6.48
204105.0,-21.0,-554832.0,-0.033,6.48
204110.0,-185.0,-554897.0,0.0,6.48
204115.0,-232.0,-555039.0,0.033,6.96
204121.0,-160.0,-555208.0,-0.008,7.45
204126.0,-250.0,-554891.0,-0.058,6.48
204131.0,-299.0,-554463.0,0.0,6.48
204136.0,-421.0,-554410.0,0.008,6.72
204142.0,-237.0,-554609.0,-0.008,6.48
204147.0,-560.0,-554561.0,-0.058,6.48
204152.0,-114.0,-554626.0,0.033,6.48
204157.0,-158.0,-554411.0,0.0,6.96
204163.0,-43.0,-554325.0,0.125,6.48
204168.0,-38.0,-554500.0,0.0,6.48
204173.0,-53.0,-554310.0,-0.017,6.72
204177.0,-386.0,-554129.0,0.0,6.23
204183.0,-362.0,-554320.0,-0.042,6.48
204188.0,-127.0,-554440.0,0.058,6.96
204192.0,-102.0,-554501.0,0.0,6.23
204198.0,98.0,-554418.0,-0.017,6.23
204204.0,-61.0,-554354.0,0.083,6.96
204209.0,39.0,-554025.0,0.05,6.48
204214.0,-225.0,-554158.0,-0.025,6.48
204219.0,-202.0,-553774.0,0.042,6.48
204224.0,-118.0,-553647.0,-0.017,6.23
204229.0,104.0,-554142.0,0.058,6.23
204234.0,41.0,-553732.0,0.025,6.23
204239.0,-4.0,-553705.0,-0.075,6.23
204246.0,-294.0,-553845.0,0.025,6.23
204251.0,-315.0,-553527.0,-0.017,6.48
204255.0,-614.0,-553594.0,-0.075,6.23
204261.0,-316.0,-553689.0,-0.017,6.96
204266.0,-419.0,-553449.0,0.017,6.23
204271.0,-231.0,-553444.0,0.017,6.96
204276.0,-39.0,-553295.0,-0.017,6.72
204281.0,6.0,-553479.0,0.067,8.43
204286.0,200.0,-553620.0,0.108,6.23
204292.0,-234.0,-553249.0,0.0,6.23
204297.0,-317.0,-552913.0,0.033,6.72
204303.0,21.0,-553004.0,-0.008,6.48
204308.0,-143.0,-553127.0,0.017,6.23
204313.0,-52.0,-553057.0,0.058,6.48
204317.0,-153.0,-553074.0,-0.108,6.96
204323.0,-69.0,-553042.0,0.008,6.72
204328.0,-228.0,-552648.0,0.0,6.23
204334.0,-193.0,-552613.0,0.058,6.23
204339.0,67.0,-552545.0,0.083,6.48
204344.0,-380.0,-552333.0,0.1,6.96
204349.0,-287.0,-552392.0,0.025,6.48
204355.0,-9.0,-552510.0,-0.008,6.72
204360.0,158.0,-552760.0,0.033,6.96
204364.0,-289.0,-552673.0,0.1,6.48
204370.0,-151.0,-552201.0,0.083,6.48
204376.0,-380.0,-552281.0,0.05,6.23
204381.0,-399.0,-552178.0,0.058,6.48
204386.0,225.0,-552411.0,0.033,6.48
204391.0,122.0,-552109.0,0.008,6.72
204396.0,-391.0,-552054.0,0.008,6.48
204401.0,-85.0,-552224.0,-0.058,6.23
204407.0,142.0,-552322.0,0.1,6.96
204411.0,-347.0,-552123.0,0.1,3.05
204418.0,1.0,-552197.0,-0.008,6.23
204423.0,-4.0,-552091.0,0.058,6.72
204428.0,-107.0,-551986.0,-0.008,6.48
204433.0,-115.0,-551940.0,0.008,6.96
204438.0,-82.0,-552038.0,0.117,6.96
204443.0,-323.0,-551811.0,0.033,6.23
204449.0,-53.0,-551685.0,-0.042,6.96
204454.0,2.0,-551913.0,-0.042,6.23
204459.0,-241.0,-551724.0,0.0,6.48
204465.0,65.0,-551246.0,0.033,6.48
204470.0,20.0,-551672.0,0.033,7.21
204475.0,-355.0,-551737.0,-0.033,6.48
204480.0,-287.0,-551091.0,0.0,6.23
204485.0,-2.0,-551631.0,-0.008,6.23
204490.0,61.0,-551686.0,-0.042,6.23
204495.0,-5.0,-551490.0,-0.017,6.96
204500.0,-138.0,-551168.0,-0.117,6.23
204506.0,-319.0,-550973.0,0.008,6.23
204512.0,-213.0,-551179.0,-0.025,6.23
204517.0,22.0,-551083.0,0.067,6.23
204522.0,-145.0,-551100.0,0.075,6.48
204527.0,137.0,-551298.0,0.017,6.48
204533.0,-85.0,-550784.0,-0.025,6.48
204537.0,-84.0,-550711.0,-0.042,6.48
204542.0,-210.0,-550726.0,0.017,6.72
204549.0,-228.0,-550780.0,0.042,6.72
204554.0,-147.0,-550639.0,0.042,6.72
204559.0,-111.0,-550534.0,0.033,6.72
204565.0,-259.0,-550470.0,0.017,6.48
204570.0,-6.0,-550472.0,0.008,6.48
204574.0,-257.0,-550119.0,0.092,6.72
204580.0,-35.0,-550209.0,0.092,6.23
204585.0,6.0,-550257.0,0.042,6.72
204591.0,211.0,-550694.0,0.058,6.23
204596.0,13.0,-550214.0,0.075,4.52
204601.0,-144.0,-550086.0,-0.033,6.96
204606.0,43.0,-549987.0,0.075,6.23
204612.0,-557.0,-550207.0,0.017,6.96
204617.0,91.0,-549979.0,0.0,6.72
204622.0,494.0,-549990.0,0.067,6.72
204627.0,40.0,-549601.0,0.092,6.96
204633.0,-566.0,-550383.0,0.042,6.23
204638.0,-605.0,-550244.0,0.1,6.23
204643.0,-233.0,-549583.0,0.058,6.48
204649.0,65.0,-549745.0,0.042,6.48
204654.0,-258.0,-549852.0,0.125,6.23
204659.0,-288.0,-549787.0,0.092,6.96
204664.0,-366.0,-549581.0,0.025,6.48
204669.0,-375.0,-549450.0,-0.025,6.96
204675.0,-295.0,-549181.0,-0.025,6.72
204681.0,-159.0,-548945.0,-0.033,6.72
204686.0,-196.0,-549361.0,0.067,6.72
204691.0,71.0,-549228.0,0.017,6.72
204696.0,-361.0,-549388.0,0.058,6.96
204702.0,47.0,-549454.0,0.008,6.96
204706.0,-30.0,-549165.0,0.083,6.48
204711.0,-206.0,-548940.0,0.067,6.96
204718.0,-218.0,-549072.0,0.108,6.48
204723.0,45.0,-549327.0,0.058,6.96
204728.0,-61.0,-549102.0,0.075,6.48
204733.0,-129.0,-549168.0,0.033,6.23
204738.0,90.0,-549137.0,-0.033,6.23
204743.0,-160.0,-548848.0,0.025,6.48
204749.0,-212.0,-548812.0,-0.05,6.72
204753.0,-263.0,-548857.0,-0.017,6.72
204760.0,-353.0,-548446.0,0.017,6.72
204765.0,-93.0,-548440.0,0.067,6.23
204770.0,-100.0,-548535.0,-0.058,6.72
204775.0,-371.0,-548464.0,-0.033,6.23
204780.0,-593.0,-548356.0,0.108,6.23
204785.0,-530.0,-548361.0,0.033,6.72
204790.0,-2.0,-548160.0,0.1,6.48
204796.0,-282.0,-548202.0,0.083,6.23
204801.0,-51.0,-548401.0,0.042,7.21
204806.0,-213.0,-548200.0,0.017,6.23
204812.0,-457.0,-548076.0,0.05,6.23
204817.0,-394.0,-548025.0,0.025,6.48
204821.0,67.0,-548682.0,-0.05,6.72
204827.0,-7.0,-548204.0,0.042,6.23
204832.0,28.0,-547957.0,0.025,6.23
204837.0,-302.0,-547923.0,0.075,6.72
204844.0,60.0,-547609.0,-0.075,6.23
204848.0,247.0,-547536.0,0.075,6.48
204853.0,-210.0,-547849.0,-0.042,6.72
204859.0,372.0,-547459.0,-0.05,6.23
204863.0,89.0,-547676.0,0.05,6.48
204869.0,25.0,-548110.0,-0.008,6.96
204874.0,-83.0,-547530.0,0.05,6.48
204880.0,-209.0,-547476.0,0.092,6.96
204886.0,-34.0,-547583.0,-0.025,6.48
204891.0,60.0,-547413.0,0.0,6.23
204897.0,72.0,-547531.0,0.058,6.48
204901.0,-61.0,-547436.0,0.1,6.48
204906.0,-38.0,-547389.0,0.008,6.48
204911.0,-144.0,-547359.0,0.042,6.48
204916.0,-419.0,-547040.0,0.05,6.48
204922.0,-33.0,-546814.0,0.025,6.48
204928.0,-145.0,-547230.0,0.1,6.23
204934.0,-249.0,-547352.0,-0.017,6.96
204939.0,-486.0,-547049.0,0.083,6.23
204944.0,-234.0,-546969.0,0.05,6.48
204950.0,-228.0,-546753.0,0.05,7.45
204955.0,36.0,-546891.0,-0.017,6.23
204960.0,-75.0,-546716.0,0.033,6.48
204966.0,-439.0,-546508.0,-0.025,6.23
204972.0,171.0,-546374.0,0.075,6.23
204978.0,-153.0,-546184.0,0.025,6.48
204982.0,-240.0,-546341.0,-0.083,6.48
204988.0,216.0,-546677.0,0.017,6.72
204994.0,-248.0,-546483.0,0.033,6.72
204999.0,156.0,-546335.0,-0.017,6.23
205004.0,-107.0,-546324.0,0.033,6.23
205009.0,-447.0,-546184.0,-0.017,6.72
205016.0,31.0,-546066.0,0.0,6.48
205022.0,-145.0,-546234.0,-0.017,6.23
205026.0,-112.0,-546137.0,0.025,6.23
205032.0,-138.0,-545993.0,-0.025,6.48
205037.0,26.0,-545941.0,0.017,6.48
205043.0,186.0,-546083.0,-0.008,6.48
205048.0,-197.0,-545932.0,0.1,6.48
205053.0,-347.0,-545730.0,-0.017,6.23
205060.0,105.0,-545722.0,0.017,6.48
205065.0,-221.0,-545870.0,0.017,6.23
205070.0,-310.0,-545885.0,0.133,6.72
205076.0,-338.0,-545417.0,-0.033,6.48
205081.0,-290.0,-545677.0,0.117,6.48
205087.0,-424.0,-545733.0,-0.008,6.96
205092.0,-361.0,-545682.0,0.008,6.48
205097.0,-214.0,-545308.0,0.033,6.96
205103.0,2.0,-545384.0,0.033,7.21
205108.0,-223.0,-544993.0,0.008,6.23
205113.0,-72.0,-545125.0,-0.017,6.23
205119.0,-168.0,-545137.0,0.0,6.23
205124.0,-34.0,-545452.0,0.05,6.23
205128.0,-25.0,-544977.0,0.042,6.23
205134.0,173.0,-544913.0,0.058,6.48
205139.0,-247.0,-545014.0,0.008,6.72
205145.0,-158.0,-544921.0,0.142,6.48
205150.0,298.0,-544577.0,0.0,6.48
205155.0,-38.0,-544922.0,0.042,6.72
205160.0,-219.0,-544633.0,0.108,6.96
205166.0,135.0,-544365.0,0.117,6.48
205171.0,-147.0,-544748.0,0.0,6.72
205175.0,-108.0,-544601.0,-0.075,6.23
205181.0,-134.0,-544341.0,0.108,6.48
205187.0,334.0,-544320.0,-0.067,6.23
205192.0,-47.0,-544749.0,-0.05,6.48
205197.0,-553.0,-544455.0,0.042,6.72
205203.0,-17.0,-544680.0,0.075,6.48
205207.0,-114.0,-544247.0,0.033,6.72
205213.0,-206.0,-544257.0,-0.008,6.72
205218.0,100.0,-544399.0,-0.017,6.72
205224.0,-248.0,-544404.0,0.075,6.23
205229.0,-259.0,-544235.0,-0.042,6.96
205235.0,497.0,-544155.0,-0.008,6.48
205240.0,-91.0,-544536.0,0.083,6.23
205245.0,-446.0,-544023.0,-0.042,6.96
205250.0,-622.0,-543923.0,0.033,6.96
205255.0,-252.0,-543924.0,0.1,6.23
205260.0,-49.0,-544205.0,0.075,6.48
205266.0,133.0,-543713.0,0.058,6.23
205272.0,107.0,-544030.0,0.033,6.96
205276.0,176.0,-543657.0,-0.042,6.23
205282.0,-146.0,-544135.0,0.008,6.72
205287.0,68.0,-543820.0,0.025,6.23
205292.0,103.0,-543553.0,0.067,6.48
205297.0,167.0,-543541.0,0.0,6.48
205302.0,-333.0,-543696.0,0.117,6.48
205307.0,-346.0,-543543.0,0.058,6.48
205314.0,148.0,-543421.0,0.017,6.23
205319.0,-274.0,-542907.0,-0.058,6.23
205325.0,120.0,-543120.0,-0.008,6.48
205329.0,107.0,-543185.0,-0.017,6.23
205335.0,-35.0,-543101.0,0.042,6.23
205340.0,-159.0,-543326.0,-0.017,6.72
205345.0,-266.0,-543113.0,0.008,6.72
205350.0,-16.0,-543245.0,0.075,6.48
205356.0,18.0,-542948.0,0.0,6.96
205361.0,-21.0,-542605.0,-0.067,6.48
205366.0,-47.0,-542795.0,0.017,6.48
205371.0,-289.0,-542958.0,0.033,6.48
205376.0,-420.0,-542649.0,-0.008,6.48
205382.0,16.0,-542879.0,-0.017,6.23
205387.0,-140.0,-542800.0,0.117,6.23
205392.0,-279.0,-542623.0,0.075,6.23
205398.0,119.0,-542439.0,0.017,6.48
205403.0,153.0,-542598.0,0.092,6.72
205408.0,-10.0,-542315.0,0.033,6.23
205414.0,-66.0,-542569.0,0.025,6.48
205419.0,-82.0,-542506.0,0.017,6.72
205423.0,81.0,-542367.0,-0.017,6.48
205429.0,15.0,-542165.0,0.025,6.23
205434.0,-147.0,-542386.0,0.05,6.23
205440.0,46.0,-542273.0,-0.025,6.48
205445.0,52.0,-542201.0,0.033,6.48
205450.0,-158.0,-542184.0,0.042,6.23
205455.0,79.0,-541935.0,0.017,6.96
205460.0,209.0,-541823.0,0.033,6.23
205466.0,-457.0,-541948.0,0.0,6.23
205470.0,-132.0,-541607.0,0.05,6.96
205476.0,-24.0,-541575.0,0.025,6.72
205481.0,-136.0,-541524.0,-0.017,6.23
205487.0,-101.0,-541733.0,0.008,6.48
205492.0,-277.0,-541871.0,0.092,6.48
205497.0,-493.0,-541826.0,-0.008,6.23
205503.0,-167.0,-541717.0,0.067,6.48
205508.0,-34.0,-541733.0,0.017,6.72
205513.0,50.0,-541463.0,0.075,6.96
205518.0,-64.0,-541374.0,0.0,6.72
205523.0,-31.0,-541334.0,0.05,6.48
205529.0,-198.0,-541365.0,0.15,6.23
205534.0,-118.0,-541270.0,0.058,6.23
205539.0,-377.0,-541534.0,-0.025,6.96
205545.0,-79.0,-540926.0,-0.025,6.96
205550.0,-231.0,-541301.0,0.05,6.23
205555.0,-260.0,-540962.0,0.067,6.48
205560.0,-250.0,-540878.0,0.017,6.48
205565.0,-214.0,-540813.0,0.0,6.48
205571.0,-127.0,-540958.0,0.075,6.23
205577.0,-97.0,-540938.0,0.058,6.48
205582.0,137.0,-541055.0,-0.008,6.72
205587.0,244.0,-540512.0,-0.008,6.96
205591.0,-305.0,-540855.0,0.058,6.48
205596.0,-119.0,-540742.0,0.042,6.23
205602.0,382.0,-540990.0,-0.033,6.48
205607.0,146.0,-540888.0,0.05,6.48
205613.0,-344.0,-540585.0,0.0,6.23
205618.0,-239.0,-540504.0,0.042,6.96
205624.0,-143.0,-540342.0,-0.033,6.23
205629.0,-237.0,-540261.0,0.017,6.96
205633.0,-140.0,-540464.0,-0.058,6.23
205638.0,31.0,-540217.0,0.017,6.23
205643.0,-515.0,-540302.0,0.025,6.72
205648.0,-346.0,-540316.0,-0.042,6.23
205654.0,-96.0,-540353.0,0.092,6.23
205660.0,-64.0,-540070.0,0.067,6.23
205665.0,-135.0,-540048.0,-0.008,6.48
205670.0,-219.0,-540179.0,-0.1,6.23
205675.0,67.0,-540240.0,0.042,6.48
205680.0,278.0,-540000.0,-0.017,6.72
205686.0,60.0,-540354.0,0.0,6.23
205691.0,-138.0,-539889.0,0.075,6.48
205696.0,-27.0,-539556.0,-0.1,6.23
205702.0,-249.0,-539820.0,-0.017,6.48
205707.0,159.0,-540013.0,0.017,6.96
205712.0,244.0,-539584.0,-0.017,6.48
205716.0,-373.0,-539347.0,0.108,6.48
205722.0,-87.0,-539610.0,-0.033,6.48
205727.0,-166.0,-539526.0,0.067,6.23
205732.0,-68.0,-539513.0,-0.067,6.48
205737.0,-20.0,-539266.0,0.025,6.72
205743.0,-45.0,-539318.0,0.025,6.48
205748.0,-193.0,-539287.0,-0.017,6.48
205753.0,-31.0,-539314.0,0.0,6.72
205758.0,-58.0,-539042.0,0.067,6.48
205763.0,-412.0,-538993.0,-0.017,6.48
205769.0,-368.0,-539562.0,-0.008,6.23
205774.0,-341.0,-539202.0,0.1,6.23
205779.0,-315.0,-539269.0,0.058,7.21
205785.0,-125.0,-538794.0,0.058,6.23
205790.0,-252.0,-538868.0,0.092,6.23
205795.0,-241.0,-538815.0,-0.008,6.48
205800.0,-81.0,-538776.0,0.058,6.72
205805.0,94.0,-539054.0,0.083,6.48
205810.0,-746.0,-538833.0,0.033,6.72
205815.0,-8.0,-538822.0,0.05,6.23
205820.0,-129.0,-538892.0,-0.05,6.23
205827.0,121.0,-538797.0,0.008,6.48
205832.0,-519.0,-538444.0,0.092,6.72
205837.0,-456.0,-538530.0,-0.075,6.96
205842.0,-152.0,-538497.0,0.017,6.96
205847.0,-438.0,-538360.0,0.117,6.23
205852.0,-217.0,-538644.0,-0.025,6.48
205857.0,136.0,-538443.0,0.117,6.23
205862.0,-328.0,-538262.0,0.025,6.23
205868.0,-99.0,-538374.0,0.042,6.23
205873.0,217.0,-538323.0,0.0,6.23
205878.0,-23.0,-538040.0,0.025,6.23
205884.0,-250.0,-538224.0,0.05,6.23
205889.0,-316.0,-538287.0,-0.025,6.23
205894.0,-344.0,-537970.0,-0.067,6.48
205899.0,-281.0,-537876.0,0.083,6.48
205904.0,-71.0,-537999.0,-0.033,6.96
205910.0,-475.0,-538086.0,-0.05,6.23
205915.0,-372.0,-537998.0,0.117,6.23
205920.0,-15.0,-538019.0,0.092,6.48
205926.0,-145.0,-537731.0,0.067,6.23
205931.0,-126.0,-537499.0,-0.017,6.23
205936.0,19.0,-537614.0,0.008,6.48
205941.0,-259.0,-537383.0,0.0,6.23
205946.0,-152.0,-538109.0,0.017,6.48
205952.0,-130.0,-537828.0,0.058,6.72
205957.0,-24.0,-537411.0,-0.017,6.23
205962.0,-351.0,-537563.0,0.05,6.96
205967.0,83.0,-537418.0,0.075,6.48
205972.0,-289.0,-537579.0,0.025,6.23
205977.0,90.0,-537211.0,-0.008,6.48
205983.0,-166.0,-537282.0,-0.017,6.48
205988.0,-418.0,-536909.0,0.05,6.48
205993.0,-351.0,-536953.0,0.025,6.96
205999.0,-44.0,-536758.0,-0.083,6.23
206004.0,2.0,-537178.0,0.0,6.23
206009.0,-179.0,-536982.0,-0.117,6.48
206014.0,-40.0,-536967.0,-0.075,5.01
206019.0,76.0,-536903.0,-0.033,6.23
206025.0,71.0,-536997.0,0.058,6.96
206029.0,14.0,-536834.0,0.025,6.48
206035.0,14.0,-536708.0,0.05,6.48
206041.0,179.0,-536914.0,0.008,6.48
206045.0,42.0,-536803.0,0.0,6.48
206051.0,36.0,-536573.0,0.008,6.96
206056.0,219.0,-536191.0,0.025,6.48
206061.0,346.0,-536258.0,0.058,6.23
206066.0,-392.0,-536778.0,0.025,6.48
206072.0,-39.0,-536430.0,0.083,6.23
206076.0,-184.0,-536113.0,-0.05,6.96
206083.0,-382.0,-536147.0,0.008,6.72
206088.0,-37.0,-536389.0,0.025,6.23
206093.0,74.0,-536272.0,0.0,6.48
206098.0,-400.0,-536248.0,0.025,6.48
206103.0,-185.0,-536198.0,-0.067,6.48
206108.0,150.0,-536381.0,0.1,6.48
206113.0,-548.0,-536220.0,0.033,6.48
206118.0,-539.0,-536038.0,-0.058,6.48
206124.0,312.0,-535733.0,-0.017,6.23
206129.0,-154.0,-535767.0,-0.033,6.48
206135.0,-119.0,-536227.0,0.05,6.48
206139.0,-124.0,-536118.0,0.008,6.48
206145.0,-38.0,-535686.0,0.025,6.48
206150.0,-109.0,-535620.0,0.017,6.23
206155.0,-224.0,-535795.0,0.042,6.48
206160.0,112.0,-535623.0,-0.008,6.23
206166.0,-439.0,-535521.0,0.033,6.96
206171.0,-142.0,-535538.0,0.025,6.23
206176.0,68.0,-535739.0,0.042,6.23
206181.0,321.0,-535115.0,0.05,6.48
206186.0,24.0,-535462.0,-0.033,6.23
206192.0,-412.0,-535186.0,-0.008,6.23
206197.0,-281.0,-535078.0,-0.008,6.48
206201.0,-270.0,-535153.0,0.033,6.48
206208.0,-222.0,-535163.0,0.008,6.48
206213.0,31.0,-535383.0,0.083,6.72
206218.0,-92.0,-535296.0,0.017,6.48
206223.0,76.0,-534930.0,-0.033,6.72
206228.0,-259.0,-535156.0,0.058,6.23
206233.0,200.0,-535149.0,0.0,6.48
206239.0,-148.0,-534755.0,0.008,6.23
206244.0,-220.0,-535019.0,0.033,6.72
206249.0,-47.0,-534940.0,0.092,6.23
206255.0,237.0,-534615.0,0.033,6.96
206261.0,-309.0,-534619.0,0.008,6.72
206265.0,-252.0,-534546.0,0.025,6.23
206270.0,178.0,-534575.0,-0.075,6.23
206276.0,-398.0,-534765.0,0.083,6.96
206281.0,-523.0,-534386.0,0.033,6.23
206286.0,-117.0,-534387.0,0.042,6.96
206292.0,107.0,-534561.0,-0.008,6.48
206298.0,232.0,-534653.0,0.0,6.48
206302.0,9.0,-534398.0,0.058,6.72
206308.0,225.0,-534524.0,0.067,6.23
206313.0,202.0,-534010.0,-0.025,6.23
206318.0,101.0,-533809.0,0.05,6.48
206323.0,-49.0,-534111.0,0.0,6.48
206328.0,-42.0,-534285.0,-0.033,6.72
206333.0,-61.0,-533968.0,-0.025,6.23
206340.0,-27.0,-533688.0,0.008,6.48
206345.0,-102.0,-533974.0,0.05,6.48
206349.0,-159.0,-533875.0,0.025,6.48
206355.0,-229.0,-534005.0,0.042,6.23
206360.0,-9.0,-534003.0,0.092,6.96
206365.0,120.0,-533598.0,0.033,6.23
206370.0,-334.0,-533759.0,-0.075,6.48
206376.0,-254.0,-533771.0,0.125,6.23
206382.0,243.0,-533464.0,0.117,6.23
206387.0,195.0,-533473.0,0.008,6.23
206392.0,-535.0,-533365.0,0.05,6.48
206397.0,-488.0,-533180.0,0.025,8.92
206402.0,124.0,-533509.0,0.025,6.96
206408.0,-166.0,-533423.0,-0.025,6.96
206412.0,-427.0,-532974.0,0.0,6.72
206417.0,-60.0,-533349.0,0.075,6.48
206424.0,164.0,-533341.0,0.017,6.23
206428.0,-135.0,-533208.0,0.067,6.23
206433.0,33.0,-532821.0,0.083,6.72
206439.0,279.0,-532843.0,-0.008,6.48
206444.0,-268.0,-532942.0,0.025,6.23
206449.0,-140.0,-532789.0,-0.008,6.23
206454.0,186.0,-532847.0,0.05,6.23
206459.0,-43.0,-532612.0,0.1,6.96
206465.0,-429.0,-532459.0,-0.042,6.23
206471.0,-213.0,-532605.0,0.033,6.48
206475.0,-390.0,-532800.0,0.008,6.48
206480.0,-403.0,-532815.0,0.058,6.48
206486.0,-303.0,-532797.0,0.017,6.48
206490.0,-24.0,-532868.0,0.075,6.48
206496.0,-112.0,-532543.0,-0.017,6.72
206501.0,-414.0,-532547.0,-0.05,6.96
206507.0,-197.0,-532374.0,0.042,6.23
206512.0,-71.0,-532517.0,0.075,6.48
206518.0,-267.0,-532371.0,-0.017,6.23
206522.0,-82.0,-532458.0,-0.033,6.72
206527.0,-215.0,-532389.0,0.033,6.23
206532.0,-393.0,-532543.0,0.0,6.23
206537.0,-384.0,-532328.0,0.017,6.23
206543.0,-116.0,-532356.0,0.008,6.23
206548.0,-272.0,-532444.0,-0.025,6.72
206555.0,316.0,-532418.0,0.025,6.23
206560.0,-7.0,-532249.0,0.042,6.23
206565.0,-93.0,-531857.0,0.008,6.72
206571.0,-473.0,-531739.0,0.017,6.48
206576.0,-251.0,-531763.0,0.033,6.96
206581.0,-182.0,-531590.0,0.017,6.96
206587.0,-36.0,-531888.0,-0.058,8.19
206593.0,-442.0,-531696.0,0.067,6.72
206599.0,-138.0,-531368.0,-0.025,6.23
206603.0,-3.0,-531305.0,-0.042,6.72
206609.0,-347.0,-531757.0,0.017,6.48
206614.0,91.0,-531605.0,-0.033,6.96
206620.0,-33.0,-531027.0,0.008,6.23
206625.0,-358.0,-530950.0,-0.017,6.48
206630.0,-648.0,-531318.0,-0.017,6.48
206637.0,-64.0,-531454.0,0.042,6.72
206641.0,-73.0,-531369.0,-0.058,6.23
206646.0,-130.0,-531108.0,0.017,6.48
206652.0,-60.0,-531378.0,0.008,6.48
206656.0,39.0,-531305.0,-0.033,6.23
206662.0,-81.0,-531337.0,0.05,6.96
206667.0,19.0,-531085.0,0.0,6.48
206672.0,378.0,-531186.0,-0.05,6.72
206678.0,-315.0,-530839.0,0.0,7.21
206683.0,-241.0,-530611.0,0.017,6.48
206688.0,-86.0,-530606.0,0.008,6.23
206693.0,-10.0,-530834.0,0.058,6.48
206699.0,56.0,-530672.0,0.008,6.48
206704.0,-280.0,-530829.0,0.0,6.72
206709.0,185.0,-530814.0,0.058,6.48
206714.0,31.0,-530552.0,-0.042,6.23
206721.0,-187.0,-530344.0,0.067,6.23
206726.0,-86.0,-530407.0,0.025,6.72
206731.0,-218.0,-530505.0,-0.008,6.48
206737.0,-32.0,-530165.0,-0.025,6.23
206742.0,-24.0,-530324.0,0.0,6.23
206746.0,-91.0,-530409.0,-0.017,6.23
206752.0,119.0,-530361.0,0.008,6.96
206757.0,117.0,-530436.0,0.075,6.23
206763.0,-60.0,-530071.0,-0.033,6.23
206768.0,-80.0,-529687.0,0.1,6.48
206773.0,-276.0,-529912.0,-0.025,6.48
206778.0,-275.0,-529843.0,0.117,6.48
206784.0,-11.0,-530205.0,0.108,6.48
206789.0,61.0,-529577.0,-0.033,6.23
206794.0,-314.0,-529446.0,0.075,6.23
206800.0,-398.0,-529890.0,0.033,6.48
206806.0,-92.0,-529922.0,-0.083,6.23
206812.0,-328.0,-529550.0,-0.025,6.23
206816.0,-119.0,-529661.0,0.017,6.23
206822.0,355.0,-529291.0,0.05,6.48
206828.0,-315.0,-529323.0,0.067,6.48
206833.0,-91.0,-529531.0,-0.017,6.48
206838.0,-62.0,-529502.0,0.008,6.48
206843.0,-416.0,-529698.0,0.092,6.48
206850.0,204.0,-529272.0,0.083,6.23
206856.0,64.0,-529310.0,0.058,6.23
206860.0,-115.0,-529417.0,-0.042,6.23
206866.0,-443.0,-529031.0,0.083,6.96
206871.0,137.0,-528945.0,0.042,6.48
206877.0,21.0,-529197.0,0.05,6.96
206882.0,-62.0,-529072.0,-0.008,6.48
206887.0,-150.0,-528738.0,0.075,6.96
206894.0,14.0,-529126.0,-0.033,6.48
206899.0,-128.0,-528945.0,-0.067,6.23
206904.0,-239.0,-528980.0,0.008,6.48
206909.0,-55.0,-528584.0,0.042,6.48
206914.0,-51.0,-529093.0,0.042,6.48
206919.0,-64.0,-528802.0,-0.058,6.48
206924.0,-40.0,-528404.0,-0.058,6.23
206929.0,14.0,-528611.0,0.008,6.96
206935.0,93.0,-528496.0,0.017,6.48
206941.0,-35.0,-528594.0,0.0,6.48
206946.0,307.0,-528589.0,-0.033,6.96
206950.0,-14.0,-528560.0,0.067,6.23
206956.0,10.0,-528732.0,-0.05,6.48
206961.0,24.0,-528355.0,0.033,6.23
206966.0,115.0,-528120.0,-0.017,6.48
206971.0,-43.0,-528164.0,0.033,6.23
206977.0,-251.0,-528173.0,0.1,6.72
206982.0,186.0,-527948.0,-0.058,6.23
206988.0,-134.0,-528370.0,0.05,6.23
206993.0,-220.0,-528219.0,-0.1,6.23
206998.0,-361.0,-528052.0,0.1,6.48
207003.0,71.0,-527916.0,0.083,6.96
207009.0,-141.0,-527920.0,0.033,6.23
207014.0,-359.0,-527647.0,0.05,6.23
207020.0,-510.0,-528048.0,-0.042,6.48
207025.0,-178.0,-527936.0,0.083,6.48
207030.0,80.0,-527803.0,0.075,6.23
207035.0,-81.0,-527748.0,0.142,6.96
207041.0,-361.0,-528184.0,0.025,6.96
207046.0,-115.0,-527853.0,0.042,6.48
207050.0,64.0,-527736.0,-0.033,6.23
207056.0,-4.0,-527554.0,0.025,6.72
207062.0,-132.0,-527953.0,0.017,6.96
207067.0,-147.0,-527532.0,0.033,6.23
207072.0,163.0,-527136.0,0.042,6.23
207077.0,-83.0,-527075.0,0.058,6.72
207082.0,8.0,-527094.0,-0.067,6.72
207088.0,108.0,-527212.0,-0.125,7.21
207093.0,106.0,-527029.0,0.275,6.23
207097.0,-179.0,-528414.0,0.842,6.23
207104.0,45.0,-554644.0,16.8,6.96
207109.0,1477.0,-588327.0,6.542,8.19
207114.0,152.0,-688380.0,10.208,9.9
207119.0,73.0,-820386.0,14.617,11.85
207124.0,-317.0,-893467.0,14.667,12.83
207129.0,-596.0,-1044816.0,9.267,14.05
207133.0,-129.0,-1111377.0,9.542,14.54
207137.0,32.0,-1176922.0,14.133,15.52
207142.0,142.0,-1314427.0,10.275,16.5
207147.0,101.0,-1380602.0,10.467,17.96
207151.0,-174.0,-1509733.0,12.633,19.67
207155.0,-5.0,-1576264.0,11.908,21.63
207160.0,-152.0,-1705108.0,10.367,25.05
207164.0,-273.0,-1769001.0,12.342,28.23
207168.0,98.0,-1833718.0,11.008,30.91
207173.0,-257.0,-1955117.0,10.883,35.8
207177.0,-228.0,-2016504.0,10.742,39.96
207181.0,-303.0,-2077265.0,9.442,43.13
207185.0,-382.0,-2195660.0,9.375,43.62
207190.0,-19.0,-2255529.0,10.75,43.38
207195.0,-474.0,-2371693.0,8.45,39.22
207199.0,-651.0,-2428174.0,9.075,37.76
207203.0,330.0,-2484779.0,8.45,35.8
207207.0,19.0,-2595820.0,8.242,35.8
207213.0,-161.0,-2705856.0,8.558,35.07
207217.0,102.0,-2758939.0,7.7,35.31
207221.0,-109.0,-2810470.0,7.45,35.07
207226.0,-404.0,-2912993.0,6.833,34.09
207230.0,-213.0,-2963076.0,6.6,35.07
207236.0,-380.0,-3062434.0,7.542,31.4
207240.0,-13.0,-3111627.0,6.9,30.18
207245.0,-372.0,-3205103.0,6.158,28.96
207249.0,-499.0,-3251050.0,5.625,28.96
207253.0,-8.0,-3296347.0,5.458,27.74
207257.0,271.0,-3385798.0,6.342,27.49
207261.0,-322.0,-3430921.0,5.933,26.76
207265.0,-83.0,-3475286.0,5.225,26.27
207271.0,-77.0,-3561269.0,4.792,25.54
207277.0,-34.0,-3643959.0,5.358,25.29
207281.0,19.0,-3684126.0,5.392,23.83
207287.0,107.0,-3764319.0,4.617,23.09
207291.0,-34.0,-3802596.0,4.608,23.09
207296.0,-426.0,-3878647.0,4.308,21.87
207300.0,-337.0,-3914990.0,4.467,21.87
207304.0,-142.0,-3986553.0,4.917,21.14
207308.0,289.0,-4022200.0,4.433,20.65
207311.0,-236.0,-4056685.0,3.925,20.16
207315.0,-395.0,-4090546.0,3.808,19.92
207320.0,-524.0,-4157571.0,4.008,19.18
207324.0,-413.0,-4190226.0,4.125,18.94
207328.0,-314.0,-4222155.0,3.808,19.43
207332.0,-271.0,-4286240.0,3.617,18.94
207336.0,-364.0,-4317751.0,3.217,18.7
207340.0,-383.0,-4348318.0,3.2,17.72
207344.0,18.0,-4378547.0,3.592,17.47
207349.0,58.0,-4436870.0,3.2,16.98
207354.0,-139.0,-4494404.0,3.125,16.5
207360.0,-54.0,-4522443.0,2.508,16.25
207365.0,-162.0,-4577738.0,3.183,16.25
207369.0,-465.0,-4604325.0,3.058,15.76
207373.0,-468.0,-4656324.0,2.742,16.01
207377.0,-493.0,-4682301.0,2.517,15.52
207381.0,-6.0,-4708302.0,1.892,15.03
207386.0,69.0,-4758108.0,2.125,15.03
207391.0,-262.0,-4807048.0,3.058,14.78
207396.0,40.0,-4830815.0,1.492,14.05
207401.0,-17.0,-4877912.0,1.7,13.81
207407.0,-24.0,-4900789.0,1.8,14.05
207412.0,-154.0,-4945704.0,2.117,13.56
207416.0,27.0,-4967601.0,2.375,13.32
207421.0,27.0,-5010666.0,1.1,13.07
207426.0,-296.0,-5052304.0,1.742,13.07
207430.0,115.0,-5072421.0,1.533,12.83
207434.0,206.0,-5092542.0,2.192,12.34
207438.0,219.0,-5132243.0,2.367,12.1
207442.0,-28.0,-5151212.0,1.708,12.1
207448.0,-417.0,-5170017.0,1.3,12.59
207452.0,-256.0,-5208024.0,3.025,12.34
207456.0,-87.0,-5226357.0,1.075,11.85
207461.0,-334.0,-5256811.0,2.567,11.61
207465.0,-101.0,-5269248.0,0.517,11.61
207469.0,-128.0,-5279703.0,0.508,11.12
207473.0,117.0,-5294012.0,-0.225,11.61
207477.0,-282.0,-5298465.0,0.967,10.63
207481.0,-91.0,-5300450.0,0.525,10.39
207486.0,325.0,-5302745.0,0.058,10.14
207491.0,-60.0,-5302590.0,1.117,9.65
207497.0,-326.0,-5300651.0,0.708,9.41
207502.0,-571.0,-5297917.0,-0.375,8.92
207506.0,-314.0,-5296208.0,0.517,8.92
207512.0,-504.0,-5291705.0,-0.058,8.43
207517.0,-653.0,-5286807.0,0.567,8.68
207522.0,-197.0,-5284228.0,0.642,7.94
207527.0,-169.0,-5278745.0,0.75,7.45
207533.0,10.0,-5272419.0,0.533,7.21
207538.0,-29.0,-5269860.0,0.383,6.96
207543.0,-293.0,-5264597.0,0.408,6.48
207549.0,-416.0,-5259501.0,0.658,6.23
207554.0,-82.0,-5256490.0,0.592,6.48
207559.0,-60.0,-5251829.0,0.15,6.72
207564.0,-219.0,-5246599.0,0.45,6.48
207569.0,-218.0,-5244642.0,0.583,6.96
207575.0,-224.0,-5240367.0,0.433,6.48
207580.0,-273.0,-5236115.0,0.317,6.96
207585.0,-180.0,-5234096.0,0.35,6.96
207590.0,-38.0,-5230395.0,0.342,6.72
207595.0,-105.0,-5226159.0,0.35,6.96
207600.0,-27.0,-5224182.0,0.342,7.21
207606.0,-27.0,-5221253.0,0.308,6.72
207611.0,-384.0,-5217513.0,0.283,7.21
207617.0,281.0,-5216098.0,0.383,7.21
207622.0,-313.0,-5212829.0,0.292,6.96
207627.0,-526.0,-5209275.0,0.383,7.21
207632.0,-453.0,-5207748.0,0.292,6.96
207637.0,19.0,-5204412.0,0.192,6.96
207643.0,-60.0,-5201508.0,0.342,7.45
207647.0,123.0,-5199977.0,0.333,7.21
207652.0,-203.0,-5197534.0,0.267,7.45
207659.0,-302.0,-5194458.0,0.358,7.45
207663.0,-193.0,-5193141.0,0.325,6.72
207669.0,385.0,-5190348.0,0.292,6.72
207674.0,-2.0,-5187868.0,0.183,7.45
207679.0,-324.0,-5186479.0,0.4,7.45
207684.0,128.0,-5183358.0,-1.808,7.7
207689.0,-59.0,-5173152.0,0.875,6.96
207694.0,-50.0,-5163289.0,0.508,6.96
207700.0,138.0,-5137181.0,-0.892,6.23
207706.0,285.0,-5103301.0,-1.192,6.23
207711.0,-292.0,-5083790.0,-1.058,6.48
207716.0,-398.0,-5042433.0,0.417,5.74
207721.0,-347.0,-4996709.0,-1.217,5.74
207726.0,-352.0,-4972784.0,-0.842,5.25
207731.0,-540.0,-4923859.0,-1.408,4.77
207736.0,-291.0,-4873179.0,-0.392,5.25
207741.0,-52.0,-4847154.0,0.008,4.52
207747.0,-490.0,-4793668.0,-0.983,4.03
207753.0,-641.0,-4738604.0,-1.208,3.79
207757.0,-38.0,-4710493.0,-1.125,5.25
207763.0,-12.0,-4652094.0,-1.033,3.3
207768.0,-161.0,-4592622.0,-1.258,3.3
207773.0,118.0,-4561875.0,-1.8,2.81
207778.0,-90.0,-4500153.0,-1.8,2.81
207783.0,-487.0,-4436935.0,-1.15,2.57
207789.0,-584.0,-4404270.0,-0.875,2.32
207794.0,-322.0,-4337847.0,-1.867,2.57
207799.0,-393.0,-4269441.0,-2.158,2.57
207804.0,-276.0,-4235134.0,-1.833,2.08
207809.0,-48.0,-4165141.0,-1.625,1.83
207815.0,-207.0,-4092959.0,-1.975,2.08
207819.0,-154.0,-4056214.0,-2.625,-0.12
207825.0,-90.0,-3981478.0,-2.667,0.86
207831.0,191.0,-3904136.0,-1.917,0.61
207836.0,-48.0,-3864715.0,-2.325,1.1
207841.0,-158.0,-3783932.0,-3.067,0.37
207846.0,-303.0,-3701466.0,-3.025,-0.12
207851.0,-46.0,-3659853.0,-3.017,0.12
207857.0,-118.0,-3573141.0,-2.725,0.12
207862.0,-508.0,-3483957.0,-3.592,-0.61
207868.0,-459.0,-3394785.0,-4.158,-1.1
207873.0,-160.0,-3349898.0,-3.742,-1.59
207879.0,-370.0,-3255588.0,-3.867,-2.08
207885.0,-506.0,-3159884.0,-4.208,-2.32
207889.0,-573.0,-3110651.0,-5.242,-2.57
207895.0,-531.0,-3013278.0,-5.208,-2.57
207900.0,61.0,-2912494.0,-4.517,-4.77
207906.0,96.0,-2807796.0,-6.033,-3.79
207910.0,-425.0,-2754781.0,-6.433,-5.01
207916.0,-27.0,-2701764.0,-6.342,-4.77
207922.0,-154.0,-2542010.0,-6.975,-5.5
207926.0,-1.0,-2486765.0,-6.4,-6.96
207932.0,-133.0,-2378043.0,-7.758,-7.45
207938.0,-207.0,-2271171.0,-8.083,-8.92
207942.0,168.0,-2217666.0,-9.017,-9.41
207948.0,-402.0,-2105747.0,-8.717,-10.87
207951.0,-193.0,-2048658.0,-9.45,-11.12
207955.0,-16.0,-1937365.0,-10.292,-12.1
207960.0,-469.0,-1882942.0,-10.458,-13.32
207964.0,-638.0,-1829827.0,-10.992,-14.3
207968.0,-283.0,-1720452.0,-11.675,-17.23
207972.0,316.0,-1663655.0,-12.367,-16.5
207976.0,207.0,-1607408.0,-12.625,-16.74
207980.0,-32.0,-1553127.0,-12.65,-17.72
207984.0,-295.0,-1449452.0,-13.083,-19.43
207988.0,-102.0,-1399305.0,-13.35,-19.43
207992.0,-53.0,-1347162.0,-14.0,-20.16
207996.0,-348.0,-1238167.0,-14.458,-21.87
208001.0,-403.0,-1185414.0,-13.6,-22.85
208005.0,-308.0,-1135551.0,-15.2,-23.58
208009.0,-251.0,-1087794.0,-15.308,-24.8
208013.0,-162.0,-992361.0,-14.583,-26.03
208017.0,-281.0,-941532.0,-14.783,-25.78
208021.0,-298.0,-887879.0,-16.742,-27.49
208024.0,-517.0,-788076.0,-17.225,-28.96
208028.0,-474.0,-748373.0,-13.508,-29.45
208032.0,27.0,-713128.0,-4.767,-30.18
208038.0,-57.0,-632778.0,-15.9,-31.65
208045.0,-163.0,-540800.0,-7.2,-32.62
208049.0,308.0,-501597.0,-9.267,-33.36
208054.0,-608.0,-432166.0,-5.483,-34.09
208060.0,50.0,-386552.0,-3.058,-34.34
208065.0,-145.0,-364047.0,-2.15,-32.87
208070.0,-146.0,-348382.0,2.533,-30.67
208075.0,-732.0,-330868.0,-6.867,-26.03
208080.0,-581.0,-322551.0,2.75,-21.63
208086.0,243.0,-310026.0,-2.017,-18.7
208092.0,-271.0,-299218.0,-1.75,-15.27
208097.0,83.0,-293520.0,1.6,-13.81
208102.0,134.0,-291561.0,-1.9,-9.65
208107.0,74.0,-289220.0,-0.008,-6.48
208113.0,-222.0,-288042.0,-0.642,-4.03
208118.0,-63.0,-288061.0,0.15,-2.32
208123.0,-1.0,-288726.0,-0.258,-0.37
208129.0,-289.0,-290368.0,-0.608,0.86
208134.0,-186.0,-291351.0,-0.317,1.83
208139.0,-14.0,-293726.0,0.283,3.05
208145.0,-134.0,-296520.0,-0.2,4.52
208149.0,-435.0,-298131.0,-0.3,5.25
208154.0,-125.0,-301390.0,0.15,5.74
208160.0,9.0,-304854.0,-0.225,6.48
208165.0,-60.0,-306603.0,0.175,7.45
208169.0,357.0,-310380.0,-0.1,8.43
208176.0,-57.0,-313390.0,-0.075,8.92
208181.0,-144.0,-314715.0,-0.025,9.41
208186.0,-212.0,-318057.0,0.15,9.41
208192.0,50.0,-320997.0,0.05,8.92
208197.0,-354.0,-323453.0,-0.125,8.68
208202.0,-169.0,-324630.0,-0.067,8.19
208208.0,-179.0,-327382.0,0.025,8.19
208214.0,-41.0,-329586.0,-0.083,7.94
208220.0,-77.0,-331554.0,0.0,7.94
208224.0,-90.0,-332885.0,-0.125,7.45
208230.0,-288.0,-334647.0,-0.067,7.45
208235.0,-188.0,-337233.0,-0.008,7.45
208241.0,-88.0,-338809.0,0.008,6.96
208246.0,-213.0,-339414.0,0.033,7.45
208251.0,-35.0,-341616.0,0.092,6.72
208258.0,83.0,-343216.0,0.05,6.48
208262.0,-200.0,-344027.0,0.058,6.48
208267.0,-147.0,-345406.0,0.033,7.7
208273.0,39.0,-347330.0,-0.075,7.21
208277.0,140.0,-348147.0,-0.2,6.48
208283.0,-86.0,-352303.0,2.692,6.72
208288.0,134.0,-383931.0,11.65,6.96
208294.0,422.0,-463101.0,8.05,9.65
208300.0,-53.0,-516402.0,9.875,10.87
208305.0,151.0,-629158.0,12.658,12.59
208309.0,-144.0,-691973.0,13.2,13.56
208314.0,-183.0,-844918.0,12.517,14.54
208318.0,366.0,-911269.0,7.783,15.03
208324.0,-356.0,-1043269.0,15.533,16.01
208328.0,769.0,-1113110.0,13.358,17.96
208332.0,-318.0,-1245341.0,10.392,18.94
208336.0,-167.0,-1309506.0,12.017,20.65
208339.0,168.0,-1376613.0,13.125,22.61
208344.0,317.0,-1444002.0,10.708,26.52
208348.0,-200.0,-1571355.0,10.342,30.18
208352.0,-197.0,-1635954.0,13.233,33.11
208356.0,26.0,-1701647.0,10.933,37.51
208360.0,-541.0,-1823932.0,10.05,42.16
208364.0,-138.0,-1885261.0,11.333,45.09
208368.0,-17.0,-1947390.0,9.9,45.82
208374.0,169.0,-2068200.0,10.658,43.13
208378.0,18.0,-2130171.0,10.692,41.91
208382.0,-71.0,-2248824.0,9.008,40.69
208387.0,76.0,-2306919.0,9.233,37.76
208393.0,274.0,-2421863.0,7.975,37.27
208397.0,123.0,-2477798.0,9.075,37.02
208402.0,214.0,-2589295.0,8.558,37.51
208406.0,131.0,-2643040.0,8.208,35.8
208410.0,28.0,-2695505.0,7.917,35.8
208414.0,109.0,-2799076.0,7.067,34.82
208420.0,45.0,-2900442.0,8.158,32.38
208427.0,-211.0,-3001006.0,7.017,31.4
208431.0,-194.0,-3048751.0,6.958,30.18
208437.0,-31.0,-3143909.0,5.783,29.45
208442.0,-225.0,-3234967.0,6.958,28.71
208446.0,-424.0,-3281264.0,6.683,28.96
208450.0,-249.0,-3327583.0,6.025,27.74
208454.0,-106.0,-3415816.0,5.75,26.76
208458.0,35.0,-3459733.0,5.158,26.27
208464.0,197.0,-3544155.0,5.525,25.78
208467.0,242.0,-3585836.0,5.658,24.56
208472.0,1.0,-3627421.0,4.9,24.32
208477.0,-34.0,-3707200.0,4.65,23.83
208483.0,-82.0,-3785442.0,3.917,25.05
208487.0,-21.0,-3823653.0,4.75,22.12
208493.0,-148.0,-3899703.0,3.975,22.12
208497.0,-273.0,-3936850.0,3.683,20.65
208500.0,122.0,-3972405.0,3.925,20.16
208504.0,-5.0,-4044398.0,3.283,20.16
208510.0,-383.0,-4079355.0,4.1,19.18
208515.0,-236.0,-4148030.0,3.067,18.7
208521.0,-56.0,-4216256.0,2.975,17.96
208527.0,-406.0,-4282064.0,2.558,17.47
208531.0,-673.0,-4314303.0,2.867,16.98
208534.0,-192.0,-4345354.0,3.417,16.98
208538.0,75.0,-4407653.0,3.358,16.98
208543.0,34.0,-4437558.0,2.192,16.5
208549.0,-364.0,-4496072.0,2.667,15.52
208553.0,-303.0,-4524789.0,2.6,15.76
208558.0,252.0,-4553274.0,2.8,15.03
208562.0,-45.0,-4607793.0,2.483,15.27
208567.0,-589.0,-4661857.0,2.3,14.54
208571.0,-236.0,-4688936.0,3.292,15.03
208575.0,-179.0,-4715189.0,4.183,14.05
208579.0,50.0,-4740596.0,-0.192,13.56
208584.0,-251.0,-4790471.0,1.792,13.56
208588.0,130.0,-4815440.0,0.65,13.81
208592.0,119.0,-4863211.0,1.242,14.05
208599.0,-825.0,-4910467.0,2.175,12.83
208603.0,-106.0,-4932912.0,2.383,13.32
208607.0,127.0,-4955145.0,1.992,13.07
208612.0,-428.0,-4977240.0,1.742,13.07
208616.0,-299.0,-5020227.0,1.617,13.32
208619.0,-424.0,-5041242.0,1.458,12.1
208623.0,-361.0,-5082289.0,2.117,11.85
208627.0,-40.0,-5101896.0,1.7,12.1
208633.0,-52.0,-5142600.0,1.2,11.85
208640.0,-484.0,-5181016.0,1.35,11.61
208644.0,-357.0,-5199389.0,0.9,11.36
208649.0,-167.0,-5228459.0,1.583,11.85
208653.0,116.0,-5240342.0,0.417,11.12
208657.0,-351.0,-5250173.0,0.775,10.87
208661.0,-276.0,-5262904.0,-0.042,10.63
208665.0,57.0,-5266355.0,0.592,11.12
208670.0,101.0,-5268967.0,1.325,9.9
208676.0,101.0,-5269878.0,-0.658,9.65
208680.0,-494.0,-5268797.0,-0.333,9.16
208687.0,-326.0,-5265855.0,0.875,8.68
208693.0,-394.0,-5262265.0,0.475,9.41
208698.0,-132.0,-5260278.0,0.067,8.68
208703.0,-129.0,-5255611.0,1.133,8.19
208708.0,-347.0,-5250561.0,0.45,7.45
208713.0,-271.0,-5247560.0,-0.125,7.45
208718.0,-38.0,-5241957.0,0.575,7.21
208724.0,134.0,-5236505.0,0.433,6.48
208730.0,-180.0,-5230753.0,0.092,6.48
208736.0,58.0,-5227826.0,0.175,6.48
208740.0,145.0,-5223081.0,0.367,6.23
208746.0,-127.0,-5218399.0,0.392,6.23
208751.0,-317.0,-5215972.0,0.392,6.48
208756.0,-156.0,-5211799.0,0.2,8.68
208762.0,-236.0,-5207513.0,0.183,7.21
208768.0,-670.0,-5203289.0,0.442,6.72
208773.0,-24.0,-5201192.0,0.183,6.48
208778.0,131.0,-5197277.0,0.183,6.48
208784.0,-561.0,-5193501.0,0.25,6.96
208789.0,-49.0,-5191768.0,0.183,6.48
208794.0,-38.0,-5188263.0,0.283,7.21
208799.0,-30.0,-5184685.0,0.275,6.96
208805.0,50.0,-5181557.0,0.15,6.72
208811.0,-398.0,-5180466.0,0.333,6.96
208816.0,-575.0,-5176813.0,0.317,6.48
208821.0,-77.0,-5174075.0,0.242,6.48
208827.0,-69.0,-5172670.0,0.183,6.48
208831.0,-156.0,-5169263.0,0.208,6.48
208837.0,-602.0,-5166165.0,0.333,6.72
208843.0,-10.0,-5163491.0,0.242,7.94
208848.0,-204.0,-5162074.0,0.158,6.96
208854.0,35.0,-5159867.0,0.008,6.48
208859.0,-141.0,-5157257.0,0.15,6.96
208864.0,-97.0,-5156216.0,0.217,6.48
208869.0,-270.0,-5153551.0,-0.55,6.48
208875.0,-292.0,-5146275.0,0.15,6.48
208880.0,-258.0,-5125765.0,0.967,6.48
208886.0,138.0,-5112796.0,-1.458,6.23
208890.0,-37.0,-5080129.0,-1.0,5.99
208897.0,-91.0,-5040803.0,-1.567,5.74
208902.0,-197.0,-5019800.0,0.225,5.99
208907.0,-96.0,-4974927.0,-1.267,5.25
208912.0,-501.0,-4926119.0,-0.7,5.01
208917.0,-473.0,-4901112.0,-0.992,5.5
208922.0,-108.0,-4850413.0,-1.058,5.25
208928.0,-206.0,-4797509.0,0.125,4.77
208933.0,-196.0,-4770426.0,-1.1,4.28
208939.0,98.0,-4714483.0,-1.6,3.79
208944.0,351.0,-4657223.0,-0.975,3.54
208950.0,439.0,-4598077.0,-1.2,4.03
208955.0,189.0,-4567666.0,-0.983,3.05
208960.0,18.0,-4505443.0,-1.642,2.81
208965.0,-600.0,-4442547.0,-1.7,3.3
208971.0,-60.0,-4410036.0,-0.875,2.32
208976.0,-188.0,-4344039.0,-1.65,2.32
208982.0,-413.0,-4275487.0,-1.808,2.32
208988.0,105.0,-4206365.0,-2.092,2.32
208993.0,85.0,-4170936.0,-1.142,2.32
208997.0,280.0,-4098639.0,-1.775,1.59
209002.0,-187.0,-4061876.0,-2.075,1.34
209007.0,11.0,-3986939.0,-2.308,1.59
209013.0,216.0,-3910697.0,-2.383,0.86
209018.0,-390.0,-3831347.0,-1.742,0.86
209024.0,14.0,-3790670.0,-2.917,0.37
209029.0,-177.0,-3707255.0,-3.258,0.12
209034.0,-270.0,-3664856.0,-3.3,0.86
209039.0,-168.0,-3579717.0,-2.667,-0.12
209044.0,-191.0,-3490499.0,-2.708,-0.37
209049.0,-456.0,-3445570.0,-3.95,0.12
209054.0,-402.0,-3353435.0,-3.6,-1.1
209059.0,-241.0,-3260909.0,-4.008,-1.59
209065.0,-3.0,-3164019.0,-3.633,-1.83
209071.0,-237.0,-3114916.0,-4.375,-2.08
209076.0,-343.0,-3015261.0,-5.4,-2.81
209082.0,-374.0,-2915961.0,-4.908,-3.3
209087.0,-212.0,-2864388.0,-4.8,-3.54
209092.0,-206.0,-2758291.0,-5.767,-4.28
209097.0,-43.0,-2649363.0,-6.358,-4.77
209102.0,226.0,-2595182.0,-6.658,-5.74
209107.0,6.0,-2487257.0,-6.842,-5.99
209113.0,-301.0,-2375483.0,-6.867,-7.21
209119.0,-279.0,-2264335.0,-7.8,-8.19
209124.0,193.0,-2209640.0,-8.483,-8.92
209129.0,-81.0,-2099735.0,-8.825,-9.9
209135.0,12.0,-1986273.0,-9.35,-10.87
209140.0,-138.0,-1929274.0,-10.017,-11.85
209144.0,-315.0,-1817763.0,-10.667,-12.59
209148.0,-254.0,-1763578.0,-11.058,-14.05
209153.0,-205.0,-1710185.0,-11.892,-16.01
209157.0,-50.0,-1598376.0,-12.075,-16.01
209161.0,-229.0,-1541507.0,-12.558,-16.5
209165.0,-522.0,-1486988.0,-13.792,-17.96
209169.0,-387.0,-1434111.0,-12.792,-19.18
209172.0,-144.0,-1333508.0,-13.067,-19.18
209176.0,-519.0,-1283225.0,-13.708,-20.41
209180.0,-538.0,-1230440.0,-14.208,-21.87
209184.0,-413.0,-1119939.0,-14.292,-22.85
209188.0,-72.0,-1069022.0,-14.408,-23.58
209192.0,-161.0,-1021585.0,-14.958,-24.56
209197.0,-250.0,-976882.0,-14.033,-26.27
209202.0,-272.0,-885193.0,-15.325,-27.0
209206.0,-519.0,-835148.0,-15.642,-28.23
209210.0,-684.0,-732227.0,-15.7,-29.45
209214.0,-683.0,-689856.0,-14.542,-30.67
209218.0,-178.0,-654001.0,-14.567,-31.16
209222.0,-101.0,-577682.0,-13.1,-32.38
209226.0,-354.0,-536135.0,-7.55,-33.11
209231.0,-149.0,-496134.0,-10.767,-33.11
209235.0,-486.0,-423261.0,-9.917,-33.6
209241.0,-46.0,-390752.0,-5.092,-34.82
209246.0,-34.0,-345033.0,-2.717,-35.07
209251.0,-127.0,-303281.0,-6.233,-33.85
209256.0,-378.0,-302148.0,6.608,-31.89
209261.0,264.0,-285651.0,-6.65,-27.74
209266.0,-475.0,-270127.0,-1.525,-23.58
209271.0,-8.0,-263706.0,2.667,-20.16
209277.0,260.0,-253844.0,-3.367,-17.72
209283.0,13.0,-247690.0,-0.317,-14.05
209287.0,236.0,-246067.0,0.275,-10.63
209293.0,150.0,-243864.0,-2.133,-8.43
209298.0,-159.0,-243690.0,-0.375,-4.77
209302.0,-200.0,-243897.0,0.0,-3.05
209308.0,-346.0,-245261.0,-1.4,-1.1
209313.0,-219.0,-246619.0,-0.092,0.12
209318.0,-148.0,-247726.0,-0.508,1.1
209325.0,-472.0,-250252.0,-0.408,2.81
209330.0,-475.0,-252534.0,0.158,3.54
209334.0,-314.0,-254547.0,-0.433,4.28
209340.0,-272.0,-258556.0,-0.383,5.25
209345.0,-23.0,-261670.0,-0.283,6.23
209349.0,68.0,-263623.0,-0.033,6.96
209355.0,30.0,-266439.0,-0.333,8.43
209360.0,-55.0,-270011.0,-0.125,8.92
209366.0,-232.0,-271342.0,-0.442,9.16
209371.0,-310.0,-274330.0,-0.133,9.16
209376.0,-243.0,-277262.0,-0.067,9.65
209381.0,-274.0,-278439.0,0.017,9.16
209387.0,-44.0,-281307.0,-0.2,8.19
209392.0,63.0,-283311.0,-0.267,8.19
209397.0,-354.0,-284786.0,-0.075,7.94
209402.0,-150.0,-285515.0,0.042,7.45
209408.0,-129.0,-289039.0,-0.15,7.94
209413.0,-232.0,-289870.0,-0.283,7.21
209418.0,62.0,-292174.0,-0.092,7.21
209423.0,-211.0,-293806.0,-0.042,7.21
209428.0,-136.0,-294947.0,-0.058,6.96
209434.0,-322.0,-296325.0,-0.158,6.96
209439.0,-247.0,-298639.0,-0.05,6.48
209443.0,-34.0,-299404.0,0.125,6.48
209449.0,-372.0,-300754.0,-0.042,6.48
209455.0,-69.0,-302136.0,-0.075,6.48
209460.0,-64.0,-303143.0,-0.242,6.96
209465.0,-106.0,-304945.0,-0.075,6.48
209470.0,-67.0,-308641.0,-0.017,5.99
209475.0,-288.0,-319516.0,10.875,6.72
209480.0,380.0,-380853.0,10.875,8.43
209485.0,-7.0,-477717.0,5.233,10.87
209490.0,-46.0,-535046.0,15.2,11.61
209497.0,400.0,-664284.0,13.917,13.07
209502.0,-647.0,-814450.0,11.725,14.3
209507.0,166.0,-877927.0,10.417,15.27
209511.0,-375.0,-1011186.0,14.292,16.25
209515.0,736.0,-1080763.0,13.408,16.98
209519.0,-177.0,-1147382.0,10.35,18.45
209523.0,-166.0,-1211415.0,12.35,20.16
209527.0,-381.0,-1344076.0,13.083,22.61
209530.0,242.0,-1410457.0,10.75,24.8
209534.0,29.0,-1473448.0,10.917,29.45
209541.0,-601.0,-1603569.0,12.242,33.36
209545.0,-552.0,-1667538.0,10.7,38.0
209549.0,-689.0,-1789975.0,11.033,42.16
209553.0,-34.0,-1851726.0,10.833,45.33
209556.0,-1.0,-1913019.0,9.458,46.31
209562.0,127.0,-2035595.0,11.017,44.35
209566.0,150.0,-2097686.0,10.192,41.91
209570.0,111.0,-2214415.0,9.308,39.22
209574.0,94.0,-2272794.0,9.225,38.25
209580.0,49.0,-2330791.0,8.025,37.76
209585.0,115.0,-2443266.0,9.775,37.51
209589.0,-24.0,-2500221.0,9.117,37.51
209594.0,-350.0,-2607954.0,8.483,36.78
209598.0,-243.0,-2660387.0,7.758,36.29
209602.0,-456.0,-2762904.0,7.083,34.58
209606.0,-251.0,-2814193.0,7.85,33.85
209610.0,-138.0,-2866014.0,7.983,32.62
209613.0,-367.0,-2917037.0,7.475,31.89
209617.0,-172.0,-3014412.0,6.933,30.43
209622.0,-333.0,-3061319.0,5.925,30.67
209626.0,-358.0,-3107712.0,6.492,29.69
209630.0,-223.0,-3200755.0,6.658,28.96
209635.0,-80.0,-3247492.0,6.542,28.47
209641.0,-172.0,-3337162.0,5.525,27.98
209645.0,-223.0,-3381565.0,5.033,27.25
209648.0,-106.0,-3467064.0,5.042,26.52
209652.0,177.0,-3509371.0,5.7,25.29
209657.0,76.0,-3552010.0,5.017,25.05
209662.0,-366.0,-3633933.0,4.5,24.32
209667.0,-223.0,-3673964.0,3.958,23.34
209671.0,-116.0,-3752069.0,4.025,22.85
209675.0,-79.0,-3791050.0,4.442,22.61
209681.0,-361.0,-3868104.0,3.9,21.87
209685.0,-478.0,-3905319.0,4.033,20.65
209689.0,-289.0,-3941696.0,3.333,20.89
209692.0,14.0,-4013439.0,2.8,19.92
209697.0,-235.0,-4048584.0,3.608,19.43
209703.0,-121.0,-4118212.0,3.442,19.18
209708.0,38.0,-4152805.0,2.908,18.21
209713.0,-114.0,-4220166.0,2.333,17.96
209717.0,105.0,-4252675.0,2.9,17.47
209722.0,-145.0,-4316504.0,3.942,17.23
209726.0,-228.0,-4348077.0,3.517,16.74
209730.0,-137.0,-4409304.0,3.0,16.01
209735.0,-78.0,-4438881.0,1.975,16.25
209740.0,-38.0,-4496999.0,2.85,15.03
209746.0,-346.0,-4552725.0,3.942,15.27
209751.0,-279.0,-4581074.0,5.45,14.54
209755.0,-226.0,-4608399.0,-1.825,14.3
209759.0,-323.0,-4662728.0,3.242,14.05
209763.0,100.0,-4688647.0,0.533,13.81
209767.0,-245.0,-4714182.0,2.983,13.81
209770.0,-8.0,-4739805.0,1.617,13.56
209775.0,-285.0,-4790428.0,1.858,13.32
209779.0,196.0,-4814459.0,1.492,13.56
209783.0,27.0,-4862668.0,1.7,13.56
209788.0,-266.0,-4885619.0,2.225,12.83
209793.0,-183.0,-4908232.0,2.342,12.59
209797.0,-292.0,-4954045.0,1.733,12.34
209801.0,-97.0,-4975614.0,1.717,12.34
209806.0,-195.0,-5017916.0,1.45,12.1
209811.0,-56.0,-5038873.0,1.817,11.85
209816.0,-155.0,-5080272.0,1.817,11.61
209820.0,90.0,-5100771.0,1.45,11.61
209825.0,244.0,-5140769.0,1.175,11.36
209831.0,-408.0,-5177117.0,1.417,11.36
209836.0,-273.0,-5191946.0,1.675,11.36
209840.0,134.0,-5204709.0,0.483,11.12
209845.0,-233.0,-5224344.0,1.592,10.87
209850.0,-681.0,-5236222.0,0.267,10.63
209854.0,-252.0,-5238635.0,0.283,10.63
209858.0,67.0,-5239822.0,0.667,10.14
209863.0,6.0,-5241241.0,-0.875,9.65
209868.0,-350.0,-5240051.0,0.35,9.41
209873.0,-129.0,-5238686.0,0.542,8.92
209879.0,-410.0,-5234875.0,-0.15,8.43
209885.0,-402.0,-5231877.0,0.583,8.43
209889.0,13.0,-5229530.0,0.692,8.19
209894.0,-47.0,-5223851.0,0.392,6.72
209900.0,-55.0,-5218947.0,0.108,7.45
209905.0,198.0,-5216406.0,0.4,6.96
209909.0,-49.0,-5211145.0,0.692,6.96
209915.0,17.0,-5205979.0,0.233,6.23
209921.0,28.0,-5203304.0,-0.083,6.23
209926.0,-8.0,-5197450.0,0.208,6.23
209932.0,-222.0,-5193216.0,0.575,6.23
209938.0,-86.0,-5188546.0,0.442,6.72
209942.0,-311.0,-5186435.0,0.083,6.72
209947.0,-167.0,-5181632.0,0.15,7.21
209953.0,-133.0,-5178318.0,0.458,6.48
209959.0,-237.0,-5173910.0,0.308,6.72
209965.0,-666.0,-5171951.0,0.158,6.48
209970.0,214.0,-5168517.0,0.067,6.48
209976.0,-226.0,-5165425.0,0.208,6.72
209981.0,112.0,-5161109.0,0.267,6.48
209986.0,295.0,-5159386.0,0.108,6.48
209991.0,-146.0,-5156569.0,0.083,6.48
209997.0,-32.0,-5152949.0,0.15,6.48
210001.0,29.0,-5151502.0,0.367,6.48
210008.0,-115.0,-5148056.0,0.292,6.48
210014.0,-43.0,-5145508.0,0.158,6.48
210019.0,367.0,-5142330.0,0.158,7.21
210024.0,-138.0,-5141227.0,0.242,7.21
210029.0,-413.0,-5138066.0,0.308,6.96
210034.0,-285.0,-5135346.0,0.175,6.72
210039.0,156.0,-5133993.0,0.167,7.21
210044.0,79.0,-5131597.0,0.133,6.48
210051.0,-47.0,-5128979.0,0.142,6.48
210056.0,47.0,-5127332.0,-0.717,7.94
210061.0,240.0,-5122423.0,0.0,6.72
210066.0,24.0,-5104813.0,0.208,6.23
210072.0,166.0,-5078559.0,-1.325,6.23
210077.0,-13.0,-5061796.0,-0.367,6.23
210082.0,-155.0,-5022942.0,-1.767,5.74
210088.0,-57.0,-4980550.0,-0.217,6.23
210095.0,-67.0,-4933514.0,-0.4,5.01
210099.0,-192.0,-4908861.0,-1.2,5.01
210104.0,-145.0,-4858473.0,-1.233,5.01
210110.0,153.0,-4806357.0,-1.375,5.25
210115.0,-523.0,-4779406.0,-0.267,4.77
210120.0,-562.0,-4724563.0,-1.183,4.03
210126.0,-78.0,-4667787.0,-1.767,4.28
210131.0,-44.0,-4608919.0,-0.617,4.03
210137.0,-111.0,-4578962.0,-1.183,3.79
210142.0,-74.0,-4517812.0,-1.125,3.79
210148.0,-272.0,-4454808.0,-1.517,3.3
210153.0,146.0,-4423065.0,-1.475,2.81
210158.0,-133.0,-4357414.0,-1.017,3.54
210163.0,-231.0,-4289702.0,-1.55,2.32
210169.0,129.0,-4219830.0,-2.05,2.08
210174.0,-349.0,-4185379.0,-2.175,2.57
210180.0,-62.0,-4113766.0,-1.15,1.83
210186.0,-14.0,-4039812.0,-1.992,2.08
210191.0,-216.0,-4002593.0,-2.158,1.1
210196.0,-99.0,-3925930.0,-2.275,0.61
210201.0,747.0,-3848312.0,-2.208,0.86
210207.0,-5.0,-3767244.0,-2.433,0.61
210212.0,-551.0,-3725695.0,-2.767,0.86
210217.0,-332.0,-3640404.0,-3.142,0.12
210223.0,-118.0,-3555056.0,-3.0,0.61
210229.0,-210.0,-3510107.0,-2.658,-0.37
210233.0,-161.0,-3419360.0,-3.575,-0.61
210239.0,-217.0,-3326776.0,-4.033,-1.1
210245.0,-123.0,-3234982.0,-4.0,-1.59
210250.0,-461.0,-3186755.0,-3.275,-1.83
210255.0,-302.0,-3087316.0,-4.658,-1.83
210260.0,28.0,-2986838.0,-4.95,-2.08
210267.0,106.0,-2886708.0,-5.45,-3.05
210272.0,-236.0,-2835467.0,-4.6,-4.03
210277.0,305.0,-2728434.0,-5.267,-4.28
210282.0,-347.0,-2620634.0,-6.408,-5.01
210288.0,-533.0,-2565961.0,-6.492,-5.74
210292.0,54.0,-2457508.0,-7.033,-6.48
210298.0,-42.0,-2345750.0,-6.917,-7.21
210305.0,84.0,-2233308.0,-7.917,-7.7
210310.0,-100.0,-2178635.0,-8.583,-9.41
210315.0,113.0,-2069852.0,-8.933,-9.41
210320.0,45.0,-1956734.0,-9.442,-11.12
210325.0,143.0,-1899035.0,-9.942,-11.36
210329.0,-154.0,-1786702.0,-10.525,-13.32
210333.0,-553.0,-1731847.0,-11.017,-14.05
210337.0,-560.0,-1678400.0,-11.8,-14.3
210341.0,-181.0,-1567153.0,-12.558,-15.52
210345.0,-242.0,-1510418.0,-12.35,-16.98
210350.0,-37.0,-1454079.0,-14.025,-17.96
210354.0,-284.0,-1400268.0,-13.175,-18.94
210358.0,-263.0,-1297075.0,-13.65,-20.16
210362.0,-36.0,-1248128.0,-13.633,-20.89
210366.0,163.0,-1198005.0,-13.708,-21.63
210370.0,72.0,-1089324.0,-15.175,-22.61
210374.0,-453.0,-1035841.0,-14.6,-23.34
210378.0,-228.0,-987574.0,-13.942,-24.8
210382.0,1.0,-944443.0,-13.592,-24.32
210386.0,-30.0,-856696.0,-16.15,-27.25
210393.0,-795.0,-755414.0,-14.408,-27.98
210397.0,-912.0,-706771.0,-14.45,-29.69
210400.0,-321.0,-662946.0,-15.392,-30.91
210404.0,-240.0,-583383.0,-16.067,-30.67
210408.0,-489.0,-544202.0,-9.467,-32.38
210414.0,223.0,-467582.0,-9.858,-33.11
210419.0,-167.0,-431223.0,-8.425,-35.07
210424.0,-112.0,-360732.0,-7.708,-35.56
210430.0,-442.0,-313528.0,-0.2,-35.56
210436.0,508.0,-271420.0,-6.3,-35.31
210441.0,-292.0,-264009.0,7.108,-33.6
210446.0,55.0,-250856.0,-1.783,-29.94
210452.0,-417.0,-237204.0,-5.667,-24.8
210457.0,255.0,-231109.0,2.442,-21.38
210462.0,546.0,-221712.0,-1.683,-18.94
210467.0,23.0,-215080.0,-2.592,-16.25
210472.0,95.0,-213411.0,0.775,-13.07
210478.0,234.0,-211718.0,-0.625,-9.65
210483.0,354.0,-211430.0,-2.392,-5.74
210488.0,-248.0,-212037.0,1.217,-3.3
210493.0,-337.0,-213568.0,-1.075,-1.1
210499.0,-463.0,-215616.0,-0.525,0.12
210504.0,-119.0,-216771.0,-0.533,1.34
210509.0,-134.0,-219194.0,-0.483,2.32
210514.0,-357.0,-221792.0,-0.625,3.79
210520.0,69.0,-223099.0,0.383,4.28
210525.0,-102.0,-225184.0,-0.933,5.01
210530.0,68.0,-228138.0,-0.042,5.74
210535.0,-156.0,-229595.0,-0.067,6.72
210540.0,67.0,-232788.0,-0.683,7.7
210546.0,-39.0,-235886.0,-0.142,9.16
210551.0,-51.0,-237477.0,-0.117,9.41
210555.0,-168.0,-240418.0,-0.225,10.14
210561.0,-233.0,-241517.0,-0.225,9.65
210566.0,-23.0,-244104.0,-0.008,8.92
210571.0,244.0,-246518.0,-0.225,8.68
210577.0,-166.0,-248890.0,-0.233,7.7
210582.0,-98.0,-249683.0,-0.367,7.45
210587.0,-21.0,-252160.0,-0.083,7.21
210592.0,-79.0,-254276.0,-0.192,7.21
210597.0,-175.0,-255491.0,-0.158,7.45
210603.0,146.0,-257114.0,-0.217,7.45
210609.0,156.0,-258942.0,-0.275,8.19
210614.0,-260.0,-259837.0,-0.033,7.21
210619.0,-91.0,-261796.0,-0.008,6.96
210623.0,298.0,-262635.0,-0.025,7.21
210628.0,-136.0,-264578.0,-0.117,6.48
210634.0,-173.0,-265536.0,0.05,6.48
210639.0,53.0,-267436.0,-0.033,6.48
210644.0,177.0,-268087.0,0.025,6.48
210650.0,-210.0,-269512.0,-0.142,6.48
210656.0,124.0,-271188.0,-0.225,6.72
210661.0,-112.0,-271907.0,-0.092,7.7
210665.0,-77.0,-272782.0,-0.05,6.96
210671.0,-153.0,-274112.0,-0.058,6.48
210676.0,-295.0,-274661.0,-0.208,6.48
210681.0,-212.0,-276030.0,-0.133,6.72
210685.0,287.0,-276715.0,-0.108,6.96
210692.0,-135.0,-277888.0,0.008,6.96
210697.0,-278.0,-278726.0,-0.017,6.48
210702.0,-468.0,-280030.0,-0.15,6.72
210707.0,-90.0,-280719.0,-0.067,6.48
210712.0,-183.0,-281032.0,0.058,6.23
210718.0,-185.0,-282426.0,0.0,6.48
210723.0,-19.0,-283011.0,-0.183,6.23
210727.0,28.0,-284592.0,-0.142,6.48
210734.0,-98.0,-284962.0,-0.083,6.48
210739.0,-254.0,-285391.0,-0.117,6.23
210744.0,-243.0,-286702.0,0.0,6.72
210748.0,-84.0,-287111.0,-0.033,5.01
210754.0,226.0,-288054.0,-0.092,6.48
210759.0,91.0,-288992.0,-0.033,6.48
210764.0,123.0,-289381.0,0.017,7.21
210769.0,-171.0,-290368.0,-0.075,6.23
210775.0,-556.0,-291004.0,-0.092,6.23
210780.0,-92.0,-291453.0,-0.042,6.48
210785.0,-178.0,-292538.0,-0.058,6.72
210790.0,17.0,-293124.0,0.0,6.23
210796.0,-621.0,-293595.0,-0.025,6.72
210801.0,107.0,-294242.0,0.017,7.21
210806.0,402.0,-294900.0,-0.017,6.96
210811.0,50.0,-295135.0,-0.033,6.72
210817.0,108.0,-295910.0,0.017,6.48
210822.0,367.0,-296326.0,-0.017,6.23
210827.0,34.0,-296849.0,0.033,6.96
210832.0,-116.0,-297590.0,-0.042,6.23
210837.0,-277.0,-298262.0,-0.025,6.72
210842.0,-335.0,-298551.0,-0.05,6.23
210847.0,55.0,-299238.0,-0.025,6.23
210853.0,-16.0,-299876.0,-0.017,6.23
210859.0,-102.0,-300219.0,-0.008,6.48
210864.0,-130.0,-300684.0,-0.042,6.23
210869.0,-315.0,-301350.0,0.0,6.48
210874.0,9.0,-301685.0,-0.058,6.96
210879.0,111.0,-302356.0,0.033,6.72
210884.0,-190.0,-302718.0,-0.067,6.23
210889.0,-254.0,-303111.0,-0.042,6.96
210895.0,-64.0,-303850.0,0.067,6.23
210900.0,63.0,-304088.0,-0.075,6.72
210905.0,-114.0,-304479.0,-0.183,6.23
210911.0,-136.0,-304981.0,-0.075,6.23
210916.0,-83.0,-305131.0,-0.008,6.48
210921.0,-438.0,-305306.0,0.0,6.96
210926.0,-170.0,-305941.0,-0.092,6.48
210931.0,97.0,-306579.0,0.0,6.23
210936.0,-87.0,-306940.0,0.017,6.23
210941.0,375.0,-307339.0,-0.05,6.96
210947.0,254.0,-307905.0,-0.092,6.72
210952.0,286.0,-307900.0,0.017,6.48
210957.0,18.0,-308721.0,0.025,6.48
210963.0,-133.0,-309019.0,0.05,6.72
210968.0,-17.0,-309338.0,0.025,6.48
210973.0,19.0,-309515.0,0.0,6.23
210978.0,-154.0,-310143.0,-0.008,6.72
210983.0,-214.0,-310326.0,0.025,6.96
210989.0,-24.0,-311037.0,-0.033,6.72
210994.0,-115.0,-311309.0,-0.125,6.72
210999.0,-368.0,-311628.0,-0.075,6.72
211005.0,-24.0,-311948.0,0.042,6.48
211010.0,-29.0,-312546.0,0.017,6.96
211014.0,-362.0,-312405.0,0.033,6.96
211020.0,102.0,-312729.0,-0.008,6.48
211025.0,313.0,-313213.0,-0.092,6.23
211031.0,-112.0,-313412.0,-0.042,6.48
211036.0,-78.0,-313794.0,-0.067,6.48
211041.0,101.0,-314036.0,0.033,6.72
211046.0,-238.0,-314381.0,-0.058,6.48
211051.0,64.0,-314602.0,-0.05,6.48
211056.0,-5.0,-315254.0,-0.033,6.48
211061.0,-483.0,-315283.0,0.033,6.23
211067.0,17.0,-315894.0,0.042,6.72
211073.0,-188.0,-315798.0,0.008,6.23
211077.0,-399.0,-316039.0,-0.1,6.48
211083.0,-151.0,-316519.0,0.008,6.23
211088.0,-70.0,-316637.0,0.025,6.96
211093.0,-1.0,-317050.0,0.05,6.23
211098.0,-205.0,-317312.0,-0.008,6.48
211103.0,-162.0,-317920.0,-0.058,6.23
211108.0,-245.0,-317933.0,0.058,6.72
211115.0,-157.0,-318053.0,0.017,6.72
211120.0,-62.0,-318693.0,-0.033,6.72
211124.0,-381.0,-318660.0,0.025,6.48
211130.0,-187.0,-318894.0,0.058,6.48
211135.0,-178.0,-319032.0,-0.067,6.23
211140.0,-77.0,-318941.0,0.033,6.48
211146.0,-61.0,-319643.0,0.042,6.23
211151.0,60.0,-319789.0,0.042,6.23
211155.0,-261.0,-319936.0,0.0,6.23
211161.0,-219.0,-320087.0,0.067,6.23
211167.0,-278.0,-320407.0,-0.017,6.48
211171.0,189.0,-320756.0,0.042,6.72
211177.0,-39.0,-321070.0,0.042,6.23
211182.0,-306.0,-320914.0,-0.042,6.23
211187.0,-169.0,-321091.0,-0.033,6.23
211192.0,-277.0,-321871.0,-0.042,6.96
211197.0,-292.0,-321831.0,0.008,6.48
211203.0,-15.0,-321806.0,-0.017,6.72
211209.0,317.0,-322352.0,0.017,7.21
211214.0,-167.0,-322534.0,0.025,6.48
211219.0,-226.0,-322457.0,-0.075,6.23
211224.0,220.0,-323032.0,0.0,6.96
211230.0,-100.0,-322930.0,-0.058,6.72
211234.0,-157.0,-322971.0,0.0,6.23
211239.0,275.0,-323542.0,0.033,6.48
211246.0,-191.0,-323482.0,-0.033,6.48
211251.0,-306.0,-323547.0,-0.008,6.96
211256.0,46.0,-323882.0,0.0,6.72
211261.0,36.0,-324122.0,-0.05,6.72
211266.0,-329.0,-324527.0,0.025,6.23
211271.0,-53.0,-324818.0,0.017,6.48
211277.0,13.0,-324714.0,0.042,6.72
211281.0,-26.0,-324447.0,-0.033,6.96
211287.0,-92.0,-324646.0,0.108,6.48
211293.0,-50.0,-325240.0,0.025,6.23
211298.0,31.0,-325175.0,0.0,7.21
211303.0,-255.0,-325416.0,0.075,6.23
211308.0,-93.0,-325674.0,0.058,6.48
211313.0,-204.0,-325919.0,0.1,6.72
211318.0,-212.0,-326362.0,-0.075,6.48
211324.0,64.0,-326352.0,0.033,6.48
211330.0,107.0,-326416.0,0.025,6.48
211334.0,-14.0,-326597.0,0.017,6.48
211340.0,-240.0,-326705.0,0.025,6.23
211346.0,112.0,-327035.0,0.067,6.23
211350.0,151.0,-326968.0,-0.025,6.48
211355.0,-115.0,-327299.0,-0.017,6.23
211361.0,-35.0,-327465.0,-0.05,6.23
211366.0,114.0,-327342.0,0.017,6.48
211372.0,10.0,-327283.0,0.092,6.96
211377.0,-246.0,-327805.0,0.008,6.48
211382.0,-149.0,-328192.0,0.05,6.48
211387.0,115.0,-328133.0,0.008,6.48
211393.0,269.0,-328177.0,-0.008,6.23
211397.0,108.0,-328154.0,-0.042,6.96
211402.0,-169.0,-328605.0,0.058,6.96
211408.0,79.0,-328723.0,0.008,6.48
211412.0,-180.0,-328584.0,0.108,6.96
211418.0,-58.0,-328725.0,0.0,6.48
211424.0,-100.0,-329069.0,-0.058,6.48
211429.0,-227.0,-329110.0,0.133,6.23
211434.0,-259.0,-329321.0,-0.092,6.48
211439.0,-5.0,-329439.0,0.075,6.48
211444.0,-152.0,-329362.0,0.042,6.23
211449.0,-32.0,-329987.0,0.058,6.23
211456.0,-158.0,-329909.0,-0.092,6.23
211460.0,137.0,-329832.0,-0.042,6.23
211466.0,-387.0,-329797.0,0.058,6.48
211471.0,-53.0,-330055.0,0.067,6.48
211476.0,100.0,-330460.0,-0.017,6.96
211480.0,-387.0,-330589.0,0.008,6.48
211486.0,-295.0,-330819.0,-0.008,6.96
211491.0,-52.0,-330764.0,0.008,6.48
211496.0,-44.0,-330776.0,0.083,6.23
211503.0,-256.0,-330796.0,-0.025,6.72
211508.0,-240.0,-331194.0,0.008,6.23
211513.0,-247.0,-331143.0,0.017,6.23
211519.0,-365.0,-331461.0,0.05,6.48
211524.0,-101.0,-331311.0,-0.008,6.23
211530.0,-199.0,-331311.0,0.033,6.48
211535.0,-222.0,-331402.0,0.025,6.48
211540.0,86.0,-331722.0,0.0,6.48
211547.0,322.0,-331840.0,0.05,6.23
211552.0,-204.0,-332194.0,0.05,6.23
211557.0,-271.0,-332279.0,-0.008,6.48
211563.0,157.0,-331917.0,-0.025,6.96
211568.0,-41.0,-332329.0,0.0,6.96
211574.0,-297.0,-332533.0,-0.008,6.48
211578.0,-104.0,-332676.0,-0.042,6.23
211585.0,230.0,-332504.0,0.025,6.23
211591.0,214.0,-332578.0,0.025,6.72
211596.0,-300.0,-332688.0,-0.008,6.48
211601.0,-401.0,-333023.0,-0.008,6.72
211606.0,181.0,-332973.0,0.033,6.48
211612.0,-179.0,-333117.0,0.033,6.48
211618.0,17.0,-333303.0,-0.05,6.72
211622.0,-66.0,-333358.0,-0.058,6.23
211629.0,-606.0,-333678.0,0.025,6.23
211634.0,-216.0,-333410.0,0.075,6.72
211640.0,-170.0,-333388.0,0.025,6.72
211645.0,11.0,-333879.0,-0.008,6.23
211650.0,-205.0,-333669.0,0.017,6.72
211656.0,-29.0,-334051.0,0.017,6.96
211661.0,219.0,-333725.0,-0.1,6.23
211666.0,-38.0,-333760.0,0.058,6.96
211672.0,84.0,-333810.0,-0.008,6.48
211678.0,-42.0,-333960.0,0.042,6.96
211683.0,174.0,-334191.0,0.042,6.48
211688.0,181.0,-334164.0,-0.033,6.23
211693.0,3.0,-334328.0,0.042,6.48
211698.0,13.0,-334301.0,0.108,6.48
211703.0,-30.0,-334178.0,-0.075,6.48
211709.0,18.0,-334668.0,0.067,6.96
211715.0,-116.0,-334977.0,0.058,6.72
211719.0,-447.0,-334952.0,-0.05,7.21
211725.0,19.0,-335106.0,0.067,6.96
211731.0,85.0,-335198.0,0.017,6.72
211735.0,-64.0,-335035.0,0.075,6.72
211741.0,-32.0,-335557.0,0.017,6.48
211746.0,86.0,-335629.0,0.025,6.72
211751.0,260.0,-335470.0,-0.075,6.48
211757.0,231.0,-335175.0,0.083,6.23
211763.0,-43.0,-335293.0,0.017,6.48
211768.0,41.0,-335563.0,0.033,6.48
211773.0,18.0,-335586.0,-0.042,6.23
211779.0,-316.0,-335832.0,0.092,6.48
211784.0,284.0,-335564.0,0.025,6.23
211789.0,-208.0,-335781.0,-0.033,6.72
211794.0,-241.0,-335892.0,0.033,6.23
211801.0,-153.0,-335764.0,0.008,5.99
211806.0,207.0,-335992.0,-0.058,6.48
211811.0,-8.0,-335997.0,0.05,6.48
211816.0,-210.0,-336191.0,0.025,6.23
211822.0,98.0,-336349.0,-0.017,6.23
211827.0,-18.0,-336224.0,0.05,6.48
211832.0,-341.0,-336241.0,0.0,6.48
211837.0,5.0,-336239.0,0.0,6.48
211843.0,-211.0,-336106.0,-0.017,6.48
211848.0,-210.0,-336727.0,0.033,6.48
211853.0,-200.0,-336615.0,-0.008,6.48
211859.0,84.0,-336590.0,0.025,6.72
211863.0,-53.0,-336565.0,0.067,6.96
211869.0,-115.0,-336821.0,0.092,6.48
211874.0,331.0,-336486.0,0.033,6.48
211879.0,64.0,-336793.0,-0.025,6.23
211885.0,-228.0,-336719.0,0.05,6.23
211891.0,68.0,-336923.0,-0.067,6.48
211895.0,-115.0,-336790.0,0.108,6.96
211901.0,-64.0,-336882.0,0.05,6.48
211906.0,-454.0,-337044.0,0.033,6.48
211911.0,-180.0,-337281.0,0.017,6.23
211916.0,-149.0,-337230.0,0.075,5.5
