time_ms,p1,p2,f3,f4
152464.0,-315.0,3087.0,0.017,6.23
152469.0,-411.0,2808.0,0.017,6.72
152474.0,-518.0,2885.0,-0.025,6.23
152479.0,-604.0,3225.0,0.017,6.48
152484.0,84.0,3206.0,0.008,6.72
152489.0,-89.0,2984.0,0.075,6.23
152496.0,-271.0,3018.0,0.008,6.48
152501.0,-371.0,2877.0,0.067,6.96
152505.0,-444.0,3174.0,0.033,6.48
152511.0,-204.0,2952.0,0.05,6.48
152516.0,-144.0,2979.0,-0.033,6.23
152521.0,-65.0,3152.0,0.05,6.23
152526.0,-3.0,2972.0,-0.008,6.23
152531.0,-299.0,3333.0,0.042,6.48
152537.0,-272.0,3061.0,-0.017,6.48
152543.0,174.0,3055.0,0.05,6.23
152548.0,18.0,3088.0,-0.033,6.23
152552.0,69.0,2961.0,0.083,6.23
152558.0,-235.0,3379.0,0.025,6.23
152563.0,-211.0,3182.0,0.1,7.21
152568.0,-48.0,2784.0,-0.008,6.48
152573.0,168.0,3088.0,-0.017,6.48
152579.0,-244.0,3321.0,0.025,6.72
152584.0,-361.0,3150.0,-0.008,6.23
152589.0,-53.0,3050.0,0.008,6.48
152594.0,-159.0,3171.0,0.017,6.23
152599.0,-302.0,3372.0,0.042,6.48
152604.0,16.0,3210.0,0.042,6.48
152609.0,-68.0,2975.0,-0.017,6.23
152615.0,-679.0,3505.0,-0.05,6.48
152621.0,47.0,3035.0,0.05,6.23
152626.0,-75.0,2878.0,0.042,6.96
152631.0,-310.0,3083.0,-0.017,6.23
152636.0,-148.0,3071.0,-0.008,6.96
152641.0,68.0,3030.0,0.042,6.23
152646.0,-127.0,2758.0,-0.083,6.23
152651.0,-468.0,3187.0,0.025,6.23
152655.0,-37.0,3182.0,-0.092,6.23
152660.0,-50.0,2957.0,0.017,6.48
152666.0,141.0,2812.0,0.108,6.48
152670.0,-302.0,2947.0,0.075,6.23
152675.0,-154.0,3202.0,0.008,6.23
152680.0,39.0,2928.0,0.117,6.23
152685.0,-495.0,2837.0,0.042,6.23
152690.0,-102.0,3136.0,0.017,6.96
152695.0,174.0,3198.0,-0.017,6.23
152700.0,-52.0,2901.0,-0.025,6.23
152706.0,-261.0,2516.0,0.017,6.72
152711.0,71.0,3089.0,0.058,6.23
152716.0,57.0,3230.0,-0.017,6.23
152721.0,198.0,2918.0,0.092,6.23
152726.0,-158.0,3019.0,-0.008,6.48
152731.0,-70.0,3134.0,-0.025,6.96
152736.0,-83.0,3012.0,0.1,6.96
152741.0,159.0,2903.0,0.025,5.01
152747.0,-294.0,3126.0,0.033,6.48
152752.0,-250.0,3043.0,0.075,6.23
152757.0,-148.0,2872.0,0.067,6.23
152762.0,-355.0,3080.0,0.033,6.23
152767.0,105.0,2881.0,0.033,5.74
152772.0,-41.0,2842.0,0.017,6.23
152777.0,-184.0,2796.0,-0.083,6.48
152782.0,-18.0,3301.0,-0.008,6.48
152787.0,-138.0,2834.0,0.025,6.72
152793.0,-229.0,3184.0,0.008,6.23
152798.0,-57.0,3179.0,-0.05,6.23
152803.0,122.0,3093.0,-0.05,6.23
152808.0,75.0,3242.0,-0.008,6.23
152813.0,-311.0,3131.0,0.025,6.72
152818.0,-270.0,2875.0,0.025,6.48
152823.0,348.0,2670.0,0.058,6.48
152828.0,-38.0,3115.0,-0.05,6.48
152834.0,173.0,3129.0,0.075,6.48
152839.0,-17.0,2956.0,-0.017,6.96
152844.0,331.0,3093.0,0.067,6.72
152849.0,78.0,3073.0,0.025,6.23
152854.0,98.0,3130.0,0.017,6.48
152859.0,-7.0,2938.0,0.117,6.23
152864.0,-108.0,2849.0,0.008,6.23
152869.0,-184.0,3060.0,0.05,6.48
152875.0,-163.0,2966.0,0.117,6.23
152880.0,-405.0,3077.0,-0.042,6.48
152885.0,-99.0,3132.0,0.025,6.48
152890.0,-160.0,3046.0,0.017,6.23
152895.0,-82.0,3301.0,0.058,6.48
152900.0,-137.0,2821.0,0.0,6.23
152905.0,16.0,2916.0,0.058,6.48
152910.0,-146.0,3177.0,-0.008,6.48
152915.0,-65.0,3265.0,0.042,6.48
152921.0,-59.0,3096.0,0.0,6.48
152926.0,9.0,2960.0,-0.05,6.23
152931.0,-218.0,3372.0,0.083,6.48
152936.0,-108.0,3351.0,0.092,6.48
152941.0,-66.0,3060.0,0.042,6.96
152946.0,-189.0,3262.0,-0.042,6.48
152951.0,63.0,3169.0,0.025,6.48
152957.0,89.0,2995.0,-0.017,6.48
152963.0,-176.0,3473.0,0.025,6.48
152967.0,-375.0,3610.0,0.067,6.48
152973.0,-15.0,3122.0,0.008,6.48
152978.0,-372.0,3144.0,0.033,6.96
152983.0,-276.0,3251.0,0.042,6.96
152988.0,-270.0,3062.0,0.008,6.23
152993.0,-513.0,3052.0,-0.008,6.23
152998.0,-487.0,3167.0,0.05,6.48
153005.0,63.0,3111.0,-0.008,6.48
153010.0,-54.0,3265.0,0.0,6.48
153014.0,-393.0,3312.0,0.025,6.48
153019.0,-156.0,2748.0,0.017,6.96
153024.0,-175.0,2913.0,0.117,6.48
153029.0,-285.0,3546.0,0.033,6.23
153034.0,-200.0,3264.0,0.075,6.23
153039.0,125.0,3101.0,0.058,6.23
153044.0,-254.0,3141.0,-0.042,6.23
153049.0,-285.0,2990.0,0.058,6.48
153054.0,-501.0,3105.0,0.025,6.96
153059.0,-346.0,3487.0,0.025,6.96
153064.0,-308.0,3456.0,-0.017,6.48
153070.0,-112.0,3124.0,0.133,7.21
153075.0,-157.0,2890.0,-0.017,6.96
153080.0,-148.0,2871.0,0.0,6.96
153085.0,-334.0,3115.0,0.025,6.48
153091.0,-387.0,2831.0,-0.008,6.48
153096.0,-284.0,2806.0,0.142,6.23
153101.0,-464.0,2756.0,0.033,6.96
153106.0,-387.0,3096.0,0.025,6.96
153111.0,-184.0,2921.0,0.017,6.23
153116.0,-218.0,3059.0,-0.017,6.48
153121.0,39.0,3130.0,0.025,6.96
153126.0,-357.0,3059.0,-0.042,6.48
153132.0,-78.0,3053.0,0.025,6.23
153137.0,-193.0,2894.0,0.1,6.72
153142.0,-39.0,3140.0,0.042,6.96
153147.0,-166.0,3102.0,0.083,6.72
153152.0,-189.0,3299.0,0.0,6.96
153157.0,-479.0,3289.0,-0.042,6.23
153162.0,-214.0,3250.0,0.033,7.21
153167.0,-26.0,2891.0,-0.017,6.72
153172.0,42.0,3433.0,-0.058,6.48
153178.0,11.0,3532.0,-0.025,6.72
153183.0,-5.0,2807.0,0.033,6.72
153188.0,312.0,3457.0,0.0,6.23
153193.0,-277.0,3172.0,0.225,6.23
153198.0,-159.0,3240.0,0.008,6.23
153203.0,-14.0,2845.0,0.067,6.23
153208.0,130.0,2992.0,0.05,6.96
153213.0,-424.0,2972.0,-0.008,6.48
153219.0,-135.0,3153.0,0.008,6.96
153224.0,43.0,3390.0,0.025,6.23
153229.0,-436.0,3206.0,-0.042,6.23
153234.0,-249.0,3163.0,-0.008,6.23
153239.0,-5.0,2935.0,-0.042,6.48
153244.0,166.0,3284.0,0.075,6.96
153249.0,-318.0,3095.0,0.033,6.23
153254.0,-110.0,3495.0,0.017,6.23
153260.0,-165.0,3154.0,0.1,6.72
153265.0,-123.0,3361.0,0.067,6.23
153270.0,-141.0,3093.0,0.0,6.48
153275.0,-92.0,3048.0,-0.042,6.48
153280.0,76.0,3009.0,0.025,6.23
153285.0,-123.0,3235.0,-0.058,6.23
153289.0,146.0,3284.0,0.042,6.48
153295.0,-166.0,3436.0,0.033,6.48
153300.0,27.0,3315.0,0.083,6.48
153306.0,-57.0,2836.0,0.008,6.96
153311.0,-365.0,3444.0,-0.1,6.48
153316.0,-16.0,3239.0,-0.017,6.48
153321.0,-594.0,3010.0,-0.033,7.21
153326.0,-248.0,2988.0,-0.033,6.48
153331.0,-15.0,2875.0,0.092,6.23
153336.0,-207.0,3285.0,-0.008,6.48
153342.0,-257.0,2905.0,-0.033,6.48
153347.0,-78.0,3162.0,0.025,6.48
153352.0,-120.0,2997.0,0.017,6.72
153358.0,-310.0,2945.0,0.017,8.43
153362.0,-219.0,3088.0,-0.025,6.48
153368.0,105.0,3269.0,0.075,6.23
153373.0,19.0,3133.0,0.083,6.48
153378.0,-228.0,3052.0,0.092,6.48
153383.0,-74.0,3042.0,0.0,6.23
153390.0,-78.0,3496.0,-0.033,6.48
153394.0,-197.0,3291.0,0.008,6.23
153399.0,-409.0,3212.0,0.05,6.48
153405.0,53.0,3454.0,0.025,6.96
153409.0,-358.0,3293.0,0.042,6.72
153415.0,-240.0,3203.0,-0.033,6.96
153420.0,236.0,3411.0,0.008,7.94
153425.0,-93.0,3252.0,-0.025,6.96
153431.0,-567.0,3039.0,0.008,6.23
153436.0,-9.0,3067.0,-0.008,6.72
153441.0,-108.0,3290.0,0.025,6.96
153446.0,-568.0,3342.0,0.033,6.48
153452.0,-120.0,3404.0,0.025,5.25
153456.0,101.0,3125.0,-0.017,6.48
153462.0,-235.0,3460.0,0.025,6.48
153467.0,-129.0,3162.0,0.042,6.48
153473.0,60.0,3163.0,0.033,6.96
153478.0,-130.0,3320.0,0.008,6.48
153483.0,-482.0,3252.0,-0.008,6.23
153488.0,-325.0,3261.0,0.117,6.23
153493.0,171.0,3281.0,0.108,6.48
153499.0,-235.0,2985.0,0.042,6.23
153503.0,-220.0,3044.0,0.033,6.48
153508.0,-75.0,3241.0,0.042,6.48
153513.0,-61.0,3077.0,-0.017,6.23
153519.0,132.0,2794.0,0.15,6.96
153525.0,-184.0,3462.0,0.042,6.23
153530.0,-354.0,3430.0,0.025,6.23
153535.0,-643.0,3493.0,0.075,6.48
153540.0,-313.0,3445.0,0.05,6.23
153546.0,-301.0,3259.0,0.083,6.48
153551.0,-535.0,3169.0,0.05,6.23
153556.0,-346.0,3316.0,-0.05,6.48
153562.0,-292.0,3404.0,0.1,6.48
153568.0,46.0,3550.0,0.083,6.48
153572.0,177.0,3375.0,-0.067,6.48
153578.0,-127.0,3253.0,0.017,6.23
153583.0,381.0,3497.0,0.033,6.48
153589.0,-289.0,3193.0,-0.017,6.48
153593.0,-338.0,3138.0,0.0,6.48
153600.0,-58.0,3204.0,-0.05,6.48
153605.0,252.0,3022.0,0.067,6.72
153610.0,-95.0,3185.0,0.075,6.48
153615.0,-83.0,3095.0,0.033,6.72
153621.0,-139.0,3033.0,0.0,6.48
153626.0,-298.0,3164.0,0.133,6.48
153631.0,-215.0,3426.0,0.05,6.23
153636.0,-85.0,3218.0,0.017,6.48
153641.0,10.0,3345.0,0.0,6.72
153647.0,140.0,3393.0,0.058,6.23
153653.0,-44.0,3237.0,0.108,6.48
153657.0,-285.0,3022.0,-0.058,6.23
153662.0,-234.0,3170.0,-0.008,6.23
153668.0,-222.0,3118.0,0.083,6.23
153672.0,43.0,3339.0,0.033,6.23
153678.0,-275.0,3401.0,0.0,6.48
153683.0,-157.0,3169.0,0.017,6.96
153689.0,-169.0,3246.0,0.008,6.23
153694.0,-368.0,3245.0,0.075,6.23
153699.0,-412.0,3175.0,0.092,6.48
153704.0,-308.0,3212.0,0.067,6.23
153709.0,-113.0,3375.0,0.133,6.23
153715.0,-113.0,3259.0,-0.033,6.48
153719.0,102.0,3408.0,0.0,6.96
153725.0,72.0,3034.0,-0.008,6.48
153731.0,-282.0,3236.0,0.15,6.23
153736.0,-136.0,3201.0,0.025,6.48
153741.0,-405.0,3254.0,0.067,6.23
153746.0,-47.0,3140.0,-0.017,6.72
153751.0,-257.0,3285.0,-0.008,6.48
153756.0,-344.0,3166.0,-0.05,6.96
153761.0,-144.0,3614.0,0.025,6.48
153766.0,-225.0,3449.0,0.05,6.48
153772.0,18.0,3083.0,0.0,6.96
153777.0,-438.0,3335.0,0.0,6.23
153782.0,-57.0,3176.0,0.033,6.48
153787.0,-161.0,3160.0,-0.033,6.72
153793.0,-287.0,3538.0,0.017,6.48
153798.0,-138.0,3501.0,0.092,6.48
153803.0,189.0,3449.0,0.083,6.48
153808.0,-651.0,3339.0,0.058,6.23
153814.0,-618.0,3268.0,0.0,6.23
153819.0,-306.0,3398.0,0.058,6.72
153825.0,96.0,3434.0,0.117,6.23
153830.0,-240.0,3445.0,0.042,7.21
153834.0,-203.0,2860.0,0.092,6.96
153840.0,-171.0,3272.0,-0.017,6.48
153845.0,-487.0,3113.0,0.042,6.48
153850.0,-248.0,3354.0,0.075,6.96
153856.0,-232.0,3478.0,0.0,6.23
153861.0,-255.0,3215.0,0.033,6.23
153866.0,-271.0,3473.0,0.042,6.23
153872.0,-141.0,3239.0,0.075,6.96
153877.0,53.0,2974.0,0.008,6.23
153881.0,-328.0,3231.0,-0.033,6.23
153887.0,-248.0,3175.0,0.092,6.48
153892.0,-204.0,3152.0,-0.067,6.72
153897.0,-589.0,3538.0,0.075,6.96
153903.0,1.0,3496.0,0.025,6.23
153908.0,-223.0,3431.0,0.042,6.23
153913.0,-482.0,3448.0,0.183,6.96
153918.0,-70.0,3150.0,0.008,7.7
153923.0,-284.0,2917.0,0.058,6.96
153928.0,-323.0,3150.0,0.117,6.23
153934.0,-369.0,2914.0,0.025,6.48
153939.0,-351.0,3061.0,0.0,6.48
153945.0,-116.0,3145.0,0.05,6.48
153950.0,-146.0,3109.0,0.075,6.72
153955.0,-8.0,3358.0,0.05,6.48
153960.0,-21.0,3509.0,0.025,6.23
153965.0,-151.0,3320.0,0.083,6.96
153969.0,-320.0,3163.0,0.067,6.23
153975.0,-354.0,2777.0,0.017,6.72
153980.0,-108.0,3030.0,0.108,6.96
153985.0,-87.0,3291.0,-0.058,6.72
153991.0,-229.0,3211.0,-0.017,6.96
153996.0,-279.0,3174.0,0.017,6.72
154001.0,-16.0,2763.0,0.1,6.48
154006.0,96.0,2809.0,0.017,6.48
154011.0,6.0,2944.0,0.033,6.23
154016.0,117.0,3442.0,-0.025,6.23
154022.0,-163.0,3454.0,0.058,6.96
154028.0,-255.0,3291.0,-0.025,6.48
154032.0,-42.0,3184.0,-0.025,6.48
154038.0,344.0,3482.0,0.075,6.48
154043.0,-560.0,3329.0,0.083,6.48
154048.0,-591.0,3155.0,0.0,6.23
154053.0,-83.0,3255.0,0.0,5.01
154058.0,221.0,3498.0,0.05,6.23
154063.0,14.0,3409.0,-0.017,6.23
154068.0,46.0,3337.0,0.017,6.48
154074.0,-20.0,3508.0,0.042,6.72
154079.0,-219.0,3122.0,-0.058,6.23
154085.0,13.0,3696.0,0.058,6.23
154090.0,-159.0,3467.0,0.217,6.48
154094.0,-360.0,4046.0,-0.092,6.48
154100.0,-284.0,3680.0,-0.025,6.23
154105.0,28.0,3639.0,0.158,6.72
154110.0,-31.0,3865.0,0.075,6.23
154116.0,-153.0,3495.0,0.0,6.72
154121.0,63.0,3764.0,0.242,6.48
154126.0,126.0,3421.0,0.008,6.23
154132.0,-146.0,3397.0,-0.142,6.48
154137.0,152.0,3654.0,0.175,6.23
154141.0,269.0,3299.0,0.092,6.48
154146.0,35.0,3500.0,-0.05,6.48
154151.0,-122.0,3467.0,0.233,6.48
154157.0,-206.0,3713.0,0.092,7.21
154162.0,-68.0,3524.0,0.008,6.48
154167.0,-105.0,2377.0,0.2,6.48
154172.0,-131.0,2865.0,0.208,6.48
154177.0,-391.0,3232.0,-0.075,6.48
154182.0,-334.0,3245.0,0.033,6.72
154188.0,-498.0,3287.0,0.042,6.96
154193.0,54.0,2842.0,0.2,6.48
154199.0,-183.0,3040.0,-0.05,6.48
154204.0,-199.0,3082.0,0.092,6.48
154209.0,213.0,3261.0,0.017,7.21
154214.0,-4.0,3272.0,-0.067,6.96
154219.0,-38.0,2992.0,0.1,6.23
154224.0,188.0,2943.0,0.042,6.72
154229.0,-343.0,2897.0,-0.092,7.21
154234.0,10.0,2722.0,0.167,6.48
154240.0,-466.0,3093.0,-0.033,6.23
154245.0,-389.0,3097.0,-0.067,6.96
154250.0,-253.0,3186.0,0.15,6.23
154255.0,204.0,3015.0,0.033,6.23
154259.0,81.0,3004.0,0.1,6.23
154264.0,-140.0,2851.0,0.15,6.23
154268.0,-305.0,3014.0,0.025,6.96
154273.0,-174.0,3019.0,0.042,6.48
154278.0,-281.0,3132.0,0.108,6.23
154284.0,261.0,2705.0,-0.05,6.48
154289.0,144.0,3189.0,0.075,6.72
154294.0,-166.0,3226.0,0.042,6.23
154298.0,-175.0,3083.0,0.067,6.96
154303.0,-6.0,2974.0,0.025,6.23
154308.0,-137.0,2949.0,0.083,6.96
154313.0,-135.0,2991.0,0.025,6.23
154318.0,-51.0,3068.0,0.108,6.96
154323.0,-450.0,2700.0,-0.017,6.48
154329.0,13.0,3171.0,0.033,6.96
154334.0,-67.0,3268.0,-0.075,6.96
154339.0,-156.0,3056.0,0.017,6.72
154344.0,-62.0,3219.0,-0.042,6.96
154349.0,-26.0,3096.0,0.017,7.21
154354.0,-29.0,3058.0,-0.033,7.21
154359.0,9.0,2985.0,0.133,6.72
154364.0,238.0,3401.0,0.017,6.48
154370.0,-193.0,3142.0,0.0,6.48
154375.0,-201.0,3365.0,0.067,6.23
154380.0,-82.0,3125.0,-0.008,6.48
154385.0,40.0,2924.0,0.067,6.48
154389.0,-167.0,3259.0,0.092,7.21
154394.0,-160.0,3662.0,0.042,6.23
154399.0,236.0,3219.0,0.05,6.96
154404.0,83.0,3709.0,0.05,6.48
154409.0,3.0,3870.0,-0.05,6.72
154415.0,-96.0,3822.0,0.108,6.23
154419.0,-235.0,3589.0,0.008,6.96
154424.0,169.0,3830.0,-0.067,6.96
154430.0,-132.0,3714.0,0.083,6.23
154435.0,-6.0,3491.0,-0.05,6.96
154440.0,-398.0,3690.0,0.05,6.23
154445.0,-151.0,3548.0,0.05,6.48
154450.0,-185.0,3387.0,-0.05,6.23
154456.0,-130.0,3337.0,0.083,6.48
154460.0,173.0,3250.0,-0.017,6.23
154465.0,1.0,2979.0,0.142,6.48
154470.0,242.0,2899.0,0.042,6.23
154475.0,-308.0,2768.0,-0.033,6.48
154480.0,-70.0,3045.0,-0.033,6.48
154485.0,-189.0,3170.0,-0.008,6.23
154490.0,-225.0,2997.0,0.108,6.48
154496.0,-440.0,2753.0,0.008,6.23
154501.0,-251.0,2784.0,0.067,6.96
154506.0,291.0,2754.0,-0.042,6.23
154511.0,52.0,2510.0,-0.033,6.48
154516.0,-230.0,2231.0,-0.108,6.48
154521.0,248.0,2150.0,0.05,6.72
154526.0,35.0,2260.0,0.083,6.23
154531.0,-217.0,2163.0,0.025,6.48
154537.0,-399.0,1893.0,0.242,6.23
154543.0,-254.0,1953.0,0.05,6.96
154548.0,-13.0,2332.0,-0.158,6.23
154553.0,-403.0,2552.0,0.133,6.72
154558.0,130.0,2340.0,0.142,6.48
154563.0,410.0,2723.0,-0.05,6.96
154568.0,-26.0,2784.0,0.05,6.23
154573.0,71.0,2854.0,-0.108,7.45
154578.0,-183.0,3175.0,-0.125,6.23
154585.0,-223.0,3719.0,-0.042,6.23
154590.0,-16.0,3585.0,0.042,6.48
154594.0,-135.0,3434.0,0.15,6.48
154600.0,-289.0,3192.0,0.1,6.96
154605.0,-40.0,3374.0,0.0,6.48
154610.0,-536.0,3369.0,0.058,6.48
154615.0,-280.0,3923.0,0.05,6.48
154620.0,225.0,3505.0,0.092,6.23
154626.0,-384.0,3606.0,0.192,6.96
154632.0,-50.0,3448.0,-0.042,6.23
154637.0,237.0,3278.0,0.033,6.23
154641.0,-104.0,3067.0,-0.1,6.23
154646.0,-369.0,3199.0,0.017,6.72
154651.0,-136.0,3244.0,0.167,6.48
154656.0,-6.0,3309.0,0.2,6.96
154660.0,-145.0,3394.0,0.033,6.48
154665.0,175.0,3989.0,-0.142,6.96
154672.0,358.0,3999.0,-0.025,6.23
154676.0,365.0,4206.0,0.017,6.23
154682.0,-143.0,4252.0,-0.033,6.96
154687.0,98.0,4160.0,0.058,7.7
154691.0,-75.0,4071.0,-0.017,6.23
154697.0,-427.0,4239.0,-0.017,6.23
154702.0,-314.0,4305.0,0.05,6.48
154706.0,-19.0,4476.0,0.183,6.48
154712.0,-12.0,4008.0,0.075,6.48
154717.0,-243.0,3835.0,0.092,6.48
154722.0,-157.0,3817.0,0.192,6.48
154728.0,-42.0,3691.0,-0.158,6.48
154732.0,-343.0,3438.0,-0.142,6.96
154738.0,-357.0,3236.0,0.017,6.72
154743.0,-328.0,3022.0,-0.125,6.48
154747.0,-189.0,3171.0,-0.075,6.96
154754.0,-51.0,2957.0,0.292,7.21
154758.0,-6.0,2890.0,-0.075,6.23
154763.0,-34.0,2961.0,-0.142,6.48
154768.0,-57.0,3153.0,0.133,6.23
154773.0,-12.0,2960.0,0.033,6.96
154778.0,274.0,3268.0,-0.033,6.48
154783.0,83.0,3202.0,0.242,6.48
154788.0,-188.0,2935.0,0.033,7.45
154793.0,-38.0,3075.0,-0.075,6.48
154799.0,193.0,3104.0,0.175,6.72
154804.0,-237.0,3097.0,-0.1,6.48
154810.0,-21.0,3293.0,-0.075,6.96
154814.0,20.0,3224.0,0.15,6.48
154819.0,28.0,3119.0,0.058,6.48
154824.0,77.0,3643.0,-0.008,6.23
154829.0,-206.0,3910.0,-0.008,6.72
154834.0,-240.0,3930.0,-0.008,6.48
154840.0,-337.0,3685.0,0.025,6.72
154845.0,-35.0,4146.0,-0.058,6.23
154850.0,233.0,4156.0,0.0,6.96
154855.0,-82.0,4359.0,0.008,6.72
154860.0,-284.0,3990.0,0.0,6.48
154864.0,-365.0,3779.0,0.0,6.48
154869.0,-85.0,4516.0,0.1,6.96
154875.0,-321.0,4258.0,0.092,6.48
154881.0,-606.0,4319.0,0.117,6.23
154886.0,20.0,4060.0,0.017,6.23
154891.0,43.0,4030.0,-0.067,6.48
154895.0,90.0,4233.0,0.083,6.48
154901.0,-244.0,4237.0,0.033,6.96
154905.0,281.0,4248.0,-0.033,6.96
154910.0,-311.0,4103.0,0.033,6.48
154916.0,-173.0,4395.0,-0.058,6.48
154920.0,-104.0,4212.0,0.017,6.96
154926.0,-154.0,4073.0,0.067,6.23
154932.0,-246.0,4043.0,-0.033,6.72
154937.0,-289.0,3466.0,-0.025,6.48
154942.0,325.0,3277.0,0.05,6.48
154947.0,-33.0,3261.0,0.033,6.96
154952.0,20.0,2902.0,0.092,7.94
154957.0,-160.0,2964.0,0.025,6.23
154963.0,-8.0,3068.0,-0.008,6.23
154968.0,125.0,3241.0,-0.142,6.48
154973.0,-129.0,3274.0,0.0,6.48
154979.0,-79.0,3246.0,-0.142,6.96
154983.0,94.0,3369.0,-0.092,6.23
154989.0,-214.0,2763.0,-0.033,6.48
154994.0,-104.0,3235.0,0.0,6.48
154999.0,-27.0,3154.0,0.033,6.23
155004.0,-123.0,2279.0,-0.025,8.19
155010.0,-223.0,2521.0,0.158,6.48
155015.0,-170.0,2374.0,0.092,6.48
155020.0,-194.0,2110.0,-0.033,6.23
155026.0,-304.0,2200.0,0.125,6.48
155031.0,-407.0,2137.0,0.15,6.72
155036.0,173.0,2244.0,-0.067,6.48
155041.0,-213.0,2626.0,0.05,6.48
155046.0,28.0,2751.0,-0.033,6.23
155052.0,146.0,2186.0,-0.358,6.72
155057.0,-268.0,2540.0,-0.058,6.48
155062.0,-295.0,2187.0,0.133,6.23
155067.0,-277.0,2279.0,-0.033,6.48
155073.0,-137.0,1861.0,0.058,6.23
155078.0,-311.0,2089.0,0.008,6.48
155083.0,-96.0,2360.0,0.025,6.72
155088.0,80.0,1908.0,0.167,6.72
155095.0,-368.0,2674.0,0.125,6.48
155100.0,-457.0,2499.0,0.108,6.96
155105.0,409.0,2315.0,0.083,6.23
155111.0,-47.0,2581.0,-0.1,6.72
155115.0,-140.0,2854.0,0.075,6.48
155120.0,-371.0,2493.0,-0.167,6.23
155125.0,-141.0,2589.0,-0.033,6.23
155130.0,-304.0,3078.0,-0.033,6.23
155136.0,-222.0,3066.0,0.05,6.48
155142.0,-118.0,3038.0,0.042,6.48
155146.0,-259.0,3119.0,-0.108,6.96
155152.0,-411.0,2925.0,0.058,6.23
155157.0,-283.0,3171.0,0.1,6.23
155163.0,-347.0,3395.0,0.133,6.72
155168.0,-174.0,3540.0,0.008,6.48
155173.0,42.0,3536.0,-0.025,6.23
155180.0,-158.0,3850.0,0.025,5.74
155184.0,-267.0,3639.0,0.208,6.48
155190.0,13.0,3747.0,0.025,6.48
155195.0,-41.0,4157.0,-0.033,6.48
155201.0,9.0,4345.0,0.033,6.48
155205.0,-386.0,4410.0,-0.05,7.94
155211.0,2.0,4138.0,-0.025,6.23
155216.0,240.0,4272.0,0.042,6.48
155222.0,-125.0,4545.0,-0.083,6.23
155227.0,-245.0,4421.0,0.042,6.48
155233.0,59.0,4291.0,0.042,6.96
155237.0,116.0,4200.0,-0.033,6.48
155243.0,-558.0,4102.0,0.083,6.48
155248.0,-226.0,4454.0,0.083,6.23
155254.0,226.0,4016.0,0.125,6.96
155258.0,-67.0,3751.0,0.075,6.23
155265.0,-277.0,3923.0,0.092,6.48
155270.0,211.0,4103.0,0.017,6.96
155275.0,290.0,4444.0,0.092,6.23
155280.0,-134.0,4090.0,0.058,6.23
155286.0,26.0,4406.0,0.017,6.23
155291.0,-198.0,4264.0,-0.033,6.48
155296.0,-227.0,4205.0,0.0,6.48
155301.0,-35.0,3677.0,-0.092,6.96
155308.0,39.0,3955.0,-0.075,6.48
155313.0,122.0,3598.0,0.008,6.48
155318.0,-126.0,3876.0,0.058,6.96
155323.0,-4.0,3304.0,0.0,6.23
155328.0,-334.0,3417.0,-0.008,6.48
155333.0,-299.0,3512.0,0.05,6.48
155339.0,-85.0,3050.0,0.008,6.23
155343.0,-266.0,3057.0,0.0,6.48
155350.0,-420.0,2695.0,0.075,6.72
155355.0,152.0,2923.0,0.017,6.48
155360.0,-456.0,2774.0,0.092,6.48
155365.0,-153.0,2895.0,0.05,6.48
155370.0,341.0,2293.0,0.05,6.48
155375.0,105.0,2068.0,0.025,6.23
155380.0,-144.0,1983.0,-0.058,6.48
155385.0,-182.0,1889.0,0.075,6.23
155390.0,-61.0,2008.0,0.133,6.72
155396.0,303.0,1818.0,0.042,6.23
155402.0,173.0,1906.0,0.075,6.72
155407.0,-249.0,1731.0,0.017,6.23
155412.0,-404.0,1648.0,-0.042,6.72
155417.0,-148.0,1160.0,-0.008,6.96
155422.0,-30.0,1173.0,-0.008,6.48
155427.0,-67.0,1142.0,0.033,6.48
155432.0,-131.0,1385.0,-0.075,6.96
155437.0,-400.0,1096.0,0.008,6.23
155443.0,94.0,1432.0,0.0,6.48
155448.0,-208.0,1537.0,0.0,6.23
155452.0,135.0,1392.0,-0.008,6.23
155458.0,-153.0,1484.0,0.033,6.23
155463.0,-171.0,1555.0,0.033,6.96
155467.0,-350.0,1616.0,0.05,6.48
155473.0,-16.0,2046.0,0.033,6.23
155479.0,23.0,2827.0,0.067,6.23
155484.0,193.0,3141.0,-0.067,6.23
155489.0,-251.0,3707.0,-0.008,6.48
155495.0,-359.0,4120.0,0.183,6.23
155499.0,-566.0,4047.0,-0.192,6.23
155505.0,-196.0,4085.0,-0.008,6.23
155510.0,-338.0,4042.0,0.083,6.96
155514.0,-339.0,4003.0,-0.158,6.72
155521.0,13.0,3907.0,-0.2,6.23
155525.0,-78.0,3368.0,0.217,6.23
155530.0,-377.0,2600.0,-0.042,6.23
155536.0,-239.0,2443.0,-0.075,6.72
155540.0,-158.0,1896.0,0.142,6.72
155546.0,134.0,1916.0,0.017,6.96
155551.0,14.0,1809.0,0.083,6.72
155555.0,79.0,2138.0,0.283,6.48
155561.0,-531.0,2526.0,0.017,7.21
155567.0,-539.0,3153.0,-0.025,6.23
155571.0,-630.0,3376.0,0.083,6.23
155576.0,-168.0,3599.0,-0.2,6.23
155581.0,-277.0,3976.0,-0.083,6.72
155587.0,-285.0,3954.0,-0.058,6.48
155592.0,-155.0,3717.0,-0.1,6.48
155596.0,-294.0,3576.0,-0.042,6.72
155602.0,-14.0,3488.0,0.025,6.23
155608.0,136.0,2997.0,-0.033,5.99
155612.0,341.0,2840.0,0.125,6.48
155618.0,-511.0,3186.0,0.117,6.48
155623.0,-53.0,2963.0,0.225,6.23
155628.0,-198.0,2812.0,0.15,6.48
155633.0,-188.0,3189.0,0.083,6.48
155637.0,-455.0,2928.0,0.042,6.96
155643.0,-327.0,3144.0,-0.017,6.48
155649.0,-51.0,3243.0,-0.075,6.23
155653.0,-26.0,2960.0,0.042,6.72
155659.0,-354.0,2846.0,-0.033,6.72
155664.0,10.0,2809.0,-0.042,6.72
155668.0,-77.0,2766.0,-0.058,6.72
155674.0,-395.0,2624.0,-0.025,6.96
155679.0,-131.0,2627.0,0.1,6.23
155684.0,62.0,2837.0,0.017,6.72
155689.0,82.0,3251.0,0.067,6.23
155695.0,-268.0,3210.0,0.025,6.48
155700.0,-237.0,2819.0,-0.008,6.48
155706.0,-81.0,3019.0,0.033,6.23
155711.0,-395.0,2858.0,0.067,6.23
155716.0,-218.0,2930.0,0.05,6.72
155721.0,-184.0,2958.0,0.042,6.72
155726.0,-326.0,2961.0,0.058,6.23
155731.0,-101.0,3104.0,-0.017,6.23
155737.0,-171.0,3130.0,-0.025,6.23
155742.0,-59.0,2939.0,0.033,6.96
155747.0,-222.0,3330.0,-0.033,6.48
155752.0,-338.0,3176.0,0.025,6.48
155757.0,-530.0,3101.0,0.025,6.96
155763.0,-31.0,2797.0,0.025,6.72
155768.0,-17.0,2565.0,-0.05,6.48
155773.0,221.0,2304.0,0.075,6.72
155779.0,-74.0,2583.0,0.058,6.72
155784.0,120.0,2549.0,0.058,6.23
155789.0,108.0,2484.0,0.033,6.72
155794.0,27.0,2212.0,0.092,6.48
155800.0,67.0,2868.0,0.017,6.48
155805.0,57.0,2961.0,-0.008,6.23
155809.0,-66.0,3074.0,0.017,6.23
155815.0,-578.0,2904.0,0.017,7.21
155821.0,-72.0,3019.0,-0.067,6.23
155826.0,27.0,2595.0,0.025,6.48
155830.0,-192.0,2580.0,-0.008,6.96
155835.0,-17.0,2241.0,-0.033,6.72
155840.0,27.0,2505.0,-0.05,6.48
155845.0,-99.0,2190.0,0.05,6.96
155850.0,-100.0,2425.0,0.108,6.72
155855.0,-292.0,2431.0,-0.017,6.23
155860.0,-226.0,2520.0,0.075,6.96
155867.0,-285.0,2498.0,0.108,6.48
155871.0,-332.0,2391.0,0.125,7.21
155876.0,-88.0,2458.0,0.033,6.48
155881.0,-143.0,2380.0,0.075,6.23
155886.0,115.0,2727.0,0.142,6.96
155891.0,118.0,2612.0,0.108,6.48
155896.0,-169.0,2977.0,0.058,6.23
155900.0,54.0,2960.0,-0.033,6.48
155906.0,293.0,2841.0,0.067,6.48
155910.0,-82.0,2982.0,0.025,6.48
155915.0,-347.0,2949.0,-0.008,6.48
155920.0,33.0,2890.0,-0.025,6.23
155925.0,-400.0,3278.0,-0.008,6.48
155930.0,-232.0,3155.0,0.033,6.96
155935.0,-283.0,3588.0,-0.075,6.23
155940.0,123.0,3286.0,-0.025,6.96
155945.0,-211.0,3391.0,0.025,6.23
155951.0,-150.0,3809.0,-0.083,6.72
155956.0,105.0,3532.0,0.025,6.48
155961.0,-123.0,3709.0,0.008,6.48
155966.0,-330.0,3809.0,0.075,6.23
155971.0,-192.0,3438.0,0.017,6.48
155976.0,-450.0,3853.0,0.008,6.23
155981.0,-291.0,3625.0,0.0,6.96
155986.0,-117.0,3430.0,0.033,6.48
155992.0,10.0,4135.0,0.0,6.48
155997.0,108.0,3966.0,0.092,6.23
156002.0,-176.0,3405.0,-0.008,6.48
156007.0,-137.0,3109.0,-0.017,6.96
156012.0,-39.0,3250.0,0.067,6.72
156017.0,167.0,3203.0,-0.033,6.48
156022.0,42.0,3119.0,-0.033,6.48
156027.0,-4.0,2864.0,0.008,6.23
156032.0,-171.0,3019.0,-0.042,6.23
156037.0,76.0,2744.0,-0.15,6.48
156042.0,121.0,2838.0,-0.108,7.21
156047.0,-178.0,3027.0,0.033,6.48
156052.0,-184.0,2982.0,0.017,6.23
156057.0,-91.0,3024.0,0.05,6.48
156062.0,-261.0,3119.0,0.125,6.48
156067.0,-27.0,2858.0,0.058,6.48
156072.0,226.0,2642.0,-0.017,6.48
156078.0,-314.0,2619.0,0.067,6.48
156083.0,124.0,2650.0,-0.075,6.72
156088.0,53.0,2468.0,0.008,6.48
156093.0,-175.0,2397.0,-0.033,6.48
156098.0,-122.0,2041.0,0.025,6.23
156103.0,75.0,1574.0,0.033,6.48
156108.0,-183.0,-2481.0,-0.375,6.72
156113.0,-76.0,-10907.0,-0.975,6.48
156119.0,-136.0,-6014.0,-1.1,6.48
156124.0,94.0,-63939.0,-2.475,6.23
156129.0,-493.0,-142841.0,-3.617,6.23
156134.0,-61.0,-173904.0,-3.725,6.23
156139.0,-141.0,-233633.0,-3.075,6.23
156144.0,-218.0,-295459.0,-2.317,6.96
156149.0,-153.0,-325408.0,-2.358,6.72
156155.0,5.0,-370288.0,-2.667,6.72
156161.0,-530.0,-391580.0,-3.025,6.48
156166.0,-223.0,-401229.0,-3.067,6.23
156171.0,-209.0,-418828.0,-2.908,6.23
156176.0,-288.0,-438980.0,-2.567,6.72
156181.0,-172.0,-455071.0,-2.483,6.48
156186.0,-98.0,-502918.0,-3.15,6.48
156191.0,-299.0,-570588.0,-3.792,6.72
156196.0,8.0,-607837.0,-3.95,6.48
156203.0,-160.0,-674121.0,-3.8,6.23
156208.0,189.0,-679691.0,-3.283,6.72
156212.0,-62.0,-686414.0,-2.8,6.48
156218.0,-246.0,-718274.0,-2.992,6.48
156223.0,-179.0,-768750.0,-3.417,6.23
156228.0,-286.0,-798227.0,-3.792,6.23
156233.0,-494.0,-856424.0,-3.858,6.23
156238.0,-409.0,-899108.0,-3.292,6.23
156243.0,-100.0,-914307.0,-2.908,6.23
156249.0,-206.0,-935511.0,-3.217,6.23
156255.0,-337.0,-949921.0,-3.658,6.23
156259.0,-244.0,-955288.0,-3.708,6.23
156265.0,-548.0,-962536.0,-3.317,6.23
156270.0,-323.0,-969526.0,-3.05,6.72
156275.0,42.0,-972859.0,-3.092,6.48
156280.0,168.0,-978542.0,-3.225,6.23
156285.0,-45.0,-977224.0,-3.367,6.72
156291.0,-390.0,-972679.0,-3.275,6.23
156296.0,-426.0,-958667.0,-3.058,6.48
156301.0,71.0,-946061.0,-2.75,6.23
156306.0,-150.0,-941586.0,-2.825,6.72
156312.0,-680.0,-938788.0,-2.95,6.23
156317.0,-467.0,-937402.0,-2.892,6.23
156322.0,-128.0,-933577.0,-2.717,6.48
156327.0,-104.0,-928074.0,-2.175,6.23
156333.0,-381.0,-901264.0,-1.3,6.23
156338.0,-174.0,-891529.0,-1.6,6.72
156343.0,-174.0,-874077.0,-2.533,6.72
156348.0,-479.0,-860357.0,-2.433,6.23
156353.0,-454.0,-855166.0,-1.742,6.23
156359.0,212.0,-844798.0,-0.933,6.23
156364.0,-21.0,-832786.0,-0.583,6.23
156369.0,340.0,-826153.0,-1.575,6.96
156375.0,-170.0,-809721.0,-2.058,6.23
156381.0,-276.0,-792265.0,-1.75,5.5
156385.0,-373.0,-783848.0,0.317,6.23
156391.0,-37.0,-769877.0,-0.608,6.23
156396.0,-227.0,-758805.0,-1.675,6.72
156401.0,-414.0,-751273.0,-1.767,6.23
156406.0,209.0,-748618.0,-0.492,5.99
156412.0,-371.0,-743262.0,-0.442,6.48
156418.0,-428.0,-737056.0,-1.85,6.23
156423.0,299.0,-734509.0,-0.7,6.72
156428.0,-81.0,-729503.0,-0.15,5.99
156433.0,-390.0,-726999.0,-0.592,5.99
156438.0,-169.0,-725844.0,-1.45,5.99
156443.0,91.0,-724622.0,-0.583,6.23
156449.0,-249.0,-723988.0,-0.117,6.23
156454.0,-182.0,-723957.0,-0.675,6.23
156460.0,66.0,-723474.0,-0.875,6.72
156465.0,-64.0,-724376.0,0.175,5.99
156470.0,-363.0,-724829.0,0.142,6.23
156475.0,-147.0,-727100.0,-0.517,6.23
156481.0,53.0,-729204.0,-0.5,6.23
156486.0,90.0,-730932.0,0.192,6.48
156491.0,-131.0,-732247.0,0.075,6.23
156496.0,31.0,-733995.0,0.442,5.99
156502.0,154.0,-735185.0,0.217,6.48
156507.0,13.0,-735824.0,0.317,5.99
156513.0,-149.0,-738062.0,0.417,6.23
156518.0,-62.0,-740824.0,0.25,5.99
156522.0,125.0,-741163.0,0.275,5.99
156528.0,-335.0,-741437.0,0.508,5.99
156534.0,-249.0,-741021.0,0.433,5.99
156538.0,-486.0,-740514.0,0.35,5.74
156544.0,-250.0,-740245.0,0.433,5.99
156550.0,-10.0,-740711.0,0.425,6.23
156555.0,-19.0,-741428.0,0.342,5.99
156560.0,-585.0,-743173.0,0.433,5.99
156565.0,-347.0,-745005.0,0.517,6.23
156570.0,-342.0,-746204.0,0.408,5.99
156575.0,-1.0,-748305.0,0.442,5.99
156580.0,-396.0,-750853.0,0.475,5.74
156585.0,-479.0,-751958.0,0.45,6.48
156591.0,-67.0,-754872.0,0.458,5.99
156597.0,-381.0,-757946.0,0.508,5.99
156601.0,-280.0,-759793.0,0.45,6.48
156607.0,-258.0,-763098.0,0.467,6.23
156612.0,-184.0,-766036.0,0.5,6.23
156617.0,-491.0,-767473.0,0.517,6.23
156622.0,25.0,-770148.0,0.542,5.99
156628.0,-13.0,-773064.0,0.508,5.99
156633.0,-264.0,-774361.0,0.633,6.48
156638.0,120.0,-776738.0,0.633,5.99
156644.0,-52.0,-780026.0,0.525,6.48
156649.0,-81.0,-781713.0,0.658,5.99
156653.0,-270.0,-784748.0,0.675,6.23
156659.0,-102.0,-788562.0,0.542,6.23
156664.0,-297.0,-790381.0,0.625,5.99
156669.0,-341.0,-793822.0,0.633,5.99
156675.0,87.0,-798320.0,0.575,6.23
156680.0,136.0,-800057.0,0.508,5.99
156685.0,34.0,-803760.0,0.633,5.99
156691.0,-260.0,-807396.0,0.542,5.74
156695.0,23.0,-809139.0,0.933,5.99
156700.0,49.0,-810976.0,0.558,5.99
156706.0,-213.0,-813544.0,0.658,6.72
156711.0,-136.0,-813827.0,0.692,6.72
156716.0,-91.0,-814926.0,0.517,6.72
156722.0,-371.0,-814026.0,0.575,5.99
156727.0,-156.0,-813301.0,0.675,6.48
156732.0,-200.0,-811807.0,0.575,6.23
156738.0,114.0,-810689.0,0.633,5.99
156743.0,-150.0,-808495.0,0.675,6.72
156748.0,-373.0,-807690.0,0.583,6.72
156754.0,167.0,-805970.0,0.608,6.48
156760.0,-31.0,-803922.0,0.642,6.23
156766.0,-339.0,-802018.0,0.625,6.23
156771.0,-438.0,-801463.0,0.592,5.99
156776.0,-390.0,-800666.0,0.6,6.23
156781.0,-200.0,-797292.0,0.575,7.21
156786.0,41.0,-796433.0,0.658,5.99
156791.0,263.0,-795058.0,0.583,6.72
156797.0,-231.0,-793534.0,0.558,5.5
156802.0,-86.0,-793305.0,0.55,6.48
156807.0,-47.0,-792394.0,0.65,6.23
156813.0,215.0,-790424.0,0.7,5.99
156817.0,-38.0,-789457.0,0.658,5.99
156823.0,10.0,-788531.0,0.733,5.99
156828.0,92.0,-788141.0,0.55,6.23
156834.0,-20.0,-786865.0,0.633,6.23
156839.0,181.0,-786702.0,0.583,6.72
156845.0,219.0,-785610.0,0.558,5.99
156851.0,-55.0,-784550.0,0.525,5.99
156856.0,-103.0,-782770.0,0.567,5.99
156861.0,-200.0,-782023.0,0.542,5.99
156867.0,-232.0,-780283.0,0.575,5.99
156872.0,-372.0,-778305.0,0.625,5.99
156878.0,-22.0,-776901.0,0.6,5.99
156882.0,-79.0,-776142.0,0.55,6.48
156889.0,117.0,-775226.0,0.517,5.99
156895.0,-209.0,-772468.0,0.542,6.96
156900.0,-115.0,-770066.0,0.492,6.48
156905.0,-324.0,-768993.0,0.625,6.23
156910.0,-192.0,-766165.0,0.55,5.99
156916.0,166.0,-763545.0,0.475,5.99
156922.0,-348.0,-760505.0,0.558,6.23
156926.0,-203.0,-758302.0,0.517,6.23
156933.0,-109.0,-755272.0,0.55,5.99
156939.0,-57.0,-753688.0,0.442,6.23
156944.0,-495.0,-751034.0,0.542,5.99
156949.0,-448.0,-749557.0,0.558,5.99
156954.0,164.0,-747145.0,0.467,6.23
156960.0,-148.0,-743281.0,0.367,6.23
156966.0,-32.0,-738405.0,0.375,6.23
156971.0,-269.0,-735768.0,0.375,5.99
156977.0,-163.0,-730296.0,0.417,5.99
156983.0,-359.0,-722998.0,0.425,6.23
156988.0,151.0,-715364.0,0.258,6.48
156993.0,278.0,-711525.0,0.383,6.23
156998.0,-597.0,-703155.0,0.167,6.23
157004.0,55.0,-694749.0,0.375,6.48
157009.0,-141.0,-690600.0,0.25,5.99
157014.0,-4.0,-682667.0,0.267,6.23
157020.0,62.0,-675155.0,0.2,6.72
157025.0,-88.0,-671632.0,0.2,6.23
157030.0,-181.0,-664353.0,0.167,6.72
157035.0,-79.0,-656533.0,0.175,6.72
157040.0,-31.0,-652750.0,0.108,6.48
157045.0,250.0,-645107.0,0.108,6.23
157051.0,-112.0,-638035.0,0.15,6.48
157057.0,130.0,-634618.0,0.067,6.96
157061.0,131.0,-628691.0,-0.083,6.96
157067.0,243.0,-623469.0,0.058,6.72
157073.0,125.0,-618895.0,-0.083,6.72
157077.0,26.0,-617174.0,-0.067,6.48
157082.0,-117.0,-614470.0,-0.017,6.72
157088.0,-217.0,-612698.0,-0.017,6.72
157093.0,-247.0,-612047.0,-0.067,6.48
157099.0,-64.0,-610922.0,-0.1,6.48
157104.0,-164.0,-610010.0,0.075,6.96
157110.0,-324.0,-610007.0,0.025,6.72
157114.0,-211.0,-608998.0,0.025,6.72
157120.0,-229.0,-608208.0,-0.042,6.48
157125.0,-111.0,-607983.0,-0.025,6.96
157130.0,-96.0,-607390.0,0.025,6.48
157135.0,-112.0,-606318.0,0.033,6.48
157140.0,12.0,-606025.0,-0.042,6.96
157146.0,-171.0,-604506.0,-0.025,6.72
157152.0,-87.0,-604018.0,0.258,7.21
157157.0,-263.0,-603793.0,-0.058,6.96
157161.0,-332.0,-603450.0,0.167,6.48
157167.0,154.0,-602840.0,0.033,6.72
157173.0,292.0,-603180.0,-0.042,6.48
157178.0,-106.0,-603121.0,-0.033,6.48
157182.0,-185.0,-602578.0,-0.025,6.48
157189.0,-111.0,-602648.0,0.083,6.48
157194.0,-289.0,-602521.0,0.05,6.48
157199.0,-294.0,-601552.0,0.017,6.48
157205.0,-272.0,-601030.0,0.008,6.96
157210.0,230.0,-600955.0,-0.05,6.23
157214.0,-157.0,-600616.0,0.042,6.23
157220.0,-181.0,-600446.0,0.142,6.48
157225.0,31.0,-600321.0,-0.033,6.23
157231.0,-150.0,-599976.0,0.058,6.48
157236.0,-298.0,-599488.0,0.042,6.23
157241.0,-14.0,-599431.0,0.108,6.72
157246.0,-105.0,-599256.0,0.042,6.48
157252.0,-211.0,-598794.0,0.125,6.72
157257.0,177.0,-598550.0,-0.033,6.48
157262.0,-229.0,-598415.0,0.05,6.48
157267.0,-276.0,-598346.0,0.1,6.23
157274.0,-170.0,-597594.0,0.017,6.23
157279.0,-192.0,-597557.0,-0.058,6.96
157284.0,-175.0,-597662.0,0.208,6.72
157289.0,-237.0,-597108.0,0.05,6.96
157294.0,-321.0,-596679.0,0.033,5.5
157299.0,-92.0,-596336.0,0.033,6.48
157305.0,156.0,-596392.0,0.083,6.96
157310.0,-116.0,-596139.0,0.008,6.72
157315.0,-75.0,-595816.0,0.0,6.48
157321.0,-129.0,-595532.0,0.092,5.5
157326.0,-229.0,-595569.0,0.117,6.48
157331.0,-80.0,-595292.0,0.15,6.48
157336.0,-150.0,-594980.0,0.033,6.72
157341.0,98.0,-594927.0,0.075,6.96
157346.0,-261.0,-594436.0,0.017,6.48
157352.0,-315.0,-594020.0,0.017,6.48
157358.0,211.0,-593854.0,0.083,6.48
157363.0,11.0,-594011.0,-0.017,6.96
157368.0,-274.0,-593562.0,-0.067,6.48
157374.0,-256.0,-593348.0,0.083,6.96
157379.0,36.0,-593185.0,0.008,6.23
157383.0,115.0,-592772.0,0.008,6.96
157389.0,441.0,-592780.0,0.092,6.48
157394.0,-397.0,-592683.0,0.108,6.72
157400.0,-398.0,-592520.0,-0.008,6.96
157405.0,590.0,-592138.0,0.083,6.96
157411.0,172.0,-592181.0,-0.025,6.72
157415.0,83.0,-591732.0,0.167,6.48
157421.0,-389.0,-592098.0,0.025,6.23
157426.0,-57.0,-592053.0,0.033,6.48
157431.0,-390.0,-591580.0,0.033,6.23
157436.0,-119.0,-591414.0,0.1,6.72
157442.0,125.0,-591331.0,-0.025,6.72
157447.0,-74.0,-591392.0,0.008,6.48
157452.0,-280.0,-591538.0,0.133,6.72
157457.0,136.0,-591389.0,0.108,6.72
157462.0,-31.0,-590638.0,-0.183,6.23
157468.0,-237.0,-590728.0,0.067,6.48
157473.0,37.0,-590791.0,-0.025,6.23
157477.0,24.0,-590798.0,-0.217,6.23
157484.0,28.0,-590460.0,0.183,6.23
157489.0,-314.0,-590241.0,0.158,6.23
157494.0,-131.0,-590032.0,-0.058,6.72
157498.0,-464.0,-590041.0,-0.133,6.96
157504.0,-4.0,-589730.0,-0.017,6.48
157509.0,-201.0,-589550.0,0.092,6.23
157514.0,159.0,-589468.0,-0.125,6.72
157519.0,-341.0,-589437.0,0.117,6.48
157524.0,116.0,-589638.0,-0.025,6.48
157531.0,-294.0,-588828.0,0.017,6.96
157536.0,252.0,-588481.0,0.183,6.23
157541.0,61.0,-588340.0,0.0,6.48
157545.0,-530.0,-588365.0,-0.058,6.72
157550.0,-188.0,-587774.0,0.167,6.48
157556.0,-245.0,-587650.0,0.058,6.48
157561.0,-283.0,-587575.0,0.075,6.96
157566.0,201.0,-587028.0,0.017,6.48
157572.0,294.0,-587220.0,0.067,6.48
157578.0,-74.0,-586948.0,0.0,6.48
157583.0,52.0,-586451.0,-0.008,6.96
157588.0,-21.0,-586851.0,0.033,7.7
157592.0,-376.0,-586688.0,0.083,6.48
157597.0,-162.0,-586351.0,0.042,7.21
157603.0,-69.0,-586001.0,0.142,5.01
157608.0,-165.0,-585923.0,0.0,6.48
157614.0,-1.0,-585778.0,0.025,6.23
157619.0,-182.0,-585804.0,0.008,6.48
157624.0,277.0,-585616.0,0.033,6.48
157630.0,-79.0,-585517.0,0.05,6.48
157634.0,-230.0,-585352.0,0.117,6.48
157639.0,13.0,-585155.0,0.075,6.96
157644.0,-167.0,-584882.0,0.042,6.72
157649.0,68.0,-584650.0,0.067,6.48
157655.0,-136.0,-584529.0,0.033,6.23
157660.0,-92.0,-584224.0,0.067,6.23
157666.0,-119.0,-584046.0,0.033,6.96
157671.0,-229.0,-583915.0,-0.042,6.96
157676.0,-35.0,-584094.0,-0.05,6.48
157681.0,-68.0,-584084.0,0.042,6.23
157686.0,-6.0,-583859.0,0.025,6.48
157691.0,-248.0,-584386.0,0.008,6.72
157697.0,149.0,-584318.0,0.033,6.23
157702.0,191.0,-584413.0,-0.117,6.96
157708.0,-37.0,-584344.0,0.033,6.96
157713.0,40.0,-584816.0,0.108,6.23
157717.0,19.0,-584201.0,0.125,6.23
157722.0,-197.0,-583990.0,-0.042,6.72
157728.0,92.0,-583894.0,0.075,6.23
157733.0,-24.0,-584049.0,-0.033,6.96
157739.0,-72.0,-583600.0,0.058,6.48
157744.0,-297.0,-583588.0,0.092,6.23
157749.0,-355.0,-583377.0,0.125,6.48
157754.0,-201.0,-583028.0,0.033,6.72
157759.0,-62.0,-582600.0,-0.067,6.48
157764.0,-144.0,-582535.0,-0.1,6.48
157770.0,98.0,-582556.0,0.133,6.72
157775.0,89.0,-583134.0,-0.025,6.72
157780.0,-633.0,-583235.0,0.058,6.72
157786.0,-197.0,-583084.0,0.067,6.48
157791.0,112.0,-583498.0,0.183,6.23
157796.0,-83.0,-583611.0,0.025,6.72
157801.0,243.0,-583847.0,0.042,6.48
157806.0,116.0,-583407.0,0.092,6.23
157811.0,-501.0,-583572.0,-0.017,6.72
157816.0,-475.0,-583421.0,0.117,6.48
157821.0,10.0,-583065.0,-0.025,6.23
157828.0,-210.0,-582372.0,0.058,6.72
157833.0,-48.0,-582793.0,0.017,6.23
157838.0,-115.0,-581769.0,-0.108,6.48
157843.0,-354.0,-581610.0,-0.092,6.72
157848.0,-258.0,-581710.0,-0.033,6.48
157853.0,-75.0,-581372.0,-0.083,6.48
157858.0,-122.0,-581257.0,0.025,6.72
157864.0,-50.0,-581253.0,0.1,6.96
157870.0,97.0,-580841.0,0.108,6.48
157874.0,-432.0,-580644.0,0.058,6.23
157879.0,122.0,-580575.0,0.1,6.48
157885.0,-49.0,-580479.0,0.025,6.23
157890.0,-51.0,-580144.0,0.092,6.48
157895.0,-69.0,-579641.0,0.067,6.23
157900.0,32.0,-579503.0,-0.017,6.72
157905.0,-222.0,-579708.0,0.108,6.48
157911.0,86.0,-579365.0,0.042,6.72
157916.0,127.0,-578619.0,0.042,6.48
157921.0,18.0,-578446.0,0.092,6.48
157927.0,-92.0,-578172.0,-0.033,6.23
157932.0,-43.0,-578196.0,0.008,6.96
157936.0,-124.0,-578289.0,0.0,6.23
157942.0,-170.0,-578237.0,-0.033,6.23
157947.0,-405.0,-578683.0,0.042,6.48
157953.0,2.0,-578724.0,0.042,6.23
157958.0,276.0,-578874.0,0.108,6.96
157963.0,147.0,-578448.0,0.017,6.96
157968.0,-216.0,-578585.0,-0.05,6.23
157974.0,-74.0,-578583.0,0.325,6.48
157979.0,-161.0,-577765.0,-0.05,6.23
157983.0,-172.0,-577836.0,0.05,6.96
157989.0,178.0,-577846.0,0.183,6.23
157995.0,241.0,-577640.0,-0.117,6.48
158000.0,-232.0,-577547.0,-0.025,6.48
158005.0,176.0,-577094.0,-0.042,6.48
158010.0,237.0,-577062.0,-0.133,6.48
158015.0,-376.0,-576789.0,-0.083,6.96
158020.0,332.0,-576887.0,0.017,6.48
158026.0,-167.0,-576757.0,0.033,6.48
158030.0,-344.0,-576812.0,0.008,6.48
158036.0,-84.0,-576734.0,0.083,6.48
158042.0,-215.0,-576532.0,0.1,5.25
158047.0,-46.0,-576249.0,0.092,6.23
158052.0,-76.0,-576319.0,0.083,6.23
158058.0,-160.0,-576017.0,0.067,6.23
158063.0,-289.0,-576110.0,-0.05,7.21
158068.0,-59.0,-575665.0,0.042,6.48
158073.0,-81.0,-575057.0,0.033,6.72
158078.0,234.0,-575226.0,0.0,6.48
158084.0,-324.0,-574431.0,-0.025,6.48
158089.0,-118.0,-574205.0,0.033,6.23
158094.0,83.0,-574500.0,0.042,6.48
158099.0,-461.0,-574471.0,0.05,6.72
158105.0,-361.0,-573813.0,-0.008,6.23
158110.0,-114.0,-573904.0,0.117,6.23
158115.0,-92.0,-573457.0,0.075,6.23
158120.0,-280.0,-573429.0,-0.05,6.23
158126.0,-269.0,-573167.0,0.017,6.48
158131.0,-70.0,-572860.0,0.025,6.72
158137.0,-148.0,-572480.0,-0.025,6.23
158142.0,-207.0,-572232.0,-0.008,6.48
158146.0,-622.0,-572233.0,0.092,6.48
158152.0,-152.0,-572369.0,0.008,6.72
158158.0,-160.0,-572281.0,-0.075,6.23
158162.0,-449.0,-572396.0,0.025,6.48
158169.0,-271.0,-572511.0,-0.05,6.96
158174.0,-111.0,-572941.0,0.05,6.48
158179.0,-204.0,-573066.0,-0.05,6.23
158184.0,176.0,-573235.0,-0.067,6.23
158190.0,2.0,-573839.0,-0.008,6.48
158194.0,-187.0,-574086.0,-0.008,6.48
158199.0,-209.0,-573629.0,0.05,6.23
158205.0,209.0,-573889.0,0.117,6.48
158211.0,332.0,-573952.0,-0.075,6.96
158215.0,-157.0,-573995.0,-0.008,6.23
158221.0,-129.0,-573941.0,0.067,6.72
158226.0,-204.0,-573662.0,-0.008,6.23
158231.0,-194.0,-573441.0,-0.017,6.23
158236.0,-164.0,-573219.0,0.067,6.96
158241.0,105.0,-572842.0,0.05,6.96
158246.0,-149.0,-571935.0,0.017,6.96
158253.0,-115.0,-571749.0,0.058,6.48
158257.0,-96.0,-571714.0,0.0,6.48
158262.0,-248.0,-571269.0,0.058,6.48
158268.0,40.0,-571257.0,0.058,6.48
158273.0,89.0,-570922.0,-0.033,6.48
158278.0,-39.0,-570487.0,-0.075,6.72
158283.0,-33.0,-570715.0,0.1,6.23
158288.0,58.0,-570848.0,0.058,6.48
158294.0,-207.0,-570897.0,-0.05,6.48
158299.0,-47.0,-570923.0,0.008,7.45
158304.0,-272.0,-571136.0,0.083,6.72
158309.0,-28.0,-571643.0,0.033,6.48
158315.0,28.0,-571547.0,0.067,6.72
158319.0,-109.0,-571326.0,-0.058,6.23
158324.0,-387.0,-571701.0,-0.033,6.23
158330.0,23.0,-571729.0,-0.017,6.96
158336.0,-144.0,-571872.0,-0.067,6.48
158341.0,-70.0,-571529.0,-0.058,6.48
158346.0,196.0,-571097.0,0.067,6.23
158351.0,317.0,-570594.0,0.033,7.21
158356.0,194.0,-570709.0,0.058,6.23
158361.0,-244.0,-570073.0,0.092,6.23
158366.0,-185.0,-569738.0,0.025,6.96
158372.0,159.0,-569894.0,-0.025,6.23
158377.0,-411.0,-569644.0,0.017,6.72
158384.0,-377.0,-569242.0,0.033,6.23
158389.0,270.0,-569011.0,0.025,6.48
158394.0,-200.0,-569016.0,-0.017,6.48
158399.0,-458.0,-569036.0,-0.025,6.96
158404.0,-333.0,-568941.0,-0.008,6.96
158409.0,39.0,-569172.0,0.008,6.48
158415.0,-491.0,-569082.0,-0.033,6.72
158419.0,-280.0,-569141.0,0.092,6.48
158425.0,61.0,-569170.0,0.033,6.48
158431.0,97.0,-569414.0,-0.025,6.96
158435.0,102.0,-569591.0,0.125,6.72
158441.0,78.0,-569783.0,0.025,6.48
158446.0,28.0,-569421.0,0.108,6.48
158452.0,-548.0,-569427.0,0.017,6.48
158457.0,-387.0,-569238.0,0.017,6.23
158462.0,-93.0,-569126.0,0.042,6.23
158469.0,-455.0,-568810.0,0.075,6.48
158474.0,-341.0,-568514.0,0.0,6.48
158479.0,-176.0,-568443.0,-0.017,6.72
158485.0,-356.0,-568053.0,0.033,6.23
158490.0,-68.0,-567779.0,-0.008,6.96
158496.0,-258.0,-567735.0,-0.033,6.96
158500.0,-393.0,-567616.0,0.108,6.23
158507.0,37.0,-567234.0,0.058,6.48
158513.0,-109.0,-567418.0,0.092,6.48
158518.0,-133.0,-567566.0,0.075,6.72
158523.0,-268.0,-567543.0,0.1,6.48
158529.0,-136.0,-567451.0,-0.017,6.48
158534.0,40.0,-567271.0,0.025,6.48
158540.0,-52.0,-567183.0,0.0,6.72
158544.0,83.0,-567328.0,0.025,6.72
158551.0,-27.0,-567604.0,0.025,6.72
158556.0,19.0,-567450.0,0.042,6.48
158561.0,-277.0,-567493.0,0.0,6.48
158566.0,-20.0,-567316.0,0.092,6.96
158572.0,-78.0,-567156.0,0.05,6.48
158577.0,6.0,-567259.0,0.05,6.48
158581.0,-343.0,-567190.0,-0.042,6.48
158587.0,61.0,-566670.0,0.058,7.7
158593.0,-197.0,-566383.0,0.058,6.72
158598.0,-328.0,-566292.0,0.033,6.72
158603.0,-228.0,-565988.0,0.067,6.72
158609.0,-556.0,-565524.0,0.033,6.96
158614.0,-255.0,-565433.0,0.008,7.21
158619.0,31.0,-565901.0,0.067,6.72
158625.0,-537.0,-565435.0,0.125,6.23
158630.0,-607.0,-565443.0,-0.008,6.23
158636.0,-244.0,-565532.0,0.183,6.48
158642.0,142.0,-565344.0,-0.025,6.48
158647.0,-446.0,-565588.0,0.033,6.23
158653.0,-170.0,-565802.0,-0.033,6.48
158658.0,17.0,-565961.0,0.067,6.96
158663.0,-6.0,-565335.0,0.05,6.48
158668.0,-56.0,-565625.0,0.042,6.48
158673.0,13.0,-565834.0,0.025,6.48
158679.0,-250.0,-565364.0,0.058,6.48
158685.0,-144.0,-565340.0,0.05,6.23
158690.0,18.0,-565365.0,0.033,6.48
158694.0,-297.0,-565288.0,0.075,6.23
158700.0,-183.0,-564786.0,0.075,6.96
158705.0,-203.0,-564667.0,-0.108,6.23
158710.0,-4.0,-564634.0,0.0,6.48
158715.0,-208.0,-564278.0,0.008,6.48
158721.0,250.0,-564267.0,-0.1,6.96
158726.0,-13.0,-564230.0,-0.008,6.23
158732.0,211.0,-564172.0,0.058,6.48
158737.0,71.0,-564265.0,-0.033,7.94
158741.0,-252.0,-563970.0,-0.033,6.72
158747.0,174.0,-563684.0,0.05,6.96
158752.0,-74.0,-563827.0,0.0,6.23
158757.0,-259.0,-563884.0,-0.083,6.23
158763.0,-311.0,-563956.0,0.1,6.96
158768.0,-251.0,-563865.0,0.05,6.23
158773.0,-252.0,-564060.0,-0.058,6.48
158779.0,-286.0,-563848.0,-0.017,6.23
158784.0,398.0,-563950.0,0.125,6.23
158790.0,36.0,-563567.0,0.008,6.23
158794.0,-257.0,-563694.0,0.017,6.23
158800.0,-235.0,-563682.0,0.033,6.48
158806.0,-75.0,-563669.0,0.017,6.23
158811.0,-96.0,-563632.0,0.042,6.23
158816.0,-418.0,-563074.0,-0.008,6.48
158821.0,150.0,-563213.0,-0.05,6.72
158826.0,-83.0,-562742.0,0.15,6.23
158831.0,-527.0,-562886.0,0.033,6.48
158837.0,-329.0,-562853.0,0.017,6.48
158841.0,-204.0,-562580.0,0.1,6.23
158848.0,-42.0,-562326.0,-0.025,6.23
158853.0,146.0,-562305.0,0.0,6.48
158858.0,23.0,-562246.0,0.15,6.23
158863.0,-447.0,-562198.0,0.075,6.48
158868.0,-325.0,-562401.0,-0.1,6.48
158873.0,-170.0,-562392.0,0.083,6.48
158879.0,18.0,-562022.0,0.083,6.96
158884.0,-246.0,-561915.0,0.15,6.48
158888.0,-425.0,-562402.0,-0.025,6.72
158895.0,71.0,-562138.0,0.025,6.48
158901.0,57.0,-562118.0,0.075,6.48
158906.0,-109.0,-562031.0,0.017,6.96
158910.0,-90.0,-561930.0,-0.058,5.25
158916.0,-538.0,-561878.0,0.042,6.23
158921.0,-90.0,-561573.0,-0.008,6.96
158926.0,65.0,-561324.0,0.042,6.72
158931.0,-21.0,-561600.0,0.083,6.48
158937.0,-165.0,-561299.0,0.033,6.23
158942.0,-126.0,-561388.0,-0.142,6.48
158948.0,-192.0,-560844.0,0.042,6.48
158953.0,90.0,-560997.0,-0.017,7.45
158958.0,-65.0,-560972.0,-0.042,6.72
158963.0,-405.0,-560754.0,0.042,6.48
158968.0,-103.0,-560833.0,0.033,6.23
158973.0,-342.0,-560670.0,0.0,6.72
158980.0,-342.0,-560678.0,0.042,6.48
158985.0,-16.0,-560565.0,-0.008,6.96
158989.0,-181.0,-560562.0,0.067,6.48
158995.0,-377.0,-560658.0,0.033,6.48
159000.0,-27.0,-560525.0,0.075,6.72
159005.0,96.0,-560488.0,0.108,6.48
159010.0,-56.0,-560456.0,0.042,6.48
159015.0,-152.0,-560397.0,0.075,6.48
159021.0,-171.0,-560762.0,0.133,6.23
159026.0,-90.0,-560296.0,0.142,6.48
159031.0,-280.0,-559799.0,0.067,6.48
159036.0,-165.0,-559970.0,-0.017,6.23
159042.0,-93.0,-560366.0,0.033,6.48
159047.0,-393.0,-560243.0,0.092,6.23
159051.0,-234.0,-559624.0,0.05,6.96
159057.0,-58.0,-559904.0,-0.017,6.23
159063.0,-178.0,-559683.0,0.033,6.23
159068.0,-61.0,-559646.0,0.042,6.96
159073.0,-293.0,-559180.0,0.008,6.23
159079.0,-283.0,-558939.0,0.058,6.23
159083.0,-284.0,-559220.0,-0.092,6.48
159088.0,-127.0,-559700.0,0.033,6.23
159094.0,-111.0,-559475.0,0.075,6.72
159098.0,-214.0,-559170.0,-0.017,6.48
159105.0,-142.0,-559178.0,-0.067,6.96
159110.0,-70.0,-558827.0,0.1,6.96
159115.0,-391.0,-559044.0,0.117,6.48
159120.0,-321.0,-559016.0,0.033,6.96
159125.0,-137.0,-558443.0,-0.033,6.48
159130.0,-556.0,-558444.0,0.033,6.48
159135.0,-399.0,-558601.0,0.058,6.48
159140.0,-193.0,-558576.0,0.15,6.23
159145.0,30.0,-558280.0,0.083,6.96
159152.0,-386.0,-557936.0,0.025,6.72
159157.0,52.0,-558395.0,0.033,6.23
159161.0,-29.0,-558322.0,-0.05,6.96
159167.0,-339.0,-558152.0,0.125,6.48
159172.0,-79.0,-558265.0,0.067,6.48
159177.0,-404.0,-558200.0,0.108,6.23
159182.0,-409.0,-558079.0,0.008,6.48
159187.0,-151.0,-558106.0,0.008,6.72
159193.0,-170.0,-558200.0,0.017,6.96
159198.0,-260.0,-557939.0,0.033,6.72
159203.0,-74.0,-557896.0,0.033,6.48
159208.0,-325.0,-557618.0,0.1,6.72
159213.0,-17.0,-557513.0,0.092,6.23
159218.0,-235.0,-557516.0,0.025,6.72
159224.0,-272.0,-557604.0,-0.092,6.48
159229.0,-448.0,-557438.0,0.042,6.48
159235.0,-196.0,-557487.0,0.017,6.48
159240.0,-383.0,-557346.0,0.1,8.68
159245.0,-314.0,-557325.0,0.042,6.48
159250.0,-320.0,-557250.0,0.025,6.23
159255.0,-171.0,-557240.0,0.067,6.48
159260.0,-523.0,-557229.0,-0.008,6.96
159265.0,-263.0,-556876.0,0.0,6.23
159270.0,-200.0,-556508.0,0.067,6.72
159276.0,98.0,-556531.0,0.108,6.48
159282.0,-160.0,-556572.0,-0.008,6.48
159287.0,-185.0,-556670.0,0.008,6.48
159292.0,-105.0,-556437.0,0.058,6.23
159297.0,-473.0,-556500.0,0.008,6.72
159302.0,-112.0,-556304.0,0.058,6.48
159307.0,179.0,-556789.0,0.033,6.48
159312.0,-437.0,-556740.0,0.017,6.23
159318.0,-430.0,-556424.0,0.125,6.72
159323.0,-72.0,-556217.0,0.017,6.48
159328.0,-290.0,-556108.0,0.108,6.48
159334.0,-377.0,-555918.0,0.025,6.23
159339.0,-9.0,-556123.0,0.092,6.23
159344.0,39.0,-556046.0,0.075,6.48
159349.0,32.0,-556058.0,0.133,6.23
159354.0,-464.0,-555819.0,0.067,6.72
159360.0,128.0,-555736.0,0.033,6.72
159365.0,225.0,-555572.0,0.033,6.48
159370.0,-154.0,-555663.0,-0.008,6.48
159375.0,-162.0,-555370.0,0.05,6.48
159380.0,-239.0,-555284.0,-0.033,6.72
159385.0,-305.0,-555265.0,-0.025,6.72
159391.0,-329.0,-555448.0,-0.008,6.96
159396.0,-178.0,-555514.0,0.1,6.23
159401.0,-206.0,-555427.0,0.008,6.96
159407.0,-390.0,-554704.0,-0.075,6.48
159412.0,-307.0,-554966.0,0.025,6.23
159417.0,-4.0,-554959.0,0.0,6.72
159422.0,-252.0,-555113.0,-0.008,6.72
159427.0,-95.0,-554775.0,-0.033,6.96
159432.0,-524.0,-554790.0,0.025,6.48
159438.0,-284.0,-554872.0,-0.033,6.23
159443.0,-15.0,-554576.0,0.092,6.72
159448.0,44.0,-554977.0,-0.05,6.23
159454.0,-118.0,-554764.0,0.025,6.96
159459.0,-273.0,-554768.0,0.175,6.48
159464.0,-369.0,-554551.0,0.017,6.48
159469.0,-509.0,-554304.0,0.033,6.23
159474.0,-258.0,-554182.0,0.133,6.23
159479.0,-419.0,-554019.0,0.05,6.72
159484.0,85.0,-554295.0,0.0,6.48
159491.0,98.0,-554023.0,0.017,6.23
159495.0,-219.0,-554056.0,0.033,7.21
159501.0,193.0,-553938.0,-0.033,6.48
159506.0,220.0,-553798.0,0.0,6.72
159511.0,157.0,-553541.0,-0.05,6.48
159516.0,-251.0,-553645.0,0.058,5.25
159521.0,-230.0,-553745.0,-0.025,6.48
159526.0,-49.0,-553606.0,0.033,6.96
159532.0,-381.0,-553429.0,0.033,6.48
159537.0,-138.0,-553841.0,0.042,6.72
159542.0,-82.0,-553544.0,-0.025,6.48
159547.0,-590.0,-553531.0,0.15,6.48
159553.0,-697.0,-553241.0,0.058,6.72
159557.0,40.0,-553208.0,0.05,6.23
159563.0,-530.0,-552960.0,0.067,6.23
159568.0,-311.0,-553148.0,-0.067,6.23
159574.0,-22.0,-553315.0,0.117,6.48
159579.0,-12.0,-552765.0,0.058,6.48
159584.0,-145.0,-552735.0,0.075,6.96
159589.0,92.0,-552634.0,-0.05,6.23
159595.0,50.0,-552452.0,-0.008,6.23
159600.0,-293.0,-552702.0,0.033,6.23
159604.0,-460.0,-552843.0,0.067,6.48
159610.0,-324.0,-552485.0,0.075,6.72
159616.0,-87.0,-552213.0,0.008,6.48
159621.0,-294.0,-552418.0,-0.067,6.48
159626.0,-378.0,-552309.0,0.008,6.48
159631.0,-271.0,-552503.0,0.017,6.23
159636.0,28.0,-552416.0,0.058,6.23
159641.0,-470.0,-552336.0,-0.008,6.48
159647.0,-327.0,-551846.0,0.058,6.23
159651.0,-188.0,-551961.0,0.058,6.48
159657.0,26.0,-552001.0,0.05,6.72
159663.0,-311.0,-551819.0,0.075,6.48
159668.0,-186.0,-551944.0,-0.042,6.48
159673.0,-64.0,-551666.0,0.042,6.48
159678.0,75.0,-551774.0,-0.083,6.23
159683.0,-96.0,-551435.0,-0.033,6.72
159689.0,56.0,-551477.0,0.125,6.96
159694.0,-151.0,-551377.0,0.017,6.23
159698.0,-78.0,-551198.0,0.017,6.48
159705.0,-64.0,-551277.0,-0.025,6.96
159710.0,-189.0,-551369.0,0.017,6.23
159714.0,-584.0,-550948.0,0.025,6.48
159720.0,42.0,-551144.0,-0.008,6.48
159725.0,-93.0,-551022.0,-0.025,6.72
159730.0,-454.0,-551061.0,0.108,6.96
159735.0,-406.0,-551193.0,0.058,6.48
159740.0,-17.0,-551109.0,0.017,6.23
159746.0,-276.0,-550798.0,0.033,6.96
159752.0,-104.0,-551268.0,-0.025,6.23
159757.0,83.0,-550970.0,-0.025,6.48
159761.0,-286.0,-550823.0,0.008,6.72
159767.0,-114.0,-550807.0,0.033,6.23
159773.0,18.0,-550673.0,-0.017,6.23
159777.0,-325.0,-550792.0,0.092,6.48
159782.0,-565.0,-550507.0,0.05,6.96
159789.0,-265.0,-550449.0,0.017,6.23
159794.0,180.0,-550432.0,0.017,6.96
159799.0,-182.0,-550075.0,0.083,7.94
159804.0,24.0,-550255.0,0.025,6.23
159810.0,-13.0,-549697.0,0.0,7.21
159814.0,-294.0,-549734.0,0.067,6.48
159820.0,-498.0,-549850.0,0.067,5.5
159825.0,-383.0,-549850.0,0.092,6.23
159831.0,-158.0,-549467.0,0.025,6.96
159836.0,304.0,-549681.0,0.042,6.96
159842.0,60.0,-549907.0,0.033,6.48
159846.0,-113.0,-549798.0,-0.025,6.48
159852.0,-39.0,-549447.0,-0.008,6.48
159857.0,-255.0,-549317.0,-0.017,7.21
159862.0,-270.0,-549524.0,0.017,6.48
159867.0,-168.0,-549513.0,-0.008,6.48
159874.0,-126.0,-549509.0,0.025,6.48
159878.0,-205.0,-549072.0,0.042,6.96
159883.0,-69.0,-549317.0,0.025,6.48
159889.0,-239.0,-549013.0,-0.008,6.48
159894.0,-354.0,-548654.0,-0.025,6.23
159898.0,-109.0,-549119.0,0.017,6.72
159904.0,-175.0,-548871.0,0.05,6.48
159909.0,24.0,-548622.0,0.042,6.48
159915.0,-98.0,-548563.0,0.058,6.48
159920.0,84.0,-548635.0,0.008,6.48
159925.0,99.0,-548868.0,-0.042,6.48
159930.0,63.0,-548541.0,0.008,6.48
159936.0,-177.0,-548303.0,0.033,6.72
159940.0,-210.0,-548502.0,0.025,6.96
159945.0,-504.0,-548327.0,0.067,6.48
159951.0,-418.0,-548517.0,0.067,6.48
159956.0,-105.0,-548750.0,0.083,7.21
159961.0,322.0,-548233.0,0.042,6.48
159967.0,-202.0,-547899.0,0.042,6.23
159972.0,-33.0,-547862.0,0.083,6.23
159977.0,-143.0,-548107.0,0.067,6.72
159982.0,-365.0,-547983.0,0.092,6.48
159987.0,-160.0,-548058.0,-0.042,6.48
159992.0,110.0,-548121.0,0.025,6.48
159998.0,198.0,-547751.0,0.033,6.96
160004.0,-375.0,-548084.0,0.008,6.96
160009.0,-137.0,-547873.0,-0.008,6.48
160014.0,-65.0,-547265.0,0.008,6.23
160019.0,10.0,-547318.0,0.158,6.48
160024.0,-99.0,-547277.0,-0.025,6.72
160029.0,-87.0,-547543.0,-0.067,6.48
160034.0,-90.0,-547622.0,0.025,6.48
160039.0,266.0,-547032.0,0.033,6.48
160046.0,-26.0,-547268.0,0.108,6.48
160051.0,-72.0,-547096.0,0.0,6.48
160056.0,-189.0,-547223.0,0.033,6.48
160062.0,-477.0,-547269.0,0.017,6.23
160067.0,259.0,-546899.0,0.033,6.48
160073.0,-293.0,-546799.0,0.092,6.48
160078.0,-358.0,-547138.0,0.017,6.23
160083.0,74.0,-546674.0,-0.033,6.23
160090.0,-58.0,-546712.0,0.008,6.23
160094.0,-161.0,-546507.0,0.0,6.48
160099.0,-332.0,-546832.0,0.033,6.48
160105.0,-56.0,-546894.0,0.092,6.48
160109.0,39.0,-547205.0,0.008,6.72
160115.0,-51.0,-546775.0,0.05,6.48
160120.0,-285.0,-546559.0,-0.025,6.48
160126.0,-403.0,-546209.0,0.058,6.23
160132.0,-450.0,-546018.0,0.0,6.48
160137.0,-268.0,-546324.0,0.025,6.23
160143.0,-46.0,-546112.0,-0.033,6.23
160148.0,-70.0,-546012.0,0.075,6.96
160153.0,-5.0,-545931.0,0.083,6.23
160158.0,-85.0,-545871.0,0.042,6.96
160164.0,-327.0,-545917.0,0.025,6.48
160171.0,-115.0,-545435.0,0.05,6.23
160175.0,-190.0,-545668.0,0.1,6.96
160181.0,-48.0,-545834.0,-0.017,6.23
160186.0,-302.0,-545722.0,0.017,6.72
160192.0,366.0,-545774.0,-0.042,6.48
160197.0,135.0,-545851.0,-0.017,6.96
160202.0,-215.0,-545249.0,0.05,6.23
160208.0,-73.0,-545805.0,0.083,6.23
160214.0,-185.0,-545321.0,0.017,6.23
160219.0,-398.0,-545370.0,0.033,6.72
160225.0,-182.0,-545512.0,-0.017,6.48
160230.0,-432.0,-545250.0,-0.025,6.48
160236.0,-126.0,-545146.0,-0.017,5.01
160241.0,133.0,-545043.0,0.117,6.96
160246.0,-43.0,-545163.0,-0.008,6.96
160252.0,5.0,-544671.0,0.033,6.48
160258.0,-337.0,-544574.0,0.008,6.96
160263.0,-332.0,-544877.0,0.075,6.48
160268.0,-204.0,-544991.0,-0.008,6.23
160274.0,-450.0,-544489.0,0.008,6.23
160278.0,-363.0,-544262.0,0.008,6.48
160284.0,147.0,-544540.0,0.1,6.23
160290.0,-425.0,-544744.0,-0.017,6.48
160295.0,-333.0,-544220.0,0.025,6.48
160301.0,-202.0,-544167.0,0.083,6.48
160306.0,-43.0,-544673.0,0.05,6.48
160312.0,-93.0,-543873.0,0.0,6.48
160316.0,-154.0,-544140.0,0.025,6.23
160321.0,-377.0,-544288.0,0.033,6.23
160327.0,-279.0,-544282.0,0.017,6.72
160332.0,-423.0,-543941.0,-0.075,6.96
160337.0,-116.0,-544356.0,0.075,6.48
160343.0,-218.0,-544548.0,0.042,6.48
160349.0,-206.0,-544323.0,0.058,6.48
160353.0,83.0,-544066.0,0.017,6.72
160359.0,-127.0,-543888.0,0.025,6.48
160364.0,-237.0,-543919.0,0.008,6.72
160369.0,-126.0,-543548.0,0.1,6.48
160374.0,130.0,-543530.0,0.042,6.23
160380.0,-376.0,-543378.0,-0.125,6.23
160386.0,-381.0,-543519.0,0.05,6.96
160391.0,4.0,-543629.0,0.092,6.48
160396.0,-376.0,-543317.0,0.042,6.96
160401.0,-276.0,-543650.0,0.0,6.96
160406.0,-279.0,-543189.0,0.05,6.23
160412.0,-219.0,-543197.0,0.108,6.96
160417.0,-37.0,-543138.0,0.025,6.72
160421.0,128.0,-542983.0,0.008,6.48
160428.0,36.0,-543333.0,0.008,6.96
160433.0,-456.0,-543242.0,0.008,6.23
160438.0,-221.0,-542807.0,-0.058,5.01
160443.0,-103.0,-542893.0,-0.133,6.48
160448.0,-259.0,-543014.0,-0.092,6.96
160453.0,-222.0,-542693.0,-0.017,6.96
160459.0,-78.0,-542561.0,0.0,6.48
160464.0,-114.0,-542552.0,0.1,6.23
160468.0,-189.0,-542327.0,0.033,6.48
160475.0,-241.0,-542825.0,0.033,6.23
160480.0,17.0,-542510.0,0.05,6.96
160485.0,372.0,-542305.0,-0.058,6.48
160490.0,-46.0,-542161.0,0.008,6.48
160495.0,-38.0,-542122.0,0.042,7.21
160500.0,213.0,-542393.0,0.008,6.48
160506.0,-383.0,-542467.0,0.05,6.48
160512.0,-121.0,-542315.0,-0.05,6.48
160517.0,-175.0,-542100.0,0.083,6.72
160522.0,84.0,-542117.0,0.033,6.72
160528.0,-48.0,-541817.0,0.067,6.48
160533.0,-52.0,-541914.0,0.117,6.96
160537.0,-47.0,-542009.0,-0.05,6.23
160543.0,-307.0,-541639.0,0.008,6.96
160548.0,-43.0,-541424.0,0.075,6.23
160553.0,34.0,-541625.0,0.025,6.23
160559.0,-230.0,-541509.0,0.008,6.72
160565.0,-336.0,-541686.0,0.025,6.48
160569.0,-343.0,-541645.0,0.042,6.23
160575.0,-317.0,-541159.0,0.067,6.48
160580.0,-579.0,-541066.0,0.0,6.96
160585.0,-294.0,-541141.0,0.05,6.23
160590.0,138.0,-541405.0,0.05,6.48
160595.0,-328.0,-541212.0,0.017,7.21
160601.0,-565.0,-541137.0,-0.058,6.48
160607.0,-9.0,-540975.0,0.05,6.72
160612.0,-35.0,-541164.0,-0.092,6.48
160616.0,-144.0,-541117.0,0.008,6.96
160622.0,-116.0,-541145.0,-0.05,6.48
160627.0,102.0,-541034.0,0.033,6.23
160632.0,-205.0,-540815.0,0.008,6.48
160637.0,-69.0,-540671.0,0.075,5.74
160643.0,-131.0,-540668.0,-0.033,6.23
160648.0,-434.0,-540439.0,-0.075,6.96
160653.0,-253.0,-540609.0,0.033,6.72
160658.0,-299.0,-540508.0,-0.042,7.94
160663.0,-182.0,-540201.0,0.017,6.96
160669.0,-288.0,-539943.0,0.058,5.01
160674.0,468.0,-540082.0,0.025,6.96
160678.0,317.0,-540157.0,-0.033,6.23
160685.0,117.0,-540269.0,0.033,6.48
160690.0,137.0,-540060.0,-0.058,6.72
160695.0,-188.0,-540315.0,-0.017,6.23
160700.0,-34.0,-540099.0,-0.025,6.48
160705.0,-130.0,-540236.0,0.042,6.72
160710.0,-281.0,-539949.0,0.067,6.48
160715.0,-204.0,-539487.0,0.058,6.72
160720.0,-260.0,-539778.0,-0.025,6.72
160726.0,-387.0,-540103.0,-0.108,6.48
160732.0,-67.0,-539673.0,0.083,6.48
160737.0,-65.0,-539154.0,0.0,6.23
160741.0,-130.0,-539879.0,0.05,6.23
160747.0,-360.0,-539381.0,0.0,8.19
160752.0,2.0,-539618.0,-0.042,6.23
160757.0,-39.0,-539523.0,0.017,6.96
160762.0,-163.0,-539293.0,-0.05,6.48
160768.0,-83.0,-539002.0,0.083,6.23
160773.0,80.0,-539123.0,-0.05,6.96
160779.0,-364.0,-539159.0,-0.067,6.23
160784.0,-74.0,-539006.0,0.0,6.96
160788.0,-19.0,-538927.0,0.058,6.48
160794.0,-83.0,-538561.0,0.05,6.48
160799.0,-249.0,-538690.0,0.0,6.96
160804.0,-120.0,-538987.0,0.0,6.96
160809.0,-6.0,-538919.0,-0.017,6.48
160815.0,-18.0,-538722.0,0.092,6.72
160820.0,-189.0,-538861.0,0.092,6.48
160826.0,-149.0,-538875.0,0.008,6.48
160831.0,-41.0,-538364.0,0.092,6.23
160835.0,-196.0,-538495.0,-0.008,6.72
160840.0,-9.0,-538680.0,-0.05,6.96
160845.0,524.0,-538405.0,0.0,6.23
160849.0,-35.0,-538366.0,-0.025,6.72
160855.0,-171.0,-538243.0,0.042,6.48
160861.0,-48.0,-538483.0,0.017,6.72
160866.0,42.0,-538364.0,0.0,6.96
160871.0,-440.0,-538143.0,0.075,6.23
160876.0,-581.0,-538239.0,0.0,6.23
160881.0,-125.0,-538216.0,0.008,6.48
160886.0,-473.0,-538271.0,0.008,6.48
160891.0,-398.0,-538211.0,0.108,6.72
160898.0,-312.0,-537949.0,-0.025,6.48
160903.0,-122.0,-537968.0,-0.083,6.48
160908.0,83.0,-537479.0,-0.042,6.23
160912.0,-294.0,-537498.0,-0.008,6.72
160917.0,-196.0,-537589.0,0.033,6.23
160923.0,-431.0,-537623.0,-0.058,6.72
160928.0,243.0,-537552.0,0.025,6.23
160933.0,-145.0,-537995.0,0.025,6.48
160939.0,40.0,-537547.0,0.058,6.48
160944.0,-196.0,-537448.0,0.05,7.94
160949.0,200.0,-537453.0,0.008,6.72
160954.0,503.0,-537535.0,0.1,6.48
160960.0,-217.0,-537092.0,0.058,6.48
160965.0,-19.0,-537299.0,0.017,6.23
160970.0,-40.0,-537377.0,0.033,6.48
160974.0,41.0,-537400.0,0.017,6.48
160980.0,-307.0,-537011.0,0.092,6.96
160986.0,-236.0,-537041.0,0.017,6.23
160991.0,248.0,-537062.0,-0.017,6.48
160996.0,-342.0,-536751.0,0.008,6.96
161001.0,-347.0,-536743.0,-0.042,6.96
161006.0,35.0,-536578.0,0.033,6.23
161011.0,-205.0,-536711.0,0.0,6.23
161016.0,-504.0,-536769.0,0.0,6.23
161022.0,60.0,-536690.0,0.042,6.48
161028.0,-140.0,-536651.0,0.042,6.23
161033.0,-421.0,-536849.0,0.042,6.96
161038.0,-79.0,-536394.0,-0.042,6.48
161043.0,-97.0,-536609.0,-0.025,6.48
161048.0,28.0,-536495.0,0.083,6.23
161053.0,-199.0,-536502.0,-0.183,6.48
161058.0,379.0,-536623.0,0.0,6.72
161063.0,-118.0,-535793.0,0.083,6.23
161069.0,-34.0,-536108.0,0.058,7.21
161074.0,-38.0,-536281.0,0.05,6.23
161079.0,141.0,-535703.0,0.083,6.72
161085.0,-237.0,-535542.0,-0.092,6.23
161090.0,-219.0,-535849.0,0.033,6.23
161095.0,30.0,-536073.0,0.075,6.48
161100.0,82.0,-535822.0,-0.075,6.48
161105.0,-198.0,-535639.0,0.067,6.23
161111.0,-5.0,-535797.0,-0.058,6.48
161116.0,35.0,-535424.0,0.067,6.23
161121.0,-127.0,-535485.0,-0.017,6.48
161126.0,-126.0,-535453.0,-0.042,6.23
161132.0,-102.0,-535572.0,0.058,6.96
161137.0,-122.0,-535293.0,0.058,6.72
161142.0,19.0,-535129.0,0.017,6.23
161147.0,-306.0,-534662.0,0.025,6.23
161153.0,-270.0,-535018.0,-0.017,6.48
161158.0,-49.0,-535032.0,0.017,6.48
161163.0,-364.0,-535415.0,0.1,6.96
161168.0,210.0,-535616.0,-0.042,6.48
161173.0,241.0,-534798.0,-0.008,6.23
161178.0,-133.0,-534591.0,0.017,6.23
161184.0,-153.0,-534910.0,-0.025,6.48
161189.0,-104.0,-534834.0,-0.025,6.48
161193.0,153.0,-535085.0,0.058,6.23
161200.0,123.0,-534831.0,0.058,6.48
161205.0,134.0,-535011.0,0.083,6.72
161210.0,137.0,-535160.0,0.025,6.48
161215.0,-209.0,-534464.0,-0.017,6.23
161220.0,-86.0,-534572.0,0.058,6.23
161225.0,-199.0,-534575.0,0.067,6.23
161231.0,-615.0,-534951.0,0.008,6.48
161236.0,-170.0,-534489.0,0.0,6.72
161242.0,27.0,-534570.0,0.05,6.96
161247.0,-49.0,-534541.0,-0.058,6.23
161252.0,-100.0,-534591.0,-0.025,7.45
161257.0,116.0,-534470.0,-0.042,6.48
161262.0,208.0,-534329.0,0.075,6.96
161267.0,-293.0,-534191.0,0.067,6.96
161272.0,-58.0,-534314.0,-0.017,6.48
161277.0,-214.0,-533920.0,-0.042,6.48
161284.0,-289.0,-533964.0,0.017,6.96
161288.0,-454.0,-533915.0,0.108,6.23
161294.0,-198.0,-533937.0,-0.025,6.23
161299.0,-183.0,-533485.0,0.092,6.96
161304.0,24.0,-533502.0,0.033,6.23
161309.0,-488.0,-533890.0,-0.025,7.21
161314.0,-523.0,-533406.0,0.042,6.72
161319.0,-120.0,-533643.0,0.0,6.96
161325.0,-178.0,-533982.0,-0.025,6.72
161330.0,-157.0,-533196.0,0.017,6.96
161335.0,-204.0,-533617.0,0.067,6.23
161341.0,-130.0,-533731.0,0.075,6.96
161346.0,-173.0,-533309.0,0.008,6.23
161350.0,282.0,-533134.0,-0.008,6.96
161356.0,2.0,-533568.0,0.017,6.96
161361.0,-271.0,-533328.0,0.042,6.48
161367.0,-526.0,-533225.0,-0.017,7.45
161372.0,-378.0,-532907.0,-0.017,6.48
161378.0,-309.0,-533049.0,0.125,6.96
161382.0,-328.0,-533002.0,0.092,6.48
161387.0,46.0,-533123.0,-0.008,6.23
161393.0,-227.0,-532799.0,0.05,6.48
161397.0,-230.0,-532824.0,0.108,6.48
161403.0,-516.0,-533266.0,0.075,6.48
161409.0,-109.0,-532774.0,0.075,6.48
161414.0,2.0,-532969.0,0.058,6.48
161419.0,-64.0,-532569.0,0.067,6.48
161424.0,-51.0,-532465.0,0.117,6.48
161429.0,-392.0,-532664.0,-0.05,6.48
161435.0,-324.0,-532382.0,-0.008,6.23
161440.0,269.0,-532092.0,0.067,6.48
161444.0,-64.0,-532147.0,-0.05,6.48
161451.0,-262.0,-532315.0,0.075,6.23
161456.0,-268.0,-532275.0,-0.033,7.21
161461.0,-145.0,-532346.0,0.042,6.72
161466.0,-633.0,-531971.0,0.125,6.48
161472.0,147.0,-532087.0,0.008,6.23
161477.0,-8.0,-531860.0,-0.042,6.72
161482.0,-86.0,-531967.0,0.058,6.23
161487.0,10.0,-531721.0,0.05,6.96
161492.0,239.0,-531912.0,0.075,6.96
161498.0,-301.0,-531625.0,-0.067,6.23
161504.0,-365.0,-531763.0,0.05,6.23
161509.0,-478.0,-531809.0,0.025,6.72
161513.0,13.0,-531582.0,-0.025,6.48
161519.0,-183.0,-531600.0,0.0,6.96
161524.0,-246.0,-531372.0,0.075,6.48
161529.0,-221.0,-531057.0,-0.017,6.48
161534.0,29.0,-531611.0,0.075,6.48
161540.0,-20.0,-531395.0,0.033,6.72
161545.0,-343.0,-531100.0,-0.008,6.72
161551.0,87.0,-531516.0,0.008,6.23
161556.0,156.0,-531450.0,-0.025,6.48
161560.0,45.0,-531333.0,0.075,6.48
161566.0,-219.0,-530691.0,0.058,6.48
161572.0,-69.0,-531151.0,-0.092,6.48
161576.0,-262.0,-531236.0,0.058,6.48
161582.0,-86.0,-530867.0,0.083,6.72
161588.0,156.0,-531073.0,0.017,6.48
161593.0,-135.0,-531124.0,-0.075,6.96
161598.0,-295.0,-530753.0,0.075,6.48
161603.0,71.0,-530745.0,0.075,7.21
161608.0,-158.0,-530796.0,-0.008,6.23
161613.0,198.0,-530863.0,-0.042,6.48
161619.0,96.0,-530909.0,0.125,6.23
161624.0,183.0,-530608.0,0.0,7.21
161629.0,-206.0,-530283.0,0.05,5.74
161635.0,-50.0,-530315.0,-0.017,6.48
161639.0,-255.0,-530258.0,0.025,6.23
161644.0,-257.0,-530363.0,0.017,6.96
161650.0,79.0,-530231.0,0.108,6.72
161655.0,-58.0,-530128.0,-0.008,6.96
161660.0,-252.0,-530257.0,0.0,7.7
161666.0,-454.0,-529927.0,0.1,6.23
161671.0,-355.0,-529908.0,-0.008,6.23
161676.0,-73.0,-530077.0,0.058,6.48
161682.0,-467.0,-530043.0,0.058,6.96
161686.0,-282.0,-530044.0,0.067,6.72
161691.0,-29.0,-529633.0,-0.008,6.23
161697.0,-175.0,-529621.0,0.008,6.48
161701.0,-382.0,-529692.0,0.117,6.96
161708.0,-178.0,-529844.0,-0.058,6.96
161714.0,-258.0,-530064.0,0.008,6.48
161719.0,-438.0,-529526.0,0.092,6.23
161724.0,-145.0,-529525.0,0.033,6.23
161730.0,203.0,-529529.0,0.042,6.23
161735.0,-175.0,-529507.0,0.092,6.48
161741.0,-143.0,-529695.0,-0.05,6.72
161745.0,-296.0,-529692.0,0.1,6.48
161752.0,270.0,-529151.0,-0.05,6.96
161757.0,-476.0,-529427.0,0.008,6.48
161762.0,-385.0,-529490.0,-0.058,6.96
161767.0,-48.0,-528983.0,0.042,6.23
161772.0,24.0,-529605.0,-0.033,6.23
161777.0,79.0,-529208.0,-0.058,6.48
161782.0,-43.0,-529010.0,-0.017,6.72
161788.0,-221.0,-528724.0,-0.008,6.72
161794.0,-348.0,-528561.0,0.017,6.48
161798.0,-127.0,-529270.0,-0.008,6.23
161804.0,93.0,-528750.0,0.042,8.19
161808.0,-12.0,-528711.0,-0.025,6.23
161814.0,-30.0,-528751.0,0.067,6.96
161820.0,-380.0,-528653.0,0.067,6.72
161825.0,-368.0,-528439.0,0.033,6.48
161830.0,-629.0,-528246.0,0.033,6.72
161836.0,5.0,-528518.0,0.075,6.48
161842.0,197.0,-528260.0,-0.008,6.48
161848.0,-527.0,-528282.0,-0.008,6.23
161852.0,-138.0,-528007.0,0.15,6.23
161858.0,218.0,-527931.0,0.083,6.23
161863.0,-8.0,-528029.0,0.083,6.72
161869.0,-140.0,-527861.0,-0.008,6.48
161874.0,103.0,-527920.0,0.067,6.23
161880.0,-57.0,-527796.0,0.033,6.48
161886.0,89.0,-527776.0,-0.033,6.23
161891.0,-151.0,-528078.0,0.0,6.23
161896.0,-282.0,-528073.0,0.075,6.48
161902.0,-344.0,-527969.0,0.092,6.48
161907.0,-178.0,-527739.0,0.083,6.96
161913.0,-452.0,-527365.0,-0.033,6.23
161917.0,-331.0,-527926.0,-0.042,6.48
161924.0,-519.0,-527592.0,0.033,6.48
161930.0,61.0,-527570.0,0.025,6.23
161935.0,-233.0,-527672.0,0.033,6.48
161940.0,-98.0,-527571.0,0.017,6.23
161945.0,-412.0,-527487.0,0.008,6.96
161951.0,-60.0,-527163.0,0.075,7.21
161957.0,-198.0,-527441.0,-0.008,6.72
161961.0,-123.0,-527222.0,0.025,6.48
161968.0,-343.0,-527098.0,0.017,6.48
161973.0,-371.0,-527090.0,0.05,6.23
161979.0,-223.0,-527170.0,-0.017,6.48
161984.0,-256.0,-527107.0,-0.008,7.21
161989.0,-186.0,-526937.0,0.05,6.72
161995.0,-316.0,-526961.0,0.017,6.72
162000.0,-46.0,-526909.0,0.033,6.48
162006.0,55.0,-526816.0,-0.017,6.23
162012.0,-377.0,-526924.0,0.05,6.48
162017.0,-55.0,-526826.0,0.033,6.48
162022.0,-265.0,-526797.0,0.025,6.72
162027.0,-392.0,-526626.0,0.15,6.96
162033.0,-358.0,-526682.0,0.0,6.48
162038.0,46.0,-526646.0,0.058,6.23
162043.0,-267.0,-526721.0,-0.058,6.72
162049.0,-470.0,-526501.0,0.017,6.72
162055.0,-154.0,-526355.0,-0.033,5.5
162060.0,-214.0,-526242.0,0.025,6.23
162064.0,-353.0,-526493.0,0.0,6.48
162070.0,-429.0,-526553.0,-0.033,6.23
162075.0,-245.0,-526404.0,0.05,6.48
162080.0,-250.0,-526259.0,0.05,6.48
162085.0,24.0,-526263.0,0.025,6.48
162091.0,130.0,-526364.0,0.008,6.48
162096.0,-397.0,-526175.0,0.067,6.23
162102.0,-517.0,-526105.0,0.033,6.23
162107.0,-113.0,-526032.0,0.025,6.48
162112.0,-136.0,-525739.0,0.083,6.96
162117.0,-48.0,-525935.0,0.008,6.48
162122.0,-2.0,-525658.0,0.1,6.23
162127.0,143.0,-525811.0,0.067,6.96
162134.0,-403.0,-525819.0,-0.025,6.48
162139.0,-381.0,-525739.0,0.033,6.72
162144.0,-351.0,-525604.0,0.008,6.72
162149.0,-506.0,-525551.0,0.042,6.96
162155.0,-228.0,-525647.0,0.075,6.48
162160.0,-56.0,-525996.0,0.017,6.72
162164.0,-219.0,-525397.0,0.033,6.23
162170.0,129.0,-525177.0,0.025,6.48
162176.0,-63.0,-525370.0,-0.017,6.23
162181.0,170.0,-525273.0,-0.025,6.96
162186.0,156.0,-525321.0,0.058,6.23
162191.0,-140.0,-525496.0,0.042,6.96
162196.0,-189.0,-525115.0,0.008,6.48
162202.0,107.0,-524869.0,0.042,6.23
162207.0,-423.0,-525204.0,-0.042,6.23
162212.0,-46.0,-524787.0,0.142,6.72
162217.0,-538.0,-524811.0,-0.017,6.23
162223.0,138.0,-524840.0,0.067,6.48
162228.0,-149.0,-524681.0,0.033,6.72
162234.0,-333.0,-524575.0,0.067,6.23
162239.0,-505.0,-524857.0,0.017,6.48
162244.0,-303.0,-524704.0,0.067,6.48
162249.0,-260.0,-524637.0,0.008,6.72
162255.0,-44.0,-524161.0,0.075,6.23
162260.0,-382.0,-524208.0,0.042,6.96
162265.0,-381.0,-524491.0,0.075,6.23
162271.0,39.0,-524119.0,0.058,6.48
162276.0,-219.0,-524094.0,-0.042,6.48
162281.0,-232.0,-523965.0,0.125,6.23
162286.0,-118.0,-524155.0,0.025,6.48
162292.0,-260.0,-523850.0,0.058,6.72
162296.0,-303.0,-523845.0,0.008,6.48
162302.0,111.0,-524285.0,0.025,6.48
162308.0,-129.0,-523779.0,0.067,6.23
162314.0,-271.0,-523874.0,0.042,6.96
162318.0,-298.0,-524183.0,0.1,6.72
162324.0,432.0,-523843.0,0.008,6.48
162329.0,300.0,-523496.0,0.058,6.72
162334.0,165.0,-523453.0,0.033,7.45
162339.0,-173.0,-523569.0,0.058,6.23
162345.0,-205.0,-523658.0,0.008,6.48
162350.0,-124.0,-523481.0,-0.042,6.48
162356.0,-596.0,-523553.0,0.083,6.23
162361.0,-68.0,-523547.0,0.075,7.21
162367.0,78.0,-523460.0,0.042,6.72
162371.0,-307.0,-523553.0,0.025,6.23
162377.0,123.0,-523415.0,0.083,6.23
162382.0,-289.0,-523228.0,-0.067,6.96
162387.0,-274.0,-522913.0,0.133,6.23
162393.0,-184.0,-523165.0,0.1,6.48
162398.0,-38.0,-523038.0,0.067,6.72
162403.0,177.0,-522813.0,-0.025,6.72
162409.0,97.0,-523209.0,0.033,6.23
162414.0,243.0,-523116.0,-0.042,6.23
162418.0,514.0,-522703.0,0.133,6.23
162424.0,-174.0,-523141.0,0.042,6.23
162429.0,-82.0,-522906.0,-0.092,6.96
162435.0,-35.0,-522621.0,0.017,6.23
162440.0,-114.0,-522792.0,-0.025,6.23
162445.0,-314.0,-522387.0,0.017,6.48
162450.0,-163.0,-522897.0,0.033,5.99
162455.0,-213.0,-522675.0,-0.008,6.72
162461.0,-77.0,-522530.0,-0.083,6.48
162465.0,62.0,-522245.0,-0.008,6.72
162471.0,-4.0,-522341.0,-0.067,6.48
162477.0,2.0,-522576.0,0.067,6.48
162481.0,-607.0,-522413.0,0.008,7.21
162487.0,-69.0,-522431.0,-0.058,6.96
162492.0,113.0,-522204.0,0.042,6.96
162497.0,-40.0,-521893.0,0.083,6.23
162502.0,-180.0,-521771.0,-0.042,6.48
162508.0,256.0,-522396.0,0.05,6.72
162512.0,79.0,-521899.0,0.0,6.23
162518.0,-248.0,-521774.0,-0.067,6.72
162523.0,-204.0,-522109.0,0.067,6.72
162528.0,59.0,-522011.0,-0.017,6.23
162533.0,-251.0,-521446.0,0.008,6.96
162538.0,9.0,-521643.0,-0.017,6.23
162543.0,158.0,-521575.0,0.0,6.48
162549.0,-168.0,-521506.0,0.083,6.23
162554.0,-128.0,-521659.0,0.133,6.72
162560.0,3.0,-521317.0,0.108,6.23
162565.0,-155.0,-521118.0,-0.05,6.48
162570.0,-291.0,-521337.0,0.042,6.23
162575.0,-340.0,-521291.0,0.075,6.48
162581.0,-50.0,-521349.0,0.042,6.72
162586.0,-114.0,-521258.0,-0.067,6.72
162591.0,-13.0,-521479.0,0.075,6.48
162595.0,172.0,-521270.0,0.017,6.23
162600.0,-38.0,-521315.0,0.025,6.72
162607.0,-33.0,-520979.0,-0.008,6.48
162612.0,31.0,-521078.0,0.017,6.48
162617.0,-167.0,-520975.0,0.092,6.72
162622.0,-244.0,-521129.0,0.083,6.23
162627.0,52.0,-521114.0,-0.042,6.48
162632.0,142.0,-520959.0,0.058,6.23
162637.0,37.0,-520569.0,-0.017,6.23
162642.0,-125.0,-520526.0,0.058,6.23
162648.0,75.0,-520619.0,0.067,6.48
162654.0,62.0,-520603.0,0.133,6.96
162659.0,-58.0,-520702.0,0.008,6.23
162664.0,-258.0,-520157.0,-0.042,6.48
162669.0,-47.0,-520435.0,-0.017,6.23
162674.0,155.0,-520438.0,-0.025,7.45
162679.0,-121.0,-520061.0,0.017,6.48
162684.0,42.0,-520175.0,0.0,6.48
162690.0,-263.0,-520252.0,-0.025,6.48
162695.0,-319.0,-520459.0,0.05,6.48
162700.0,-426.0,-520453.0,-0.042,6.48
162705.0,288.0,-520522.0,0.017,6.48
162711.0,14.0,-520523.0,0.025,6.23
162716.0,-205.0,-520083.0,0.008,6.48
162721.0,-355.0,-519978.0,0.008,6.72
162726.0,-231.0,-520033.0,-0.033,6.96
162732.0,-278.0,-519797.0,0.092,6.48
162737.0,-475.0,-519550.0,-0.042,6.48
162742.0,-141.0,-519789.0,0.008,6.48
162747.0,112.0,-520075.0,0.05,6.72
162752.0,-186.0,-519960.0,0.058,6.48
162757.0,92.0,-519885.0,-0.017,6.48
162762.0,-139.0,-519565.0,-0.075,6.23
162768.0,-323.0,-519448.0,0.042,6.48
162774.0,-521.0,-519539.0,0.083,6.72
162779.0,-770.0,-519423.0,-0.008,6.48
162784.0,-330.0,-519394.0,0.058,6.48
162789.0,-236.0,-519511.0,-0.008,6.23
162794.0,189.0,-519723.0,0.05,6.23
162799.0,68.0,-519486.0,-0.008,6.72
162805.0,-190.0,-519108.0,0.033,6.23
162810.0,-435.0,-519620.0,-0.017,6.48
162814.0,-22.0,-519445.0,0.042,6.96
162821.0,-136.0,-518836.0,0.05,6.72
162826.0,-211.0,-519294.0,-0.017,6.48
162831.0,-445.0,-519179.0,-0.058,6.23
162836.0,-319.0,-519376.0,0.008,6.96
162841.0,-370.0,-519072.0,0.108,6.48
162846.0,-143.0,-518841.0,0.042,6.48
162851.0,-21.0,-518941.0,0.067,6.23
162857.0,-54.0,-518945.0,-0.042,6.48
162862.0,-599.0,-519142.0,0.008,6.23
162867.0,53.0,-518501.0,-0.025,6.48
162872.0,6.0,-518722.0,0.15,7.21
162877.0,-436.0,-519147.0,-0.05,7.45
162882.0,-263.0,-518607.0,0.017,6.96
162887.0,242.0,-518582.0,0.05,6.96
162892.0,126.0,-518763.0,-0.033,6.23
162897.0,-325.0,-518189.0,0.133,6.23
162903.0,314.0,-518402.0,-0.083,6.48
162909.0,146.0,-518568.0,0.108,6.23
162914.0,217.0,-518570.0,0.108,6.23
162918.0,-650.0,-518331.0,0.05,6.23
162924.0,-536.0,-518140.0,0.083,6.48
162929.0,-1015.0,-518070.0,-0.008,6.23
162933.0,112.0,-518221.0,0.042,6.23
162939.0,108.0,-518357.0,-0.008,6.72
162945.0,27.0,-518033.0,0.017,6.48
162950.0,-114.0,-518176.0,-0.042,6.48
162955.0,-56.0,-518256.0,0.075,6.23
162961.0,119.0,-517926.0,0.083,6.48
162965.0,-140.0,-517685.0,0.083,6.23
162971.0,-298.0,-517429.0,0.058,6.48
162976.0,97.0,-517719.0,0.075,6.23
162981.0,-294.0,-517830.0,0.083,6.48
162987.0,-302.0,-518067.0,-0.017,6.48
162992.0,-251.0,-517939.0,-0.033,6.23
162997.0,-280.0,-517970.0,0.0,6.48
163002.0,-26.0,-517598.0,0.108,6.23
163007.0,-31.0,-517646.0,0.058,6.23
163012.0,-32.0,-517411.0,-0.017,6.23
163017.0,-208.0,-517245.0,0.092,6.96
163023.0,-123.0,-517583.0,0.033,6.48
163027.0,-242.0,-517106.0,0.008,6.72
163034.0,52.0,-517144.0,0.067,6.48
163039.0,-9.0,-517084.0,0.058,6.23
163044.0,-338.0,-517025.0,-0.1,6.48
163049.0,-60.0,-517109.0,-0.208,6.48
163054.0,21.0,-518399.0,0.842,6.96
163059.0,86.0,-520376.0,5.808,5.99
163065.0,-6.0,-564644.0,14.833,7.45
163070.0,1001.0,-655382.0,3.567,8.68
163075.0,-1420.0,-705919.0,15.433,10.39
163079.0,-121.0,-836648.0,15.967,12.1
163083.0,-354.0,-911619.0,13.817,13.07
163087.0,-659.0,-978776.0,8.808,14.3
163093.0,-559.0,-1102164.0,12.533,15.52
163097.0,-78.0,-1165081.0,13.758,16.01
163101.0,115.0,-1291050.0,10.55,16.98
163105.0,-104.0,-1350987.0,10.2,17.47
163109.0,41.0,-1410374.0,11.525,18.7
163113.0,150.0,-1471595.0,11.383,20.89
163117.0,5.0,-1594134.0,10.408,23.09
163122.0,344.0,-1652857.0,10.15,26.52
163126.0,107.0,-1710856.0,11.408,29.45
163130.0,-294.0,-1828979.0,10.683,32.62
163134.0,-667.0,-1884470.0,8.533,36.78
163138.0,-492.0,-1940153.0,10.25,40.2
163142.0,-149.0,-2053400.0,9.442,42.16
163146.0,-426.0,-2108093.0,8.267,40.69
163150.0,-29.0,-2162532.0,10.158,38.73
163154.0,192.0,-2217885.0,9.717,37.51
163159.0,-157.0,-2325232.0,8.05,35.31
163163.0,-348.0,-2377565.0,8.4,34.09
163167.0,-365.0,-2482982.0,7.858,34.58
163171.0,-382.0,-2533933.0,7.833,34.34
163175.0,11.0,-2584370.0,8.508,34.34
163181.0,-301.0,-2685152.0,7.217,34.09
163185.0,-424.0,-2733175.0,6.792,33.11
163189.0,-119.0,-2827856.0,6.708,34.09
163193.0,58.0,-2875007.0,6.625,30.91
163197.0,-281.0,-2921518.0,7.192,29.94
163202.0,-44.0,-3013453.0,7.058,28.96
163207.0,49.0,-3059342.0,5.708,28.23
163213.0,-387.0,-3145920.0,5.558,27.74
163217.0,-274.0,-3189235.0,5.608,27.49
163220.0,-21.0,-3274130.0,5.692,26.76
163225.0,18.0,-3315821.0,5.983,26.27
163231.0,-240.0,-3398769.0,4.867,25.29
163235.0,-65.0,-3439224.0,4.625,25.05
163240.0,-57.0,-3518521.0,4.933,23.83
163247.0,-245.0,-3595949.0,5.225,24.07
163251.0,-278.0,-3633412.0,5.275,22.61
163254.0,-95.0,-3670811.0,4.733,22.12
163259.0,-424.0,-3743734.0,4.033,22.36
163263.0,-303.0,-3778835.0,4.083,21.14
163267.0,92.0,-3848424.0,4.225,20.89
163272.0,-199.0,-3882663.0,4.792,20.41
163276.0,-318.0,-3916308.0,4.35,20.41
163280.0,-583.0,-3981779.0,3.992,19.43
163284.0,-172.0,-4014056.0,3.675,19.18
163288.0,171.0,-4045979.0,3.708,18.7
163292.0,-124.0,-4077720.0,3.9,18.45
163297.0,-193.0,-4139213.0,4.067,18.21
163301.0,-228.0,-4168906.0,3.725,17.96
163305.0,-47.0,-4228695.0,3.3,17.72
163310.0,-112.0,-4258448.0,3.1,17.72
163314.0,-391.0,-4287285.0,2.967,16.98
163317.0,-560.0,-4344072.0,3.517,16.74
163321.0,-245.0,-4371431.0,3.783,16.25
163328.0,-223.0,-4425253.0,3.033,16.01
163332.0,-362.0,-4452174.0,2.792,15.76
163336.0,-329.0,-4478007.0,2.425,15.76
163340.0,-260.0,-4529726.0,2.558,15.52
163344.0,-351.0,-4555135.0,2.983,15.03
163348.0,-280.0,-4579264.0,2.958,15.03
163352.0,-351.0,-4603705.0,2.267,14.78
163355.0,32.0,-4651490.0,2.333,15.27
163360.0,-51.0,-4675449.0,2.0,14.3
163365.0,-80.0,-4722828.0,2.308,14.05
163372.0,-358.0,-4768104.0,2.95,13.81
163376.0,-351.0,-4790435.0,2.233,13.81
163379.0,-260.0,-4812506.0,1.583,13.81
163383.0,-271.0,-4856431.0,1.942,13.32
163387.0,-246.0,-4877372.0,1.325,12.83
163391.0,-115.0,-4898219.0,2.017,13.07
163395.0,128.0,-4918986.0,2.433,13.32
163399.0,-201.0,-4959323.0,1.775,12.83
163403.0,-164.0,-4979078.0,1.558,12.34
163407.0,-121.0,-4998511.0,1.5,12.83
163414.0,-413.0,-5036965.0,1.742,12.34
163417.0,-232.0,-5055896.0,1.808,11.85
163421.0,-413.0,-5093431.0,2.325,12.59
163425.0,-206.0,-5111090.0,1.625,11.85
163429.0,-117.0,-5128915.0,1.658,11.85
163433.0,-64.0,-5146954.0,2.792,11.61
163438.0,-37.0,-5182507.0,1.892,11.61
163444.0,-57.0,-5216845.0,1.033,11.12
163449.0,-361.0,-5244539.0,1.517,10.87
163453.0,-334.0,-5255570.0,0.017,10.87
163458.0,-191.0,-5264741.0,0.683,10.87
163463.0,-92.0,-5277344.0,1.192,10.39
163468.0,-298.0,-5282986.0,1.217,10.63
163472.0,-197.0,-5283555.0,1.508,10.39
163476.0,28.0,-5283926.0,0.667,10.14
163481.0,-431.0,-5283578.0,0.383,9.16
163487.0,-307.0,-5280658.0,1.042,9.41
163493.0,-255.0,-5277140.0,0.183,8.68
163499.0,-276.0,-5274919.0,0.117,9.41
163504.0,-352.0,-5270263.0,0.325,8.19
163510.0,-220.0,-5265547.0,0.667,7.94
163516.0,-116.0,-5260081.0,0.8,8.19
163520.0,-47.0,-5257520.0,0.475,7.21
163525.0,-410.0,-5255073.0,0.317,6.96
163531.0,-406.0,-5246867.0,0.425,6.72
163535.0,-229.0,-5244204.0,0.725,6.96
163542.0,-361.0,-5239160.0,0.558,6.48
163548.0,-459.0,-5234752.0,0.217,6.96
163553.0,-317.0,-5229940.0,0.383,6.72
163559.0,11.0,-5227741.0,0.6,6.72
163563.0,-442.0,-5223706.0,0.45,6.48
163569.0,16.0,-5219608.0,0.283,6.72
163574.0,-256.0,-5215774.0,0.267,6.96
163579.0,-249.0,-5213479.0,0.417,6.72
163585.0,-244.0,-5209619.0,0.367,7.21
163591.0,64.0,-5205975.0,0.308,6.72
163596.0,-170.0,-5204362.0,0.308,6.72
163601.0,-333.0,-5200853.0,0.225,6.72
163607.0,27.0,-5197885.0,0.392,6.96
163612.0,-539.0,-5194009.0,0.425,7.7
163617.0,-718.0,-5192446.0,0.308,7.7
163622.0,-5.0,-5189332.0,0.175,7.45
163629.0,-523.0,-5185992.0,0.258,6.96
163634.0,-423.0,-5184685.0,0.442,6.96
163639.0,-498.0,-5181690.0,0.275,6.72
163644.0,-322.0,-5178876.0,0.25,7.7
163650.0,-244.0,-5175926.0,0.275,6.96
163655.0,-22.0,-5174421.0,0.25,6.96
163660.0,-49.0,-5171660.0,0.275,6.96
163665.0,-55.0,-5168852.0,0.275,6.96
163672.0,-493.0,-5167473.0,0.067,6.96
163676.0,-180.0,-5163334.0,-0.933,6.72
163682.0,-240.0,-5147188.0,0.708,6.48
163688.0,-68.0,-5122426.0,-0.733,6.48
163692.0,-75.0,-5106759.0,-1.458,5.99
163698.0,-584.0,-5071031.0,-0.825,6.48
163703.0,50.0,-5031677.0,0.55,6.48
163708.0,116.0,-5011018.0,-1.283,5.99
163714.0,-131.0,-4967883.0,-0.633,5.25
163720.0,-271.0,-4922365.0,-1.633,4.28
163725.0,-219.0,-4875375.0,-1.225,4.77
163731.0,-255.0,-4851394.0,-0.35,5.25
163735.0,-280.0,-4801703.0,-0.883,4.77
163741.0,-288.0,-4750907.0,-1.575,4.03
163746.0,-396.0,-4724722.0,-1.1,3.54
163751.0,-53.0,-4671971.0,-1.092,3.54
163758.0,-367.0,-4618143.0,-1.225,3.3
163763.0,-131.0,-4561875.0,-1.442,3.3
163768.0,23.0,-4532898.0,-1.608,2.81
163773.0,156.0,-4475549.0,-1.458,3.05
163779.0,-388.0,-4416801.0,-1.042,3.54
163784.0,-498.0,-4386544.0,-1.45,3.05
163789.0,-367.0,-4325405.0,-1.725,2.57
163794.0,-59.0,-4261961.0,-1.533,2.32
163801.0,-19.0,-4198159.0,-1.517,1.34
163806.0,-17.0,-4165686.0,-1.267,1.83
163811.0,-260.0,-4099449.0,-1.958,1.59
163817.0,-494.0,-4031751.0,-2.25,1.83
163822.0,-2.0,-3962281.0,-1.867,1.1
163827.0,-122.0,-3927632.0,-1.758,1.1
163832.0,-57.0,-3855463.0,-2.233,1.34
163838.0,-95.0,-3781231.0,-2.433,2.08
163844.0,-45.0,-3743414.0,-2.967,0.86
163849.0,98.0,-3666479.0,-2.458,0.61
163854.0,-78.0,-3588149.0,-2.367,-0.37
163859.0,66.0,-3548060.0,-3.483,0.61
163864.0,-131.0,-3466075.0,-3.408,-0.61
163870.0,-271.0,-3382637.0,-3.567,-2.32
163875.0,37.0,-3299513.0,-3.15,-1.1
163881.0,-113.0,-3257256.0,-3.2,-1.1
163886.0,-226.0,-3169447.0,-4.133,-2.08
163892.0,-338.0,-3079131.0,-4.917,-1.83
163897.0,-390.0,-3034032.0,-4.125,-2.57
163902.0,9.0,-2943735.0,-4.342,-2.81
163907.0,-116.0,-2850087.0,-4.708,-3.54
163912.0,-100.0,-2801626.0,-5.792,-4.28
163917.0,-157.0,-2704783.0,-6.333,-4.03
163923.0,-585.0,-2608085.0,-5.575,-5.5
163929.0,-189.0,-2509773.0,-6.05,-5.99
163935.0,-355.0,-2459384.0,-6.675,-6.72
163939.0,-672.0,-2359411.0,-7.8,-7.45
163945.0,-380.0,-2261467.0,-7.608,-8.19
163950.0,-122.0,-2212628.0,-7.683,-8.92
163955.0,-159.0,-2112669.0,-8.158,-10.14
163959.0,-224.0,-2061138.0,-8.8,-10.63
163963.0,-315.0,-1958369.0,-9.4,-11.12
163968.0,-342.0,-1907702.0,-9.9,-11.61
163972.0,-413.0,-1857503.0,-10.258,-12.1
163976.0,-82.0,-1809068.0,-9.575,-13.56
163980.0,-157.0,-1709911.0,-11.175,-13.81
163984.0,-122.0,-1659136.0,-11.408,-14.78
163988.0,-59.0,-1558851.0,-11.875,-16.01
163992.0,-276.0,-1510318.0,-12.35,-16.98
163996.0,-589.0,-1462609.0,-11.975,-17.96
164000.0,-402.0,-1417156.0,-11.875,-18.21
164004.0,-361.0,-1322179.0,-12.708,-19.43
164008.0,-618.0,-1271980.0,-13.025,-20.41
164013.0,-677.0,-1221123.0,-13.125,-21.14
164017.0,-732.0,-1128886.0,-14.05,-21.63
164021.0,-531.0,-1085199.0,-14.658,-21.87
164025.0,-144.0,-1042744.0,-12.175,-23.83
164029.0,-17.0,-999521.0,-12.858,-24.56
164034.0,-821.0,-900818.0,-16.208,-25.54
164038.0,-478.0,-848525.0,-16.333,-25.29
164042.0,-463.0,-762432.0,-15.95,-27.25
164046.0,-476.0,-726941.0,-6.375,-28.23
164051.0,467.0,-656609.0,-13.083,-28.96
164056.0,-444.0,-617040.0,-12.583,-28.96
164060.0,-25.0,-575977.0,-8.842,-29.94
164065.0,-364.0,-499056.0,-9.083,-30.43
164070.0,-230.0,-429396.0,-8.1,-31.16
164075.0,424.0,-403475.0,-0.367,-30.67
164080.0,367.0,-361916.0,-6.275,-30.43
164085.0,-260.0,-334780.0,4.833,-30.18
164091.0,462.0,-326569.0,-0.233,-27.0
164096.0,-1.0,-311944.0,-6.525,-23.58
164102.0,-145.0,-298678.0,3.308,-20.16
164107.0,-309.0,-293559.0,-1.758,-16.98
164112.0,-211.0,-284588.0,-2.125,-13.81
164118.0,-124.0,-279466.0,1.225,-10.87
164123.0,-114.0,-277376.0,-1.45,-6.96
164128.0,-406.0,-276979.0,-0.208,-5.01
164133.0,155.0,-276676.0,0.208,-2.81
164140.0,31.0,-277412.0,-0.817,-1.34
164145.0,-317.0,-278047.0,-0.35,0.37
164149.0,-106.0,-279714.0,-0.292,1.59
164154.0,-249.0,-280919.0,-0.092,2.32
164159.0,209.0,-283604.0,0.342,3.54
164164.0,128.0,-286834.0,-0.592,4.52
164170.0,-148.0,-289948.0,-0.125,5.5
164175.0,-442.0,-291691.0,0.083,6.23
164180.0,-227.0,-295208.0,-0.033,6.96
164186.0,-407.0,-298582.0,-0.208,7.94
164192.0,-3.0,-300349.0,-0.35,9.65
164196.0,-48.0,-303286.0,-0.017,9.41
164201.0,-135.0,-304837.0,0.083,9.41
164206.0,-339.0,-307778.0,0.183,9.41
164211.0,-232.0,-310560.0,-0.15,8.92
164216.0,-724.0,-311837.0,-0.233,8.43
164221.0,-140.0,-314582.0,0.025,8.19
164228.0,-199.0,-316834.0,0.042,7.7
164233.0,-227.0,-317951.0,-0.083,7.7
164238.0,233.0,-320286.0,-0.208,7.7
164243.0,130.0,-322308.0,-0.167,7.45
164248.0,-559.0,-323523.0,-0.058,7.45
164253.0,-149.0,-325190.0,-0.033,6.96
164258.0,-144.0,-327302.0,-0.058,7.7
164263.0,-390.0,-327839.0,-0.05,7.45
164269.0,106.0,-329210.0,0.05,6.72
164274.0,41.0,-331444.0,0.092,6.23
164280.0,-193.0,-332155.0,0.058,6.96
164285.0,-101.0,-333402.0,-0.083,6.48
164290.0,-240.0,-335370.0,0.075,6.48
164295.0,-280.0,-336003.0,-0.25,6.96
164300.0,-240.0,-337668.0,0.167,6.96
164305.0,-91.0,-348666.0,5.833,6.48
164311.0,222.0,-368569.0,12.95,7.7
164316.0,-48.0,-442264.0,6.917,9.16
164321.0,-557.0,-542242.0,9.242,11.36
164326.0,91.0,-597237.0,12.717,12.34
164332.0,-33.0,-726248.0,15.083,14.3
164337.0,-184.0,-859658.0,7.325,15.52
164342.0,-189.0,-919395.0,13.108,16.01
164347.0,471.0,-1046112.0,11.608,16.5
164352.0,210.0,-1108629.0,10.017,17.96
164356.0,-325.0,-1229096.0,11.15,19.67
164360.0,-504.0,-1289337.0,11.617,21.87
164364.0,-375.0,-1351216.0,11.433,24.56
164368.0,-326.0,-1414237.0,10.475,27.49
164372.0,-27.0,-1531224.0,9.742,31.65
164376.0,-382.0,-1591139.0,12.275,35.8
164380.0,-399.0,-1708742.0,10.05,39.96
164384.0,-294.0,-1764965.0,9.05,43.13
164388.0,-109.0,-1822740.0,10.992,44.6
164392.0,-206.0,-1880809.0,9.358,42.64
164397.0,-319.0,-1992512.0,9.15,41.18
164401.0,-120.0,-2049065.0,10.367,38.73
164405.0,-31.0,-2105624.0,9.217,37.27
164410.0,-259.0,-2213409.0,8.65,37.02
164414.0,-38.0,-2266790.0,8.492,36.29
164419.0,-88.0,-2373375.0,8.075,36.29
164424.0,-187.0,-2476729.0,9.117,36.05
164428.0,-336.0,-2528326.0,8.542,35.07
164432.0,-667.0,-2578003.0,7.275,34.58
164436.0,-546.0,-2674782.0,7.333,33.36
164441.0,-269.0,-2723273.0,7.125,31.89
164445.0,-486.0,-2770946.0,7.325,31.16
164449.0,-627.0,-2817747.0,7.408,30.43
164453.0,-166.0,-2911360.0,7.367,29.69
164457.0,-285.0,-2956761.0,6.417,29.2
164461.0,-64.0,-3000850.0,5.908,27.98
164466.0,46.0,-3088132.0,5.808,27.98
164471.0,45.0,-3174480.0,6.517,27.25
164476.0,172.0,-3216955.0,5.9,26.52
164482.0,-658.0,-3301312.0,5.358,25.78
164486.0,-655.0,-3342085.0,4.958,25.29
164492.0,-105.0,-3423428.0,5.025,24.56
164496.0,-168.0,-3462471.0,5.3,24.32
164499.0,-765.0,-3539796.0,5.4,24.07
164503.0,-586.0,-3578287.0,4.717,23.58
164507.0,-253.0,-3616046.0,4.317,22.36
164511.0,38.0,-3652473.0,3.783,21.87
164516.0,-596.0,-3725062.0,4.5,20.89
164523.0,-561.0,-3796244.0,4.125,20.89
164527.0,134.0,-3831655.0,4.108,20.16
164530.0,-317.0,-3866548.0,3.625,19.92
164534.0,-266.0,-3934003.0,3.083,19.43
164538.0,-175.0,-3967228.0,3.442,19.67
164542.0,-56.0,-4000675.0,3.142,18.7
164548.0,42.0,-4065419.0,3.5,18.7
164553.0,-233.0,-4129195.0,2.95,17.72
164557.0,-156.0,-4160438.0,2.925,17.47
164561.0,111.0,-4191189.0,2.117,16.98
164566.0,-324.0,-4252362.0,2.808,16.5
164571.0,101.0,-4282047.0,3.208,16.01
164576.0,5.0,-4340127.0,3.217,16.25
164581.0,-178.0,-4395761.0,2.067,15.52
164585.0,-205.0,-4423468.0,1.708,15.03
164589.0,-188.0,-4451049.0,2.458,15.52
164593.0,-55.0,-4504036.0,2.808,14.54
164598.0,49.0,-4530115.0,2.092,14.3
164604.0,9.0,-4581075.0,2.15,14.3
164610.0,-146.0,-4631013.0,2.367,13.81
164614.0,-173.0,-4655814.0,3.683,14.05
164618.0,-12.0,-4680369.0,2.75,13.56
164623.0,-422.0,-4727860.0,3.042,13.07
164627.0,-321.0,-4750879.0,1.583,12.83
164631.0,-438.0,-4796206.0,1.258,12.83
164635.0,243.0,-4818127.0,1.367,12.83
164639.0,16.0,-4840450.0,1.342,12.59
164644.0,-110.0,-4883548.0,2.2,12.34
164648.0,-47.0,-4904575.0,1.925,12.34
164655.0,9.0,-4925130.0,1.592,12.34
164660.0,-368.0,-4985670.0,1.633,12.34
164664.0,-37.0,-5005339.0,1.392,11.85
164669.0,-368.0,-5043505.0,2.492,11.85
164674.0,111.0,-5062454.0,1.442,11.36
164678.0,-216.0,-5081449.0,1.533,11.61
164681.0,-321.0,-5118196.0,0.958,11.36
164685.0,-308.0,-5136387.0,0.842,10.87
164689.0,49.0,-5154462.0,1.425,10.87
164695.0,-347.0,-5187825.0,1.583,10.63
164699.0,-196.0,-5201934.0,1.25,10.63
164703.0,-71.0,-5224307.0,0.25,10.63
164708.0,-78.0,-5232240.0,-0.475,11.12
164714.0,-228.0,-5241990.0,0.333,9.9
164719.0,-597.0,-5245302.0,2.042,10.39
164723.0,-278.0,-5246653.0,0.308,9.9
164728.0,-163.0,-5246023.0,0.442,9.65
164733.0,-470.0,-5244354.0,0.458,9.41
164739.0,36.0,-5242242.0,0.208,8.68
164745.0,131.0,-5238726.0,0.175,8.19
164749.0,-462.0,-5236349.0,0.342,8.68
164755.0,-504.0,-5233920.0,0.558,7.7
164760.0,-257.0,-5226972.0,-0.142,7.7
164764.0,-272.0,-5224231.0,0.358,7.45
164770.0,-86.0,-5219065.0,0.642,6.96
164776.0,-4.0,-5213913.0,-0.133,6.48
164781.0,-343.0,-5210842.0,0.025,6.96
164787.0,-123.0,-5205633.0,0.458,6.23
164792.0,-157.0,-5200839.0,0.317,6.72
164797.0,-110.0,-5196517.0,0.333,6.23
164802.0,-83.0,-5194348.0,-0.042,7.45
164808.0,-223.0,-5190146.0,0.158,6.72
164813.0,-57.0,-5185884.0,0.517,6.72
164818.0,-48.0,-5183797.0,0.308,6.48
164824.0,-158.0,-5179998.0,0.075,7.21
164830.0,-108.0,-5176368.0,0.183,6.48
164835.0,-25.0,-5172918.0,0.283,6.48
164840.0,-192.0,-5171211.0,0.308,6.96
164845.0,0.0,-5167501.0,0.058,6.48
164851.0,-188.0,-5163935.0,0.092,6.48
164856.0,-5.0,-5162500.0,0.392,6.48
164861.0,-177.0,-5159371.0,0.3,6.48
164868.0,-201.0,-5156261.0,0.2,6.48
164872.0,-180.0,-5154690.0,0.108,6.48
164877.0,71.0,-5151673.0,0.175,7.21
164883.0,1.0,-5148173.0,0.233,7.21
164887.0,-262.0,-5146716.0,0.292,6.72
164892.0,6.0,-5144295.0,0.075,6.72
164898.0,-240.0,-5141671.0,0.192,6.96
164903.0,-229.0,-5140348.0,0.217,6.48
164909.0,-105.0,-5137761.0,0.283,6.48
164915.0,-673.0,-5135477.0,0.192,7.21
164920.0,-53.0,-5132655.0,-0.417,7.45
164925.0,2.0,-5130328.0,-0.267,6.48
164930.0,-312.0,-5116103.0,0.367,6.48
164936.0,-58.0,-5090945.0,-0.9,6.23
164940.0,303.0,-5076004.0,-2.142,6.72
164946.0,-173.0,-5040111.0,0.75,5.99
164952.0,-91.0,-5001735.0,0.617,5.74
164958.0,23.0,-4959255.0,-2.025,5.25
164963.0,-254.0,-4936848.0,-0.45,4.52
164968.0,-388.0,-4890101.0,-0.992,4.77
164973.0,-232.0,-4842529.0,-1.192,4.77
164978.0,-473.0,-4818508.0,-0.5,5.99
164983.0,-536.0,-4768345.0,-0.342,4.77
164989.0,-94.0,-4716605.0,-1.408,4.03
164994.0,5.0,-4690430.0,-1.333,3.79
164999.0,81.0,-4636963.0,-0.783,4.03
165005.0,-281.0,-4581661.0,-1.433,3.3
165010.0,-188.0,-4553768.0,-1.192,3.54
165015.0,-589.0,-4495825.0,-1.542,3.05
165020.0,-21.0,-4437099.0,-1.492,3.05
165025.0,-406.0,-4408046.0,-0.875,2.81
165030.0,-376.0,-4347005.0,-1.525,2.57
165037.0,-266.0,-4284789.0,-1.775,2.57
165042.0,12.0,-4220645.0,-1.942,2.08
165047.0,-9.0,-4188458.0,-1.383,1.83
165053.0,-43.0,-4122860.0,-1.358,2.32
165058.0,9.0,-4055980.0,-2.117,1.59
165064.0,-43.0,-3987262.0,-2.325,1.34
165069.0,-104.0,-3951927.0,-1.95,1.34
165074.0,40.0,-3916788.0,-1.808,1.59
165080.0,-68.0,-3809140.0,-2.292,0.86
165085.0,-253.0,-3771615.0,-2.658,0.86
165090.0,-250.0,-3694996.0,-3.308,0.61
165096.0,-250.0,-3616956.0,-2.467,0.61
165100.0,-257.0,-3577971.0,-2.425,0.37
165105.0,-289.0,-3497068.0,-2.95,0.61
165111.0,-473.0,-3413950.0,-3.467,-0.12
165117.0,-219.0,-3329176.0,-3.425,-0.86
165123.0,90.0,-3286867.0,-3.292,-0.86
165128.0,-612.0,-3201123.0,-3.125,-1.34
165134.0,-438.0,-3111291.0,-4.458,-1.83
165140.0,-370.0,-3019931.0,-4.858,-2.32
165144.0,49.0,-2973962.0,-4.133,-2.57
165149.0,-170.0,-2882541.0,-4.483,-2.81
165155.0,-354.0,-2786871.0,-4.65,-3.54
165159.0,-129.0,-2737414.0,-5.808,-4.03
165165.0,-404.0,-2639137.0,-5.825,-3.79
165171.0,-106.0,-2539463.0,-5.8,-5.01
165176.0,19.0,-2490450.0,-6.333,-5.74
165181.0,-369.0,-2388952.0,-6.658,-6.48
165187.0,-215.0,-2287090.0,-7.517,-7.45
165193.0,243.0,-2186296.0,-7.842,-8.19
165198.0,-69.0,-2086428.0,-7.508,-9.16
165203.0,-10.0,-2035857.0,-8.742,-10.14
165210.0,-134.0,-1931321.0,-9.5,-11.12
165214.0,-55.0,-1879556.0,-9.842,-11.85
165218.0,-386.0,-1778137.0,-10.675,-12.1
165222.0,-65.0,-1729390.0,-10.425,-13.32
165226.0,-88.0,-1680661.0,-10.425,-14.3
165230.0,1.0,-1579374.0,-11.417,-15.52
165235.0,-358.0,-1528121.0,-13.092,-16.5
165239.0,-653.0,-1430394.0,-11.7,-17.23
165243.0,-118.0,-1382477.0,-12.425,-18.21
165248.0,245.0,-1336434.0,-12.183,-19.18
165252.0,-222.0,-1290635.0,-12.075,-19.92
165256.0,-253.0,-1193836.0,-12.983,-20.41
165260.0,-272.0,-1142901.0,-13.292,-21.38
165264.0,-229.0,-1094120.0,-13.75,-21.38
165268.0,-112.0,-1004561.0,-14.233,-22.36
165271.0,201.0,-962422.0,-13.125,-24.07
165275.0,-16.0,-920843.0,-12.325,-24.56
165281.0,66.0,-830521.0,-14.883,-26.03
165287.0,-316.0,-735897.0,-14.317,-27.25
165292.0,-355.0,-696280.0,-13.667,-27.25
165296.0,-436.0,-662669.0,-13.675,-28.47
165299.0,-265.0,-592816.0,-11.55,-29.69
165303.0,262.0,-553545.0,-7.383,-29.94
165309.0,-442.0,-477685.0,-10.558,-30.91
165313.0,-475.0,-443064.0,-8.058,-31.65
165319.0,-239.0,-378856.0,-8.117,-31.89
165324.0,-109.0,-331108.0,-1.125,-32.14
165330.0,-35.0,-293258.0,-4.933,-31.4
165336.0,-580.0,-283601.0,3.817,-29.94
165341.0,9.0,-271165.0,0.575,-27.25
165346.0,-711.0,-258343.0,-5.417,-22.85
165352.0,-343.0,-252442.0,2.992,-18.94
165356.0,50.0,-243599.0,-1.692,-15.76
165362.0,-122.0,-236895.0,-2.175,-13.81
165368.0,-360.0,-233969.0,0.908,-10.14
165372.0,-171.0,-233374.0,-1.367,-7.21
165379.0,-166.0,-233006.0,-1.208,-4.52
165384.0,-124.0,-233908.0,0.567,-1.59
165389.0,-288.0,-234527.0,-1.358,0.12
165394.0,-373.0,-236104.0,-0.617,0.37
165400.0,-391.0,-237920.0,-0.167,2.57
165405.0,-307.0,-238987.0,-0.45,3.05
165409.0,-152.0,-241604.0,-0.258,4.03
165415.0,-354.0,-244744.0,-0.2,5.01
165422.0,98.0,-247248.0,-0.442,5.74
165426.0,57.0,-248697.0,-0.033,6.96
165431.0,-134.0,-252117.0,-0.167,7.21
165437.0,-196.0,-255535.0,-0.242,8.43
165442.0,-294.0,-257100.0,-0.2,9.41
165447.0,-71.0,-259839.0,-0.358,9.65
165452.0,-431.0,-262779.0,0.0,9.9
165458.0,-53.0,-264290.0,-0.05,8.92
165463.0,-42.0,-266891.0,-0.233,8.43
165469.0,-268.0,-269249.0,-0.067,7.7
165474.0,-334.0,-270366.0,-0.108,7.45
165479.0,-381.0,-272263.0,-0.083,7.21
165484.0,-293.0,-274325.0,-0.158,7.94
165489.0,-421.0,-275712.0,-0.175,7.45
165494.0,-384.0,-277409.0,-0.283,7.94
165500.0,24.0,-279371.0,-0.083,7.21
165506.0,-448.0,-280208.0,-0.025,7.21
165510.0,-571.0,-282473.0,-0.058,6.96
165516.0,-263.0,-283815.0,-0.058,7.21
165522.0,-207.0,-285431.0,0.05,6.48
165527.0,-439.0,-286488.0,0.017,6.23
165532.0,-584.0,-288307.0,0.008,6.23
165537.0,84.0,-289361.0,-0.083,6.23
165542.0,-364.0,-289852.0,-0.167,6.48
165548.0,-3.0,-291759.0,-0.192,6.48
165553.0,-19.0,-296743.0,0.483,6.48
165559.0,-477.0,-310134.0,10.892,6.96
165563.0,-68.0,-371933.0,8.658,8.43
165569.0,-494.0,-469015.0,7.2,10.14
165574.0,46.0,-519112.0,12.942,12.1
165579.0,-109.0,-644315.0,14.867,13.32
165583.0,-220.0,-715172.0,12.533,14.05
165587.0,295.0,-778497.0,8.167,15.27
165593.0,219.0,-898976.0,14.142,15.76
165598.0,254.0,-1024756.0,10.258,16.98
165602.0,17.0,-1086019.0,10.433,18.7
165606.0,-278.0,-1145974.0,11.7,20.41
165610.0,35.0,-1268697.0,11.675,22.61
165614.0,-166.0,-1330274.0,10.725,25.78
165618.0,-9.0,-1390817.0,10.058,28.96
165622.0,-118.0,-1509674.0,12.108,33.85
165626.0,-115.0,-1570001.0,11.1,36.05
165630.0,-912.0,-1627794.0,9.5,41.42
165635.0,-679.0,-1741241.0,10.5,44.6
165639.0,-290.0,-1799666.0,10.067,44.6
165643.0,-317.0,-1856601.0,9.083,43.13
165647.0,-310.0,-1967950.0,9.9,41.42
165651.0,-57.0,-2025347.0,10.408,39.22
165657.0,-251.0,-2134977.0,8.108,36.78
165661.0,-86.0,-2188442.0,8.517,36.53
165666.0,-311.0,-2296076.0,8.008,36.53
165670.0,-618.0,-2348627.0,8.708,36.53
165675.0,-231.0,-2400642.0,8.858,36.29
165679.0,-426.0,-2503627.0,7.8,35.31
165683.0,-403.0,-2552732.0,7.183,34.34
165687.0,-580.0,-2601531.0,7.367,33.6
165691.0,-407.0,-2698116.0,7.308,32.38
165695.0,-262.0,-2744861.0,7.45,30.91
165699.0,-459.0,-2792110.0,7.983,30.18
165703.0,-302.0,-2839473.0,7.0,30.18
165707.0,-311.0,-2930494.0,5.992,29.45
165711.0,-440.0,-2974787.0,6.167,28.96
165715.0,149.0,-3019058.0,5.95,28.96
165720.0,-88.0,-3105791.0,6.45,27.49
165726.0,34.0,-3191487.0,6.092,26.76
165731.0,-300.0,-3233752.0,4.933,26.03
165735.0,-193.0,-3316495.0,5.083,25.05
165739.0,-190.0,-3357288.0,5.108,24.56
165743.0,-455.0,-3397031.0,5.325,24.07
165747.0,-618.0,-3475690.0,5.517,24.07
165751.0,-285.0,-3515005.0,4.908,23.83
165755.0,-72.0,-3553090.0,4.483,22.85
165761.0,119.0,-3627530.0,3.683,22.61
165765.0,-68.0,-3664469.0,4.133,21.87
165770.0,55.0,-3736485.0,3.975,21.14
165776.0,-25.0,-3807957.0,3.792,20.65
165781.0,-223.0,-3843150.0,3.267,20.16
165785.0,-376.0,-3911377.0,3.158,19.18
165789.0,-401.0,-3945308.0,2.95,18.94
165793.0,-532.0,-3978209.0,3.867,19.18
165796.0,-471.0,-4011044.0,3.367,18.21
165800.0,-338.0,-4075575.0,3.042,18.45
165805.0,-389.0,-4107966.0,2.883,17.47
165809.0,-48.0,-4139515.0,2.008,17.47
165814.0,-141.0,-4201828.0,3.075,16.74
165820.0,-175.0,-4260792.0,3.492,16.25
165824.0,-100.0,-4290121.0,3.617,15.76
165827.0,-397.0,-4319222.0,2.775,16.5
165831.0,-506.0,-4375469.0,2.675,15.76
165835.0,-185.0,-4402996.0,1.792,15.03
165839.0,-8.0,-4430075.0,2.683,15.03
165844.0,-17.0,-4483973.0,2.65,14.54
165851.0,-71.0,-4510038.0,4.958,14.3
165856.0,-167.0,-4561037.0,-3.767,14.05
165860.0,-254.0,-4586288.0,1.042,14.05
165864.0,-25.0,-4636171.0,1.9,14.3
165869.0,-567.0,-4660372.0,3.483,13.32
165873.0,164.0,-4708181.0,1.433,13.07
165877.0,5.0,-4731718.0,1.6,12.83
165882.0,-438.0,-4777618.0,0.758,12.83
165886.0,-465.0,-4800119.0,1.55,13.32
165891.0,-430.0,-4821840.0,2.267,12.59
165894.0,-83.0,-4843843.0,2.258,12.34
165900.0,-179.0,-4885780.0,1.65,12.34
165904.0,-388.0,-4906667.0,1.492,12.1
165908.0,-213.0,-4948042.0,1.1,12.34
165911.0,106.0,-4967873.0,1.325,11.85
165915.0,-253.0,-4987254.0,2.133,11.61
165919.0,-244.0,-5026043.0,1.942,11.85
165923.0,-13.0,-5045164.0,1.175,12.1
165928.0,-214.0,-5063959.0,0.767,11.12
165933.0,-275.0,-5101454.0,0.708,11.61
165938.0,-179.0,-5119891.0,1.3,10.87
165942.0,-86.0,-5154230.0,1.667,11.61
165947.0,226.0,-5168601.0,1.025,11.36
165951.0,133.0,-5191562.0,0.292,10.87
165955.0,-114.0,-5200535.0,0.358,10.39
165959.0,-5.0,-5206980.0,-0.183,10.14
165964.0,-68.0,-5214310.0,0.733,10.39
165969.0,-135.0,-5215567.0,1.042,9.9
165975.0,19.0,-5216830.0,-0.517,9.41
165980.0,-278.0,-5215700.0,-0.583,8.92
165985.0,-563.0,-5214433.0,1.2,8.68
165990.0,-239.0,-5211438.0,0.658,8.68
165995.0,-596.0,-5207340.0,0.033,8.19
166000.0,-303.0,-5204821.0,0.275,7.7
166005.0,-103.0,-5200434.0,-0.175,7.94
166011.0,-260.0,-5195082.0,0.417,7.21
166017.0,-12.0,-5192487.0,0.658,7.7
166022.0,-2.0,-5187210.0,0.117,6.96
166027.0,69.0,-5182178.0,-0.067,6.48
166032.0,-248.0,-5179579.0,0.333,5.99
166037.0,280.0,-5174204.0,0.317,6.96
166042.0,-85.0,-5169720.0,0.367,6.48
166047.0,-537.0,-5167645.0,0.267,6.48
166052.0,-161.0,-5163546.0,0.25,6.48
166059.0,-412.0,-5159112.0,0.225,6.72
166063.0,-235.0,-5156877.0,0.383,6.48
166069.0,-461.0,-5153124.0,0.25,6.48
166074.0,-138.0,-5149328.0,0.025,6.48
166079.0,-183.0,-5147221.0,0.175,6.48
166084.0,-377.0,-5144312.0,0.292,6.72
166089.0,-16.0,-5141012.0,0.383,7.21
166094.0,-530.0,-5139419.0,0.183,6.72
166099.0,-336.0,-5135686.0,0.042,6.72
166106.0,-137.0,-5132072.0,0.225,6.72
166110.0,12.0,-5130975.0,0.333,6.48
166115.0,-424.0,-5128194.0,0.258,7.21
166121.0,-653.0,-5125160.0,0.067,6.48
166125.0,-168.0,-5123223.0,0.217,6.48
166131.0,-48.0,-5121462.0,0.292,6.96
166136.0,-177.0,-5117520.0,0.3,6.48
166141.0,-203.0,-5115695.0,0.192,6.48
166147.0,53.0,-5113170.0,0.183,6.48
166152.0,-112.0,-5110782.0,0.317,6.48
166157.0,-227.0,-5109287.0,0.2,6.48
166162.0,-267.0,-5108150.0,0.092,7.21
166167.0,270.0,-5103716.0,0.075,6.48
166172.0,83.0,-5101473.0,-1.158,6.72
166178.0,23.0,-5088433.0,0.392,6.96
166183.0,-12.0,-5064501.0,-1.317,6.48
166189.0,-453.0,-5049066.0,-0.617,6.23
166194.0,-163.0,-5013253.0,-0.15,5.74
166199.0,-78.0,-4974645.0,-1.75,5.5
166204.0,-65.0,-4953788.0,-0.75,5.5
166209.0,-437.0,-4909486.0,-0.225,5.99
166215.0,-548.0,-4862482.0,-0.892,5.01
166219.0,-67.0,-4838933.0,-1.2,4.77
166224.0,-215.0,-4790376.0,-0.442,5.01
166231.0,-316.0,-4740258.0,0.108,4.77
166235.0,-405.0,-4714591.0,-1.167,4.03
166241.0,53.0,-4662037.0,-1.067,4.03
166246.0,-2.0,-4608069.0,-0.683,3.54
166251.0,51.0,-4580336.0,-0.642,3.3
166256.0,-155.0,-4552537.0,-0.967,3.79
166261.0,-164.0,-4466277.0,-1.533,3.05
166266.0,-409.0,-4436654.0,-1.317,3.54
166273.0,-43.0,-4377764.0,-1.158,2.81
166278.0,180.0,-4316164.0,-1.075,3.3
166283.0,-557.0,-4285027.0,-1.592,2.57
166288.0,-337.0,-4220964.0,-1.8,2.57
166293.0,-108.0,-4156188.0,-1.633,2.08
166298.0,-225.0,-4123843.0,-1.458,1.83
166303.0,-219.0,-4056591.0,-1.858,1.83
166309.0,-335.0,-3988093.0,-2.183,2.08
166315.0,-426.0,-3917197.0,-2.225,1.34
166320.0,-5.0,-3881988.0,-1.875,1.59
166326.0,-63.0,-3810092.0,-1.508,1.1
166331.0,-164.0,-3734532.0,-2.808,1.59
166336.0,-519.0,-3696635.0,-2.817,1.1
166341.0,-193.0,-3657796.0,-2.725,0.37
166346.0,-48.0,-3539452.0,-2.375,0.37
166351.0,-517.0,-3498527.0,-2.167,0.86
166356.0,-519.0,-3415915.0,-3.133,-0.37
166363.0,-307.0,-3331509.0,-3.817,-0.12
166368.0,-600.0,-3288182.0,-3.133,-0.12
166373.0,-328.0,-3202927.0,-3.483,-1.1
166379.0,-142.0,-3114371.0,-3.742,-0.86
166384.0,-475.0,-3023025.0,-4.358,-1.83
166389.0,-522.0,-2976502.0,-4.925,-2.08
166394.0,-246.0,-2884199.0,-3.95,-2.57
166400.0,-93.0,-2789901.0,-4.475,-2.81
166405.0,-354.0,-2741730.0,-5.2,-3.05
166410.0,-222.0,-2642714.0,-5.892,-4.03
166416.0,-10.0,-2542546.0,-6.15,-4.03
166421.0,-17.0,-2492653.0,-5.9,-4.77
166426.0,-179.0,-2391800.0,-6.375,-5.99
166432.0,-163.0,-2288990.0,-7.233,-7.21
166437.0,-398.0,-2187726.0,-7.675,-7.21
166443.0,-331.0,-2137707.0,-7.817,-8.19
166448.0,-227.0,-2037973.0,-7.958,-9.16
166454.0,-147.0,-1934683.0,-8.717,-10.39
166458.0,-398.0,-1881748.0,-9.292,-11.12
166462.0,-281.0,-1829599.0,-10.058,-11.85
166466.0,-322.0,-1727554.0,-10.533,-12.59
166470.0,57.0,-1678583.0,-10.592,-12.83
166474.0,230.0,-1629922.0,-10.467,-14.3
166478.0,-179.0,-1528871.0,-11.492,-15.03
166482.0,-388.0,-1477144.0,-13.2,-15.52
166486.0,-219.0,-1427347.0,-12.083,-16.5
166490.0,-376.0,-1331942.0,-12.658,-18.21
166494.0,-501.0,-1286017.0,-12.575,-19.18
166498.0,-358.0,-1240340.0,-11.725,-19.67
166502.0,-171.0,-1194487.0,-12.975,-20.65
166506.0,-640.0,-1096536.0,-13.783,-21.14
166510.0,-449.0,-1046199.0,-13.908,-21.87
166514.0,-424.0,-999410.0,-13.508,-23.09
166518.0,-155.0,-916899.0,-12.708,-24.32
166523.0,40.0,-877846.0,-13.85,-25.54
166530.0,-214.0,-790040.0,-13.542,-26.52
166533.0,-543.0,-743479.0,-14.35,-27.0
166539.0,-519.0,-658054.0,-14.692,-28.71
166543.0,-404.0,-621569.0,-14.767,-29.2
166547.0,-459.0,-547184.0,-9.35,-29.94
166551.0,-20.0,-510075.0,-8.967,-30.91
166557.0,-358.0,-439271.0,-9.525,-31.4
166562.0,-185.0,-376407.0,-5.125,-32.14
166567.0,6.0,-340646.0,-9.225,-31.89
166573.0,-300.0,-293194.0,2.233,-32.14
166579.0,312.0,-256498.0,-6.25,-31.65
166584.0,-359.0,-246047.0,3.575,-30.91
166589.0,393.0,-235468.0,1.567,-27.74
166595.0,-851.0,-224174.0,-5.208,-21.63
166600.0,-211.0,-214088.0,1.583,-18.45
166605.0,98.0,-210183.0,-0.917,-16.5
166610.0,-182.0,-204646.0,-2.417,-12.34
166617.0,-140.0,-201430.0,-0.458,-10.39
166622.0,17.0,-200679.0,-0.758,-7.94
166626.0,90.0,-200428.0,-1.833,-4.77
166632.0,-554.0,-201744.0,0.1,-4.28
166637.0,-237.0,-202527.0,-0.825,-0.86
166642.0,169.0,-204924.0,-0.283,1.1
166647.0,-111.0,-207656.0,-0.967,2.81
166652.0,-386.0,-208757.0,0.2,3.54
166658.0,-44.0,-211482.0,-0.817,4.28
166664.0,-200.0,-213716.0,-0.192,5.5
166668.0,-101.0,-215291.0,-0.567,5.99
166673.0,-104.0,-218218.0,-0.308,6.48
166679.0,-170.0,-221496.0,-0.108,7.45
166683.0,-197.0,-222659.0,-0.4,8.92
166689.0,155.0,-225397.0,-0.092,9.16
166695.0,-133.0,-228517.0,-0.3,9.65
166701.0,-273.0,-230785.0,-0.092,9.65
166706.0,22.0,-231964.0,0.017,9.41
166711.0,-148.0,-234522.0,-0.292,8.92
166717.0,-490.0,-236616.0,-0.167,8.19
166723.0,-292.0,-238848.0,-0.075,7.21
166727.0,-375.0,-239709.0,-0.183,7.21
166733.0,-389.0,-242120.0,-0.125,6.96
166738.0,-221.0,-244026.0,-0.292,7.21
166744.0,18.0,-244811.0,-0.192,7.21
166749.0,-233.0,-246702.0,-0.275,7.7
166754.0,143.0,-248504.0,-0.142,7.45
166759.0,76.0,-249427.0,-0.017,6.96
166764.0,-374.0,-251227.0,-0.217,6.48
166770.0,-498.0,-252895.0,0.0,6.96
166776.0,-316.0,-254265.0,-0.117,6.48
166780.0,-289.0,-255048.0,-0.017,6.48
166787.0,-347.0,-256090.0,-0.025,6.48
166792.0,59.0,-257234.0,-0.217,6.48
166798.0,103.0,-258626.0,-0.125,6.72
166803.0,-266.0,-259509.0,-0.142,6.23
166808.0,-244.0,-260779.0,-0.142,7.21
166814.0,-306.0,-261997.0,-0.1,6.48
166819.0,-244.0,-263197.0,-0.058,6.48
166824.0,-105.0,-263890.0,-0.175,6.72
166831.0,-395.0,-265256.0,-0.008,6.96
166836.0,-431.0,-266448.0,-0.008,6.72
166842.0,181.0,-267508.0,-0.1,6.96
166847.0,50.0,-267925.0,-0.025,6.23
166852.0,-77.0,-268713.0,-0.025,6.96
166857.0,-387.0,-269785.0,-0.108,6.23
166862.0,-4.0,-270244.0,-0.017,6.96
166867.0,39.0,-271140.0,-0.025,6.48
166874.0,13.0,-271926.0,-0.125,6.48
166878.0,-350.0,-272569.0,-0.033,6.96
166883.0,-457.0,-273329.0,-0.017,6.96
166889.0,-569.0,-274307.0,-0.133,6.23
166894.0,-199.0,-274588.0,-0.008,6.48
166899.0,-430.0,-275529.0,-0.092,6.48
166904.0,-240.0,-276491.0,-0.067,6.48
166910.0,-148.0,-277283.0,-0.058,6.48
166916.0,-425.0,-278066.0,0.017,6.96
166921.0,143.0,-278726.0,-0.008,6.23
166927.0,-421.0,-279504.0,0.017,6.96
166932.0,-221.0,-279750.0,0.008,6.48
166937.0,-138.0,-280455.0,-0.1,7.21
166943.0,-206.0,-281489.0,0.017,6.72
166948.0,-308.0,-282047.0,-0.067,6.48
166955.0,-296.0,-282313.0,-0.1,6.23
166960.0,-27.0,-283132.0,0.0,6.96
166965.0,-425.0,-283258.0,-0.008,6.23
166971.0,-377.0,-283950.0,-0.075,6.96
166976.0,-195.0,-284954.0,-0.025,5.99
166981.0,-100.0,-285239.0,0.033,6.96
166986.0,-19.0,-285817.0,0.05,6.48
166992.0,-7.0,-286319.0,-0.1,6.72
166996.0,-30.0,-286478.0,-0.092,6.96
167002.0,-293.0,-287680.0,-0.017,6.72
167008.0,-417.0,-287822.0,-0.083,6.23
167013.0,-213.0,-288217.0,-0.05,6.48
167018.0,-360.0,-288610.0,-0.025,6.72
167024.0,-88.0,-289238.0,-0.025,6.48
167029.0,-556.0,-289467.0,0.042,6.48
167033.0,-515.0,-290178.0,-0.067,6.23
167040.0,-145.0,-290240.0,0.05,6.23
167045.0,-105.0,-290673.0,-0.1,6.48
167050.0,-98.0,-291568.0,-0.033,6.96
167055.0,-96.0,-291930.0,0.0,6.48
167060.0,-306.0,-292473.0,-0.142,6.48
167065.0,-93.0,-292672.0,-0.1,6.96
167071.0,-363.0,-293506.0,0.083,6.23
167076.0,-71.0,-293505.0,0.008,6.72
167080.0,94.0,-294086.0,-0.083,6.72
167087.0,-140.0,-294456.0,0.042,6.72
167093.0,-444.0,-294566.0,-0.017,6.23
167098.0,-226.0,-295055.0,0.0,6.72
167102.0,-295.0,-295288.0,0.017,6.23
167108.0,-145.0,-296230.0,0.025,6.48
167113.0,-153.0,-296173.0,-0.025,6.48
167118.0,-154.0,-296418.0,0.075,6.48
167123.0,-142.0,-297180.0,-0.008,6.23
167130.0,24.0,-297531.0,-0.05,6.48
167134.0,-299.0,-297550.0,-0.092,7.21
167140.0,-179.0,-297900.0,-0.075,6.96
167145.0,-345.0,-298207.0,0.008,6.48
167150.0,-564.0,-298322.0,0.075,6.48
167155.0,-168.0,-298846.0,-0.017,6.48
167160.0,-220.0,-299303.0,-0.033,6.96
167165.0,-115.0,-299548.0,-0.125,6.96
167172.0,369.0,-299888.0,-0.017,6.96
167177.0,-203.0,-300279.0,-0.017,6.23
167181.0,-614.0,-300348.0,0.008,6.48
167187.0,292.0,-300532.0,-0.025,6.23
167193.0,-94.0,-301540.0,-0.025,6.72
167198.0,-254.0,-301785.0,0.058,6.23
167202.0,-171.0,-301672.0,0.042,6.96
167208.0,127.0,-302100.0,0.0,6.48
167214.0,-355.0,-302289.0,-0.017,6.72
167219.0,-124.0,-302634.0,-0.033,6.23
167224.0,378.0,-302774.0,0.008,6.48
167230.0,-624.0,-302983.0,-0.017,6.72
167234.0,-507.0,-303496.0,-0.033,6.23
167240.0,-267.0,-303368.0,-0.025,6.23
167245.0,-243.0,-303535.0,0.092,6.72
167250.0,-254.0,-304088.0,0.075,6.72
167256.0,-262.0,-304252.0,-0.025,6.48
167262.0,-14.0,-304776.0,0.042,6.48
167267.0,94.0,-304863.0,0.025,6.72
167272.0,-307.0,-305096.0,0.092,6.72
167277.0,-91.0,-305816.0,-0.05,6.72
167282.0,107.0,-305727.0,-0.017,6.96
167287.0,14.0,-305884.0,-0.058,6.48
167293.0,-192.0,-306178.0,0.067,6.48
167299.0,-648.0,-306219.0,0.067,6.72
167304.0,-315.0,-306262.0,-0.042,6.48
167309.0,-381.0,-307058.0,0.083,6.96
167314.0,-159.0,-306891.0,-0.033,6.48
167319.0,-68.0,-307232.0,0.008,6.23
167324.0,-634.0,-307598.0,-0.008,6.96
167330.0,-204.0,-307787.0,-0.083,6.23
167334.0,63.0,-308202.0,-0.05,6.23
167340.0,-10.0,-308478.0,0.0,6.23
167345.0,-284.0,-308351.0,-0.05,6.23
167350.0,-223.0,-308370.0,-0.025,6.96
167356.0,-147.0,-308470.0,0.042,6.72
167361.0,-381.0,-308955.0,-0.075,6.48
167366.0,-668.0,-309024.0,0.0,6.96
167371.0,-8.0,-309218.0,-0.033,6.96
167376.0,-386.0,-309239.0,0.017,6.23
167382.0,-567.0,-310040.0,-0.05,6.48
167388.0,-187.0,-310218.0,0.025,6.96
167393.0,57.0,-310141.0,0.15,6.23
167397.0,-80.0,-310762.0,0.008,6.48
167403.0,-32.0,-310834.0,-0.1,6.48
167408.0,106.0,-310695.0,0.05,6.96
167413.0,-57.0,-310878.0,-0.025,7.21
167418.0,-71.0,-311016.0,-0.067,6.48
167424.0,-71.0,-311169.0,0.025,6.23
167429.0,-242.0,-311540.0,0.0,6.48
167434.0,-232.0,-311430.0,0.0,6.23
167440.0,-70.0,-311471.0,0.05,6.23
167444.0,-17.0,-312146.0,0.008,6.48
167449.0,-424.0,-312219.0,-0.058,6.96
167454.0,-420.0,-312302.0,-0.025,6.23
167459.0,11.0,-312444.0,0.092,6.23
167464.0,-291.0,-312659.0,0.033,6.48
167470.0,-113.0,-312822.0,-0.158,6.96
167476.0,-44.0,-312800.0,0.025,6.48
167481.0,-254.0,-313157.0,-0.008,6.96
167486.0,-420.0,-313280.0,0.092,6.96
167491.0,-101.0,-313244.0,0.033,6.48
167497.0,-139.0,-313584.0,-0.083,6.96
167502.0,-135.0,-313581.0,0.025,6.72
167506.0,0.0,-313866.0,0.033,6.23
167512.0,227.0,-313745.0,-0.033,6.23
167517.0,-221.0,-314042.0,0.025,6.23
167522.0,-74.0,-314294.0,0.017,6.23
167527.0,-314.0,-314295.0,0.075,6.96
167533.0,-486.0,-314528.0,0.083,6.96
167538.0,-247.0,-314692.0,0.0,6.23
167543.0,117.0,-314821.0,0.108,6.23
167548.0,-153.0,-314928.0,0.017,6.48
167554.0,-192.0,-315094.0,-0.017,6.72
167559.0,-184.0,-315151.0,0.033,6.48
167564.0,-92.0,-315444.0,0.033,6.23
167569.0,-477.0,-315538.0,0.067,6.48
167574.0,-54.0,-315931.0,-0.042,6.23
167579.0,-708.0,-315760.0,-0.075,6.48
167584.0,-527.0,-315482.0,0.058,6.48
167590.0,-303.0,-315661.0,-0.05,6.23
167596.0,-451.0,-316158.0,-0.017,6.72
167601.0,-574.0,-316204.0,0.033,6.96
167606.0,-330.0,-316377.0,0.0,7.21
167611.0,-186.0,-316620.0,-0.05,6.48
167616.0,-107.0,-316666.0,0.083,6.48
167621.0,54.0,-316629.0,-0.125,6.23
167626.0,30.0,-316800.0,0.042,6.48
167631.0,-83.0,-317376.0,0.017,6.48
167636.0,-19.0,-316969.0,0.008,6.48
167642.0,-93.0,-317314.0,-0.05,6.23
167648.0,-306.0,-317486.0,0.083,6.72
167653.0,-328.0,-317721.0,0.017,6.48
167658.0,-164.0,-317246.0,-0.05,6.48
167663.0,-123.0,-317526.0,0.008,6.48
167668.0,-319.0,-317415.0,0.1,6.48
167673.0,-109.0,-317574.0,0.033,6.48
167678.0,48.0,-317890.0,-0.008,6.48
167684.0,-228.0,-317857.0,-0.042,6.48
167690.0,-162.0,-317928.0,0.092,6.48
167695.0,-395.0,-318272.0,0.05,6.23
167699.0,-474.0,-318227.0,0.05,6.23
167705.0,-420.0,-318408.0,-0.033,6.48
167710.0,-49.0,-318518.0,-0.05,6.48
167715.0,233.0,-318599.0,0.025,6.23
167720.0,-9.0,-318572.0,-0.017,6.23
167726.0,-504.0,-318766.0,-0.042,6.23
167731.0,-98.0,-318929.0,0.142,6.96
167736.0,-412.0,-319170.0,0.05,6.96
167742.0,-287.0,-319270.0,0.025,6.96
167746.0,-272.0,-319609.0,0.033,6.96
167752.0,-138.0,-319327.0,-0.025,6.48
167757.0,-89.0,-319455.0,0.025,6.48
167762.0,-114.0,-319862.0,0.067,6.96
167768.0,-346.0,-319791.0,0.042,6.48
167773.0,-95.0,-319361.0,0.008,6.72
167778.0,-119.0,-319460.0,-0.017,6.48
167783.0,-123.0,-319705.0,0.033,6.72
167788.0,-100.0,-319873.0,-0.042,7.21
167793.0,-153.0,-319694.0,-0.05,6.48
167799.0,-43.0,-319998.0,0.017,6.72
167804.0,-140.0,-320244.0,0.0,6.96
167809.0,-323.0,-320091.0,0.033,6.48
167815.0,-469.0,-320007.0,-0.033,4.77
167820.0,-80.0,-320265.0,-0.008,6.72
167825.0,-149.0,-320766.0,-0.083,6.23
167830.0,-267.0,-320302.0,0.058,6.72
167836.0,-244.0,-320592.0,0.05,6.48
167840.0,-141.0,-320667.0,-0.025,6.96
167845.0,-145.0,-320662.0,-0.033,6.48
167852.0,-456.0,-320536.0,0.025,6.23
167856.0,-83.0,-320899.0,0.075,6.48
167862.0,-175.0,-320723.0,-0.042,7.21
167867.0,-402.0,-320927.0,0.092,6.48
167872.0,-207.0,-321160.0,-0.033,7.21
167877.0,67.0,-321596.0,0.025,6.48
167882.0,-340.0,-320982.0,0.033,6.96
167887.0,-87.0,-321005.0,0.017,6.72
167894.0,151.0,-321315.0,-0.067,6.48
167899.0,-4.0,-321353.0,-0.017,6.23
167903.0,47.0,-321464.0,0.075,6.48
167909.0,221.0,-321714.0,-0.025,6.48
167914.0,212.0,-321614.0,0.017,6.23
167919.0,-45.0,-321981.0,0.142,6.23
167924.0,-261.0,-321890.0,0.025,6.23
167929.0,-162.0,-322180.0,0.075,6.23
167934.0,-237.0,-322219.0,0.092,5.25
167940.0,-277.0,-322231.0,-0.033,6.48
167945.0,-60.0,-322171.0,0.025,6.48
167950.0,175.0,-322102.0,0.025,6.72
167956.0,-417.0,-322236.0,-0.058,6.48
167961.0,-342.0,-322588.0,-0.008,6.96
167966.0,55.0,-322329.0,0.067,6.96
167971.0,-365.0,-322371.0,-0.058,6.48
167977.0,-181.0,-322481.0,0.0,6.96
167982.0,-258.0,-322730.0,0.092,6.48
167988.0,-200.0,-322705.0,-0.042,6.72
167993.0,-260.0,-322837.0,-0.008,6.48
167998.0,-327.0,-323133.0,0.025,6.23
168003.0,-546.0,-322726.0,0.008,6.96
168009.0,-442.0,-322748.0,-0.008,6.96
168014.0,-65.0,-322616.0,0.075,6.48
168018.0,-20.0,-322491.0,-0.092,6.48
168025.0,-450.0,-323299.0,0.008,6.23
168030.0,-227.0,-322971.0,0.108,6.48
168035.0,-304.0,-322878.0,0.058,6.23
168040.0,86.0,-323156.0,-0.033,6.23
168046.0,-218.0,-323098.0,0.025,6.48
168051.0,-193.0,-322965.0,0.05,6.23
168056.0,-47.0,-323210.0,0.025,6.48
168061.0,37.0,-323474.0,0.025,6.48
168067.0,-434.0,-323545.0,0.075,6.96
168072.0,14.0,-323586.0,0.058,6.23
168078.0,96.0,-323770.0,0.05,6.48
168082.0,-65.0,-323939.0,-0.033,6.23
168087.0,-127.0,-323564.0,0.092,6.48
168093.0,307.0,-323938.0,0.008,6.48
168098.0,176.0,-323961.0,0.033,6.23
168103.0,-316.0,-323582.0,0.075,7.7
168109.0,310.0,-324008.0,0.025,6.48
168115.0,-31.0,-323990.0,0.033,6.23
168119.0,-398.0,-324077.0,0.05,6.96
168125.0,108.0,-324059.0,-0.017,7.21
168130.0,-418.0,-323981.0,0.058,6.48
168135.0,-377.0,-324140.0,0.008,6.48
168140.0,-153.0,-324153.0,-0.025,6.48
168146.0,143.0,-324207.0,0.05,6.48
168151.0,-258.0,-323976.0,0.083,6.23
168157.0,-114.0,-324349.0,0.092,6.48
168162.0,122.0,-324389.0,0.075,6.96
168167.0,37.0,-324386.0,0.0,6.48
168172.0,-373.0,-324465.0,0.017,6.48
168178.0,17.0,-324421.0,-0.092,6.48
168182.0,-46.0,-324452.0,0.042,6.96
168187.0,-564.0,-324461.0,0.033,6.48
168194.0,-258.0,-324961.0,-0.067,6.48
168199.0,-259.0,-324694.0,-0.067,6.23
168203.0,-420.0,-324675.0,0.108,8.19
168209.0,-210.0,-324421.0,-0.008,6.48
168214.0,-323.0,-324826.0,-0.05,6.23
168219.0,-211.0,-325077.0,0.033,5.99
168224.0,7.0,-324961.0,-0.008,6.23
168229.0,-100.0,-325216.0,-0.017,5.5
168235.0,-302.0,-325143.0,0.05,6.96
168241.0,-230.0,-324799.0,0.008,6.23
168245.0,-359.0,-324980.0,-0.058,6.23
168250.0,-306.0,-325075.0,0.033,6.23
168256.0,172.0,-325321.0,-0.033,6.48
168260.0,-289.0,-325306.0,-0.008,6.48
168266.0,-315.0,-325061.0,0.05,6.48
168271.0,-271.0,-325237.0,0.017,6.48
168276.0,-228.0,-325072.0,-0.017,6.48
168282.0,-322.0,-324797.0,0.033,6.23
168288.0,-58.0,-325261.0,0.0,6.23
168292.0,-269.0,-325578.0,0.042,6.96
168297.0,-446.0,-325511.0,0.167,6.48
168303.0,-34.0,-325691.0,-0.025,6.72
168307.0,215.0,-325516.0,-0.008,6.48
168313.0,-83.0,-325402.0,0.025,6.23
168318.0,-317.0,-325656.0,-0.067,6.23
168325.0,-27.0,-325736.0,0.042,6.23
168330.0,-114.0,-325699.0,-0.042,6.23
168335.0,-412.0,-325589.0,-0.067,6.23
168341.0,-280.0,-325681.0,0.075,6.48
168346.0,232.0,-326019.0,0.075,6.96
168351.0,-127.0,-325778.0,-0.05,6.96
168357.0,19.0,-325970.0,0.042,6.72
168363.0,27.0,-325894.0,0.017,6.48
168369.0,79.0,-325748.0,0.042,6.48
168373.0,-134.0,-325801.0,-0.017,6.23
168379.0,-200.0,-325833.0,-0.025,6.48
168385.0,-292.0,-326001.0,-0.008,6.23
168390.0,-170.0,-326227.0,0.025,6.23
168395.0,13.0,-326040.0,-0.058,6.72
168400.0,151.0,-325766.0,0.033,6.48
168407.0,-183.0,-326044.0,0.083,6.23
168413.0,-167.0,-326478.0,0.067,6.23
168417.0,-200.0,-326357.0,-0.008,6.48
168423.0,48.0,-326503.0,0.042,6.48
168428.0,110.0,-326233.0,-0.008,6.23
168434.0,-254.0,-326439.0,-0.083,6.96
168439.0,-487.0,-326636.0,-0.033,6.23
168444.0,59.0,-326220.0,-0.017,6.48
168451.0,-17.0,-326342.0,0.05,6.48
168456.0,-187.0,-326432.0,0.042,6.48
168461.0,-152.0,-326629.0,-0.025,6.48
168467.0,-686.0,-326241.0,0.05,6.48
168472.0,-220.0,-326787.0,0.008,6.48
168478.0,-310.0,-326503.0,0.083,6.48
168483.0,-313.0,-326368.0,0.017,6.23
168488.0,10.0,-326552.0,0.025,6.48
168494.0,-112.0,-326272.0,0.017,6.96
168499.0,-434.0,-326451.0,-0.092,6.23
168504.0,-211.0,-326728.0,-0.033,7.45
168510.0,-117.0,-326612.0,-0.025,6.23
168515.0,75.0,-326653.0,0.075,6.48
168520.0,42.0,-326440.0,0.0,6.72
168525.0,-194.0,-326434.0,0.0,6.96
168530.0,48.0,-326519.0,0.1,6.48
168536.0,37.0,-326504.0,0.125,6.48
168541.0,151.0,-327050.0,-0.05,6.96
168546.0,-197.0,-327043.0,0.058,6.23
168551.0,-446.0,-326910.0,-0.033,6.23
168557.0,-208.0,-326832.0,-0.042,6.23
168562.0,-336.0,-326918.0,0.0,6.96
168567.0,-177.0,-326539.0,-0.033,6.48
168572.0,-232.0,-327049.0,0.075,6.48
168579.0,-294.0,-326769.0,0.067,6.48
168584.0,-264.0,-326836.0,0.108,6.72
168589.0,-285.0,-326841.0,0.025,6.23
168594.0,39.0,-326863.0,0.0,6.48
168599.0,-261.0,-326910.0,0.017,6.96
168604.0,-294.0,-327185.0,0.133,6.23
168610.0,-406.0,-326993.0,0.042,6.48
168615.0,126.0,-327304.0,0.058,6.96
168620.0,-75.0,-326889.0,-0.033,6.96
168626.0,-759.0,-327051.0,0.017,6.23
168631.0,-247.0,-327324.0,-0.008,6.72
168636.0,-196.0,-327199.0,0.033,6.48
168641.0,-124.0,-327191.0,-0.067,6.23
168647.0,-156.0,-327278.0,0.075,6.96
168651.0,-383.0,-326895.0,0.075,6.48
168657.0,-349.0,-327135.0,-0.008,7.21
168663.0,-255.0,-327063.0,0.025,7.21
168669.0,-289.0,-327314.0,0.008,6.48
168673.0,-188.0,-327013.0,0.033,6.23
168679.0,-504.0,-326925.0,0.033,6.23
168684.0,-52.0,-327186.0,0.0,6.48
168689.0,103.0,-327367.0,0.058,6.48
168694.0,-523.0,-326947.0,-0.017,6.48
168699.0,-281.0,-327024.0,0.125,6.48
168705.0,184.0,-327107.0,-0.008,6.96
168711.0,24.0,-327031.0,0.025,6.23
168716.0,-312.0,-327226.0,0.017,6.23
168720.0,-325.0,-327319.0,0.042,6.23
168726.0,-251.0,-327463.0,0.0,6.48
168731.0,-535.0,-327456.0,-0.058,6.48
168736.0,-182.0,-327827.0,0.0,6.48
168741.0,-494.0,-327209.0,0.0,6.48
168748.0,-366.0,-327041.0,0.033,6.48
168753.0,-124.0,-327410.0,-0.058,6.96
168758.0,-121.0,-327707.0,0.0,6.48
168763.0,-201.0,-327431.0,0.033,6.48
168769.0,-101.0,-327200.0,0.075,6.48
168773.0,-118.0,-327217.0,0.017,6.48
168779.0,152.0,-327363.0,0.0,6.23
168784.0,-314.0,-327538.0,0.033,6.72
168790.0,-257.0,-327761.0,0.075,6.72
168795.0,-251.0,-327853.0,0.008,6.72
168800.0,-251.0,-327580.0,0.017,6.48
168805.0,-274.0,-327581.0,-0.058,6.48
168811.0,2.0,-327629.0,-0.05,6.48
168816.0,-76.0,-327432.0,-0.033,6.96
168820.0,-59.0,-327831.0,-0.058,6.48
168826.0,-401.0,-327435.0,0.008,6.72
168832.0,-277.0,-327754.0,0.092,6.23
168837.0,-520.0,-327597.0,0.083,6.48
168842.0,-40.0,-327861.0,0.017,6.48
168847.0,-42.0,-327466.0,0.05,6.96
168852.0,-289.0,-327303.0,-0.017,6.48
168857.0,-266.0,-327867.0,0.017,6.23
168862.0,-314.0,-327612.0,-0.05,6.23
168867.0,-503.0,-327323.0,-0.008,6.48
168873.0,-351.0,-327837.0,0.108,7.7
168879.0,-255.0,-328016.0,-0.017,6.48
168884.0,-160.0,-327247.0,0.117,6.96
168889.0,-166.0,-327787.0,0.05,6.72
168894.0,-196.0,-327922.0,0.042,7.21
168899.0,-265.0,-327833.0,-0.008,6.23
168904.0,-214.0,-327749.0,-0.017,6.23
168909.0,-424.0,-327590.0,0.108,6.48
168914.0,-211.0,-327685.0,0.017,6.72
168921.0,-35.0,-327491.0,0.025,6.96
168926.0,3.0,-327724.0,0.092,6.48
168930.0,-314.0,-327887.0,-0.042,6.23
168936.0,-444.0,-327833.0,0.067,6.23
168941.0,30.0,-327638.0,0.058,6.23
168946.0,19.0,-327903.0,-0.033,6.72
168951.0,-345.0,-327571.0,0.033,6.48
168956.0,-315.0,-327840.0,0.083,6.23
168962.0,-468.0,-327813.0,0.108,6.23
168967.0,-333.0,-327785.0,0.017,6.72
168972.0,-31.0,-327970.0,0.075,6.23
168977.0,-74.0,-327951.0,-0.075,6.23
168983.0,-332.0,-327977.0,-0.008,6.48
168988.0,-292.0,-328196.0,0.058,6.23
168993.0,-429.0,-328083.0,0.075,6.48
168998.0,-225.0,-328043.0,0.05,6.72
169004.0,-311.0,-327924.0,0.108,6.48
169009.0,-42.0,-328201.0,0.05,6.48
169014.0,39.0,-327944.0,0.083,6.48
169019.0,-255.0,-327769.0,-0.008,6.48
169024.0,150.0,-328227.0,0.075,6.96
169029.0,-368.0,-328180.0,0.042,6.48
169034.0,-144.0,-328179.0,0.05,6.72
169039.0,-229.0,-327941.0,0.1,6.48
169044.0,77.0,-328060.0,0.008,6.23
169050.0,-141.0,-327955.0,-0.025,6.48
169056.0,-214.0,-328147.0,0.083,6.48
169061.0,-4.0,-328219.0,0.1,6.96
169066.0,-402.0,-328196.0,-0.067,6.72
169071.0,-281.0,-328217.0,0.142,6.48
169077.0,-123.0,-328267.0,0.042,6.96
169082.0,-303.0,-328120.0,0.008,6.48
169086.0,-462.0,-328025.0,-0.042,6.96
169092.0,-277.0,-327672.0,0.083,6.48
169097.0,-191.0,-328129.0,0.025,6.72
169102.0,-124.0,-327835.0,0.1,7.45
169108.0,66.0,-327900.0,0.067,6.72
169113.0,-504.0,-328375.0,-0.067,6.48
169118.0,-391.0,-328263.0,0.092,6.23
169123.0,-207.0,-328052.0,0.033,6.96
169128.0,-263.0,-328359.0,0.05,6.23
169134.0,-292.0,-328139.0,-0.033,6.23
169139.0,-69.0,-328216.0,-0.075,6.23
169144.0,-383.0,-328261.0,0.0,6.23
169149.0,-436.0,-328047.0,-0.025,6.72
169154.0,-66.0,-328126.0,0.025,6.48
169159.0,114.0,-328293.0,0.017,6.23
169164.0,-237.0,-327809.0,0.058,6.23
169170.0,-71.0,-328034.0,0.058,6.48
169176.0,-189.0,-327937.0,-0.033,6.23
169181.0,-270.0,-328213.0,0.008,6.23
169186.0,-142.0,-327984.0,-0.017,6.23
169191.0,46.0,-327971.0,0.05,6.72
169196.0,-181.0,-328131.0,0.033,6.23
169201.0,-214.0,-328004.0,0.008,6.23
169206.0,-56.0,-327805.0,0.1,6.48
169211.0,-17.0,-328531.0,-0.017,6.23
169217.0,-631.0,-328312.0,0.033,6.23
169222.0,-213.0,-328029.0,-0.017,6.48
169228.0,46.0,-328221.0,-0.025,6.48
169233.0,-280.0,-328132.0,0.133,6.48
169238.0,-496.0,-328147.0,0.017,6.48
169243.0,-65.0,-328305.0,0.075,6.23
169248.0,-163.0,-328154.0,0.042,6.23
169253.0,-349.0,-328359.0,0.008,6.96
169259.0,40.0,-328461.0,0.133,6.96
169264.0,-260.0,-328318.0,-0.017,6.48
169270.0,90.0,-328107.0,0.008,6.23
169275.0,271.0,-328193.0,0.092,6.48
169279.0,-120.0,-328180.0,0.05,6.72
169285.0,-486.0,-328074.0,0.0,6.72
169290.0,-507.0,-328260.0,-0.025,6.48
169295.0,4.0,-328019.0,0.067,6.23
169300.0,-488.0,-328167.0,-0.042,6.48
169306.0,-577.0,-328055.0,0.017,6.23
169311.0,-204.0,-327964.0,0.142,6.48
169316.0,90.0,-328219.0,0.042,4.77
169321.0,97.0,-328203.0,0.042,6.23
169326.0,-9.0,-328028.0,-0.008,6.48
169332.0,103.0,-328300.0,-0.067,6.48
169337.0,-24.0,-328140.0,-0.008,6.96
169342.0,-387.0,-328161.0,0.108,6.23
169348.0,-387.0,-328196.0,-0.033,6.23
169353.0,-376.0,-328088.0,-0.033,6.48
169358.0,51.0,-328143.0,0.117,6.23
169363.0,13.0,-328047.0,0.067,6.48
169368.0,64.0,-327981.0,0.0,6.48
169373.0,258.0,-328352.0,0.05,6.96
169379.0,-436.0,-328091.0,0.117,6.72
169384.0,-387.0,-327953.0,0.067,6.96
169389.0,-172.0,-328298.0,0.008,6.48
169395.0,-526.0,-328350.0,0.083,7.21
169400.0,-517.0,-327824.0,0.133,6.23
169405.0,-560.0,-328027.0,0.1,6.48
169410.0,94.0,-327819.0,0.0,6.48
169415.0,-153.0,-328469.0,-0.033,6.48
169420.0,-206.0,-328394.0,0.008,6.48
169426.0,208.0,-328284.0,0.017,6.72
169432.0,-39.0,-328288.0,0.05,6.72
169437.0,-140.0,-328527.0,0.058,6.48
169442.0,-168.0,-328386.0,0.05,6.48
169447.0,-113.0,-328052.0,-0.058,6.23
169451.0,-320.0,-328143.0,0.1,6.48
169457.0,-296.0,-328363.0,-0.008,6.23
169462.0,367.0,-327941.0,0.033,6.48
169467.0,-202.0,-328002.0,0.008,6.23
169474.0,336.0,-328654.0,-0.033,6.48
169479.0,155.0,-327968.0,0.017,6.48
169483.0,-536.0,-328115.0,-0.033,6.72
169489.0,-560.0,-328227.0,0.058,6.23
169494.0,-233.0,-328241.0,0.033,6.72
169499.0,-268.0,-328026.0,0.058,6.23
169504.0,-280.0,-327979.0,-0.067,6.48
169509.0,-165.0,-328109.0,0.0,6.48
169515.0,-214.0,-327756.0,0.025,6.96
169520.0,-342.0,-327940.0,0.092,6.48
169525.0,-291.0,-328180.0,0.042,6.72
169530.0,-204.0,-328057.0,0.1,6.72
169536.0,-332.0,-328273.0,0.008,6.96
169541.0,-109.0,-327973.0,-0.058,6.48
169546.0,-410.0,-328148.0,-0.067,6.48
169551.0,-104.0,-328456.0,0.033,6.23
169558.0,-38.0,-328206.0,0.075,7.21
169562.0,-105.0,-328473.0,0.083,6.48
169568.0,-31.0,-327972.0,0.058,6.48
169573.0,51.0,-328012.0,0.042,6.72
169578.0,-36.0,-328063.0,-0.017,6.72
169583.0,98.0,-327892.0,0.083,6.48
169588.0,-270.0,-328400.0,-0.05,6.48
169593.0,-439.0,-328583.0,0.033,6.23
169598.0,-321.0,-328124.0,0.067,6.48
169605.0,-21.0,-327998.0,0.058,6.23
169610.0,-230.0,-328094.0,0.1,6.48
169615.0,-219.0,-327745.0,0.042,6.72
169620.0,-39.0,-328123.0,-0.125,6.72
169625.0,76.0,-327737.0,0.067,6.48
169630.0,-223.0,-327906.0,0.1,6.48
169636.0,-293.0,-328272.0,0.025,7.21
169641.0,-262.0,-328078.0,0.0,6.72
169646.0,-83.0,-327999.0,-0.067,6.96
169652.0,113.0,-327993.0,0.025,6.23
169657.0,27.0,-327795.0,0.042,7.21
169662.0,96.0,-327666.0,0.033,6.48
169667.0,-20.0,-327815.0,0.008,6.48
169673.0,164.0,-328285.0,0.067,6.23
169677.0,63.0,-328112.0,-0.025,6.72
169683.0,-227.0,-327899.0,0.05,5.25
169689.0,197.0,-328081.0,0.008,6.48
169694.0,-68.0,-328130.0,0.025,6.23
169699.0,-148.0,-327983.0,-0.017,6.48
169705.0,-302.0,-328101.0,0.017,6.23
169709.0,65.0,-328016.0,-0.117,6.72
169714.0,311.0,-327821.0,0.033,6.48
169720.0,49.0,-327953.0,0.092,6.96
169725.0,-136.0,-327718.0,0.025,6.72
169731.0,44.0,-327665.0,0.117,6.72
169736.0,-316.0,-327775.0,-0.025,6.23
169741.0,-317.0,-327490.0,0.008,6.23
169746.0,-316.0,-327713.0,0.042,6.48
169751.0,-120.0,-327977.0,0.117,6.72
169756.0,-155.0,-327866.0,0.033,6.23
169761.0,-375.0,-327991.0,0.017,6.96
169767.0,-99.0,-327993.0,0.058,6.23
169772.0,18.0,-328076.0,0.008,6.72
169778.0,-210.0,-327985.0,0.008,6.96
169783.0,-448.0,-327919.0,0.008,6.48
169788.0,-245.0,-327574.0,-0.017,6.23
169792.0,-66.0,-328117.0,-0.075,6.23
169798.0,-306.0,-328087.0,0.125,6.48
169803.0,-259.0,-328036.0,0.017,6.96
169808.0,-247.0,-328085.0,-0.092,6.96
169814.0,35.0,-327531.0,-0.017,6.48
169819.0,10.0,-327780.0,0.067,6.48
169824.0,-236.0,-328029.0,0.083,6.23
169830.0,-12.0,-327789.0,0.017,6.48
169835.0,-41.0,-327824.0,0.033,6.23
169840.0,213.0,-327845.0,-0.017,6.96
169845.0,-245.0,-328035.0,0.108,6.72
169850.0,-416.0,-327696.0,0.008,6.48
169856.0,164.0,-327821.0,0.058,6.48
169862.0,-56.0,-327819.0,-0.033,6.23
169866.0,-329.0,-327946.0,0.083,6.96
169871.0,-94.0,-328135.0,0.067,6.23
169876.0,-90.0,-327827.0,-0.025,6.96
169881.0,-445.0,-327402.0,-0.008,6.48
169887.0,-403.0,-327550.0,0.017,6.23
169892.0,173.0,-327960.0,0.033,6.48
169899.0,-59.0,-327890.0,0.008,6.96
169904.0,-136.0,-328085.0,-0.025,6.48
169909.0,-316.0,-327919.0,0.058,3.3
169915.0,36.0,-327883.0,0.042,6.23
169920.0,-44.0,-327933.0,0.008,6.48
169925.0,-241.0,-327862.0,-0.017,6.23
169931.0,-273.0,-327710.0,0.0,6.96
169936.0,-465.0,-327548.0,0.025,6.48
169943.0,-169.0,-327578.0,0.075,6.96
169947.0,14.0,-327879.0,-0.025,6.48
169953.0,-204.0,-327825.0,0.008,6.96
169958.0,-90.0,-327937.0,-0.025,6.23
169964.0,-6.0,-327763.0,0.033,6.96
169969.0,-299.0,-327894.0,0.092,6.48
169974.0,-211.0,-327516.0,0.033,6.23
169980.0,-139.0,-328040.0,0.033,6.23
169986.0,-219.0,-327682.0,0.008,6.23
169991.0,142.0,-327647.0,0.067,6.48
169997.0,-446.0,-327839.0,-0.017,6.72
170002.0,-118.0,-328091.0,0.0,6.96
170008.0,-418.0,-327797.0,0.033,6.48
170013.0,-491.0,-327538.0,-0.008,6.48
170018.0,-483.0,-327842.0,0.05,6.23
170024.0,-171.0,-327814.0,0.042,6.23
170030.0,-381.0,-327604.0,-0.092,6.72
170035.0,-496.0,-327587.0,0.058,6.48
170041.0,-156.0,-327595.0,0.008,6.48
170046.0,-224.0,-327523.0,-0.008,6.48
170052.0,-196.0,-327759.0,-0.008,6.23
170056.0,-219.0,-327456.0,-0.067,6.48
170062.0,-251.0,-327396.0,0.033,7.21
170068.0,-279.0,-327480.0,0.058,6.48
170074.0,19.0,-327604.0,0.0,6.48
170079.0,-8.0,-327647.0,0.033,6.48
170084.0,-278.0,-327827.0,0.075,6.48
170090.0,-164.0,-327581.0,-0.008,6.48
170096.0,-84.0,-327319.0,0.075,6.23
170100.0,101.0,-327666.0,0.025,6.23
170106.0,101.0,-327466.0,0.042,6.96
170112.0,21.0,-327648.0,0.083,6.96
170118.0,-275.0,-327696.0,0.017,6.48
170123.0,-314.0,-327409.0,0.058,6.48
170128.0,-108.0,-327449.0,0.025,6.23
170134.0,-302.0,-327413.0,0.0,6.23
170139.0,218.0,-327757.0,0.075,6.48
170144.0,1.0,-327474.0,0.05,6.48
170150.0,-91.0,-327160.0,0.033,6.48
170156.0,-207.0,-327704.0,0.008,7.21
170161.0,19.0,-327501.0,0.025,6.48
170166.0,-296.0,-327102.0,0.025,6.48
170172.0,-20.0,-327612.0,0.033,6.48
170177.0,-338.0,-327664.0,0.0,6.48
170182.0,-169.0,-327369.0,0.075,6.96
170187.0,-279.0,-327345.0,0.008,6.96
170193.0,-395.0,-327197.0,-0.05,6.48
170200.0,-161.0,-327413.0,-0.025,6.23
170204.0,-236.0,-327666.0,0.008,6.23
170209.0,69.0,-327266.0,-0.025,6.48
170215.0,-449.0,-327568.0,0.05,6.23
170220.0,199.0,-327045.0,0.017,6.48
170225.0,12.0,-327524.0,0.058,6.72
170230.0,-348.0,-327138.0,0.025,6.23
170235.0,182.0,-327101.0,0.042,6.23
170241.0,-59.0,-327186.0,-0.033,6.48
170247.0,23.0,-327242.0,0.033,6.23
170252.0,-223.0,-327099.0,0.125,6.48
170257.0,-148.0,-327278.0,-0.042,6.48
170262.0,-578.0,-327488.0,0.067,6.48
170267.0,-456.0,-327497.0,-0.017,6.23
170272.0,-391.0,-327208.0,0.067,6.48
170278.0,-43.0,-327124.0,0.017,7.21
170284.0,-495.0,-327199.0,0.0,6.23
170288.0,-214.0,-327192.0,0.058,6.72
170294.0,354.0,-327106.0,-0.008,6.48
170300.0,-552.0,-327130.0,0.033,6.72
170305.0,-28.0,-327281.0,0.042,6.48
170309.0,-359.0,-327216.0,-0.05,6.96
170315.0,-45.0,-327264.0,-0.108,6.23
170320.0,-119.0,-327233.0,0.133,6.23
170326.0,-8.0,-327180.0,0.058,6.72
170331.0,-70.0,-327042.0,-0.075,6.23
170336.0,-478.0,-327081.0,0.058,6.72
170341.0,-119.0,-327490.0,0.067,6.48
170347.0,-85.0,-327296.0,0.0,6.23
170352.0,-293.0,-327293.0,0.05,6.48
170356.0,-358.0,-327454.0,0.075,6.23
170362.0,6.0,-327234.0,0.042,6.23
170368.0,-670.0,-327255.0,0.092,6.23
170373.0,-399.0,-327214.0,0.017,6.48
170378.0,-281.0,-326866.0,0.008,6.23
170384.0,-55.0,-326829.0,-0.033,6.48
170388.0,64.0,-327140.0,0.083,6.96
170394.0,-98.0,-326842.0,0.033,6.23
170399.0,-144.0,-326785.0,0.008,6.72
170403.0,-17.0,-326832.0,0.083,5.25
170409.0,-15.0,-326726.0,0.1,6.23
170415.0,57.0,-327021.0,-0.075,6.23
170420.0,84.0,-326658.0,0.017,6.48
170425.0,18.0,-327134.0,0.042,6.48
170430.0,0.0,-326971.0,-0.025,6.48
170435.0,-219.0,-326918.0,-0.008,6.23
170441.0,-17.0,-327018.0,0.0,7.21
170446.0,-313.0,-326913.0,-0.025,6.96
170450.0,-240.0,-326808.0,0.058,6.96
170457.0,46.0,-327332.0,0.025,6.48
170462.0,36.0,-327215.0,0.133,6.72
170467.0,-259.0,-327010.0,0.05,6.72
170472.0,-43.0,-326918.0,0.0,6.96
170477.0,139.0,-326573.0,0.017,6.48
170482.0,28.0,-326742.0,-0.075,6.48
170488.0,20.0,-326580.0,-0.008,6.48
170493.0,-148.0,-326623.0,0.067,6.72
170498.0,-407.0,-326772.0,0.0,6.23
170504.0,-316.0,-326686.0,-0.083,6.23
170509.0,120.0,-326749.0,0.05,6.23
170513.0,-135.0,-326862.0,-0.067,6.72
170519.0,-251.0,-326740.0,0.033,6.48
170524.0,-289.0,-326845.0,0.017,6.96
170529.0,-302.0,-326578.0,-0.033,6.48
170534.0,-496.0,-326700.0,0.033,6.48
170541.0,-314.0,-327023.0,-0.025,6.48
170545.0,-219.0,-326392.0,0.033,6.48
170551.0,-558.0,-326484.0,0.058,6.72
170556.0,-370.0,-326995.0,-0.042,6.48
170560.0,201.0,-326760.0,0.017,6.48
170566.0,-193.0,-326570.0,0.025,6.23
170571.0,-239.0,-326641.0,0.075,6.23
170576.0,-134.0,-326774.0,-0.033,6.23
170580.0,99.0,-326741.0,0.083,6.23
170587.0,-375.0,-326390.0,0.075,6.48
170592.0,-234.0,-326594.0,0.042,6.23
170597.0,46.0,-326618.0,-0.033,6.48
170602.0,-274.0,-326653.0,0.05,6.48
170607.0,-317.0,-326712.0,0.058,6.96
170613.0,-9.0,-326638.0,-0.008,6.23
170618.0,-227.0,-326345.0,0.025,6.96
170622.0,-470.0,-326618.0,0.05,6.72
170629.0,-298.0,-326300.0,0.067,6.23
170634.0,-148.0,-326605.0,0.017,6.72
170639.0,-93.0,-326632.0,-0.008,6.48
170644.0,18.0,-326731.0,0.033,6.48
170649.0,-68.0,-326602.0,-0.008,7.7
170654.0,35.0,-326236.0,0.025,6.96
170659.0,-93.0,-326417.0,0.033,6.96
170664.0,-299.0,-326480.0,0.042,6.23
170670.0,-102.0,-326512.0,0.0,5.74
170675.0,56.0,-326615.0,0.008,6.23
170680.0,-524.0,-326230.0,0.025,6.72
170685.0,-287.0,-326284.0,0.033,6.72
170691.0,-233.0,-326579.0,0.017,6.72
170696.0,-465.0,-326588.0,0.075,6.48
170701.0,-648.0,-326010.0,-0.017,6.23
170707.0,-442.0,-326280.0,0.008,6.72
170713.0,-68.0,-326289.0,-0.042,6.48
170717.0,-175.0,-326240.0,0.025,6.48
170722.0,-190.0,-326257.0,0.083,6.23
170727.0,-72.0,-326598.0,0.0,6.23
170732.0,-171.0,-326136.0,-0.025,6.96
170737.0,3.0,-326081.0,0.042,6.48
170742.0,243.0,-326346.0,-0.042,6.48
170748.0,174.0,-326154.0,0.125,6.48
170754.0,-336.0,-326347.0,0.017,6.23
170759.0,-48.0,-326374.0,0.025,6.72
170764.0,-29.0,-326268.0,0.05,6.23
170769.0,-417.0,-326627.0,0.0,6.23
170774.0,53.0,-326360.0,-0.017,6.72
170779.0,-136.0,-326028.0,-0.008,6.48
170784.0,-120.0,-325981.0,0.008,6.96
170790.0,-216.0,-326152.0,0.008,6.48
170796.0,-25.0,-326588.0,-0.05,6.48
170800.0,-352.0,-326531.0,0.025,6.23
170805.0,-642.0,-326120.0,0.042,6.48
170811.0,85.0,-325898.0,0.0,6.72
170816.0,351.0,-325783.0,0.025,6.96
170821.0,329.0,-325978.0,-0.008,6.23
170826.0,168.0,-326100.0,0.042,6.23
170831.0,-412.0,-326195.0,0.067,6.96
170836.0,58.0,-325980.0,0.017,6.48
170842.0,233.0,-325814.0,-0.083,6.48
170847.0,-189.0,-326085.0,-0.008,6.72
170853.0,103.0,-326046.0,0.0,6.72
170858.0,-178.0,-326022.0,-0.008,6.48
170863.0,-284.0,-325833.0,0.1,6.72
170868.0,-426.0,-325840.0,0.108,6.72
170873.0,-307.0,-325882.0,0.075,6.48
170878.0,-90.0,-326129.0,0.125,6.48
170884.0,-66.0,-326020.0,0.017,6.48
170889.0,17.0,-326202.0,0.067,6.23
170894.0,-205.0,-326131.0,-0.008,6.23
170899.0,-181.0,-326106.0,-0.008,6.23
170904.0,114.0,-325868.0,-0.017,6.96
170910.0,-272.0,-325979.0,0.008,6.23
170915.0,-462.0,-325872.0,0.0,6.48
170920.0,-111.0,-325754.0,0.008,6.48
170926.0,63.0,-325765.0,-0.008,6.48
170931.0,-427.0,-325660.0,0.008,7.21
170936.0,6.0,-325810.0,0.0,6.72
170941.0,-138.0,-325909.0,0.067,6.96
170946.0,-112.0,-325524.0,0.0,6.48
170951.0,-511.0,-326144.0,0.0,6.23
170956.0,-350.0,-326081.0,-0.042,6.96
170962.0,-208.0,-325241.0,0.017,6.96
170968.0,27.0,-325339.0,-0.025,6.23
170972.0,10.0,-325324.0,-0.05,6.23
170978.0,-96.0,-325952.0,0.025,6.48
170983.0,-159.0,-325306.0,0.008,6.23
170988.0,-452.0,-325661.0,0.117,6.72
170993.0,248.0,-325761.0,-0.017,6.96
170999.0,-19.0,-325775.0,-0.008,6.48
171003.0,-376.0,-325738.0,0.067,6.48
171009.0,-250.0,-326007.0,-0.05,6.48
171015.0,-157.0,-325783.0,-0.05,6.48
171019.0,-196.0,-325986.0,0.033,6.48
171025.0,-280.0,-325612.0,0.067,6.23
171030.0,19.0,-325650.0,-0.05,6.23
171035.0,108.0,-325477.0,0.05,6.96
171040.0,-346.0,-325461.0,0.058,6.48
171045.0,-329.0,-325093.0,-0.117,6.23
171051.0,-118.0,-325512.0,0.025,6.72
171057.0,-236.0,-325684.0,0.1,6.48
171062.0,-275.0,-325604.0,0.0,6.23
171066.0,6.0,-325593.0,-0.017,6.23
171072.0,-270.0,-325487.0,0.125,6.48
171077.0,-215.0,-325441.0,0.05,6.23
171082.0,72.0,-325162.0,0.008,6.48
171087.0,-4.0,-325291.0,0.167,6.48
171092.0,-61.0,-325785.0,0.058,6.72
171098.0,-284.0,-325774.0,-0.058,6.72
171103.0,-330.0,-325122.0,0.058,6.72
171108.0,-211.0,-325116.0,0.083,6.48
171113.0,-330.0,-325303.0,0.125,6.23
171119.0,-12.0,-325343.0,0.042,6.72
171124.0,-15.0,-325515.0,0.1,6.48
171128.0,-52.0,-325682.0,0.05,6.48
171134.0,-124.0,-325016.0,0.125,6.48
171140.0,-17.0,-325082.0,0.017,6.23
171145.0,280.0,-325327.0,-0.05,6.23
171150.0,-54.0,-325111.0,0.0,6.48
171155.0,-141.0,-325159.0,0.025,7.21
171160.0,86.0,-325332.0,0.042,6.48
171166.0,-288.0,-325092.0,-0.05,6.23
171171.0,-497.0,-325060.0,0.008,6.23
171176.0,-30.0,-324935.0,0.033,6.72
171182.0,-60.0,-325171.0,0.067,6.23
171188.0,-306.0,-324919.0,0.017,6.48
171192.0,107.0,-325682.0,0.0,6.48
171197.0,99.0,-324929.0,0.0,6.23
171203.0,-211.0,-324683.0,0.033,6.48
171208.0,-88.0,-324638.0,0.025,6.96
171213.0,-248.0,-325247.0,0.075,6.23
171218.0,-332.0,-325207.0,0.042,6.48
171224.0,-101.0,-325138.0,0.05,6.23
171229.0,-183.0,-325017.0,0.008,6.48
171235.0,-311.0,-324965.0,0.025,6.72
171240.0,-118.0,-325047.0,0.067,6.23
171245.0,-395.0,-325076.0,0.083,6.48
171250.0,133.0,-324918.0,0.025,6.96
171255.0,-332.0,-325240.0,0.058,6.48
171260.0,-125.0,-325287.0,0.042,6.96
171267.0,191.0,-324883.0,0.042,6.23
171272.0,23.0,-324835.0,-0.017,6.48
171277.0,180.0,-325196.0,0.117,6.23
171282.0,-64.0,-324957.0,0.067,6.48
171288.0,-248.0,-324887.0,0.075,6.23
171292.0,-227.0,-325114.0,0.0,6.48
171297.0,-213.0,-324907.0,0.017,6.72
171303.0,-43.0,-325041.0,0.025,6.48
171309.0,42.0,-324840.0,0.05,6.96
171314.0,-132.0,-324947.0,-0.008,5.74
171319.0,-30.0,-324939.0,0.058,6.48
171324.0,35.0,-324844.0,0.033,6.23
171329.0,-145.0,-325031.0,0.0,6.48
171335.0,-137.0,-324487.0,-0.033,6.23
171339.0,-130.0,-324356.0,-0.033,6.96
171344.0,-47.0,-324603.0,-0.033,6.23
171351.0,-357.0,-324649.0,0.1,6.48
171355.0,-234.0,-324668.0,-0.033,6.72
171360.0,-162.0,-324843.0,0.042,6.48
171366.0,146.0,-324689.0,0.05,6.72
171371.0,93.0,-324676.0,0.008,6.72
171376.0,-157.0,-325035.0,-0.025,6.96
171381.0,-243.0,-324647.0,0.025,6.96
171386.0,-250.0,-324600.0,0.142,6.72
171392.0,64.0,-324685.0,0.067,6.96
171398.0,-58.0,-324749.0,0.033,6.23
171402.0,-163.0,-324598.0,0.083,6.72
171407.0,-320.0,-324455.0,0.025,6.72
171413.0,-98.0,-324513.0,0.075,6.72
171417.0,-137.0,-324708.0,0.017,6.72
171422.0,-189.0,-324749.0,0.092,6.23
171428.0,183.0,-325041.0,0.042,6.23
171433.0,-262.0,-324694.0,-0.008,6.23
171439.0,-330.0,-324325.0,0.05,6.72
171444.0,74.0,-324267.0,-0.05,6.48
171449.0,183.0,-324600.0,0.05,6.48
171454.0,-229.0,-324085.0,-0.025,6.96
171460.0,-185.0,-324287.0,0.125,6.72
171465.0,-140.0,-324374.0,0.05,6.23
171469.0,-133.0,-324567.0,0.067,6.96
171475.0,-129.0,-324165.0,-0.067,6.48
171481.0,-96.0,-324316.0,0.067,6.23
171486.0,-280.0,-324135.0,-0.092,6.23
171491.0,-262.0,-324103.0,0.033,6.48
171496.0,-183.0,-324226.0,0.058,6.96
171501.0,-369.0,-324201.0,-0.1,6.48
171507.0,-127.0,-323997.0,0.033,6.48
171511.0,-184.0,-324340.0,0.008,6.23
171516.0,-271.0,-324105.0,0.05,6.23
171523.0,27.0,-324303.0,0.008,6.72
171527.0,-284.0,-324384.0,0.017,6.72
171533.0,8.0,-324276.0,0.058,6.23
171538.0,170.0,-324534.0,0.083,6.23
171544.0,-100.0,-324390.0,-0.017,6.96
171549.0,-271.0,-324105.0,0.033,6.48
171554.0,-199.0,-324127.0,0.033,6.23
171560.0,155.0,-323899.0,0.117,6.48
171566.0,-635.0,-323979.0,0.017,6.23
171571.0,-618.0,-323828.0,0.075,6.72
171577.0,10.0,-324308.0,0.058,6.72
171582.0,-346.0,-323852.0,0.008,6.72
171588.0,-310.0,-324366.0,0.008,6.23
171593.0,125.0,-323929.0,0.083,6.48
171598.0,49.0,-323722.0,0.042,6.96
171603.0,-181.0,-323924.0,0.017,6.72
171609.0,-70.0,-324113.0,0.1,6.48
171614.0,190.0,-324452.0,0.025,6.48
171620.0,250.0,-323694.0,0.025,6.23
171624.0,255.0,-323791.0,-0.05,6.48
171629.0,94.0,-323906.0,0.033,6.48
171635.0,-72.0,-323886.0,0.183,6.48
171639.0,-43.0,-324093.0,0.017,6.96
171645.0,-397.0,-324239.0,0.05,6.96
