time_ms,p1,p2,f3,f4
263874.0,13.0,2633.0,0.05,6.72
263878.0,-108.0,2472.0,0.108,6.23
263884.0,-74.0,2872.0,0.025,6.96
263889.0,314.0,2719.0,0.058,6.72
263894.0,291.0,2756.0,0.092,6.96
263899.0,331.0,3209.0,0.058,6.23
263904.0,203.0,2624.0,0.025,6.48
263909.0,14.0,3044.0,0.033,6.96
263914.0,-120.0,2753.0,0.042,6.48
263919.0,157.0,2728.0,0.067,6.48
263924.0,288.0,2571.0,0.092,6.23
263929.0,-40.0,2504.0,0.058,6.23
263934.0,-65.0,2626.0,-0.008,6.96
263940.0,27.0,2909.0,0.075,6.48
263944.0,-42.0,2906.0,0.058,6.72
263949.0,446.0,3005.0,0.033,6.23
263954.0,294.0,3122.0,0.033,6.48
263959.0,155.0,2628.0,0.067,6.23
263964.0,49.0,2787.0,0.008,6.48
263969.0,197.0,2700.0,0.0,6.48
263974.0,206.0,2934.0,0.033,6.48
263980.0,-126.0,2689.0,0.033,6.48
263985.0,-577.0,2622.0,0.1,6.72
263991.0,193.0,2714.0,0.083,6.23
263996.0,-93.0,2847.0,0.017,6.48
264001.0,24.0,2681.0,0.05,6.96
264005.0,85.0,2666.0,0.117,6.48
264010.0,107.0,3071.0,0.058,6.48
264015.0,184.0,3027.0,0.108,6.96
264020.0,20.0,2792.0,0.058,6.72
264026.0,7.0,2819.0,0.083,6.48
264031.0,-295.0,2744.0,0.025,6.23
264036.0,-147.0,2797.0,0.083,6.96
264041.0,26.0,3099.0,-0.017,6.96
264046.0,362.0,3050.0,0.058,6.23
264051.0,-40.0,3063.0,0.092,6.96
264056.0,-137.0,2913.0,0.05,6.23
264061.0,-11.0,3030.0,0.033,6.96
264067.0,357.0,2887.0,0.017,6.23
264072.0,318.0,3037.0,0.033,6.96
264077.0,16.0,3334.0,-0.017,6.48
264082.0,9.0,2726.0,0.0,6.72
264087.0,348.0,2711.0,-0.033,6.23
264092.0,130.0,2876.0,0.008,6.48
264097.0,61.0,2528.0,0.117,6.23
264102.0,17.0,2793.0,0.025,6.48
264108.0,511.0,2464.0,0.075,6.23
264113.0,392.0,2946.0,0.017,6.72
264118.0,-14.0,2771.0,0.008,7.21
264123.0,381.0,2671.0,0.042,6.48
264128.0,130.0,2856.0,-0.083,6.23
264133.0,84.0,2857.0,0.033,6.23
264138.0,245.0,2811.0,0.033,6.48
264143.0,-257.0,3032.0,0.092,6.48
264148.0,-65.0,2937.0,0.033,6.48
264154.0,8.0,3073.0,0.083,7.21
264159.0,298.0,2938.0,-0.008,6.48
264164.0,70.0,2982.0,0.067,6.48
264169.0,329.0,3026.0,0.1,6.48
264174.0,297.0,2767.0,0.058,6.23
264179.0,287.0,2928.0,0.05,6.23
264184.0,16.0,2960.0,0.1,6.48
264189.0,104.0,2731.0,0.008,6.96
264196.0,-152.0,3055.0,0.075,6.48
264201.0,35.0,2767.0,0.017,6.48
264206.0,150.0,2958.0,0.033,6.23
264211.0,-365.0,3080.0,0.0,6.96
264215.0,-120.0,3095.0,0.008,6.48
264220.0,-76.0,2978.0,-0.008,6.48
264225.0,-221.0,3030.0,0.042,6.72
264230.0,567.0,3331.0,0.1,6.23
264236.0,103.0,3264.0,0.033,6.48
264241.0,18.0,3140.0,-0.075,6.48
264246.0,-80.0,2851.0,0.033,6.72
264252.0,178.0,2873.0,0.083,6.23
264257.0,49.0,2935.0,0.0,6.23
264262.0,-159.0,2988.0,0.108,6.23
264267.0,91.0,2909.0,-0.092,6.23
264271.0,32.0,2828.0,0.042,6.48
264276.0,58.0,3091.0,0.058,6.72
264282.0,237.0,2947.0,0.017,6.96
264287.0,182.0,3052.0,0.017,6.23
264293.0,60.0,3196.0,0.0,6.48
264298.0,171.0,3156.0,0.025,6.48
264303.0,191.0,3139.0,0.033,6.72
264308.0,337.0,3216.0,0.0,6.72
264312.0,28.0,3057.0,0.1,6.48
264317.0,-180.0,3126.0,0.042,6.23
264323.0,-31.0,2910.0,-0.008,7.21
264328.0,50.0,2953.0,-0.05,6.96
264333.0,-266.0,2881.0,0.042,6.48
264338.0,-171.0,2961.0,-0.008,6.72
264343.0,-34.0,2924.0,-0.042,6.48
264348.0,-137.0,2828.0,0.025,7.7
264353.0,-290.0,2721.0,0.1,6.23
264358.0,192.0,2720.0,0.05,6.23
264363.0,-89.0,2739.0,0.075,6.48
264368.0,-289.0,3072.0,0.075,6.23
264373.0,-100.0,3188.0,0.0,6.48
264378.0,247.0,2935.0,-0.008,6.48
264383.0,-31.0,2461.0,0.025,6.96
264388.0,106.0,2851.0,-0.008,6.72
264393.0,129.0,2936.0,-0.008,6.23
264398.0,-221.0,3232.0,0.05,6.72
264404.0,-340.0,2928.0,0.117,6.48
264409.0,87.0,2507.0,0.075,6.96
264414.0,40.0,2893.0,0.108,6.23
264419.0,41.0,3100.0,0.033,6.23
264424.0,253.0,2864.0,-0.008,5.99
264429.0,86.0,2856.0,0.058,6.72
264434.0,45.0,3133.0,0.042,6.72
264439.0,9.0,2889.0,-0.025,6.48
264444.0,-96.0,2806.0,0.0,6.23
264450.0,-92.0,2953.0,0.083,6.96
264455.0,-13.0,2875.0,0.008,6.23
264459.0,354.0,2766.0,-0.033,6.48
264465.0,148.0,2978.0,0.058,6.48
264470.0,297.0,2898.0,0.008,6.48
264474.0,-2.0,2755.0,0.025,6.48
264480.0,-278.0,2579.0,-0.008,6.23
264484.0,-79.0,2948.0,-0.067,6.48
264489.0,417.0,3097.0,-0.042,6.96
264496.0,-22.0,2955.0,0.042,6.48
264500.0,-103.0,2940.0,0.058,6.72
264506.0,257.0,2930.0,0.125,6.72
264511.0,324.0,2988.0,0.058,6.48
264515.0,-303.0,2843.0,-0.033,6.96
264521.0,-13.0,2491.0,-0.025,6.72
264525.0,-32.0,2494.0,-0.067,6.23
264530.0,-144.0,3081.0,-0.108,6.23
264537.0,14.0,2643.0,0.042,6.48
264541.0,417.0,2842.0,0.117,6.48
264547.0,-215.0,2729.0,0.042,6.96
264552.0,-570.0,2693.0,0.05,6.48
264556.0,229.0,2668.0,0.058,6.23
264562.0,39.0,3350.0,-0.042,6.23
264567.0,62.0,2538.0,0.058,6.48
264571.0,233.0,2565.0,0.1,6.23
264578.0,81.0,2585.0,0.092,6.23
264582.0,252.0,2734.0,0.05,6.48
264587.0,58.0,2863.0,0.092,6.23
264593.0,36.0,2661.0,0.0,6.48
264597.0,181.0,2884.0,-0.025,6.23
264602.0,37.0,2877.0,0.042,6.96
264607.0,-88.0,3022.0,-0.042,6.48
264612.0,-178.0,2793.0,0.025,6.96
264617.0,-112.0,3037.0,0.05,6.48
264623.0,19.0,3082.0,0.158,6.96
264628.0,-113.0,3189.0,0.117,6.23
264634.0,-343.0,3119.0,0.067,6.48
264638.0,58.0,2986.0,0.017,6.23
264643.0,18.0,2821.0,0.092,6.72
264648.0,-201.0,3038.0,0.033,6.23
264653.0,497.0,3105.0,0.075,6.72
264658.0,-165.0,2967.0,-0.008,6.72
264664.0,-426.0,2952.0,0.025,6.23
264669.0,216.0,2669.0,-0.025,6.72
264674.0,164.0,3149.0,0.075,6.96
264679.0,-145.0,3076.0,0.017,6.48
264684.0,-127.0,3281.0,0.067,6.96
264690.0,-131.0,2807.0,0.008,6.72
264694.0,-338.0,3060.0,0.033,6.96
264700.0,-188.0,3086.0,0.058,6.48
264706.0,500.0,2664.0,0.1,6.23
264711.0,409.0,2715.0,0.125,6.48
264716.0,-17.0,2958.0,0.05,6.48
264721.0,273.0,3056.0,0.025,6.48
264726.0,284.0,3053.0,0.067,6.72
264731.0,-110.0,2964.0,0.025,6.23
264737.0,226.0,2592.0,0.017,6.48
264741.0,323.0,2887.0,0.008,6.23
264748.0,-321.0,2871.0,0.017,6.72
264753.0,155.0,2919.0,0.133,6.23
264758.0,106.0,2788.0,0.042,6.23
264763.0,274.0,3211.0,0.008,6.48
264768.0,-100.0,3041.0,0.042,6.72
264773.0,-43.0,3380.0,-0.008,6.96
264778.0,-107.0,3087.0,0.0,6.48
264783.0,171.0,3075.0,0.033,6.23
264788.0,234.0,3332.0,0.025,6.23
264794.0,118.0,3210.0,0.008,6.48
264800.0,-92.0,3220.0,-0.008,6.48
264804.0,-167.0,3087.0,0.0,6.23
264809.0,-183.0,2608.0,0.025,6.48
264815.0,149.0,3264.0,0.017,6.23
264820.0,-80.0,3237.0,0.092,6.96
264825.0,-382.0,2713.0,0.042,6.72
264832.0,-338.0,2843.0,-0.042,5.99
264836.0,-115.0,2940.0,0.008,6.72
264841.0,132.0,3089.0,-0.008,6.72
264846.0,70.0,2741.0,0.05,6.72
264851.0,-129.0,3000.0,0.05,4.03
264856.0,13.0,3274.0,0.058,6.23
264862.0,75.0,3184.0,0.017,6.96
264866.0,70.0,3029.0,0.058,6.48
264872.0,494.0,2689.0,0.025,6.23
264878.0,-66.0,2875.0,0.0,6.23
264883.0,-43.0,2946.0,0.008,6.48
264888.0,137.0,2878.0,-0.008,6.72
264894.0,75.0,3032.0,0.033,6.48
264899.0,221.0,2850.0,0.058,6.48
264904.0,36.0,2555.0,0.033,6.48
264909.0,-74.0,3169.0,0.075,6.72
264915.0,-276.0,3169.0,0.05,6.23
264920.0,-55.0,3196.0,-0.025,6.48
264926.0,135.0,3166.0,-0.008,6.48
264931.0,97.0,3152.0,0.033,6.23
264936.0,58.0,3113.0,0.092,6.23
264941.0,214.0,3039.0,0.083,6.23
264947.0,114.0,3065.0,0.033,6.48
264952.0,-10.0,2979.0,0.0,6.48
264957.0,103.0,3118.0,0.05,6.48
264963.0,-87.0,3306.0,0.175,6.48
264969.0,203.0,3342.0,0.058,6.48
264973.0,90.0,3089.0,0.017,6.72
264979.0,348.0,2899.0,0.05,6.23
264984.0,138.0,2847.0,0.05,6.72
264989.0,-246.0,2872.0,-0.017,6.23
264994.0,-113.0,3153.0,0.058,6.48
265000.0,185.0,2943.0,-0.025,6.48
265005.0,38.0,2802.0,0.067,6.96
265010.0,-9.0,3014.0,0.042,6.23
265016.0,-39.0,3242.0,0.042,6.48
265020.0,36.0,3153.0,0.017,6.23
265026.0,-292.0,3017.0,0.133,6.48
265031.0,274.0,3341.0,0.05,8.92
265036.0,189.0,3024.0,0.0,7.21
265041.0,30.0,2994.0,-0.042,6.48
265047.0,-34.0,3070.0,0.042,6.48
265052.0,201.0,2839.0,0.058,6.23
265057.0,39.0,3303.0,0.083,6.72
265063.0,-137.0,2925.0,-0.008,6.23
265067.0,-178.0,2966.0,0.025,6.48
265072.0,-21.0,3026.0,0.025,6.23
265078.0,37.0,2736.0,-0.033,6.23
265082.0,-184.0,2805.0,0.117,6.48
265089.0,-38.0,2929.0,0.05,6.23
265094.0,220.0,3231.0,0.042,6.23
265099.0,-598.0,3218.0,0.108,6.48
265104.0,-313.0,3327.0,0.075,6.48
265109.0,235.0,3103.0,0.042,6.48
265114.0,120.0,3002.0,-0.008,6.96
265119.0,-245.0,3258.0,-0.033,7.94
265125.0,-399.0,3306.0,-0.008,6.48
265129.0,-360.0,2905.0,0.058,6.48
265136.0,-56.0,3105.0,0.042,6.48
265141.0,76.0,3203.0,0.142,6.23
265146.0,-74.0,3014.0,0.008,6.48
265151.0,15.0,3149.0,0.008,6.48
265156.0,-237.0,2807.0,0.042,6.23
265161.0,150.0,2814.0,0.075,6.48
265166.0,-20.0,2934.0,0.042,6.96
265172.0,154.0,2960.0,0.033,6.23
265178.0,230.0,2885.0,0.092,6.23
265182.0,273.0,2770.0,-0.008,7.21
265188.0,-143.0,3052.0,0.058,6.48
265193.0,-289.0,2781.0,0.1,6.48
265198.0,-134.0,3020.0,0.05,6.23
265203.0,352.0,2908.0,0.058,6.23
265208.0,49.0,3017.0,0.108,6.72
265213.0,88.0,2947.0,0.05,6.48
265219.0,-142.0,2906.0,0.067,6.48
265223.0,131.0,2795.0,0.075,6.48
265229.0,299.0,3079.0,-0.033,6.96
265234.0,291.0,3068.0,-0.017,6.23
265239.0,-4.0,2983.0,0.033,6.72
265244.0,278.0,3229.0,0.058,6.72
265249.0,72.0,3082.0,0.083,6.96
265254.0,-139.0,2972.0,0.092,6.48
265261.0,35.0,3176.0,0.033,6.23
265266.0,-21.0,3325.0,-0.058,6.48
265270.0,354.0,2996.0,0.067,6.96
265276.0,512.0,3004.0,0.067,6.23
265281.0,16.0,2889.0,-0.017,6.23
265285.0,189.0,3108.0,0.133,6.48
265291.0,477.0,2868.0,0.008,6.23
265296.0,-93.0,3037.0,0.033,6.23
265302.0,-270.0,2657.0,0.058,6.23
265307.0,-130.0,3123.0,0.017,6.23
265312.0,68.0,3250.0,0.025,6.48
265317.0,-3.0,3233.0,0.083,6.48
265322.0,219.0,3246.0,-0.025,6.48
265327.0,64.0,2785.0,0.083,6.72
265332.0,-134.0,3183.0,-0.008,6.23
265337.0,-70.0,3184.0,-0.025,6.72
265342.0,-113.0,3053.0,0.1,6.23
265348.0,-73.0,3241.0,0.0,6.23
265353.0,127.0,3214.0,0.117,6.96
265358.0,-56.0,2923.0,0.017,6.23
265363.0,58.0,3029.0,0.108,6.23
265368.0,-90.0,3448.0,0.0,6.48
265373.0,65.0,3238.0,-0.008,6.48
265379.0,7.0,2830.0,0.0,5.01
265384.0,643.0,2931.0,0.083,6.23
265390.0,344.0,2983.0,0.042,6.48
265395.0,-26.0,3221.0,0.025,6.48
265400.0,178.0,2988.0,0.058,6.72
265405.0,221.0,2891.0,0.058,6.23
265410.0,57.0,3087.0,0.017,6.23
265415.0,-163.0,3186.0,-0.042,6.96
265420.0,-122.0,2906.0,0.0,6.23
265426.0,-78.0,3156.0,-0.033,6.23
265432.0,-320.0,3105.0,-0.025,6.48
265436.0,173.0,3254.0,-0.033,7.45
265442.0,221.0,3196.0,0.058,6.48
265447.0,-509.0,2995.0,0.108,6.23
265452.0,-408.0,3142.0,-0.05,6.48
265457.0,230.0,2962.0,0.008,6.48
265462.0,-4.0,3357.0,0.067,6.48
265467.0,-241.0,3093.0,-0.05,7.21
265474.0,5.0,3115.0,-0.058,6.23
265479.0,77.0,3084.0,0.067,6.72
265483.0,-224.0,3289.0,0.0,6.23
265488.0,-280.0,3008.0,0.033,6.48
265493.0,55.0,2789.0,0.0,6.48
265498.0,-81.0,3083.0,0.033,6.48
265503.0,149.0,3488.0,0.067,6.23
265508.0,314.0,3041.0,0.167,6.96
265513.0,48.0,3153.0,0.033,6.72
265519.0,278.0,2996.0,-0.033,6.23
265524.0,177.0,2899.0,0.092,6.23
265529.0,13.0,3300.0,0.0,6.72
265533.0,-142.0,3319.0,0.092,6.48
265538.0,-1.0,3192.0,-0.075,6.23
265543.0,-28.0,2907.0,0.025,7.94
265548.0,-210.0,3171.0,0.083,6.23
265553.0,182.0,3084.0,-0.025,6.48
265559.0,193.0,3117.0,0.117,6.48
265564.0,145.0,3075.0,0.008,6.23
265569.0,213.0,2896.0,0.033,6.23
265574.0,462.0,3139.0,0.042,6.96
265579.0,-82.0,3128.0,0.017,6.48
265584.0,188.0,3233.0,0.025,6.23
265589.0,-109.0,2847.0,-0.008,6.23
265594.0,-159.0,2874.0,0.008,6.72
265600.0,-222.0,3013.0,0.033,6.23
265604.0,163.0,3034.0,0.017,6.96
265609.0,81.0,3227.0,-0.033,6.48
265614.0,10.0,3193.0,0.117,6.96
265619.0,-136.0,3092.0,0.017,6.23
265624.0,31.0,3007.0,-0.008,6.48
265629.0,-115.0,2910.0,0.017,6.48
265634.0,-161.0,3415.0,0.075,6.23
265639.0,86.0,3177.0,0.1,6.23
265645.0,-100.0,3064.0,-0.033,6.72
265650.0,160.0,3203.0,-0.017,6.48
265655.0,105.0,3293.0,0.058,6.48
265660.0,171.0,3088.0,-0.008,6.48
265665.0,-16.0,3207.0,-0.025,6.23
265669.0,-201.0,3404.0,0.0,6.96
265674.0,14.0,3025.0,-0.025,6.48
265679.0,46.0,2873.0,0.008,6.48
265684.0,-114.0,2894.0,0.025,6.23
265690.0,79.0,2862.0,0.025,6.48
265695.0,156.0,3029.0,0.033,6.96
265700.0,50.0,3160.0,0.008,6.48
265705.0,149.0,3444.0,0.075,6.48
265710.0,-25.0,3229.0,0.133,6.96
265715.0,-134.0,3184.0,0.075,6.96
265720.0,-6.0,3016.0,0.042,6.48
265725.0,140.0,3351.0,-0.033,5.74
265731.0,-91.0,3215.0,0.025,6.23
265736.0,-38.0,3092.0,0.042,6.23
265741.0,-26.0,2749.0,0.058,6.96
265746.0,41.0,3309.0,0.017,6.48
265751.0,205.0,3342.0,0.083,6.23
265755.0,162.0,3295.0,0.05,6.23
265760.0,177.0,2832.0,0.133,6.48
265765.0,-142.0,2867.0,-0.025,6.48
265769.0,325.0,3344.0,0.125,6.23
265775.0,111.0,3033.0,0.083,6.48
265780.0,-372.0,3121.0,0.1,6.72
265785.0,-26.0,2942.0,-0.017,6.23
265790.0,89.0,3140.0,-0.067,6.72
265795.0,-64.0,3221.0,0.042,6.72
265800.0,42.0,3458.0,0.075,6.23
265805.0,113.0,2974.0,0.142,6.48
265810.0,309.0,3311.0,0.058,6.23
265816.0,-19.0,2906.0,0.033,6.96
265821.0,214.0,2982.0,0.058,6.23
265826.0,258.0,3237.0,0.067,6.96
265832.0,-170.0,3137.0,0.05,6.23
265837.0,263.0,3441.0,0.1,6.96
265842.0,207.0,3316.0,-0.008,6.48
265847.0,-21.0,3083.0,0.017,6.48
265852.0,-152.0,3165.0,0.033,6.48
265858.0,106.0,3078.0,0.058,6.48
265863.0,300.0,3369.0,0.058,6.23
265868.0,41.0,2949.0,0.075,6.96
265873.0,-43.0,2828.0,0.058,6.23
265878.0,43.0,3460.0,0.017,6.23
265883.0,308.0,3170.0,-0.025,6.96
265889.0,-106.0,3371.0,0.0,7.45
265894.0,-148.0,3262.0,-0.025,6.23
265900.0,29.0,3536.0,0.033,6.23
265905.0,111.0,3261.0,-0.008,6.96
265910.0,45.0,3009.0,0.075,6.48
265915.0,34.0,3393.0,0.0,6.23
265920.0,136.0,3298.0,0.042,6.23
265925.0,-466.0,3193.0,0.033,6.48
265930.0,-383.0,3245.0,0.025,6.23
265935.0,479.0,3076.0,-0.008,6.96
265942.0,139.0,2972.0,0.05,6.48
265947.0,34.0,3164.0,-0.008,6.48
265951.0,149.0,3217.0,0.0,6.72
265956.0,308.0,3405.0,0.025,6.23
265961.0,265.0,3108.0,-0.017,6.48
265966.0,-229.0,3351.0,0.05,6.48
265971.0,132.0,3041.0,0.05,7.21
265976.0,572.0,2942.0,0.017,6.96
265981.0,68.0,3075.0,0.083,6.48
265987.0,93.0,3504.0,0.067,6.72
265992.0,447.0,3203.0,0.042,6.23
265997.0,304.0,3115.0,0.0,6.96
266001.0,25.0,2774.0,0.025,6.23
266007.0,423.0,2922.0,0.092,6.48
266012.0,308.0,3538.0,0.1,6.23
266016.0,331.0,3181.0,-0.008,6.48
266022.0,12.0,3277.0,-0.05,6.23
266027.0,409.0,3082.0,0.033,6.48
266032.0,19.0,3083.0,0.033,6.48
266037.0,198.0,3304.0,-0.058,6.23
266042.0,-112.0,3189.0,0.058,6.48
266047.0,-27.0,3229.0,0.017,6.23
266051.0,-48.0,3444.0,0.0,6.48
266057.0,-32.0,3072.0,0.1,6.48
266062.0,-3.0,3214.0,0.142,6.48
266066.0,146.0,2993.0,-0.033,6.48
266072.0,-89.0,3073.0,-0.008,6.48
266077.0,-320.0,2986.0,0.058,6.48
266082.0,26.0,2876.0,0.058,6.48
266087.0,-215.0,3220.0,0.025,6.48
266092.0,2.0,3111.0,0.1,6.72
266098.0,150.0,3093.0,0.042,6.48
266103.0,31.0,2861.0,-0.042,6.96
266107.0,-64.0,3024.0,0.017,6.23
266114.0,-282.0,3378.0,-0.033,6.23
266118.0,247.0,3471.0,0.125,6.72
266123.0,65.0,3188.0,0.017,6.48
266128.0,140.0,3636.0,-0.008,6.96
266133.0,-39.0,3345.0,0.083,6.48
266138.0,-131.0,3053.0,0.042,6.23
266143.0,-44.0,3097.0,0.008,6.48
266148.0,-45.0,2846.0,-0.058,6.96
266153.0,-123.0,3118.0,0.008,6.23
266159.0,128.0,3131.0,0.008,6.48
266164.0,118.0,3264.0,0.042,6.23
266169.0,75.0,2868.0,0.058,6.48
266174.0,-252.0,2949.0,0.058,6.96
266179.0,112.0,3665.0,0.025,3.79
266184.0,71.0,3403.0,0.0,6.23
266189.0,-4.0,3242.0,0.058,6.48
266194.0,6.0,3242.0,0.067,6.23
266200.0,-207.0,2939.0,-0.092,7.7
266205.0,-59.0,3020.0,0.1,6.48
266210.0,72.0,3208.0,0.05,6.23
266214.0,141.0,3281.0,-0.025,6.23
266220.0,323.0,3241.0,0.017,6.48
266225.0,600.0,2865.0,0.108,6.48
266230.0,171.0,2664.0,-0.058,6.23
266235.0,325.0,3198.0,-0.05,6.23
266241.0,-92.0,3049.0,0.108,6.48
266246.0,-236.0,3172.0,-0.025,6.72
266251.0,54.0,3138.0,0.242,6.96
266256.0,121.0,2999.0,0.292,6.23
266261.0,-289.0,2972.0,-0.167,6.23
266266.0,-316.0,3158.0,0.017,6.96
266270.0,245.0,3089.0,0.092,6.96
266276.0,35.0,3309.0,0.033,6.23
266280.0,-82.0,3408.0,-0.025,6.48
266286.0,516.0,2957.0,0.042,6.48
266292.0,128.0,3167.0,0.208,6.23
266297.0,-211.0,2972.0,-0.108,6.48
266302.0,131.0,3039.0,-0.058,7.21
266307.0,483.0,2909.0,0.042,6.48
266312.0,-20.0,2646.0,-0.083,6.23
266317.0,-126.0,3273.0,0.142,6.23
266322.0,23.0,3125.0,0.017,6.48
266327.0,180.0,3136.0,-0.1,6.48
266333.0,-230.0,3444.0,0.042,6.96
266337.0,-27.0,3151.0,0.008,7.21
266342.0,239.0,3214.0,0.067,6.72
266348.0,-9.0,3088.0,0.175,6.48
266352.0,-178.0,2943.0,0.067,6.96
266358.0,352.0,2890.0,-0.083,6.23
266363.0,379.0,3126.0,0.083,6.48
266368.0,-402.0,3295.0,0.133,6.48
266374.0,364.0,3441.0,-0.2,6.72
266378.0,363.0,3192.0,0.142,6.48
266383.0,127.0,3237.0,0.258,6.72
266389.0,233.0,3167.0,0.083,6.48
266393.0,140.0,3132.0,0.067,6.48
266398.0,-214.0,3797.0,0.283,6.23
266404.0,-232.0,3501.0,-0.208,6.23
266409.0,-149.0,3808.0,-0.125,7.21
266415.0,259.0,3719.0,0.142,6.96
266420.0,21.0,3605.0,-0.042,6.48
266425.0,272.0,3412.0,0.133,6.96
266430.0,348.0,3302.0,0.067,6.48
266436.0,426.0,3122.0,-0.067,6.48
266440.0,137.0,3243.0,0.142,6.48
266445.0,-201.0,3936.0,0.083,7.21
266451.0,453.0,3708.0,0.183,6.23
266457.0,266.0,2803.0,0.225,6.48
266462.0,2.0,2582.0,0.025,6.23
266467.0,186.0,2594.0,-0.092,6.23
266472.0,-13.0,2517.0,-0.125,6.23
266477.0,-295.0,2397.0,0.1,6.72
266483.0,49.0,2687.0,0.283,6.48
266487.0,-284.0,2630.0,0.1,6.48
266492.0,238.0,2459.0,0.058,6.23
266499.0,-16.0,2877.0,0.142,6.96
266503.0,155.0,3050.0,-0.292,6.23
266509.0,81.0,2972.0,-0.142,6.48
266514.0,-135.0,2806.0,-0.067,6.23
266519.0,168.0,2761.0,0.017,6.48
266523.0,-49.0,2898.0,0.158,6.96
266528.0,-134.0,3039.0,0.033,6.72
266533.0,-93.0,3118.0,-0.075,6.48
266537.0,-116.0,3519.0,0.033,6.48
266543.0,-69.0,3494.0,0.025,6.72
266547.0,60.0,3335.0,0.042,6.48
266552.0,-61.0,3554.0,0.058,6.48
266557.0,74.0,3503.0,0.025,7.45
266562.0,182.0,3724.0,0.058,6.48
266567.0,156.0,3358.0,0.0,7.21
266572.0,-31.0,3201.0,-0.075,6.48
266577.0,103.0,3579.0,0.05,6.23
266584.0,353.0,3501.0,0.083,6.23
266589.0,165.0,3475.0,0.0,6.48
266594.0,226.0,3406.0,0.042,8.19
266599.0,-86.0,3632.0,0.025,6.96
266605.0,10.0,3374.0,0.025,6.48
266609.0,-25.0,3317.0,0.058,6.48
266615.0,-37.0,3303.0,-0.058,6.48
266620.0,-199.0,3471.0,0.092,6.48
266626.0,-146.0,3314.0,0.067,6.23
266631.0,-52.0,3138.0,0.042,6.48
266637.0,644.0,2756.0,-0.092,6.48
266642.0,-70.0,2988.0,0.0,6.23
266647.0,-185.0,2969.0,-0.008,6.72
266652.0,3.0,2679.0,0.008,6.23
266658.0,357.0,3193.0,0.1,6.48
266662.0,258.0,3382.0,-0.075,6.48
266669.0,46.0,3356.0,-0.133,6.48
266674.0,-68.0,2814.0,-0.125,6.23
266679.0,-3.0,2879.0,0.058,6.72
266684.0,-307.0,2899.0,0.125,6.48
266690.0,45.0,3119.0,0.217,6.48
266695.0,-291.0,2715.0,-0.058,6.96
266700.0,-354.0,2574.0,0.042,6.96
266705.0,284.0,2968.0,0.092,6.23
266712.0,-56.0,2496.0,-0.017,6.72
266716.0,-181.0,2571.0,0.058,6.23
266722.0,-167.0,2619.0,0.092,6.96
266727.0,269.0,2785.0,-0.042,6.23
266732.0,-167.0,2604.0,0.125,6.23
266737.0,-306.0,2705.0,0.192,6.48
266742.0,470.0,2777.0,-0.183,6.72
266747.0,296.0,2614.0,0.0,6.23
266753.0,325.0,2253.0,-0.167,6.72
266758.0,71.0,2119.0,-0.033,6.48
266763.0,-88.0,2204.0,0.133,4.77
266768.0,340.0,2464.0,0.1,6.48
266774.0,24.0,2708.0,0.058,6.48
266779.0,178.0,2795.0,0.067,6.23
266784.0,243.0,2662.0,-0.033,7.21
266789.0,181.0,2850.0,-0.033,6.48
266795.0,60.0,2793.0,0.092,6.72
266800.0,-53.0,2967.0,0.142,6.48
266805.0,159.0,2753.0,0.175,6.48
266810.0,254.0,2968.0,0.042,6.23
266815.0,-30.0,2736.0,-0.05,6.23
266821.0,-136.0,2876.0,-0.083,6.48
266826.0,-492.0,2763.0,-0.05,6.48
266830.0,-279.0,3130.0,-0.008,6.23
266836.0,213.0,3266.0,0.033,6.96
266841.0,104.0,3103.0,0.1,6.23
266847.0,279.0,3293.0,0.108,6.96
266852.0,203.0,3221.0,0.0,6.23
266857.0,296.0,3144.0,-0.05,6.48
266862.0,-108.0,2620.0,-0.067,6.96
266868.0,-28.0,3158.0,-0.075,6.96
266873.0,168.0,2815.0,-0.092,6.23
266877.0,11.0,3182.0,0.192,6.48
266884.0,-261.0,3160.0,0.1,6.72
266888.0,-100.0,3641.0,0.167,6.96
266894.0,364.0,4539.0,0.067,6.23
266899.0,-130.0,4629.0,0.075,6.23
266904.0,242.0,4318.0,-0.225,6.23
266909.0,111.0,4715.0,-0.317,6.72
266914.0,-251.0,4385.0,0.0,6.96
266919.0,189.0,4094.0,-0.008,6.96
266925.0,10.0,3761.0,0.133,6.96
266930.0,208.0,3456.0,0.05,4.28
266935.0,9.0,3719.0,0.167,6.96
266940.0,141.0,3707.0,0.142,6.72
266945.0,47.0,3720.0,0.242,6.96
266950.0,18.0,3689.0,0.217,6.96
266955.0,340.0,3243.0,0.05,6.23
266960.0,46.0,3294.0,-0.05,6.48
266966.0,181.0,3331.0,-0.117,6.48
266971.0,145.0,3200.0,-0.142,6.48
266975.0,142.0,3315.0,-0.225,6.48
266981.0,260.0,2777.0,0.092,6.48
266986.0,184.0,2316.0,0.25,6.48
266991.0,81.0,1721.0,0.017,6.72
266996.0,-69.0,1971.0,-0.075,6.23
267001.0,5.0,2284.0,-0.075,6.23
267006.0,122.0,2217.0,-0.05,6.96
267012.0,-178.0,2436.0,0.242,6.23
267016.0,-293.0,2613.0,0.133,6.48
267022.0,75.0,3621.0,0.067,6.48
267027.0,43.0,3512.0,0.067,6.48
267031.0,-58.0,3713.0,-0.1,6.23
267037.0,326.0,4035.0,-0.15,6.48
267042.0,186.0,3980.0,-0.05,6.96
267046.0,-191.0,4079.0,0.183,6.48
267053.0,133.0,3619.0,0.15,6.48
267058.0,-91.0,3236.0,0.167,6.48
267063.0,-204.0,3002.0,0.142,6.48
267069.0,-140.0,2744.0,-0.158,6.23
267074.0,480.0,2907.0,-0.108,6.48
267078.0,555.0,2842.0,0.325,6.23
267084.0,-11.0,2814.0,0.167,6.23
267089.0,627.0,2653.0,0.025,6.48
267094.0,354.0,3024.0,0.0,6.96
267100.0,38.0,3192.0,-0.142,6.72
267105.0,98.0,3215.0,-0.217,6.48
267110.0,167.0,3071.0,-0.142,6.96
267115.0,63.0,3135.0,0.033,6.48
267120.0,-107.0,3020.0,0.033,6.96
267125.0,-196.0,2713.0,0.142,6.96
267131.0,258.0,2939.0,0.033,6.48
267137.0,-332.0,2604.0,0.017,6.96
267141.0,-149.0,2327.0,-0.017,6.23
267146.0,-9.0,3452.0,0.142,6.96
267151.0,-34.0,3775.0,0.108,6.48
267156.0,122.0,3871.0,0.183,6.72
267161.0,178.0,3976.0,0.117,6.23
267166.0,293.0,4221.0,-0.008,6.23
267171.0,151.0,4413.0,-0.083,6.23
267176.0,-205.0,4700.0,-0.008,6.23
267182.0,28.0,4415.0,-0.008,6.23
267188.0,330.0,4811.0,-0.008,6.23
267193.0,28.0,4724.0,-0.117,6.23
267198.0,-213.0,4478.0,0.125,6.23
267203.0,-99.0,4218.0,0.192,6.23
267208.0,359.0,4243.0,-0.058,6.23
267213.0,-150.0,4302.0,0.158,6.48
267218.0,144.0,4582.0,0.233,6.72
267224.0,160.0,4755.0,-0.217,6.48
267229.0,1.0,4564.0,-0.15,6.48
267234.0,-25.0,4877.0,0.033,6.96
267238.0,16.0,5182.0,-0.292,6.72
267244.0,370.0,4800.0,-0.167,6.96
267249.0,-144.0,4793.0,0.058,6.48
267254.0,-125.0,4446.0,0.0,6.23
267259.0,295.0,3998.0,0.167,6.48
267265.0,35.0,3843.0,0.175,6.23
267270.0,-56.0,3412.0,-0.067,6.48
267275.0,388.0,3127.0,0.025,6.96
267280.0,274.0,3130.0,0.208,6.48
267285.0,-183.0,3078.0,0.158,6.23
267290.0,-193.0,3309.0,0.2,6.48
267294.0,-204.0,3184.0,0.0,6.96
267300.0,46.0,3478.0,0.025,6.72
267305.0,-42.0,3387.0,-0.133,6.48
267311.0,97.0,3848.0,-0.175,6.23
267316.0,175.0,3738.0,-0.075,6.48
267321.0,-71.0,3789.0,-0.067,6.23
267326.0,44.0,4245.0,-0.05,6.48
267331.0,223.0,4418.0,-0.008,6.48
267335.0,242.0,3951.0,-0.033,6.48
267340.0,133.0,3678.0,-0.25,6.48
267345.0,-337.0,3503.0,-0.1,6.72
267351.0,378.0,3271.0,0.1,6.96
267356.0,62.0,3188.0,0.358,6.48
267361.0,-27.0,3427.0,0.117,6.23
267366.0,-149.0,2259.0,0.358,6.23
267371.0,-137.0,1846.0,0.158,6.48
267376.0,-244.0,1837.0,-0.075,6.23
267381.0,-68.0,1656.0,-0.042,6.48
267386.0,214.0,1365.0,0.15,6.96
267392.0,-75.0,1229.0,0.183,6.23
267397.0,-5.0,1354.0,0.15,6.96
267401.0,-8.0,1503.0,0.275,6.96
267407.0,-4.0,1233.0,-0.267,6.48
267412.0,10.0,1084.0,-0.083,6.48
267417.0,69.0,1734.0,-0.067,6.48
267421.0,100.0,1583.0,-0.225,6.48
267426.0,310.0,1446.0,-0.133,6.23
267431.0,149.0,1746.0,0.017,6.23
267438.0,299.0,1457.0,0.025,6.72
267443.0,185.0,1578.0,0.042,6.23
267448.0,-260.0,1486.0,0.083,6.96
267453.0,40.0,1335.0,0.192,6.96
267458.0,335.0,1541.0,0.358,6.23
267462.0,-148.0,1994.0,0.208,6.23
267467.0,-130.0,1577.0,0.233,6.48
267472.0,9.0,2113.0,-0.008,6.48
267478.0,151.0,2216.0,-0.092,6.48
267483.0,397.0,2741.0,0.133,6.72
267489.0,50.0,2245.0,0.117,6.96
267494.0,104.0,2240.0,-0.075,6.48
267499.0,396.0,2727.0,-0.125,6.96
267504.0,483.0,2907.0,-0.05,6.23
267509.0,-89.0,2824.0,-0.175,6.48
267514.0,66.0,3148.0,-0.05,6.23
267518.0,49.0,3141.0,0.15,6.48
267524.0,225.0,2876.0,0.175,6.23
267529.0,-68.0,2854.0,0.075,6.48
267534.0,30.0,2965.0,0.083,6.23
267539.0,328.0,3144.0,0.1,6.48
267544.0,87.0,3500.0,0.008,6.72
267549.0,-249.0,3419.0,0.067,6.23
267554.0,86.0,3603.0,0.242,6.23
267559.0,-37.0,3760.0,0.0,6.96
267565.0,27.0,3771.0,-0.017,7.21
267570.0,-2.0,3891.0,-0.058,6.48
267575.0,180.0,4022.0,-0.05,6.23
267581.0,-94.0,4142.0,0.033,6.48
267586.0,145.0,4310.0,0.05,6.72
267591.0,19.0,4297.0,-0.075,7.21
267596.0,-281.0,4244.0,0.042,6.23
267601.0,-112.0,3792.0,0.0,6.72
267607.0,210.0,3981.0,0.042,6.23
267612.0,58.0,4077.0,0.117,6.72
267617.0,27.0,3751.0,0.208,6.48
267622.0,-17.0,3730.0,0.217,6.72
267627.0,-255.0,4103.0,0.15,6.48
267632.0,-494.0,3923.0,0.042,6.23
267637.0,-260.0,4002.0,0.067,6.72
267642.0,340.0,4105.0,-0.117,6.23
267648.0,145.0,4727.0,0.058,6.48
267653.0,-17.0,4282.0,0.067,6.23
267659.0,269.0,4156.0,-0.025,6.23
267664.0,164.0,4126.0,-0.117,6.48
267669.0,181.0,4087.0,0.05,6.96
267674.0,-19.0,3695.0,0.067,6.48
267679.0,154.0,3383.0,0.058,6.23
267684.0,332.0,3336.0,0.1,6.96
267691.0,386.0,2870.0,0.083,6.96
267696.0,45.0,2814.0,0.008,6.23
267700.0,394.0,2883.0,0.117,6.48
267706.0,324.0,2471.0,0.042,6.23
267711.0,83.0,2257.0,0.033,6.96
267715.0,128.0,2194.0,-0.017,6.48
267720.0,273.0,2310.0,0.025,6.72
267725.0,8.0,2473.0,0.008,6.23
267730.0,-376.0,2106.0,0.108,6.48
267736.0,-115.0,2089.0,0.042,6.48
267741.0,11.0,1536.0,0.083,6.48
267746.0,-398.0,1820.0,0.058,6.23
267750.0,199.0,2085.0,-0.008,6.48
267756.0,441.0,2243.0,-0.1,7.21
267761.0,184.0,2487.0,-0.017,6.48
267765.0,15.0,2524.0,0.05,6.48
267771.0,665.0,2738.0,-0.1,6.48
267777.0,498.0,2546.0,0.058,6.48
267782.0,5.0,2401.0,0.125,6.96
267787.0,-80.0,2827.0,0.075,6.48
267791.0,225.0,2972.0,0.133,6.48
267797.0,-371.0,3854.0,0.192,6.72
267802.0,-204.0,4400.0,0.117,6.48
267806.0,-13.0,4745.0,0.1,6.23
267812.0,315.0,5907.0,0.217,6.23
267817.0,446.0,6261.0,-0.158,6.23
267822.0,347.0,6230.0,-0.058,6.48
267828.0,63.0,6486.0,-0.017,6.96
267833.0,116.0,5748.0,-0.133,6.96
267838.0,101.0,5315.0,-0.158,6.96
267843.0,279.0,3997.0,0.05,6.72
267848.0,408.0,3060.0,-0.092,6.72
267853.0,218.0,2525.0,-0.058,6.96
267858.0,259.0,1707.0,0.225,6.48
267863.0,-340.0,1408.0,0.067,6.96
267869.0,-86.0,1734.0,0.142,6.48
267874.0,29.0,2306.0,0.292,6.48
267879.0,-98.0,2671.0,0.067,6.48
267884.0,160.0,3831.0,0.042,6.48
267889.0,-57.0,4150.0,-0.075,6.72
267894.0,-201.0,4573.0,-0.233,7.45
267899.0,-27.0,4807.0,-0.075,6.96
267905.0,278.0,4670.0,-0.117,6.96
267910.0,392.0,3951.0,-0.233,6.72
267915.0,-117.0,3549.0,0.025,6.48
267919.0,150.0,3012.0,0.025,6.72
267925.0,116.0,2302.0,0.1,6.23
267930.0,-63.0,2222.0,0.225,6.48
267935.0,-288.0,2091.0,0.217,6.48
267940.0,64.0,2091.0,0.308,6.48
267945.0,-251.0,2460.0,0.35,6.48
267951.0,-69.0,2345.0,0.108,6.48
267956.0,-43.0,3049.0,-0.025,6.23
267961.0,172.0,3210.0,0.05,6.48
267966.0,-30.0,3657.0,-0.075,6.72
267971.0,-57.0,3619.0,-0.267,6.48
267975.0,32.0,3488.0,-0.158,6.48
267981.0,-282.0,3404.0,-0.125,6.23
267985.0,-369.0,3213.0,-0.033,6.23
267991.0,-15.0,2904.0,0.0,6.48
267997.0,129.0,2484.0,0.1,6.48
268001.0,206.0,2531.0,0.175,6.96
268007.0,62.0,2858.0,0.15,6.23
268012.0,249.0,3134.0,0.192,6.96
268016.0,46.0,3241.0,0.208,6.48
268022.0,-12.0,3215.0,0.075,6.96
268026.0,307.0,3268.0,0.058,6.72
268032.0,383.0,3177.0,0.058,6.48
268038.0,193.0,3123.0,0.017,6.48
268042.0,58.0,3060.0,-0.108,6.23
268047.0,-20.0,3161.0,-0.083,6.48
268053.0,138.0,3575.0,-0.05,6.23
268057.0,379.0,3606.0,-0.008,6.72
268063.0,19.0,3280.0,-0.033,6.96
268068.0,291.0,3096.0,-0.042,6.48
268073.0,248.0,2889.0,-0.083,6.72
268079.0,-236.0,2832.0,0.108,6.23
268085.0,-94.0,2968.0,0.083,6.23
268089.0,71.0,3135.0,0.217,6.72
268094.0,167.0,3478.0,0.217,6.48
268099.0,-130.0,3241.0,0.167,6.48
268103.0,9.0,2836.0,-0.017,6.96
268108.0,332.0,2989.0,0.0,6.23
268113.0,-126.0,2858.0,-0.025,6.48
268119.0,512.0,3324.0,0.067,6.23
268124.0,215.0,3325.0,0.042,6.48
268129.0,99.0,3096.0,-0.058,6.48
268135.0,-153.0,2988.0,-0.142,6.96
268139.0,156.0,2935.0,-0.108,6.48
268144.0,-122.0,2644.0,0.042,6.23
268150.0,230.0,2710.0,0.092,6.72
268154.0,185.0,2591.0,-0.017,6.96
268161.0,163.0,2847.0,0.033,6.96
268166.0,121.0,2749.0,0.067,6.23
268171.0,-36.0,2974.0,0.058,6.48
268176.0,-20.0,2721.0,0.042,6.48
268181.0,322.0,2931.0,0.1,6.72
268186.0,423.0,2894.0,0.025,6.96
268191.0,103.0,2731.0,0.042,6.96
268197.0,105.0,2775.0,0.058,6.72
268201.0,-86.0,2718.0,-0.025,6.72
268208.0,256.0,2698.0,-0.033,6.23
268213.0,350.0,2968.0,0.058,6.48
268218.0,363.0,3041.0,0.058,6.23
268223.0,169.0,2320.0,0.017,6.23
268228.0,81.0,2328.0,0.017,6.48
268233.0,64.0,2433.0,-0.033,6.23
268238.0,350.0,2423.0,0.025,6.96
268244.0,164.0,2403.0,0.067,6.23
268249.0,-59.0,2586.0,0.067,6.23
268254.0,-126.0,2477.0,0.0,6.48
268258.0,39.0,2642.0,0.033,6.72
268263.0,-7.0,2491.0,0.058,6.48
268269.0,17.0,2483.0,0.05,6.23
268273.0,100.0,2402.0,0.017,6.23
268279.0,76.0,2944.0,0.058,6.96
268284.0,-148.0,2486.0,0.017,6.72
268290.0,25.0,2297.0,0.033,6.96
268295.0,-61.0,2476.0,0.075,6.23
268301.0,291.0,2462.0,0.017,6.48
268305.0,126.0,2513.0,-0.05,6.72
268311.0,264.0,2587.0,-0.108,6.48
268316.0,28.0,2275.0,-0.05,6.48
268322.0,118.0,2349.0,0.058,6.72
268326.0,401.0,2270.0,0.042,6.23
268333.0,165.0,2414.0,0.025,6.23
268338.0,-171.0,2402.0,0.017,6.48
268343.0,-52.0,2059.0,0.033,6.48
268348.0,102.0,2007.0,0.075,6.96
268354.0,-8.0,2121.0,0.142,6.96
268359.0,-130.0,2034.0,0.125,6.48
268363.0,-165.0,2703.0,0.092,6.23
268369.0,-137.0,2617.0,-0.042,6.96
268374.0,14.0,2372.0,0.1,6.48
268380.0,174.0,2252.0,0.008,6.72
268385.0,174.0,2610.0,0.067,6.96
268391.0,54.0,2780.0,-0.008,6.23
268395.0,-135.0,2525.0,0.117,6.72
268401.0,-139.0,2271.0,0.008,6.72
268407.0,63.0,2287.0,0.008,6.23
268411.0,116.0,2264.0,0.017,6.23
268418.0,-250.0,2512.0,0.05,6.72
268423.0,376.0,2614.0,-0.033,6.48
268429.0,294.0,2398.0,-0.033,6.96
268433.0,251.0,2477.0,-0.05,6.96
268439.0,17.0,2321.0,-0.067,6.23
268444.0,3.0,2377.0,0.1,6.96
268449.0,50.0,2494.0,0.075,6.48
268454.0,270.0,2252.0,0.075,6.96
268461.0,140.0,2344.0,0.067,6.48
268466.0,142.0,2283.0,0.058,6.96
268470.0,169.0,2432.0,0.017,6.48
268476.0,-113.0,2130.0,0.1,7.21
268480.0,228.0,2257.0,0.075,6.72
268486.0,164.0,1993.0,0.025,6.72
268491.0,-68.0,2459.0,0.008,6.48
268496.0,-44.0,2726.0,0.017,6.48
268502.0,127.0,2249.0,0.05,6.72
268507.0,17.0,2285.0,-0.017,6.72
268512.0,172.0,2006.0,0.017,6.48
268517.0,-43.0,2660.0,0.017,6.48
268522.0,211.0,2280.0,0.017,6.23
268527.0,136.0,2321.0,0.058,6.48
268533.0,28.0,2329.0,0.067,6.96
268538.0,140.0,2251.0,0.017,6.96
268544.0,-56.0,2484.0,-0.067,6.23
268549.0,19.0,2219.0,-0.042,6.23
268554.0,-83.0,2279.0,0.0,6.48
268559.0,-302.0,2398.0,-0.025,6.96
268564.0,-56.0,2828.0,0.125,6.96
268570.0,446.0,2262.0,-0.033,6.23
268575.0,-504.0,2239.0,0.108,6.96
268579.0,-167.0,2832.0,0.075,6.23
268585.0,227.0,2810.0,0.033,6.96
268591.0,-283.0,2833.0,-0.058,6.96
268595.0,-424.0,2806.0,0.008,6.48
268600.0,396.0,2995.0,-0.042,6.96
268605.0,203.0,3056.0,-0.083,6.48
268611.0,65.0,2582.0,0.175,6.48
268616.0,283.0,3071.0,-0.05,6.23
268620.0,152.0,3336.0,-0.008,6.72
268626.0,-46.0,3294.0,0.008,6.48
268632.0,58.0,3651.0,0.0,6.72
268637.0,-95.0,3573.0,-0.025,6.96
268642.0,-17.0,3731.0,0.117,6.72
268647.0,-195.0,3604.0,0.15,6.48
268652.0,-360.0,3721.0,-0.05,6.96
268657.0,18.0,3597.0,0.025,6.72
268662.0,-170.0,3886.0,0.117,6.23
268667.0,-245.0,3581.0,0.15,6.48
268673.0,187.0,3383.0,0.075,6.72
268678.0,-111.0,3426.0,-0.042,6.48
268683.0,-188.0,3490.0,-0.033,6.23
268689.0,252.0,3078.0,-0.092,6.23
268694.0,156.0,3085.0,-0.033,6.96
268699.0,-69.0,3212.0,-0.058,6.23
268704.0,-109.0,2442.0,-0.05,6.96
268709.0,3.0,2281.0,0.05,6.23
268715.0,-90.0,-3347.0,-0.408,6.23
268721.0,-114.0,-99173.0,-2.883,6.48
268726.0,-66.0,-127102.0,-4.808,6.23
268730.0,17.0,-340563.0,-5.725,6.23
268736.0,-329.0,-496049.0,-4.95,6.23
268741.0,-223.0,-570596.0,-3.558,6.23
268746.0,-38.0,-661683.0,-2.725,6.23
268751.0,76.0,-682165.0,-2.542,6.23
268756.0,-128.0,-678280.0,-3.317,6.23
268762.0,87.0,-662367.0,-3.75,6.23
268768.0,105.0,-690607.0,-3.883,6.23
268773.0,19.0,-727420.0,-3.733,6.23
268778.0,56.0,-831397.0,-3.833,6.23
268783.0,140.0,-909599.0,-3.9,6.72
268789.0,132.0,-895717.0,-3.742,6.72
268794.0,-2.0,-892774.0,-3.392,5.99
268798.0,-31.0,-906913.0,-3.25,6.23
268805.0,187.0,-940935.0,-3.558,6.48
268810.0,51.0,-964310.0,-3.817,6.23
268815.0,152.0,-1008415.0,-3.775,6.23
268821.0,358.0,-1038877.0,-3.475,6.72
268826.0,346.0,-1053484.0,-3.417,6.23
268830.0,177.0,-1085353.0,-3.575,6.48
268836.0,282.0,-1119661.0,-3.758,5.99
268841.0,238.0,-1135798.0,-3.617,6.23
268847.0,-35.0,-1166099.0,-3.5,6.96
268852.0,95.0,-1198125.0,-3.492,6.72
268857.0,51.0,-1213390.0,-3.392,6.72
268862.0,138.0,-1239965.0,-3.583,6.48
268867.0,-25.0,-1263071.0,-3.733,6.23
268872.0,-243.0,-1273166.0,-3.708,5.99
268877.0,32.0,-1294389.0,-3.558,6.72
268883.0,66.0,-1313671.0,-3.317,6.48
268889.0,394.0,-1320916.0,-3.267,5.99
268894.0,299.0,-1328187.0,-2.692,6.48
268899.0,-382.0,-1330551.0,-1.792,6.23
268904.0,166.0,-1331486.0,-2.083,6.72
268909.0,155.0,-1331351.0,-2.833,6.48
268914.0,-46.0,-1327323.0,-2.667,5.99
268919.0,-48.0,-1323722.0,-1.508,5.99
268924.0,-143.0,-1313251.0,-0.5,5.99
268931.0,219.0,-1300631.0,-1.325,6.23
268936.0,303.0,-1293904.0,-2.5,6.23
268941.0,118.0,-1281341.0,-2.833,5.25
268946.0,97.0,-1266031.0,-0.767,5.99
268951.0,215.0,-1258420.0,0.067,5.99
268956.0,30.0,-1242219.0,-1.375,6.72
268961.0,92.0,-1225437.0,-2.3,6.72
268966.0,246.0,-1216708.0,-0.792,5.99
268972.0,115.0,-1199243.0,-0.558,5.99
268977.0,92.0,-1183279.0,-0.775,5.99
268982.0,208.0,-1176232.0,-1.575,6.72
268987.0,237.0,-1166091.0,-0.733,5.99
268992.0,250.0,-1162988.0,-0.3,5.99
268997.0,66.0,-1159431.0,0.008,6.23
269002.0,137.0,-1159509.0,0.083,5.99
269008.0,333.0,-1162055.0,-0.625,5.99
269014.0,-285.0,-1163636.0,-0.008,5.99
269019.0,-262.0,-1168747.0,0.683,5.99
269024.0,-131.0,-1172184.0,0.683,6.72
269029.0,-101.0,-1178477.0,0.117,5.99
269034.0,-410.0,-1185773.0,0.533,6.23
269040.0,442.0,-1191835.0,0.467,5.99
269045.0,-112.0,-1194782.0,0.625,5.74
269050.0,-258.0,-1198367.0,0.483,5.74
269056.0,-153.0,-1201485.0,0.575,6.48
269061.0,167.0,-1202774.0,0.542,5.74
269067.0,111.0,-1204695.0,0.667,5.99
269072.0,-346.0,-1205123.0,0.575,5.99
269077.0,-43.0,-1205300.0,0.458,5.99
269082.0,351.0,-1205147.0,0.625,5.99
269087.0,76.0,-1204531.0,0.683,5.74
269093.0,198.0,-1204635.0,0.608,6.48
269099.0,-100.0,-1204964.0,0.725,5.99
269104.0,370.0,-1205339.0,0.683,5.99
269109.0,-141.0,-1206113.0,0.783,5.99
269114.0,287.0,-1206500.0,0.758,5.99
269120.0,305.0,-1208057.0,0.7,5.99
269125.0,78.0,-1209107.0,0.717,6.23
269129.0,-123.0,-1209946.0,0.85,6.48
269135.0,-177.0,-1211099.0,0.775,5.99
269140.0,204.0,-1211931.0,0.792,5.99
269146.0,-146.0,-1211516.0,0.9,5.74
269151.0,112.0,-1210227.0,0.908,6.23
269156.0,133.0,-1208371.0,0.725,5.99
269161.0,28.0,-1206904.0,0.808,5.74
269166.0,-54.0,-1202517.0,0.917,5.74
269171.0,27.0,-1196519.0,0.792,6.48
269177.0,161.0,-1193332.0,0.833,5.74
269182.0,-11.0,-1185895.0,0.792,5.74
269188.0,288.0,-1177895.0,0.842,6.23
269193.0,17.0,-1174522.0,0.808,5.99
269198.0,131.0,-1166877.0,0.842,5.99
269203.0,82.0,-1160157.0,0.858,5.74
269208.0,-68.0,-1156256.0,0.85,5.74
269213.0,-128.0,-1147993.0,0.867,5.74
269218.0,95.0,-1141053.0,0.8,5.74
269223.0,528.0,-1137204.0,0.817,6.23
269229.0,-288.0,-1128919.0,0.8,5.74
269235.0,-209.0,-1121501.0,0.775,5.74
269239.0,-328.0,-1116788.0,0.775,5.74
269245.0,402.0,-1108035.0,0.833,5.99
269250.0,203.0,-1098483.0,0.817,6.72
269255.0,165.0,-1093836.0,0.808,6.48
269260.0,293.0,-1084493.0,0.8,5.99
269265.0,132.0,-1075667.0,0.775,5.99
269271.0,589.0,-1071640.0,0.95,5.74
269276.0,-209.0,-1064595.0,0.767,5.74
269281.0,84.0,-1057019.0,0.775,6.48
269287.0,428.0,-1053118.0,0.817,5.99
269292.0,26.0,-1044121.0,0.817,5.74
269297.0,-217.0,-1032949.0,0.808,5.99
269302.0,14.0,-1026570.0,0.817,6.48
269307.0,-22.0,-1013797.0,0.725,6.48
269313.0,-19.0,-998583.0,0.8,5.99
269318.0,207.0,-991416.0,0.725,5.99
269323.0,3.0,-977165.0,0.825,6.48
269328.0,-110.0,-964111.0,0.683,6.48
269333.0,14.0,-957572.0,0.692,5.99
269338.0,468.0,-945037.0,0.633,5.99
269344.0,105.0,-932437.0,0.667,6.72
269348.0,-76.0,-925814.0,0.558,5.99
269355.0,150.0,-911336.0,0.642,6.48
269360.0,233.0,-895898.0,0.633,6.72
269365.0,168.0,-887621.0,0.625,5.99
269370.0,28.0,-871563.0,0.575,6.23
269375.0,-43.0,-855605.0,0.475,6.23
269380.0,-62.0,-847718.0,0.5,6.23
269386.0,-130.0,-832760.0,0.533,5.99
269391.0,-259.0,-818640.0,0.533,7.21
269395.0,106.0,-812237.0,0.608,6.23
269402.0,-60.0,-801408.0,0.417,5.99
269407.0,331.0,-791334.0,0.375,5.99
269411.0,168.0,-786699.0,0.375,6.96
269417.0,-316.0,-779735.0,0.367,6.23
269422.0,-359.0,-773345.0,0.433,6.23
269427.0,18.0,-770010.0,0.425,6.23
269432.0,-4.0,-763928.0,0.408,5.99
269437.0,131.0,-757732.0,0.358,6.23
269443.0,122.0,-754733.0,0.4,6.72
269449.0,-440.0,-747263.0,0.292,6.23
269454.0,-215.0,-740087.0,0.258,5.99
269459.0,-78.0,-735432.0,0.317,6.23
269464.0,-62.0,-727086.0,0.225,6.72
269469.0,145.0,-718454.0,0.208,6.23
269474.0,-372.0,-714521.0,0.242,6.96
269479.0,222.0,-708002.0,0.25,6.23
269485.0,509.0,-701578.0,0.142,6.23
269490.0,122.0,-698875.0,0.158,6.48
269496.0,-122.0,-692207.0,0.042,6.96
269501.0,49.0,-686225.0,0.183,6.23
269505.0,216.0,-683038.0,-0.083,6.23
269511.0,-16.0,-677098.0,0.125,6.23
269516.0,39.0,-672430.0,0.05,6.23
269521.0,116.0,-670759.0,0.017,6.48
269527.0,-146.0,-666977.0,0.05,6.23
269532.0,-207.0,-664359.0,0.05,6.23
269537.0,-358.0,-663706.0,0.042,6.23
269543.0,160.0,-661326.0,0.017,6.48
269548.0,-308.0,-659880.0,-0.117,6.72
269553.0,-223.0,-658681.0,0.033,6.96
269558.0,335.0,-657186.0,0.017,6.48
269564.0,77.0,-655770.0,-0.2,6.96
269570.0,-110.0,-654794.0,-0.008,6.72
269574.0,-71.0,-654289.0,0.125,6.48
269580.0,15.0,-654127.0,0.075,6.48
269585.0,-66.0,-653937.0,0.133,6.96
269590.0,237.0,-653810.0,0.017,6.23
269595.0,193.0,-653446.0,0.067,6.48
269601.0,212.0,-653166.0,0.058,6.96
269605.0,545.0,-652907.0,0.067,6.96
269612.0,313.0,-652373.0,0.0,6.48
269617.0,281.0,-651449.0,0.0,5.5
269622.0,124.0,-651152.0,-0.05,6.72
269627.0,372.0,-650869.0,0.025,6.72
269633.0,126.0,-650109.0,0.042,6.96
269637.0,293.0,-649648.0,0.042,7.21
269643.0,-25.0,-649209.0,-0.033,6.96
269648.0,-43.0,-648159.0,0.067,6.23
269654.0,450.0,-647994.0,0.167,6.23
269659.0,212.0,-647793.0,0.075,6.72
269665.0,-112.0,-646659.0,0.117,6.48
269670.0,69.0,-646335.0,0.15,6.96
269674.0,436.0,-645996.0,0.083,6.23
269680.0,-118.0,-645288.0,0.025,6.48
269685.0,-75.0,-645004.0,0.05,6.96
269690.0,116.0,-644645.0,0.067,6.23
269696.0,-146.0,-644287.0,-0.075,6.96
269702.0,418.0,-643833.0,0.042,6.23
269707.0,383.0,-643606.0,0.075,5.25
269712.0,-427.0,-643745.0,0.017,6.23
269717.0,-57.0,-643439.0,-0.017,6.72
269722.0,52.0,-643542.0,0.092,6.48
269727.0,206.0,-642807.0,0.142,6.23
269733.0,-288.0,-642819.0,0.042,6.23
269737.0,57.0,-642554.0,0.15,6.23
269744.0,133.0,-642601.0,-0.058,6.48
269749.0,-229.0,-641749.0,0.033,7.21
269754.0,-376.0,-641686.0,-0.025,6.72
269759.0,257.0,-641315.0,0.067,6.48
269764.0,-97.0,-641195.0,0.0,6.48
269769.0,36.0,-641150.0,0.033,6.48
269774.0,152.0,-640907.0,0.05,6.23
269779.0,18.0,-640809.0,0.083,6.48
269785.0,-147.0,-640544.0,0.058,6.48
269790.0,-295.0,-640885.0,0.042,6.72
269796.0,217.0,-640431.0,0.033,6.23
269801.0,32.0,-640450.0,-0.067,6.72
269806.0,80.0,-640249.0,0.042,6.48
269811.0,436.0,-640059.0,0.083,6.23
269816.0,171.0,-639728.0,0.1,6.48
269821.0,-114.0,-640149.0,0.025,6.96
269827.0,-306.0,-639729.0,-0.025,6.96
269832.0,-207.0,-639604.0,-0.033,6.23
269837.0,211.0,-639811.0,0.083,6.23
269843.0,-255.0,-639337.0,0.033,6.48
269847.0,24.0,-639336.0,0.058,6.72
269852.0,74.0,-639351.0,-0.025,6.72
269858.0,424.0,-639007.0,-0.017,6.23
269863.0,57.0,-639074.0,-0.067,6.23
269869.0,351.0,-639141.0,0.058,6.72
269874.0,343.0,-638939.0,0.117,6.72
269879.0,142.0,-638766.0,-0.117,6.72
269884.0,93.0,-638775.0,0.083,6.23
269889.0,425.0,-638415.0,0.042,6.48
269894.0,354.0,-638504.0,0.1,6.96
269900.0,132.0,-638498.0,-0.05,6.48
269905.0,168.0,-638104.0,-0.067,6.96
269912.0,102.0,-637718.0,0.142,6.48
269916.0,-225.0,-637351.0,-0.025,6.96
269922.0,-137.0,-637390.0,0.025,6.72
269927.0,337.0,-636534.0,0.075,6.48
269932.0,14.0,-636357.0,0.075,6.72
269937.0,284.0,-635654.0,-0.067,6.96
269943.0,10.0,-635506.0,-0.017,6.23
269947.0,167.0,-635399.0,0.0,6.72
269953.0,134.0,-634904.0,0.1,6.48
269958.0,120.0,-634612.0,0.058,6.48
269963.0,-347.0,-634165.0,0.042,6.48
269969.0,205.0,-633501.0,0.033,6.23
269974.0,207.0,-633511.0,-0.058,6.23
269980.0,-19.0,-633227.0,0.058,6.23
269985.0,-242.0,-633256.0,0.067,6.48
269990.0,130.0,-633400.0,-0.042,6.48
269997.0,80.0,-633964.0,0.0,6.72
270002.0,252.0,-633512.0,0.033,6.96
270007.0,41.0,-633997.0,0.167,6.72
270012.0,-79.0,-634233.0,-0.067,6.48
270018.0,341.0,-635027.0,-0.358,6.72
270024.0,565.0,-634891.0,0.808,6.48
270028.0,298.0,-635030.0,-0.375,6.23
270034.0,-106.0,-634320.0,-0.008,6.23
270041.0,-6.0,-634152.0,0.133,6.48
270046.0,-254.0,-634144.0,0.233,6.48
270051.0,-161.0,-633771.0,0.442,6.48
270056.0,141.0,-633061.0,-0.275,6.72
270062.0,351.0,-632849.0,-0.475,6.48
270068.0,27.0,-632877.0,0.133,6.48
270072.0,122.0,-632746.0,0.525,5.74
270078.0,-238.0,-632662.0,0.117,6.72
270084.0,266.0,-632450.0,-0.125,6.96
270090.0,330.0,-631856.0,-0.025,6.72
270095.0,75.0,-631601.0,-0.158,6.48
270100.0,85.0,-631103.0,0.067,6.23
270106.0,75.0,-630807.0,0.267,6.48
270111.0,-69.0,-630623.0,0.092,6.48
270116.0,-30.0,-630574.0,0.15,6.48
270123.0,-86.0,-630356.0,0.3,6.48
270128.0,-254.0,-629646.0,-0.075,6.48
270134.0,-178.0,-629154.0,-0.058,6.48
270138.0,-141.0,-629031.0,0.008,6.96
270144.0,373.0,-628881.0,-0.025,6.72
270150.0,-47.0,-628665.0,-0.142,6.96
270155.0,11.0,-628765.0,-0.033,6.23
270160.0,-14.0,-628510.0,0.05,6.72
270166.0,-2.0,-627826.0,0.083,7.21
270172.0,344.0,-627686.0,0.025,6.23
270177.0,-90.0,-627827.0,0.042,6.23
270182.0,-23.0,-627748.0,-0.142,6.48
270187.0,127.0,-628036.0,-0.125,6.96
270193.0,25.0,-627944.0,-0.008,6.96
270197.0,142.0,-628165.0,0.017,6.96
270203.0,-200.0,-628239.0,0.1,7.21
270210.0,126.0,-628827.0,0.083,6.72
270215.0,-82.0,-628535.0,0.042,6.23
270220.0,223.0,-628766.0,0.092,6.48
270225.0,39.0,-628450.0,-0.067,6.23
270231.0,287.0,-628334.0,0.075,6.72
270236.0,39.0,-628467.0,0.083,6.23
270241.0,-250.0,-627998.0,-0.075,6.72
270246.0,142.0,-628208.0,-0.142,6.48
270253.0,264.0,-627936.0,-0.025,6.23
270258.0,107.0,-627845.0,-0.158,6.48
270263.0,-114.0,-627765.0,0.033,6.96
270268.0,38.0,-627631.0,-0.017,6.72
270274.0,324.0,-627400.0,0.058,6.23
270278.0,285.0,-626735.0,-0.033,6.23
270284.0,-123.0,-626737.0,0.192,6.48
270289.0,-87.0,-626428.0,-0.017,6.96
270295.0,52.0,-626213.0,0.125,6.23
270300.0,152.0,-625755.0,-0.025,7.21
270305.0,-6.0,-625660.0,-0.058,6.48
270310.0,-17.0,-625331.0,-0.025,6.72
270316.0,-39.0,-625069.0,0.05,6.23
270321.0,-13.0,-624940.0,0.025,6.72
270325.0,-134.0,-624701.0,-0.1,6.48
270331.0,600.0,-624697.0,0.058,6.23
270337.0,-270.0,-624464.0,0.083,6.48
270342.0,-13.0,-624301.0,0.142,6.48
270347.0,33.0,-623937.0,0.058,6.48
270352.0,211.0,-624022.0,0.033,6.48
270357.0,-222.0,-623893.0,-0.033,6.48
270363.0,-292.0,-623841.0,0.017,6.72
270368.0,216.0,-623653.0,0.092,6.23
270373.0,140.0,-623310.0,0.075,6.48
270379.0,-103.0,-623701.0,0.0,6.23
270385.0,-59.0,-623327.0,0.008,6.96
270390.0,-119.0,-623188.0,0.108,6.23
270394.0,-232.0,-623111.0,0.083,6.96
270400.0,-92.0,-622683.0,0.025,6.96
270405.0,84.0,-622790.0,-0.025,6.23
270410.0,113.0,-622529.0,-0.008,6.48
270415.0,-277.0,-622621.0,0.058,6.48
270422.0,363.0,-622488.0,0.008,6.96
270426.0,314.0,-622183.0,0.017,6.72
270432.0,28.0,-622037.0,-0.067,6.48
270437.0,-12.0,-621762.0,-0.033,6.48
270442.0,287.0,-621463.0,0.017,6.72
270447.0,-215.0,-621781.0,0.067,6.23
270452.0,133.0,-621656.0,0.042,6.96
270457.0,224.0,-621221.0,0.058,6.23
270464.0,-62.0,-620877.0,0.042,6.48
270469.0,192.0,-620279.0,0.042,5.74
270474.0,52.0,-620654.0,0.0,6.48
270479.0,159.0,-620641.0,0.0,6.48
270484.0,99.0,-620209.0,0.025,6.48
270490.0,65.0,-620100.0,0.075,7.21
270494.0,160.0,-620017.0,0.008,6.23
270500.0,142.0,-619761.0,-0.025,7.21
270505.0,200.0,-619684.0,0.108,6.72
270511.0,175.0,-619147.0,0.058,6.72
270516.0,13.0,-619243.0,0.0,6.48
270521.0,73.0,-618954.0,0.092,6.96
270526.0,-104.0,-618531.0,0.1,6.48
270531.0,266.0,-618569.0,0.083,6.23
270537.0,120.0,-618474.0,0.042,6.23
270541.0,-21.0,-618367.0,-0.033,7.21
270547.0,11.0,-618591.0,0.008,6.96
270553.0,205.0,-617996.0,0.058,6.96
270558.0,354.0,-617583.0,0.008,6.23
270563.0,-202.0,-617767.0,-0.025,6.48
270568.0,332.0,-617478.0,-0.058,6.23
270573.0,513.0,-617321.0,0.058,6.48
270579.0,23.0,-617481.0,0.033,6.23
270584.0,219.0,-617572.0,0.042,6.23
270588.0,-18.0,-618147.0,-0.042,6.48
270595.0,142.0,-617999.0,-0.008,6.48
270600.0,-58.0,-618146.0,0.083,6.72
270605.0,-215.0,-618355.0,0.0,6.72
270610.0,248.0,-618505.0,0.017,6.48
270615.0,-124.0,-618708.0,0.067,7.21
270620.0,3.0,-618989.0,0.108,6.48
270625.0,253.0,-618711.0,0.067,6.72
270630.0,45.0,-618444.0,0.0,6.23
270636.0,-140.0,-618341.0,0.05,6.48
270642.0,336.0,-617905.0,0.067,6.23
270647.0,-60.0,-617576.0,0.017,6.48
270651.0,-273.0,-617309.0,0.058,6.48
270657.0,127.0,-617013.0,0.067,6.72
270662.0,351.0,-616680.0,-0.05,6.48
270667.0,336.0,-616199.0,0.142,6.72
270672.0,-302.0,-616153.0,0.033,6.23
270679.0,-24.0,-615810.0,0.017,6.23
270683.0,109.0,-615625.0,0.075,6.72
270688.0,-74.0,-615968.0,0.0,6.23
270693.0,376.0,-615591.0,0.017,6.48
270698.0,277.0,-615955.0,0.033,6.96
270703.0,245.0,-615736.0,0.0,6.96
270708.0,-219.0,-615967.0,-0.058,6.48
270713.0,32.0,-616079.0,0.067,6.23
270720.0,-84.0,-616154.0,0.083,6.96
270725.0,-26.0,-616327.0,0.008,6.48
270730.0,171.0,-616421.0,-0.058,6.48
270735.0,193.0,-616166.0,0.092,6.23
270740.0,207.0,-616465.0,0.042,6.48
270745.0,-196.0,-615915.0,0.092,6.23
270751.0,-96.0,-615811.0,0.05,6.23
270756.0,-148.0,-615820.0,0.025,6.23
270760.0,-69.0,-615519.0,-0.025,6.23
270767.0,13.0,-614951.0,0.033,6.48
270772.0,-53.0,-614966.0,0.017,6.23
270777.0,170.0,-614691.0,0.042,6.72
270782.0,106.0,-614051.0,0.008,6.48
270788.0,180.0,-614106.0,0.05,6.72
270792.0,439.0,-613989.0,0.075,6.23
270797.0,92.0,-613900.0,0.042,6.48
270802.0,-120.0,-613901.0,0.1,6.48
270808.0,-175.0,-613943.0,-0.067,6.23
270813.0,-245.0,-613438.0,-0.008,6.96
270818.0,31.0,-613529.0,0.017,6.96
270824.0,248.0,-613631.0,0.0,6.96
270829.0,-200.0,-613806.0,0.042,6.96
270834.0,168.0,-614135.0,0.0,6.96
270839.0,-121.0,-614391.0,0.083,6.72
270844.0,437.0,-613779.0,-0.008,6.48
270851.0,159.0,-613794.0,-0.033,6.23
270855.0,-82.0,-614147.0,0.05,6.48
270860.0,-183.0,-614032.0,0.0,6.23
270865.0,45.0,-613839.0,0.017,6.23
270870.0,36.0,-613305.0,0.042,6.48
270875.0,-134.0,-613532.0,0.058,6.48
270880.0,-36.0,-613059.0,0.033,6.72
270886.0,173.0,-612865.0,0.083,6.48
270892.0,-69.0,-612780.0,-0.05,6.48
270897.0,293.0,-612415.0,0.05,6.72
270902.0,144.0,-612031.0,0.0,6.72
270907.0,2.0,-611882.0,0.0,6.48
270912.0,-142.0,-611413.0,0.092,6.96
270917.0,-161.0,-611661.0,0.117,6.48
270922.0,167.0,-611762.0,0.033,6.96
270927.0,-3.0,-611865.0,-0.142,6.72
270934.0,44.0,-611705.0,0.017,6.48
270939.0,358.0,-611640.0,0.025,6.23
270944.0,62.0,-611631.0,0.008,6.96
270949.0,-69.0,-611899.0,-0.017,6.96
270954.0,103.0,-611744.0,0.033,7.7
270959.0,187.0,-611969.0,0.075,6.23
270964.0,8.0,-611937.0,0.15,6.96
270969.0,141.0,-612040.0,0.083,6.96
270974.0,-229.0,-611793.0,0.017,7.21
270980.0,-170.0,-611975.0,0.092,6.48
270985.0,-410.0,-611784.0,0.117,6.96
270990.0,-104.0,-611361.0,-0.008,6.96
270996.0,-355.0,-610937.0,-0.042,6.23
271001.0,-227.0,-610886.0,0.033,6.23
271006.0,27.0,-610663.0,0.067,6.48
271011.0,16.0,-610111.0,-0.058,6.96
271016.0,-4.0,-610148.0,-0.017,6.72
271022.0,160.0,-609931.0,0.083,6.96
271027.0,-33.0,-609555.0,0.0,6.23
271032.0,127.0,-609332.0,-0.042,6.48
271038.0,297.0,-609489.0,-0.083,6.23
271043.0,242.0,-609517.0,-0.008,6.48
271047.0,-75.0,-609382.0,0.033,6.23
271053.0,-91.0,-609428.0,0.05,6.23
271058.0,36.0,-610190.0,0.017,6.23
271064.0,11.0,-610161.0,-0.083,6.48
271069.0,167.0,-609719.0,0.025,6.48
271074.0,-182.0,-609621.0,0.133,6.48
271079.0,241.0,-609912.0,0.033,6.96
271084.0,29.0,-609877.0,-0.017,7.21
271089.0,-52.0,-609763.0,-0.075,6.23
271094.0,-96.0,-609736.0,0.142,6.23
271100.0,-236.0,-609493.0,0.017,6.48
271106.0,-61.0,-609301.0,0.1,6.23
271110.0,-174.0,-608950.0,-0.025,6.23
271116.0,72.0,-608828.0,0.042,6.48
271121.0,23.0,-608308.0,0.017,6.72
271126.0,-116.0,-608337.0,0.033,6.48
271131.0,10.0,-608257.0,0.0,6.23
271136.0,-109.0,-608273.0,-0.008,6.23
271141.0,116.0,-608116.0,0.033,6.48
271148.0,90.0,-607858.0,0.075,6.48
271153.0,47.0,-608028.0,0.0,6.23
271157.0,-104.0,-607977.0,0.058,6.96
271163.0,100.0,-607911.0,-0.017,6.48
271168.0,101.0,-607845.0,0.008,6.48
271173.0,272.0,-607716.0,0.067,6.72
271178.0,-66.0,-607933.0,0.042,6.48
271183.0,41.0,-608273.0,-0.033,6.23
271188.0,402.0,-608088.0,-0.058,6.48
271194.0,-228.0,-607956.0,0.008,6.96
271199.0,-105.0,-607780.0,0.15,6.96
271204.0,-152.0,-607693.0,0.017,6.72
271210.0,328.0,-607543.0,-0.025,6.23
271215.0,25.0,-607359.0,0.025,6.48
271220.0,-44.0,-607368.0,0.033,6.48
271225.0,42.0,-607170.0,0.042,6.23
271230.0,313.0,-607290.0,0.05,6.96
271236.0,152.0,-606831.0,0.058,6.23
271242.0,-200.0,-606679.0,0.017,6.23
271247.0,-107.0,-606211.0,0.042,6.48
271251.0,58.0,-606452.0,0.025,7.21
271257.0,172.0,-606386.0,0.017,6.23
271263.0,94.0,-606414.0,0.0,6.23
271267.0,139.0,-606205.0,0.042,6.48
271272.0,35.0,-606336.0,0.017,5.99
271279.0,163.0,-605876.0,0.075,6.48
271284.0,-8.0,-606251.0,-0.017,6.48
271289.0,204.0,-606168.0,0.017,6.96
271294.0,-244.0,-605938.0,0.025,6.72
271299.0,-99.0,-605987.0,-0.008,7.45
271304.0,327.0,-606446.0,0.108,6.23
271310.0,-439.0,-606058.0,0.108,6.96
271315.0,-232.0,-605870.0,-0.042,6.96
271320.0,175.0,-605743.0,0.025,6.72
271326.0,185.0,-605671.0,0.075,6.72
271331.0,-44.0,-605359.0,0.083,6.48
271336.0,129.0,-605218.0,0.033,6.48
271341.0,285.0,-604958.0,0.092,6.96
271347.0,142.0,-605106.0,0.083,6.72
271351.0,-57.0,-604991.0,0.05,6.48
271357.0,313.0,-604733.0,0.058,6.96
271363.0,57.0,-604479.0,0.025,6.96
271368.0,64.0,-604422.0,0.017,6.72
271373.0,50.0,-604279.0,0.017,6.72
271379.0,116.0,-604353.0,0.017,6.96
271383.0,49.0,-604326.0,0.033,6.48
271388.0,-117.0,-604369.0,0.042,6.48
271394.0,455.0,-604439.0,0.05,6.48
271399.0,100.0,-604142.0,-0.067,6.96
271405.0,100.0,-604575.0,-0.017,6.48
271410.0,32.0,-604079.0,0.092,7.21
271416.0,265.0,-604273.0,0.025,6.72
271420.0,68.0,-604392.0,0.067,6.48
271426.0,94.0,-604280.0,-0.025,6.23
271431.0,51.0,-603988.0,0.033,6.48
271436.0,280.0,-603867.0,0.008,6.23
271441.0,172.0,-603895.0,0.008,6.23
271447.0,19.0,-603787.0,0.017,6.48
271452.0,54.0,-603750.0,0.025,6.48
271457.0,-18.0,-603656.0,-0.017,6.48
271463.0,-47.0,-603276.0,0.017,6.48
271467.0,278.0,-603237.0,0.05,7.94
271473.0,442.0,-602939.0,0.042,6.23
271478.0,-162.0,-602831.0,0.025,6.48
271483.0,43.0,-602770.0,0.0,6.72
271489.0,133.0,-603047.0,0.008,6.23
271495.0,-41.0,-602425.0,-0.025,6.72
271499.0,-104.0,-602392.0,0.008,6.48
271505.0,-90.0,-602519.0,0.075,6.48
271510.0,108.0,-602607.0,0.05,6.23
271515.0,-131.0,-602732.0,-0.033,6.72
271520.0,181.0,-602343.0,0.008,6.48
271526.0,251.0,-602567.0,0.025,6.48
271531.0,-30.0,-602264.0,0.042,6.96
271536.0,-254.0,-602755.0,-0.033,6.23
271542.0,238.0,-602615.0,0.058,6.96
271547.0,101.0,-602298.0,0.017,6.72
271551.0,-54.0,-602101.0,0.058,6.96
271557.0,-88.0,-602315.0,0.0,6.23
271562.0,237.0,-602308.0,0.058,6.23
271567.0,291.0,-601855.0,0.058,6.23
271572.0,175.0,-601853.0,-0.025,6.23
271578.0,-188.0,-601654.0,-0.067,6.96
271583.0,596.0,-601515.0,0.025,6.48
271589.0,-158.0,-601345.0,0.092,6.23
271593.0,-403.0,-601272.0,0.042,6.96
271598.0,-198.0,-601087.0,-0.008,6.23
271604.0,124.0,-601079.0,0.025,6.23
271608.0,197.0,-600814.0,-0.008,6.23
271614.0,37.0,-601168.0,0.025,6.96
271620.0,-97.0,-601148.0,0.042,6.72
271626.0,321.0,-600784.0,0.067,6.96
271631.0,288.0,-600661.0,-0.017,6.48
271636.0,76.0,-600665.0,0.033,6.48
271642.0,-272.0,-600789.0,0.092,6.23
271647.0,140.0,-600671.0,0.033,6.96
271652.0,-11.0,-600568.0,-0.042,6.48
271659.0,123.0,-600936.0,0.0,6.72
271664.0,-153.0,-600134.0,-0.042,6.23
271670.0,19.0,-600656.0,-0.025,6.48
271675.0,98.0,-600567.0,0.117,6.48
271680.0,-152.0,-600353.0,0.05,6.23
271686.0,26.0,-600339.0,-0.008,6.48
271691.0,-24.0,-599951.0,-0.05,6.96
271696.0,-113.0,-599680.0,0.017,6.23
271702.0,35.0,-599760.0,0.025,6.48
271708.0,203.0,-599620.0,0.092,6.96
271714.0,-207.0,-599342.0,0.042,6.48
271718.0,-80.0,-599645.0,-0.05,6.72
271724.0,-58.0,-599437.0,-0.058,6.23
271729.0,150.0,-599355.0,0.042,6.23
271735.0,142.0,-599231.0,0.025,6.48
271740.0,-61.0,-599460.0,0.0,6.48
271746.0,17.0,-599116.0,0.05,6.96
271752.0,219.0,-599086.0,-0.017,6.48
271757.0,-181.0,-599116.0,0.017,6.23
271762.0,-104.0,-599529.0,0.033,6.23
271768.0,-48.0,-599273.0,0.05,6.48
271773.0,-118.0,-598903.0,-0.008,6.48
271779.0,72.0,-599063.0,0.025,6.48
271783.0,57.0,-599180.0,0.042,6.48
271790.0,-157.0,-598842.0,0.008,6.72
271796.0,131.0,-598674.0,0.008,6.23
271801.0,3.0,-598700.0,0.067,6.48
271806.0,-114.0,-598757.0,0.133,6.48
271811.0,-56.0,-598153.0,0.017,6.96
271817.0,158.0,-598357.0,0.083,6.23
271822.0,130.0,-598234.0,0.025,6.23
271827.0,271.0,-598061.0,-0.067,6.23
271833.0,53.0,-597921.0,0.058,6.48
271839.0,-103.0,-597583.0,0.058,6.48
271844.0,-192.0,-597796.0,0.067,6.23
271849.0,-292.0,-597422.0,0.067,6.72
271855.0,164.0,-597408.0,0.05,6.48
271860.0,-298.0,-597290.0,0.05,6.23
271865.0,-465.0,-597475.0,-0.075,7.45
271872.0,71.0,-597543.0,0.017,6.23
271877.0,-37.0,-597359.0,0.0,6.48
271883.0,-179.0,-597509.0,0.008,6.48
271887.0,-124.0,-597550.0,0.033,6.48
271893.0,-112.0,-597346.0,-0.025,6.48
271899.0,-78.0,-597036.0,0.0,6.96
271904.0,106.0,-597506.0,0.025,6.48
271909.0,-71.0,-597391.0,0.058,6.23
271915.0,71.0,-596801.0,0.025,6.96
271921.0,11.0,-596857.0,0.075,6.48
271926.0,-17.0,-596926.0,-0.058,6.72
271931.0,-148.0,-596479.0,-0.075,6.23
271936.0,220.0,-596483.0,0.092,6.23
271942.0,226.0,-596361.0,0.033,6.48
271947.0,-49.0,-596266.0,0.017,6.96
271952.0,253.0,-596390.0,0.042,6.23
271959.0,167.0,-596102.0,0.058,6.23
271964.0,49.0,-595944.0,0.017,6.48
271969.0,224.0,-595871.0,0.0,6.96
271975.0,188.0,-596335.0,0.05,6.96
271980.0,186.0,-596091.0,0.008,6.48
271985.0,366.0,-596028.0,0.083,6.48
271990.0,597.0,-595913.0,0.1,6.23
271996.0,-3.0,-595845.0,0.075,6.48
272002.0,43.0,-595782.0,-0.008,6.23
272006.0,18.0,-595777.0,0.008,6.48
272012.0,-84.0,-595861.0,-0.067,6.23
272017.0,318.0,-595784.0,0.067,6.96
272022.0,375.0,-595779.0,0.033,6.48
272027.0,37.0,-595147.0,-0.017,6.48
272033.0,-57.0,-595723.0,0.033,6.23
272037.0,318.0,-595740.0,0.067,5.01
272044.0,239.0,-595144.0,-0.083,6.48
272049.0,-365.0,-594968.0,0.008,6.96
272054.0,229.0,-595041.0,0.0,6.48
272059.0,202.0,-594802.0,0.0,6.96
272064.0,194.0,-594762.0,0.083,6.48
272070.0,18.0,-594735.0,0.167,6.23
272074.0,17.0,-594618.0,0.017,6.23
272080.0,111.0,-594400.0,0.033,6.23
272086.0,-299.0,-594861.0,0.0,6.23
272091.0,68.0,-594866.0,0.033,6.23
272096.0,-108.0,-594332.0,0.033,6.48
272101.0,-180.0,-594361.0,-0.05,6.23
272106.0,-23.0,-594316.0,0.033,6.23
272111.0,267.0,-594408.0,-0.008,6.48
272117.0,21.0,-594687.0,0.058,6.23
272121.0,-218.0,-594406.0,0.142,6.72
272128.0,140.0,-594364.0,-0.042,6.23
272133.0,186.0,-594287.0,-0.008,6.23
272138.0,307.0,-594232.0,0.067,6.48
272143.0,307.0,-593634.0,-0.017,6.96
272148.0,-209.0,-593865.0,0.033,6.23
272153.0,6.0,-593494.0,-0.108,6.48
272159.0,-136.0,-593884.0,-0.033,6.48
272164.0,10.0,-593494.0,0.05,6.48
272169.0,168.0,-593325.0,-0.025,6.48
272175.0,35.0,-593296.0,0.025,6.23
272181.0,37.0,-593088.0,0.042,6.96
272186.0,31.0,-592969.0,0.008,6.23
272190.0,-96.0,-593194.0,0.067,6.48
272196.0,-52.0,-593096.0,-0.058,6.72
272201.0,-294.0,-593077.0,0.033,6.72
272206.0,-37.0,-593184.0,0.008,6.48
272211.0,285.0,-592656.0,0.083,6.48
272217.0,129.0,-592625.0,0.0,6.48
272222.0,-34.0,-592878.0,-0.008,6.23
272228.0,-184.0,-592626.0,0.033,6.72
272233.0,102.0,-592735.0,0.092,6.48
272237.0,285.0,-593042.0,0.133,6.23
272243.0,413.0,-592766.0,0.033,6.23
272248.0,39.0,-592341.0,0.142,6.96
272253.0,58.0,-592428.0,-0.042,5.25
272259.0,132.0,-592338.0,-0.008,6.96
272265.0,86.0,-592367.0,0.008,6.48
272269.0,11.0,-592054.0,-0.042,6.96
272275.0,419.0,-591990.0,0.033,6.72
272280.0,105.0,-591697.0,0.083,6.48
272285.0,-104.0,-592022.0,-0.05,6.72
272290.0,36.0,-592096.0,0.067,6.48
272295.0,178.0,-591839.0,0.008,6.48
272301.0,249.0,-591462.0,0.008,6.48
272307.0,-123.0,-591716.0,0.075,6.23
272312.0,205.0,-591703.0,0.067,6.72
272316.0,266.0,-591442.0,0.1,6.48
272322.0,115.0,-591516.0,-0.025,6.23
272327.0,83.0,-591655.0,0.008,6.48
272331.0,222.0,-591524.0,0.075,6.48
272337.0,362.0,-591832.0,-0.008,6.23
272343.0,-284.0,-591577.0,0.067,6.23
272348.0,-219.0,-591524.0,-0.042,6.48
272353.0,143.0,-591154.0,0.042,6.72
272358.0,-135.0,-591385.0,0.092,6.48
272363.0,-156.0,-591184.0,-0.067,6.96
272368.0,147.0,-590954.0,-0.017,6.23
272373.0,-9.0,-590685.0,0.075,6.96
272378.0,-248.0,-590874.0,0.083,6.96
272385.0,-70.0,-590754.0,0.067,6.23
272390.0,186.0,-590827.0,0.05,6.48
272394.0,177.0,-590494.0,0.008,6.48
272400.0,-63.0,-590040.0,0.033,6.96
272405.0,-141.0,-590285.0,0.092,6.96
272410.0,80.0,-590088.0,-0.033,6.23
272415.0,-92.0,-590178.0,0.033,6.23
272421.0,348.0,-590331.0,-0.008,6.23
272425.0,285.0,-590122.0,0.117,6.23
272431.0,14.0,-589879.0,-0.075,6.48
272436.0,26.0,-589966.0,0.058,6.23
272441.0,-55.0,-589972.0,0.1,6.48
272446.0,-157.0,-589795.0,0.108,6.96
272451.0,-261.0,-590008.0,0.025,6.72
272456.0,-102.0,-589700.0,0.033,6.72
272462.0,396.0,-589733.0,-0.017,6.72
272467.0,-48.0,-590112.0,-0.025,7.21
272473.0,-433.0,-589928.0,0.042,6.72
272478.0,-63.0,-589768.0,-0.008,6.96
272484.0,-3.0,-589909.0,-0.025,6.23
272488.0,-74.0,-589736.0,0.067,6.96
272494.0,102.0,-589396.0,0.075,6.48
272499.0,40.0,-589295.0,-0.025,6.23
272504.0,199.0,-589246.0,0.017,6.48
272509.0,225.0,-588988.0,-0.017,6.48
272515.0,289.0,-589069.0,0.042,6.48
272520.0,186.0,-589014.0,0.05,6.23
272525.0,-337.0,-588969.0,0.025,7.45
272530.0,-321.0,-588584.0,-0.033,6.48
272535.0,42.0,-588612.0,0.008,6.48
272540.0,198.0,-588609.0,-0.008,6.96
272545.0,276.0,-588666.0,0.0,6.96
272550.0,339.0,-588990.0,-0.067,6.23
272556.0,223.0,-588655.0,0.042,6.72
272562.0,243.0,-588848.0,0.075,6.23
272567.0,14.0,-588742.0,0.042,6.96
272572.0,218.0,-588918.0,0.017,6.48
272577.0,116.0,-588749.0,0.042,6.72
272582.0,-97.0,-588258.0,0.075,7.21
272587.0,190.0,-588335.0,-0.033,6.23
272592.0,8.0,-588812.0,0.05,6.48
272598.0,-205.0,-588244.0,0.083,6.72
272603.0,-49.0,-588007.0,0.025,6.23
272608.0,-27.0,-588024.0,0.05,6.96
272613.0,-212.0,-587902.0,0.008,6.23
272618.0,-98.0,-587701.0,0.117,6.48
272624.0,120.0,-587984.0,0.025,7.94
272629.0,461.0,-587454.0,0.067,6.48
272634.0,127.0,-587825.0,-0.025,6.48
272640.0,253.0,-587282.0,0.092,6.48
272645.0,240.0,-587310.0,-0.017,6.23
272650.0,241.0,-587439.0,0.092,6.48
272655.0,-211.0,-587478.0,-0.008,6.23
272660.0,-308.0,-587252.0,0.017,6.23
272665.0,414.0,-587179.0,0.042,7.21
272670.0,188.0,-587426.0,-0.008,6.48
272676.0,277.0,-587078.0,0.075,6.48
272681.0,463.0,-587393.0,-0.058,6.23
272687.0,281.0,-587166.0,0.017,6.96
272692.0,178.0,-586902.0,0.092,6.96
272697.0,-61.0,-587299.0,0.008,6.48
272702.0,135.0,-587428.0,0.058,6.48
272707.0,-50.0,-586868.0,-0.008,6.72
272712.0,90.0,-587109.0,0.108,6.72
272717.0,-10.0,-586582.0,0.008,6.72
272722.0,-1.0,-586430.0,0.033,8.43
272728.0,-93.0,-586341.0,0.058,6.72
272733.0,137.0,-586270.0,-0.017,6.48
272739.0,152.0,-586292.0,0.017,5.25
272744.0,-86.0,-586213.0,0.058,6.48
272749.0,-194.0,-586054.0,0.058,6.23
272754.0,157.0,-586200.0,0.05,6.48
272759.0,135.0,-586107.0,-0.05,6.23
272764.0,-227.0,-586146.0,0.05,6.48
272770.0,126.0,-585862.0,0.042,6.48
272775.0,391.0,-586021.0,-0.025,6.48
272781.0,223.0,-585933.0,0.025,6.96
272786.0,112.0,-585981.0,0.0,6.48
272791.0,83.0,-585804.0,0.05,6.96
272796.0,-87.0,-585507.0,0.033,6.48
272801.0,-12.0,-585689.0,-0.042,6.96
272806.0,186.0,-585672.0,0.008,6.48
272812.0,-12.0,-585341.0,0.05,6.96
272817.0,-215.0,-585791.0,0.008,6.48
272822.0,-579.0,-585222.0,0.067,6.23
272827.0,189.0,-585575.0,0.0,6.48
272832.0,-60.0,-584973.0,0.0,7.21
272837.0,260.0,-584988.0,-0.008,6.23
272843.0,282.0,-585119.0,-0.033,6.23
272848.0,13.0,-584877.0,-0.025,6.72
272852.0,-2.0,-584852.0,0.0,6.72
272858.0,53.0,-584750.0,-0.025,6.48
272863.0,168.0,-584697.0,0.083,6.48
272868.0,254.0,-584514.0,-0.017,6.48
272873.0,229.0,-584530.0,0.108,6.72
272878.0,182.0,-584835.0,0.058,6.23
272884.0,352.0,-584495.0,0.025,6.48
272889.0,173.0,-584445.0,-0.025,7.45
272893.0,-4.0,-584536.0,-0.017,6.23
272900.0,304.0,-584544.0,0.042,6.72
272905.0,323.0,-584558.0,-0.017,6.23
272910.0,-286.0,-584503.0,0.058,6.48
272915.0,248.0,-584358.0,-0.008,6.72
272920.0,23.0,-584402.0,0.117,6.48
272925.0,72.0,-584287.0,0.0,6.48
272930.0,-312.0,-584361.0,-0.025,6.72
272935.0,11.0,-583567.0,-0.05,6.72
272941.0,68.0,-583788.0,0.083,6.48
272947.0,-614.0,-584060.0,0.058,6.23
272952.0,-123.0,-583748.0,0.0,6.96
272956.0,326.0,-583677.0,0.033,6.48
272962.0,208.0,-583613.0,0.042,6.23
272967.0,45.0,-583211.0,0.075,6.23
272972.0,44.0,-583326.0,-0.025,6.23
272977.0,182.0,-583188.0,0.05,6.96
272983.0,99.0,-583180.0,0.008,7.21
272988.0,20.0,-583145.0,-0.092,6.48
272994.0,-132.0,-582977.0,0.058,6.48
272999.0,191.0,-583155.0,0.067,6.23
273003.0,34.0,-583114.0,-0.075,6.96
273009.0,-250.0,-583284.0,0.1,6.23
273014.0,-179.0,-583102.0,-0.05,6.72
273019.0,-24.0,-582915.0,0.008,6.23
273025.0,82.0,-582867.0,0.017,6.23
273030.0,219.0,-582995.0,-0.083,6.96
273035.0,358.0,-582820.0,0.017,6.96
273040.0,18.0,-582793.0,0.083,6.48
273045.0,59.0,-582681.0,0.067,6.48
273050.0,-70.0,-582750.0,0.0,6.48
273056.0,106.0,-582618.0,0.025,6.23
273061.0,23.0,-582198.0,-0.067,6.96
273065.0,312.0,-582275.0,0.042,6.23
273072.0,126.0,-582327.0,0.025,6.23
273077.0,65.0,-582463.0,0.033,6.23
273082.0,-24.0,-582426.0,0.033,7.21
273087.0,198.0,-582126.0,0.033,6.48
273092.0,23.0,-581928.0,0.05,6.72
273097.0,-380.0,-581945.0,0.017,6.48
273103.0,330.0,-581867.0,0.008,6.23
273108.0,182.0,-582623.0,0.008,6.72
273114.0,307.0,-582180.0,-0.008,6.23
273119.0,221.0,-581565.0,0.108,6.23
273125.0,463.0,-582013.0,0.05,6.96
273129.0,-2.0,-581894.0,0.158,6.48
273134.0,134.0,-581883.0,0.0,6.23
273140.0,182.0,-581841.0,0.058,6.23
273145.0,233.0,-581896.0,-0.025,6.23
273150.0,-123.0,-581493.0,-0.025,6.96
273156.0,-121.0,-581379.0,0.075,6.48
273161.0,-204.0,-581480.0,0.067,6.23
273166.0,194.0,-581545.0,0.058,6.48
273172.0,-158.0,-581483.0,-0.025,6.72
273177.0,1.0,-580977.0,0.083,6.23
273182.0,58.0,-581012.0,-0.075,5.25
273187.0,220.0,-581090.0,0.025,6.23
273192.0,401.0,-580926.0,-0.067,6.96
273198.0,34.0,-580833.0,-0.008,6.23
273204.0,178.0,-580921.0,0.075,6.48
273209.0,-162.0,-581049.0,0.15,6.48
273214.0,57.0,-580416.0,0.058,6.72
273219.0,315.0,-580695.0,-0.033,6.48
273225.0,63.0,-580811.0,-0.017,7.21
273229.0,-262.0,-580814.0,0.108,7.45
273234.0,150.0,-580333.0,-0.025,6.23
273241.0,-74.0,-580593.0,-0.017,6.23
273246.0,-293.0,-580522.0,0.025,6.23
273251.0,-1.0,-580651.0,0.125,6.23
273256.0,17.0,-580341.0,-0.017,6.23
273261.0,146.0,-580364.0,0.133,6.72
273266.0,64.0,-580319.0,0.033,6.23
273272.0,238.0,-580561.0,-0.025,6.72
273276.0,-59.0,-580088.0,0.033,6.48
273282.0,-324.0,-580177.0,-0.042,6.72
273288.0,146.0,-579905.0,0.033,6.96
273292.0,-1.0,-579976.0,0.058,6.72
273298.0,-353.0,-579606.0,-0.042,6.23
273303.0,-109.0,-579868.0,-0.017,6.23
273309.0,133.0,-579598.0,0.025,6.23
273314.0,264.0,-579439.0,0.058,6.23
273319.0,110.0,-579258.0,-0.05,6.23
273325.0,398.0,-579258.0,0.008,6.48
273330.0,-89.0,-579295.0,0.008,6.48
273335.0,169.0,-579656.0,0.042,6.23
273341.0,-183.0,-579358.0,0.008,6.23
273345.0,-148.0,-579041.0,-0.042,6.23
273350.0,-175.0,-579030.0,0.042,6.23
273356.0,-49.0,-578794.0,-0.017,6.48
273360.0,-198.0,-578945.0,-0.017,7.21
273367.0,152.0,-579029.0,-0.042,6.48
273373.0,68.0,-578957.0,0.033,6.23
273378.0,-316.0,-579071.0,0.025,6.23
273383.0,123.0,-578862.0,0.05,6.48
273388.0,-47.0,-578964.0,0.025,6.23
273394.0,57.0,-578948.0,0.017,6.23
273400.0,-155.0,-578664.0,0.042,6.48
273404.0,-178.0,-578647.0,0.083,6.23
273411.0,222.0,-578379.0,0.008,6.48
273416.0,32.0,-578597.0,0.0,6.48
273422.0,42.0,-578231.0,0.058,5.25
273427.0,55.0,-578262.0,0.083,6.23
273432.0,-1.0,-578300.0,0.025,6.48
273438.0,13.0,-578484.0,0.075,6.72
273442.0,-284.0,-578227.0,0.017,6.23
273447.0,-125.0,-578156.0,-0.017,6.48
273454.0,-175.0,-578082.0,-0.008,6.23
273458.0,-88.0,-578025.0,0.033,6.48
273464.0,-18.0,-577615.0,0.083,6.23
273469.0,118.0,-577615.0,-0.008,6.23
273475.0,-196.0,-577965.0,0.142,6.48
273480.0,-5.0,-577780.0,-0.008,6.48
273485.0,75.0,-577366.0,0.075,6.48
273491.0,307.0,-577484.0,0.025,6.96
273497.0,-149.0,-577464.0,0.025,6.96
273502.0,64.0,-577489.0,-0.058,6.23
273508.0,112.0,-577405.0,0.017,6.96
273513.0,108.0,-577583.0,-0.042,6.48
273519.0,-316.0,-577241.0,-0.008,6.48
273523.0,-365.0,-577010.0,0.058,6.23
273529.0,119.0,-576940.0,0.092,6.48
273536.0,-279.0,-576870.0,-0.008,6.48
273541.0,-309.0,-576962.0,0.075,6.23
273546.0,-364.0,-576899.0,0.033,6.23
273552.0,166.0,-577009.0,0.025,7.21
273557.0,488.0,-576807.0,-0.058,6.23
273563.0,-90.0,-576587.0,0.125,6.23
273567.0,-169.0,-576642.0,0.025,6.48
273573.0,93.0,-576620.0,-0.025,6.23
273580.0,97.0,-576588.0,0.025,6.48
273585.0,171.0,-576588.0,-0.017,6.72
273590.0,-92.0,-576315.0,-0.025,6.48
273595.0,134.0,-576159.0,0.058,6.48
273601.0,-12.0,-576269.0,0.042,6.48
273606.0,-86.0,-576395.0,0.017,6.23
273611.0,-293.0,-576332.0,0.108,6.48
273617.0,23.0,-575994.0,0.067,6.48
273623.0,173.0,-576004.0,0.033,6.96
273629.0,-27.0,-575922.0,0.083,6.23
273634.0,190.0,-576023.0,-0.083,6.48
273639.0,480.0,-576001.0,-0.033,6.23
273645.0,-250.0,-576003.0,-0.017,7.21
273650.0,408.0,-575841.0,-0.05,6.96
273655.0,285.0,-575788.0,0.058,6.23
273660.0,-136.0,-575724.0,-0.033,6.96
273667.0,258.0,-575630.0,-0.017,7.21
273672.0,432.0,-575637.0,0.075,6.72
273677.0,141.0,-575680.0,-0.033,6.72
273682.0,-363.0,-575508.0,0.083,6.23
273687.0,107.0,-575595.0,0.083,6.72
273692.0,-38.0,-575416.0,-0.042,6.96
273698.0,-56.0,-574768.0,0.042,6.72
273703.0,326.0,-574933.0,-0.017,6.23
273708.0,409.0,-575326.0,0.1,6.23
273714.0,113.0,-575010.0,0.117,6.48
273720.0,39.0,-575046.0,0.008,6.72
273724.0,156.0,-575307.0,0.033,6.48
273729.0,297.0,-575341.0,0.083,6.48
273735.0,-39.0,-574991.0,0.042,6.23
273740.0,-48.0,-574930.0,-0.025,6.72
273745.0,247.0,-575092.0,0.017,6.23
273751.0,405.0,-575002.0,0.0,6.72
273756.0,59.0,-575121.0,0.05,6.72
273761.0,62.0,-574526.0,0.067,6.48
273767.0,264.0,-574296.0,0.025,6.48
273772.0,234.0,-574453.0,-0.008,6.72
273776.0,-47.0,-574396.0,0.025,6.48
273782.0,493.0,-574544.0,0.008,6.96
273787.0,35.0,-574597.0,0.025,6.23
273793.0,-244.0,-574374.0,0.0,6.72
273798.0,262.0,-574164.0,0.092,6.48
273803.0,62.0,-574113.0,-0.042,6.48
273808.0,503.0,-574132.0,0.042,6.48
273814.0,-39.0,-573844.0,0.1,6.23
273819.0,-5.0,-574161.0,-0.017,6.72
273823.0,84.0,-574140.0,-0.008,6.23
273829.0,86.0,-573728.0,0.075,6.48
273835.0,234.0,-574045.0,0.058,6.48
273840.0,171.0,-574152.0,0.067,6.48
273845.0,85.0,-574238.0,-0.017,6.96
273850.0,111.0,-573955.0,0.033,6.72
273855.0,294.0,-573730.0,0.1,6.23
273861.0,14.0,-573142.0,0.058,6.96
273866.0,-12.0,-573381.0,-0.042,6.23
273871.0,61.0,-573496.0,0.092,6.48
273876.0,-75.0,-573494.0,0.008,6.96
273882.0,-137.0,-573325.0,0.0,6.23
273887.0,14.0,-573220.0,0.058,6.96
273892.0,-266.0,-572828.0,-0.008,6.23
273898.0,-82.0,-572931.0,-0.017,6.48
273902.0,-341.0,-573342.0,0.067,6.48
273908.0,85.0,-573318.0,0.025,6.48
273913.0,241.0,-573079.0,0.017,6.23
273918.0,258.0,-573012.0,-0.042,6.23
273924.0,100.0,-572928.0,0.083,6.23
273930.0,78.0,-572710.0,-0.008,6.23
273935.0,428.0,-572703.0,0.075,6.23
273940.0,-91.0,-572894.0,-0.058,6.96
273945.0,141.0,-572656.0,0.042,6.48
273950.0,143.0,-572361.0,0.0,6.96
273955.0,90.0,-572488.0,0.0,6.72
273960.0,-106.0,-572474.0,0.033,6.48
273967.0,-52.0,-572223.0,0.042,6.48
273971.0,383.0,-572276.0,-0.042,6.96
273977.0,-65.0,-572084.0,0.083,6.72
273982.0,-113.0,-572091.0,-0.067,6.48
273987.0,128.0,-571938.0,0.008,6.48
273992.0,-74.0,-571822.0,0.017,6.48
273997.0,6.0,-571717.0,0.0,6.23
274002.0,-31.0,-571732.0,0.033,6.23
274008.0,303.0,-571638.0,-0.017,6.48
274014.0,-97.0,-571607.0,0.058,6.48
274018.0,-196.0,-571668.0,0.067,6.96
274024.0,80.0,-571762.0,0.042,6.48
274029.0,122.0,-571721.0,-0.025,6.96
274034.0,119.0,-571732.0,0.092,6.23
274039.0,43.0,-571584.0,0.017,6.96
274044.0,-35.0,-571533.0,-0.008,6.23
274050.0,174.0,-571288.0,0.117,6.23
274056.0,-96.0,-571650.0,0.042,6.72
274061.0,8.0,-571605.0,0.092,6.48
274065.0,-47.0,-571124.0,0.075,6.48
274071.0,-57.0,-571182.0,0.0,6.23
274076.0,-189.0,-570931.0,0.0,6.48
274081.0,-4.0,-571212.0,0.008,6.48
274086.0,108.0,-571464.0,-0.033,6.96
274092.0,222.0,-571159.0,0.025,6.48
274097.0,459.0,-570852.0,0.033,6.48
274102.0,288.0,-570609.0,0.092,6.48
274107.0,-196.0,-571034.0,0.008,6.48
274112.0,-43.0,-570896.0,-0.017,6.96
274117.0,67.0,-570712.0,0.0,6.48
274122.0,261.0,-570711.0,-0.017,5.74
274127.0,242.0,-570580.0,0.025,6.96
274134.0,42.0,-570524.0,0.0,6.48
274139.0,-152.0,-570539.0,0.092,6.72
274143.0,-55.0,-570406.0,0.042,6.72
274149.0,253.0,-570342.0,0.042,6.48
274154.0,779.0,-570561.0,0.017,7.7
274159.0,424.0,-570290.0,0.042,6.23
274164.0,-122.0,-570848.0,0.025,6.23
274170.0,234.0,-570743.0,0.033,6.48
274174.0,199.0,-570066.0,0.058,6.23
274180.0,62.0,-569737.0,0.125,6.23
274185.0,82.0,-570054.0,-0.025,6.23
274190.0,317.0,-569856.0,0.042,6.48
274195.0,-127.0,-569949.0,0.033,6.23
274201.0,-111.0,-569732.0,-0.058,6.23
274206.0,30.0,-570204.0,-0.017,6.96
274211.0,-60.0,-569791.0,0.033,6.72
274216.0,-218.0,-569764.0,-0.067,6.23
274222.0,-219.0,-569370.0,0.033,6.23
274228.0,289.0,-569696.0,-0.008,6.23
274233.0,-111.0,-569673.0,-0.092,6.72
274238.0,68.0,-569560.0,0.117,6.48
274242.0,105.0,-569433.0,-0.008,6.48
274247.0,-85.0,-569468.0,0.008,6.48
274252.0,-74.0,-569446.0,0.025,6.48
274257.0,256.0,-569521.0,0.125,6.48
274264.0,-24.0,-569124.0,-0.042,6.23
274269.0,-281.0,-569226.0,-0.042,6.48
274274.0,-83.0,-569329.0,0.033,6.72
274279.0,129.0,-569254.0,0.075,6.48
274284.0,146.0,-568732.0,-0.1,6.48
274289.0,-14.0,-569145.0,0.033,6.72
274294.0,12.0,-569126.0,0.092,6.23
274299.0,147.0,-568784.0,-0.05,6.23
274306.0,161.0,-568903.0,0.05,6.48
274311.0,47.0,-568580.0,0.125,6.48
274316.0,348.0,-568598.0,0.008,6.48
274321.0,-3.0,-568799.0,0.05,6.96
274326.0,-395.0,-568682.0,0.058,6.48
274331.0,-64.0,-568386.0,-0.008,6.96
274336.0,246.0,-568387.0,-0.008,6.23
274341.0,16.0,-568546.0,0.05,6.48
274347.0,21.0,-568242.0,0.0,6.72
274352.0,149.0,-568373.0,-0.008,6.96
274357.0,-65.0,-567646.0,-0.042,6.48
274362.0,-210.0,-567840.0,0.083,6.48
274367.0,260.0,-568295.0,0.075,6.48
274373.0,556.0,-568224.0,-0.025,6.96
274378.0,293.0,-567884.0,0.017,6.72
274383.0,-97.0,-567921.0,-0.017,6.96
274388.0,3.0,-568072.0,-0.008,6.72
274394.0,242.0,-567630.0,-0.025,6.48
274399.0,-26.0,-567665.0,-0.025,6.23
274404.0,32.0,-568040.0,0.017,6.48
274409.0,97.0,-567530.0,-0.008,6.23
274414.0,-387.0,-567383.0,0.058,6.48
274420.0,-219.0,-567692.0,0.083,6.48
274425.0,-294.0,-567600.0,0.033,6.23
274429.0,3.0,-567555.0,-0.017,7.21
274436.0,-427.0,-567719.0,0.0,6.23
274441.0,-88.0,-567193.0,0.017,7.21
274446.0,93.0,-567346.0,-0.067,6.23
274451.0,179.0,-566926.0,-0.033,6.96
274456.0,-162.0,-567254.0,0.067,7.21
274461.0,229.0,-567151.0,-0.092,6.48
274466.0,379.0,-567144.0,0.083,6.72
274471.0,-138.0,-566818.0,-0.008,6.48
274477.0,94.0,-566677.0,0.0,6.48
274483.0,308.0,-566796.0,0.058,6.48
274488.0,387.0,-567240.0,0.042,6.48
274493.0,-23.0,-566855.0,0.108,6.48
274498.0,259.0,-566468.0,0.05,6.96
274503.0,244.0,-566582.0,-0.008,6.23
274508.0,-95.0,-566901.0,0.058,6.48
274513.0,113.0,-566161.0,0.033,7.21
274519.0,160.0,-566159.0,-0.017,6.72
274524.0,-37.0,-566726.0,0.0,6.23
274530.0,-79.0,-566334.0,0.083,6.48
274535.0,-200.0,-566542.0,0.058,6.48
274539.0,-37.0,-566153.0,0.1,6.96
274545.0,-97.0,-566511.0,-0.083,6.48
274550.0,104.0,-566389.0,0.008,6.48
274555.0,41.0,-566410.0,0.033,6.48
274561.0,-197.0,-566172.0,0.0,6.23
274566.0,44.0,-565674.0,0.017,6.72
274571.0,-91.0,-565915.0,0.075,6.23
274577.0,-97.0,-566131.0,0.033,6.23
274582.0,-30.0,-565615.0,0.067,6.23
274586.0,9.0,-565636.0,0.083,6.23
274592.0,-77.0,-565628.0,0.0,6.48
274597.0,-438.0,-565648.0,0.042,6.48
274603.0,-39.0,-565767.0,0.025,6.96
274608.0,-27.0,-565481.0,0.025,6.96
274613.0,-86.0,-565467.0,0.017,6.23
274618.0,747.0,-565640.0,-0.008,6.96
274623.0,251.0,-565502.0,0.033,6.23
274629.0,-38.0,-565504.0,0.008,6.48
274633.0,75.0,-565595.0,-0.025,6.48
274639.0,-143.0,-565479.0,0.025,7.21
274644.0,42.0,-565077.0,0.008,6.48
274650.0,225.0,-564862.0,-0.008,6.48
274655.0,207.0,-565508.0,0.033,6.48
274660.0,156.0,-564988.0,-0.025,6.48
274665.0,273.0,-564835.0,0.133,6.23
274670.0,83.0,-564734.0,0.058,6.48
274675.0,110.0,-564954.0,0.1,6.48
274680.0,-211.0,-564623.0,0.008,6.96
274686.0,211.0,-564737.0,-0.042,6.48
274692.0,482.0,-564867.0,-0.008,6.23
274696.0,-61.0,-564750.0,-0.008,6.23
274702.0,637.0,-564680.0,0.067,6.23
274707.0,78.0,-564750.0,0.042,6.48
274712.0,-223.0,-564557.0,0.117,6.72
274717.0,281.0,-564217.0,-0.008,6.96
274723.0,71.0,-564063.0,-0.025,6.96
274728.0,82.0,-564308.0,0.092,6.48
274734.0,372.0,-564159.0,0.008,6.48
274739.0,278.0,-564545.0,-0.008,6.96
274744.0,417.0,-564268.0,0.075,6.48
274749.0,473.0,-564011.0,0.0,6.48
274755.0,151.0,-564045.0,-0.05,6.72
274759.0,104.0,-564172.0,0.025,6.23
274765.0,-268.0,-564101.0,0.067,6.48
274770.0,-516.0,-563945.0,0.067,6.48
274776.0,-131.0,-563785.0,-0.033,6.23
274781.0,-58.0,-563592.0,0.1,6.23
274787.0,288.0,-563534.0,-0.05,6.23
274792.0,157.0,-563684.0,0.017,6.72
274796.0,74.0,-563561.0,0.008,6.48
274802.0,256.0,-563467.0,-0.042,6.72
274808.0,110.0,-563543.0,-0.058,6.48
274812.0,321.0,-563330.0,0.025,6.48
274818.0,221.0,-563169.0,0.0,6.48
274824.0,-113.0,-563415.0,0.075,6.48
274829.0,42.0,-563254.0,0.05,6.48
274834.0,88.0,-563369.0,0.017,6.48
274839.0,-142.0,-563051.0,0.025,6.96
274844.0,-265.0,-563250.0,-0.05,6.23
274849.0,141.0,-563249.0,0.058,6.23
274855.0,483.0,-563247.0,0.025,6.48
274860.0,142.0,-562800.0,0.058,6.48
274865.0,-189.0,-562879.0,-0.1,6.72
274871.0,325.0,-563139.0,0.033,6.48
274875.0,312.0,-562836.0,0.0,6.72
274880.0,50.0,-562653.0,0.1,6.96
274886.0,408.0,-562523.0,0.042,6.48
274891.0,307.0,-562398.0,-0.008,6.96
274896.0,-93.0,-562691.0,0.108,6.23
274902.0,3.0,-562481.0,0.058,6.48
274907.0,-92.0,-562382.0,-0.017,6.48
274912.0,-184.0,-562287.0,-0.05,6.96
274918.0,14.0,-562401.0,0.092,6.72
274922.0,77.0,-562470.0,0.1,6.48
274927.0,155.0,-562603.0,0.017,6.48
274933.0,-61.0,-562231.0,0.017,6.23
274938.0,-46.0,-562246.0,-0.058,6.48
274944.0,208.0,-561969.0,0.075,6.96
274949.0,36.0,-562027.0,0.1,6.23
274954.0,99.0,-561782.0,0.042,6.48
274959.0,221.0,-562017.0,0.05,6.48
274965.0,315.0,-561705.0,0.033,6.48
274969.0,70.0,-561750.0,-0.025,6.72
274974.0,315.0,-561907.0,-0.042,6.72
274980.0,101.0,-561645.0,0.083,6.23
274984.0,80.0,-562104.0,0.033,6.23
274990.0,106.0,-562175.0,-0.1,6.23
274996.0,204.0,-561429.0,-0.008,6.72
275001.0,273.0,-561668.0,0.042,6.23
275006.0,-291.0,-561643.0,-0.033,6.48
275011.0,-93.0,-561445.0,0.025,7.21
275016.0,-146.0,-561534.0,-0.067,6.96
275021.0,-207.0,-561467.0,0.05,6.23
275026.0,-219.0,-561537.0,0.067,6.96
275032.0,94.0,-561038.0,0.1,6.23
275038.0,134.0,-560968.0,-0.008,6.48
275043.0,42.0,-560994.0,0.075,7.21
275049.0,336.0,-561072.0,0.042,6.23
275053.0,551.0,-560795.0,0.017,6.96
275059.0,135.0,-560611.0,0.0,6.48
275065.0,271.0,-560967.0,-0.042,6.23
275070.0,133.0,-560675.0,0.033,6.72
275076.0,362.0,-560710.0,0.067,6.23
275082.0,-30.0,-560766.0,0.075,6.23
275087.0,-108.0,-560844.0,0.05,6.48
275093.0,80.0,-560752.0,0.033,6.23
275097.0,-123.0,-560955.0,-0.125,6.72
275103.0,63.0,-560659.0,0.083,6.23
275108.0,321.0,-560187.0,0.075,6.48
275115.0,101.0,-559807.0,0.1,6.23
275120.0,-24.0,-559972.0,-0.058,6.96
275125.0,-60.0,-560432.0,0.0,6.96
275131.0,-220.0,-560494.0,0.0,6.72
275136.0,28.0,-560164.0,-0.025,6.23
275141.0,251.0,-560229.0,0.008,6.23
275147.0,111.0,-560117.0,-0.008,6.23
275152.0,-89.0,-560009.0,-0.033,6.72
275159.0,299.0,-559883.0,-0.025,6.23
275163.0,530.0,-559596.0,0.05,6.72
275169.0,294.0,-559902.0,0.017,6.23
275175.0,-228.0,-559520.0,0.1,6.23
275180.0,72.0,-559302.0,0.017,6.48
275185.0,101.0,-559411.0,0.067,6.48
275190.0,133.0,-559493.0,-0.017,6.96
275196.0,-301.0,-559715.0,0.05,6.23
275203.0,199.0,-559161.0,0.042,6.72
275207.0,-88.0,-559108.0,0.192,6.72
275213.0,-302.0,-559192.0,-0.025,6.96
275219.0,300.0,-559276.0,0.108,7.21
275224.0,376.0,-559162.0,0.05,6.72
275229.0,-95.0,-559245.0,0.05,6.96
275234.0,-57.0,-558993.0,0.058,6.23
275240.0,371.0,-559133.0,0.017,6.96
275246.0,-77.0,-558967.0,0.058,6.48
275251.0,130.0,-558668.0,0.008,6.23
275257.0,180.0,-558868.0,-0.033,6.72
275262.0,24.0,-558718.0,0.042,6.23
275268.0,430.0,-559156.0,0.042,6.48
275273.0,699.0,-558915.0,-0.092,6.96
275278.0,225.0,-558375.0,-0.008,6.48
275284.0,-259.0,-558347.0,-0.008,6.96
275290.0,-61.0,-558661.0,0.067,6.23
275295.0,340.0,-558648.0,-0.008,6.48
275300.0,27.0,-558668.0,0.067,6.48
275306.0,-13.0,-558766.0,0.008,6.48
275310.0,-128.0,-558573.0,0.033,6.48
275315.0,237.0,-558339.0,0.058,6.48
275321.0,-73.0,-558199.0,0.033,6.48
275326.0,288.0,-558018.0,0.025,6.23
275332.0,295.0,-558012.0,0.017,6.48
275337.0,-157.0,-558172.0,0.008,6.72
275343.0,-145.0,-558079.0,0.15,6.96
275347.0,0.0,-558098.0,0.058,6.72
275353.0,-112.0,-557928.0,0.067,6.23
275358.0,156.0,-558095.0,-0.05,6.48
275363.0,173.0,-557632.0,-0.067,6.23
275368.0,-137.0,-557856.0,0.017,6.72
275374.0,-143.0,-557905.0,0.0,6.48
275379.0,-106.0,-557732.0,0.0,6.48
275385.0,352.0,-557530.0,0.05,6.72
275390.0,72.0,-557425.0,0.067,6.23
275394.0,-131.0,-557322.0,-0.008,6.23
275400.0,139.0,-557366.0,0.008,6.23
275405.0,357.0,-557356.0,0.025,6.23
275410.0,270.0,-557381.0,0.033,6.48
275416.0,-59.0,-557479.0,-0.017,6.48
275422.0,157.0,-557537.0,0.033,6.23
275427.0,53.0,-557518.0,-0.083,6.72
275432.0,-194.0,-557433.0,0.142,6.48
275437.0,-60.0,-556817.0,0.033,6.72
275442.0,154.0,-556974.0,0.008,6.48
275447.0,-157.0,-557149.0,0.092,6.96
275453.0,-233.0,-557033.0,0.042,6.48
275459.0,-81.0,-556994.0,0.017,6.23
275463.0,106.0,-556877.0,0.067,6.48
275469.0,-228.0,-556751.0,0.0,6.96
275474.0,8.0,-556598.0,-0.017,6.23
275479.0,-69.0,-556571.0,0.067,6.48
275484.0,311.0,-556123.0,-0.05,6.96
275489.0,395.0,-556414.0,0.158,6.23
275494.0,-100.0,-556549.0,0.067,6.23
275501.0,98.0,-556629.0,-0.008,6.72
275506.0,166.0,-556404.0,-0.017,6.96
275510.0,233.0,-556339.0,0.117,6.48
275516.0,-61.0,-556195.0,-0.017,5.99
275521.0,171.0,-556194.0,0.033,6.72
275526.0,-8.0,-556241.0,-0.058,6.96
275531.0,314.0,-555813.0,0.075,6.23
275537.0,-68.0,-556251.0,0.042,6.72
275543.0,-126.0,-555950.0,0.117,6.23
275548.0,-219.0,-555887.0,0.075,6.96
275553.0,35.0,-556101.0,0.033,6.96
275559.0,-107.0,-555716.0,0.042,6.48
275563.0,92.0,-555561.0,0.017,6.23
275569.0,132.0,-555967.0,0.075,6.72
275574.0,238.0,-555672.0,-0.017,6.23
275579.0,-37.0,-555815.0,0.092,6.72
275585.0,-311.0,-555683.0,0.033,6.48
275590.0,287.0,-555656.0,0.067,6.72
275595.0,308.0,-556061.0,0.108,6.23
275601.0,42.0,-555479.0,0.058,6.96
275606.0,262.0,-555536.0,-0.092,6.23
275610.0,153.0,-555301.0,0.033,6.23
275616.0,31.0,-555609.0,0.092,6.48
275621.0,339.0,-555364.0,0.083,6.96
275627.0,156.0,-555205.0,0.0,6.48
275632.0,8.0,-555047.0,0.05,6.48
275637.0,-184.0,-555088.0,0.092,6.23
275642.0,-17.0,-555497.0,0.025,6.72
275648.0,-237.0,-554913.0,0.008,6.23
275653.0,-135.0,-554940.0,-0.058,6.48
275657.0,-158.0,-554905.0,-0.067,6.23
275663.0,163.0,-554793.0,0.017,6.48
275668.0,51.0,-555014.0,-0.067,6.72
275673.0,72.0,-554893.0,-0.008,6.96
275679.0,102.0,-554769.0,0.083,6.48
275684.0,-26.0,-554816.0,-0.092,6.23
275689.0,105.0,-554367.0,0.1,6.23
275694.0,-31.0,-554743.0,0.042,6.23
275699.0,133.0,-554416.0,-0.025,6.48
275704.0,228.0,-554673.0,0.0,6.48
275710.0,-38.0,-554129.0,0.05,6.23
275716.0,346.0,-554336.0,0.092,6.48
275721.0,681.0,-554397.0,0.0,6.23
275725.0,112.0,-554414.0,0.083,6.23
275730.0,4.0,-554321.0,-0.008,6.23
275735.0,-27.0,-553833.0,0.05,6.23
275740.0,101.0,-553878.0,0.0,6.48
275746.0,97.0,-553859.0,0.0,6.23
275751.0,46.0,-554137.0,0.017,6.48
275757.0,490.0,-553850.0,-0.017,6.48
275762.0,-314.0,-554137.0,0.033,6.48
275767.0,45.0,-553799.0,-0.033,6.96
275772.0,127.0,-553784.0,0.05,6.48
275777.0,-61.0,-553821.0,-0.075,6.23
275782.0,-180.0,-553637.0,0.0,6.23
275788.0,120.0,-553871.0,-0.017,6.48
275793.0,282.0,-553826.0,-0.017,6.48
275799.0,-55.0,-553271.0,0.117,6.96
275804.0,-61.0,-553279.0,0.092,6.48
275809.0,325.0,-553134.0,-0.008,6.72
275814.0,108.0,-553171.0,0.05,6.23
275820.0,78.0,-553467.0,0.025,6.23
275825.0,18.0,-553198.0,0.025,6.48
275829.0,15.0,-552911.0,0.008,6.48
275834.0,292.0,-553140.0,-0.017,6.23
275840.0,188.0,-553259.0,0.017,6.96
275845.0,437.0,-553351.0,0.033,6.23
275851.0,-109.0,-553264.0,-0.083,6.72
275856.0,157.0,-553061.0,0.033,6.23
275861.0,134.0,-552713.0,0.05,7.21
275866.0,152.0,-552839.0,-0.017,6.96
275872.0,212.0,-552816.0,0.075,5.99
275876.0,219.0,-552845.0,0.033,6.48
275881.0,366.0,-553052.0,0.042,6.23
275887.0,236.0,-552753.0,0.033,6.48
275892.0,407.0,-552367.0,-0.033,6.48
275897.0,251.0,-552824.0,0.05,6.96
275903.0,75.0,-552639.0,0.008,6.23
275908.0,-22.0,-552445.0,0.017,6.48
275913.0,258.0,-552526.0,0.025,6.96
275918.0,184.0,-552203.0,0.067,6.23
275923.0,211.0,-552557.0,-0.008,6.23
275929.0,67.0,-552334.0,0.008,6.48
275934.0,287.0,-551993.0,0.042,6.48
275939.0,238.0,-552119.0,0.067,6.23
275944.0,3.0,-552108.0,0.067,6.23
275949.0,269.0,-552339.0,0.058,6.48
275954.0,282.0,-551931.0,0.025,6.48
275959.0,-100.0,-551866.0,0.025,6.96
275965.0,84.0,-551951.0,0.05,6.48
275971.0,61.0,-551981.0,0.0,6.72
275976.0,65.0,-551854.0,0.083,6.23
275981.0,259.0,-551891.0,0.05,6.72
275986.0,464.0,-551899.0,0.05,6.23
275991.0,374.0,-551894.0,0.025,8.68
275996.0,326.0,-551289.0,0.042,6.23
276001.0,-195.0,-551523.0,-0.008,6.48
276006.0,-244.0,-551792.0,0.058,6.96
276012.0,168.0,-551561.0,0.042,6.23
276017.0,-47.0,-551545.0,0.017,6.23
276023.0,25.0,-551110.0,0.008,6.48
276028.0,-25.0,-551249.0,0.0,6.96
276033.0,272.0,-551225.0,0.05,6.48
276038.0,64.0,-550886.0,0.067,6.23
276043.0,108.0,-551097.0,0.0,6.72
276048.0,259.0,-550827.0,0.083,6.48
276054.0,297.0,-550822.0,-0.042,6.23
276059.0,99.0,-550981.0,0.017,6.23
276064.0,190.0,-551211.0,0.042,6.23
276070.0,98.0,-551042.0,0.0,6.72
276075.0,48.0,-551139.0,-0.017,6.48
276080.0,63.0,-550713.0,0.1,6.96
276085.0,285.0,-551008.0,0.008,6.48
276090.0,1.0,-550607.0,-0.008,6.48
276096.0,14.0,-550819.0,-0.083,6.72
276101.0,-298.0,-550938.0,-0.033,6.48
276106.0,246.0,-550837.0,0.058,6.96
276111.0,235.0,-550345.0,0.042,6.48
276117.0,73.0,-550428.0,0.092,6.23
276122.0,607.0,-550469.0,-0.033,6.72
276127.0,256.0,-550611.0,0.083,6.96
276131.0,23.0,-550482.0,0.017,6.72
276137.0,75.0,-550384.0,0.025,6.96
276143.0,174.0,-550138.0,-0.017,7.21
276148.0,35.0,-550475.0,0.042,6.48
276153.0,-1.0,-549861.0,-0.017,6.48
276158.0,40.0,-550177.0,0.033,6.96
276163.0,89.0,-550050.0,-0.008,4.77
276169.0,41.0,-550002.0,0.042,6.48
276174.0,356.0,-549904.0,0.108,6.23
276178.0,-69.0,-549765.0,-0.025,6.48
276185.0,67.0,-549807.0,0.008,6.72
276190.0,230.0,-549877.0,0.033,6.72
276195.0,319.0,-549806.0,0.142,6.23
276200.0,505.0,-549536.0,0.033,6.23
276205.0,582.0,-549672.0,0.075,6.23
276210.0,67.0,-549615.0,0.008,6.48
276216.0,19.0,-549725.0,0.075,6.23
276221.0,164.0,-549535.0,0.033,6.23
276226.0,-385.0,-549520.0,0.108,6.23
276232.0,23.0,-549318.0,0.025,6.96
276237.0,156.0,-549308.0,0.067,6.48
276242.0,-79.0,-549257.0,-0.117,6.72
276247.0,49.0,-549216.0,-0.033,6.48
276252.0,170.0,-549276.0,0.05,6.23
276257.0,233.0,-549211.0,-0.017,6.23
276262.0,25.0,-548969.0,0.008,6.48
276268.0,442.0,-548947.0,-0.033,6.48
276273.0,353.0,-548898.0,0.133,6.48
276279.0,-163.0,-548998.0,-0.008,6.48
276284.0,-348.0,-548402.0,0.017,6.72
276289.0,155.0,-548515.0,0.0,6.48
276294.0,109.0,-548439.0,0.05,6.48
276299.0,274.0,-548431.0,0.042,6.48
276304.0,51.0,-548496.0,-0.033,6.48
276310.0,223.0,-548448.0,0.008,6.96
276316.0,16.0,-548390.0,0.092,6.48
276320.0,-123.0,-548291.0,0.033,6.23
276325.0,-255.0,-548494.0,0.05,6.23
276331.0,-242.0,-548076.0,0.042,6.48
276335.0,195.0,-548321.0,0.1,6.96
276341.0,-143.0,-548325.0,-0.008,6.96
276346.0,-174.0,-548141.0,0.067,6.48
276352.0,-205.0,-547974.0,0.125,6.23
276357.0,47.0,-547950.0,-0.017,6.23
276362.0,72.0,-548062.0,0.05,6.96
276367.0,-263.0,-548111.0,0.075,6.23
276373.0,381.0,-547957.0,0.033,6.72
276378.0,-61.0,-548129.0,0.042,6.96
276383.0,268.0,-547732.0,0.108,6.23
276388.0,294.0,-547693.0,0.083,6.48
276395.0,-264.0,-547959.0,0.042,6.96
276399.0,-69.0,-547786.0,0.0,6.48
276404.0,347.0,-547551.0,-0.017,6.48
276410.0,-337.0,-547491.0,0.05,8.43
276415.0,-116.0,-547682.0,0.108,6.48
276420.0,274.0,-547347.0,0.017,6.23
276425.0,-228.0,-547463.0,0.017,6.48
276431.0,-25.0,-547445.0,0.025,6.48
276435.0,340.0,-547322.0,-0.025,6.48
276442.0,290.0,-547436.0,0.067,6.48
276447.0,232.0,-547194.0,0.008,5.99
276452.0,321.0,-547253.0,-0.008,6.96
276457.0,457.0,-547318.0,0.117,6.48
276463.0,-59.0,-547298.0,-0.008,6.48
276467.0,-74.0,-547049.0,0.017,6.72
276473.0,-68.0,-547296.0,0.033,6.48
276478.0,-138.0,-547140.0,0.075,6.48
276484.0,39.0,-547171.0,0.042,6.23
276489.0,119.0,-546996.0,0.017,6.48
276494.0,-237.0,-546602.0,0.042,6.23
276499.0,-280.0,-546505.0,0.067,6.48
276504.0,174.0,-546638.0,0.067,6.23
276510.0,-96.0,-546630.0,0.025,6.48
276515.0,5.0,-546777.0,0.042,6.96
276520.0,-69.0,-546546.0,0.025,6.23
276526.0,-193.0,-546760.0,0.017,6.96
276531.0,92.0,-546631.0,0.0,6.72
276536.0,40.0,-546664.0,0.05,6.48
276541.0,142.0,-546118.0,0.083,6.48
276546.0,185.0,-546279.0,0.075,6.48
276551.0,-31.0,-546354.0,0.1,6.23
276557.0,85.0,-546610.0,0.008,6.48
276561.0,-90.0,-546591.0,-0.033,6.96
276568.0,160.0,-545958.0,0.075,6.48
276573.0,254.0,-546198.0,0.142,6.23
276578.0,177.0,-546527.0,0.025,6.48
276583.0,560.0,-545990.0,-0.058,6.96
276588.0,-208.0,-545754.0,-0.083,6.23
276593.0,-217.0,-545839.0,0.033,6.23
276598.0,-129.0,-545584.0,-0.017,6.48
276604.0,277.0,-546006.0,0.0,6.72
276609.0,-12.0,-545535.0,0.108,5.99
276614.0,-190.0,-545708.0,0.008,6.23
276620.0,270.0,-545752.0,0.067,6.48
276625.0,501.0,-545755.0,-0.017,6.23
276629.0,-184.0,-545504.0,0.058,6.23
276635.0,-24.0,-545340.0,0.008,6.48
276640.0,17.0,-545471.0,-0.1,6.96
276645.0,75.0,-545511.0,-0.008,6.96
276652.0,-81.0,-545233.0,0.025,6.48
276656.0,-90.0,-545514.0,0.092,6.72
276661.0,-107.0,-545199.0,-0.017,6.48
276666.0,-153.0,-545123.0,0.008,6.23
276671.0,206.0,-545210.0,0.033,6.72
276676.0,42.0,-545153.0,-0.008,6.96
276682.0,-386.0,-545051.0,0.042,6.23
276687.0,-57.0,-545220.0,0.117,6.48
276692.0,13.0,-545145.0,0.117,6.48
276698.0,11.0,-545087.0,0.0,6.48
276703.0,86.0,-544742.0,0.017,6.72
276708.0,224.0,-544711.0,0.017,6.48
276714.0,202.0,-544845.0,0.083,6.96
276718.0,123.0,-544746.0,0.042,6.72
276723.0,86.0,-544807.0,0.0,6.96
276728.0,103.0,-544484.0,0.167,6.48
276732.0,506.0,-544583.0,0.0,6.72
276739.0,52.0,-544157.0,-0.008,6.23
276743.0,83.0,-544136.0,0.033,6.96
276749.0,157.0,-544574.0,0.033,6.48
276755.0,-347.0,-544062.0,-0.033,6.48
276760.0,-41.0,-544230.0,0.0,7.21
276765.0,148.0,-544351.0,0.033,7.21
276770.0,256.0,-544133.0,0.05,7.21
276776.0,-316.0,-544137.0,0.033,6.48
276783.0,266.0,-544103.0,0.025,6.48
276787.0,53.0,-543994.0,0.033,6.48
276793.0,113.0,-543826.0,0.075,6.48
276798.0,-305.0,-543946.0,-0.042,6.23
276804.0,163.0,-544010.0,0.008,6.48
276809.0,-128.0,-543815.0,-0.008,6.96
276814.0,90.0,-544099.0,0.075,6.72
276820.0,168.0,-543497.0,0.025,6.72
276826.0,-4.0,-543243.0,0.025,6.96
276831.0,149.0,-543448.0,-0.033,6.23
276837.0,373.0,-543526.0,0.05,6.23
276842.0,349.0,-543646.0,0.017,6.48
276848.0,-177.0,-543356.0,0.033,6.72
276852.0,80.0,-543655.0,0.0,6.48
276858.0,330.0,-543307.0,0.05,6.48
276865.0,156.0,-542949.0,0.017,6.23
276870.0,-30.0,-543443.0,0.0,6.23
276875.0,45.0,-543186.0,0.042,6.23
276880.0,-25.0,-543272.0,-0.075,6.96
276886.0,125.0,-543146.0,0.0,6.48
276891.0,515.0,-543289.0,0.042,6.48
276896.0,380.0,-543006.0,0.058,6.23
276901.0,130.0,-542912.0,-0.008,6.23
276907.0,376.0,-542847.0,0.025,6.96
276912.0,215.0,-543120.0,0.1,6.48
276918.0,329.0,-543238.0,-0.058,6.48
276923.0,203.0,-542942.0,0.033,5.99
276928.0,162.0,-542825.0,0.133,6.23
276933.0,82.0,-542803.0,0.083,6.72
276939.0,282.0,-542571.0,0.033,6.23
276945.0,-92.0,-542577.0,0.05,6.23
276950.0,-205.0,-542336.0,0.0,6.96
276956.0,63.0,-542346.0,0.025,6.23
276961.0,-47.0,-542336.0,-0.017,6.23
276966.0,145.0,-542275.0,0.0,6.48
276971.0,254.0,-542672.0,0.0,6.23
276977.0,-272.0,-542346.0,0.042,6.48
276982.0,8.0,-542003.0,0.0,6.48
276986.0,61.0,-542030.0,0.042,6.48
276993.0,133.0,-542248.0,0.075,6.48
276998.0,-359.0,-542157.0,0.067,6.48
277003.0,-62.0,-542468.0,0.008,6.48
277008.0,-14.0,-542166.0,-0.017,6.96
277013.0,-376.0,-542065.0,0.067,6.23
277018.0,-537.0,-542438.0,0.075,6.48
277024.0,327.0,-541726.0,0.067,6.23
277029.0,123.0,-541708.0,0.075,6.48
277035.0,87.0,-541715.0,-0.083,6.96
277040.0,98.0,-541716.0,0.025,6.72
277046.0,-266.0,-541874.0,0.042,6.72
277051.0,-76.0,-541335.0,0.008,6.48
277055.0,-163.0,-541752.0,0.025,6.23
277061.0,-151.0,-541402.0,0.008,6.48
277066.0,363.0,-541597.0,0.092,6.96
277071.0,92.0,-541542.0,0.092,6.96
277076.0,70.0,-541044.0,0.025,6.23
277083.0,110.0,-541259.0,0.075,6.23
277087.0,85.0,-541148.0,-0.008,6.23
277093.0,55.0,-541164.0,-0.033,6.23
277098.0,321.0,-541171.0,-0.092,6.48
277103.0,324.0,-541202.0,-0.025,6.23
277108.0,-106.0,-540986.0,-0.017,6.48
277113.0,112.0,-540711.0,0.025,6.23
277118.0,-69.0,-541030.0,0.008,6.96
277125.0,-351.0,-540848.0,-0.008,6.48
277130.0,-17.0,-540960.0,0.017,6.48
277135.0,229.0,-540885.0,0.067,6.48
277140.0,210.0,-540760.0,0.008,6.23
277146.0,-112.0,-540642.0,-0.05,6.23
277151.0,354.0,-540463.0,-0.042,6.48
277155.0,271.0,-540470.0,-0.025,6.72
277161.0,67.0,-540306.0,0.025,6.96
277167.0,-87.0,-540555.0,-0.017,6.48
277172.0,222.0,-540268.0,0.142,6.72
277177.0,-22.0,-540166.0,0.092,7.21
277182.0,10.0,-540211.0,0.0,6.48
277187.0,221.0,-540534.0,0.017,6.48
277193.0,103.0,-540168.0,0.033,6.23
277198.0,-9.0,-540095.0,0.067,6.72
277202.0,128.0,-540260.0,-0.075,6.96
277209.0,186.0,-540222.0,0.1,6.23
277214.0,140.0,-539975.0,0.092,6.48
277219.0,225.0,-540166.0,-0.017,6.23
277224.0,105.0,-540334.0,0.067,7.21
277230.0,-547.0,-540181.0,0.05,6.72
277234.0,-250.0,-539910.0,0.025,6.23
277240.0,90.0,-539922.0,0.033,6.48
277245.0,-2.0,-539796.0,0.042,6.23
277251.0,-30.0,-540063.0,-0.083,6.96
277257.0,-179.0,-539381.0,0.025,6.48
277262.0,-91.0,-539539.0,0.05,6.48
277267.0,123.0,-539438.0,-0.042,6.72
277272.0,290.0,-539325.0,0.042,6.96
277278.0,-84.0,-539353.0,0.067,5.99
277283.0,256.0,-539486.0,-0.008,6.48
277287.0,233.0,-539575.0,0.008,4.28
277294.0,-5.0,-539105.0,0.033,6.48
277299.0,-229.0,-539198.0,-0.058,6.48
277304.0,32.0,-539119.0,0.042,6.96
277309.0,-71.0,-539119.0,0.058,6.23
277314.0,275.0,-539090.0,0.0,6.23
277318.0,144.0,-539057.0,0.092,6.72
277324.0,-214.0,-539109.0,0.058,6.48
277329.0,-76.0,-539054.0,0.117,6.96
277335.0,-57.0,-538745.0,-0.05,6.72
277340.0,241.0,-538745.0,0.067,6.23
277346.0,-109.0,-538998.0,0.033,6.23
277350.0,136.0,-538871.0,0.033,6.23
277356.0,288.0,-538829.0,-0.017,6.48
277361.0,-192.0,-538818.0,0.067,6.48
277366.0,-199.0,-538477.0,-0.008,6.48
277371.0,-68.0,-538701.0,0.017,6.72
277377.0,-62.0,-538660.0,-0.033,6.96
277382.0,45.0,-538495.0,0.0,6.48
277387.0,17.0,-538890.0,0.117,6.48
277392.0,137.0,-538707.0,-0.008,6.23
277397.0,-230.0,-538219.0,0.017,6.23
277403.0,-114.0,-538449.0,0.058,6.96
277408.0,-228.0,-538728.0,0.05,6.48
277412.0,5.0,-538015.0,0.167,6.48
277419.0,33.0,-538135.0,-0.042,6.48
277424.0,199.0,-538170.0,0.058,6.48
277429.0,266.0,-537853.0,0.075,6.23
277434.0,44.0,-538433.0,0.067,6.72
277439.0,218.0,-538372.0,0.042,6.48
277444.0,537.0,-538241.0,0.033,6.48
277450.0,195.0,-537999.0,0.05,6.48
277455.0,189.0,-537718.0,0.025,6.72
277459.0,-88.0,-537615.0,0.008,6.23
277465.0,383.0,-537604.0,-0.017,8.43
277470.0,-303.0,-537427.0,0.075,6.96
277475.0,-60.0,-537843.0,0.042,6.23
277480.0,-118.0,-537660.0,0.042,6.23
277486.0,464.0,-537423.0,0.033,6.23
277491.0,215.0,-537419.0,0.042,6.96
277496.0,-5.0,-537565.0,0.033,6.48
277501.0,45.0,-537372.0,0.042,6.72
277507.0,40.0,-537231.0,-0.067,6.96
277513.0,12.0,-537303.0,0.033,6.72
277518.0,440.0,-537428.0,-0.017,6.48
277522.0,511.0,-537405.0,0.008,6.48
277528.0,-207.0,-537383.0,0.033,6.48
277533.0,139.0,-537358.0,-0.033,6.48
277538.0,176.0,-537365.0,0.075,6.48
277543.0,123.0,-537296.0,0.042,6.72
277549.0,-137.0,-537267.0,0.075,6.48
277554.0,62.0,-537017.0,-0.017,6.72
277559.0,-52.0,-536642.0,-0.158,6.23
277564.0,-162.0,-537189.0,0.217,6.72
277569.0,-229.0,-538159.0,0.592,6.72
277575.0,405.0,-558123.0,11.375,6.48
277580.0,1153.0,-591298.0,10.158,7.7
277584.0,1334.0,-686875.0,3.85,9.16
277590.0,6.0,-754498.0,19.667,10.87
277595.0,1151.0,-907121.0,11.008,12.1
277599.0,-786.0,-997992.0,16.983,13.56
277603.0,723.0,-1087591.0,13.925,14.54
277607.0,514.0,-1237940.0,8.65,15.03
277612.0,288.0,-1316131.0,16.5,16.25
277616.0,873.0,-1470900.0,12.417,17.23
277620.0,20.0,-1543089.0,11.483,18.7
277624.0,465.0,-1617200.0,14.65,20.16
277628.0,396.0,-1764863.0,11.733,23.34
277633.0,351.0,-1838506.0,12.083,25.78
277637.0,352.0,-1913499.0,13.033,28.47
277641.0,183.0,-1984320.0,11.158,33.6
277644.0,-338.0,-2122075.0,11.85,37.27
277648.0,-197.0,-2189924.0,10.7,41.18
277652.0,38.0,-2257415.0,10.933,45.82
277656.0,-113.0,-2395394.0,11.467,47.04
277660.0,-140.0,-2461703.0,9.842,46.31
277664.0,-297.0,-2525388.0,9.9,43.87
277669.0,156.0,-2653026.0,8.817,40.69
277673.0,29.0,-2716109.0,9.075,38.73
277679.0,12.0,-2840633.0,8.217,37.27
277684.0,-159.0,-2900030.0,8.208,37.27
277688.0,-68.0,-3015385.0,8.158,38.0
277693.0,376.0,-3072684.0,7.908,36.78
277699.0,464.0,-3186991.0,7.1,35.8
277704.0,597.0,-3293923.0,6.65,33.6
277708.0,-18.0,-3346202.0,6.4,33.36
277713.0,-223.0,-3449720.0,6.883,30.67
277718.0,-364.0,-3501319.0,6.525,29.94
277722.0,-263.0,-3551914.0,5.942,28.96
277726.0,-44.0,-3647993.0,5.675,28.47
277731.0,-140.0,-3694974.0,5.958,28.96
277735.0,241.0,-3787751.0,6.142,27.0
277739.0,414.0,-3833258.0,5.608,26.27
277743.0,279.0,-3876945.0,5.058,26.03
277748.0,146.0,-3960863.0,4.683,25.05
277752.0,145.0,-4002344.0,5.167,24.07
277756.0,38.0,-4043139.0,5.15,23.58
277762.0,330.0,-4123944.0,4.358,22.36
277766.0,263.0,-4161951.0,3.983,21.87
277770.0,-276.0,-4237062.0,4.383,21.38
277774.0,-161.0,-4273581.0,4.492,20.89
277777.0,40.0,-4310316.0,4.292,20.65
277783.0,-170.0,-4382476.0,3.417,19.92
277787.0,229.0,-4416723.0,3.317,19.18
277791.0,294.0,-4483882.0,4.358,18.94
277795.0,221.0,-4516925.0,3.758,18.45
277800.0,-70.0,-4549742.0,2.842,18.7
277806.0,-24.0,-4612639.0,2.675,19.18
277811.0,-119.0,-4673311.0,3.583,16.98
277815.0,148.0,-4703100.0,3.683,16.98
277819.0,171.0,-4733163.0,2.65,16.5
277824.0,-41.0,-4791132.0,2.267,16.01
277829.0,-60.0,-4846814.0,3.05,16.25
277834.0,225.0,-4874175.0,3.258,15.27
277838.0,338.0,-4927914.0,2.392,15.27
277842.0,23.0,-4953953.0,1.317,14.78
277848.0,-128.0,-4979696.0,2.35,15.03
277852.0,-79.0,-5029173.0,2.7,14.3
277856.0,154.0,-5053904.0,2.525,14.05
277862.0,-206.0,-5101911.0,0.725,13.56
277865.0,-251.0,-5124584.0,1.458,13.32
277869.0,42.0,-5169883.0,2.208,13.81
277875.0,190.0,-5192700.0,2.867,13.56
277878.0,-175.0,-5235749.0,1.375,13.56
277882.0,-224.0,-5254260.0,1.3,12.83
277886.0,49.0,-5270831.0,3.108,12.59
277892.0,104.0,-5298031.0,2.433,12.34
277896.0,19.0,-5307898.0,1.9,12.34
277902.0,246.0,-5322310.0,1.275,12.1
277906.0,83.0,-5325983.0,1.008,11.36
277912.0,49.0,-5329150.0,1.067,11.61
277917.0,386.0,-5329526.0,0.2,10.87
277922.0,155.0,-5328811.0,1.867,10.63
277925.0,14.0,-5325700.0,0.692,9.65
277932.0,-206.0,-5323789.0,0.008,8.19
277937.0,-102.0,-5319409.0,0.533,8.92
277942.0,-241.0,-5314351.0,0.175,9.16
277947.0,80.0,-5311572.0,0.858,8.43
277952.0,260.0,-5306711.0,0.342,7.94
277958.0,301.0,-5300629.0,0.158,6.48
277962.0,432.0,-5297652.0,0.9,6.96
277967.0,70.0,-5294589.0,0.558,7.21
277974.0,-37.0,-5286875.0,0.242,6.72
277978.0,374.0,-5283550.0,0.483,6.23
277984.0,18.0,-5277886.0,0.5,6.96
277989.0,-273.0,-5273064.0,0.575,6.23
277994.0,-420.0,-5270511.0,0.483,6.48
277999.0,-64.0,-5268388.0,0.35,6.96
278004.0,-69.0,-5262068.0,0.283,6.72
278009.0,42.0,-5260321.0,0.392,6.96
278016.0,-8.0,-5255925.0,0.5,7.21
278021.0,117.0,-5252505.0,0.317,6.96
278025.0,24.0,-5250456.0,0.283,6.96
278031.0,-270.0,-5246384.0,0.408,6.48
278037.0,76.0,-5243912.0,0.392,6.48
278041.0,179.0,-5242103.0,0.267,7.21
278046.0,-31.0,-5238132.0,0.417,6.96
278052.0,241.0,-5235104.0,0.292,7.21
278057.0,244.0,-5231900.0,0.308,6.96
278063.0,-67.0,-5230453.0,0.342,7.7
278069.0,277.0,-5227435.0,0.333,7.21
278074.0,163.0,-5224317.0,0.333,7.21
278079.0,-60.0,-5222708.0,0.242,6.96
278084.0,18.0,-5220161.0,0.333,7.7
278090.0,374.0,-5217699.0,0.333,7.21
278095.0,181.0,-5214697.0,0.258,7.45
278100.0,-116.0,-5213594.0,0.2,7.45
278106.0,134.0,-5211414.0,0.325,6.72
278112.0,10.0,-5208020.0,-0.15,6.96
278117.0,-3.0,-5205867.0,-0.133,6.96
278122.0,97.0,-5193016.0,-0.1,6.48
278127.0,21.0,-5168852.0,-0.733,6.48
278133.0,-182.0,-5137078.0,-1.808,6.23
278137.0,-163.0,-5117475.0,-0.583,6.23
278144.0,51.0,-5072121.0,-0.542,5.5
278150.0,61.0,-5021635.0,-0.917,5.99
278154.0,-100.0,-4995500.0,-1.267,5.01
278160.0,-194.0,-4940883.0,-0.883,5.01
278165.0,60.0,-4883373.0,-1.433,4.52
278170.0,-135.0,-4853842.0,-0.65,4.03
278175.0,72.0,-4791577.0,-0.958,4.28
278180.0,128.0,-4728707.0,-1.792,3.79
278185.0,313.0,-4695308.0,-1.083,3.3
278191.0,555.0,-4627799.0,-1.592,3.05
278197.0,-293.0,-4557599.0,-1.742,3.05
278202.0,97.0,-4485821.0,-1.925,2.32
278207.0,-126.0,-4448506.0,-1.617,2.57
278212.0,-310.0,-4372567.0,-1.583,2.08
278218.0,98.0,-4294227.0,-2.292,1.83
278223.0,-77.0,-4254802.0,-2.242,1.34
278228.0,-236.0,-4173061.0,-1.817,1.1
278234.0,-16.0,-4089173.0,-2.108,1.1
278239.0,201.0,-4046340.0,-3.192,0.61
278244.0,-267.0,-3958603.0,-2.7,0.37
278250.0,341.0,-3866765.0,-2.667,0.86
278255.0,267.0,-3772283.0,-2.825,0.37
278260.0,28.0,-3724318.0,-4.392,-0.37
278265.0,-86.0,-3625403.0,-2.95,-0.86
278272.0,-252.0,-3523631.0,-3.867,-0.86
278277.0,33.0,-3471876.0,-4.183,-1.59
278281.0,32.0,-3366963.0,-5.2,-2.08
278287.0,50.0,-3256925.0,-4.125,-2.32
278292.0,-13.0,-3200986.0,-5.058,-3.3
278297.0,-79.0,-3087757.0,-5.058,-3.05
278303.0,409.0,-2971889.0,-6.833,-4.52
278307.0,152.0,-2911070.0,-5.483,-4.77
278312.0,37.0,-2788965.0,-6.975,-5.99
278319.0,153.0,-2665853.0,-7.05,-5.99
278323.0,242.0,-2603590.0,-8.475,-7.7
278328.0,13.0,-2475217.0,-7.65,-8.68
278334.0,297.0,-2347317.0,-8.992,-9.65
278339.0,-206.0,-2284564.0,-9.133,-10.63
278342.0,-159.0,-2156259.0,-10.167,-11.36
278346.0,110.0,-2089490.0,-10.683,-12.83
278350.0,347.0,-2023013.0,-10.525,-13.56
278354.0,358.0,-1957632.0,-11.883,-14.3
278359.0,-337.0,-1829979.0,-11.883,-15.76
278363.0,92.0,-1765128.0,-13.1,-16.25
278367.0,33.0,-1698487.0,-15.092,-17.47
278371.0,-290.0,-1568130.0,-13.658,-18.94
278375.0,19.0,-1507161.0,-14.875,-19.92
278379.0,76.0,-1449372.0,-14.883,-21.38
278383.0,127.0,-1392177.0,-15.192,-21.38
278387.0,182.0,-1263456.0,-17.358,-23.09
278391.0,-191.0,-1198271.0,-16.867,-25.05
278395.0,-442.0,-1139882.0,-15.408,-26.27
278400.0,315.0,-1034785.0,-16.7,-27.49
278404.0,-78.0,-980838.0,-17.283,-28.71
278409.0,-546.0,-857574.0,-19.25,-30.67
278413.0,-703.0,-798035.0,-17.858,-32.38
278417.0,-14.0,-748506.0,-17.642,-33.6
278422.0,-79.0,-666653.0,-6.642,-35.56
278428.0,-87.0,-575203.0,-15.658,-36.78
278432.0,-738.0,-530690.0,-7.175,-37.27
278437.0,199.0,-489815.0,-5.325,-38.0
278444.0,297.0,-409187.0,-5.658,-38.49
278449.0,156.0,-388284.0,2.208,-37.51
278454.0,516.0,-372936.0,-3.233,-33.85
278460.0,-648.0,-352580.0,-5.233,-29.94
278465.0,254.0,-335568.0,3.05,-25.54
278470.0,331.0,-328117.0,-3.892,-22.61
278475.0,-82.0,-315758.0,-0.392,-19.18
278481.0,286.0,-308488.0,0.433,-15.03
278486.0,471.0,-305781.0,-1.775,-12.34
278492.0,77.0,-302783.0,0.3,-8.19
278497.0,185.0,-300989.0,-0.992,-4.52
278503.0,-241.0,-301469.0,0.342,-2.08
278508.0,124.0,-302310.0,0.108,0.12
278513.0,337.0,-304612.0,-0.058,1.59
278519.0,189.0,-307478.0,-0.558,2.08
278524.0,39.0,-309155.0,0.033,3.54
278529.0,222.0,-312868.0,0.1,4.28
278535.0,2.0,-316300.0,-0.108,5.99
278540.0,-84.0,-318477.0,-0.092,6.23
278545.0,497.0,-321956.0,-0.217,7.45
278550.0,61.0,-325796.0,-0.183,9.16
278555.0,-103.0,-327509.0,-0.117,9.41
278560.0,-78.0,-330712.0,0.108,9.65
278566.0,-56.0,-333894.0,-0.2,10.14
278572.0,230.0,-336746.0,-0.017,9.65
278577.0,-299.0,-337963.0,0.083,9.16
278583.0,399.0,-340799.0,0.2,8.92
278588.0,85.0,-343177.0,-0.125,8.43
278594.0,-113.0,-345759.0,-0.125,7.94
278598.0,40.0,-347040.0,0.058,8.43
278604.0,296.0,-349174.0,-0.083,7.21
278610.0,244.0,-351634.0,-0.075,7.21
278616.0,-218.0,-353962.0,-0.192,7.7
278621.0,29.0,-354843.0,-0.092,7.21
278626.0,468.0,-356897.0,0.067,7.45
278632.0,-272.0,-358873.0,0.017,6.96
278637.0,308.0,-359742.0,-0.042,6.48
278641.0,155.0,-361489.0,0.05,6.96
278647.0,-31.0,-362579.0,0.05,6.72
278652.0,19.0,-363542.0,0.05,6.96
278658.0,174.0,-365047.0,-0.067,6.48
278663.0,148.0,-366737.0,-0.258,6.48
278668.0,204.0,-368100.0,0.533,6.48
278673.0,155.0,-378347.0,8.075,7.45
278679.0,375.0,-435733.0,13.85,7.7
278684.0,469.0,-541005.0,9.675,9.9
278689.0,-226.0,-598420.0,14.333,11.61
278693.0,-143.0,-668469.0,15.058,13.07
278699.0,266.0,-828282.0,18.242,14.05
278704.0,584.0,-992754.0,9.575,14.78
278710.0,-240.0,-1146880.0,16.775,16.01
278714.0,971.0,-1226281.0,15.025,17.47
278718.0,900.0,-1301260.0,11.842,18.7
278722.0,27.0,-1450773.0,14.2,20.65
278727.0,194.0,-1525298.0,12.008,24.32
278731.0,123.0,-1599069.0,12.2,27.0
278735.0,48.0,-1749626.0,13.775,30.67
278739.0,289.0,-1822949.0,12.383,34.34
278743.0,-118.0,-1892598.0,11.883,38.73
278747.0,-251.0,-2031671.0,12.083,43.87
278751.0,190.0,-2101210.0,10.933,47.78
278755.0,221.0,-2172365.0,11.4,49.49
278759.0,-70.0,-2243854.0,10.967,48.26
278763.0,53.0,-2377591.0,10.125,46.55
278767.0,-152.0,-2442794.0,10.275,43.38
278771.0,59.0,-2508229.0,9.683,40.93
278776.0,206.0,-2637490.0,9.617,39.96
278780.0,-65.0,-2700005.0,9.217,39.71
278786.0,-12.0,-2819253.0,8.158,39.22
278792.0,248.0,-2936605.0,8.333,38.73
278796.0,367.0,-2995738.0,8.675,38.49
278799.0,314.0,-3054057.0,8.05,36.78
278803.0,-77.0,-3109624.0,7.408,35.31
278808.0,140.0,-3216627.0,6.817,33.6
278813.0,75.0,-3321441.0,7.492,32.14
278819.0,129.0,-3426145.0,6.475,31.16
278823.0,-112.0,-3476458.0,6.333,30.91
278828.0,-59.0,-3525865.0,5.6,29.69
278833.0,-210.0,-3622097.0,6.158,29.2
278837.0,441.0,-3669908.0,6.192,27.98
278841.0,64.0,-3717255.0,5.117,27.0
278846.0,137.0,-3806458.0,4.458,26.03
278851.0,389.0,-3894042.0,4.883,22.61
278855.0,-188.0,-3937157.0,5.042,24.07
278859.0,97.0,-3980386.0,4.325,23.34
278864.0,-478.0,-4062633.0,3.717,23.34
278868.0,-131.0,-4102954.0,3.7,21.87
278874.0,-78.0,-4182174.0,4.0,21.14
278880.0,-78.0,-4260220.0,3.308,20.41
278885.0,88.0,-4334538.0,2.725,19.92
278891.0,-228.0,-4370241.0,3.558,19.18
278894.0,137.0,-4441766.0,3.617,18.94
278898.0,150.0,-4476513.0,3.867,17.96
278902.0,143.0,-4510932.0,3.642,17.72
278906.0,-176.0,-4544459.0,1.642,17.23
278910.0,-197.0,-4608386.0,3.475,16.74
278915.0,406.0,-4640017.0,2.933,16.25
278919.0,53.0,-4671726.0,2.742,16.01
278924.0,70.0,-4702729.0,1.625,15.52
278929.0,-438.0,-4792481.0,5.892,15.03
278933.0,41.0,-4821036.0,1.075,15.52
278939.0,-211.0,-4877632.0,2.95,14.54
278945.0,-173.0,-4931738.0,1.733,14.78
278948.0,-474.0,-4958335.0,2.617,14.05
278952.0,321.0,-4984018.0,2.358,14.3
278957.0,-26.0,-5009345.0,2.792,13.81
278962.0,234.0,-5059328.0,0.942,13.32
278968.0,145.0,-5107056.0,2.025,13.07
278973.0,367.0,-5153266.0,2.592,12.59
278977.0,114.0,-5176325.0,1.917,12.59
278981.0,-301.0,-5198042.0,0.758,12.34
278985.0,64.0,-5234241.0,0.708,12.83
278990.0,74.0,-5249726.0,1.775,11.85
278995.0,165.0,-5273153.0,0.817,11.61
279000.0,-310.0,-5281910.0,0.325,11.36
279004.0,327.0,-5288465.0,-0.075,11.85
279008.0,112.0,-5295274.0,0.092,10.87
279013.0,-24.0,-5296469.0,0.217,10.63
279018.0,89.0,-5296856.0,0.775,9.9
279023.0,43.0,-5295256.0,-0.4,9.65
279028.0,-239.0,-5294007.0,0.817,7.7
279034.0,39.0,-5290110.0,-0.083,8.92
279040.0,66.0,-5284684.0,-0.3,8.43
279045.0,190.0,-5279504.0,0.742,7.94
279051.0,476.0,-5276807.0,0.192,7.94
279055.0,29.0,-5271756.0,0.033,7.94
279061.0,-115.0,-5265936.0,0.133,7.21
279066.0,439.0,-5262945.0,0.258,7.21
279071.0,175.0,-5257344.0,0.442,6.23
279077.0,206.0,-5251908.0,0.192,6.23
279083.0,290.0,-5246820.0,0.133,6.48
279088.0,194.0,-5244099.0,0.25,6.96
279093.0,-295.0,-5239816.0,0.483,6.23
279098.0,-218.0,-5237859.0,0.3,6.72
279103.0,202.0,-5233476.0,0.092,6.48
279108.0,241.0,-5229082.0,0.042,5.25
279114.0,-91.0,-5225412.0,0.35,6.48
279119.0,307.0,-5223691.0,0.167,6.72
279124.0,357.0,-5220102.0,0.092,6.48
279130.0,290.0,-5216272.0,0.217,6.48
279136.0,-62.0,-5214783.0,0.183,6.48
279141.0,22.0,-5211248.0,0.358,6.96
279146.0,175.0,-5207916.0,0.258,6.96
279151.0,-42.0,-5206419.0,0.183,6.72
279156.0,-68.0,-5203406.0,0.242,6.96
279161.0,89.0,-5200214.0,0.308,6.96
279166.0,65.0,-5198505.0,0.292,6.48
279172.0,15.0,-5195504.0,0.125,6.96
279178.0,-216.0,-5192732.0,0.117,7.21
279182.0,111.0,-5191253.0,0.233,6.96
279188.0,193.0,-5188444.0,0.325,6.72
279193.0,106.0,-5186366.0,0.183,6.96
279198.0,-192.0,-5184895.0,0.183,6.72
279203.0,352.0,-5182446.0,0.208,6.48
279208.0,115.0,-5179944.0,0.267,7.21
279214.0,-218.0,-5178431.0,-1.167,6.48
279219.0,-144.0,-5171430.0,0.367,7.21
279224.0,79.0,-5151556.0,0.967,6.48
279229.0,60.0,-5139085.0,-2.058,6.48
279234.0,36.0,-5106536.0,-0.725,6.48
279239.0,269.0,-5063930.0,1.267,5.74
279245.0,61.0,-5040295.0,-2.383,5.5
279250.0,-145.0,-4990096.0,-0.767,5.99
279256.0,300.0,-4935830.0,-0.592,5.01
279261.0,-75.0,-4907541.0,-1.15,4.52
279266.0,385.0,-4849010.0,-1.375,4.52
279271.0,42.0,-4788368.0,-0.55,4.03
279276.0,-78.0,-4756751.0,-1.592,3.79
279281.0,-130.0,-4692148.0,-1.517,3.54
279287.0,149.0,-4624320.0,-1.442,3.3
279291.0,-10.0,-4590021.0,-1.217,2.81
279298.0,200.0,-4519142.0,-1.767,3.3
279303.0,537.0,-4445982.0,-2.133,3.05
279308.0,306.0,-4408275.0,-1.558,2.32
279313.0,58.0,-4331322.0,-1.642,2.08
279318.0,-231.0,-4251742.0,-2.408,2.08
279323.0,137.0,-4211689.0,-2.042,1.34
279328.0,11.0,-4128776.0,-1.742,1.34
279333.0,-8.0,-4043296.0,-2.3,0.86
279339.0,17.0,-3999543.0,-3.367,0.86
279344.0,155.0,-3955584.0,-2.458,0.37
279349.0,-96.0,-3817780.0,-2.6,0.12
279355.0,-134.0,-3770299.0,-2.55,-0.12
279360.0,222.0,-3672690.0,-4.267,-0.61
279365.0,43.0,-3571568.0,-3.017,-0.86
279370.0,112.0,-3519835.0,-3.617,-0.61
279375.0,-116.0,-3414960.0,-3.825,-3.54
279380.0,-201.0,-3308438.0,-5.008,0.37
279386.0,248.0,-3252713.0,-4.292,-2.57
279392.0,-188.0,-3138569.0,-4.967,-3.05
279397.0,-255.0,-3022433.0,-4.975,-3.3
279402.0,-16.0,-2965198.0,-6.733,-4.28
279407.0,-64.0,-2843077.0,-5.492,-4.77
279412.0,-117.0,-2718825.0,-6.967,-5.74
279417.0,-64.0,-2656294.0,-6.992,-6.48
279422.0,28.0,-2529285.0,-8.1,-6.96
279428.0,-43.0,-2398431.0,-7.983,-7.94
279433.0,216.0,-2333752.0,-8.583,-9.16
279438.0,34.0,-2205992.0,-9.125,-10.39
279444.0,-227.0,-2075126.0,-11.017,-11.85
279448.0,-102.0,-2007529.0,-10.758,-12.59
279452.0,-93.0,-1940670.0,-10.808,-13.56
279456.0,-158.0,-1809789.0,-11.708,-14.78
279459.0,-77.0,-1745746.0,-12.517,-15.76
279463.0,-126.0,-1680691.0,-14.525,-16.25
279468.0,-407.0,-1613168.0,-14.575,-18.21
279472.0,-90.0,-1481935.0,-14.642,-19.92
279476.0,-177.0,-1419536.0,-15.917,-19.67
279480.0,-190.0,-1360553.0,-14.692,-20.89
279484.0,81.0,-1242208.0,-15.867,-23.09
279488.0,-272.0,-1178633.0,-16.825,-24.32
279492.0,-351.0,-1114988.0,-16.708,-25.05
279496.0,-394.0,-1002383.0,-15.85,-27.25
279500.0,-433.0,-952476.0,-16.158,-28.47
279504.0,-118.0,-900945.0,-17.417,-29.69
279508.0,-181.0,-844648.0,-17.808,-31.4
279513.0,-16.0,-729503.0,-17.475,-32.87
279517.0,-145.0,-681556.0,-15.675,-34.09
279521.0,174.0,-636155.0,-18.192,-35.56
279525.0,13.0,-545536.0,-14.325,-36.53
279530.0,-84.0,-503969.0,-5.692,-38.49
279535.0,-300.0,-429996.0,-11.442,-38.98
279539.0,-335.0,-397595.0,-7.025,-39.71
279544.0,485.0,-353006.0,-4.325,-39.22
279550.0,228.0,-330170.0,7.633,-38.25
279555.0,405.0,-318209.0,-3.267,-34.34
279561.0,-909.0,-309926.0,-5.333,-28.71
279566.0,-90.0,-282202.0,2.725,-24.56
279570.0,-21.0,-275977.0,-2.792,-21.14
279576.0,-71.0,-264721.0,-2.208,-17.72
279581.0,490.0,-258199.0,1.083,-13.56
279586.0,49.0,-256300.0,-1.3,-10.39
279591.0,-31.0,-254981.0,-1.183,-7.45
279597.0,-130.0,-254481.0,-0.575,-3.79
279602.0,-145.0,-255014.0,-0.683,-1.59
279608.0,-253.0,-256138.0,-0.292,-0.37
279613.0,-332.0,-258006.0,-0.417,0.86
279617.0,123.0,-258969.0,-0.35,2.32
279623.0,79.0,-262453.0,-0.667,3.54
279628.0,-262.0,-265657.0,0.408,4.52
279633.0,263.0,-267518.0,-0.583,5.99
279639.0,69.0,-270682.0,-0.033,6.48
279645.0,219.0,-274368.0,-0.417,7.45
279650.0,256.0,-276139.0,-0.075,8.68
279655.0,436.0,-279434.0,-0.125,9.41
279660.0,160.0,-282496.0,-0.208,9.9
279666.0,-31.0,-286028.0,-0.008,9.65
279670.0,86.0,-287571.0,-0.267,9.65
279676.0,36.0,-289663.0,-0.083,8.92
279682.0,363.0,-292763.0,0.108,8.68
279687.0,136.0,-293666.0,-0.267,8.19
279692.0,298.0,-296556.0,-0.3,7.7
279697.0,57.0,-298966.0,-0.025,5.74
279702.0,42.0,-300175.0,-0.142,7.21
279708.0,550.0,-302045.0,-0.217,7.45
279713.0,-214.0,-304157.0,-0.217,7.45
279718.0,-301.0,-304920.0,-0.15,7.21
279724.0,83.0,-307211.0,-0.1,6.96
279730.0,-243.0,-308963.0,0.033,7.21
279734.0,-162.0,-310090.0,-0.108,6.48
279739.0,-46.0,-311757.0,-0.075,6.48
279745.0,134.0,-313625.0,0.025,6.48
279750.0,35.0,-314216.0,0.017,6.48
279755.0,197.0,-315719.0,-0.1,7.21
279760.0,-47.0,-317353.0,-0.225,6.96
279766.0,180.0,-318124.0,-0.058,6.48
279771.0,223.0,-320881.0,0.117,6.96
279776.0,5.0,-346567.0,10.383,6.96
279781.0,518.0,-382026.0,11.292,8.92
279786.0,352.0,-483269.0,7.117,10.14
279792.0,398.0,-606219.0,16.217,12.1
279796.0,323.0,-678222.0,14.858,13.07
279801.0,-453.0,-853048.0,15.067,14.78
279805.0,596.0,-929701.0,10.108,16.25
279810.0,-219.0,-1079960.0,13.708,16.01
279814.0,722.0,-1159379.0,16.017,16.98
279818.0,551.0,-1235928.0,12.158,17.96
279822.0,284.0,-1309475.0,13.775,19.92
279826.0,75.0,-1459748.0,13.975,22.36
279830.0,-52.0,-1533439.0,11.967,25.29
279834.0,-263.0,-1607582.0,13.317,28.23
279838.0,282.0,-1756371.0,13.075,32.62
279842.0,17.0,-1826658.0,12.05,37.51
279847.0,-402.0,-1897169.0,12.117,42.89
279852.0,391.0,-2037724.0,11.217,47.53
279855.0,336.0,-2107539.0,11.283,49.73
279859.0,345.0,-2178816.0,11.392,49.98
279863.0,300.0,-2313453.0,10.45,47.53
279867.0,-27.0,-2379660.0,10.475,44.35
279871.0,174.0,-2445461.0,9.858,41.91
279877.0,-16.0,-2575317.0,9.95,40.44
279883.0,316.0,-2700687.0,8.892,39.96
279886.0,-73.0,-2760062.0,8.733,40.2
279892.0,-111.0,-2877644.0,8.475,38.98
279899.0,39.0,-2995938.0,8.358,37.51
279904.0,124.0,-3051727.0,7.475,36.05
279908.0,-223.0,-3159566.0,6.85,34.09
279914.0,-13.0,-3265438.0,7.583,33.36
279919.0,144.0,-3319623.0,6.8,31.65
279924.0,-223.0,-3422742.0,6.208,30.43
279927.0,-296.0,-3472615.0,5.558,29.69
279931.0,23.0,-3521932.0,5.808,29.2
279937.0,-206.0,-3618651.0,5.983,28.23
279941.0,7.0,-3666314.0,5.2,27.74
279946.0,-49.0,-3757763.0,4.233,26.27
279952.0,131.0,-3846883.0,4.967,25.54
279956.0,28.0,-3890650.0,4.908,24.32
279961.0,26.0,-3976922.0,3.975,23.58
279967.0,88.0,-4058994.0,3.483,22.61
279972.0,229.0,-4099433.0,4.192,21.87
279976.0,230.0,-4179434.0,4.375,21.38
279981.0,197.0,-4218897.0,3.317,20.65
279985.0,-136.0,-4257470.0,2.958,20.16
279988.0,-25.0,-4294673.0,2.567,19.92
279993.0,-228.0,-4367434.0,4.083,19.43
279999.0,270.0,-4438870.0,4.175,17.96
280003.0,717.0,-4473519.0,2.742,18.21
280007.0,328.0,-4507408.0,2.117,17.47
280011.0,-355.0,-4572819.0,3.142,16.98
280015.0,-80.0,-4604702.0,3.3,15.27
280020.0,354.0,-4668532.0,4.933,16.25
280025.0,373.0,-4698925.0,-2.533,15.52
280029.0,-102.0,-4728726.0,3.758,15.52
280033.0,417.0,-4787055.0,1.342,15.03
280037.0,-56.0,-4816356.0,3.183,14.78
280042.0,560.0,-4872194.0,0.533,14.3
280046.0,-181.0,-4899519.0,1.733,14.54
280050.0,-276.0,-4926048.0,2.233,14.05
280054.0,255.0,-4977517.0,2.692,14.05
280058.0,318.0,-5003408.0,2.383,13.32
280062.0,463.0,-5028459.0,1.267,13.81
280067.0,258.0,-5052472.0,1.45,13.56
280072.0,45.0,-5099795.0,2.442,12.83
280077.0,233.0,-5145943.0,1.842,12.59
280081.0,172.0,-5168008.0,0.917,12.34
280085.0,235.0,-5187813.0,0.592,12.34
280089.0,58.0,-5220528.0,1.267,12.83
280094.0,207.0,-5233079.0,1.758,11.61
280099.0,64.0,-5243828.0,0.45,11.36
280104.0,136.0,-5264180.0,0.383,11.12
280110.0,281.0,-5266075.0,1.358,11.12
280114.0,126.0,-5267076.0,1.217,10.87
280118.0,71.0,-5267257.0,-0.233,10.14
280123.0,83.0,-5266982.0,-0.3,9.65
280128.0,-236.0,-5264619.0,1.05,9.9
280133.0,-28.0,-5260683.0,0.217,8.92
280139.0,98.0,-5255985.0,0.167,8.92
280144.0,203.0,-5253132.0,0.775,8.19
280150.0,24.0,-5247882.0,0.442,7.7
280156.0,76.0,-5242362.0,0.433,7.7
280161.0,-128.0,-5239443.0,-0.083,7.7
280165.0,111.0,-5233978.0,0.208,6.96
280171.0,477.0,-5228314.0,0.483,6.48
280177.0,41.0,-5222940.0,0.208,6.48
280181.0,-252.0,-5220495.0,0.183,6.72
280187.0,67.0,-5215167.0,0.192,6.23
280193.0,-273.0,-5211153.0,0.442,6.48
280198.0,-49.0,-5209120.0,0.467,6.48
280203.0,6.0,-5205089.0,0.217,5.5
280209.0,198.0,-5200829.0,0.242,7.21
280214.0,0.0,-5199256.0,0.308,6.48
280219.0,227.0,-5195145.0,0.125,6.72
280224.0,415.0,-5191631.0,0.192,6.72
280230.0,69.0,-5188055.0,0.108,6.72
280236.0,-125.0,-5186484.0,0.067,7.21
280241.0,-108.0,-5182817.0,0.342,6.48
280246.0,28.0,-5180049.0,0.275,6.48
280252.0,-82.0,-5178230.0,0.117,6.96
280256.0,29.0,-5175485.0,0.25,6.96
280262.0,189.0,-5172231.0,0.267,6.48
280267.0,-155.0,-5169171.0,0.292,6.72
280273.0,1.0,-5167862.0,0.167,6.72
280278.0,176.0,-5165311.0,0.075,6.96
280284.0,74.0,-5162263.0,0.275,6.48
280289.0,240.0,-5160932.0,0.308,6.48
280294.0,1.0,-5158207.0,0.225,6.72
280299.0,41.0,-5155851.0,0.158,6.96
280305.0,-219.0,-5154840.0,0.158,6.72
280309.0,-362.0,-5152233.0,0.35,6.48
280315.0,-330.0,-5148645.0,-1.375,6.96
280322.0,-186.0,-5135115.0,0.433,6.48
280327.0,-148.0,-5124392.0,-0.467,6.72
280332.0,121.0,-5096033.0,-0.375,6.23
280337.0,41.0,-5057977.0,-1.458,5.74
280342.0,51.0,-5035724.0,-1.633,5.74
280347.0,252.0,-4987331.0,-0.417,5.25
280353.0,220.0,-4933525.0,-0.983,5.01
280358.0,300.0,-4877533.0,-1.083,4.77
280365.0,86.0,-4848012.0,-1.75,5.01
280369.0,1.0,-4788565.0,-0.892,4.77
280375.0,43.0,-4725585.0,-0.242,4.28
280380.0,-227.0,-4692964.0,-1.542,4.28
280385.0,32.0,-4625579.0,-1.192,3.3
280390.0,500.0,-4556995.0,-1.467,3.05
280396.0,116.0,-4485439.0,-1.367,2.57
280401.0,310.0,-4449108.0,-1.933,2.32
280407.0,407.0,-4373329.0,-1.342,2.08
280413.0,1.0,-4295433.0,-1.742,2.08
280418.0,211.0,-4255440.0,-2.35,1.59
280423.0,-26.0,-4175223.0,-2.3,1.34
280428.0,-158.0,-4090481.0,-1.6,1.34
280434.0,6.0,-4004783.0,-2.208,0.86
280439.0,-104.0,-3960480.0,-3.292,0.61
280444.0,-95.0,-3870009.0,-2.508,0.61
280450.0,-509.0,-3776777.0,-2.633,0.12
280455.0,-109.0,-3728250.0,-2.583,-1.59
280460.0,380.0,-3629869.0,-4.358,-0.61
280466.0,348.0,-3527485.0,-2.992,-0.86
280472.0,432.0,-3422797.0,-3.642,-1.1
280477.0,-34.0,-3369790.0,-3.883,-1.59
280482.0,-17.0,-3262527.0,-5.45,-1.34
280487.0,397.0,-3148123.0,-4.192,-2.57
280493.0,-205.0,-3090638.0,-5.383,-3.3
280498.0,-126.0,-2974887.0,-5.233,-2.81
280503.0,339.0,-2856063.0,-6.617,-4.28
280509.0,173.0,-2793342.0,-5.692,-4.52
280513.0,150.0,-2667575.0,-7.025,-5.74
280519.0,1.0,-2540705.0,-7.267,-6.48
280524.0,-31.0,-2476302.0,-8.425,-7.45
280528.0,-90.0,-2344661.0,-8.042,-8.43
280535.0,398.0,-2215009.0,-8.692,-9.65
280540.0,-38.0,-2150618.0,-10.05,-10.14
280544.0,-307.0,-2018957.0,-11.083,-11.85
280548.0,-194.0,-1951574.0,-10.825,-13.07
280552.0,233.0,-1884387.0,-10.958,-14.3
280556.0,130.0,-1752594.0,-12.0,-15.03
280560.0,-27.0,-1688937.0,-12.45,-15.76
280564.0,86.0,-1623696.0,-14.608,-16.25
280568.0,-93.0,-1556239.0,-14.942,-18.7
280572.0,36.0,-1423992.0,-15.033,-19.67
280577.0,-17.0,-1362085.0,-15.867,-20.41
280581.0,-500.0,-1303228.0,-14.65,-21.63
280585.0,403.0,-1185785.0,-16.625,-23.09
280588.0,38.0,-1122370.0,-16.675,-24.07
280592.0,163.0,-1058819.0,-16.842,-25.54
280596.0,-48.0,-1000846.0,-16.5,-27.74
280600.0,71.0,-903321.0,-14.842,-29.2
280605.0,5.0,-854862.0,-18.1,-30.67
280610.0,-380.0,-741951.0,-17.592,-32.14
280614.0,-229.0,-683192.0,-16.825,-33.6
280619.0,132.0,-630869.0,-16.992,-34.58
280623.0,-235.0,-540828.0,-16.375,-36.29
280627.0,-254.0,-500111.0,-9.317,-37.76
280632.0,343.0,-423407.0,-10.192,-38.73
280636.0,8.0,-385036.0,-11.008,-39.71
280641.0,-111.0,-334608.0,3.017,-39.96
280646.0,503.0,-312185.0,-9.667,-40.2
280651.0,-313.0,-293230.0,7.725,-37.27
280657.0,1238.0,-273516.0,-5.183,-33.11
280662.0,199.0,-263443.0,-6.55,-29.69
280667.0,150.0,-247031.0,2.692,-25.78
280672.0,354.0,-234525.0,-2.658,-21.63
280678.0,188.0,-230290.0,-2.533,-18.45
280683.0,396.0,-224461.0,1.358,-15.27
280688.0,281.0,-221765.0,-1.492,-11.61
280693.0,-101.0,-220966.0,-1.65,-7.21
280698.0,119.0,-221865.0,-0.025,-3.79
280705.0,120.0,-223193.0,-0.267,-1.83
280710.0,20.0,-225383.0,-0.775,0.12
280715.0,-56.0,-226414.0,-0.417,1.34
280720.0,-43.0,-229057.0,-0.483,2.32
280725.0,212.0,-230448.0,-0.775,3.54
280730.0,-162.0,-233215.0,0.283,4.03
280735.0,-47.0,-236801.0,-0.517,5.25
280740.0,-115.0,-238460.0,-0.092,6.48
280745.0,-131.0,-241523.0,-0.375,6.96
280751.0,358.0,-245175.0,-0.367,8.43
280757.0,294.0,-246896.0,-0.15,9.16
280762.0,178.0,-249605.0,-0.125,9.9
280767.0,155.0,-252629.0,-0.283,9.9
280772.0,122.0,-254332.0,-0.242,9.65
280777.0,-26.0,-256799.0,-0.125,8.92
280782.0,-17.0,-259377.0,0.0,8.92
280787.0,-21.0,-260692.0,-0.15,8.19
280793.0,-27.0,-263145.0,-0.275,7.21
280798.0,14.0,-265269.0,-0.15,7.21
280803.0,354.0,-266622.0,-0.142,7.7
280808.0,208.0,-268911.0,-0.133,7.21
280813.0,-61.0,-270879.0,-0.4,7.21
280818.0,101.0,-271910.0,-0.142,7.45
280824.0,113.0,-274073.0,-0.108,7.45
280829.0,52.0,-275745.0,-0.117,7.45
280835.0,-248.0,-276872.0,0.008,7.7
280840.0,-4.0,-278033.0,-0.075,6.23
280845.0,-271.0,-279809.0,-0.075,7.45
280850.0,119.0,-280634.0,-0.042,6.23
280855.0,-137.0,-282591.0,0.025,6.48
280861.0,-76.0,-283519.0,0.0,6.48
280865.0,233.0,-284248.0,-0.308,6.48
280870.0,-189.0,-285649.0,-0.125,6.72
280876.0,-124.0,-287027.0,0.0,5.99
280882.0,80.0,-287554.0,-0.075,6.96
280887.0,168.0,-289089.0,-0.167,6.48
280892.0,-141.0,-290461.0,-0.092,6.96
280897.0,163.0,-291176.0,0.025,6.23
280902.0,41.0,-292621.0,-0.05,7.21
280907.0,-40.0,-293289.0,-0.1,6.48
280912.0,-22.0,-293884.0,-0.108,6.48
280918.0,152.0,-294757.0,-0.05,6.48
280924.0,97.0,-296137.0,-0.008,6.72
280929.0,129.0,-296648.0,-0.117,7.94
280934.0,195.0,-297641.0,-0.117,6.72
280939.0,264.0,-298605.0,-0.092,6.23
280944.0,-93.0,-299292.0,-0.058,6.23
280949.0,61.0,-299956.0,-0.042,6.48
280954.0,-92.0,-301458.0,-0.05,6.48
280960.0,129.0,-301851.0,-0.083,6.48
280965.0,-9.0,-302016.0,-0.125,6.72
280970.0,32.0,-303245.0,-0.05,6.72
280975.0,390.0,-303784.0,-0.033,6.23
280980.0,73.0,-304724.0,-0.083,6.23
280985.0,178.0,-305215.0,-0.108,6.96
280990.0,-8.0,-305908.0,-0.075,7.21
280995.0,171.0,-306660.0,-0.125,6.48
281000.0,258.0,-306951.0,-0.083,6.72
281006.0,-124.0,-307969.0,0.017,6.96
281011.0,-183.0,-308555.0,-0.017,6.72
281016.0,14.0,-308766.0,0.0,6.72
281021.0,12.0,-309500.0,0.0,6.96
281027.0,115.0,-310568.0,-0.092,6.23
281031.0,10.0,-310983.0,-0.083,6.96
281037.0,274.0,-311503.0,-0.092,6.72
281042.0,11.0,-311607.0,0.0,6.23
281048.0,112.0,-312260.0,0.008,6.48
281053.0,278.0,-312966.0,-0.075,6.23
281058.0,93.0,-313540.0,0.008,6.23
281063.0,-34.0,-313765.0,-0.075,6.23
281069.0,270.0,-314453.0,-0.092,6.72
281074.0,239.0,-315033.0,-0.108,6.23
281078.0,84.0,-315634.0,-0.008,6.96
281083.0,162.0,-315995.0,-0.008,6.48
281090.0,469.0,-316337.0,-0.033,6.23
281094.0,-188.0,-316810.0,-0.042,6.23
281100.0,-294.0,-317154.0,-0.092,6.23
281105.0,63.0,-317902.0,-0.025,6.23
281110.0,296.0,-318105.0,0.008,6.48
281115.0,102.0,-318619.0,-0.092,7.21
281120.0,-95.0,-319361.0,-0.142,6.23
281125.0,450.0,-319602.0,-0.092,6.96
281132.0,212.0,-319900.0,0.083,6.48
281137.0,374.0,-320482.0,-0.067,6.48
281142.0,151.0,-320817.0,-0.058,5.99
281147.0,-93.0,-321094.0,-0.017,6.23
281153.0,31.0,-321390.0,-0.025,6.48
281158.0,112.0,-322246.0,-0.008,6.96
281163.0,169.0,-322447.0,-0.008,6.48
281168.0,123.0,-322621.0,0.025,6.23
281174.0,-4.0,-323621.0,-0.042,6.48
281179.0,225.0,-323554.0,0.042,6.48
281184.0,151.0,-323828.0,0.017,6.72
281190.0,108.0,-324458.0,0.0,6.96
281194.0,-7.0,-324375.0,-0.008,6.72
281200.0,-43.0,-324961.0,-0.05,6.72
281205.0,82.0,-325065.0,-0.142,6.23
281210.0,-333.0,-325440.0,0.025,6.72
281216.0,127.0,-325858.0,0.033,6.48
281221.0,274.0,-326302.0,-0.042,6.23
281226.0,-155.0,-326197.0,0.008,6.23
281232.0,181.0,-326727.0,-0.058,6.48
281237.0,159.0,-327141.0,-0.058,6.48
281242.0,310.0,-327118.0,-0.067,6.72
281247.0,-80.0,-327707.0,-0.108,6.48
281253.0,204.0,-328201.0,-0.025,6.72
281257.0,115.0,-328464.0,-0.042,6.96
281263.0,57.0,-328909.0,-0.042,6.48
281269.0,79.0,-329011.0,-0.05,6.23
281274.0,472.0,-329140.0,-0.017,6.48
281279.0,102.0,-329423.0,-0.05,6.23
281284.0,-48.0,-329577.0,-0.008,6.72
281289.0,67.0,-330309.0,-0.125,6.96
281294.0,-94.0,-330302.0,-0.133,6.48
281300.0,10.0,-330638.0,0.017,6.48
281306.0,-49.0,-331016.0,-0.058,6.23
281310.0,28.0,-331285.0,0.067,6.48
281316.0,106.0,-331193.0,0.025,6.48
281321.0,-229.0,-331457.0,-0.033,6.96
281326.0,98.0,-331632.0,-0.008,6.23
281331.0,200.0,-331978.0,0.033,6.23
281337.0,152.0,-332006.0,0.033,6.23
281342.0,263.0,-332469.0,-0.042,6.72
281348.0,-61.0,-332474.0,-0.017,6.48
281353.0,183.0,-333050.0,0.0,6.23
281358.0,28.0,-333341.0,0.058,6.72
281363.0,-6.0,-333176.0,0.008,6.23
281369.0,-318.0,-333798.0,0.017,7.21
281373.0,-403.0,-333763.0,0.075,6.23
281378.0,251.0,-334068.0,-0.008,6.48
281384.0,-31.0,-334516.0,0.017,7.21
281390.0,-178.0,-334929.0,0.05,6.23
281395.0,-244.0,-334524.0,0.033,6.48
281400.0,2.0,-335066.0,-0.008,6.23
281405.0,-17.0,-335351.0,-0.033,6.48
281410.0,-47.0,-335612.0,-0.042,6.48
281416.0,-21.0,-335920.0,-0.058,6.48
281420.0,-150.0,-335767.0,-0.008,6.96
281425.0,-12.0,-335972.0,0.017,6.48
281432.0,0.0,-336572.0,0.058,6.96
281437.0,141.0,-336471.0,0.0,6.96
281442.0,-153.0,-337248.0,0.067,6.23
281447.0,219.0,-336934.0,-0.017,6.48
281452.0,326.0,-337067.0,-0.025,6.23
281457.0,325.0,-337118.0,0.067,6.96
281462.0,75.0,-337652.0,0.05,6.23
281467.0,-2.0,-337661.0,0.008,6.96
281473.0,20.0,-337739.0,0.05,6.23
281479.0,22.0,-337695.0,-0.083,6.23
281484.0,117.0,-337944.0,-0.042,6.23
281488.0,102.0,-338295.0,0.083,6.96
281494.0,-96.0,-338841.0,0.025,6.23
281498.0,-55.0,-338812.0,0.083,6.23
281504.0,225.0,-339038.0,0.017,6.48
281510.0,181.0,-339106.0,0.033,6.72
281516.0,225.0,-339030.0,-0.017,6.72
281521.0,362.0,-339331.0,0.017,6.96
281526.0,-96.0,-339333.0,-0.008,6.48
281532.0,308.0,-339811.0,-0.042,6.72
281538.0,98.0,-339907.0,0.008,6.48
281542.0,63.0,-339860.0,0.033,6.96
281548.0,207.0,-339934.0,-0.075,6.48
281553.0,111.0,-340258.0,-0.008,6.96
281560.0,3.0,-340454.0,0.033,6.48
281565.0,-118.0,-340555.0,0.0,6.48
281570.0,232.0,-341105.0,0.0,6.23
281576.0,114.0,-340911.0,-0.033,6.48
281581.0,-240.0,-341225.0,-0.017,6.23
281586.0,-21.0,-341426.0,-0.075,6.48
281591.0,-71.0,-341186.0,0.025,6.48
281597.0,75.0,-341894.0,0.058,6.23
281604.0,127.0,-341490.0,0.008,6.96
281608.0,144.0,-341869.0,0.042,6.48
281614.0,28.0,-342015.0,-0.025,6.23
281619.0,286.0,-342485.0,0.008,6.96
281625.0,150.0,-342231.0,0.008,6.23
281630.0,-9.0,-342260.0,0.017,6.48
281635.0,173.0,-342208.0,0.025,6.48
281641.0,329.0,-342688.0,0.008,6.23
281646.0,56.0,-342639.0,0.092,6.72
281651.0,37.0,-342926.0,-0.033,6.48
281657.0,449.0,-343258.0,0.042,6.23
281661.0,400.0,-343135.0,-0.033,6.48
281667.0,168.0,-343337.0,-0.025,6.23
281672.0,-70.0,-343413.0,-0.017,6.23
281678.0,80.0,-343381.0,0.008,6.48
281683.0,129.0,-343488.0,0.092,6.96
281689.0,481.0,-343914.0,0.025,6.48
281695.0,-285.0,-343796.0,0.092,6.23
281700.0,-101.0,-343867.0,-0.042,6.48
281705.0,80.0,-344222.0,0.017,6.48
281710.0,-46.0,-344078.0,0.025,6.23
281716.0,400.0,-344516.0,0.05,6.23
281720.0,455.0,-344639.0,-0.017,6.23
281726.0,-75.0,-344527.0,0.033,6.48
281733.0,335.0,-344751.0,0.042,6.48
281738.0,273.0,-345101.0,0.017,6.23
281743.0,-42.0,-344838.0,-0.025,6.72
281748.0,120.0,-345012.0,0.083,6.23
281754.0,520.0,-345206.0,-0.033,6.72
281760.0,84.0,-345250.0,-0.017,6.96
281764.0,11.0,-345569.0,0.0,6.48
281771.0,175.0,-345309.0,0.042,6.48
281776.0,45.0,-345301.0,-0.1,6.96
281781.0,221.0,-345666.0,0.008,6.72
281786.0,326.0,-345547.0,0.0,6.23
281792.0,296.0,-345719.0,0.042,6.23
281797.0,-232.0,-346266.0,0.033,6.72
281802.0,-75.0,-346067.0,-0.075,6.23
281807.0,219.0,-345931.0,-0.008,6.48
281814.0,-51.0,-346027.0,0.075,6.23
281818.0,-98.0,-346338.0,0.058,6.48
281824.0,382.0,-346480.0,-0.05,6.48
281830.0,108.0,-346266.0,0.092,6.23
281835.0,-114.0,-346710.0,0.0,6.23
281840.0,203.0,-346945.0,0.058,6.96
281845.0,208.0,-346479.0,-0.067,6.23
281851.0,76.0,-346423.0,0.058,6.48
281857.0,128.0,-346598.0,-0.067,6.72
281861.0,-67.0,-346699.0,-0.075,6.96
281867.0,-107.0,-346753.0,0.1,6.96
281872.0,307.0,-346968.0,0.05,6.48
281877.0,0.0,-346879.0,-0.05,6.96
281882.0,386.0,-347309.0,-0.008,6.23
281887.0,332.0,-347554.0,-0.05,6.23
281892.0,-39.0,-347787.0,0.008,6.48
281897.0,55.0,-347319.0,0.05,6.48
281904.0,149.0,-347562.0,-0.008,6.23
281908.0,286.0,-347553.0,0.0,6.48
281914.0,44.0,-347645.0,0.042,6.48
281919.0,88.0,-347602.0,0.075,6.48
281924.0,189.0,-347991.0,-0.075,6.96
281929.0,211.0,-347887.0,0.017,6.48
281934.0,65.0,-347922.0,0.042,6.48
281939.0,42.0,-347919.0,-0.017,6.72
281946.0,-264.0,-347977.0,-0.017,6.23
281951.0,208.0,-348028.0,0.033,6.72
281955.0,311.0,-348333.0,0.042,6.48
281961.0,-205.0,-348681.0,0.033,6.48
281966.0,131.0,-348482.0,0.067,6.23
281971.0,-46.0,-348117.0,0.008,6.48
281976.0,44.0,-348589.0,0.083,6.23
281981.0,-240.0,-348622.0,0.0,6.48
281987.0,59.0,-348579.0,0.017,6.48
281993.0,459.0,-348989.0,0.042,6.96
281998.0,-241.0,-348960.0,0.075,6.23
282002.0,-248.0,-348583.0,-0.025,6.48
282008.0,268.0,-348883.0,0.05,6.48
282014.0,-30.0,-349359.0,0.025,6.23
282019.0,-144.0,-349140.0,-0.008,6.96
282023.0,-149.0,-348975.0,0.108,6.48
282030.0,203.0,-348953.0,0.058,7.21
282035.0,-111.0,-349120.0,0.008,6.23
282040.0,-288.0,-349453.0,-0.017,6.96
282045.0,-72.0,-349677.0,0.042,6.72
282051.0,182.0,-349732.0,-0.008,6.48
282055.0,63.0,-349619.0,-0.017,6.48
282061.0,-3.0,-349571.0,-0.008,6.48
282066.0,123.0,-349408.0,0.033,6.23
282072.0,-78.0,-349531.0,0.042,6.48
282077.0,-92.0,-349925.0,0.033,6.96
282082.0,-114.0,-349722.0,0.042,6.48
282087.0,-117.0,-349573.0,0.033,6.72
282092.0,-217.0,-349985.0,0.1,6.23
282098.0,-263.0,-350006.0,-0.05,6.72
282102.0,-136.0,-350141.0,0.008,6.23
282108.0,258.0,-349823.0,-0.008,6.23
282114.0,58.0,-349756.0,0.05,6.48
282119.0,343.0,-350031.0,0.025,5.99
282124.0,140.0,-350421.0,0.067,6.72
282129.0,-276.0,-350422.0,0.025,6.48
282134.0,281.0,-350195.0,0.008,6.96
282139.0,5.0,-350255.0,0.008,6.23
282144.0,-9.0,-350090.0,-0.017,6.48
282149.0,252.0,-350139.0,0.042,6.23
282156.0,112.0,-350427.0,0.025,6.72
282161.0,-52.0,-350480.0,0.075,6.48
282165.0,-37.0,-350573.0,0.0,6.72
282171.0,53.0,-350627.0,0.0,6.72
282176.0,285.0,-350532.0,0.008,7.21
282181.0,132.0,-350503.0,0.133,6.96
282186.0,18.0,-350689.0,-0.058,6.48
282191.0,184.0,-350954.0,0.058,6.96
282196.0,319.0,-350867.0,-0.008,6.48
282203.0,99.0,-350961.0,-0.008,6.96
282208.0,-105.0,-350902.0,0.05,6.48
282212.0,-100.0,-350971.0,0.042,6.48
282217.0,57.0,-351144.0,0.133,6.23
282222.0,35.0,-351117.0,0.033,6.48
282227.0,168.0,-350915.0,0.033,6.23
282232.0,128.0,-351118.0,-0.1,6.48
282238.0,-60.0,-351275.0,0.033,6.23
282244.0,-47.0,-350889.0,0.017,6.23
282249.0,-163.0,-351179.0,0.008,6.96
282254.0,77.0,-351164.0,0.008,6.72
282259.0,98.0,-351257.0,0.125,6.48
282265.0,198.0,-351705.0,0.1,6.23
282270.0,300.0,-351666.0,0.067,6.96
282274.0,265.0,-351531.0,0.033,6.72
282280.0,167.0,-351609.0,-0.008,6.48
282286.0,245.0,-351746.0,0.075,6.23
282291.0,296.0,-351473.0,0.05,6.48
282295.0,-115.0,-351764.0,0.142,6.23
282301.0,121.0,-351547.0,0.05,4.77
282306.0,162.0,-351735.0,0.083,6.48
282311.0,186.0,-351624.0,0.067,6.23
282316.0,-172.0,-351797.0,0.025,6.48
282321.0,-179.0,-351973.0,-0.025,6.48
282328.0,-39.0,-352045.0,0.042,6.72
282333.0,-45.0,-352138.0,0.017,6.48
282337.0,204.0,-351807.0,0.1,6.48
282343.0,208.0,-352201.0,0.025,6.48
282348.0,330.0,-351876.0,0.058,6.48
282353.0,253.0,-352009.0,0.05,6.96
282358.0,-326.0,-352054.0,0.092,6.23
282363.0,-24.0,-352097.0,-0.058,6.48
282369.0,-175.0,-352171.0,-0.042,6.48
282374.0,43.0,-351838.0,0.067,6.48
282379.0,67.0,-351701.0,-0.008,6.48
282384.0,56.0,-352031.0,0.008,6.48
282389.0,310.0,-352120.0,-0.017,6.48
282394.0,274.0,-352197.0,0.0,6.48
282400.0,-7.0,-352371.0,0.058,7.7
282405.0,17.0,-352372.0,0.042,6.23
282411.0,39.0,-352401.0,-0.058,6.48
282416.0,-22.0,-351997.0,-0.033,6.48
282421.0,46.0,-352310.0,-0.05,6.48
282426.0,64.0,-352111.0,0.0,6.96
282431.0,203.0,-352197.0,0.033,6.48
282436.0,365.0,-352634.0,0.025,6.23
282441.0,363.0,-352263.0,0.033,6.96
282447.0,54.0,-352729.0,0.067,6.96
282451.0,287.0,-352422.0,0.0,6.23
282457.0,-141.0,-352783.0,0.125,6.48
282462.0,-246.0,-352607.0,0.017,6.96
282468.0,-114.0,-352512.0,0.125,6.48
282473.0,186.0,-353023.0,0.025,6.48
282478.0,113.0,-352459.0,0.075,6.23
282483.0,45.0,-352542.0,-0.058,6.48
282488.0,57.0,-352561.0,-0.017,8.68
282493.0,172.0,-352571.0,0.008,6.23
282499.0,40.0,-352468.0,-0.008,6.96
282504.0,-98.0,-352783.0,0.017,6.72
282509.0,-75.0,-352713.0,-0.008,6.72
282515.0,303.0,-352702.0,0.05,6.72
282520.0,259.0,-352559.0,0.033,6.72
282525.0,268.0,-352787.0,0.067,6.48
282530.0,189.0,-352916.0,-0.017,6.72
282535.0,93.0,-352968.0,0.042,6.23
282541.0,352.0,-352940.0,0.017,6.48
282546.0,-21.0,-352969.0,-0.008,6.23
282551.0,5.0,-352849.0,-0.033,6.23
282557.0,178.0,-352983.0,-0.025,6.48
282561.0,27.0,-352950.0,0.0,6.23
282567.0,5.0,-353210.0,0.017,6.72
282572.0,66.0,-352964.0,0.017,6.96
282576.0,-11.0,-353133.0,0.083,6.23
282583.0,227.0,-352759.0,-0.008,6.48
282588.0,-46.0,-353209.0,0.0,6.96
282593.0,-53.0,-353108.0,0.108,6.48
282598.0,-109.0,-352894.0,0.017,6.23
282603.0,-2.0,-352964.0,-0.008,6.23
282608.0,-133.0,-353397.0,0.05,6.48
282614.0,-19.0,-353037.0,0.075,6.48
282619.0,168.0,-353107.0,0.092,6.48
282624.0,-167.0,-353178.0,0.075,6.23
282630.0,13.0,-353358.0,0.042,7.45
282635.0,162.0,-353688.0,0.042,6.23
282640.0,83.0,-353573.0,0.033,6.23
282645.0,-157.0,-352931.0,-0.017,6.48
282650.0,-328.0,-353317.0,0.067,7.21
282655.0,303.0,-353522.0,0.025,6.48
282660.0,-103.0,-353291.0,0.05,6.23
282665.0,-26.0,-353423.0,-0.008,6.96
282671.0,575.0,-353194.0,-0.042,6.23
282677.0,-255.0,-353590.0,0.025,6.96
282682.0,-204.0,-353554.0,0.0,6.23
282687.0,235.0,-353513.0,0.033,6.48
282692.0,415.0,-353281.0,-0.017,6.96
282697.0,260.0,-353367.0,0.092,6.48
282702.0,-65.0,-353442.0,0.017,6.48
282707.0,335.0,-353486.0,0.025,6.48
282714.0,92.0,-353568.0,0.025,6.48
282718.0,-143.0,-353583.0,-0.042,6.23
282724.0,-31.0,-353573.0,-0.042,6.96
282729.0,-12.0,-353661.0,0.025,6.23
282734.0,-79.0,-353512.0,0.092,6.23
282739.0,29.0,-353536.0,0.008,6.72
282744.0,-196.0,-353748.0,0.075,6.48
282749.0,127.0,-353801.0,-0.033,6.72
282755.0,-255.0,-353471.0,-0.075,6.23
282761.0,-303.0,-353627.0,0.033,6.48
282766.0,172.0,-353460.0,-0.033,6.23
282771.0,-98.0,-353419.0,0.058,6.96
282776.0,-62.0,-353533.0,0.025,6.23
282781.0,103.0,-353210.0,0.033,6.48
282786.0,-369.0,-353763.0,0.008,6.23
282792.0,95.0,-353867.0,0.025,6.48
282798.0,-86.0,-353639.0,-0.067,8.68
282803.0,163.0,-354038.0,0.025,6.23
282808.0,309.0,-353994.0,0.008,6.48
282813.0,424.0,-353842.0,0.108,6.23
282818.0,7.0,-354117.0,0.092,6.96
282824.0,71.0,-353583.0,-0.008,6.72
282829.0,30.0,-353801.0,0.067,6.23
282833.0,207.0,-353808.0,0.125,6.23
282840.0,83.0,-353792.0,0.067,6.48
282845.0,-160.0,-354036.0,-0.008,6.23
282850.0,135.0,-353485.0,0.067,6.23
282855.0,387.0,-353665.0,0.075,6.96
282861.0,-281.0,-353661.0,0.025,6.48
282866.0,10.0,-353588.0,0.033,6.23
282871.0,-82.0,-354075.0,0.092,6.48
282876.0,84.0,-353735.0,0.05,6.23
282882.0,63.0,-353892.0,0.033,6.72
282887.0,87.0,-353583.0,0.0,6.96
282892.0,215.0,-353929.0,0.017,6.48
282897.0,134.0,-353956.0,-0.033,6.23
282902.0,348.0,-353715.0,-0.05,6.96
282908.0,278.0,-354029.0,0.075,6.48
282912.0,427.0,-353808.0,-0.05,5.99
282918.0,307.0,-353859.0,-0.025,6.23
282924.0,137.0,-353935.0,-0.042,5.99
282929.0,-30.0,-353662.0,-0.008,6.23
282934.0,554.0,-353715.0,0.083,6.96
282940.0,-200.0,-354027.0,-0.075,7.7
282944.0,-149.0,-354030.0,-0.033,6.72
282949.0,-136.0,-353853.0,0.058,6.72
282955.0,108.0,-353963.0,-0.05,6.23
282959.0,71.0,-353876.0,-0.05,6.96
282964.0,189.0,-353733.0,0.092,6.72
282971.0,-293.0,-353745.0,-0.05,6.96
282976.0,-390.0,-353714.0,0.142,6.23
282981.0,-30.0,-353485.0,0.017,6.48
282986.0,328.0,-353885.0,0.008,6.72
282991.0,53.0,-354044.0,-0.042,6.23
282996.0,-225.0,-353935.0,0.042,6.48
283002.0,-79.0,-353999.0,0.017,6.23
283006.0,50.0,-353890.0,0.058,6.72
283012.0,-157.0,-354005.0,0.1,6.48
283018.0,-79.0,-353933.0,0.05,6.72
283022.0,-196.0,-353992.0,0.1,6.96
283027.0,118.0,-353923.0,0.025,6.23
283033.0,-198.0,-354017.0,0.058,6.23
283038.0,219.0,-353812.0,-0.042,6.96
283043.0,-71.0,-353753.0,-0.008,6.48
283048.0,-53.0,-354163.0,0.067,6.72
283054.0,-92.0,-354396.0,-0.017,6.48
283059.0,176.0,-353727.0,0.075,6.72
283065.0,-68.0,-353785.0,0.0,6.48
283069.0,31.0,-353904.0,0.0,6.72
283074.0,207.0,-353889.0,-0.008,6.23
283080.0,281.0,-353929.0,0.033,6.48
283085.0,242.0,-354024.0,0.092,6.48
283089.0,315.0,-353789.0,0.042,6.72
283096.0,-117.0,-354325.0,-0.017,6.48
283101.0,-74.0,-354110.0,0.05,6.48
283106.0,182.0,-353958.0,0.05,6.48
283112.0,50.0,-354248.0,0.017,6.48
283117.0,350.0,-354112.0,0.083,7.21
283122.0,171.0,-353835.0,0.025,7.21
283128.0,87.0,-353715.0,0.1,7.94
283133.0,75.0,-353703.0,-0.025,6.96
283140.0,241.0,-354291.0,0.008,6.48
283144.0,-274.0,-354186.0,0.075,6.23
283150.0,258.0,-353898.0,0.017,6.23
283156.0,-156.0,-354246.0,0.008,6.23
283161.0,-72.0,-353896.0,0.0,6.23
283166.0,49.0,-354153.0,-0.1,6.23
283171.0,307.0,-353851.0,0.05,6.48
283177.0,-103.0,-353853.0,-0.058,6.23
283183.0,57.0,-353845.0,0.033,6.48
283188.0,182.0,-353988.0,-0.092,6.72
283194.0,194.0,-353938.0,0.05,6.48
283199.0,284.0,-353870.0,0.025,6.23
283205.0,70.0,-354480.0,0.008,6.96
283209.0,65.0,-354371.0,-0.05,6.23
283215.0,-25.0,-354233.0,-0.025,7.21
283222.0,107.0,-354031.0,-0.025,6.23
283226.0,2.0,-354116.0,0.05,6.48
283231.0,31.0,-354088.0,-0.008,6.72
283237.0,33.0,-353734.0,0.017,6.23
283242.0,18.0,-353835.0,-0.033,6.23
283247.0,69.0,-353987.0,0.033,6.23
283252.0,287.0,-354155.0,-0.033,6.48
283257.0,19.0,-354230.0,-0.05,6.48
283262.0,-192.0,-354097.0,0.083,6.48
283269.0,40.0,-354143.0,0.008,6.48
283274.0,18.0,-353874.0,0.042,6.72
283278.0,97.0,-354047.0,-0.067,6.96
283284.0,293.0,-353675.0,0.0,6.23
283289.0,243.0,-354032.0,0.067,6.23
283294.0,264.0,-354143.0,-0.033,6.23
283299.0,130.0,-354143.0,0.067,6.23
283305.0,138.0,-354107.0,0.05,6.23
283311.0,183.0,-353830.0,0.042,6.23
283316.0,365.0,-354078.0,0.0,6.48
283322.0,87.0,-354118.0,0.133,6.48
283327.0,-373.0,-354189.0,0.033,6.23
283331.0,-702.0,-353856.0,0.058,6.72
283337.0,240.0,-354132.0,0.008,6.23
283343.0,-120.0,-353934.0,0.008,6.96
283347.0,61.0,-354127.0,0.05,6.23
283353.0,134.0,-354131.0,0.033,6.48
283359.0,-162.0,-354309.0,-0.025,6.23
283364.0,-297.0,-354190.0,-0.042,6.72
283369.0,290.0,-354278.0,-0.033,6.72
283374.0,-310.0,-353802.0,0.017,6.48
283380.0,94.0,-353877.0,0.058,6.23
283384.0,-35.0,-353936.0,0.033,6.48
283390.0,93.0,-353648.0,-0.042,6.72
283396.0,-65.0,-353759.0,-0.017,6.48
283401.0,-248.0,-353856.0,0.017,6.48
283406.0,396.0,-354066.0,0.0,6.23
283411.0,-358.0,-354101.0,0.05,6.23
283416.0,-397.0,-354108.0,0.058,6.96
283422.0,-95.0,-354094.0,0.075,6.48
283427.0,463.0,-353903.0,0.0,6.23
283431.0,408.0,-353930.0,0.05,6.48
283438.0,-108.0,-353760.0,0.008,6.96
283444.0,98.0,-353450.0,0.042,6.48
283448.0,263.0,-353587.0,-0.017,6.48
283453.0,80.0,-353693.0,0.042,6.48
283459.0,-56.0,-353905.0,0.05,6.48
283464.0,19.0,-353694.0,0.067,6.48
283469.0,-166.0,-353958.0,0.042,6.23
283474.0,66.0,-353842.0,0.042,6.48
283480.0,322.0,-353763.0,0.025,6.48
283485.0,205.0,-354256.0,-0.033,6.23
283491.0,-79.0,-353736.0,0.017,6.48
283496.0,225.0,-353981.0,-0.017,6.23
283500.0,336.0,-353878.0,0.092,6.23
283506.0,10.0,-353802.0,0.033,6.96
283511.0,16.0,-353863.0,-0.008,6.48
283516.0,413.0,-354062.0,0.008,6.23
283522.0,339.0,-353878.0,0.025,6.72
283528.0,-211.0,-353933.0,0.008,6.48
283532.0,100.0,-354088.0,-0.025,6.48
283538.0,374.0,-353776.0,0.092,6.96
283543.0,-22.0,-353803.0,0.067,6.48
283548.0,-109.0,-353866.0,-0.042,6.23
283553.0,45.0,-354006.0,-0.05,6.48
283558.0,181.0,-353815.0,0.058,6.23
283564.0,-30.0,-354358.0,0.033,6.48
283569.0,-320.0,-354062.0,-0.025,6.96
283575.0,-162.0,-353665.0,0.067,6.48
283579.0,15.0,-353966.0,0.05,6.72
283585.0,61.0,-353780.0,-0.017,6.23
283590.0,-47.0,-353942.0,0.058,6.48
283596.0,-95.0,-354145.0,0.05,6.48
283600.0,-512.0,-353782.0,0.075,6.48
283607.0,156.0,-353988.0,0.008,6.48
283612.0,252.0,-353667.0,-0.117,6.23
283617.0,207.0,-353788.0,-0.017,6.96
283622.0,-61.0,-353464.0,-0.017,6.96
283627.0,-29.0,-353623.0,0.058,6.96
283632.0,10.0,-353682.0,-0.017,6.48
283638.0,-46.0,-353982.0,0.017,6.23
283643.0,-28.0,-354107.0,-0.008,6.23
283648.0,241.0,-353814.0,0.067,6.48
283654.0,191.0,-353860.0,0.033,6.72
283659.0,-13.0,-353725.0,0.067,6.96
283664.0,210.0,-354054.0,-0.017,6.23
283669.0,-12.0,-353600.0,-0.008,6.23
283674.0,278.0,-353807.0,0.05,6.72
283679.0,63.0,-353454.0,0.017,6.48
283685.0,545.0,-353808.0,0.025,6.23
283691.0,17.0,-353795.0,-0.05,6.48
283695.0,-186.0,-353728.0,0.067,6.48
283701.0,250.0,-353894.0,-0.05,6.23
283706.0,366.0,-353775.0,0.05,6.72
283711.0,161.0,-353666.0,0.1,6.48
283716.0,-192.0,-353662.0,0.017,6.48
283721.0,284.0,-353501.0,0.058,6.23
283726.0,219.0,-353852.0,0.033,5.01
283731.0,-525.0,-353704.0,0.0,6.48
283737.0,-157.0,-353975.0,0.017,6.72
283742.0,-46.0,-353526.0,0.025,6.23
283748.0,40.0,-353788.0,-0.008,6.48
283753.0,8.0,-353677.0,-0.008,6.72
283757.0,63.0,-353580.0,0.092,6.48
283763.0,-159.0,-353228.0,0.05,6.23
283768.0,217.0,-353483.0,0.075,6.23
283773.0,142.0,-353614.0,0.017,6.48
283779.0,360.0,-353454.0,0.033,6.48
283784.0,164.0,-353513.0,-0.042,6.23
283789.0,-125.0,-353690.0,0.05,6.48
283794.0,212.0,-353561.0,0.033,7.21
283799.0,80.0,-353458.0,-0.025,6.72
283804.0,13.0,-353674.0,-0.083,6.48
283810.0,241.0,-353748.0,0.05,6.96
283815.0,101.0,-353627.0,-0.025,6.72
283821.0,300.0,-353614.0,-0.075,6.48
283826.0,128.0,-353818.0,0.042,6.48
283831.0,-246.0,-353477.0,-0.017,6.23
283836.0,-363.0,-353128.0,0.017,6.48
283841.0,-354.0,-353215.0,0.042,6.23
283846.0,-256.0,-353376.0,0.008,6.48
283851.0,293.0,-353876.0,0.008,6.23
283857.0,49.0,-353476.0,0.067,6.72
283863.0,243.0,-353243.0,0.025,6.96
283867.0,340.0,-353336.0,0.0,6.48
283873.0,-362.0,-353618.0,0.033,6.48
283878.0,-90.0,-353611.0,0.0,6.96
283883.0,-37.0,-353508.0,0.017,6.72
283888.0,-143.0,-353758.0,0.05,6.96
283893.0,-69.0,-353733.0,-0.042,6.48
283898.0,-40.0,-353466.0,-0.017,6.23
283905.0,206.0,-353490.0,-0.008,6.96
283910.0,260.0,-353375.0,-0.025,6.48
283914.0,283.0,-353062.0,-0.008,6.23
283919.0,316.0,-353183.0,0.067,6.96
283924.0,238.0,-353320.0,0.1,6.72
283929.0,161.0,-353416.0,0.067,6.23
283935.0,115.0,-353313.0,0.075,6.48
283940.0,259.0,-353746.0,0.017,6.48
283945.0,244.0,-353162.0,-0.058,6.23
283951.0,24.0,-353393.0,0.033,6.48
283956.0,84.0,-353220.0,0.067,6.72
283961.0,-73.0,-353696.0,0.058,6.23
283966.0,-179.0,-353447.0,0.025,6.96
283971.0,161.0,-353482.0,0.042,7.21
283977.0,214.0,-353528.0,0.033,6.48
283981.0,151.0,-353203.0,-0.033,6.23
283986.0,-147.0,-353142.0,0.017,6.48
283993.0,-56.0,-353168.0,-0.067,6.23
283998.0,274.0,-353139.0,-0.017,6.96
284003.0,-294.0,-353272.0,-0.025,6.48
284008.0,-433.0,-353372.0,0.025,6.48
284013.0,-341.0,-353201.0,-0.067,6.23
284018.0,23.0,-352960.0,0.075,6.96
284023.0,150.0,-352834.0,0.033,6.23
284028.0,339.0,-353047.0,0.117,6.72
284034.0,453.0,-353134.0,0.05,6.48
284039.0,206.0,-353460.0,0.0,6.23
284044.0,-42.0,-353449.0,0.008,6.23
284050.0,242.0,-352986.0,0.075,6.48
284055.0,-105.0,-352950.0,0.133,6.48
284060.0,-9.0,-353067.0,0.083,6.48
284065.0,-163.0,-353152.0,-0.067,6.48
284070.0,76.0,-353008.0,-0.008,6.23
284076.0,98.0,-352867.0,-0.025,6.48
284081.0,66.0,-353062.0,-0.025,6.72
284086.0,301.0,-353250.0,-0.008,6.48
284091.0,484.0,-353547.0,0.067,6.72
284097.0,46.0,-352799.0,0.075,6.96
284102.0,263.0,-353163.0,-0.05,6.23
284106.0,-132.0,-352916.0,0.042,6.48
284112.0,-162.0,-353224.0,-0.017,6.96
284118.0,-165.0,-352892.0,0.067,6.23
284123.0,306.0,-352945.0,-0.058,6.23
284128.0,-346.0,-352776.0,0.033,6.23
284133.0,-51.0,-353080.0,-0.083,6.96
284138.0,-17.0,-352917.0,0.008,6.23
284143.0,171.0,-352882.0,0.067,6.23
284148.0,-46.0,-352858.0,0.017,6.96
284154.0,254.0,-352979.0,0.075,6.48
284160.0,170.0,-352800.0,0.042,6.48
284165.0,41.0,-353160.0,-0.008,7.21
284169.0,18.0,-352991.0,0.0,6.72
284175.0,304.0,-352925.0,0.017,6.48
284180.0,153.0,-352779.0,-0.075,6.96
284185.0,46.0,-353074.0,0.017,6.72
284190.0,-24.0,-352596.0,0.0,6.23
284195.0,-23.0,-353114.0,0.008,6.23
284200.0,-190.0,-352901.0,0.108,6.72
284207.0,10.0,-352787.0,0.025,6.96
284212.0,313.0,-352825.0,-0.058,6.48
284216.0,330.0,-352726.0,0.033,6.72
284222.0,238.0,-352928.0,0.033,6.23
284227.0,-111.0,-352596.0,0.05,6.72
284232.0,2.0,-352517.0,0.075,6.72
284237.0,148.0,-352735.0,0.017,6.23
284243.0,-95.0,-352713.0,0.025,6.23
284248.0,218.0,-352862.0,0.05,6.72
284253.0,216.0,-352919.0,0.075,6.96
284258.0,25.0,-352867.0,0.033,7.21
284263.0,92.0,-352502.0,-0.075,6.96
284269.0,-18.0,-352902.0,-0.1,6.48
284274.0,-207.0,-352754.0,0.033,6.23
284278.0,-2.0,-352805.0,-0.05,6.23
284284.0,14.0,-352833.0,0.058,6.23
284290.0,431.0,-352857.0,0.0,6.48
284295.0,-232.0,-352904.0,0.108,6.48
284300.0,-18.0,-352490.0,-0.017,6.23
284305.0,109.0,-352468.0,0.05,6.23
284310.0,250.0,-352523.0,-0.008,6.48
284316.0,-302.0,-352483.0,0.042,6.96
284321.0,-75.0,-352535.0,0.008,6.48
284326.0,-92.0,-352414.0,0.108,6.23
284332.0,192.0,-352656.0,-0.008,6.48
284337.0,241.0,-352546.0,-0.1,6.23
284342.0,206.0,-352375.0,0.042,6.48
284347.0,256.0,-352657.0,0.008,6.48
284353.0,146.0,-352323.0,0.05,6.23
284358.0,325.0,-352476.0,0.008,6.72
284363.0,255.0,-352229.0,-0.042,6.23
284368.0,145.0,-352455.0,0.042,6.23
284374.0,132.0,-352438.0,-0.083,6.23
284379.0,28.0,-352313.0,0.125,6.48
284385.0,326.0,-352847.0,0.1,6.48
284390.0,-93.0,-352513.0,-0.05,6.48
284395.0,-136.0,-352216.0,0.042,6.23
284400.0,364.0,-352302.0,0.008,6.23
284405.0,199.0,-352368.0,-0.017,6.48
284410.0,20.0,-352455.0,-0.05,6.48
284417.0,120.0,-352275.0,0.033,6.23
284422.0,533.0,-352735.0,0.017,6.48
284426.0,-20.0,-352506.0,-0.058,6.48
284432.0,216.0,-352158.0,0.05,6.48
284438.0,308.0,-352298.0,0.033,6.48
284442.0,243.0,-352197.0,-0.042,6.23
284447.0,99.0,-352402.0,0.008,6.23
284453.0,153.0,-352350.0,0.067,6.48
284459.0,134.0,-352343.0,-0.017,6.23
284464.0,-368.0,-351898.0,0.0,6.96
284469.0,-96.0,-352400.0,-0.017,6.72
284474.0,-17.0,-352163.0,-0.133,6.48
284479.0,223.0,-351904.0,0.025,6.48
284485.0,159.0,-352118.0,0.042,6.48
284490.0,54.0,-351838.0,0.075,6.48
284495.0,45.0,-351961.0,-0.017,6.23
284500.0,75.0,-352175.0,0.033,7.21
284506.0,330.0,-352105.0,0.025,6.23
284511.0,161.0,-351716.0,0.008,6.96
284516.0,129.0,-352070.0,0.0,6.23
284522.0,-78.0,-352158.0,0.0,7.21
284526.0,151.0,-352067.0,-0.008,6.48
284532.0,281.0,-352131.0,0.0,6.23
284537.0,283.0,-352005.0,0.042,6.48
284542.0,-182.0,-352140.0,-0.183,6.48
284548.0,208.0,-351731.0,0.008,6.96
284554.0,134.0,-352091.0,0.025,6.72
284558.0,-21.0,-352424.0,0.092,6.96
284564.0,-57.0,-352277.0,0.025,6.23
284569.0,-55.0,-352017.0,-0.058,6.48
284574.0,-68.0,-351974.0,-0.092,6.48
284579.0,-104.0,-351511.0,0.025,6.96
284584.0,134.0,-351843.0,0.0,6.72
