time_ms,p1,p2,f3,f4
107977.0,129.0,3706.0,-0.025,6.96
107982.0,-274.0,3685.0,0.05,6.48
107986.0,-223.0,3824.0,-0.142,6.48
107992.0,-258.0,3683.0,0.058,6.23
107997.0,-90.0,3728.0,0.017,6.23
108002.0,-361.0,3606.0,0.067,6.23
108007.0,-213.0,3757.0,0.1,6.23
108012.0,-112.0,3780.0,-0.017,6.23
108016.0,-403.0,3751.0,0.092,6.48
108021.0,-244.0,3836.0,0.108,6.72
108026.0,-73.0,4135.0,0.092,6.48
108032.0,-193.0,3852.0,0.017,6.23
108037.0,-512.0,3856.0,-0.017,6.96
108042.0,-362.0,4095.0,0.092,6.48
108046.0,-179.0,3910.0,-0.033,6.48
108051.0,212.0,3827.0,0.033,6.48
108056.0,-469.0,3664.0,0.008,6.72
108060.0,-138.0,3545.0,-0.033,6.96
108065.0,-250.0,3954.0,0.108,6.72
108070.0,-323.0,3628.0,-0.025,7.21
108076.0,-233.0,3657.0,-0.033,6.48
108081.0,-104.0,3802.0,-0.025,6.48
108086.0,27.0,3739.0,-0.033,6.23
108090.0,-108.0,3624.0,-0.033,6.96
108095.0,-83.0,3571.0,0.083,6.48
108099.0,-228.0,3642.0,-0.017,6.72
108104.0,-355.0,3459.0,0.017,4.77
108109.0,-91.0,3910.0,0.033,6.96
108114.0,112.0,3736.0,0.05,6.23
108120.0,-326.0,3643.0,0.025,6.23
108125.0,-325.0,3476.0,-0.025,6.96
108130.0,-407.0,3624.0,-0.042,6.48
108135.0,199.0,3683.0,-0.017,6.23
108140.0,-248.0,4003.0,0.017,6.48
108145.0,-375.0,3796.0,-0.1,5.74
108150.0,115.0,3685.0,-0.008,6.48
108155.0,148.0,4067.0,-0.017,6.48
108161.0,-364.0,3790.0,0.058,6.23
108166.0,-386.0,3821.0,0.133,6.48
108171.0,-215.0,3751.0,-0.017,6.23
108176.0,-337.0,3646.0,-0.008,6.23
108181.0,-59.0,4113.0,0.067,6.48
108186.0,34.0,3839.0,-0.033,6.48
108191.0,-412.0,3876.0,-0.008,6.96
108196.0,-47.0,3861.0,0.067,6.48
108201.0,-305.0,3554.0,0.067,6.23
108207.0,-289.0,3655.0,0.142,6.23
108212.0,-246.0,3953.0,0.108,6.23
108217.0,-382.0,3926.0,-0.017,6.48
108222.0,-324.0,3805.0,0.0,6.96
108227.0,-425.0,3761.0,0.067,6.23
108232.0,-269.0,3504.0,0.075,6.23
108237.0,-205.0,3545.0,-0.017,6.96
108242.0,-494.0,3599.0,-0.042,6.48
108249.0,-342.0,3348.0,0.042,6.96
108254.0,-162.0,3333.0,0.0,6.48
108258.0,-53.0,3594.0,0.058,6.48
108263.0,-263.0,3517.0,-0.075,6.72
108268.0,-376.0,3479.0,0.008,6.48
108273.0,-378.0,3434.0,-0.008,6.48
108278.0,-20.0,3593.0,0.108,6.48
108283.0,-277.0,4095.0,-0.033,6.72
108289.0,-193.0,3818.0,0.067,6.48
108294.0,203.0,3875.0,0.067,6.48
108300.0,-88.0,3927.0,-0.008,6.96
108305.0,-152.0,3734.0,0.042,6.23
108310.0,54.0,3660.0,0.058,6.96
108315.0,51.0,3428.0,-0.008,6.72
108320.0,-363.0,3587.0,0.008,6.96
108325.0,-275.0,3694.0,0.05,6.96
108331.0,-158.0,3598.0,0.083,6.72
108336.0,-182.0,3581.0,0.083,6.23
108341.0,-248.0,3698.0,0.042,7.21
108346.0,-161.0,3513.0,0.017,6.48
108351.0,-333.0,3672.0,0.1,6.96
108356.0,-504.0,3822.0,0.05,6.48
108361.0,-649.0,3941.0,-0.1,6.23
108366.0,93.0,3785.0,0.042,6.23
108371.0,138.0,3691.0,0.158,6.96
108377.0,-568.0,3830.0,0.033,5.99
108382.0,90.0,3301.0,-0.025,6.23
108387.0,55.0,3581.0,-0.092,6.23
108392.0,-511.0,3456.0,-0.058,6.23
108398.0,-85.0,3712.0,0.05,6.48
108403.0,-232.0,3602.0,0.008,6.72
108407.0,-513.0,3817.0,-0.033,6.48
108413.0,-209.0,3677.0,0.042,6.96
108419.0,-106.0,3815.0,0.025,6.72
108424.0,-188.0,3630.0,0.033,6.48
108429.0,-282.0,3655.0,0.05,6.72
108434.0,13.0,3691.0,0.058,6.96
108439.0,-101.0,3804.0,0.008,6.72
108445.0,-329.0,3764.0,0.008,6.48
108450.0,-208.0,3776.0,0.042,6.48
108454.0,-265.0,3955.0,0.083,6.96
108461.0,67.0,3991.0,0.017,6.48
108466.0,-222.0,3611.0,0.025,6.48
108471.0,12.0,3656.0,0.092,6.48
108476.0,108.0,3874.0,-0.025,6.96
108481.0,-115.0,4064.0,0.1,6.48
108486.0,-402.0,4205.0,-0.05,6.23
108491.0,-60.0,3819.0,0.033,6.23
108496.0,13.0,3881.0,0.017,6.72
108502.0,134.0,4004.0,-0.008,6.48
108508.0,-310.0,4022.0,0.042,6.96
108512.0,225.0,3871.0,-0.058,6.72
108517.0,-187.0,3802.0,0.058,6.48
108522.0,-226.0,3500.0,0.042,6.48
108527.0,-421.0,3615.0,0.0,6.48
108532.0,-61.0,3511.0,0.017,6.72
108537.0,-244.0,3761.0,0.008,6.23
108542.0,-303.0,3586.0,0.05,6.72
108548.0,161.0,3386.0,0.042,6.23
108553.0,-148.0,3617.0,0.075,6.48
108558.0,-594.0,3940.0,-0.008,6.48
108563.0,-405.0,3442.0,0.058,6.48
108568.0,-32.0,3481.0,0.058,6.23
108573.0,-342.0,3701.0,0.083,6.48
108578.0,-633.0,3591.0,0.008,6.72
108583.0,-20.0,3614.0,-0.017,6.72
108589.0,-484.0,3842.0,0.067,6.23
108594.0,-253.0,3870.0,-0.008,6.23
108599.0,36.0,3555.0,0.0,6.23
108604.0,-372.0,3953.0,0.042,6.72
108609.0,-435.0,3690.0,0.008,6.23
108614.0,-153.0,3817.0,0.025,6.48
108619.0,-24.0,3787.0,-0.042,6.72
108624.0,-179.0,3742.0,0.092,6.48
108630.0,-369.0,3548.0,0.058,6.48
108635.0,-162.0,3776.0,0.033,6.23
108640.0,-71.0,4041.0,-0.017,6.48
108645.0,-409.0,3827.0,-0.05,6.23
108650.0,-448.0,3991.0,-0.008,6.48
108655.0,-413.0,3840.0,0.108,6.23
108660.0,-363.0,3904.0,0.042,6.48
108665.0,-460.0,3453.0,-0.017,6.23
108670.0,-360.0,3842.0,-0.033,6.23
108677.0,-144.0,3646.0,0.092,6.23
108681.0,-141.0,3487.0,-0.017,6.23
108686.0,-285.0,3836.0,0.058,6.23
108691.0,-426.0,3550.0,0.042,6.48
108696.0,-127.0,3585.0,0.025,6.23
108701.0,-383.0,3401.0,0.05,7.21
108707.0,-446.0,3773.0,-0.075,6.72
108711.0,-395.0,3826.0,-0.017,6.48
108718.0,-399.0,4010.0,-0.05,6.48
108723.0,-302.0,3932.0,-0.133,6.72
108727.0,81.0,3541.0,0.1,6.96
108733.0,-583.0,3843.0,0.017,6.48
108737.0,-474.0,4064.0,0.042,6.48
108742.0,-178.0,3641.0,0.05,6.48
108748.0,52.0,3885.0,0.058,6.23
108753.0,-141.0,3850.0,0.05,6.48
108759.0,-239.0,3877.0,0.05,6.96
108764.0,-160.0,3621.0,0.017,6.48
108768.0,-287.0,3718.0,0.042,6.48
108774.0,-265.0,3826.0,0.008,6.48
108778.0,-68.0,4091.0,-0.008,6.48
108783.0,-234.0,3760.0,-0.008,6.48
108789.0,-368.0,3500.0,0.058,6.23
108793.0,-135.0,3389.0,0.042,6.48
108800.0,-21.0,3346.0,0.017,6.48
108805.0,-307.0,3792.0,0.033,6.72
108810.0,-428.0,3705.0,-0.05,6.48
108815.0,-92.0,3210.0,0.025,6.96
108820.0,-141.0,3814.0,0.025,6.48
108824.0,-332.0,3817.0,0.05,6.96
108830.0,-104.0,3609.0,0.033,6.72
108834.0,-383.0,3738.0,0.008,6.23
108839.0,-251.0,3687.0,0.042,6.48
108846.0,-529.0,3631.0,0.0,6.48
108850.0,-144.0,3438.0,-0.017,6.96
108856.0,-248.0,3797.0,-0.025,6.48
108861.0,40.0,3607.0,-0.05,6.48
108866.0,101.0,3578.0,-0.075,6.48
108871.0,11.0,3932.0,-0.008,6.23
108877.0,-97.0,3782.0,0.042,6.72
108881.0,-8.0,3733.0,-0.042,6.48
108887.0,-130.0,3842.0,-0.05,6.48
108893.0,-354.0,3882.0,0.025,6.48
108897.0,-533.0,3765.0,0.017,6.96
108903.0,-397.0,3969.0,0.008,6.72
108908.0,-385.0,3561.0,0.083,6.23
108913.0,-360.0,3706.0,-0.042,6.48
108918.0,-194.0,3591.0,0.05,6.72
108923.0,4.0,3883.0,0.008,6.23
108929.0,-85.0,3984.0,-0.017,6.23
108934.0,-111.0,3797.0,0.05,6.23
108939.0,-287.0,3433.0,0.017,6.23
108944.0,-78.0,3702.0,0.067,6.48
108949.0,-26.0,3198.0,-0.058,6.48
108955.0,-200.0,3668.0,0.067,6.96
108960.0,-231.0,3555.0,0.042,6.72
108965.0,-255.0,3668.0,0.033,6.23
108971.0,33.0,3596.0,0.0,6.72
108976.0,20.0,3641.0,-0.067,6.23
108981.0,0.0,3919.0,0.042,6.72
108986.0,-438.0,3273.0,-0.017,6.23
108991.0,-515.0,3642.0,0.033,6.23
108996.0,83.0,3415.0,0.033,6.48
109002.0,-343.0,3693.0,0.025,6.23
109006.0,-278.0,3762.0,0.108,6.96
109012.0,-484.0,3646.0,-0.008,6.72
109018.0,-520.0,3780.0,-0.075,6.72
109023.0,-617.0,3825.0,0.042,6.96
109027.0,-94.0,3830.0,0.075,6.23
109032.0,119.0,3509.0,0.042,6.96
109037.0,218.0,3574.0,-0.017,6.96
109042.0,-310.0,3626.0,0.075,6.48
109047.0,-125.0,3639.0,0.083,6.23
109052.0,-127.0,3783.0,0.042,6.48
109059.0,-585.0,3817.0,0.058,6.48
109063.0,-418.0,3948.0,0.042,6.48
109069.0,86.0,3712.0,-0.033,6.96
109074.0,-418.0,3350.0,0.075,6.96
109080.0,-114.0,3730.0,0.092,6.48
109084.0,-145.0,3591.0,-0.008,6.72
109090.0,-277.0,3763.0,0.0,6.23
109095.0,-273.0,3471.0,-0.033,6.48
109101.0,-278.0,3560.0,0.083,6.48
109106.0,-240.0,3614.0,0.075,6.72
109112.0,-516.0,3520.0,0.017,6.23
109118.0,-282.0,3466.0,0.058,7.21
109122.0,-293.0,3271.0,0.092,6.48
109128.0,-53.0,3801.0,0.1,6.48
109133.0,-227.0,3615.0,-0.008,6.48
109138.0,-354.0,3574.0,0.075,6.72
109144.0,-96.0,3640.0,0.033,6.48
109150.0,-174.0,3590.0,-0.025,6.23
109155.0,-150.0,3813.0,0.0,6.48
109159.0,-417.0,4070.0,-0.058,7.21
109165.0,-157.0,3976.0,-0.05,6.48
109169.0,-4.0,4021.0,-0.025,6.23
109175.0,114.0,3345.0,-0.017,6.48
109180.0,-46.0,3805.0,0.0,6.23
109186.0,-244.0,3862.0,0.058,6.48
109191.0,-339.0,3863.0,0.117,6.96
109196.0,43.0,3753.0,0.075,6.48
109201.0,-262.0,3766.0,0.075,6.48
109206.0,-266.0,3792.0,0.108,6.48
109212.0,-166.0,3782.0,-0.008,6.48
109217.0,-46.0,3974.0,0.083,6.48
109222.0,105.0,3669.0,0.05,6.48
109229.0,-313.0,3491.0,-0.042,6.96
109234.0,45.0,3975.0,0.042,6.72
109239.0,-154.0,4102.0,-0.033,6.23
109244.0,-110.0,3758.0,0.142,6.96
109250.0,-280.0,3864.0,0.0,6.96
109255.0,-320.0,3693.0,0.017,6.23
109259.0,-129.0,4016.0,0.075,7.21
109265.0,-125.0,3416.0,0.008,6.48
109271.0,-311.0,3457.0,0.05,6.48
109275.0,-378.0,3646.0,0.092,6.96
109281.0,-362.0,3844.0,0.117,6.23
109285.0,-343.0,3955.0,-0.108,7.21
109291.0,-20.0,3783.0,0.058,6.48
109296.0,172.0,3505.0,0.0,6.48
109301.0,-377.0,3802.0,-0.025,6.23
109306.0,-353.0,3556.0,0.075,6.72
109313.0,199.0,3822.0,0.1,6.72
109318.0,-101.0,3815.0,0.075,6.48
109322.0,-56.0,3840.0,-0.083,6.23
109328.0,-268.0,3508.0,-0.008,6.48
109332.0,-399.0,3997.0,0.025,6.72
109338.0,-135.0,4011.0,0.1,6.23
109343.0,7.0,3349.0,0.033,6.23
109348.0,-383.0,3580.0,0.05,6.48
109353.0,-232.0,3531.0,0.117,6.48
109359.0,-382.0,3611.0,-0.05,6.23
109364.0,-288.0,3994.0,-0.008,6.23
109369.0,-235.0,4265.0,0.058,6.23
109375.0,133.0,3963.0,0.033,6.48
109379.0,-134.0,3974.0,0.058,6.48
109384.0,-259.0,3512.0,0.058,6.48
109389.0,-235.0,3439.0,0.117,6.23
109394.0,-212.0,3752.0,0.042,6.72
109400.0,-436.0,3752.0,0.05,6.48
109405.0,-416.0,3683.0,0.058,6.23
109410.0,-327.0,3798.0,0.033,6.48
109416.0,-13.0,3532.0,0.0,6.96
109421.0,-439.0,3493.0,-0.025,6.23
109425.0,8.0,3760.0,0.083,6.72
109431.0,-222.0,3730.0,0.092,6.96
109435.0,-349.0,3589.0,0.067,6.23
109441.0,-248.0,3757.0,-0.008,6.72
109446.0,-336.0,3916.0,0.05,6.48
109451.0,-291.0,3573.0,0.117,6.96
109456.0,-279.0,3735.0,0.058,6.23
109462.0,-327.0,3720.0,0.133,6.23
109466.0,-242.0,3563.0,0.008,6.23
109472.0,-386.0,3419.0,0.025,6.48
109477.0,-166.0,3812.0,-0.033,7.45
109481.0,45.0,3621.0,0.033,6.72
109488.0,-445.0,3949.0,-0.025,6.72
109493.0,-383.0,3778.0,0.008,6.48
109497.0,-126.0,3429.0,0.008,6.48
109502.0,-126.0,3566.0,0.017,7.21
109507.0,3.0,3673.0,-0.025,6.48
109513.0,-227.0,3569.0,0.033,7.21
109518.0,65.0,3618.0,-0.05,6.23
109522.0,-16.0,3957.0,0.017,6.72
109529.0,-496.0,3821.0,0.058,6.48
109534.0,-108.0,3764.0,0.067,6.48
109538.0,-317.0,3615.0,-0.042,6.23
109543.0,-163.0,3826.0,0.0,6.23
109548.0,-154.0,3659.0,0.083,6.48
109553.0,-362.0,3691.0,0.017,6.48
109558.0,-92.0,3956.0,-0.017,6.48
109563.0,-119.0,3821.0,0.05,6.72
109569.0,-31.0,4239.0,-0.017,6.96
109574.0,-25.0,4070.0,0.075,6.96
109579.0,-112.0,4071.0,0.125,6.96
109585.0,-246.0,3545.0,0.0,6.48
109590.0,-188.0,3754.0,-0.017,6.72
109595.0,-17.0,3682.0,-0.05,6.23
109600.0,-483.0,3620.0,0.0,6.23
109605.0,-189.0,3897.0,0.008,6.23
109611.0,-34.0,3422.0,0.025,6.23
109616.0,-140.0,3586.0,0.008,6.72
109621.0,-298.0,3613.0,0.05,6.48
109626.0,21.0,3515.0,0.067,6.48
109632.0,49.0,3515.0,0.067,6.72
109637.0,-403.0,3982.0,-0.017,6.72
109641.0,-12.0,3653.0,0.083,6.48
109647.0,48.0,3743.0,0.05,6.23
109652.0,-264.0,3990.0,0.05,6.72
109658.0,-361.0,3620.0,0.125,6.96
109663.0,9.0,3614.0,-0.058,6.72
109668.0,53.0,3727.0,-0.042,6.48
109673.0,-154.0,3584.0,-0.075,6.23
109678.0,-82.0,3690.0,0.042,6.48
109683.0,46.0,3715.0,-0.008,6.96
109688.0,-147.0,3895.0,-0.05,6.23
109694.0,-285.0,3917.0,-0.017,6.23
109700.0,-29.0,3678.0,0.0,6.96
109704.0,-4.0,4005.0,0.1,6.23
109709.0,-368.0,4092.0,0.025,6.23
109714.0,-449.0,3641.0,0.017,6.48
109720.0,-163.0,3313.0,0.033,6.48
109725.0,-107.0,3640.0,0.05,6.48
109729.0,-148.0,3677.0,0.008,6.23
109735.0,126.0,3733.0,-0.008,6.96
109741.0,-184.0,3760.0,-0.017,6.23
109745.0,-185.0,3793.0,0.058,6.48
109751.0,71.0,3489.0,0.008,6.72
109756.0,-183.0,3390.0,0.008,6.48
109761.0,-186.0,3606.0,0.0,6.96
109766.0,-88.0,3726.0,-0.042,6.23
109771.0,-306.0,3791.0,0.067,6.96
109776.0,-617.0,3760.0,0.0,6.23
109782.0,-205.0,3994.0,0.017,6.48
109787.0,-69.0,3845.0,-0.042,6.23
109792.0,182.0,3953.0,-0.025,6.48
109797.0,63.0,3856.0,-0.083,6.96
109802.0,-306.0,3427.0,-0.042,6.23
109806.0,-199.0,3598.0,0.058,6.72
109811.0,-329.0,3595.0,0.017,6.48
109816.0,-368.0,3603.0,0.008,6.48
109821.0,-250.0,3574.0,-0.025,6.48
109827.0,-49.0,3691.0,0.133,6.23
109833.0,-137.0,3585.0,0.058,6.48
109838.0,133.0,3622.0,0.05,6.23
109842.0,36.0,3959.0,-0.033,6.23
109848.0,-68.0,3497.0,-0.058,6.48
109853.0,-142.0,3602.0,0.025,6.48
109858.0,-287.0,3774.0,0.025,6.48
109862.0,-352.0,3733.0,0.008,6.96
109868.0,-480.0,3766.0,0.017,7.7
109873.0,-381.0,3678.0,-0.058,6.48
109878.0,-311.0,3571.0,-0.075,6.96
109883.0,22.0,3318.0,0.042,6.48
109889.0,-272.0,3910.0,-0.025,6.72
109894.0,-274.0,4069.0,0.025,6.72
109898.0,-17.0,3844.0,0.05,6.23
109903.0,-273.0,3747.0,-0.017,6.72
109908.0,-339.0,3936.0,0.033,6.48
109914.0,-350.0,3818.0,0.025,6.48
109919.0,-196.0,4021.0,-0.125,6.48
109924.0,-392.0,3796.0,-0.083,6.48
109930.0,-71.0,4032.0,0.125,6.48
109935.0,-97.0,4223.0,-0.058,6.48
109940.0,-339.0,3828.0,0.025,6.23
109945.0,-330.0,3242.0,0.15,6.48
109950.0,-16.0,3391.0,0.125,6.48
109955.0,-143.0,3420.0,0.125,6.72
109960.0,-399.0,3693.0,0.058,6.96
109965.0,-419.0,3984.0,-0.008,6.23
109970.0,-302.0,3936.0,-0.117,6.23
109975.0,-506.0,3945.0,0.1,6.48
109981.0,174.0,4380.0,0.033,6.23
109986.0,-11.0,3994.0,-0.15,6.23
109991.0,3.0,3827.0,0.017,6.23
109997.0,193.0,3408.0,0.083,6.23
110002.0,-232.0,3658.0,-0.108,6.48
110007.0,-112.0,3647.0,0.125,6.48
110012.0,-183.0,3567.0,0.167,6.23
110016.0,-562.0,3556.0,-0.233,6.23
110021.0,-234.0,3457.0,0.125,6.23
110026.0,-125.0,3705.0,0.1,6.96
110032.0,85.0,3744.0,-0.133,6.72
110038.0,-63.0,3575.0,0.025,6.48
110043.0,-50.0,3677.0,0.025,6.23
110048.0,-358.0,3650.0,-0.117,6.48
110053.0,-426.0,3753.0,0.158,6.96
110058.0,-443.0,4067.0,0.092,6.96
110063.0,-91.0,3302.0,-0.167,6.23
110068.0,-28.0,3648.0,0.167,6.48
110072.0,-227.0,3897.0,-0.175,6.72
110077.0,305.0,3636.0,-0.008,6.48
110083.0,-2.0,3612.0,0.275,6.72
110088.0,96.0,3671.0,0.117,6.48
110093.0,-228.0,3888.0,-0.017,6.48
110099.0,-473.0,3850.0,0.075,6.48
110104.0,-475.0,3643.0,-0.042,6.48
110109.0,-295.0,3866.0,0.025,6.48
110113.0,-268.0,3743.0,-0.008,6.48
110118.0,-376.0,3794.0,-0.05,6.48
110124.0,-609.0,3450.0,0.033,6.72
110129.0,-48.0,3375.0,0.067,6.23
110134.0,-46.0,3529.0,0.058,6.96
110139.0,-17.0,3549.0,0.0,6.48
110144.0,-197.0,3644.0,0.05,6.48
110149.0,75.0,3919.0,0.075,6.96
110154.0,-56.0,3870.0,0.017,6.96
110159.0,-26.0,3893.0,0.0,6.48
110164.0,65.0,3897.0,0.017,6.48
110170.0,35.0,3606.0,0.092,6.23
110175.0,-293.0,3867.0,0.008,6.48
110180.0,-188.0,3475.0,0.05,6.23
110185.0,0.0,3624.0,0.058,6.23
110191.0,-574.0,3588.0,-0.025,6.23
110196.0,-507.0,3846.0,0.042,6.72
110200.0,-192.0,3933.0,0.058,6.23
110206.0,-4.0,3387.0,0.092,6.23
110212.0,-307.0,3677.0,0.083,6.48
110217.0,-157.0,3966.0,0.083,6.23
110222.0,-547.0,4007.0,0.008,6.23
110226.0,-102.0,4414.0,0.05,6.23
110231.0,-94.0,3761.0,-0.033,6.96
110237.0,-271.0,4055.0,-0.05,6.23
110241.0,-158.0,4020.0,-0.033,6.48
110247.0,-102.0,3948.0,0.075,6.23
110253.0,-243.0,4074.0,-0.058,6.48
110257.0,10.0,4117.0,0.025,6.48
110263.0,-270.0,3929.0,0.058,6.48
110268.0,-413.0,3923.0,0.033,6.23
110273.0,-71.0,4182.0,-0.008,6.96
110278.0,-227.0,4042.0,0.058,6.48
110283.0,158.0,4176.0,-0.05,6.23
110288.0,-245.0,4329.0,0.142,6.23
110294.0,93.0,3769.0,0.067,6.96
110299.0,-154.0,3475.0,0.05,6.23
110304.0,-131.0,3646.0,-0.017,6.96
110310.0,-351.0,3750.0,-0.017,6.23
110315.0,-182.0,3624.0,0.017,6.96
110319.0,79.0,3705.0,-0.033,6.48
110324.0,-398.0,3603.0,0.058,6.48
110329.0,41.0,3670.0,0.133,6.48
110334.0,-63.0,3786.0,0.075,6.96
110340.0,-354.0,4124.0,-0.008,6.72
110345.0,-325.0,4305.0,0.133,6.48
110350.0,27.0,3905.0,0.025,6.48
110355.0,-24.0,3809.0,-0.025,6.72
110360.0,-339.0,3876.0,-0.158,6.48
110366.0,-141.0,3792.0,-0.1,6.48
110370.0,-214.0,3939.0,-0.075,6.72
110375.0,-390.0,4194.0,0.033,6.48
110381.0,-551.0,3640.0,0.0,6.23
110386.0,222.0,3765.0,-0.05,6.23
110391.0,-30.0,3713.0,-0.008,6.48
110396.0,-373.0,3993.0,-0.033,6.23
110401.0,-234.0,3830.0,-0.017,6.48
110407.0,-292.0,3590.0,0.15,6.48
110412.0,-505.0,3958.0,0.158,6.48
110416.0,-292.0,3975.0,0.15,6.23
110423.0,18.0,3625.0,0.017,5.74
110427.0,-205.0,3986.0,0.008,6.48
110432.0,-263.0,3939.0,-0.017,6.48
110437.0,-166.0,3587.0,0.017,6.23
110442.0,197.0,3550.0,0.017,6.48
110447.0,-553.0,3838.0,-0.025,6.23
110453.0,-240.0,4128.0,-0.017,6.96
110457.0,-127.0,4375.0,0.05,6.23
110464.0,-93.0,4357.0,0.025,6.48
110469.0,-42.0,4617.0,0.05,6.23
110473.0,-519.0,4174.0,-0.042,6.48
110479.0,-157.0,3932.0,-0.008,6.72
110483.0,-100.0,4319.0,-0.033,6.48
110488.0,-208.0,4030.0,0.075,7.21
110494.0,-514.0,3886.0,0.075,6.72
110498.0,-515.0,3565.0,-0.108,6.23
110504.0,-463.0,3352.0,-0.008,6.23
110510.0,-564.0,3844.0,0.033,6.48
110514.0,-179.0,3947.0,-0.017,6.23
110520.0,-417.0,4093.0,0.008,6.72
110525.0,-188.0,3689.0,-0.067,6.48
110529.0,-323.0,3310.0,0.158,6.96
110535.0,-235.0,3554.0,0.117,6.23
110540.0,-182.0,3479.0,0.142,6.72
110545.0,-24.0,3366.0,0.125,6.23
110551.0,76.0,2938.0,-0.008,6.72
110556.0,-91.0,3131.0,0.1,6.96
110561.0,-167.0,3586.0,0.042,6.72
110566.0,109.0,3348.0,0.025,6.96
110571.0,-68.0,2973.0,0.025,6.48
110576.0,-118.0,3254.0,-0.05,6.72
110580.0,75.0,3439.0,-0.017,6.96
110585.0,-171.0,3822.0,-0.017,6.23
110592.0,-483.0,3782.0,-0.108,6.96
110597.0,-200.0,3941.0,0.017,6.48
110602.0,-2.0,3380.0,-0.042,6.96
110607.0,-84.0,3346.0,-0.05,6.23
110612.0,-89.0,3473.0,0.075,6.23
110617.0,-271.0,3258.0,0.1,6.96
110622.0,-335.0,3248.0,0.117,6.72
110627.0,-192.0,3075.0,0.083,6.48
110632.0,-118.0,3141.0,-0.008,6.72
110639.0,-508.0,3065.0,0.125,6.23
110643.0,-707.0,3114.0,0.058,6.23
110648.0,-257.0,3527.0,0.058,6.72
110654.0,-325.0,3243.0,0.058,6.72
110659.0,-204.0,3658.0,0.033,6.72
110664.0,40.0,4511.0,0.1,6.72
110669.0,-140.0,5423.0,0.0,6.96
110674.0,-313.0,3750.0,0.05,6.48
110680.0,-217.0,4412.0,0.275,6.48
110686.0,253.0,4368.0,-0.058,6.96
110690.0,-156.0,4331.0,-0.117,6.48
110695.0,-140.0,3794.0,0.258,6.23
110701.0,50.0,4182.0,0.225,6.23
110705.0,-247.0,4339.0,0.025,6.23
110710.0,149.0,3738.0,0.05,6.48
110716.0,-433.0,3394.0,0.108,5.01
110721.0,64.0,3329.0,-0.15,6.72
110727.0,-90.0,3381.0,0.075,5.5
110732.0,-42.0,3345.0,0.083,6.48
110737.0,-127.0,3140.0,0.025,6.72
110742.0,-525.0,3129.0,0.15,6.48
110748.0,61.0,3293.0,0.067,6.48
110752.0,-120.0,3226.0,-0.033,6.72
110758.0,-364.0,3518.0,-0.142,6.23
110764.0,-42.0,3538.0,-0.067,6.72
110769.0,171.0,3215.0,0.133,6.48
110773.0,-16.0,3726.0,-0.008,6.72
110778.0,-213.0,3967.0,-0.033,6.72
110782.0,-216.0,3708.0,0.133,7.45
110788.0,-90.0,3292.0,0.033,7.21
110793.0,-393.0,3519.0,0.083,6.48
110798.0,7.0,3703.0,0.083,6.23
110803.0,-167.0,3717.0,0.017,6.23
110809.0,-12.0,3602.0,0.15,6.96
110815.0,-76.0,4000.0,0.033,6.48
110820.0,-162.0,3870.0,0.0,6.48
110825.0,-317.0,4345.0,-0.083,4.52
110830.0,41.0,4280.0,-0.108,6.48
110835.0,-383.0,4414.0,-0.058,7.45
110840.0,-174.0,4469.0,0.067,6.48
110845.0,-176.0,4367.0,-0.033,6.23
110852.0,82.0,4597.0,-0.025,6.23
110857.0,-534.0,5083.0,0.125,6.96
110862.0,-493.0,4720.0,0.158,6.72
110867.0,-97.0,4576.0,0.025,6.23
110873.0,-183.0,4558.0,0.05,6.23
110877.0,-456.0,4255.0,0.008,6.48
110883.0,-236.0,4485.0,0.117,6.23
110888.0,-240.0,4797.0,0.008,6.48
110895.0,-354.0,4835.0,0.1,6.48
110900.0,-167.0,4852.0,-0.125,6.48
110905.0,-287.0,4758.0,0.017,6.23
110911.0,-179.0,4566.0,-0.058,6.23
110915.0,-92.0,4847.0,0.0,6.23
110921.0,-30.0,4689.0,-0.042,6.48
110926.0,-196.0,4337.0,0.042,6.48
110931.0,-189.0,4368.0,0.15,6.72
110937.0,-74.0,4248.0,0.217,6.48
110942.0,194.0,3738.0,-0.017,6.48
110947.0,41.0,3843.0,0.175,6.96
110952.0,-171.0,4251.0,-0.075,6.23
110958.0,-195.0,3895.0,0.033,6.23
110963.0,-379.0,4216.0,0.208,6.48
110967.0,-452.0,3957.0,0.075,6.23
110973.0,-20.0,4219.0,0.083,6.72
110978.0,23.0,4510.0,0.058,6.23
110984.0,1.0,4326.0,-0.1,6.48
110989.0,-509.0,4708.0,-0.067,6.23
110994.0,-171.0,4785.0,-0.05,6.23
110999.0,18.0,4802.0,0.067,6.48
111004.0,-354.0,4890.0,-0.042,6.48
111009.0,-286.0,5061.0,-0.025,6.48
111014.0,-49.0,5306.0,-0.033,6.48
111021.0,-227.0,4836.0,0.033,6.96
111025.0,-512.0,4969.0,-0.05,6.23
111031.0,-174.0,5007.0,0.142,6.48
111036.0,-226.0,4713.0,-0.033,6.23
111041.0,42.0,4710.0,0.083,6.96
111046.0,201.0,4521.0,0.008,5.74
111051.0,-277.0,3571.0,0.067,6.96
111056.0,-365.0,3594.0,0.117,6.96
111062.0,-356.0,3747.0,0.117,6.23
111067.0,-122.0,3263.0,0.083,6.48
111072.0,-227.0,3254.0,0.125,6.48
111077.0,-92.0,3220.0,0.067,7.21
111083.0,-44.0,3352.0,-0.058,6.48
111087.0,-47.0,3131.0,-0.133,6.48
111093.0,125.0,2941.0,-0.175,6.23
111098.0,-123.0,3229.0,-0.05,6.23
111104.0,-193.0,3128.0,0.158,6.48
111109.0,-124.0,2899.0,0.083,6.23
111114.0,-380.0,2531.0,0.092,6.96
111119.0,-211.0,2788.0,0.033,6.23
111124.0,-150.0,2614.0,-0.008,6.72
111129.0,4.0,2730.0,0.108,6.23
111134.0,-9.0,2691.0,0.217,6.48
111139.0,-289.0,2789.0,0.033,6.48
111145.0,-619.0,2607.0,0.05,6.48
111151.0,-289.0,2860.0,0.033,6.23
111156.0,-158.0,2929.0,-0.217,6.48
111161.0,-618.0,2921.0,0.008,6.48
111166.0,-761.0,2622.0,0.05,6.23
111171.0,-652.0,3050.0,0.017,6.48
111176.0,40.0,3143.0,0.025,6.72
111180.0,-139.0,3346.0,0.075,5.99
111186.0,-483.0,3490.0,0.033,6.48
111192.0,-245.0,3545.0,0.058,6.96
111197.0,-272.0,3346.0,-0.017,6.48
111202.0,-470.0,3776.0,0.067,6.48
111207.0,-56.0,3483.0,0.008,6.48
111212.0,83.0,3824.0,-0.058,6.48
111217.0,-197.0,3919.0,0.067,6.23
111221.0,-304.0,3946.0,-0.033,6.23
111227.0,-294.0,4106.0,0.042,6.96
111233.0,-214.0,3901.0,0.033,6.96
111237.0,-305.0,4052.0,0.1,7.21
111243.0,-327.0,3996.0,0.05,6.96
111248.0,115.0,4235.0,0.033,6.23
111253.0,-94.0,4420.0,0.05,6.23
111258.0,-402.0,4116.0,0.008,6.23
111263.0,-158.0,4151.0,0.033,6.48
111268.0,-1.0,4504.0,0.025,6.48
111273.0,-673.0,4309.0,-0.008,6.23
111278.0,-486.0,4736.0,-0.042,6.48
111284.0,234.0,4240.0,0.042,6.48
111289.0,-144.0,4135.0,-0.075,6.96
111293.0,-179.0,4348.0,0.033,6.48
111299.0,-337.0,4376.0,0.017,6.23
111304.0,-89.0,4135.0,0.033,6.96
111309.0,-100.0,4306.0,0.083,6.23
111314.0,-32.0,4022.0,0.042,6.48
111320.0,116.0,3605.0,0.067,6.48
111325.0,-431.0,3953.0,0.008,6.23
111331.0,-251.0,4043.0,-0.033,6.72
111336.0,69.0,4268.0,-0.017,6.23
111340.0,-182.0,4195.0,-0.083,6.48
111346.0,-352.0,4195.0,-0.017,6.72
111351.0,-264.0,3974.0,-0.067,6.23
111355.0,-109.0,3797.0,-0.008,6.23
111362.0,-379.0,4327.0,-0.05,6.23
111367.0,-205.0,4272.0,-0.117,6.48
111372.0,-140.0,3948.0,-0.017,6.48
111378.0,72.0,4216.0,0.083,6.48
111383.0,2.0,3787.0,0.058,6.48
111387.0,-95.0,3852.0,0.058,6.96
111393.0,61.0,3886.0,0.058,6.72
111398.0,109.0,3895.0,-0.025,6.48
111404.0,50.0,3567.0,0.008,6.23
111409.0,-94.0,3997.0,0.025,6.72
111414.0,-226.0,3922.0,0.025,6.48
111419.0,-295.0,4023.0,-0.075,6.23
111424.0,-381.0,3927.0,0.042,6.48
111429.0,-59.0,3914.0,-0.142,6.48
111434.0,-178.0,4154.0,0.0,6.48
111440.0,-588.0,3958.0,-0.05,5.99
111446.0,34.0,4317.0,-0.067,6.72
111450.0,61.0,3890.0,0.033,6.48
111456.0,-329.0,4036.0,0.017,6.23
111461.0,-267.0,3731.0,-0.025,6.23
111466.0,-132.0,3691.0,0.0,6.23
111471.0,-266.0,4053.0,0.058,6.48
111476.0,-158.0,4088.0,0.108,6.23
111481.0,215.0,4003.0,0.025,6.72
111488.0,-271.0,4015.0,0.083,6.48
111493.0,37.0,3928.0,0.008,6.96
111497.0,132.0,3949.0,0.0,6.23
111502.0,-118.0,3690.0,0.058,6.48
111507.0,-350.0,4085.0,0.033,6.48
111512.0,-75.0,4267.0,0.025,6.23
111517.0,-205.0,4256.0,-0.067,6.48
111522.0,-418.0,4119.0,0.017,6.23
111527.0,-68.0,4231.0,0.033,6.96
111533.0,-174.0,4076.0,0.008,6.72
111538.0,-327.0,4059.0,0.033,6.72
111544.0,-487.0,3943.0,0.108,6.72
111549.0,-257.0,3954.0,-0.008,6.96
111554.0,-34.0,4212.0,0.033,6.48
111558.0,-401.0,3931.0,0.117,6.48
111563.0,169.0,4190.0,0.083,6.72
111568.0,-206.0,4218.0,0.0,5.01
111574.0,-296.0,4251.0,0.008,6.72
111579.0,-69.0,4080.0,-0.067,6.96
111584.0,-141.0,4218.0,-0.017,6.23
111589.0,-41.0,4307.0,0.083,7.21
111594.0,-56.0,4129.0,-0.033,6.23
111599.0,-83.0,3934.0,0.042,6.48
111604.0,85.0,3145.0,-0.108,6.96
111609.0,54.0,3569.0,0.033,6.23
111614.0,-38.0,3932.0,-0.008,6.48
111620.0,-337.0,4073.0,0.125,6.96
111625.0,-143.0,4143.0,0.05,6.48
111630.0,-301.0,4164.0,-0.008,6.72
111635.0,-154.0,4152.0,-0.025,6.96
111640.0,-241.0,4423.0,0.083,6.23
111645.0,1.0,4450.0,0.108,6.48
111650.0,-34.0,4154.0,-0.008,6.48
111655.0,84.0,4043.0,0.033,6.48
111661.0,-188.0,4164.0,0.017,6.23
111666.0,-315.0,4204.0,0.05,6.48
111671.0,-375.0,4143.0,-0.017,6.23
111676.0,-460.0,4096.0,0.083,6.48
111680.0,1.0,3819.0,0.108,6.96
111685.0,-172.0,4000.0,0.117,6.48
111689.0,-231.0,4021.0,0.092,6.48
111695.0,13.0,4318.0,0.025,6.48
111700.0,318.0,4074.0,-0.025,6.72
111706.0,-122.0,4135.0,0.058,6.23
111711.0,-219.0,4383.0,0.008,8.68
111715.0,-24.0,4592.0,-0.075,7.21
111720.0,-520.0,4403.0,-0.058,6.72
111725.0,-493.0,4869.0,0.083,6.23
111730.0,127.0,4458.0,0.175,6.48
111735.0,31.0,4547.0,0.117,6.48
111740.0,-310.0,4795.0,0.067,6.23
111747.0,-452.0,4734.0,-0.008,6.48
111752.0,-284.0,4833.0,0.017,6.96
111757.0,-245.0,4525.0,0.025,6.48
111762.0,-391.0,4622.0,0.017,6.23
111767.0,-269.0,4994.0,-0.025,6.96
111772.0,-328.0,4634.0,0.017,6.48
111777.0,-304.0,4643.0,-0.017,7.21
111782.0,-164.0,4644.0,-0.025,6.72
111788.0,-67.0,4652.0,0.05,6.48
111793.0,-119.0,4789.0,0.067,6.48
111799.0,-205.0,4296.0,0.025,6.48
111804.0,-184.0,3978.0,0.033,6.48
111809.0,-8.0,3909.0,-0.042,6.72
111814.0,-280.0,3477.0,0.017,6.23
111819.0,-229.0,3473.0,0.025,6.48
111824.0,-497.0,3058.0,0.05,6.23
111830.0,71.0,3339.0,0.042,6.96
111835.0,46.0,2555.0,0.067,6.23
111840.0,-200.0,2552.0,-0.042,6.96
111846.0,-60.0,2230.0,0.025,6.48
111851.0,-377.0,2062.0,0.058,6.23
111855.0,-386.0,2227.0,-0.05,6.48
111861.0,-200.0,1897.0,0.033,6.23
111866.0,167.0,2279.0,0.008,6.48
111872.0,-331.0,2080.0,0.033,6.96
111877.0,-107.0,2217.0,-0.033,6.72
111882.0,-68.0,2315.0,0.058,6.48
111887.0,-46.0,2424.0,0.033,7.21
111893.0,-310.0,3218.0,0.05,6.23
111898.0,-37.0,3248.0,0.133,6.48
111902.0,-26.0,3441.0,0.1,6.48
111908.0,-46.0,3681.0,-0.008,6.48
111913.0,-499.0,4013.0,0.033,6.72
111919.0,-281.0,4230.0,0.017,6.48
111924.0,-267.0,4784.0,-0.017,6.48
111929.0,-636.0,4436.0,-0.067,6.23
111934.0,-305.0,4327.0,0.033,6.48
111939.0,-295.0,4757.0,0.083,6.48
111945.0,-368.0,4263.0,0.083,6.23
111949.0,37.0,4314.0,0.025,6.48
111955.0,-385.0,5440.0,0.017,6.48
111961.0,-482.0,4734.0,0.142,6.48
111966.0,-124.0,5303.0,0.1,6.48
111971.0,-252.0,4999.0,0.05,6.48
111976.0,19.0,4407.0,-0.042,6.96
111981.0,-402.0,4256.0,0.025,6.23
111986.0,-32.0,4268.0,-0.083,6.72
111991.0,-27.0,3896.0,0.042,6.48
111996.0,-398.0,3703.0,0.108,6.23
112002.0,238.0,2995.0,0.017,6.23
112007.0,-13.0,3061.0,0.142,6.23
112013.0,-311.0,3350.0,0.025,6.23
112018.0,41.0,3470.0,-0.008,6.23
112023.0,56.0,4180.0,0.125,6.96
112028.0,-197.0,4063.0,0.042,6.72
112033.0,99.0,4007.0,0.017,6.23
112038.0,-282.0,4103.0,0.05,6.48
112044.0,-335.0,3992.0,0.008,6.96
112049.0,-143.0,3910.0,0.058,6.48
112054.0,-314.0,4135.0,0.017,6.48
112059.0,320.0,3580.0,0.017,6.96
112064.0,121.0,3206.0,0.067,7.21
112068.0,-564.0,3355.0,0.008,6.23
112074.0,-86.0,3075.0,0.075,6.23
112079.0,-123.0,3493.0,0.092,6.48
112084.0,-226.0,3390.0,-0.033,7.45
112090.0,-322.0,3944.0,0.042,6.48
112095.0,-279.0,3993.0,-0.042,6.96
112100.0,163.0,3536.0,0.092,6.48
112105.0,-255.0,3908.0,0.025,6.96
112110.0,-170.0,4191.0,-0.025,6.48
112115.0,124.0,3772.0,-0.092,6.23
112120.0,-311.0,3898.0,0.017,6.48
112125.0,-224.0,3779.0,-0.033,6.48
112131.0,10.0,3801.0,0.025,6.96
112136.0,-31.0,3491.0,0.008,6.72
112141.0,-466.0,3300.0,-0.125,6.48
112146.0,90.0,3736.0,0.092,6.23
112151.0,-141.0,3629.0,0.108,7.21
112156.0,-111.0,3438.0,0.083,6.96
112161.0,-265.0,3508.0,0.042,6.48
112166.0,-40.0,3693.0,0.05,6.23
112172.0,-394.0,4134.0,0.05,6.48
112177.0,-309.0,3692.0,0.033,6.48
112182.0,8.0,3839.0,-0.108,6.23
112187.0,-134.0,3849.0,0.058,6.96
112192.0,-363.0,3665.0,-0.017,7.21
112197.0,-194.0,3428.0,0.058,6.48
112202.0,-364.0,3472.0,0.017,6.23
112207.0,-417.0,3211.0,0.033,6.48
112212.0,-571.0,3588.0,0.117,6.72
112218.0,-311.0,3362.0,0.075,6.48
112223.0,-410.0,3707.0,0.092,6.23
112228.0,-156.0,3586.0,-0.017,6.48
112234.0,-396.0,3286.0,0.008,6.48
112238.0,-387.0,3505.0,-0.025,6.48
112243.0,-247.0,4046.0,0.133,4.77
112249.0,-303.0,4004.0,-0.008,6.23
112253.0,-310.0,4099.0,0.042,6.96
112259.0,64.0,3940.0,0.025,6.48
112264.0,-313.0,3887.0,0.067,7.21
112269.0,-537.0,3300.0,0.025,6.48
112275.0,-449.0,3628.0,-0.05,6.23
112279.0,-246.0,3799.0,-0.017,6.48
112284.0,-166.0,3422.0,0.108,6.72
112290.0,-346.0,3598.0,0.033,6.72
112294.0,-71.0,3763.0,-0.017,6.23
112300.0,-623.0,3472.0,0.0,6.48
112306.0,-359.0,3344.0,0.0,6.23
112310.0,84.0,3549.0,-0.05,6.23
112316.0,-150.0,3607.0,0.067,6.23
112321.0,-336.0,3719.0,-0.017,6.48
112326.0,-399.0,3656.0,0.008,6.23
112331.0,-31.0,3673.0,-0.008,9.9
112336.0,-227.0,3809.0,0.067,6.48
112342.0,-222.0,3846.0,0.0,6.96
112347.0,50.0,3551.0,-0.042,6.23
112353.0,-294.0,3897.0,0.008,6.23
112357.0,-319.0,3646.0,0.058,6.48
112363.0,-303.0,3924.0,-0.008,6.23
112368.0,-273.0,3780.0,0.067,6.23
112373.0,-456.0,3539.0,0.008,6.48
112378.0,-448.0,3678.0,0.033,6.48
112384.0,-124.0,3610.0,0.033,6.48
112389.0,-305.0,3853.0,-0.025,6.23
112394.0,307.0,3772.0,0.092,6.48
112400.0,-159.0,3830.0,-0.058,6.72
112404.0,-196.0,3587.0,0.017,6.23
112410.0,-486.0,3801.0,0.05,6.72
112415.0,-134.0,3951.0,0.017,6.48
112420.0,-175.0,3856.0,-0.017,6.48
112425.0,-353.0,3885.0,0.0,6.48
112431.0,-295.0,3481.0,0.025,6.48
112436.0,-104.0,3558.0,0.05,6.72
112441.0,-34.0,3653.0,0.058,6.23
112446.0,-370.0,3663.0,0.067,6.48
112451.0,-337.0,3820.0,0.108,6.48
112457.0,-153.0,3460.0,0.033,6.48
112462.0,-245.0,3502.0,0.05,6.48
112467.0,-356.0,3537.0,0.092,6.48
112472.0,-229.0,3432.0,0.033,6.48
112477.0,-196.0,3663.0,0.017,6.48
112481.0,-331.0,3752.0,-0.033,6.48
112487.0,-73.0,3906.0,0.033,6.23
112492.0,-338.0,4029.0,0.042,6.72
112497.0,-308.0,3489.0,0.033,6.96
112503.0,-368.0,3593.0,0.083,6.96
112507.0,-279.0,3492.0,0.025,6.23
112514.0,-389.0,3166.0,0.067,6.23
112519.0,-149.0,3034.0,0.025,6.48
112525.0,63.0,3670.0,0.092,6.48
112529.0,158.0,3585.0,0.133,6.48
112535.0,-52.0,3447.0,-0.05,6.72
112540.0,-102.0,3897.0,-0.058,6.96
112545.0,-189.0,3694.0,-0.008,6.96
112550.0,145.0,3642.0,0.008,6.23
112557.0,-173.0,3668.0,0.042,6.96
112562.0,83.0,3242.0,-0.008,6.96
112567.0,-104.0,3169.0,0.125,6.23
112572.0,-368.0,3483.0,-0.017,6.96
112578.0,-308.0,3367.0,0.0,6.48
112582.0,-263.0,3486.0,0.042,6.96
112588.0,-305.0,3360.0,0.067,6.48
112593.0,-145.0,3308.0,0.15,7.21
112600.0,-173.0,3882.0,0.017,6.23
112605.0,-512.0,3527.0,0.067,6.72
112610.0,-540.0,3643.0,0.025,6.48
112616.0,-104.0,3403.0,0.017,7.21
112620.0,-271.0,3548.0,0.142,6.48
112626.0,35.0,3824.0,-0.033,6.72
112631.0,31.0,3710.0,-0.058,7.7
112636.0,-113.0,3641.0,-0.008,6.96
112642.0,-376.0,3460.0,-0.008,6.72
112647.0,-368.0,3584.0,0.033,6.23
112652.0,-420.0,3489.0,0.058,6.48
112657.0,-241.0,3370.0,0.025,6.96
112662.0,-231.0,3212.0,0.117,6.23
112667.0,-314.0,3205.0,0.142,6.72
112673.0,32.0,3381.0,0.0,6.23
112678.0,-262.0,3669.0,0.092,6.48
112684.0,-314.0,3478.0,-0.042,6.48
112689.0,-137.0,3539.0,0.017,6.96
112694.0,-157.0,3613.0,-0.05,6.96
112699.0,-179.0,3860.0,0.0,6.48
112704.0,166.0,3997.0,-0.008,6.48
112709.0,-92.0,3243.0,0.042,6.96
112714.0,33.0,3512.0,0.017,5.74
112719.0,-409.0,3410.0,0.0,6.23
112726.0,-127.0,3152.0,0.067,6.96
112731.0,-437.0,3367.0,0.083,6.48
112735.0,-276.0,3394.0,0.092,6.48
112741.0,-250.0,3506.0,0.05,6.23
112746.0,-267.0,3561.0,0.092,6.96
112751.0,-260.0,3619.0,-0.033,6.48
112756.0,-336.0,3763.0,0.017,6.48
112761.0,-195.0,3558.0,0.008,6.72
112766.0,-203.0,3552.0,0.017,6.96
112773.0,-269.0,3882.0,0.017,6.96
112778.0,-221.0,3813.0,0.042,6.23
112782.0,402.0,3426.0,-0.025,6.23
112788.0,-248.0,3418.0,0.0,6.72
112793.0,-210.0,3717.0,0.05,6.48
112798.0,-207.0,3330.0,0.075,6.48
112803.0,-435.0,3540.0,0.025,6.72
112808.0,-504.0,3241.0,0.05,6.23
112814.0,-376.0,3373.0,0.017,6.96
112820.0,-82.0,3801.0,-0.008,6.23
112825.0,-430.0,3800.0,-0.025,6.23
112829.0,-411.0,3887.0,0.075,6.23
112835.0,-91.0,3709.0,-0.075,6.96
112840.0,-479.0,3810.0,0.017,6.72
112844.0,-484.0,3527.0,-0.008,6.48
112850.0,-662.0,3515.0,0.033,6.48
112856.0,-153.0,3548.0,-0.025,6.72
112861.0,-166.0,3512.0,0.0,6.48
112866.0,-406.0,3509.0,0.1,6.23
112870.0,-517.0,3166.0,0.008,6.23
112876.0,-493.0,3452.0,-0.033,6.48
112881.0,-251.0,3549.0,-0.058,6.23
112885.0,-296.0,3586.0,0.067,6.23
112891.0,78.0,3548.0,0.067,6.72
112897.0,-402.0,3905.0,0.017,6.48
112902.0,-231.0,3568.0,0.067,6.48
112907.0,-285.0,3732.0,-0.05,6.48
112912.0,-211.0,3611.0,0.058,6.48
112917.0,-312.0,3351.0,-0.033,6.23
112923.0,-230.0,3707.0,0.033,6.48
112928.0,38.0,3470.0,0.167,6.23
112932.0,-139.0,3199.0,-0.05,6.48
112939.0,-159.0,3287.0,0.05,6.23
112944.0,175.0,3350.0,0.083,6.48
112948.0,-242.0,3741.0,-0.008,6.48
112954.0,-270.0,3353.0,0.025,6.48
112959.0,-104.0,3706.0,-0.058,6.48
112964.0,-87.0,3698.0,0.083,6.48
112970.0,41.0,3868.0,0.058,6.96
112975.0,-117.0,3993.0,0.017,6.48
112979.0,190.0,3874.0,0.083,6.48
112986.0,-22.0,3504.0,0.025,6.72
112991.0,-164.0,3287.0,0.083,6.23
112996.0,-23.0,3455.0,0.008,6.48
113001.0,-149.0,3255.0,-0.008,6.48
113006.0,-355.0,3284.0,0.05,6.48
113011.0,-180.0,3683.0,0.017,6.48
113016.0,-538.0,3391.0,-0.008,6.96
113021.0,-250.0,3346.0,0.058,6.48
113027.0,-139.0,3571.0,0.067,6.23
113032.0,269.0,3473.0,-0.008,6.23
113037.0,-389.0,3592.0,0.0,6.48
113043.0,-442.0,3668.0,0.017,6.23
113048.0,128.0,3618.0,-0.058,6.48
113053.0,-408.0,3501.0,0.058,6.23
113058.0,-137.0,3658.0,0.058,5.25
113063.0,7.0,3294.0,-0.033,6.23
113069.0,237.0,3483.0,0.183,6.96
113074.0,-176.0,3669.0,0.017,6.96
113080.0,-130.0,3109.0,0.033,6.48
113085.0,10.0,3124.0,0.083,6.48
113089.0,-39.0,3655.0,-0.05,6.23
113095.0,-597.0,3499.0,0.042,6.48
113100.0,-347.0,3436.0,0.083,6.23
113104.0,-184.0,3563.0,-0.067,6.48
113111.0,-456.0,3757.0,0.025,6.23
113116.0,18.0,3536.0,0.008,6.23
113121.0,-19.0,3468.0,-0.092,6.72
113127.0,-677.0,3584.0,0.008,6.96
113132.0,-81.0,3681.0,0.033,6.48
113136.0,-38.0,3642.0,0.05,6.96
113141.0,-386.0,3521.0,0.0,6.23
113146.0,-259.0,3410.0,0.175,6.96
113150.0,-162.0,3261.0,0.0,6.48
113156.0,17.0,3210.0,0.008,6.72
113160.0,236.0,3221.0,0.092,7.21
113165.0,-175.0,3722.0,0.042,6.96
113170.0,-164.0,3665.0,-0.008,6.48
113175.0,-266.0,3676.0,0.05,6.72
113180.0,-379.0,3784.0,0.058,6.72
113185.0,51.0,3567.0,0.008,6.48
113189.0,-198.0,4290.0,0.008,6.48
113196.0,-34.0,4506.0,0.067,6.48
113201.0,-408.0,4545.0,0.0,6.96
113205.0,-659.0,4454.0,0.033,6.23
113210.0,-339.0,4511.0,-0.042,6.96
113216.0,-263.0,4480.0,-0.008,6.96
113221.0,-456.0,4738.0,0.033,6.23
113226.0,-280.0,4681.0,0.025,6.48
113230.0,-83.0,4328.0,-0.008,6.23
113235.0,56.0,4449.0,-0.042,6.48
113240.0,-141.0,4604.0,0.142,6.96
113245.0,-324.0,4367.0,0.033,6.96
113250.0,101.0,4322.0,0.05,6.48
113254.0,-628.0,4473.0,0.017,6.72
113259.0,12.0,4054.0,-0.042,6.96
113264.0,145.0,4226.0,-0.008,6.48
113269.0,-157.0,4429.0,0.142,6.48
113274.0,-368.0,4360.0,0.108,6.23
113280.0,-413.0,4125.0,0.067,6.48
113284.0,-150.0,3874.0,-0.008,6.48
113289.0,-229.0,4027.0,-0.083,6.48
113294.0,-7.0,3852.0,0.017,6.48
113299.0,-42.0,3352.0,-0.008,6.48
113304.0,-302.0,3383.0,0.067,6.48
113309.0,-37.0,2831.0,0.083,6.48
113313.0,-282.0,2748.0,0.058,6.48
113318.0,50.0,2645.0,0.033,6.72
113324.0,-119.0,3171.0,0.042,6.48
113330.0,-333.0,3318.0,-0.058,6.23
113335.0,159.0,3361.0,-0.05,6.48
113340.0,-112.0,3509.0,0.017,5.74
113345.0,-284.0,3232.0,0.075,6.23
113349.0,-167.0,3229.0,0.05,6.23
113354.0,-234.0,3124.0,0.042,6.48
113359.0,-464.0,3401.0,0.033,6.23
113364.0,-473.0,3071.0,-0.075,6.23
113370.0,9.0,3390.0,0.083,6.48
113375.0,118.0,3330.0,0.175,6.23
113380.0,-81.0,3181.0,0.125,6.23
113385.0,-267.0,2986.0,0.042,6.72
113390.0,48.0,2942.0,-0.1,6.23
113395.0,-82.0,3207.0,-0.117,6.72
113400.0,-692.0,3154.0,0.083,6.23
113405.0,-633.0,2954.0,0.05,6.23
113411.0,-111.0,2905.0,-0.067,6.23
113416.0,-491.0,3090.0,-0.017,3.79
113421.0,-504.0,3031.0,0.008,6.48
113426.0,-48.0,3086.0,-0.075,6.48
113431.0,-97.0,3176.0,0.0,7.21
113436.0,-483.0,3195.0,0.2,6.48
113441.0,-221.0,3434.0,0.158,6.48
113446.0,-196.0,3580.0,0.067,6.48
113452.0,0.0,3517.0,0.15,6.48
113457.0,-168.0,3417.0,0.175,6.96
113462.0,-229.0,3499.0,-0.192,6.23
113467.0,21.0,3606.0,0.083,6.48
113472.0,-351.0,3939.0,0.092,6.23
113477.0,-176.0,3673.0,-0.225,6.72
113482.0,-134.0,3782.0,0.092,6.48
113488.0,294.0,3629.0,-0.108,6.48
113494.0,237.0,3683.0,-0.1,6.23
113499.0,-163.0,3790.0,0.092,6.72
113504.0,-427.0,3562.0,0.025,6.96
113509.0,-324.0,3780.0,-0.017,6.72
113514.0,-233.0,3659.0,0.2,6.23
113519.0,-595.0,3387.0,0.017,6.72
113524.0,-378.0,3557.0,0.1,6.72
113529.0,-349.0,3632.0,0.008,6.48
113534.0,-24.0,3838.0,0.083,6.72
113540.0,155.0,4345.0,0.05,6.72
113545.0,-163.0,4032.0,0.108,6.48
113550.0,-272.0,3918.0,0.142,6.72
113555.0,-478.0,3821.0,-0.042,6.48
113560.0,-266.0,4186.0,-0.117,6.96
113565.0,-221.0,3926.0,-0.058,6.48
113570.0,127.0,4207.0,-0.108,6.23
113576.0,-123.0,4223.0,-0.025,6.23
113582.0,-336.0,4397.0,-0.042,6.96
113586.0,-315.0,4252.0,-0.033,6.48
113592.0,-333.0,3990.0,-0.025,6.48
113597.0,-408.0,4054.0,0.008,6.96
113601.0,-147.0,3885.0,0.15,6.48
113607.0,-239.0,4239.0,-0.05,6.48
113612.0,-310.0,4003.0,0.025,6.72
113617.0,-96.0,4336.0,0.1,6.23
113623.0,-182.0,4226.0,0.067,6.72
113628.0,-279.0,3930.0,0.1,6.48
113633.0,24.0,4125.0,0.092,7.21
113639.0,-308.0,3959.0,0.033,6.48
113644.0,-137.0,4107.0,0.0,6.23
113648.0,-288.0,3808.0,0.0,6.96
113653.0,-253.0,3526.0,0.033,6.72
113658.0,-112.0,3739.0,-0.108,6.23
113664.0,180.0,3976.0,-0.025,6.23
113668.0,-171.0,3613.0,0.125,6.48
113674.0,-365.0,3382.0,-0.058,6.72
113679.0,-178.0,3400.0,0.058,6.48
113683.0,-305.0,3347.0,0.25,6.23
113689.0,17.0,3555.0,-0.017,6.23
113694.0,-22.0,3401.0,-0.017,6.72
113698.0,-21.0,3492.0,0.05,6.48
113704.0,-117.0,3500.0,-0.067,6.48
113710.0,64.0,3602.0,0.008,6.23
113714.0,-39.0,3563.0,-0.033,6.23
113719.0,-250.0,3501.0,-0.058,6.96
113724.0,-387.0,3276.0,-0.042,6.48
113729.0,41.0,3948.0,0.042,6.48
113734.0,-62.0,3586.0,-0.017,6.96
113739.0,53.0,3593.0,-0.008,6.48
113744.0,-109.0,3291.0,0.058,6.23
113750.0,-108.0,3092.0,0.033,6.23
113755.0,-60.0,2333.0,-0.075,6.48
113761.0,-208.0,-2739.0,-0.225,6.96
113765.0,-133.0,-35954.0,-2.625,6.48
113770.0,-367.0,-110017.0,-4.467,6.48
113776.0,45.0,-337403.0,-5.792,6.48
113781.0,-230.0,-404360.0,-4.933,6.23
113786.0,-428.0,-526501.0,-3.617,6.23
113792.0,-134.0,-596305.0,-2.392,6.48
113798.0,-85.0,-606651.0,-2.125,6.23
113802.0,-42.0,-606776.0,-3.008,6.23
113808.0,-214.0,-592992.0,-3.608,6.72
113813.0,-479.0,-604378.0,-4.0,6.23
113818.0,-310.0,-625537.0,-3.558,6.23
113823.0,-320.0,-696269.0,-3.4,6.48
113829.0,-104.0,-795095.0,-3.525,6.23
113835.0,-247.0,-830792.0,-4.05,6.48
113840.0,-55.0,-839545.0,-4.1,6.23
113845.0,-387.0,-835175.0,-3.558,6.23
113850.0,-438.0,-838678.0,-3.167,6.72
113855.0,-166.0,-857537.0,-3.258,6.96
113861.0,230.0,-891469.0,-3.592,6.23
113866.0,103.0,-920139.0,-3.725,6.48
113871.0,-432.0,-928594.0,-3.692,6.23
113876.0,-62.0,-934370.0,-3.175,6.96
113883.0,-16.0,-935138.0,-3.067,6.96
113887.0,-461.0,-937529.0,-3.158,6.48
113893.0,-155.0,-945684.0,-3.558,6.48
113898.0,47.0,-953080.0,-3.708,6.23
113903.0,-260.0,-956495.0,-3.317,6.23
113908.0,-328.0,-961850.0,-3.058,6.23
113914.0,-72.0,-969342.0,-3.008,6.23
113918.0,-293.0,-972625.0,-3.333,5.99
113924.0,-413.0,-980296.0,-3.275,6.72
113930.0,133.0,-988608.0,-3.217,6.72
113935.0,134.0,-991991.0,-3.292,5.99
113939.0,-3.0,-998290.0,-2.992,6.96
113945.0,147.0,-1005934.0,-2.992,6.23
113950.0,22.0,-1009199.0,-3.108,6.72
113955.0,-396.0,-1013884.0,-3.025,6.23
113961.0,-310.0,-1016596.0,-2.7,6.23
113966.0,51.0,-1017927.0,-2.183,6.23
113971.0,-306.0,-1018918.0,-1.708,6.23
113977.0,-36.0,-1018936.0,-2.133,6.23
113981.0,-57.0,-1018749.0,-2.608,6.23
113987.0,-567.0,-1018844.0,-2.467,5.99
113992.0,-135.0,-1017492.0,-1.792,5.99
113998.0,-197.0,-1016524.0,-0.742,5.99
114003.0,-100.0,-1015447.0,-1.108,5.99
114009.0,-62.0,-1011088.0,-2.325,6.23
114014.0,-566.0,-1006342.0,-1.617,6.72
114019.0,-111.0,-1003995.0,-0.225,6.48
114024.0,184.0,-998760.0,-0.95,5.99
114030.0,44.0,-994876.0,-1.908,6.23
114034.0,1.0,-992519.0,-1.742,6.48
114039.0,-233.0,-990830.0,-0.817,6.23
114045.0,-489.0,-987918.0,-1.217,5.99
114051.0,-310.0,-986979.0,-0.608,6.72
114056.0,-288.0,-985010.0,-0.8,6.48
114061.0,-240.0,-983842.0,-1.025,5.99
114066.0,-339.0,-983597.0,-0.883,6.23
114071.0,-60.0,-983438.0,-0.467,6.48
114076.0,92.0,-981654.0,-0.808,6.23
114081.0,-307.0,-980629.0,-0.883,5.99
114087.0,-471.0,-979851.0,-0.275,5.99
114093.0,-371.0,-978705.0,0.483,6.48
114099.0,-35.0,-977919.0,-0.375,5.99
114103.0,-182.0,-977980.0,-0.608,6.23
114109.0,18.0,-978928.0,0.267,5.99
114115.0,-194.0,-979286.0,0.708,5.99
114120.0,-298.0,-978626.0,0.283,5.99
114125.0,27.0,-978163.0,-0.017,5.74
114130.0,187.0,-978467.0,0.708,5.99
114137.0,-453.0,-978497.0,0.525,5.99
114143.0,-97.0,-977965.0,0.333,6.23
114147.0,-64.0,-978086.0,0.558,5.99
114153.0,-156.0,-979454.0,0.525,5.74
114158.0,-562.0,-980844.0,0.467,5.99
114164.0,-114.0,-981782.0,0.467,5.74
114169.0,-229.0,-982625.0,0.425,6.48
114174.0,-431.0,-984219.0,0.542,5.74
114181.0,-79.0,-985247.0,0.583,5.99
114186.0,-147.0,-986765.0,0.517,6.48
114191.0,-196.0,-987930.0,0.517,6.23
114196.0,-423.0,-989049.0,0.542,6.48
114201.0,239.0,-994325.0,0.658,6.23
114206.0,-40.0,-996246.0,0.625,5.99
114212.0,-368.0,-1000724.0,0.617,5.74
114217.0,32.0,-1003942.0,0.658,5.99
114224.0,10.0,-1008184.0,0.692,5.99
114229.0,-263.0,-1009923.0,0.642,5.99
114234.0,75.0,-1012545.0,0.658,5.99
114240.0,15.0,-1015645.0,0.775,5.99
114246.0,-241.0,-1018041.0,0.583,5.99
114250.0,-74.0,-1019142.0,0.783,5.99
114255.0,-261.0,-1021492.0,0.733,5.99
114262.0,-321.0,-1022790.0,0.767,5.99
114268.0,79.0,-1022190.0,0.742,6.23
114272.0,-114.0,-1021263.0,0.767,5.99
114278.0,-350.0,-1018777.0,0.683,6.23
114284.0,-570.0,-1014983.0,0.767,5.74
114289.0,-640.0,-1010797.0,0.767,5.74
114294.0,-583.0,-1008666.0,0.742,5.74
114299.0,-64.0,-1006743.0,0.7,6.48
114305.0,-360.0,-997391.0,0.783,5.74
114310.0,-167.0,-993552.0,0.683,5.99
114316.0,-43.0,-986982.0,0.75,5.99
114321.0,-321.0,-979916.0,0.8,5.74
114327.0,-141.0,-972730.0,0.775,5.99
114332.0,-156.0,-969239.0,0.742,5.99
114337.0,-189.0,-963181.0,0.75,5.99
114342.0,-157.0,-955517.0,0.742,5.99
114349.0,-257.0,-950766.0,0.767,5.74
114353.0,-200.0,-942841.0,0.683,5.74
114359.0,-74.0,-935219.0,0.708,5.99
114364.0,-110.0,-931236.0,0.742,6.72
114369.0,-47.0,-923309.0,0.667,5.74
114374.0,-171.0,-916225.0,0.708,5.74
114379.0,-7.0,-912822.0,0.717,5.99
114384.0,-306.0,-906567.0,0.658,5.99
114391.0,-530.0,-898849.0,0.683,5.99
114396.0,-64.0,-894660.0,0.775,6.23
114400.0,-107.0,-884643.0,0.683,5.99
114406.0,-673.0,-872925.0,0.692,5.99
114412.0,-209.0,-860979.0,0.608,6.23
114416.0,6.0,-854910.0,0.567,6.48
114421.0,-295.0,-843746.0,0.683,5.99
114427.0,-93.0,-832994.0,0.6,5.99
114433.0,5.0,-827827.0,0.6,6.72
114438.0,230.0,-818568.0,0.533,5.99
114443.0,-514.0,-810274.0,0.6,6.48
114448.0,-112.0,-805737.0,0.633,6.72
114453.0,183.0,-797440.0,0.575,6.48
114459.0,-625.0,-789992.0,0.558,6.48
114464.0,-475.0,-786001.0,0.45,6.48
114468.0,-36.0,-778840.0,0.442,6.23
114475.0,-42.0,-771294.0,0.517,5.99
114480.0,-302.0,-768209.0,0.483,6.48
114485.0,-163.0,-761670.0,0.425,6.23
114490.0,-205.0,-756218.0,0.475,6.23
114496.0,-77.0,-754045.0,0.417,6.48
114500.0,-540.0,-749710.0,0.55,6.23
114506.0,16.0,-746394.0,0.433,6.48
114511.0,-278.0,-745005.0,0.367,5.99
114516.0,-277.0,-742692.0,0.467,6.23
114522.0,-35.0,-739998.0,0.408,6.23
114528.0,-179.0,-736304.0,0.525,6.96
114533.0,-615.0,-734169.0,0.35,6.23
114538.0,-402.0,-729592.0,0.367,6.23
114543.0,-22.0,-725050.0,0.392,6.23
114548.0,-172.0,-722277.0,0.358,6.96
114553.0,-411.0,-717244.0,0.417,6.23
114560.0,-433.0,-712474.0,0.333,6.23
114565.0,105.0,-710511.0,0.3,6.72
114569.0,146.0,-706188.0,0.275,5.99
114575.0,-210.0,-701728.0,0.275,6.48
114580.0,-30.0,-700279.0,0.192,6.23
114585.0,-321.0,-697290.0,0.292,6.23
114590.0,-315.0,-694020.0,0.25,6.23
114596.0,-229.0,-691284.0,0.225,6.23
114601.0,-489.0,-689899.0,0.333,6.96
114607.0,-652.0,-687884.0,0.292,6.72
114613.0,-26.0,-685552.0,0.342,6.48
114618.0,252.0,-684821.0,0.233,6.48
114622.0,-215.0,-683634.0,0.242,6.48
114628.0,-137.0,-681774.0,0.358,6.48
114633.0,-649.0,-681113.0,0.292,6.23
114638.0,-440.0,-680320.0,0.192,6.72
114643.0,-566.0,-678960.0,0.2,6.23
114650.0,4.0,-678289.0,0.158,6.23
114654.0,-65.0,-677554.0,0.1,6.48
114660.0,-263.0,-677304.0,0.25,6.48
114665.0,-487.0,-677417.0,0.258,6.23
114670.0,-338.0,-676524.0,0.117,6.48
114675.0,-196.0,-676350.0,0.1,6.23
114681.0,-194.0,-675940.0,0.225,6.48
114686.0,62.0,-675871.0,0.15,6.23
114692.0,-325.0,-675400.0,0.1,6.23
114697.0,-205.0,-674860.0,0.217,6.48
114702.0,-477.0,-674423.0,0.225,7.7
114707.0,-170.0,-673248.0,0.192,6.48
114713.0,-406.0,-671448.0,0.183,6.96
114718.0,-156.0,-669853.0,0.133,6.96
114722.0,-209.0,-667370.0,0.033,4.28
114728.0,-65.0,-664110.0,0.075,6.96
114734.0,-271.0,-662799.0,0.017,6.96
114739.0,-16.0,-659512.0,-0.092,6.48
114744.0,-268.0,-656034.0,0.158,6.48
114750.0,-130.0,-654053.0,-0.05,6.48
114754.0,-161.0,-651412.0,0.042,6.96
114759.0,-2.0,-648216.0,-0.092,6.72
114764.0,-376.0,-647235.0,0.008,6.23
114769.0,-333.0,-645310.0,-0.133,6.48
114776.0,-595.0,-644584.0,-0.017,6.48
114781.0,-453.0,-644189.0,-0.017,6.48
114786.0,-532.0,-643104.0,0.033,6.72
114791.0,-192.0,-642908.0,-0.033,6.48
114796.0,-230.0,-642247.0,0.033,6.72
114801.0,-515.0,-642104.0,-0.042,6.48
114806.0,-628.0,-641594.0,-0.058,7.21
114811.0,-62.0,-641235.0,-0.05,6.48
114817.0,-179.0,-641024.0,-0.042,6.48
114823.0,-339.0,-640204.0,-0.083,6.72
114828.0,-303.0,-639439.0,0.017,6.23
114833.0,-110.0,-638436.0,-0.025,6.96
114837.0,23.0,-638167.0,0.025,6.23
114842.0,-105.0,-637876.0,-0.083,7.21
114847.0,-232.0,-637250.0,0.042,6.23
114853.0,-184.0,-637399.0,-0.075,6.72
114859.0,-342.0,-637214.0,0.183,6.23
114864.0,-293.0,-636720.0,0.017,6.23
114870.0,193.0,-636634.0,0.025,6.23
114875.0,-225.0,-636377.0,0.133,6.96
114879.0,-186.0,-636186.0,0.067,6.96
114884.0,5.0,-635911.0,0.083,6.23
114889.0,-307.0,-635702.0,0.033,6.48
114894.0,-274.0,-634816.0,0.017,6.96
114899.0,58.0,-634789.0,0.083,6.48
114906.0,-136.0,-634430.0,0.067,6.72
114911.0,-467.0,-633854.0,0.1,6.23
114916.0,-437.0,-633951.0,0.125,6.48
114921.0,-83.0,-633548.0,0.058,6.48
114926.0,-102.0,-632768.0,0.117,6.23
114931.0,-501.0,-633107.0,0.042,6.48
114936.0,-53.0,-633258.0,0.033,6.48
114941.0,-28.0,-632504.0,0.033,6.48
114947.0,-88.0,-632475.0,0.042,6.48
114952.0,-144.0,-632362.0,0.167,6.23
114957.0,-115.0,-631964.0,0.008,6.48
114963.0,-115.0,-631877.0,0.067,6.72
114968.0,-383.0,-631568.0,0.008,6.96
114973.0,-250.0,-631432.0,0.133,6.23
114978.0,-280.0,-631381.0,0.033,6.96
114983.0,-248.0,-630842.0,0.05,6.23
114989.0,-117.0,-630924.0,-0.042,6.23
114994.0,-130.0,-630345.0,0.0,6.23
114999.0,-376.0,-629964.0,0.042,6.23
115004.0,-309.0,-629760.0,0.0,6.48
115009.0,-187.0,-629571.0,0.108,6.23
115015.0,-277.0,-629732.0,-0.008,6.23
115020.0,-374.0,-629690.0,0.033,6.48
115025.0,-420.0,-629207.0,0.092,6.48
115031.0,-60.0,-629428.0,0.017,6.23
115036.0,-93.0,-628956.0,0.017,7.21
115041.0,-338.0,-628825.0,-0.067,6.23
115046.0,-522.0,-628750.0,0.0,6.48
115051.0,-533.0,-628500.0,-0.017,6.23
115056.0,-131.0,-628275.0,0.092,6.23
115061.0,-77.0,-628188.0,0.042,6.23
115066.0,-40.0,-627548.0,0.033,6.72
115073.0,-426.0,-627523.0,0.05,6.48
115078.0,32.0,-627570.0,0.075,6.23
115083.0,-9.0,-627210.0,0.075,6.23
115088.0,-123.0,-626957.0,-0.025,6.48
115093.0,-683.0,-626532.0,0.033,6.23
115098.0,-298.0,-626562.0,-0.008,6.23
115103.0,-364.0,-626487.0,0.025,6.23
115108.0,-198.0,-626092.0,0.083,6.23
115115.0,9.0,-626226.0,0.008,6.48
115119.0,-98.0,-626441.0,-0.008,6.48
115125.0,-60.0,-626173.0,0.1,6.48
115130.0,-29.0,-625733.0,0.067,6.72
115135.0,-180.0,-625774.0,-0.008,6.48
115140.0,-438.0,-625476.0,-0.008,6.23
115145.0,-499.0,-625260.0,0.025,6.48
115150.0,-162.0,-624873.0,0.008,6.96
115155.0,-204.0,-625136.0,0.083,8.19
115161.0,-127.0,-624726.0,0.15,6.96
115166.0,5.0,-624801.0,0.017,6.96
115171.0,-91.0,-624346.0,0.025,6.48
115177.0,-508.0,-624200.0,0.008,6.48
115182.0,-170.0,-624155.0,0.025,6.96
115187.0,-136.0,-624142.0,0.05,6.23
115192.0,-189.0,-623512.0,0.033,6.23
115197.0,166.0,-623631.0,-0.008,6.48
115203.0,-270.0,-623609.0,0.05,6.23
115208.0,-115.0,-622893.0,0.092,6.48
115213.0,-40.0,-622732.0,-0.033,6.23
115219.0,-228.0,-622734.0,0.092,6.23
115224.0,-149.0,-622326.0,0.067,6.72
115229.0,-166.0,-622251.0,0.067,6.23
115234.0,-118.0,-622184.0,-0.067,6.23
115239.0,-307.0,-622136.0,-0.1,6.96
115245.0,-236.0,-621779.0,0.108,6.72
115250.0,-4.0,-621875.0,0.017,6.96
115255.0,-109.0,-621539.0,-0.05,6.48
115260.0,-298.0,-621396.0,-0.017,5.25
115266.0,-114.0,-621144.0,0.025,6.48
115271.0,-481.0,-621068.0,-0.033,6.48
115275.0,-18.0,-620843.0,-0.117,6.48
115281.0,-288.0,-620631.0,0.108,6.48
115287.0,-247.0,-620561.0,-0.042,6.48
115292.0,-612.0,-620270.0,-0.017,6.48
115297.0,-338.0,-619823.0,-0.008,6.72
115302.0,-175.0,-619589.0,0.008,6.23
115307.0,-412.0,-619722.0,-0.008,6.96
115312.0,-446.0,-620080.0,0.017,6.48
115317.0,-555.0,-619730.0,0.042,6.48
115322.0,-184.0,-619661.0,0.05,6.48
115329.0,-152.0,-619167.0,0.067,6.23
115334.0,-61.0,-619373.0,0.05,6.23
115339.0,18.0,-619114.0,0.125,6.96
115344.0,-350.0,-618790.0,-0.017,7.21
115350.0,-216.0,-618644.0,-0.017,6.72
115354.0,-71.0,-618639.0,0.067,6.96
115360.0,-263.0,-617792.0,-0.05,6.96
115365.0,-75.0,-617766.0,0.042,6.72
115371.0,-100.0,-617793.0,0.017,6.48
115376.0,-500.0,-617252.0,-0.05,6.23
115382.0,-22.0,-617432.0,0.083,6.23
115387.0,-9.0,-617278.0,0.0,6.23
115391.0,-364.0,-617271.0,0.05,6.23
115397.0,134.0,-617007.0,0.033,6.48
115402.0,-187.0,-616633.0,0.058,6.96
115407.0,-10.0,-616508.0,-0.075,6.48
115412.0,54.0,-616232.0,0.042,6.48
115418.0,-79.0,-616104.0,-0.083,6.23
115423.0,16.0,-616177.0,0.108,6.48
115428.0,-216.0,-615933.0,0.017,6.72
115434.0,-281.0,-615911.0,0.008,6.72
115438.0,-200.0,-615752.0,0.05,6.23
115444.0,-134.0,-615612.0,-0.033,6.72
115450.0,-324.0,-615746.0,0.017,6.48
115454.0,-333.0,-615527.0,0.008,6.48
115460.0,-355.0,-615398.0,0.067,6.48
115466.0,-333.0,-615268.0,0.075,6.23
115471.0,-346.0,-614923.0,0.025,6.23
115476.0,-6.0,-614978.0,0.05,6.23
115481.0,78.0,-614826.0,0.008,6.23
115486.0,-23.0,-615021.0,0.042,6.48
115491.0,-295.0,-614746.0,0.017,6.23
115497.0,39.0,-614642.0,0.05,6.96
115502.0,-132.0,-614747.0,0.025,6.48
115507.0,-418.0,-614594.0,0.033,6.72
115513.0,-340.0,-614368.0,0.067,6.23
115518.0,-133.0,-614108.0,0.075,6.23
115523.0,-370.0,-614007.0,0.067,6.48
115528.0,-140.0,-614019.0,0.067,6.96
115534.0,-16.0,-614189.0,0.025,6.72
115539.0,-371.0,-614194.0,-0.017,6.48
115545.0,-303.0,-613699.0,-0.058,6.48
115550.0,-135.0,-613711.0,-0.025,6.48
115555.0,-306.0,-613880.0,-0.017,6.48
115560.0,-222.0,-613005.0,0.058,6.23
115566.0,-430.0,-613127.0,0.008,6.72
115571.0,-285.0,-613164.0,0.042,6.72
115576.0,-441.0,-612909.0,0.017,6.96
115581.0,-75.0,-612953.0,-0.008,6.48
115587.0,-36.0,-612638.0,0.025,6.48
115592.0,-429.0,-612677.0,0.108,6.48
115597.0,-601.0,-612567.0,0.108,6.96
115602.0,-342.0,-612628.0,0.017,6.48
115607.0,-92.0,-612179.0,0.0,6.23
115613.0,-750.0,-612423.0,0.05,6.48
115617.0,-337.0,-612290.0,-0.042,6.96
115622.0,-405.0,-612177.0,-0.033,6.96
115629.0,-37.0,-611975.0,0.033,6.72
115634.0,-40.0,-612014.0,0.075,6.48
115639.0,-60.0,-611407.0,0.05,6.23
115644.0,-354.0,-611555.0,0.0,6.96
115649.0,-353.0,-611512.0,0.017,6.48
115654.0,-246.0,-611331.0,-0.117,6.96
115659.0,-114.0,-611239.0,0.1,6.23
115664.0,-205.0,-611078.0,0.117,6.48
115671.0,-101.0,-611146.0,0.025,6.23
115676.0,-71.0,-611020.0,-0.017,7.21
115682.0,-413.0,-611134.0,0.075,6.48
115686.0,-170.0,-610941.0,0.008,6.48
115692.0,-38.0,-610700.0,0.033,6.48
115697.0,-126.0,-610422.0,0.05,6.23
115702.0,-301.0,-610513.0,0.033,6.96
115707.0,-329.0,-610258.0,-0.008,6.72
115714.0,-465.0,-610114.0,-0.008,6.48
115718.0,-70.0,-610061.0,0.058,6.23
115723.0,-199.0,-610172.0,0.025,6.96
115728.0,87.0,-609898.0,0.083,6.48
115733.0,212.0,-610009.0,0.067,6.72
115739.0,-440.0,-609991.0,0.0,6.23
115744.0,-240.0,-609543.0,-0.033,6.48
115750.0,132.0,-609331.0,0.0,6.96
115755.0,-35.0,-609370.0,0.017,6.48
115761.0,-297.0,-609350.0,0.05,6.96
115767.0,-43.0,-609082.0,-0.042,6.72
115771.0,-310.0,-609033.0,0.083,6.48
115776.0,-433.0,-609122.0,0.033,6.96
115782.0,-33.0,-609248.0,0.025,6.23
115786.0,2.0,-609045.0,0.125,6.48
115792.0,-500.0,-608625.0,0.117,6.23
115798.0,-194.0,-608791.0,0.05,6.48
115804.0,-166.0,-608703.0,0.075,7.45
115809.0,-87.0,-608586.0,0.017,6.23
115814.0,-119.0,-608696.0,0.075,6.23
115820.0,-221.0,-608276.0,0.033,6.23
115825.0,-331.0,-608024.0,0.075,6.48
115830.0,-270.0,-607931.0,0.075,6.48
115836.0,146.0,-607887.0,-0.017,6.48
115842.0,-138.0,-607573.0,-0.017,6.72
115848.0,-404.0,-607769.0,0.05,6.48
115853.0,-183.0,-607738.0,0.067,6.48
115858.0,-271.0,-607690.0,0.017,6.96
115864.0,-209.0,-607288.0,-0.008,6.96
115869.0,-105.0,-607342.0,-0.042,6.48
115874.0,-314.0,-607137.0,0.008,6.48
115879.0,-361.0,-607225.0,-0.05,6.48
115886.0,-577.0,-606961.0,0.075,6.23
115891.0,-359.0,-606720.0,0.075,6.96
115896.0,-404.0,-607025.0,0.008,6.72
115901.0,-182.0,-607231.0,0.075,6.23
115907.0,-152.0,-606633.0,0.0,6.23
115911.0,-105.0,-606766.0,-0.033,6.48
115917.0,-145.0,-606246.0,0.008,6.23
115923.0,49.0,-606098.0,0.075,6.23
115929.0,-165.0,-606135.0,0.058,6.48
115933.0,6.0,-606190.0,0.008,6.96
115939.0,-162.0,-606132.0,0.042,6.48
115945.0,4.0,-605912.0,0.008,6.23
115949.0,27.0,-605881.0,0.058,6.72
115955.0,-213.0,-605717.0,-0.042,6.23
115960.0,101.0,-605297.0,-0.05,6.48
115965.0,401.0,-605184.0,0.025,6.48
115971.0,-178.0,-605183.0,0.058,6.23
115977.0,-32.0,-605085.0,0.058,6.48
115982.0,-194.0,-605292.0,0.058,6.72
115986.0,-61.0,-604497.0,0.108,6.96
115992.0,-347.0,-604913.0,0.067,6.48
115998.0,-37.0,-604429.0,0.058,6.23
116002.0,-226.0,-604388.0,0.025,6.48
116007.0,-279.0,-604418.0,0.042,6.48
116014.0,-399.0,-603988.0,0.0,6.48
116019.0,-118.0,-604083.0,0.05,6.96
116024.0,-323.0,-603743.0,0.058,6.23
116029.0,89.0,-604079.0,0.058,6.48
116034.0,-553.0,-603818.0,0.042,6.48
116039.0,-122.0,-603543.0,0.025,6.23
116045.0,-420.0,-603553.0,0.025,6.96
116050.0,-226.0,-603552.0,-0.008,6.48
116056.0,-29.0,-603121.0,0.0,6.96
116061.0,-431.0,-603107.0,0.05,6.48
116066.0,-83.0,-602944.0,0.008,6.23
116071.0,-80.0,-603063.0,0.033,6.96
116076.0,-222.0,-602725.0,0.067,6.48
116082.0,-358.0,-602908.0,0.075,6.72
116086.0,39.0,-603043.0,0.017,6.48
116092.0,241.0,-603095.0,0.067,6.48
116098.0,-165.0,-603164.0,0.017,6.72
116103.0,-192.0,-603101.0,0.05,6.72
116108.0,-88.0,-603585.0,-0.05,7.7
116113.0,-200.0,-603620.0,0.075,6.48
116118.0,-435.0,-603789.0,-0.058,6.23
116124.0,-419.0,-603311.0,0.008,6.23
116129.0,-129.0,-603803.0,0.008,6.48
116134.0,-179.0,-603668.0,0.108,6.96
116140.0,-78.0,-603583.0,-0.042,6.48
116146.0,-86.0,-603511.0,0.083,6.96
116151.0,126.0,-603374.0,0.008,6.96
116155.0,-147.0,-602993.0,0.05,6.96
116161.0,231.0,-603113.0,-0.05,6.48
116166.0,17.0,-603022.0,0.117,6.72
116171.0,-272.0,-602559.0,0.058,6.48
116176.0,-316.0,-602155.0,0.042,6.72
116182.0,28.0,-602120.0,0.033,6.72
116187.0,-245.0,-601747.0,0.092,6.72
116193.0,-545.0,-601515.0,0.133,6.48
116198.0,-85.0,-601334.0,0.125,6.48
116203.0,-330.0,-601155.0,0.142,6.23
116208.0,-584.0,-600413.0,0.067,6.23
116213.0,-96.0,-600138.0,0.083,6.23
116218.0,-119.0,-600085.0,0.083,6.23
116225.0,-359.0,-599867.0,-0.1,6.96
116230.0,-291.0,-599699.0,-0.017,6.96
116235.0,-159.0,-600144.0,0.017,6.48
116240.0,-146.0,-599521.0,0.033,6.48
116246.0,-170.0,-600229.0,0.108,6.23
116251.0,-640.0,-600370.0,0.0,6.96
116255.0,-157.0,-600339.0,0.042,6.23
116261.0,-397.0,-600451.0,0.083,6.48
116267.0,-251.0,-600172.0,0.175,6.23
116272.0,-380.0,-600475.0,0.042,7.94
116277.0,-150.0,-600005.0,0.033,6.48
116283.0,-498.0,-599694.0,0.058,6.23
116287.0,-403.0,-599501.0,0.1,6.23
116292.0,-474.0,-599035.0,-0.108,6.72
116298.0,-380.0,-599030.0,0.158,6.96
116302.0,-245.0,-598629.0,-0.058,6.23
116308.0,-123.0,-598055.0,-0.058,6.48
116314.0,-31.0,-598360.0,0.008,6.48
116319.0,-248.0,-598371.0,0.058,6.48
116324.0,-270.0,-598143.0,0.017,6.96
116329.0,60.0,-598326.0,0.1,6.48
116334.0,39.0,-598013.0,0.117,6.48
116340.0,153.0,-598257.0,0.083,6.72
116345.0,-259.0,-598078.0,0.183,6.96
116350.0,-270.0,-597947.0,0.092,6.23
116356.0,-277.0,-597829.0,-0.025,6.48
116361.0,-23.0,-597794.0,0.042,6.23
116366.0,-112.0,-597339.0,-0.025,6.96
116371.0,-472.0,-597221.0,0.025,6.23
116376.0,-60.0,-597150.0,-0.05,6.48
116381.0,53.0,-597243.0,-0.05,6.48
116386.0,-155.0,-597175.0,-0.058,6.72
116392.0,-107.0,-597140.0,-0.067,6.23
116397.0,-170.0,-596637.0,0.1,6.48
116402.0,37.0,-596900.0,0.025,6.23
116407.0,-265.0,-596831.0,-0.025,6.96
116412.0,154.0,-596637.0,0.0,6.48
116417.0,90.0,-596640.0,0.125,6.23
116422.0,-90.0,-596493.0,0.075,6.48
116428.0,-395.0,-596795.0,0.008,6.23
116433.0,-61.0,-596413.0,-0.017,6.48
116439.0,-115.0,-596214.0,0.0,6.72
116444.0,-48.0,-596461.0,-0.008,6.48
116449.0,-78.0,-596118.0,0.008,6.72
116454.0,-150.0,-596375.0,-0.025,7.45
116459.0,-175.0,-596477.0,-0.042,6.48
116465.0,-101.0,-596583.0,0.025,6.23
116470.0,-203.0,-596608.0,-0.025,6.72
116475.0,-622.0,-596441.0,0.05,6.96
116481.0,-226.0,-596011.0,-0.025,6.96
116486.0,-238.0,-596266.0,0.158,6.96
116491.0,-149.0,-596031.0,0.067,6.48
116496.0,-26.0,-596082.0,0.092,6.48
116501.0,76.0,-595927.0,0.017,6.23
116506.0,435.0,-595763.0,0.067,6.72
116511.0,-105.0,-595738.0,0.067,6.96
116516.0,-201.0,-596137.0,0.117,6.23
116521.0,64.0,-595759.0,0.008,6.96
116527.0,-318.0,-595812.0,0.0,6.23
116533.0,-154.0,-595521.0,0.075,6.48
116538.0,-321.0,-595751.0,0.025,6.48
116543.0,-75.0,-595193.0,0.0,6.96
116548.0,-179.0,-595116.0,-0.075,6.23
116553.0,-284.0,-595273.0,-0.075,6.72
116558.0,-217.0,-595114.0,-0.008,6.72
116563.0,285.0,-595073.0,0.067,6.96
116569.0,-98.0,-595083.0,0.025,6.72
116574.0,-336.0,-594988.0,0.117,6.23
116579.0,36.0,-594945.0,0.0,6.48
116584.0,-7.0,-595061.0,0.1,6.96
116589.0,-129.0,-594716.0,0.017,8.68
116595.0,251.0,-594769.0,0.042,6.23
116600.0,-4.0,-594281.0,0.05,6.72
116605.0,-588.0,-594410.0,0.067,6.72
116611.0,-170.0,-594405.0,-0.025,6.23
116616.0,-337.0,-594373.0,0.008,6.48
116621.0,-519.0,-594088.0,0.058,6.23
116626.0,-71.0,-594113.0,-0.033,6.23
116631.0,-78.0,-593735.0,-0.008,6.23
116637.0,-474.0,-593774.0,0.008,6.48
116642.0,-250.0,-593753.0,0.067,6.48
116647.0,123.0,-594159.0,0.05,6.72
116653.0,-182.0,-593840.0,0.025,6.48
116658.0,-250.0,-593251.0,0.033,6.48
116663.0,-373.0,-593283.0,-0.117,6.72
116668.0,131.0,-593238.0,-0.017,6.96
116673.0,-203.0,-593357.0,0.042,6.96
116678.0,-276.0,-592809.0,0.067,6.23
116683.0,-394.0,-592884.0,0.125,6.96
116689.0,94.0,-592603.0,0.033,6.48
116695.0,-515.0,-592315.0,0.042,6.23
116699.0,-482.0,-592488.0,-0.025,6.23
116705.0,-34.0,-592453.0,0.033,6.48
116710.0,-241.0,-592133.0,0.008,6.48
116715.0,-157.0,-591958.0,0.033,6.48
116720.0,-65.0,-591899.0,0.033,7.21
116725.0,-60.0,-592071.0,0.008,6.48
116730.0,-170.0,-591932.0,0.108,6.23
116736.0,-94.0,-591987.0,0.033,6.23
116741.0,-267.0,-592115.0,0.092,6.23
116747.0,83.0,-592174.0,0.1,6.72
116752.0,-187.0,-592445.0,0.042,7.21
116757.0,-298.0,-592309.0,0.058,6.48
116761.0,-337.0,-592270.0,0.0,6.48
116767.0,-229.0,-591756.0,-0.008,6.23
116772.0,-184.0,-591742.0,-0.017,6.96
116777.0,-289.0,-591523.0,0.042,6.23
116783.0,-147.0,-591609.0,-0.008,6.96
116789.0,-68.0,-591417.0,-0.083,6.23
116793.0,-105.0,-591432.0,0.0,6.23
116798.0,-69.0,-591099.0,0.0,6.48
116803.0,-136.0,-591110.0,0.125,7.21
116808.0,32.0,-590999.0,-0.017,6.23
116813.0,325.0,-590769.0,-0.075,6.48
116818.0,-144.0,-590614.0,0.075,6.23
116824.0,80.0,-589983.0,0.042,6.96
116829.0,97.0,-590611.0,0.075,6.96
116834.0,116.0,-590626.0,0.092,6.72
116839.0,58.0,-590708.0,-0.008,6.72
116844.0,-377.0,-590496.0,-0.05,6.96
116849.0,-60.0,-590329.0,-0.008,6.96
116855.0,-422.0,-590307.0,-0.083,6.48
116860.0,-387.0,-590351.0,-0.033,6.72
116865.0,-140.0,-590542.0,0.025,6.23
116871.0,-420.0,-590286.0,0.017,6.23
116876.0,-455.0,-590544.0,0.008,6.23
116881.0,-108.0,-590587.0,0.025,6.48
116886.0,-52.0,-590598.0,0.0,6.23
116891.0,-119.0,-589625.0,-0.042,6.23
116896.0,-415.0,-589772.0,0.008,6.96
116901.0,-157.0,-589686.0,0.05,6.23
116907.0,-470.0,-589246.0,-0.008,6.48
116912.0,-233.0,-589549.0,-0.033,6.48
116918.0,285.0,-589365.0,0.017,6.72
116923.0,164.0,-589053.0,0.017,6.72
116928.0,-479.0,-588852.0,0.017,6.23
116933.0,-311.0,-588768.0,0.017,6.23
116938.0,-200.0,-589070.0,0.0,6.72
116943.0,-233.0,-588879.0,0.05,7.21
116950.0,-5.0,-589197.0,0.017,6.48
116955.0,-8.0,-588979.0,0.017,6.72
116959.0,-217.0,-588896.0,-0.025,6.48
116965.0,-149.0,-588990.0,0.05,6.48
116971.0,-25.0,-588562.0,0.05,6.72
116975.0,-174.0,-588345.0,-0.025,6.48
116980.0,-232.0,-589016.0,0.017,6.23
116986.0,-492.0,-588894.0,0.0,6.23
116992.0,-437.0,-589031.0,0.1,6.23
116997.0,-301.0,-588770.0,0.075,5.99
117002.0,-397.0,-588334.0,0.025,6.72
117007.0,-370.0,-587964.0,0.017,6.72
117012.0,-75.0,-587805.0,-0.042,6.48
117018.0,-317.0,-588193.0,-0.033,6.23
117023.0,-442.0,-587575.0,0.05,6.48
117028.0,-147.0,-587340.0,-0.042,6.48
117033.0,-87.0,-587584.0,0.017,6.23
117040.0,-255.0,-587090.0,0.042,6.72
117044.0,-284.0,-587215.0,-0.008,6.48
117050.0,238.0,-587360.0,0.075,6.48
117055.0,-72.0,-587326.0,0.033,6.48
117060.0,-157.0,-587251.0,0.033,6.72
117065.0,-387.0,-587194.0,0.067,6.72
117071.0,-39.0,-587218.0,0.075,6.23
117075.0,64.0,-587453.0,0.008,6.48
117081.0,68.0,-587310.0,0.058,6.23
117087.0,-376.0,-587412.0,0.0,6.23
117092.0,-233.0,-587365.0,0.133,6.48
117097.0,-177.0,-587164.0,0.067,6.48
117102.0,-35.0,-587036.0,0.133,6.23
117107.0,-286.0,-586915.0,0.05,6.48
117112.0,-279.0,-586644.0,-0.008,6.72
117117.0,-21.0,-586608.0,0.075,6.23
117123.0,-72.0,-586569.0,0.05,6.48
117128.0,-616.0,-586404.0,0.008,6.96
117134.0,-4.0,-586170.0,-0.025,6.48
117138.0,-49.0,-586041.0,0.067,6.96
117143.0,-341.0,-585838.0,-0.142,6.48
117149.0,-267.0,-585918.0,-0.008,6.23
117154.0,-162.0,-585927.0,0.142,6.23
117159.0,-198.0,-585852.0,-0.025,6.72
117165.0,-108.0,-585876.0,0.042,7.21
117170.0,-211.0,-585959.0,-0.05,6.48
117175.0,-22.0,-585634.0,0.033,6.96
117180.0,-354.0,-585710.0,0.025,6.23
117185.0,-93.0,-585725.0,0.133,6.96
117190.0,-45.0,-585730.0,0.058,6.48
117196.0,-519.0,-585670.0,-0.058,6.96
117200.0,-474.0,-585723.0,0.017,6.48
117206.0,-238.0,-585602.0,0.117,6.48
117212.0,22.0,-585808.0,0.075,6.48
117217.0,-387.0,-585793.0,0.042,6.48
117222.0,-311.0,-584984.0,0.1,6.96
117227.0,-89.0,-585232.0,0.058,6.48
117232.0,-234.0,-585101.0,-0.025,6.72
117237.0,-365.0,-584874.0,0.033,6.23
117242.0,21.0,-584504.0,-0.025,6.48
117248.0,4.0,-584625.0,0.0,6.96
117254.0,-300.0,-584577.0,0.042,6.48
117259.0,-214.0,-584341.0,-0.042,6.48
117265.0,-294.0,-584335.0,0.0,6.96
117269.0,-3.0,-584340.0,0.092,6.48
117275.0,-211.0,-584366.0,0.033,6.48
117280.0,-349.0,-584254.0,-0.033,6.23
117286.0,-377.0,-584046.0,-0.033,6.96
117292.0,-386.0,-584243.0,0.083,6.72
117297.0,-24.0,-584115.0,0.0,6.48
117303.0,-162.0,-584129.0,0.033,6.96
117308.0,-401.0,-584074.0,-0.092,6.48
117312.0,-244.0,-584153.0,0.125,6.23
117318.0,-62.0,-584023.0,0.05,6.96
117322.0,-289.0,-583936.0,0.025,6.96
117328.0,-519.0,-583858.0,-0.008,6.48
117335.0,-431.0,-583884.0,0.042,6.48
117340.0,-327.0,-583528.0,-0.033,6.23
117345.0,-268.0,-583347.0,-0.058,4.28
117351.0,306.0,-583459.0,0.092,6.48
117356.0,-226.0,-583361.0,0.05,6.23
117362.0,-368.0,-583575.0,0.05,6.48
117367.0,-137.0,-583202.0,0.075,6.48
117371.0,-256.0,-582727.0,0.017,6.48
117378.0,-342.0,-583087.0,-0.008,6.48
117383.0,-399.0,-582584.0,0.133,6.23
117388.0,-39.0,-582878.0,0.1,6.48
117394.0,-371.0,-582956.0,-0.033,6.48
117399.0,19.0,-582640.0,-0.042,6.23
117404.0,308.0,-582435.0,-0.067,5.01
117410.0,-90.0,-581967.0,0.033,6.48
117415.0,-96.0,-582955.0,-0.058,6.48
117422.0,-56.0,-582411.0,-0.025,7.21
117426.0,-105.0,-582118.0,-0.008,6.48
117432.0,-171.0,-582490.0,0.058,6.72
117437.0,-601.0,-582536.0,0.083,6.23
117443.0,-317.0,-582158.0,-0.042,6.96
117448.0,-344.0,-582081.0,0.0,6.48
117453.0,-226.0,-581891.0,0.017,6.96
117459.0,-186.0,-581917.0,-0.017,6.48
117466.0,-240.0,-581695.0,0.067,6.96
117470.0,-479.0,-581626.0,0.033,6.72
117476.0,-251.0,-581208.0,0.042,6.72
117481.0,-105.0,-580962.0,-0.017,6.48
117487.0,57.0,-581200.0,0.0,6.96
117492.0,-264.0,-581519.0,0.025,6.48
117497.0,-54.0,-581137.0,0.033,7.21
117504.0,-280.0,-581065.0,-0.008,6.23
117509.0,-156.0,-581133.0,0.017,6.23
117514.0,-259.0,-581114.0,-0.058,6.48
117520.0,-373.0,-581456.0,0.117,6.48
117525.0,-299.0,-581260.0,0.092,6.48
117531.0,-117.0,-581384.0,0.042,6.23
117536.0,4.0,-581153.0,0.133,6.48
117541.0,-25.0,-580873.0,0.0,6.48
117547.0,-361.0,-580693.0,0.025,6.96
117552.0,172.0,-581032.0,0.058,6.48
117557.0,-443.0,-580690.0,0.05,6.48
117563.0,-305.0,-580710.0,0.042,6.48
117568.0,43.0,-580907.0,-0.042,6.48
117572.0,-102.0,-579938.0,0.008,6.72
117578.0,-44.0,-580182.0,-0.017,6.72
117583.0,-138.0,-580057.0,0.025,6.72
117588.0,-307.0,-579452.0,0.042,6.48
117594.0,-531.0,-579906.0,0.042,6.48
117600.0,-175.0,-579865.0,0.067,6.48
117604.0,-320.0,-580170.0,-0.017,6.48
117610.0,-232.0,-579418.0,-0.008,6.72
117615.0,-306.0,-579700.0,0.017,6.72
117621.0,-108.0,-579715.0,0.033,6.23
117625.0,-311.0,-579996.0,-0.033,6.96
117632.0,-831.0,-579626.0,-0.025,6.72
117637.0,-91.0,-579537.0,0.025,6.48
117642.0,-196.0,-579704.0,0.017,6.23
117647.0,-158.0,-579968.0,-0.008,6.23
117652.0,72.0,-579865.0,0.075,6.48
117657.0,-201.0,-579256.0,-0.025,6.48
117663.0,53.0,-579388.0,0.008,6.96
117668.0,-215.0,-579367.0,0.067,6.48
117672.0,8.0,-579304.0,0.05,6.23
117679.0,-44.0,-579270.0,-0.033,6.72
117684.0,-564.0,-579301.0,0.008,6.72
117689.0,-207.0,-578578.0,-0.092,6.23
117694.0,-437.0,-578290.0,0.042,6.96
117699.0,-77.0,-578551.0,0.0,6.96
117704.0,-324.0,-578766.0,0.133,6.23
117710.0,144.0,-578652.0,0.067,6.48
117715.0,-208.0,-578707.0,-0.025,6.96
117721.0,-345.0,-578408.0,0.008,6.48
117726.0,-387.0,-578280.0,-0.042,6.96
117731.0,-515.0,-578269.0,0.008,6.72
117736.0,-550.0,-578146.0,-0.042,6.48
117742.0,-176.0,-578190.0,0.042,6.23
117747.0,-438.0,-578448.0,0.008,8.19
117752.0,-394.0,-578231.0,-0.025,6.48
117757.0,-465.0,-578468.0,0.092,6.48
117764.0,-473.0,-578382.0,0.017,6.48
117769.0,-281.0,-578327.0,0.1,6.48
117773.0,-476.0,-578486.0,-0.042,6.48
117779.0,-128.0,-578020.0,0.05,6.96
117784.0,-10.0,-578111.0,-0.017,6.23
117789.0,-271.0,-577574.0,0.017,7.21
117794.0,-233.0,-577612.0,0.083,6.23
117800.0,-305.0,-577457.0,0.067,6.48
117805.0,-158.0,-577552.0,0.042,6.48
117810.0,23.0,-577364.0,0.042,6.48
117816.0,-329.0,-577049.0,0.017,6.23
117820.0,-246.0,-577056.0,0.0,6.48
117826.0,-430.0,-576922.0,0.025,7.21
117831.0,-520.0,-576895.0,-0.067,6.23
117836.0,-433.0,-576636.0,-0.042,6.48
117841.0,-411.0,-576598.0,0.1,6.23
117847.0,-259.0,-576609.0,0.092,6.96
117852.0,-424.0,-576626.0,-0.058,6.48
117858.0,-644.0,-576980.0,0.058,6.23
117863.0,-496.0,-576965.0,0.108,6.48
117868.0,-303.0,-576720.0,-0.05,6.48
117873.0,134.0,-576782.0,0.017,6.23
117878.0,-534.0,-576265.0,-0.008,6.48
117883.0,-571.0,-576642.0,0.125,6.23
117889.0,-115.0,-576440.0,0.042,6.48
117894.0,-245.0,-576711.0,0.092,7.21
117899.0,-290.0,-576218.0,0.042,6.48
117904.0,-597.0,-576350.0,-0.067,6.96
117909.0,-109.0,-576191.0,-0.017,6.48
117914.0,-160.0,-575964.0,0.125,6.96
117920.0,-398.0,-575926.0,0.008,6.48
117925.0,58.0,-575603.0,-0.025,6.23
117929.0,19.0,-575800.0,0.108,6.48
117936.0,-375.0,-575968.0,0.108,6.23
117941.0,-395.0,-575929.0,0.05,6.48
117946.0,-394.0,-575544.0,0.1,6.72
117951.0,-311.0,-575555.0,-0.067,6.48
117956.0,-487.0,-575778.0,-0.075,6.48
117961.0,-244.0,-575456.0,0.067,6.23
117966.0,-204.0,-575454.0,0.033,6.72
117972.0,-298.0,-575615.0,0.0,6.48
117977.0,-299.0,-575092.0,0.0,6.48
117983.0,21.0,-575064.0,0.0,6.48
117988.0,-257.0,-574983.0,0.05,6.96
117993.0,-276.0,-575208.0,0.042,6.72
117998.0,-196.0,-575054.0,0.042,6.23
118003.0,-140.0,-575103.0,0.025,8.19
118008.0,-339.0,-574888.0,0.15,6.48
118013.0,-568.0,-574987.0,0.017,6.23
118019.0,-222.0,-574786.0,0.025,6.23
118024.0,-63.0,-574812.0,-0.008,6.48
118029.0,-317.0,-574619.0,0.017,6.23
118034.0,-523.0,-574452.0,0.067,6.23
118039.0,-736.0,-574388.0,-0.033,6.48
118045.0,-64.0,-574620.0,0.05,6.48
118050.0,-162.0,-574409.0,0.067,6.48
118055.0,-417.0,-574348.0,-0.042,6.48
118061.0,-29.0,-574120.0,-0.025,7.21
118066.0,1.0,-573967.0,0.008,6.96
118071.0,-318.0,-574246.0,-0.017,6.96
118076.0,-885.0,-574197.0,-0.058,6.48
118081.0,-183.0,-574102.0,0.092,6.72
118086.0,118.0,-573898.0,0.025,6.48
118091.0,-282.0,-573919.0,0.008,6.23
118096.0,-122.0,-573872.0,0.092,7.21
118102.0,-25.0,-573990.0,0.017,6.96
118108.0,-211.0,-573591.0,0.017,6.23
118113.0,-175.0,-573744.0,-0.067,6.48
118118.0,-214.0,-574126.0,0.025,6.72
118123.0,45.0,-573715.0,0.075,7.7
118128.0,-157.0,-573406.0,-0.017,6.48
118133.0,-184.0,-573496.0,0.0,6.72
118138.0,-424.0,-573463.0,-0.008,6.23
118144.0,-342.0,-572986.0,0.075,6.72
118149.0,-339.0,-573304.0,0.033,6.23
118154.0,-447.0,-573179.0,0.0,6.23
118159.0,-253.0,-573034.0,0.042,6.72
118165.0,-334.0,-572990.0,0.0,6.23
118170.0,-348.0,-572965.0,0.1,6.23
118175.0,-254.0,-572468.0,-0.008,6.23
118180.0,-35.0,-572474.0,0.05,6.23
118185.0,-381.0,-572915.0,-0.008,6.23
118191.0,-307.0,-573074.0,-0.033,6.72
118196.0,-156.0,-572722.0,-0.05,6.23
118201.0,-113.0,-572801.0,0.092,6.72
118206.0,-317.0,-572444.0,0.0,6.23
118211.0,-264.0,-572854.0,0.133,6.23
118217.0,-40.0,-572499.0,0.083,6.96
118222.0,-290.0,-572486.0,0.092,6.48
118227.0,-277.0,-572158.0,0.017,6.96
118233.0,-365.0,-572091.0,-0.008,6.23
118238.0,-193.0,-572504.0,0.083,6.23
118243.0,-460.0,-572558.0,-0.05,6.48
118248.0,-287.0,-572521.0,-0.008,6.23
118253.0,-361.0,-572158.0,0.008,6.23
118258.0,-316.0,-571796.0,-0.033,6.23
118263.0,-134.0,-571699.0,0.067,6.23
118268.0,-400.0,-572070.0,0.025,6.23
118275.0,-343.0,-571526.0,0.133,6.23
118280.0,-9.0,-571545.0,0.067,7.21
118285.0,-141.0,-571358.0,0.092,6.23
118290.0,-422.0,-571280.0,-0.042,6.48
118295.0,-399.0,-571563.0,-0.008,6.96
118300.0,-63.0,-571645.0,0.008,6.48
118305.0,14.0,-571501.0,-0.05,6.23
118310.0,-151.0,-571608.0,-0.033,6.48
118317.0,299.0,-571258.0,-0.017,6.72
118322.0,-16.0,-571108.0,0.05,6.23
118326.0,-223.0,-571251.0,0.067,6.23
118332.0,-145.0,-570910.0,-0.033,7.21
118337.0,-178.0,-570896.0,0.033,6.48
118342.0,-654.0,-570763.0,0.0,6.72
118347.0,-112.0,-570824.0,0.025,6.48
118352.0,-163.0,-570946.0,0.067,6.48
118358.0,-222.0,-570785.0,0.0,6.48
118363.0,-134.0,-570861.0,0.067,6.96
118369.0,-309.0,-570713.0,0.058,6.72
118373.0,-60.0,-570518.0,0.017,6.48
118379.0,-122.0,-570738.0,0.042,6.48
118384.0,-421.0,-570440.0,0.092,6.23
118389.0,-98.0,-570463.0,0.017,6.48
118394.0,-156.0,-569927.0,0.075,6.48
118400.0,-175.0,-570149.0,-0.125,6.23
118405.0,-332.0,-570092.0,0.067,6.48
118410.0,-72.0,-570069.0,-0.042,6.72
118415.0,243.0,-569867.0,0.017,6.23
118420.0,-348.0,-569758.0,-0.008,6.23
118426.0,326.0,-570244.0,0.042,6.23
118431.0,1.0,-570058.0,0.0,6.48
118435.0,-130.0,-569787.0,0.0,6.48
118441.0,-244.0,-570069.0,0.008,6.48
118447.0,45.0,-570267.0,0.0,6.23
118452.0,102.0,-570118.0,0.108,6.48
118457.0,-476.0,-569406.0,-0.008,6.96
118462.0,-315.0,-569310.0,-0.042,6.23
118467.0,-232.0,-569545.0,-0.05,6.23
118473.0,-496.0,-569177.0,0.05,6.96
118478.0,-523.0,-569713.0,0.042,6.48
118482.0,-294.0,-569508.0,-0.067,6.23
118489.0,-588.0,-569340.0,0.108,6.48
118494.0,-231.0,-569164.0,0.083,6.48
118499.0,-76.0,-568977.0,-0.008,6.23
118504.0,-196.0,-569552.0,0.008,6.72
118509.0,-195.0,-568964.0,0.1,6.48
118514.0,-228.0,-569017.0,0.058,6.72
118519.0,-188.0,-568851.0,0.008,6.48
118525.0,-505.0,-568763.0,-0.008,6.48
118530.0,-610.0,-568696.0,-0.033,6.72
118536.0,-270.0,-568822.0,0.05,6.48
118541.0,-195.0,-568498.0,0.058,6.96
118546.0,-314.0,-568477.0,-0.075,6.72
118551.0,-150.0,-568659.0,0.017,6.48
118557.0,-388.0,-568573.0,0.05,6.23
118562.0,-457.0,-568562.0,-0.017,6.48
118567.0,-197.0,-568375.0,0.058,6.23
118573.0,263.0,-568165.0,-0.017,6.48
118578.0,108.0,-568187.0,0.008,6.96
118583.0,-121.0,-568502.0,-0.05,6.23
118589.0,33.0,-568150.0,0.033,6.72
118594.0,-342.0,-568176.0,0.075,6.23
118599.0,-263.0,-567987.0,0.033,6.23
118604.0,-399.0,-568013.0,-0.058,6.23
118610.0,-529.0,-567939.0,0.042,6.72
118615.0,-298.0,-567946.0,-0.017,6.48
118621.0,-406.0,-567739.0,-0.017,6.48
118626.0,-38.0,-567627.0,0.042,6.48
118631.0,-145.0,-567742.0,0.008,6.48
118636.0,-51.0,-567589.0,0.058,6.23
118642.0,-417.0,-567463.0,-0.008,6.72
118646.0,-488.0,-567204.0,0.133,6.48
118651.0,-86.0,-567299.0,0.05,6.96
118658.0,-120.0,-566887.0,-0.017,6.23
118663.0,-27.0,-567211.0,0.0,6.72
118668.0,-166.0,-567170.0,0.042,6.23
118673.0,-392.0,-567472.0,0.075,6.48
118679.0,63.0,-567256.0,-0.017,6.48
118683.0,22.0,-567049.0,0.025,6.48
118689.0,-342.0,-566997.0,-0.008,6.72
118694.0,-16.0,-566755.0,0.05,6.23
118700.0,-3.0,-566800.0,0.092,6.23
118705.0,-417.0,-566841.0,0.017,6.72
118711.0,-339.0,-566655.0,0.108,6.96
118715.0,-418.0,-566628.0,0.042,6.48
118720.0,-274.0,-567137.0,0.092,6.96
118726.0,-214.0,-566563.0,0.033,6.72
118731.0,-31.0,-566706.0,-0.058,6.23
118736.0,-209.0,-566115.0,-0.033,6.48
118742.0,-389.0,-566347.0,-0.042,6.23
118747.0,-224.0,-566274.0,-0.042,6.72
118752.0,-68.0,-566313.0,0.05,6.96
118758.0,-206.0,-566241.0,0.042,6.72
118762.0,-345.0,-566162.0,0.092,6.48
118767.0,-12.0,-565899.0,0.092,6.23
118773.0,-250.0,-565795.0,0.05,6.48
118777.0,-335.0,-565878.0,0.083,6.48
118784.0,-317.0,-565727.0,0.067,6.48
118789.0,-271.0,-566117.0,0.108,6.96
118794.0,-412.0,-565896.0,0.075,6.48
118799.0,-180.0,-565671.0,0.042,6.23
118805.0,-136.0,-565433.0,0.033,6.48
118809.0,-135.0,-565496.0,0.008,6.23
118814.0,-20.0,-565551.0,0.017,6.23
118820.0,-102.0,-565459.0,0.017,6.48
118824.0,-149.0,-565390.0,0.117,6.23
118831.0,107.0,-565168.0,0.0,6.48
118836.0,-321.0,-565398.0,0.025,6.48
118842.0,-349.0,-565320.0,0.042,6.48
118847.0,-204.0,-565239.0,0.092,6.23
118852.0,-206.0,-565111.0,-0.008,6.23
118858.0,4.0,-565101.0,0.025,6.23
118863.0,-210.0,-565085.0,0.0,6.96
118868.0,-339.0,-564994.0,0.017,6.72
118875.0,-137.0,-564990.0,0.025,6.23
118880.0,129.0,-564834.0,-0.008,6.23
118886.0,-299.0,-564796.0,-0.017,6.96
118891.0,-426.0,-564601.0,0.042,7.21
118896.0,-372.0,-564787.0,0.0,6.96
118902.0,16.0,-564505.0,-0.017,6.48
118907.0,212.0,-564185.0,0.025,6.23
118913.0,291.0,-563966.0,0.05,6.96
118919.0,83.0,-564388.0,-0.008,6.96
118924.0,-381.0,-563956.0,0.025,6.48
118930.0,-123.0,-564240.0,0.042,7.21
118934.0,-24.0,-564707.0,-0.05,6.23
118940.0,-252.0,-564083.0,0.033,6.96
118946.0,-342.0,-563957.0,0.092,6.48
118951.0,52.0,-564171.0,-0.058,6.96
118957.0,-157.0,-563774.0,0.05,6.23
118962.0,-27.0,-563704.0,0.058,7.21
118968.0,101.0,-564054.0,0.0,6.23
118973.0,-347.0,-563570.0,-0.017,6.96
118978.0,-34.0,-563779.0,0.033,6.23
118984.0,-244.0,-563299.0,-0.017,6.23
118989.0,-76.0,-563539.0,0.05,6.48
118995.0,-212.0,-563165.0,0.008,6.48
119001.0,-125.0,-563402.0,0.108,6.23
119006.0,-345.0,-563238.0,0.017,6.96
119012.0,-545.0,-563140.0,0.117,6.48
119017.0,-137.0,-563568.0,-0.05,6.72
119022.0,88.0,-563107.0,0.075,6.96
119028.0,-214.0,-563003.0,0.033,6.48
119033.0,-134.0,-562779.0,0.083,6.48
119040.0,-272.0,-562577.0,0.0,6.48
119044.0,-243.0,-562832.0,0.025,6.23
119050.0,-233.0,-563042.0,-0.042,6.72
119056.0,-249.0,-562800.0,0.042,6.96
119061.0,-327.0,-562600.0,0.033,6.23
119066.0,-720.0,-562835.0,0.008,6.48
119071.0,-201.0,-562875.0,0.033,6.48
119077.0,-487.0,-562697.0,0.017,6.48
119083.0,-289.0,-562596.0,0.067,6.48
119088.0,-24.0,-562787.0,0.017,6.96
119093.0,-342.0,-562403.0,0.008,6.48
119098.0,6.0,-562290.0,-0.033,6.48
119103.0,109.0,-562863.0,0.1,6.23
119108.0,-187.0,-562545.0,0.008,6.48
119114.0,1.0,-562658.0,0.0,6.96
119118.0,-252.0,-561763.0,0.125,6.72
119124.0,-218.0,-562017.0,0.058,6.48
119130.0,-94.0,-562176.0,-0.017,6.48
119135.0,-289.0,-562009.0,-0.05,6.48
119140.0,-597.0,-561885.0,0.033,7.21
119146.0,75.0,-561687.0,0.017,6.96
119150.0,16.0,-561476.0,0.033,6.23
119156.0,-180.0,-561836.0,-0.008,6.72
119162.0,-252.0,-561872.0,0.067,6.48
119168.0,-452.0,-561680.0,0.008,6.23
119173.0,-399.0,-561463.0,0.033,6.96
119178.0,-78.0,-561525.0,-0.008,6.96
119184.0,238.0,-561543.0,0.042,5.01
119189.0,-386.0,-561372.0,0.033,6.23
119193.0,-517.0,-561289.0,-0.017,6.72
119199.0,27.0,-561557.0,0.05,6.23
119204.0,-251.0,-561536.0,-0.058,6.23
119209.0,-270.0,-561223.0,0.058,6.48
119215.0,-334.0,-561473.0,0.033,6.72
119220.0,-164.0,-561044.0,-0.067,6.96
119225.0,-263.0,-561521.0,0.092,6.48
119231.0,35.0,-560945.0,0.075,6.23
119236.0,-209.0,-561126.0,0.058,6.48
119241.0,-320.0,-560941.0,0.058,6.48
119246.0,-182.0,-560709.0,0.008,6.23
119251.0,-14.0,-560472.0,0.033,6.48
119257.0,-455.0,-560675.0,0.083,6.23
119263.0,-193.0,-560563.0,-0.025,6.72
119268.0,-373.0,-560861.0,-0.008,6.48
119273.0,-391.0,-560726.0,0.075,7.21
119278.0,-88.0,-560189.0,0.125,6.48
119284.0,-46.0,-560233.0,0.017,6.72
119289.0,-92.0,-560390.0,-0.05,6.48
119293.0,-37.0,-560281.0,0.025,6.96
119300.0,-45.0,-560461.0,-0.033,6.48
119305.0,-35.0,-560532.0,0.033,6.72
119310.0,-162.0,-559819.0,0.05,6.96
119315.0,-432.0,-560037.0,-0.008,6.96
119320.0,-232.0,-559814.0,-0.042,6.48
119325.0,-297.0,-560089.0,-0.017,6.23
119331.0,-221.0,-560089.0,0.008,6.48
119336.0,-597.0,-559790.0,-0.008,5.5
119341.0,-562.0,-559491.0,-0.008,6.48
119347.0,-318.0,-559347.0,-0.025,6.48
119352.0,-588.0,-559530.0,0.075,6.48
119357.0,-561.0,-559527.0,0.0,6.48
119362.0,-219.0,-559349.0,0.083,6.48
119368.0,-251.0,-559517.0,0.058,6.48
119373.0,-517.0,-559488.0,0.042,6.23
119378.0,-116.0,-559433.0,0.083,6.48
119384.0,-36.0,-559325.0,0.0,6.23
119390.0,-570.0,-559002.0,-0.025,6.96
119394.0,-395.0,-559095.0,0.058,6.48
119400.0,-317.0,-558981.0,-0.067,6.72
119405.0,-645.0,-558920.0,0.042,6.48
119410.0,-232.0,-559229.0,0.042,6.96
119415.0,-44.0,-559141.0,0.075,6.48
119420.0,-248.0,-559202.0,0.033,6.48
119426.0,-435.0,-558853.0,-0.025,6.96
119432.0,-125.0,-558773.0,-0.033,6.48
119437.0,173.0,-559146.0,0.0,6.72
119441.0,-304.0,-558741.0,0.1,6.96
119447.0,-470.0,-558581.0,0.0,6.48
119452.0,-94.0,-558480.0,0.025,6.23
119457.0,-31.0,-558077.0,0.008,6.72
119462.0,-433.0,-558535.0,0.083,6.48
119468.0,-259.0,-558324.0,0.025,6.23
119473.0,-356.0,-558465.0,0.058,6.72
119478.0,-313.0,-558099.0,0.008,6.48
119483.0,11.0,-558290.0,0.042,6.72
119488.0,-170.0,-558373.0,0.075,6.23
119494.0,-398.0,-557969.0,0.008,6.48
119499.0,-242.0,-558110.0,0.042,6.48
119504.0,85.0,-558515.0,0.017,6.96
119510.0,-129.0,-558083.0,0.067,6.96
119515.0,-347.0,-558076.0,0.092,6.96
119520.0,-490.0,-557955.0,0.017,6.48
119526.0,-194.0,-557697.0,0.067,6.48
119531.0,-196.0,-557878.0,0.033,6.23
119535.0,-257.0,-557447.0,0.0,6.96
119540.0,-216.0,-557645.0,0.042,6.96
119546.0,-140.0,-557214.0,0.083,6.48
119550.0,-369.0,-557283.0,0.05,6.48
119557.0,23.0,-557413.0,-0.025,6.48
119562.0,-37.0,-557466.0,0.058,6.96
119567.0,-394.0,-557363.0,0.1,6.48
119572.0,-202.0,-557201.0,0.008,6.48
119577.0,-192.0,-557022.0,0.083,6.48
119582.0,-135.0,-557351.0,0.125,6.48
119587.0,-174.0,-557700.0,0.042,6.48
119592.0,-470.0,-557263.0,-0.067,6.23
119598.0,-179.0,-556779.0,0.075,6.48
119604.0,-303.0,-557087.0,0.033,6.48
119609.0,-41.0,-557092.0,-0.042,6.23
119613.0,-12.0,-557261.0,-0.042,6.96
119619.0,24.0,-557107.0,-0.025,6.48
119624.0,-310.0,-556486.0,0.058,6.23
119629.0,61.0,-556567.0,0.017,6.48
119634.0,37.0,-556347.0,0.033,6.23
119640.0,-131.0,-556018.0,0.025,6.23
119645.0,-132.0,-556791.0,0.125,6.23
119650.0,-377.0,-557122.0,-0.017,6.48
119655.0,-557.0,-556081.0,0.058,6.72
119660.0,-368.0,-556417.0,0.025,6.23
119665.0,-2.0,-556268.0,-0.033,6.23
119670.0,-248.0,-556191.0,0.05,6.96
119676.0,-667.0,-556191.0,-0.017,7.21
119682.0,-271.0,-556252.0,0.033,6.48
119687.0,-135.0,-555941.0,0.025,6.23
119692.0,-216.0,-556149.0,-0.017,6.96
119698.0,-218.0,-555759.0,0.05,6.23
119703.0,114.0,-555844.0,0.033,7.21
119707.0,-505.0,-556037.0,0.008,6.48
119712.0,-298.0,-555990.0,0.033,6.48
119717.0,-136.0,-555689.0,-0.092,6.48
119723.0,169.0,-555611.0,0.042,6.48
119729.0,-227.0,-555502.0,0.033,6.72
119734.0,-153.0,-555959.0,-0.017,6.96
119739.0,-296.0,-555443.0,-0.058,6.48
119744.0,-335.0,-555282.0,0.033,6.48
119749.0,-317.0,-555641.0,0.042,6.48
119754.0,-312.0,-555771.0,0.0,6.48
119759.0,-374.0,-555624.0,0.083,6.72
119764.0,-286.0,-555501.0,-0.025,6.96
119770.0,-601.0,-555723.0,0.092,6.23
119775.0,-575.0,-555280.0,0.058,6.48
119781.0,-259.0,-554979.0,0.042,6.48
119786.0,-162.0,-555143.0,0.05,6.23
119790.0,-245.0,-555214.0,0.0,6.96
119796.0,93.0,-554715.0,0.042,6.48
119801.0,-86.0,-554927.0,0.033,6.48
119806.0,-200.0,-554798.0,-0.008,6.48
119812.0,-394.0,-554565.0,0.042,6.48
119817.0,-483.0,-554889.0,0.017,6.48
119822.0,-475.0,-554478.0,-0.008,6.48
119827.0,-145.0,-554369.0,0.008,6.48
119833.0,-120.0,-554691.0,0.05,6.23
119837.0,-229.0,-554394.0,0.0,6.48
119842.0,63.0,-554607.0,0.05,6.23
119847.0,140.0,-554601.0,0.033,6.72
119854.0,120.0,-554906.0,0.017,6.23
119859.0,-218.0,-554611.0,0.092,6.23
119864.0,-25.0,-554449.0,0.033,6.23
119869.0,91.0,-554628.0,0.025,6.72
119874.0,-361.0,-553821.0,0.075,6.96
119879.0,-276.0,-554169.0,-0.05,6.48
119884.0,458.0,-554314.0,0.008,6.72
119889.0,-142.0,-554255.0,0.075,6.23
119896.0,-69.0,-553913.0,-0.017,6.23
119900.0,366.0,-553832.0,-0.017,6.48
119906.0,-554.0,-554022.0,-0.017,6.23
119911.0,-535.0,-554040.0,0.0,6.48
119916.0,146.0,-553785.0,0.0,6.96
119921.0,-328.0,-553567.0,0.1,6.72
119926.0,-315.0,-553635.0,0.0,6.48
119931.0,-328.0,-553616.0,0.033,6.48
119937.0,86.0,-553347.0,-0.075,6.48
119942.0,277.0,-553385.0,0.067,6.48
119947.0,-283.0,-553384.0,0.0,6.96
119953.0,-327.0,-553439.0,0.05,6.23
119958.0,242.0,-553377.0,0.033,6.72
119963.0,-384.0,-553606.0,0.025,6.48
119968.0,-214.0,-553219.0,0.108,6.48
119973.0,89.0,-553121.0,-0.008,6.23
119979.0,-114.0,-553040.0,-0.067,6.23
119984.0,-214.0,-553026.0,0.025,6.48
119989.0,-115.0,-552820.0,-0.017,6.23
119994.0,-178.0,-552939.0,0.042,6.72
120000.0,-148.0,-553051.0,0.008,6.23
120005.0,-297.0,-552667.0,0.008,6.48
120010.0,-8.0,-552598.0,0.067,6.48
120015.0,-170.0,-552617.0,-0.033,6.48
120020.0,-151.0,-552739.0,-0.067,6.23
120026.0,-56.0,-552748.0,0.025,6.48
120031.0,14.0,-552492.0,0.075,6.23
120036.0,-31.0,-552616.0,0.042,6.48
120041.0,-326.0,-552471.0,0.125,6.96
120046.0,-74.0,-552661.0,0.008,6.23
120052.0,-227.0,-552213.0,0.1,6.48
120056.0,-436.0,-552492.0,0.042,6.48
120062.0,-32.0,-552220.0,0.058,6.48
120068.0,-83.0,-551884.0,0.008,6.23
120073.0,-418.0,-551935.0,0.0,6.23
120078.0,20.0,-551995.0,0.067,6.23
120083.0,-99.0,-552235.0,0.008,6.23
120088.0,-732.0,-552230.0,-0.008,6.23
120094.0,-754.0,-551956.0,0.033,6.23
120099.0,-343.0,-552272.0,0.033,6.23
120103.0,-284.0,-552293.0,0.025,6.48
120110.0,-554.0,-551510.0,0.117,6.48
120115.0,-197.0,-551272.0,0.0,6.72
120119.0,-108.0,-551473.0,0.0,6.48
120125.0,-560.0,-551589.0,-0.05,6.96
120130.0,-567.0,-551187.0,0.05,6.48
120135.0,-306.0,-551116.0,-0.008,7.21
120140.0,-736.0,-551394.0,0.05,5.5
120146.0,-425.0,-551312.0,-0.008,6.48
120151.0,-40.0,-551517.0,0.033,6.48
120157.0,-248.0,-551455.0,-0.058,6.48
120162.0,-574.0,-551363.0,0.083,6.96
120167.0,-79.0,-551240.0,-0.033,6.48
120172.0,151.0,-551171.0,0.075,6.23
120178.0,-373.0,-551111.0,0.008,6.48
120182.0,-228.0,-551114.0,0.075,6.48
120188.0,276.0,-550621.0,0.075,6.72
120194.0,-262.0,-550845.0,-0.008,6.23
120199.0,-505.0,-550829.0,0.042,6.48
120204.0,-226.0,-550694.0,0.117,6.48
120210.0,-182.0,-550362.0,0.067,6.23
120215.0,-185.0,-550746.0,0.05,6.48
120219.0,-126.0,-550999.0,0.017,6.48
120225.0,-50.0,-550415.0,0.05,6.48
120231.0,-24.0,-550411.0,0.017,6.48
120236.0,-285.0,-550618.0,0.125,6.23
120241.0,-351.0,-550313.0,0.025,6.96
120247.0,-127.0,-550331.0,0.025,6.48
120252.0,-218.0,-550286.0,0.042,6.96
120257.0,-70.0,-550417.0,-0.067,6.23
120262.0,-106.0,-550433.0,0.05,6.23
120267.0,-107.0,-550268.0,-0.017,6.23
120272.0,-565.0,-550247.0,0.058,6.48
120279.0,-229.0,-550081.0,-0.025,6.23
120284.0,-86.0,-549881.0,0.025,6.48
120289.0,-189.0,-549734.0,-0.033,7.21
120294.0,-579.0,-549694.0,0.033,6.48
120300.0,15.0,-549672.0,0.042,6.48
120304.0,134.0,-549747.0,0.0,6.96
120310.0,-372.0,-549506.0,0.092,6.96
120315.0,-262.0,-549452.0,0.058,6.23
120321.0,-449.0,-549901.0,-0.008,7.21
120326.0,-501.0,-549428.0,0.033,6.48
120332.0,-37.0,-549714.0,-0.108,6.48
120336.0,0.0,-549491.0,0.05,6.96
120341.0,-402.0,-548914.0,0.033,6.72
120347.0,-172.0,-549324.0,0.058,6.23
120352.0,-357.0,-549445.0,-0.008,6.72
120357.0,-283.0,-549164.0,-0.083,6.48
120363.0,-11.0,-549366.0,0.117,6.23
120368.0,296.0,-549251.0,-0.017,6.96
120373.0,-27.0,-549328.0,-0.058,6.48
120378.0,-85.0,-548814.0,0.0,6.48
120383.0,28.0,-548929.0,-0.033,6.48
120388.0,-184.0,-549121.0,-0.017,6.48
120394.0,-134.0,-548957.0,0.025,6.48
120399.0,-259.0,-548802.0,0.008,6.23
120403.0,266.0,-548849.0,0.058,6.23
120410.0,-226.0,-548631.0,0.075,6.96
120415.0,-357.0,-548504.0,0.0,6.23
120420.0,-343.0,-548463.0,0.017,6.72
120425.0,47.0,-548653.0,-0.033,6.96
120430.0,-162.0,-548588.0,0.042,6.23
120435.0,-588.0,-548127.0,-0.075,6.23
120441.0,-248.0,-548447.0,0.033,6.23
120445.0,-27.0,-548460.0,0.15,6.96
120451.0,-14.0,-548299.0,0.1,6.48
120457.0,-162.0,-548191.0,0.108,6.23
120461.0,9.0,-548270.0,0.042,6.23
120467.0,-55.0,-548004.0,-0.05,6.48
120472.0,-159.0,-548140.0,0.042,6.23
120478.0,-285.0,-548222.0,0.025,6.23
120483.0,-140.0,-548059.0,-0.017,6.48
120488.0,-40.0,-547815.0,0.092,6.48
120495.0,-120.0,-547599.0,0.108,6.23
120500.0,-114.0,-547897.0,-0.017,7.45
120505.0,-329.0,-548152.0,0.025,6.23
120511.0,-113.0,-547496.0,0.008,6.96
120516.0,197.0,-547786.0,-0.017,6.96
120522.0,-25.0,-547316.0,0.058,6.48
120526.0,-184.0,-547331.0,0.033,6.23
120532.0,178.0,-547537.0,0.033,6.23
120539.0,-236.0,-547277.0,0.075,6.48
120544.0,-88.0,-547369.0,0.0,6.48
120549.0,-179.0,-547356.0,-0.017,6.23
120554.0,-163.0,-546978.0,0.083,6.23
120560.0,-115.0,-547256.0,0.05,6.48
120566.0,7.0,-546862.0,-0.008,6.96
120570.0,48.0,-547067.0,0.058,6.48
120577.0,-308.0,-547111.0,0.0,6.96
120582.0,-218.0,-547069.0,-0.075,6.48
120588.0,-168.0,-546779.0,0.05,6.48
120593.0,-377.0,-546620.0,0.008,6.48
120598.0,-137.0,-546620.0,0.025,6.23
120604.0,-3.0,-546940.0,0.05,6.23
120609.0,-159.0,-546963.0,0.125,6.48
120613.0,-180.0,-546468.0,0.042,6.72
120620.0,-162.0,-546662.0,0.0,6.23
120626.0,-398.0,-546490.0,0.05,6.48
120630.0,-441.0,-546451.0,0.017,6.96
120636.0,-181.0,-546449.0,0.025,6.96
120641.0,-217.0,-546429.0,-0.008,6.23
120647.0,-9.0,-546509.0,0.033,6.72
120652.0,-332.0,-546342.0,-0.05,6.48
120657.0,-266.0,-545914.0,0.05,6.48
120664.0,-126.0,-546406.0,0.033,6.48
120669.0,-342.0,-546120.0,0.017,6.23
120674.0,-321.0,-546069.0,-0.025,6.48
120680.0,125.0,-546275.0,0.058,6.23
120685.0,-273.0,-545813.0,0.017,6.23
120691.0,-137.0,-545769.0,0.0,6.48
120696.0,-172.0,-545822.0,0.067,6.48
120701.0,-70.0,-545834.0,0.0,6.48
120708.0,-448.0,-545562.0,0.0,6.72
120713.0,-150.0,-545854.0,0.008,6.48
120718.0,-79.0,-545607.0,-0.1,6.48
120724.0,-309.0,-545545.0,0.05,7.21
120729.0,1.0,-545715.0,0.033,6.96
120734.0,-115.0,-545672.0,0.0,6.48
120739.0,-200.0,-545673.0,-0.033,6.23
120744.0,90.0,-545637.0,0.05,6.48
120751.0,54.0,-545776.0,0.0,6.48
120755.0,-141.0,-545245.0,-0.017,6.96
120761.0,-243.0,-545069.0,-0.042,6.23
120766.0,-357.0,-545148.0,0.025,6.48
120771.0,-386.0,-545145.0,-0.083,6.48
120776.0,-328.0,-545255.0,0.0,6.48
120782.0,-100.0,-545251.0,0.058,6.48
120786.0,13.0,-544942.0,0.1,6.96
120793.0,-178.0,-544744.0,0.0,6.72
120798.0,-138.0,-544732.0,0.058,6.23
120803.0,70.0,-544757.0,0.0,6.48
120808.0,-221.0,-544994.0,-0.008,7.21
120813.0,-441.0,-544970.0,-0.05,6.23
120819.0,-93.0,-544785.0,-0.017,6.72
120823.0,-26.0,-544746.0,0.033,6.23
120829.0,-604.0,-544508.0,0.008,4.52
120835.0,-312.0,-544487.0,0.008,6.72
120840.0,-417.0,-544502.0,-0.083,6.23
120845.0,-273.0,-544130.0,0.05,6.48
120850.0,-311.0,-544383.0,-0.008,6.48
120855.0,-366.0,-544018.0,-0.042,6.23
120861.0,-182.0,-544148.0,-0.017,6.48
120866.0,-254.0,-544375.0,0.083,6.96
120871.0,-295.0,-544564.0,-0.008,6.72
120877.0,-211.0,-543894.0,-0.017,6.48
120883.0,-73.0,-543972.0,0.008,6.23
120888.0,-159.0,-544017.0,-0.008,6.72
120892.0,-260.0,-543740.0,-0.067,6.96
120898.0,-284.0,-543638.0,0.017,6.48
120903.0,-474.0,-544179.0,0.067,6.23
120908.0,-469.0,-543860.0,-0.025,6.48
120914.0,53.0,-543726.0,0.033,6.72
120920.0,-419.0,-543523.0,0.0,6.23
120924.0,-242.0,-543662.0,-0.142,6.48
120930.0,90.0,-543492.0,0.017,6.48
120935.0,-380.0,-543359.0,0.0,7.21
120940.0,-545.0,-543470.0,0.058,6.23
120945.0,59.0,-543486.0,0.042,6.23
120950.0,-269.0,-543563.0,-0.008,6.48
120955.0,-306.0,-543362.0,-0.108,6.48
120962.0,-68.0,-543014.0,0.042,6.48
120967.0,-206.0,-543321.0,-0.058,6.23
120971.0,-175.0,-543182.0,-0.083,6.48
120977.0,-565.0,-542896.0,-0.042,6.48
120983.0,15.0,-543130.0,0.033,6.72
120988.0,-223.0,-543075.0,0.092,6.23
120992.0,-358.0,-542734.0,0.1,7.21
120998.0,36.0,-542750.0,-0.008,6.48
121004.0,-342.0,-542877.0,0.05,6.96
121009.0,-707.0,-542410.0,-0.033,6.48
121014.0,-197.0,-542760.0,0.008,6.72
121020.0,-289.0,-542745.0,0.033,6.48
121024.0,-344.0,-542402.0,-0.075,6.23
121030.0,-284.0,-542416.0,0.108,6.48
121035.0,-370.0,-542617.0,0.058,6.48
121040.0,-189.0,-542718.0,0.083,6.23
121046.0,-377.0,-542696.0,0.008,6.48
121051.0,-1.0,-542719.0,0.008,6.72
121056.0,66.0,-542532.0,-0.008,6.48
121062.0,-348.0,-542222.0,0.017,6.72
121067.0,324.0,-542051.0,0.042,6.48
121071.0,327.0,-542214.0,0.083,6.23
121077.0,-460.0,-542098.0,0.083,6.96
121082.0,-242.0,-542149.0,0.017,6.23
121086.0,-109.0,-542252.0,-0.058,6.48
121093.0,-143.0,-542170.0,0.0,6.96
121098.0,-201.0,-542055.0,0.033,6.96
121103.0,-258.0,-541822.0,-0.025,6.23
121108.0,-184.0,-542162.0,0.042,6.23
121114.0,-56.0,-542081.0,0.008,6.48
121118.0,123.0,-541604.0,0.05,6.23
121123.0,-68.0,-541484.0,0.1,6.23
121128.0,-102.0,-541589.0,-0.008,6.48
121134.0,-507.0,-541748.0,0.025,6.48
121140.0,-197.0,-541424.0,0.008,6.72
121145.0,-27.0,-541511.0,-0.017,6.96
121149.0,-12.0,-541700.0,0.025,6.72
121155.0,-408.0,-541510.0,0.008,6.23
121160.0,-62.0,-541353.0,0.067,6.96
121165.0,-409.0,-541402.0,0.025,6.96
121170.0,-229.0,-541182.0,0.033,6.72
121177.0,-233.0,-541005.0,0.017,6.72
121181.0,-46.0,-541120.0,0.067,6.48
121187.0,42.0,-540674.0,0.058,6.96
121192.0,-240.0,-540799.0,-0.008,6.23
121197.0,-189.0,-541012.0,0.042,6.48
121201.0,2.0,-540809.0,0.042,6.96
121206.0,-209.0,-540904.0,0.033,6.48
121211.0,-60.0,-540917.0,0.025,6.23
121217.0,-342.0,-540868.0,0.008,6.48
121222.0,-63.0,-540586.0,0.1,6.23
121227.0,-71.0,-540922.0,-0.033,6.72
121232.0,-475.0,-540697.0,0.017,6.23
121237.0,-128.0,-540578.0,0.058,6.48
121243.0,-458.0,-540580.0,-0.017,6.96
121248.0,-134.0,-540575.0,-0.075,6.48
121253.0,-53.0,-540278.0,0.025,6.48
121257.0,-178.0,-540059.0,0.108,6.23
121263.0,102.0,-540152.0,0.025,6.48
121269.0,-105.0,-540446.0,-0.033,6.72
121274.0,-473.0,-540051.0,-0.033,6.96
121279.0,-465.0,-540360.0,0.083,6.23
121284.0,-338.0,-540574.0,0.033,6.72
121290.0,-336.0,-539792.0,0.075,6.48
121295.0,-200.0,-539843.0,0.05,6.72
121299.0,-405.0,-539990.0,-0.025,6.96
121305.0,-420.0,-540071.0,-0.1,6.48
121310.0,-298.0,-540194.0,0.05,6.96
121315.0,-43.0,-539792.0,0.033,6.48
121321.0,-75.0,-539789.0,0.05,6.23
121326.0,-339.0,-539832.0,0.042,6.48
121331.0,-276.0,-539440.0,-0.017,6.48
121336.0,182.0,-539741.0,0.058,6.23
121341.0,-276.0,-539486.0,0.042,6.48
121347.0,-61.0,-539494.0,0.017,6.48
121352.0,-87.0,-539441.0,-0.05,6.96
121357.0,41.0,-539302.0,0.033,6.23
121363.0,304.0,-539396.0,0.017,6.23
121367.0,-1.0,-539219.0,0.067,6.48
121372.0,-357.0,-539226.0,0.025,6.48
121377.0,-108.0,-539218.0,0.008,6.23
121383.0,-26.0,-539461.0,-0.017,6.48
121389.0,-98.0,-538898.0,-0.05,6.48
121394.0,-237.0,-538962.0,0.117,6.23
121399.0,-5.0,-539239.0,-0.008,6.48
121404.0,-63.0,-538768.0,0.025,6.48
121409.0,-240.0,-539082.0,0.042,6.23
121414.0,24.0,-539049.0,0.05,6.48
121419.0,-266.0,-538904.0,0.008,6.23
121424.0,-179.0,-538688.0,0.025,6.48
121431.0,-139.0,-539043.0,0.017,7.21
121436.0,17.0,-538462.0,0.042,7.21
121441.0,-116.0,-538742.0,-0.042,6.48
121446.0,-145.0,-538749.0,0.067,6.23
121451.0,-25.0,-538730.0,-0.05,6.96
121456.0,82.0,-538632.0,0.083,6.23
121461.0,-154.0,-538425.0,0.017,6.23
121466.0,-58.0,-538510.0,-0.025,6.48
121472.0,-383.0,-538188.0,0.008,6.96
121477.0,-133.0,-538195.0,-0.017,6.72
121482.0,29.0,-538294.0,0.083,6.48
121488.0,188.0,-538196.0,0.0,6.48
121493.0,-228.0,-538261.0,0.092,6.48
121498.0,-74.0,-538144.0,0.117,6.48
121503.0,-67.0,-538464.0,-0.008,6.23
121508.0,-355.0,-538077.0,0.083,7.21
121513.0,-303.0,-538122.0,0.092,6.96
121519.0,-394.0,-538020.0,0.05,6.48
121524.0,-593.0,-537941.0,0.017,6.48
121530.0,85.0,-537739.0,0.008,6.48
121535.0,248.0,-537847.0,0.017,6.48
121539.0,-49.0,-537762.0,0.2,6.23
121545.0,-41.0,-537838.0,0.017,6.96
121550.0,-26.0,-537494.0,-0.008,6.48
121555.0,-369.0,-537259.0,0.083,9.16
121561.0,-299.0,-537681.0,-0.042,6.96
121566.0,-144.0,-537455.0,-0.017,6.48
121571.0,-365.0,-537406.0,0.033,6.96
121576.0,-267.0,-537343.0,0.025,6.72
121581.0,116.0,-537313.0,-0.05,6.72
121586.0,23.0,-537280.0,0.033,6.48
121592.0,-241.0,-537124.0,0.017,6.23
121597.0,-186.0,-537382.0,-0.042,6.96
121602.0,-97.0,-537359.0,-0.075,6.23
121608.0,-133.0,-537309.0,-0.058,6.96
121613.0,-106.0,-537199.0,-0.017,6.23
121618.0,-45.0,-537180.0,0.133,6.48
121623.0,-487.0,-537494.0,-0.008,6.23
121629.0,-378.0,-536830.0,0.067,6.23
121633.0,-47.0,-536861.0,-0.017,6.48
121638.0,-405.0,-537062.0,0.017,6.72
121645.0,-214.0,-536552.0,0.008,6.96
121649.0,9.0,-536439.0,0.108,6.23
121655.0,-429.0,-536901.0,-0.067,6.23
121660.0,-502.0,-536583.0,0.008,6.96
121665.0,57.0,-536338.0,-0.008,6.23
121670.0,-123.0,-536212.0,-0.033,6.48
121675.0,-430.0,-536574.0,0.1,6.23
121680.0,-315.0,-536409.0,0.05,6.23
121687.0,47.0,-536253.0,-0.092,6.48
121692.0,-358.0,-535973.0,0.05,6.48
121696.0,-143.0,-536118.0,-0.075,7.45
121702.0,-199.0,-536244.0,0.05,6.72
121707.0,-176.0,-536304.0,0.058,6.23
121712.0,-445.0,-536169.0,0.075,6.23
121717.0,-237.0,-536062.0,0.017,6.48
121722.0,-294.0,-536180.0,-0.025,6.23
121728.0,-327.0,-536089.0,-0.058,6.23
121733.0,-245.0,-535861.0,0.05,6.48
121739.0,-198.0,-535979.0,0.025,6.72
121743.0,-327.0,-535916.0,0.067,6.96
121749.0,-297.0,-535734.0,0.058,6.48
121754.0,-123.0,-535906.0,0.067,7.21
121759.0,-136.0,-536083.0,0.05,6.96
121764.0,-436.0,-536052.0,-0.008,6.48
121771.0,-146.0,-535510.0,0.008,6.72
121776.0,-131.0,-535621.0,-0.025,6.48
121781.0,-131.0,-535408.0,-0.083,7.21
121786.0,-383.0,-535404.0,0.042,6.96
121791.0,-276.0,-535566.0,-0.017,6.23
121796.0,-29.0,-535841.0,0.033,6.96
121802.0,153.0,-535555.0,0.017,6.48
121807.0,166.0,-535157.0,0.15,6.48
121811.0,-35.0,-535096.0,0.075,6.72
121818.0,-169.0,-535462.0,-0.042,6.23
121823.0,-462.0,-534904.0,0.017,6.48
121828.0,-247.0,-535139.0,0.042,6.23
121833.0,-21.0,-534813.0,0.042,6.72
121839.0,-223.0,-534933.0,0.042,6.23
121844.0,-412.0,-534882.0,-0.025,6.72
121849.0,12.0,-534903.0,0.108,6.72
121854.0,-198.0,-534985.0,0.025,6.48
121860.0,-255.0,-535160.0,-0.125,6.48
121865.0,-75.0,-534423.0,0.092,6.23
121871.0,-433.0,-534857.0,0.05,6.72
121875.0,-232.0,-534680.0,0.058,6.48
121881.0,-210.0,-534883.0,0.025,6.48
121886.0,-48.0,-535075.0,0.008,6.23
121891.0,-353.0,-534661.0,-0.017,6.72
121896.0,118.0,-534350.0,-0.017,6.72
121903.0,-218.0,-534536.0,0.033,6.23
121908.0,-292.0,-534378.0,-0.067,6.48
121913.0,-245.0,-534117.0,0.05,6.48
121918.0,141.0,-534098.0,-0.025,6.48
121924.0,-319.0,-534066.0,0.008,6.23
121928.0,-410.0,-534097.0,0.092,6.23
121934.0,-396.0,-534414.0,0.017,6.48
121939.0,-494.0,-533912.0,0.083,6.23
121945.0,-473.0,-533697.0,-0.058,6.48
121950.0,-388.0,-533736.0,-0.042,6.72
121955.0,-72.0,-533798.0,0.033,6.48
121960.0,-109.0,-533481.0,-0.017,6.96
121965.0,99.0,-533504.0,0.042,6.48
121970.0,-121.0,-533812.0,0.033,6.96
121975.0,-22.0,-533925.0,0.017,6.96
121980.0,-402.0,-533476.0,0.0,6.48
121987.0,-22.0,-533648.0,0.033,6.48
121991.0,147.0,-533653.0,0.05,6.23
121997.0,-41.0,-533618.0,0.0,6.48
122002.0,-333.0,-533316.0,-0.017,6.72
122007.0,-218.0,-533215.0,0.033,6.48
122012.0,126.0,-533530.0,0.025,6.23
122018.0,-304.0,-533532.0,0.017,6.23
122022.0,-475.0,-533639.0,-0.058,6.48
122028.0,-178.0,-533274.0,0.067,6.96
122034.0,-26.0,-532872.0,-0.008,6.48
122038.0,-9.0,-532773.0,-0.075,6.23
122043.0,-291.0,-533016.0,0.017,6.48
122049.0,-59.0,-533392.0,0.008,6.48
122053.0,-370.0,-533387.0,0.017,6.48
122059.0,-402.0,-532684.0,-0.025,6.48
122064.0,42.0,-532852.0,0.042,6.72
122070.0,-101.0,-532809.0,0.033,6.96
122075.0,-431.0,-532866.0,0.008,6.23
122081.0,-183.0,-532970.0,-0.017,6.48
122085.0,-208.0,-532635.0,0.033,6.23
122090.0,-577.0,-532850.0,0.067,5.01
122096.0,-167.0,-532836.0,0.033,6.72
122100.0,54.0,-532917.0,0.058,6.48
122106.0,-320.0,-532847.0,0.05,6.48
122112.0,-126.0,-532629.0,0.1,6.48
122118.0,-92.0,-532363.0,0.05,6.23
122123.0,-101.0,-532298.0,-0.025,6.72
122128.0,13.0,-532514.0,0.017,6.48
122134.0,9.0,-532222.0,0.075,6.96
122139.0,-285.0,-532226.0,0.05,6.48
122144.0,-232.0,-532029.0,0.042,6.48
122150.0,72.0,-532213.0,0.008,6.96
122156.0,-438.0,-531981.0,0.0,6.48
122162.0,-212.0,-532311.0,0.025,7.21
122166.0,-175.0,-532160.0,0.025,7.21
122172.0,53.0,-531534.0,0.083,6.23
122177.0,-131.0,-531810.0,0.05,6.96
122183.0,-477.0,-531864.0,0.008,4.77
122188.0,-156.0,-531721.0,0.008,6.48
122193.0,-332.0,-531765.0,0.042,6.72
122200.0,-380.0,-531457.0,0.042,6.23
122206.0,-192.0,-531633.0,0.0,6.23
122210.0,-33.0,-531650.0,0.008,6.72
122216.0,-139.0,-531618.0,0.033,7.21
122221.0,-169.0,-531454.0,0.042,6.48
122227.0,-553.0,-531414.0,-0.008,6.96
122232.0,-336.0,-531271.0,-0.092,6.48
122237.0,-256.0,-531381.0,0.017,6.23
122244.0,-232.0,-531273.0,0.017,6.96
122249.0,-96.0,-530919.0,0.067,6.96
122254.0,-299.0,-530646.0,-0.042,6.23
122260.0,-469.0,-531082.0,0.058,6.48
122265.0,221.0,-530594.0,0.083,6.96
122271.0,-439.0,-531032.0,0.025,6.23
122276.0,-390.0,-530683.0,0.05,5.01
122281.0,-260.0,-530865.0,0.042,6.23
122288.0,34.0,-530687.0,-0.008,6.23
122293.0,-594.0,-530791.0,0.0,6.23
122298.0,-377.0,-530858.0,-0.017,6.48
122304.0,-21.0,-530454.0,0.042,6.48
122309.0,-163.0,-530728.0,-0.05,6.96
122315.0,177.0,-530190.0,-0.067,6.48
122319.0,-34.0,-530461.0,0.025,6.96
122326.0,-184.0,-530599.0,0.15,6.23
122331.0,-280.0,-530249.0,-0.033,6.96
122337.0,-84.0,-530393.0,-0.008,6.23
122342.0,87.0,-530122.0,0.108,6.72
122347.0,-281.0,-530040.0,0.033,7.21
122353.0,-193.0,-530162.0,-0.033,6.48
122358.0,-181.0,-530118.0,0.033,6.48
122363.0,-198.0,-530143.0,0.042,6.96
122369.0,83.0,-529693.0,0.008,6.23
122375.0,-299.0,-529529.0,0.033,6.72
122380.0,-122.0,-529670.0,0.008,6.48
122385.0,-135.0,-529982.0,-0.025,6.48
122390.0,-263.0,-530044.0,0.05,6.23
122395.0,-101.0,-529787.0,0.133,7.21
122400.0,-178.0,-530200.0,-0.033,6.48
122406.0,-132.0,-529868.0,0.083,6.48
122412.0,-224.0,-529927.0,-0.017,6.48
122417.0,-315.0,-529596.0,-0.092,6.48
122422.0,-451.0,-529764.0,-0.017,6.72
122428.0,-541.0,-529516.0,0.1,6.23
122432.0,-332.0,-529729.0,0.05,6.48
122438.0,-115.0,-529291.0,0.017,6.23
122443.0,-79.0,-529117.0,0.0,6.48
122448.0,-385.0,-529636.0,-0.017,6.96
122454.0,-338.0,-529225.0,0.075,6.23
122460.0,164.0,-529243.0,0.008,6.48
122465.0,-130.0,-528968.0,0.083,6.48
122469.0,-339.0,-529235.0,0.025,6.48
122475.0,-535.0,-528877.0,0.042,6.23
122480.0,57.0,-529112.0,-0.017,6.48
122485.0,-180.0,-528947.0,0.025,6.48
122490.0,-560.0,-529029.0,0.108,6.72
122497.0,-20.0,-528762.0,-0.042,6.96
122501.0,-53.0,-528987.0,0.042,8.43
122507.0,-337.0,-529089.0,0.067,6.23
122512.0,-215.0,-528996.0,0.025,6.23
122517.0,62.0,-528609.0,-0.033,6.23
122522.0,-418.0,-528369.0,0.025,6.72
122528.0,-188.0,-528761.0,-0.008,6.23
122533.0,-318.0,-528946.0,0.0,6.48
122539.0,-321.0,-528499.0,0.0,6.48
122544.0,5.0,-528575.0,0.025,6.23
122549.0,23.0,-528604.0,0.067,6.23
122554.0,-316.0,-528605.0,0.042,6.72
122559.0,24.0,-528101.0,-0.083,6.96
122564.0,210.0,-527926.0,0.025,6.23
122569.0,79.0,-528185.0,-0.1,6.23
122575.0,-393.0,-528105.0,0.033,6.48
122580.0,131.0,-527974.0,0.008,6.48
122586.0,-88.0,-528223.0,0.0,6.48
122591.0,-226.0,-528137.0,0.075,6.48
122596.0,-542.0,-527812.0,0.008,6.48
122601.0,35.0,-527721.0,0.067,6.23
122606.0,65.0,-527657.0,0.117,6.23
122612.0,-579.0,-527564.0,0.017,6.23
122616.0,-358.0,-527471.0,0.092,6.96
122622.0,-60.0,-527625.0,0.017,6.48
122628.0,-464.0,-527754.0,-0.05,6.23
122633.0,-549.0,-527949.0,-0.042,6.23
122638.0,-113.0,-527521.0,0.042,6.48
122643.0,-189.0,-527648.0,0.108,6.96
122648.0,80.0,-527397.0,0.025,6.23
122654.0,-114.0,-527559.0,-0.05,6.23
122659.0,-56.0,-527332.0,0.008,6.96
122663.0,-285.0,-527253.0,0.0,6.48
122670.0,-487.0,-526937.0,0.067,6.23
122675.0,-101.0,-527078.0,0.058,6.96
122680.0,-92.0,-527327.0,-0.008,6.48
122685.0,-186.0,-527359.0,-0.008,6.23
122691.0,-234.0,-526815.0,0.058,6.48
122696.0,112.0,-527238.0,0.042,6.48
122701.0,215.0,-527007.0,-0.058,6.72
122706.0,-285.0,-527001.0,0.033,6.48
122712.0,137.0,-526870.0,0.008,6.23
122717.0,102.0,-527095.0,0.042,6.48
122723.0,-334.0,-526677.0,0.042,6.48
122728.0,-296.0,-526448.0,0.0,6.72
122732.0,-135.0,-526835.0,-0.067,6.23
122738.0,-57.0,-526475.0,0.058,6.48
122743.0,-203.0,-526554.0,0.033,6.72
122748.0,-250.0,-526351.0,0.033,6.48
122754.0,-354.0,-526237.0,0.133,6.48
122760.0,-136.0,-526234.0,0.075,6.48
122764.0,-205.0,-526819.0,-0.092,6.48
122769.0,-446.0,-526417.0,0.025,6.23
122775.0,-4.0,-526434.0,0.042,6.23
122779.0,-245.0,-526427.0,0.033,6.48
122785.0,-7.0,-526291.0,0.025,7.21
122790.0,-21.0,-526298.0,0.083,6.48
122796.0,24.0,-526505.0,-0.058,6.48
122801.0,-144.0,-526285.0,0.067,6.48
122806.0,-490.0,-525956.0,0.025,6.23
122811.0,-505.0,-526337.0,0.025,6.23
122817.0,-271.0,-525831.0,0.025,6.48
122822.0,-171.0,-526048.0,0.083,6.23
122826.0,-240.0,-526143.0,0.05,6.23
122831.0,-551.0,-526114.0,0.025,6.48
122836.0,-251.0,-526041.0,0.025,6.48
122842.0,-472.0,-525731.0,0.083,6.48
122848.0,84.0,-525761.0,0.017,6.96
122853.0,-28.0,-525960.0,-0.017,6.72
122858.0,-223.0,-525911.0,0.083,6.96
122863.0,-435.0,-525627.0,0.025,6.23
122868.0,-27.0,-525742.0,-0.058,6.48
122873.0,66.0,-525533.0,-0.233,6.48
122880.0,-294.0,-526719.0,0.775,6.48
122885.0,-134.0,-529104.0,6.542,6.48
122890.0,-169.0,-574923.0,13.65,7.45
122894.0,768.0,-613034.0,4.492,8.92
122899.0,-156.0,-714203.0,12.708,10.87
122903.0,401.0,-772450.0,13.608,11.61
122907.0,-154.0,-898465.0,12.7,12.59
122912.0,10.0,-962992.0,7.492,14.05
122917.0,-75.0,-1077023.0,10.833,15.03
122921.0,138.0,-1134740.0,13.075,16.01
122926.0,189.0,-1194339.0,10.508,16.01
122930.0,-78.0,-1307184.0,8.925,16.98
122935.0,-8.0,-1362593.0,11.042,18.7
122940.0,-96.0,-1474586.0,10.317,21.63
122944.0,-203.0,-1531217.0,10.092,24.32
122948.0,-156.0,-1641066.0,9.425,26.27
122953.0,-266.0,-1694969.0,10.692,31.89
122957.0,-137.0,-1804018.0,9.875,34.09
122963.0,-453.0,-1854639.0,8.467,38.98
122967.0,-258.0,-1957618.0,9.825,40.44
122971.0,-303.0,-2010555.0,8.958,39.47
122975.0,-162.0,-2061628.0,8.067,38.25
122979.0,-213.0,-2111465.0,8.917,36.05
122983.0,-14.0,-2212136.0,9.058,33.85
122988.0,-633.0,-2262673.0,6.958,33.6
122992.0,-860.0,-2357590.0,6.942,32.87
122996.0,-513.0,-2406019.0,8.408,32.87
123000.0,468.0,-2455238.0,7.642,33.11
123004.0,39.0,-2502573.0,7.367,32.87
123010.0,-421.0,-2593868.0,7.608,32.14
123014.0,-296.0,-2639765.0,6.775,30.91
123018.0,61.0,-2729096.0,6.292,29.69
123023.0,-91.0,-2773131.0,6.683,28.47
123028.0,-405.0,-2861068.0,6.567,27.98
123032.0,-168.0,-2903505.0,6.3,27.25
123037.0,-316.0,-2988236.0,5.958,26.76
123041.0,-557.0,-3029905.0,5.542,26.76
123045.0,-604.0,-3109722.0,4.9,26.27
123049.0,-279.0,-3149581.0,5.542,25.54
123054.0,90.0,-3189308.0,5.425,25.54
123059.0,-53.0,-3267328.0,5.042,24.32
123064.0,-278.0,-3343350.0,4.892,23.83
123068.0,-587.0,-3381309.0,4.767,22.36
123072.0,-456.0,-3418344.0,4.617,23.09
123076.0,-215.0,-3455067.0,4.583,22.36
123080.0,-354.0,-3528792.0,4.817,21.87
123084.0,-365.0,-3564293.0,4.817,21.63
123088.0,-648.0,-3598902.0,4.525,21.87
123092.0,-281.0,-3667333.0,4.558,20.89
123097.0,6.0,-3701228.0,4.108,20.41
123101.0,-53.0,-3733989.0,3.85,20.16
123106.0,-157.0,-3798766.0,4.192,19.67
123110.0,-276.0,-3830985.0,4.342,19.67
123114.0,-233.0,-3893634.0,4.075,19.67
123118.0,-342.0,-3923921.0,3.875,18.7
123122.0,-377.0,-3954182.0,3.642,18.94
123126.0,-332.0,-3983707.0,3.558,17.96
123130.0,-141.0,-4041862.0,3.525,17.47
123134.0,-522.0,-4071005.0,3.75,18.21
123139.0,-393.0,-4099658.0,3.925,17.23
123143.0,-274.0,-4154549.0,3.233,16.98
123147.0,-405.0,-4181966.0,3.183,16.74
123151.0,-24.0,-4209917.0,3.158,16.5
123156.0,-179.0,-4263537.0,3.067,16.74
123160.0,-156.0,-4289920.0,3.092,15.76
123164.0,-205.0,-4316077.0,3.508,15.76
123167.0,-258.0,-4366414.0,3.042,15.52
123171.0,-499.0,-4391189.0,2.592,15.27
123175.0,-526.0,-4415884.0,2.55,15.03
123180.0,-311.0,-4464347.0,2.692,16.01
123184.0,-316.0,-4488060.0,2.617,14.54
123188.0,-233.0,-4511083.0,2.308,14.05
123192.0,-332.0,-4534548.0,2.717,14.54
123196.0,-255.0,-4579723.0,2.642,14.05
123201.0,190.0,-4602230.0,2.042,14.54
123205.0,-83.0,-4623971.0,2.008,13.81
123210.0,-231.0,-4667656.0,2.108,14.3
123214.0,-16.0,-4689375.0,2.017,13.32
123219.0,-240.0,-4731908.0,2.283,13.07
123224.0,-587.0,-4752541.0,2.058,13.07
123228.0,-556.0,-4793066.0,1.7,12.83
123232.0,-83.0,-4813181.0,1.583,12.83
123237.0,84.0,-4852249.0,1.6,12.83
123242.0,-401.0,-4871498.0,1.533,12.34
123245.0,-394.0,-4909779.0,2.233,12.34
123249.0,3.0,-4928612.0,1.733,12.59
123254.0,-254.0,-4947293.0,1.517,11.85
123258.0,-389.0,-4982922.0,1.5,12.1
123262.0,-500.0,-5000641.0,1.617,11.61
123267.0,-273.0,-5018006.0,1.7,11.61
123271.0,-354.0,-5035211.0,1.542,11.36
123275.0,-277.0,-5069560.0,2.075,11.36
123279.0,-244.0,-5086025.0,1.45,11.12
123282.0,-111.0,-5102680.0,1.142,11.36
123286.0,-114.0,-5135473.0,1.842,10.87
123292.0,-178.0,-5151658.0,2.417,10.87
123296.0,-119.0,-5184143.0,0.142,10.87
123299.0,-386.0,-5199716.0,2.317,10.63
123303.0,-211.0,-5214971.0,1.05,10.63
123308.0,-288.0,-5228980.0,1.125,10.39
123312.0,-109.0,-5251791.0,0.592,10.39
123316.0,-170.0,-5260598.0,0.875,10.39
123320.0,-317.0,-5267777.0,0.8,10.39
123324.0,-268.0,-5272428.0,0.65,10.63
123328.0,-377.0,-5277259.0,0.375,10.39
123333.0,-788.0,-5278202.0,0.75,10.14
123337.0,-427.0,-5278731.0,0.808,10.14
123341.0,-452.0,-5277750.0,0.617,8.92
123347.0,-124.0,-5275384.0,0.25,9.16
123353.0,-673.0,-5271858.0,0.533,8.43
123358.0,-124.0,-5269537.0,0.358,8.68
123363.0,-412.0,-5264864.0,0.725,8.19
123368.0,-201.0,-5260046.0,0.85,7.45
123373.0,-386.0,-5257453.0,0.425,7.45
123379.0,-328.0,-5252187.0,0.575,7.21
123384.0,-30.0,-5247225.0,0.675,6.72
123389.0,-105.0,-5244918.0,0.45,6.48
123395.0,-367.0,-5239739.0,0.558,6.48
123401.0,-245.0,-5234571.0,0.608,6.48
123406.0,-196.0,-5229859.0,0.367,6.48
123411.0,-725.0,-5227682.0,0.467,6.48
123416.0,-9.0,-5225357.0,0.533,6.72
123421.0,-274.0,-5219249.0,0.425,7.21
123426.0,-367.0,-5217220.0,0.417,6.72
123432.0,133.0,-5213224.0,0.4,6.96
123438.0,-134.0,-5209128.0,0.4,6.72
123443.0,-293.0,-5207333.0,0.342,6.72
123448.0,-317.0,-5205612.0,0.342,6.72
123453.0,-112.0,-5200030.0,0.275,6.48
123458.0,-79.0,-5198431.0,0.358,6.72
123463.0,123.0,-5194877.0,0.35,7.21
123469.0,-97.0,-5191809.0,0.258,6.96
123474.0,-448.0,-5189928.0,0.142,6.72
123480.0,-536.0,-5187021.0,0.258,6.96
123486.0,-280.0,-5183805.0,0.333,6.72
123491.0,-285.0,-5180263.0,0.292,7.21
123495.0,-282.0,-5178858.0,0.325,5.25
123501.0,136.0,-5176398.0,0.267,7.7
123507.0,164.0,-5173442.0,0.192,6.72
123512.0,55.0,-5171689.0,0.358,6.96
123517.0,127.0,-5169374.0,0.3,7.21
123523.0,105.0,-5166430.0,0.242,7.21
123529.0,-551.0,-5164014.0,0.333,6.96
123534.0,-350.0,-5162731.0,-1.358,6.72
123539.0,-110.0,-5151850.0,0.083,6.48
123545.0,186.0,-5130010.0,-0.433,6.48
123550.0,-19.0,-5100476.0,0.183,6.72
123554.0,-240.0,-5084449.0,-2.008,5.99
123560.0,-482.0,-5049751.0,-0.067,5.99
123567.0,-234.0,-5011477.0,0.333,5.5
123572.0,-43.0,-4991912.0,-0.533,5.25
123577.0,-737.0,-4949997.0,-0.55,5.25
123582.0,-291.0,-4906761.0,-1.783,5.25
123588.0,-373.0,-4863005.0,-0.408,4.77
123593.0,-418.0,-4841018.0,-0.033,4.77
123598.0,-284.0,-4795377.0,-0.908,4.28
123604.0,-626.0,-4748007.0,-0.925,4.03
123609.0,-273.0,-4723868.0,-0.9,3.79
123614.0,-244.0,-4675909.0,-1.033,3.79
123620.0,-534.0,-4626163.0,-0.867,3.79
123625.0,-415.0,-4600690.0,-1.317,3.54
123629.0,-280.0,-4549011.0,-1.408,3.3
123635.0,-562.0,-4496477.0,-0.467,4.03
123640.0,-589.0,-4469860.0,-0.642,3.05
123645.0,293.0,-4415883.0,-1.225,3.05
123652.0,-1.0,-4360541.0,-1.3,3.3
123656.0,-412.0,-4332200.0,-1.575,3.3
123661.0,-315.0,-4274781.0,-1.008,2.57
123667.0,-205.0,-4216853.0,-1.375,2.57
123671.0,-216.0,-4187494.0,-1.708,2.08
123677.0,-228.0,-4127693.0,-2.308,2.32
123682.0,-284.0,-4066707.0,-1.933,2.32
123688.0,-510.0,-4004135.0,-1.608,1.83
123694.0,-465.0,-3972410.0,-1.608,1.59
123699.0,-391.0,-3908037.0,-2.192,2.08
123704.0,-385.0,-3842157.0,-2.675,1.1
123709.0,-96.0,-3808450.0,-2.158,1.59
123714.0,-255.0,-3738777.0,-2.458,1.59
123720.0,-125.0,-3668787.0,-2.142,0.86
123724.0,-186.0,-3633092.0,-2.467,1.1
123729.0,-87.0,-3560897.0,-3.033,0.37
123736.0,-145.0,-3486705.0,-2.992,0.12
123740.0,-246.0,-3448862.0,-3.283,0.37
123746.0,-404.0,-3372391.0,-2.75,-0.12
123751.0,-244.0,-3296581.0,-3.517,-0.61
123757.0,-254.0,-3217681.0,-3.55,-1.1
123762.0,-365.0,-3177296.0,-3.675,-0.37
123767.0,-433.0,-3136697.0,-4.208,-1.59
123773.0,93.0,-3012721.0,-3.633,-1.1
123778.0,-108.0,-2971358.0,-4.375,-1.83
123783.0,-573.0,-2886931.0,-4.325,-2.57
123789.0,-179.0,-2799311.0,-5.233,-3.05
123794.0,-214.0,-2755176.0,-5.167,-3.3
123798.0,-339.0,-2665423.0,-5.067,-3.79
123804.0,-139.0,-2576757.0,-5.05,-4.52
123809.0,-240.0,-2532062.0,-6.017,-5.25
123814.0,-124.0,-2440327.0,-6.467,-5.5
123821.0,-316.0,-2349025.0,-6.5,-5.99
123826.0,-386.0,-2258991.0,-6.708,-7.21
123831.0,-297.0,-2214250.0,-6.825,-7.7
123837.0,-261.0,-2124506.0,-7.933,-8.68
123842.0,-505.0,-2029682.0,-8.225,-9.41
123848.0,-461.0,-1936856.0,-9.158,-10.63
123852.0,-512.0,-1890697.0,-9.383,-11.36
123856.0,-341.0,-1845488.0,-8.358,-11.61
123860.0,226.0,-1757631.0,-9.308,-12.59
123865.0,-87.0,-1712094.0,-10.033,-13.32
123869.0,-328.0,-1665805.0,-10.967,-14.3
123873.0,-199.0,-1620120.0,-11.267,-14.78
123877.0,34.0,-1530083.0,-10.792,-15.52
123880.0,183.0,-1486148.0,-11.283,-16.5
123884.0,34.0,-1443303.0,-9.958,-17.23
123889.0,-377.0,-1359980.0,-11.608,-17.96
123893.0,-594.0,-1317063.0,-12.108,-18.21
123897.0,-509.0,-1271468.0,-12.483,-19.18
123901.0,-298.0,-1182745.0,-12.492,-19.18
123906.0,-451.0,-1140346.0,-12.883,-20.41
123910.0,-710.0,-1099425.0,-12.092,-21.14
123914.0,105.0,-1020284.0,-11.625,-22.12
123918.0,54.0,-979139.0,-11.617,-22.61
123924.0,-640.0,-889823.0,-15.725,-23.09
123928.0,-659.0,-844362.0,-15.708,-24.07
123931.0,-836.0,-803841.0,-14.108,-25.05
123935.0,-337.0,-733662.0,-4.908,-25.54
123940.0,398.0,-699191.0,-11.6,-26.27
123947.0,-650.0,-628393.0,-8.367,-26.76
123952.0,-382.0,-555451.0,-9.35,-27.0
123958.0,-482.0,-486381.0,-8.35,-27.49
123963.0,-260.0,-452422.0,-7.05,-27.74
123968.0,-189.0,-397093.0,-2.725,-28.23
123974.0,-317.0,-356075.0,-4.067,-27.74
123979.0,-543.0,-332917.0,4.3,-26.76
123984.0,-558.0,-324936.0,-2.125,-24.07
123990.0,-703.0,-311570.0,-5.333,-20.41
123996.0,-457.0,-299444.0,3.225,-16.98
124002.0,-53.0,-290426.0,-2.0,-13.81
124006.0,-264.0,-286795.0,-1.283,-11.36
124012.0,-289.0,-282169.0,1.125,-9.16
124017.0,-265.0,-280443.0,-1.417,-5.01
124022.0,-127.0,-279606.0,-0.575,-3.54
124027.0,-300.0,-279309.0,-0.367,-2.08
124034.0,-390.0,-279961.0,-1.05,-0.37
124039.0,-132.0,-280284.0,0.242,0.86
124043.0,243.0,-281659.0,-0.308,2.08
124049.0,-207.0,-283863.0,-0.35,3.54
124055.0,-163.0,-286775.0,-0.233,4.52
124059.0,-354.0,-288048.0,-0.258,5.25
124065.0,-107.0,-291316.0,-0.067,6.48
124070.0,-137.0,-294602.0,0.292,6.48
124076.0,-135.0,-296459.0,-0.467,7.7
124081.0,-258.0,-300042.0,-0.392,8.43
124087.0,-150.0,-302904.0,0.1,9.16
124092.0,-202.0,-304507.0,0.0,9.16
124096.0,-273.0,-307552.0,-0.083,9.41
124102.0,-247.0,-310392.0,-0.175,8.68
124107.0,-281.0,-311477.0,-0.1,8.19
124112.0,-108.0,-313866.0,0.075,9.41
124118.0,-200.0,-316810.0,0.075,7.7
124124.0,-166.0,-318766.0,-0.167,7.45
124129.0,-34.0,-319787.0,-0.183,7.7
124134.0,-5.0,-321572.0,-0.058,7.7
124139.0,-105.0,-323878.0,-0.033,7.94
124145.0,-197.0,-325035.0,-0.167,7.21
124149.0,358.0,-326726.0,-0.083,7.45
124155.0,-344.0,-328650.0,-0.108,6.48
124161.0,-28.0,-329621.0,0.008,6.23
124166.0,-101.0,-331314.0,0.175,6.96
124171.0,79.0,-332648.0,0.0,6.72
124176.0,-505.0,-333659.0,-0.2,6.48
124181.0,-156.0,-334806.0,0.058,6.48
124187.0,-336.0,-336538.0,-0.108,6.96
124192.0,-104.0,-337535.0,-0.183,7.21
124196.0,-423.0,-344868.0,5.292,6.72
124203.0,-25.0,-383982.0,11.508,7.45
124209.0,-131.0,-464054.0,7.358,7.7
124214.0,-657.0,-509773.0,6.975,11.85
124219.0,-96.0,-609648.0,12.542,12.34
124224.0,102.0,-730024.0,13.492,13.81
124229.0,84.0,-791997.0,7.692,14.54
124234.0,173.0,-906604.0,11.908,15.52
124240.0,203.0,-1021962.0,11.133,16.74
124244.0,-192.0,-1078973.0,9.683,17.96
124249.0,-159.0,-1134538.0,10.258,19.92
124253.0,2.0,-1245779.0,10.6,22.36
124258.0,-88.0,-1302718.0,10.558,25.05
124262.0,97.0,-1418019.0,10.275,28.71
124266.0,-12.0,-1471686.0,9.433,32.14
124271.0,-684.0,-1579436.0,11.283,37.76
124275.0,-393.0,-1634777.0,9.933,40.93
124279.0,-652.0,-1686688.0,7.983,41.91
124283.0,-545.0,-1791037.0,9.767,42.16
124288.0,-188.0,-1844864.0,10.0,39.22
124292.0,-197.0,-1897757.0,8.558,37.76
124296.0,-336.0,-1948396.0,8.883,36.05
124300.0,-97.0,-2050203.0,9.083,33.6
124305.0,-177.0,-2101584.0,7.658,34.82
124309.0,-70.0,-2199869.0,7.517,36.29
124314.0,76.0,-2248824.0,8.492,35.07
124319.0,-295.0,-2346809.0,7.175,34.09
124323.0,-426.0,-2394012.0,7.508,33.6
124327.0,163.0,-2440659.0,8.108,32.62
124333.0,-825.0,-2534324.0,6.6,31.16
124337.0,-690.0,-2578837.0,6.817,30.67
124341.0,-435.0,-2667668.0,7.183,29.45
124345.0,-442.0,-2712661.0,7.217,29.45
124348.0,41.0,-2756130.0,6.617,28.71
124353.0,140.0,-2841309.0,6.642,28.47
124357.0,-205.0,-2884188.0,6.4,27.98
124362.0,-530.0,-2966216.0,5.442,26.76
124366.0,-339.0,-3006513.0,6.133,26.03
124370.0,-380.0,-3047676.0,5.883,25.78
124375.0,-409.0,-3126897.0,5.567,25.54
124379.0,-46.0,-3165756.0,5.825,24.56
124384.0,-189.0,-3244230.0,5.017,24.07
124389.0,-767.0,-3282405.0,4.825,23.58
124393.0,-512.0,-3358106.0,4.792,22.85
124397.0,-167.0,-3395387.0,5.258,22.36
124401.0,6.0,-3432048.0,4.858,22.36
124406.0,-309.0,-3502462.0,4.658,21.38
124410.0,-474.0,-3537729.0,4.158,21.14
124414.0,-329.0,-3572398.0,4.042,20.89
124419.0,-296.0,-3640895.0,3.975,20.89
124423.0,-269.0,-3674588.0,3.925,19.92
124427.0,-550.0,-3707887.0,4.317,19.43
124431.0,-425.0,-3773528.0,3.692,19.43
124435.0,-112.0,-3806119.0,3.4,18.94
124439.0,211.0,-3838010.0,3.558,18.45
124443.0,-260.0,-3869487.0,3.308,18.21
124447.0,-223.0,-3931872.0,3.358,17.96
124450.0,-132.0,-3962589.0,3.133,17.72
124454.0,-159.0,-3993186.0,3.325,17.72
124459.0,-226.0,-4052341.0,2.742,16.74
124463.0,-37.0,-4081560.0,2.933,16.74
124469.0,5.0,-4139648.0,2.658,16.25
124474.0,-297.0,-4168415.0,2.458,15.76
124478.0,-230.0,-4224164.0,2.692,15.52
124482.0,-325.0,-4251747.0,3.05,15.27
124487.0,-138.0,-4305249.0,2.642,15.03
124491.0,-295.0,-4331560.0,2.942,15.27
124495.0,-428.0,-4357599.0,2.9,14.78
124500.0,-439.0,-4408913.0,2.642,14.05
124505.0,-260.0,-4434120.0,2.175,14.05
124509.0,-413.0,-4458855.0,2.6,13.81
124513.0,-464.0,-4506704.0,2.133,13.81
124517.0,-209.0,-4530401.0,1.575,13.56
124521.0,-236.0,-4553870.0,2.158,13.32
124525.0,-177.0,-4600289.0,2.025,13.32
124529.0,6.0,-4623482.0,2.433,13.07
124534.0,-470.0,-4668394.0,3.117,13.07
124538.0,-599.0,-4690011.0,0.067,13.56
124542.0,-596.0,-4711436.0,2.192,13.07
124547.0,-717.0,-4733235.0,0.742,12.34
124551.0,-746.0,-4775230.0,2.208,13.32
124555.0,-459.0,-4795505.0,1.15,12.59
124559.0,-74.0,-4815832.0,1.608,12.59
124563.0,93.0,-4855297.0,2.225,12.34
124568.0,24.0,-4874864.0,2.0,12.1
124573.0,-148.0,-4913071.0,1.867,11.61
124577.0,79.0,-4931804.0,1.667,11.61
124582.0,-337.0,-4969233.0,1.65,11.61
124587.0,-262.0,-4986796.0,1.508,11.36
124591.0,-207.0,-5022541.0,1.883,11.12
124595.0,-352.0,-5040294.0,1.342,11.61
124599.0,189.0,-5057371.0,1.217,10.87
124603.0,-204.0,-5074176.0,1.417,11.61
124607.0,-281.0,-5107967.0,1.108,10.63
124611.0,-354.0,-5124854.0,1.258,10.63
124615.0,-167.0,-5141371.0,1.433,10.87
124619.0,-124.0,-5174130.0,1.608,10.63
124623.0,-185.0,-5188631.0,1.025,10.39
124626.0,-376.0,-5201144.0,0.558,10.14
124631.0,-185.0,-5211851.0,0.683,10.63
124635.0,-20.0,-5228158.0,0.25,10.14
124640.0,-328.0,-5233273.0,-0.392,9.9
124646.0,-382.0,-5238128.0,0.442,9.41
124651.0,121.0,-5240090.0,0.975,9.9
124656.0,88.0,-5239147.0,0.092,8.92
124661.0,-574.0,-5237986.0,0.008,8.68
124666.0,-187.0,-5235676.0,0.458,8.43
124672.0,-49.0,-5233763.0,0.267,8.92
124677.0,-699.0,-5229508.0,0.417,7.94
124683.0,-420.0,-5224878.0,0.433,7.7
124687.0,-247.0,-5222357.0,0.258,7.45
124693.0,-307.0,-5217486.0,0.342,7.21
124698.0,-144.0,-5212164.0,0.108,6.96
124702.0,-227.0,-5209131.0,0.2,6.72
124708.0,71.0,-5203848.0,0.292,6.48
124713.0,-202.0,-5198542.0,0.425,6.96
124719.0,-68.0,-5196289.0,0.275,6.23
124724.0,-342.0,-5192010.0,0.117,6.23
124729.0,-417.0,-5187868.0,0.225,6.23
124734.0,-134.0,-5185843.0,0.308,6.96
124739.0,-420.0,-5181740.0,0.283,6.96
124745.0,-433.0,-5177874.0,0.2,6.48
124749.0,-74.0,-5175781.0,0.267,7.21
124754.0,-180.0,-5171744.0,0.25,6.48
124761.0,133.0,-5168070.0,0.275,6.48
124766.0,-211.0,-5166407.0,0.158,6.48
124771.0,-83.0,-5163240.0,0.117,6.72
124776.0,-122.0,-5159554.0,0.158,7.21
124781.0,141.0,-5157875.0,0.3,6.48
124786.0,-193.0,-5154756.0,0.208,6.48
124791.0,-266.0,-5151578.0,0.225,6.72
124796.0,9.0,-5149885.0,0.15,6.96
124803.0,-399.0,-5146677.0,0.183,7.21
124808.0,-546.0,-5143583.0,0.15,6.48
124813.0,-11.0,-5142376.0,0.158,6.48
124818.0,233.0,-5139623.0,0.242,6.72
124823.0,-392.0,-5136791.0,0.192,6.96
124828.0,-229.0,-5135172.0,0.292,6.96
124833.0,17.0,-5133911.0,0.175,6.48
124838.0,-370.0,-5130305.0,0.242,6.48
124844.0,-424.0,-5128822.0,0.242,8.68
124849.0,-88.0,-5125615.0,-1.25,7.21
124855.0,151.0,-5116029.0,0.183,6.48
124859.0,-82.0,-5105804.0,0.908,6.48
124864.0,-286.0,-5078485.0,-0.767,6.23
124870.0,-333.0,-5046831.0,-2.567,5.99
124874.0,-232.0,-5029842.0,-0.133,6.23
124880.0,82.0,-4992932.0,0.525,6.23
124886.0,-325.0,-4953168.0,-1.083,5.74
124891.0,-412.0,-4932217.0,-0.6,5.25
124896.0,-464.0,-4889138.0,-1.267,5.01
124901.0,-317.0,-4844532.0,-0.7,4.77
124906.0,-692.0,-4821977.0,-0.25,4.77
124912.0,-654.0,-4776087.0,-0.725,4.28
124917.0,-181.0,-4729525.0,-1.292,4.03
124922.0,-102.0,-4705378.0,-0.733,4.03
124928.0,-44.0,-4656559.0,-0.667,3.79
124933.0,-33.0,-4607047.0,-0.733,3.79
124938.0,-196.0,-4581210.0,-1.192,3.54
124943.0,-454.0,-4529117.0,-1.183,3.3
124948.0,-325.0,-4476299.0,-1.358,3.54
124953.0,-438.0,-4449288.0,-1.083,3.3
124959.0,-8.0,-4394936.0,-0.833,2.81
124964.0,-47.0,-4339706.0,-1.65,3.54
124968.0,-114.0,-4311159.0,-1.542,2.57
124975.0,-256.0,-4253238.0,-1.65,2.81
124980.0,-189.0,-4193970.0,-1.275,2.81
124985.0,-268.0,-4164423.0,-1.433,3.05
124990.0,-498.0,-4104627.0,-1.633,2.32
124996.0,-24.0,-4042951.0,-1.975,2.57
125001.0,-399.0,-3979705.0,-2.158,1.83
125006.0,-130.0,-3947164.0,-1.458,1.59
125012.0,234.0,-3882766.0,-1.742,2.32
125018.0,19.0,-3816674.0,-2.15,1.34
125022.0,-446.0,-3782461.0,-2.292,1.59
125028.0,-414.0,-3713204.0,-2.658,1.1
125033.0,-413.0,-3641674.0,-1.833,1.34
125038.0,-382.0,-3606359.0,-2.342,0.61
125043.0,-344.0,-3533257.0,-2.508,0.61
125049.0,-188.0,-3458131.0,-3.075,0.37
125054.0,-315.0,-3381411.0,-3.158,-0.12
125060.0,-408.0,-3342748.0,-2.542,0.37
125066.0,-4.0,-3266016.0,-2.992,-0.12
125071.0,-365.0,-3186930.0,-3.325,-0.61
125076.0,-368.0,-3146279.0,-3.992,-0.37
125081.0,-480.0,-3063282.0,-4.0,-1.34
125086.0,-291.0,-2979560.0,-3.808,-1.1
125091.0,-526.0,-2937423.0,-3.583,-1.83
125096.0,16.0,-2853135.0,-4.4,-2.57
125103.0,-34.0,-2765085.0,-4.958,-2.08
125108.0,-213.0,-2720250.0,-5.158,-3.3
125113.0,-77.0,-2629487.0,-5.392,-3.79
125119.0,29.0,-2539253.0,-5.1,-4.28
125124.0,-128.0,-2447627.0,-5.9,-5.01
125128.0,-269.0,-2401176.0,-6.725,-5.5
125134.0,17.0,-2353945.0,-6.6,-6.23
125139.0,-74.0,-2215747.0,-7.192,-6.72
125145.0,-289.0,-2170068.0,-6.667,-7.7
125150.0,585.0,-2079654.0,-7.533,-8.43
125156.0,-201.0,-1985170.0,-8.625,-9.16
125161.0,-338.0,-1938021.0,-8.633,-9.9
125166.0,-394.0,-1845352.0,-9.55,-10.39
125170.0,-435.0,-1798555.0,-9.325,-11.36
125174.0,-126.0,-1710018.0,-8.542,-12.1
125178.0,-163.0,-1665387.0,-10.05,-12.34
125182.0,-564.0,-1619622.0,-10.742,-14.05
125187.0,-781.0,-1526501.0,-11.3,-14.54
125191.0,-372.0,-1481596.0,-12.108,-15.52
125194.0,-671.0,-1437251.0,-10.65,-16.25
125198.0,-600.0,-1393030.0,-10.9,-17.23
125202.0,-275.0,-1309877.0,-10.458,-17.96
125206.0,-82.0,-1267672.0,-11.55,-18.7
125210.0,-451.0,-1223303.0,-12.292,-19.43
125214.0,-468.0,-1133208.0,-12.867,-19.18
125218.0,-309.0,-1090535.0,-12.358,-20.41
125222.0,-410.0,-1048504.0,-12.5,-21.14
125227.0,-427.0,-1006757.0,-12.35,-22.12
125231.0,-232.0,-928432.0,-11.317,-22.36
125235.0,-241.0,-889193.0,-12.108,-22.61
125239.0,-308.0,-847760.0,-13.792,-23.58
125243.0,-251.0,-762011.0,-13.958,-24.32
125247.0,-738.0,-722556.0,-13.208,-24.8
125251.0,-689.0,-687961.0,-11.875,-26.27
125255.0,-234.0,-656230.0,-13.008,-26.52
125259.0,-321.0,-589917.0,-7.333,-27.25
125263.0,584.0,-554276.0,-10.858,-27.74
125267.0,51.0,-483507.0,-10.192,-27.98
125273.0,-306.0,-451006.0,-6.358,-28.47
125279.0,-298.0,-390676.0,-7.683,-27.25
125284.0,-210.0,-339078.0,-2.725,-29.45
125289.0,-107.0,-320281.0,-1.6,-29.69
125294.0,-293.0,-283522.0,-4.2,-28.96
125300.0,203.0,-273052.0,4.775,-25.54
125305.0,-231.0,-261128.0,-6.067,-22.36
125310.0,-606.0,-254991.0,1.192,-19.67
125316.0,212.0,-246346.0,1.5,-16.25
125322.0,-492.0,-239436.0,-2.642,-13.07
125327.0,-511.0,-237445.0,0.067,-10.14
125332.0,366.0,-235702.0,0.358,-7.94
125337.0,-372.0,-235798.0,-1.642,-4.28
125342.0,-585.0,-235745.0,0.192,-2.81
125347.0,-215.0,-236812.0,-1.167,-0.86
125353.0,-237.0,-237864.0,-0.633,0.61
125358.0,-254.0,-238823.0,-0.017,1.59
125363.0,-449.0,-241212.0,-0.325,2.57
125369.0,-339.0,-243512.0,-0.75,4.03
125373.0,-262.0,-244441.0,-0.05,4.77
125379.0,4.0,-247664.0,-0.333,5.74
125384.0,-160.0,-250584.0,-0.117,5.99
125389.0,-87.0,-252559.0,0.042,7.45
125394.0,-359.0,-255622.0,-0.525,8.19
125401.0,-199.0,-258700.0,-0.117,8.92
125405.0,-60.0,-259901.0,-0.05,9.16
125410.0,-181.0,-263142.0,-0.208,10.14
125416.0,-39.0,-265904.0,-0.033,10.14
125420.0,-178.0,-267067.0,-0.217,8.68
125425.0,-360.0,-268420.0,-0.058,8.19
125431.0,-490.0,-271992.0,-0.033,8.43
125436.0,-239.0,-273013.0,-0.2,7.45
125442.0,-245.0,-275170.0,-0.05,7.7
125447.0,-541.0,-277438.0,-0.117,7.94
125453.0,41.0,-279198.0,-0.058,7.45
125458.0,-62.0,-280395.0,-0.1,7.7
125463.0,24.0,-282321.0,-0.1,7.21
125469.0,-300.0,-283699.0,-0.083,7.45
125473.0,-453.0,-284908.0,-0.133,6.96
125478.0,-266.0,-286455.0,-0.025,6.48
125485.0,-280.0,-288321.0,0.025,6.48
125490.0,-573.0,-288998.0,-0.075,6.23
125495.0,-349.0,-290320.0,-0.025,6.23
125501.0,-317.0,-291824.0,-0.058,6.48
125506.0,33.0,-293128.0,-0.292,6.72
125511.0,212.0,-294181.0,-0.15,6.48
125517.0,-438.0,-304977.0,6.758,6.48
125522.0,46.0,-359067.0,11.908,8.19
125529.0,88.0,-444379.0,3.642,9.65
125533.0,-427.0,-489410.0,11.633,11.85
125537.0,208.0,-596545.0,12.858,12.59
125542.0,-245.0,-659274.0,12.642,13.56
125546.0,-634.0,-722335.0,9.817,16.98
125551.0,-147.0,-833858.0,10.45,15.52
125556.0,365.0,-949950.0,11.383,16.74
125560.0,394.0,-1006621.0,9.6,17.72
125564.0,-9.0,-1063328.0,10.325,19.92
125570.0,-94.0,-1173995.0,10.242,21.38
125574.0,-181.0,-1230850.0,10.758,24.32
125578.0,-270.0,-1288989.0,10.533,27.98
125582.0,-103.0,-1398512.0,9.075,30.91
125587.0,-161.0,-1451861.0,11.567,35.8
125591.0,-34.0,-1562644.0,10.117,38.73
125595.0,-425.0,-1615355.0,8.15,42.89
125599.0,-552.0,-1666866.0,9.425,42.64
125603.0,485.0,-1773667.0,10.1,41.67
125607.0,72.0,-1826230.0,9.025,39.47
125613.0,-190.0,-1928244.0,9.275,36.78
125617.0,63.0,-1980613.0,9.533,36.05
125623.0,-183.0,-2081625.0,7.058,35.07
125629.0,-197.0,-2180643.0,8.9,35.31
125633.0,-38.0,-2230420.0,8.233,35.31
125638.0,-292.0,-2325798.0,8.067,34.34
125642.0,-365.0,-2373327.0,8.075,33.36
125646.0,-210.0,-2420966.0,7.492,33.6
125650.0,-185.0,-2512471.0,7.05,31.4
125656.0,68.0,-2556984.0,7.208,30.67
125661.0,63.0,-2646896.0,7.167,29.45
125667.0,-453.0,-2733340.0,6.808,29.45
125670.0,-340.0,-2776041.0,6.95,28.96
125674.0,-617.0,-2819288.0,6.217,27.98
125678.0,-308.0,-2902547.0,5.7,27.74
125682.0,-483.0,-2943090.0,5.983,27.25
125686.0,-436.0,-2984255.0,5.792,26.27
125690.0,75.0,-3024982.0,6.042,26.03
125696.0,208.0,-3103387.0,5.65,26.52
125700.0,-5.0,-3143178.0,5.617,24.56
125704.0,-540.0,-3182763.0,5.142,24.07
125708.0,-403.0,-3258720.0,5.033,23.58
125712.0,-30.0,-3296725.0,4.933,23.83
125717.0,-39.0,-3371686.0,4.733,22.85
125723.0,-229.0,-3443378.0,4.792,22.12
125727.0,-456.0,-3479757.0,4.517,21.87
125730.0,-301.0,-3515124.0,4.042,22.12
125734.0,-284.0,-3584125.0,4.025,20.89
125739.0,-155.0,-3618472.0,3.7,20.16
125743.0,-96.0,-3652475.0,4.217,19.92
125748.0,93.0,-3718255.0,3.525,19.43
125754.0,-477.0,-3783743.0,3.642,18.94
125758.0,-380.0,-3816422.0,3.475,18.7
125762.0,19.0,-3847773.0,2.858,18.7
125767.0,-514.0,-3879266.0,3.233,17.47
125771.0,-395.0,-3941439.0,3.267,17.72
125775.0,-366.0,-3971788.0,3.117,17.72
125778.0,-391.0,-4030811.0,2.817,16.74
125783.0,-238.0,-4060756.0,2.742,16.5
125787.0,-199.0,-4090173.0,2.575,16.74
125792.0,-72.0,-4148197.0,2.617,16.01
125798.0,-190.0,-4204497.0,2.908,15.52
125802.0,171.0,-4231622.0,2.975,15.27
125806.0,50.0,-4258719.0,2.925,15.03
125811.0,-333.0,-4311992.0,3.333,14.78
125815.0,-324.0,-4337901.0,2.25,14.54
125819.0,-329.0,-4363512.0,2.133,14.54
125822.0,-568.0,-4414401.0,2.35,14.05
125827.0,-605.0,-4438770.0,2.492,13.81
125831.0,-790.0,-4462843.0,2.2,13.56
125835.0,-531.0,-4510512.0,4.033,13.56
125839.0,-296.0,-4534019.0,1.442,13.56
125843.0,-179.0,-4557656.0,-0.492,13.56
125847.0,-104.0,-4580973.0,2.692,12.83
125851.0,-125.0,-4626750.0,0.975,13.32
125856.0,-211.0,-4648877.0,0.85,14.54
125861.0,-480.0,-4692474.0,1.942,12.83
125865.0,-223.0,-4713879.0,1.792,13.32
125870.0,76.0,-4735290.0,1.442,12.34
125874.0,37.0,-4776785.0,1.383,12.1
125880.0,-368.0,-4817409.0,2.017,11.85
125884.0,-241.0,-4837296.0,1.767,11.61
125888.0,-56.0,-4856437.0,1.55,12.34
125892.0,43.0,-4895028.0,1.892,11.61
125898.0,-69.0,-4931818.0,1.633,11.61
125903.0,-271.0,-4950177.0,1.783,11.36
125907.0,-254.0,-4986734.0,1.767,11.12
125912.0,-127.0,-5004215.0,1.333,10.87
125916.0,60.0,-5021786.0,1.033,10.87
125921.0,-111.0,-5056894.0,1.175,11.12
125925.0,-174.0,-5074035.0,1.0,10.87
125930.0,-105.0,-5107761.0,1.442,11.12
125934.0,-20.0,-5124754.0,1.483,9.9
125939.0,-253.0,-5155488.0,0.533,10.39
125943.0,-20.0,-5168507.0,0.6,10.39
125948.0,5.0,-5188999.0,-0.083,9.41
125955.0,-27.0,-5201321.0,-0.15,10.14
125960.0,-409.0,-5204190.0,0.517,10.14
125964.0,-152.0,-5207599.0,0.442,9.65
125969.0,-442.0,-5208178.0,-0.242,8.92
125974.0,-547.0,-5208271.0,0.1,8.68
125980.0,-63.0,-5206205.0,0.908,8.92
125985.0,-287.0,-5204464.0,0.3,8.19
125990.0,-508.0,-5200477.0,0.283,7.94
125996.0,-44.0,-5196149.0,0.4,8.68
126002.0,-4.0,-5191603.0,0.35,7.94
126007.0,-368.0,-5189140.0,0.433,7.21
126012.0,-443.0,-5183873.0,0.158,6.96
126017.0,183.0,-5178687.0,0.242,6.96
126022.0,-309.0,-5176046.0,0.233,6.23
126027.0,-166.0,-5171115.0,0.35,6.96
126032.0,-69.0,-5166251.0,0.442,5.99
126039.0,-315.0,-5164196.0,-0.017,6.96
126043.0,-42.0,-5159725.0,0.192,6.23
126049.0,-114.0,-5155867.0,0.367,7.21
126054.0,-104.0,-5153884.0,0.342,6.72
126059.0,-225.0,-5149489.0,0.383,6.72
126064.0,-328.0,-5145653.0,0.183,6.96
126069.0,-272.0,-5143710.0,0.175,7.21
126074.0,-23.0,-5139697.0,0.3,6.48
126081.0,-329.0,-5136577.0,0.175,7.21
126086.0,-123.0,-5133271.0,0.083,6.72
126091.0,-95.0,-5131700.0,0.275,8.68
126096.0,-444.0,-5128261.0,0.225,6.96
126102.0,-398.0,-5125023.0,0.233,6.48
126107.0,-536.0,-5123600.0,0.208,6.48
126112.0,-339.0,-5120555.0,0.167,6.48
126117.0,-560.0,-5117503.0,0.317,6.96
126123.0,-104.0,-5115820.0,0.133,6.48
126128.0,-175.0,-5113325.0,0.142,6.72
126134.0,-231.0,-5110385.0,0.192,7.21
126139.0,-317.0,-5108818.0,0.175,6.72
126144.0,-91.0,-5106215.0,0.2,6.48
126149.0,-118.0,-5103279.0,0.258,6.48
126155.0,-300.0,-5101143.0,0.183,6.48
126160.0,-504.0,-5100024.0,0.142,7.21
126166.0,-457.0,-5096529.0,-1.575,6.48
126171.0,-314.0,-5085897.0,0.692,6.48
126176.0,-180.0,-5076312.0,0.883,6.48
126181.0,-49.0,-5049183.0,-0.958,6.23
126187.0,1.0,-5016927.0,-2.225,5.99
126192.0,-359.0,-4999078.0,-0.208,5.74
126196.0,-176.0,-4962153.0,0.075,5.99
126202.0,-297.0,-4922147.0,-1.25,5.25
126208.0,-563.0,-4901134.0,-0.483,5.25
126213.0,-372.0,-4857163.0,-1.35,4.52
126217.0,-431.0,-4834754.0,-0.642,5.01
126223.0,-641.0,-4789731.0,-0.042,4.52
126228.0,-438.0,-4743071.0,-0.817,4.52
126233.0,504.0,-4695845.0,-1.425,4.03
126239.0,-186.0,-4671580.0,-0.567,4.77
126244.0,-192.0,-4621995.0,-0.533,3.79
126249.0,43.0,-4571857.0,-0.633,3.79
126256.0,-153.0,-4519823.0,-1.317,3.3
126261.0,-653.0,-4493362.0,-1.083,3.3
126266.0,-376.0,-4439551.0,-0.65,3.54
126270.0,13.0,-4412340.0,-1.033,3.05
126275.0,-267.0,-4357857.0,-0.75,3.54
126281.0,-298.0,-4301861.0,-1.675,3.05
126286.0,-436.0,-4244403.0,-1.633,3.54
126292.0,-538.0,-4214380.0,-1.4,2.08
126298.0,-178.0,-4154107.0,-1.275,2.57
126303.0,-53.0,-4093885.0,-1.408,2.08
126308.0,-269.0,-4063604.0,-1.742,2.08
126313.0,-11.0,-4001729.0,-2.2,2.57
126318.0,-2.0,-3937691.0,-1.767,2.32
126324.0,-108.0,-3872655.0,-1.633,2.32
126329.0,-342.0,-3839772.0,-2.317,2.08
126334.0,-120.0,-3772283.0,-2.408,1.83
126341.0,-249.0,-3703527.0,-2.392,1.1
126346.0,-475.0,-3667958.0,-2.458,1.1
126351.0,-235.0,-3595829.0,-2.008,0.61
126356.0,238.0,-3522979.0,-2.442,0.61
126361.0,-255.0,-3486148.0,-2.942,0.61
126366.0,-469.0,-3410709.0,-2.967,0.61
126371.0,-598.0,-3333539.0,-3.075,0.61
126376.0,-113.0,-3294494.0,-2.525,-0.37
126382.0,95.0,-3216495.0,-3.258,-0.61
126388.0,-130.0,-3136625.0,-3.417,-0.12
126393.0,-214.0,-3095402.0,-4.108,-0.61
126398.0,-394.0,-3011587.0,-3.833,-1.34
126403.0,-353.0,-2926369.0,-3.867,-1.59
126408.0,-324.0,-2884712.0,-3.775,-0.61
126413.0,-384.0,-2799373.0,-4.425,-1.83
126418.0,-613.0,-2710835.0,-5.433,-3.05
126424.0,-484.0,-2665436.0,-5.017,-3.3
126429.0,-190.0,-2574643.0,-5.525,-3.79
126435.0,-205.0,-2483417.0,-4.708,-3.79
126439.0,-466.0,-2437758.0,-5.917,-5.01
126445.0,-254.0,-2345089.0,-6.267,-5.5
126450.0,95.0,-2252329.0,-7.058,-6.23
126455.0,14.0,-2205772.0,-7.042,-6.72
126460.0,-20.0,-2113439.0,-6.692,-7.7
126466.0,285.0,-2023033.0,-7.333,-8.43
126471.0,129.0,-1976632.0,-8.667,-9.16
126476.0,-523.0,-1881601.0,-8.908,-9.16
126482.0,-130.0,-1788541.0,-9.675,-10.63
126485.0,27.0,-1741858.0,-9.275,-10.87
126491.0,-182.0,-1652958.0,-9.325,-12.59
126495.0,-541.0,-1607997.0,-9.792,-13.32
126498.0,-588.0,-1561836.0,-10.975,-14.3
126502.0,-421.0,-1469757.0,-12.167,-14.78
126507.0,-416.0,-1425364.0,-11.825,-15.52
126511.0,-373.0,-1381107.0,-10.833,-16.25
126515.0,14.0,-1336830.0,-11.483,-17.47
126519.0,-193.0,-1253393.0,-10.308,-17.47
126523.0,-288.0,-1211960.0,-11.425,-18.94
126527.0,-655.0,-1168103.0,-12.992,-18.94
126531.0,-672.0,-1077652.0,-12.817,-20.16
126535.0,-519.0,-1035393.0,-12.133,-21.14
126539.0,-394.0,-994254.0,-12.942,-21.63
126543.0,-53.0,-915355.0,-11.733,-22.61
126548.0,-117.0,-877134.0,-12.433,-22.85
126553.0,-320.0,-796617.0,-12.983,-24.07
126558.0,84.0,-754066.0,-13.925,-24.32
126564.0,-844.0,-674492.0,-12.625,-25.78
126568.0,-517.0,-641363.0,-12.25,-25.78
126573.0,-127.0,-578388.0,-6.408,-27.0
126578.0,-100.0,-507730.0,-10.075,-27.98
126582.0,-501.0,-473467.0,-10.392,-27.49
126586.0,-332.0,-441112.0,-6.858,-28.23
126592.0,-36.0,-382833.0,-6.983,-28.47
126598.0,-867.0,-318745.0,-7.958,-29.69
126602.0,-256.0,-296486.0,2.525,-29.69
126608.0,108.0,-260743.0,-5.042,-29.45
126613.0,-175.0,-242425.0,1.033,-28.23
126617.0,194.0,-236232.0,3.492,-25.78
126623.0,-706.0,-225210.0,-5.408,-22.61
126628.0,-537.0,-214834.0,-0.367,-18.7
126633.0,-134.0,-211337.0,1.325,-15.52
126639.0,-156.0,-205580.0,-2.6,-12.83
126644.0,-65.0,-201898.0,-1.217,-9.9
126649.0,-248.0,-201503.0,1.35,-6.72
126655.0,-122.0,-201785.0,-2.05,-4.03
126660.0,-405.0,-202849.0,-0.533,-2.08
126665.0,6.0,-203540.0,0.058,-0.86
126670.0,-176.0,-204477.0,-0.65,0.86
126675.0,-409.0,-207843.0,-0.958,2.08
126681.0,-624.0,-209178.0,0.075,2.81
126686.0,-360.0,-211466.0,-1.0,5.01
126691.0,-583.0,-213858.0,-0.35,5.5
126696.0,-480.0,-215105.0,-0.133,6.72
126702.0,112.0,-217911.0,-0.475,6.48
126707.0,-71.0,-220997.0,-0.017,8.68
126711.0,-16.0,-222018.0,-0.658,8.43
126717.0,322.0,-225040.0,-0.275,9.16
126723.0,177.0,-227698.0,0.058,9.16
126728.0,46.0,-229009.0,-0.167,9.16
126733.0,296.0,-230774.0,-0.208,8.92
126738.0,133.0,-233460.0,-0.267,8.43
126743.0,-350.0,-234525.0,-0.092,7.94
126748.0,-152.0,-237221.0,-0.058,7.7
126754.0,129.0,-239265.0,-0.325,7.7
126758.0,-320.0,-239798.0,-0.083,7.7
126765.0,-564.0,-242008.0,-0.25,7.45
126770.0,-245.0,-244036.0,-0.175,7.21
126775.0,-390.0,-244565.0,-0.075,7.94
126780.0,-472.0,-245556.0,-0.35,7.94
126785.0,-317.0,-248662.0,-0.067,6.96
126790.0,-170.0,-249475.0,-0.125,7.21
126795.0,-90.0,-250871.0,-0.067,7.45
126800.0,-229.0,-252585.0,0.067,7.21
126806.0,-178.0,-253236.0,-0.1,6.48
126812.0,-368.0,-254574.0,-0.15,7.21
126817.0,-355.0,-255828.0,-0.125,6.48
126822.0,-226.0,-256639.0,-0.108,6.23
126827.0,-272.0,-257100.0,-0.117,6.48
126832.0,-117.0,-259112.0,-0.15,6.48
126837.0,-194.0,-259603.0,-0.125,6.48
126842.0,-254.0,-260877.0,-0.1,6.23
126848.0,-29.0,-262247.0,-0.125,6.23
126853.0,-430.0,-262402.0,-0.083,6.96
126859.0,74.0,-263460.0,-0.183,6.48
126864.0,105.0,-265020.0,-0.15,6.96
126868.0,-10.0,-265523.0,-0.1,6.72
126874.0,-318.0,-266437.0,-0.075,6.96
126880.0,-282.0,-267867.0,-0.075,6.48
126884.0,-271.0,-268028.0,-0.192,6.23
126889.0,-443.0,-268785.0,-0.05,6.23
126896.0,-59.0,-270115.0,-0.092,6.72
126901.0,-58.0,-270318.0,-0.05,6.23
126906.0,-266.0,-271315.0,-0.167,6.23
126911.0,-354.0,-272037.0,-0.108,6.23
126917.0,-171.0,-272987.0,-0.033,6.96
126921.0,-8.0,-273540.0,0.0,6.48
126927.0,-88.0,-274188.0,-0.025,6.48
126932.0,335.0,-275450.0,0.0,6.96
126938.0,-156.0,-276093.0,0.083,6.72
126943.0,-346.0,-276289.0,0.008,6.96
126948.0,-199.0,-277217.0,-0.125,6.23
126953.0,-448.0,-277406.0,-0.158,6.72
126959.0,-60.0,-278224.0,-0.083,6.48
126964.0,-44.0,-278958.0,-0.042,6.23
126969.0,5.0,-279005.0,-0.117,6.48
126974.0,-283.0,-279664.0,-0.025,6.23
126980.0,-429.0,-280392.0,-0.058,6.48
126985.0,-12.0,-280675.0,0.05,6.23
126990.0,-562.0,-281710.0,-0.058,6.23
126996.0,168.0,-282566.0,0.0,6.48
127000.0,-69.0,-282887.0,-0.108,6.48
127006.0,-207.0,-283480.0,-0.017,6.72
127011.0,-211.0,-284118.0,-0.017,6.23
127016.0,-390.0,-284601.0,-0.008,6.72
127022.0,-182.0,-285046.0,-0.083,6.48
127028.0,-582.0,-285638.0,-0.05,6.48
127032.0,-497.0,-285591.0,0.025,6.48
127037.0,-174.0,-286434.0,0.075,6.96
127043.0,-334.0,-287046.0,-0.067,6.23
127047.0,-215.0,-287321.0,0.008,6.48
127052.0,-71.0,-287714.0,0.0,6.48
127058.0,63.0,-287986.0,-0.042,7.21
127064.0,-90.0,-288379.0,-0.05,6.48
127069.0,-648.0,-289462.0,-0.142,6.48
127074.0,-368.0,-289794.0,-0.05,7.21
127079.0,-75.0,-289879.0,0.0,6.23
127084.0,-127.0,-290626.0,0.008,6.23
127090.0,-203.0,-290786.0,0.017,6.48
127094.0,-214.0,-291093.0,0.008,6.48
127099.0,-101.0,-291382.0,0.017,6.23
127106.0,-255.0,-292196.0,0.058,6.72
127110.0,-446.0,-292205.0,0.008,6.96
127115.0,-24.0,-292940.0,0.008,6.96
127121.0,-370.0,-293318.0,0.042,6.96
127126.0,-419.0,-293575.0,-0.008,6.48
127131.0,55.0,-294032.0,-0.042,6.23
127136.0,-313.0,-294308.0,-0.067,6.23
127141.0,-706.0,-294573.0,0.042,6.72
127147.0,-28.0,-295164.0,-0.033,6.72
127153.0,282.0,-295734.0,-0.058,6.96
127158.0,-163.0,-295821.0,0.092,6.72
127162.0,-366.0,-296364.0,0.108,6.72
127168.0,-90.0,-296892.0,0.025,6.48
127172.0,-229.0,-296915.0,-0.05,6.72
127178.0,-127.0,-297021.0,0.008,6.48
127184.0,-629.0,-297671.0,-0.017,6.96
127190.0,-159.0,-297769.0,0.025,6.23
127195.0,62.0,-298164.0,-0.058,6.23
127200.0,-82.0,-298670.0,-0.058,6.48
127206.0,-138.0,-299128.0,0.033,6.23
127212.0,-288.0,-299110.0,0.025,6.23
127216.0,57.0,-299519.0,0.033,6.72
127222.0,311.0,-299567.0,-0.042,6.48
127227.0,-281.0,-299971.0,-0.008,7.21
127234.0,-187.0,-300919.0,0.033,6.72
127239.0,-166.0,-301070.0,-0.058,6.48
127244.0,-354.0,-301137.0,-0.042,6.48
127250.0,-228.0,-301699.0,0.042,6.23
127254.0,-145.0,-302000.0,-0.075,6.96
127259.0,-214.0,-302191.0,-0.067,6.23
127265.0,-150.0,-302483.0,-0.117,6.48
127269.0,-171.0,-302994.0,0.033,6.48
127276.0,155.0,-302776.0,-0.025,6.48
127281.0,-357.0,-303180.0,0.05,6.72
127287.0,-43.0,-303522.0,-0.042,6.72
127292.0,212.0,-303735.0,0.008,6.72
127297.0,-70.0,-303913.0,0.058,6.72
127303.0,-354.0,-304133.0,0.008,6.48
127308.0,-586.0,-304215.0,-0.025,6.23
127313.0,-467.0,-304476.0,0.05,6.72
127320.0,-205.0,-304752.0,-0.017,6.96
127325.0,-569.0,-305602.0,0.042,6.96
127331.0,137.0,-305672.0,0.025,6.48
127336.0,168.0,-305429.0,0.008,6.48
127341.0,-508.0,-305767.0,0.067,6.48
127347.0,-2.0,-306071.0,0.025,6.72
127352.0,6.0,-306669.0,-0.008,6.48
127357.0,-351.0,-306910.0,0.033,6.23
127363.0,-193.0,-306630.0,0.058,6.23
127369.0,-89.0,-307328.0,-0.067,6.23
127375.0,-105.0,-306968.0,-0.058,6.48
127379.0,36.0,-307315.0,0.05,6.48
127385.0,-4.0,-307633.0,0.05,6.48
127390.0,-372.0,-307677.0,0.0,6.48
127395.0,52.0,-307756.0,-0.025,6.96
127400.0,-53.0,-308553.0,-0.042,6.96
127407.0,-297.0,-309005.0,0.008,6.48
127412.0,-35.0,-308736.0,0.067,6.23
127416.0,84.0,-308981.0,-0.058,6.96
127422.0,-156.0,-309213.0,0.025,6.23
127427.0,-562.0,-309306.0,-0.008,6.48
127432.0,-433.0,-309623.0,-0.083,6.72
127437.0,41.0,-309553.0,0.017,6.96
127443.0,-413.0,-309779.0,0.017,6.72
127449.0,-96.0,-309908.0,0.042,6.48
127454.0,-122.0,-310424.0,0.042,6.23
127460.0,-258.0,-310332.0,-0.042,6.96
127465.0,-82.0,-311044.0,0.008,6.23
127470.0,163.0,-311173.0,0.017,6.23
127476.0,-103.0,-310771.0,-0.05,6.48
127481.0,-395.0,-311853.0,-0.025,6.23
127488.0,-339.0,-311605.0,0.05,6.72
127492.0,244.0,-311772.0,0.0,6.48
127498.0,61.0,-311738.0,-0.058,6.48
127503.0,-377.0,-312164.0,-0.008,6.48
127508.0,-258.0,-312009.0,0.0,6.23
127513.0,65.0,-312251.0,0.017,6.23
127519.0,-447.0,-312513.0,0.008,6.48
127524.0,-241.0,-312602.0,0.033,6.48
127528.0,-208.0,-312527.0,0.108,6.96
127535.0,-248.0,-313059.0,0.033,6.23
127540.0,-232.0,-313164.0,0.058,6.96
127545.0,67.0,-313121.0,-0.033,6.23
127550.0,99.0,-313427.0,-0.017,6.23
127555.0,-447.0,-313432.0,0.033,6.96
127560.0,-378.0,-313605.0,0.133,6.48
127566.0,174.0,-313965.0,-0.1,6.48
127571.0,-230.0,-313808.0,0.042,6.48
127577.0,-167.0,-313781.0,-0.058,6.48
127582.0,-17.0,-313859.0,0.067,6.72
127588.0,-97.0,-314231.0,-0.033,6.48
127592.0,-184.0,-314156.0,-0.025,6.96
127597.0,-57.0,-314550.0,0.025,6.23
127603.0,203.0,-314564.0,0.033,6.48
127608.0,-13.0,-314855.0,-0.008,6.23
127613.0,48.0,-315022.0,-0.075,6.48
127619.0,-46.0,-315178.0,-0.083,6.96
127625.0,-284.0,-315221.0,0.117,6.48
127629.0,-211.0,-315342.0,0.092,6.48
127635.0,49.0,-315566.0,-0.025,6.48
127640.0,-443.0,-315327.0,-0.008,6.72
127645.0,-426.0,-315846.0,0.008,6.48
127650.0,52.0,-315710.0,-0.008,6.72
127655.0,-118.0,-316185.0,0.033,6.48
127661.0,-473.0,-316470.0,-0.083,6.23
127667.0,-193.0,-316540.0,0.092,6.48
127672.0,-209.0,-316497.0,-0.033,6.48
127676.0,-66.0,-316266.0,0.1,6.23
127682.0,-442.0,-316622.0,0.017,7.21
127687.0,-112.0,-316777.0,-0.008,6.23
127692.0,-497.0,-316952.0,0.042,6.48
127697.0,-31.0,-317068.0,0.083,6.48
127704.0,-71.0,-317468.0,-0.008,6.72
127709.0,-27.0,-317143.0,-0.017,6.23
127714.0,-92.0,-317394.0,0.058,6.23
127719.0,-20.0,-317756.0,0.092,6.96
127724.0,-122.0,-317697.0,0.008,6.48
127729.0,-277.0,-317122.0,-0.05,6.48
127735.0,-125.0,-318084.0,-0.042,6.48
127740.0,-285.0,-318257.0,0.008,6.23
127746.0,34.0,-318014.0,0.042,6.72
127751.0,86.0,-318356.0,0.092,6.72
127756.0,-568.0,-318127.0,0.067,6.23
127761.0,-849.0,-317956.0,0.067,6.23
127767.0,-427.0,-318350.0,-0.025,6.96
127772.0,-515.0,-318551.0,0.042,6.48
127776.0,-490.0,-318474.0,-0.025,6.23
127782.0,-106.0,-318600.0,0.017,6.96
127788.0,-228.0,-318499.0,-0.067,6.23
127793.0,-57.0,-319072.0,0.05,6.72
127798.0,-284.0,-319406.0,0.067,6.48
127803.0,-436.0,-319243.0,-0.017,6.48
127808.0,-365.0,-319120.0,-0.033,6.48
127813.0,-119.0,-319296.0,0.058,6.96
127819.0,-119.0,-319377.0,-0.075,6.96
127823.0,-204.0,-319402.0,-0.008,6.72
127830.0,-352.0,-319490.0,-0.05,6.23
127835.0,-298.0,-319527.0,0.042,6.23
127840.0,-347.0,-319912.0,-0.042,6.48
127845.0,-138.0,-320176.0,0.033,6.48
127850.0,-394.0,-320207.0,-0.008,6.72
127855.0,-203.0,-320086.0,0.05,6.72
127860.0,-279.0,-320010.0,-0.025,6.48
127865.0,-303.0,-319859.0,-0.042,6.48
127870.0,-342.0,-320456.0,0.008,6.48
127877.0,-382.0,-320146.0,-0.025,6.48
127882.0,-146.0,-320421.0,-0.058,6.23
127887.0,-61.0,-320768.0,0.025,6.48
127892.0,-196.0,-320708.0,-0.017,6.48
127897.0,-504.0,-320331.0,0.058,6.72
127902.0,-411.0,-320888.0,0.067,6.96
127907.0,-285.0,-320594.0,0.042,6.23
127912.0,-217.0,-320713.0,-0.033,6.48
127918.0,-22.0,-321214.0,0.033,6.48
127924.0,18.0,-320964.0,0.008,6.96
127929.0,-180.0,-320721.0,0.058,6.72
127933.0,-25.0,-321248.0,-0.092,6.48
127938.0,-70.0,-321265.0,0.0,6.48
127943.0,-89.0,-321262.0,-0.008,6.23
127947.0,18.0,-321347.0,-0.083,6.96
127952.0,-190.0,-321758.0,-0.008,6.96
127958.0,-199.0,-321138.0,0.042,6.23
127964.0,-237.0,-321490.0,0.05,6.23
127969.0,-405.0,-321203.0,-0.1,5.25
127974.0,-350.0,-321534.0,-0.025,6.23
127979.0,-8.0,-321984.0,0.042,9.65
127985.0,-88.0,-322001.0,0.05,6.48
127989.0,63.0,-322110.0,0.033,6.48
127995.0,-99.0,-321910.0,0.042,5.99
128001.0,131.0,-321955.0,0.092,6.96
128006.0,10.0,-321904.0,-0.033,6.48
128011.0,104.0,-322270.0,0.008,6.48
128016.0,-92.0,-322565.0,0.083,7.21
128021.0,-355.0,-322222.0,0.033,6.23
128026.0,-540.0,-322385.0,-0.058,6.72
128031.0,112.0,-322672.0,0.058,6.48
128036.0,-19.0,-322396.0,0.033,6.48
128041.0,-313.0,-322543.0,-0.025,6.23
128047.0,-349.0,-322258.0,-0.067,6.23
128052.0,-52.0,-322984.0,0.042,6.72
128057.0,-388.0,-322817.0,-0.017,6.48
128062.0,-196.0,-322678.0,-0.067,6.48
128068.0,-21.0,-323044.0,0.025,6.23
128073.0,15.0,-322948.0,0.133,6.23
128078.0,-391.0,-323089.0,0.142,6.72
128083.0,-592.0,-323138.0,0.0,6.23
128090.0,-352.0,-322932.0,-0.033,6.48
128095.0,-524.0,-323157.0,0.025,6.48
128100.0,-56.0,-322922.0,0.058,6.23
128105.0,-185.0,-323112.0,0.05,6.23
128110.0,-27.0,-323247.0,0.025,6.48
128115.0,29.0,-323340.0,0.042,6.72
128120.0,24.0,-323568.0,0.05,6.23
128125.0,-16.0,-323169.0,0.033,6.96
128131.0,-164.0,-323546.0,0.017,6.23
128137.0,-19.0,-323574.0,-0.133,6.96
128142.0,-193.0,-323605.0,0.017,6.23
128147.0,-237.0,-323762.0,0.017,6.23
128152.0,-70.0,-323868.0,0.033,6.48
128157.0,-76.0,-323691.0,-0.108,6.23
128162.0,-636.0,-323912.0,-0.025,6.48
128167.0,-311.0,-323470.0,0.033,7.21
128174.0,-359.0,-323437.0,-0.025,6.96
128179.0,75.0,-323942.0,0.125,6.72
128184.0,-90.0,-323904.0,0.1,6.96
128188.0,-13.0,-323973.0,-0.033,6.48
128194.0,43.0,-323706.0,0.0,6.48
128199.0,-24.0,-324170.0,0.025,6.48
128204.0,-758.0,-324087.0,0.042,6.48
128209.0,54.0,-324056.0,0.042,6.48
128215.0,117.0,-324710.0,-0.008,6.48
128220.0,-377.0,-324557.0,-0.058,6.48
128225.0,9.0,-324494.0,0.0,6.23
128230.0,-108.0,-324262.0,0.067,6.48
128235.0,-114.0,-324603.0,0.05,6.48
128241.0,-528.0,-324456.0,0.067,6.23
128246.0,-245.0,-324382.0,0.025,6.23
128251.0,127.0,-324801.0,0.092,6.23
128257.0,-377.0,-324932.0,0.058,6.48
128262.0,-470.0,-324694.0,0.042,6.72
128267.0,-349.0,-324651.0,0.017,6.48
128272.0,-123.0,-324701.0,0.067,6.48
128278.0,118.0,-324743.0,0.05,6.48
128282.0,-205.0,-324892.0,0.025,6.96
128287.0,107.0,-324927.0,-0.042,6.48
128293.0,-12.0,-324799.0,-0.017,6.96
128299.0,-382.0,-325014.0,0.058,6.48
128304.0,-64.0,-325039.0,0.017,6.72
128309.0,-285.0,-324801.0,0.083,6.48
128314.0,-619.0,-324614.0,-0.033,6.48
128319.0,-19.0,-324877.0,0.058,6.23
128324.0,-258.0,-325155.0,0.042,6.48
128329.0,-227.0,-325210.0,0.092,6.48
128335.0,13.0,-325548.0,0.058,6.48
128340.0,-68.0,-325500.0,-0.008,6.48
128345.0,-303.0,-325193.0,-0.008,6.72
128351.0,87.0,-325159.0,0.017,6.96
128356.0,-252.0,-325283.0,0.067,6.96
128361.0,-433.0,-325366.0,0.042,6.48
128366.0,-319.0,-325395.0,0.033,6.96
128371.0,-458.0,-325495.0,0.05,6.23
128376.0,-294.0,-325434.0,0.042,5.25
128381.0,-342.0,-325551.0,0.033,6.48
128388.0,-381.0,-325471.0,0.033,6.48
128392.0,-176.0,-325304.0,0.042,6.72
128398.0,-228.0,-325564.0,0.0,6.48
128403.0,-493.0,-325950.0,0.042,6.23
128408.0,-4.0,-325755.0,0.058,6.48
128413.0,-328.0,-325853.0,0.0,6.48
128418.0,-267.0,-325827.0,-0.008,6.48
128423.0,-126.0,-325968.0,0.008,6.23
128430.0,-366.0,-325668.0,0.075,6.96
128435.0,-75.0,-325730.0,0.05,6.48
128439.0,-712.0,-325977.0,0.0,6.48
128444.0,72.0,-325774.0,-0.008,6.72
128450.0,-143.0,-325948.0,0.008,7.21
128454.0,-496.0,-325919.0,0.083,6.23
128460.0,176.0,-325923.0,-0.067,6.48
128465.0,127.0,-326413.0,0.058,6.23
128471.0,-584.0,-326482.0,0.042,6.48
128476.0,-526.0,-326152.0,-0.042,6.23
128481.0,-101.0,-325934.0,-0.008,6.23
128486.0,-254.0,-326195.0,0.05,6.48
128492.0,-492.0,-325901.0,-0.008,6.48
128497.0,-241.0,-326445.0,0.0,6.48
128502.0,-96.0,-326238.0,0.033,6.48
128507.0,-112.0,-326416.0,-0.025,6.48
128513.0,-241.0,-326452.0,-0.033,6.96
128518.0,-6.0,-326651.0,-0.067,6.96
128523.0,-428.0,-326355.0,0.008,6.48
128529.0,-250.0,-326107.0,0.0,6.23
128534.0,-307.0,-326214.0,0.017,6.48
128539.0,73.0,-326517.0,0.008,6.23
128544.0,-197.0,-326685.0,0.05,6.48
128549.0,-50.0,-326728.0,0.025,7.7
128555.0,338.0,-326663.0,-0.008,6.48
128561.0,-434.0,-326689.0,0.075,6.72
128566.0,-97.0,-326643.0,0.092,6.96
128571.0,-258.0,-326250.0,-0.05,6.48
128576.0,-366.0,-326334.0,-0.042,6.48
128581.0,-505.0,-326768.0,0.017,6.23
128586.0,-52.0,-326719.0,0.075,6.23
128592.0,-408.0,-326631.0,0.067,6.48
128598.0,-141.0,-326575.0,0.017,6.48
128602.0,-272.0,-326778.0,0.05,6.48
128608.0,-110.0,-326720.0,-0.05,6.23
128614.0,-520.0,-326668.0,0.042,6.96
128618.0,-85.0,-326917.0,0.033,6.23
128623.0,13.0,-326632.0,0.192,6.48
128629.0,13.0,-326734.0,0.1,6.48
128634.0,134.0,-326939.0,0.008,6.96
128640.0,-86.0,-326824.0,0.033,6.23
128645.0,214.0,-326654.0,0.05,6.48
128650.0,207.0,-327149.0,0.008,6.48
128655.0,-39.0,-326824.0,-0.033,6.23
128661.0,-127.0,-327222.0,0.05,6.23
128665.0,-172.0,-327111.0,0.017,6.72
128670.0,38.0,-327264.0,-0.075,6.72
128676.0,-458.0,-326956.0,0.058,6.23
128681.0,-387.0,-327506.0,-0.025,6.48
128687.0,-182.0,-327365.0,0.058,6.72
128692.0,-148.0,-326995.0,0.017,6.48
128698.0,-80.0,-326997.0,0.008,6.48
128703.0,-345.0,-327080.0,-0.058,6.96
128708.0,-245.0,-327125.0,-0.075,6.96
128713.0,53.0,-327175.0,-0.008,6.96
128718.0,-160.0,-327448.0,0.058,6.23
128723.0,-590.0,-327319.0,0.008,6.48
128730.0,-418.0,-327023.0,-0.017,6.96
128735.0,-285.0,-327238.0,-0.025,6.96
128740.0,-123.0,-327329.0,0.033,6.23
128745.0,-401.0,-327137.0,0.042,6.96
128750.0,-206.0,-327110.0,0.067,6.23
128755.0,-273.0,-327461.0,0.025,6.96
128760.0,-693.0,-327775.0,0.033,6.96
128765.0,-360.0,-327712.0,-0.083,6.48
128771.0,-180.0,-327203.0,-0.058,7.94
128777.0,-492.0,-327559.0,0.0,6.23
128781.0,-501.0,-327518.0,-0.125,6.48
128787.0,33.0,-327517.0,0.033,6.48
128792.0,-47.0,-327383.0,0.033,6.48
128797.0,-172.0,-327440.0,0.017,6.48
128801.0,-41.0,-327575.0,0.058,6.96
128807.0,-197.0,-327395.0,-0.067,6.48
128813.0,-208.0,-327684.0,-0.058,6.48
128818.0,-82.0,-327365.0,0.1,6.96
128823.0,-104.0,-327295.0,-0.025,6.96
128828.0,-183.0,-327420.0,0.05,6.96
128833.0,103.0,-327423.0,0.042,5.99
128839.0,-489.0,-327577.0,0.025,6.48
128844.0,-500.0,-327784.0,-0.033,6.48
128849.0,-140.0,-327269.0,0.033,6.48
128855.0,216.0,-327581.0,-0.008,6.23
128860.0,-167.0,-327864.0,0.075,6.96
128865.0,-246.0,-327753.0,0.025,6.48
128870.0,-132.0,-327613.0,0.0,6.48
128875.0,-163.0,-327494.0,0.008,6.23
128880.0,-125.0,-327673.0,0.083,6.23
128886.0,-141.0,-327761.0,0.058,6.48
128890.0,-312.0,-327740.0,-0.025,6.23
128897.0,-118.0,-327471.0,0.017,6.23
128902.0,-264.0,-328083.0,0.058,6.96
128908.0,-276.0,-327595.0,0.0,6.96
128912.0,39.0,-327406.0,0.008,6.96
128918.0,19.0,-327484.0,0.167,6.48
128923.0,-315.0,-327692.0,-0.025,6.72
128928.0,-266.0,-327681.0,0.075,6.48
128933.0,9.0,-327740.0,0.067,6.23
128939.0,-569.0,-327938.0,-0.058,6.23
128944.0,-520.0,-327925.0,0.092,6.72
128950.0,-204.0,-327765.0,0.0,6.72
128955.0,-492.0,-327551.0,0.0,6.48
128961.0,-544.0,-327637.0,0.042,6.23
128965.0,-153.0,-327796.0,0.025,6.23
128971.0,-9.0,-327742.0,0.025,6.23
128977.0,-125.0,-328026.0,0.025,6.72
128983.0,-241.0,-327696.0,0.1,6.23
128988.0,-30.0,-327763.0,0.0,6.48
128993.0,-212.0,-328213.0,0.042,6.96
128999.0,-196.0,-327735.0,-0.067,6.23
129005.0,-420.0,-327861.0,-0.008,6.48
129009.0,-681.0,-327504.0,0.05,6.48
129015.0,-357.0,-327854.0,0.083,6.72
129020.0,-65.0,-328250.0,0.083,6.23
129027.0,-433.0,-327870.0,0.067,6.72
129032.0,-130.0,-327773.0,0.033,6.23
129037.0,-164.0,-328051.0,-0.025,6.96
129043.0,-254.0,-327775.0,0.008,6.23
129048.0,-366.0,-327965.0,0.0,6.96
129053.0,-143.0,-327824.0,-0.025,6.23
129059.0,-347.0,-327974.0,0.092,6.48
129064.0,-211.0,-328342.0,0.017,6.48
129071.0,123.0,-327976.0,0.058,6.23
129076.0,10.0,-327869.0,-0.017,6.23
129081.0,-112.0,-328095.0,-0.033,6.96
129087.0,-658.0,-328071.0,-0.058,6.72
129092.0,-64.0,-328081.0,0.125,6.96
129097.0,305.0,-328048.0,0.075,6.48
129103.0,-409.0,-328122.0,0.042,6.96
129108.0,-149.0,-328082.0,0.075,6.48
129115.0,-205.0,-328038.0,0.033,6.96
129119.0,-242.0,-328371.0,0.117,6.23
129125.0,-235.0,-328115.0,0.0,6.48
129130.0,-329.0,-328205.0,0.008,6.23
