time_ms,p1,p2,f3,f4
227978.0,121.0,1757.0,0.075,6.48
227984.0,9.0,1815.0,-0.017,6.48
227988.0,-302.0,1680.0,-0.017,6.96
227994.0,358.0,1852.0,0.083,6.96
227999.0,-118.0,1804.0,0.083,6.96
228004.0,31.0,1605.0,0.075,6.96
228009.0,193.0,2005.0,0.1,6.48
228016.0,87.0,1527.0,0.15,6.23
228020.0,54.0,1634.0,0.033,6.96
228026.0,-228.0,2120.0,0.05,6.48
228031.0,94.0,1542.0,0.083,6.23
228037.0,120.0,1754.0,0.092,6.96
228041.0,-225.0,1661.0,0.033,6.23
228047.0,71.0,1541.0,0.033,6.23
228052.0,183.0,1563.0,0.067,6.96
228058.0,226.0,1706.0,0.142,6.48
228063.0,206.0,1706.0,-0.008,6.23
228069.0,226.0,1980.0,0.058,6.96
228074.0,12.0,1773.0,0.1,6.48
228078.0,-53.0,1844.0,0.225,6.72
228084.0,41.0,1788.0,0.142,6.48
228088.0,136.0,1995.0,0.042,6.48
228093.0,177.0,1839.0,0.0,6.48
228100.0,-69.0,1849.0,0.008,6.96
228105.0,190.0,1978.0,0.133,6.96
228110.0,92.0,2208.0,0.083,6.23
228115.0,186.0,1506.0,0.058,6.23
228121.0,-10.0,1809.0,0.108,6.23
228125.0,-119.0,1488.0,0.083,6.48
228131.0,-493.0,1884.0,0.058,6.48
228135.0,-404.0,1813.0,0.0,6.23
228142.0,146.0,1973.0,0.058,6.23
228147.0,-124.0,1859.0,0.042,6.48
228152.0,64.0,2020.0,0.067,6.48
228157.0,49.0,2187.0,0.025,6.23
228162.0,147.0,2029.0,-0.025,6.48
228167.0,126.0,1780.0,0.133,6.23
228172.0,75.0,2116.0,0.042,6.72
228177.0,-205.0,2004.0,0.083,6.96
228183.0,-104.0,2051.0,0.075,6.48
228188.0,164.0,2011.0,0.0,6.48
228194.0,164.0,2097.0,0.033,5.99
228199.0,648.0,2076.0,0.042,6.96
228204.0,125.0,2129.0,0.008,6.96
228209.0,-73.0,2043.0,0.05,6.48
228214.0,-86.0,1948.0,0.167,6.48
228219.0,-70.0,1694.0,0.033,6.23
228226.0,356.0,1800.0,0.092,6.72
228231.0,190.0,1861.0,0.05,6.96
228235.0,127.0,1860.0,0.017,6.72
228241.0,119.0,1852.0,0.008,6.96
228246.0,-83.0,2029.0,0.117,6.96
228251.0,20.0,1743.0,0.067,6.48
228256.0,318.0,1875.0,0.075,6.23
228261.0,-270.0,1926.0,0.05,6.48
228267.0,-93.0,1605.0,0.0,6.72
228272.0,365.0,1905.0,0.033,6.48
228277.0,-161.0,2066.0,0.042,6.96
228282.0,-162.0,1744.0,0.017,6.48
228288.0,10.0,2098.0,0.1,6.48
228293.0,220.0,2037.0,0.008,6.48
228298.0,-69.0,1812.0,-0.025,6.23
228303.0,-17.0,2140.0,0.05,6.48
228308.0,-21.0,1913.0,0.058,6.72
228314.0,-120.0,1871.0,0.0,6.23
228319.0,-74.0,1839.0,0.083,6.48
228324.0,532.0,2022.0,0.025,6.72
228329.0,159.0,1827.0,0.125,6.23
228335.0,7.0,2305.0,0.142,6.23
228340.0,-295.0,2454.0,0.05,6.96
228345.0,52.0,1966.0,0.092,6.48
228350.0,70.0,2192.0,0.083,6.48
228356.0,-376.0,2359.0,0.017,6.23
228361.0,-435.0,1902.0,0.008,6.72
228366.0,173.0,1860.0,0.017,6.23
228371.0,-215.0,1835.0,0.008,6.48
228376.0,-42.0,2005.0,0.042,6.48
228382.0,314.0,1643.0,-0.008,6.48
228387.0,-104.0,1750.0,0.008,6.48
228391.0,-113.0,1955.0,0.067,6.23
228398.0,-47.0,2003.0,0.108,6.48
228403.0,111.0,2264.0,0.067,6.72
228408.0,-152.0,2021.0,0.05,6.23
228413.0,130.0,2217.0,0.075,6.48
228418.0,-112.0,2052.0,0.025,7.21
228423.0,-365.0,1976.0,0.1,6.48
228429.0,-73.0,2160.0,0.1,6.48
228434.0,-97.0,1921.0,0.125,6.96
228439.0,100.0,2116.0,0.092,6.96
228445.0,-56.0,1984.0,0.017,6.48
228450.0,-6.0,2225.0,0.017,6.23
228455.0,103.0,2069.0,0.033,6.48
228460.0,-75.0,2257.0,0.083,6.48
228465.0,-193.0,2210.0,0.042,6.23
228470.0,-48.0,2143.0,-0.033,6.48
228475.0,-2.0,2073.0,-0.033,7.45
228481.0,-134.0,1730.0,0.058,6.48
228486.0,-251.0,1988.0,0.05,7.21
228492.0,-273.0,2018.0,0.1,6.23
228497.0,-281.0,2059.0,0.008,6.96
228502.0,-26.0,2000.0,0.092,6.72
228507.0,-166.0,1882.0,0.017,6.48
228512.0,-226.0,2011.0,0.067,6.23
228517.0,-299.0,1984.0,0.033,6.48
228523.0,133.0,2245.0,0.05,4.77
228528.0,-49.0,2146.0,0.108,6.96
228533.0,-60.0,2196.0,-0.042,6.23
228538.0,-306.0,2081.0,0.033,6.48
228542.0,-171.0,1798.0,0.058,6.48
228548.0,23.0,1728.0,0.142,6.23
228553.0,39.0,1829.0,0.092,6.48
228558.0,-156.0,1638.0,0.108,6.48
228563.0,472.0,2134.0,0.075,6.23
228569.0,118.0,1811.0,0.008,6.48
228574.0,-229.0,1977.0,0.117,6.72
228579.0,-186.0,2092.0,0.075,6.23
228584.0,-250.0,2081.0,0.108,6.23
228589.0,-215.0,1893.0,0.008,6.96
228594.0,95.0,1886.0,0.008,6.96
228598.0,326.0,1685.0,0.067,6.48
228604.0,-10.0,2069.0,0.067,6.72
228610.0,-212.0,1944.0,-0.008,6.48
228615.0,-133.0,1713.0,0.075,6.23
228620.0,471.0,2025.0,-0.017,6.23
228625.0,163.0,1964.0,0.05,6.23
228630.0,-92.0,1836.0,0.092,6.23
228635.0,31.0,2189.0,0.125,6.48
228640.0,-185.0,1962.0,0.1,6.48
228645.0,-144.0,2130.0,-0.008,6.23
228651.0,-104.0,1795.0,0.025,6.72
228656.0,15.0,2168.0,0.142,6.72
228661.0,-39.0,2404.0,-0.033,6.96
228666.0,-1.0,2199.0,0.017,6.48
228671.0,130.0,2197.0,-0.008,6.23
228676.0,-345.0,2238.0,0.092,6.72
228681.0,93.0,2191.0,0.025,7.21
228686.0,-48.0,1895.0,0.033,6.48
228691.0,86.0,1852.0,0.158,6.48
228696.0,33.0,1999.0,0.075,6.23
228701.0,-5.0,2032.0,0.042,6.48
228706.0,-175.0,1927.0,0.0,6.48
228711.0,138.0,2237.0,0.058,6.23
228716.0,180.0,2230.0,0.1,6.23
228721.0,-348.0,2261.0,0.025,6.48
228726.0,-47.0,2155.0,0.0,6.96
228731.0,-27.0,1972.0,0.042,6.23
228737.0,-200.0,1994.0,0.058,6.48
228742.0,331.0,2243.0,0.075,6.23
228747.0,267.0,2304.0,0.075,6.96
228752.0,20.0,1682.0,0.108,6.23
228757.0,186.0,2093.0,0.008,6.48
228762.0,-32.0,2220.0,0.083,6.48
228767.0,275.0,1940.0,0.042,6.96
228772.0,-127.0,2141.0,0.025,6.48
228777.0,365.0,2152.0,0.033,6.48
228783.0,172.0,2028.0,0.067,6.96
228788.0,-4.0,2127.0,0.05,6.23
228793.0,3.0,2319.0,0.142,6.23
228798.0,-126.0,2086.0,0.017,6.48
228803.0,-42.0,2239.0,0.075,6.23
228808.0,-45.0,2169.0,0.092,6.48
228813.0,-203.0,2664.0,0.125,6.23
228818.0,25.0,2435.0,0.017,6.72
228824.0,-92.0,2024.0,0.017,7.21
228829.0,170.0,2317.0,0.058,6.72
228834.0,165.0,2007.0,0.1,6.48
228839.0,-167.0,1974.0,0.025,6.23
228844.0,-475.0,2227.0,0.017,6.48
228849.0,-394.0,2143.0,-0.025,6.96
228854.0,210.0,2102.0,0.042,6.48
228859.0,194.0,1937.0,0.017,6.72
228865.0,-71.0,1999.0,0.117,6.48
228870.0,-153.0,2084.0,-0.05,6.48
228876.0,-611.0,2310.0,0.092,6.23
228881.0,-292.0,2170.0,0.05,6.48
228885.0,-37.0,1805.0,0.017,6.48
228891.0,237.0,2359.0,-0.025,6.72
228896.0,280.0,2329.0,0.058,6.23
228901.0,254.0,2100.0,0.175,6.23
228907.0,238.0,2205.0,0.05,6.48
228912.0,247.0,2487.0,0.025,6.96
228917.0,97.0,2166.0,0.083,6.48
228922.0,-31.0,2326.0,-0.008,6.48
228927.0,-64.0,2190.0,-0.025,6.96
228932.0,73.0,1933.0,0.05,6.23
228937.0,-38.0,2257.0,0.192,6.48
228942.0,77.0,2350.0,0.117,6.96
228947.0,-31.0,2071.0,0.0,6.23
228952.0,216.0,1886.0,0.0,6.72
228957.0,-108.0,2157.0,0.017,6.48
228962.0,35.0,2129.0,0.083,6.48
228967.0,294.0,2278.0,0.008,6.23
228972.0,278.0,2314.0,0.15,6.48
228977.0,75.0,2008.0,-0.042,6.72
228982.0,282.0,2183.0,0.042,6.48
228987.0,51.0,2443.0,0.1,6.48
228992.0,-232.0,2142.0,0.0,6.96
228998.0,128.0,2152.0,0.033,6.23
229003.0,189.0,2208.0,0.025,6.48
229008.0,104.0,2449.0,0.133,6.23
229013.0,-170.0,2125.0,0.042,6.23
229018.0,-321.0,2267.0,0.025,6.48
229023.0,-12.0,2278.0,-0.05,6.72
229028.0,-22.0,2242.0,0.067,6.23
229033.0,379.0,2376.0,0.092,6.23
229039.0,448.0,2333.0,0.05,6.72
229044.0,-35.0,2161.0,0.092,6.48
229048.0,10.0,1970.0,0.058,6.48
229054.0,-100.0,2318.0,0.067,6.48
229059.0,-181.0,2306.0,0.058,6.23
229064.0,-250.0,2121.0,-0.017,6.96
229069.0,-200.0,2547.0,0.017,6.23
229074.0,31.0,2209.0,0.15,6.48
229080.0,-66.0,2050.0,0.067,6.48
229085.0,-352.0,2078.0,0.033,6.96
229090.0,-109.0,2001.0,0.083,6.48
229095.0,-9.0,2278.0,0.0,6.23
229100.0,-20.0,1790.0,0.075,6.96
229104.0,-27.0,2119.0,0.0,6.48
229110.0,119.0,1993.0,0.008,6.23
229114.0,-46.0,2002.0,-0.017,6.48
229120.0,78.0,2201.0,0.008,6.48
229125.0,23.0,2355.0,0.067,6.72
229130.0,-140.0,2336.0,0.042,6.96
229135.0,170.0,2172.0,0.008,6.96
229140.0,23.0,2310.0,0.008,6.48
229145.0,-424.0,2057.0,-0.042,6.96
229150.0,106.0,2261.0,0.0,6.48
229155.0,-65.0,2240.0,0.092,6.48
229160.0,-13.0,2121.0,0.092,6.48
229167.0,75.0,2519.0,0.033,7.21
229171.0,-156.0,2212.0,0.067,6.72
229176.0,-196.0,1941.0,0.133,6.23
229181.0,163.0,2009.0,0.1,6.48
229186.0,-96.0,2160.0,0.042,6.23
229191.0,-78.0,2302.0,-0.008,6.23
229196.0,-321.0,1977.0,0.1,6.48
229201.0,-97.0,2402.0,0.025,6.72
229207.0,-143.0,2232.0,0.083,6.48
229212.0,152.0,2237.0,0.167,6.96
229217.0,234.0,1958.0,-0.042,6.72
229223.0,-118.0,2040.0,0.025,6.23
229227.0,-311.0,2023.0,0.025,6.48
229232.0,-267.0,2174.0,0.025,6.23
229237.0,-160.0,2242.0,0.125,6.72
229242.0,385.0,2221.0,0.15,6.72
229248.0,-69.0,2371.0,-0.033,6.96
229253.0,-216.0,2214.0,0.017,6.72
229258.0,6.0,2455.0,-0.017,6.23
229263.0,-172.0,2385.0,0.075,6.48
229268.0,117.0,2234.0,0.142,6.23
229273.0,-167.0,2073.0,0.042,6.23
229279.0,-5.0,2425.0,0.058,6.48
229283.0,-82.0,2040.0,-0.033,6.48
229289.0,68.0,2364.0,0.017,6.48
229295.0,32.0,2172.0,0.008,6.48
229300.0,49.0,2297.0,-0.033,6.96
229305.0,-183.0,2198.0,0.058,6.72
229310.0,-9.0,2296.0,0.092,6.72
229315.0,240.0,2293.0,0.025,6.72
229320.0,108.0,2341.0,0.075,6.48
229326.0,-148.0,2315.0,0.033,6.48
229330.0,-47.0,2216.0,0.05,6.48
229336.0,-285.0,2087.0,0.05,6.48
229342.0,-255.0,2257.0,0.025,6.48
229346.0,54.0,2216.0,0.067,6.48
229352.0,-100.0,1914.0,-0.008,6.48
229357.0,-68.0,2322.0,-0.025,6.48
229362.0,-201.0,2223.0,0.067,6.72
229367.0,-127.0,2356.0,0.217,6.72
229372.0,23.0,2148.0,-0.083,6.96
229378.0,-318.0,2337.0,0.125,6.23
229383.0,252.0,2444.0,0.092,6.48
229389.0,68.0,2056.0,-0.017,6.72
229393.0,1.0,2361.0,-0.025,6.72
229399.0,79.0,1921.0,0.067,6.48
229404.0,-197.0,2463.0,0.15,6.48
229409.0,-112.0,2394.0,-0.108,5.99
229414.0,128.0,2595.0,0.092,6.96
229420.0,330.0,2345.0,-0.008,5.5
229425.0,75.0,2332.0,0.033,6.48
229430.0,-81.0,2284.0,0.142,6.23
229436.0,37.0,2236.0,0.0,6.23
229440.0,-136.0,2259.0,-0.017,6.96
229446.0,-80.0,2441.0,0.15,6.23
229451.0,152.0,2253.0,0.008,6.23
229457.0,102.0,2535.0,0.133,6.48
229462.0,-13.0,2248.0,0.108,6.23
229468.0,23.0,2358.0,0.042,6.23
229473.0,-223.0,2238.0,0.0,6.96
229478.0,-182.0,2221.0,0.025,6.48
229483.0,-24.0,1901.0,-0.033,6.48
229489.0,-294.0,2201.0,0.1,6.23
229493.0,-97.0,2194.0,0.158,6.72
229498.0,248.0,1993.0,-0.008,6.48
229504.0,279.0,2206.0,-0.075,6.48
229508.0,-182.0,1803.0,-0.058,7.45
229513.0,-183.0,1772.0,0.117,6.48
229517.0,-108.0,1787.0,-0.008,6.72
229523.0,-120.0,2191.0,-0.042,6.48
229527.0,105.0,2144.0,0.125,6.23
229533.0,85.0,1984.0,0.058,6.72
229538.0,-335.0,2494.0,-0.008,6.23
229543.0,-178.0,2525.0,0.05,6.48
229550.0,16.0,1753.0,-0.058,6.96
229555.0,-222.0,2269.0,-0.008,6.23
229560.0,-200.0,2260.0,0.1,6.23
229565.0,-105.0,2085.0,0.075,6.23
229570.0,-397.0,2153.0,0.167,6.23
229575.0,-52.0,2184.0,-0.117,6.23
229580.0,66.0,2244.0,0.025,6.23
229586.0,168.0,2594.0,0.05,6.72
229592.0,-18.0,2318.0,0.067,6.23
229597.0,-197.0,2275.0,0.117,6.48
229602.0,-35.0,2491.0,0.208,6.96
229608.0,-135.0,2415.0,-0.058,6.23
229612.0,34.0,2134.0,-0.092,6.23
229618.0,130.0,1758.0,-0.008,6.23
229623.0,212.0,2194.0,-0.05,6.48
229628.0,60.0,2117.0,0.158,6.23
229634.0,-97.0,2150.0,0.083,6.23
229639.0,71.0,1936.0,0.033,6.23
229644.0,78.0,2103.0,0.092,6.23
229649.0,-30.0,1861.0,0.033,6.23
229655.0,-50.0,2069.0,0.017,6.23
229660.0,230.0,1944.0,0.075,6.72
229665.0,83.0,2169.0,0.042,6.48
229670.0,67.0,2061.0,0.083,6.48
229676.0,-278.0,2124.0,-0.042,6.23
229681.0,-93.0,1768.0,-0.075,6.48
229686.0,-87.0,1740.0,0.05,6.23
229691.0,138.0,1751.0,-0.008,6.23
229696.0,230.0,1683.0,0.075,6.48
229702.0,-232.0,1923.0,0.067,6.48
229707.0,-124.0,1946.0,-0.017,6.96
229711.0,419.0,2275.0,0.025,6.23
229718.0,99.0,2421.0,0.075,6.72
229722.0,-46.0,2548.0,0.067,6.23
229728.0,108.0,2390.0,0.075,6.23
229733.0,310.0,2676.0,0.058,6.23
229738.0,26.0,2769.0,0.067,6.72
229743.0,-171.0,2836.0,0.0,6.23
229748.0,35.0,3032.0,0.008,6.23
229753.0,98.0,2909.0,0.033,6.96
229758.0,40.0,3017.0,0.075,6.23
229765.0,42.0,2767.0,0.092,6.72
229770.0,340.0,2940.0,0.017,6.48
229774.0,-49.0,3101.0,0.008,6.23
229780.0,69.0,3183.0,-0.025,6.48
229784.0,-92.0,3152.0,-0.042,6.23
229790.0,352.0,2508.0,0.092,5.25
229795.0,164.0,2350.0,0.117,6.23
229800.0,-232.0,2039.0,0.108,6.96
229806.0,-31.0,1834.0,0.025,6.23
229812.0,-177.0,2212.0,0.033,6.48
229816.0,-126.0,2061.0,0.017,6.48
229821.0,477.0,1369.0,0.058,6.48
229826.0,-39.0,1884.0,0.025,6.48
229831.0,-34.0,1883.0,0.117,6.48
229836.0,-80.0,1783.0,0.058,7.94
229841.0,148.0,1426.0,-0.025,6.96
229847.0,165.0,1489.0,0.008,6.72
229852.0,-51.0,1537.0,0.058,6.96
229857.0,-55.0,1440.0,-0.025,6.48
229862.0,162.0,1260.0,0.017,6.96
229868.0,-148.0,976.0,0.083,6.23
229873.0,-146.0,1115.0,0.075,6.48
229878.0,-85.0,1094.0,0.025,6.23
229883.0,173.0,454.0,0.067,6.23
229889.0,-13.0,403.0,-0.033,6.23
229894.0,-60.0,363.0,0.0,6.96
229899.0,-92.0,561.0,0.158,6.96
229904.0,-210.0,486.0,0.092,6.48
229909.0,137.0,478.0,0.083,6.48
229915.0,71.0,1282.0,-0.058,6.48
229920.0,141.0,1327.0,0.017,6.72
229925.0,112.0,1463.0,0.15,6.48
229931.0,-422.0,1739.0,-0.067,6.48
229936.0,354.0,1766.0,-0.175,6.48
229941.0,-279.0,2307.0,0.167,6.23
229946.0,-7.0,2087.0,0.0,6.72
229951.0,351.0,2002.0,0.1,6.96
229956.0,70.0,1825.0,0.083,6.72
229961.0,-120.0,1782.0,0.017,6.48
229966.0,85.0,1687.0,0.033,6.96
229971.0,-223.0,1859.0,0.075,6.48
229977.0,159.0,1732.0,-0.175,6.72
229982.0,272.0,2205.0,0.075,6.96
229987.0,-78.0,1929.0,0.15,6.48
229992.0,304.0,1974.0,-0.025,6.48
229997.0,-17.0,1861.0,0.133,6.48
230002.0,-13.0,1975.0,0.067,6.48
230007.0,-277.0,1794.0,0.042,6.48
230012.0,-196.0,1888.0,0.017,6.48
230019.0,120.0,856.0,-0.208,6.48
230024.0,-332.0,1937.0,0.533,6.23
230028.0,-465.0,2388.0,-0.342,7.7
230034.0,19.0,1700.0,-0.1,6.96
230039.0,-497.0,2131.0,0.483,6.48
230044.0,-20.0,2547.0,-0.35,6.72
230049.0,202.0,2203.0,0.158,6.23
230055.0,-166.0,2158.0,0.825,6.72
230060.0,221.0,2125.0,-0.442,6.48
230066.0,383.0,1727.0,-0.383,6.72
230071.0,-103.0,1840.0,0.667,6.23
230075.0,-26.0,1705.0,-0.425,6.72
230081.0,-132.0,1747.0,0.017,6.96
230086.0,18.0,1614.0,0.125,6.72
230091.0,65.0,2042.0,-0.467,6.23
230096.0,-325.0,1970.0,0.275,6.48
230102.0,-515.0,2139.0,0.142,6.48
230107.0,-518.0,2018.0,-0.325,6.96
230113.0,134.0,2024.0,0.117,6.23
230118.0,74.0,2223.0,0.042,6.48
230123.0,-149.0,2471.0,0.167,6.48
230127.0,4.0,2400.0,0.133,7.21
230132.0,115.0,3237.0,-0.275,6.48
230136.0,154.0,2850.0,0.058,6.48
230141.0,-442.0,2789.0,0.125,7.21
230147.0,-381.0,2787.0,-0.158,6.96
230153.0,325.0,2848.0,0.117,6.48
230157.0,376.0,2473.0,-0.017,6.48
230162.0,-285.0,2418.0,0.017,6.23
230167.0,13.0,1573.0,0.308,6.48
230172.0,234.0,807.0,-0.2,6.72
230177.0,-518.0,1236.0,0.092,6.72
230181.0,-179.0,1813.0,0.3,6.23
230188.0,25.0,1687.0,0.042,6.23
230193.0,-83.0,1410.0,0.15,6.23
230198.0,232.0,1066.0,-0.083,6.23
230203.0,219.0,1079.0,-0.1,6.23
230208.0,243.0,1008.0,0.017,6.96
230213.0,158.0,612.0,0.05,6.48
230218.0,144.0,439.0,-0.167,7.21
230222.0,231.0,644.0,0.05,6.23
230227.0,-159.0,689.0,0.117,6.48
230233.0,125.0,822.0,-0.033,6.23
230238.0,294.0,1070.0,0.117,6.48
230243.0,56.0,957.0,-0.108,6.48
230248.0,35.0,1194.0,-0.05,6.23
230253.0,-235.0,1756.0,0.275,6.48
230258.0,41.0,1695.0,0.142,6.23
230263.0,392.0,1653.0,0.067,6.48
230268.0,107.0,1518.0,-0.033,6.96
230274.0,101.0,2035.0,-0.067,6.23
230279.0,94.0,1757.0,0.025,6.48
230284.0,208.0,1794.0,-0.008,6.48
230289.0,-338.0,2187.0,0.133,6.23
230294.0,-175.0,2173.0,0.083,6.72
230299.0,139.0,2446.0,0.158,6.23
230304.0,64.0,2531.0,0.067,6.48
230309.0,-170.0,2196.0,0.083,6.48
230315.0,-254.0,2463.0,0.117,6.96
230320.0,-185.0,3019.0,-0.133,6.96
230325.0,-53.0,3332.0,-0.075,6.23
230330.0,211.0,2065.0,-0.258,6.23
230335.0,-324.0,2453.0,-0.058,6.23
230340.0,-430.0,2074.0,0.025,6.48
230345.0,356.0,2073.0,0.167,6.72
230350.0,85.0,2131.0,0.05,6.72
230355.0,291.0,2134.0,-0.1,6.48
230361.0,1.0,2493.0,0.133,6.23
230366.0,32.0,2376.0,0.308,6.23
230371.0,424.0,2183.0,-0.067,6.23
230376.0,637.0,3009.0,-0.142,6.48
230381.0,107.0,3166.0,0.042,6.23
230386.0,-223.0,3511.0,-0.158,6.96
230391.0,-82.0,3239.0,-0.05,6.23
230396.0,-90.0,3008.0,-0.033,6.48
230402.0,24.0,2969.0,-0.083,6.96
230407.0,51.0,2805.0,0.058,6.48
230412.0,17.0,2672.0,0.008,6.23
230417.0,-56.0,2152.0,-0.067,6.48
230422.0,63.0,2125.0,0.15,6.23
230427.0,-289.0,2380.0,0.25,6.96
230432.0,-192.0,2292.0,0.367,6.48
230437.0,76.0,2285.0,0.383,6.23
230443.0,32.0,2556.0,-0.017,6.23
230447.0,29.0,2601.0,-0.017,6.48
230452.0,-93.0,2742.0,-0.058,6.48
230457.0,-422.0,2104.0,-0.025,6.72
230462.0,-303.0,2057.0,-0.017,6.48
230468.0,61.0,2407.0,-0.1,6.48
230473.0,6.0,2433.0,-0.142,6.48
230478.0,-184.0,2312.0,0.042,6.48
230483.0,304.0,2622.0,-0.042,6.96
230489.0,315.0,2202.0,0.05,6.96
230494.0,120.0,2389.0,0.042,6.23
230499.0,214.0,1935.0,0.117,6.48
230504.0,-365.0,2003.0,0.15,6.48
230509.0,20.0,2130.0,0.1,6.48
230514.0,203.0,2040.0,-0.067,6.96
230519.0,42.0,1697.0,0.042,6.48
230524.0,-124.0,2116.0,0.183,5.5
230530.0,-237.0,2016.0,0.025,6.23
230535.0,-79.0,1657.0,-0.133,6.23
230540.0,-123.0,1621.0,-0.108,6.23
230545.0,-382.0,1629.0,0.092,6.23
230550.0,-145.0,1296.0,-0.05,6.48
230555.0,-409.0,630.0,0.025,6.48
230560.0,-274.0,956.0,0.033,6.23
230565.0,-6.0,881.0,-0.083,6.23
230572.0,-482.0,707.0,0.042,6.48
230577.0,-257.0,1129.0,0.258,6.23
230581.0,-228.0,1168.0,0.0,6.48
230586.0,-311.0,754.0,-0.025,7.21
230591.0,134.0,1127.0,0.217,6.96
230596.0,-132.0,1179.0,-0.058,6.72
230601.0,343.0,1139.0,-0.067,6.48
230606.0,20.0,996.0,0.017,6.23
230611.0,222.0,906.0,-0.1,6.48
230617.0,109.0,858.0,-0.067,6.23
230622.0,8.0,773.0,0.05,6.23
230627.0,-71.0,961.0,-0.017,6.23
230631.0,-60.0,964.0,0.017,6.48
230637.0,-76.0,900.0,0.125,6.23
230641.0,-575.0,1071.0,0.025,6.48
230646.0,99.0,1176.0,0.083,6.48
230651.0,40.0,1344.0,0.033,6.96
230657.0,89.0,1467.0,0.058,6.23
230662.0,-197.0,1899.0,0.092,6.23
230667.0,-266.0,1883.0,0.025,6.23
230672.0,125.0,2176.0,0.017,6.72
230677.0,-207.0,2610.0,0.067,6.23
230682.0,-358.0,2603.0,0.117,6.96
230687.0,14.0,3216.0,0.017,6.23
230693.0,-56.0,3064.0,0.075,6.96
230697.0,149.0,3285.0,0.083,6.48
230703.0,151.0,2854.0,0.05,6.23
230708.0,-230.0,3066.0,-0.067,6.48
230713.0,-133.0,3045.0,0.083,6.72
230718.0,241.0,2907.0,-0.067,6.96
230723.0,276.0,2723.0,-0.033,6.48
230728.0,-13.0,2872.0,0.133,6.48
230733.0,-59.0,2654.0,0.058,6.48
230738.0,16.0,2819.0,-0.008,6.23
230744.0,-294.0,3104.0,0.175,6.48
230749.0,-271.0,3566.0,0.158,6.23
230754.0,-226.0,3391.0,-0.225,6.48
230759.0,-214.0,3219.0,0.05,6.96
230764.0,-229.0,2691.0,0.025,7.21
230769.0,-314.0,3014.0,-0.058,6.48
230774.0,-122.0,2678.0,0.017,6.48
230779.0,-123.0,2429.0,-0.05,6.23
230785.0,-185.0,1992.0,0.192,6.72
230791.0,-83.0,2190.0,0.275,6.48
230795.0,14.0,2117.0,0.117,6.96
230800.0,-260.0,2390.0,0.033,6.23
230806.0,-104.0,1590.0,-0.008,6.72
230810.0,61.0,1761.0,0.025,6.48
230815.0,303.0,1608.0,0.033,6.48
230820.0,150.0,1622.0,-0.108,6.23
230825.0,-113.0,1559.0,-0.042,6.23
230831.0,195.0,1527.0,-0.075,6.48
230836.0,-120.0,1254.0,0.067,6.72
230841.0,-280.0,1955.0,-0.067,6.48
230847.0,-86.0,1769.0,0.0,6.48
230851.0,-163.0,1864.0,0.033,6.72
230856.0,-163.0,2123.0,0.117,6.72
230862.0,19.0,2487.0,0.025,6.23
230866.0,76.0,2580.0,0.058,6.23
230873.0,184.0,2596.0,0.058,7.21
230878.0,178.0,3240.0,-0.092,6.48
230883.0,143.0,2857.0,0.033,6.48
230888.0,-117.0,3012.0,0.15,6.23
230893.0,-41.0,2542.0,0.017,6.48
230898.0,172.0,2211.0,0.033,6.48
230903.0,152.0,1200.0,0.083,6.48
230908.0,-46.0,1102.0,0.05,6.96
230914.0,-229.0,1055.0,-0.05,6.23
230919.0,-145.0,1085.0,0.167,6.23
230925.0,-101.0,1299.0,0.058,6.23
230930.0,-86.0,1030.0,-0.05,6.48
230935.0,-150.0,725.0,0.108,6.72
230940.0,-136.0,1031.0,0.025,7.21
230945.0,-119.0,1082.0,-0.008,6.72
230950.0,-109.0,1152.0,-0.058,6.48
230957.0,-55.0,1370.0,-0.033,6.96
230961.0,-34.0,1699.0,-0.142,6.48
230966.0,-288.0,1318.0,-0.042,6.72
230972.0,44.0,1760.0,0.033,6.48
230976.0,115.0,2111.0,-0.033,6.48
230982.0,-27.0,2097.0,-0.108,6.48
230987.0,281.0,2469.0,0.058,6.48
230992.0,196.0,2472.0,0.083,6.23
230998.0,496.0,2165.0,0.167,6.23
231003.0,-256.0,2755.0,0.183,6.23
231008.0,41.0,2884.0,0.117,6.23
231013.0,151.0,3105.0,0.167,6.23
231019.0,-115.0,3193.0,0.017,6.23
231023.0,-56.0,3042.0,-0.008,6.72
231029.0,54.0,3092.0,0.158,7.21
231034.0,-100.0,2870.0,0.058,6.48
231040.0,-27.0,2825.0,-0.167,6.23
231045.0,145.0,2578.0,-0.142,6.23
231050.0,171.0,2834.0,-0.142,6.96
231055.0,-72.0,2687.0,0.033,6.23
231060.0,-90.0,2727.0,0.05,6.48
231066.0,-12.0,2531.0,0.042,6.48
231070.0,-75.0,2560.0,0.025,6.72
231075.0,-299.0,2337.0,0.15,6.72
231081.0,163.0,2561.0,0.092,6.23
231086.0,230.0,2420.0,0.083,6.96
231092.0,-320.0,2082.0,0.092,6.48
231097.0,-82.0,1922.0,0.092,6.23
231103.0,52.0,2254.0,0.0,6.72
231107.0,-59.0,2029.0,-0.067,6.23
231113.0,-95.0,2121.0,-0.033,7.21
231118.0,-133.0,2509.0,-0.05,6.48
231123.0,-8.0,2284.0,0.008,6.48
231129.0,-26.0,2454.0,0.017,7.21
231135.0,392.0,1876.0,0.008,6.23
231139.0,233.0,1767.0,0.05,6.72
231145.0,5.0,1865.0,-0.008,6.96
231150.0,-73.0,1679.0,0.008,6.23
231155.0,-82.0,1374.0,0.042,6.72
231160.0,-123.0,1312.0,0.092,6.23
231165.0,257.0,1170.0,0.033,6.96
231171.0,-126.0,1173.0,0.058,6.23
231176.0,146.0,1567.0,0.092,6.96
231182.0,-136.0,1015.0,0.008,6.48
231187.0,-56.0,1445.0,0.125,6.48
231192.0,7.0,1610.0,-0.025,6.48
231197.0,-325.0,1400.0,0.0,6.96
231203.0,-201.0,1672.0,-0.042,6.23
231207.0,20.0,1675.0,-0.067,6.96
231214.0,68.0,2061.0,-0.033,6.23
231219.0,378.0,1691.0,0.008,6.48
231224.0,147.0,1772.0,0.067,6.72
231229.0,75.0,1892.0,0.008,6.48
231235.0,-9.0,1818.0,0.017,6.23
231240.0,-323.0,1853.0,0.117,6.72
231245.0,-218.0,1556.0,0.017,6.72
231250.0,108.0,1768.0,0.025,6.23
231256.0,-180.0,2009.0,0.05,6.48
231261.0,-255.0,1828.0,0.017,6.23
231266.0,-13.0,1922.0,-0.025,6.96
231271.0,-8.0,2069.0,0.017,6.48
231276.0,110.0,2239.0,0.05,6.48
231282.0,-14.0,1823.0,0.058,6.72
231286.0,-175.0,2172.0,0.025,6.96
231291.0,26.0,2146.0,0.1,6.48
231298.0,168.0,1936.0,-0.008,6.48
231302.0,59.0,2061.0,0.017,6.48
231308.0,-75.0,2231.0,0.067,6.23
231313.0,-403.0,2025.0,0.058,6.48
231318.0,-39.0,2032.0,0.108,6.48
231323.0,52.0,2061.0,0.042,6.48
231328.0,82.0,2357.0,0.025,6.23
231333.0,235.0,2240.0,0.108,7.7
231339.0,85.0,2328.0,0.183,6.23
231345.0,-69.0,2490.0,-0.008,6.96
231350.0,13.0,2597.0,0.067,6.72
231354.0,50.0,2728.0,-0.008,6.23
231359.0,-118.0,2689.0,-0.008,6.72
231364.0,39.0,2550.0,-0.042,6.96
231369.0,79.0,2634.0,-0.05,6.48
231374.0,149.0,2451.0,0.025,6.96
231379.0,332.0,2058.0,-0.067,6.23
231386.0,-324.0,1948.0,0.042,6.23
231391.0,218.0,2127.0,0.075,6.48
231395.0,119.0,1866.0,0.117,6.48
231401.0,173.0,1542.0,0.092,6.23
231406.0,-161.0,1565.0,-0.025,6.48
231411.0,-184.0,1383.0,0.058,6.23
231416.0,-124.0,939.0,0.067,7.21
231421.0,-24.0,524.0,0.025,6.48
231427.0,-207.0,457.0,-0.017,6.96
231432.0,189.0,413.0,-0.008,6.48
231437.0,530.0,-120.0,-0.058,6.48
231442.0,323.0,-688.0,0.05,6.23
231447.0,-153.0,-659.0,0.008,6.72
231451.0,-176.0,-966.0,0.083,6.23
231457.0,250.0,-792.0,0.0,6.23
231462.0,-250.0,-1125.0,0.058,6.48
231468.0,-179.0,-951.0,0.075,6.23
231473.0,125.0,-439.0,0.125,6.23
231478.0,-305.0,-362.0,0.108,6.72
231483.0,-316.0,-409.0,-0.025,6.48
231488.0,304.0,-88.0,0.075,6.48
231492.0,15.0,-85.0,0.125,6.48
231498.0,401.0,419.0,-0.058,6.48
231503.0,299.0,902.0,0.017,6.48
231508.0,-16.0,1162.0,-0.008,6.23
231514.0,2.0,1350.0,0.008,6.48
231519.0,-376.0,1663.0,0.0,6.96
231524.0,-55.0,1750.0,0.042,6.48
231529.0,-185.0,1797.0,0.008,6.48
231533.0,-58.0,2446.0,-0.008,6.48
231539.0,22.0,2828.0,0.042,6.48
231544.0,232.0,2997.0,0.042,6.48
231548.0,13.0,2406.0,0.008,6.96
231555.0,-87.0,2828.0,0.083,6.48
231560.0,-227.0,2653.0,0.008,6.48
231565.0,-270.0,3075.0,0.017,6.23
231570.0,-114.0,2377.0,-0.008,6.96
231575.0,-148.0,2742.0,0.05,6.96
231580.0,-115.0,2727.0,0.083,6.48
231585.0,129.0,1905.0,-0.067,6.48
231591.0,-347.0,1860.0,0.075,6.72
231596.0,-16.0,1959.0,0.083,6.72
231602.0,28.0,2569.0,-0.008,6.48
231607.0,-210.0,2406.0,0.133,6.48
231612.0,3.0,2966.0,0.125,6.23
231617.0,-79.0,2858.0,-0.092,6.23
231622.0,-153.0,3251.0,-0.1,6.23
231627.0,-184.0,3488.0,-0.025,6.48
231632.0,242.0,3298.0,-0.05,6.72
231638.0,-180.0,3175.0,0.092,6.23
231643.0,-139.0,2691.0,-0.033,6.72
231648.0,98.0,2268.0,-0.075,6.23
231653.0,-171.0,1641.0,0.067,6.96
231657.0,-92.0,1294.0,0.092,6.72
231662.0,-53.0,933.0,0.075,6.72
231667.0,291.0,975.0,0.025,6.48
231672.0,-483.0,1104.0,0.1,6.23
231677.0,-460.0,1483.0,0.108,6.96
231683.0,62.0,1555.0,-0.017,6.48
231688.0,-8.0,1652.0,-0.017,6.72
231693.0,-57.0,2524.0,-0.008,6.72
231699.0,-237.0,2396.0,-0.05,6.23
231704.0,291.0,2561.0,-0.117,6.72
231708.0,-56.0,2636.0,-0.075,6.23
231714.0,-74.0,1852.0,-0.067,6.72
231719.0,110.0,1839.0,0.083,6.48
231725.0,221.0,1429.0,0.175,6.48
231730.0,256.0,1176.0,0.108,6.48
231735.0,10.0,821.0,0.117,6.48
231740.0,-21.0,819.0,0.092,6.48
231744.0,201.0,1226.0,0.067,6.23
231749.0,-136.0,1155.0,0.017,6.72
231755.0,-158.0,1607.0,0.1,6.48
231760.0,-320.0,2014.0,0.067,6.48
231766.0,145.0,2012.0,-0.058,6.48
231770.0,-332.0,2285.0,-0.067,6.96
231775.0,180.0,2186.0,-0.075,6.23
231780.0,27.0,2134.0,-0.133,6.23
231785.0,89.0,1945.0,-0.133,6.23
231790.0,15.0,1754.0,-0.058,6.23
231795.0,92.0,1422.0,0.025,6.23
231800.0,100.0,1181.0,0.058,6.48
231806.0,-23.0,1127.0,0.058,6.23
231811.0,-98.0,972.0,0.075,6.72
231816.0,42.0,1259.0,0.092,6.48
231821.0,-129.0,1257.0,0.125,6.72
231826.0,-105.0,1276.0,0.058,6.48
231831.0,206.0,1449.0,0.008,6.96
231835.0,83.0,1604.0,0.075,6.23
231840.0,-134.0,1629.0,0.025,5.5
231844.0,-283.0,1566.0,0.017,6.96
231851.0,273.0,1971.0,-0.05,6.72
231856.0,286.0,1845.0,-0.067,6.23
231861.0,72.0,1794.0,0.025,6.23
231866.0,-57.0,1554.0,0.0,6.72
231870.0,444.0,1449.0,0.042,6.23
231875.0,-122.0,1504.0,0.058,6.23
231880.0,-337.0,1366.0,0.092,6.72
231885.0,93.0,1511.0,0.033,6.72
231890.0,-447.0,1300.0,0.058,6.48
231896.0,-156.0,1504.0,0.075,6.23
231901.0,-134.0,1747.0,0.158,6.23
231907.0,41.0,1937.0,-0.033,6.48
231911.0,152.0,2136.0,0.008,6.48
231916.0,10.0,2147.0,-0.075,6.72
231921.0,35.0,2015.0,-0.017,6.72
231926.0,-57.0,2058.0,-0.008,6.72
231931.0,83.0,1787.0,-0.042,6.48
231937.0,164.0,2251.0,0.0,6.48
231942.0,206.0,2086.0,-0.017,6.72
231947.0,151.0,2038.0,0.108,6.48
231952.0,154.0,1885.0,0.058,6.23
231957.0,30.0,2100.0,0.067,6.23
231962.0,145.0,1814.0,0.05,6.96
231967.0,-139.0,2245.0,0.067,6.48
231972.0,-285.0,1948.0,0.075,6.23
231977.0,68.0,1474.0,0.075,6.23
231983.0,134.0,1579.0,0.075,6.23
231989.0,-30.0,2149.0,0.092,6.48
231994.0,-303.0,1625.0,0.058,6.48
231998.0,-268.0,1272.0,-0.067,6.23
232003.0,-47.0,1440.0,0.092,6.96
232008.0,-258.0,1585.0,-0.042,6.96
232013.0,18.0,1364.0,0.083,6.96
232018.0,175.0,1862.0,0.067,6.96
232024.0,101.0,1889.0,0.008,6.96
232029.0,195.0,1686.0,-0.033,6.23
232034.0,120.0,1313.0,-0.05,6.48
232039.0,-36.0,1560.0,0.042,6.48
232044.0,-63.0,1626.0,0.025,6.48
232048.0,-200.0,1313.0,0.1,6.72
232054.0,-184.0,1553.0,-0.008,6.23
232059.0,-193.0,1229.0,0.092,5.99
232064.0,82.0,1394.0,0.092,6.48
232069.0,-9.0,1066.0,0.008,6.48
232074.0,124.0,1221.0,0.1,6.96
232079.0,70.0,1035.0,-0.025,6.96
232084.0,241.0,1439.0,-0.05,6.48
232089.0,-126.0,1530.0,0.025,6.48
232094.0,-56.0,972.0,0.05,6.72
232099.0,-303.0,1218.0,-0.017,6.48
232104.0,83.0,1253.0,-0.067,6.23
232111.0,-21.0,1233.0,-0.017,6.48
232116.0,82.0,1355.0,0.008,6.23
232120.0,-223.0,1472.0,0.033,6.23
232126.0,-71.0,1526.0,-0.025,6.23
232131.0,28.0,1170.0,0.017,6.48
232136.0,152.0,1009.0,0.05,6.48
232141.0,-74.0,1163.0,0.0,6.48
232146.0,-53.0,1141.0,-0.033,6.48
232152.0,-74.0,920.0,0.017,6.48
232157.0,-92.0,1014.0,0.008,6.23
232162.0,-75.0,1027.0,0.025,6.96
232167.0,435.0,1156.0,-0.033,6.72
232172.0,66.0,962.0,0.05,7.21
232177.0,-135.0,1129.0,0.008,6.48
232182.0,-3.0,1247.0,0.0,6.48
232187.0,56.0,1316.0,-0.075,6.23
232193.0,122.0,1383.0,-0.017,6.96
232198.0,19.0,1061.0,0.042,6.23
232202.0,410.0,1320.0,0.025,6.48
232208.0,-22.0,1400.0,0.058,8.19
232213.0,43.0,1478.0,0.083,6.23
232217.0,194.0,1643.0,0.025,6.48
232223.0,118.0,1589.0,0.033,6.48
232227.0,-3.0,1594.0,0.0,6.48
232232.0,-163.0,1667.0,0.017,6.23
232238.0,-224.0,1411.0,-0.092,6.23
232243.0,-611.0,1522.0,-0.075,6.48
232248.0,415.0,1588.0,0.008,6.23
232254.0,540.0,1438.0,-0.025,6.23
232258.0,-7.0,1493.0,-0.042,6.48
232264.0,57.0,2009.0,0.058,6.72
232268.0,-86.0,2150.0,-0.042,6.23
232273.0,248.0,1651.0,0.067,6.96
232280.0,-182.0,1551.0,0.058,6.48
232284.0,-159.0,1380.0,-0.033,6.96
232289.0,-207.0,1601.0,0.017,6.48
232294.0,-162.0,1917.0,0.075,6.48
232299.0,-249.0,1540.0,-0.042,6.48
232304.0,95.0,1830.0,-0.008,6.23
232309.0,162.0,1593.0,0.017,6.48
232314.0,-66.0,1086.0,0.1,6.48
232320.0,-144.0,1272.0,0.033,6.96
232325.0,-73.0,1471.0,0.025,6.48
232330.0,89.0,1484.0,0.117,6.23
232335.0,332.0,920.0,0.067,7.21
232340.0,-243.0,965.0,-0.017,6.23
232345.0,269.0,1213.0,0.133,6.23
232350.0,624.0,878.0,0.05,6.72
232355.0,-356.0,917.0,-0.117,6.48
232360.0,-268.0,895.0,0.0,6.23
232366.0,-193.0,1002.0,0.017,6.72
232371.0,31.0,1175.0,-0.1,6.23
232375.0,18.0,1298.0,0.0,6.96
232380.0,70.0,1019.0,0.1,6.48
232386.0,58.0,1075.0,0.042,6.72
232390.0,5.0,1192.0,0.1,6.72
232395.0,23.0,1261.0,0.025,6.96
232400.0,196.0,1176.0,0.017,6.48
232406.0,-88.0,1081.0,0.025,6.48
232411.0,-64.0,1247.0,-0.05,6.72
232416.0,-127.0,1562.0,0.0,6.23
232421.0,67.0,1445.0,0.058,6.23
232426.0,137.0,1699.0,-0.017,6.96
232431.0,-34.0,1960.0,0.167,6.23
232436.0,-156.0,1772.0,0.1,6.48
232442.0,-230.0,1812.0,0.075,6.23
232448.0,-277.0,1621.0,0.075,6.23
232453.0,-229.0,1648.0,0.017,6.48
232458.0,243.0,1352.0,-0.042,6.48
232463.0,-6.0,1697.0,0.0,6.72
232468.0,68.0,1741.0,-0.067,6.23
232474.0,130.0,1533.0,-0.092,6.48
232478.0,-35.0,1752.0,0.067,7.94
232483.0,-1.0,1507.0,0.05,6.48
232489.0,-255.0,1563.0,0.025,6.72
232494.0,138.0,1858.0,0.1,6.48
232500.0,-56.0,1818.0,0.15,6.23
232505.0,-48.0,1656.0,0.058,6.48
232510.0,-247.0,1579.0,0.083,6.23
232515.0,245.0,1672.0,0.075,6.23
232520.0,-39.0,1804.0,-0.017,6.23
232525.0,176.0,1665.0,0.05,6.96
232530.0,354.0,1857.0,0.008,6.48
232537.0,-176.0,2035.0,0.025,6.96
232541.0,-351.0,1812.0,0.033,7.21
232546.0,350.0,1265.0,0.008,6.48
232551.0,-20.0,1357.0,-0.033,6.72
232556.0,83.0,1552.0,-0.025,6.23
232562.0,-277.0,1620.0,0.008,6.48
232567.0,45.0,1356.0,-0.067,5.99
232572.0,-68.0,1501.0,-0.008,6.23
232578.0,-148.0,1441.0,0.025,6.23
232584.0,176.0,1319.0,0.042,6.23
232588.0,147.0,1348.0,0.0,6.48
232593.0,-279.0,1211.0,0.033,6.48
232599.0,219.0,109.0,-0.067,6.96
232603.0,114.0,-2318.0,-0.475,6.23
232609.0,-70.0,-126494.0,-3.742,6.48
232614.0,-544.0,-391206.0,-6.692,6.96
232621.0,28.0,-609860.0,-6.7,6.72
232626.0,53.0,-690317.0,-4.925,6.96
232631.0,-143.0,-781585.0,-2.667,6.48
232637.0,331.0,-785515.0,-1.525,6.23
232642.0,-257.0,-761191.0,-2.658,6.23
232647.0,-34.0,-758056.0,-4.167,6.72
232653.0,-382.0,-797796.0,-4.8,6.23
232658.0,-242.0,-894096.0,-4.483,6.23
232665.0,86.0,-983618.0,-3.375,6.23
232669.0,-53.0,-986759.0,-2.95,6.48
232675.0,-49.0,-989675.0,-3.333,5.99
232681.0,-85.0,-1025851.0,-4.1,6.23
232686.0,191.0,-1077091.0,-4.392,5.99
232691.0,80.0,-1105542.0,-3.85,6.48
232696.0,233.0,-1145544.0,-3.475,6.23
232702.0,-49.0,-1165526.0,-3.517,6.23
232708.0,405.0,-1173585.0,-3.725,6.23
232713.0,244.0,-1187272.0,-3.825,6.96
232718.0,-364.0,-1196322.0,-3.742,4.52
232724.0,6.0,-1198922.0,-3.408,6.23
232729.0,209.0,-1199371.0,-3.1,6.23
232734.0,182.0,-1200739.0,-3.408,6.72
232739.0,-314.0,-1202719.0,-3.425,6.48
232745.0,-108.0,-1203442.0,-3.55,6.96
232750.0,107.0,-1202423.0,-3.325,6.96
232756.0,-137.0,-1202421.0,-3.242,6.72
232762.0,21.0,-1209907.0,-3.15,6.23
232767.0,133.0,-1213268.0,-2.867,6.72
232772.0,240.0,-1214815.0,-1.825,6.96
232777.0,-244.0,-1209265.0,-1.842,6.48
232783.0,58.0,-1202201.0,-2.758,5.99
232788.0,291.0,-1198484.0,-2.675,6.23
232794.0,-764.0,-1193326.0,-1.517,6.23
232799.0,-170.0,-1189412.0,-0.483,6.23
232805.0,-246.0,-1187945.0,-1.292,5.99
232809.0,-123.0,-1183940.0,-2.275,6.48
232815.0,221.0,-1179234.0,-2.767,5.99
232821.0,451.0,-1177684.0,-0.1,5.99
232826.0,-485.0,-1176577.0,-0.483,5.99
232832.0,-232.0,-1176468.0,-1.642,6.23
232837.0,204.0,-1176166.0,-2.425,6.48
232843.0,-178.0,-1175316.0,-0.333,6.23
232848.0,-261.0,-1174151.0,-0.908,6.72
232853.0,-90.0,-1173715.0,-1.175,6.72
232859.0,60.0,-1172253.0,-1.233,6.23
232864.0,48.0,-1171306.0,-0.45,5.99
232868.0,-53.0,-1168437.0,-0.767,5.99
232875.0,-63.0,-1166429.0,-0.058,5.99
232880.0,99.0,-1165070.0,0.35,5.99
232885.0,-18.0,-1163809.0,-0.592,5.99
232891.0,-442.0,-1163471.0,-0.35,5.99
232896.0,326.0,-1162033.0,0.683,5.99
232901.0,26.0,-1162086.0,0.783,6.48
232906.0,-79.0,-1162681.0,-0.183,5.99
232912.0,-83.0,-1165685.0,0.483,5.99
232918.0,-17.0,-1167512.0,0.592,5.99
232923.0,-46.0,-1170153.0,0.592,6.48
232928.0,124.0,-1172597.0,0.508,5.99
232934.0,222.0,-1175075.0,0.492,6.48
232939.0,126.0,-1175770.0,0.575,5.99
232944.0,-85.0,-1174631.0,0.708,5.99
232949.0,251.0,-1172989.0,0.392,5.74
232955.0,-253.0,-1172358.0,0.608,5.74
232960.0,-396.0,-1170839.0,0.742,5.74
232966.0,-2.0,-1168243.0,0.633,5.99
232971.0,172.0,-1167920.0,0.708,5.74
232976.0,-55.0,-1166797.0,0.525,6.48
232981.0,-57.0,-1166069.0,0.7,6.23
232987.0,295.0,-1164411.0,0.567,5.74
232992.0,-309.0,-1163648.0,0.683,6.48
232997.0,-108.0,-1161881.0,0.658,8.19
233004.0,270.0,-1159335.0,0.733,6.23
233009.0,248.0,-1158414.0,0.775,5.74
233014.0,45.0,-1156491.0,0.7,5.74
233019.0,127.0,-1153581.0,0.8,5.99
233025.0,111.0,-1150351.0,0.842,5.74
233030.0,1.0,-1149178.0,0.775,6.48
233035.0,0.0,-1146481.0,0.8,5.99
233040.0,-152.0,-1143945.0,0.767,5.99
233046.0,-18.0,-1143312.0,0.733,6.48
233051.0,41.0,-1141777.0,0.767,5.99
233057.0,-5.0,-1141415.0,0.8,6.48
233062.0,-69.0,-1141120.0,0.783,6.48
233066.0,2.0,-1141435.0,0.792,5.74
233072.0,-34.0,-1142607.0,0.733,5.99
233077.0,62.0,-1143384.0,0.908,5.74
233082.0,-293.0,-1144483.0,0.808,5.99
233088.0,-288.0,-1145835.0,0.808,5.74
233093.0,348.0,-1145854.0,0.85,5.99
233098.0,659.0,-1144397.0,0.883,5.99
233104.0,155.0,-1141615.0,0.883,6.23
233109.0,-105.0,-1137489.0,0.867,5.99
233114.0,319.0,-1135244.0,0.892,5.99
233119.0,156.0,-1130445.0,0.758,6.23
233125.0,-236.0,-1123911.0,0.9,5.74
233131.0,50.0,-1119996.0,0.8,5.74
233136.0,-21.0,-1112969.0,0.817,6.23
233141.0,-347.0,-1106281.0,0.858,5.99
233147.0,-167.0,-1101422.0,0.858,5.99
233152.0,9.0,-1093625.0,0.733,6.48
233157.0,164.0,-1086403.0,0.867,5.74
233163.0,-140.0,-1079929.0,0.825,5.99
233168.0,264.0,-1076376.0,0.858,5.99
233172.0,-205.0,-1070083.0,0.858,6.48
233179.0,-430.0,-1062041.0,0.7,6.48
233184.0,64.0,-1058094.0,0.875,6.48
233189.0,-53.0,-1048679.0,0.783,3.3
233194.0,83.0,-1037681.0,0.825,5.74
233199.0,-119.0,-1032164.0,0.825,6.72
233204.0,82.0,-1020687.0,0.775,6.48
233209.0,149.0,-1014400.0,0.742,6.23
233214.0,-141.0,-1002465.0,0.658,5.99
233220.0,308.0,-989389.0,0.775,6.72
233226.0,96.0,-974883.0,0.675,6.48
233231.0,-340.0,-967504.0,0.725,6.48
233236.0,-213.0,-951793.0,0.633,5.74
233241.0,113.0,-934409.0,0.667,6.48
233246.0,-103.0,-925144.0,0.567,5.99
233251.0,-86.0,-906345.0,0.492,6.23
233256.0,41.0,-897098.0,0.508,5.99
233262.0,-157.0,-878089.0,0.558,6.23
233267.0,46.0,-859049.0,0.5,5.99
233272.0,-176.0,-850042.0,0.425,6.48
233277.0,34.0,-831163.0,0.45,6.48
233282.0,165.0,-812687.0,0.433,5.99
233288.0,21.0,-793095.0,0.258,4.77
233293.0,61.0,-783674.0,0.317,5.99
233298.0,-10.0,-774093.0,0.267,6.23
233304.0,28.0,-745385.0,0.258,5.74
233309.0,-16.0,-736304.0,0.325,6.48
233314.0,75.0,-727117.0,0.175,6.96
233319.0,85.0,-703351.0,0.133,6.48
233325.0,-271.0,-696380.0,0.167,6.23
233329.0,-84.0,-683589.0,0.008,6.23
233335.0,80.0,-672915.0,0.0,6.23
233340.0,-428.0,-667846.0,0.0,6.48
233346.0,-329.0,-663283.0,0.008,7.21
233351.0,299.0,-652823.0,0.0,6.23
233356.0,-163.0,-649970.0,0.058,6.48
233361.0,-406.0,-645657.0,-0.008,6.96
233366.0,-231.0,-643922.0,-0.017,6.48
233371.0,-129.0,-640767.0,0.0,6.48
233376.0,16.0,-638971.0,0.033,6.72
233381.0,114.0,-638294.0,-0.025,6.72
233387.0,-78.0,-636501.0,-0.017,6.48
233392.0,-149.0,-635033.0,-0.1,6.72
233397.0,159.0,-634078.0,0.008,6.48
233403.0,-263.0,-632229.0,-0.108,6.96
233408.0,-38.0,-630651.0,-0.05,6.48
233413.0,-14.0,-629946.0,-0.15,6.23
233418.0,74.0,-628655.0,-0.133,6.48
233423.0,59.0,-628059.0,0.042,6.96
233428.0,-62.0,-627550.0,0.142,6.48
233434.0,-42.0,-627801.0,0.092,7.21
233439.0,369.0,-627557.0,0.075,6.72
233444.0,163.0,-627234.0,-0.008,6.48
233449.0,111.0,-627055.0,0.158,6.48
233454.0,134.0,-627073.0,0.008,6.48
233459.0,556.0,-626924.0,0.008,6.23
233465.0,264.0,-626845.0,0.208,6.48
233470.0,49.0,-626311.0,0.058,6.23
233476.0,13.0,-626280.0,-0.008,6.48
233481.0,401.0,-625443.0,0.0,6.48
233486.0,248.0,-625453.0,0.083,6.23
233491.0,-130.0,-625112.0,0.142,6.72
233496.0,588.0,-624413.0,0.142,6.72
233501.0,449.0,-624033.0,-0.042,6.72
233506.0,118.0,-624144.0,0.092,6.48
233511.0,-16.0,-623865.0,0.033,6.96
233517.0,181.0,-623523.0,-0.008,6.48
233523.0,309.0,-623396.0,0.0,6.96
233528.0,-37.0,-623017.0,0.108,6.48
233533.0,82.0,-622371.0,0.108,6.23
233538.0,42.0,-622280.0,0.067,6.48
233543.0,-204.0,-622153.0,0.075,6.48
233548.0,155.0,-622349.0,0.15,6.23
233553.0,205.0,-622168.0,0.05,6.23
233559.0,-217.0,-621707.0,-0.017,6.96
233565.0,48.0,-621379.0,0.008,6.48
233569.0,-5.0,-621146.0,0.025,6.48
233574.0,-92.0,-620948.0,0.067,6.72
233579.0,-121.0,-620677.0,0.067,7.21
233584.0,-337.0,-620528.0,0.05,7.21
233589.0,-140.0,-619958.0,-0.033,6.96
233594.0,1.0,-620043.0,0.108,6.23
233600.0,-59.0,-620247.0,0.033,6.48
233605.0,204.0,-619511.0,0.008,6.72
233610.0,287.0,-619308.0,0.092,6.48
233615.0,35.0,-619407.0,0.108,6.23
233620.0,186.0,-618727.0,0.1,6.48
233626.0,2.0,-618488.0,0.025,6.48
233631.0,-12.0,-618567.0,-0.042,6.48
233635.0,173.0,-618534.0,-0.042,6.23
233640.0,-21.0,-618083.0,0.0,6.48
233646.0,-104.0,-617567.0,0.075,6.48
233651.0,-197.0,-617454.0,-0.017,6.48
233656.0,-113.0,-617359.0,0.0,6.48
233661.0,14.0,-616989.0,0.067,6.48
233666.0,45.0,-616966.0,0.017,5.25
233672.0,1.0,-616782.0,0.0,6.48
233677.0,-156.0,-616212.0,-0.025,6.48
233681.0,197.0,-616351.0,0.142,6.48
233688.0,-293.0,-615721.0,-0.033,6.23
233693.0,-324.0,-615789.0,0.117,6.72
233698.0,277.0,-615614.0,0.092,6.96
233703.0,101.0,-615450.0,-0.025,6.96
233708.0,100.0,-615284.0,-0.008,6.72
233713.0,3.0,-615493.0,0.142,6.48
233719.0,307.0,-614983.0,0.017,6.72
233724.0,-92.0,-615085.0,0.058,6.48
233729.0,-117.0,-615064.0,0.075,6.23
233735.0,11.0,-614712.0,0.058,6.48
233740.0,238.0,-614588.0,0.05,6.48
233745.0,-87.0,-614647.0,0.017,6.23
233750.0,-53.0,-614337.0,0.025,6.48
233755.0,88.0,-614253.0,0.008,6.48
233760.0,133.0,-614240.0,0.058,6.96
233766.0,221.0,-613882.0,0.017,6.48
233772.0,299.0,-613884.0,0.083,6.48
233777.0,150.0,-613845.0,0.042,6.48
233782.0,308.0,-613680.0,0.092,6.48
233788.0,-246.0,-613358.0,-0.008,6.48
233793.0,101.0,-613280.0,0.1,7.21
233798.0,-114.0,-613055.0,0.05,6.23
233803.0,-358.0,-612829.0,0.008,6.23
233808.0,-333.0,-612931.0,0.217,6.48
233814.0,84.0,-612686.0,0.058,6.48
233820.0,282.0,-612244.0,-0.092,6.23
233825.0,296.0,-612368.0,-0.133,6.48
233830.0,155.0,-612095.0,0.067,6.48
233835.0,71.0,-611680.0,0.283,6.72
233841.0,195.0,-611368.0,-0.092,6.72
233845.0,164.0,-611177.0,-0.108,6.48
233850.0,44.0,-610774.0,0.083,6.72
233857.0,36.0,-610424.0,0.05,6.48
233862.0,-115.0,-610373.0,0.2,6.23
233867.0,47.0,-609882.0,0.017,6.48
233872.0,-269.0,-609820.0,-0.017,6.96
233877.0,-102.0,-609729.0,-0.075,6.96
233882.0,116.0,-609938.0,0.1,6.72
233888.0,366.0,-609882.0,0.125,6.72
233893.0,-17.0,-609776.0,-0.083,6.72
233897.0,336.0,-609793.0,-0.042,6.48
233904.0,92.0,-609741.0,0.117,6.48
233909.0,23.0,-609915.0,0.208,6.48
233914.0,-62.0,-609498.0,0.117,6.23
233919.0,-154.0,-609270.0,0.05,6.48
233925.0,-80.0,-608406.0,0.05,6.48
233930.0,61.0,-608349.0,-0.025,6.23
233935.0,-49.0,-608650.0,-0.092,6.72
233940.0,-255.0,-608040.0,0.017,6.23
233946.0,46.0,-608211.0,0.125,6.23
233951.0,-226.0,-608434.0,-0.042,6.48
233957.0,150.0,-608042.0,0.008,6.72
233961.0,25.0,-607767.0,0.017,6.48
233967.0,-159.0,-607986.0,0.058,6.72
233972.0,53.0,-607448.0,0.05,6.48
233977.0,-38.0,-607121.0,0.225,6.96
233982.0,-46.0,-606844.0,-0.008,6.72
233988.0,-152.0,-606470.0,0.033,6.23
233993.0,-367.0,-606145.0,0.067,6.23
233998.0,53.0,-606432.0,-0.042,6.48
234004.0,-277.0,-606076.0,-0.05,6.72
234009.0,-222.0,-605521.0,-0.092,6.96
234013.0,-17.0,-605514.0,0.075,6.96
234019.0,191.0,-605144.0,-0.042,6.23
234023.0,-146.0,-605307.0,0.108,6.48
234030.0,-282.0,-605224.0,-0.017,6.48
234035.0,46.0,-604816.0,-0.017,6.48
234040.0,65.0,-604957.0,-0.008,6.23
234045.0,493.0,-605170.0,0.067,6.23
234051.0,259.0,-605374.0,0.058,6.72
234055.0,194.0,-605469.0,-0.1,6.48
234060.0,64.0,-605532.0,0.083,6.96
234066.0,252.0,-605712.0,0.083,6.72
234072.0,335.0,-605765.0,0.158,6.23
234076.0,-288.0,-605728.0,0.017,6.48
234082.0,228.0,-606214.0,0.117,6.23
234087.0,311.0,-606375.0,0.158,6.48
234092.0,-273.0,-606122.0,-0.05,7.21
234097.0,-201.0,-606314.0,0.033,7.21
234102.0,-6.0,-606503.0,-0.058,6.23
234107.0,74.0,-606304.0,0.083,6.23
234114.0,170.0,-606216.0,0.033,6.23
234118.0,285.0,-605887.0,-0.1,6.72
234124.0,145.0,-605690.0,-0.092,6.23
234129.0,-179.0,-605222.0,0.15,6.23
234134.0,244.0,-605207.0,0.108,6.48
234138.0,447.0,-604914.0,0.125,6.23
234144.0,111.0,-604724.0,-0.017,6.23
234149.0,270.0,-604617.0,-0.025,6.96
234155.0,196.0,-604437.0,0.117,7.7
234161.0,84.0,-604467.0,0.033,6.23
234167.0,56.0,-604329.0,0.033,6.23
234171.0,141.0,-604210.0,-0.017,6.72
234177.0,237.0,-603708.0,0.0,6.48
234182.0,15.0,-603024.0,-0.008,6.48
234188.0,13.0,-602918.0,0.05,6.48
234193.0,-12.0,-602889.0,-0.042,6.72
234199.0,-34.0,-602679.0,0.108,5.99
234205.0,-376.0,-602517.0,0.058,6.23
234210.0,-354.0,-601853.0,-0.05,6.23
234215.0,105.0,-602346.0,0.067,6.23
234221.0,-187.0,-602402.0,0.0,6.23
234226.0,-35.0,-601710.0,-0.05,6.23
234232.0,-91.0,-601620.0,0.025,6.23
234236.0,-194.0,-601475.0,0.075,6.96
234243.0,-66.0,-601653.0,0.0,6.72
234248.0,304.0,-601597.0,0.075,6.96
234254.0,-100.0,-601301.0,0.058,6.48
234259.0,-65.0,-601016.0,0.142,6.48
234264.0,-43.0,-601038.0,0.033,6.23
234270.0,143.0,-600562.0,0.008,6.48
234275.0,-347.0,-600467.0,0.067,6.48
234280.0,4.0,-600694.0,0.092,6.48
234286.0,236.0,-600102.0,-0.008,6.48
234291.0,198.0,-599821.0,-0.05,6.48
234296.0,27.0,-599824.0,-0.042,6.48
234301.0,291.0,-599794.0,0.0,6.48
234307.0,-271.0,-599604.0,-0.008,6.23
234312.0,-402.0,-599463.0,0.158,6.96
234317.0,8.0,-599233.0,0.033,6.48
234323.0,104.0,-598873.0,-0.017,6.23
234329.0,-206.0,-598666.0,-0.075,6.23
234334.0,-105.0,-598625.0,-0.083,6.23
234339.0,31.0,-598835.0,0.158,6.72
234345.0,57.0,-598419.0,-0.008,6.23
234350.0,16.0,-598622.0,0.017,6.72
234355.0,48.0,-598472.0,0.033,6.48
234361.0,150.0,-598572.0,0.0,6.48
234366.0,-112.0,-598597.0,0.0,6.23
234371.0,-27.0,-598282.0,0.017,6.23
234377.0,-25.0,-598288.0,-0.083,6.23
234382.0,147.0,-598129.0,-0.125,6.48
234387.0,-58.0,-598050.0,0.067,6.48
234392.0,-4.0,-597866.0,0.133,7.21
234397.0,380.0,-597729.0,0.058,6.48
234402.0,599.0,-597744.0,0.033,6.96
234408.0,99.0,-598042.0,-0.017,6.48
234414.0,-93.0,-597368.0,-0.058,6.48
234419.0,-112.0,-597417.0,0.158,6.23
234424.0,-171.0,-597083.0,0.058,6.96
234430.0,123.0,-596989.0,-0.008,6.96
234435.0,85.0,-596852.0,0.108,6.48
234439.0,138.0,-596797.0,0.083,6.23
234445.0,-372.0,-596775.0,0.0,6.23
234450.0,120.0,-596830.0,0.058,6.23
234456.0,295.0,-596271.0,0.025,6.48
234461.0,-185.0,-596265.0,-0.083,6.23
234467.0,29.0,-596336.0,-0.033,6.23
234471.0,-86.0,-595763.0,-0.025,6.23
234477.0,-96.0,-594977.0,-0.067,6.23
234482.0,94.0,-594964.0,0.05,6.72
234486.0,39.0,-594797.0,0.05,6.48
234492.0,-15.0,-594745.0,0.017,6.23
234498.0,45.0,-594298.0,0.108,6.23
234503.0,-242.0,-594281.0,-0.033,6.23
234508.0,-130.0,-594009.0,0.067,6.96
234514.0,142.0,-594082.0,0.05,5.74
234518.0,363.0,-594365.0,0.033,6.23
234524.0,-23.0,-594035.0,-0.017,6.48
234529.0,97.0,-594160.0,0.033,6.72
234534.0,152.0,-594451.0,0.008,6.48
234540.0,48.0,-594311.0,0.017,6.23
234545.0,84.0,-594018.0,0.092,6.48
234550.0,-89.0,-594463.0,0.083,6.23
234555.0,-197.0,-594279.0,0.05,6.23
234561.0,373.0,-594234.0,0.108,6.96
234565.0,310.0,-594441.0,-0.042,6.72
234571.0,8.0,-593871.0,-0.142,6.72
234576.0,182.0,-594063.0,-0.017,6.23
234583.0,190.0,-593926.0,0.092,6.96
234587.0,-87.0,-593523.0,0.0,6.48
234593.0,-191.0,-593433.0,-0.108,6.23
234598.0,-11.0,-593358.0,-0.025,6.72
234603.0,102.0,-593031.0,0.008,6.48
234608.0,-232.0,-593173.0,0.058,6.96
234613.0,36.0,-593258.0,-0.008,6.72
234618.0,63.0,-593241.0,-0.092,6.48
234624.0,147.0,-592593.0,0.033,6.23
234630.0,41.0,-592592.0,0.05,6.72
234634.0,120.0,-593067.0,0.05,6.72
234640.0,66.0,-592831.0,0.033,6.48
234645.0,-122.0,-592694.0,0.025,6.96
234650.0,-17.0,-592347.0,-0.058,6.72
234655.0,-25.0,-592585.0,-0.017,6.48
234660.0,-171.0,-592580.0,0.092,6.72
234665.0,-248.0,-592823.0,-0.025,6.72
234672.0,172.0,-592759.0,0.017,6.72
234677.0,-360.0,-592212.0,0.008,6.48
234681.0,49.0,-592499.0,0.067,7.21
234687.0,395.0,-592247.0,0.075,6.48
234692.0,471.0,-592136.0,-0.033,6.23
234697.0,134.0,-592027.0,0.133,6.23
234702.0,-75.0,-591589.0,0.042,6.23
234707.0,-13.0,-591392.0,0.017,6.23
234713.0,92.0,-591065.0,0.075,5.74
234718.0,214.0,-591229.0,0.008,6.23
234723.0,150.0,-591372.0,0.0,6.72
234728.0,163.0,-590903.0,-0.017,6.23
234734.0,-363.0,-590963.0,-0.067,6.48
234739.0,-101.0,-590892.0,0.058,6.23
234743.0,-140.0,-590941.0,0.092,6.72
234749.0,-118.0,-591103.0,0.058,6.48
234755.0,86.0,-590992.0,0.025,6.23
234760.0,3.0,-590693.0,0.017,5.99
234765.0,107.0,-590939.0,-0.042,6.23
234771.0,-317.0,-590686.0,-0.033,5.01
234775.0,-402.0,-590775.0,-0.108,6.96
234780.0,159.0,-590279.0,0.042,4.52
234786.0,101.0,-590474.0,-0.025,6.48
234790.0,46.0,-589989.0,0.075,6.23
234797.0,56.0,-589997.0,0.1,6.23
234802.0,-34.0,-590252.0,0.042,6.48
234807.0,53.0,-589941.0,0.125,6.23
234812.0,139.0,-590093.0,0.008,6.23
234817.0,123.0,-589866.0,0.025,6.96
234822.0,102.0,-589741.0,0.158,6.48
234828.0,34.0,-589189.0,0.017,6.72
234833.0,-134.0,-589234.0,-0.025,6.72
234838.0,29.0,-589769.0,-0.075,6.23
234844.0,9.0,-589311.0,-0.017,6.48
234849.0,-197.0,-589196.0,-0.008,6.23
234854.0,-26.0,-589159.0,0.025,6.72
234859.0,-348.0,-589163.0,-0.017,6.48
234864.0,-22.0,-589306.0,0.042,6.96
234869.0,81.0,-588931.0,0.025,6.96
234874.0,-8.0,-588988.0,-0.05,6.23
234880.0,-316.0,-588773.0,0.008,6.23
234885.0,31.0,-589295.0,0.033,6.48
234890.0,29.0,-589110.0,0.142,6.23
234895.0,105.0,-588279.0,-0.008,6.96
234900.0,62.0,-588661.0,0.042,6.48
234905.0,106.0,-588530.0,0.1,6.72
234910.0,84.0,-588013.0,0.05,6.48
234915.0,-391.0,-588183.0,-0.017,6.23
234921.0,101.0,-588342.0,0.025,6.72
234927.0,71.0,-587663.0,0.025,6.48
234932.0,2.0,-587795.0,0.05,6.23
234937.0,-82.0,-587650.0,0.0,6.48
234942.0,2.0,-587373.0,0.05,6.48
234947.0,199.0,-587507.0,-0.067,6.48
234952.0,-229.0,-587510.0,0.033,6.96
234957.0,-113.0,-587273.0,-0.05,6.48
234962.0,48.0,-586883.0,-0.017,6.48
234969.0,256.0,-587062.0,0.025,6.23
234974.0,-162.0,-587065.0,-0.025,6.96
234979.0,-143.0,-587223.0,0.117,6.48
234984.0,156.0,-587170.0,0.092,6.48
234989.0,32.0,-587355.0,0.0,6.48
234994.0,5.0,-586859.0,0.092,6.23
234999.0,259.0,-586668.0,0.042,6.48
235004.0,-223.0,-586817.0,0.017,6.23
235010.0,-92.0,-586599.0,0.05,6.48
235015.0,216.0,-586600.0,-0.008,6.48
235020.0,112.0,-586723.0,-0.017,6.23
235026.0,129.0,-586631.0,0.092,6.96
235031.0,-7.0,-586276.0,-0.017,6.48
235036.0,179.0,-585831.0,0.017,6.48
235041.0,426.0,-586139.0,0.05,6.72
235046.0,301.0,-585982.0,0.017,6.72
235052.0,-49.0,-585849.0,0.033,6.48
235057.0,22.0,-585875.0,0.058,6.72
235062.0,-166.0,-585730.0,0.033,6.48
235067.0,-166.0,-585809.0,0.042,6.23
235072.0,391.0,-585601.0,-0.008,6.23
235077.0,45.0,-585646.0,0.0,6.48
235082.0,-277.0,-585287.0,0.033,6.48
235088.0,-192.0,-585519.0,-0.008,6.48
235094.0,-134.0,-585330.0,0.067,6.48
235099.0,322.0,-585203.0,0.092,6.48
235104.0,-61.0,-585267.0,0.033,6.96
235109.0,-251.0,-585190.0,0.033,6.72
235114.0,-475.0,-585195.0,0.058,6.48
235119.0,-342.0,-584991.0,0.0,6.48
235124.0,-13.0,-584968.0,0.15,6.48
235130.0,235.0,-584728.0,0.067,6.48
235136.0,-48.0,-584744.0,0.108,6.72
235140.0,-143.0,-584439.0,0.1,6.48
235146.0,-63.0,-584455.0,0.042,6.72
235151.0,-248.0,-584561.0,0.067,6.48
235156.0,-123.0,-584482.0,0.083,6.23
235161.0,-157.0,-584069.0,-0.008,6.23
235166.0,-244.0,-584095.0,-0.008,6.96
235171.0,-135.0,-583806.0,0.058,6.23
235176.0,39.0,-584034.0,-0.067,6.23
235183.0,-104.0,-583978.0,0.025,6.48
235187.0,-115.0,-583899.0,0.058,6.48
235193.0,-193.0,-584085.0,0.017,6.48
235198.0,-220.0,-583677.0,0.067,6.48
235203.0,33.0,-583942.0,0.058,6.23
235208.0,-35.0,-583326.0,0.083,6.23
235213.0,30.0,-583672.0,-0.033,6.48
235218.0,21.0,-583481.0,-0.033,6.23
235225.0,-127.0,-583443.0,-0.008,6.48
235230.0,-230.0,-583387.0,0.058,6.48
235234.0,-51.0,-583150.0,0.042,6.48
235240.0,27.0,-583553.0,0.1,6.48
235245.0,-186.0,-582957.0,-0.033,6.48
235249.0,-425.0,-582672.0,-0.033,6.48
235255.0,-77.0,-582940.0,-0.05,6.72
235260.0,-142.0,-582718.0,0.075,6.23
235266.0,223.0,-582579.0,0.05,6.48
235271.0,85.0,-582829.0,0.075,6.48
235276.0,164.0,-582683.0,0.025,6.23
235281.0,-295.0,-582622.0,-0.008,6.96
235287.0,537.0,-582290.0,0.067,6.72
235292.0,200.0,-582422.0,0.067,6.23
235296.0,-373.0,-582333.0,0.133,6.96
235302.0,-75.0,-582287.0,-0.008,6.48
235308.0,-114.0,-582231.0,-0.05,6.23
235313.0,-21.0,-582350.0,0.017,6.23
235318.0,35.0,-581738.0,0.067,6.72
235323.0,-134.0,-581874.0,0.025,6.48
235328.0,-127.0,-581837.0,0.042,6.23
235333.0,-223.0,-581774.0,-0.017,6.48
235338.0,226.0,-581434.0,0.008,6.48
235343.0,-167.0,-581729.0,-0.033,6.23
235350.0,247.0,-581415.0,0.008,6.48
235355.0,-44.0,-581481.0,-0.042,6.72
235360.0,13.0,-581380.0,0.083,6.48
235365.0,169.0,-581238.0,-0.017,6.48
235370.0,308.0,-581112.0,-0.025,6.48
235375.0,-471.0,-581111.0,-0.017,6.72
235381.0,-275.0,-581197.0,0.067,6.23
235386.0,31.0,-580941.0,0.008,6.48
235392.0,-176.0,-581110.0,0.017,6.23
235397.0,104.0,-580377.0,0.033,6.72
235403.0,68.0,-581049.0,0.025,6.48
235407.0,137.0,-580822.0,0.2,6.23
235412.0,9.0,-580321.0,0.0,6.72
235418.0,187.0,-580509.0,0.05,6.48
235422.0,366.0,-580560.0,0.042,6.96
235428.0,-246.0,-580283.0,-0.042,6.48
235433.0,-130.0,-580251.0,0.1,6.96
235439.0,-163.0,-580246.0,0.083,6.48
235444.0,-221.0,-580391.0,0.067,6.48
235450.0,-229.0,-580083.0,0.008,6.23
235455.0,184.0,-579803.0,0.092,6.72
235459.0,-147.0,-579748.0,0.033,6.48
235465.0,-37.0,-579992.0,0.05,6.23
235471.0,-13.0,-579340.0,-0.058,6.96
235475.0,4.0,-579225.0,-0.083,6.72
235481.0,-156.0,-579392.0,0.058,6.48
235487.0,66.0,-579524.0,-0.017,6.72
235492.0,-75.0,-579407.0,0.05,6.48
235497.0,223.0,-579502.0,0.083,6.96
235502.0,247.0,-579356.0,0.117,6.23
235507.0,190.0,-579185.0,0.042,6.96
235512.0,-218.0,-579222.0,0.125,6.48
235518.0,190.0,-579380.0,0.0,6.23
235523.0,207.0,-579475.0,0.05,6.23
235528.0,-11.0,-579094.0,-0.017,6.96
235534.0,-127.0,-578942.0,0.117,6.48
235539.0,-56.0,-579001.0,0.017,6.23
235544.0,174.0,-578936.0,0.05,6.48
235549.0,82.0,-578664.0,0.05,6.48
235554.0,-193.0,-578301.0,0.008,6.23
235559.0,-92.0,-578472.0,0.0,6.23
235565.0,-116.0,-578646.0,0.025,6.48
235570.0,127.0,-578635.0,0.008,6.72
235575.0,-97.0,-578254.0,-0.075,6.23
235581.0,197.0,-577934.0,-0.008,6.23
235585.0,162.0,-577897.0,0.133,6.23
235590.0,-42.0,-577982.0,-0.042,6.48
235596.0,-24.0,-577724.0,0.05,6.48
235601.0,-11.0,-577917.0,0.033,6.48
235607.0,123.0,-577840.0,-0.008,6.96
235612.0,-137.0,-578176.0,-0.025,6.48
235617.0,212.0,-577701.0,-0.05,6.48
235622.0,-122.0,-577494.0,0.042,6.72
235628.0,-164.0,-577598.0,0.075,7.94
235632.0,-73.0,-577615.0,-0.008,6.23
235637.0,24.0,-577380.0,0.008,6.72
235643.0,108.0,-577564.0,0.058,6.23
235648.0,87.0,-577599.0,0.1,6.48
235654.0,11.0,-577519.0,-0.092,6.48
235659.0,119.0,-577361.0,0.033,6.48
235665.0,-267.0,-577041.0,0.008,6.48
235670.0,128.0,-577208.0,0.0,6.48
235675.0,-68.0,-577050.0,0.017,6.96
235681.0,-156.0,-576988.0,0.0,6.23
235686.0,-96.0,-576572.0,0.108,6.23
235692.0,119.0,-576735.0,0.108,6.48
235698.0,-137.0,-576231.0,0.042,6.48
235703.0,-9.0,-576891.0,0.042,6.23
235709.0,-159.0,-576483.0,0.042,6.48
235713.0,52.0,-576442.0,-0.017,6.96
235719.0,-86.0,-576454.0,0.0,6.48
235725.0,86.0,-576298.0,0.008,6.48
235729.0,-55.0,-576259.0,0.042,6.48
235735.0,-24.0,-576076.0,0.042,6.96
235740.0,-208.0,-575998.0,0.067,6.23
235745.0,155.0,-575807.0,-0.033,6.48
235751.0,-81.0,-576079.0,0.058,7.21
235756.0,-293.0,-575715.0,0.058,6.48
235762.0,55.0,-575921.0,0.025,6.23
235766.0,86.0,-575926.0,-0.033,7.45
235772.0,-154.0,-575688.0,-0.008,6.23
235779.0,-260.0,-575688.0,0.067,6.48
235784.0,-138.0,-575787.0,0.033,6.23
235788.0,103.0,-575640.0,0.092,6.96
235794.0,-9.0,-575196.0,0.058,6.48
235799.0,187.0,-575387.0,0.092,6.48
235804.0,4.0,-575198.0,0.1,6.96
235809.0,-170.0,-575448.0,0.025,6.23
235815.0,-144.0,-575156.0,0.067,6.23
235821.0,-131.0,-575213.0,-0.017,6.23
235826.0,-325.0,-575135.0,0.033,6.72
235832.0,-127.0,-574895.0,0.025,6.23
235837.0,151.0,-575015.0,0.017,6.23
235842.0,-30.0,-574864.0,0.0,6.48
235848.0,-88.0,-575016.0,0.017,6.72
235853.0,0.0,-574562.0,0.058,6.48
235858.0,-352.0,-574615.0,0.042,6.48
235864.0,-317.0,-574668.0,-0.092,6.23
235869.0,-447.0,-574412.0,0.067,5.5
235875.0,-17.0,-574364.0,0.025,6.96
235880.0,442.0,-574003.0,0.033,6.48
235885.0,-160.0,-574589.0,0.075,6.48
235891.0,-90.0,-574491.0,0.05,6.96
235896.0,-12.0,-574102.0,0.017,6.48
235901.0,97.0,-573841.0,0.142,6.23
235907.0,41.0,-573871.0,-0.042,6.72
235912.0,171.0,-573760.0,-0.05,6.96
235917.0,16.0,-573961.0,0.05,6.72
235922.0,-226.0,-573823.0,-0.008,6.96
235928.0,16.0,-573655.0,0.033,6.48
235933.0,-119.0,-573572.0,-0.017,6.23
235938.0,-284.0,-573532.0,0.083,6.72
235943.0,-4.0,-573528.0,-0.008,6.23
235949.0,123.0,-573235.0,0.0,7.21
235954.0,264.0,-573493.0,-0.017,6.23
235960.0,-404.0,-573357.0,0.033,6.23
235965.0,256.0,-573238.0,0.033,6.48
235970.0,163.0,-573133.0,0.117,6.48
235975.0,-201.0,-573107.0,-0.008,6.23
235980.0,-3.0,-572982.0,-0.033,6.48
235985.0,-30.0,-573189.0,0.108,6.72
235992.0,26.0,-572917.0,0.017,6.96
235997.0,6.0,-572622.0,0.15,6.48
236001.0,133.0,-572877.0,0.092,6.48
236007.0,-141.0,-572729.0,0.05,5.99
236012.0,-185.0,-572708.0,0.033,6.96
236017.0,-354.0,-572495.0,-0.067,6.96
236022.0,-124.0,-572443.0,0.067,6.23
236027.0,-556.0,-572012.0,0.117,6.96
236033.0,-155.0,-572311.0,0.008,6.48
236039.0,197.0,-572559.0,-0.075,6.48
236044.0,-43.0,-572136.0,0.075,6.48
236048.0,-258.0,-571953.0,0.0,6.96
236054.0,-262.0,-572147.0,-0.008,6.96
236059.0,-192.0,-572018.0,0.067,6.96
236064.0,119.0,-571965.0,-0.042,6.72
236069.0,79.0,-572143.0,0.033,6.23
236076.0,149.0,-571973.0,0.042,6.23
236081.0,-237.0,-571658.0,0.0,6.72
236086.0,-170.0,-571781.0,-0.017,6.23
236091.0,-26.0,-571553.0,-0.067,6.48
236097.0,174.0,-571556.0,0.033,6.48
236101.0,391.0,-571311.0,0.008,6.96
236107.0,-113.0,-571471.0,0.092,6.48
236112.0,-131.0,-571394.0,-0.008,6.23
236118.0,-130.0,-571211.0,0.175,6.48
236123.0,-140.0,-571291.0,-0.008,6.23
236128.0,190.0,-571204.0,0.075,6.48
236133.0,263.0,-571099.0,0.117,6.48
236139.0,39.0,-570861.0,0.033,6.48
236144.0,-353.0,-570874.0,0.075,6.23
236149.0,-262.0,-570791.0,-0.033,6.48
236154.0,-96.0,-571211.0,0.075,6.48
236161.0,-310.0,-570815.0,-0.117,6.96
236166.0,20.0,-570828.0,0.05,6.23
236170.0,31.0,-570877.0,0.108,6.72
236176.0,-273.0,-570847.0,0.025,6.48
236181.0,-29.0,-570798.0,-0.083,6.23
236186.0,-272.0,-570323.0,0.05,6.23
236191.0,-70.0,-570475.0,-0.008,6.23
236196.0,88.0,-570190.0,0.0,6.23
236201.0,-185.0,-570537.0,0.033,6.72
236208.0,31.0,-569971.0,0.017,6.23
236213.0,375.0,-570240.0,0.092,6.23
236217.0,302.0,-570289.0,0.158,6.48
236223.0,564.0,-569959.0,-0.05,6.23
236228.0,-56.0,-569890.0,-0.067,6.23
236233.0,-241.0,-569827.0,0.083,6.96
236238.0,101.0,-569483.0,-0.017,6.96
236244.0,-323.0,-569550.0,0.017,6.48
236249.0,66.0,-569625.0,0.042,6.72
236255.0,-40.0,-569867.0,0.083,6.96
236260.0,-134.0,-569696.0,0.092,6.48
236265.0,-27.0,-569699.0,0.017,6.48
236269.0,-360.0,-569556.0,0.025,6.23
236274.0,54.0,-569283.0,-0.008,6.23
236280.0,-29.0,-569363.0,0.008,6.48
236285.0,-25.0,-569314.0,0.05,6.72
236291.0,221.0,-569319.0,-0.017,6.23
236296.0,-172.0,-568971.0,0.017,6.48
236301.0,-204.0,-569049.0,-0.017,6.48
236307.0,-56.0,-569062.0,-0.017,6.48
236311.0,37.0,-569181.0,0.0,6.23
236317.0,213.0,-568721.0,0.05,6.23
236322.0,45.0,-568498.0,0.042,6.23
236327.0,-420.0,-568557.0,0.033,8.19
236333.0,0.0,-568231.0,0.125,6.96
236338.0,-74.0,-568550.0,0.017,6.96
236343.0,103.0,-568641.0,0.058,6.96
236348.0,-115.0,-568467.0,0.042,6.48
236354.0,-247.0,-568428.0,0.033,6.72
236358.0,-18.0,-568661.0,0.142,6.48
236363.0,151.0,-568292.0,0.05,6.72
236368.0,237.0,-568303.0,0.042,6.23
236374.0,-32.0,-568037.0,0.008,6.23
236379.0,36.0,-567836.0,0.033,6.23
236384.0,162.0,-567941.0,0.017,6.72
236390.0,211.0,-567889.0,-0.017,6.72
236395.0,159.0,-567812.0,-0.008,6.48
236400.0,39.0,-568135.0,-0.025,6.48
236405.0,36.0,-568079.0,-0.042,6.48
236410.0,-234.0,-567986.0,0.058,6.96
236416.0,-140.0,-567353.0,0.067,6.23
236421.0,-249.0,-567259.0,0.058,8.19
236426.0,-13.0,-567850.0,0.008,6.96
236431.0,-417.0,-567365.0,0.058,6.23
236437.0,-500.0,-567355.0,0.0,6.23
236442.0,14.0,-567404.0,0.092,6.48
236447.0,-394.0,-567037.0,-0.008,6.23
236452.0,-361.0,-567449.0,0.008,6.48
236457.0,4.0,-567056.0,-0.033,7.45
236463.0,72.0,-566803.0,0.0,6.23
236468.0,-13.0,-567115.0,0.067,6.48
236473.0,-91.0,-567140.0,0.058,6.48
236478.0,75.0,-566703.0,0.042,6.48
236483.0,-108.0,-566889.0,0.075,6.48
236488.0,-108.0,-566950.0,-0.025,6.48
236493.0,270.0,-566989.0,-0.067,6.72
236499.0,279.0,-566831.0,-0.025,6.72
236505.0,115.0,-566918.0,0.042,6.48
236510.0,-17.0,-566305.0,0.083,5.99
236515.0,218.0,-566539.0,0.067,6.72
236520.0,12.0,-566300.0,0.05,6.96
236525.0,-198.0,-566307.0,-0.067,6.23
236530.0,3.0,-566389.0,0.05,6.23
236535.0,-357.0,-566386.0,0.075,6.23
236541.0,83.0,-566289.0,0.108,6.48
236547.0,-24.0,-566277.0,0.067,6.96
236552.0,152.0,-566318.0,0.058,6.48
236557.0,-172.0,-565997.0,0.017,6.48
236562.0,-5.0,-565573.0,0.067,6.96
236567.0,86.0,-565862.0,0.075,6.23
236572.0,138.0,-565736.0,-0.042,6.72
236577.0,-191.0,-565558.0,0.042,6.96
236582.0,-234.0,-565671.0,0.067,6.96
236588.0,-48.0,-565496.0,0.042,6.96
236593.0,-21.0,-565516.0,0.058,6.96
236598.0,131.0,-565303.0,-0.017,6.48
236604.0,-89.0,-565262.0,0.05,6.96
236609.0,-168.0,-565236.0,0.033,6.23
236614.0,112.0,-565403.0,-0.008,6.96
236619.0,-6.0,-565692.0,0.058,6.72
236624.0,-93.0,-565116.0,-0.017,6.48
236630.0,411.0,-565475.0,0.008,6.96
236635.0,87.0,-565390.0,0.075,7.21
236640.0,134.0,-565228.0,0.017,6.96
236645.0,-347.0,-565263.0,-0.067,6.96
236651.0,-93.0,-564737.0,0.033,6.23
236656.0,212.0,-564521.0,0.1,6.23
236660.0,205.0,-564664.0,0.033,6.96
236666.0,-277.0,-564722.0,0.008,6.96
236672.0,-254.0,-564726.0,-0.017,6.72
236677.0,79.0,-564425.0,-0.033,5.99
236682.0,-101.0,-564480.0,0.025,6.48
236687.0,56.0,-564432.0,0.042,6.48
236692.0,222.0,-564633.0,0.033,6.72
236697.0,320.0,-564504.0,-0.042,6.48
236702.0,141.0,-564598.0,0.008,6.72
236707.0,-258.0,-564667.0,-0.025,6.23
236713.0,-314.0,-564217.0,0.0,6.72
236719.0,-349.0,-564497.0,0.05,6.23
236724.0,-168.0,-564204.0,0.067,6.23
236729.0,80.0,-563988.0,0.067,6.48
236734.0,-53.0,-563798.0,-0.017,6.23
236739.0,274.0,-563705.0,0.083,6.96
236745.0,-644.0,-564109.0,0.067,6.23
236750.0,-87.0,-564053.0,0.008,6.48
236754.0,-34.0,-563780.0,0.133,6.48
236761.0,-302.0,-563690.0,0.008,6.48
236766.0,-397.0,-563728.0,0.025,6.23
236771.0,132.0,-563603.0,0.067,6.48
236776.0,-314.0,-563376.0,-0.008,6.48
236781.0,-237.0,-563558.0,0.067,6.48
236786.0,204.0,-563419.0,-0.058,6.72
236791.0,-218.0,-563319.0,0.025,6.72
236796.0,-105.0,-563605.0,0.042,6.48
236802.0,-82.0,-563580.0,-0.075,6.23
236808.0,-184.0,-563360.0,0.025,6.48
236813.0,-369.0,-562956.0,0.0,6.96
236818.0,-298.0,-563221.0,0.05,6.72
236823.0,-224.0,-562909.0,0.033,6.96
236829.0,-370.0,-562735.0,-0.05,6.23
236833.0,-37.0,-563048.0,0.008,6.96
236838.0,37.0,-562737.0,0.025,7.21
236845.0,99.0,-562743.0,-0.008,6.48
236850.0,28.0,-562708.0,0.125,6.96
236855.0,-186.0,-562227.0,0.058,6.72
236860.0,-146.0,-562689.0,-0.058,6.48
236865.0,-139.0,-562562.0,0.008,6.72
236870.0,-57.0,-562213.0,0.042,6.48
236876.0,233.0,-561851.0,0.083,6.72
236881.0,66.0,-562011.0,0.033,6.48
236887.0,265.0,-562056.0,0.017,6.48
236892.0,-197.0,-562020.0,0.092,6.23
236897.0,-90.0,-561600.0,-0.092,6.48
236902.0,33.0,-561919.0,-0.017,6.23
236908.0,-449.0,-561803.0,0.05,6.48
236913.0,-432.0,-561751.0,-0.042,6.23
236917.0,5.0,-561914.0,0.05,6.96
236923.0,-259.0,-561944.0,0.042,6.96
236929.0,-214.0,-561724.0,-0.033,6.48
236934.0,-35.0,-561763.0,0.033,6.23
236939.0,-131.0,-561811.0,-0.033,6.96
236945.0,9.0,-561647.0,0.067,6.72
236949.0,164.0,-561756.0,-0.025,6.96
236955.0,310.0,-561247.0,0.058,6.72
236960.0,-156.0,-560855.0,0.017,6.72
236965.0,-167.0,-560838.0,0.083,6.48
236971.0,49.0,-561167.0,-0.033,6.96
236977.0,111.0,-561551.0,0.1,6.96
236981.0,-52.0,-561500.0,0.0,6.72
236986.0,216.0,-560947.0,0.0,6.96
236992.0,-302.0,-560909.0,0.067,6.48
236997.0,-611.0,-561004.0,-0.058,7.21
237002.0,117.0,-560983.0,0.017,6.48
237007.0,181.0,-560863.0,0.008,6.48
237012.0,204.0,-561056.0,0.075,6.48
237018.0,-187.0,-561005.0,0.142,6.96
237023.0,231.0,-560797.0,0.042,6.48
237028.0,-100.0,-560990.0,0.067,6.48
237033.0,186.0,-560871.0,0.017,6.72
237039.0,82.0,-560615.0,0.05,6.23
237043.0,21.0,-560646.0,0.067,6.96
237048.0,-17.0,-560257.0,0.017,6.96
237054.0,-471.0,-560597.0,-0.017,6.96
237060.0,-286.0,-560446.0,0.05,6.48
237064.0,101.0,-560505.0,0.042,7.21
237070.0,-37.0,-560189.0,0.033,6.48
237075.0,304.0,-560240.0,0.067,6.72
237080.0,90.0,-560087.0,0.017,6.48
237085.0,-200.0,-560383.0,-0.008,6.48
237090.0,-505.0,-559866.0,-0.033,6.23
237095.0,-9.0,-559887.0,0.058,6.23
237102.0,-289.0,-559877.0,-0.008,6.96
237106.0,-450.0,-559774.0,0.042,6.48
237112.0,-102.0,-559823.0,-0.008,6.96
237117.0,348.0,-559673.0,0.033,6.23
237122.0,433.0,-559558.0,-0.05,6.23
237127.0,10.0,-559521.0,0.1,6.23
237132.0,-6.0,-559481.0,0.05,6.48
237137.0,-149.0,-559400.0,-0.017,6.48
237143.0,-199.0,-559680.0,0.05,6.48
237149.0,165.0,-559216.0,0.025,6.23
237155.0,-163.0,-559532.0,0.008,6.48
237159.0,-260.0,-559353.0,0.042,6.96
237165.0,-82.0,-559129.0,0.033,6.72
237170.0,-276.0,-559219.0,-0.008,6.48
237176.0,186.0,-559165.0,0.058,6.23
237181.0,-211.0,-558986.0,-0.075,6.23
237187.0,-73.0,-558862.0,0.017,6.23
237193.0,17.0,-558624.0,0.033,6.48
237198.0,53.0,-558882.0,0.025,6.48
237203.0,80.0,-559007.0,0.05,6.48
237209.0,252.0,-558713.0,-0.008,6.48
237214.0,-126.0,-558609.0,0.017,6.23
237220.0,-102.0,-558515.0,0.117,6.96
237224.0,133.0,-558300.0,0.05,6.48
237231.0,-101.0,-558472.0,0.033,6.48
237237.0,-91.0,-558660.0,0.008,6.96
237242.0,297.0,-558474.0,0.017,6.23
237247.0,414.0,-558321.0,0.083,6.72
237252.0,-132.0,-558269.0,-0.008,6.48
237258.0,26.0,-558255.0,0.008,6.96
237264.0,-350.0,-558241.0,0.042,6.72
237268.0,-163.0,-558284.0,0.017,6.23
237275.0,-91.0,-558076.0,0.025,6.48
237280.0,-255.0,-558092.0,0.05,6.23
237286.0,-499.0,-557950.0,0.067,6.23
237291.0,-52.0,-557881.0,0.0,6.48
237296.0,28.0,-557705.0,-0.025,6.48
237302.0,-260.0,-557485.0,0.017,6.96
237307.0,-158.0,-557703.0,0.033,6.48
237313.0,-113.0,-557520.0,-0.108,6.96
237319.0,-57.0,-557620.0,0.042,6.96
237324.0,-333.0,-557422.0,0.058,6.96
237330.0,-75.0,-556928.0,0.017,6.48
237334.0,226.0,-557187.0,-0.033,6.96
237340.0,-78.0,-557285.0,0.025,6.23
237346.0,-68.0,-557171.0,-0.05,6.23
237351.0,-96.0,-557306.0,0.05,6.72
237356.0,-197.0,-557217.0,0.067,6.48
237362.0,-185.0,-557099.0,0.017,6.23
237368.0,71.0,-557061.0,0.067,6.96
237372.0,260.0,-556990.0,-0.075,6.23
237378.0,-80.0,-557018.0,0.058,6.23
237383.0,-358.0,-556802.0,0.092,5.01
237389.0,-336.0,-556600.0,0.058,5.74
237394.0,-89.0,-556661.0,0.0,6.23
237400.0,77.0,-556455.0,0.067,6.48
237406.0,53.0,-556483.0,0.033,6.72
237411.0,-205.0,-556452.0,0.025,6.23
237416.0,184.0,-556445.0,0.067,6.23
237421.0,138.0,-556591.0,-0.025,6.23
237426.0,-250.0,-556440.0,0.058,6.23
237431.0,-233.0,-556357.0,0.125,6.48
237436.0,121.0,-556417.0,0.017,6.72
237443.0,5.0,-555861.0,0.058,6.23
237448.0,-60.0,-556162.0,0.083,6.96
237453.0,174.0,-556050.0,0.108,6.23
237459.0,-64.0,-556116.0,0.083,6.23
237464.0,146.0,-556147.0,0.017,6.23
237469.0,-147.0,-556066.0,0.0,6.48
237474.0,-281.0,-556172.0,0.058,6.96
237480.0,-197.0,-556060.0,0.025,6.48
237485.0,-104.0,-556063.0,-0.05,6.72
237491.0,-27.0,-555733.0,0.017,6.48
237496.0,135.0,-555401.0,0.033,6.72
237501.0,297.0,-555506.0,-0.033,6.96
237506.0,232.0,-555627.0,0.025,6.23
237512.0,-4.0,-555227.0,0.083,6.48
237517.0,124.0,-555464.0,0.067,6.96
237521.0,-73.0,-554977.0,-0.008,6.23
237528.0,-117.0,-555219.0,0.033,6.48
237533.0,115.0,-555374.0,0.117,6.48
237538.0,50.0,-554871.0,0.0,6.48
237543.0,112.0,-555229.0,0.033,6.48
237548.0,242.0,-555004.0,0.008,6.23
237553.0,199.0,-555223.0,0.017,6.23
237559.0,245.0,-554965.0,-0.008,6.48
237564.0,-113.0,-554690.0,0.092,6.72
237569.0,10.0,-555021.0,0.067,6.23
237575.0,-52.0,-554981.0,-0.033,7.21
237580.0,-38.0,-554596.0,0.042,6.48
237585.0,233.0,-554933.0,0.017,6.96
237590.0,-7.0,-554611.0,0.033,6.48
237595.0,-551.0,-554660.0,-0.033,6.23
237600.0,-464.0,-554867.0,0.075,6.96
237606.0,-40.0,-554617.0,0.058,6.96
237612.0,-74.0,-554326.0,0.008,6.23
237616.0,-159.0,-554567.0,-0.017,6.48
237622.0,-209.0,-554101.0,0.033,6.72
237628.0,-255.0,-553997.0,0.108,6.23
237633.0,133.0,-554016.0,0.033,6.23
237637.0,490.0,-554273.0,0.083,6.48
237643.0,450.0,-554003.0,-0.067,6.23
237648.0,-224.0,-554008.0,0.05,6.23
237654.0,-39.0,-554095.0,-0.025,6.48
237659.0,-265.0,-554129.0,0.05,7.45
237665.0,-13.0,-554024.0,0.0,6.72
237669.0,72.0,-554015.0,0.042,6.48
237675.0,-324.0,-553819.0,0.067,7.21
237680.0,274.0,-553770.0,-0.025,6.23
237685.0,235.0,-553681.0,-0.05,6.96
237690.0,-443.0,-553609.0,0.058,6.48
237696.0,39.0,-553532.0,0.042,6.96
237701.0,296.0,-553463.0,0.067,6.48
237706.0,-18.0,-553001.0,0.017,6.96
237712.0,-274.0,-553146.0,-0.017,6.96
237716.0,-273.0,-553139.0,-0.017,6.23
237722.0,-141.0,-553155.0,-0.092,6.48
237727.0,-123.0,-553214.0,-0.042,6.23
237732.0,-216.0,-553209.0,0.092,6.48
237737.0,98.0,-553433.0,0.058,6.48
237743.0,-174.0,-553166.0,-0.058,6.48
237748.0,-569.0,-552933.0,0.05,6.48
237753.0,-200.0,-552981.0,0.042,6.48
237758.0,-192.0,-552388.0,-0.042,6.23
237763.0,-369.0,-552985.0,-0.108,6.23
237769.0,97.0,-552625.0,-0.017,6.96
237774.0,-115.0,-552906.0,-0.008,6.23
237779.0,-142.0,-552545.0,0.05,6.96
237785.0,152.0,-552555.0,0.025,6.48
237790.0,30.0,-552310.0,0.05,6.23
237795.0,61.0,-552475.0,0.1,6.72
237800.0,-333.0,-552243.0,0.075,6.48
237806.0,-49.0,-552136.0,0.042,6.72
237810.0,-232.0,-552685.0,-0.025,6.48
237815.0,-479.0,-552650.0,-0.008,6.48
237820.0,-17.0,-552049.0,-0.042,6.23
237826.0,-86.0,-552191.0,0.075,6.48
237832.0,-14.0,-552199.0,-0.017,6.23
237837.0,28.0,-552076.0,0.017,6.48
237841.0,-167.0,-551969.0,0.067,6.23
237847.0,129.0,-552043.0,0.0,6.23
237852.0,-113.0,-552306.0,0.008,6.48
237857.0,-410.0,-551987.0,-0.108,6.48
237862.0,-254.0,-551429.0,-0.017,6.48
237869.0,56.0,-551354.0,-0.025,6.96
237873.0,-37.0,-551701.0,0.058,6.23
237879.0,-59.0,-551261.0,-0.008,6.23
237884.0,-175.0,-551260.0,-0.075,6.23
237889.0,54.0,-551651.0,0.067,6.72
237894.0,-552.0,-551739.0,0.092,6.23
237899.0,-126.0,-551494.0,0.067,6.48
237904.0,-91.0,-551523.0,-0.017,6.48
237910.0,-64.0,-551280.0,-0.017,6.48
237915.0,-94.0,-550923.0,0.025,6.23
237920.0,177.0,-551525.0,-0.05,6.48
237925.0,-297.0,-551412.0,0.117,6.23
237930.0,151.0,-550837.0,0.075,6.48
237935.0,322.0,-550795.0,0.042,6.72
237941.0,74.0,-550691.0,0.067,6.48
237946.0,6.0,-550784.0,0.092,6.23
237952.0,-37.0,-550706.0,-0.017,7.45
237957.0,-196.0,-550724.0,-0.05,6.48
237962.0,-2.0,-550647.0,-0.017,6.23
237967.0,-161.0,-550820.0,-0.017,6.48
237973.0,-133.0,-550978.0,-0.3,6.23
237978.0,-295.0,-551195.0,1.008,6.23
237982.0,-310.0,-553934.0,1.892,6.48
237987.0,-169.0,-569045.0,18.683,6.72
237992.0,861.0,-645684.0,6.483,8.92
237998.0,-672.0,-758998.0,14.325,10.14
238002.0,-291.0,-832881.0,17.883,11.85
238006.0,752.0,-908118.0,13.783,12.83
238010.0,-465.0,-1071297.0,14.492,13.81
238014.0,-114.0,-1143462.0,11.15,14.3
238018.0,-381.0,-1213655.0,12.025,15.52
238022.0,172.0,-1287422.0,15.1,16.01
238026.0,459.0,-1432681.0,11.75,17.23
238030.0,46.0,-1500190.0,11.658,18.7
238034.0,305.0,-1570813.0,13.858,19.43
238039.0,414.0,-1710512.0,11.075,22.36
238043.0,115.0,-1777643.0,10.867,24.8
238047.0,242.0,-1846926.0,13.05,27.98
238051.0,-201.0,-1915697.0,10.95,32.38
238055.0,-532.0,-2045458.0,10.767,34.82
238059.0,-387.0,-2111117.0,11.4,38.98
238063.0,-542.0,-2175278.0,9.308,43.62
238066.0,-373.0,-2301509.0,10.667,45.33
238070.0,84.0,-2365812.0,10.683,44.84
238074.0,-323.0,-2428123.0,9.183,41.91
238078.0,-248.0,-2488686.0,9.775,39.96
238084.0,-120.0,-2608965.0,7.917,37.27
238088.0,63.0,-2667662.0,8.658,36.53
238094.0,-167.0,-2785513.0,7.925,36.78
238099.0,18.0,-2896835.0,8.233,36.29
238104.0,97.0,-2951892.0,6.967,36.05
238109.0,111.0,-3058057.0,7.575,35.07
238113.0,-272.0,-3111516.0,7.633,33.85
238117.0,-245.0,-3215163.0,6.283,32.62
238121.0,-246.0,-3264778.0,6.683,31.16
238125.0,-407.0,-3314205.0,6.275,30.18
238129.0,-410.0,-3410788.0,5.975,29.45
238133.0,-365.0,-3459527.0,6.667,29.2
238138.0,-178.0,-3506844.0,5.325,27.74
238142.0,-179.0,-3598711.0,5.617,27.49
238146.0,-16.0,-3643822.0,5.275,26.76
238151.0,-69.0,-3731190.0,5.683,26.03
238156.0,-119.0,-3773923.0,5.408,24.8
238161.0,-293.0,-3857442.0,4.783,24.07
238166.0,-262.0,-3897933.0,4.817,23.34
238170.0,-23.0,-3976102.0,4.4,22.85
238175.0,-377.0,-4014037.0,5.442,21.63
238179.0,-288.0,-4089534.0,4.483,19.92
238183.0,-295.0,-4125773.0,4.208,21.38
238187.0,-108.0,-4161644.0,4.108,20.65
238191.0,-109.0,-4196993.0,3.708,20.41
238195.0,-244.0,-4266032.0,4.375,19.92
238199.0,-79.0,-4300435.0,4.258,20.16
238204.0,8.0,-4367943.0,3.617,18.94
238210.0,-265.0,-4400394.0,3.325,18.7
238214.0,-234.0,-4432191.0,3.55,18.7
238218.0,-317.0,-4494482.0,4.05,17.72
238222.0,-200.0,-4525213.0,3.158,17.47
238226.0,-127.0,-4555040.0,2.658,16.98
238229.0,-60.0,-4613545.0,2.625,16.01
238235.0,-188.0,-4642606.0,3.025,16.74
238239.0,79.0,-4698451.0,3.208,16.25
238244.0,85.0,-4726212.0,2.067,15.76
238249.0,-111.0,-4753241.0,2.175,15.52
238254.0,-158.0,-4806440.0,2.358,13.81
238258.0,-201.0,-4832201.0,2.875,15.27
238262.0,-28.0,-4883050.0,2.492,14.54
238266.0,-3.0,-4907947.0,1.133,14.54
238272.0,-105.0,-4956588.0,2.108,14.05
238276.0,-264.0,-4980551.0,2.125,13.81
238279.0,-91.0,-5027028.0,2.375,13.56
238284.0,-104.0,-5049797.0,1.817,13.56
238288.0,87.0,-5072088.0,1.642,13.07
238294.0,-115.0,-5115613.0,1.792,12.83
238298.0,-438.0,-5137134.0,2.4,13.07
238303.0,-166.0,-5178521.0,2.667,12.83
238307.0,-201.0,-5199604.0,3.292,12.34
238311.0,-114.0,-5238873.0,-0.15,13.32
238315.0,-57.0,-5256636.0,1.858,12.83
238320.0,38.0,-5286018.0,0.75,12.34
238325.0,-131.0,-5297783.0,1.158,12.1
238329.0,-156.0,-5306916.0,0.358,11.61
238333.0,29.0,-5319229.0,0.533,11.12
238339.0,256.0,-5322632.0,1.133,10.87
238343.0,-147.0,-5324991.0,1.517,10.87
238347.0,-372.0,-5325450.0,1.45,10.39
238350.0,-157.0,-5324985.0,0.283,10.63
238354.0,-228.0,-5324202.0,-0.117,10.39
238358.0,75.0,-5321265.0,0.733,10.14
238363.0,-644.0,-5319534.0,-0.258,9.16
238369.0,-238.0,-5314990.0,0.275,8.68
238374.0,-178.0,-5309756.0,1.108,8.43
238381.0,-307.0,-5304684.0,0.35,7.94
238385.0,76.0,-5301839.0,0.442,7.7
238391.0,-34.0,-5296691.0,0.692,7.21
238396.0,-285.0,-5290265.0,0.275,7.7
238401.0,116.0,-5287710.0,0.692,7.21
238406.0,178.0,-5284745.0,0.558,6.23
238411.0,-55.0,-5277099.0,0.142,6.23
238416.0,-28.0,-5274440.0,0.525,6.96
238422.0,74.0,-5269844.0,0.675,6.48
238428.0,399.0,-5265604.0,0.192,6.96
238432.0,-386.0,-5263491.0,0.408,6.72
238438.0,-198.0,-5259057.0,0.425,6.72
238444.0,-20.0,-5255233.0,0.458,6.72
238448.0,-115.0,-5252934.0,0.4,6.96
238454.0,19.0,-5249303.0,0.183,7.45
238459.0,63.0,-5245967.0,0.325,6.96
238465.0,164.0,-5241897.0,0.342,7.21
238470.0,-61.0,-5240706.0,0.333,6.23
238476.0,-151.0,-5237420.0,0.308,6.96
238481.0,-81.0,-5234258.0,0.233,6.96
238486.0,38.0,-5232683.0,0.317,6.96
238491.0,-660.0,-5229348.0,0.475,6.96
238497.0,38.0,-5226422.0,0.367,6.96
238502.0,163.0,-5223328.0,0.183,7.21
238508.0,-420.0,-5221779.0,0.325,6.96
238513.0,60.0,-5219021.0,0.35,6.96
238519.0,2.0,-5216493.0,0.325,6.96
238524.0,-65.0,-5215224.0,0.292,7.21
238529.0,39.0,-5212639.0,0.192,6.96
238534.0,139.0,-5210121.0,0.325,6.96
238539.0,174.0,-5208800.0,0.4,6.96
238544.0,-443.0,-5205757.0,-1.458,6.96
238551.0,-79.0,-5197255.0,0.483,7.21
238555.0,346.0,-5188186.0,0.217,6.72
238560.0,-16.0,-5162561.0,-0.6,6.23
238566.0,-600.0,-5129763.0,-1.35,6.23
238571.0,25.0,-5109804.0,-1.567,5.74
238575.0,56.0,-5066783.0,0.308,6.23
238581.0,-14.0,-5018515.0,-1.083,5.99
238586.0,-83.0,-4993262.0,-0.992,5.01
238592.0,-267.0,-4941973.0,-1.175,4.77
238598.0,-157.0,-4887513.0,-1.442,4.28
238602.0,-244.0,-4859670.0,-0.433,4.28
238607.0,-255.0,-4802237.0,-1.092,4.03
238613.0,-127.0,-4743239.0,-1.642,3.54
238618.0,-178.0,-4712656.0,-0.833,3.3
238622.0,253.0,-4649947.0,-1.383,2.57
238628.0,-61.0,-4584819.0,-0.95,3.3
238633.0,-232.0,-4552060.0,-1.983,2.57
238639.0,-132.0,-4485349.0,-1.558,2.32
238644.0,-118.0,-4415377.0,-1.4,3.3
238649.0,-35.0,-4379616.0,-1.667,1.83
238654.0,-60.0,-4306743.0,-2.425,1.83
238660.0,-104.0,-4232393.0,-1.617,1.34
238664.0,-225.0,-4194742.0,-1.933,2.08
238669.0,-90.0,-4117549.0,-2.017,1.59
238675.0,194.0,-4037587.0,-2.958,0.12
238680.0,193.0,-3997184.0,-2.567,0.86
238686.0,295.0,-3913467.0,-1.975,0.61
238691.0,-87.0,-3827417.0,-2.817,0.37
238696.0,-218.0,-3782974.0,-3.617,-0.12
238701.0,127.0,-3693401.0,-3.708,-0.37
238706.0,-283.0,-3600481.0,-2.742,-0.61
238711.0,-388.0,-3553016.0,-3.508,-0.12
238716.0,21.0,-3455825.0,-4.142,-0.86
238723.0,-493.0,-3358991.0,-4.433,-1.34
238727.0,-400.0,-3308234.0,-3.625,-2.32
238732.0,-291.0,-3205267.0,-4.7,-1.83
238738.0,-519.0,-3099289.0,-4.817,-2.81
238743.0,-544.0,-3046936.0,-5.817,-3.05
238748.0,-416.0,-2937625.0,-5.133,-3.79
238753.0,28.0,-2825037.0,-5.967,-4.77
238759.0,-492.0,-2709887.0,-6.55,-5.74
238765.0,-47.0,-2653090.0,-7.35,-5.74
238770.0,-29.0,-2535924.0,-7.333,-6.72
238776.0,-161.0,-2417016.0,-7.467,-7.45
238782.0,-151.0,-2300248.0,-8.775,-9.65
238787.0,46.0,-2241833.0,-9.15,-10.63
238791.0,285.0,-2121294.0,-9.9,-11.61
238795.0,-278.0,-2059297.0,-9.483,-14.3
238799.0,-409.0,-1998446.0,-10.742,-12.59
238803.0,-240.0,-1878471.0,-11.142,-13.81
238808.0,-71.0,-1820470.0,-11.5,-14.78
238812.0,58.0,-1760117.0,-12.933,-15.76
238816.0,-573.0,-1638072.0,-13.242,-16.25
238820.0,-194.0,-1578463.0,-13.917,-18.45
238824.0,-365.0,-1520902.0,-13.192,-19.43
238828.0,-262.0,-1465655.0,-14.167,-20.41
238832.0,-521.0,-1354858.0,-15.042,-20.89
238836.0,-170.0,-1295679.0,-15.417,-22.61
238840.0,83.0,-1236548.0,-14.483,-23.83
238844.0,-280.0,-1126083.0,-15.608,-24.56
238849.0,-697.0,-1075626.0,-15.767,-26.03
238853.0,-198.0,-1025133.0,-16.717,-27.25
238857.0,69.0,-970718.0,-16.9,-28.47
238861.0,-60.0,-853259.0,-16.717,-30.18
238867.0,-82.0,-760563.0,-17.825,-32.14
238873.0,-422.0,-684611.0,-6.192,-32.62
238878.0,-118.0,-639816.0,-15.358,-34.09
238882.0,-1135.0,-545601.0,-13.308,-35.07
238886.0,-354.0,-504262.0,-7.258,-35.31
238892.0,-574.0,-444502.0,-4.425,-36.78
238898.0,464.0,-396890.0,-6.508,-35.8
238903.0,163.0,-382139.0,9.358,-34.82
238908.0,330.0,-365392.0,-6.742,-31.65
238913.0,-962.0,-347588.0,-3.208,-27.0
238918.0,-245.0,-340817.0,3.617,-24.07
238923.0,-34.0,-327179.0,-4.617,-20.16
238929.0,-166.0,-317033.0,1.092,-17.23
238935.0,242.0,-313746.0,0.55,-14.3
238940.0,-37.0,-309105.0,-2.117,-10.14
238945.0,-287.0,-306735.0,0.325,-7.21
238951.0,51.0,-306133.0,-0.725,-3.05
238956.0,2.0,-306266.0,0.317,-1.83
238961.0,-226.0,-307742.0,0.025,-0.37
238967.0,-338.0,-309434.0,-0.9,1.83
238972.0,-360.0,-312470.0,0.175,2.57
238978.0,-757.0,-313915.0,0.108,4.03
238983.0,-636.0,-317233.0,-0.142,4.28
238989.0,-220.0,-320803.0,0.042,5.25
238994.0,-28.0,-322508.0,-0.475,6.23
238999.0,-29.0,-326027.0,0.092,6.48
239004.0,-201.0,-329823.0,-0.158,8.92
239009.0,-47.0,-331212.0,-0.083,9.16
239014.0,-86.0,-334359.0,-0.175,9.65
239020.0,50.0,-337235.0,0.05,9.65
239026.0,158.0,-338890.0,0.05,9.41
239030.0,115.0,-341681.0,0.117,9.41
239036.0,-251.0,-344169.0,-0.075,8.92
239041.0,-33.0,-345386.0,-0.192,7.94
239046.0,80.0,-347859.0,0.042,8.19
239051.0,-176.0,-350519.0,0.0,7.45
239056.0,-214.0,-351568.0,-0.142,7.45
239062.0,-49.0,-353709.0,-0.183,7.45
239068.0,-255.0,-355569.0,-0.117,7.21
239073.0,-123.0,-357707.0,0.017,7.21
239078.0,-52.0,-358936.0,0.133,6.96
239083.0,-101.0,-360660.0,-0.025,6.96
239089.0,-115.0,-362642.0,0.0,6.48
239094.0,-175.0,-363467.0,0.058,6.48
239098.0,-126.0,-364692.0,0.092,6.48
239105.0,-34.0,-366126.0,-0.033,7.21
239110.0,402.0,-366637.0,-0.1,6.48
239115.0,157.0,-368498.0,-0.383,6.48
239120.0,295.0,-371676.0,0.85,6.96
239126.0,-281.0,-379161.0,9.508,6.72
239130.0,332.0,-430616.0,11.983,7.94
239136.0,414.0,-526490.0,9.55,10.63
239142.0,286.0,-644656.0,13.208,11.61
239148.0,108.0,-713475.0,15.225,13.07
239153.0,101.0,-876272.0,14.167,14.78
239156.0,372.0,-950351.0,9.525,14.78
239162.0,-435.0,-1092197.0,15.608,16.5
239166.0,410.0,-1166586.0,14.742,17.23
239170.0,379.0,-1239019.0,11.367,18.7
239174.0,-82.0,-1377824.0,12.833,20.65
239177.0,181.0,-1448937.0,13.383,23.09
239181.0,204.0,-1519114.0,11.283,25.78
239185.0,5.0,-1657159.0,11.867,29.2
239192.0,103.0,-1727644.0,11.975,34.34
239195.0,-280.0,-1860913.0,11.0,38.0
239199.0,-773.0,-1927112.0,11.875,43.13
239203.0,76.0,-1993199.0,10.95,46.8
239207.0,-145.0,-2057970.0,9.725,47.78
239211.0,-378.0,-2189669.0,11.308,46.07
239215.0,-35.0,-2254320.0,10.317,43.38
239219.0,72.0,-2316585.0,9.675,41.67
239224.0,197.0,-2439590.0,9.092,40.2
239229.0,11.0,-2560252.0,9.342,38.25
239236.0,-141.0,-2621041.0,8.7,38.25
239240.0,22.0,-2736118.0,8.375,37.76
239245.0,-222.0,-2791793.0,7.95,37.02
239250.0,97.0,-2900046.0,7.592,36.29
239255.0,-157.0,-3009758.0,8.1,34.34
239259.0,-48.0,-3062283.0,6.925,33.6
239264.0,-127.0,-3163579.0,6.958,31.4
239270.0,-145.0,-3263217.0,6.492,30.91
239275.0,90.0,-3312932.0,7.0,29.69
239281.0,18.0,-3410222.0,5.992,28.96
239286.0,-386.0,-3457329.0,5.525,28.96
239290.0,-291.0,-3549008.0,5.408,27.74
239294.0,266.0,-3593651.0,5.417,26.76
239298.0,137.0,-3638062.0,5.875,26.03
239301.0,-16.0,-3725243.0,4.525,25.29
239307.0,-170.0,-3767728.0,4.417,24.32
239311.0,-89.0,-3850417.0,4.2,23.83
239316.0,129.0,-3890630.0,4.742,23.34
239321.0,-170.0,-3931265.0,4.15,23.09
239325.0,-487.0,-4010572.0,3.858,21.87
239328.0,-342.0,-4048891.0,3.883,21.14
239332.0,-349.0,-4086542.0,3.467,21.14
239336.0,-46.0,-4160731.0,3.675,20.16
239341.0,-32.0,-4197354.0,3.325,19.43
239346.0,-221.0,-4269551.0,3.05,18.7
239352.0,-325.0,-4339355.0,2.7,18.21
239356.0,-172.0,-4372854.0,3.358,17.96
239362.0,-9.0,-4438708.0,4.308,17.23
239367.0,97.0,-4471319.0,2.075,17.23
239372.0,112.0,-4534216.0,2.375,16.25
239376.0,-443.0,-4564989.0,2.292,16.01
239380.0,-522.0,-4594738.0,3.283,16.01
239384.0,-141.0,-4653951.0,2.65,16.01
239388.0,20.0,-4683178.0,2.758,15.52
239393.0,-51.0,-4739740.0,0.308,15.27
239398.0,-377.0,-4767411.0,3.7,15.03
239404.0,425.0,-4820686.0,0.7,14.05
239409.0,-220.0,-4873158.0,1.917,14.78
239413.0,-99.0,-4898619.0,1.1,14.05
239419.0,-240.0,-4948571.0,2.225,13.32
239422.0,425.0,-4972390.0,2.4,13.32
239426.0,-148.0,-4996103.0,2.333,12.83
239432.0,-112.0,-5043224.0,1.408,12.59
239436.0,63.0,-5065755.0,1.725,13.32
239440.0,80.0,-5109466.0,1.85,12.34
239446.0,117.0,-5151890.0,1.825,12.1
239450.0,-494.0,-5173425.0,1.342,11.85
239454.0,-149.0,-5194418.0,1.083,12.1
239458.0,-24.0,-5213673.0,1.075,11.61
239463.0,276.0,-5245390.0,0.725,11.36
239467.0,83.0,-5257861.0,0.867,11.36
239473.0,-197.0,-5276896.0,-0.683,10.87
239476.0,-248.0,-5283363.0,0.592,10.87
239480.0,-155.0,-5290392.0,-0.1,10.87
239484.0,234.0,-5291751.0,0.842,10.39
239489.0,221.0,-5292048.0,-0.058,9.9
239494.0,-22.0,-5291538.0,-0.892,9.41
239499.0,-75.0,-5290653.0,1.275,9.16
239504.0,-19.0,-5287648.0,-0.108,8.92
239509.0,-302.0,-5282588.0,0.117,8.43
239514.0,-417.0,-5280183.0,0.8,8.19
239519.0,-265.0,-5275468.0,0.692,7.94
239525.0,62.0,-5270124.0,0.375,7.94
239531.0,-204.0,-5267653.0,0.2,7.21
239536.0,140.0,-5261874.0,0.167,6.96
239541.0,299.0,-5256796.0,0.342,6.48
239546.0,72.0,-5254027.0,0.117,6.48
239551.0,102.0,-5248336.0,0.033,6.72
239556.0,127.0,-5243412.0,0.167,6.23
239562.0,-307.0,-5238590.0,0.375,6.48
239567.0,-317.0,-5236519.0,0.508,6.48
239572.0,-21.0,-5232044.0,0.325,6.48
239578.0,-338.0,-5227944.0,0.058,7.21
239584.0,-240.0,-5225627.0,0.358,6.48
239589.0,-190.0,-5222420.0,0.383,6.72
239594.0,31.0,-5218234.0,0.108,6.48
239599.0,-112.0,-5216427.0,0.117,7.21
239604.0,-190.0,-5212884.0,0.133,6.48
239609.0,-457.0,-5209620.0,0.342,6.48
239614.0,-79.0,-5207873.0,0.292,6.72
239620.0,-53.0,-5204922.0,0.192,6.72
239626.0,-284.0,-5201948.0,0.075,6.96
239630.0,-585.0,-5200327.0,0.292,6.72
239636.0,-245.0,-5196898.0,0.392,6.48
239641.0,-236.0,-5194170.0,0.108,7.7
239646.0,57.0,-5193027.0,0.183,6.48
239651.0,-303.0,-5189924.0,0.108,6.48
239656.0,-48.0,-5187258.0,0.258,6.48
239662.0,54.0,-5185797.0,0.225,7.21
239667.0,308.0,-5183158.0,0.108,6.48
239672.0,169.0,-5181018.0,0.2,6.96
239677.0,-250.0,-5179767.0,0.233,6.72
239682.0,-328.0,-5177420.0,0.25,6.96
239688.0,-325.0,-5173616.0,-1.325,6.48
239693.0,-71.0,-5168779.0,0.35,6.96
239698.0,17.0,-5148844.0,0.875,6.48
239704.0,-274.0,-5121304.0,-1.858,5.99
239709.0,-185.0,-5104119.0,-1.867,6.23
239714.0,-525.0,-5063182.0,1.875,5.74
239719.0,-396.0,-5018000.0,-1.45,5.5
239724.0,-107.0,-4993435.0,-1.2,5.25
239729.0,43.0,-4942578.0,-0.283,5.5
239734.0,164.0,-4889188.0,-0.733,4.77
239740.0,-386.0,-4861235.0,-1.442,4.52
239746.0,-714.0,-4804912.0,-0.45,4.52
239751.0,-91.0,-4745428.0,-0.767,4.03
239756.0,140.0,-4715499.0,-1.783,3.54
239761.0,-16.0,-4653194.0,-1.258,3.79
239766.0,-75.0,-4589050.0,-1.267,3.05
239771.0,-64.0,-4555663.0,-1.433,2.81
239776.0,-350.0,-4489177.0,-1.867,2.57
239782.0,-101.0,-4419345.0,-0.925,2.32
239787.0,114.0,-4383776.0,-1.808,2.08
239793.0,-228.0,-4311585.0,-1.65,2.08
239798.0,-245.0,-4237017.0,-2.525,1.83
239802.0,-318.0,-4199312.0,-1.267,1.59
239808.0,-188.0,-4122257.0,-1.75,1.83
239813.0,-447.0,-4042527.0,-2.183,1.1
239818.0,68.0,-4002182.0,-2.558,0.86
239823.0,174.0,-3918950.0,-2.35,0.61
239828.0,-15.0,-3833154.0,-2.208,0.61
239834.0,156.0,-3789455.0,-2.617,0.12
239839.0,-60.0,-3699630.0,-3.792,-0.12
239845.0,-131.0,-3607542.0,-3.1,-0.37
239849.0,-202.0,-3559807.0,-2.983,-0.61
239855.0,-114.0,-3512178.0,-3.583,-0.37
239860.0,-141.0,-3364646.0,-4.067,-1.34
239865.0,-192.0,-3315711.0,-4.6,-1.83
239870.0,136.0,-3212399.0,-3.533,-1.34
239876.0,145.0,-3106165.0,-4.625,-2.57
239881.0,-218.0,-3051926.0,-5.308,-3.05
239886.0,-380.0,-2944959.0,-6.042,-3.79
239892.0,-303.0,-2831073.0,-5.225,-3.54
239896.0,12.0,-2773388.0,-5.958,-4.52
239902.0,-122.0,-2656805.0,-6.558,-6.23
239907.0,-209.0,-2540659.0,-7.45,-6.23
239912.0,-360.0,-2480156.0,-7.417,-7.21
239918.0,-170.0,-2358478.0,-8.0,-8.43
239923.0,-177.0,-2238468.0,-8.142,-8.68
239928.0,-82.0,-2179449.0,-9.792,-9.65
239933.0,86.0,-2057376.0,-9.533,-11.36
239939.0,-135.0,-1932490.0,-10.767,-12.59
239943.0,-90.0,-1871389.0,-11.067,-13.56
239946.0,-603.0,-1811342.0,-10.933,-13.81
239950.0,-328.0,-1692463.0,-12.8,-15.52
239954.0,-139.0,-1630210.0,-13.767,-16.74
239959.0,-260.0,-1568035.0,-12.733,-16.74
239963.0,-259.0,-1507582.0,-14.833,-18.94
239967.0,-448.0,-1394153.0,-14.4,-19.67
239971.0,-425.0,-1341428.0,-13.2,-20.16
239975.0,-326.0,-1286265.0,-16.417,-21.87
239979.0,-621.0,-1165532.0,-15.017,-22.36
239983.0,-60.0,-1107625.0,-14.725,-24.56
239987.0,-293.0,-1054284.0,-16.55,-25.29
239991.0,-586.0,-956777.0,-15.067,-26.76
239995.0,17.0,-908854.0,-14.825,-27.74
240001.0,110.0,-856645.0,-17.792,-29.45
240005.0,-67.0,-743982.0,-16.167,-30.67
240009.0,-232.0,-696697.0,-15.55,-32.38
240013.0,-435.0,-655606.0,-15.908,-33.36
240017.0,-382.0,-573331.0,-17.067,-34.09
240021.0,301.0,-531632.0,-8.975,-35.8
240027.0,227.0,-454694.0,-9.992,-36.05
240032.0,-532.0,-418401.0,-8.242,-37.27
240037.0,244.0,-370966.0,2.75,-36.78
240043.0,38.0,-327176.0,-7.842,-35.8
240049.0,-611.0,-315434.0,5.508,-33.85
240053.0,538.0,-308171.0,-6.775,-29.69
240059.0,-178.0,-291083.0,-1.017,-25.29
240065.0,174.0,-277387.0,0.7,-20.89
240070.0,17.0,-267459.0,-2.433,-17.72
240074.0,180.0,-264288.0,0.108,-15.27
240080.0,-40.0,-260164.0,0.008,-11.12
240086.0,23.0,-259158.0,-1.583,-7.45
240091.0,374.0,-258927.0,-0.392,-4.28
240097.0,-120.0,-259585.0,-0.375,-2.08
240102.0,-328.0,-260581.0,-0.55,-0.12
240107.0,-295.0,-261504.0,-0.383,0.61
240112.0,-23.0,-263833.0,-0.6,2.32
240118.0,-45.0,-265929.0,-0.45,3.79
240122.0,-42.0,-267186.0,0.45,4.28
240128.0,-288.0,-269753.0,-0.558,5.01
240134.0,156.0,-273249.0,-0.217,5.99
240139.0,-65.0,-275048.0,-0.383,7.21
240144.0,57.0,-278143.0,-0.217,8.43
240149.0,-57.0,-281903.0,0.042,9.16
240154.0,-10.0,-283788.0,-0.233,9.65
240159.0,163.0,-286605.0,-0.075,9.65
240164.0,107.0,-289667.0,-0.092,9.65
240169.0,226.0,-290794.0,-0.033,9.16
240175.0,-102.0,-293583.0,0.158,8.68
240181.0,282.0,-296289.0,-0.267,8.43
240185.0,225.0,-297610.0,-0.192,7.94
240190.0,259.0,-299633.0,-0.033,7.45
240196.0,-249.0,-302015.0,-0.025,7.7
240201.0,152.0,-302908.0,-0.208,8.92
240205.0,49.0,-305263.0,-0.317,7.45
240211.0,-119.0,-307121.0,-0.133,8.19
240217.0,-86.0,-308542.0,-0.017,7.7
240222.0,32.0,-310229.0,0.05,6.96
240227.0,52.0,-312135.0,-0.042,6.96
240232.0,-87.0,-313118.0,-0.125,7.21
240237.0,79.0,-314821.0,-0.008,6.23
240243.0,13.0,-316291.0,-0.05,6.96
240247.0,-368.0,-316900.0,-0.008,6.48
240252.0,128.0,-318255.0,-0.175,6.48
240259.0,260.0,-320067.0,-0.408,7.21
240264.0,181.0,-321470.0,0.158,7.45
240269.0,-155.0,-336331.0,9.4,6.96
240274.0,405.0,-398265.0,10.967,8.19
240279.0,238.0,-447020.0,8.583,10.39
240284.0,15.0,-558423.0,13.342,12.34
240290.0,247.0,-697425.0,14.75,12.83
240294.0,-70.0,-781632.0,14.225,14.05
240300.0,-63.0,-929235.0,9.342,14.78
240306.0,155.0,-1073155.0,15.917,16.74
240310.0,450.0,-1147202.0,13.442,17.47
240314.0,-45.0,-1216789.0,11.175,18.94
240318.0,-46.0,-1356264.0,13.9,20.41
240321.0,321.0,-1427395.0,12.733,23.34
240325.0,238.0,-1496506.0,10.95,26.52
240329.0,-11.0,-1565195.0,13.05,29.2
240334.0,142.0,-1706346.0,10.875,34.34
240338.0,-213.0,-1772019.0,11.042,39.22
240343.0,-136.0,-1904262.0,12.167,44.84
240347.0,-229.0,-1969699.0,10.35,47.29
240351.0,-394.0,-2035082.0,10.35,48.51
240355.0,-75.0,-2102111.0,11.517,46.07
240359.0,-324.0,-2231540.0,9.967,44.35
240363.0,-357.0,-2293549.0,10.0,41.67
240367.0,48.0,-2355616.0,9.508,39.71
240371.0,-109.0,-2477667.0,9.475,38.73
240375.0,-130.0,-2538660.0,9.8,38.73
240379.0,-259.0,-2597993.0,8.767,38.49
240384.0,248.0,-2711090.0,8.475,38.49
240388.0,447.0,-2766781.0,8.317,38.0
240392.0,458.0,-2822294.0,7.725,36.78
240396.0,67.0,-2932877.0,8.4,35.31
240401.0,2.0,-2986644.0,7.225,33.85
240406.0,568.0,-3089438.0,6.925,32.38
240410.0,141.0,-3139859.0,6.808,31.16
240414.0,-460.0,-3190032.0,6.767,30.43
240418.0,-277.0,-3289705.0,7.25,29.94
240422.0,-144.0,-3339218.0,6.125,29.69
240427.0,127.0,-3387189.0,5.958,29.2
240432.0,-64.0,-3481114.0,5.425,28.23
240437.0,258.0,-3571512.0,5.967,27.0
240442.0,153.0,-3617407.0,4.833,26.03
240446.0,-96.0,-3704350.0,4.308,26.03
240451.0,-417.0,-3746883.0,4.367,24.32
240455.0,-362.0,-3788770.0,4.2,24.07
240459.0,119.0,-3871685.0,4.717,23.09
240463.0,-74.0,-3912778.0,4.233,23.83
240468.0,57.0,-3991827.0,3.608,22.61
240475.0,-201.0,-4069043.0,3.533,20.89
240479.0,146.0,-4106386.0,3.908,20.41
240483.0,329.0,-4143591.0,3.667,19.92
240487.0,-28.0,-4180938.0,3.183,19.92
240491.0,-333.0,-4253453.0,2.608,19.18
240495.0,-304.0,-4288466.0,2.858,18.21
240499.0,517.0,-4356635.0,3.858,18.21
240503.0,238.0,-4390138.0,4.342,17.72
240507.0,217.0,-4423359.0,3.067,16.98
240512.0,-200.0,-4455726.0,2.233,16.98
240516.0,-323.0,-4518295.0,2.325,16.5
240520.0,-166.0,-4548362.0,3.0,16.01
240525.0,-336.0,-4608668.0,4.217,15.52
240529.0,-121.0,-4638461.0,-2.125,15.03
240533.0,-42.0,-4667486.0,3.783,14.78
240538.0,79.0,-4723623.0,2.392,15.03
240544.0,-237.0,-4778047.0,1.625,14.05
240548.0,-230.0,-4805304.0,1.85,14.54
240551.0,-347.0,-4832133.0,2.033,14.54
240556.0,-106.0,-4883172.0,1.475,14.05
240560.0,-301.0,-4908429.0,2.183,14.05
240564.0,-188.0,-4932894.0,2.267,13.32
240568.0,159.0,-4956899.0,2.367,12.83
240572.0,-42.0,-5004446.0,1.6,13.56
240578.0,-306.0,-5049594.0,1.367,13.07
240582.0,-9.0,-5072057.0,1.783,12.83
240587.0,49.0,-5115351.0,1.742,12.83
240592.0,-217.0,-5137384.0,0.808,11.85
240598.0,-258.0,-5178339.0,1.283,12.34
240602.0,-25.0,-5196262.0,1.167,11.61
240607.0,182.0,-5226201.0,0.625,11.36
240613.0,-90.0,-5246393.0,0.95,11.36
240618.0,-2.0,-5253174.0,1.025,10.87
240622.0,217.0,-5261259.0,0.5,11.12
240628.0,-5.0,-5264203.0,-0.408,10.63
240633.0,35.0,-5264612.0,0.983,10.14
240638.0,108.0,-5263689.0,0.233,9.65
240645.0,-262.0,-5260583.0,0.675,9.41
240650.0,-330.0,-5256501.0,-0.217,8.68
240656.0,-300.0,-5254282.0,-0.25,8.19
240660.0,-193.0,-5249361.0,0.442,7.94
240666.0,-127.0,-5243977.0,0.233,8.19
240672.0,-73.0,-5238729.0,0.158,7.7
240676.0,376.0,-5236062.0,0.05,7.21
240681.0,89.0,-5230524.0,0.342,6.48
240688.0,121.0,-5225350.0,0.325,6.23
240693.0,-75.0,-5222209.0,0.1,6.23
240698.0,190.0,-5217874.0,0.183,6.23
240704.0,-342.0,-5213178.0,0.142,6.23
240709.0,-382.0,-5210751.0,0.433,6.48
240714.0,-225.0,-5206476.0,0.408,6.48
240719.0,-85.0,-5202280.0,-0.067,7.21
240726.0,-129.0,-5198370.0,0.192,6.48
240731.0,-39.0,-5196097.0,0.325,6.48
240736.0,6.0,-5192862.0,0.075,7.21
240741.0,-250.0,-5189144.0,0.158,6.48
240746.0,148.0,-5187191.0,0.058,6.96
240751.0,123.0,-5183860.0,0.15,6.72
240757.0,21.0,-5180794.0,0.35,6.72
240762.0,111.0,-5177466.0,0.15,7.45
240769.0,123.0,-5176105.0,0.292,6.72
240773.0,-4.0,-5172616.0,0.183,7.21
240779.0,-460.0,-5169858.0,0.292,6.48
240784.0,-78.0,-5168525.0,0.283,6.96
240789.0,-59.0,-5165382.0,0.092,6.48
240794.0,37.0,-5162624.0,0.158,5.01
240800.0,83.0,-5161221.0,0.308,6.72
240804.0,-118.0,-5158748.0,0.083,6.72
240811.0,-134.0,-5155990.0,0.133,6.48
240817.0,-288.0,-5153368.0,0.167,7.21
240822.0,-24.0,-5152425.0,0.183,4.77
240826.0,-183.0,-5149758.0,0.2,6.72
240832.0,-509.0,-5144902.0,-0.825,7.21
240837.0,31.0,-5137247.0,0.283,6.48
240842.0,336.0,-5114550.0,-1.283,6.48
240848.0,-8.0,-5083642.0,0.842,5.99
240854.0,130.0,-5043140.0,-0.833,5.74
240859.0,150.0,-5021411.0,-2.5,5.5
240864.0,81.0,-4973892.0,0.308,5.99
240870.0,691.0,-4922730.0,-0.633,4.77
240875.0,-3.0,-4896513.0,-1.45,4.77
240880.0,-412.0,-4841056.0,-1.992,4.52
240885.0,-380.0,-4784822.0,-0.642,4.28
240891.0,-110.0,-4725170.0,-0.75,3.79
240897.0,52.0,-4694921.0,-2.142,3.79
240902.0,69.0,-4632424.0,-0.8,3.3
240907.0,115.0,-4567926.0,-1.283,3.3
240913.0,29.0,-4535119.0,-1.125,2.81
240917.0,146.0,-4466714.0,-1.775,2.57
240923.0,72.0,-4397860.0,-1.267,2.32
240929.0,-326.0,-4325792.0,-1.45,2.32
240934.0,-442.0,-4289129.0,-1.692,2.08
240940.0,-439.0,-4214234.0,-2.158,1.83
240945.0,-329.0,-4137364.0,-1.642,1.83
240950.0,65.0,-4097957.0,-1.75,1.34
240955.0,214.0,-4018080.0,-2.117,1.1
240960.0,-127.0,-3936702.0,-2.9,1.1
240966.0,17.0,-3894777.0,-2.542,0.86
240970.0,238.0,-3807978.0,-2.275,0.61
240976.0,-370.0,-3718330.0,-2.767,0.37
240982.0,-52.0,-3672331.0,-3.492,0.12
240987.0,297.0,-3579378.0,-3.1,-0.12
240992.0,58.0,-3483728.0,-3.392,-0.86
240997.0,-208.0,-3435193.0,-3.458,-1.1
241002.0,-149.0,-3335080.0,-4.158,-0.86
241007.0,-4.0,-3233924.0,-4.458,-1.83
241012.0,-68.0,-3181583.0,-3.883,-2.32
241017.0,-329.0,-3074114.0,-4.642,-2.81
241024.0,-353.0,-2965798.0,-5.458,-2.81
241029.0,-85.0,-2911653.0,-5.908,-3.54
241034.0,-94.0,-2797700.0,-4.975,-3.79
241039.0,-17.0,-2681176.0,-6.042,-5.25
241044.0,-21.0,-2622145.0,-6.9,-5.25
241049.0,-38.0,-2503952.0,-7.6,-6.23
241054.0,-22.0,-2382424.0,-7.308,-7.45
241059.0,56.0,-2321455.0,-8.15,-8.68
241064.0,-137.0,-2200948.0,-8.642,-9.41
241070.0,-200.0,-2141447.0,-9.4,-10.14
241074.0,111.0,-2020358.0,-10.517,-11.36
241078.0,-20.0,-1957217.0,-9.758,-12.1
241083.0,51.0,-1832543.0,-10.867,-13.56
241087.0,-176.0,-1772074.0,-11.592,-14.54
241091.0,-223.0,-1712777.0,-11.567,-14.3
241095.0,-114.0,-1590726.0,-14.233,-16.5
241099.0,25.0,-1528467.0,-13.533,-17.72
241103.0,220.0,-1467928.0,-13.25,-18.7
241107.0,-291.0,-1409797.0,-15.475,-19.18
241112.0,-524.0,-1300852.0,-14.117,-20.89
241116.0,-131.0,-1246715.0,-14.508,-21.87
241120.0,-116.0,-1188442.0,-16.258,-22.61
241124.0,-489.0,-1070373.0,-15.55,-24.32
241127.0,-202.0,-1017608.0,-14.808,-25.78
241131.0,-135.0,-970585.0,-14.733,-26.76
241135.0,36.0,-926002.0,-15.075,-27.74
241141.0,-460.0,-827145.0,-16.658,-29.2
241144.0,-441.0,-771366.0,-16.583,-30.43
241148.0,-360.0,-666533.0,-16.025,-31.4
241153.0,-561.0,-620850.0,-15.917,-32.87
241157.0,62.0,-578373.0,-16.658,-34.09
241162.0,107.0,-498640.0,-6.342,-35.31
241167.0,256.0,-461381.0,-8.967,-36.53
241172.0,-482.0,-387968.0,-9.708,-37.27
241177.0,-563.0,-336000.0,0.75,-37.51
241182.0,138.0,-317407.0,-6.6,-37.51
241187.0,-562.0,-287044.0,6.15,-35.8
241192.0,-95.0,-271178.0,-1.658,-31.65
241199.0,-795.0,-255368.0,-5.342,-27.0
241204.0,215.0,-248315.0,2.842,-22.85
241209.0,394.0,-237600.0,-2.825,-20.16
241214.0,-165.0,-233275.0,-1.958,-16.25
241219.0,287.0,-227684.0,-0.008,-12.83
241224.0,214.0,-225562.0,-0.783,-9.16
241229.0,445.0,-225287.0,-2.067,-5.25
241234.0,-33.0,-225856.0,-0.008,-3.3
241240.0,200.0,-227290.0,-0.317,-1.59
241245.0,-262.0,-228371.0,-0.625,0.37
241250.0,-510.0,-230418.0,-0.65,1.34
241255.0,-531.0,-232534.0,-0.508,2.32
241261.0,-153.0,-233757.0,-0.642,3.3
241266.0,-289.0,-236410.0,0.358,4.77
241271.0,-162.0,-239102.0,-0.6,5.25
241276.0,-387.0,-240723.0,-0.508,6.48
241282.0,-177.0,-244208.0,-0.125,6.72
241287.0,72.0,-247752.0,-0.5,8.19
241292.0,-46.0,-249113.0,-0.125,8.43
241297.0,-354.0,-251700.0,-0.158,8.92
241302.0,-233.0,-254846.0,-0.4,9.16
241307.0,-25.0,-256541.0,-0.017,9.16
241312.0,-249.0,-258798.0,-0.033,8.19
241318.0,-448.0,-261708.0,-0.1,7.7
241324.0,78.0,-262777.0,-0.208,7.21
241329.0,-410.0,-265438.0,-0.375,6.96
241334.0,85.0,-267668.0,-0.142,6.48
241339.0,-90.0,-268909.0,-0.125,6.48
241344.0,20.0,-269630.0,-0.142,7.45
241349.0,-23.0,-273260.0,-0.283,7.45
241354.0,235.0,-274685.0,-0.367,7.45
241359.0,-287.0,-275854.0,0.05,7.45
241364.0,-270.0,-277570.0,0.092,6.96
241370.0,-144.0,-278515.0,-0.067,6.96
241376.0,-576.0,-280132.0,-0.117,6.48
241381.0,-671.0,-281656.0,-0.025,6.23
241386.0,-251.0,-283009.0,-0.067,6.23
241391.0,-223.0,-284312.0,-0.05,6.96
241396.0,-218.0,-285484.0,-0.092,6.48
241401.0,-85.0,-286385.0,-0.208,6.48
241406.0,171.0,-287590.0,-0.183,6.48
241412.0,168.0,-289172.0,0.0,6.48
241417.0,-184.0,-289617.0,-0.15,6.48
241422.0,108.0,-290868.0,-0.158,6.96
241428.0,35.0,-292254.0,-0.208,6.48
241433.0,-215.0,-292807.0,0.042,6.23
241438.0,-245.0,-294044.0,0.092,6.48
241443.0,-184.0,-295484.0,-0.067,6.72
241448.0,-341.0,-295869.0,-0.025,6.48
241454.0,281.0,-296981.0,-0.1,6.48
241459.0,306.0,-297851.0,-0.033,6.48
241464.0,183.0,-298406.0,-0.033,6.48
241469.0,-197.0,-299029.0,-0.117,6.23
241474.0,106.0,-300849.0,-0.1,6.23
241480.0,-444.0,-301198.0,-0.075,6.48
241485.0,-294.0,-302081.0,-0.058,6.48
241490.0,-339.0,-303189.0,-0.075,6.96
241496.0,32.0,-303642.0,-0.017,6.23
241501.0,-48.0,-304536.0,-0.1,6.23
241506.0,173.0,-305604.0,-0.025,6.48
241511.0,-374.0,-305947.0,-0.008,6.48
241517.0,20.0,-307077.0,-0.1,6.96
241522.0,217.0,-308049.0,-0.183,6.48
241526.0,-136.0,-308140.0,-0.025,6.48
241531.0,242.0,-308417.0,0.05,6.48
241538.0,-119.0,-309657.0,-0.017,6.23
241542.0,-174.0,-310068.0,-0.008,6.23
241548.0,-376.0,-310826.0,-0.058,6.96
241553.0,89.0,-311746.0,-0.058,6.23
241558.0,-408.0,-312083.0,-0.025,6.96
241563.0,-170.0,-312991.0,-0.092,6.72
241568.0,-157.0,-313305.0,0.05,6.48
241573.0,94.0,-313718.0,-0.025,7.94
241580.0,-376.0,-314278.0,-0.017,6.48
241585.0,163.0,-314910.0,0.025,6.23
241590.0,248.0,-315345.0,0.008,7.21
241595.0,-252.0,-315929.0,-0.033,6.48
241600.0,-333.0,-316693.0,-0.092,6.72
241605.0,-52.0,-317112.0,-0.067,6.23
241610.0,-252.0,-317433.0,0.0,6.48
241615.0,-167.0,-318097.0,0.017,6.48
241620.0,28.0,-318672.0,0.042,6.96
241626.0,-342.0,-318972.0,-0.008,6.23
241632.0,-595.0,-319818.0,-0.058,6.72
241636.0,-144.0,-319897.0,-0.033,6.48
241642.0,-78.0,-320615.0,-0.058,6.48
241647.0,-403.0,-320763.0,-0.033,6.48
241652.0,116.0,-321086.0,0.008,6.48
241657.0,32.0,-321446.0,-0.05,6.48
241662.0,-249.0,-322380.0,0.042,6.48
241668.0,14.0,-322903.0,0.075,6.72
241674.0,218.0,-323389.0,-0.125,6.72
241679.0,-152.0,-323993.0,0.033,6.48
241684.0,-233.0,-323840.0,0.025,6.23
241689.0,57.0,-324429.0,0.042,6.48
241695.0,247.0,-325041.0,0.033,6.23
241699.0,-4.0,-324816.0,0.1,6.72
241704.0,-144.0,-325755.0,0.017,6.48
241711.0,-114.0,-325829.0,-0.108,6.96
241716.0,153.0,-326205.0,-0.017,6.48
241721.0,-156.0,-326668.0,-0.008,6.23
241726.0,-360.0,-326966.0,0.017,6.72
241732.0,-207.0,-327468.0,0.075,6.72
241736.0,68.0,-327559.0,-0.017,6.48
241742.0,-234.0,-328535.0,0.025,6.48
241747.0,-115.0,-328509.0,-0.042,6.96
241753.0,238.0,-328552.0,-0.117,6.48
241758.0,-438.0,-328912.0,-0.05,6.96
241764.0,-162.0,-329178.0,0.008,7.21
241769.0,111.0,-329513.0,-0.008,6.48
241774.0,-197.0,-330220.0,0.05,6.23
241779.0,-27.0,-330302.0,0.042,6.23
241784.0,154.0,-330103.0,-0.033,6.48
241789.0,292.0,-331226.0,-0.025,6.23
241796.0,-218.0,-331240.0,0.025,6.48
241801.0,-203.0,-332098.0,-0.033,6.48
241805.0,-108.0,-332249.0,0.092,6.23
241811.0,-538.0,-332437.0,-0.025,6.48
241817.0,-238.0,-332767.0,-0.017,6.72
241821.0,147.0,-333256.0,0.067,6.23
241827.0,-467.0,-333209.0,0.025,6.48
241832.0,-107.0,-333563.0,-0.033,6.23
241838.0,-64.0,-333540.0,-0.008,6.23
241843.0,-270.0,-334035.0,-0.033,4.77
241848.0,-14.0,-334165.0,0.017,6.23
241853.0,-195.0,-334352.0,-0.05,6.48
241858.0,89.0,-334793.0,0.067,6.96
241864.0,-27.0,-334649.0,0.008,6.23
241868.0,-398.0,-334750.0,0.017,8.43
241874.0,-108.0,-335425.0,-0.008,6.48
241880.0,2.0,-335641.0,0.042,6.72
241885.0,-281.0,-336076.0,-0.092,6.48
241890.0,0.0,-336437.0,-0.067,6.23
241895.0,245.0,-336521.0,-0.017,6.23
241899.0,-108.0,-336490.0,0.033,6.23
241905.0,-368.0,-337400.0,-0.017,6.23
241910.0,64.0,-337094.0,0.083,6.48
241915.0,85.0,-337417.0,-0.008,6.23
241921.0,-101.0,-337830.0,0.05,5.74
241927.0,-17.0,-337850.0,0.008,6.48
241931.0,-132.0,-337957.0,0.05,5.25
241937.0,194.0,-338322.0,0.0,6.23
241942.0,32.0,-338838.0,0.033,6.23
241947.0,39.0,-338587.0,-0.075,6.48
241952.0,-241.0,-339012.0,-0.042,6.23
241957.0,-61.0,-339186.0,0.017,6.72
241963.0,-274.0,-338807.0,0.025,6.48
241968.0,303.0,-339646.0,-0.017,6.48
241973.0,-217.0,-339776.0,-0.025,6.48
241978.0,-130.0,-339949.0,-0.042,6.96
241983.0,-230.0,-340004.0,-0.058,6.23
241989.0,-86.0,-340256.0,0.025,6.48
241994.0,-319.0,-340561.0,-0.025,6.48
241999.0,-149.0,-340446.0,-0.025,6.72
242004.0,97.0,-340882.0,0.017,6.23
242010.0,-214.0,-340969.0,0.0,6.96
242015.0,-402.0,-340840.0,-0.008,6.48
242021.0,2.0,-341100.0,0.05,6.23
242025.0,-175.0,-341143.0,0.008,6.23
242030.0,-113.0,-341804.0,0.108,6.23
242036.0,-245.0,-342032.0,0.05,6.48
242041.0,-214.0,-342189.0,-0.025,6.48
242045.0,109.0,-341996.0,0.008,6.48
242052.0,19.0,-342604.0,0.033,6.72
242057.0,-56.0,-342649.0,0.042,6.23
242062.0,-50.0,-342737.0,0.008,6.48
242068.0,-144.0,-342943.0,0.042,6.23
242073.0,210.0,-343171.0,0.058,6.48
242078.0,21.0,-343132.0,0.017,6.23
242083.0,-235.0,-343108.0,-0.058,6.96
242089.0,165.0,-343306.0,0.033,6.48
242096.0,-69.0,-343794.0,0.075,6.23
242100.0,150.0,-343893.0,0.05,6.72
242106.0,-288.0,-344153.0,0.008,6.48
242111.0,-126.0,-344337.0,-0.008,6.23
242117.0,48.0,-344557.0,-0.033,6.23
242122.0,-3.0,-344446.0,0.017,7.21
242127.0,171.0,-344318.0,0.075,6.23
242134.0,-319.0,-344740.0,-0.067,6.23
242139.0,-183.0,-345044.0,0.083,7.21
242144.0,42.0,-344835.0,0.067,6.72
242150.0,-216.0,-345205.0,0.008,6.48
242155.0,-74.0,-345355.0,-0.017,6.23
242161.0,-8.0,-345361.0,-0.058,6.23
242165.0,-143.0,-345438.0,0.025,6.72
242171.0,133.0,-345856.0,-0.033,6.48
242178.0,41.0,-345900.0,0.025,6.23
242182.0,-172.0,-345969.0,-0.058,7.45
242187.0,5.0,-346100.0,0.008,9.9
242192.0,-123.0,-346254.0,0.0,6.96
242197.0,-246.0,-346543.0,-0.033,6.48
242203.0,82.0,-346505.0,-0.058,6.48
242208.0,-534.0,-346453.0,0.1,6.23
242213.0,-468.0,-346520.0,0.042,6.23
242219.0,-217.0,-347147.0,0.025,6.23
242225.0,-157.0,-346853.0,-0.025,6.23
242230.0,-115.0,-346975.0,0.017,6.72
242235.0,-280.0,-346988.0,-0.075,6.48
242240.0,-146.0,-346802.0,-0.05,6.48
242246.0,-308.0,-347134.0,0.042,6.72
242252.0,-30.0,-347510.0,-0.008,6.23
242256.0,81.0,-347379.0,-0.05,6.23
242263.0,-5.0,-348077.0,-0.017,6.48
242268.0,-75.0,-348055.0,0.042,6.23
242274.0,265.0,-348157.0,0.0,6.48
242279.0,-70.0,-348034.0,0.017,6.72
242284.0,216.0,-348284.0,0.05,6.96
242290.0,156.0,-348320.0,0.025,6.96
242295.0,-98.0,-348265.0,0.092,6.48
242300.0,-355.0,-348826.0,0.025,6.23
242306.0,-279.0,-348732.0,-0.025,6.48
242312.0,19.0,-348968.0,-0.033,6.48
242316.0,-58.0,-348721.0,-0.067,6.23
242322.0,-122.0,-349131.0,0.025,6.48
242328.0,-204.0,-349243.0,0.083,6.72
242333.0,-128.0,-348909.0,-0.067,6.23
242338.0,163.0,-349182.0,0.075,7.21
242343.0,-49.0,-349378.0,0.008,6.23
242350.0,291.0,-349662.0,0.025,6.96
242356.0,189.0,-349330.0,0.083,6.48
242360.0,-78.0,-349437.0,0.092,6.23
242366.0,-36.0,-349735.0,0.067,6.48
242371.0,-24.0,-349697.0,0.025,6.48
242376.0,0.0,-349726.0,0.008,5.01
242381.0,-277.0,-349841.0,0.067,6.96
242387.0,291.0,-349597.0,-0.033,6.23
242393.0,-299.0,-349794.0,0.067,6.72
242397.0,-490.0,-350407.0,0.067,6.23
242403.0,36.0,-350335.0,0.05,6.48
242409.0,328.0,-350437.0,0.025,6.48
242413.0,-87.0,-350606.0,-0.1,6.72
242418.0,190.0,-350598.0,-0.058,6.96
242424.0,126.0,-350508.0,-0.017,6.48
242429.0,-288.0,-350537.0,-0.017,6.48
242435.0,-69.0,-350752.0,-0.083,6.48
242440.0,275.0,-350820.0,-0.008,6.23
242446.0,-117.0,-350783.0,0.042,6.48
242450.0,-78.0,-351090.0,0.125,6.48
242456.0,18.0,-350724.0,-0.033,6.48
242461.0,-104.0,-350973.0,0.025,6.72
242466.0,-209.0,-351010.0,-0.042,6.72
242471.0,-315.0,-351554.0,-0.025,6.96
242477.0,-343.0,-351513.0,0.0,6.48
242482.0,-480.0,-351624.0,0.117,6.48
242488.0,-358.0,-351672.0,-0.033,6.23
242493.0,10.0,-351610.0,0.008,6.72
242498.0,144.0,-351375.0,0.017,7.21
242503.0,-147.0,-352036.0,-0.083,6.23
242509.0,-101.0,-351964.0,-0.05,6.72
242514.0,105.0,-351953.0,0.008,6.48
242519.0,-252.0,-351706.0,0.017,6.23
242525.0,-248.0,-352264.0,-0.083,6.48
242530.0,170.0,-351989.0,-0.017,6.48
242535.0,205.0,-352022.0,-0.017,6.72
242540.0,45.0,-352198.0,0.075,6.23
242546.0,-267.0,-352195.0,-0.008,6.48
242550.0,-182.0,-352572.0,0.05,6.72
242556.0,-306.0,-352408.0,0.025,6.23
242562.0,214.0,-352531.0,-0.025,6.23
242567.0,51.0,-352662.0,0.083,4.77
242572.0,-33.0,-352498.0,0.008,6.96
242577.0,-83.0,-352243.0,0.083,4.77
242582.0,-174.0,-352566.0,0.083,6.23
242588.0,128.0,-352406.0,0.025,6.72
242593.0,-152.0,-352557.0,0.083,7.21
242597.0,-547.0,-353048.0,0.092,6.23
242604.0,-101.0,-352692.0,-0.058,6.23
242610.0,-255.0,-352598.0,-0.008,6.23
242615.0,1.0,-352641.0,0.092,6.96
242619.0,-116.0,-353210.0,-0.133,6.23
242625.0,-40.0,-353070.0,-0.05,6.48
242630.0,-302.0,-353033.0,0.008,6.23
242635.0,-229.0,-353220.0,-0.008,6.48
242640.0,-103.0,-353000.0,-0.017,6.72
242646.0,-111.0,-353179.0,0.008,6.48
242651.0,-184.0,-353324.0,0.008,6.72
242657.0,-64.0,-353216.0,0.05,6.72
242662.0,300.0,-353305.0,0.0,6.96
242666.0,-9.0,-353758.0,0.008,6.48
242672.0,-113.0,-353510.0,0.033,6.23
242677.0,-25.0,-353763.0,0.083,6.48
242682.0,-452.0,-353720.0,0.008,6.23
242688.0,-36.0,-354036.0,0.067,6.48
242693.0,-108.0,-353865.0,0.075,6.48
242698.0,-537.0,-353598.0,0.05,6.96
242704.0,-189.0,-354044.0,-0.033,6.23
242709.0,-139.0,-354023.0,0.0,6.23
242714.0,-184.0,-353524.0,-0.142,6.23
242719.0,45.0,-353860.0,0.067,6.96
242724.0,-299.0,-353965.0,0.025,6.96
242728.0,-116.0,-353918.0,0.0,6.96
242735.0,88.0,-354256.0,-0.067,6.96
242740.0,-278.0,-354239.0,-0.008,6.48
242745.0,-679.0,-354254.0,0.067,6.72
242750.0,405.0,-354460.0,-0.017,8.43
242756.0,-61.0,-354213.0,0.042,6.96
242760.0,72.0,-354660.0,0.058,6.48
242766.0,-266.0,-354338.0,-0.025,6.48
242771.0,-110.0,-354119.0,0.025,6.48
242777.0,-243.0,-354644.0,0.0,6.48
242782.0,-135.0,-354718.0,0.008,6.23
242787.0,-119.0,-354509.0,0.125,6.23
242792.0,-370.0,-354370.0,0.033,6.96
242797.0,-525.0,-354568.0,0.042,6.48
242802.0,-91.0,-354427.0,0.025,6.96
242807.0,72.0,-354704.0,0.05,6.23
242812.0,-170.0,-354694.0,0.083,6.23
242819.0,134.0,-354677.0,0.067,6.72
242823.0,205.0,-354946.0,-0.008,6.48
242829.0,-71.0,-354840.0,0.0,6.96
242834.0,-381.0,-354835.0,0.05,6.23
242839.0,-112.0,-354980.0,0.058,6.48
242844.0,138.0,-355242.0,0.058,6.48
242849.0,-158.0,-355291.0,0.008,6.48
242854.0,137.0,-355530.0,0.058,6.48
242860.0,-16.0,-355215.0,-0.05,6.48
242865.0,-552.0,-354806.0,-0.017,6.23
242870.0,-227.0,-355096.0,-0.008,6.48
242876.0,-135.0,-355450.0,0.0,6.48
242881.0,-35.0,-355293.0,0.008,6.72
242886.0,-162.0,-355245.0,0.05,6.48
242891.0,17.0,-355323.0,-0.083,6.96
242896.0,-27.0,-355540.0,0.025,6.96
242902.0,98.0,-355073.0,0.033,6.48
242907.0,-114.0,-355633.0,0.042,6.48
242912.0,-284.0,-355260.0,0.033,6.48
242917.0,-105.0,-355511.0,-0.092,6.48
242922.0,-96.0,-355398.0,0.017,6.96
242927.0,168.0,-355555.0,-0.025,6.48
242932.0,417.0,-355811.0,-0.033,6.72
242937.0,-409.0,-356114.0,-0.017,6.23
242942.0,-601.0,-356057.0,-0.058,6.48
242949.0,-752.0,-355611.0,-0.017,6.96
242954.0,-58.0,-355881.0,0.008,6.72
242959.0,-50.0,-355794.0,0.042,6.48
242964.0,275.0,-355869.0,0.008,6.72
242969.0,312.0,-355960.0,0.075,6.72
242974.0,100.0,-355885.0,0.008,6.48
242979.0,-65.0,-355933.0,0.0,6.96
242984.0,-313.0,-355760.0,-0.033,6.96
242990.0,-145.0,-355593.0,0.067,6.48
242995.0,90.0,-356013.0,0.042,6.72
243000.0,0.0,-355912.0,-0.058,6.23
243005.0,90.0,-355743.0,0.017,6.48
243010.0,-221.0,-355829.0,0.05,6.48
243016.0,-287.0,-355798.0,0.075,6.23
243021.0,9.0,-356115.0,0.058,6.48
243026.0,64.0,-355847.0,-0.008,6.48
243032.0,-398.0,-355972.0,-0.075,6.23
243037.0,36.0,-355905.0,0.025,6.48
243042.0,-31.0,-356213.0,-0.033,6.48
243047.0,-225.0,-356092.0,-0.042,6.48
243052.0,33.0,-356197.0,-0.033,6.48
243058.0,-104.0,-356249.0,-0.108,6.48
243063.0,-232.0,-356004.0,0.0,6.48
243068.0,-206.0,-356167.0,-0.1,6.23
243074.0,57.0,-356031.0,0.067,6.48
243079.0,-169.0,-356162.0,0.042,6.23
243084.0,-365.0,-356327.0,-0.025,6.48
243089.0,-90.0,-356149.0,0.008,6.23
243094.0,-229.0,-356152.0,0.0,6.72
243099.0,-333.0,-356215.0,-0.008,6.48
243104.0,-268.0,-356821.0,0.033,6.48
243109.0,84.0,-356536.0,-0.042,6.48
243115.0,-284.0,-356231.0,0.058,6.23
243121.0,-359.0,-356271.0,-0.017,6.48
243126.0,211.0,-356546.0,-0.017,6.72
243131.0,-115.0,-356267.0,0.033,6.96
243136.0,-244.0,-356761.0,-0.017,6.48
243141.0,-197.0,-356884.0,0.083,6.48
243146.0,189.0,-356443.0,-0.05,6.48
243151.0,-42.0,-356497.0,-0.05,6.48
243156.0,-522.0,-356378.0,0.05,6.48
243162.0,-392.0,-356265.0,0.083,6.23
243167.0,-201.0,-356359.0,-0.017,6.48
243173.0,-223.0,-356508.0,-0.058,6.23
243178.0,-203.0,-356897.0,0.008,6.72
243183.0,-230.0,-356673.0,-0.083,6.96
243188.0,27.0,-356796.0,0.117,6.48
243193.0,87.0,-356738.0,0.042,6.72
243198.0,-218.0,-356624.0,0.058,6.48
243204.0,197.0,-356805.0,0.05,6.48
243210.0,-483.0,-356595.0,0.05,6.48
243215.0,-356.0,-356997.0,0.108,6.96
243219.0,-79.0,-356972.0,-0.042,6.96
243224.0,-303.0,-356949.0,-0.008,6.48
243230.0,-56.0,-356749.0,0.042,6.48
243235.0,308.0,-356952.0,0.017,6.72
243240.0,174.0,-357113.0,0.033,6.23
243246.0,-107.0,-357049.0,0.067,6.48
243251.0,-452.0,-356910.0,0.0,6.23
243256.0,164.0,-357030.0,0.033,6.72
243261.0,-165.0,-356620.0,0.083,6.48
243266.0,-126.0,-356685.0,-0.033,6.48
243272.0,-196.0,-357149.0,0.042,6.96
243277.0,-385.0,-356801.0,0.075,6.48
243282.0,-332.0,-356836.0,0.083,6.23
243288.0,18.0,-356800.0,-0.025,6.96
243293.0,223.0,-357152.0,0.033,6.72
243298.0,-308.0,-357077.0,-0.05,6.23
243303.0,-176.0,-357070.0,-0.017,6.23
243308.0,61.0,-357094.0,0.058,6.72
243313.0,-34.0,-356989.0,0.1,6.48
243318.0,-314.0,-357189.0,0.0,6.48
243323.0,-309.0,-357227.0,0.033,6.96
243329.0,-134.0,-357318.0,0.05,6.23
243335.0,-154.0,-357224.0,0.083,6.23
243340.0,141.0,-357028.0,-0.008,6.48
243345.0,102.0,-356981.0,0.108,6.23
243350.0,-114.0,-357323.0,0.033,7.21
243355.0,-129.0,-357311.0,0.1,6.96
243360.0,-70.0,-357240.0,0.033,6.48
243366.0,-168.0,-357070.0,0.0,6.48
243372.0,187.0,-357486.0,0.033,6.48
243376.0,426.0,-357495.0,0.017,6.48
243382.0,-284.0,-357252.0,0.092,6.48
243387.0,-127.0,-357148.0,-0.008,6.96
243391.0,-242.0,-357121.0,-0.058,5.74
243397.0,162.0,-357203.0,0.042,6.23
243402.0,197.0,-357473.0,0.083,8.19
243407.0,-90.0,-357368.0,-0.075,6.23
243412.0,-386.0,-357252.0,0.067,6.96
243419.0,-241.0,-357380.0,0.025,6.48
243423.0,-148.0,-357499.0,0.033,5.99
243429.0,-42.0,-357569.0,0.117,6.48
243434.0,322.0,-357109.0,-0.075,6.48
243439.0,109.0,-357062.0,0.05,6.48
243444.0,-219.0,-357423.0,0.075,6.48
243450.0,9.0,-357331.0,0.033,6.23
243454.0,82.0,-357518.0,0.008,6.48
243461.0,100.0,-357527.0,0.042,6.23
243466.0,-294.0,-357429.0,0.05,6.23
243471.0,-409.0,-357208.0,-0.033,6.23
243476.0,-169.0,-357143.0,0.033,6.23
243482.0,-383.0,-357279.0,-0.008,6.23
243487.0,2.0,-357427.0,0.058,6.48
243491.0,-329.0,-357442.0,0.108,6.48
243497.0,-113.0,-357676.0,0.017,6.96
243503.0,-834.0,-357698.0,0.0,6.48
243508.0,-63.0,-357689.0,0.108,6.96
243513.0,-193.0,-357565.0,0.075,6.48
243519.0,-483.0,-357503.0,-0.033,6.72
243524.0,-144.0,-358058.0,0.017,6.48
243529.0,-52.0,-357261.0,0.033,6.48
243534.0,-136.0,-357525.0,0.033,6.23
243539.0,-101.0,-357380.0,0.017,6.23
243545.0,479.0,-357519.0,-0.008,6.23
243551.0,-101.0,-357177.0,-0.008,6.72
243555.0,-268.0,-357522.0,0.017,5.5
243561.0,-478.0,-357565.0,-0.017,6.72
243566.0,-42.0,-357463.0,-0.025,6.48
243571.0,249.0,-357448.0,-0.017,6.48
243576.0,-122.0,-357717.0,-0.108,6.23
243581.0,-308.0,-357551.0,0.058,6.72
243587.0,-211.0,-357430.0,0.058,6.48
243592.0,-105.0,-357407.0,0.0,6.48
243598.0,87.0,-357319.0,0.075,6.48
243602.0,-72.0,-357466.0,0.033,6.48
243607.0,-6.0,-357473.0,-0.05,6.96
243613.0,-110.0,-357453.0,0.042,6.48
243617.0,85.0,-357562.0,-0.017,6.96
243623.0,207.0,-357347.0,0.083,6.48
243629.0,-189.0,-357849.0,-0.017,6.96
243634.0,-8.0,-357778.0,-0.008,6.48
243639.0,274.0,-357907.0,0.067,6.48
243645.0,142.0,-357455.0,0.017,6.23
243649.0,-11.0,-357470.0,0.05,7.21
243654.0,455.0,-357419.0,0.017,6.23
243660.0,309.0,-357833.0,0.033,6.96
243665.0,142.0,-357780.0,-0.033,6.48
243670.0,59.0,-357669.0,0.033,6.23
243676.0,-9.0,-357747.0,0.025,6.72
243680.0,-30.0,-357588.0,-0.092,6.96
243686.0,-42.0,-357489.0,-0.083,6.96
243691.0,146.0,-357305.0,-0.025,6.48
243696.0,93.0,-357638.0,0.017,6.23
243701.0,-217.0,-357791.0,-0.008,6.23
243707.0,-53.0,-357425.0,-0.008,6.23
243712.0,-148.0,-357382.0,0.033,6.48
243717.0,-94.0,-357379.0,-0.067,6.48
243723.0,-190.0,-357845.0,0.033,6.48
243728.0,-179.0,-357888.0,0.033,7.94
243732.0,-328.0,-357717.0,-0.033,6.48
243738.0,126.0,-357641.0,0.1,6.23
243743.0,207.0,-357504.0,-0.05,6.72
243748.0,-107.0,-357740.0,-0.042,6.96
243755.0,49.0,-357580.0,0.017,6.48
243760.0,-151.0,-358024.0,0.017,6.96
243765.0,32.0,-357767.0,0.05,6.23
243771.0,-96.0,-357713.0,0.042,6.72
243776.0,-282.0,-357187.0,0.058,6.23
243782.0,278.0,-357651.0,0.025,6.48
243786.0,141.0,-357882.0,0.042,6.48
243792.0,-53.0,-357762.0,0.075,6.96
243799.0,-21.0,-357398.0,0.05,6.48
243804.0,-243.0,-358136.0,0.05,6.72
243809.0,74.0,-357675.0,0.117,6.23
243814.0,-36.0,-357679.0,0.067,6.96
243820.0,-158.0,-357851.0,-0.075,6.23
243825.0,-246.0,-357515.0,0.008,6.96
243830.0,-219.0,-357390.0,0.042,6.23
243836.0,-161.0,-357332.0,0.067,7.21
243842.0,-1.0,-357438.0,0.008,6.96
243848.0,-137.0,-357644.0,0.075,6.96
243853.0,34.0,-357649.0,0.042,6.23
243858.0,218.0,-357859.0,0.025,6.72
243864.0,-406.0,-357951.0,0.025,6.48
243869.0,72.0,-357273.0,0.042,6.48
243874.0,27.0,-357500.0,0.008,6.72
243879.0,57.0,-357458.0,0.042,6.48
243886.0,-353.0,-357940.0,0.0,6.72
243892.0,103.0,-357472.0,-0.008,6.72
243896.0,-80.0,-357375.0,0.067,7.21
243902.0,-334.0,-357511.0,0.025,6.23
243907.0,56.0,-357735.0,-0.017,6.48
243913.0,-304.0,-357748.0,0.008,6.72
243917.0,-409.0,-357389.0,-0.017,6.72
243923.0,-57.0,-357713.0,0.05,6.48
243929.0,13.0,-357697.0,-0.008,6.96
243934.0,54.0,-357582.0,0.042,6.23
243940.0,106.0,-357718.0,-0.008,6.48
243945.0,50.0,-357608.0,-0.025,6.48
243951.0,-320.0,-357572.0,-0.058,6.48
243955.0,-215.0,-357805.0,0.15,6.23
243961.0,-351.0,-357303.0,0.033,6.96
243968.0,219.0,-357207.0,0.017,6.48
243973.0,85.0,-357509.0,0.05,6.23
243978.0,-114.0,-357658.0,0.025,6.23
243983.0,-156.0,-357464.0,0.042,6.23
243989.0,110.0,-357540.0,-0.025,6.72
243995.0,68.0,-357496.0,0.033,6.72
243999.0,19.0,-357651.0,0.108,7.21
244005.0,199.0,-357533.0,0.0,6.48
244011.0,-163.0,-357345.0,0.025,6.23
244016.0,275.0,-357574.0,0.017,6.23
244021.0,272.0,-357033.0,0.075,6.96
244027.0,-148.0,-357441.0,0.033,6.48
244032.0,-292.0,-357327.0,0.008,6.48
244037.0,-353.0,-357636.0,0.042,6.72
244042.0,-114.0,-357698.0,0.058,6.23
244048.0,-96.0,-357236.0,-0.058,6.96
244052.0,-45.0,-357109.0,0.042,6.23
244059.0,20.0,-357571.0,0.067,6.96
244064.0,-128.0,-356895.0,0.067,6.48
244069.0,-8.0,-357232.0,0.1,6.48
244074.0,-189.0,-357445.0,-0.033,6.96
244079.0,-63.0,-357321.0,0.025,6.48
244085.0,-35.0,-357504.0,0.0,6.72
244089.0,200.0,-357577.0,-0.008,6.23
244096.0,-282.0,-357257.0,0.017,6.23
244101.0,-88.0,-357324.0,0.017,6.23
244106.0,-33.0,-357363.0,0.1,6.48
244111.0,-97.0,-357203.0,0.025,6.23
244116.0,-47.0,-357402.0,-0.008,6.48
244121.0,-304.0,-357721.0,0.117,6.23
244126.0,-110.0,-357661.0,0.025,6.23
244132.0,-30.0,-357738.0,0.042,6.48
244136.0,199.0,-357473.0,0.025,6.48
244143.0,235.0,-357369.0,-0.025,6.48
244148.0,-163.0,-357268.0,0.067,6.48
244153.0,-344.0,-357967.0,0.1,6.48
244158.0,-188.0,-357561.0,0.0,6.23
244164.0,-280.0,-357569.0,0.033,8.68
244169.0,-176.0,-357400.0,0.042,6.72
244174.0,-263.0,-357407.0,-0.033,6.23
244179.0,-279.0,-357271.0,-0.05,6.48
244185.0,-167.0,-357138.0,0.05,6.48
244190.0,2.0,-357459.0,0.083,6.23
244196.0,-12.0,-357297.0,0.025,6.23
244201.0,-250.0,-357306.0,0.067,6.48
244205.0,-85.0,-357459.0,0.117,6.48
244211.0,-197.0,-357771.0,0.008,6.48
244216.0,33.0,-357434.0,0.117,6.72
244221.0,118.0,-357027.0,0.033,6.72
244227.0,-190.0,-357673.0,0.033,6.48
244233.0,-152.0,-357286.0,0.017,6.48
244237.0,-223.0,-357293.0,-0.008,6.96
244243.0,51.0,-357251.0,0.05,6.48
244248.0,141.0,-357224.0,0.058,6.23
244253.0,-154.0,-356945.0,0.067,6.72
244258.0,-258.0,-357023.0,0.025,6.23
244263.0,-322.0,-357184.0,0.0,6.23
244269.0,-609.0,-357033.0,0.017,6.48
244275.0,375.0,-357325.0,0.008,6.23
244280.0,47.0,-357197.0,0.067,6.72
244285.0,-183.0,-357320.0,0.025,6.48
244290.0,296.0,-357273.0,0.033,6.48
244296.0,160.0,-356673.0,0.058,6.96
244301.0,-204.0,-356672.0,0.042,6.48
244305.0,-53.0,-356845.0,0.117,6.48
244312.0,-37.0,-357319.0,0.017,6.23
244317.0,-241.0,-357222.0,0.033,7.21
244322.0,-16.0,-357367.0,0.0,6.72
244327.0,32.0,-357137.0,0.008,6.48
244332.0,-16.0,-356980.0,0.033,5.74
244337.0,215.0,-357301.0,0.05,6.23
244343.0,1.0,-357355.0,-0.033,6.23
244348.0,-77.0,-357086.0,0.1,6.96
244353.0,-16.0,-356803.0,0.0,6.72
244359.0,-154.0,-356945.0,0.042,6.23
244364.0,-108.0,-356774.0,0.025,6.48
244369.0,53.0,-357009.0,0.083,6.48
244374.0,-135.0,-357293.0,0.033,6.48
244379.0,-141.0,-356992.0,0.083,6.23
244384.0,-120.0,-357115.0,0.083,6.72
244390.0,58.0,-357295.0,-0.083,6.48
244396.0,-302.0,-357140.0,0.083,6.48
244400.0,-23.0,-357133.0,0.1,6.48
244406.0,177.0,-357403.0,0.058,6.23
244411.0,-271.0,-357302.0,0.0,6.48
244416.0,110.0,-356975.0,-0.067,6.48
244421.0,85.0,-357395.0,0.008,6.72
244426.0,-415.0,-357234.0,0.017,6.23
244431.0,-264.0,-356843.0,0.075,6.48
244436.0,-164.0,-357169.0,0.0,6.48
244442.0,-382.0,-357060.0,-0.05,6.23
244447.0,-259.0,-357075.0,0.0,6.23
244453.0,-7.0,-356981.0,0.075,6.48
244458.0,-323.0,-357262.0,0.083,6.23
244462.0,-468.0,-356857.0,0.017,6.48
244468.0,164.0,-356891.0,-0.008,6.72
244473.0,316.0,-357140.0,-0.05,6.23
244478.0,151.0,-357199.0,-0.067,6.72
244484.0,-114.0,-357074.0,0.092,6.72
244489.0,-142.0,-357109.0,0.042,6.48
244494.0,-295.0,-357001.0,0.033,7.21
244499.0,-13.0,-356747.0,0.033,6.23
244505.0,281.0,-356858.0,0.025,6.72
244509.0,200.0,-356659.0,0.1,6.23
244515.0,134.0,-356803.0,-0.008,6.48
244520.0,142.0,-356804.0,0.075,4.52
244526.0,213.0,-356809.0,0.0,6.48
244531.0,71.0,-356799.0,0.05,6.23
244536.0,-63.0,-357078.0,-0.033,6.23
244541.0,168.0,-356837.0,-0.008,6.48
244546.0,98.0,-356453.0,-0.008,6.23
244552.0,174.0,-356528.0,-0.033,6.23
244556.0,-13.0,-356793.0,-0.033,6.96
244562.0,235.0,-356527.0,-0.033,6.48
244568.0,31.0,-356582.0,0.0,7.21
244573.0,78.0,-356913.0,0.008,6.48
244578.0,36.0,-356601.0,0.017,6.96
244583.0,-46.0,-356444.0,-0.017,6.23
244588.0,-315.0,-356673.0,0.083,6.48
244593.0,-132.0,-356628.0,0.0,6.23
244598.0,-72.0,-356985.0,0.05,6.48
244603.0,63.0,-356857.0,0.075,6.72
244609.0,-31.0,-356762.0,0.025,6.48
244614.0,-539.0,-356457.0,0.025,6.96
244619.0,-280.0,-356601.0,0.042,6.96
244624.0,-284.0,-356506.0,0.017,6.23
244629.0,-306.0,-356601.0,-0.025,6.48
244635.0,-223.0,-356515.0,0.042,6.96
244640.0,197.0,-356391.0,0.083,6.23
244645.0,-405.0,-356006.0,0.025,6.48
244651.0,102.0,-356365.0,0.05,6.48
244656.0,-103.0,-356534.0,-0.017,6.48
244661.0,-153.0,-356473.0,-0.058,6.23
244666.0,16.0,-356579.0,0.008,6.96
244671.0,-70.0,-356540.0,0.017,6.48
244676.0,50.0,-356769.0,0.058,6.48
244681.0,-95.0,-356755.0,-0.067,6.48
244686.0,11.0,-356784.0,0.042,6.48
244692.0,-105.0,-356425.0,0.108,6.48
244698.0,-98.0,-356379.0,0.008,6.48
244703.0,-222.0,-356392.0,-0.033,6.23
244708.0,152.0,-356413.0,0.008,6.23
244713.0,147.0,-356267.0,-0.067,6.48
244718.0,380.0,-356738.0,0.083,6.96
244723.0,130.0,-356359.0,0.1,6.96
244728.0,21.0,-355869.0,0.033,6.48
244733.0,-383.0,-356150.0,-0.033,6.48
244739.0,-39.0,-356423.0,0.033,6.48
244744.0,178.0,-356391.0,0.017,6.23
244750.0,332.0,-356430.0,-0.075,6.48
244755.0,66.0,-356293.0,0.0,6.96
244760.0,79.0,-356421.0,0.1,4.52
244765.0,-35.0,-356386.0,0.033,6.72
244770.0,-57.0,-356211.0,-0.008,6.72
244775.0,-358.0,-356347.0,0.042,6.23
244781.0,-386.0,-355960.0,-0.017,6.96
244786.0,172.0,-356351.0,0.017,6.72
244792.0,-257.0,-356091.0,0.075,6.96
244796.0,-258.0,-356172.0,0.075,6.72
244801.0,326.0,-356243.0,0.042,6.48
244807.0,159.0,-356487.0,-0.025,6.72
244812.0,-17.0,-356378.0,-0.067,6.72
244817.0,-115.0,-356075.0,0.075,6.23
244823.0,-176.0,-356125.0,-0.017,6.72
244828.0,-153.0,-355996.0,0.092,6.23
244833.0,-85.0,-356140.0,0.033,6.48
244838.0,-182.0,-356220.0,0.0,6.48
244843.0,-175.0,-356285.0,0.017,6.23
244848.0,-125.0,-356062.0,-0.033,6.48
244853.0,166.0,-356230.0,0.008,6.23
244859.0,96.0,-356303.0,0.042,6.48
244865.0,-180.0,-356066.0,0.108,6.48
244870.0,-149.0,-356172.0,-0.075,6.23
244875.0,-395.0,-355971.0,0.025,6.96
244880.0,-315.0,-355952.0,0.042,6.23
244885.0,-320.0,-355788.0,0.075,6.23
244890.0,-55.0,-355729.0,0.058,6.48
244896.0,-43.0,-355663.0,0.067,6.48
244901.0,-224.0,-356093.0,0.033,6.72
244905.0,323.0,-356204.0,-0.033,6.48
244911.0,-23.0,-356133.0,0.042,6.48
244917.0,-126.0,-356109.0,-0.008,7.21
244922.0,56.0,-356222.0,0.017,5.5
244927.0,144.0,-355797.0,0.067,6.23
244932.0,213.0,-356195.0,0.042,6.96
244937.0,-94.0,-356434.0,0.042,6.96
244942.0,-402.0,-356264.0,0.008,6.48
244947.0,-347.0,-356174.0,0.05,6.96
244953.0,74.0,-356259.0,0.058,6.23
244959.0,-226.0,-356109.0,0.133,6.72
244964.0,-243.0,-355713.0,0.017,6.72
244968.0,-22.0,-356010.0,0.025,6.72
244974.0,-338.0,-356218.0,0.008,6.48
244979.0,1.0,-355736.0,0.108,6.23
244984.0,-26.0,-355709.0,0.1,6.96
244989.0,-144.0,-355873.0,0.025,6.96
244995.0,-201.0,-355857.0,0.042,6.48
245000.0,-134.0,-355830.0,0.0,6.23
245005.0,-4.0,-355859.0,-0.025,6.23
245010.0,-41.0,-355942.0,0.025,6.48
245015.0,-79.0,-355539.0,0.033,6.23
245020.0,460.0,-355715.0,-0.008,6.48
245025.0,245.0,-355884.0,0.0,6.96
245030.0,-167.0,-355741.0,-0.033,6.96
245036.0,60.0,-355581.0,0.05,6.23
245041.0,381.0,-355766.0,0.075,6.23
245046.0,-273.0,-355956.0,0.042,6.72
245051.0,-128.0,-355710.0,0.0,6.23
245056.0,-111.0,-355629.0,0.075,6.23
245062.0,-227.0,-355565.0,0.05,6.23
245067.0,-194.0,-355379.0,0.025,6.23
245071.0,-35.0,-355812.0,0.083,6.48
245078.0,-23.0,-355912.0,0.017,6.23
245083.0,216.0,-355790.0,-0.008,6.72
245088.0,91.0,-355627.0,0.017,6.96
245093.0,163.0,-355363.0,0.05,6.48
245099.0,101.0,-355315.0,0.017,6.23
245104.0,84.0,-355418.0,0.008,7.21
245109.0,76.0,-355669.0,0.025,6.48
245114.0,-562.0,-355423.0,0.017,6.48
245120.0,-395.0,-355160.0,0.042,6.48
245125.0,-285.0,-355503.0,0.125,6.96
245131.0,111.0,-355395.0,0.042,6.96
245136.0,-222.0,-355591.0,0.075,6.96
245141.0,17.0,-355528.0,-0.017,6.72
245146.0,17.0,-355144.0,0.0,6.48
245151.0,278.0,-355952.0,-0.067,6.23
245156.0,-77.0,-355709.0,0.042,6.72
245161.0,-213.0,-355633.0,0.033,6.48
245168.0,168.0,-355357.0,0.025,6.48
245172.0,259.0,-355390.0,0.008,6.96
245178.0,-5.0,-355272.0,-0.008,6.72
245183.0,-188.0,-355332.0,-0.042,6.48
245188.0,177.0,-355229.0,-0.008,6.23
245193.0,-299.0,-354883.0,-0.042,6.48
245199.0,-87.0,-355077.0,0.092,6.48
245203.0,-58.0,-355376.0,0.042,6.23
245210.0,-68.0,-355239.0,0.1,6.23
245215.0,72.0,-355147.0,0.067,6.48
245220.0,39.0,-355336.0,0.067,6.23
245225.0,67.0,-355723.0,0.15,6.96
245230.0,-381.0,-355111.0,0.067,6.48
245235.0,-448.0,-354922.0,0.05,6.23
245240.0,388.0,-355401.0,-0.042,6.96
245246.0,-174.0,-355159.0,-0.025,6.23
245252.0,17.0,-355228.0,-0.017,6.23
245257.0,-73.0,-355309.0,0.008,6.96
245262.0,189.0,-354967.0,0.025,6.48
245267.0,64.0,-355156.0,0.108,6.72
245272.0,-292.0,-355015.0,0.067,6.48
245278.0,-178.0,-355231.0,0.05,6.48
245282.0,169.0,-355120.0,0.117,6.23
245287.0,106.0,-354927.0,0.017,6.48
245294.0,-158.0,-355169.0,0.033,6.48
245298.0,-13.0,-354902.0,0.175,6.23
245303.0,155.0,-355181.0,-0.033,6.96
245309.0,-57.0,-355023.0,0.067,6.23
245314.0,92.0,-354972.0,0.075,6.23
245319.0,-424.0,-355199.0,0.058,7.7
245324.0,-258.0,-354799.0,-0.05,6.96
245329.0,-259.0,-354930.0,-0.067,6.23
245335.0,-61.0,-355223.0,-0.05,6.48
245341.0,-123.0,-354729.0,0.0,6.48
245345.0,-270.0,-354910.0,0.108,6.96
245350.0,-299.0,-354957.0,-0.033,6.48
245356.0,133.0,-354885.0,-0.017,6.96
245360.0,-242.0,-355082.0,0.058,6.72
245365.0,-390.0,-354559.0,-0.017,6.72
245371.0,360.0,-354937.0,-0.017,6.48
245377.0,181.0,-354778.0,-0.017,6.23
245382.0,23.0,-354561.0,0.025,6.23
245387.0,189.0,-354657.0,0.042,6.48
245392.0,190.0,-354774.0,0.025,6.48
245397.0,-458.0,-354779.0,0.075,6.96
245403.0,82.0,-354735.0,0.033,6.48
245408.0,249.0,-354718.0,0.125,6.23
245412.0,-110.0,-354791.0,-0.1,6.23
245419.0,-380.0,-354733.0,0.025,6.72
245424.0,19.0,-354582.0,0.058,6.72
245429.0,69.0,-354479.0,0.008,6.48
245434.0,89.0,-354691.0,0.025,6.72
245439.0,166.0,-354844.0,0.083,6.23
245444.0,282.0,-354523.0,-0.033,6.96
245450.0,-286.0,-354583.0,-0.025,7.45
245454.0,79.0,-354232.0,0.025,6.23
245459.0,477.0,-354975.0,0.117,6.72
245466.0,157.0,-354727.0,0.1,6.72
245471.0,-12.0,-354484.0,-0.017,6.23
245475.0,-153.0,-354365.0,-0.008,6.23
245481.0,-357.0,-354689.0,0.017,6.72
245486.0,-202.0,-354414.0,0.1,6.96
245491.0,96.0,-354568.0,0.025,6.23
245497.0,186.0,-354180.0,-0.008,6.23
245502.0,-100.0,-354798.0,0.025,6.23
245508.0,-107.0,-354839.0,0.083,6.48
245514.0,117.0,-354479.0,0.083,7.21
245519.0,525.0,-354269.0,0.033,6.23
245525.0,-273.0,-354571.0,-0.033,6.48
245529.0,-82.0,-354450.0,-0.083,6.23
245535.0,-114.0,-354072.0,0.008,6.23
245541.0,-254.0,-354118.0,-0.075,6.72
245547.0,-310.0,-354152.0,-0.042,6.23
245552.0,-49.0,-354061.0,0.125,6.72
245557.0,27.0,-354629.0,-0.083,6.23
245563.0,75.0,-354223.0,0.05,6.96
245569.0,-147.0,-354049.0,0.017,6.23
245573.0,-58.0,-354320.0,-0.05,6.72
245579.0,-320.0,-354018.0,0.008,6.23
245584.0,322.0,-354194.0,0.058,6.48
245591.0,432.0,-354034.0,0.05,6.72
245596.0,333.0,-354069.0,0.0,6.48
245601.0,-171.0,-353845.0,0.008,6.23
245607.0,-43.0,-354181.0,-0.042,6.72
245612.0,-273.0,-354029.0,0.042,6.23
245617.0,-394.0,-354130.0,0.017,6.48
245623.0,242.0,-354334.0,-0.008,6.48
245628.0,132.0,-354158.0,-0.042,6.48
245635.0,18.0,-353824.0,0.033,6.23
245640.0,-23.0,-353659.0,0.15,6.23
245645.0,213.0,-353823.0,0.042,6.23
245651.0,-201.0,-353851.0,0.0,6.48
245656.0,-119.0,-353943.0,0.025,6.23
245661.0,-80.0,-353836.0,0.033,6.48
245666.0,-428.0,-353764.0,0.042,6.48
245672.0,72.0,-354188.0,0.075,6.48
245679.0,-26.0,-353890.0,0.108,6.23
245683.0,-321.0,-353727.0,0.008,6.48
245689.0,-189.0,-354043.0,0.117,6.96
245694.0,-449.0,-353591.0,0.067,6.48
245700.0,-129.0,-353595.0,-0.017,6.48
245705.0,12.0,-353754.0,-0.017,6.48
245710.0,-314.0,-353872.0,-0.017,6.48
245716.0,-148.0,-353812.0,0.017,6.23
245723.0,12.0,-353850.0,0.058,7.21
245727.0,-283.0,-353835.0,0.025,6.48
245732.0,-384.0,-353715.0,0.033,6.96
245738.0,-8.0,-353679.0,0.017,6.23
245743.0,-49.0,-353670.0,0.017,6.23
245748.0,-204.0,-353434.0,-0.05,6.96
245753.0,-86.0,-353750.0,0.017,8.43
245758.0,20.0,-353533.0,0.05,6.72
245764.0,-253.0,-353342.0,0.067,6.23
245770.0,243.0,-353262.0,-0.008,6.23
245775.0,-241.0,-353445.0,0.067,6.96
245779.0,-36.0,-353270.0,0.067,6.23
245785.0,-184.0,-353418.0,0.142,6.96
245790.0,-72.0,-353309.0,-0.017,6.48
245795.0,-233.0,-353672.0,-0.008,6.23
245800.0,147.0,-353396.0,0.025,6.96
245807.0,207.0,-353279.0,0.117,6.48
245811.0,-214.0,-353292.0,-0.033,6.72
245817.0,190.0,-353570.0,0.075,6.48
245822.0,54.0,-353200.0,-0.008,6.48
245827.0,257.0,-353047.0,-0.008,6.72
245832.0,-92.0,-353469.0,0.075,6.48
245838.0,94.0,-353519.0,0.058,6.48
245842.0,293.0,-353090.0,-0.025,6.23
245848.0,-188.0,-353162.0,-0.033,6.48
245854.0,-14.0,-353454.0,0.083,6.96
245859.0,-30.0,-353169.0,-0.05,6.48
245864.0,-19.0,-353420.0,-0.025,6.23
245869.0,-49.0,-352964.0,0.058,7.21
245874.0,-65.0,-353253.0,0.1,6.23
245879.0,-432.0,-353312.0,0.025,6.48
245885.0,28.0,-352954.0,0.05,6.96
245891.0,114.0,-353011.0,0.033,6.72
245896.0,-145.0,-353112.0,0.017,6.48
245901.0,-249.0,-353508.0,0.0,6.96
245906.0,-381.0,-353485.0,-0.017,6.96
245911.0,-380.0,-353082.0,0.017,6.48
245917.0,358.0,-353368.0,0.05,6.48
245922.0,276.0,-353243.0,0.075,6.23
245926.0,85.0,-352820.0,-0.033,6.96
245933.0,45.0,-353074.0,-0.033,6.96
245938.0,-135.0,-353075.0,0.042,6.96
245943.0,-164.0,-353074.0,-0.05,6.48
245948.0,-100.0,-352782.0,0.133,6.72
245954.0,-12.0,-352820.0,0.058,6.72
245959.0,-164.0,-353053.0,-0.108,6.72
245964.0,-533.0,-352872.0,0.1,6.23
245969.0,291.0,-352892.0,0.133,6.72
245975.0,23.0,-352461.0,0.0,6.48
245980.0,-204.0,-352740.0,-0.05,6.96
245986.0,-160.0,-353050.0,0.008,6.48
245991.0,-172.0,-352847.0,-0.008,6.96
245996.0,-339.0,-353026.0,0.117,6.72
246001.0,11.0,-352934.0,0.067,6.48
246006.0,227.0,-352823.0,-0.108,6.72
246011.0,96.0,-352998.0,-0.058,6.96
246017.0,-266.0,-352808.0,0.067,6.23
246023.0,44.0,-352689.0,-0.008,6.96
246027.0,-87.0,-352932.0,-0.025,6.48
246033.0,-75.0,-352770.0,0.042,6.48
246038.0,367.0,-352897.0,0.05,6.72
246043.0,230.0,-352632.0,0.158,6.23
246048.0,194.0,-352796.0,-0.008,6.48
246053.0,210.0,-352847.0,0.058,6.48
246059.0,57.0,-352470.0,0.008,6.72
246065.0,45.0,-352200.0,0.0,6.48
246070.0,-321.0,-352559.0,-0.008,6.48
246074.0,-424.0,-352402.0,0.042,6.23
246080.0,-122.0,-352476.0,0.042,7.21
246085.0,-304.0,-352420.0,-0.008,6.23
246091.0,-48.0,-352397.0,0.117,6.23
246095.0,39.0,-352632.0,-0.025,6.23
246102.0,287.0,-352814.0,-0.05,6.72
246107.0,369.0,-352713.0,0.0,6.23
246112.0,56.0,-352482.0,0.1,6.23
246117.0,364.0,-352778.0,0.092,6.72
246122.0,132.0,-352693.0,0.033,6.96
246127.0,-53.0,-352402.0,0.058,6.23
246133.0,193.0,-352304.0,0.075,6.23
246138.0,-127.0,-352171.0,0.008,6.48
246142.0,-336.0,-352430.0,0.175,6.96
246149.0,-154.0,-352546.0,-0.033,6.23
246154.0,110.0,-352363.0,-0.05,6.23
246159.0,-43.0,-352678.0,0.075,6.72
246164.0,-177.0,-352204.0,0.025,6.96
246170.0,69.0,-352435.0,-0.033,6.72
246174.0,456.0,-352558.0,0.017,6.23
246179.0,-177.0,-352388.0,0.033,6.48
246185.0,-83.0,-352221.0,0.117,7.7
246190.0,6.0,-352102.0,-0.008,6.96
246196.0,-26.0,-352168.0,-0.008,6.72
246201.0,216.0,-352039.0,0.075,6.96
246205.0,63.0,-352462.0,0.042,6.23
246211.0,237.0,-352026.0,0.067,6.48
246216.0,-321.0,-352093.0,0.033,6.96
246221.0,46.0,-352088.0,0.042,6.23
246226.0,210.0,-352216.0,-0.017,7.45
246233.0,-196.0,-352177.0,0.025,6.23
246237.0,-159.0,-352108.0,0.1,6.72
246243.0,-77.0,-352022.0,0.033,6.96
246248.0,-469.0,-351907.0,-0.05,6.72
246253.0,-56.0,-351940.0,0.025,6.96
246257.0,-305.0,-351815.0,0.0,6.72
246262.0,-137.0,-351992.0,-0.017,6.23
246268.0,-60.0,-352060.0,0.017,6.48
246274.0,-142.0,-352026.0,0.092,6.96
246279.0,212.0,-351705.0,0.042,6.23
246284.0,-321.0,-351930.0,-0.008,6.48
246290.0,321.0,-352172.0,0.008,6.23
246295.0,-101.0,-351753.0,0.058,6.72
246299.0,-126.0,-351746.0,0.125,6.23
246305.0,50.0,-351958.0,-0.033,6.96
246310.0,-174.0,-351887.0,0.0,6.23
246316.0,21.0,-351722.0,-0.017,6.23
246321.0,63.0,-351892.0,0.05,6.48
246326.0,-167.0,-351875.0,0.067,6.48
246331.0,-446.0,-351846.0,-0.058,6.48
246336.0,-49.0,-352073.0,-0.05,6.48
246341.0,105.0,-351886.0,0.058,6.23
246346.0,20.0,-351556.0,-0.017,6.48
246351.0,-26.0,-351499.0,0.092,6.72
246356.0,-204.0,-351590.0,0.017,6.48
246362.0,-269.0,-351482.0,0.117,6.48
246368.0,-149.0,-351508.0,0.025,6.48
246373.0,167.0,-351671.0,0.133,6.23
246378.0,126.0,-351508.0,0.017,6.23
246382.0,119.0,-351259.0,-0.05,6.72
246388.0,-5.0,-351496.0,0.008,6.72
246393.0,86.0,-351590.0,-0.025,6.48
246398.0,-278.0,-351807.0,0.058,6.23
246404.0,58.0,-351564.0,0.058,6.23
246409.0,179.0,-351662.0,0.0,6.72
246414.0,343.0,-351271.0,-0.033,6.23
246419.0,-47.0,-351306.0,0.125,6.23
246424.0,-64.0,-351074.0,0.05,6.48
246429.0,96.0,-351085.0,-0.008,6.48
246435.0,134.0,-351302.0,0.05,6.23
246440.0,7.0,-351466.0,0.017,6.23
246446.0,-119.0,-351359.0,0.067,6.23
246451.0,-35.0,-351310.0,-0.025,6.48
246456.0,-8.0,-351262.0,0.0,6.23
246461.0,34.0,-351277.0,-0.033,6.48
246466.0,-282.0,-351150.0,0.008,6.48
246471.0,-299.0,-350946.0,0.042,6.23
246476.0,173.0,-350837.0,0.0,6.48
246481.0,203.0,-350942.0,0.025,6.48
246488.0,144.0,-351068.0,-0.05,6.48
246493.0,32.0,-351311.0,0.05,6.23
246498.0,324.0,-351112.0,0.05,6.72
246503.0,403.0,-351192.0,0.058,6.96
246508.0,335.0,-351527.0,0.067,6.23
246513.0,63.0,-350830.0,0.067,6.48
246518.0,266.0,-351208.0,-0.083,6.23
246523.0,-149.0,-351441.0,0.025,6.23
246529.0,241.0,-351092.0,0.083,6.48
246534.0,90.0,-351104.0,-0.033,6.48
246539.0,-200.0,-351167.0,0.0,6.23
246545.0,-290.0,-351092.0,-0.025,6.23
246550.0,-273.0,-351332.0,0.025,6.96
246555.0,33.0,-350967.0,0.108,6.48
246560.0,-259.0,-350756.0,-0.033,6.48
246565.0,-162.0,-350598.0,-0.033,6.23
246571.0,154.0,-350615.0,0.075,6.23
246576.0,46.0,-350752.0,0.1,6.48
246581.0,17.0,-350802.0,0.058,6.48
246586.0,-102.0,-350861.0,0.058,6.48
246592.0,120.0,-350779.0,0.058,6.48
246597.0,351.0,-350771.0,0.092,6.96
246602.0,-84.0,-350900.0,-0.033,6.23
246607.0,318.0,-350905.0,0.017,6.23
246612.0,219.0,-350615.0,0.067,6.23
246618.0,-187.0,-350546.0,0.042,6.48
246623.0,219.0,-351057.0,0.058,6.48
246628.0,334.0,-350915.0,0.042,6.23
246633.0,91.0,-350896.0,0.025,6.48
246638.0,-129.0,-350686.0,0.033,6.48
246644.0,-26.0,-350554.0,-0.008,6.23
246648.0,-3.0,-350513.0,-0.008,6.72
246654.0,1.0,-350763.0,-0.083,6.48
246660.0,40.0,-350525.0,0.067,6.96
246665.0,108.0,-350644.0,0.067,6.48
246670.0,366.0,-350639.0,-0.075,6.48
246675.0,105.0,-350695.0,0.025,6.23
246680.0,86.0,-350624.0,0.0,6.23
246685.0,206.0,-350656.0,0.075,6.23
246691.0,1.0,-350420.0,0.05,6.23
246695.0,-126.0,-350573.0,0.067,6.23
246702.0,-114.0,-350273.0,0.008,6.96
246707.0,203.0,-350113.0,0.025,6.96
246712.0,-166.0,-350160.0,0.1,6.48
246717.0,136.0,-350233.0,0.117,6.48
246722.0,305.0,-350419.0,-0.067,6.96
246727.0,53.0,-350328.0,0.042,6.23
246732.0,127.0,-350229.0,0.108,6.72
246737.0,46.0,-350167.0,-0.008,6.48
246743.0,-107.0,-350230.0,-0.017,6.72
246749.0,-77.0,-350370.0,0.083,6.96
246754.0,194.0,-350098.0,-0.075,6.96
246758.0,-65.0,-350171.0,0.033,6.23
246764.0,179.0,-350331.0,0.042,6.48
246769.0,328.0,-350553.0,-0.05,6.96
246774.0,-41.0,-350572.0,-0.033,6.23
246779.0,-269.0,-350384.0,0.058,6.48
246785.0,-378.0,-349830.0,0.1,6.48
246790.0,31.0,-349889.0,0.042,6.23
246796.0,-3.0,-350193.0,-0.025,6.48
246801.0,152.0,-349995.0,0.167,6.96
246805.0,145.0,-349950.0,0.017,6.48
246811.0,13.0,-350193.0,0.025,6.23
246816.0,84.0,-349935.0,0.117,6.48
246820.0,-199.0,-349724.0,0.05,6.72
246827.0,-1.0,-350030.0,0.0,6.48
246831.0,-158.0,-350071.0,-0.05,6.23
246837.0,-144.0,-350006.0,0.025,6.48
246842.0,-190.0,-350032.0,0.067,6.48
246847.0,107.0,-349746.0,0.033,6.23
246852.0,-16.0,-349653.0,0.008,6.72
246858.0,-46.0,-350001.0,0.058,6.48
246863.0,185.0,-349731.0,0.017,6.72
246867.0,10.0,-349732.0,-0.117,6.23
246874.0,-50.0,-349632.0,-0.008,7.21
246879.0,-91.0,-350086.0,0.017,6.48
246884.0,68.0,-350021.0,0.008,7.21
246889.0,2.0,-349639.0,0.05,6.48
246894.0,-65.0,-349643.0,0.017,6.96
246899.0,62.0,-349514.0,-0.008,6.96
246904.0,186.0,-349768.0,0.042,6.23
246910.0,117.0,-349760.0,-0.025,6.23
246915.0,-190.0,-349561.0,0.033,6.48
246921.0,-188.0,-349487.0,-0.017,7.21
246926.0,-209.0,-349289.0,-0.108,6.72
246931.0,-84.0,-349214.0,0.1,6.48
246936.0,122.0,-349436.0,0.092,6.48
246941.0,-53.0,-349434.0,-0.008,6.23
246946.0,-34.0,-349701.0,0.092,6.48
246952.0,-82.0,-349429.0,0.067,6.48
246958.0,159.0,-349531.0,0.033,6.48
246962.0,-292.0,-349458.0,-0.017,6.48
246968.0,-30.0,-349428.0,0.033,6.72
246973.0,-38.0,-349486.0,-0.017,6.96
246978.0,-65.0,-349433.0,-0.017,6.23
246983.0,51.0,-349426.0,0.025,6.23
246989.0,327.0,-349286.0,0.067,6.23
246993.0,120.0,-349375.0,-0.017,6.48
247000.0,130.0,-349008.0,0.025,6.96
247005.0,86.0,-349454.0,0.0,6.48
247010.0,-103.0,-349679.0,0.008,6.23
247015.0,-185.0,-349254.0,0.025,6.96
247021.0,-425.0,-349384.0,0.067,6.48
247025.0,-320.0,-349231.0,0.042,6.96
247030.0,-118.0,-349214.0,0.1,6.72
247036.0,-158.0,-349258.0,-0.008,6.23
247042.0,-65.0,-349098.0,0.058,6.48
247047.0,-20.0,-348971.0,-0.017,6.23
247052.0,42.0,-348937.0,0.017,6.48
247057.0,227.0,-349165.0,0.075,6.23
247062.0,-262.0,-349166.0,0.1,7.45
247068.0,294.0,-349070.0,0.058,6.23
247073.0,18.0,-348924.0,0.042,6.48
247078.0,-257.0,-349125.0,0.058,6.48
247084.0,-113.0,-349232.0,0.058,6.23
247090.0,137.0,-349114.0,0.042,6.23
247094.0,-6.0,-349131.0,0.025,6.48
247099.0,-164.0,-348784.0,0.067,6.96
247105.0,2.0,-349038.0,0.008,6.72
247110.0,215.0,-348895.0,0.0,5.99
247115.0,-225.0,-349038.0,-0.017,6.48
247120.0,177.0,-348700.0,0.025,6.23
247126.0,128.0,-348737.0,0.075,6.23
247131.0,-408.0,-348524.0,-0.008,6.48
247137.0,-104.0,-348692.0,0.075,6.23
247141.0,317.0,-348867.0,0.067,6.23
247147.0,255.0,-348496.0,0.075,6.48
247152.0,-119.0,-348860.0,-0.017,6.23
247157.0,58.0,-348877.0,-0.083,6.72
247161.0,111.0,-348758.0,0.025,6.48
247168.0,-223.0,-348916.0,0.033,6.23
247173.0,146.0,-348941.0,0.058,6.23
247178.0,272.0,-348804.0,0.067,6.23
247183.0,64.0,-348704.0,0.1,6.23
247188.0,-121.0,-348603.0,-0.017,6.48
247193.0,163.0,-348488.0,0.025,6.96
247199.0,27.0,-348362.0,0.042,6.48
247203.0,230.0,-348619.0,-0.008,6.96
247209.0,130.0,-348516.0,0.025,6.23
247215.0,-118.0,-348682.0,0.042,6.48
247220.0,99.0,-348729.0,-0.033,6.48
247225.0,-281.0,-348602.0,0.025,6.23
247231.0,197.0,-348184.0,0.033,6.48
247235.0,50.0,-348329.0,-0.025,6.48
247240.0,97.0,-348460.0,0.033,6.23
247245.0,139.0,-348424.0,0.075,6.23
247250.0,248.0,-348197.0,-0.008,6.23
247256.0,-384.0,-348446.0,0.008,6.23
247262.0,-166.0,-348720.0,0.0,6.48
247267.0,-87.0,-348307.0,0.017,6.48
247272.0,237.0,-348222.0,0.033,6.48
247277.0,-85.0,-348424.0,-0.042,6.23
247282.0,-152.0,-348287.0,-0.05,6.96
247287.0,-240.0,-348290.0,-0.008,6.72
247293.0,70.0,-348242.0,0.05,6.48
247298.0,-25.0,-348335.0,-0.033,6.48
247303.0,-112.0,-348304.0,-0.05,6.23
247309.0,-48.0,-348302.0,0.017,6.96
247313.0,-289.0,-348397.0,0.05,6.48
247319.0,-169.0,-348361.0,0.025,6.48
247324.0,135.0,-348471.0,-0.008,6.23
247330.0,-201.0,-348311.0,0.017,6.23
247335.0,-340.0,-348130.0,-0.058,6.23
247341.0,330.0,-347837.0,0.008,6.96
247346.0,-156.0,-347855.0,-0.042,6.48
247351.0,-95.0,-347792.0,0.142,6.96
247356.0,-53.0,-347911.0,0.042,6.48
247362.0,33.0,-347975.0,0.033,6.23
247366.0,-94.0,-348028.0,0.033,5.25
247372.0,-360.0,-348171.0,0.042,6.48
247377.0,172.0,-347893.0,0.117,6.48
247383.0,243.0,-347650.0,0.142,6.96
247388.0,-24.0,-348057.0,0.008,6.23
247393.0,-226.0,-348419.0,-0.017,5.25
247398.0,-115.0,-348388.0,0.05,6.72
247403.0,149.0,-347956.0,0.042,6.72
247409.0,-73.0,-347636.0,0.017,6.48
247415.0,241.0,-347652.0,-0.008,6.23
247419.0,-136.0,-347909.0,0.033,6.72
247426.0,16.0,-347933.0,0.042,6.48
247431.0,-56.0,-347701.0,0.05,6.96
247437.0,54.0,-347819.0,-0.033,6.48
247442.0,-141.0,-348098.0,0.008,6.23
247447.0,-207.0,-347554.0,0.033,6.48
247453.0,-279.0,-347556.0,0.108,6.48
247458.0,-229.0,-347596.0,0.0,6.72
247463.0,-78.0,-347531.0,-0.083,6.23
247470.0,78.0,-347585.0,0.017,6.48
247475.0,-10.0,-347469.0,0.025,6.23
247481.0,-324.0,-347553.0,0.017,6.48
247485.0,-133.0,-347388.0,-0.025,6.72
247491.0,183.0,-347514.0,0.042,6.48
247497.0,93.0,-347386.0,0.033,6.23
247502.0,-17.0,-347746.0,0.033,6.48
247507.0,44.0,-347671.0,0.033,6.48
247513.0,-20.0,-347685.0,0.008,6.48
247519.0,116.0,-347277.0,-0.017,6.48
247524.0,-26.0,-347411.0,0.042,6.48
247529.0,-75.0,-347476.0,-0.067,6.48
247535.0,25.0,-346908.0,0.0,6.48
247540.0,53.0,-347502.0,-0.108,6.23
247545.0,-183.0,-347187.0,0.008,6.23
247550.0,-188.0,-347576.0,0.108,7.21
247557.0,-36.0,-347336.0,0.075,6.23
247562.0,-256.0,-346894.0,0.042,6.48
247567.0,-359.0,-346871.0,0.042,6.23
247572.0,-93.0,-347207.0,0.017,6.23
247578.0,-233.0,-347041.0,0.0,6.48
247583.0,5.0,-347034.0,0.092,6.72
247588.0,-376.0,-347419.0,-0.033,6.48
247593.0,-292.0,-347187.0,0.108,6.48
247600.0,40.0,-347439.0,0.025,6.48
247604.0,-123.0,-347188.0,0.058,6.23
247610.0,279.0,-346960.0,0.033,6.72
247616.0,-175.0,-347108.0,-0.033,6.48
247621.0,-21.0,-346946.0,0.058,6.48
247626.0,-262.0,-346941.0,0.092,6.48
247632.0,-404.0,-346751.0,0.05,6.48
247638.0,18.0,-347051.0,0.033,6.48
247643.0,-380.0,-347136.0,0.017,6.48
247648.0,-207.0,-347007.0,0.008,6.23
247653.0,119.0,-346845.0,-0.075,6.48
247659.0,41.0,-346877.0,0.033,6.72
247664.0,62.0,-346852.0,0.008,6.48
247669.0,156.0,-346904.0,0.067,6.48
247675.0,-270.0,-346784.0,0.017,6.48
247681.0,54.0,-346384.0,0.025,6.48
247686.0,67.0,-346781.0,0.167,6.48
247692.0,-193.0,-346869.0,-0.05,6.23
247697.0,-113.0,-346905.0,0.042,6.23
247702.0,-145.0,-346872.0,0.0,6.72
247707.0,290.0,-346493.0,0.05,6.48
247713.0,216.0,-346867.0,0.017,6.96
247718.0,120.0,-346653.0,-0.05,6.23
247724.0,17.0,-346708.0,0.042,5.25
247729.0,-102.0,-346798.0,0.008,6.96
247735.0,-56.0,-346974.0,0.075,6.96
247739.0,-41.0,-346893.0,0.108,6.23
247744.0,-132.0,-346081.0,0.075,6.48
247750.0,8.0,-346541.0,-0.008,6.23
247755.0,-35.0,-346594.0,0.033,6.23
247760.0,-142.0,-346562.0,-0.058,6.48
247766.0,-76.0,-346370.0,-0.025,6.48
247771.0,-110.0,-346161.0,-0.017,7.21
247776.0,-19.0,-346694.0,-0.025,6.72
247782.0,-3.0,-346626.0,0.05,6.48
247787.0,-67.0,-346463.0,0.017,6.23
247791.0,-156.0,-345992.0,0.092,6.48
247797.0,-92.0,-346400.0,0.0,6.48
247802.0,-92.0,-346401.0,-0.025,7.21
247808.0,-21.0,-346396.0,0.042,6.23
247813.0,-31.0,-346284.0,0.017,7.21
247818.0,225.0,-346393.0,0.017,6.48
247823.0,130.0,-346292.0,-0.033,6.23
247829.0,-130.0,-346092.0,0.017,6.96
247834.0,20.0,-345773.0,0.042,6.96
247838.0,-435.0,-346276.0,-0.05,6.23
247844.0,-99.0,-346134.0,0.042,6.48
247849.0,97.0,-346459.0,0.058,6.23
247855.0,218.0,-346160.0,0.117,6.72
247860.0,-74.0,-346062.0,-0.008,6.48
247865.0,-120.0,-346237.0,0.008,7.21
247870.0,-149.0,-346230.0,-0.067,6.48
247876.0,-271.0,-346102.0,0.008,6.72
247881.0,-131.0,-346193.0,0.058,6.48
247886.0,32.0,-345958.0,-0.017,6.96
247891.0,-134.0,-345822.0,-0.042,6.96
247898.0,190.0,-345958.0,0.042,6.23
247903.0,312.0,-345873.0,0.0,6.23
247908.0,357.0,-346156.0,-0.05,6.48
247913.0,-293.0,-346000.0,0.067,6.72
247918.0,-251.0,-345971.0,0.017,6.48
247923.0,96.0,-345878.0,0.233,6.23
247928.0,-336.0,-346028.0,-0.008,6.23
247934.0,78.0,-345895.0,-0.042,6.72
247939.0,39.0,-345580.0,-0.008,6.23
247945.0,243.0,-345814.0,-0.008,6.48
247950.0,-99.0,-346009.0,0.05,6.23
247955.0,-64.0,-345804.0,0.033,6.96
247960.0,-112.0,-345556.0,0.025,6.96
247965.0,-30.0,-345633.0,0.033,6.72
247970.0,-237.0,-346004.0,-0.033,6.23
247976.0,41.0,-345718.0,-0.025,6.23
247982.0,-9.0,-345533.0,-0.025,6.23
247986.0,108.0,-345526.0,0.0,6.48
247992.0,28.0,-345356.0,0.025,6.48
247997.0,-22.0,-345859.0,-0.05,7.21
248002.0,67.0,-345558.0,0.117,6.23
248007.0,149.0,-345408.0,0.05,6.72
248012.0,-91.0,-345601.0,-0.142,7.21
248017.0,68.0,-345150.0,-0.008,6.23
248023.0,-182.0,-345442.0,0.025,6.23
248029.0,-74.0,-345483.0,-0.017,6.72
248033.0,-101.0,-345492.0,-0.033,6.48
248039.0,203.0,-345594.0,0.017,6.48
248044.0,-173.0,-345615.0,0.067,6.48
248049.0,-118.0,-345424.0,0.05,6.48
248054.0,244.0,-345184.0,0.058,6.48
248059.0,-24.0,-345483.0,0.033,6.48
248065.0,39.0,-345596.0,0.058,6.72
248070.0,86.0,-345078.0,0.0,6.96
248075.0,-22.0,-345227.0,-0.025,6.72
248080.0,-103.0,-345044.0,0.05,6.96
248085.0,-79.0,-345400.0,0.033,6.72
248091.0,269.0,-345303.0,0.008,6.96
248095.0,240.0,-344924.0,0.042,6.72
248101.0,-136.0,-345096.0,-0.017,6.48
248107.0,120.0,-345285.0,0.025,6.48
248112.0,59.0,-345042.0,0.042,6.48
248117.0,-69.0,-345088.0,0.017,6.23
248122.0,-109.0,-345109.0,0.0,6.96
248127.0,304.0,-344982.0,0.058,6.72
248133.0,-306.0,-345142.0,0.0,6.23
248138.0,12.0,-344751.0,0.108,6.48
248142.0,123.0,-344978.0,0.05,6.72
248148.0,-97.0,-345048.0,0.108,6.23
248154.0,-77.0,-344989.0,0.092,6.96
248159.0,-56.0,-344830.0,0.108,6.23
248164.0,-58.0,-344988.0,0.025,6.72
248169.0,-38.0,-344771.0,0.083,6.23
248174.0,163.0,-345114.0,-0.075,6.23
248179.0,-251.0,-344706.0,0.0,6.48
248185.0,-293.0,-344537.0,0.1,6.48
248189.0,-302.0,-345154.0,-0.05,6.96
248195.0,59.0,-344615.0,-0.033,6.48
248200.0,37.0,-344830.0,0.033,6.23
248205.0,-40.0,-344598.0,0.033,6.23
248210.0,138.0,-344671.0,0.058,6.72
248215.0,26.0,-344502.0,-0.075,6.48
248221.0,-79.0,-344736.0,-0.008,6.72
248226.0,101.0,-344695.0,0.017,6.48
248231.0,-71.0,-344858.0,0.067,6.48
248237.0,138.0,-344646.0,0.133,6.48
248242.0,-152.0,-344422.0,-0.025,6.23
248248.0,-198.0,-344529.0,0.0,6.23
248252.0,41.0,-344870.0,-0.033,6.23
248258.0,287.0,-344630.0,0.017,6.96
248263.0,23.0,-344517.0,0.108,6.48
248268.0,-156.0,-344314.0,-0.075,6.48
248273.0,302.0,-344298.0,-0.058,6.48
248279.0,72.0,-344137.0,0.067,6.23
248284.0,-45.0,-344478.0,-0.067,6.96
248289.0,-18.0,-343927.0,0.008,6.48
248294.0,-272.0,-344468.0,0.083,6.48
248299.0,115.0,-343966.0,0.1,6.23
248304.0,281.0,-344065.0,0.05,6.96
248309.0,-109.0,-344338.0,0.05,6.72
248314.0,32.0,-343964.0,0.125,6.23
248320.0,160.0,-344105.0,0.008,6.23
248326.0,164.0,-344208.0,0.092,6.72
248331.0,-123.0,-344152.0,0.05,6.48
248336.0,-129.0,-344486.0,-0.042,6.48
248341.0,-113.0,-344519.0,0.025,6.48
248346.0,-44.0,-344200.0,0.017,6.23
248351.0,143.0,-344275.0,-0.075,6.48
248356.0,141.0,-344054.0,0.042,6.23
248361.0,192.0,-344262.0,-0.025,6.23
248367.0,90.0,-344059.0,0.008,6.96
248372.0,-34.0,-344198.0,0.033,6.96
248377.0,41.0,-344208.0,-0.058,6.23
248382.0,-101.0,-344097.0,0.042,6.72
248388.0,-19.0,-343792.0,0.008,6.48
248393.0,94.0,-343820.0,0.042,6.23
248398.0,-192.0,-343847.0,-0.058,6.23
248403.0,316.0,-344134.0,0.067,6.23
248409.0,221.0,-343970.0,0.108,6.48
248414.0,-205.0,-343491.0,0.017,6.48
248419.0,173.0,-343968.0,0.033,6.96
248424.0,344.0,-343814.0,-0.017,6.48
248430.0,194.0,-343927.0,0.083,6.23
248435.0,248.0,-343612.0,-0.142,6.72
248440.0,245.0,-343928.0,-0.05,6.48
248445.0,-292.0,-344115.0,0.0,7.21
248451.0,96.0,-343862.0,0.083,6.72
248456.0,69.0,-344088.0,-0.033,6.96
248461.0,427.0,-344391.0,0.008,6.23
248466.0,9.0,-343800.0,0.042,6.48
248471.0,106.0,-343500.0,-0.033,6.23
248476.0,-104.0,-343673.0,0.058,6.72
248481.0,46.0,-343880.0,0.025,6.48
248486.0,-159.0,-343710.0,-0.05,6.96
248493.0,217.0,-343777.0,0.083,6.48
248498.0,-237.0,-343316.0,0.042,6.48
248503.0,-108.0,-343904.0,0.033,6.48
248508.0,106.0,-343869.0,0.092,6.23
248513.0,106.0,-343402.0,0.042,6.23
248518.0,-19.0,-343206.0,0.067,6.48
248523.0,-214.0,-343171.0,-0.067,6.72
248528.0,-76.0,-343502.0,0.033,6.23
248534.0,-183.0,-343406.0,0.025,6.48
248539.0,93.0,-343361.0,0.05,6.48
248544.0,273.0,-343300.0,-0.017,6.72
248550.0,24.0,-343220.0,-0.017,6.72
248555.0,6.0,-343337.0,0.033,6.72
248560.0,18.0,-343346.0,0.042,6.48
248565.0,153.0,-343338.0,-0.075,6.23
248570.0,219.0,-343353.0,0.017,6.48
248576.0,165.0,-343258.0,-0.008,6.96
248581.0,-166.0,-343312.0,-0.092,6.23
248586.0,112.0,-343555.0,0.0,6.23
248592.0,18.0,-343216.0,0.175,6.23
248597.0,-151.0,-342860.0,-0.083,6.96
248601.0,-184.0,-343099.0,0.0,6.48
248607.0,198.0,-342993.0,0.017,6.48
248612.0,-63.0,-343205.0,0.075,6.23
248617.0,-214.0,-343150.0,0.008,6.48
248623.0,222.0,-343142.0,0.025,6.96
248628.0,-119.0,-343408.0,0.033,6.96
248633.0,44.0,-343017.0,-0.05,6.23
248638.0,546.0,-343000.0,0.133,6.23
248643.0,207.0,-342848.0,-0.033,6.48
248649.0,139.0,-342787.0,0.067,6.48
248654.0,-83.0,-343034.0,0.083,6.48
248659.0,20.0,-343096.0,0.092,6.96
248665.0,54.0,-343247.0,-0.083,6.48
248670.0,182.0,-342992.0,0.033,6.48
248675.0,453.0,-342986.0,0.0,6.23
248680.0,-129.0,-342891.0,0.0,6.48
248685.0,33.0,-342898.0,0.125,6.96
248690.0,18.0,-342894.0,0.108,6.48
248695.0,138.0,-342725.0,-0.067,6.48
248701.0,-64.0,-343044.0,0.042,6.23
248707.0,129.0,-342602.0,-0.058,6.96
248711.0,272.0,-342717.0,-0.008,6.48
248717.0,-116.0,-342753.0,0.092,6.23
