time_ms,p1,p2,f3,f4
11042.0,451.0,1664.0,0.033,6.23
11047.0,115.0,1881.0,0.058,6.48
11052.0,168.0,1766.0,0.008,6.72
11057.0,378.0,1495.0,0.033,6.48
11062.0,307.0,1602.0,0.042,6.48
11066.0,4.0,1835.0,-0.025,6.48
11071.0,57.0,1650.0,0.083,6.48
11076.0,63.0,1882.0,0.092,6.48
11081.0,127.0,2043.0,0.017,6.23
11086.0,242.0,1655.0,0.075,6.23
11091.0,514.0,1531.0,0.033,6.23
11097.0,12.0,1680.0,0.067,6.96
11102.0,-137.0,1841.0,0.058,6.96
11107.0,175.0,1770.0,0.042,6.23
11112.0,141.0,2121.0,-0.008,6.72
11117.0,-144.0,1713.0,0.017,6.23
11122.0,88.0,2016.0,0.05,6.72
11127.0,195.0,1911.0,0.042,6.48
11132.0,131.0,1920.0,0.033,6.72
11138.0,-1.0,1497.0,0.108,6.48
11142.0,154.0,1871.0,0.05,6.23
11147.0,82.0,1660.0,0.042,6.23
11152.0,249.0,2236.0,0.033,6.72
11157.0,176.0,2073.0,0.025,6.23
11162.0,-124.0,1616.0,0.008,6.23
11167.0,-39.0,2012.0,-0.017,6.23
11172.0,153.0,1787.0,0.008,6.23
11177.0,-146.0,1531.0,0.008,6.23
11182.0,311.0,1556.0,0.042,6.96
11187.0,149.0,1637.0,0.05,6.23
11192.0,54.0,1493.0,0.042,6.23
11197.0,-78.0,1644.0,-0.017,6.72
11202.0,115.0,2038.0,0.025,6.23
11207.0,334.0,1791.0,0.042,6.96
11212.0,-352.0,1754.0,0.117,6.96
11217.0,-173.0,1576.0,0.008,6.23
11223.0,473.0,1555.0,0.017,6.23
11228.0,48.0,1898.0,0.108,6.23
11232.0,-236.0,1863.0,0.108,6.23
11237.0,92.0,1996.0,0.033,6.96
11242.0,211.0,2044.0,0.017,6.72
11247.0,251.0,2079.0,-0.033,6.23
11252.0,320.0,1968.0,0.05,6.23
11257.0,334.0,1492.0,0.117,6.48
11262.0,220.0,1569.0,-0.025,6.96
11268.0,229.0,1721.0,0.067,6.23
11273.0,68.0,1650.0,0.083,6.23
11278.0,66.0,1843.0,0.008,6.48
11282.0,-123.0,1790.0,0.0,6.23
11287.0,95.0,1663.0,0.008,6.23
11292.0,400.0,1831.0,0.05,5.99
11297.0,74.0,1652.0,0.05,6.23
11302.0,215.0,1873.0,0.092,6.48
11308.0,25.0,1924.0,0.008,6.96
11313.0,79.0,2205.0,-0.008,6.96
11318.0,320.0,1897.0,-0.025,6.23
11323.0,398.0,1644.0,0.05,6.48
11327.0,253.0,1519.0,0.033,6.23
11332.0,20.0,1658.0,0.125,6.23
11337.0,117.0,1634.0,-0.167,6.72
11342.0,-150.0,1761.0,0.208,6.96
11347.0,-2.0,1704.0,0.092,6.23
11352.0,223.0,1972.0,0.058,6.48
11357.0,291.0,1939.0,0.042,6.72
11362.0,194.0,1765.0,-0.042,6.48
11367.0,215.0,1766.0,0.008,6.96
11372.0,285.0,1637.0,0.025,6.72
11377.0,364.0,1673.0,-0.017,6.23
11382.0,-222.0,1766.0,-0.008,6.72
11387.0,-134.0,1858.0,0.133,6.23
11393.0,97.0,2016.0,0.042,6.23
11398.0,-167.0,1839.0,0.092,6.48
11403.0,33.0,2096.0,-0.017,6.48
11408.0,-108.0,1863.0,0.033,6.23
11413.0,64.0,2088.0,0.033,6.23
11418.0,143.0,1916.0,0.075,6.23
11423.0,247.0,1461.0,-0.025,6.23
11428.0,201.0,1728.0,0.017,6.23
11433.0,214.0,1920.0,0.075,6.23
11439.0,-72.0,2129.0,-0.025,6.48
11444.0,337.0,1563.0,0.092,6.23
11448.0,-188.0,1662.0,-0.05,6.23
11453.0,104.0,1815.0,-0.017,6.23
11458.0,203.0,1769.0,0.067,6.48
11463.0,-3.0,1842.0,-0.008,6.23
11468.0,62.0,1942.0,0.1,6.96
11473.0,351.0,1973.0,0.075,6.23
11479.0,73.0,1942.0,0.05,6.23
11483.0,-74.0,1997.0,0.058,6.48
11488.0,402.0,1842.0,0.017,6.23
11493.0,-7.0,1760.0,0.067,5.99
11498.0,69.0,1663.0,-0.033,6.48
11504.0,293.0,1985.0,0.033,6.96
11509.0,364.0,1607.0,0.075,6.23
11513.0,-147.0,1774.0,0.017,6.48
11518.0,-74.0,2012.0,0.0,7.94
11524.0,159.0,1681.0,-0.025,6.23
11529.0,-157.0,1528.0,0.083,5.99
11533.0,148.0,2291.0,0.0,6.96
11538.0,354.0,1508.0,0.092,6.72
11543.0,227.0,2258.0,0.15,6.23
11548.0,-177.0,2025.0,0.067,6.72
11553.0,33.0,2100.0,0.067,6.48
11558.0,358.0,1905.0,0.067,6.23
11564.0,56.0,1934.0,0.158,6.96
11569.0,-77.0,1758.0,0.058,6.23
11574.0,-57.0,1755.0,-0.025,6.72
11579.0,157.0,1529.0,0.042,6.23
11584.0,-24.0,2029.0,-0.008,6.23
11589.0,-139.0,1726.0,-0.092,6.96
11594.0,226.0,1722.0,0.017,6.72
11598.0,83.0,1691.0,0.092,6.23
11604.0,151.0,1735.0,0.033,6.72
11610.0,18.0,1651.0,0.017,6.23
11614.0,183.0,1682.0,-0.025,6.48
11619.0,-140.0,1854.0,0.075,6.72
11624.0,247.0,2081.0,-0.05,6.23
11629.0,341.0,2003.0,0.017,6.23
11634.0,282.0,1765.0,0.05,6.23
11639.0,-117.0,1812.0,0.108,6.23
11644.0,-45.0,1938.0,0.058,6.23
11650.0,132.0,1773.0,-0.008,6.96
11655.0,510.0,1508.0,0.0,6.23
11660.0,331.0,1774.0,-0.017,6.23
11664.0,-78.0,1635.0,0.025,6.72
11670.0,282.0,1431.0,0.017,6.23
11674.0,439.0,1732.0,0.067,6.48
11679.0,-119.0,1639.0,0.042,6.48
11684.0,50.0,1589.0,-0.008,6.23
11689.0,189.0,1510.0,0.0,6.23
11695.0,473.0,1948.0,0.058,6.23
11700.0,240.0,1929.0,0.083,6.72
11705.0,80.0,1716.0,0.05,6.23
11710.0,-77.0,1806.0,0.108,6.23
11714.0,-36.0,1817.0,0.05,6.72
11719.0,70.0,2011.0,0.042,6.96
11724.0,145.0,2048.0,-0.075,4.52
11729.0,143.0,2139.0,0.0,6.23
11735.0,28.0,1633.0,0.042,6.48
11739.0,105.0,1676.0,0.05,6.23
11745.0,311.0,1880.0,0.042,6.96
11749.0,184.0,2119.0,0.05,6.23
11754.0,10.0,1832.0,0.1,6.23
11759.0,-247.0,1592.0,-0.025,6.23
11764.0,40.0,1605.0,-0.008,6.23
11769.0,128.0,1927.0,0.075,6.23
11774.0,-95.0,1796.0,0.05,6.96
11780.0,-53.0,1751.0,0.025,5.99
11785.0,74.0,1567.0,-0.025,6.48
11789.0,51.0,1588.0,0.025,6.48
11795.0,33.0,1770.0,-0.05,6.48
11799.0,106.0,1769.0,-0.008,6.96
11804.0,540.0,1576.0,0.067,6.48
11809.0,223.0,1665.0,0.0,6.23
11814.0,-41.0,2086.0,0.025,6.23
11820.0,18.0,1996.0,-0.017,7.94
11824.0,369.0,2125.0,0.075,6.48
11830.0,131.0,1927.0,0.05,6.23
11834.0,-88.0,1732.0,0.15,6.23
11839.0,380.0,1835.0,0.008,6.23
11845.0,56.0,1949.0,-0.025,7.21
11849.0,-211.0,1674.0,0.092,6.23
11854.0,13.0,1897.0,0.092,6.23
11859.0,76.0,1600.0,0.025,6.96
11865.0,16.0,1869.0,0.033,6.23
11870.0,29.0,2227.0,0.075,6.72
11874.0,268.0,1946.0,-0.008,6.48
11880.0,-102.0,1602.0,0.0,6.72
11884.0,-173.0,1437.0,0.175,6.48
11889.0,211.0,1700.0,0.008,6.48
11894.0,290.0,1704.0,-0.117,6.72
11899.0,45.0,1583.0,0.158,6.23
11905.0,271.0,1807.0,0.025,6.23
11910.0,356.0,1792.0,0.133,6.23
11915.0,202.0,1783.0,0.058,6.96
11920.0,42.0,1977.0,0.017,6.48
11925.0,-29.0,1740.0,0.092,6.23
11930.0,165.0,1734.0,0.025,6.96
11935.0,335.0,2008.0,0.058,6.23
11940.0,118.0,1967.0,0.0,6.48
11945.0,44.0,1746.0,0.042,6.72
11950.0,311.0,1921.0,0.025,6.72
11955.0,339.0,1776.0,0.033,6.23
11961.0,227.0,1706.0,0.075,6.72
11965.0,-48.0,1721.0,-0.133,6.96
11970.0,344.0,1808.0,-0.008,6.23
11975.0,367.0,1583.0,0.092,6.48
11980.0,-67.0,1640.0,-0.05,6.23
11985.0,51.0,1776.0,-0.025,6.23
11991.0,-194.0,1761.0,0.017,6.96
11996.0,10.0,1874.0,0.033,6.23
12000.0,109.0,1971.0,-0.008,6.23
12005.0,29.0,2288.0,0.0,7.7
12011.0,247.0,1972.0,0.067,6.72
12015.0,348.0,1903.0,0.083,6.23
12020.0,362.0,2000.0,0.025,8.68
12025.0,109.0,2209.0,0.058,6.96
12030.0,493.0,1910.0,-0.017,6.23
12036.0,71.0,1882.0,0.033,6.23
12041.0,174.0,1679.0,-0.075,6.72
12046.0,264.0,1878.0,0.058,6.23
12051.0,254.0,1898.0,0.025,6.72
12056.0,175.0,1969.0,0.092,6.48
12061.0,3.0,1771.0,0.017,6.23
12067.0,13.0,1843.0,-0.042,6.23
12071.0,-110.0,2090.0,0.008,6.23
12078.0,-198.0,2012.0,0.058,6.23
12083.0,-4.0,2216.0,0.058,6.48
12088.0,201.0,2235.0,0.083,6.23
12093.0,-41.0,1913.0,0.092,6.23
12099.0,365.0,2005.0,0.033,6.23
12103.0,364.0,2054.0,-0.117,6.23
12108.0,-162.0,1867.0,0.008,6.72
12114.0,-130.0,2061.0,0.025,6.96
12119.0,33.0,1924.0,0.033,6.48
12124.0,125.0,1780.0,0.008,6.48
12130.0,-397.0,1798.0,0.042,6.72
12135.0,-220.0,1765.0,-0.058,7.21
12140.0,56.0,1713.0,-0.05,6.23
12145.0,166.0,2069.0,-0.017,7.45
12150.0,-5.0,2162.0,-0.05,6.23
12155.0,331.0,1648.0,0.017,6.48
12162.0,255.0,1852.0,0.133,6.23
12166.0,62.0,1853.0,-0.108,6.72
12171.0,118.0,1930.0,-0.183,6.48
12177.0,146.0,1786.0,0.25,6.23
12181.0,449.0,2027.0,-0.067,6.96
12187.0,49.0,1901.0,-0.008,6.23
12192.0,231.0,1755.0,0.075,6.72
12197.0,312.0,2276.0,0.192,6.48
12203.0,326.0,1974.0,-0.1,6.48
12209.0,274.0,1992.0,0.083,6.23
12213.0,147.0,2153.0,-0.05,7.21
12218.0,255.0,1928.0,-0.15,6.96
12224.0,-131.0,1904.0,0.083,6.23
12228.0,-82.0,2141.0,0.033,6.23
12234.0,-80.0,2131.0,0.075,4.28
12239.0,154.0,2059.0,0.05,6.48
12244.0,-37.0,2016.0,0.008,6.72
12250.0,-5.0,1912.0,-0.025,6.23
12255.0,121.0,1400.0,0.117,6.23
12260.0,278.0,1867.0,0.133,6.48
12265.0,138.0,1929.0,0.075,6.23
12271.0,344.0,1505.0,-0.017,6.23
12275.0,471.0,1542.0,0.1,6.23
12280.0,105.0,1747.0,-0.042,6.23
12286.0,-27.0,1987.0,-0.008,6.72
12291.0,250.0,1934.0,0.083,6.48
12297.0,436.0,1656.0,0.008,6.23
12302.0,-12.0,1486.0,0.017,6.48
12307.0,195.0,1519.0,-0.033,6.72
12312.0,467.0,2053.0,-0.008,6.23
12318.0,-45.0,1989.0,0.05,6.23
12322.0,54.0,1552.0,0.05,6.48
12328.0,-62.0,1682.0,0.075,6.23
12334.0,-100.0,1602.0,0.2,6.96
12339.0,-77.0,1523.0,0.125,6.48
12344.0,101.0,1690.0,0.025,6.23
12349.0,105.0,1792.0,0.042,6.48
12354.0,128.0,1983.0,-0.092,6.23
12359.0,278.0,1691.0,-0.025,6.23
12364.0,58.0,1731.0,-0.075,6.23
12369.0,319.0,1780.0,-0.05,6.72
12375.0,221.0,1430.0,0.0,6.23
12381.0,-139.0,1950.0,0.025,6.23
12385.0,176.0,1617.0,0.075,6.96
12391.0,446.0,1703.0,0.058,6.96
12396.0,-290.0,1793.0,-0.042,6.96
12402.0,-16.0,1973.0,0.092,6.23
12406.0,-9.0,1848.0,-0.117,6.96
12412.0,373.0,1892.0,-0.058,6.23
12418.0,299.0,1542.0,0.025,6.23
12423.0,124.0,1903.0,0.025,6.23
12428.0,286.0,2103.0,0.1,6.23
12433.0,338.0,1827.0,-0.008,6.96
12438.0,275.0,1884.0,0.075,6.23
12443.0,313.0,1770.0,-0.025,6.48
12449.0,125.0,1846.0,0.05,6.23
12453.0,-2.0,1853.0,-0.1,5.74
12460.0,310.0,1747.0,0.025,6.23
12465.0,84.0,1797.0,-0.042,6.72
12470.0,-147.0,2056.0,-0.1,6.48
12475.0,-151.0,1670.0,0.0,6.23
12481.0,-53.0,1926.0,0.075,7.21
12485.0,-56.0,2131.0,0.0,6.23
12491.0,-18.0,1781.0,0.092,6.48
12496.0,96.0,1649.0,0.042,6.23
12500.0,-349.0,1788.0,0.0,6.23
12507.0,239.0,1710.0,-0.025,6.48
12512.0,243.0,1202.0,0.175,6.23
12517.0,255.0,1585.0,0.1,6.23
12522.0,-72.0,1644.0,-0.033,6.48
12527.0,-6.0,1512.0,0.142,6.96
12532.0,67.0,1765.0,0.117,6.96
12537.0,229.0,1969.0,0.067,6.23
12544.0,123.0,1965.0,-0.108,6.72
12548.0,-26.0,2286.0,-0.042,6.23
12554.0,206.0,2092.0,-0.033,6.23
12559.0,-4.0,2098.0,-0.05,6.23
12563.0,163.0,2315.0,0.125,6.48
12569.0,209.0,2441.0,0.008,6.96
12574.0,171.0,2149.0,0.075,6.23
12579.0,-159.0,2198.0,-0.008,6.23
12584.0,-16.0,2191.0,-0.125,6.72
12590.0,462.0,1901.0,-0.008,6.72
12595.0,505.0,2062.0,0.0,6.23
12600.0,29.0,2140.0,-0.033,6.48
12606.0,-9.0,1732.0,0.25,6.23
12610.0,220.0,1757.0,-0.058,6.48
12616.0,-60.0,1813.0,-0.025,6.48
12621.0,366.0,1093.0,0.017,6.96
12626.0,173.0,778.0,-0.108,6.96
12632.0,131.0,790.0,0.183,6.23
12637.0,-137.0,1070.0,0.158,6.96
12642.0,-158.0,1581.0,0.125,6.72
12647.0,-83.0,1865.0,0.175,6.48
12652.0,87.0,2194.0,-0.025,6.96
12656.0,-28.0,1775.0,-0.158,6.23
12662.0,238.0,1983.0,-0.042,6.23
12667.0,484.0,1834.0,-0.1,6.23
12672.0,55.0,1797.0,-0.175,6.72
12677.0,231.0,1916.0,0.075,6.96
12682.0,106.0,2055.0,0.208,6.72
12687.0,228.0,1609.0,0.292,6.48
12692.0,-190.0,1770.0,0.117,6.48
12697.0,-113.0,2319.0,0.025,6.48
12702.0,-159.0,2680.0,-0.125,6.23
12707.0,336.0,2113.0,-0.092,6.23
12712.0,134.0,1391.0,0.05,6.23
12718.0,182.0,1406.0,0.225,6.72
12723.0,397.0,2021.0,0.183,6.96
12728.0,63.0,1749.0,-0.017,6.23
12733.0,-100.0,1742.0,-0.017,6.23
12738.0,44.0,1038.0,-0.25,6.23
12743.0,334.0,1400.0,0.075,6.23
12748.0,58.0,1589.0,0.008,6.96
12753.0,161.0,1609.0,0.1,6.23
12760.0,473.0,2051.0,0.15,6.23
12765.0,169.0,2088.0,-0.158,6.48
12769.0,-66.0,2255.0,0.025,6.72
12774.0,100.0,2014.0,0.275,6.96
12779.0,259.0,2025.0,0.017,6.23
12784.0,209.0,1927.0,-0.217,6.72
12789.0,117.0,1902.0,0.158,6.48
12794.0,216.0,1807.0,0.275,6.23
12800.0,378.0,2082.0,0.158,6.23
12804.0,149.0,1533.0,0.233,6.48
12810.0,83.0,1927.0,0.033,6.23
12815.0,33.0,2210.0,-0.083,6.48
12819.0,-12.0,2287.0,-0.083,5.99
12824.0,126.0,2186.0,-0.167,6.48
12829.0,-71.0,2087.0,-0.042,6.48
12834.0,119.0,2219.0,0.075,6.48
12839.0,245.0,1972.0,0.108,6.72
12845.0,118.0,2171.0,0.142,6.96
12850.0,128.0,2268.0,0.1,6.23
12854.0,389.0,2233.0,-0.033,6.23
12860.0,201.0,1977.0,0.025,6.96
12865.0,-441.0,2294.0,0.15,6.23
12869.0,-216.0,2109.0,-0.067,6.96
12875.0,52.0,1679.0,0.075,6.72
12880.0,-210.0,1498.0,0.142,6.96
12886.0,-35.0,1670.0,0.067,6.72
12891.0,-55.0,1692.0,0.017,6.96
12896.0,121.0,2103.0,-0.033,6.23
12901.0,348.0,2097.0,-0.008,6.23
12907.0,18.0,2065.0,-0.017,5.99
12912.0,358.0,2246.0,0.083,6.23
12916.0,299.0,2517.0,-0.033,5.99
12921.0,-261.0,2360.0,0.0,6.48
12926.0,-132.0,2257.0,-0.067,6.48
12932.0,192.0,2413.0,0.025,6.23
12937.0,-572.0,2650.0,0.075,6.72
12942.0,-457.0,2171.0,0.058,6.48
12947.0,-487.0,2614.0,0.133,6.72
12951.0,-498.0,2395.0,0.125,6.48
12957.0,-88.0,1971.0,0.092,6.72
12962.0,370.0,1854.0,0.133,6.96
12966.0,99.0,2295.0,0.008,6.72
12972.0,347.0,2344.0,-0.058,6.48
12977.0,418.0,2143.0,0.05,6.23
12982.0,-216.0,1983.0,0.108,6.72
12987.0,-38.0,1998.0,-0.067,6.23
12992.0,25.0,1425.0,0.025,6.23
12997.0,-417.0,1294.0,0.033,6.96
13001.0,330.0,1543.0,0.0,6.48
13007.0,-112.0,1459.0,-0.1,6.23
13012.0,8.0,1962.0,0.05,6.23
13017.0,21.0,1607.0,0.05,6.23
13022.0,-141.0,1582.0,0.033,6.23
13027.0,128.0,1923.0,0.117,6.23
13032.0,4.0,1919.0,0.058,6.48
13037.0,-412.0,1840.0,-0.033,6.72
13042.0,-179.0,1651.0,0.05,6.23
13047.0,93.0,1990.0,0.125,6.96
13051.0,-84.0,1931.0,0.033,6.23
13058.0,166.0,1571.0,-0.108,6.72
13063.0,154.0,1524.0,-0.008,6.23
13068.0,83.0,1472.0,0.142,6.96
13073.0,197.0,1934.0,0.083,6.23
13078.0,285.0,1723.0,0.033,6.23
13082.0,416.0,2106.0,0.0,6.48
13087.0,128.0,1625.0,-0.042,6.23
13092.0,347.0,2234.0,0.092,6.23
13097.0,205.0,2008.0,0.025,6.72
13103.0,199.0,1853.0,0.1,6.72
13108.0,164.0,2188.0,0.033,6.72
13113.0,92.0,2426.0,0.133,6.23
13118.0,334.0,2223.0,0.092,6.23
13123.0,187.0,1971.0,-0.075,6.48
13129.0,-249.0,1769.0,-0.025,6.23
13134.0,171.0,2082.0,0.05,6.23
13139.0,236.0,2342.0,0.008,6.96
13145.0,188.0,2290.0,0.075,6.23
13150.0,240.0,2223.0,0.117,6.72
13155.0,489.0,2392.0,0.042,6.48
13160.0,307.0,2344.0,0.133,6.96
13165.0,157.0,2389.0,0.042,6.23
13170.0,36.0,2025.0,-0.058,6.72
13176.0,220.0,2493.0,0.042,6.23
13181.0,248.0,2338.0,-0.017,6.23
13187.0,125.0,2114.0,-0.108,6.48
13192.0,193.0,2386.0,-0.025,6.23
13197.0,193.0,2131.0,0.05,6.48
13202.0,70.0,1766.0,0.033,6.96
13207.0,452.0,1795.0,0.033,6.23
13212.0,520.0,1868.0,0.067,6.23
13217.0,217.0,1848.0,0.067,6.96
13222.0,297.0,1583.0,-0.008,6.96
13227.0,418.0,1704.0,0.0,6.48
13232.0,288.0,1957.0,0.125,6.72
13237.0,250.0,1508.0,0.05,6.23
13242.0,171.0,1592.0,-0.008,6.23
13247.0,393.0,1739.0,0.042,6.48
13252.0,456.0,1514.0,0.033,6.23
13257.0,140.0,1545.0,0.067,6.72
13262.0,100.0,1712.0,0.075,6.96
13267.0,373.0,1588.0,0.008,6.23
13273.0,171.0,1601.0,0.042,6.23
13277.0,112.0,1762.0,0.1,6.72
13283.0,48.0,1672.0,0.025,6.72
13288.0,504.0,1357.0,0.05,6.72
13293.0,427.0,1201.0,0.092,6.48
13297.0,320.0,1406.0,0.0,6.23
13302.0,47.0,1717.0,0.083,6.23
13307.0,271.0,1498.0,-0.067,6.48
13313.0,21.0,1613.0,-0.042,6.23
13318.0,232.0,2067.0,0.083,6.96
13323.0,528.0,1912.0,0.067,6.48
13327.0,335.0,1675.0,0.042,6.48
13332.0,181.0,1718.0,0.083,6.23
13337.0,285.0,1949.0,0.142,6.23
13342.0,700.0,1405.0,0.083,6.72
13347.0,136.0,1408.0,0.067,6.23
13352.0,210.0,1875.0,0.117,6.48
13358.0,327.0,1775.0,0.017,6.23
13363.0,125.0,1458.0,0.1,6.96
13368.0,112.0,1850.0,0.042,6.96
13373.0,287.0,1657.0,0.058,6.48
13378.0,47.0,2086.0,-0.05,6.48
13383.0,250.0,1688.0,0.042,6.72
13388.0,670.0,1547.0,0.033,6.72
13393.0,269.0,1355.0,-0.008,6.72
13398.0,180.0,1700.0,0.025,6.23
13403.0,106.0,1237.0,0.075,6.23
13408.0,193.0,1557.0,0.083,6.72
13413.0,-129.0,1684.0,-0.033,6.23
13418.0,-108.0,1728.0,0.117,6.23
13423.0,325.0,1633.0,0.042,6.23
13428.0,307.0,1612.0,-0.042,6.72
13433.0,282.0,1808.0,0.008,6.96
13438.0,-60.0,1671.0,0.042,6.48
13444.0,59.0,1727.0,0.108,8.92
13448.0,168.0,1586.0,0.083,6.48
13453.0,334.0,1805.0,0.017,6.48
13458.0,137.0,1617.0,0.025,6.23
13463.0,-269.0,1556.0,-0.05,6.48
13468.0,-184.0,1688.0,-0.008,6.23
13473.0,389.0,2059.0,0.075,6.72
13478.0,383.0,1892.0,-0.042,6.23
13484.0,304.0,1546.0,0.083,6.48
13489.0,350.0,1419.0,0.042,6.96
13494.0,504.0,1571.0,-0.017,6.72
13499.0,43.0,1829.0,0.108,6.23
13504.0,-71.0,1726.0,0.117,7.21
13509.0,419.0,1319.0,0.025,6.23
13514.0,476.0,1262.0,-0.025,6.23
13519.0,-18.0,955.0,0.108,6.96
13524.0,-327.0,1123.0,-0.025,6.23
13530.0,343.0,1260.0,0.083,6.23
13535.0,-231.0,1429.0,0.092,6.23
13539.0,-360.0,962.0,-0.008,6.96
13544.0,204.0,1169.0,0.025,6.23
13549.0,17.0,1197.0,0.05,5.25
13554.0,589.0,1152.0,0.017,6.23
13559.0,9.0,993.0,-0.058,6.23
13564.0,52.0,912.0,0.008,6.23
13569.0,-92.0,1051.0,-0.033,6.48
13574.0,39.0,1104.0,-0.017,6.23
13579.0,-295.0,1325.0,-0.017,6.48
13584.0,-16.0,1577.0,0.05,6.23
13589.0,356.0,1452.0,0.167,6.72
13594.0,38.0,1119.0,0.083,6.48
13598.0,187.0,1280.0,0.025,6.48
13603.0,221.0,1411.0,0.083,6.23
13608.0,512.0,1999.0,0.083,6.23
13614.0,163.0,1688.0,-0.05,6.96
13619.0,48.0,1558.0,0.1,6.72
13623.0,51.0,1619.0,0.075,6.48
13629.0,311.0,1673.0,-0.108,6.23
13634.0,386.0,1445.0,-0.058,8.19
13638.0,163.0,1916.0,0.225,6.23
13643.0,254.0,1860.0,-0.042,6.48
13648.0,209.0,2025.0,-0.067,6.48
13654.0,-237.0,2434.0,0.15,6.23
13659.0,78.0,2566.0,0.258,6.23
13664.0,454.0,2509.0,0.108,6.96
13669.0,8.0,2721.0,-0.058,6.72
13674.0,-63.0,2987.0,0.008,6.48
13679.0,157.0,3160.0,0.008,6.23
13685.0,317.0,3482.0,0.1,6.72
13690.0,348.0,3066.0,-0.008,6.48
13696.0,330.0,3233.0,-0.058,6.23
13701.0,634.0,3665.0,0.042,6.96
13706.0,759.0,3413.0,0.117,6.23
13711.0,104.0,3608.0,-0.008,6.48
13716.0,272.0,3748.0,-0.025,6.23
13721.0,95.0,3476.0,0.192,6.23
13726.0,77.0,3221.0,0.133,6.48
13732.0,59.0,3307.0,0.133,6.23
13737.0,240.0,3391.0,-0.017,6.23
13743.0,256.0,3018.0,0.008,6.72
13748.0,-264.0,2962.0,0.033,6.96
13753.0,-87.0,2844.0,0.158,6.72
13758.0,130.0,2771.0,0.008,6.23
13763.0,85.0,2413.0,0.017,6.23
13767.0,162.0,2294.0,0.025,6.96
13773.0,528.0,1916.0,0.058,6.72
13778.0,435.0,2216.0,-0.083,6.48
13783.0,266.0,2275.0,-0.075,6.23
13789.0,-6.0,1907.0,0.025,6.23
13793.0,293.0,1712.0,0.083,6.23
13798.0,27.0,1991.0,0.033,6.23
13803.0,146.0,1399.0,0.008,6.23
13808.0,189.0,1498.0,-0.008,6.23
13813.0,-23.0,1502.0,-0.017,6.48
13818.0,458.0,1635.0,0.083,5.99
13824.0,210.0,1864.0,0.133,6.72
13829.0,25.0,1798.0,0.067,6.72
13833.0,188.0,1735.0,-0.092,6.23
13839.0,310.0,681.0,-0.008,6.48
13843.0,67.0,660.0,0.008,6.23
13848.0,-155.0,579.0,0.05,6.23
13853.0,348.0,513.0,0.025,6.23
13857.0,287.0,600.0,0.208,6.96
13862.0,26.0,774.0,0.058,6.72
13868.0,5.0,965.0,0.117,6.23
13873.0,541.0,723.0,-0.042,6.23
13878.0,146.0,728.0,0.083,6.23
13882.0,92.0,917.0,-0.017,6.23
13887.0,21.0,838.0,-0.025,6.48
13892.0,213.0,839.0,0.033,5.99
13897.0,132.0,1091.0,-0.067,6.96
13901.0,173.0,992.0,0.017,6.96
13907.0,113.0,830.0,0.05,6.23
13912.0,412.0,787.0,0.017,6.23
13917.0,150.0,1458.0,0.025,6.23
13922.0,137.0,1902.0,0.033,6.72
13927.0,288.0,2043.0,-0.067,6.23
13932.0,-66.0,2305.0,0.075,6.23
13937.0,-81.0,2460.0,0.017,6.48
13942.0,-67.0,2839.0,-0.05,6.48
13947.0,216.0,2965.0,-0.017,6.23
13952.0,215.0,2876.0,0.025,6.96
13958.0,165.0,3300.0,-0.042,6.23
13962.0,62.0,3289.0,0.033,6.23
13967.0,374.0,3270.0,0.133,6.96
13972.0,181.0,3502.0,-0.108,6.23
13977.0,-34.0,3355.0,0.108,6.23
13982.0,48.0,3463.0,0.083,6.23
13987.0,173.0,3218.0,-0.025,6.23
13992.0,399.0,2511.0,0.075,6.23
13998.0,288.0,1895.0,0.05,6.23
14002.0,191.0,1916.0,0.142,6.23
14008.0,477.0,1902.0,-0.1,6.72
14012.0,330.0,2061.0,-0.033,6.23
14017.0,182.0,1896.0,-0.042,6.23
14023.0,746.0,1894.0,-0.092,6.23
14027.0,715.0,1497.0,-0.075,6.23
14032.0,371.0,1502.0,-0.058,6.96
14038.0,326.0,1567.0,0.117,6.23
14043.0,-82.0,1120.0,0.008,6.23
14048.0,-44.0,628.0,0.05,6.96
14053.0,131.0,847.0,0.008,6.23
14058.0,-177.0,953.0,-0.033,6.23
14063.0,-71.0,935.0,0.133,6.72
14068.0,-110.0,954.0,0.092,6.23
14073.0,390.0,506.0,0.017,6.23
14078.0,179.0,1094.0,-0.042,6.48
14084.0,70.0,589.0,-0.025,6.23
14089.0,56.0,557.0,0.1,6.23
14094.0,-85.0,806.0,0.075,5.74
14099.0,299.0,620.0,0.05,6.23
14104.0,259.0,936.0,0.0,6.48
14109.0,-50.0,965.0,0.033,6.23
14114.0,390.0,711.0,0.05,6.96
14119.0,168.0,703.0,0.042,6.72
14125.0,175.0,832.0,0.067,6.23
14130.0,-163.0,1192.0,0.017,6.23
14135.0,56.0,1344.0,0.083,6.23
14140.0,523.0,817.0,0.117,5.99
14145.0,-129.0,995.0,-0.008,6.48
14150.0,-144.0,928.0,-0.058,6.23
14155.0,706.0,958.0,0.033,6.48
14161.0,260.0,1402.0,0.025,6.96
14166.0,87.0,1327.0,0.125,6.72
14171.0,61.0,848.0,0.067,6.23
14176.0,252.0,1059.0,-0.067,6.23
14181.0,414.0,1552.0,0.033,6.48
14186.0,106.0,1810.0,0.008,6.23
14190.0,459.0,1771.0,0.083,6.23
14196.0,-145.0,2057.0,0.033,6.48
14201.0,-397.0,2149.0,-0.008,6.48
14206.0,-26.0,2244.0,0.0,6.72
14212.0,554.0,1965.0,-0.033,6.23
14217.0,216.0,1879.0,0.042,6.72
14222.0,97.0,1788.0,0.075,6.48
14227.0,565.0,1876.0,0.033,6.48
14233.0,55.0,1860.0,0.058,6.96
14237.0,92.0,1657.0,0.042,6.23
14243.0,532.0,2171.0,0.042,6.23
14248.0,214.0,2249.0,0.0,6.23
14254.0,375.0,2486.0,0.158,6.23
14259.0,587.0,2176.0,0.0,6.23
14264.0,125.0,2320.0,0.0,6.23
14269.0,142.0,2119.0,0.017,6.23
14274.0,118.0,2311.0,-0.075,6.23
14280.0,-248.0,2329.0,-0.067,6.23
14284.0,357.0,2488.0,0.0,6.23
14289.0,465.0,2581.0,0.017,6.48
14296.0,161.0,2325.0,0.017,6.23
14300.0,-158.0,2228.0,0.017,6.23
14306.0,168.0,1986.0,0.125,6.48
14311.0,286.0,2256.0,0.083,6.23
14316.0,153.0,2177.0,0.008,6.23
14321.0,-13.0,1949.0,0.075,6.23
14327.0,187.0,2125.0,0.058,6.96
14331.0,-44.0,2308.0,0.008,6.72
14338.0,96.0,1942.0,0.025,6.23
14343.0,254.0,2194.0,0.092,6.48
14348.0,-41.0,2281.0,-0.025,6.48
14353.0,457.0,2280.0,0.017,6.48
14358.0,79.0,1984.0,0.017,6.72
14363.0,126.0,2285.0,0.0,6.72
14368.0,342.0,2147.0,-0.008,6.48
14373.0,-24.0,2153.0,-0.05,6.72
14379.0,265.0,2066.0,0.025,7.45
14384.0,-23.0,2154.0,0.1,6.23
14390.0,27.0,2084.0,0.075,5.99
14394.0,52.0,2399.0,-0.042,6.23
14400.0,130.0,2325.0,0.058,6.48
14405.0,190.0,2283.0,-0.008,5.99
14410.0,-59.0,2308.0,0.042,6.23
14415.0,-41.0,2338.0,0.025,6.23
14422.0,57.0,2134.0,0.083,6.96
14426.0,40.0,1903.0,-0.025,6.48
14431.0,-102.0,1787.0,0.058,6.48
14437.0,766.0,1077.0,0.15,6.72
14441.0,395.0,1344.0,0.017,6.23
14447.0,-217.0,1500.0,-0.025,6.23
14452.0,39.0,1674.0,-0.042,6.23
14458.0,139.0,1924.0,0.117,6.23
14462.0,-242.0,2061.0,0.133,6.48
14469.0,132.0,2197.0,-0.033,6.72
14474.0,210.0,2377.0,0.033,6.23
14479.0,125.0,2470.0,0.1,6.48
14484.0,171.0,2496.0,-0.033,6.23
14490.0,49.0,2282.0,0.058,6.23
14494.0,-74.0,2275.0,0.067,6.23
14500.0,6.0,2209.0,0.0,6.48
14505.0,26.0,2275.0,0.083,6.23
14510.0,91.0,2416.0,0.05,6.23
14516.0,465.0,2618.0,-0.025,6.23
14521.0,343.0,2732.0,0.058,6.23
14526.0,178.0,2847.0,0.058,6.23
14531.0,264.0,2517.0,0.092,6.23
14537.0,558.0,2319.0,0.05,6.48
14542.0,558.0,2206.0,0.008,6.23
14546.0,509.0,2309.0,0.017,6.48
14553.0,-41.0,2431.0,-0.067,6.96
14557.0,104.0,1884.0,0.1,6.96
14563.0,78.0,2260.0,-0.008,6.23
14568.0,238.0,1494.0,0.042,6.72
14573.0,395.0,1315.0,0.017,6.23
14578.0,127.0,1337.0,0.1,6.96
14584.0,99.0,1573.0,-0.067,6.96
14588.0,158.0,1494.0,0.025,6.23
14595.0,20.0,1050.0,0.033,6.96
14600.0,198.0,1020.0,0.0,6.72
14605.0,290.0,1391.0,0.017,6.48
14609.0,327.0,1148.0,-0.033,6.96
14615.0,227.0,1166.0,0.0,6.48
14619.0,70.0,1347.0,-0.025,6.23
14625.0,326.0,853.0,-0.033,6.23
14630.0,142.0,617.0,-0.058,6.72
14636.0,97.0,808.0,0.042,6.23
14641.0,441.0,812.0,0.05,6.48
14646.0,331.0,1072.0,0.008,6.48
14651.0,50.0,977.0,-0.017,6.23
14656.0,-188.0,851.0,0.0,6.23
14661.0,126.0,1076.0,-0.017,6.23
14666.0,-5.0,1147.0,0.067,6.96
14671.0,81.0,1505.0,0.075,6.48
14676.0,-114.0,1510.0,0.075,6.23
14682.0,236.0,1738.0,0.133,6.48
14688.0,172.0,1550.0,0.008,6.96
14692.0,0.0,1759.0,-0.042,6.96
14697.0,69.0,1820.0,-0.05,6.23
14702.0,283.0,2073.0,-0.017,6.23
14706.0,308.0,1878.0,-0.158,6.23
14712.0,-18.0,2008.0,0.008,6.48
14716.0,-15.0,1891.0,0.042,6.23
14723.0,407.0,2255.0,0.15,6.96
14728.0,39.0,2243.0,0.133,6.23
14733.0,389.0,2332.0,0.05,6.96
14738.0,512.0,2607.0,0.042,6.72
14743.0,152.0,2579.0,0.033,6.48
14748.0,-147.0,2438.0,0.0,6.23
14753.0,205.0,2278.0,-0.075,6.72
14759.0,83.0,2010.0,-0.042,6.23
14764.0,46.0,1637.0,-0.075,6.96
14770.0,-94.0,1313.0,-0.042,6.23
14775.0,110.0,1097.0,0.1,6.72
14780.0,333.0,1266.0,0.008,6.23
14785.0,239.0,1464.0,0.133,6.48
14790.0,-129.0,1452.0,0.1,6.23
14795.0,315.0,1687.0,0.075,6.23
14800.0,66.0,1582.0,0.125,6.23
14806.0,-94.0,1897.0,0.042,6.23
14811.0,303.0,2212.0,-0.05,6.48
14816.0,-257.0,2592.0,0.042,6.23
14821.0,-277.0,2565.0,-0.05,6.48
14826.0,-154.0,1600.0,-0.092,7.45
14831.0,392.0,1766.0,-0.017,6.23
14836.0,627.0,1367.0,0.042,6.96
14841.0,471.0,873.0,-0.033,6.23
14846.0,17.0,1231.0,0.117,6.48
14852.0,209.0,1154.0,-0.083,6.96
14857.0,384.0,1200.0,-0.025,6.23
14863.0,-30.0,1530.0,0.017,6.23
14868.0,162.0,1717.0,0.067,6.48
14873.0,237.0,1625.0,-0.025,6.48
14878.0,-119.0,2323.0,0.025,6.96
14883.0,53.0,2402.0,-0.05,6.23
14888.0,52.0,1851.0,0.033,6.23
14894.0,84.0,1802.0,-0.108,6.23
14898.0,-79.0,1673.0,0.05,6.23
14904.0,85.0,1439.0,0.0,6.23
14909.0,439.0,1538.0,0.042,6.23
14914.0,12.0,1334.0,0.1,6.23
14919.0,134.0,1172.0,0.083,6.48
14924.0,364.0,1071.0,0.15,6.23
14929.0,99.0,1186.0,-0.025,6.48
14934.0,79.0,1549.0,0.075,6.23
14939.0,114.0,1504.0,0.05,6.23
14944.0,154.0,1578.0,0.067,6.96
14949.0,18.0,1761.0,-0.042,6.48
14954.0,399.0,1611.0,-0.042,6.96
14960.0,-173.0,1495.0,-0.108,6.23
14965.0,239.0,1714.0,0.0,6.23
14969.0,174.0,1691.0,0.017,6.23
14974.0,-190.0,1326.0,-0.025,6.48
14980.0,-125.0,1267.0,0.05,6.23
14985.0,337.0,1425.0,0.008,6.23
14990.0,101.0,1302.0,0.058,6.72
14995.0,72.0,1263.0,0.083,6.23
15000.0,264.0,1239.0,0.05,6.96
15005.0,-84.0,1160.0,0.092,6.48
15010.0,-221.0,1492.0,0.008,6.48
15016.0,-47.0,1824.0,-0.008,6.48
15022.0,425.0,1825.0,-0.067,6.23
15027.0,392.0,1849.0,0.017,6.23
15032.0,-110.0,1497.0,0.0,6.48
15037.0,334.0,1520.0,0.0,6.96
15042.0,449.0,1906.0,0.008,6.72
15048.0,-375.0,1666.0,0.008,6.23
15053.0,-181.0,1463.0,0.017,6.23
15057.0,288.0,1312.0,0.017,6.23
15063.0,132.0,1525.0,0.058,6.23
15068.0,189.0,1204.0,0.083,6.48
15073.0,231.0,1532.0,0.042,6.96
15078.0,417.0,1783.0,0.067,6.48
15083.0,380.0,2008.0,0.15,6.23
15088.0,276.0,1638.0,0.067,6.23
15093.0,344.0,1801.0,0.025,6.48
15098.0,327.0,1551.0,-0.058,6.72
15105.0,355.0,1853.0,-0.075,6.48
15110.0,15.0,1570.0,0.042,6.23
15114.0,344.0,1612.0,0.033,6.23
15120.0,380.0,1414.0,0.1,6.23
15125.0,-102.0,1505.0,0.008,6.48
15130.0,-111.0,1498.0,-0.042,6.96
15135.0,141.0,1567.0,0.067,6.72
15139.0,112.0,1672.0,0.008,6.23
15145.0,98.0,1276.0,0.05,6.48
15150.0,40.0,1733.0,0.008,6.23
15155.0,-59.0,1638.0,-0.067,6.48
15160.0,-13.0,1397.0,0.0,6.23
15164.0,248.0,1338.0,-0.025,6.96
15170.0,32.0,1670.0,-0.025,6.48
15175.0,250.0,1631.0,0.075,6.96
15180.0,-141.0,1703.0,0.05,6.96
15185.0,351.0,1321.0,-0.008,6.72
15191.0,477.0,1636.0,-0.05,6.96
15196.0,228.0,1349.0,-0.025,6.23
15201.0,-86.0,1344.0,0.067,6.23
15205.0,241.0,1429.0,0.067,6.72
15211.0,225.0,1631.0,-0.05,6.72
15216.0,325.0,1328.0,0.017,6.23
15220.0,158.0,1225.0,0.083,6.23
15225.0,308.0,1424.0,-0.008,6.23
15230.0,157.0,1603.0,0.042,6.96
15235.0,70.0,1586.0,0.15,6.72
15240.0,477.0,1529.0,0.025,6.23
15245.0,-67.0,1457.0,0.025,6.23
15250.0,309.0,1722.0,-0.05,6.48
15255.0,80.0,1478.0,0.067,7.21
15260.0,-5.0,1677.0,0.017,6.96
15264.0,132.0,1502.0,0.058,6.23
15270.0,-274.0,1316.0,0.008,6.72
15276.0,-186.0,1523.0,0.025,6.23
15281.0,-41.0,1541.0,-0.042,5.99
15285.0,230.0,1640.0,0.0,6.23
15290.0,105.0,1609.0,0.042,6.48
15295.0,69.0,1319.0,0.058,6.23
15300.0,687.0,1260.0,-0.075,6.72
15305.0,602.0,1496.0,-0.025,6.23
15310.0,293.0,1633.0,0.033,6.23
15314.0,168.0,1668.0,0.058,6.72
15320.0,245.0,1455.0,0.092,6.23
15324.0,334.0,1626.0,-0.05,5.99
15330.0,172.0,1888.0,-0.025,6.96
15335.0,138.0,1473.0,0.092,6.96
15340.0,149.0,1311.0,0.075,6.48
15344.0,80.0,1624.0,-0.025,6.23
15349.0,231.0,1435.0,0.125,6.23
15354.0,119.0,1173.0,0.033,6.23
15360.0,193.0,1354.0,0.042,6.48
15365.0,312.0,1184.0,-0.033,6.72
15370.0,347.0,1347.0,0.1,6.23
15375.0,-255.0,1534.0,0.092,6.23
15380.0,10.0,1442.0,0.025,6.72
15385.0,202.0,1799.0,0.042,6.23
15390.0,245.0,1827.0,-0.033,6.48
15395.0,-250.0,1714.0,0.008,6.23
15399.0,102.0,1491.0,0.033,6.23
15405.0,69.0,1605.0,0.025,6.23
15410.0,175.0,1512.0,0.033,6.23
15415.0,242.0,2037.0,-0.058,6.23
15420.0,156.0,1708.0,0.05,6.23
15425.0,-14.0,1391.0,-0.008,6.23
15430.0,113.0,1185.0,0.142,6.23
15435.0,127.0,1342.0,-0.067,6.72
15440.0,220.0,1437.0,0.0,6.48
15444.0,58.0,1116.0,-0.025,6.48
15450.0,92.0,1427.0,0.008,6.23
15455.0,655.0,1353.0,0.017,6.48
15460.0,233.0,1814.0,0.058,6.72
15465.0,222.0,1674.0,-0.017,6.96
15470.0,193.0,1725.0,0.1,6.72
15475.0,293.0,1660.0,0.017,6.23
15480.0,230.0,1586.0,-0.05,6.23
15485.0,128.0,1645.0,-0.058,6.96
15491.0,325.0,1772.0,0.042,6.23
15496.0,579.0,1309.0,0.008,7.45
15501.0,139.0,1310.0,0.092,6.23
15506.0,88.0,1570.0,-0.042,6.23
15510.0,-48.0,1467.0,-0.033,6.23
15515.0,25.0,1586.0,0.042,6.23
15520.0,447.0,1217.0,0.05,6.23
15525.0,-3.0,1964.0,-0.025,6.23
15531.0,-158.0,1328.0,0.083,6.48
15536.0,338.0,1593.0,-0.008,6.72
15541.0,215.0,1697.0,0.008,6.23
15545.0,302.0,2030.0,-0.033,6.23
15550.0,92.0,1851.0,-0.042,6.48
15555.0,315.0,1647.0,-0.033,6.48
15560.0,295.0,1692.0,0.025,6.23
15565.0,275.0,1427.0,-0.008,6.23
15570.0,420.0,1364.0,0.075,6.23
15576.0,264.0,1457.0,0.0,6.96
15581.0,-25.0,1027.0,0.075,6.48
15586.0,355.0,1200.0,0.033,6.23
15591.0,391.0,1169.0,0.083,6.48
15596.0,-176.0,1530.0,0.108,6.23
15601.0,-320.0,1631.0,0.033,6.72
15606.0,-93.0,1673.0,0.108,6.72
15611.0,295.0,1768.0,0.025,6.23
15616.0,-107.0,1419.0,-0.025,6.48
15622.0,-316.0,1685.0,0.025,6.23
15626.0,214.0,1662.0,-0.033,6.48
15631.0,297.0,1344.0,0.075,6.23
15636.0,-30.0,1195.0,0.05,6.72
15641.0,180.0,1306.0,0.033,6.96
15646.0,217.0,1222.0,0.058,6.23
15651.0,203.0,1483.0,0.058,6.96
15656.0,286.0,1493.0,0.083,6.23
15662.0,509.0,1320.0,0.042,6.96
15667.0,239.0,1669.0,0.025,6.23
15672.0,46.0,1541.0,0.083,6.23
15677.0,100.0,1438.0,0.008,6.48
15682.0,314.0,1372.0,-0.058,6.23
15687.0,175.0,1732.0,0.058,6.48
15692.0,13.0,1661.0,-0.05,6.23
15697.0,337.0,1365.0,-0.008,6.23
15703.0,506.0,1277.0,0.1,6.72
15708.0,232.0,1328.0,0.05,6.72
15713.0,118.0,1181.0,0.042,6.48
15718.0,175.0,1348.0,0.042,5.5
15723.0,359.0,1617.0,-0.05,6.72
15728.0,-18.0,1543.0,0.033,6.48
15732.0,-257.0,1750.0,0.033,5.99
15737.0,492.0,1378.0,0.017,6.48
15742.0,399.0,1591.0,0.008,6.72
15748.0,-159.0,1476.0,-0.05,6.23
15753.0,-198.0,1545.0,0.017,6.96
15758.0,268.0,1460.0,0.083,6.72
15763.0,83.0,1432.0,0.033,6.48
15767.0,-92.0,1569.0,0.183,6.23
15772.0,99.0,1275.0,-0.075,6.48
15777.0,-188.0,1060.0,0.208,6.23
15782.0,-158.0,1402.0,0.092,6.48
15788.0,-97.0,1516.0,0.067,7.21
15793.0,128.0,1479.0,0.017,6.23
15798.0,297.0,1555.0,-0.017,6.96
15802.0,412.0,1650.0,0.0,6.23
15808.0,226.0,1700.0,0.017,6.23
15813.0,285.0,1386.0,0.0,6.23
15817.0,-8.0,1443.0,-0.025,6.48
15822.0,-61.0,1433.0,0.05,6.23
15826.0,22.0,1364.0,0.033,6.48
15833.0,382.0,1490.0,-0.017,6.23
15838.0,599.0,1856.0,0.05,6.23
15842.0,232.0,1313.0,-0.033,6.72
15847.0,449.0,1439.0,0.083,6.23
15852.0,440.0,1456.0,-0.008,6.48
15857.0,314.0,1316.0,0.042,6.23
15862.0,-7.0,1114.0,0.05,6.23
15867.0,282.0,1327.0,0.042,6.72
15873.0,166.0,1415.0,-0.017,6.48
15878.0,235.0,1586.0,-0.017,6.23
15883.0,179.0,1405.0,0.017,6.23
15888.0,374.0,1623.0,-0.067,6.48
15893.0,-107.0,1698.0,-0.017,6.48
15898.0,-133.0,1770.0,-0.025,6.23
15903.0,100.0,1390.0,-0.025,6.23
15908.0,316.0,1247.0,0.133,6.23
15913.0,122.0,1341.0,0.025,6.48
15919.0,255.0,1253.0,0.033,6.23
15924.0,392.0,1318.0,0.092,6.23
15930.0,408.0,1106.0,-0.017,6.23
15934.0,279.0,1195.0,0.092,6.48
15939.0,-15.0,1520.0,0.108,6.96
15944.0,282.0,1616.0,-0.058,6.72
15949.0,231.0,1519.0,-0.083,6.48
15954.0,65.0,1133.0,0.067,6.72
15960.0,128.0,1480.0,0.058,6.23
15965.0,164.0,1731.0,0.042,6.23
15970.0,327.0,901.0,-0.033,6.23
15974.0,132.0,1380.0,0.05,6.23
15980.0,136.0,1540.0,-0.067,6.23
15984.0,247.0,1479.0,0.058,6.23
15989.0,333.0,1620.0,0.033,6.48
15994.0,210.0,1476.0,0.1,6.23
16000.0,347.0,1595.0,0.075,6.23
16005.0,299.0,1123.0,0.05,6.23
16010.0,330.0,1218.0,0.067,6.23
16015.0,184.0,1415.0,-0.025,6.96
16020.0,429.0,1243.0,0.025,6.72
16024.0,172.0,1284.0,0.075,6.72
16030.0,-16.0,1348.0,0.008,6.48
16034.0,-151.0,1277.0,-0.025,6.23
16039.0,299.0,1292.0,0.058,6.23
16045.0,44.0,1352.0,0.117,6.72
16050.0,103.0,1347.0,0.033,6.96
16055.0,421.0,1563.0,0.008,6.23
16060.0,216.0,1480.0,-0.017,6.23
16065.0,26.0,903.0,0.1,6.23
16069.0,29.0,1217.0,0.05,6.72
16074.0,318.0,1204.0,0.042,6.72
16079.0,44.0,1828.0,0.017,6.23
16084.0,299.0,1349.0,0.042,6.96
16090.0,91.0,1566.0,-0.042,6.23
16095.0,-70.0,1674.0,0.058,6.23
16099.0,151.0,1805.0,0.042,6.23
16105.0,453.0,1929.0,0.017,6.72
16109.0,-30.0,1610.0,0.083,6.72
16114.0,198.0,1659.0,0.017,6.72
16119.0,307.0,1689.0,0.075,6.72
16124.0,-84.0,1878.0,0.083,6.96
16130.0,22.0,2162.0,-0.033,6.96
16135.0,111.0,2287.0,-0.125,6.72
16140.0,201.0,1852.0,0.067,5.74
16145.0,-68.0,2366.0,0.017,6.48
16149.0,183.0,2149.0,-0.05,6.23
16155.0,447.0,1633.0,0.025,6.23
16159.0,396.0,1990.0,0.075,6.23
16164.0,168.0,1673.0,-0.008,6.72
16171.0,118.0,1435.0,0.042,6.48
16175.0,31.0,1326.0,0.067,6.23
16181.0,231.0,1226.0,0.117,5.99
16186.0,241.0,782.0,0.042,6.23
16191.0,382.0,951.0,-0.067,6.23
16196.0,74.0,1063.0,-0.017,6.23
16202.0,194.0,769.0,0.033,6.48
16206.0,193.0,932.0,0.183,6.23
16211.0,231.0,936.0,0.042,6.96
16218.0,121.0,1046.0,-0.008,6.72
16222.0,98.0,1239.0,-0.025,6.48
16228.0,32.0,1783.0,0.008,6.72
16233.0,26.0,1347.0,-0.058,6.72
16238.0,171.0,1702.0,0.083,6.23
16243.0,-17.0,1702.0,0.142,6.48
16249.0,325.0,1864.0,0.092,6.23
16253.0,220.0,1757.0,-0.075,6.48
16259.0,110.0,1320.0,-0.067,6.72
16265.0,140.0,1666.0,-0.017,6.23
16269.0,563.0,1791.0,0.075,6.23
16275.0,231.0,1357.0,0.108,6.23
16280.0,101.0,1507.0,0.075,6.23
16285.0,-44.0,1534.0,-0.008,6.23
16290.0,186.0,1650.0,-0.1,6.96
16295.0,-96.0,1358.0,-0.017,6.23
16301.0,5.0,1413.0,0.033,6.72
16306.0,73.0,1441.0,0.033,6.23
16312.0,-185.0,1835.0,0.033,6.23
16316.0,-132.0,1498.0,0.0,6.96
16322.0,166.0,1646.0,-0.017,6.23
16327.0,74.0,1508.0,0.067,6.23
16332.0,265.0,1641.0,-0.017,6.72
16337.0,251.0,1718.0,0.017,6.48
16343.0,197.0,1408.0,0.083,5.99
16348.0,-136.0,1757.0,0.092,6.23
16353.0,216.0,1651.0,0.05,6.96
16358.0,350.0,1901.0,0.042,6.23
16363.0,395.0,1868.0,-0.033,6.96
16368.0,259.0,1512.0,-0.025,6.23
16374.0,297.0,1244.0,0.058,6.23
16378.0,172.0,1171.0,0.05,6.23
16384.0,-20.0,1068.0,0.033,6.23
16390.0,-12.0,852.0,0.058,5.99
16394.0,305.0,955.0,0.1,6.72
16400.0,235.0,849.0,0.025,6.23
16405.0,-239.0,729.0,0.05,6.23
16410.0,-316.0,882.0,0.025,6.72
16415.0,162.0,996.0,0.058,6.23
16420.0,294.0,706.0,-0.025,6.96
16425.0,267.0,861.0,-0.108,6.72
16431.0,293.0,723.0,0.067,6.23
16437.0,99.0,1195.0,0.067,6.23
16441.0,-98.0,1284.0,-0.05,6.23
16447.0,278.0,880.0,0.0,6.23
16452.0,412.0,1314.0,-0.058,6.23
16457.0,211.0,1043.0,-0.067,7.21
16462.0,-25.0,1125.0,0.058,6.23
16467.0,289.0,1065.0,0.067,6.96
16473.0,322.0,920.0,-0.058,6.23
16478.0,44.0,1060.0,0.092,6.23
16484.0,8.0,928.0,0.208,6.96
16488.0,123.0,949.0,-0.05,6.48
16494.0,-35.0,1057.0,0.025,6.23
16499.0,413.0,1373.0,0.058,6.72
16503.0,14.0,1278.0,0.05,6.48
16509.0,-164.0,1212.0,-0.025,6.23
16515.0,260.0,1512.0,-0.025,6.23
16520.0,455.0,1379.0,-0.075,6.48
16525.0,227.0,1677.0,-0.033,6.96
16531.0,327.0,1603.0,-0.058,6.96
16535.0,80.0,1504.0,0.058,6.48
16541.0,242.0,1672.0,0.017,6.48
16546.0,274.0,2048.0,0.05,6.23
16552.0,176.0,1658.0,0.117,6.23
16557.0,253.0,1699.0,0.175,6.23
16563.0,63.0,1761.0,0.05,6.23
16568.0,153.0,1523.0,-0.033,6.96
16573.0,254.0,1512.0,-0.025,6.72
16578.0,-198.0,1910.0,0.025,6.23
16584.0,-188.0,1908.0,0.033,6.23
16588.0,197.0,2005.0,0.05,6.48
16594.0,-265.0,1851.0,0.092,6.96
16600.0,277.0,1787.0,0.108,6.72
16605.0,476.0,1898.0,-0.017,6.23
16610.0,232.0,2184.0,-0.025,6.23
16615.0,-228.0,2234.0,0.05,6.23
16620.0,-54.0,2341.0,0.025,6.23
16625.0,69.0,2478.0,-0.042,6.48
16630.0,71.0,2434.0,0.075,6.48
16635.0,126.0,2437.0,-0.042,6.72
16641.0,10.0,2487.0,0.042,6.72
16647.0,-88.0,2267.0,0.1,6.23
16651.0,-27.0,2336.0,0.0,6.23
16657.0,101.0,2152.0,0.017,6.72
16662.0,43.0,2184.0,0.042,6.23
16667.0,138.0,2215.0,-0.025,6.23
16672.0,194.0,1453.0,-0.083,6.48
16678.0,222.0,-2153.0,-0.233,6.23
16683.0,75.0,-40864.0,-3.183,6.48
16688.0,64.0,-234060.0,-5.692,6.48
16694.0,-266.0,-374992.0,-6.125,6.23
16698.0,35.0,-414919.0,-4.325,6.72
16704.0,391.0,-479775.0,-2.542,6.96
16709.0,93.0,-514211.0,-0.942,6.23
16714.0,187.0,-516276.0,-1.917,6.23
16719.0,90.0,-511291.0,-3.342,6.23
16726.0,-312.0,-498275.0,-4.008,6.48
16731.0,-290.0,-498530.0,-3.583,6.96
16735.0,-25.0,-518965.0,-2.775,5.99
16741.0,189.0,-562089.0,-2.158,6.23
16746.0,245.0,-591364.0,-3.042,5.99
16751.0,146.0,-654541.0,-4.2,6.23
16756.0,386.0,-699347.0,-4.4,6.72
16761.0,224.0,-713762.0,-3.942,6.23
16766.0,327.0,-735029.0,-3.142,6.23
16772.0,577.0,-755605.0,-2.767,6.48
16778.0,325.0,-770654.0,-3.1,6.23
16782.0,0.0,-802493.0,-3.592,5.99
16788.0,118.0,-828315.0,-3.667,5.99
16793.0,-54.0,-835742.0,-3.3,6.23
16797.0,161.0,-837663.0,-2.758,5.99
16803.0,-33.0,-835697.0,-2.533,6.48
16808.0,311.0,-834262.0,-2.983,6.23
16814.0,144.0,-832207.0,-3.55,6.48
16819.0,176.0,-829833.0,-3.508,6.72
16824.0,212.0,-829352.0,-3.017,6.72
16829.0,117.0,-827607.0,-2.775,6.23
16834.0,167.0,-826561.0,-2.95,6.23
16840.0,329.0,-826106.0,-3.025,6.23
16844.0,-146.0,-825479.0,-3.033,5.99
16850.0,140.0,-825385.0,-3.067,6.23
16856.0,-484.0,-825242.0,-2.842,6.23
16861.0,-53.0,-822517.0,-2.65,6.23
16866.0,-251.0,-819461.0,-2.717,6.23
16871.0,351.0,-817782.0,-2.758,6.96
16876.0,-136.0,-815295.0,-2.742,5.99
16881.0,80.0,-813489.0,-2.475,6.23
16886.0,264.0,-812684.0,-2.1,6.23
16891.0,149.0,-811467.0,-1.975,6.72
16898.0,207.0,-810089.0,-1.775,6.72
16903.0,-27.0,-809802.0,-2.183,6.23
16907.0,-78.0,-810479.0,-2.317,5.99
16913.0,-296.0,-810223.0,-2.125,6.23
16918.0,-186.0,-809944.0,-1.558,6.72
16923.0,83.0,-810095.0,-1.258,6.48
16928.0,195.0,-809797.0,-0.95,6.23
16933.0,81.0,-809706.0,-1.108,6.72
16939.0,-156.0,-810159.0,-1.417,5.99
16944.0,-96.0,-808131.0,-1.35,5.99
16949.0,-158.0,-806854.0,-1.333,6.23
16954.0,51.0,-804028.0,-1.45,6.23
16960.0,457.0,-800282.0,-1.733,5.99
16965.0,343.0,-798581.0,-0.292,5.99
16970.0,378.0,-796574.0,-0.467,6.23
16975.0,486.0,-794182.0,-1.158,5.99
16980.0,130.0,-793717.0,-1.242,5.99
16986.0,159.0,-794066.0,-0.625,6.23
16992.0,-191.0,-796862.0,-0.483,6.48
16997.0,517.0,-799359.0,-1.117,6.23
17001.0,590.0,-803920.0,-1.133,6.48
17007.0,286.0,-807758.0,-0.925,5.99
17012.0,36.0,-810027.0,-0.333,5.99
17017.0,507.0,-813584.0,-0.375,5.99
17022.0,289.0,-817548.0,-0.617,6.23
17028.0,187.0,-819213.0,-0.85,5.99
17033.0,214.0,-821150.0,-0.408,6.23
17038.0,134.0,-820876.0,0.15,5.99
17044.0,-280.0,-820329.0,0.183,5.99
17048.0,-95.0,-818462.0,-0.125,6.96
17054.0,-9.0,-815682.0,-0.233,5.99
17059.0,19.0,-813753.0,0.483,5.99
17063.0,14.0,-809230.0,0.7,6.23
17070.0,6.0,-804488.0,-0.1,6.48
17075.0,-264.0,-801443.0,0.183,6.23
17080.0,-9.0,-795485.0,0.5,5.99
17085.0,-199.0,-791451.0,0.317,5.74
17090.0,355.0,-790366.0,0.433,5.99
17095.0,-144.0,-789219.0,0.575,5.99
17101.0,2.0,-789817.0,0.392,5.74
17106.0,30.0,-790000.0,0.333,6.23
17111.0,117.0,-791553.0,0.525,5.99
17117.0,79.0,-794075.0,0.383,5.74
17122.0,189.0,-794882.0,0.45,5.99
17127.0,132.0,-797377.0,0.442,5.74
17132.0,300.0,-799171.0,0.467,5.99
17137.0,-74.0,-800040.0,0.35,6.23
17142.0,123.0,-801250.0,0.575,5.74
17148.0,101.0,-801586.0,0.4,5.74
17154.0,7.0,-801881.0,0.508,5.99
17158.0,-36.0,-801868.0,0.475,5.99
17164.0,-266.0,-800390.0,0.542,5.99
17169.0,590.0,-799355.0,0.492,5.99
17174.0,565.0,-797490.0,0.567,6.23
17179.0,-111.0,-794562.0,0.5,5.74
17184.0,419.0,-792937.0,0.558,6.48
17189.0,536.0,-788622.0,0.525,5.99
17195.0,-28.0,-784186.0,0.558,6.48
17201.0,-68.0,-782233.0,0.592,5.99
17205.0,101.0,-778376.0,0.575,5.74
17211.0,233.0,-774662.0,0.558,5.99
17216.0,79.0,-773243.0,0.642,5.99
17220.0,-124.0,-770890.0,0.592,5.99
17226.0,162.0,-769182.0,0.6,6.48
17231.0,74.0,-768647.0,0.533,5.99
17236.0,-57.0,-768171.0,0.642,6.48
17242.0,164.0,-768214.0,0.583,5.99
17247.0,88.0,-768639.0,0.583,5.99
17252.0,325.0,-770071.0,0.625,6.23
17257.0,-81.0,-770378.0,0.725,5.74
17261.0,432.0,-770595.0,0.533,5.99
17266.0,373.0,-770500.0,0.542,5.99
17271.0,127.0,-770171.0,0.567,5.99
17276.0,-102.0,-770181.0,0.583,6.48
17282.0,-82.0,-769912.0,0.8,5.74
17287.0,86.0,-768399.0,0.617,5.99
17292.0,107.0,-766505.0,0.542,5.74
17298.0,509.0,-765818.0,0.658,5.74
17302.0,804.0,-763725.0,0.525,5.99
17307.0,189.0,-762220.0,0.675,5.5
17312.0,-127.0,-759753.0,0.658,5.99
17317.0,320.0,-757477.0,0.658,5.99
17323.0,184.0,-756194.0,0.65,6.48
17328.0,-190.0,-753495.0,0.6,5.99
17333.0,29.0,-750979.0,0.65,5.99
17338.0,237.0,-749790.0,0.4,6.48
17343.0,-213.0,-746667.0,0.608,5.99
17349.0,80.0,-742671.0,0.533,5.74
17354.0,348.0,-740752.0,0.55,5.99
17358.0,-135.0,-737045.0,0.667,5.99
17363.0,-230.0,-735288.0,0.583,6.72
17369.0,198.0,-729681.0,0.492,5.99
17374.0,103.0,-725881.0,0.542,5.99
17379.0,167.0,-724888.0,0.55,6.72
17384.0,121.0,-722773.0,0.542,5.99
17389.0,92.0,-718621.0,0.558,5.99
17394.0,250.0,-716488.0,0.558,6.72
17400.0,218.0,-712855.0,0.492,5.99
17405.0,157.0,-707711.0,0.508,5.99
17411.0,191.0,-705548.0,0.542,6.48
17416.0,139.0,-701527.0,0.5,6.23
17421.0,172.0,-697481.0,0.467,6.72
17426.0,-490.0,-696024.0,0.542,6.48
17431.0,120.0,-693419.0,0.567,5.99
17436.0,29.0,-691423.0,0.5,5.99
17441.0,135.0,-691000.0,0.492,5.99
17446.0,150.0,-690625.0,0.525,6.48
17452.0,429.0,-690812.0,0.458,6.96
17457.0,179.0,-690733.0,0.533,6.23
17462.0,60.0,-691177.0,0.475,6.23
17467.0,114.0,-690760.0,0.483,6.72
17472.0,216.0,-689743.0,0.325,6.48
17477.0,-35.0,-687529.0,0.467,5.99
17482.0,249.0,-686266.0,0.467,6.23
17487.0,513.0,-684027.0,0.467,6.23
17492.0,144.0,-680833.0,0.492,6.72
17498.0,-350.0,-679934.0,0.367,6.48
17503.0,526.0,-678013.0,0.525,6.23
17509.0,515.0,-676731.0,0.408,6.72
17514.0,179.0,-676068.0,0.442,5.99
17519.0,-147.0,-675617.0,0.408,6.23
17524.0,-250.0,-675031.0,0.433,6.48
17529.0,162.0,-674878.0,0.408,6.23
17534.0,-66.0,-674703.0,0.325,6.23
17540.0,-225.0,-674037.0,0.333,6.48
17545.0,73.0,-673616.0,0.308,6.23
17551.0,453.0,-672718.0,0.317,6.23
17556.0,232.0,-671776.0,0.317,6.72
17560.0,181.0,-671699.0,0.317,6.23
17566.0,295.0,-670929.0,0.342,6.23
17571.0,416.0,-670325.0,0.367,5.99
17576.0,147.0,-669342.0,0.258,6.23
17582.0,333.0,-668192.0,0.367,6.23
17587.0,136.0,-666318.0,0.275,5.99
17592.0,33.0,-665323.0,0.242,6.72
17597.0,21.0,-663981.0,0.325,6.23
17603.0,338.0,-661571.0,0.242,5.99
17608.0,368.0,-660312.0,0.233,5.99
17613.0,80.0,-657539.0,0.183,5.25
17618.0,435.0,-654787.0,0.2,6.23
17624.0,189.0,-653130.0,0.208,6.23
17629.0,233.0,-650095.0,0.167,6.48
17634.0,246.0,-647417.0,0.167,6.23
17639.0,-164.0,-646514.0,0.25,6.72
17644.0,70.0,-643877.0,0.2,6.72
17649.0,23.0,-641421.0,0.217,6.23
17654.0,145.0,-640220.0,0.217,6.23
17659.0,219.0,-637347.0,0.192,6.23
17666.0,14.0,-634895.0,0.1,6.48
17671.0,-98.0,-633486.0,0.192,6.23
17676.0,228.0,-630080.0,0.158,6.23
17681.0,237.0,-627802.0,0.008,6.48
17686.0,348.0,-626049.0,0.042,6.23
17691.0,182.0,-623333.0,0.092,6.72
17696.0,95.0,-619659.0,0.083,6.23
17701.0,-92.0,-618326.0,0.092,6.48
17708.0,84.0,-615102.0,0.1,6.72
17713.0,33.0,-612248.0,0.1,6.23
17718.0,479.0,-610795.0,0.092,6.23
17723.0,99.0,-608152.0,-0.05,6.23
17728.0,28.0,-606622.0,0.042,6.96
17733.0,558.0,-605993.0,0.017,6.23
17738.0,-92.0,-605116.0,-0.033,6.48
17743.0,-339.0,-604271.0,0.108,6.48
17748.0,-199.0,-603870.0,-0.017,7.21
17754.0,-92.0,-603616.0,-0.042,6.23
17758.0,-73.0,-603253.0,-0.133,6.96
17763.0,411.0,-603122.0,-0.1,6.48
17768.0,212.0,-602875.0,0.025,6.48
17773.0,74.0,-602290.0,0.05,6.23
17778.0,-197.0,-601704.0,-0.042,6.23
17783.0,42.0,-601873.0,0.117,6.48
17788.0,550.0,-601847.0,0.033,6.48
17794.0,637.0,-600805.0,-0.042,6.96
17799.0,-50.0,-600834.0,0.083,5.99
17805.0,-152.0,-601060.0,0.067,6.96
17810.0,-119.0,-600646.0,0.158,6.48
17814.0,12.0,-600349.0,0.075,6.48
17820.0,44.0,-599975.0,0.0,6.72
17825.0,111.0,-599549.0,-0.092,6.96
17829.0,294.0,-599234.0,-0.058,6.48
17836.0,140.0,-599090.0,-0.008,6.48
17841.0,319.0,-598698.0,0.117,6.23
17846.0,-36.0,-598525.0,0.067,6.23
17851.0,278.0,-598291.0,0.0,6.48
17856.0,73.0,-597891.0,0.108,6.96
17861.0,430.0,-597692.0,0.0,6.23
17866.0,432.0,-597174.0,-0.017,6.48
17871.0,397.0,-597197.0,-0.025,6.23
17876.0,-251.0,-596398.0,0.033,6.72
17883.0,227.0,-596170.0,0.067,6.23
17887.0,-44.0,-595807.0,0.008,6.23
17892.0,244.0,-595806.0,0.033,6.23
17897.0,153.0,-595384.0,0.05,6.72
17902.0,220.0,-595267.0,-0.075,6.23
17908.0,-52.0,-595127.0,-0.017,6.23
17913.0,43.0,-594621.0,0.017,6.23
17917.0,418.0,-594444.0,0.108,6.48
17924.0,80.0,-594392.0,0.017,6.23
17929.0,193.0,-594118.0,0.092,6.72
17933.0,-58.0,-593757.0,0.0,6.23
17939.0,168.0,-593075.0,0.058,6.48
17944.0,249.0,-593335.0,0.0,6.48
17949.0,-150.0,-593212.0,0.075,6.48
17954.0,-74.0,-592844.0,0.05,6.23
17959.0,405.0,-592467.0,0.067,6.48
17965.0,33.0,-592096.0,0.15,6.96
17970.0,-211.0,-592026.0,0.033,6.96
17975.0,-34.0,-591817.0,0.017,6.23
17980.0,76.0,-591114.0,-0.058,6.48
17986.0,166.0,-591380.0,0.033,6.23
17990.0,79.0,-591005.0,0.008,6.72
17995.0,289.0,-590986.0,0.067,6.23
18001.0,-67.0,-590894.0,0.1,6.23
18006.0,226.0,-590581.0,0.067,6.48
18011.0,268.0,-590190.0,-0.017,6.48
18017.0,504.0,-590164.0,-0.008,6.23
18022.0,675.0,-589859.0,-0.083,6.23
18027.0,75.0,-589452.0,0.1,7.21
18032.0,-96.0,-589520.0,0.042,6.48
18036.0,47.0,-589395.0,0.083,6.23
18042.0,197.0,-588853.0,0.042,6.48
18048.0,216.0,-588455.0,-0.025,6.23
18053.0,269.0,-588070.0,-0.083,6.23
18058.0,-63.0,-588220.0,0.008,6.23
18063.0,118.0,-588311.0,-0.067,6.96
18068.0,244.0,-588114.0,-0.008,6.23
18073.0,-16.0,-587792.0,-0.083,6.23
18078.0,83.0,-587353.0,0.008,6.23
18083.0,137.0,-587564.0,0.05,6.23
18089.0,101.0,-587376.0,0.033,6.23
18094.0,250.0,-587177.0,0.092,5.99
18099.0,506.0,-587306.0,-0.025,6.23
18105.0,24.0,-587014.0,-0.008,6.96
18109.0,-63.0,-586785.0,0.0,6.23
18114.0,-127.0,-586674.0,0.0,6.23
18120.0,131.0,-586118.0,0.092,6.23
18125.0,-270.0,-586177.0,-0.108,6.48
18130.0,74.0,-586192.0,0.067,6.48
18136.0,-60.0,-585814.0,0.125,6.48
18141.0,-173.0,-585739.0,-0.017,6.23
18146.0,719.0,-586116.0,-0.025,6.23
18152.0,31.0,-585566.0,0.058,6.48
18156.0,50.0,-585209.0,0.092,6.96
18161.0,-68.0,-585478.0,-0.008,6.96
18167.0,312.0,-585790.0,0.025,6.23
18171.0,83.0,-585421.0,-0.033,6.23
18178.0,145.0,-584939.0,-0.042,6.23
18183.0,301.0,-584719.0,0.008,6.72
18188.0,206.0,-584708.0,0.058,6.72
18193.0,-286.0,-584573.0,0.008,6.23
18199.0,380.0,-584363.0,0.083,6.72
18203.0,449.0,-584404.0,-0.008,6.23
18208.0,435.0,-584451.0,0.008,6.23
18214.0,373.0,-584049.0,0.067,6.48
18220.0,372.0,-584014.0,0.067,6.23
18225.0,380.0,-583477.0,0.05,6.72
18230.0,120.0,-583289.0,0.092,6.23
18235.0,61.0,-582708.0,0.175,5.99
18240.0,249.0,-582703.0,-0.05,7.7
18245.0,167.0,-582503.0,0.133,6.96
18250.0,386.0,-582664.0,-0.075,5.99
18255.0,-56.0,-582173.0,0.167,6.48
18262.0,48.0,-582301.0,-0.083,6.23
18266.0,187.0,-582356.0,-0.1,6.23
18271.0,-15.0,-582169.0,0.242,6.48
18277.0,243.0,-582071.0,0.042,6.23
18281.0,202.0,-582374.0,0.067,6.96
18287.0,68.0,-582281.0,0.0,6.48
18292.0,332.0,-581817.0,0.067,6.72
18297.0,597.0,-581778.0,0.15,6.48
18302.0,-145.0,-581398.0,0.067,6.48
18309.0,107.0,-581126.0,0.017,6.48
18313.0,88.0,-580907.0,-0.025,6.48
18318.0,267.0,-581026.0,0.05,6.23
18324.0,189.0,-581002.0,-0.033,6.23
18328.0,56.0,-580851.0,0.108,6.72
18334.0,202.0,-580463.0,-0.117,6.72
18339.0,-152.0,-580395.0,0.108,6.23
18344.0,-111.0,-580336.0,-0.033,6.72
18350.0,-22.0,-579527.0,-0.092,6.23
18355.0,6.0,-579505.0,0.067,6.23
18360.0,23.0,-579582.0,0.175,6.96
18365.0,39.0,-579314.0,0.075,6.72
18371.0,159.0,-579006.0,0.083,6.48
18375.0,-160.0,-578947.0,0.075,6.23
18381.0,-110.0,-578705.0,0.05,6.23
18386.0,232.0,-578221.0,0.017,6.23
18393.0,-94.0,-577839.0,-0.008,6.72
18397.0,57.0,-578094.0,-0.075,6.96
18403.0,137.0,-577834.0,0.008,5.25
18409.0,-195.0,-577362.0,0.017,6.96
18414.0,9.0,-577494.0,-0.025,6.23
18419.0,-84.0,-577243.0,0.017,6.72
18424.0,92.0,-577127.0,0.092,6.96
18430.0,-44.0,-576713.0,0.058,6.72
18435.0,183.0,-576814.0,0.05,6.23
18441.0,277.0,-576752.0,0.0,6.48
18446.0,81.0,-576376.0,0.033,6.48
18451.0,389.0,-576169.0,0.067,6.72
18456.0,256.0,-575804.0,-0.075,6.72
18461.0,-66.0,-575750.0,0.05,6.48
18466.0,65.0,-575971.0,-0.008,6.23
18471.0,-10.0,-575533.0,0.083,6.23
18478.0,-162.0,-575767.0,0.033,6.48
18482.0,143.0,-575400.0,0.008,6.23
18488.0,175.0,-575570.0,0.075,6.72
18493.0,-131.0,-575384.0,0.075,6.48
18499.0,343.0,-575382.0,0.058,6.23
18504.0,220.0,-575493.0,0.025,6.96
18509.0,-116.0,-575339.0,-0.033,6.96
18515.0,42.0,-575299.0,0.108,6.48
18521.0,378.0,-575272.0,0.033,6.48
18525.0,209.0,-575231.0,-0.058,6.23
18531.0,-159.0,-575307.0,0.1,6.96
18536.0,135.0,-575272.0,0.008,6.72
18541.0,246.0,-574761.0,0.075,6.23
18546.0,224.0,-574677.0,0.058,6.48
18551.0,-4.0,-574468.0,-0.025,6.23
18556.0,291.0,-574729.0,0.042,6.23
18562.0,263.0,-574759.0,0.0,6.96
18567.0,114.0,-574566.0,0.117,6.72
18572.0,-71.0,-574190.0,0.017,6.23
18577.0,-201.0,-574568.0,0.033,6.48
18582.0,-260.0,-574225.0,-0.083,6.48
18587.0,203.0,-573777.0,0.05,6.23
18593.0,211.0,-573819.0,0.008,6.23
18597.0,234.0,-573604.0,0.117,6.72
18603.0,117.0,-573930.0,0.125,6.48
18609.0,55.0,-573264.0,0.042,6.23
18614.0,50.0,-573295.0,0.0,6.48
18619.0,170.0,-573005.0,0.125,6.48
18625.0,364.0,-573269.0,-0.017,6.23
18630.0,202.0,-573220.0,0.067,6.72
18634.0,61.0,-573001.0,0.008,6.23
18640.0,405.0,-573155.0,0.008,6.23
18646.0,371.0,-573198.0,0.05,6.48
18651.0,230.0,-573179.0,0.008,6.96
18656.0,100.0,-573281.0,0.067,6.48
18661.0,12.0,-573092.0,0.117,6.23
18666.0,333.0,-573113.0,0.133,6.72
18671.0,689.0,-572847.0,0.108,6.96
18676.0,21.0,-573170.0,0.025,6.48
18681.0,48.0,-572707.0,0.042,6.23
18688.0,356.0,-572481.0,0.008,6.23
18693.0,168.0,-572178.0,0.092,6.23
18697.0,-27.0,-571925.0,0.0,6.23
18703.0,227.0,-571919.0,0.075,6.48
18708.0,127.0,-571634.0,-0.025,5.5
18713.0,400.0,-571317.0,0.008,6.23
18718.0,378.0,-571435.0,-0.033,6.23
18723.0,100.0,-571666.0,0.042,6.23
18728.0,209.0,-571457.0,0.017,6.23
18734.0,289.0,-571391.0,0.042,6.48
18739.0,113.0,-571510.0,-0.075,6.48
18744.0,162.0,-570933.0,0.117,6.23
18750.0,450.0,-571081.0,0.025,6.23
18755.0,-46.0,-571106.0,0.025,6.23
18760.0,245.0,-570680.0,0.117,6.23
18765.0,-53.0,-570768.0,-0.017,6.23
18770.0,87.0,-570681.0,0.05,6.48
18776.0,-262.0,-570492.0,0.042,6.48
18782.0,68.0,-570576.0,0.033,6.72
18787.0,286.0,-570365.0,0.092,6.23
18791.0,85.0,-570050.0,0.017,6.23
18797.0,-279.0,-570012.0,0.017,6.48
18802.0,355.0,-570083.0,-0.042,6.96
18806.0,228.0,-569896.0,-0.042,6.23
18812.0,-74.0,-569786.0,0.075,6.96
18818.0,2.0,-569761.0,0.05,6.48
18823.0,293.0,-569650.0,0.05,6.23
18828.0,-65.0,-569286.0,0.042,6.48
18833.0,41.0,-569387.0,0.033,6.72
18838.0,48.0,-569379.0,0.008,6.72
18844.0,-78.0,-569185.0,0.05,6.48
18849.0,204.0,-569300.0,0.067,6.23
18853.0,303.0,-568671.0,-0.075,6.72
18860.0,289.0,-569061.0,-0.017,6.23
18865.0,-183.0,-569044.0,0.033,6.48
18870.0,256.0,-568903.0,-0.042,6.96
18875.0,18.0,-568519.0,-0.033,6.23
18880.0,758.0,-568710.0,0.108,6.23
18885.0,359.0,-568499.0,0.108,6.48
18891.0,55.0,-568545.0,0.008,6.72
18896.0,343.0,-568584.0,0.008,6.23
18900.0,258.0,-568071.0,0.067,6.23
18907.0,14.0,-568035.0,0.092,6.23
18912.0,-336.0,-567896.0,0.075,6.48
18916.0,-333.0,-567907.0,0.083,6.23
18922.0,-37.0,-567761.0,0.008,6.72
18927.0,159.0,-567584.0,0.075,8.92
18932.0,50.0,-567726.0,0.05,6.23
18938.0,-90.0,-567418.0,0.1,6.23
18944.0,-98.0,-567603.0,-0.008,6.96
18948.0,-45.0,-567514.0,0.008,6.23
18954.0,253.0,-567438.0,0.025,6.96
18959.0,91.0,-567369.0,0.075,6.23
18963.0,404.0,-567542.0,0.0,6.23
18969.0,256.0,-567464.0,0.0,6.23
18974.0,264.0,-567423.0,-0.008,6.72
18979.0,517.0,-567143.0,0.067,6.72
18985.0,593.0,-567269.0,0.05,6.23
18991.0,307.0,-567134.0,0.025,6.48
18995.0,26.0,-566747.0,-0.05,6.23
19001.0,-28.0,-567039.0,-0.017,6.23
19006.0,562.0,-566896.0,-0.025,6.23
19011.0,527.0,-567017.0,0.067,6.72
19016.0,327.0,-566771.0,0.117,6.72
19021.0,33.0,-566982.0,0.067,6.23
19026.0,294.0,-566785.0,-0.15,6.96
19032.0,180.0,-566725.0,0.075,6.23
19037.0,-166.0,-566798.0,0.108,6.23
19042.0,-239.0,-566245.0,0.05,6.23
19048.0,-53.0,-566285.0,-0.058,6.72
19053.0,83.0,-566288.0,0.033,4.77
19057.0,-154.0,-566407.0,0.067,6.48
19063.0,2.0,-565803.0,0.033,6.72
19068.0,580.0,-566102.0,0.025,6.23
19074.0,281.0,-565964.0,-0.025,6.23
19079.0,422.0,-566145.0,0.058,6.23
19084.0,70.0,-566100.0,0.083,6.96
19089.0,11.0,-565734.0,0.067,6.23
19094.0,-211.0,-565991.0,0.008,6.23
19098.0,-342.0,-565796.0,-0.033,6.72
19103.0,369.0,-565779.0,0.158,6.48
19108.0,105.0,-565478.0,0.033,6.23
19113.0,124.0,-565518.0,0.033,6.96
19119.0,14.0,-565475.0,0.15,6.48
19124.0,396.0,-565410.0,-0.158,6.48
19130.0,293.0,-565336.0,-0.058,6.48
19135.0,11.0,-565423.0,0.025,6.23
19140.0,-257.0,-565076.0,0.017,6.48
19145.0,-184.0,-564890.0,0.05,6.48
19150.0,264.0,-564651.0,-0.1,6.23
19155.0,-28.0,-564890.0,0.075,6.48
19161.0,147.0,-564776.0,0.125,6.23
19166.0,215.0,-564241.0,0.15,7.21
19171.0,98.0,-564612.0,-0.017,6.23
19175.0,321.0,-564469.0,-0.017,6.96
19181.0,413.0,-564430.0,-0.1,6.23
19186.0,246.0,-564096.0,0.042,6.23
19191.0,88.0,-564233.0,0.05,6.48
19196.0,180.0,-564218.0,0.042,6.96
19202.0,383.0,-563742.0,-0.025,6.72
19207.0,-117.0,-563575.0,-0.067,6.23
19212.0,209.0,-563372.0,0.075,6.23
19217.0,196.0,-563330.0,0.092,6.48
19222.0,-60.0,-563453.0,0.05,6.23
19227.0,-146.0,-563460.0,-0.058,6.23
19232.0,185.0,-563350.0,-0.008,6.72
19237.0,279.0,-563333.0,0.083,6.96
19244.0,-37.0,-563426.0,0.083,6.23
19249.0,324.0,-563398.0,0.017,6.48
19254.0,392.0,-563473.0,0.05,6.23
19258.0,293.0,-563080.0,0.067,6.48
19263.0,-92.0,-563007.0,0.117,6.48
19268.0,144.0,-563022.0,0.075,6.48
19273.0,255.0,-562936.0,0.075,6.48
19278.0,279.0,-562759.0,0.1,6.23
19283.0,343.0,-562798.0,0.017,6.48
19289.0,328.0,-562304.0,0.075,6.48
19295.0,492.0,-562009.0,-0.017,6.23
19300.0,240.0,-562386.0,0.017,6.23
19305.0,-157.0,-562124.0,0.0,6.72
19310.0,181.0,-561777.0,0.083,6.23
19314.0,562.0,-561778.0,-0.075,6.23
19319.0,-97.0,-561417.0,-0.025,6.72
19324.0,167.0,-561436.0,0.033,6.48
19330.0,190.0,-561442.0,0.083,6.23
19335.0,338.0,-561441.0,0.1,6.23
19340.0,36.0,-561490.0,0.058,6.96
19345.0,97.0,-561268.0,0.05,6.48
19350.0,477.0,-561385.0,-0.042,6.23
19355.0,418.0,-561344.0,-0.067,6.23
19360.0,393.0,-560961.0,0.008,6.23
19365.0,411.0,-560686.0,0.025,6.23
19371.0,542.0,-560552.0,-0.008,6.23
19376.0,188.0,-560747.0,-0.05,6.23
19381.0,124.0,-560870.0,0.0,6.23
19386.0,399.0,-560840.0,0.05,6.72
19391.0,359.0,-560701.0,-0.017,6.23
19396.0,365.0,-560542.0,0.133,6.23
19401.0,144.0,-560650.0,-0.008,6.48
19407.0,382.0,-560265.0,0.025,8.68
19412.0,-50.0,-560632.0,0.05,6.48
19417.0,5.0,-560315.0,0.025,6.23
19422.0,123.0,-560210.0,0.083,6.23
19427.0,278.0,-560168.0,0.108,7.7
19432.0,229.0,-560311.0,-0.117,6.23
19438.0,347.0,-560099.0,0.033,6.72
19443.0,354.0,-560229.0,-0.008,6.23
19447.0,321.0,-560062.0,-0.067,6.48
19453.0,297.0,-559670.0,-0.042,6.96
19459.0,424.0,-559712.0,-0.067,6.23
19464.0,281.0,-559641.0,0.142,6.48
19469.0,341.0,-559399.0,0.092,6.48
19474.0,128.0,-558735.0,0.042,6.23
19479.0,77.0,-558486.0,0.033,6.48
19484.0,219.0,-558090.0,0.033,6.96
19489.0,232.0,-558284.0,0.058,6.48
19495.0,226.0,-558061.0,0.008,6.23
19501.0,302.0,-557820.0,0.025,6.23
19506.0,289.0,-557588.0,0.05,6.96
19511.0,-137.0,-557565.0,-0.008,6.96
19516.0,-93.0,-557184.0,0.083,6.23
19521.0,-78.0,-557342.0,0.008,6.23
19526.0,-238.0,-557425.0,-0.05,6.23
19531.0,68.0,-557532.0,0.025,6.23
19536.0,-151.0,-557036.0,-0.017,5.99
19542.0,173.0,-557193.0,0.042,6.23
19547.0,33.0,-556702.0,-0.008,7.21
19552.0,34.0,-557112.0,0.017,6.96
19557.0,-258.0,-557087.0,-0.033,6.48
19563.0,118.0,-557212.0,0.025,6.23
19568.0,299.0,-557066.0,0.067,6.48
19573.0,521.0,-557231.0,0.083,6.23
19578.0,33.0,-557161.0,0.117,6.72
19584.0,-140.0,-557473.0,0.05,6.23
19589.0,309.0,-557440.0,0.042,6.23
19595.0,289.0,-557660.0,0.083,6.96
19600.0,202.0,-558178.0,0.025,6.23
19604.0,-67.0,-557957.0,-0.083,6.23
19610.0,299.0,-557885.0,-0.008,6.23
19615.0,106.0,-558147.0,0.067,6.96
19620.0,173.0,-558118.0,0.042,6.23
19625.0,99.0,-557964.0,0.025,6.23
19631.0,414.0,-557632.0,0.033,6.23
19636.0,171.0,-557649.0,0.008,6.23
19641.0,-89.0,-557295.0,-0.042,6.48
19646.0,100.0,-557061.0,-0.017,6.23
19651.0,263.0,-556894.0,0.058,6.48
19657.0,31.0,-556574.0,0.025,6.23
19662.0,-106.0,-556578.0,-0.025,6.72
19666.0,-69.0,-556197.0,0.175,6.48
19672.0,292.0,-556561.0,0.017,6.23
19677.0,243.0,-556160.0,-0.008,6.48
19682.0,301.0,-556555.0,-0.008,4.03
19687.0,210.0,-556279.0,0.008,6.23
19692.0,433.0,-556222.0,0.0,6.48
19697.0,-111.0,-556404.0,0.008,6.48
19702.0,-8.0,-556250.0,0.0,6.96
19707.0,-172.0,-556299.0,0.075,6.48
19714.0,2.0,-556775.0,0.1,6.23
19719.0,-49.0,-557003.0,0.033,6.48
19723.0,30.0,-556960.0,0.067,6.23
19729.0,160.0,-556606.0,0.075,6.23
19734.0,235.0,-556716.0,0.1,6.23
19739.0,28.0,-556515.0,-0.067,5.5
19744.0,534.0,-556769.0,0.008,6.23
19749.0,391.0,-556225.0,0.058,6.72
19755.0,92.0,-556276.0,0.033,6.23
19760.0,134.0,-556008.0,0.05,6.23
19765.0,181.0,-555551.0,-0.1,6.48
19770.0,21.0,-555364.0,0.108,6.96
19775.0,-82.0,-555266.0,-0.058,5.99
19780.0,-21.0,-555041.0,-0.017,6.48
19785.0,-55.0,-554889.0,0.075,6.23
19790.0,26.0,-554587.0,-0.017,6.48
19795.0,367.0,-554554.0,0.025,6.23
19801.0,469.0,-554910.0,0.083,6.48
19807.0,168.0,-554700.0,-0.008,6.23
19811.0,245.0,-554951.0,-0.008,6.96
19817.0,181.0,-554741.0,0.058,6.23
19822.0,104.0,-554995.0,0.108,6.23
19827.0,223.0,-555214.0,-0.025,6.72
19832.0,135.0,-555116.0,-0.033,6.23
19837.0,-74.0,-554948.0,0.058,6.96
19843.0,163.0,-554933.0,0.067,6.48
19848.0,75.0,-554955.0,-0.008,6.48
19853.0,-34.0,-555069.0,-0.033,6.48
19858.0,-119.0,-555032.0,0.067,6.96
19863.0,-57.0,-554360.0,0.092,6.96
19869.0,300.0,-554448.0,0.008,6.72
19873.0,343.0,-554431.0,-0.05,6.72
19879.0,255.0,-554315.0,0.067,6.23
19884.0,334.0,-554368.0,0.067,6.23
19889.0,-228.0,-553643.0,0.067,6.23
19895.0,440.0,-553505.0,0.0,6.23
19900.0,323.0,-553674.0,0.075,6.23
19905.0,-103.0,-553275.0,0.017,6.23
19910.0,-43.0,-553533.0,0.067,6.72
19915.0,296.0,-553490.0,0.067,6.72
19920.0,292.0,-553639.0,0.017,6.23
19926.0,296.0,-553349.0,0.05,6.23
19931.0,65.0,-553334.0,0.092,6.48
19936.0,563.0,-553521.0,0.0,6.48
19942.0,-277.0,-553251.0,0.008,6.23
19946.0,206.0,-553462.0,0.092,6.23
19951.0,380.0,-553869.0,-0.042,6.48
19957.0,114.0,-553891.0,0.0,6.48
19962.0,-259.0,-553634.0,0.033,6.23
19968.0,113.0,-553293.0,0.042,6.96
19973.0,214.0,-553331.0,0.067,8.19
19977.0,91.0,-553282.0,0.075,6.23
19983.0,303.0,-553104.0,0.017,6.48
19988.0,128.0,-553064.0,0.042,6.48
19993.0,35.0,-553049.0,0.067,6.72
19998.0,-137.0,-552379.0,-0.008,6.96
20003.0,-140.0,-552283.0,0.092,6.72
20008.0,21.0,-552078.0,0.05,6.48
20014.0,97.0,-551864.0,0.033,6.72
20019.0,94.0,-551929.0,0.017,6.48
20024.0,188.0,-551816.0,0.125,6.23
20030.0,76.0,-551900.0,0.008,6.72
20034.0,127.0,-552163.0,0.15,6.48
20039.0,73.0,-551990.0,0.042,6.72
20045.0,155.0,-551854.0,0.05,6.48
20049.0,256.0,-552011.0,0.033,6.23
20055.0,-144.0,-552232.0,0.1,6.72
20061.0,-30.0,-552302.0,0.0,6.23
20066.0,165.0,-552185.0,0.025,6.72
20071.0,61.0,-552488.0,0.075,6.23
20076.0,-103.0,-552070.0,0.075,6.23
20081.0,360.0,-552149.0,0.033,7.45
20086.0,134.0,-551762.0,0.042,6.48
20091.0,96.0,-551714.0,0.05,6.23
20097.0,211.0,-551475.0,0.033,6.48
20102.0,239.0,-551432.0,0.05,6.48
20108.0,-143.0,-551238.0,0.067,6.72
20112.0,114.0,-550941.0,-0.025,6.23
20118.0,84.0,-551121.0,-0.008,6.72
20123.0,34.0,-550787.0,0.033,6.48
20128.0,145.0,-550734.0,0.042,6.23
20133.0,199.0,-550873.0,0.0,6.72
20140.0,205.0,-550571.0,0.1,6.23
20144.0,230.0,-550658.0,-0.017,6.48
20149.0,-140.0,-550869.0,0.033,6.23
20155.0,122.0,-550795.0,0.025,6.72
20159.0,337.0,-550700.0,0.025,6.23
20165.0,127.0,-550885.0,0.092,6.48
20170.0,259.0,-550577.0,0.025,8.19
20175.0,-84.0,-550754.0,0.008,6.96
20180.0,-230.0,-550919.0,0.083,6.23
20186.0,0.0,-550777.0,0.033,6.48
20191.0,13.0,-550676.0,0.017,7.21
20196.0,67.0,-550702.0,-0.05,6.48
20202.0,81.0,-550330.0,0.033,6.72
20206.0,102.0,-550269.0,0.133,6.48
20211.0,113.0,-550344.0,-0.008,6.48
20217.0,323.0,-550290.0,-0.033,6.48
20221.0,-40.0,-550191.0,-0.008,7.45
20228.0,-4.0,-549707.0,-0.008,6.23
20233.0,70.0,-549529.0,-0.025,6.23
20238.0,193.0,-549490.0,-0.075,8.68
20243.0,321.0,-549127.0,0.067,6.72
20249.0,-295.0,-549319.0,0.05,6.23
20253.0,-72.0,-549432.0,0.05,6.72
20258.0,144.0,-549489.0,0.083,6.48
20264.0,70.0,-549421.0,0.025,6.48
20269.0,227.0,-549472.0,-0.008,6.72
20275.0,333.0,-549530.0,0.017,6.96
20280.0,-95.0,-549398.0,-0.025,4.77
20286.0,39.0,-549414.0,0.083,6.23
20291.0,-34.0,-549309.0,0.067,7.45
20296.0,50.0,-549193.0,0.05,6.23
20302.0,-318.0,-549281.0,-0.025,6.23
20306.0,-5.0,-548928.0,-0.033,6.48
20313.0,179.0,-549310.0,0.033,6.23
20318.0,159.0,-548820.0,-0.025,6.96
20324.0,527.0,-548980.0,-0.008,6.23
20328.0,410.0,-548823.0,-0.117,6.23
20334.0,258.0,-548745.0,0.0,6.23
20339.0,-128.0,-548147.0,0.075,6.23
20345.0,112.0,-548105.0,-0.008,6.72
20350.0,321.0,-548210.0,0.025,6.48
20356.0,271.0,-548212.0,0.0,6.96
20362.0,91.0,-548062.0,0.0,6.48
20366.0,188.0,-548067.0,0.058,6.96
20372.0,186.0,-547745.0,0.008,6.48
20377.0,-132.0,-547895.0,0.008,6.23
20383.0,234.0,-548137.0,0.008,6.23
20387.0,163.0,-547812.0,0.058,6.23
20393.0,-123.0,-548250.0,0.017,6.96
20399.0,49.0,-547798.0,0.0,6.23
20405.0,125.0,-547965.0,0.033,6.96
20409.0,-68.0,-548112.0,-0.075,6.23
20415.0,-348.0,-548086.0,0.075,6.48
20419.0,395.0,-547997.0,0.042,6.48
20424.0,2.0,-547848.0,0.058,6.23
20429.0,78.0,-547941.0,0.075,6.23
20434.0,-53.0,-547572.0,-0.025,6.23
20440.0,275.0,-547338.0,0.033,6.23
20445.0,224.0,-547137.0,-0.033,6.23
20450.0,57.0,-547439.0,-0.033,6.96
20455.0,447.0,-546975.0,0.0,6.72
20460.0,328.0,-546866.0,0.058,6.23
20465.0,178.0,-547324.0,0.117,7.7
20471.0,162.0,-547098.0,0.083,6.48
20477.0,408.0,-546774.0,0.017,6.72
20482.0,127.0,-546735.0,-0.017,6.23
20488.0,191.0,-546819.0,0.05,6.48
20493.0,-49.0,-546503.0,0.008,6.96
20498.0,61.0,-546778.0,-0.017,6.23
20503.0,336.0,-546929.0,0.025,6.23
20508.0,-48.0,-546375.0,0.033,6.72
20514.0,88.0,-546352.0,0.05,6.72
20518.0,323.0,-546731.0,-0.033,6.23
20525.0,-159.0,-546401.0,-0.05,6.23
20530.0,167.0,-546208.0,0.033,6.23
20534.0,-164.0,-546305.0,0.058,6.48
20540.0,-70.0,-546013.0,0.008,6.48
20545.0,-216.0,-546402.0,-0.017,6.23
20550.0,355.0,-545999.0,-0.117,6.23
20555.0,-115.0,-546393.0,0.017,6.48
20560.0,-243.0,-546280.0,0.058,6.48
20566.0,-12.0,-546075.0,-0.017,6.48
20571.0,342.0,-546169.0,-0.008,6.48
20576.0,-79.0,-545970.0,0.1,6.48
20581.0,-14.0,-545878.0,0.058,6.23
20587.0,434.0,-545790.0,0.008,6.23
20591.0,175.0,-545751.0,0.075,6.72
20597.0,-143.0,-545195.0,0.017,6.72
20602.0,-111.0,-545905.0,-0.025,6.72
20609.0,11.0,-545505.0,0.05,6.48
20613.0,44.0,-545560.0,0.0,6.72
20619.0,502.0,-545352.0,0.033,6.23
20624.0,-210.0,-545764.0,0.067,6.23
20630.0,382.0,-545579.0,0.042,6.48
20634.0,175.0,-545536.0,0.108,6.23
20640.0,249.0,-545226.0,-0.008,6.96
20645.0,71.0,-545505.0,-0.008,6.48
20649.0,258.0,-545212.0,-0.025,6.23
20656.0,-4.0,-545056.0,0.1,6.23
20661.0,-63.0,-544943.0,0.067,6.48
20666.0,467.0,-544905.0,-0.1,6.23
20672.0,-197.0,-544807.0,0.042,6.23
20677.0,-263.0,-544570.0,0.042,6.23
20681.0,36.0,-544789.0,0.142,6.72
20687.0,84.0,-544547.0,0.025,5.99
20692.0,-42.0,-544660.0,0.067,6.23
20697.0,99.0,-544483.0,0.05,6.23
20703.0,549.0,-544181.0,0.0,6.23
20708.0,-123.0,-544116.0,0.025,6.48
20713.0,176.0,-544473.0,0.025,6.23
20718.0,104.0,-544267.0,0.017,6.23
20723.0,80.0,-544198.0,0.025,6.23
20728.0,-77.0,-544433.0,0.017,6.23
20733.0,165.0,-544229.0,0.008,6.96
20739.0,224.0,-544436.0,-0.017,6.23
20744.0,293.0,-544006.0,0.117,6.23
20750.0,329.0,-544192.0,0.025,6.23
20754.0,174.0,-544019.0,0.025,6.72
20759.0,529.0,-543681.0,-0.05,6.23
20764.0,387.0,-543732.0,0.042,6.23
20769.0,184.0,-543973.0,0.092,6.48
20775.0,146.0,-543617.0,0.025,6.23
20781.0,260.0,-543612.0,0.0,6.23
20785.0,237.0,-543417.0,0.025,6.48
20791.0,-307.0,-543393.0,0.0,6.23
20796.0,473.0,-543142.0,-0.008,6.48
20800.0,506.0,-543359.0,-0.017,6.23
20806.0,-322.0,-542943.0,0.008,6.23
20811.0,138.0,-542836.0,-0.058,6.48
20816.0,323.0,-542973.0,-0.042,6.48
20822.0,47.0,-542901.0,-0.008,6.23
20827.0,73.0,-542998.0,0.033,6.23
20832.0,156.0,-543113.0,-0.025,6.48
20837.0,418.0,-543213.0,-0.075,6.72
20843.0,-132.0,-542966.0,0.067,6.23
20847.0,419.0,-542581.0,0.1,6.23
20853.0,71.0,-542947.0,0.058,6.96
20858.0,193.0,-542944.0,0.092,6.72
20862.0,168.0,-542987.0,0.008,6.23
20869.0,92.0,-542775.0,0.042,6.48
20874.0,168.0,-542664.0,-0.108,6.48
20879.0,-71.0,-542824.0,0.017,6.23
20885.0,83.0,-542440.0,0.017,6.48
20890.0,211.0,-542191.0,0.033,6.72
20894.0,78.0,-542356.0,0.133,6.23
20900.0,126.0,-542452.0,-0.025,6.72
20905.0,298.0,-542151.0,-0.033,6.23
20911.0,113.0,-541882.0,-0.033,6.96
20916.0,-89.0,-541870.0,0.017,6.23
20921.0,179.0,-541983.0,0.05,6.48
20926.0,-88.0,-541990.0,0.075,6.96
20931.0,402.0,-541952.0,0.075,6.23
20936.0,-70.0,-541897.0,0.042,6.72
20941.0,-51.0,-541636.0,-0.042,6.72
20947.0,131.0,-541738.0,0.058,6.96
20953.0,151.0,-541795.0,0.017,6.23
20957.0,-30.0,-541804.0,0.067,6.72
20962.0,184.0,-541679.0,0.008,6.23
20967.0,323.0,-541736.0,-0.017,6.23
20972.0,29.0,-541426.0,0.017,6.48
20978.0,219.0,-541403.0,0.067,6.48
20982.0,284.0,-541362.0,-0.092,6.23
20988.0,234.0,-541382.0,-0.017,6.48
20994.0,-354.0,-541593.0,0.075,6.96
20999.0,-93.0,-541634.0,0.025,6.23
21004.0,321.0,-540990.0,0.017,6.23
21009.0,237.0,-540615.0,-0.033,6.96
21014.0,184.0,-541232.0,-0.042,6.72
21019.0,-36.0,-541244.0,0.042,6.48
21024.0,-212.0,-540873.0,0.017,6.23
21029.0,-19.0,-540590.0,-0.008,6.96
21035.0,39.0,-540810.0,-0.008,6.96
21041.0,297.0,-540439.0,0.008,6.23
21045.0,224.0,-540306.0,0.092,6.48
21051.0,-180.0,-540682.0,0.058,6.72
21056.0,240.0,-540299.0,0.025,6.23
21060.0,289.0,-540404.0,-0.083,6.23
21066.0,25.0,-540268.0,0.058,5.99
21071.0,-75.0,-540169.0,0.075,6.48
21076.0,-30.0,-540162.0,0.058,6.48
21082.0,356.0,-540292.0,0.042,6.72
21087.0,26.0,-540447.0,0.025,6.23
21092.0,255.0,-540089.0,0.008,6.48
21097.0,290.0,-540110.0,-0.05,6.48
21102.0,36.0,-540179.0,-0.008,6.72
21107.0,-101.0,-540095.0,0.042,6.96
21112.0,63.0,-539946.0,0.042,6.23
21117.0,364.0,-539977.0,-0.075,6.23
21123.0,421.0,-539789.0,-0.008,6.48
21128.0,-163.0,-539816.0,0.017,6.23
21133.0,114.0,-539848.0,0.108,6.48
21138.0,311.0,-539755.0,0.042,6.23
21143.0,211.0,-539976.0,0.033,6.96
21148.0,122.0,-539524.0,0.108,5.99
21153.0,74.0,-539579.0,0.05,6.23
21158.0,8.0,-539186.0,-0.025,6.23
21164.0,121.0,-539378.0,0.0,6.23
21169.0,-211.0,-539225.0,0.067,6.96
21174.0,-182.0,-539446.0,0.008,6.48
21178.0,-151.0,-539093.0,0.058,6.96
21183.0,63.0,-539040.0,0.033,6.23
21189.0,368.0,-538888.0,-0.008,6.23
21194.0,140.0,-538979.0,-0.05,6.96
21198.0,189.0,-539024.0,0.15,6.96
21203.0,144.0,-539145.0,0.033,6.23
21209.0,-30.0,-538902.0,0.017,6.48
21214.0,165.0,-538598.0,0.033,6.48
21219.0,-189.0,-538899.0,0.083,6.23
21224.0,-225.0,-538590.0,0.025,6.23
21229.0,128.0,-538582.0,0.042,6.23
21234.0,-26.0,-538363.0,0.067,6.48
21239.0,30.0,-538750.0,-0.025,6.48
21245.0,193.0,-538604.0,0.092,6.72
21251.0,377.0,-538447.0,0.083,6.72
21255.0,134.0,-538754.0,0.067,6.72
21260.0,-101.0,-538307.0,-0.017,6.23
21265.0,157.0,-538278.0,0.025,6.23
21270.0,198.0,-538302.0,0.017,6.72
21275.0,-80.0,-538319.0,0.1,6.23
21280.0,216.0,-538494.0,-0.008,6.23
21285.0,281.0,-537946.0,-0.025,6.72
21291.0,-233.0,-537783.0,0.025,6.48
21297.0,-327.0,-537864.0,0.033,6.48
21302.0,-62.0,-537902.0,0.042,6.23
21307.0,-258.0,-537695.0,-0.083,6.96
21312.0,-106.0,-537520.0,-0.017,6.96
21317.0,-37.0,-537862.0,0.008,6.48
21322.0,67.0,-537755.0,-0.033,6.23
21327.0,192.0,-538016.0,-0.058,6.23
21331.0,183.0,-537855.0,0.058,6.23
21337.0,-123.0,-537532.0,-0.042,6.23
21342.0,198.0,-537518.0,0.092,6.23
21347.0,448.0,-537343.0,0.008,6.72
21353.0,72.0,-537848.0,0.0,6.96
21358.0,-77.0,-536958.0,-0.017,6.23
21363.0,367.0,-537343.0,0.05,6.72
21368.0,190.0,-537379.0,0.042,6.23
21372.0,103.0,-537460.0,0.025,6.23
21378.0,587.0,-537277.0,-0.092,6.23
21383.0,408.0,-537293.0,0.025,6.23
21389.0,220.0,-537174.0,0.008,6.23
21394.0,-312.0,-536477.0,-0.058,6.72
21399.0,-65.0,-536583.0,0.05,6.72
21404.0,107.0,-536508.0,0.067,6.72
21409.0,-15.0,-536803.0,0.075,6.23
21414.0,206.0,-536619.0,0.108,6.23
21420.0,224.0,-536590.0,0.092,6.23
21425.0,60.0,-536443.0,0.05,6.96
21430.0,-33.0,-536389.0,0.0,6.23
21435.0,141.0,-536336.0,0.008,6.48
21440.0,167.0,-536417.0,0.075,6.23
21445.0,68.0,-536683.0,0.05,6.96
21450.0,240.0,-536708.0,0.067,6.23
21455.0,64.0,-536491.0,0.017,6.48
21460.0,189.0,-536466.0,-0.017,6.72
21466.0,-141.0,-536323.0,0.0,6.48
21471.0,102.0,-536405.0,0.0,6.72
21476.0,179.0,-536264.0,0.025,6.23
21481.0,-145.0,-536250.0,-0.017,6.23
21486.0,-26.0,-536406.0,0.0,6.48
21491.0,320.0,-536169.0,0.108,6.23
21497.0,-22.0,-536054.0,0.025,6.72
21502.0,273.0,-535764.0,-0.042,6.48
21508.0,67.0,-535563.0,0.017,6.23
21513.0,-75.0,-535452.0,0.008,6.48
21518.0,56.0,-535552.0,0.008,6.96
21523.0,74.0,-535693.0,-0.008,6.96
21528.0,444.0,-535493.0,0.025,6.23
21533.0,675.0,-535691.0,0.067,6.23
21538.0,22.0,-535390.0,-0.017,6.96
21544.0,316.0,-535578.0,-0.017,6.72
21550.0,177.0,-535426.0,0.025,6.23
21554.0,88.0,-535577.0,0.108,6.48
21560.0,208.0,-535489.0,0.058,6.72
21565.0,521.0,-535413.0,-0.008,6.48
21570.0,432.0,-535192.0,-0.025,6.72
21575.0,-242.0,-535058.0,-0.042,5.5
21580.0,63.0,-535130.0,0.0,5.99
21585.0,145.0,-535071.0,0.008,6.48
21591.0,-203.0,-534900.0,-0.025,5.99
21596.0,70.0,-534946.0,0.017,6.96
21601.0,672.0,-534819.0,-0.008,6.72
21607.0,30.0,-534685.0,0.008,6.23
21612.0,253.0,-534945.0,-0.017,6.48
21617.0,188.0,-534996.0,0.058,6.72
21622.0,-22.0,-534818.0,0.033,6.96
21627.0,153.0,-534682.0,0.008,6.23
21633.0,112.0,-534301.0,0.017,6.72
21638.0,34.0,-534723.0,0.117,6.96
21643.0,29.0,-534415.0,0.017,6.23
21648.0,192.0,-534162.0,-0.042,6.48
21653.0,192.0,-534400.0,-0.033,6.48
21659.0,-111.0,-534690.0,-0.033,6.23
21663.0,22.0,-534515.0,0.025,6.23
21668.0,179.0,-533909.0,0.092,6.23
21673.0,132.0,-534134.0,0.1,6.48
21679.0,370.0,-534491.0,-0.025,6.23
21684.0,355.0,-534421.0,-0.017,6.72
21689.0,376.0,-534240.0,0.0,6.23
21694.0,-71.0,-533996.0,0.05,6.23
21698.0,448.0,-534013.0,0.017,6.23
21703.0,220.0,-533690.0,0.0,6.72
21708.0,153.0,-533800.0,-0.017,6.48
21714.0,223.0,-533905.0,-0.117,6.48
21720.0,219.0,-533910.0,0.067,6.72
21724.0,326.0,-533663.0,0.008,6.48
21729.0,-6.0,-533800.0,0.05,6.96
21734.0,223.0,-533756.0,0.025,6.23
21739.0,164.0,-533271.0,0.083,6.23
21745.0,-304.0,-533483.0,0.025,6.23
21750.0,27.0,-533629.0,0.033,6.96
21754.0,102.0,-533666.0,0.0,6.48
21761.0,-126.0,-533478.0,0.042,6.96
21766.0,-5.0,-533022.0,0.158,6.23
21770.0,84.0,-533171.0,0.058,6.48
21776.0,188.0,-533295.0,0.025,6.23
21781.0,57.0,-533229.0,-0.025,6.96
21786.0,152.0,-533142.0,0.017,6.23
21791.0,26.0,-533026.0,0.05,6.23
21796.0,217.0,-532648.0,0.017,6.23
21801.0,126.0,-532817.0,0.092,6.23
21807.0,-144.0,-532453.0,0.092,6.23
21812.0,123.0,-532520.0,0.067,6.48
21817.0,407.0,-533121.0,-0.133,6.23
21823.0,-233.0,-532899.0,0.058,6.72
21827.0,-44.0,-532586.0,0.058,6.23
21832.0,808.0,-532803.0,0.042,6.48
21838.0,440.0,-532201.0,-0.008,6.23
21843.0,-107.0,-532294.0,0.017,6.23
21849.0,235.0,-532627.0,0.058,6.48
21854.0,513.0,-532045.0,0.025,6.96
21859.0,168.0,-532340.0,0.025,6.72
21864.0,140.0,-532027.0,0.042,6.48
21869.0,162.0,-532055.0,-0.025,6.96
21874.0,189.0,-531808.0,0.083,6.72
21879.0,-11.0,-532171.0,0.0,6.23
21884.0,-112.0,-532289.0,0.125,6.48
21890.0,403.0,-532322.0,0.058,6.23
21895.0,309.0,-532236.0,0.025,6.96
21900.0,-6.0,-531726.0,0.042,7.21
21905.0,363.0,-531549.0,0.1,6.48
21911.0,77.0,-531933.0,0.017,6.23
21916.0,62.0,-531793.0,-0.075,6.48
21920.0,187.0,-531868.0,-0.15,6.48
21926.0,447.0,-531756.0,0.033,5.99
21931.0,376.0,-531691.0,0.083,6.23
21936.0,124.0,-531614.0,-0.058,6.72
21942.0,138.0,-531716.0,0.008,6.72
21947.0,193.0,-531407.0,0.083,6.23
21952.0,-217.0,-531286.0,0.017,6.23
21957.0,215.0,-531254.0,0.025,6.96
21962.0,174.0,-531095.0,0.025,6.23
21967.0,110.0,-530854.0,0.0,6.72
21972.0,-106.0,-530960.0,0.008,6.23
21978.0,79.0,-530981.0,-0.067,6.23
21983.0,419.0,-531080.0,0.025,6.23
21989.0,21.0,-531228.0,0.008,6.23
21993.0,-188.0,-531101.0,0.058,6.96
21998.0,56.0,-531444.0,-0.108,6.72
22004.0,376.0,-530824.0,-0.033,6.96
22009.0,205.0,-530707.0,0.05,5.99
22014.0,-159.0,-530718.0,0.058,6.23
22020.0,183.0,-530930.0,-0.017,6.96
22025.0,124.0,-531003.0,-0.1,6.48
22030.0,-166.0,-530912.0,0.067,6.23
22035.0,212.0,-530918.0,-0.008,6.48
22040.0,107.0,-530597.0,-0.017,6.96
22045.0,-89.0,-530452.0,0.042,6.23
22051.0,-1.0,-530658.0,-0.017,6.96
22055.0,-10.0,-530271.0,0.108,6.48
22062.0,172.0,-530607.0,-0.025,6.48
22067.0,106.0,-530169.0,-0.05,6.23
22072.0,33.0,-530100.0,0.025,6.23
22077.0,289.0,-529823.0,0.017,6.23
22082.0,-165.0,-530081.0,0.067,6.72
22087.0,-218.0,-529926.0,0.025,6.72
22092.0,120.0,-529933.0,-0.042,6.23
22098.0,352.0,-529881.0,0.042,6.48
22103.0,41.0,-529848.0,-0.025,6.23
22108.0,191.0,-529925.0,0.033,6.23
22114.0,501.0,-529835.0,0.033,6.23
22119.0,520.0,-529686.0,-0.067,6.23
22124.0,122.0,-529725.0,0.042,5.99
22129.0,136.0,-529725.0,0.017,5.99
22134.0,159.0,-529484.0,-0.017,6.48
22139.0,-249.0,-529715.0,-0.008,6.23
22146.0,91.0,-529875.0,0.092,6.48
22150.0,388.0,-529956.0,0.058,6.23
22156.0,22.0,-529276.0,0.042,6.23
22161.0,-72.0,-529616.0,0.033,6.72
22166.0,307.0,-529471.0,0.067,6.23
22171.0,365.0,-529006.0,-0.008,6.48
22176.0,-85.0,-529268.0,0.025,6.23
22181.0,-34.0,-529057.0,0.033,6.23
22187.0,80.0,-529052.0,0.033,6.72
22193.0,-80.0,-529142.0,0.0,6.96
22197.0,-219.0,-529127.0,0.075,6.23
22202.0,341.0,-529398.0,0.108,6.48
22208.0,87.0,-528830.0,-0.017,6.23
22212.0,30.0,-528845.0,-0.05,6.72
22218.0,70.0,-528645.0,0.008,6.23
22223.0,194.0,-528931.0,-0.008,6.72
22228.0,351.0,-528530.0,-0.025,6.23
22234.0,-4.0,-528825.0,-0.033,6.23
22238.0,169.0,-528780.0,0.0,6.23
22243.0,170.0,-528677.0,-0.008,6.72
22248.0,422.0,-528559.0,0.05,6.23
22253.0,153.0,-528384.0,0.042,6.96
22258.0,87.0,-528404.0,0.025,6.23
22264.0,13.0,-528204.0,-0.05,6.23
22269.0,8.0,-528301.0,0.017,6.72
22275.0,-114.0,-528016.0,0.05,6.23
22280.0,590.0,-528036.0,-0.008,6.96
22285.0,329.0,-528301.0,0.025,6.23
22290.0,315.0,-528122.0,0.017,6.48
22295.0,283.0,-528236.0,0.017,6.96
22300.0,194.0,-527959.0,0.092,6.96
22305.0,166.0,-527756.0,0.0,6.72
22311.0,226.0,-527936.0,-0.025,6.48
22316.0,389.0,-527533.0,0.05,6.23
22322.0,183.0,-527635.0,0.008,7.21
22327.0,-227.0,-527823.0,-0.067,6.23
22333.0,139.0,-527797.0,0.075,5.99
22338.0,106.0,-527770.0,0.033,6.23
22343.0,158.0,-527722.0,0.067,6.48
22349.0,-88.0,-527646.0,0.025,6.96
22353.0,-81.0,-527481.0,0.0,6.23
22359.0,78.0,-527524.0,0.092,6.23
22363.0,133.0,-527735.0,0.117,6.23
22368.0,-304.0,-527478.0,0.008,6.48
22374.0,88.0,-527278.0,0.025,6.48
22378.0,429.0,-527455.0,0.042,6.48
22384.0,247.0,-527505.0,0.033,6.23
22389.0,-227.0,-527191.0,0.075,6.48
22394.0,-70.0,-527170.0,0.0,8.19
22400.0,160.0,-526914.0,-0.058,6.23
22406.0,-36.0,-526750.0,0.017,6.23
22411.0,430.0,-526860.0,0.058,6.96
22416.0,17.0,-526779.0,-0.058,6.72
22422.0,311.0,-526583.0,0.108,6.23
22427.0,-135.0,-527081.0,0.033,6.48
22433.0,457.0,-526725.0,0.058,6.96
22437.0,-192.0,-526548.0,0.033,6.48
22444.0,-52.0,-526632.0,-0.017,6.48
22449.0,632.0,-526772.0,0.033,6.48
22454.0,313.0,-526711.0,0.092,6.23
22459.0,314.0,-526689.0,0.05,6.96
22465.0,470.0,-526867.0,0.05,6.48
22469.0,557.0,-526640.0,0.025,6.23
22474.0,322.0,-525964.0,0.1,6.23
22480.0,180.0,-525934.0,0.0,6.96
22486.0,183.0,-526089.0,0.05,6.48
22491.0,407.0,-526049.0,0.008,6.23
22497.0,241.0,-526059.0,0.017,6.23
22502.0,161.0,-526009.0,0.008,6.23
22507.0,294.0,-526118.0,-0.008,6.23
22512.0,148.0,-526298.0,0.017,6.72
22518.0,290.0,-525694.0,0.058,6.23
22523.0,94.0,-525515.0,0.017,6.23
22529.0,275.0,-525754.0,-0.05,6.72
22534.0,145.0,-525708.0,0.017,6.23
22539.0,-27.0,-525701.0,0.042,6.72
22544.0,168.0,-525694.0,-0.017,6.23
22549.0,236.0,-525766.0,0.025,6.48
22554.0,-56.0,-525537.0,0.017,6.48
22559.0,139.0,-525740.0,-0.108,6.23
22565.0,389.0,-525618.0,0.075,6.23
22569.0,88.0,-525635.0,0.033,6.72
22575.0,45.0,-525521.0,0.008,6.48
22581.0,311.0,-525291.0,0.075,6.23
22585.0,206.0,-525500.0,0.058,6.72
22590.0,-51.0,-525550.0,0.017,6.96
22596.0,55.0,-525484.0,0.017,6.23
22601.0,202.0,-525215.0,0.042,6.72
22606.0,-198.0,-525119.0,0.05,6.96
22612.0,102.0,-524775.0,0.067,6.23
22618.0,276.0,-524932.0,0.067,6.72
22622.0,43.0,-525055.0,0.025,6.72
22628.0,155.0,-524831.0,-0.05,6.96
22633.0,-379.0,-524732.0,0.05,6.72
22638.0,-150.0,-524875.0,0.083,6.96
22643.0,-148.0,-524539.0,0.042,6.23
22648.0,162.0,-524688.0,-0.033,6.23
22653.0,357.0,-524431.0,-0.025,6.48
22659.0,281.0,-524583.0,0.058,6.23
22665.0,-13.0,-524458.0,0.142,6.23
22669.0,-62.0,-524631.0,0.017,6.72
22675.0,160.0,-524449.0,0.033,6.96
22680.0,584.0,-524588.0,0.042,6.23
22684.0,581.0,-524773.0,0.025,5.99
22690.0,-3.0,-524523.0,0.05,6.48
22695.0,-27.0,-524504.0,0.0,6.23
22701.0,-80.0,-524107.0,0.042,6.72
22706.0,-126.0,-524155.0,0.033,6.23
22711.0,-273.0,-523976.0,0.042,6.72
22716.0,-96.0,-524474.0,0.058,6.96
22721.0,286.0,-524463.0,-0.042,6.72
22726.0,65.0,-523958.0,0.033,6.23
22731.0,-69.0,-523792.0,-0.033,6.48
22736.0,83.0,-523811.0,0.117,6.72
22742.0,108.0,-523874.0,-0.033,6.23
22747.0,260.0,-523764.0,-0.033,6.23
22752.0,-172.0,-523617.0,-0.058,6.23
22757.0,-275.0,-523818.0,0.008,6.23
22763.0,557.0,-523730.0,0.05,6.48
22768.0,131.0,-523635.0,0.017,6.23
22772.0,142.0,-523552.0,-0.058,6.23
22778.0,-246.0,-523426.0,0.033,6.96
22784.0,-220.0,-523341.0,0.033,6.23
22789.0,-111.0,-523480.0,0.067,6.23
22794.0,89.0,-523448.0,0.067,6.23
22799.0,-313.0,-523831.0,0.058,6.48
22804.0,-276.0,-523454.0,0.108,6.48
22809.0,-70.0,-523080.0,-0.033,6.96
22814.0,-28.0,-523155.0,0.092,6.23
22819.0,167.0,-523184.0,0.0,6.96
22824.0,303.0,-522784.0,-0.008,6.23
22831.0,123.0,-522769.0,0.067,6.23
22835.0,172.0,-523108.0,0.067,6.48
22841.0,194.0,-522632.0,0.083,6.23
22846.0,472.0,-523029.0,0.025,6.96
22851.0,543.0,-522956.0,0.05,6.23
22856.0,181.0,-522686.0,0.0,6.72
22861.0,-201.0,-522693.0,0.058,6.96
22866.0,-144.0,-522862.0,0.075,6.23
22872.0,138.0,-522406.0,0.092,6.23
22877.0,68.0,-522521.0,-0.033,6.48
22882.0,-137.0,-522401.0,-0.033,6.23
22888.0,-513.0,-522277.0,0.0,6.72
22893.0,23.0,-522206.0,0.067,6.72
22898.0,386.0,-522223.0,0.05,6.72
22903.0,194.0,-522125.0,-0.083,6.23
22908.0,-66.0,-522130.0,0.025,6.48
22914.0,13.0,-522203.0,0.0,6.23
22919.0,207.0,-521921.0,-0.033,6.96
22924.0,-59.0,-521910.0,0.05,6.72
22929.0,-270.0,-522113.0,-0.067,6.48
22935.0,528.0,-522447.0,0.05,6.23
22940.0,-92.0,-522354.0,0.142,6.48
22945.0,25.0,-522252.0,0.05,6.72
22950.0,77.0,-521852.0,-0.017,6.96
22956.0,-31.0,-522045.0,0.025,6.48
22961.0,60.0,-522038.0,0.125,6.48
22966.0,52.0,-521992.0,0.1,6.23
22971.0,276.0,-521591.0,0.0,6.96
22976.0,175.0,-521784.0,-0.075,6.23
22982.0,43.0,-521646.0,0.033,6.48
22987.0,125.0,-521547.0,0.033,6.23
22991.0,218.0,-521374.0,0.042,6.96
22998.0,216.0,-521652.0,0.058,6.96
23003.0,98.0,-521547.0,-0.058,6.72
23007.0,-211.0,-521394.0,-0.017,6.96
23013.0,227.0,-521604.0,0.108,6.23
23018.0,77.0,-521435.0,0.025,6.23
23023.0,152.0,-521453.0,0.042,6.96
23029.0,56.0,-521411.0,0.058,6.72
23034.0,230.0,-521146.0,0.017,6.23
23038.0,161.0,-520841.0,-0.025,6.23
23045.0,-147.0,-521039.0,0.108,6.23
23050.0,355.0,-521186.0,0.092,6.23
23055.0,478.0,-520949.0,-0.033,6.96
23060.0,426.0,-520937.0,0.008,6.23
23065.0,56.0,-520876.0,0.025,6.23
23070.0,141.0,-520689.0,0.05,6.23
23075.0,-123.0,-520795.0,-0.017,6.72
23081.0,159.0,-520762.0,0.008,6.48
23086.0,358.0,-520587.0,0.008,6.96
23092.0,126.0,-520393.0,-0.008,6.72
23097.0,376.0,-520530.0,0.017,6.23
23101.0,255.0,-520689.0,0.117,6.48
23107.0,221.0,-520429.0,0.025,6.48
23112.0,23.0,-520286.0,0.067,7.94
23117.0,100.0,-520171.0,0.117,6.23
23122.0,130.0,-520225.0,0.017,6.48
23128.0,510.0,-520320.0,0.058,6.23
23133.0,149.0,-520419.0,0.058,6.72
23139.0,93.0,-520119.0,0.075,6.23
23144.0,369.0,-520070.0,0.1,6.48
23149.0,478.0,-520220.0,0.05,6.23
23153.0,11.0,-519917.0,-0.025,6.23
23158.0,155.0,-519880.0,0.083,6.23
23163.0,126.0,-520090.0,-0.008,6.23
23169.0,-186.0,-520097.0,0.008,6.48
23174.0,-225.0,-519924.0,0.05,6.96
23179.0,20.0,-519905.0,0.058,6.23
23184.0,228.0,-520130.0,0.0,6.23
23189.0,-69.0,-520116.0,0.042,6.72
23194.0,-5.0,-519967.0,0.075,6.23
23198.0,210.0,-519960.0,0.042,6.72
23203.0,241.0,-519823.0,0.083,6.23
23208.0,31.0,-519402.0,0.117,6.96
23214.0,-18.0,-519876.0,0.05,6.72
23219.0,132.0,-519621.0,0.0,6.23
23224.0,133.0,-519056.0,-0.017,6.96
23229.0,160.0,-519135.0,-0.025,6.23
23233.0,91.0,-519482.0,0.0,6.23
23238.0,-10.0,-519283.0,-0.117,6.23
23243.0,226.0,-519290.0,0.017,6.72
23248.0,209.0,-519726.0,-0.008,6.72
23254.0,-65.0,-519631.0,0.058,6.72
23259.0,94.0,-519132.0,-0.058,6.23
23263.0,237.0,-519411.0,0.142,6.48
23268.0,41.0,-519086.0,-0.05,6.48
23273.0,-132.0,-519008.0,0.025,6.48
23278.0,514.0,-519039.0,0.058,6.72
23283.0,633.0,-519076.0,0.058,6.23
23288.0,-2.0,-519133.0,0.067,6.72
23293.0,182.0,-518772.0,0.083,6.48
23299.0,229.0,-518790.0,0.033,6.23
23304.0,79.0,-518715.0,0.042,6.23
23308.0,396.0,-518724.0,0.142,6.96
23313.0,83.0,-518553.0,0.008,6.23
23318.0,-27.0,-518496.0,0.017,6.23
23323.0,-298.0,-518712.0,0.033,6.23
23328.0,320.0,-518553.0,0.0,6.23
23333.0,71.0,-518442.0,0.025,6.23
23339.0,-318.0,-518813.0,0.0,6.23
23343.0,121.0,-518310.0,-0.058,6.96
23348.0,210.0,-518219.0,-0.025,6.48
23353.0,122.0,-518690.0,0.075,6.96
23358.0,225.0,-518730.0,0.092,6.23
23363.0,219.0,-518597.0,0.025,6.23
23368.0,-9.0,-518070.0,0.017,6.23
23373.0,178.0,-517882.0,0.017,6.23
23378.0,-222.0,-517939.0,0.025,6.23
23384.0,124.0,-518048.0,0.017,6.48
23389.0,121.0,-518162.0,0.025,6.23
23395.0,293.0,-518077.0,0.092,6.72
23400.0,-9.0,-517830.0,-0.058,6.48
23405.0,58.0,-517696.0,-0.008,6.23
23410.0,16.0,-517649.0,0.067,6.23
23415.0,131.0,-517841.0,0.05,6.23
23419.0,150.0,-517840.0,0.108,6.23
23426.0,34.0,-517469.0,0.042,6.96
23431.0,247.0,-517653.0,-0.017,6.23
23436.0,169.0,-517366.0,0.042,6.23
23441.0,43.0,-517321.0,0.067,6.96
23446.0,196.0,-517199.0,0.017,6.48
23451.0,-272.0,-517474.0,-0.008,6.23
23456.0,398.0,-517435.0,-0.017,6.23
23461.0,685.0,-517417.0,0.075,6.23
23467.0,505.0,-517496.0,0.05,6.23
23472.0,-105.0,-516971.0,0.033,6.23
23477.0,-84.0,-517053.0,0.025,6.48
23482.0,212.0,-517002.0,0.017,6.23
23487.0,144.0,-516915.0,0.133,6.23
23493.0,-37.0,-517067.0,0.058,6.72
23498.0,171.0,-517482.0,-0.05,6.23
23503.0,507.0,-517117.0,0.05,6.23
23508.0,290.0,-516839.0,0.017,6.48
23514.0,36.0,-516852.0,0.108,6.96
23519.0,4.0,-516789.0,0.075,6.23
23524.0,287.0,-516978.0,-0.017,5.99
23529.0,-171.0,-516753.0,0.05,6.23
23534.0,-6.0,-516675.0,0.017,6.23
23538.0,175.0,-516742.0,0.058,6.48
23544.0,43.0,-516894.0,0.0,6.23
23549.0,6.0,-516488.0,0.05,6.72
23555.0,44.0,-516461.0,-0.042,6.72
23560.0,192.0,-516376.0,0.042,6.48
23565.0,201.0,-515902.0,0.05,6.23
23570.0,371.0,-516229.0,0.05,6.96
23575.0,349.0,-515880.0,-0.042,6.23
23580.0,220.0,-516206.0,0.05,6.48
23585.0,228.0,-516353.0,-0.017,6.96
23590.0,202.0,-516312.0,0.075,6.23
23596.0,413.0,-515858.0,0.1,6.72
23602.0,447.0,-516201.0,0.017,6.23
23607.0,-125.0,-515814.0,0.033,6.23
23612.0,202.0,-515820.0,0.067,7.21
23617.0,364.0,-515819.0,0.017,6.23
23622.0,212.0,-515650.0,-0.042,6.23
23627.0,87.0,-515696.0,0.042,6.23
23632.0,199.0,-515873.0,-0.05,6.23
23638.0,443.0,-516060.0,0.075,6.96
23643.0,326.0,-515698.0,0.075,6.23
23648.0,-42.0,-515709.0,0.008,6.48
23654.0,-144.0,-515651.0,-0.025,6.48
23659.0,265.0,-515159.0,0.0,6.48
23664.0,-48.0,-515178.0,0.075,6.48
23669.0,174.0,-515352.0,-0.025,6.23
23674.0,201.0,-515314.0,0.025,6.23
23680.0,-118.0,-515471.0,0.033,6.23
23685.0,330.0,-515371.0,-0.025,6.23
23691.0,309.0,-515395.0,0.15,6.48
23695.0,106.0,-515198.0,0.025,6.23
23701.0,82.0,-515096.0,-0.042,6.23
23706.0,203.0,-515152.0,-0.083,6.23
23710.0,374.0,-515157.0,-0.008,6.23
23716.0,-270.0,-515159.0,-0.017,7.7
23721.0,-57.0,-515133.0,0.083,6.23
23727.0,-46.0,-515010.0,-0.017,6.48
23732.0,82.0,-514748.0,0.017,6.96
23737.0,57.0,-515174.0,0.017,6.72
23742.0,-228.0,-515261.0,0.025,6.23
23747.0,224.0,-514783.0,0.008,6.23
23752.0,237.0,-514875.0,0.008,6.72
23758.0,-13.0,-514892.0,-0.025,6.23
23763.0,95.0,-514898.0,0.025,6.48
23769.0,356.0,-515086.0,-0.025,6.23
23774.0,161.0,-514527.0,0.083,6.48
23779.0,227.0,-514563.0,0.083,6.23
23784.0,472.0,-514637.0,0.017,6.23
23789.0,223.0,-514426.0,-0.025,5.99
23795.0,237.0,-513974.0,0.042,6.23
23800.0,258.0,-514506.0,0.042,6.23
23804.0,43.0,-514353.0,-0.017,6.23
23811.0,61.0,-514427.0,0.067,6.23
23816.0,110.0,-514191.0,-0.008,6.23
23821.0,83.0,-514422.0,0.05,6.48
23826.0,335.0,-514100.0,0.042,6.23
23831.0,278.0,-513904.0,0.092,6.23
23836.0,179.0,-513941.0,0.158,6.23
23841.0,377.0,-513899.0,0.008,6.48
23846.0,170.0,-513981.0,-0.017,6.72
23852.0,-49.0,-514038.0,-0.033,5.99
23858.0,193.0,-513832.0,-0.058,6.23
23863.0,98.0,-513920.0,-0.025,6.72
23867.0,-15.0,-513775.0,0.108,6.23
23873.0,85.0,-513551.0,-0.008,6.48
23877.0,154.0,-513354.0,0.008,6.48
23882.0,502.0,-513461.0,0.008,6.23
23888.0,433.0,-513645.0,-0.058,6.48
23892.0,-222.0,-513630.0,0.008,6.72
23899.0,398.0,-513380.0,-0.008,6.48
23904.0,253.0,-513536.0,0.058,6.23
23908.0,62.0,-513581.0,0.092,6.23
23914.0,78.0,-513345.0,0.083,6.23
23919.0,233.0,-513019.0,0.008,6.23
23924.0,52.0,-513152.0,0.017,6.48
23929.0,66.0,-513096.0,-0.008,6.23
23934.0,483.0,-513546.0,0.067,6.48
23940.0,146.0,-513385.0,-0.017,6.23
23945.0,-86.0,-513077.0,-0.042,6.72
23950.0,377.0,-512949.0,0.042,6.96
23955.0,-128.0,-513018.0,0.008,6.23
23961.0,260.0,-512922.0,0.092,6.23
23965.0,293.0,-512885.0,0.0,5.5
23970.0,317.0,-512902.0,-0.042,5.25
23976.0,-33.0,-512676.0,-0.017,6.23
23981.0,-116.0,-512839.0,0.075,6.23
23986.0,66.0,-512844.0,0.025,6.48
23992.0,176.0,-512902.0,0.0,6.23
23997.0,357.0,-512839.0,0.083,7.21
24002.0,241.0,-512864.0,0.083,6.48
24007.0,55.0,-512298.0,0.042,6.48
24012.0,110.0,-512215.0,0.117,5.99
24017.0,-64.0,-512334.0,0.05,6.72
24023.0,134.0,-512596.0,0.033,5.99
24028.0,259.0,-512725.0,0.108,6.48
24033.0,-93.0,-512352.0,0.0,6.48
24038.0,-106.0,-511986.0,-0.042,6.23
24043.0,-75.0,-511933.0,0.05,6.72
24048.0,381.0,-512057.0,-0.008,6.23
24053.0,154.0,-512155.0,0.133,6.23
24058.0,73.0,-512140.0,0.033,6.96
24065.0,173.0,-512226.0,0.083,6.72
24070.0,-50.0,-512200.0,-0.008,6.23
24074.0,157.0,-511737.0,0.117,6.23
24080.0,109.0,-511877.0,0.008,6.72
24085.0,158.0,-511792.0,0.025,6.23
24090.0,474.0,-512125.0,0.017,6.48
24095.0,-256.0,-511667.0,0.067,6.48
24100.0,25.0,-511642.0,0.0,6.72
24105.0,91.0,-511895.0,0.067,6.96
24111.0,13.0,-511943.0,0.0,6.48
24116.0,160.0,-511726.0,0.067,6.23
24121.0,100.0,-511785.0,0.042,6.72
24126.0,492.0,-511495.0,0.008,6.23
24131.0,361.0,-511488.0,0.025,6.23
24136.0,165.0,-511323.0,0.033,6.48
24142.0,135.0,-511271.0,0.033,6.23
24146.0,320.0,-511296.0,-0.017,6.23
24153.0,96.0,-511343.0,0.092,6.23
24158.0,-70.0,-511035.0,0.05,6.72
24163.0,111.0,-511022.0,0.042,6.48
24168.0,69.0,-510927.0,0.008,6.23
24173.0,-185.0,-511119.0,0.017,6.23
24178.0,300.0,-510892.0,0.092,6.23
24183.0,148.0,-510749.0,-0.017,6.72
24189.0,-230.0,-511487.0,0.075,6.23
24194.0,57.0,-511128.0,0.067,6.23
24200.0,245.0,-511010.0,0.033,6.23
24205.0,101.0,-510708.0,-0.083,6.48
24210.0,128.0,-510557.0,-0.008,6.23
24215.0,17.0,-510980.0,0.025,6.23
24219.0,344.0,-510993.0,-0.017,6.23
24224.0,69.0,-510738.0,0.025,6.96
24229.0,-171.0,-510714.0,0.008,6.72
24235.0,8.0,-510651.0,0.1,6.23
24240.0,146.0,-510349.0,0.108,6.72
24246.0,4.0,-510763.0,0.008,6.23
24250.0,489.0,-510700.0,0.017,6.23
24256.0,149.0,-510039.0,-0.008,6.96
24261.0,-23.0,-510299.0,0.008,6.23
24266.0,18.0,-510126.0,0.075,6.23
24271.0,388.0,-510329.0,0.083,6.23
24276.0,-58.0,-510383.0,-0.008,6.23
24282.0,27.0,-510284.0,0.017,6.72
24287.0,367.0,-510390.0,0.008,6.23
24293.0,785.0,-510210.0,0.108,6.23
24298.0,487.0,-509754.0,-0.008,6.48
24303.0,576.0,-509517.0,0.025,6.48
24309.0,130.0,-509991.0,-0.033,5.99
24314.0,296.0,-510045.0,0.058,6.96
24320.0,253.0,-510008.0,-0.017,6.23
24325.0,-15.0,-509881.0,0.05,6.72
24330.0,221.0,-509755.0,0.075,6.23
24335.0,212.0,-509792.0,0.067,6.23
24340.0,-54.0,-509741.0,-0.017,6.23
24346.0,62.0,-509671.0,0.1,6.96
24350.0,127.0,-509592.0,0.05,6.23
24355.0,-117.0,-509499.0,0.05,6.48
24361.0,245.0,-509687.0,-0.017,6.23
24367.0,300.0,-509598.0,0.158,6.72
24372.0,24.0,-509322.0,0.083,6.23
24378.0,42.0,-509206.0,0.033,6.23
24383.0,198.0,-509284.0,0.0,6.48
24388.0,121.0,-509269.0,-0.042,6.23
24393.0,237.0,-508973.0,0.017,6.48
24399.0,353.0,-509319.0,0.142,6.48
24403.0,522.0,-509302.0,0.092,6.23
24409.0,95.0,-508745.0,0.025,6.23
24415.0,167.0,-508861.0,0.008,6.23
24419.0,254.0,-508864.0,-0.008,6.23
24425.0,238.0,-508806.0,0.008,6.72
24430.0,-158.0,-509178.0,0.025,6.23
24435.0,-225.0,-508981.0,-0.025,6.23
24440.0,-418.0,-509046.0,-0.075,6.72
24445.0,342.0,-509130.0,-0.017,6.23
24451.0,243.0,-508901.0,0.075,6.72
24456.0,-153.0,-508753.0,0.025,6.23
24462.0,539.0,-509003.0,-0.058,6.72
24467.0,64.0,-508876.0,0.008,6.23
24472.0,-114.0,-508230.0,0.0,6.72
24478.0,122.0,-508372.0,0.017,6.96
24483.0,408.0,-508540.0,-0.067,6.48
24488.0,167.0,-508215.0,-0.033,6.23
24494.0,-53.0,-508093.0,0.025,6.96
24500.0,233.0,-508299.0,0.067,6.48
24505.0,87.0,-508115.0,0.092,6.23
24510.0,-190.0,-508390.0,-0.008,6.96
24515.0,-18.0,-508336.0,0.075,6.72
24521.0,-132.0,-508030.0,0.067,6.23
24526.0,107.0,-507903.0,0.05,6.23
24531.0,382.0,-508003.0,0.008,6.48
24537.0,288.0,-508017.0,0.075,6.23
24542.0,71.0,-507788.0,0.133,6.23
24547.0,311.0,-507858.0,-0.025,6.72
24553.0,107.0,-507600.0,-0.008,6.23
24558.0,211.0,-507950.0,0.0,6.23
24563.0,282.0,-507675.0,0.1,6.23
24569.0,326.0,-507681.0,0.108,6.23
24574.0,-184.0,-507387.0,0.05,6.23
24580.0,-158.0,-507688.0,-0.008,6.72
24585.0,-209.0,-507689.0,0.083,6.96
24590.0,-37.0,-507611.0,0.017,6.48
24595.0,-23.0,-507696.0,-0.017,6.23
24600.0,-56.0,-507791.0,0.133,6.23
24606.0,22.0,-507623.0,0.033,6.23
24611.0,304.0,-507438.0,-0.008,6.48
24615.0,261.0,-507391.0,-0.008,6.48
24622.0,259.0,-507117.0,0.042,6.23
24627.0,423.0,-507222.0,-0.017,6.23
24632.0,424.0,-507103.0,0.058,6.23
24637.0,44.0,-507021.0,0.083,6.96
24642.0,123.0,-506916.0,0.083,6.23
24647.0,540.0,-507002.0,0.058,6.96
24652.0,102.0,-507048.0,0.033,6.23
24657.0,-79.0,-506931.0,0.05,4.28
24663.0,5.0,-506689.0,0.108,6.96
24669.0,263.0,-506593.0,0.017,5.99
24674.0,-43.0,-506460.0,0.067,6.23
24679.0,160.0,-506723.0,-0.042,6.23
24684.0,-14.0,-506749.0,-0.067,6.96
24689.0,350.0,-506470.0,0.1,6.48
24694.0,267.0,-506511.0,0.033,6.23
24699.0,61.0,-506619.0,0.117,6.96
24705.0,-15.0,-506556.0,0.067,6.23
24710.0,-72.0,-506599.0,0.008,6.23
24716.0,206.0,-506875.0,0.017,6.48
24721.0,48.0,-506540.0,0.108,6.23
24725.0,-61.0,-506145.0,0.075,6.23
24731.0,79.0,-506145.0,-0.025,6.23
24735.0,-56.0,-506208.0,0.15,6.23
24741.0,306.0,-506254.0,0.05,3.79
24747.0,172.0,-506216.0,0.033,6.48
24752.0,168.0,-506031.0,0.017,6.23
24757.0,281.0,-506232.0,0.05,6.23
24763.0,57.0,-506438.0,0.1,6.23
24768.0,-217.0,-506311.0,0.042,6.48
24772.0,-260.0,-505680.0,-0.117,6.96
24778.0,246.0,-505732.0,0.067,6.23
24783.0,222.0,-505777.0,-0.058,6.48
24788.0,145.0,-505666.0,0.042,6.23
24794.0,371.0,-505648.0,0.042,6.72
24799.0,433.0,-505825.0,0.025,6.48
24804.0,202.0,-505706.0,0.117,6.72
24809.0,-6.0,-505912.0,0.017,6.23
24814.0,382.0,-505643.0,0.008,6.96
24819.0,177.0,-505286.0,0.092,6.96
24825.0,-147.0,-505724.0,0.025,6.48
24830.0,351.0,-505513.0,0.008,6.96
24835.0,-56.0,-505388.0,0.058,6.48
24840.0,232.0,-505353.0,0.025,6.23
24845.0,77.0,-505162.0,0.017,6.96
24851.0,67.0,-505314.0,0.008,6.23
24856.0,5.0,-505373.0,0.008,6.23
24860.0,-24.0,-505342.0,0.075,6.23
24866.0,194.0,-505236.0,0.025,6.72
24871.0,156.0,-505255.0,0.025,6.23
24876.0,-79.0,-505168.0,0.033,6.96
24882.0,549.0,-505044.0,-0.008,6.23
24887.0,-193.0,-505099.0,0.1,6.96
24892.0,54.0,-504782.0,0.033,6.23
24897.0,346.0,-504852.0,0.033,6.23
24902.0,322.0,-505143.0,0.075,6.23
24907.0,315.0,-504896.0,0.025,6.23
24912.0,351.0,-504796.0,0.1,6.23
24918.0,227.0,-504781.0,0.017,6.23
24923.0,392.0,-504718.0,0.025,6.48
24929.0,180.0,-504880.0,0.075,6.72
24934.0,118.0,-505179.0,-0.025,6.72
24938.0,-23.0,-504764.0,0.017,6.96
24944.0,191.0,-504660.0,0.058,6.23
24949.0,85.0,-504573.0,0.017,6.23
24954.0,26.0,-504295.0,0.125,6.48
24961.0,-216.0,-504261.0,0.033,6.48
24966.0,74.0,-504466.0,0.025,6.96
24970.0,267.0,-504323.0,0.1,6.72
24976.0,-23.0,-504567.0,-0.025,6.23
24981.0,101.0,-504446.0,0.067,6.96
24986.0,-256.0,-504261.0,0.033,5.74
24991.0,228.0,-504301.0,0.042,6.72
24996.0,100.0,-504366.0,0.058,6.23
25001.0,77.0,-504133.0,-0.05,6.23
25007.0,209.0,-503859.0,0.017,6.48
25012.0,163.0,-504034.0,0.05,6.72
25017.0,230.0,-504141.0,0.083,6.48
25023.0,-320.0,-503835.0,0.075,6.23
25028.0,16.0,-504000.0,0.025,7.21
25032.0,217.0,-503745.0,-0.05,6.72
25038.0,211.0,-503563.0,0.025,6.23
25043.0,183.0,-503648.0,-0.05,6.23
25049.0,150.0,-503571.0,0.033,6.96
25054.0,246.0,-503753.0,-0.033,6.72
25059.0,-92.0,-503630.0,0.1,6.72
25064.0,201.0,-503408.0,-0.017,6.48
25070.0,-27.0,-503478.0,0.0,6.23
25075.0,231.0,-503295.0,0.033,6.23
25079.0,212.0,-503390.0,0.025,6.48
25085.0,280.0,-503314.0,0.058,6.23
25091.0,280.0,-503395.0,-0.025,6.48
25096.0,-27.0,-503396.0,0.05,6.23
25101.0,-9.0,-503290.0,0.042,6.23
25106.0,335.0,-503431.0,0.067,6.23
25111.0,46.0,-503370.0,-0.092,6.23
25116.0,-72.0,-502906.0,0.033,6.23
25121.0,498.0,-502827.0,0.008,6.23
25126.0,93.0,-503086.0,0.05,6.23
25133.0,-57.0,-502670.0,0.058,6.23
25138.0,-149.0,-502541.0,-0.017,6.48
25143.0,164.0,-502615.0,-0.008,6.48
25147.0,95.0,-502734.0,0.008,6.23
25152.0,270.0,-503185.0,0.0,6.72
25157.0,375.0,-503068.0,0.242,6.72
25162.0,329.0,-502633.0,-0.008,6.72
25167.0,144.0,-502379.0,0.058,6.48
25172.0,-140.0,-502374.0,-0.1,6.23
25178.0,180.0,-502525.0,0.092,6.48
25183.0,515.0,-502379.0,0.008,6.96
25188.0,329.0,-502406.0,0.008,6.96
25193.0,367.0,-502341.0,0.0,6.96
25198.0,326.0,-502423.0,0.017,6.23
25203.0,12.0,-502442.0,0.05,6.48
25208.0,12.0,-502361.0,-0.033,6.48
25213.0,7.0,-502177.0,0.025,6.72
25219.0,-129.0,-502040.0,0.0,6.23
25224.0,-356.0,-502279.0,0.0,6.23
25230.0,12.0,-501935.0,0.042,6.96
25235.0,224.0,-502260.0,0.0,6.23
25240.0,-125.0,-502190.0,-0.008,6.48
25244.0,308.0,-502015.0,0.05,6.23
25249.0,428.0,-501732.0,0.017,6.48
25254.0,255.0,-501682.0,-0.042,6.23
25261.0,219.0,-501865.0,0.033,6.72
25266.0,-73.0,-502054.0,0.058,6.23
25271.0,68.0,-501772.0,0.058,6.72
25276.0,-118.0,-501783.0,0.125,6.48
25281.0,78.0,-501360.0,0.125,6.72
25286.0,-49.0,-501874.0,0.092,6.96
25291.0,505.0,-501807.0,0.033,6.48
25296.0,289.0,-501490.0,0.05,6.23
25302.0,86.0,-501640.0,-0.008,6.48
25307.0,-4.0,-501621.0,0.033,5.99
25312.0,227.0,-502010.0,0.042,6.48
25316.0,114.0,-501753.0,0.025,6.96
25322.0,82.0,-501780.0,0.008,6.23
25327.0,411.0,-501208.0,0.067,6.48
25332.0,353.0,-501655.0,0.0,6.23
25336.0,112.0,-501318.0,0.033,5.99
25341.0,-13.0,-501293.0,-0.017,6.23
25347.0,259.0,-501466.0,0.025,6.72
25352.0,326.0,-501178.0,0.083,6.96
25357.0,96.0,-501109.0,-0.025,6.72
25362.0,136.0,-501188.0,0.067,6.23
25367.0,-17.0,-501056.0,0.017,6.23
25372.0,205.0,-501127.0,0.033,6.23
25377.0,238.0,-500894.0,0.008,6.48
25382.0,507.0,-500789.0,0.1,6.96
25388.0,137.0,-500718.0,0.0,6.72
25393.0,170.0,-501020.0,0.058,6.96
25398.0,-22.0,-501209.0,0.025,6.23
25403.0,388.0,-500898.0,0.008,6.72
25408.0,181.0,-500462.0,0.017,6.48
25413.0,247.0,-500675.0,0.008,6.96
25418.0,148.0,-500535.0,-0.025,6.23
25423.0,555.0,-500548.0,0.108,6.72
25428.0,-39.0,-500309.0,0.008,6.23
25434.0,92.0,-500379.0,0.033,6.23
25439.0,273.0,-500400.0,0.017,6.96
25444.0,615.0,-500634.0,0.0,6.23
25449.0,532.0,-500190.0,0.042,6.23
25454.0,223.0,-500363.0,0.083,6.23
25459.0,-322.0,-499999.0,0.008,6.23
25464.0,337.0,-499912.0,0.025,6.23
25469.0,-315.0,-500245.0,0.083,6.23
25475.0,24.0,-500107.0,0.075,6.96
25479.0,335.0,-500410.0,0.0,6.96
25485.0,81.0,-499834.0,0.008,6.23
25490.0,-168.0,-499916.0,0.05,6.48
25495.0,56.0,-500005.0,0.042,6.23
25500.0,224.0,-500010.0,-0.025,6.48
25505.0,123.0,-499930.0,0.017,7.7
25510.0,149.0,-499775.0,-0.017,6.23
25516.0,109.0,-499710.0,0.067,6.48
25521.0,238.0,-499442.0,0.075,6.72
25527.0,246.0,-499731.0,-0.008,6.23
25532.0,84.0,-499804.0,0.042,5.25
25537.0,357.0,-499892.0,-0.108,6.48
25542.0,325.0,-499677.0,0.108,6.72
25547.0,-107.0,-499466.0,0.117,6.96
25552.0,10.0,-499416.0,-0.05,6.23
25558.0,140.0,-499629.0,0.025,6.23
25563.0,356.0,-499314.0,0.075,6.72
25568.0,347.0,-499350.0,0.108,6.72
25573.0,285.0,-499503.0,0.017,6.23
25578.0,355.0,-499246.0,0.0,7.21
25584.0,320.0,-499086.0,-0.05,6.48
25589.0,300.0,-499245.0,0.083,6.48
25594.0,220.0,-499606.0,0.042,6.96
25600.0,-17.0,-498804.0,0.017,6.48
25605.0,-123.0,-498935.0,0.042,6.23
25610.0,341.0,-498951.0,0.108,6.72
25616.0,152.0,-498989.0,0.017,6.23
25620.0,21.0,-499012.0,0.058,6.48
25626.0,149.0,-498846.0,0.083,6.48
25631.0,94.0,-498790.0,0.0,6.23
25635.0,311.0,-498533.0,-0.075,6.23
25641.0,87.0,-499051.0,0.042,6.48
25647.0,220.0,-498599.0,0.058,6.48
25652.0,167.0,-498556.0,0.092,6.72
25657.0,45.0,-498352.0,0.025,6.72
25662.0,134.0,-498658.0,0.092,6.23
25667.0,252.0,-498809.0,0.075,6.48
25672.0,132.0,-498508.0,0.017,8.92
25677.0,-35.0,-498446.0,0.058,6.72
25682.0,189.0,-498271.0,0.042,6.23
25689.0,87.0,-498239.0,0.058,6.72
25694.0,300.0,-498287.0,0.083,6.23
25699.0,311.0,-498246.0,0.008,6.48
25704.0,325.0,-498300.0,-0.033,6.23
25709.0,186.0,-498300.0,0.017,6.96
25714.0,337.0,-498297.0,-0.025,6.23
25720.0,135.0,-498185.0,0.025,6.48
25725.0,298.0,-497935.0,0.042,6.23
25730.0,441.0,-498132.0,0.008,6.23
25736.0,-81.0,-498022.0,0.125,6.96
25741.0,40.0,-497898.0,0.067,6.23
25745.0,591.0,-498283.0,0.025,6.23
25751.0,-45.0,-497975.0,-0.008,6.23
25756.0,-366.0,-497891.0,0.042,6.23
25761.0,279.0,-498000.0,0.042,6.23
25766.0,-9.0,-497680.0,0.025,6.23
25772.0,114.0,-497618.0,0.042,6.23
25777.0,-37.0,-497637.0,0.108,6.96
25782.0,319.0,-497953.0,0.017,6.48
25787.0,220.0,-497802.0,-0.033,6.23
25792.0,36.0,-497483.0,0.042,6.48
25798.0,126.0,-497141.0,-0.058,6.96
25802.0,-69.0,-497492.0,-0.083,6.96
25807.0,-15.0,-497561.0,0.05,6.48
25812.0,154.0,-497501.0,-0.067,6.96
25818.0,197.0,-497436.0,-0.008,6.23
25824.0,163.0,-497362.0,-0.017,6.23
25829.0,290.0,-497744.0,0.0,6.23
25833.0,387.0,-497395.0,0.017,6.48
25839.0,187.0,-497359.0,-0.058,6.23
25844.0,-44.0,-497293.0,0.008,6.96
25848.0,189.0,-497400.0,0.075,6.23
25854.0,-5.0,-496792.0,0.042,6.23
25860.0,-24.0,-496976.0,0.0,6.23
25865.0,255.0,-496943.0,0.017,6.96
25870.0,193.0,-497225.0,0.083,6.48
25875.0,-132.0,-496836.0,-0.008,6.96
25880.0,428.0,-496735.0,0.075,6.96
25885.0,88.0,-496845.0,-0.033,6.48
25890.0,169.0,-496832.0,-0.083,6.23
25895.0,515.0,-496927.0,0.067,6.23
25902.0,205.0,-496569.0,0.117,6.23
25906.0,-40.0,-496542.0,-0.05,6.96
25911.0,192.0,-496781.0,0.075,6.23
25917.0,186.0,-496597.0,0.017,6.23
25922.0,-197.0,-496422.0,0.042,6.23
25927.0,-155.0,-496401.0,0.025,6.23
25932.0,-103.0,-496687.0,-0.042,6.72
25937.0,-74.0,-496396.0,-0.008,6.72
25943.0,-108.0,-496233.0,-0.017,6.48
25948.0,206.0,-496473.0,0.017,6.48
25953.0,25.0,-496392.0,0.092,6.23
25958.0,27.0,-496253.0,0.05,6.48
25963.0,-226.0,-496397.0,0.067,6.23
25968.0,161.0,-496334.0,0.042,6.23
25973.0,-297.0,-496148.0,0.0,6.48
25978.0,22.0,-495970.0,0.092,6.23
25984.0,-77.0,-496119.0,0.042,6.48
25989.0,-49.0,-495835.0,-0.017,6.48
25994.0,176.0,-496006.0,0.1,6.23
25999.0,-88.0,-496303.0,0.058,6.23
26005.0,184.0,-495907.0,-0.033,7.45
26009.0,41.0,-495532.0,-0.017,6.48
26014.0,-155.0,-495677.0,0.025,6.23
26020.0,209.0,-496025.0,0.083,6.48
26025.0,382.0,-495922.0,-0.008,6.23
26031.0,322.0,-495957.0,0.092,6.72
26036.0,-36.0,-495503.0,0.075,6.23
26041.0,157.0,-495772.0,-0.017,6.23
26046.0,245.0,-495831.0,0.075,6.72
26051.0,-327.0,-495865.0,-0.05,6.72
26056.0,-92.0,-495636.0,0.042,6.48
26061.0,268.0,-495073.0,0.025,6.72
26067.0,-234.0,-495643.0,0.025,6.23
26072.0,-161.0,-495484.0,0.05,6.23
26077.0,149.0,-495035.0,0.025,6.48
26083.0,175.0,-495251.0,0.025,6.23
26088.0,66.0,-495464.0,0.008,6.23
26093.0,-150.0,-495213.0,0.05,6.96
26098.0,196.0,-494869.0,0.083,6.72
26103.0,191.0,-494864.0,0.05,6.96
26108.0,3.0,-494939.0,0.025,6.23
26114.0,241.0,-495299.0,0.0,6.23
26119.0,192.0,-494776.0,0.058,6.48
26125.0,228.0,-494918.0,0.008,6.48
26130.0,-36.0,-495108.0,0.05,6.96
26135.0,201.0,-494981.0,0.05,6.23
26140.0,193.0,-494978.0,0.058,6.23
26145.0,109.0,-494670.0,0.033,6.96
26150.0,-24.0,-494621.0,-0.017,6.48
26156.0,344.0,-495104.0,0.017,6.23
26162.0,114.0,-494824.0,0.025,6.96
26166.0,87.0,-494701.0,0.067,6.23
26171.0,69.0,-494286.0,-0.05,6.23
26177.0,31.0,-494516.0,0.067,6.23
26181.0,130.0,-494771.0,0.117,6.48
26187.0,-88.0,-494639.0,0.05,6.48
26192.0,394.0,-494261.0,0.0,6.23
26198.0,243.0,-494270.0,0.1,8.19
26203.0,198.0,-494337.0,0.075,6.72
26208.0,76.0,-494109.0,0.108,6.23
26213.0,417.0,-494028.0,0.025,6.72
26218.0,637.0,-493888.0,0.092,6.23
26224.0,155.0,-494226.0,0.042,6.23
26228.0,320.0,-494153.0,0.0,6.23
26234.0,114.0,-494100.0,0.075,4.77
26240.0,96.0,-494150.0,0.025,6.23
26245.0,101.0,-493925.0,-0.033,6.48
26250.0,291.0,-493958.0,0.133,6.48
26255.0,251.0,-493828.0,0.05,6.23
26260.0,424.0,-493761.0,-0.042,6.96
26265.0,288.0,-493770.0,-0.033,6.48
26271.0,94.0,-493648.0,0.083,6.48
26275.0,179.0,-493581.0,-0.117,6.72
26280.0,79.0,-493534.0,-0.033,6.48
26287.0,79.0,-493556.0,0.083,6.23
26291.0,434.0,-493439.0,0.058,6.23
26297.0,78.0,-493753.0,0.025,6.23
26302.0,140.0,-493531.0,0.008,8.43
26308.0,266.0,-493303.0,-0.017,5.99
26313.0,277.0,-493494.0,-0.075,6.23
26318.0,159.0,-493514.0,0.058,6.72
26324.0,141.0,-493416.0,0.1,6.96
26329.0,122.0,-493335.0,0.042,6.23
26334.0,99.0,-493636.0,0.05,6.48
26339.0,-288.0,-493475.0,0.125,6.23
26343.0,57.0,-493316.0,-0.05,6.72
26349.0,529.0,-493090.0,0.042,6.48
26353.0,168.0,-493041.0,0.017,6.72
26359.0,486.0,-492917.0,-0.05,6.23
26364.0,480.0,-492853.0,0.108,6.72
26370.0,195.0,-492640.0,0.05,6.48
26375.0,226.0,-492987.0,0.1,6.23
26380.0,398.0,-492899.0,-0.008,6.23
26385.0,165.0,-492776.0,0.008,6.72
26390.0,285.0,-492860.0,0.108,6.96
26396.0,281.0,-492634.0,0.033,6.48
26401.0,346.0,-492559.0,-0.008,6.72
26405.0,215.0,-492648.0,0.008,6.48
26412.0,457.0,-492268.0,0.058,6.48
26416.0,390.0,-492305.0,0.033,6.23
26422.0,64.0,-492619.0,0.025,6.23
26428.0,-114.0,-492507.0,0.067,6.48
26432.0,-231.0,-492508.0,-0.067,6.48
26437.0,-28.0,-492674.0,-0.025,7.45
26443.0,312.0,-492086.0,-0.017,6.23
26447.0,-25.0,-492011.0,-0.05,6.72
26454.0,-57.0,-492285.0,0.058,6.23
26459.0,21.0,-492445.0,0.117,6.23
26465.0,-203.0,-492371.0,-0.042,6.96
26470.0,-146.0,-492242.0,-0.017,6.23
26475.0,4.0,-491998.0,0.067,6.23
26481.0,300.0,-491962.0,0.05,6.23
26486.0,-242.0,-491855.0,-0.025,6.23
26490.0,-27.0,-491978.0,0.05,6.96
26497.0,543.0,-491800.0,0.008,6.23
26501.0,254.0,-491899.0,0.083,6.72
26507.0,93.0,-491729.0,0.125,6.23
26512.0,187.0,-491817.0,0.033,6.23
26517.0,316.0,-491684.0,0.042,6.48
26522.0,-67.0,-491500.0,0.075,6.23
26527.0,187.0,-491536.0,0.05,6.48
26532.0,426.0,-491597.0,-0.108,6.23
26537.0,387.0,-491585.0,-0.033,6.96
26544.0,283.0,-491655.0,0.033,6.96
26548.0,292.0,-491708.0,-0.008,6.96
26553.0,231.0,-491508.0,0.033,6.23
26559.0,-13.0,-491720.0,0.017,6.48
26564.0,-30.0,-491167.0,-0.008,6.96
26569.0,180.0,-491405.0,0.058,6.72
26575.0,870.0,-491339.0,0.033,6.23
26580.0,216.0,-491440.0,0.008,6.72
26585.0,101.0,-491017.0,0.033,6.72
26591.0,371.0,-491447.0,0.025,6.23
26596.0,243.0,-491254.0,0.083,6.48
26601.0,-8.0,-491191.0,0.1,6.23
26606.0,64.0,-490907.0,-0.042,6.23
26611.0,500.0,-491196.0,0.117,6.23
26616.0,307.0,-491101.0,0.067,6.23
26621.0,-97.0,-490875.0,0.017,6.23
26627.0,171.0,-490882.0,0.058,6.48
26632.0,144.0,-491125.0,-0.083,6.23
26637.0,246.0,-490815.0,0.008,6.48
26643.0,198.0,-491024.0,0.058,6.96
26647.0,237.0,-490895.0,0.117,6.23
26653.0,35.0,-490759.0,-0.042,6.72
26658.0,-349.0,-490790.0,0.05,6.23
26662.0,234.0,-490671.0,0.067,6.23
26669.0,270.0,-490273.0,0.025,6.48
26674.0,-54.0,-490314.0,0.1,6.48
26679.0,47.0,-490593.0,0.025,6.23
26684.0,417.0,-490241.0,0.017,6.72
26689.0,316.0,-490234.0,0.008,6.23
26694.0,-47.0,-490322.0,0.042,6.23
26699.0,-79.0,-490329.0,0.0,6.23
26704.0,14.0,-490404.0,0.142,6.48
26710.0,170.0,-490168.0,-0.042,6.23
26715.0,150.0,-490349.0,0.1,6.23
26720.0,329.0,-489810.0,-0.058,6.23
26725.0,293.0,-490186.0,-0.008,6.23
26730.0,79.0,-490337.0,0.033,6.23
26735.0,50.0,-490260.0,-0.008,6.72
26741.0,124.0,-490054.0,0.017,6.23
26746.0,466.0,-489961.0,0.05,6.23
26750.0,93.0,-489970.0,0.05,6.23
26757.0,-57.0,-489580.0,0.025,6.48
26762.0,345.0,-489939.0,0.042,6.96
26766.0,238.0,-489588.0,0.017,6.23
26772.0,264.0,-489554.0,0.05,6.48
26777.0,374.0,-489737.0,0.083,6.23
26782.0,303.0,-489496.0,0.025,6.23
26787.0,17.0,-489434.0,0.033,6.23
26792.0,11.0,-489569.0,-0.017,6.23
26798.0,-6.0,-489466.0,0.017,6.23
26803.0,-22.0,-489501.0,0.042,6.23
26808.0,-87.0,-489170.0,0.092,6.23
26813.0,47.0,-489646.0,-0.092,6.23
26818.0,161.0,-489453.0,0.117,6.48
26823.0,86.0,-489210.0,-0.042,6.23
26828.0,40.0,-489186.0,0.025,6.23
26833.0,10.0,-489155.0,0.083,6.23
26839.0,167.0,-489110.0,0.058,6.96
26845.0,-85.0,-489128.0,-0.017,6.23
26850.0,141.0,-488877.0,0.05,6.23
26854.0,96.0,-489358.0,-0.033,6.23
26860.0,260.0,-489236.0,-0.008,6.23
26865.0,216.0,-489141.0,0.083,6.96
26869.0,439.0,-488726.0,-0.042,6.23
26875.0,165.0,-489072.0,0.058,6.23
26881.0,35.0,-488921.0,0.117,6.23
26886.0,-114.0,-488868.0,-0.008,6.23
26891.0,78.0,-488894.0,-0.033,6.48
26896.0,192.0,-488795.0,-0.017,6.23
26901.0,153.0,-488680.0,0.075,6.23
26907.0,187.0,-488920.0,0.05,6.23
26912.0,321.0,-489093.0,0.0,6.23
26917.0,284.0,-488605.0,0.125,6.23
26923.0,-6.0,-488783.0,0.058,6.96
26928.0,334.0,-488890.0,-0.008,4.77
26933.0,297.0,-488675.0,0.083,6.72
26938.0,-141.0,-488415.0,0.008,6.23
26943.0,99.0,-488558.0,0.05,6.48
26948.0,-30.0,-488285.0,-0.008,6.72
26954.0,72.0,-487957.0,0.008,6.23
26959.0,162.0,-488034.0,-0.017,6.23
26963.0,299.0,-488343.0,0.067,6.23
26970.0,459.0,-488269.0,-0.033,6.23
26975.0,-317.0,-488344.0,0.008,6.23
26980.0,72.0,-488025.0,-0.008,6.23
26985.0,128.0,-488218.0,0.0,6.72
26989.0,213.0,-488109.0,0.025,6.48
26994.0,270.0,-487763.0,0.058,6.48
26999.0,242.0,-487604.0,-0.008,6.23
27004.0,167.0,-487857.0,0.017,6.96
27011.0,377.0,-487759.0,0.033,6.72
27016.0,69.0,-487914.0,0.042,6.48
27021.0,308.0,-487998.0,0.042,6.23
27026.0,330.0,-487772.0,-0.042,6.23
27031.0,-128.0,-487641.0,0.067,6.23
27036.0,239.0,-488118.0,0.083,6.23
27041.0,223.0,-487616.0,-0.05,6.48
27047.0,245.0,-487339.0,0.033,6.23
27052.0,70.0,-487030.0,0.075,6.48
27058.0,386.0,-487326.0,0.042,6.23
27063.0,332.0,-487449.0,-0.025,5.74
27067.0,223.0,-487368.0,0.058,6.48
27073.0,191.0,-487624.0,0.0,6.72
27078.0,293.0,-487569.0,0.067,6.72
27083.0,316.0,-487296.0,-0.008,6.23
27088.0,-136.0,-487208.0,0.017,6.48
27094.0,-92.0,-487167.0,-0.033,6.23
27099.0,-131.0,-487132.0,-0.017,6.23
27104.0,171.0,-487082.0,0.008,6.72
27110.0,281.0,-487267.0,0.042,6.96
27114.0,374.0,-487228.0,0.017,6.23
27120.0,262.0,-486842.0,0.042,6.23
27125.0,364.0,-486893.0,-0.008,6.23
27130.0,421.0,-487220.0,0.042,6.72
27136.0,153.0,-486920.0,0.075,6.23
27141.0,-35.0,-486783.0,0.025,5.99
27146.0,82.0,-486813.0,0.1,6.48
27151.0,167.0,-486986.0,0.092,6.23
27156.0,231.0,-486865.0,0.025,6.23
27161.0,196.0,-486773.0,0.008,6.72
27166.0,-106.0,-486842.0,-0.008,6.23
27171.0,352.0,-486707.0,0.075,6.96
27176.0,209.0,-486655.0,-0.008,6.23
27182.0,-191.0,-486640.0,0.0,6.48
27187.0,227.0,-486537.0,0.025,6.23
27192.0,478.0,-486499.0,0.017,6.48
27198.0,46.0,-486586.0,0.05,6.48
27203.0,-236.0,-486579.0,-0.042,6.48
27208.0,113.0,-486353.0,0.017,6.23
27213.0,-15.0,-486188.0,0.05,6.23
27218.0,137.0,-486255.0,-0.025,6.96
27224.0,390.0,-486341.0,-0.025,6.23
27229.0,390.0,-486508.0,0.008,6.48
27234.0,610.0,-486091.0,-0.025,6.96
27239.0,157.0,-485945.0,0.042,6.48
27244.0,-163.0,-485952.0,0.033,6.72
27249.0,89.0,-486105.0,0.067,6.23
27254.0,36.0,-486109.0,-0.05,6.72
27260.0,230.0,-485954.0,0.017,6.72
27265.0,73.0,-486035.0,0.067,6.23
27270.0,56.0,-485892.0,-0.05,6.23
27274.0,295.0,-485493.0,0.025,6.48
27279.0,0.0,-485634.0,0.025,6.23
27284.0,27.0,-485773.0,0.008,6.48
27288.0,144.0,-485734.0,0.017,6.72
27293.0,224.0,-485557.0,-0.05,6.72
27298.0,-117.0,-485453.0,-0.017,6.72
27303.0,153.0,-485740.0,0.033,6.72
27310.0,199.0,-485351.0,0.117,6.23
27315.0,-98.0,-485777.0,0.05,6.23
27320.0,522.0,-485602.0,0.033,6.23
27324.0,183.0,-485929.0,-0.033,6.72
27329.0,266.0,-485682.0,-0.1,6.23
27334.0,-92.0,-485459.0,-0.008,6.23
27339.0,-109.0,-485103.0,0.075,6.96
27344.0,421.0,-485406.0,0.075,6.23
27350.0,185.0,-485339.0,0.058,6.23
27355.0,-34.0,-485209.0,0.008,6.23
27360.0,334.0,-485238.0,0.025,6.72
27366.0,32.0,-485137.0,-0.008,6.96
27370.0,-23.0,-485324.0,0.033,6.96
27375.0,63.0,-485129.0,-0.025,6.96
27380.0,78.0,-485129.0,0.0,6.96
27385.0,304.0,-485212.0,0.092,6.23
27390.0,180.0,-485151.0,0.092,6.23
27396.0,353.0,-484741.0,-0.017,6.23
27402.0,469.0,-484644.0,-0.042,6.23
27407.0,-51.0,-484817.0,-0.1,6.23
27412.0,-44.0,-484747.0,0.025,6.48
27417.0,316.0,-484688.0,0.042,6.23
27422.0,164.0,-484351.0,0.05,6.48
27427.0,-189.0,-484863.0,0.042,6.23
27432.0,199.0,-484948.0,-0.042,6.23
27438.0,47.0,-484737.0,0.017,6.23
27443.0,100.0,-485111.0,0.008,6.23
27448.0,-442.0,-484736.0,0.017,6.96
27453.0,150.0,-484805.0,0.033,6.72
27458.0,281.0,-484465.0,0.017,6.23
27463.0,45.0,-484470.0,0.058,6.72
27469.0,57.0,-484405.0,-0.017,6.96
27473.0,230.0,-484332.0,0.017,6.72
27479.0,258.0,-484699.0,0.025,6.23
27484.0,587.0,-484171.0,-0.025,6.48
27489.0,-60.0,-484010.0,0.042,5.99
27494.0,40.0,-484348.0,0.15,6.96
27499.0,59.0,-484072.0,0.017,6.23
27504.0,138.0,-483795.0,0.058,6.48
27510.0,146.0,-483933.0,0.05,6.23
27515.0,-27.0,-483621.0,0.067,6.72
27521.0,15.0,-483852.0,0.075,6.96
27526.0,103.0,-483883.0,0.05,6.23
27531.0,248.0,-484039.0,0.0,6.48
27536.0,242.0,-483814.0,0.008,6.23
27541.0,146.0,-483771.0,0.0,6.23
27546.0,75.0,-484073.0,0.042,5.99
27551.0,87.0,-483876.0,0.017,6.23
27557.0,159.0,-483710.0,-0.008,6.48
27563.0,96.0,-483846.0,0.033,6.23
27567.0,389.0,-483547.0,0.042,6.48
27573.0,377.0,-483503.0,0.025,6.23
27578.0,546.0,-483207.0,0.025,6.23
27583.0,-211.0,-483028.0,0.05,6.96
27588.0,433.0,-483404.0,0.075,6.23
27593.0,404.0,-483496.0,0.058,6.23
27598.0,-519.0,-483561.0,0.008,6.23
27603.0,127.0,-483099.0,-0.008,6.23
27610.0,222.0,-482817.0,0.058,6.23
27614.0,-115.0,-482886.0,0.0,6.23
27620.0,7.0,-483396.0,0.025,6.72
27625.0,250.0,-482986.0,0.008,6.48
27629.0,305.0,-483089.0,0.092,6.48
27635.0,49.0,-483019.0,0.058,6.72
27640.0,206.0,-482943.0,0.058,6.23
27645.0,439.0,-483104.0,0.058,6.72
27651.0,109.0,-482970.0,0.083,6.23
27656.0,-62.0,-483124.0,0.033,6.48
27661.0,-34.0,-483059.0,0.067,6.23
27667.0,32.0,-482527.0,0.1,6.23
27672.0,63.0,-482853.0,0.108,6.23
27676.0,-92.0,-482812.0,0.025,6.72
27682.0,428.0,-482842.0,0.008,6.48
27687.0,169.0,-482540.0,0.008,6.23
27693.0,-34.0,-482607.0,-0.033,6.23
27698.0,242.0,-482665.0,0.017,6.48
27703.0,15.0,-482711.0,0.092,6.23
27708.0,64.0,-482582.0,0.092,6.23
27713.0,172.0,-482420.0,-0.033,6.96
27719.0,263.0,-482502.0,0.008,6.48
27723.0,300.0,-482489.0,0.05,6.48
27729.0,404.0,-482265.0,0.058,6.48
27735.0,253.0,-482319.0,0.083,6.23
27739.0,374.0,-482208.0,0.05,6.23
27745.0,166.0,-482018.0,0.008,6.23
27750.0,-67.0,-482104.0,0.017,6.23
27755.0,4.0,-482237.0,0.142,6.48
27760.0,202.0,-481863.0,0.075,6.23
27765.0,69.0,-481840.0,-0.067,6.48
27770.0,-15.0,-481661.0,-0.033,6.23
27776.0,200.0,-482131.0,0.083,6.72
27781.0,55.0,-482268.0,0.083,6.48
27786.0,25.0,-481616.0,0.058,6.72
27791.0,-176.0,-482046.0,0.0,6.23
27796.0,-119.0,-481973.0,-0.008,6.48
27801.0,109.0,-482045.0,0.05,6.96
27806.0,-246.0,-481689.0,-0.025,6.23
27811.0,301.0,-481716.0,0.075,6.48
27816.0,77.0,-481778.0,-0.008,6.72
27823.0,-34.0,-481568.0,-0.008,6.23
27827.0,57.0,-481485.0,0.067,6.23
27833.0,243.0,-481643.0,-0.008,6.23
27837.0,-152.0,-481352.0,-0.042,6.23
27842.0,216.0,-481521.0,-0.067,7.21
27848.0,368.0,-481511.0,0.075,6.96
27853.0,359.0,-481218.0,0.025,6.48
27858.0,-95.0,-481603.0,-0.05,6.23
27864.0,205.0,-481359.0,0.05,6.23
27869.0,400.0,-481162.0,-0.033,6.96
27874.0,260.0,-481007.0,0.017,6.96
27879.0,-272.0,-481335.0,0.092,6.48
27884.0,-125.0,-481452.0,0.017,6.72
27889.0,237.0,-481437.0,0.05,6.96
27895.0,655.0,-480975.0,0.05,6.23
27899.0,472.0,-480900.0,-0.025,6.48
27906.0,-74.0,-481065.0,-0.058,6.23
27911.0,238.0,-480835.0,0.008,6.23
27916.0,293.0,-480992.0,0.017,6.23
27921.0,231.0,-480721.0,0.1,6.23
27926.0,573.0,-480809.0,0.058,6.96
27931.0,370.0,-480870.0,0.0,6.48
27936.0,-26.0,-480993.0,0.025,6.23
27941.0,255.0,-480367.0,-0.008,6.23
27947.0,378.0,-480692.0,0.025,6.72
27952.0,322.0,-480560.0,0.0,6.23
27957.0,327.0,-480628.0,0.017,6.23
27962.0,74.0,-480723.0,0.058,6.48
27967.0,360.0,-480315.0,-0.017,6.96
27972.0,205.0,-480005.0,-0.025,6.72
27977.0,26.0,-480364.0,0.033,6.48
27983.0,502.0,-480288.0,-0.042,6.23
27987.0,-13.0,-480299.0,0.067,6.23
27993.0,117.0,-480646.0,-0.05,6.96
27999.0,407.0,-480212.0,-0.025,6.72
28003.0,224.0,-480463.0,0.0,6.48
28009.0,172.0,-480372.0,0.05,6.48
28014.0,-58.0,-479886.0,0.033,7.7
28019.0,33.0,-479965.0,0.058,6.23
28024.0,305.0,-480284.0,0.15,6.23
28029.0,-23.0,-479838.0,-0.008,6.23
28035.0,-176.0,-479651.0,0.025,5.25
28040.0,286.0,-480200.0,0.05,6.23
28046.0,-18.0,-480102.0,0.05,6.96
28050.0,213.0,-479843.0,0.025,6.23
28055.0,567.0,-480106.0,0.108,6.48
28061.0,213.0,-480346.0,0.008,6.23
28065.0,274.0,-479761.0,0.008,6.72
28070.0,-54.0,-479686.0,-0.017,6.23
28077.0,98.0,-480002.0,0.025,6.23
28082.0,-67.0,-479921.0,0.075,6.23
28087.0,57.0,-479449.0,-0.05,6.96
28093.0,149.0,-479663.0,0.058,6.48
28097.0,212.0,-479464.0,0.017,6.72
28102.0,154.0,-479757.0,-0.017,6.48
28108.0,-290.0,-479571.0,0.017,4.52
28112.0,-31.0,-479160.0,0.008,6.48
28118.0,41.0,-479525.0,0.025,6.96
28124.0,51.0,-479605.0,0.042,6.96
28129.0,-78.0,-479414.0,0.117,6.48
28134.0,490.0,-479231.0,-0.008,6.23
28139.0,204.0,-479335.0,0.075,6.23
28144.0,139.0,-479226.0,-0.092,6.23
28149.0,197.0,-479345.0,-0.017,6.48
28155.0,417.0,-478931.0,0.025,6.23
28160.0,402.0,-478956.0,0.067,6.96
28165.0,144.0,-479015.0,0.025,6.23
28171.0,552.0,-478991.0,0.058,4.52
28175.0,169.0,-479246.0,0.017,6.23
28181.0,17.0,-478853.0,0.0,6.96
28186.0,3.0,-478753.0,0.058,6.48
28191.0,206.0,-478952.0,0.033,6.48
28196.0,274.0,-478816.0,0.017,6.23
28203.0,-166.0,-478608.0,-0.017,6.23
28207.0,-181.0,-479029.0,0.008,6.96
28212.0,36.0,-478676.0,0.008,6.72
28217.0,92.0,-478966.0,0.067,6.23
28222.0,183.0,-478765.0,0.067,6.23
28228.0,119.0,-478559.0,0.025,6.23
28233.0,103.0,-478723.0,-0.025,6.23
28238.0,-8.0,-478272.0,0.058,6.48
28243.0,8.0,-478471.0,0.042,6.23
28249.0,210.0,-478187.0,0.067,6.72
28254.0,161.0,-478336.0,0.067,6.23
28259.0,89.0,-478656.0,0.017,6.23
28265.0,389.0,-478652.0,-0.008,6.23
28270.0,289.0,-478020.0,-0.017,6.23
28275.0,-132.0,-478201.0,0.0,6.72
28281.0,-18.0,-478255.0,-0.058,6.23
28286.0,238.0,-477989.0,-0.033,7.21
28292.0,-27.0,-478302.0,-0.025,6.72
28297.0,-399.0,-478167.0,-0.067,6.72
28302.0,791.0,-477761.0,0.033,6.72
28307.0,574.0,-477858.0,-0.008,6.96
28312.0,312.0,-478095.0,0.058,6.48
28318.0,84.0,-478031.0,0.025,6.48
28322.0,275.0,-478100.0,-0.008,6.48
28328.0,233.0,-477822.0,0.083,6.23
28334.0,1.0,-477472.0,0.0,6.23
28340.0,-205.0,-477920.0,0.008,6.23
28344.0,68.0,-477781.0,0.033,6.48
28350.0,-238.0,-477605.0,0.067,6.72
28355.0,60.0,-478007.0,0.042,6.23
28360.0,121.0,-478382.0,0.025,6.23
28365.0,182.0,-477985.0,0.075,6.72
28370.0,216.0,-477621.0,0.108,6.23
28376.0,275.0,-477448.0,0.05,7.21
28381.0,215.0,-477376.0,-0.008,6.23
28387.0,-37.0,-477332.0,0.058,6.96
28392.0,226.0,-477241.0,-0.033,6.23
28397.0,385.0,-477229.0,0.042,6.23
28402.0,81.0,-477163.0,0.017,6.23
28407.0,136.0,-477442.0,0.05,6.23
28412.0,412.0,-477300.0,-0.008,6.48
28419.0,276.0,-477176.0,0.017,6.23
28424.0,204.0,-478152.0,0.283,6.23
28429.0,329.0,-479483.0,1.683,6.72
28435.0,85.0,-502225.0,15.308,6.96
28440.0,1087.0,-539441.0,-9.808,8.19
28446.0,245.0,-596327.0,13.825,9.9
28450.0,2022.0,-621676.0,-8.067,10.63
28456.0,-668.0,-674196.0,11.133,12.1
28463.0,612.0,-727040.0,1.475,13.07
28468.0,352.0,-782148.0,4.683,13.81
28473.0,921.0,-810371.0,7.025,14.54
28478.0,444.0,-866459.0,3.817,14.78
28484.0,-404.0,-921611.0,6.592,15.76
28489.0,356.0,-949014.0,4.242,17.23
28494.0,-111.0,-1002239.0,5.558,18.45
28499.0,-199.0,-1053671.0,4.817,20.41
28506.0,13.0,-1105007.0,4.525,22.85
28511.0,0.0,-1129618.0,5.9,23.58
28516.0,162.0,-1180032.0,4.183,23.83
28522.0,-128.0,-1230504.0,5.892,22.85
28527.0,220.0,-1280786.0,4.392,22.36
28532.0,201.0,-1307217.0,5.567,21.87
28537.0,216.0,-1358343.0,4.817,22.61
28544.0,44.0,-1409155.0,4.417,22.12
28549.0,24.0,-1434210.0,5.117,22.36
28554.0,105.0,-1482587.0,4.017,22.12
28559.0,-5.0,-1530299.0,5.558,21.87
28565.0,451.0,-1578103.0,3.742,20.89
28570.0,274.0,-1600906.0,4.742,20.41
28575.0,573.0,-1648108.0,4.342,20.16
28581.0,7.0,-1693560.0,4.25,20.16
28587.0,627.0,-1716399.0,5.35,20.16
28591.0,466.0,-1762844.0,3.558,18.94
28597.0,298.0,-1810100.0,5.117,20.16
28603.0,220.0,-1856862.0,3.875,19.43
28607.0,191.0,-1879557.0,4.4,19.67
28613.0,26.0,-1924725.0,4.15,18.94
28618.0,98.0,-1969499.0,3.925,18.7
28623.0,496.0,-1991746.0,4.942,19.18
28628.0,635.0,-2035545.0,2.575,18.94
28635.0,-221.0,-2078929.0,4.633,18.21
28640.0,441.0,-2100458.0,3.592,17.96
28645.0,348.0,-2143445.0,4.092,17.72
28650.0,-122.0,-2186701.0,4.508,17.72
28656.0,216.0,-2230431.0,2.958,17.47
28661.0,90.0,-2252612.0,4.55,17.23
28666.0,127.0,-2294627.0,2.85,17.47
28673.0,-433.0,-2337361.0,4.258,16.74
28678.0,83.0,-2357622.0,3.45,16.74
28682.0,462.0,-2399227.0,3.133,16.5
28688.0,234.0,-2440315.0,3.575,16.5
28694.0,176.0,-2480243.0,3.533,16.74
28699.0,-100.0,-2500608.0,2.908,16.25
28704.0,53.0,-2538847.0,4.042,15.52
28709.0,1.0,-2578859.0,2.475,15.76
28715.0,-225.0,-2598704.0,4.392,15.76
28720.0,314.0,-2638269.0,2.083,16.5
28726.0,-110.0,-2678217.0,3.975,15.52
28731.0,302.0,-2717089.0,2.517,15.52
28737.0,72.0,-2735854.0,2.958,15.03
28741.0,441.0,-2773827.0,3.308,15.03
28747.0,-5.0,-2810671.0,2.192,14.78
28752.0,165.0,-2829594.0,3.4,14.78
28758.0,500.0,-2865925.0,1.958,14.54
28763.0,8.0,-2901843.0,3.725,14.78
28768.0,-112.0,-2919990.0,1.642,14.54
28773.0,-29.0,-2956513.0,3.4,14.54
28779.0,239.0,-2992631.0,1.967,14.05
28784.0,123.0,-3028519.0,2.125,14.78
28790.0,-53.0,-3045960.0,3.5,14.54
28794.0,322.0,-3081481.0,1.233,13.56
28801.0,-144.0,-3115847.0,3.883,13.56
28806.0,190.0,-3132854.0,2.025,13.56
28811.0,217.0,-3167011.0,2.625,14.3
28817.0,-37.0,-3200617.0,3.342,13.81
28822.0,91.0,-3233475.0,1.058,13.32
28827.0,-107.0,-3250266.0,3.833,13.81
28832.0,330.0,-3283693.0,1.483,13.81
28838.0,44.0,-3317275.0,2.767,13.56
28844.0,84.0,-3333172.0,2.575,12.83
28849.0,315.0,-3365061.0,1.742,14.3
28854.0,207.0,-3396697.0,3.508,13.07
28860.0,643.0,-3427775.0,0.8,13.07
28865.0,-15.0,-3442866.0,3.117,12.83
28870.0,206.0,-3473221.0,2.358,12.59
28875.0,-228.0,-3502613.0,1.4,13.07
28881.0,-70.0,-3517190.0,3.2,12.83
28886.0,79.0,-3546671.0,1.2,12.34
28892.0,167.0,-3575905.0,3.242,13.07
28897.0,209.0,-3605541.0,1.4,12.1
28903.0,69.0,-3620250.0,2.65,12.1
28907.0,386.0,-3648529.0,1.883,12.83
28913.0,206.0,-3677093.0,1.642,11.85
28918.0,-176.0,-3690780.0,3.083,12.1
28923.0,267.0,-3718407.0,0.55,12.1
28930.0,137.0,-3746193.0,2.917,11.85
28935.0,185.0,-3773027.0,1.308,11.61
28940.0,281.0,-3786590.0,1.042,11.36
28945.0,190.0,-3812645.0,2.667,11.36
28951.0,108.0,-3839507.0,0.308,11.36
28956.0,-228.0,-3852726.0,3.458,11.36
28961.0,233.0,-3879539.0,0.283,11.36
28966.0,416.0,-3905307.0,3.325,11.36
28972.0,76.0,-3918132.0,1.075,11.12
28977.0,-191.0,-3943937.0,1.825,11.36
28982.0,145.0,-3968879.0,2.358,11.12
28988.0,297.0,-3981374.0,-0.417,10.39
28992.0,250.0,-4006369.0,2.983,11.12
28998.0,351.0,-4030831.0,0.142,10.87
29003.0,229.0,-4043430.0,1.858,10.39
29008.0,156.0,-4067625.0,1.933,10.87
29014.0,494.0,-4091833.0,0.55,11.36
29019.0,338.0,-4104040.0,2.267,10.39
29025.0,380.0,-4128273.0,0.267,10.63
29030.0,127.0,-4151313.0,2.067,10.39
29035.0,315.0,-4173951.0,0.6,10.39
29041.0,377.0,-4185894.0,1.858,12.34
29045.0,414.0,-4208549.0,1.308,12.1
29050.0,71.0,-4231167.0,0.658,10.39
29057.0,291.0,-4242358.0,2.258,10.63
29061.0,534.0,-4264117.0,0.042,10.14
29067.0,-530.0,-4286245.0,2.542,10.14
29072.0,392.0,-4297178.0,0.608,10.63
29077.0,131.0,-4318901.0,2.108,9.9
29082.0,56.0,-4339935.0,1.292,9.9
29087.0,296.0,-4350740.0,0.483,9.65
29092.0,411.0,-4371907.0,2.492,9.9
29097.0,233.0,-4392975.0,-0.775,9.65
29104.0,31.0,-4403364.0,2.75,9.65
29108.0,362.0,-4423771.0,0.042,10.14
29114.0,212.0,-4444107.0,0.975,9.41
29119.0,-138.0,-4453836.0,1.733,9.41
29124.0,-239.0,-4474457.0,-0.1,9.65
29128.0,-48.0,-4484058.0,1.992,9.9
29134.0,-12.0,-4503895.0,0.108,9.41
29139.0,-291.0,-4524049.0,1.642,10.14
29145.0,-5.0,-4543543.0,0.15,9.65
29150.0,129.0,-4553400.0,1.7,9.16
29155.0,502.0,-4563073.0,1.392,8.92
29161.0,292.0,-4591499.0,0.15,9.16
29166.0,472.0,-4600690.0,2.217,9.65
29171.0,537.0,-4618869.0,-0.2,9.16
29175.0,70.0,-4627652.0,1.9,9.16
29180.0,-58.0,-4646365.0,0.508,8.92
29186.0,-265.0,-4664085.0,1.475,8.92
29192.0,377.0,-4673706.0,0.367,9.41
29197.0,-69.0,-4691297.0,1.808,9.16
29202.0,50.0,-4709571.0,0.8,7.7
29207.0,30.0,-4718294.0,0.642,9.41
29212.0,172.0,-4735407.0,1.95,8.92
29217.0,139.0,-4752519.0,-1.017,8.68
29223.0,-187.0,-4769317.0,2.125,8.68
29229.0,275.0,-4777622.0,1.333,9.16
29234.0,8.0,-4794681.0,0.0,8.68
29239.0,-162.0,-4810931.0,2.4,8.43
29244.0,442.0,-4819262.0,-0.85,8.43
29249.0,89.0,-4835281.0,1.608,8.68
29254.0,-202.0,-4843306.0,0.067,8.68
29259.0,78.0,-4859841.0,1.208,8.68
29264.0,231.0,-4876245.0,0.433,9.16
29270.0,429.0,-4883720.0,1.108,8.43
29275.0,55.0,-4899315.0,1.492,8.43
29280.0,322.0,-4915441.0,0.258,9.16
29285.0,-176.0,-4923222.0,1.275,8.43
29291.0,158.0,-4937989.0,0.3,8.43
29296.0,79.0,-4954131.0,0.992,8.19
29301.0,113.0,-4961864.0,0.367,9.16
29306.0,-57.0,-4976613.0,1.317,8.92
29312.0,262.0,-4992149.0,0.2,8.68
29317.0,165.0,-4999592.0,1.6,8.43
29322.0,487.0,-5014399.0,0.733,8.19
29327.0,444.0,-5029091.0,0.342,8.19
29332.0,56.0,-5036380.0,2.033,8.19
29337.0,466.0,-5051279.0,-0.742,6.96
29342.0,145.0,-5064989.0,1.817,8.92
29348.0,161.0,-5071968.0,0.892,7.94
29353.0,421.0,-5085815.0,0.333,7.94
29359.0,370.0,-5099639.0,1.867,8.68
29364.0,369.0,-5106670.0,-0.192,8.19
29369.0,-193.0,-5120305.0,1.508,8.19
29374.0,676.0,-5132269.0,-0.325,8.43
29379.0,224.0,-5134922.0,0.692,8.43
29384.0,-122.0,-5137625.0,0.7,8.43
29389.0,3.0,-5139419.0,-0.058,7.94
29394.0,61.0,-5139040.0,-0.05,7.94
29400.0,187.0,-5138347.0,0.758,7.45
29406.0,-2.0,-5136379.0,0.483,7.7
29411.0,114.0,-5135360.0,0.15,7.21
29416.0,142.0,-5132397.0,0.675,7.45
29421.0,-125.0,-5129701.0,0.092,6.96
29426.0,103.0,-5128386.0,-0.025,7.21
29431.0,149.0,-5124609.0,0.475,6.96
29436.0,-134.0,-5121839.0,0.108,6.96
29442.0,273.0,-5120406.0,0.425,6.48
29447.0,275.0,-5117675.0,0.317,6.48
29452.0,174.0,-5114865.0,-0.05,6.23
29458.0,510.0,-5113214.0,0.2,6.48
29463.0,96.0,-5110401.0,0.475,6.23
29468.0,117.0,-5108189.0,0.183,6.72
29473.0,49.0,-5107098.0,0.2,6.23
29478.0,-193.0,-5104211.0,0.267,6.48
29484.0,-30.0,-5101697.0,0.242,6.96
29489.0,-39.0,-5100584.0,0.375,6.72
29494.0,69.0,-5097508.0,0.142,6.72
29500.0,-118.0,-5094886.0,0.05,7.21
29504.0,-81.0,-5093745.0,0.333,7.21
29510.0,141.0,-5091109.0,0.283,7.21
29515.0,-18.0,-5088691.0,0.233,6.96
29520.0,-265.0,-5087652.0,0.183,6.72
29526.0,293.0,-5084981.0,0.242,7.21
29531.0,202.0,-5082305.0,0.325,6.96
29536.0,-198.0,-5081108.0,0.267,7.21
29541.0,-200.0,-5079079.0,0.2,7.45
29546.0,-109.0,-5076887.0,0.208,7.21
29551.0,-8.0,-5075658.0,0.175,7.7
29557.0,110.0,-5073348.0,0.242,6.48
29562.0,255.0,-5071334.0,0.042,6.72
29566.0,392.0,-5069983.0,0.2,5.74
29573.0,-102.0,-5067889.0,0.183,6.72
29578.0,-93.0,-5066179.0,0.217,6.96
29583.0,146.0,-5064766.0,0.15,6.48
29588.0,330.0,-5061551.0,-0.892,6.48
29593.0,231.0,-5048949.0,0.858,6.48
29598.0,-97.0,-5041170.0,-1.533,6.48
29603.0,295.0,-5024841.0,0.717,6.23
29609.0,432.0,-5007931.0,-0.617,6.23
29614.0,-281.0,-4998638.0,-0.217,5.99
29620.0,165.0,-4979590.0,0.208,6.48
29625.0,326.0,-4960446.0,0.167,6.48
29630.0,-189.0,-4949995.0,0.042,5.99
29635.0,-255.0,-4930673.0,-1.192,5.5
29640.0,-48.0,-4910099.0,0.95,5.99
29645.0,87.0,-4900420.0,-0.508,5.74
29651.0,-211.0,-4878774.0,-0.233,5.25
29657.0,-142.0,-4857544.0,0.033,5.5
29661.0,193.0,-4847295.0,-0.883,5.25
29667.0,-13.0,-4826100.0,1.308,5.74
29672.0,326.0,-4804000.0,-1.533,5.25
29676.0,-141.0,-4792629.0,0.942,5.25
29682.0,193.0,-4770949.0,-1.433,5.25
29687.0,-34.0,-4749169.0,-0.217,5.25
29692.0,277.0,-4738434.0,1.125,5.25
29698.0,261.0,-4715776.0,-1.117,6.48
29704.0,-106.0,-4694122.0,0.258,5.5
29708.0,-355.0,-4682785.0,-0.225,5.25
29713.0,45.0,-4660198.0,-0.05,5.5
29718.0,-190.0,-4637428.0,-0.833,5.74
29723.0,-115.0,-4625963.0,0.825,5.01
29729.0,167.0,-4603247.0,-1.317,5.25
29734.0,118.0,-4579787.0,-0.5,5.01
29740.0,-53.0,-4568250.0,-0.025,5.25
29745.0,39.0,-4545272.0,-1.142,5.74
29750.0,106.0,-4521616.0,0.45,5.01
29755.0,271.0,-4510261.0,-1.375,5.25
29761.0,215.0,-4486525.0,0.117,5.74
29766.0,-284.0,-4462967.0,-1.292,5.01
29770.0,417.0,-4450832.0,0.775,5.01
29776.0,217.0,-4426598.0,-1.742,4.77
29783.0,-27.0,-4401866.0,0.0,5.01
29787.0,246.0,-4389493.0,0.075,4.77
29792.0,92.0,-4364360.0,-1.95,5.25
29798.0,248.0,-4339326.0,1.717,5.01
29803.0,127.0,-4326639.0,-2.033,5.5
29808.0,155.0,-4301092.0,0.133,5.5
29813.0,331.0,-4276440.0,-0.15,4.77
29819.0,-234.0,-4251054.0,-1.4,4.77
29824.0,79.0,-4238037.0,0.475,4.77
29830.0,165.0,-4211295.0,-1.083,5.25
29835.0,-224.0,-4184509.0,0.292,5.25
29840.0,-187.0,-4171304.0,-1.475,4.77
29845.0,55.0,-4144258.0,-0.317,4.77
29850.0,-46.0,-4117012.0,-0.617,4.52
29855.0,-277.0,-4103663.0,-0.8,4.52
29861.0,175.0,-4076343.0,0.325,4.28
29867.0,-47.0,-4049441.0,-1.892,4.52
29872.0,96.0,-4035572.0,0.075,5.01
29877.0,408.0,-4008029.0,-1.675,4.52
29883.0,216.0,-3979719.0,0.208,4.52
29887.0,253.0,-3965870.0,-2.05,4.77
29892.0,93.0,-3937169.0,0.15,5.01
29898.0,309.0,-3908513.0,-0.608,4.03
29903.0,-30.0,-3894024.0,-1.658,4.28
29908.0,140.0,-3864353.0,0.533,4.03
29914.0,20.0,-3835167.0,-2.567,4.03
29919.0,33.0,-3805489.0,1.342,4.03
29924.0,136.0,-3791230.0,-1.808,4.03
29930.0,-8.0,-3761000.0,-0.05,4.03
