time_s,piston_pos_mm,inlet_air_pressure,inlet_air_flow,outlet_water_pressure,outlet_water_flow
0.00000,0.000000,-0.566227,2.951801,-1.197065,0.000123
0.00500,0.050265,-0.200259,7.257081,-1.019379,0.029962
0.01000,0.100528,0.040298,7.313601,-0.873102,-0.027141
0.01500,0.150788,0.023399,-2.863723,-0.650717,-0.088145
0.02000,0.201041,0.070078,-4.789248,-0.678632,-0.043072
0.02500,0.251286,-0.314861,-7.093669,0.208205,-0.094568
0.03000,0.301521,-0.242143,-1.808685,1.442661,0.014123
0.03500,0.351745,0.189225,-5.787802,-1.310119,0.146910
0.04000,0.401955,-0.432686,-1.391133,-1.539944,-0.030653
0.04500,0.452148,-0.435651,-11.385173,-1.834909,-0.036002
0.05000,0.502324,-1.544936,-6.713749,1.677795,0.084363
0.05500,0.552480,-1.063781,-10.291290,2.023916,0.081976
0.06000,0.602614,-0.226648,-7.044651,-1.212940,0.069588
0.06500,0.652725,-1.119692,-9.266384,-1.207216,-0.019412
0.07000,0.702810,-1.284127,-16.206557,0.983640,0.087624
0.07500,0.752867,-0.508920,-5.225026,2.259495,0.179041
0.08000,0.802894,-1.498115,-8.485182,2.338889,-0.004270
0.08500,0.852889,-0.650041,-8.042471,1.569265,0.107632
0.09000,0.902851,-1.179334,-9.076904,2.346791,-0.011699
0.09500,0.952777,-1.474223,-12.635518,2.159176,0.076977
0.10000,1.002666,-2.142047,-8.536865,1.376003,0.051224
0.10500,1.052515,-0.810241,-5.387494,4.515337,0.243814
0.11000,1.102322,-2.195478,-1.658227,2.570989,0.174173
0.11500,1.152086,-2.026342,-7.633308,1.578343,0.364085
0.12000,1.201805,-1.259815,-10.695323,2.653416,0.390399
0.12500,1.251476,-2.180664,-3.564463,1.742482,0.395684
0.13000,1.301097,-1.526103,-9.249250,3.923341,0.203893
0.13500,1.350668,-1.827997,-9.331482,5.564085,0.445345
0.14000,1.400184,-2.000558,-8.368502,3.206965,0.539462
0.14500,1.449646,-2.403220,-5.758926,6.416803,0.602288
0.15000,1.499051,-2.311999,-13.295104,7.980047,0.485804
0.15500,1.548396,-1.995942,-7.796629,6.431436,0.640730
0.16000,1.597680,-2.594528,-8.463438,5.108314,0.641392
0.16500,1.646901,-1.995712,-10.026630,5.950739,0.710395
0.17000,1.696057,-2.233345,-1.272266,7.058935,0.950752
0.17500,1.745146,-2.181149,-14.716378,6.471727,0.817674
0.18000,1.794166,-2.384517,-8.337201,7.042460,0.950215
0.18500,1.843115,-2.319951,-7.368116,8.746626,1.097716
0.19000,1.891992,-2.469687,-7.321751,9.401176,1.006986
0.19500,1.940794,-2.357383,-2.051624,10.894002,1.111077
0.20000,1.989519,-2.618038,-16.821294,9.374285,1.190573
0.20500,2.038166,-2.714251,-9.550772,13.560574,1.243453
0.21000,2.086732,-3.304656,-11.756486,13.225276,1.172128
0.21500,2.135216,-3.715199,-13.969779,13.647856,1.360322
0.22000,2.183615,-3.046962,-10.608188,12.480016,1.546670
0.22500,2.231929,-2.741013,-6.437599,15.912380,1.313409
0.23000,2.280154,-3.601749,-9.282849,14.131257,1.612062
0.23500,2.328289,-3.949361,-0.100223,17.309852,1.595305
0.24000,2.376333,-3.587270,-14.359787,17.106434,1.576127
0.24500,2.424282,-3.281275,-6.674255,15.481002,1.897343
0.25000,2.472136,-3.147133,-6.787942,16.676376,1.829460
0.25500,2.519892,-3.710103,-7.512105,20.075471,1.688577
0.26000,2.567549,-4.138880,-5.349108,19.749315,1.871133
0.26500,2.615104,-3.745139,-8.981106,19.091859,1.975744
0.27000,2.662556,-3.507538,-5.843828,20.208556,1.952683
0.27500,2.709903,-3.884876,-8.910169,20.902249,2.092846
0.28000,2.757143,-3.512084,-9.876145,20.470538,2.069854
0.28500,2.804275,-4.215303,-11.638973,21.843915,2.194596
0.29000,2.851295,-3.712859,-9.564805,22.013080,2.322251
0.29500,2.898203,-3.464142,-4.839481,22.990217,2.160039
0.30000,2.944996,-4.632992,-9.786978,24.743351,2.296718
0.30500,2.991674,-4.650634,-4.778451,23.787505,2.277737
0.31000,3.038233,-4.087596,-8.496118,26.461294,2.383759
0.31500,3.084672,-3.127066,-7.708076,26.447176,2.298080
0.32000,3.130989,-4.287235,-2.344096,27.914529,2.404046
0.32500,3.177183,-4.579535,-12.435675,28.765581,2.486611
0.33000,3.223251,-4.092063,-7.953954,29.883802,2.639600
0.33500,3.269193,-4.754705,-3.886658,29.859997,2.706746
0.34000,3.315005,-5.451415,-5.224115,30.647847,2.501103
0.34500,3.360686,-5.243878,-5.956160,30.303540,2.594879
0.35000,3.406234,-4.351988,-1.762289,31.868116,2.779272
0.35500,3.451648,-5.685346,-9.274811,30.835679,2.554171
0.36000,3.496926,-5.645845,-6.917708,32.281872,2.745850
0.36500,3.542066,-4.778318,-0.153184,34.122336,2.820307
0.37000,3.587066,-5.126431,-12.104160,33.858871,2.993094
0.37500,3.631924,-4.751705,-5.052609,35.109162,2.972754
0.38000,3.676639,-5.766104,-4.831737,34.016382,2.906848
0.38500,3.721209,-5.698131,-5.915877,37.508928,2.938064
0.39000,3.765631,-5.603756,-5.455937,35.888920,2.984761
0.39500,3.809906,-6.041891,-10.596809,37.674100,3.196773
0.40000,3.854029,-5.690171,-6.517614,37.827925,3.035231
0.40500,3.898001,-5.730823,-7.589337,39.582743,3.081205
0.41000,3.941819,-5.364389,-5.549244,38.676981,3.180094
0.41500,3.985481,-5.828290,-6.390963,38.581427,3.165519
0.42000,4.028986,-6.024985,0.528080,38.152544,3.190406
0.42500,4.072331,-5.717090,-2.889370,40.628842,3.130887
0.43000,4.115516,-5.526833,1.719271,40.200590,3.273407
0.43500,4.158539,-5.620230,-2.785166,42.826523,3.262048
0.44000,4.201397,-6.003609,-5.099057,44.485792,3.455046
0.44500,4.244089,-6.342797,-3.789419,40.789888,3.435323
0.45000,4.286614,-6.446029,-1.393241,42.471551,3.399075
0.45500,4.328970,-6.858792,-10.041325,44.923274,3.499968
0.46000,4.371155,-6.348552,-12.823494,46.582229,3.430491
0.46500,4.413167,-6.450916,-12.544599,46.066525,3.601418
0.47000,4.455005,-5.816374,-3.579034,46.653624,3.527031
0.47500,4.496667,-6.476573,-8.049784,47.426537,3.617581
0.48000,4.538152,-6.318760,-7.812090,48.062609,3.461501
0.48500,4.579457,-6.146903,-6.137150,49.862888,3.657242
0.49000,4.620582,-7.536314,-3.335888,49.200874,3.485256
0.49500,4.661524,-7.087655,-8.145114,47.571398,3.482423
0.50000,4.702282,-6.978428,-9.822431,49.005459,3.687836
0.50500,4.742855,-6.891466,-8.510781,50.334258,3.660383
0.51000,4.783240,-7.476851,-3.375975,49.663899,3.799273
0.51500,4.823436,-6.705574,-7.203782,50.829273,4.040137
0.52000,4.863442,-6.746926,-3.978529,51.035519,3.764616
0.52500,4.903256,-6.975626,-2.260306,51.342200,3.818186
0.53000,4.942877,-6.961394,-7.446666,53.483648,3.934157
0.53500,4.982302,-7.764460,-9.674160,52.718409,3.996013
0.54000,5.021531,-6.890903,-11.315522,52.394186,3.962156
0.54500,5.060561,-7.680311,-8.454867,53.331383,3.992524
0.55000,5.099392,-8.272204,-10.500860,54.705519,4.116960
0.55500,5.138021,-7.491121,-5.460252,57.625132,4.132250
0.56000,5.176448,-7.424738,-11.550877,55.937282,4.010332
0.56500,5.214670,-7.945269,-5.534271,57.855113,4.139716
0.57000,5.252686,-8.409876,-7.894335,57.172826,4.185055
0.57500,5.290495,-8.255899,-2.985660,54.547496,4.109855
0.58000,5.328095,-7.896050,-10.612836,57.982725,4.275507
0.58500,5.365485,-8.950154,-5.747310,57.007390,4.197611
0.59000,5.402662,-7.517257,-3.214640,56.883427,4.414996
0.59500,5.439627,-7.584671,-12.574706,57.669926,4.371053
0.60000,5.476377,-8.134030,-4.651803,61.491294,4.394807
0.60500,5.512910,-7.672290,-8.288065,57.997629,4.360767
0.61000,5.549226,-8.238859,-9.770886,59.576350,4.442154
0.61500,5.585323,-8.699799,-12.135230,62.114467,4.287969
0.62000,5.621200,-8.015732,-5.734208,61.984133,4.408701
0.62500,5.656854,-8.100200,-8.395553,59.642270,4.592243
0.63000,5.692285,-8.776283,-7.454789,61.963715,4.376496
0.63500,5.727492,-9.032046,-2.904491,61.929869,4.708156
0.64000,5.762472,-8.906934,-18.213756,62.745738,4.482024
0.64500,5.797225,-8.060735,-2.231190,64.295068,4.766105
0.65000,5.831749,-8.729127,3.428013,63.170427,4.638873
0.65500,5.866043,-7.479562,-6.081104,63.904221,4.834649
0.66000,5.900105,-8.981476,-7.382241,66.425045,4.802627
0.66500,5.933934,-8.505526,-6.177701,62.974570,4.668269
0.67000,5.967529,-8.675322,-2.055467,65.128554,4.979776
0.67500,6.000889,-8.954430,4.330708,66.542566,5.031305
0.68000,6.034011,-8.562253,-8.971233,64.949433,4.912322
0.68500,6.066895,-9.320419,-18.004689,66.093290,4.923235
0.69000,6.099540,-9.035319,-4.340850,65.708791,4.966156
0.69500,6.131944,-9.552603,-5.854129,67.852598,4.915729
0.70000,6.164106,-10.024114,-6.158956,67.352421,5.154383
0.70500,6.196024,-9.131148,-6.368328,69.422521,5.020645
0.71000,6.227698,-9.687581,-14.326170,70.108891,5.100270
0.71500,6.259126,-9.801490,-4.127463,69.372567,5.056022
0.72000,6.290307,-9.061426,-8.304379,69.279143,5.102546
0.72500,6.321240,-9.420387,-4.138346,70.436858,5.066746
0.73000,6.351923,-9.237894,-7.258599,70.601916,5.349780
0.73500,6.382356,-8.722520,-8.932285,69.504954,5.237281
0.74000,6.412536,-9.417094,-12.654027,72.594773,5.377980
0.74500,6.442463,-9.348785,0.497554,71.998047,5.310772
0.75000,6.472136,-10.082367,-5.458980,73.055326,5.267768
0.75500,6.501553,-9.278821,-3.654389,70.920505,5.332156
0.76000,6.530714,-9.317214,1.254466,73.943681,5.336002
0.76500,6.559617,-10.157498,-2.950970,75.779260,5.419826
0.77000,6.588261,-9.487886,-3.974477,74.413661,5.408039
0.77500,6.616645,-9.672367,-14.353878,72.369051,5.441863
0.78000,6.644767,-9.938860,-0.215730,74.500511,5.359789
0.78500,6.672627,-9.856484,-1.242620,74.768309,5.442700
0.79000,6.700224,-8.920982,-9.381180,75.472577,5.714515
0.79500,6.727557,-10.247235,-11.006714,75.317223,5.506649
0.80000,6.754623,-10.158113,-3.165917,76.549050,5.493029
0.80500,6.781423,-10.017227,-5.393145,75.790371,5.656816
0.81000,6.807956,-10.176272,1.246962,76.976500,5.788109
0.81500,6.834219,-10.905169,-10.012149,76.262387,5.525368
0.82000,6.860213,-9.910202,-4.856342,77.553071,5.673666
0.82500,6.885936,-9.835414,-1.911559,78.969561,5.654515
0.83000,6.911387,-9.535764,-2.650011,77.579695,5.564432
0.83500,6.936566,-10.535537,-9.514773,79.298530,5.837139
0.84000,6.961470,-10.865949,-10.254396,77.823219,5.783633
0.84500,6.986100,-10.101666,-6.268047,78.780455,5.815323
0.85000,7.010453,-10.844029,4.392581,79.288371,5.754746
0.85500,7.034530,-10.452360,-7.580493,81.379599,5.897320
0.86000,7.058330,-10.657339,-6.111856,79.353008,5.819179
0.86500,7.081850,-10.445074,-0.652458,82.029129,5.880060
0.87000,7.105092,-10.747784,-2.288409,79.206781,5.804310
0.87500,7.128052,-10.303434,1.502744,81.079869,5.814210
0.88000,7.150731,-11.016876,-6.853972,82.671902,6.090244
0.88500,7.173128,-9.668114,-6.739738,82.744125,5.925928
0.89000,7.195242,-10.373870,-0.613960,81.061231,6.025946
0.89500,7.217072,-10.996810,-4.868886,81.131589,6.013137
0.90000,7.238616,-11.172497,-3.938435,83.925056,5.991908
0.90500,7.259875,-10.879744,-8.014596,81.720943,6.004569
0.91000,7.280848,-11.030658,-6.957672,84.202913,6.137692
0.91500,7.301533,-11.212442,-6.957784,83.215391,6.063277
0.92000,7.321929,-10.313098,-6.273775,84.122355,6.097059
0.92500,7.342037,-10.522137,-6.560593,87.166803,6.132961
0.93000,7.361855,-11.414245,-4.927061,86.565158,6.266872
0.93500,7.381382,-10.756253,-4.994179,86.024386,6.235288
0.94000,7.400618,-11.014774,0.854429,83.704050,6.223338
0.94500,7.419561,-10.727551,3.732669,85.993938,6.146255
0.95000,7.438212,-11.356590,-4.794594,85.965663,6.081765
0.95500,7.456569,-10.215371,2.982974,86.067190,6.332557
0.96000,7.474632,-11.104067,-1.347047,88.041090,6.351320
0.96500,7.492399,-10.328097,-12.431379,84.713757,6.257294
0.97000,7.509871,-11.390036,-2.138267,87.387849,6.342319
0.97500,7.527046,-10.653353,-9.070075,87.430464,6.382763
0.98000,7.543924,-11.290438,1.308580,86.660959,6.403988
0.98500,7.560505,-10.572738,-5.237687,89.844907,6.429055
0.99000,7.576786,-11.373034,3.361656,86.571031,6.306960
0.99500,7.592769,-11.769103,2.779886,88.353244,6.519939
1.00000,7.608452,-11.797482,-4.961743,88.665522,6.258742
1.00500,7.623835,-11.637485,-6.885455,86.231934,6.485084
1.01000,7.638916,-11.141596,1.515336,87.373797,6.463207
1.01500,7.653696,-11.261196,-6.378351,88.157164,6.515974
1.02000,7.668174,-11.391568,-3.100310,90.467307,6.631187
1.02500,7.682349,-11.018745,1.319544,90.886012,6.605959
1.03000,7.696221,-10.799141,-3.164743,90.700290,6.356644
1.03500,7.709789,-11.928647,0.318458,90.507183,6.316040
1.04000,7.723053,-11.107224,5.335969,87.849324,6.580590
1.04500,7.736012,-10.579208,-1.083593,90.917367,6.410473
1.05000,7.748665,-11.828549,0.421324,90.269683,6.524016
1.05500,7.761013,-11.826567,-4.750219,92.469009,6.622247
1.06000,7.773054,-11.438874,-13.271619,92.881847,6.386142
1.06500,7.784788,-11.531076,-1.632833,94.137113,6.351844
1.07000,7.796215,-11.871105,-2.148418,92.531222,6.601289
1.07500,7.807334,-11.693318,0.031080,92.851714,6.591657
1.08000,7.818145,-11.006433,-1.957702,90.861815,6.574232
1.08500,7.828647,-11.314439,-4.558071,92.360915,6.614094
1.09000,7.838840,-12.053310,-4.469090,90.991354,6.535172
1.09500,7.848724,-12.446925,-1.666903,93.690187,6.480635
1.10000,7.858298,-12.210295,-5.569636,91.395540,6.626133
1.10500,7.867562,-11.686286,-7.476521,92.725327,6.555837
1.11000,7.876515,-12.105727,-0.785774,92.177194,6.498623
1.11500,7.885157,-12.143582,-1.896785,92.757126,6.723679
1.12000,7.893488,-11.502348,0.578653,94.012395,6.676411
1.12500,7.901507,-11.936952,-3.885776,92.962290,6.732536
1.13000,7.909214,-11.991015,-2.201996,94.042298,6.601718
1.13500,7.916609,-11.753279,-5.344681,92.745213,6.643603
1.14000,7.923691,-11.247141,-3.143731,95.728117,6.617883
1.14500,7.930461,-11.737992,1.933808,93.456636,6.637296
1.15000,7.936918,-11.588384,5.546186,95.553544,6.753548
1.15500,7.943061,-11.853939,-2.533812,97.018965,6.663153
1.16000,7.948890,-11.248787,0.489128,91.738300,6.784553
1.16500,7.954406,-12.422250,-4.273227,93.573786,6.789954
1.17000,7.959608,-12.387349,-7.173547,94.626104,6.965514
1.17500,7.964496,-12.138915,-3.482208,96.373335,6.629652
1.18000,7.969069,-11.084414,-2.098635,94.530248,6.864269
1.18500,7.973327,-11.294456,-2.334018,95.663746,6.772281
1.19000,7.977271,-12.409571,-4.287218,94.458278,6.785461
1.19500,7.980900,-12.147795,-0.256884,96.092216,6.646991
1.20000,7.984214,-11.731463,3.678593,94.088642,6.751170
1.20500,7.987212,-11.938633,-3.064889,96.612576,6.876472
1.21000,7.989896,-11.601218,0.819437,92.170331,6.798264
1.21500,7.992263,-12.183919,1.564045,93.562142,6.818850
1.22000,7.994316,-12.676491,3.335675,98.042911,6.785539
1.22500,7.996052,-11.727280,2.000838,96.172003,6.933938
1.23000,7.997474,-11.465448,3.420778,94.982895,6.819509
1.23500,7.998579,-12.636410,-0.251643,98.730809,6.604351
1.24000,7.999368,-12.781944,-5.674382,97.433499,6.758222
1.24500,7.999842,-12.187020,-4.836858,97.591994,6.632868
1.25000,8.000000,-12.781596,-2.206123,95.813647,6.506641
1.25500,7.999842,-11.819861,-4.281631,97.110468,6.781164
1.26000,7.999368,-12.486060,-3.380816,97.028942,6.969508
1.26500,7.998579,-11.689957,-1.041650,94.509264,6.842067
1.27000,7.997474,-12.144173,-0.311993,97.228798,6.721037
1.27500,7.996052,-11.943913,-1.813443,96.347739,6.745111
1.28000,7.994316,-11.720973,1.319886,98.134298,6.953147
1.28500,7.992263,-12.081810,7.781946,98.193334,6.855998
1.29000,7.989896,-12.419474,-3.964451,95.908821,6.845048
1.29500,7.987212,-11.608176,-2.150892,95.982785,6.834643
1.30000,7.984214,-12.604878,-4.580088,96.952213,6.843328
1.30500,7.980900,-11.395014,4.732690,97.523519,6.919363
1.31000,7.977271,-12.236106,3.766381,96.272078,6.892982
1.31500,7.973327,-12.197440,-5.085027,96.637581,6.857916
1.32000,7.969069,-11.805671,2.258461,97.509021,6.730263
1.32500,7.964496,-11.790827,-5.248895,97.290602,6.884041
1.33000,7.959608,-11.747594,2.002035,98.172373,6.762184
1.33500,7.954406,-12.568625,0.569486,97.069987,6.937873
1.34000,7.948890,-12.315775,0.795116,95.723809,6.698343
1.34500,7.943061,-11.795647,-6.542593,94.669195,6.808931
1.35000,7.936918,-11.775456,1.425667,97.721646,6.818779
1.35500,7.930461,-11.961739,1.474446,96.340470,6.683378
1.36000,7.923691,-11.371681,6.093566,96.301782,6.984791
1.36500,7.916609,-11.978893,1.335812,96.345703,6.954600
1.37000,7.909214,-11.500761,0.689946,94.787898,6.757640
1.37500,7.901507,-11.430046,-1.902871,96.163150,6.876845
1.38000,7.893488,-11.728459,3.162820,93.489551,6.832695
1.38500,7.885157,-11.943783,4.346029,96.072025,6.527953
1.39000,7.876515,-11.541273,4.135063,95.439792,6.809492
1.39500,7.867562,-11.651390,4.805360,98.652560,6.772698
1.40000,7.858298,-11.566783,0.551688,96.941756,6.781344
1.40500,7.848724,-12.175924,-4.422834,96.097719,6.659058
1.41000,7.838840,-11.604262,1.629933,96.487383,6.733582
1.41500,7.828647,-11.118184,7.249079,97.101292,6.736088
1.42000,7.818145,-11.889674,6.451854,95.260245,6.866061
1.42500,7.807334,-11.698182,-1.271294,95.818514,6.773421
1.43000,7.796215,-11.840655,9.870216,95.595079,6.731969
1.43500,7.784788,-11.355929,7.169062,98.909697,6.878003
1.44000,7.773054,-12.571325,5.041725,95.946004,6.661332
1.44500,7.761013,-11.023243,-2.278079,93.423053,6.669759
1.45000,7.748665,-11.460157,4.517361,96.636834,6.518360
1.45500,7.736012,-11.751317,5.638228,98.684160,6.848778
1.46000,7.723053,-11.523792,10.780123,94.350361,6.779244
1.46500,7.709789,-11.148286,0.172482,99.556026,6.765266
1.47000,7.696221,-11.445359,0.869982,95.214211,6.730951
1.47500,7.682349,-11.300270,6.860791,96.378826,6.665246
1.48000,7.668174,-11.058039,6.740906,94.394222,6.665796
1.48500,7.653696,-11.469073,5.739168,94.630813,6.608712
1.49000,7.638916,-11.209001,0.149287,93.359752,6.603040
1.49500,7.623835,-10.881152,-0.333876,93.445536,6.618091
1.50000,7.608452,-11.240525,3.349975,92.016373,6.753035
1.50500,7.592769,-11.712368,4.264235,95.825238,6.645972
1.51000,7.576786,-11.107688,6.085355,92.943097,6.572903
1.51500,7.560505,-10.555703,-0.477005,94.626109,6.508912
1.52000,7.543924,-11.516349,-3.892922,94.436094,6.491269
1.52500,7.527046,-11.169699,6.991906,93.116375,6.703059
1.53000,7.509871,-11.155602,2.217168,93.803220,6.580694
1.53500,7.492399,-10.940396,2.077334,93.479484,6.523863
1.54000,7.474632,-11.455255,6.573670,92.842128,6.469318
1.54500,7.456569,-11.266444,-3.077261,93.336027,6.379548
1.55000,7.438212,-10.416273,2.702493,93.173469,6.470311
1.55500,7.419561,-10.916065,1.415004,91.720249,6.550634
1.56000,7.400618,-11.435671,4.739544,91.217604,6.409682
1.56500,7.381382,-10.821058,2.757731,91.579834,6.411849
1.57000,7.361855,-11.095762,5.697309,92.566054,6.397826
1.57500,7.342037,-10.452380,-2.188166,93.899941,6.416042
1.58000,7.321929,-11.736214,1.327962,93.819189,6.230359
1.58500,7.301533,-10.993462,-0.422147,92.240704,6.350926
1.59000,7.280848,-10.596329,7.525286,92.808701,6.273267
1.59500,7.259875,-11.503502,8.363350,91.621507,6.431525
1.60000,7.238616,-11.255136,3.611368,92.601916,6.249579
1.60500,7.217072,-10.715156,6.148844,91.223474,6.368137
1.61000,7.195242,-10.866214,2.497137,91.334814,6.446355
1.61500,7.173128,-10.975781,0.839934,90.308866,6.245341
1.62000,7.150731,-10.689655,9.011315,90.429421,6.199327
1.62500,7.128052,-11.362908,3.120067,92.502729,6.261333
1.63000,7.105092,-11.100623,9.067029,88.553689,6.224288
1.63500,7.081850,-9.997484,13.330467,89.774631,6.107057
1.64000,7.058330,-10.952276,-1.073626,88.830326,6.234577
1.64500,7.034530,-10.467525,6.083052,90.466110,6.371872
1.65000,7.010453,-10.636288,2.452069,91.260641,6.125495
1.65500,6.986100,-10.221463,5.436408,88.458979,6.112128
1.66000,6.961470,-10.406373,-5.513013,85.250860,6.008645
1.66500,6.936566,-10.339014,6.358974,89.086655,6.125875
1.67000,6.911387,-9.986213,0.476787,88.837659,5.949393
1.67500,6.885936,-10.299122,5.198985,85.810884,5.943549
1.68000,6.860213,-11.103009,5.821079,87.293108,6.162474
1.68500,6.834219,-10.632787,7.475960,87.243537,5.923267
1.69000,6.807956,-9.727498,4.205566,84.270837,6.101671
1.69500,6.781423,-9.840478,5.466904,87.607463,6.125214
1.70000,6.754623,-10.338604,3.056274,87.053147,5.977447
1.70500,6.727557,-10.863328,-1.865110,86.536818,5.985600
1.71000,6.700224,-10.459587,1.832212,84.690347,6.104172
1.71500,6.672627,-9.258615,2.350582,84.829989,5.867166
1.72000,6.644767,-9.584803,3.060688,84.640373,5.805474
1.72500,6.616645,-9.534117,5.074048,85.695797,5.707097
1.73000,6.588261,-10.669237,5.429152,83.637822,5.824346
1.73500,6.559617,-10.521230,8.849387,86.300417,5.945621
1.74000,6.530714,-10.161025,12.602738,84.690865,5.870659
1.74500,6.501553,-10.436180,0.420154,81.299524,5.657038
1.75000,6.472136,-9.784210,5.278426,85.664061,5.642344
1.75500,6.442463,-10.240690,6.480060,83.511931,5.653914
1.76000,6.412536,-9.547117,3.754101,82.343825,5.709853
1.76500,6.382356,-9.792081,7.553140,82.818569,5.635962
1.77000,6.351923,-9.887669,-4.292747,80.167979,5.653727
1.77500,6.321240,-9.339788,7.589326,82.286166,5.637468
1.78000,6.290307,-9.379309,4.071481,78.756274,5.553102
1.78500,6.259126,-9.465458,-2.691806,80.166255,5.554062
1.79000,6.227698,-9.624886,3.938849,82.714305,5.553618
1.79500,6.196024,-9.447932,12.859289,82.268586,5.499139
1.80000,6.164106,-10.179341,4.641394,79.989695,5.532386
1.80500,6.131944,-10.145746,13.484723,78.891964,5.643527
1.81000,6.099540,-9.566570,14.163861,80.849806,5.489411
1.81500,6.066895,-9.181007,6.425872,79.312409,5.409472
1.82000,6.034011,-8.459753,4.034377,79.280444,5.208554
1.82500,6.000889,-8.977072,8.134984,79.430417,5.389626
1.83000,5.967529,-9.502082,11.278175,77.010440,5.128921
1.83500,5.933934,-9.244675,12.726253,78.918077,5.155688
1.84000,5.900105,-9.517312,6.864673,75.029165,5.355122
1.84500,5.866043,-8.961934,1.959426,79.003360,5.312760
1.85000,5.831749,-8.930892,11.755797,74.956024,5.199304
1.85500,5.797225,-8.858437,-1.824227,75.727566,5.015142
1.86000,5.762472,-8.679738,4.712829,75.303566,5.121106
1.86500,5.727492,-8.309744,5.939861,76.621957,5.062003
1.87000,5.692285,-8.405529,7.764670,76.263445,5.165251
1.87500,5.656854,-9.114607,3.301777,75.410650,5.298877
1.88000,5.621200,-8.234904,6.403062,75.247241,5.065557
1.88500,5.585323,-8.950528,9.523902,74.768328,4.936660
1.89000,5.549226,-8.319857,6.040026,73.718907,4.868160
1.89500,5.512910,-8.384979,2.483728,71.090964,4.950272
1.90000,5.476377,-7.675301,9.138628,70.213194,4.908478
1.90500,5.439627,-8.358104,6.652447,69.817862,4.780952
1.91000,5.402662,-8.301456,2.015918,72.151747,4.877848
1.91500,5.365485,-8.320368,3.125957,71.526733,4.720637
1.92000,5.328095,-7.795768,13.742296,71.224927,4.916822
1.92500,5.290495,-7.967584,5.409604,71.255417,4.881205
1.93000,5.252686,-8.150114,8.353710,70.281196,4.852567
1.93500,5.214670,-7.639068,4.224980,68.934549,4.665402
1.94000,5.176448,-7.056801,5.597102,67.901820,4.733191
1.94500,5.138021,-7.197877,6.070762,66.997871,4.637021
1.95000,5.099392,-7.192828,4.237723,70.359518,4.579713
1.95500,5.060561,-7.976487,9.445462,69.555846,4.552913
1.96000,5.021531,-7.735612,10.705457,66.372782,4.424749
1.96500,4.982302,-7.572344,9.741340,67.252734,4.378176
1.97000,4.942877,-8.284691,4.795083,67.686248,4.570032
1.97500,4.903256,-6.811235,3.872297,68.651359,4.438830
1.98000,4.863442,-8.057174,-1.691666,65.535300,4.446993
1.98500,4.823436,-7.238393,10.929869,66.036734,4.492803
1.99000,4.783240,-7.854405,5.278854,66.786095,4.185872
1.99500,4.742855,-7.232686,1.615818,62.811378,4.247734
2.00000,4.702282,-6.883017,1.916139,63.581785,4.310472
2.00500,4.661524,-6.948358,9.905670,63.972273,4.298654
2.01000,4.620582,-7.458118,5.506810,62.684716,4.187919
2.01500,4.579457,-7.310586,9.792939,65.677691,4.294902
2.02000,4.538152,-6.597699,7.494613,63.698314,4.178864
2.02500,4.496667,-6.946051,10.607402,62.415655,4.002068
2.03000,4.455005,-6.809589,7.846204,60.538650,3.996017
2.03500,4.413167,-6.408874,-4.874847,62.295966,4.135395
2.04000,4.371155,-7.770746,12.406245,61.538803,4.066498
2.04500,4.328970,-6.565335,1.607878,59.665330,3.794998
2.05000,4.286614,-6.087083,13.091433,59.286704,4.085191
2.05500,4.244089,-5.808870,7.519933,57.554485,3.974952
2.06000,4.201397,-6.198539,3.782041,58.761375,4.014294
2.06500,4.158539,-6.720241,4.876404,59.427370,3.805857
2.07000,4.115516,-5.954972,3.639089,59.105802,3.779058
2.07500,4.072331,-5.516926,8.558271,58.104655,3.660088
2.08000,4.028986,-6.488448,9.177102,57.911984,3.991092
2.08500,3.985481,-6.458056,1.646272,55.696366,3.683366
2.09000,3.941819,-6.157623,-0.436186,55.345963,3.823736
2.09500,3.898001,-6.200327,12.404823,56.889611,3.563549
2.10000,3.854029,-6.806481,8.735819,55.471954,3.608295
2.10500,3.809906,-6.875044,1.760340,53.452256,3.387849
2.11000,3.765631,-6.374086,11.369976,54.527480,3.480123
2.11500,3.721209,-6.028678,12.131753,54.423050,3.580084
2.12000,3.676639,-5.523275,9.235643,53.764980,3.319127
2.12500,3.631924,-5.853412,9.415436,52.524151,3.514700
2.13000,3.587066,-5.496319,5.120230,51.252100,3.403760
2.13500,3.542066,-4.938977,-4.719162,51.853090,3.227965
2.14000,3.496926,-4.201614,10.336307,52.914998,3.244696
2.14500,3.451648,-5.007284,4.105534,50.511465,3.211235
2.15000,3.406234,-5.703242,15.627678,48.998582,3.214405
2.15500,3.360686,-4.823231,5.737108,49.703295,3.127690
2.16000,3.315005,-5.166474,9.792591,47.265004,3.060427
2.16500,3.269193,-4.955995,4.321668,48.519080,3.074554
2.17000,3.223251,-4.631808,1.509129,47.347646,2.963861
2.17500,3.177183,-4.641291,5.350972,48.348138,2.899086
2.18000,3.130989,-5.432650,16.236525,46.776110,2.984827
2.18500,3.084672,-5.292846,7.641843,47.394799,3.039371
2.19000,3.038233,-4.643991,-0.580508,48.381034,2.758943
2.19500,2.991674,-4.394581,11.876795,44.779766,2.873533
2.20000,2.944996,-3.747607,12.507987,43.490221,2.769031
2.20500,2.898203,-4.298283,4.253606,44.524406,2.697097
2.21000,2.851295,-4.626595,8.091571,43.316014,2.841169
2.21500,2.804275,-4.606612,7.641669,43.051402,2.664409
2.22000,2.757143,-4.629251,4.467723,41.600461,2.826884
2.22500,2.709903,-4.800490,8.056595,42.461491,2.559114
2.23000,2.662556,-4.733160,1.133418,41.320897,2.636232
2.23500,2.615104,-4.353214,9.207058,38.059392,2.534955
2.24000,2.567549,-4.014803,11.877886,39.846048,2.442294
2.24500,2.519892,-4.300259,4.203336,39.985096,2.536673
2.25000,2.472136,-3.907024,10.532314,40.456040,2.422190
2.25500,2.424282,-3.957091,10.975606,37.765576,2.457932
2.26000,2.376333,-3.864272,10.145825,36.934004,2.352488
2.26500,2.328289,-3.877750,13.820929,38.744850,2.208088
2.27000,2.280154,-3.508052,7.821946,36.046701,2.266142
2.27500,2.231929,-3.548002,4.671766,36.351852,2.241004
2.28000,2.183615,-4.573030,11.130367,36.234025,2.291144
2.28500,2.135216,-3.301842,10.036176,35.990062,2.063637
2.29000,2.086732,-3.295222,-1.083773,34.537263,2.109643
2.29500,2.038166,-3.517311,8.170180,32.608708,1.900215
2.30000,1.989519,-3.123940,4.735288,34.616090,2.096936
2.30500,1.940794,-3.406825,6.329557,32.291016,1.882296
2.31000,1.891992,-2.998130,8.298900,31.613283,1.768545
2.31500,1.843115,-3.335306,14.293368,34.106723,1.902310
2.32000,1.794166,-2.622065,9.657546,32.163202,1.977683
2.32500,1.745146,-2.686056,5.126805,29.234736,1.672881
2.33000,1.696057,-3.352366,5.595119,29.359193,1.675145
2.33500,1.646901,-2.970292,8.831357,29.066837,1.668159
2.34000,1.597680,-2.320378,9.652010,27.876294,1.587890
2.34500,1.548396,-2.368613,19.322606,25.878951,1.697368
2.35000,1.499051,-2.404679,4.036958,28.595207,1.536784
2.35500,1.449646,-2.854195,5.656296,27.980373,1.503601
2.36000,1.400184,-2.594058,12.050863,26.750959,1.592445
2.36500,1.350668,-2.173354,6.574678,25.383241,1.416448
2.37000,1.301097,-2.044787,8.792343,25.540967,1.493502
2.37500,1.251476,-2.098687,1.306456,25.470478,1.310843
2.38000,1.201805,-2.359589,1.249735,22.845343,1.244654
2.38500,1.152086,-2.037945,10.910966,23.116975,1.140095
2.39000,1.102322,-2.072910,3.851407,22.252001,1.468161
2.39500,1.052515,-2.272679,11.266228,23.182340,1.207438
2.40000,1.002666,-2.172231,6.087495,22.063610,1.221665
2.40500,0.952777,-1.978761,9.398639,19.581107,1.151794
2.41000,0.902851,-2.188606,13.058033,19.813471,1.128551
2.41500,0.852889,-1.304186,4.784701,22.105571,1.075088
2.42000,0.802894,-1.106670,4.836304,18.195741,1.218773
2.42500,0.752867,-0.983746,12.895072,18.957653,0.881093
2.43000,0.702810,-1.592528,8.197608,17.416141,0.786618
2.43500,0.652725,-1.506882,7.514441,19.090614,0.798677
2.44000,0.602614,-1.021192,11.854283,16.905204,0.723738
2.44500,0.552480,-1.240276,4.049285,15.855321,0.889587
2.45000,0.502324,-1.101541,7.999628,14.362219,0.854261
2.45500,0.452148,-1.026651,2.897311,14.887866,0.633101
2.46000,0.401955,-1.483539,2.618588,15.586322,0.547383
2.46500,0.351745,-0.228015,10.881248,14.796473,0.608345
2.47000,0.301521,-1.261882,13.193702,11.780046,0.740421
2.47500,0.251286,-1.243700,8.937263,14.665383,0.275874
2.48000,0.201041,-0.192868,2.065517,11.877625,0.568184
2.48500,0.150788,-0.897123,7.623813,10.298116,0.364836
2.49000,0.100528,0.066435,9.509540,11.122881,0.533906
2.49500,0.050265,-0.157297,8.032162,9.612239,0.278850
2.50000,0.000000,-0.076274,12.995361,9.059833,0.315318
2.50500,-0.050265,-0.302860,4.731076,8.390363,0.150117
2.51000,-0.100528,-0.650924,9.459157,8.439766,0.160169
2.51500,-0.150788,-0.482274,6.698470,7.338490,0.353907
2.52000,-0.201041,0.120833,7.791360,5.270180,0.254339
2.52500,-0.251286,0.109961,6.718094,7.361869,0.088963
2.53000,-0.301521,-0.264879,10.188943,5.493942,-0.000926
2.53500,-0.351745,-0.162330,3.106585,6.962350,-0.146419
2.54000,-0.401955,0.025142,6.883948,5.557127,-0.039137
2.54500,-0.452148,0.429776,9.575272,5.047961,-0.045774
2.55000,-0.502324,0.709960,11.728891,3.915364,-0.094065
2.55500,-0.552480,0.975016,12.605202,4.653353,-0.138005
2.56000,-0.602614,0.529061,8.909869,2.085244,-0.283929
2.56500,-0.652725,1.342209,12.881936,0.673746,-0.221162
2.57000,-0.702810,1.125109,13.426302,1.681876,-0.261341
2.57500,-0.752867,1.510303,7.619822,-2.626756,-0.171143
2.58000,-0.802894,0.623944,16.311445,-0.395571,-0.156357
2.58500,-0.852889,1.293613,14.493354,-0.298969,-0.399954
2.59000,-0.902851,1.576262,6.923810,-1.668260,-0.505879
2.59500,-0.952777,0.483756,7.617662,-0.256524,-0.478512
2.60000,-1.002666,1.658760,6.163020,-1.535248,-0.575720
2.60500,-1.052515,1.525622,7.624087,-2.852294,-0.632060
2.61000,-1.102322,1.806885,9.564730,-4.079428,-0.606390
2.61500,-1.152086,1.576956,9.230981,-2.882380,-0.747803
2.62000,-1.201805,2.049001,6.438976,-5.629817,-0.625368
2.62500,-1.251476,1.484021,10.107879,-5.919514,-0.739222
2.63000,-1.301097,1.518573,13.089130,-5.123672,-0.746484
2.63500,-1.350668,2.098517,11.822332,-5.912755,-0.832528
2.64000,-1.400184,2.174654,10.807988,-4.783071,-0.929693
2.64500,-1.449646,1.406406,6.680536,-8.104540,-0.994413
2.65000,-1.499051,2.518440,6.800557,-10.717165,-0.965811
2.65500,-1.548396,2.581867,14.940446,-8.259078,-1.039551
2.66000,-1.597680,2.596064,8.231178,-8.143247,-1.003664
2.66500,-1.646901,1.954871,4.893352,-10.462859,-1.069997
2.67000,-1.696057,2.839005,11.770739,-8.988901,-1.248418
2.67500,-1.745146,2.609914,14.840600,-9.325258,-1.147626
2.68000,-1.794166,2.850535,1.788737,-12.877997,-1.331177
2.68500,-1.843115,2.525733,14.825914,-13.257739,-1.300708
2.69000,-1.891992,2.445608,3.931975,-14.790024,-1.310679
2.69500,-1.940794,2.407296,11.537869,-13.227866,-1.531235
2.70000,-1.989519,2.518359,8.285126,-13.617224,-1.356347
2.70500,-2.038166,3.205921,5.423104,-14.354915,-1.392467
2.71000,-2.086732,2.600078,4.005848,-17.170968,-1.465439
2.71500,-2.135216,2.736628,3.704679,-17.203647,-1.534075
2.72000,-2.183615,3.193758,2.751910,-18.607422,-1.570901
2.72500,-2.231929,3.025925,6.356744,-19.423258,-1.673135
2.73000,-2.280154,2.371787,12.059945,-19.700856,-1.644123
2.73500,-2.328289,3.011273,6.809076,-20.580411,-1.714178
2.74000,-2.376333,3.203579,15.857821,-19.491139,-1.691300
2.74500,-2.424282,4.077293,6.820288,-19.356871,-1.862673
2.75000,-2.472136,3.765828,4.952429,-19.708604,-1.759991
2.75500,-2.519892,3.161270,7.779231,-21.079689,-1.810690
2.76000,-2.567549,3.191463,14.621790,-22.456842,-1.880589
2.76500,-2.615104,3.525597,4.734310,-22.252582,-1.951701
2.77000,-2.662556,3.874389,7.728167,-22.145259,-1.893617
2.77500,-2.709903,3.537051,11.913132,-23.778016,-2.156810
2.78000,-2.757143,4.101990,5.662793,-23.947145,-1.985040
2.78500,-2.804275,3.425442,9.825862,-24.967639,-2.047806
2.79000,-2.851295,4.200986,6.988594,-25.817481,-2.084675
2.79500,-2.898203,4.621745,6.837644,-25.732058,-2.115490
2.80000,-2.944996,3.129095,7.108270,-27.701456,-2.260090
2.80500,-2.991674,4.267503,6.602171,-25.677459,-2.261263
2.81000,-3.038233,4.452566,10.729393,-29.405623,-2.212035
2.81500,-3.084672,4.602334,1.103751,-27.553391,-2.273185
2.82000,-3.130989,4.530477,2.281326,-30.327425,-2.335997
2.82500,-3.177183,4.532801,5.580782,-27.452359,-2.548662
2.83000,-3.223251,4.744196,1.181141,-28.802468,-2.383315
2.83500,-3.269193,4.743217,3.554831,-31.401122,-2.360157
2.84000,-3.315005,4.804733,2.443979,-31.542073,-2.416164
2.84500,-3.360686,5.476656,6.900146,-32.932856,-2.533769
2.85000,-3.406234,5.322113,0.391526,-32.220435,-2.753009
2.85500,-3.451648,5.349702,6.128826,-32.228522,-2.542292
2.86000,-3.496926,4.786518,4.612734,-30.222466,-2.691039
2.86500,-3.542066,4.914309,11.511381,-35.506094,-2.969431
2.87000,-3.587066,5.608606,0.641633,-32.941366,-2.717383
2.87500,-3.631924,4.822017,0.398901,-35.699533,-2.943889
2.88000,-3.676639,5.728806,0.679408,-35.234382,-2.963448
2.88500,-3.721209,4.836272,2.485764,-35.073907,-2.936248
2.89000,-3.765631,6.312446,3.332656,-36.040051,-2.784130
2.89500,-3.809906,6.020341,9.494325,-36.746509,-2.987556
2.90000,-3.854029,5.361472,3.635746,-38.051003,-2.961978
2.90500,-3.898001,5.463313,6.085366,-38.382953,-2.852636
2.91000,-3.941819,4.888774,6.357240,-38.746407,-2.906524
2.91500,-3.985481,5.762965,9.140944,-38.045566,-3.114878
2.92000,-4.028986,6.331713,1.070918,-41.802188,-3.166942
2.92500,-4.072331,6.162073,3.425112,-41.182015,-3.307139
2.93000,-4.115516,5.874772,6.674138,-42.639243,-3.288385
2.93500,-4.158539,6.875948,12.328842,-42.848702,-3.214075
2.94000,-4.201397,6.334880,3.936053,-43.196929,-3.254763
2.94500,-4.244089,6.342517,3.627227,-41.466280,-3.320948
2.95000,-4.286614,6.119386,9.651766,-40.754244,-3.269811
2.95500,-4.328970,6.540340,6.977428,-42.244240,-3.484132
2.96000,-4.371155,7.430301,6.604502,-45.833919,-3.449581
2.96500,-4.413167,6.614488,14.051773,-44.860392,-3.407781
2.97000,-4.455005,5.819590,3.542163,-46.850318,-3.459431
2.97500,-4.496667,6.647200,9.636796,-45.488400,-3.447454
2.98000,-4.538152,7.397435,14.336268,-45.030792,-3.551591
2.98500,-4.579457,7.167277,4.665617,-46.382899,-3.658842
2.99000,-4.620582,6.537946,15.860645,-46.572932,-3.627930
2.99500,-4.661524,6.950762,9.481440,-48.322598,-3.800833
3.00000,-4.702282,6.273257,7.843453,-51.034802,-3.900683
3.00500,-4.742855,7.192105,12.471357,-51.574143,-3.714235
3.01000,-4.783240,6.638372,7.379430,-49.836404,-3.813683
3.01500,-4.823436,6.839839,-3.833570,-49.548942,-3.812887
3.02000,-4.863442,6.885976,7.511705,-49.232351,-4.049277
3.02500,-4.903256,6.886528,5.725430,-51.690514,-3.951122
3.03000,-4.942877,7.924358,0.395144,-51.697432,-4.009790
3.03500,-4.982302,7.895952,9.281760,-51.992333,-4.071268
3.04000,-5.021531,7.240190,4.079780,-51.534030,-4.245411
3.04500,-5.060561,7.455074,2.689192,-53.400971,-4.087779
3.05000,-5.099392,8.158345,15.289828,-55.135996,-3.998892
3.05500,-5.138021,7.417632,10.998890,-53.028787,-4.084967
3.06000,-5.176448,7.411852,12.560886,-54.335255,-4.217517
3.06500,-5.214670,7.307009,13.536758,-54.869269,-4.192854
3.07000,-5.252686,8.341134,0.889810,-57.350079,-4.149436
3.07500,-5.290495,7.832871,13.833188,-56.329049,-4.535416
3.08000,-5.328095,7.827331,1.907653,-58.874151,-4.304949
3.08500,-5.365485,7.709388,1.849234,-59.709718,-4.271437
3.09000,-5.402662,7.567910,7.509800,-58.076248,-4.290718
3.09500,-5.439627,8.380168,4.636133,-58.799783,-4.221721
3.10000,-5.476377,7.735719,13.076240,-58.081068,-4.311229
3.10500,-5.512910,7.893668,4.528375,-57.514855,-4.426282
3.11000,-5.549226,7.478703,8.641869,-59.763461,-4.459842
3.11500,-5.585323,7.769193,5.874050,-58.055488,-4.443591
3.12000,-5.621200,8.060876,2.831428,-61.378124,-4.608572
3.12500,-5.656854,8.125483,4.769018,-60.230827,-4.590543
3.13000,-5.692285,7.763767,4.075905,-63.134024,-4.527534
3.13500,-5.727492,8.182267,6.486904,-61.930278,-4.453849
3.14000,-5.762472,8.428739,5.182298,-62.925588,-4.697271
3.14500,-5.797225,7.474282,9.241180,-63.259175,-4.717399
3.15000,-5.831749,8.826062,4.560457,-62.762691,-4.723718
3.15500,-5.866043,8.530253,6.848554,-66.185200,-4.639924
3.16000,-5.900105,8.148962,12.371366,-64.241531,-4.808163
3.16500,-5.933934,8.634466,7.618455,-65.805762,-4.688440
3.17000,-5.967529,8.975904,17.018126,-65.141613,-4.962716
3.17500,-6.000889,8.845257,6.051308,-65.258056,-4.914628
3.18000,-6.034011,8.915065,6.836368,-66.618015,-4.945748
3.18500,-6.066895,8.952979,7.998608,-67.061326,-4.876836
3.19000,-6.099540,9.261876,10.246766,-68.435363,-4.880434
3.19500,-6.131944,8.496292,8.622360,-66.832996,-5.165625
3.20000,-6.164106,8.858099,5.277461,-68.730472,-5.135218
3.20500,-6.196024,9.301076,4.564916,-67.823841,-5.038744
3.21000,-6.227698,9.205080,3.704285,-70.492096,-5.167176
3.21500,-6.259126,8.811352,5.303066,-67.571532,-5.282204
3.22000,-6.290307,9.175238,-1.002789,-70.856413,-5.054026
3.22500,-6.321240,9.054129,0.182137,-68.667578,-5.136676
3.23000,-6.351923,9.392673,0.436698,-71.007478,-5.164663
3.23500,-6.382356,8.758414,10.967933,-70.232028,-5.289380
3.24000,-6.412536,8.819036,6.146574,-71.469306,-5.166200
3.24500,-6.442463,8.937718,9.262825,-70.893062,-5.320577
3.25000,-6.472136,9.513775,4.046987,-72.107200,-5.213805
3.25500,-6.501553,10.615710,6.313797,-70.995586,-5.441799
3.26000,-6.530714,10.056382,1.529753,-72.112288,-5.462694
3.26500,-6.559617,10.198736,-3.106461,-72.498461,-5.383092
3.27000,-6.588261,9.750754,3.781396,-71.710103,-5.500165
3.27500,-6.616645,10.435843,2.712081,-74.936058,-5.388187
3.28000,-6.644767,9.977680,2.185371,-72.931740,-5.455590
3.28500,-6.672627,9.903576,-1.017730,-74.790327,-5.599667
3.29000,-6.700224,10.358956,7.050946,-77.029511,-5.525294
3.29500,-6.727557,9.468040,7.801874,-75.066658,-5.592924
3.30000,-6.754623,9.114073,6.775826,-76.260378,-5.490943
3.30500,-6.781423,9.560675,8.942990,-74.370001,-5.670735
3.31000,-6.807956,10.655340,1.088118,-77.349629,-5.675855
3.31500,-6.834219,10.489564,6.856823,-77.070345,-5.534819
3.32000,-6.860213,10.241638,4.122951,-77.213709,-5.455964
3.32500,-6.885936,10.108712,2.360974,-80.137180,-5.503778
3.33000,-6.911387,10.174749,4.371736,-77.606886,-5.721255
3.33500,-6.936566,10.441025,0.358079,-79.760843,-5.729034
3.34000,-6.961470,9.971598,2.856884,-77.238681,-5.620506
3.34500,-6.986100,10.673155,4.084419,-77.279191,-5.809468
3.35000,-7.010453,10.002840,-3.128559,-79.629619,-5.917477
3.35500,-7.034530,10.980834,10.229638,-81.860243,-5.830435
3.36000,-7.058330,10.334844,8.023127,-80.085545,-5.819141
3.36500,-7.081850,10.133087,7.253515,-80.429073,-5.969401
3.37000,-7.105092,10.427462,10.992699,-80.111411,-6.072996
3.37500,-7.128052,10.202907,6.652498,-81.658888,-6.073538
3.38000,-7.150731,10.560512,6.323924,-83.056351,-5.884282
3.38500,-7.173128,9.916056,10.558656,-82.125937,-6.047944
3.39000,-7.195242,10.483837,1.822342,-83.384795,-6.006964
3.39500,-7.217072,10.748345,-1.728247,-80.473687,-5.992102
3.40000,-7.238616,10.907400,7.545166,-83.755276,-5.971726
3.40500,-7.259875,10.625997,2.671094,-84.000472,-6.087389
3.41000,-7.280848,11.309068,7.823166,-83.583820,-6.023766
3.41500,-7.301533,10.161418,6.252241,-85.316703,-6.182492
3.42000,-7.321929,10.792014,0.669066,-84.666915,-6.148963
3.42500,-7.342037,10.714760,3.217651,-84.593386,-6.234485
3.43000,-7.361855,10.939720,-1.072900,-85.310924,-6.037433
3.43500,-7.381382,10.866593,3.568879,-85.318125,-6.172164
3.44000,-7.400618,11.566235,2.651078,-83.819918,-6.261918
3.44500,-7.419561,11.031677,6.603242,-85.070886,-6.241338
3.45000,-7.438212,10.685269,10.966634,-87.471445,-6.246183
3.45500,-7.456569,12.104651,4.323564,-86.662624,-6.171497
3.46000,-7.474632,11.135428,2.034910,-85.530115,-6.418913
3.46500,-7.492399,11.081989,3.608052,-87.472422,-6.380172
3.47000,-7.509871,11.535480,2.723467,-86.863694,-6.331102
3.47500,-7.527046,10.959069,1.171638,-87.260076,-6.056296
3.48000,-7.543924,11.136798,3.972201,-86.853923,-6.230653
3.48500,-7.560505,11.606229,-1.648226,-87.957639,-6.353730
3.49000,-7.576786,10.797968,-0.530095,-88.166036,-6.287200
3.49500,-7.592769,11.121117,3.851032,-89.274907,-6.168139
3.50000,-7.608452,11.713924,6.666390,-88.063932,-6.413061
3.50500,-7.623835,12.087353,4.868800,-89.847535,-6.441539
3.51000,-7.638916,11.346263,1.577203,-86.903581,-6.298392
3.51500,-7.653696,11.359539,7.236747,-89.237483,-6.384966
3.52000,-7.668174,11.869017,3.925086,-89.713875,-6.381653
3.52500,-7.682349,10.846149,9.641536,-88.732576,-6.513970
3.53000,-7.696221,11.186879,4.594213,-90.002563,-6.284264
3.53500,-7.709789,11.168166,2.439043,-90.017357,-6.319424
3.54000,-7.723053,10.674675,-2.496316,-90.404421,-6.447377
3.54500,-7.736012,10.351402,7.581694,-91.424099,-6.448676
3.55000,-7.748665,11.388056,6.366084,-91.870497,-6.733152
3.55500,-7.761013,11.944661,7.898335,-91.812201,-6.478872
3.56000,-7.773054,11.865090,-0.003645,-89.826563,-6.574563
3.56500,-7.784788,12.128174,-2.231431,-92.131214,-6.523782
3.57000,-7.796215,10.516652,7.741093,-92.063015,-6.510748
3.57500,-7.807334,11.588971,2.077675,-92.308302,-6.624885
3.58000,-7.818145,12.210773,-7.959277,-91.126742,-6.771357
3.58500,-7.828647,11.329232,4.643287,-89.778583,-6.576276
3.59000,-7.838840,11.168750,-3.267460,-93.435058,-6.698196
3.59500,-7.848724,11.858382,7.641610,-91.852796,-6.667569
3.60000,-7.858298,11.737581,6.298127,-92.541072,-6.705339
3.60500,-7.867562,12.007797,-6.298368,-93.217527,-6.689037
3.61000,-7.876515,11.760104,3.113057,-92.419320,-6.895912
3.61500,-7.885157,12.284249,1.622479,-94.706498,-6.552216
3.62000,-7.893488,12.074304,4.143756,-92.352975,-6.657972
3.62500,-7.901507,11.909252,-3.382773,-93.241175,-6.581011
3.63000,-7.909214,11.663839,-4.314770,-94.850010,-6.502745
3.63500,-7.916609,12.118751,5.163627,-91.902830,-6.707229
3.64000,-7.923691,11.571312,-6.661515,-92.936538,-6.898206
3.64500,-7.930461,12.245668,0.956549,-92.706402,-6.815129
3.65000,-7.936918,12.335277,3.103532,-95.972113,-6.854135
3.65500,-7.943061,12.262560,4.296978,-94.692714,-6.790911
3.66000,-7.948890,11.364533,2.636588,-95.123776,-6.739790
3.66500,-7.954406,12.076415,10.574023,-93.878169,-6.955159
3.67000,-7.959608,12.057044,6.055040,-93.131525,-6.726913
3.67500,-7.964496,12.270992,0.432557,-97.145836,-6.918812
3.68000,-7.969069,11.286410,0.450060,-94.961339,-6.743811
3.68500,-7.973327,11.685258,-2.030275,-95.248246,-6.790350
3.69000,-7.977271,11.906416,1.727243,-94.012768,-6.816317
3.69500,-7.980900,12.515377,9.566559,-95.359433,-6.797474
3.70000,-7.984214,11.707315,3.731437,-96.930859,-6.849206
3.70500,-7.987212,12.323242,0.389412,-95.741157,-6.861204
3.71000,-7.989896,12.023332,-4.175480,-96.839644,-6.972850
3.71500,-7.992263,12.759007,-9.562001,-96.620634,-6.811456
3.72000,-7.994316,12.106128,0.298657,-95.727501,-6.627556
3.72500,-7.996052,11.317367,-2.581510,-96.433964,-6.617681
3.73000,-7.997474,11.866760,2.048169,-95.604999,-6.687025
3.73500,-7.998579,12.088494,-4.127546,-97.824164,-6.751828
3.74000,-7.999368,12.505775,3.475004,-93.313024,-6.893109
3.74500,-7.999842,12.260064,-0.587744,-94.644951,-6.683417
3.75000,-8.000000,11.874894,-2.228198,-95.356925,-6.835836
3.75500,-7.999842,11.473208,1.517154,-97.816295,-6.839139
3.76000,-7.999368,12.005853,-1.748515,-98.903891,-6.863166
3.76500,-7.998579,11.942896,-0.026786,-97.410310,-6.826273
3.77000,-7.997474,12.537899,-2.953293,-96.705100,-6.880290
3.77500,-7.996052,12.372362,1.961714,-93.809060,-6.846038
3.78000,-7.994316,11.416090,-6.943287,-94.953230,-6.946954
3.78500,-7.992263,11.038358,-0.482294,-97.175627,-6.876155
3.79000,-7.989896,11.817509,2.201768,-95.139647,-6.610452
3.79500,-7.987212,12.095363,3.406922,-95.149817,-6.845704
3.80000,-7.984214,11.583376,2.026117,-96.616632,-6.862234
3.80500,-7.980900,11.765701,5.083795,-95.204441,-6.784336
3.81000,-7.977271,12.461217,0.705713,-96.280055,-6.765790
3.81500,-7.973327,12.271802,10.239773,-97.469053,-6.947054
3.82000,-7.969069,11.256748,-2.546020,-98.099199,-6.854767
3.82500,-7.964496,12.101742,-8.791450,-96.849854,-6.740293
3.83000,-7.959608,12.018677,-9.505650,-95.514736,-6.803217
3.83500,-7.954406,11.863971,-8.364826,-98.320812,-6.815737
3.84000,-7.948890,12.172041,-0.754390,-98.620548,-6.669743
3.84500,-7.943061,12.173320,-7.743465,-96.032712,-6.890443
3.85000,-7.936918,12.945945,-6.817559,-99.917775,-6.811171
3.85500,-7.930461,12.011488,2.035187,-94.483999,-6.868177
3.86000,-7.923691,11.608502,-8.253297,-97.162928,-6.663184
3.86500,-7.916609,11.694445,-0.661250,-95.739231,-7.004036
3.87000,-7.909214,12.184709,2.597431,-94.366178,-6.871486
3.87500,-7.901507,12.673312,3.809331,-98.284042,-6.852920
3.88000,-7.893488,12.118575,-0.121783,-97.770301,-6.728749
3.88500,-7.885157,12.078872,-6.883879,-93.801483,-6.729503
3.89000,-7.876515,11.956742,-5.273817,-96.772879,-6.645237
3.89500,-7.867562,11.651890,4.676058,-96.538312,-6.937110
3.90000,-7.858298,11.853350,5.256540,-96.063518,-6.698507
3.90500,-7.848724,11.311964,-3.100015,-95.018598,-6.796995
3.91000,-7.838840,12.102901,2.208328,-94.639046,-6.827968
3.91500,-7.828647,11.977158,1.675400,-96.026905,-6.700672
3.92000,-7.818145,11.843364,-2.914697,-96.491509,-6.840019
3.92500,-7.807334,11.400944,2.784592,-96.064802,-6.948759
3.93000,-7.796215,11.630633,-5.263961,-95.585449,-6.770434
3.93500,-7.784788,11.487318,0.795727,-94.306767,-6.875716
3.94000,-7.773054,11.831599,0.815639,-95.626098,-6.782779
3.94500,-7.761013,11.572172,-2.347439,-93.530536,-6.672389
3.95000,-7.748665,11.821582,-4.103190,-96.637266,-6.669906
3.95500,-7.736012,12.037928,4.574638,-94.885612,-6.533503
3.96000,-7.723053,12.158484,-5.155781,-93.328325,-6.703464
3.96500,-7.709789,11.198463,-5.595153,-93.786472,-6.827802
3.97000,-7.696221,11.462728,-7.752220,-94.822201,-6.740452
3.97500,-7.682349,11.131257,-2.943322,-96.164263,-6.747040
3.98000,-7.668174,12.073802,-2.836471,-95.848999,-6.766902
3.98500,-7.653696,11.191720,-5.472035,-95.070433,-6.591030
3.99000,-7.638916,12.074074,2.479015,-94.393783,-6.688707
3.99500,-7.623835,11.292622,-1.680744,-94.938728,-6.811316
4.00000,-7.608452,11.899133,0.180503,-96.251891,-6.532389
4.00500,-7.592769,11.232454,-8.019919,-95.264822,-6.602014
4.01000,-7.576786,11.340591,-3.658914,-93.632296,-6.543517
4.01500,-7.560505,11.460551,4.111547,-93.115611,-6.556811
4.02000,-7.543924,11.422972,1.977359,-95.640219,-6.492019
4.02500,-7.527046,11.301981,-0.510029,-94.259641,-6.539101
4.03000,-7.509871,11.612051,2.289408,-95.673267,-6.406461
4.03500,-7.492399,11.804704,0.539285,-94.196150,-6.474820
4.04000,-7.474632,11.641654,-1.251314,-89.139840,-6.464968
4.04500,-7.456569,11.064345,-0.886370,-93.130948,-6.449781
4.05000,-7.438212,10.475264,-0.605975,-93.455116,-6.623064
4.05500,-7.419561,11.255618,-4.299040,-93.577999,-6.479743
4.06000,-7.400618,10.017008,4.611159,-94.148226,-6.475054
4.06500,-7.381382,11.431386,7.313797,-94.747382,-6.413867
4.07000,-7.361855,11.382049,-2.042601,-92.401500,-6.556058
4.07500,-7.342037,10.599296,-2.887207,-92.498815,-6.241371
4.08000,-7.321929,11.308892,6.969547,-90.220430,-6.379398
4.08500,-7.301533,10.768793,-0.943503,-93.746465,-6.495736
4.09000,-7.280848,11.530674,-0.424886,-91.081298,-6.529881
4.09500,-7.259875,10.666269,-0.929492,-89.803798,-6.370954
4.10000,-7.238616,10.607812,-2.524474,-93.539799,-6.335570
4.10500,-7.217072,10.650229,-4.354192,-90.215429,-6.382088
4.11000,-7.195242,10.985718,0.307482,-92.714818,-6.284229
4.11500,-7.173128,10.429520,-9.107564,-89.958770,-6.340734
4.12000,-7.150731,11.749411,1.323394,-88.606517,-6.204075
4.12500,-7.128052,10.638045,3.142555,-90.153848,-6.314461
4.13000,-7.105092,11.476890,-4.077978,-89.585048,-6.228068
4.13500,-7.081850,10.606895,-4.752156,-90.530046,-6.108247
4.14000,-7.058330,10.559911,4.942705,-89.128386,-5.930541
4.14500,-7.034530,10.364318,-3.965315,-87.890232,-6.270620
4.15000,-7.010453,10.308636,-5.599797,-89.223588,-6.197561
4.15500,-6.986100,10.765378,0.549901,-88.932387,-6.216251
4.16000,-6.961470,11.041743,-7.948700,-88.057427,-6.034434
4.16500,-6.936566,10.557760,-12.064498,-87.294649,-6.208595
4.17000,-6.911387,10.110758,-3.456802,-89.979598,-6.122490
4.17500,-6.885936,10.527540,-5.673426,-87.702062,-6.057076
4.18000,-6.860213,10.078311,-6.811847,-88.334060,-6.132029
4.18500,-6.834219,9.264792,-6.682467,-86.663887,-6.109546
4.19000,-6.807956,10.378283,-6.232363,-85.755987,-6.040719
4.19500,-6.781423,9.571344,-4.958362,-86.353244,-6.182640
4.20000,-6.754623,9.989476,-13.225823,-84.913340,-6.095987
4.20500,-6.727557,10.231674,-0.558452,-87.363536,-5.971292
4.21000,-6.700224,10.005282,-5.249292,-86.391335,-5.893554
4.21500,-6.672627,10.022043,-5.463494,-86.803926,-5.905251
4.22000,-6.644767,10.724578,-5.244509,-85.267982,-6.042334
4.22500,-6.616645,10.440759,-0.586711,-84.936584,-5.888890
4.23000,-6.588261,10.629246,-2.783776,-84.996798,-5.740018
4.23500,-6.559617,10.052502,5.139274,-85.912920,-5.741634
4.24000,-6.530714,10.015898,-13.124380,-84.259990,-5.782286
4.24500,-6.501553,10.605501,-0.748203,-84.389647,-5.840139
4.25000,-6.472136,9.580609,-0.169924,-82.841801,-5.664677
4.25500,-6.442463,9.930447,-16.345067,-83.577938,-5.762293
4.26000,-6.412536,9.804958,-1.966677,-81.556699,-5.797603
4.26500,-6.382356,9.826340,-4.864256,-82.354932,-5.736799
4.27000,-6.351923,9.906538,-4.986135,-84.531242,-5.487129
4.27500,-6.321240,9.665786,-4.519968,-82.199956,-5.585654
4.28000,-6.290307,9.903643,-2.866887,-83.376166,-5.466893
4.28500,-6.259126,9.178767,-6.163283,-80.186287,-5.606082
4.29000,-6.227698,9.682992,-7.623885,-79.300213,-5.438964
4.29500,-6.196024,9.005570,-0.621179,-80.710591,-5.567808
4.30000,-6.164106,9.827512,-4.696236,-79.812747,-5.497748
4.30500,-6.131944,9.740358,-1.239717,-81.728273,-5.207155
4.31000,-6.099540,9.205452,6.347060,-82.344430,-5.353332
4.31500,-6.066895,9.033980,-10.486559,-79.976070,-5.454136
4.32000,-6.034011,9.182651,-8.612774,-79.268851,-5.385993
4.32500,-6.000889,9.371229,-7.881337,-80.418597,-5.318170
4.33000,-5.967529,8.476784,-5.392716,-78.147503,-5.202742
4.33500,-5.933934,8.635057,1.987807,-77.524138,-5.345894
4.34000,-5.900105,9.380258,-3.176528,-76.767803,-5.444026
4.34500,-5.866043,8.857803,-0.509193,-75.320936,-5.270135
4.35000,-5.831749,8.369419,2.793539,-75.836480,-5.212886
4.35500,-5.797225,7.934695,-13.466414,-76.869989,-5.175551
4.36000,-5.762472,8.611143,-6.679657,-75.933136,-5.026535
4.36500,-5.727492,8.023204,-8.095345,-74.964328,-5.098380
4.37000,-5.692285,8.739896,-3.519956,-76.550453,-5.020162
4.37500,-5.656854,8.602102,-9.633386,-73.334404,-5.183149
4.38000,-5.621200,9.333765,1.429908,-73.457005,-4.957020
4.38500,-5.585323,8.017901,-7.500998,-74.414648,-4.804877
4.39000,-5.549226,8.735497,-8.658033,-74.514415,-4.908102
4.39500,-5.512910,7.932429,-9.862352,-68.815161,-4.930607
4.40000,-5.476377,7.945739,-11.012152,-71.957090,-4.910872
4.40500,-5.439627,8.228063,-5.752053,-71.438012,-4.717397
4.41000,-5.402662,7.912472,-8.084159,-70.009671,-4.959162
4.41500,-5.365485,8.946529,-4.334001,-70.579426,-4.847138
4.42000,-5.328095,8.125282,-7.695950,-71.090888,-4.759439
4.42500,-5.290495,7.784525,-3.808171,-70.089830,-4.700347
4.43000,-5.252686,8.979157,-4.879059,-71.606364,-4.787810
4.43500,-5.214670,7.654229,-1.236283,-69.243775,-4.682184
4.44000,-5.176448,7.769381,-2.778863,-71.516489,-4.709570
4.44500,-5.138021,7.779049,-8.109763,-68.749057,-4.638254
4.45000,-5.099392,7.490127,-0.722150,-68.163320,-4.631951
4.45500,-5.060561,7.995790,-8.309575,-70.263254,-4.701280
4.46000,-5.021531,8.177938,-9.743031,-65.676679,-4.557094
4.46500,-4.982302,7.107241,-2.334267,-68.909256,-4.434984
4.47000,-4.942877,7.375960,-11.295973,-65.849664,-4.587372
4.47500,-4.903256,7.361200,-8.932977,-67.290341,-4.482167
4.48000,-4.863442,6.885379,-12.487165,-65.844817,-4.358764
4.48500,-4.823436,6.858907,-12.412583,-66.558302,-4.499654
4.49000,-4.783240,7.184593,-4.979379,-62.347714,-4.341185
4.49500,-4.742855,6.908452,-10.111576,-63.642262,-4.432464
4.50000,-4.702282,7.342403,0.706820,-62.259392,-4.179278
4.50500,-4.661524,7.488043,-0.259185,-63.030456,-4.027739
4.51000,-4.620582,7.169200,-4.883861,-62.676530,-4.023139
4.51500,-4.579457,7.148761,-9.161079,-62.867588,-4.213768
4.52000,-4.538152,6.596518,-6.509673,-62.869993,-4.083644
4.52500,-4.496667,6.664418,-7.518840,-61.392657,-4.111463
4.53000,-4.455005,7.005503,-1.780012,-61.459950,-4.078994
4.53500,-4.413167,7.017671,-14.449035,-61.362684,-3.899679
4.54000,-4.371155,6.686617,-7.251265,-62.354475,-4.152142
4.54500,-4.328970,6.880974,-6.253718,-60.600989,-3.879478
4.55000,-4.286614,6.495129,-4.932247,-59.034615,-3.955081
4.55500,-4.244089,6.060110,-3.739093,-59.840554,-3.773945
4.56000,-4.201397,6.596053,-8.317908,-58.380430,-3.860959
4.56500,-4.158539,6.234364,-4.134922,-58.482056,-3.911622
4.57000,-4.115516,5.651431,-11.664703,-59.058913,-3.780877
4.57500,-4.072331,6.619408,-2.081305,-58.417730,-3.699158
4.58000,-4.028986,6.369456,-5.219351,-57.732385,-3.733375
4.58500,-3.985481,6.444633,-7.332812,-56.700788,-3.652015
4.59000,-3.941819,5.893125,-2.185876,-56.171195,-3.716939
4.59500,-3.898001,6.620996,-9.857575,-54.023525,-3.842062
4.60000,-3.854029,6.148488,-13.961592,-56.159720,-3.501698
4.60500,-3.809906,6.284741,-4.840513,-56.804876,-3.485179
4.61000,-3.765631,5.558412,-6.584925,-53.036037,-3.503587
4.61500,-3.721209,5.630750,-8.399904,-53.895251,-3.474660
4.62000,-3.676639,6.210458,-9.856939,-52.984356,-3.340665
4.62500,-3.631924,5.613867,-5.113251,-49.281884,-3.453052
4.63000,-3.587066,5.567666,-3.394175,-50.068076,-3.440710
4.63500,-3.542066,6.094384,-10.902147,-50.599977,-3.351372
4.64000,-3.496926,5.892194,-12.939648,-49.656202,-3.175802
4.64500,-3.451648,5.449974,-4.294882,-50.126834,-3.396110
4.65000,-3.406234,6.061354,-11.669047,-48.602587,-3.099962
4.65500,-3.360686,4.620747,-1.885072,-49.957899,-3.245385
4.66000,-3.315005,5.128134,-1.284965,-49.555171,-3.253507
4.66500,-3.269193,4.863584,-9.615798,-48.735702,-2.978830
4.67000,-3.223251,5.613857,2.413244,-45.758461,-3.076392
4.67500,-3.177183,5.587624,-8.342365,-45.255775,-3.158449
4.68000,-3.130989,4.688026,-7.639158,-47.312343,-3.025563
4.68500,-3.084672,4.871914,-7.733305,-44.663284,-2.857676
4.69000,-3.038233,5.123190,-5.460962,-45.708393,-2.792711
4.69500,-2.991674,4.885917,-3.856849,-43.694305,-2.915946
4.70000,-2.944996,4.713406,-5.900227,-44.821392,-2.793423
4.70500,-2.898203,4.938920,-10.278614,-42.755696,-2.723436
4.71000,-2.851295,5.251716,-8.734099,-43.490705,-2.820249
4.71500,-2.804275,4.446489,-13.860880,-43.156683,-2.680744
4.72000,-2.757143,3.882779,-11.680982,-42.293814,-2.680008
4.72500,-2.709903,4.214047,-6.738414,-41.530012,-2.690908
4.73000,-2.662556,4.172205,-7.461938,-41.866210,-2.646815
4.73500,-2.615104,3.964609,-9.851373,-42.257399,-2.551008
4.74000,-2.567549,4.327744,-6.569070,-38.038109,-2.514830
4.74500,-2.519892,4.270226,-10.635976,-39.983720,-2.534457
4.75000,-2.472136,4.268891,-7.707538,-41.133452,-2.480381
4.75500,-2.424282,4.025321,-7.329306,-41.117516,-2.286015
4.76000,-2.376333,3.867049,-3.458579,-41.198972,-2.335818
4.76500,-2.328289,3.279034,-3.348923,-38.015408,-2.228203
4.77000,-2.280154,3.481142,-11.810345,-35.091608,-2.156006
4.77500,-2.231929,3.201047,-9.261609,-38.112974,-2.176836
4.78000,-2.183615,3.603834,-14.977959,-35.977047,-1.967714
4.78500,-2.135216,3.355188,0.633737,-37.227976,-2.237082
4.79000,-2.086732,3.314453,-16.538697,-33.136891,-2.032629
4.79500,-2.038166,3.468848,-8.023890,-33.452313,-2.104554
4.80000,-1.989519,3.067602,-14.216395,-32.933256,-1.845829
4.80500,-1.940794,3.540407,-7.557518,-31.129849,-1.820318
4.81000,-1.891992,3.459350,-6.881589,-30.203252,-2.145211
4.81500,-1.843115,2.588973,-5.259091,-30.366927,-2.005296
4.82000,-1.794166,3.418457,-10.386552,-31.720870,-1.800420
4.82500,-1.745146,2.685500,-4.889982,-32.039760,-1.746471
4.83000,-1.696057,2.457176,-10.729798,-31.125629,-1.710363
4.83500,-1.646901,2.547846,-11.788971,-31.396927,-1.749716
4.84000,-1.597680,2.092427,-11.206620,-26.548964,-1.655449
4.84500,-1.548396,2.662562,-11.101804,-28.362312,-1.593975
4.85000,-1.499051,2.935032,-0.907762,-27.397214,-1.625462
4.85500,-1.449646,1.772871,-4.196773,-26.733155,-1.472988
4.86000,-1.400184,2.475501,-5.289765,-23.962123,-1.760342
4.86500,-1.350668,2.464100,-16.324255,-26.474743,-1.428652
4.87000,-1.301097,2.420408,-8.322829,-23.794095,-1.553735
4.87500,-1.251476,2.340189,-5.292443,-24.261359,-1.312127
4.88000,-1.201805,2.182529,-15.304710,-24.220192,-1.388974
4.88500,-1.152086,1.748095,-3.919434,-25.751452,-1.412958
4.89000,-1.102322,2.216119,-12.493579,-21.755071,-1.244307
4.89500,-1.052515,1.918403,-8.062340,-23.160568,-1.330799
4.90000,-1.002666,2.029082,-6.960003,-22.226787,-1.288661
4.90500,-0.952777,1.760533,-8.483755,-20.811891,-1.311887
4.91000,-0.902851,1.457323,-8.098508,-20.375462,-1.115210
4.91500,-0.852889,1.468352,-6.067799,-18.545557,-1.020355
4.92000,-0.802894,1.654772,-3.165056,-20.105169,-0.925191
4.92500,-0.752867,1.751983,-1.666944,-18.506751,-0.999348
4.93000,-0.702810,0.499057,-2.338820,-17.773188,-0.837661
4.93500,-0.652725,0.676444,-7.455110,-17.478881,-0.898235
4.94000,-0.602614,0.460218,-16.395110,-16.095425,-0.866764
4.94500,-0.552480,0.824557,-12.679469,-16.618830,-0.757326
4.95000,-0.502324,0.694081,-10.051168,-14.266458,-0.666087
4.95500,-0.452148,0.965197,-5.405363,-15.966789,-0.763580
4.96000,-0.401955,0.689284,-3.117669,-16.242530,-0.711059
4.96500,-0.351745,1.266678,-9.643720,-13.961853,-0.659987
4.97000,-0.301521,0.414103,-10.849263,-11.892816,-0.592797
4.97500,-0.251286,0.301088,-7.664613,-13.328655,-0.648454
4.98000,-0.201041,0.180930,-7.212820,-12.860633,-0.412472
4.98500,-0.150788,0.313975,-5.178307,-11.919158,-0.512681
4.99000,-0.100528,0.422785,-4.865009,-10.701922,-0.383383
4.99500,-0.050265,0.089507,-8.943397,-10.506959,-0.469485
5.00000,-0.000000,-0.161806,-18.400941,-9.318376,-0.307962
5.00500,0.050265,-0.412838,-9.818572,-11.151573,-0.261756
5.01000,0.100528,0.128975,-20.467574,-6.681489,-0.300177
5.01500,0.150788,-0.238600,-8.775648,-7.176641,-0.012691
5.02000,0.201041,-0.487722,3.156285,-8.304702,-0.134984
5.02500,0.251286,-0.278713,-2.921653,-5.016415,0.048786
5.03000,0.301521,-0.114036,-6.546038,-5.517735,0.009843
5.03500,0.351745,0.494932,1.237636,-3.683936,-0.109587
5.04000,0.401955,0.251033,-12.428132,-6.258318,-0.038564
5.04500,0.452148,-0.827622,-6.357515,-2.245207,0.086363
5.05000,0.502324,-0.727629,-5.814039,-3.575999,0.091779
5.05500,0.552480,-1.403539,-10.927084,-5.495596,0.133571
5.06000,0.602614,-1.481782,-10.434199,-1.511927,0.142911
5.06500,0.652725,-1.511595,-5.132984,-2.171587,0.033396
5.07000,0.702810,-0.487006,-6.975403,-2.418822,0.234894
5.07500,0.752867,-0.986452,-10.412148,-0.852297,0.078246
5.08000,0.802894,-1.586949,-8.552454,-2.319901,0.380570
5.08500,0.852889,-1.344681,-5.229726,1.322955,0.313518
5.09000,0.902851,-1.352488,-8.869823,0.969205,0.357477
5.09500,0.952777,-1.491067,-11.078857,1.511849,0.450043
5.10000,1.002666,-0.717309,-6.378804,4.143421,0.542176
5.10500,1.052515,-2.147163,-8.529112,3.093423,0.414277
5.11000,1.102322,-1.633503,-7.455102,2.864188,0.425383
5.11500,1.152086,-1.429318,-12.898155,3.122950,0.536536
5.12000,1.201805,-1.410463,-8.196586,4.799222,0.481582
5.12500,1.251476,-2.545163,-9.520471,6.758715,0.631979
5.13000,1.301097,-1.677460,-14.020609,5.386973,0.930866
5.13500,1.350668,-2.328777,-1.534047,5.444645,0.708381
5.14000,1.400184,-2.131312,-7.350952,8.406932,0.922098
5.14500,1.449646,-2.609355,-6.908232,7.975465,0.762089
5.15000,1.499051,-1.741826,-4.306291,8.478803,0.972006
5.15500,1.548396,-0.881174,-2.101187,11.620676,0.952565
5.16000,1.597680,-1.793617,-3.643415,8.260423,1.021100
5.16500,1.646901,-2.390678,-10.741792,10.562830,1.126520
5.17000,1.696057,-3.045898,-6.950452,8.793747,1.287873
5.17500,1.745146,-2.071583,-10.368107,11.170062,1.173850
5.18000,1.794166,-2.014884,-8.823467,12.840144,1.209134
5.18500,1.843115,-3.005954,-6.236127,14.088873,1.141472
5.19000,1.891992,-2.264098,-2.863750,11.811482,1.339622
5.19500,1.940794,-3.429516,-12.290430,14.944184,1.298733
5.20000,1.989519,-3.296671,-4.591276,15.482243,1.448842
5.20500,2.038166,-2.802160,-6.200020,14.993086,1.403210
5.21000,2.086732,-3.489599,-12.092325,18.698782,1.623970
5.21500,2.135216,-2.704175,4.376149,16.341338,1.292970
5.22000,2.183615,-2.508388,-8.219337,15.880532,1.503773
5.22500,2.231929,-3.125908,-2.725299,18.048423,1.663612
5.23000,2.280154,-3.026493,-7.952054,15.896590,1.581984
5.23500,2.328289,-2.655910,-6.154304,20.605325,1.579485
5.24000,2.376333,-3.160143,-3.972054,20.513764,1.673851
5.24500,2.424282,-2.916179,-7.451173,19.441397,1.603857
5.25000,2.472136,-2.937115,-7.611120,21.254004,1.795499
5.25500,2.519892,-3.999844,-2.398463,21.753544,2.069463
5.26000,2.567549,-2.777758,-2.991252,24.026405,1.981091
5.26500,2.615104,-3.250190,2.727101,21.553797,1.796634
5.27000,2.662556,-3.731909,-6.310253,21.333328,1.861464
5.27500,2.709903,-3.534352,-15.002218,21.030163,1.949548
5.28000,2.757143,-3.807062,-13.563688,23.708468,2.131756
5.28500,2.804275,-3.912390,-5.325362,22.766602,1.989868
5.29000,2.851295,-4.473398,-11.722359,25.029910,2.043923
5.29500,2.898203,-4.305971,-13.518670,26.317431,2.242495
5.30000,2.944996,-4.348543,-2.670077,25.878427,2.281222
5.30500,2.991674,-3.851595,-14.283909,25.858675,2.197834
5.31000,3.038233,-4.164365,-14.303106,29.009067,2.163887
5.31500,3.084672,-4.262652,-6.724064,27.918348,2.161097
5.32000,3.130989,-4.540478,-2.399735,29.018662,2.286690
5.32500,3.177183,-4.060692,-4.005275,30.462516,2.173586
5.33000,3.223251,-5.611187,-12.199168,28.329780,2.512287
5.33500,3.269193,-5.066421,-4.176203,29.366752,2.414185
5.34000,3.315005,-4.392922,-11.604712,34.052359,2.565495
5.34500,3.360686,-5.006314,-6.063681,31.435837,2.744320
5.35000,3.406234,-4.653577,-20.203706,30.946972,2.714479
5.35500,3.451648,-4.345934,-12.642036,32.465683,2.521400
5.36000,3.496926,-4.727387,-5.766793,32.653650,2.763352
5.36500,3.542066,-5.702916,-7.938540,32.435923,2.831748
5.37000,3.587066,-5.273850,-5.585208,33.989751,2.680409
5.37500,3.631924,-5.710580,-23.561917,35.023846,2.698956
5.38000,3.676639,-5.130112,-1.386094,35.597167,2.822613
5.38500,3.721209,-4.972591,-3.546805,36.824723,2.712257
5.39000,3.765631,-5.549023,1.616133,34.658404,3.058895
5.39500,3.809906,-5.316199,-9.484843,35.505199,2.709498
5.40000,3.854029,-5.667196,-3.203072,38.810596,2.878265
5.40500,3.898001,-4.887193,-4.535344,37.888744,3.000710
5.41000,3.941819,-5.667188,-7.920685,40.439431,3.043434
5.41500,3.985481,-5.693953,-4.877232,39.898571,3.121165
5.42000,4.028986,-5.626221,-6.613946,38.393306,3.169940
5.42500,4.072331,-5.496031,-4.095420,41.284144,3.159459
5.43000,4.115516,-5.705446,-7.719023,39.974786,3.332698
5.43500,4.158539,-6.058771,-6.573999,42.051476,3.042404
5.44000,4.201397,-6.090277,-10.083981,43.763270,3.294383
5.44500,4.244089,-5.973937,-8.625666,45.370364,3.260419
5.45000,4.286614,-6.005916,-5.959819,43.293308,3.382721
5.45500,4.328970,-6.454889,-5.496748,44.757119,3.428885
5.46000,4.371155,-6.599483,-5.168851,44.820383,3.352639
5.46500,4.413167,-6.526837,-2.994723,45.948334,3.416825
5.47000,4.455005,-6.311775,-9.855389,42.472426,3.597323
5.47500,4.496667,-6.737547,-9.929062,45.604173,3.589679
5.48000,4.538152,-7.052956,-13.710154,46.953561,3.523225
5.48500,4.579457,-6.818217,-1.206365,47.699659,3.832164
5.49000,4.620582,-6.943044,1.541107,46.761281,3.895489
5.49500,4.661524,-6.567964,-5.011083,49.184104,3.553940
5.50000,4.702282,-7.076318,-3.873212,50.044572,3.766706
5.50500,4.742855,-7.095670,-9.760007,49.328045,4.023690
5.51000,4.783240,-6.247905,-5.946239,49.493673,3.886675
5.51500,4.823436,-6.877295,-0.482003,49.858377,3.865918
5.52000,4.863442,-7.484417,-5.090357,50.971295,3.858404
5.52500,4.903256,-6.697908,-12.369068,52.736608,3.860349
5.53000,4.942877,-7.382285,-5.114632,53.634118,3.928425
5.53500,4.982302,-7.619748,-6.317534,51.783202,3.929551
5.54000,5.021531,-7.098393,-2.594560,51.741614,4.094163
5.54500,5.060561,-7.977657,0.710780,52.414343,4.014361
5.55000,5.099392,-7.500779,-5.998224,55.052270,4.044579
5.55500,5.138021,-7.309758,-4.058379,54.640774,4.002722
5.56000,5.176448,-7.294761,-1.975105,55.234802,4.152361
5.56500,5.214670,-7.859794,-9.759449,55.953711,4.101811
5.57000,5.252686,-7.906757,-6.987446,56.324164,4.207132
5.57500,5.290495,-7.799140,-13.033821,56.221396,4.363285
5.58000,5.328095,-7.340534,-4.921659,55.613835,4.329126
5.58500,5.365485,-8.593628,-2.917323,56.611247,4.376394
5.59000,5.402662,-7.610125,-4.427492,57.985903,4.394703
5.59500,5.439627,-7.873461,-3.977831,58.796668,4.397989
5.60000,5.476377,-7.504477,-9.042768,58.366979,4.412159
5.60500,5.512910,-8.550118,-9.330644,58.793499,4.426759
5.61000,5.549226,-7.701119,-0.360763,61.409154,4.566119
5.61500,5.585323,-8.559644,-2.944644,59.688276,4.413815
5.62000,5.621200,-8.150022,-7.220475,60.987483,4.688837
5.62500,5.656854,-8.479880,-3.127737,60.812527,4.589931
5.63000,5.692285,-9.354788,-8.841293,60.634508,4.543313
5.63500,5.727492,-8.454709,-9.767414,60.313880,4.600910
5.64000,5.762472,-8.328773,-4.100369,61.951805,4.613513
5.64500,5.797225,-8.194785,-5.905352,62.074605,4.728597
5.65000,5.831749,-8.841284,-4.235207,64.531320,4.671700
5.65500,5.866043,-9.107257,4.531161,62.599881,4.888849
5.66000,5.900105,-8.413567,-3.652754,63.934952,4.726840
5.66500,5.933934,-8.888788,-4.648296,65.663489,4.607997
5.67000,5.967529,-8.381907,3.323863,65.195372,4.792682
5.67500,6.000889,-8.282105,-8.633356,66.368864,4.694827
5.68000,6.034011,-8.992179,-5.867446,67.219757,4.921907
5.68500,6.066895,-9.017734,-7.245549,64.680143,5.061693
5.69000,6.099540,-9.287082,-5.549899,66.610223,5.050002
5.69500,6.131944,-9.856258,4.477978,66.391256,4.880472
5.70000,6.164106,-9.101099,-13.294898,69.583791,4.967216
5.70500,6.196024,-8.857938,0.286913,68.263445,5.250626
5.71000,6.227698,-8.773576,-10.628610,69.425419,5.133104
5.71500,6.259126,-9.252251,-11.713253,71.285667,5.130134
5.72000,6.290307,-8.555292,-5.616071,69.256443,5.263810
5.72500,6.321240,-9.547604,-5.329551,70.189990,5.431811
5.73000,6.351923,-9.395367,-6.186574,71.005895,5.343920
5.73500,6.382356,-9.649092,-9.553448,70.614691,5.255724
5.74000,6.412536,-9.654650,-1.990204,72.841986,5.304780
5.74500,6.442463,-9.635148,-10.218685,72.728949,5.358348
5.75000,6.472136,-9.844586,-2.090047,73.354849,5.262255
5.75500,6.501553,-9.782833,7.260655,72.621604,5.244450
5.76000,6.530714,-9.547859,-10.167953,72.555916,5.382399
5.76500,6.559617,-9.660617,-3.466499,72.939070,5.308720
5.77000,6.588261,-10.164801,-4.031311,73.322240,5.423665
5.77500,6.616645,-9.590269,-10.999969,72.192781,5.465466
5.78000,6.644767,-10.160971,-4.399788,74.969141,5.716112
5.78500,6.672627,-9.696721,-0.261944,75.891032,5.421985
5.79000,6.700224,-9.891983,-0.380286,75.294224,5.520394
5.79500,6.727557,-10.727799,-1.410909,75.096404,5.541285
5.80000,6.754623,-10.417341,-6.714044,76.107183,5.626471
5.80500,6.781423,-9.667514,-4.715961,76.704821,5.712218
5.81000,6.807956,-10.343114,-7.915454,77.197128,5.582742
5.81500,6.834219,-10.388870,0.832818,79.313034,5.573869
5.82000,6.860213,-10.340604,-7.215406,76.523831,5.515846
5.82500,6.885936,-10.162140,-8.609026,78.335457,5.611228
5.83000,6.911387,-10.017098,-6.471399,79.081136,5.781316
5.83500,6.936566,-10.402775,3.239369,78.709917,5.755526
5.84000,6.961470,-9.650857,-10.701924,78.691101,5.672390
5.84500,6.986100,-10.589220,-0.093731,78.103109,5.759670
5.85000,7.010453,-10.585011,-0.574549,78.960824,5.822840
5.85500,7.034530,-10.510201,-6.077541,80.846484,5.892589
5.86000,7.058330,-10.407012,-2.828432,82.071715,5.804931
5.86500,7.081850,-9.927196,-9.991455,79.907541,5.861272
5.87000,7.105092,-9.609447,-1.993020,81.578385,5.725984
5.87500,7.128052,-10.717522,-1.601938,81.966166,5.814319
5.88000,7.150731,-10.684352,-6.760729,82.872016,6.112957
5.88500,7.173128,-10.398913,-2.719303,82.291100,5.752828
5.89000,7.195242,-10.734298,-3.311044,82.846507,5.958974
5.89500,7.217072,-10.376373,-0.953240,83.699194,6.035346
5.90000,7.238616,-11.177756,-0.362984,81.575466,5.996244
5.90500,7.259875,-10.446128,1.276941,83.320249,5.972903
5.91000,7.280848,-11.691507,-3.689341,81.484178,6.067598
5.91500,7.301533,-10.641860,-0.694879,81.544587,6.092848
5.92000,7.321929,-10.616418,0.642361,83.204535,6.104510
5.92500,7.342037,-9.921355,3.980351,82.655150,5.943815
5.93000,7.361855,-11.310668,-2.576399,85.369759,6.136025
5.93500,7.381382,-10.699179,-4.966486,86.236147,6.083805
5.94000,7.400618,-10.747649,-5.712680,84.988478,6.133010
5.94500,7.419561,-11.414423,-3.312414,85.470038,6.228779
5.95000,7.438212,-10.963529,-10.158804,85.638645,6.288149
5.95500,7.456569,-11.433972,-7.337606,85.883329,6.331479
5.96000,7.474632,-11.590639,0.124655,86.626197,6.209378
5.96500,7.492399,-11.757115,5.876826,87.151464,6.368834
5.97000,7.509871,-11.267918,3.182444,86.459113,6.410789
5.97500,7.527046,-11.629352,-5.198610,86.340336,6.423769
5.98000,7.543924,-12.066390,2.638318,86.914957,6.465567
5.98500,7.560505,-11.145971,-1.000334,88.731078,6.327976
5.99000,7.576786,-11.974553,-4.622091,87.543999,6.341072
5.99500,7.592769,-11.034094,3.262175,89.999871,6.456842
6.00000,7.608452,-11.240119,1.548112,88.251247,6.252782
6.00500,7.623835,-11.693869,1.544140,90.390898,6.425816
6.01000,7.638916,-12.023601,0.241437,87.612690,6.366638
6.01500,7.653696,-11.776006,1.995702,88.437846,6.397525
6.02000,7.668174,-11.976551,-3.354932,90.050716,6.274466
6.02500,7.682349,-11.609350,-3.327526,90.292566,6.373873
6.03000,7.696221,-11.626866,-4.519010,89.757777,6.474935
6.03500,7.709789,-10.505453,1.858157,92.565475,6.579638
6.04000,7.723053,-12.365711,0.124600,90.467378,6.603219
6.04500,7.736012,-11.781589,2.296780,90.937921,6.509167
6.05000,7.748665,-11.338828,-3.185523,90.139031,6.511148
6.05500,7.761013,-11.168754,-2.916545,92.964948,6.459544
6.06000,7.773054,-11.061757,-1.755303,92.228341,6.595421
6.06500,7.784788,-12.018603,-1.571234,91.906771,6.542444
6.07000,7.796215,-11.315924,-2.572668,89.694009,6.639785
6.07500,7.807334,-12.823377,4.495370,92.238517,6.766147
6.08000,7.818145,-11.767388,-0.693710,91.453003,6.598800
6.08500,7.828647,-11.348149,-12.519245,92.648929,6.463150
6.09000,7.838840,-11.422976,-3.992805,93.442782,6.537720
6.09500,7.848724,-12.297664,-0.277903,91.668782,6.488453
6.10000,7.858298,-12.078986,-0.625828,92.978646,6.524893
6.10500,7.867562,-12.632275,-0.983708,93.926744,6.785558
6.11000,7.876515,-12.075265,-2.092308,93.253957,6.687297
6.11500,7.885157,-12.346783,5.312495,92.840889,6.521846
6.12000,7.893488,-11.691200,-4.469433,92.144273,6.748812
6.12500,7.901507,-12.123342,2.198613,92.759288,6.818562
6.13000,7.909214,-11.585656,2.999966,92.207381,6.664997
6.13500,7.916609,-11.886695,3.222108,95.005306,6.641787
6.14000,7.923691,-11.989405,8.445541,94.114479,6.683887
6.14500,7.930461,-11.148344,-4.511724,92.708595,6.754105
6.15000,7.936918,-11.401743,-3.452731,94.266179,6.797352
6.15500,7.943061,-12.424504,0.952093,92.893630,6.859052
6.16000,7.948890,-11.334652,1.640167,90.685066,6.869206
6.16500,7.954406,-11.596761,1.861397,96.080946,6.873352
6.17000,7.959608,-11.376055,-3.345156,96.161038,6.897622
6.17500,7.964496,-11.741085,-2.060296,93.179062,6.833781
6.18000,7.969069,-12.664272,6.243293,94.181963,6.620263
6.18500,7.973327,-12.093872,2.521483,95.376749,6.766266
6.19000,7.977271,-12.938329,2.561145,94.794362,6.816346
6.19500,7.980900,-12.525327,3.347322,94.345902,6.751785
6.20000,7.984214,-12.245661,7.444084,94.847187,6.886413
6.20500,7.987212,-11.450008,-0.721135,95.264026,6.763782
6.21000,7.989896,-11.956333,1.273579,94.991530,6.711588
6.21500,7.992263,-11.889547,-6.705348,95.975035,6.953146
6.22000,7.994316,-11.681509,-1.409853,95.542950,6.879105
6.22500,7.996052,-12.355886,1.418337,95.005106,6.838002
6.23000,7.997474,-11.539733,2.830378,96.002350,6.912232
6.23500,7.998579,-11.903300,-2.869692,94.103575,6.928940
6.24000,7.999368,-12.388247,-5.509616,97.810197,6.859511
6.24500,7.999842,-12.232464,-3.284433,94.150137,6.581766
6.25000,8.000000,-12.099409,-8.557734,96.151111,6.762549
6.25500,7.999842,-11.753487,-4.164750,96.705215,6.786511
6.26000,7.999368,-11.420913,-0.214234,96.847774,6.735422
6.26500,7.998579,-12.128228,2.404787,96.719490,6.855382
6.27000,7.997474,-12.093426,6.644952,97.940260,6.956108
6.27500,7.996052,-11.265979,1.201402,95.190469,6.789080
6.28000,7.994316,-10.694802,-2.686970,96.465321,6.724661
6.28500,7.992263,-11.261682,1.473290,96.753919,7.041853
6.29000,7.989896,-11.917778,-0.930008,96.035061,6.793652
6.29500,7.987212,-12.140690,5.116718,95.949707,6.715243
6.30000,7.984214,-11.711590,5.236048,98.172826,6.862136
6.30500,7.980900,-11.862952,-6.225567,95.856787,6.880293
6.31000,7.977271,-12.307242,-0.329831,96.147379,6.766098
6.31500,7.973327,-11.422812,9.614891,96.397520,6.914671
6.32000,7.969069,-10.935500,6.038812,96.481151,6.785210
6.32500,7.964496,-12.312987,0.106574,96.924453,6.739825
6.33000,7.959608,-12.285415,-12.007889,96.495597,6.848131
6.33500,7.954406,-12.163797,3.967276,97.171229,6.905150
6.34000,7.948890,-12.466706,2.735044,96.887738,6.761905
6.34500,7.943061,-11.608736,0.502265,97.280401,6.855673
6.35000,7.936918,-12.523454,4.610792,98.305429,6.810095
6.35500,7.930461,-11.652475,2.421786,95.704006,7.098977
6.36000,7.923691,-11.754479,3.721338,98.593981,6.741482
6.36500,7.916609,-11.601249,0.270293,96.119735,6.947178
6.37000,7.909214,-12.505823,0.643615,97.391251,6.799123
6.37500,7.901507,-11.827667,3.036430,96.769771,6.787225
6.38000,7.893488,-11.764566,0.064320,96.200747,6.867488
6.38500,7.885157,-11.502655,-3.544795,94.218821,6.879766
6.39000,7.876515,-11.700038,-3.758230,98.341399,6.911877
6.39500,7.867562,-12.081172,2.722704,95.532584,6.812375
6.40000,7.858298,-11.360767,-1.941195,95.445238,6.713539
6.40500,7.848724,-11.247534,-2.067495,97.546151,6.713771
6.41000,7.838840,-11.247645,-1.216708,96.336913,6.812346
6.41500,7.828647,-12.095405,4.578341,98.401429,6.812895
6.42000,7.818145,-11.557853,-7.190031,98.078926,6.887886
6.42500,7.807334,-12.135439,-8.703506,96.874493,6.782649
6.43000,7.796215,-11.814846,2.597492,96.268534,6.839538
6.43500,7.784788,-11.418773,0.927418,96.784793,6.877619
6.44000,7.773054,-12.302452,8.140915,94.282593,6.734291
6.44500,7.761013,-10.552252,0.609267,95.929540,6.560813
6.45000,7.748665,-11.174356,-4.263443,95.812203,6.583042
6.45500,7.736012,-11.977065,3.130909,94.999092,6.548436
6.46000,7.723053,-11.877251,3.335818,95.746110,6.842877
6.46500,7.709789,-11.655216,3.516700,93.651155,6.589353
6.47000,7.696221,-11.663599,3.602246,96.294927,6.788102
6.47500,7.682349,-12.084818,11.280669,96.634634,6.713622
6.48000,7.668174,-11.621287,0.699274,93.519859,6.816725
6.48500,7.653696,-12.182943,3.891333,95.078842,6.735103
6.49000,7.638916,-11.779712,2.073851,96.587226,6.613829
6.49500,7.623835,-10.764978,-4.951734,95.154199,6.593232
6.50000,7.608452,-11.508318,-2.748533,93.342513,6.610721
6.50500,7.592769,-11.619680,-1.470089,93.262385,6.608408
6.51000,7.576786,-10.788561,1.062421,95.266525,6.526099
6.51500,7.560505,-11.282578,-2.675076,96.267261,6.564132
6.52000,7.543924,-11.132188,8.428444,92.735027,6.716470
6.52500,7.527046,-11.602205,2.106140,93.893751,6.372427
6.53000,7.509871,-10.889123,-1.544984,92.799869,6.556166
6.53500,7.492399,-11.453182,-0.494633,93.217736,6.426547
6.54000,7.474632,-10.929944,2.843543,93.749906,6.522970
6.54500,7.456569,-11.000437,0.018477,93.183047,6.574950
6.55000,7.438212,-10.525383,-1.816323,92.271701,6.471401
6.55500,7.419561,-10.801661,-2.449199,95.341128,6.540674
6.56000,7.400618,-11.192966,2.672534,92.544811,6.289847
6.56500,7.381382,-11.596228,10.145137,92.342818,6.545528
6.57000,7.361855,-11.254819,-8.792419,93.661590,6.359566
6.57500,7.342037,-11.387606,1.262429,92.207027,6.467379
6.58000,7.321929,-10.439675,3.063765,91.772192,6.408126
6.58500,7.301533,-11.227932,-0.501915,92.917675,6.115450
6.59000,7.280848,-11.962660,12.322209,90.425750,6.282997
6.59500,7.259875,-10.825405,3.747773,92.294887,6.364866
6.60000,7.238616,-10.616016,-4.091465,92.421439,6.482231
6.60500,7.217072,-11.301925,4.200624,91.791190,6.338918
6.61000,7.195242,-10.594071,-1.842296,90.609463,6.319265
6.61500,7.173128,-11.406508,6.526554,90.596051,6.135024
6.62000,7.150731,-10.725374,3.283457,88.402308,6.402668
6.62500,7.128052,-10.860333,8.262072,90.021594,6.422885
6.63000,7.105092,-10.630973,-0.712707,90.285612,6.227074
6.63500,7.081850,-10.551864,4.963904,90.729397,6.184275
6.64000,7.058330,-10.972296,10.266019,89.660798,6.025953
6.64500,7.034530,-10.324086,2.384947,88.813791,6.258168
6.65000,7.010453,-10.831478,-0.804017,88.058088,6.421691
6.65500,6.986100,-10.539214,2.031423,88.735883,6.203959
6.66000,6.961470,-9.963503,4.506362,88.701499,6.239560
6.66500,6.936566,-10.899182,2.059690,89.698857,6.147899
6.67000,6.911387,-10.449295,5.543458,88.059796,5.975321
6.67500,6.885936,-9.779051,8.499243,87.217293,6.187990
6.68000,6.860213,-9.882902,0.229893,87.415337,5.910354
6.68500,6.834219,-10.650744,-2.740495,86.720608,5.992563
6.69000,6.807956,-10.587333,0.027544,86.743930,6.021011
6.69500,6.781423,-10.063386,-2.897890,84.197460,6.060695
6.70000,6.754623,-10.524318,0.634106,84.636713,5.992875
6.70500,6.727557,-10.182420,2.815933,84.823372,5.968668
6.71000,6.700224,-10.741017,-3.237441,86.464095,5.832132
6.71500,6.672627,-9.869126,4.110025,85.554905,5.757505
6.72000,6.644767,-10.760186,3.704805,85.530689,5.870815
6.72500,6.616645,-9.995933,-2.746116,86.415971,5.771306
6.73000,6.588261,-9.718556,2.147677,83.578388,5.689003
6.73500,6.559617,-10.246702,-2.935013,85.808023,5.670514
6.74000,6.530714,-10.579787,6.451364,84.634505,5.725309
6.74500,6.501553,-10.412699,2.749020,83.065119,5.565712
6.75000,6.472136,-10.638084,5.928969,85.304242,5.592939
6.75500,6.442463,-9.051776,9.827149,81.631119,5.540537
6.76000,6.412536,-10.555750,6.786970,81.666054,5.698748
6.76500,6.382356,-10.246315,4.000530,82.412501,5.697317
6.77000,6.351923,-9.528410,5.315098,82.803013,5.833222
6.77500,6.321240,-9.599362,2.121256,81.793897,5.457717
6.78000,6.290307,-9.146125,3.961582,79.226723,5.514933
6.78500,6.259126,-8.980503,11.434799,81.019539,5.649478
6.79000,6.227698,-9.295602,1.758546,80.936437,5.511216
6.79500,6.196024,-9.463510,3.753983,83.635709,5.474811
6.80000,6.164106,-9.625027,5.207507,81.948121,5.653167
6.80500,6.131944,-9.419254,5.772288,80.165530,5.422288
6.81000,6.099540,-8.900427,7.386546,78.422237,5.314366
6.81500,6.066895,-8.992150,-0.458872,79.728853,5.272038
6.82000,6.034011,-8.937948,2.270351,77.640100,5.411120
6.82500,6.000889,-9.850931,4.030077,78.866631,5.381416
6.83000,5.967529,-9.421155,5.631273,78.699948,5.186593
6.83500,5.933934,-9.339277,7.086354,77.456582,5.198209
6.84000,5.900105,-9.229349,6.225980,77.844757,5.323175
6.84500,5.866043,-9.395028,4.839939,76.811738,5.299944
6.85000,5.831749,-8.617277,0.791180,76.166346,5.150004
6.85500,5.797225,-8.408192,-0.128269,78.222545,5.248842
6.86000,5.762472,-8.039991,-0.246443,76.749717,5.215688
6.86500,5.727492,-8.968099,8.118311,75.349082,4.951509
6.87000,5.692285,-8.738824,11.206718,74.439162,5.070326
6.87500,5.656854,-8.605381,1.259633,75.144805,5.114442
6.88000,5.621200,-8.595246,-0.961138,75.207871,4.986549
6.88500,5.585323,-8.889893,3.295746,75.147290,4.800599
6.89000,5.549226,-8.151930,5.753818,75.472562,4.957168
6.89500,5.512910,-9.278149,2.622999,73.911568,5.031331
6.90000,5.476377,-8.579944,3.937137,71.692949,5.084585
6.90500,5.439627,-9.121323,7.685445,74.920734,4.676970
6.91000,5.402662,-8.007125,6.460833,73.516099,5.128042
6.91500,5.365485,-8.797869,3.118276,72.730618,4.723119
6.92000,5.328095,-8.644069,-0.310386,72.904088,4.901380
6.92500,5.290495,-8.110297,4.447386,69.237288,4.898479
6.93000,5.252686,-8.485157,9.535209,70.108204,4.842465
6.93500,5.214670,-7.888218,-1.834866,69.531398,4.727950
6.94000,5.176448,-8.098738,11.487885,71.070902,4.565409
6.94500,5.138021,-7.058095,5.926356,67.918414,4.713074
6.95000,5.099392,-8.333271,11.471179,68.481185,4.547085
6.95500,5.060561,-8.107456,2.562270,70.172267,4.334274
6.96000,5.021531,-7.468263,2.032573,68.738913,4.838315
6.96500,4.982302,-7.599676,-0.193370,67.116255,4.593759
6.97000,4.942877,-7.403821,6.336394,69.288186,4.672612
6.97500,4.903256,-7.654374,5.944457,65.153692,4.366714
6.98000,4.863442,-7.075836,4.585841,66.764050,4.572329
6.98500,4.823436,-7.268689,5.842800,65.536220,4.551736
6.99000,4.783240,-6.800655,7.358205,65.939298,4.515177
6.99500,4.742855,-7.863374,2.276097,64.584529,4.324160
7.00000,4.702282,-7.128516,9.408695,63.487623,4.172484
7.00500,4.661524,-7.268107,-0.914107,64.240910,4.241627
7.01000,4.620582,-6.946162,3.694537,62.022710,4.005060
7.01500,4.579457,-7.447594,7.089149,63.689916,4.021345
7.02000,4.538152,-6.651827,4.620493,62.249272,4.166989
7.02500,4.496667,-7.489524,6.404796,63.213972,4.024286
7.03000,4.455005,-6.496385,-0.729566,61.170347,4.072750
7.03500,4.413167,-6.576736,4.493198,60.442510,4.043781
7.04000,4.371155,-7.500024,5.582941,61.203618,4.213393
7.04500,4.328970,-6.514666,-0.021950,61.690393,4.115141
7.05000,4.286614,-7.432613,8.187009,57.409961,3.945681
7.05500,4.244089,-6.318784,0.739362,59.451649,4.036101
7.06000,4.201397,-7.165630,2.450344,59.553474,3.801617
7.06500,4.158539,-6.458514,0.541166,56.714411,3.810506
7.07000,4.115516,-6.478373,6.704963,56.850482,3.899801
7.07500,4.072331,-6.983505,2.725278,58.115221,3.648509
7.08000,4.028986,-7.015373,8.405704,55.933769,3.709015
7.08500,3.985481,-5.961973,9.423562,55.658108,3.568603
7.09000,3.941819,-6.309931,4.559011,57.873020,3.676455
7.09500,3.898001,-5.585614,8.267935,54.315555,3.791846
7.10000,3.854029,-5.996778,13.322525,53.907589,3.516514
7.10500,3.809906,-4.754367,-0.767056,51.737612,3.577829
7.11000,3.765631,-5.771381,-0.972923,52.636066,3.428554
7.11500,3.721209,-5.037511,13.419900,51.974037,3.366376
7.12000,3.676639,-5.565252,2.534442,54.854895,3.320679
7.12500,3.631924,-5.610015,18.047955,53.771855,3.552973
7.13000,3.587066,-5.351380,9.813234,50.405363,3.606561
7.13500,3.542066,-5.829235,-3.216377,53.607561,3.380868
7.14000,3.496926,-5.715448,9.930975,51.716245,3.223157
7.14500,3.451648,-4.681187,5.801106,50.104484,3.327781
7.15000,3.406234,-5.388849,6.804046,50.722006,3.185848
7.15500,3.360686,-5.724007,9.890073,49.708201,3.261625
7.16000,3.315005,-4.957107,3.960508,47.865906,3.172404
7.16500,3.269193,-5.455543,5.162598,46.196447,3.133049
7.17000,3.223251,-5.001474,7.099133,46.645881,3.127511
7.17500,3.177183,-4.487911,-0.561478,47.156224,2.970179
7.18000,3.130989,-4.352474,5.366011,46.220669,2.949132
7.18500,3.084672,-4.060766,7.655414,45.246489,2.778532
7.19000,3.038233,-4.263987,6.742113,46.683521,2.867849
7.19500,2.991674,-4.410709,7.216739,43.800482,2.730712
7.20000,2.944996,-4.386349,6.670729,45.511597,2.819628
7.20500,2.898203,-4.420976,-1.380767,43.391165,2.699043
7.21000,2.851295,-4.491476,3.071331,43.529162,2.765824
7.21500,2.804275,-3.448893,-1.299469,41.570446,2.761699
7.22000,2.757143,-4.366156,8.083527,42.304199,2.534579
7.22500,2.709903,-3.559025,10.782258,40.866229,2.555765
7.23000,2.662556,-4.241512,7.470839,39.209557,2.503043
7.23500,2.615104,-3.610385,-1.513315,40.644449,2.632489
7.24000,2.567549,-5.245472,5.318495,40.055508,2.688725
7.24500,2.519892,-3.913168,10.198103,40.514573,2.563107
7.25000,2.472136,-4.168537,8.903278,39.332226,2.402723
7.25500,2.424282,-3.171524,10.103148,37.282045,2.544256
7.26000,2.376333,-3.129140,10.387027,37.184538,2.205585
7.26500,2.328289,-3.952355,2.587311,34.472148,2.467024
7.27000,2.280154,-3.648612,8.042045,35.480147,2.210653
7.27500,2.231929,-3.153565,8.343545,37.698663,1.957346
7.28000,2.183615,-3.342731,2.904785,37.384721,2.460659
7.28500,2.135216,-3.355640,4.709559,35.953466,2.312472
7.29000,2.086732,-2.912532,6.627901,34.856986,2.010246
7.29500,2.038166,-3.800847,15.183489,34.616514,2.089617
7.30000,1.989519,-2.498089,11.518666,33.930697,2.010216
7.30500,1.940794,-2.913202,7.307052,30.804191,2.000869
7.31000,1.891992,-4.241201,7.472570,31.222981,1.800920
7.31500,1.843115,-3.338817,0.660817,33.017642,1.840000
7.32000,1.794166,-2.914032,7.432193,32.437264,1.913826
7.32500,1.745146,-1.850633,11.441763,30.779250,1.847887
7.33000,1.696057,-2.735446,5.636685,29.568383,1.904248
7.33500,1.646901,-3.290707,9.545859,28.903885,1.750606
7.34000,1.597680,-2.008768,13.051044,28.141535,1.936326
7.34500,1.548396,-2.340095,6.104372,27.119956,1.587694
7.35000,1.499051,-2.435336,1.031439,25.386327,1.643636
7.35500,1.449646,-1.916762,6.973829,27.193224,1.383946
7.36000,1.400184,-2.446200,6.782039,25.916840,1.408525
7.36500,1.350668,-2.255643,18.588902,25.605855,1.625193
7.37000,1.301097,-1.710980,7.051203,27.241217,1.355738
7.37500,1.251476,-1.871587,6.982594,25.361246,1.461297
7.38000,1.201805,-1.573239,11.628635,23.282540,1.359882
7.38500,1.152086,-2.061563,4.386430,24.171111,1.219319
7.39000,1.102322,-1.123404,6.071745,21.179050,1.246876
7.39500,1.052515,-2.354296,6.833699,23.533430,1.188018
7.40000,1.002666,-2.259289,6.710770,22.033462,1.148427
7.40500,0.952777,-1.394251,9.034558,20.914030,1.230390
7.41000,0.902851,-1.660193,8.167263,21.202418,1.177872
7.41500,0.852889,-1.370249,-2.179657,21.627963,1.012282
7.42000,0.802894,-1.363486,12.118940,18.819874,0.936801
7.42500,0.752867,-1.369153,5.623159,17.620116,1.013431
7.43000,0.702810,-1.675153,10.390565,20.600727,0.932595
7.43500,0.652725,-1.024428,7.882233,17.583316,1.003024
7.44000,0.602614,-0.526882,10.036280,18.690766,1.123368
7.44500,0.552480,-1.354747,13.013474,15.589338,0.899198
7.45000,0.502324,-0.131762,6.764554,16.206121,0.768615
7.45500,0.452148,-0.191757,5.730961,14.430058,0.712151
7.46000,0.401955,-1.130305,9.170656,15.300279,0.600840
7.46500,0.351745,-0.361139,7.179540,13.649220,0.553068
7.47000,0.301521,-1.084733,14.975843,12.593406,0.500587
7.47500,0.251286,-0.600936,6.686074,14.555227,0.518676
7.48000,0.201041,-0.932861,5.201562,12.553804,0.472653
7.48500,0.150788,-0.622580,15.851310,9.215401,0.547067
7.49000,0.100528,-1.101754,4.818599,10.683223,0.389738
7.49500,0.050265,-0.312596,10.900366,9.291559,0.367031
7.50000,0.000000,-0.611438,5.190108,8.339241,0.221879
7.50500,-0.050265,-0.471431,10.419572,8.467547,0.465694
7.51000,-0.100528,-0.848750,14.262477,7.984652,0.308822
7.51500,-0.150788,0.071286,13.438525,7.969304,0.394268
7.52000,-0.201041,0.929044,6.075855,6.408205,0.251961
7.52500,-0.251286,0.052499,10.069503,4.566878,0.278385
7.53000,-0.301521,0.217164,12.715333,5.493223,0.061335
7.53500,-0.351745,-0.121735,8.295095,6.522621,0.115084
7.54000,-0.401955,0.233802,15.495195,3.320046,0.271262
7.54500,-0.452148,0.147355,14.278699,5.007248,-0.165231
7.55000,-0.502324,-0.073410,14.909409,4.215284,0.032160
7.55500,-0.552480,0.282304,7.941814,2.558961,0.041445
7.56000,-0.602614,0.514685,9.506468,2.827671,-0.129397
7.56500,-0.652725,0.937269,2.826084,0.995413,-0.137887
7.57000,-0.702810,0.738882,4.168543,0.791600,-0.129308
7.57500,-0.752867,1.073167,10.258593,-0.535162,-0.367542
7.58000,-0.802894,1.573495,4.868688,0.577459,-0.301523
7.58500,-0.852889,1.493062,8.022950,1.017756,-0.475179
7.59000,-0.902851,1.003582,3.410852,-1.962291,-0.498365
7.59500,-0.952777,0.511864,4.935154,-0.398133,-0.535264
7.60000,-1.002666,1.249309,2.794542,-4.863432,-0.529516
7.60500,-1.052515,1.437342,9.109354,-4.024585,-0.542702
7.61000,-1.102322,1.895432,4.794935,-4.778919,-0.554142
7.61500,-1.152086,1.610548,8.405680,-2.219098,-0.788630
7.62000,-1.201805,2.795102,10.281444,-5.505670,-0.483080
7.62500,-1.251476,1.564684,6.343483,-4.524156,-0.610277
7.63000,-1.301097,2.051495,7.904198,-8.409374,-0.697053
7.63500,-1.350668,1.465386,17.368931,-6.508155,-0.850917
7.64000,-1.400184,1.501479,10.110640,-6.590422,-0.866000
7.64500,-1.449646,1.871856,14.432271,-7.895599,-0.843263
7.65000,-1.499051,2.156042,14.053897,-11.617668,-0.899837
7.65500,-1.548396,2.433904,11.448328,-8.858162,-1.156966
7.66000,-1.597680,0.896713,10.013016,-8.726930,-0.951043
7.66500,-1.646901,2.764086,1.064125,-8.739289,-0.770257
7.67000,-1.696057,2.994027,9.838577,-10.413914,-1.301600
7.67500,-1.745146,3.007202,3.653654,-13.441028,-1.052220
7.68000,-1.794166,2.869616,2.204481,-12.326117,-1.158769
7.68500,-1.843115,2.534214,7.481010,-11.636520,-1.250421
7.69000,-1.891992,2.893820,12.513798,-14.238809,-1.140272
7.69500,-1.940794,3.273870,10.223572,-13.233337,-1.444930
7.70000,-1.989519,2.397866,10.768419,-15.047083,-1.348775
7.70500,-2.038166,3.160151,10.985385,-14.984060,-1.257156
7.71000,-2.086732,3.163809,10.966009,-14.810422,-1.469852
7.71500,-2.135216,2.966211,3.333171,-17.114396,-1.534568
7.72000,-2.183615,3.849717,3.140808,-13.559533,-1.521664
7.72500,-2.231929,2.877524,8.048014,-17.310650,-1.621073
7.73000,-2.280154,2.830474,12.018964,-17.685648,-1.457941
7.73500,-2.328289,3.294749,7.501070,-19.543359,-1.752159
7.74000,-2.376333,3.122390,4.532350,-19.204639,-1.610646
7.74500,-2.424282,4.020064,5.387797,-20.184037,-1.870939
7.75000,-2.472136,2.832516,5.633762,-22.164495,-1.714719
7.75500,-2.519892,3.051494,4.887208,-22.842325,-1.835829
7.76000,-2.567549,3.803601,3.060664,-21.318468,-2.132342
7.76500,-2.615104,4.057493,14.258318,-22.346508,-1.908325
7.77000,-2.662556,3.317927,8.330047,-25.898603,-2.058787
7.77500,-2.709903,4.432200,0.677331,-25.923702,-2.035835
7.78000,-2.757143,3.152672,8.297681,-24.373815,-1.872751
7.78500,-2.804275,4.460100,9.710320,-24.682554,-2.187185
7.79000,-2.851295,3.725543,11.022657,-24.481279,-2.222222
7.79500,-2.898203,3.970113,3.218940,-27.219944,-2.005559
7.80000,-2.944996,4.993732,-0.297048,-25.670866,-2.182682
7.80500,-2.991674,4.282890,17.012611,-27.303687,-2.076551
7.81000,-3.038233,4.108429,2.020932,-28.119603,-2.242527
7.81500,-3.084672,4.549391,1.506783,-28.275188,-2.407165
7.82000,-3.130989,5.310107,8.140245,-27.541326,-2.363527
7.82500,-3.177183,4.616021,11.994746,-28.620192,-2.270378
7.83000,-3.223251,4.333497,11.506665,-28.811647,-2.340284
7.83500,-3.269193,4.813129,3.885208,-31.228704,-2.477196
7.84000,-3.315005,4.275244,7.406021,-31.333865,-2.512267
7.84500,-3.360686,4.575398,4.195606,-32.933967,-2.568781
7.85000,-3.406234,4.693842,7.246853,-32.796958,-2.656555
7.85500,-3.451648,5.271407,4.396020,-33.186215,-2.437794
7.86000,-3.496926,4.864027,17.672840,-33.838080,-2.675550
7.86500,-3.542066,5.338161,12.165778,-33.032452,-2.832254
7.87000,-3.587066,5.686841,6.376041,-33.936852,-2.804282
7.87500,-3.631924,5.933411,6.570070,-34.114183,-2.719637
7.88000,-3.676639,4.631462,12.931194,-35.416218,-2.767540
7.88500,-3.721209,5.384102,4.211804,-34.878509,-2.886774
7.89000,-3.765631,4.991076,5.983223,-36.560377,-2.980424
7.89500,-3.809906,5.809070,5.115521,-36.127737,-2.947951
7.90000,-3.854029,5.712083,7.148138,-37.227551,-3.161460
7.90500,-3.898001,5.669428,14.142643,-37.515037,-3.161764
7.91000,-3.941819,5.517542,4.292239,-39.008115,-2.983909
7.91500,-3.985481,5.401414,1.755813,-40.930912,-3.153881
7.92000,-4.028986,5.162991,2.211329,-41.725298,-3.104143
7.92500,-4.072331,6.341903,4.303265,-38.307338,-3.055397
7.93000,-4.115516,5.919009,1.067406,-40.689662,-3.151933
7.93500,-4.158539,6.081061,1.651324,-41.173827,-3.254557
7.94000,-4.201397,6.266796,3.298241,-42.433527,-3.075256
7.94500,-4.244089,6.528704,8.893143,-43.319619,-3.263232
7.95000,-4.286614,7.051373,7.838300,-39.977268,-3.405952
7.95500,-4.328970,6.251343,5.252176,-45.177851,-3.331386
7.96000,-4.371155,6.663752,8.276504,-44.484774,-3.401965
7.96500,-4.413167,5.769429,6.868239,-45.010347,-3.569158
7.97000,-4.455005,6.352735,6.195246,-46.807376,-3.510426
7.97500,-4.496667,6.283796,2.924357,-47.506926,-3.571707
7.98000,-4.538152,6.380814,9.956372,-47.376898,-3.793831
7.98500,-4.579457,7.190462,6.451239,-47.489163,-3.645607
7.99000,-4.620582,6.813839,5.679131,-48.184459,-3.693359
7.99500,-4.661524,6.858242,1.374244,-47.196626,-3.745551
8.00000,0.000000,6.704689,-15.881050,-50.017473,-3.902112
8.00500,0.125659,5.586154,-46.345858,-48.517651,-3.782939
8.01000,0.251286,4.139855,-73.406597,-47.449398,-3.742169
8.01500,0.376852,2.479421,-83.916476,-48.123210,-3.697665
8.02000,0.502324,1.231780,-92.398453,-50.329300,-3.774101
8.02500,0.627673,0.257063,-100.329679,-52.117618,-3.520638
8.03000,0.752867,-0.385244,-90.404096,-47.196986,-3.619781
8.03500,0.877874,-1.605991,-68.573294,-46.961996,-3.407571
8.04000,1.002666,-1.138566,-79.661836,-47.434134,-3.121985
8.04500,1.127210,-1.411520,-64.947428,-44.321181,-3.182324
8.05000,1.251476,-1.386255,-53.524563,-45.214221,-3.002111
8.05500,1.375433,-2.159404,-49.990656,-43.409573,-2.662357
8.06000,1.499051,-2.209745,-42.946377,-43.413177,-2.621650
8.06500,1.622298,-1.618383,-40.808857,-40.374000,-2.408951
8.07000,1.745146,-2.396061,-34.497930,-39.677690,-2.140002
8.07500,1.867563,-2.051861,-30.273137,-38.082907,-1.828437
8.08000,1.989519,-2.699402,-28.847041,-34.451544,-1.927374
8.08500,2.110984,-3.093211,-21.983144,-33.580630,-1.541502
8.09000,2.231929,-3.380803,-16.794625,-33.604162,-1.308345
8.09500,2.352323,-3.210876,-14.294301,-28.995047,-1.058641
8.10000,2.472136,-3.337659,-10.025715,-26.690044,-0.772300
8.10500,2.591339,-3.835700,-14.211417,-26.429016,-0.504171
8.11000,2.709903,-2.917538,-2.719120,-23.641311,-0.117636
8.11500,2.827799,-3.681605,-15.673388,-20.784017,0.031026
8.12000,2.944996,-4.240258,-21.163351,-18.747092,0.406638
8.12500,3.061467,-3.428005,-22.788315,-15.871684,0.706647
8.13000,3.177183,-3.883522,-15.866468,-12.774622,0.860655
8.13500,3.292115,-4.718232,-13.639399,-11.585965,1.216985
8.14000,3.406234,-5.004162,-13.491693,-6.030446,1.636597
8.14500,3.519513,-4.828122,-17.485305,-6.708978,1.762848
8.15000,3.631924,-4.620561,-12.194846,-3.904753,1.921059
8.15500,3.743439,-5.677239,-17.668344,1.641102,2.231229
8.16000,3.854029,-4.785118,-19.629183,4.757684,2.389506
8.16500,3.963669,-5.591773,-18.699188,4.657665,2.750305
8.17000,4.072331,-5.251914,-17.642315,7.037080,3.043049
8.17500,4.179989,-5.822722,-15.376530,8.643950,3.095405
8.18000,4.286614,-5.726548,-23.062046,13.864580,3.374711
8.18500,4.392183,-5.825040,-22.251404,15.358473,3.718641
8.19000,4.496667,-5.716170,-12.757276,16.781147,3.753886
8.19500,4.600042,-6.708078,-19.067637,20.837772,4.015386
8.20000,4.702282,-5.784011,-12.417859,24.538637,4.073757
8.20500,4.803362,-7.255821,-14.460574,26.291396,4.268040
8.21000,4.903256,-6.751766,-15.709117,30.593458,4.463577
8.21500,5.001941,-6.753494,-11.735335,31.866014,4.888941
8.22000,5.099392,-7.175372,-17.255254,33.491231,4.775775
8.22500,5.195584,-6.967533,-13.637960,35.368828,4.900316
8.23000,5.290495,-8.154053,-12.766869,38.442459,5.024611
8.23500,5.384100,-7.647837,-11.563605,41.575789,5.183168
8.24000,5.476377,-7.359342,-19.796804,43.471376,5.375471
8.24500,5.567302,-7.910366,-15.699150,45.971953,5.430271
8.25000,5.656854,-8.513593,-8.991231,47.228869,5.710652
8.25500,5.745010,-8.127845,-12.115817,50.045628,5.611222
8.26000,5.831749,-8.251222,-9.167833,52.705188,5.812344
8.26500,5.917049,-8.873977,-8.185940,53.182098,5.765279
8.27000,6.000889,-8.047221,-16.947081,53.902049,5.861369
8.27500,6.083248,-8.948132,-14.331110,59.419060,5.712598
8.28000,6.164106,-9.279330,-7.896787,60.025195,5.894618
8.28500,6.243443,-8.934545,-11.514354,60.720612,5.944669
8.29000,6.321240,-9.372643,-17.251319,63.344948,5.965933
8.29500,6.397477,-9.302887,-11.410725,64.570219,5.808192
8.30000,6.472136,-9.245079,-11.376412,64.603965,6.140833
8.30500,6.545198,-9.631070,-15.060384,68.063114,6.038332
8.31000,6.616645,-9.328181,-14.223638,68.247710,6.053771
8.31500,6.686459,-9.562785,-8.480143,71.726759,6.089090
8.32000,6.754623,-9.291490,-9.109911,72.892124,6.105657
8.32500,6.821121,-10.314279,-16.492280,75.821184,6.180364
8.33000,6.885936,-9.978374,-15.466545,75.786432,6.020988
8.33500,6.949052,-10.001334,-12.657874,77.741259,6.061716
8.34000,7.010453,-10.088825,-11.037300,78.284963,6.189077
8.34500,7.070125,-11.173685,-11.156489,79.470340,6.178211
8.35000,7.128052,-10.839524,-14.101392,79.514684,6.128549
8.35500,7.184221,-10.355687,-8.964016,83.485662,6.110723
8.36000,7.238616,-10.343078,-18.599687,83.666786,6.086132
8.36500,7.291226,-10.653340,-13.374146,83.879265,6.165203
8.37000,7.342037,-10.674936,-9.431236,85.849409,6.290736
8.37500,7.391036,-10.325840,-9.276704,86.125061,6.068249
8.38000,7.438212,-11.056539,-9.454171,86.723238,6.329060
8.38500,7.483552,-11.302521,-7.199582,88.776367,6.263997
8.39000,7.527046,-10.441677,-7.666386,90.778970,6.137952
8.39500,7.568683,-10.877489,-9.471179,89.881724,6.266625
8.40000,7.608452,-11.266501,-1.117564,89.329344,6.047394
8.40500,7.646344,-11.558860,-7.976255,91.031809,6.028055
8.41000,7.682349,-10.661909,3.764619,94.566240,6.080907
8.41500,7.716459,-11.499091,-14.010311,92.205194,6.179049
8.42000,7.748665,-11.777494,-2.919244,95.185530,6.198934
8.42500,7.778959,-10.971010,-11.692989,94.133066,6.192834
8.43000,7.807334,-12.154967,-13.256445,95.854744,6.268761
8.43500,7.833782,-11.657059,-9.907447,95.413270,6.060786
8.44000,7.858298,-11.381055,-17.753935,94.210764,6.341517
8.44500,7.880875,-11.800302,-7.372012,96.054221,6.168406
8.45000,7.901507,-11.935723,-5.287048,99.452842,6.264356
8.45500,7.920189,-11.578536,-8.871223,97.258319,6.310438
8.46000,7.936918,-12.294740,-6.250206,98.466681,6.258401
8.46500,7.951688,-11.912476,-2.061708,97.783087,6.260378
8.47000,7.964496,-11.554080,-6.336689,98.362713,6.321385
8.47500,7.975339,-12.329165,0.592954,99.207651,6.446263
8.48000,7.984214,-11.326120,-6.143985,99.674369,6.532576
8.48500,7.991119,-12.004438,5.135036,101.976260,6.556611
8.49000,7.996052,-11.965231,-2.514335,99.609115,6.427552
8.49500,7.999013,-12.143580,-7.745136,99.634644,6.475234
8.50000,8.000000,-11.719228,1.238753,99.266815,6.489817
8.50500,7.999013,-12.160915,-0.455213,98.679744,6.654573
8.51000,7.996052,-11.875473,-7.460654,98.484359,6.432792
8.51500,7.991119,-11.451073,7.417143,101.266170,6.787896
8.52000,7.984214,-11.452058,-2.361964,98.428699,6.641839
8.52500,7.975339,-12.591599,2.222678,102.330301,6.637809
8.53000,7.964496,-11.400664,11.553513,101.760162,6.775374
8.53500,7.951688,-12.149717,-2.442925,100.462555,6.868937
8.54000,7.936918,-11.808379,-2.276961,99.489848,6.822856
8.54500,7.920189,-11.874232,3.039234,100.880493,6.915760
8.55000,7.901507,-11.782212,-8.668367,100.865358,6.844154
8.55500,7.880875,-12.123640,6.346739,102.128764,6.972693
8.56000,7.858298,-11.609030,-1.651685,99.903548,6.991413
8.56500,7.833782,-11.404133,8.417503,100.266068,6.872101
8.57000,7.807334,-12.029748,7.892586,100.565174,7.039654
8.57500,7.778959,-11.764296,-1.757612,100.205427,6.923411
8.58000,7.748665,-11.385085,-2.279132,99.685130,6.924876
8.58500,7.716459,-11.237335,8.953787,98.279930,6.830897
8.59000,7.682349,-11.500595,-1.283229,98.217306,6.898947
8.59500,7.646344,-11.481761,4.360135,99.174744,7.008013
8.60000,7.608452,-11.344946,6.558134,99.516322,6.798427
8.60500,7.568683,-11.632588,8.567565,100.741836,6.992167
8.61000,7.527046,-11.301098,5.383390,102.051862,6.956601
8.61500,7.483552,-11.496647,2.080780,101.120748,6.941395
8.62000,7.438212,-11.464732,9.352751,99.327799,6.681794
8.62500,7.391036,-12.230491,8.103914,100.787292,6.878898
8.63000,7.342037,-11.936476,11.079180,98.171357,6.937840
8.63500,7.291226,-10.975046,2.291603,97.385951,6.777377
8.64000,7.238616,-10.750663,13.620083,100.376376,6.840917
8.64500,7.184221,-10.799424,9.538315,96.090644,6.568963
8.65000,7.128052,-10.865274,6.253322,96.493071,6.846863
8.65500,7.070125,-10.953772,10.504346,96.292778,6.682953
8.66000,7.010453,-10.514930,7.790587,97.907811,6.803486
8.66500,6.949052,-10.828932,0.607989,95.098272,6.495810
8.67000,6.885936,-10.579006,5.955672,96.272290,6.711166
8.67500,6.821121,-9.869428,10.482727,94.436496,6.576869
8.68000,6.754623,-10.967943,10.501084,93.016255,6.637621
8.68500,6.686459,-10.548139,10.542318,94.232361,6.417558
8.69000,6.616645,-10.304933,6.594791,93.648537,6.399331
8.69500,6.545198,-10.895557,5.693149,91.579999,6.634387
8.70000,6.472136,-10.492828,8.528132,91.376365,6.272750
8.70500,6.397477,-9.460552,11.420833,90.899420,6.228883
8.71000,6.321240,-9.578992,10.437070,92.368227,6.213315
8.71500,6.243443,-9.738908,12.604555,91.182951,6.077787
8.72000,6.164106,-9.030915,8.523086,90.303458,6.236460
8.72500,6.083248,-9.862481,9.176412,89.959360,6.224929
8.73000,6.000889,-8.549831,9.331002,88.173883,5.914542
8.73500,5.917049,-9.247382,10.937025,88.609466,5.743148
8.74000,5.831749,-9.347857,9.847356,86.649963,5.962492
8.74500,5.745010,-8.527397,12.399549,85.085242,5.883409
8.75000,5.656854,-8.634265,10.928872,85.083368,5.780250
8.75500,5.567302,-8.639465,18.812654,85.393762,5.737695
8.76000,5.476377,-8.641481,10.341640,84.477769,5.457300
8.76500,5.384100,-9.207775,9.598427,84.811615,5.448133
8.77000,5.290495,-9.184605,15.632625,80.793302,5.245763
8.77500,5.195584,-8.190904,21.095543,81.672710,5.160368
8.78000,5.099392,-7.655680,13.626589,81.535621,5.317389
8.78500,5.001941,-8.239870,9.379042,79.078831,5.067309
8.79000,4.903256,-7.733010,17.958853,79.599380,5.277236
8.79500,4.803362,-8.272049,10.474369,77.918843,4.969554
8.80000,4.702282,-8.097584,14.882454,76.146106,4.810137
8.80500,4.600042,-7.356413,14.188881,77.820998,4.865359
8.81000,4.496667,-6.895386,10.524223,73.922031,4.876083
8.81500,4.392183,-6.725741,19.183196,75.719944,4.653705
8.82000,4.286614,-6.382536,17.369630,73.061498,4.391617
8.82500,4.179989,-7.052192,15.455519,71.420114,4.458400
8.83000,4.072331,-6.635964,17.481961,70.438799,4.465992
8.83500,3.963669,-6.085392,11.477909,69.545757,4.185085
8.84000,3.854029,-6.671659,15.363532,68.334403,4.062607
8.84500,3.743439,-6.214637,18.203728,68.535794,4.146875
8.85000,3.631924,-5.926313,19.969314,64.923242,3.963472
8.85500,3.519513,-5.769000,9.315437,67.412222,3.742843
8.86000,3.406234,-5.232981,19.265947,65.785383,3.718519
8.86500,3.292115,-5.252966,12.975664,65.258272,3.583642
8.87000,3.177183,-5.441902,8.618762,61.304196,3.591288
8.87500,3.061467,-6.049255,21.189977,58.541000,3.474424
8.88000,2.944996,-4.592100,22.564754,59.294820,3.480042
8.88500,2.827799,-4.335817,13.651125,58.588565,3.336846
8.89000,2.709903,-4.362757,21.615921,57.883480,3.009708
8.89500,2.591339,-4.251767,18.575983,55.654887,3.107214
8.90000,2.472136,-4.039720,21.811957,54.876137,3.056044
8.90500,2.352323,-3.546434,26.592003,53.847874,2.911253
8.91000,2.231929,-4.079525,23.945541,50.551328,2.867782
8.91500,2.110984,-3.717592,19.521738,53.134891,2.608234
8.92000,1.989519,-3.921628,14.032457,48.374930,2.466362
8.92500,1.867563,-3.420604,15.972251,48.633643,2.552724
8.93000,1.745146,-3.488297,17.758110,48.214010,2.250497
8.93500,1.622298,-3.305583,16.584630,44.658905,2.038228
8.94000,1.499051,-3.604073,20.848675,44.178979,2.254200
8.94500,1.375433,-2.641090,21.958509,44.670699,1.975641
8.95000,1.251476,-1.999657,27.334469,41.016939,1.913869
8.95500,1.127210,-3.473690,24.488885,41.132341,1.700545
8.96000,1.002666,-1.522569,14.170814,38.809159,1.603534
8.96500,0.877874,-1.877998,30.273536,37.281828,1.515885
8.97000,0.752867,-1.957813,19.722914,36.387905,1.490739
8.97500,0.627673,-1.364313,18.037059,33.806181,1.458761
8.98000,0.502324,-1.406663,12.322875,32.347429,1.086116
8.98500,0.376852,-1.148566,20.500683,32.220473,1.285874
8.99000,0.251286,-0.342668,29.775909,29.901752,0.986158
8.99500,0.125659,-0.671476,19.993798,28.667107,0.891487
9.00000,0.000000,-0.402722,22.417802,25.173592,0.959666
9.00500,-0.125659,-0.475339,21.911396,25.062568,0.777540
9.01000,-0.251286,-0.249225,24.583960,24.925048,0.524137
9.01500,-0.376852,-0.364512,17.034624,23.020628,0.755556
9.02000,-0.502324,0.149036,16.712421,20.827491,0.377181
9.02500,-0.627673,0.066106,22.944908,18.271721,0.380526
9.03000,-0.752867,1.047374,24.300776,16.604616,0.267970
9.03500,-0.877874,0.668374,17.338029,16.268931,0.281332
9.04000,-1.002666,1.255603,21.897348,15.846821,-0.013784
9.04500,-1.127210,1.672552,24.446825,12.672801,0.024569
9.05000,-1.251476,1.747330,21.729365,12.570522,-0.259071
9.05500,-1.375433,1.231957,18.317619,9.123376,-0.180833
9.06000,-1.499051,2.390323,29.126181,9.294183,-0.478171
9.06500,-1.622298,1.104018,26.337138,5.146612,-0.546607
9.07000,-1.745146,2.660861,22.780082,4.946733,-0.429037
9.07500,-1.867563,1.215731,19.361813,1.899328,-0.695788
9.08000,-1.989519,2.068643,14.528694,2.327817,-0.825121
9.08500,-2.110984,2.595399,17.975731,0.639966,-0.720083
9.09000,-2.231929,2.515575,19.995385,-2.721585,-1.016899
9.09500,-2.352323,2.120392,15.614964,-4.068868,-1.243178
9.10000,-2.472136,2.556945,24.117981,-5.302329,-1.196066
9.10500,-2.591339,3.459524,14.281607,-8.105912,-1.496044
9.11000,-2.709903,2.828984,26.561504,-9.032738,-1.372531
9.11500,-2.827799,3.976905,17.736605,-10.541532,-1.472379
9.12000,-2.944996,4.367974,16.008191,-10.200034,-1.757923
9.12500,-3.061467,4.628023,18.050047,-11.074252,-1.870507
9.13000,-3.177183,4.351807,21.325959,-14.777185,-1.896701
9.13500,-3.292115,4.404719,23.549001,-16.163433,-2.019370
9.14000,-3.406234,4.433404,14.252687,-17.143167,-2.224734
9.14500,-3.519513,5.907211,21.632631,-19.560455,-2.175517
9.15000,-3.631924,5.441972,16.779405,-20.831657,-2.542077
9.15500,-3.743439,5.377175,12.833194,-21.081020,-2.485589
9.16000,-3.854029,5.424384,13.498455,-23.332982,-2.586840
9.16500,-3.963669,5.904761,23.479231,-25.238387,-2.677348
9.17000,-4.072331,4.830875,12.339719,-27.338228,-2.722217
9.17500,-4.179989,6.142432,15.317309,-26.480629,-2.978375
9.18000,-4.286614,5.714738,18.023280,-30.428495,-2.898174
9.18500,-4.392183,5.159686,24.172643,-31.081587,-3.076216
9.19000,-4.496667,6.731559,8.404354,-33.928518,-3.223632
9.19500,-4.600042,6.120603,18.032897,-34.911264,-3.394993
9.20000,-4.702282,6.774697,17.941651,-35.592870,-3.475396
9.20500,-4.803362,6.445721,9.906372,-37.638617,-3.418800
9.21000,-4.903256,6.740530,14.962598,-38.022893,-3.648573
9.21500,-5.001941,7.724368,15.289822,-40.021689,-3.641877
9.22000,-5.099392,7.347967,18.921168,-43.159001,-3.637306
9.22500,-5.195584,7.523081,14.960011,-45.672818,-3.734675
9.23000,-5.290495,6.860210,13.817449,-43.247017,-3.775283
9.23500,-5.384100,8.028022,16.829854,-46.500903,-4.053718
9.24000,-5.476377,7.532498,20.394580,-45.497780,-4.224182
9.24500,-5.567302,8.135381,9.897676,-48.595527,-4.103688
9.25000,-5.656854,7.661361,15.559819,-50.880425,-4.264223
9.25500,-5.745010,8.371798,14.159984,-50.704142,-4.270891
9.26000,-5.831749,8.583371,14.679554,-53.022483,-4.469462
9.26500,-5.917049,7.887106,18.689028,-54.030487,-4.436772
9.27000,-6.000889,8.754377,11.890551,-56.453181,-4.556534
9.27500,-6.083248,8.385025,7.849963,-55.937394,-4.653136
9.28000,-6.164106,9.396714,13.100259,-56.701493,-4.756824
9.28500,-6.243443,9.159388,8.286500,-59.872691,-4.848547
9.29000,-6.321240,9.152501,20.614232,-58.448999,-4.944900
9.29500,-6.397477,10.510250,19.305806,-62.443188,-5.024191
9.30000,-6.472136,9.716343,8.487322,-62.726377,-5.024916
9.30500,-6.545198,9.330776,12.863575,-66.144427,-5.251323
9.31000,-6.616645,9.964022,5.605133,-67.684579,-5.100814
9.31500,-6.686459,9.832182,11.598676,-64.182061,-5.358550
9.32000,-6.754623,10.383162,10.073706,-66.143498,-5.321093
9.32500,-6.821121,9.518103,20.049541,-67.620823,-5.499310
9.33000,-6.885936,10.847858,13.721224,-72.075442,-5.584053
9.33500,-6.949052,9.928837,12.374731,-70.953815,-5.423456
9.34000,-7.010453,10.082378,15.943630,-71.830954,-5.724198
9.34500,-7.070125,10.032839,9.135004,-73.312440,-5.885898
9.35000,-7.128052,10.306141,13.529202,-74.124851,-5.892790
9.35500,-7.184221,11.314443,7.374689,-76.590584,-5.914856
9.36000,-7.238616,10.688057,7.494398,-76.735964,-5.727546
9.36500,-7.291226,10.256295,18.131002,-78.888035,-5.981513
9.37000,-7.342037,10.720467,-2.636432,-78.958117,-5.965902
9.37500,-7.391036,10.967594,11.858754,-79.089654,-6.215609
9.38000,-7.438212,11.340341,5.713193,-81.386565,-6.134207
9.38500,-7.483552,10.887092,12.700609,-81.730005,-6.154952
9.39000,-7.527046,11.173736,5.076125,-82.821557,-6.092882
9.39500,-7.568683,12.381263,8.802751,-83.193577,-6.392619
9.40000,-7.608452,11.177328,1.979599,-83.009437,-6.310413
9.40500,-7.646344,11.345779,12.243647,-84.657225,-6.386938
9.41000,-7.682349,10.865550,4.010789,-85.301622,-6.564367
9.41500,-7.716459,11.814379,0.666715,-88.248820,-6.507170
9.42000,-7.748665,11.284542,-7.308665,-87.780090,-6.573185
9.42500,-7.778959,12.295170,-1.610921,-87.169345,-6.819653
9.43000,-7.807334,12.082549,9.080510,-89.869622,-6.565115
9.43500,-7.833782,11.964654,0.173759,-90.093089,-6.607660
9.44000,-7.858298,11.467220,-0.369151,-91.417150,-6.740784
9.44500,-7.880875,11.577802,5.126711,-89.410251,-6.864292
9.45000,-7.901507,11.599431,4.009904,-92.147176,-6.613754
9.45500,-7.920189,11.829896,4.967032,-93.102367,-6.765425
9.46000,-7.936918,11.683612,2.814630,-92.142430,-6.718663
9.46500,-7.951688,11.636098,11.758048,-92.167555,-6.705995
9.47000,-7.964496,11.928307,-1.528027,-93.436733,-6.924503
9.47500,-7.975339,11.901773,0.225728,-93.409194,-6.814387
9.48000,-7.984214,11.777712,1.744014,-94.824594,-6.941599
9.48500,-7.991119,12.330932,4.924800,-95.714960,-6.943738
9.49000,-7.996052,12.401906,8.687503,-96.548584,-6.964382
9.49500,-7.999013,11.752142,2.084885,-97.074428,-6.972576
9.50000,-8.000000,12.881338,5.133672,-97.600900,-6.875809
9.50500,-7.999013,12.158287,3.103784,-96.875711,-6.988213
9.51000,-7.996052,12.512899,13.937519,-97.811391,-7.027540
9.51500,-7.991119,12.784646,-2.144892,-97.929311,-7.049659
9.52000,-7.984214,11.417269,6.420396,-97.652295,-6.995884
9.52500,-7.975339,12.209341,-0.037777,-98.724044,-7.126092
9.53000,-7.964496,12.372893,0.848661,-100.535543,-7.091490
9.53500,-7.951688,12.480855,2.444106,-100.115903,-7.049345
9.54000,-7.936918,12.297438,4.602531,-100.727686,-7.102030
9.54500,-7.920189,12.371558,-4.079081,-101.851040,-7.056751
9.55000,-7.901507,11.310271,-2.078637,-99.687754,-7.103869
9.55500,-7.880875,11.516088,-5.886021,-101.363120,-6.838076
9.56000,-7.858298,12.124596,-13.840287,-101.592634,-6.900046
9.56500,-7.833782,11.013726,6.774654,-101.459949,-6.980751
9.57000,-7.807334,11.600279,-2.060887,-99.269275,-7.022127
9.57500,-7.778959,11.716302,-3.320684,-100.706943,-6.786560
9.58000,-7.748665,11.912227,-6.934938,-99.212918,-6.961146
9.58500,-7.716459,12.091131,-4.741089,-100.490546,-6.987990
9.59000,-7.682349,11.774540,-2.401218,-100.877453,-6.933021
9.59500,-7.646344,11.284653,0.999467,-99.669393,-6.915123
9.60000,-7.608452,11.182934,-3.352193,-99.566779,-6.785193
9.60500,-7.568683,11.699659,-4.323681,-100.037567,-6.907329
9.61000,-7.527046,11.717534,-9.926789,-101.264923,-6.672453
9.61500,-7.483552,11.574744,-8.233597,-100.449231,-6.946654
9.62000,-7.438212,11.417086,-5.799752,-101.129308,-6.762710
9.62500,-7.391036,11.341909,-14.301321,-99.863774,-6.904795
9.63000,-7.342037,10.653284,-8.691438,-99.240466,-6.593015
9.63500,-7.291226,11.151638,-6.609988,-97.382543,-6.777008
9.64000,-7.238616,11.407648,-0.097115,-97.201822,-6.716954
9.64500,-7.184221,10.550654,-14.860632,-97.772628,-6.584128
9.65000,-7.128052,11.120075,-13.553369,-97.138173,-6.514891
9.65500,-7.070125,11.151782,-4.498824,-97.646998,-6.714272
9.66000,-7.010453,11.750260,-18.860638,-94.324414,-6.598235
9.66500,-6.949052,10.670843,1.173015,-95.391405,-6.662311
9.67000,-6.885936,10.507330,-7.891120,-93.679782,-6.466269
9.67500,-6.821121,10.019736,-5.150133,-95.888742,-6.445994
9.68000,-6.754623,9.975596,-6.789477,-95.396931,-6.425016
9.68500,-6.686459,9.661792,-16.950449,-94.172341,-6.411268
9.69000,-6.616645,9.494056,-7.331486,-94.677249,-6.332440
9.69500,-6.545198,10.427620,-14.354979,-94.009104,-6.318063
9.70000,-6.472136,10.030937,-11.399744,-94.973883,-6.138296
9.70500,-6.397477,10.056659,-10.706811,-92.154233,-5.985877
9.71000,-6.321240,9.162328,-10.059196,-92.497381,-6.276002
9.71500,-6.243443,8.872075,-7.839941,-91.093498,-6.037646
9.72000,-6.164106,8.864892,-11.352217,-91.653909,-6.009825
9.72500,-6.083248,10.157623,-6.883125,-92.804847,-5.859059
9.73000,-6.000889,9.837348,-10.694619,-89.463064,-5.942665
9.73500,-5.917049,8.693726,-14.681180,-87.980993,-5.799520
9.74000,-5.831749,9.171296,-10.592138,-90.102770,-5.825056
9.74500,-5.745010,9.076147,-14.657641,-88.990373,-5.585813
9.75000,-5.656854,8.472597,-9.513651,-87.435893,-5.578905
9.75500,-5.567302,8.485214,-14.901209,-86.577980,-5.536891
9.76000,-5.476377,9.017547,-14.977522,-87.456598,-5.414141
9.76500,-5.384100,8.786608,-9.498502,-82.587573,-5.405052
9.77000,-5.290495,8.729967,-21.844337,-82.598513,-5.463804
9.77500,-5.195584,8.355648,-12.190308,-83.617723,-5.175006
9.78000,-5.099392,8.131778,-16.585939,-84.113121,-5.130997
9.78500,-5.001941,8.150409,-11.610013,-80.656868,-5.099220
9.79000,-4.903256,7.735939,-12.152061,-77.825377,-4.907797
9.79500,-4.803362,8.358798,-19.162911,-78.214135,-4.805819
9.80000,-4.702282,7.604364,-13.270956,-76.854520,-4.957455
9.80500,-4.600042,7.586962,-8.494814,-78.301458,-4.845279
9.81000,-4.496667,7.178166,-17.370602,-75.914313,-4.529888
9.81500,-4.392183,6.784864,-12.577476,-76.899494,-4.459403
9.82000,-4.286614,6.888377,-5.636673,-71.785805,-4.590981
9.82500,-4.179989,6.617930,-24.519591,-72.356888,-4.549677
9.83000,-4.072331,6.265297,-17.404620,-74.386961,-4.408575
9.83500,-3.963669,6.776560,-8.615235,-72.977675,-4.306832
9.84000,-3.854029,7.108058,-17.492908,-69.135448,-4.326769
9.84500,-3.743439,6.237660,-17.585469,-68.390770,-4.075131
9.85000,-3.631924,5.912469,-21.650480,-67.753671,-4.115605
9.85500,-3.519513,5.493736,-29.179260,-65.495346,-4.016763
9.86000,-3.406234,5.016878,-14.213182,-62.677684,-3.710964
9.86500,-3.292115,5.711765,-14.856163,-63.383616,-3.777393
9.87000,-3.177183,5.528256,-12.238112,-64.690414,-3.621456
9.87500,-3.061467,4.790621,-15.453097,-61.530298,-3.455730
9.88000,-2.944996,4.983527,-22.465110,-61.618914,-3.340861
9.88500,-2.827799,4.424138,-26.535499,-59.756754,-3.358796
9.89000,-2.709903,5.192284,-17.286964,-57.153610,-3.222532
9.89500,-2.591339,4.477815,-12.195131,-56.433312,-3.210736
9.90000,-2.472136,4.437511,-16.855651,-56.164102,-2.853397
9.90500,-2.352323,4.785072,-16.423334,-53.626892,-2.862913
9.91000,-2.231929,2.976557,-11.310892,-53.208432,-2.937388
9.91500,-2.110984,3.891543,-21.160855,-50.285705,-2.724667
9.92000,-1.989519,3.652860,-19.847983,-49.821622,-2.551120
9.92500,-1.867563,3.241620,-15.081973,-47.705264,-2.471441
9.93000,-1.745146,3.189601,-21.117678,-47.084147,-2.232503
9.93500,-1.622298,3.515632,-22.586750,-44.497944,-2.173918
9.94000,-1.499051,2.544066,-21.306634,-44.117699,-2.260472
9.94500,-1.375433,2.365174,-16.693236,-42.550773,-2.109936
9.95000,-1.251476,3.165789,-22.963834,-41.761939,-2.123394
9.95500,-1.127210,2.688439,-21.212026,-39.493046,-1.863597
9.96000,-1.002666,2.282532,-18.514748,-40.274787,-1.766536
9.96500,-0.877874,2.230639,-23.608315,-33.630659,-1.403532
9.97000,-0.752867,1.747399,-22.321288,-36.064810,-1.556767
9.97500,-0.627673,1.402083,-19.113036,-33.674446,-1.668046
9.98000,-0.502324,1.276765,-18.980115,-32.854133,-1.417199
9.98500,-0.376852,1.280478,-23.433918,-31.373180,-1.229795
9.99000,-0.251286,0.771357,-22.533392,-28.829800,-1.257706
9.99500,-0.125659,0.115676,-16.203734,-28.383412,-1.109347
10.00000,-0.000000,0.519768,-22.204048,-26.768230,-0.949444
10.00500,0.125659,0.515811,-20.332199,-26.351604,-0.768698
10.01000,0.251286,0.155804,-20.814385,-24.290031,-0.709408
10.01500,0.376852,0.300773,-23.101188,-23.039484,-0.671657
10.02000,0.502324,-0.044330,-17.214537,-18.030253,-0.393305
10.02500,0.627673,0.045329,-21.501908,-20.142111,-0.415735
10.03000,0.752867,-0.489297,-27.766776,-18.285933,-0.301098
10.03500,0.877874,-0.800473,-13.239339,-15.252208,-0.278612
10.04000,1.002666,-0.679664,-21.339696,-12.250862,-0.108463
10.04500,1.127210,-0.739804,-19.648997,-14.330144,0.146240
10.05000,1.251476,-1.474528,-18.919719,-12.594551,0.029617
10.05500,1.375433,-1.833448,-22.086603,-9.072555,0.295137
10.06000,1.499051,-1.113978,-24.901975,-7.253275,0.484705
10.06500,1.622298,-2.068822,-24.215800,-7.725425,0.485499
10.07000,1.745146,-1.884446,-22.716794,-6.600658,0.657608
10.07500,1.867563,-2.416921,-17.185220,-4.044740,0.631900
10.08000,1.989519,-2.317805,-21.449595,-0.474820,0.984970
10.08500,2.110984,-2.018466,-17.961210,0.179638,1.073784
10.09000,2.231929,-2.081814,-30.000672,2.676362,1.096625
10.09500,2.352323,-3.498587,-24.190090,3.258256,1.006521
10.10000,2.472136,-3.737031,-19.377461,4.920074,1.186520
10.10500,2.591339,-4.704822,-24.596426,7.249170,1.497763
10.11000,2.709903,-3.259777,-16.532235,7.967157,1.679834
10.11500,2.827799,-3.040789,-20.530699,9.951411,1.645901
10.12000,2.944996,-3.755062,-20.797902,10.180583,1.848665
10.12500,3.061467,-4.160857,-23.766321,12.109766,1.769983
10.13000,3.177183,-3.877061,-20.145052,14.919031,1.918554
10.13500,3.292115,-4.778663,-25.626163,15.651130,2.043828
10.14000,3.406234,-4.296499,-15.213789,16.613714,2.191776
10.14500,3.519513,-4.185742,-17.712939,19.803914,2.101436
10.15000,3.631924,-4.404040,-20.249534,21.220234,2.453375
10.15500,3.743439,-4.793211,-23.465596,22.114883,2.595645
10.16000,3.854029,-5.462962,-16.824822,22.773024,2.451542
10.16500,3.963669,-5.558740,-22.188182,26.234702,2.533631
10.17000,4.072331,-5.967219,-14.035443,29.625197,2.806615
10.17500,4.179989,-4.991097,-15.370933,27.268891,2.807412
10.18000,4.286614,-5.408383,-21.201963,27.939161,2.736224
10.18500,4.392183,-6.109266,-18.884366,30.330291,3.154668
10.19000,4.496667,-6.274625,-10.255675,31.645703,3.188511
10.19500,4.600042,-6.308057,-14.996554,32.745746,3.223650
10.20000,4.702282,-6.836125,-13.330512,34.319178,3.580724
10.20500,4.803362,-6.507990,-19.608166,38.157617,3.479786
10.21000,4.903256,-6.671474,-13.903462,39.631432,3.486384
10.21500,5.001941,-6.851804,-22.560571,41.806551,3.667071
10.22000,5.099392,-7.160789,-14.050368,42.390711,3.646963
10.22500,5.195584,-8.364359,-12.559338,42.392779,3.768111
10.23000,5.290495,-7.559903,-17.427334,45.635405,3.975420
10.23500,5.384100,-8.205782,-14.379116,45.064960,3.972566
10.24000,5.476377,-8.463288,-17.681649,46.770749,4.073261
10.24500,5.567302,-6.990756,-17.067443,47.193158,4.374929
10.25000,5.656854,-8.258733,-14.636375,51.367160,4.382176
10.25500,5.745010,-8.272105,-13.607461,52.476365,4.463729
10.26000,5.831749,-8.455409,-14.607749,52.105140,4.522448
10.26500,5.917049,-8.815752,-13.055673,53.619521,4.603041
10.27000,6.000889,-7.932182,-19.164423,55.345689,4.784370
10.27500,6.083248,-9.488096,-20.862716,56.847795,4.719318
10.28000,6.164106,-8.659542,-12.496532,58.893771,4.988749
10.28500,6.243443,-9.224923,-24.414291,59.266230,4.788059
10.29000,6.321240,-8.583773,-20.991453,60.922180,4.937045
10.29500,6.397477,-8.879796,-19.453066,59.955512,4.902527
10.30000,6.472136,-9.314583,-10.298601,62.589976,5.082944
10.30500,6.545198,-10.081212,-10.443103,62.069884,5.244811
10.31000,6.616645,-9.255707,0.073579,67.446667,5.412466
10.31500,6.686459,-9.289316,-14.027056,68.182642,5.273603
10.32000,6.754623,-9.529479,-13.941012,68.561744,5.412182
10.32500,6.821121,-10.028593,-12.784493,70.178269,5.445948
10.33000,6.885936,-9.752811,-17.886698,72.358414,5.476872
10.33500,6.949052,-10.434587,-7.488022,72.237028,5.499275
10.34000,7.010453,-10.113601,-15.365369,70.386643,5.690642
10.34500,7.070125,-10.161113,-14.602436,73.088925,5.575850
10.35000,7.128052,-10.503287,-10.150662,71.650503,5.823746
10.35500,7.184221,-10.907687,-12.871108,74.495874,5.876682
10.36000,7.238616,-10.681825,-8.289819,75.024997,5.869165
10.36500,7.291226,-11.038709,-7.004713,77.477927,5.892789
10.37000,7.342037,-11.253651,-6.545780,78.934474,5.912905
10.37500,7.391036,-10.410317,-9.681681,78.370122,6.295004
10.38000,7.438212,-10.985411,-12.966650,80.075896,6.027683
10.38500,7.483552,-11.211260,-9.085278,81.665591,6.371101
10.39000,7.527046,-11.285398,-13.421071,82.069860,6.326657
10.39500,7.568683,-10.964583,-14.928117,82.937588,6.280000
10.40000,7.608452,-11.344444,-14.881677,81.213408,6.248924
10.40500,7.646344,-11.568004,-3.619017,84.355686,6.516012
10.41000,7.682349,-11.227495,-13.548904,86.625587,6.630037
10.41500,7.716459,-11.340179,-2.399041,86.812101,6.406858
10.42000,7.748665,-11.827788,-7.294116,85.569336,6.512490
10.42500,7.778959,-11.952713,-8.201504,87.748043,6.688128
10.43000,7.807334,-11.024356,-6.157042,89.121798,6.655196
10.43500,7.833782,-11.724405,0.730526,88.398044,6.859007
10.44000,7.858298,-11.157680,-11.867452,91.022616,6.637078
10.44500,7.880875,-11.450866,-3.569706,89.979523,6.782332
10.45000,7.901507,-11.766576,-7.210126,91.184893,6.634902
10.45500,7.920189,-11.872924,-9.384322,92.077777,7.000618
10.46000,7.936918,-11.135481,-13.488275,95.414136,6.746380
10.46500,7.951688,-12.104164,-8.400827,93.030118,6.625533
10.47000,7.964496,-12.027684,-8.089567,93.303173,6.859540
10.47500,7.975339,-12.232327,-3.564029,95.346896,6.881933
10.48000,7.984214,-11.978197,0.343220,94.480621,7.109819
10.48500,7.991119,-12.320517,-1.289466,95.751183,6.904378
10.49000,7.996052,-11.901455,-3.811569,93.367665,6.955689
10.49500,7.999013,-12.481323,4.920989,96.793127,7.033318
10.50000,8.000000,-11.758245,-4.690739,96.846977,7.147962
10.50500,7.999013,-11.841227,-1.547683,95.764373,6.996231
10.51000,7.996052,-11.897520,-2.843891,99.229503,7.118428
10.51500,7.991119,-12.235278,1.747850,97.720180,7.076228
10.52000,7.984214,-11.455818,1.273752,98.097923,7.002955
10.52500,7.975339,-11.152143,-0.510706,97.097018,7.046946
10.53000,7.964496,-12.027454,2.505849,97.012969,7.046867
10.53500,7.951688,-12.281445,1.427369,98.501524,6.955326
10.54000,7.936918,-11.684308,-2.278150,97.618213,7.169972
10.54500,7.920189,-12.020635,4.899396,100.173274,6.909232
10.55000,7.901507,-11.855060,-0.944166,100.796484,7.163175
10.55500,7.880875,-11.625418,-1.201689,99.198359,7.137589
10.56000,7.858298,-12.428086,4.893652,98.193487,7.027063
10.56500,7.833782,-11.539493,0.068901,99.718660,6.952367
10.57000,7.807334,-12.240046,2.604939,99.023645,6.997270
10.57500,7.778959,-12.289854,13.710710,100.513431,7.056483
10.58000,7.748665,-11.897467,6.807138,100.561640,7.071009
10.58500,7.716459,-11.095115,1.218506,99.862710,7.011051
10.59000,7.682349,-11.916381,1.474948,100.429145,7.065689
10.59500,7.646344,-11.418014,8.245028,101.516644,6.892774
10.60000,7.608452,-11.946305,5.892525,102.224310,6.952673
10.60500,7.568683,-11.252411,0.796129,99.536574,6.750959
10.61000,7.527046,-11.324584,7.795056,100.872823,6.961683
10.61500,7.483552,-10.922611,-1.505056,99.612448,6.876002
10.62000,7.438212,-11.266058,11.121287,98.491173,6.792804
10.62500,7.391036,-11.274930,11.299926,101.031263,6.922846
10.63000,7.342037,-11.985212,13.212512,99.779651,6.846172
10.63500,7.291226,-11.013941,1.034082,99.247018,6.463557
10.64000,7.238616,-10.747021,9.462971,99.233793,6.716701
10.64500,7.184221,-10.917748,15.551193,98.342966,6.532384
10.65000,7.128052,-10.848637,9.293534,96.992378,6.748712
10.65500,7.070125,-10.612573,7.010885,99.956960,6.853301
10.66000,7.010453,-10.404190,13.676597,98.574779,6.512560
10.66500,6.949052,-11.049568,2.308158,97.448142,6.530839
10.67000,6.885936,-10.622314,8.244587,97.859422,6.455492
10.67500,6.821121,-10.324881,10.759902,97.801181,6.471437
10.68000,6.754623,-10.305017,7.254997,95.612155,6.454936
10.68500,6.686459,-10.711256,9.731257,96.050964,6.471803
10.69000,6.616645,-11.038002,13.647214,94.484547,6.194919
10.69500,6.545198,-9.986754,13.529598,95.088796,6.400612
10.70000,6.472136,-9.719417,10.068438,93.490409,6.097746
10.70500,6.397477,-9.219945,5.491611,96.054813,6.165113
10.71000,6.321240,-9.630433,4.381627,92.201882,6.198202
10.71500,6.243443,-10.054521,7.225597,92.601875,6.096895
10.72000,6.164106,-9.399745,9.119541,91.899180,5.873272
10.72500,6.083248,-9.516307,8.387520,90.304209,5.837317
10.73000,6.000889,-9.632762,23.789051,91.101160,5.800198
10.73500,5.917049,-9.826761,11.267377,89.202670,5.778821
10.74000,5.831749,-9.865002,11.784990,88.088937,5.834837
10.74500,5.745010,-9.277097,15.293232,87.818972,5.525180
10.75000,5.656854,-9.035827,7.340811,86.167033,5.634517
10.75500,5.567302,-8.709632,10.627088,87.643947,5.580696
10.76000,5.476377,-8.597706,15.840928,86.160272,5.505987
10.76500,5.384100,-8.378470,10.547243,85.738818,5.425898
10.77000,5.290495,-7.548813,18.042353,82.157659,5.459060
10.77500,5.195584,-8.228568,11.328961,83.170575,5.282333
10.78000,5.099392,-7.496970,15.219504,81.057511,5.244501
10.78500,5.001941,-8.245349,20.607951,81.135292,5.139036
10.79000,4.903256,-8.080405,19.329214,81.580985,5.184855
10.79500,4.803362,-7.853802,15.500350,79.434230,4.736414
10.80000,4.702282,-8.233552,15.719438,77.950026,4.975324
10.80500,4.600042,-6.657877,18.424494,78.463179,4.739788
10.81000,4.496667,-7.088110,13.808710,77.317933,4.655662
10.81500,4.392183,-6.742887,11.146050,77.258644,4.503367
10.82000,4.286614,-6.173175,20.120443,71.875366,4.328858
10.82500,4.179989,-6.546145,20.916010,73.355241,4.392213
10.83000,4.072331,-5.902085,17.501341,71.395814,4.274972
10.83500,3.963669,-7.394688,15.534195,69.752156,4.305580
10.84000,3.854029,-5.731154,11.922586,69.780362,4.019851
10.84500,3.743439,-5.971355,14.237312,67.145501,4.220893
10.85000,3.631924,-6.162235,15.562893,64.734920,4.013933
10.85500,3.519513,-5.319998,18.302876,65.110784,3.870075
10.86000,3.406234,-5.591003,20.896428,64.665314,3.731096
10.86500,3.292115,-5.725741,17.748153,65.938456,3.629613
10.87000,3.177183,-6.072309,19.331568,61.693004,3.500663
10.87500,3.061467,-4.359336,12.398523,59.930135,3.463829
10.88000,2.944996,-6.008981,18.465570,57.730142,3.422590
10.88500,2.827799,-4.724190,22.987917,58.356521,3.307008
10.89000,2.709903,-3.918346,15.387304,57.201221,3.085069
10.89500,2.591339,-4.134397,10.418842,56.354749,3.101287
10.90000,2.472136,-4.489520,21.334799,53.180792,2.938853
10.90500,2.352323,-4.164105,24.861485,52.651784,2.943978
10.91000,2.231929,-4.129564,21.772590,49.554935,3.013655
10.91500,2.110984,-3.593071,16.773781,51.043863,2.787729
10.92000,1.989519,-3.548366,21.448913,47.650659,2.591327
10.92500,1.867563,-3.871740,10.281985,44.898625,2.356858
10.93000,1.745146,-3.766108,19.433462,48.068180,2.274198
10.93500,1.622298,-2.499117,16.095008,45.902379,2.142651
10.94000,1.499051,-3.320474,24.036409,44.310249,2.279426
10.94500,1.375433,-3.078545,15.235634,42.885924,2.024667
10.95000,1.251476,-1.456648,28.043019,39.834821,2.001627
10.95500,1.127210,-2.587553,29.649313,40.851887,1.826628
10.96000,1.002666,-2.603647,27.785470,36.922046,1.791165
10.96500,0.877874,-2.273737,23.839148,38.912767,1.815084
10.97000,0.752867,-1.364386,16.668438,35.473384,1.498343
10.97500,0.627673,-1.808018,18.579738,31.576457,1.424661
10.98000,0.502324,-1.368504,23.954668,33.253496,1.269553
10.98500,0.376852,-2.085618,21.516812,33.044900,1.329081
10.99000,0.251286,-1.193678,17.286982,28.940402,1.029617
10.99500,0.125659,-0.734372,19.009098,28.969849,0.909459
11.00000,0.000000,-0.540920,16.569989,25.959134,0.774284
11.00500,-0.125659,0.238618,21.673563,23.948528,0.662308
11.01000,-0.251286,0.025882,19.758364,20.136764,0.740450
11.01500,-0.376852,-1.202045,25.448667,23.055335,0.840343
11.02000,-0.502324,-0.488358,23.097522,19.550492,0.372925
11.02500,-0.627673,0.007189,18.576553,18.966027,0.457403
11.03000,-0.752867,0.442495,25.881063,15.647368,0.276637
11.03500,-0.877874,0.774731,10.440518,14.353681,0.030438
11.04000,-1.002666,1.203127,14.040079,15.158305,0.002392
11.04500,-1.127210,0.424186,17.541657,11.839736,-0.103938
11.05000,-1.251476,0.384392,22.262741,10.255903,-0.260484
11.05500,-1.375433,1.832710,27.948092,7.683677,-0.108588
11.06000,-1.499051,1.269324,23.321287,7.828609,-0.603439
11.06500,-1.622298,0.889159,21.176101,6.919360,-0.484835
11.07000,-1.745146,1.660104,19.862998,3.897805,-0.600137
11.07500,-1.867563,2.057894,12.418944,2.640626,-0.801581
11.08000,-1.989519,1.921515,17.309789,-0.142336,-0.838557
11.08500,-2.110984,2.120235,24.277359,1.343845,-0.875425
11.09000,-2.231929,3.218924,21.060617,-2.593126,-1.057581
11.09500,-2.352323,2.515293,17.155062,-3.628816,-1.140370
11.10000,-2.472136,3.287043,19.432033,-3.055191,-1.221766
11.10500,-2.591339,3.430918,16.732620,-6.861702,-1.603372
11.11000,-2.709903,3.371427,11.357322,-9.983363,-1.360110
11.11500,-2.827799,4.688949,18.379410,-10.822881,-1.387953
11.12000,-2.944996,3.313841,16.540880,-11.727923,-1.625472
11.12500,-3.061467,5.138787,13.921874,-10.789516,-1.729318
11.13000,-3.177183,3.833537,18.197291,-14.174357,-2.078577
11.13500,-3.292115,4.297515,17.589574,-16.257641,-2.055600
11.14000,-3.406234,4.712141,19.475787,-16.579304,-2.230775
11.14500,-3.519513,5.223133,18.776244,-17.573252,-2.313428
11.15000,-3.631924,5.224374,19.320262,-21.532969,-2.262378
11.15500,-3.743439,4.955994,17.473192,-20.507074,-2.543786
11.16000,-3.854029,5.126466,15.206304,-22.715127,-2.579727
11.16500,-3.963669,5.934462,17.743119,-24.723945,-2.860649
11.17000,-4.072331,6.252133,18.001557,-29.544265,-2.787494
11.17500,-4.179989,5.551680,21.925624,-28.059464,-2.864062
11.18000,-4.286614,6.453425,17.950873,-28.164993,-3.044411
11.18500,-4.392183,6.340962,14.719489,-31.621835,-3.145932
11.19000,-4.496667,6.372439,20.858003,-30.087154,-2.984140
11.19500,-4.600042,5.964000,17.165041,-34.195200,-3.392713
11.20000,-4.702282,6.056044,20.577798,-36.951834,-3.474436
11.20500,-4.803362,6.922302,25.987158,-36.532575,-3.547066
11.21000,-4.903256,5.732627,20.175815,-38.343278,-3.441941
11.21500,-5.001941,6.841310,11.302771,-39.161100,-3.446621
11.22000,-5.099392,7.380400,12.574016,-41.840065,-3.718029
11.22500,-5.195584,6.652475,18.419058,-41.480136,-3.916411
11.23000,-5.290495,8.183247,9.153185,-45.081563,-3.979726
11.23500,-5.384100,8.342902,13.906309,-45.682985,-3.921583
11.24000,-5.476377,7.345641,16.587463,-48.699755,-4.209836
11.24500,-5.567302,7.886511,13.397261,-49.560354,-4.062399
11.25000,-5.656854,8.020966,11.673643,-49.755811,-4.154341
11.25500,-5.745010,7.984334,14.844929,-52.127914,-4.376429
11.26000,-5.831749,8.143987,13.247742,-53.233688,-4.404904
11.26500,-5.917049,8.686048,12.446824,-54.283780,-4.479580
11.27000,-6.000889,9.314159,16.578657,-55.065796,-4.482938
11.27500,-6.083248,8.781884,11.435501,-55.770988,-4.826701
11.28000,-6.164106,8.919128,12.980387,-57.063697,-4.684705
11.28500,-6.243443,9.056662,18.954240,-58.043332,-4.921030
11.29000,-6.321240,8.835235,17.157580,-60.272482,-5.039576
11.29500,-6.397477,9.507822,13.402839,-62.406249,-5.030403
11.30000,-6.472136,9.157478,12.242665,-64.867549,-5.138918
11.30500,-6.545198,9.069109,13.915564,-64.630334,-5.291855
11.31000,-6.616645,9.869578,13.539385,-66.362987,-5.427154
11.31500,-6.686459,8.926319,6.939743,-68.752661,-5.434447
11.32000,-6.754623,9.605930,8.850926,-65.844675,-5.266226
11.32500,-6.821121,9.759706,16.468852,-71.108416,-5.285392
11.33000,-6.885936,9.973398,7.571441,-69.660167,-5.485758
11.33500,-6.949052,9.486629,18.233725,-70.545753,-5.499638
11.34000,-7.010453,9.834458,13.968338,-72.580248,-5.736340
11.34500,-7.070125,10.267832,10.705720,-70.339520,-5.757059
11.35000,-7.128052,10.675947,8.584754,-74.432708,-5.784348
11.35500,-7.184221,10.467836,10.809134,-76.410216,-5.982871
11.36000,-7.238616,10.518315,13.385049,-74.459665,-6.034176
11.36500,-7.291226,10.341810,11.714079,-78.492832,-5.984282
11.37000,-7.342037,10.784939,15.101138,-80.235463,-6.083606
11.37500,-7.391036,9.691457,11.234860,-80.701469,-6.214066
11.38000,-7.438212,11.206925,6.266795,-81.226391,-6.123339
11.38500,-7.483552,11.417190,11.047768,-81.348396,-6.241412
11.39000,-7.527046,11.079036,11.576914,-81.917488,-6.164203
11.39500,-7.568683,10.750857,7.732950,-85.006381,-6.316928
11.40000,-7.608452,11.783085,4.070940,-83.669016,-6.394839
11.40500,-7.646344,11.006914,4.329084,-82.296238,-6.398755
11.41000,-7.682349,11.915242,9.633597,-86.610041,-6.473967
11.41500,-7.716459,11.299559,3.279262,-86.731779,-6.567258
11.42000,-7.748665,11.151151,14.104697,-86.542479,-6.582610
11.42500,-7.778959,11.433903,9.533660,-86.707361,-6.507679
11.43000,-7.807334,11.288729,-1.458536,-89.667157,-6.556750
11.43500,-7.833782,11.552927,1.262261,-90.739018,-6.529808
11.44000,-7.858298,11.875973,5.771861,-91.495599,-6.863687
11.44500,-7.880875,11.602925,-0.084266,-89.684588,-6.767327
11.45000,-7.901507,11.559504,4.235983,-90.573303,-6.801655
11.45500,-7.920189,11.778973,8.303333,-94.833617,-6.773435
11.46000,-7.936918,11.984410,6.914924,-95.415348,-6.864759
11.46500,-7.951688,11.853195,-0.621194,-94.936556,-6.898021
11.47000,-7.964496,12.106656,6.777092,-95.813156,-6.793661
11.47500,-7.975339,12.147789,7.484544,-94.095384,-6.878010
11.48000,-7.984214,12.047899,0.016736,-94.838656,-7.034730
11.48500,-7.991119,12.245126,5.326062,-93.274624,-6.804605
11.49000,-7.996052,11.968894,-0.214793,-95.125611,-6.857078
11.49500,-7.999013,12.450719,-3.496934,-96.369511,-7.031325
11.50000,-8.000000,12.155385,6.714444,-95.540802,-6.905787
11.50500,-7.999013,12.342774,6.204304,-98.395153,-7.076161
11.51000,-7.996052,11.918165,-2.799840,-99.370143,-6.901536
11.51500,-7.991119,11.410136,-10.220170,-98.028371,-7.046126
11.52000,-7.984214,11.813058,4.716020,-97.283372,-7.113010
11.52500,-7.975339,12.010581,-2.407154,-100.617220,-7.076525
11.53000,-7.964496,12.139647,1.372346,-97.918949,-7.120678
11.53500,-7.951688,11.961731,-6.021920,-98.215885,-7.027812
11.54000,-7.936918,12.573414,1.279418,-100.057767,-7.030860
11.54500,-7.920189,11.407555,3.405170,-99.469973,-7.044416
11.55000,-7.901507,11.193928,-0.847524,-100.176373,-7.101615
11.55500,-7.880875,11.829677,1.613610,-99.912582,-7.408677
11.56000,-7.858298,11.597663,-0.754142,-99.184253,-7.027082
11.56500,-7.833782,11.864509,1.676355,-101.200331,-7.218955
11.57000,-7.807334,12.093462,-4.965411,-99.098921,-6.995493
11.57500,-7.778959,12.909358,-5.402447,-99.357839,-6.895879
11.58000,-7.748665,11.205862,-11.542846,-99.347187,-6.969161
11.58500,-7.716459,11.266501,-5.517345,-102.765416,-7.021328
11.59000,-7.682349,11.644047,-5.239352,-102.621305,-6.984347
11.59500,-7.646344,11.011890,-9.085731,-99.553328,-6.961946
11.60000,-7.608452,11.259544,-0.338900,-101.002691,-6.984204
11.60500,-7.568683,12.053337,-6.037778,-101.035881,-6.966529
11.61000,-7.527046,11.443700,7.304452,-101.008153,-6.977753
11.61500,-7.483552,11.399990,-3.006712,-101.552968,-6.741675
11.62000,-7.438212,11.808844,-9.234029,-100.137409,-6.836005
11.62500,-7.391036,10.582682,-6.145507,-100.464754,-6.710751
11.63000,-7.342037,11.274166,-3.339980,-100.171742,-6.801976
11.63500,-7.291226,11.135670,-2.192351,-98.588645,-6.738434
11.64000,-7.238616,11.195572,-0.713296,-100.295017,-6.729794
11.64500,-7.184221,10.600439,-9.194963,-97.272963,-6.631782
11.65000,-7.128052,10.757299,-3.403581,-100.930432,-6.559107
11.65500,-7.070125,10.813944,-8.068621,-94.985829,-6.580016
11.66000,-7.010453,11.077267,-4.184747,-99.212170,-6.632006
11.66500,-6.949052,10.390648,-8.959457,-96.523720,-6.601511
11.67000,-6.885936,10.856258,-8.910446,-95.724565,-6.314478
11.67500,-6.821121,9.638261,-7.598563,-96.380101,-6.464371
11.68000,-6.754623,10.596168,-11.993143,-95.036799,-6.419556
11.68500,-6.686459,10.645604,-9.576344,-95.568958,-6.196170
11.69000,-6.616645,9.855084,-8.225809,-97.028310,-6.184879
11.69500,-6.545198,10.008969,-17.753750,-94.002356,-6.189752
11.70000,-6.472136,10.025777,-12.578123,-92.503931,-6.231065
11.70500,-6.397477,10.041189,-12.655114,-93.943990,-5.901687
11.71000,-6.321240,10.308377,-6.704402,-94.708696,-6.042819
11.71500,-6.243443,9.783445,-10.591695,-92.790181,-5.970694
11.72000,-6.164106,9.500467,-11.523867,-91.047807,-5.984429
11.72500,-6.083248,9.398266,-14.787151,-90.411436,-6.049286
11.73000,-6.000889,9.473716,-10.135836,-88.771378,-5.980203
11.73500,-5.917049,9.562949,-13.490973,-88.712850,-5.743195
11.74000,-5.831749,9.226636,-8.402151,-88.042523,-5.680726
11.74500,-5.745010,8.773181,-13.868354,-90.270270,-5.678611
11.75000,-5.656854,8.734133,-13.146714,-84.471443,-5.705133
11.75500,-5.567302,8.420581,-10.679744,-86.264267,-5.664002
11.76000,-5.476377,8.257560,-11.504543,-84.480713,-5.482912
11.76500,-5.384100,8.282231,-20.167909,-85.079297,-5.525039
11.77000,-5.290495,8.112183,-13.064252,-83.989217,-5.216959
11.77500,-5.195584,8.524696,-14.351929,-82.858333,-5.118029
11.78000,-5.099392,7.584980,-22.122541,-80.156837,-4.875322
11.78500,-5.001941,7.961080,-19.691796,-79.305903,-4.994622
11.79000,-4.903256,7.310043,-10.825731,-79.433154,-5.064638
11.79500,-4.803362,7.969178,-13.566912,-76.847349,-5.013995
11.80000,-4.702282,7.622788,-17.179630,-78.697257,-5.192625
11.80500,-4.600042,7.866537,-11.495038,-76.612466,-4.825511
11.81000,-4.496667,7.423918,-22.888360,-76.752225,-4.701499
11.81500,-4.392183,6.631446,-10.052821,-73.632402,-4.503529
11.82000,-4.286614,6.911412,-18.401971,-74.073715,-4.454760
11.82500,-4.179989,6.484614,-9.942219,-71.879394,-4.371528
11.83000,-4.072331,6.371339,-18.066606,-69.900308,-4.322406
11.83500,-3.963669,6.009010,-18.705316,-73.307877,-4.189882
11.84000,-3.854029,6.140366,-15.510221,-67.130875,-4.022314
11.84500,-3.743439,6.141720,-17.992378,-68.190412,-4.184154
11.85000,-3.631924,6.027605,-12.787920,-67.788588,-4.032491
11.85500,-3.519513,6.787394,-13.880430,-68.512712,-4.033968
11.86000,-3.406234,5.544739,-18.838687,-65.397256,-3.640020
11.86500,-3.292115,5.478917,-18.338319,-66.566240,-3.578558
11.87000,-3.177183,5.237956,-17.700226,-62.495692,-3.538495
11.87500,-3.061467,5.001765,-10.618093,-61.562194,-3.638387
11.88000,-2.944996,4.811291,-18.126057,-57.929690,-3.404654
11.88500,-2.827799,4.783990,-13.810460,-59.221640,-3.348265
11.89000,-2.709903,4.507720,-18.404217,-56.267397,-3.218637
11.89500,-2.591339,4.711020,-21.884893,-54.855470,-3.146746
11.90000,-2.472136,4.410928,-25.381664,-52.471164,-2.976227
11.90500,-2.352323,3.703093,-17.673987,-53.900151,-2.967504
11.91000,-2.231929,3.883728,-16.740655,-51.356103,-2.741296
11.91500,-2.110984,3.828799,-17.850919,-52.723602,-2.700944
11.92000,-1.989519,3.413225,-13.619866,-50.867832,-2.652036
11.92500,-1.867563,3.250346,-16.040751,-48.492278,-2.530799
11.93000,-1.745146,3.123946,-11.509834,-46.803633,-2.460016
11.93500,-1.622298,3.227371,-16.649367,-46.824854,-2.230067
11.94000,-1.499051,2.868693,-23.159225,-44.453626,-2.233898
11.94500,-1.375433,2.395271,-14.716380,-41.700341,-2.071755
11.95000,-1.251476,2.409998,-23.961586,-41.648317,-2.034655
11.95500,-1.127210,2.743533,-20.182191,-39.843555,-2.037667
11.96000,-1.002666,1.673277,-25.081207,-39.268071,-1.691274
11.96500,-0.877874,2.137855,-15.873694,-35.089645,-1.780671
11.97000,-0.752867,1.587142,-13.838432,-33.141576,-1.498920
11.97500,-0.627673,2.998076,-25.587922,-33.541840,-1.416727
11.98000,-0.502324,1.566581,-23.672865,-32.433982,-1.516177
11.98500,-0.376852,1.146783,-22.957389,-28.808763,-1.336102
11.99000,-0.251286,0.893754,-28.015481,-28.721865,-1.183841
11.99500,-0.125659,0.136922,-20.641892,-28.582612,-1.105137
12.00000,-0.000000,0.354869,-21.322464,-27.875445,-1.031663
12.00500,0.125659,1.181776,-26.071795,-25.441652,-0.729251
12.01000,0.251286,0.329588,-29.862504,-20.579756,-0.717276
12.01500,0.376852,-0.119703,-26.577836,-22.377142,-0.544396
12.02000,0.502324,-0.195850,-19.315384,-16.668290,-0.515740
12.02500,0.627673,-0.362614,-26.823151,-18.579269,-0.331519
12.03000,0.752867,-0.951310,-20.420368,-17.282987,-0.326722
12.03500,0.877874,-0.714196,-19.463517,-13.884725,-0.143472
12.04000,1.002666,-0.740283,-17.490981,-14.200810,0.028168
12.04500,1.127210,-1.726691,-20.725050,-11.890127,0.085121
12.05000,1.251476,-1.416431,-19.461878,-12.020932,0.145519
12.05500,1.375433,-2.606126,-14.179970,-10.696476,0.193112
12.06000,1.499051,-2.371384,-22.819530,-8.518362,0.429314
12.06500,1.622298,-1.545590,-20.214061,-5.795086,0.557545
12.07000,1.745146,-1.573363,-14.926606,-5.281819,0.607462
12.07500,1.867563,-1.505719,-25.109437,-5.260418,0.666472
12.08000,1.989519,-2.955319,-17.510350,-0.763207,0.907872
12.08500,2.110984,-2.655026,-31.015119,0.046910,1.211884
12.09000,2.231929,-2.939230,-26.807849,1.486752,1.042581
12.09500,2.352323,-2.560030,-26.688937,2.664193,1.215892
12.10000,2.472136,-3.039980,-20.739262,2.278013,1.328962
12.10500,2.591339,-3.317938,-19.899681,8.451437,1.142792
12.11000,2.709903,-3.289991,-29.439155,7.546868,1.520583
12.11500,2.827799,-3.893063,-11.886881,10.324095,1.545376
12.12000,2.944996,-3.499738,-10.703075,12.929221,1.862390
12.12500,3.061467,-4.203210,-14.125447,14.179663,1.805403
12.13000,3.177183,-3.803033,-20.156112,14.632807,1.859652
12.13500,3.292115,-4.345754,-17.190541,15.960688,2.021852
12.14000,3.406234,-4.501706,-22.026507,17.871714,2.166123
12.14500,3.519513,-5.223080,-21.325899,20.142006,2.198535
12.15000,3.631924,-5.557022,-22.048685,21.295487,2.353957
12.15500,3.743439,-5.739314,-17.444009,21.607901,2.327638
12.16000,3.854029,-5.085197,-20.775741,24.217841,2.544134
12.16500,3.963669,-6.309296,-20.388514,25.661001,2.747178
12.17000,4.072331,-5.071119,-10.832899,27.564286,2.968852
12.17500,4.179989,-5.913026,-19.567152,28.494656,2.943839
12.18000,4.286614,-6.484920,-15.453182,31.399847,3.001056
12.18500,4.392183,-5.972220,-16.194027,31.502953,3.192392
12.19000,4.496667,-6.767914,-19.584953,33.820915,3.275151
12.19500,4.600042,-6.416411,-19.294885,34.295843,3.438194
12.20000,4.702282,-6.697123,-12.579886,35.034064,3.477644
12.20500,4.803362,-6.268378,-19.391961,36.058422,3.454232
12.21000,4.903256,-6.542885,-14.198976,38.461406,3.587897
12.21500,5.001941,-6.680852,-18.632246,40.744443,3.675051
12.22000,5.099392,-7.391493,-18.227053,43.061740,3.781561
12.22500,5.195584,-6.858395,-10.250634,42.866949,3.864630
12.23000,5.290495,-7.533167,-23.575553,43.771885,3.858519
12.23500,5.384100,-7.604430,-19.078198,45.194906,3.817538
12.24000,5.476377,-7.618747,-18.449582,48.746766,4.051313
12.24500,5.567302,-7.828594,-13.973138,48.714497,4.005001
12.25000,5.656854,-8.611279,-18.412530,49.362383,4.303029
12.25500,5.745010,-7.958843,-14.873804,52.209822,4.383916
12.26000,5.831749,-8.986042,-12.309035,51.091153,4.301798
12.26500,5.917049,-8.299874,-6.683677,54.148532,4.623599
12.27000,6.000889,-8.647218,-10.655588,55.280485,4.725427
12.27500,6.083248,-8.719374,-20.338029,56.480275,4.730991
12.28000,6.164106,-9.313386,-7.019303,56.554658,4.970042
12.28500,6.243443,-8.605360,-14.040884,60.392462,5.070910
12.29000,6.321240,-9.186084,-17.898446,62.497651,4.841891
12.29500,6.397477,-8.909712,-12.627807,60.149883,5.144521
12.30000,6.472136,-9.658448,-17.485220,63.114817,5.161605
12.30500,6.545198,-9.769230,-14.761998,64.963989,5.234849
12.31000,6.616645,-9.570298,-16.678735,68.099040,5.360762
12.31500,6.686459,-9.299922,-14.692477,66.086895,5.268060
12.32000,6.754623,-10.345195,-22.825394,66.622328,5.352362
12.32500,6.821121,-10.157233,-6.818596,68.907706,5.399162
12.33000,6.885936,-10.231705,-11.668859,72.461612,5.475264
12.33500,6.949052,-10.241053,-8.155428,71.255986,5.608551
12.34000,7.010453,-10.415125,-9.761237,72.593281,5.539165
12.34500,7.070125,-9.901120,-11.530403,75.486568,5.644595
12.35000,7.128052,-10.142153,-5.219765,71.874338,5.870514
12.35500,7.184221,-10.507409,-5.122169,72.886536,5.867465
12.36000,7.238616,-10.269760,-11.849936,77.595967,5.973382
12.36500,7.291226,-10.282217,-6.654470,78.449046,5.804792
12.37000,7.342037,-11.022887,-11.265356,76.855706,5.973017
12.37500,7.391036,-11.148383,-11.567566,80.107557,6.051913
12.38000,7.438212,-10.661139,-7.381494,80.491078,6.165312
12.38500,7.483552,-10.166813,-8.619911,81.635659,6.156322
12.39000,7.527046,-12.031969,-9.158940,81.326958,6.359968
12.39500,7.568683,-11.405497,-16.901091,82.640708,6.310573
12.40000,7.608452,-10.913447,-11.667098,83.006571,6.366466
12.40500,7.646344,-11.611701,-7.394169,84.969278,6.412899
12.41000,7.682349,-11.006537,-4.597485,85.462884,6.527652
12.41500,7.716459,-11.322612,-4.478338,88.562996,6.453112
12.42000,7.748665,-11.969084,-9.252801,88.089909,6.654767
12.42500,7.778959,-11.708075,-4.650105,86.222350,6.628818
12.43000,7.807334,-11.425569,-11.563940,89.348606,6.636931
12.43500,7.833782,-11.979714,-4.174558,91.288443,6.662814
12.44000,7.858298,-11.433265,2.073962,90.613037,6.746233
12.44500,7.880875,-11.586144,-6.388048,92.255009,6.829656
12.45000,7.901507,-11.871421,-9.408393,91.571169,6.854834
12.45500,7.920189,-11.630655,-0.401105,93.089370,6.828285
12.46000,7.936918,-11.964143,-5.022514,91.738660,6.907282
12.46500,7.951688,-11.763825,-4.168134,94.387124,6.858476
12.47000,7.964496,-12.277074,-1.600301,92.361758,6.997528
12.47500,7.975339,-11.340016,-4.951552,96.099963,6.893182
12.48000,7.984214,-12.032013,-0.257425,93.261579,6.710069
12.48500,7.991119,-11.482084,-5.930747,93.036708,7.072265
12.49000,7.996052,-11.106160,-5.812085,96.674531,6.967712
12.49500,7.999013,-11.344439,-1.109346,96.281418,6.856546
12.50000,8.000000,-11.991986,-0.164780,97.048628,6.969192
12.50500,7.999013,-11.929674,-0.757035,97.824423,6.914006
12.51000,7.996052,-12.013895,1.416948,97.656509,7.224635
12.51500,7.991119,-11.873746,-1.282201,96.982399,7.074155
12.52000,7.984214,-12.326388,-3.456588,98.622232,6.875480
12.52500,7.975339,-12.715311,1.544859,99.089199,7.093857
12.53000,7.964496,-11.856016,-6.688880,99.542493,7.004037
12.53500,7.951688,-11.955061,0.203860,101.585183,7.239036
12.54000,7.936918,-11.347255,4.544503,98.559014,6.942962
12.54500,7.920189,-11.220950,3.192028,99.725007,6.822944
12.55000,7.901507,-12.471530,5.940836,100.496104,7.052463
12.55500,7.880875,-12.273894,0.466814,99.448033,7.007134
12.56000,7.858298,-11.567776,0.792351,98.680867,6.994656
12.56500,7.833782,-11.378104,0.118869,99.543574,6.814571
12.57000,7.807334,-11.767659,0.357350,101.579317,7.062698
12.57500,7.778959,-11.760404,3.627000,100.040984,7.176734
12.58000,7.748665,-12.485418,7.176880,101.129068,6.805387
12.58500,7.716459,-10.792338,3.232632,99.526309,7.099630
12.59000,7.682349,-11.944408,10.261989,100.922759,6.909369
12.59500,7.646344,-11.393696,5.990426,99.539152,7.183890
12.60000,7.608452,-11.433780,-4.185083,99.273717,6.972862
12.60500,7.568683,-11.878293,7.404198,100.325868,6.889243
12.61000,7.527046,-11.123201,2.991723,100.138444,6.995930
12.61500,7.483552,-10.824289,5.667522,101.699856,6.913364
12.62000,7.438212,-11.368051,2.536531,97.827087,6.775108
12.62500,7.391036,-11.228370,3.654544,100.191379,6.877663
12.63000,7.342037,-10.957197,14.811261,101.297457,6.725782
12.63500,7.291226,-10.759895,10.862153,100.760015,6.566532
12.64000,7.238616,-10.735803,5.326724,98.407770,6.916208
12.64500,7.184221,-11.364227,3.964413,97.764310,6.643125
12.65000,7.128052,-11.305984,5.833494,97.676100,6.580903
12.65500,7.070125,-11.074267,5.098506,98.292785,6.637950
12.66000,7.010453,-11.850847,10.599093,97.799442,6.408309
12.66500,6.949052,-11.216691,13.076946,97.607163,6.387821
12.67000,6.885936,-10.678205,2.115188,97.497256,6.430614
12.67500,6.821121,-10.777745,10.766649,95.068211,6.384269
12.68000,6.754623,-10.755645,8.882117,94.543136,6.397601
12.68500,6.686459,-9.970092,8.331657,93.945797,6.455334
12.69000,6.616645,-10.092174,13.031342,93.304561,6.246360
12.69500,6.545198,-9.797637,6.856232,94.266095,6.292578
12.70000,6.472136,-10.092054,6.749595,94.208043,6.251312
12.70500,6.397477,-10.086602,10.165668,96.293576,6.028799
12.71000,6.321240,-10.159032,7.794326,93.305389,6.105060
12.71500,6.243443,-9.604627,8.917081,92.068772,5.931063
12.72000,6.164106,-10.314888,14.765036,93.105665,6.073849
12.72500,6.083248,-9.825707,6.223883,89.864209,5.953213
12.73000,6.000889,-9.124817,17.118287,90.463359,5.848169
12.73500,5.917049,-8.900415,17.858516,90.514083,5.649776
12.74000,5.831749,-9.145174,11.058867,89.559456,5.731588
12.74500,5.745010,-9.457145,15.430559,88.349100,5.577749
12.75000,5.656854,-8.641834,8.531050,86.674196,5.658488
12.75500,5.567302,-9.036840,12.074931,84.809877,5.507657
12.76000,5.476377,-8.661845,11.583275,85.295793,5.368713
12.76500,5.384100,-8.867400,10.249533,83.928636,5.471895
12.77000,5.290495,-7.616712,17.955988,84.607086,5.379259
12.77500,5.195584,-7.611650,15.732262,82.739904,5.174054
12.78000,5.099392,-8.408914,18.450218,82.675395,5.275057
12.78500,5.001941,-8.397349,8.172511,79.157240,5.052706
12.79000,4.903256,-7.808757,14.403852,81.307348,4.974296
12.79500,4.803362,-7.392721,13.310703,78.162735,4.939091
12.80000,4.702282,-6.995814,8.931194,76.333977,4.771526
12.80500,4.600042,-7.372582,20.049299,75.557775,4.721695
12.81000,4.496667,-7.695826,16.125576,75.435239,4.667700
12.81500,4.392183,-6.929746,17.516766,76.494655,4.753732
12.82000,4.286614,-6.788280,22.495229,74.948591,4.666218
12.82500,4.179989,-7.376207,14.142290,71.617451,4.404528
12.83000,4.072331,-6.687162,23.204924,72.033704,4.505100
12.83500,3.963669,-6.543554,9.102102,70.695318,4.251742
12.84000,3.854029,-6.656591,22.780643,67.818348,4.205420
12.84500,3.743439,-6.013749,20.498591,67.364906,4.165996
12.85000,3.631924,-5.518218,12.400736,64.951912,4.015940
12.85500,3.519513,-5.370661,12.142478,65.171451,4.136795
12.86000,3.406234,-5.966528,28.372733,61.847633,3.826514
12.86500,3.292115,-5.677256,15.313813,62.857061,3.588501
12.87000,3.177183,-4.996764,23.017016,61.463213,3.744595
12.87500,3.061467,-5.236763,19.843010,60.388702,3.477071
12.88000,2.944996,-5.072577,18.830263,59.101114,3.391499
12.88500,2.827799,-3.877977,17.818303,60.198114,3.025125
12.89000,2.709903,-5.612924,13.358326,57.113014,3.326988
12.89500,2.591339,-4.673566,13.815182,56.518415,3.209878
12.90000,2.472136,-4.571530,15.391585,55.819077,3.108332
12.90500,2.352323,-4.080155,22.808597,54.666239,3.025952
12.91000,2.231929,-3.197592,10.967811,53.062403,2.996255
12.91500,2.110984,-3.760357,14.634604,50.233840,2.720514
12.92000,1.989519,-3.636751,20.995174,48.218174,2.716591
12.92500,1.867563,-3.278875,18.858615,47.221739,2.445094
12.93000,1.745146,-3.282779,17.346286,46.197364,2.380452
12.93500,1.622298,-2.826867,15.305450,45.366780,2.417426
12.94000,1.499051,-1.777945,12.204678,43.845713,2.245883
12.94500,1.375433,-2.887720,16.354663,43.834720,1.967739
12.95000,1.251476,-2.509989,14.770786,40.967735,2.031543
12.95500,1.127210,-2.272154,17.550185,41.789028,1.870603
12.96000,1.002666,-2.899526,15.735509,39.423785,1.700032
12.96500,0.877874,-1.629558,13.379617,36.153866,1.718189
12.97000,0.752867,-1.710233,25.495238,36.285633,1.526429
12.97500,0.627673,-2.283935,11.130009,30.341854,1.301511
12.98000,0.502324,-1.419237,23.231152,33.932753,1.239022
12.98500,0.376852,-1.057837,18.134701,31.281442,1.418680
12.99000,0.251286,-1.293998,17.505674,29.759229,0.980618
12.99500,0.125659,-0.312475,14.823103,25.761499,1.045251
13.00000,0.000000,-0.797917,15.989636,29.264183,0.974371
13.00500,-0.125659,-0.969166,18.136774,24.424244,0.867397
13.01000,-0.251286,0.138197,11.273763,23.025474,0.570547
13.01500,-0.376852,-0.049273,24.266842,23.003533,0.550822
13.02000,-0.502324,0.249630,20.659568,19.885109,0.486728
13.02500,-0.627673,-0.263088,19.873903,17.553116,0.442247
13.03000,-0.752867,0.017257,19.772257,17.803113,0.186891
13.03500,-0.877874,0.353793,24.606022,14.249870,0.024285
13.04000,-1.002666,0.884893,19.884526,14.787001,0.130523
13.04500,-1.127210,1.079894,23.148148,12.500905,0.030082
13.05000,-1.251476,1.874240,17.173134,12.115447,-0.154237
13.05500,-1.375433,2.125097,27.205638,7.754816,-0.362925
13.06000,-1.499051,1.748687,17.077821,9.115784,-0.371784
13.06500,-1.622298,1.844010,15.373135,6.406199,-0.512047
13.07000,-1.745146,2.828169,16.975426,6.837078,-0.549444
13.07500,-1.867563,2.277060,23.595761,2.126863,-0.868633
13.08000,-1.989519,2.843383,26.341586,3.544196,-0.841883
13.08500,-2.110984,2.427955,21.189817,0.590440,-0.979252
13.09000,-2.231929,2.765443,28.547959,-0.884699,-1.184018
13.09500,-2.352323,2.878382,15.204588,-4.271355,-1.160566
13.10000,-2.472136,2.893968,16.327189,-4.312633,-1.287666
13.10500,-2.591339,3.502635,17.353190,-5.753832,-1.440944
13.11000,-2.709903,3.202701,24.816067,-9.118075,-1.468512
13.11500,-2.827799,3.669237,15.269349,-11.078258,-1.758243
13.12000,-2.944996,4.056880,19.100686,-12.188454,-1.729076
13.12500,-3.061467,4.914049,14.072547,-11.086193,-1.787632
13.13000,-3.177183,3.484166,19.734554,-14.207222,-1.909081
13.13500,-3.292115,4.452289,15.206445,-14.835136,-1.935924
13.14000,-3.406234,4.859646,31.385253,-17.163351,-2.269741
13.14500,-3.519513,4.632081,21.918978,-18.920230,-2.405640
13.15000,-3.631924,5.291297,16.304941,-20.340053,-2.335287
13.15500,-3.743439,5.326319,21.906292,-22.636349,-2.417680
13.16000,-3.854029,5.479252,17.993779,-22.224498,-2.354378
13.16500,-3.963669,5.284636,15.474478,-25.004735,-2.607730
13.17000,-4.072331,5.533628,20.132440,-26.466443,-2.859157
13.17500,-4.179989,5.694712,11.590555,-29.903520,-2.792346
13.18000,-4.286614,5.554220,23.973456,-29.392909,-3.058516
13.18500,-4.392183,6.185258,22.810878,-32.069831,-3.222646
13.19000,-4.496667,5.851395,12.678168,-33.356882,-2.911758
13.19500,-4.600042,6.061535,16.643685,-33.008742,-3.238913
13.20000,-4.702282,6.037472,9.063478,-37.027313,-3.297600
13.20500,-4.803362,7.189793,19.241015,-37.432196,-3.409593
13.21000,-4.903256,6.678474,18.031320,-37.903740,-3.380518
13.21500,-5.001941,6.702918,17.534321,-38.730312,-3.628651
13.22000,-5.099392,7.526433,14.124912,-42.164126,-3.629338
13.22500,-5.195584,7.191454,15.960728,-42.595094,-3.947457
13.23000,-5.290495,7.640653,13.126911,-44.055310,-4.076321
13.23500,-5.384100,7.581370,14.851839,-47.152305,-3.885352
13.24000,-5.476377,7.941336,12.764272,-49.756379,-3.970868
13.24500,-5.567302,8.015255,12.686085,-50.889189,-4.156771
13.25000,-5.656854,7.214367,12.320980,-49.247937,-4.273580
13.25500,-5.745010,8.805471,4.216361,-51.203189,-4.366818
13.26000,-5.831749,8.755545,11.408256,-54.273328,-4.538544
13.26500,-5.917049,7.905695,18.270904,-54.774222,-4.400568
13.27000,-6.000889,8.976956,20.466199,-55.810653,-4.572613
13.27500,-6.083248,8.660174,11.717601,-57.069867,-4.670721
13.28000,-6.164106,8.924882,14.144928,-57.974173,-4.765341
13.28500,-6.243443,9.517492,19.132906,-56.586414,-4.778492
13.29000,-6.321240,9.525506,6.642938,-61.417953,-4.912100
13.29500,-6.397477,9.639476,14.858374,-61.565920,-4.966034
13.30000,-6.472136,10.170546,5.784290,-63.891323,-5.234528
13.30500,-6.545198,9.920109,14.427751,-64.943295,-5.141867
13.31000,-6.616645,9.358671,11.569028,-66.448363,-5.048105
13.31500,-6.686459,9.199802,11.771591,-66.861875,-5.392024
13.32000,-6.754623,10.154911,10.993688,-68.418493,-5.424595
13.32500,-6.821121,9.244126,19.926394,-68.498107,-5.392624
13.33000,-6.885936,9.892109,0.249002,-69.799353,-5.454992
13.33500,-6.949052,9.990592,5.182027,-72.239395,-5.555877
13.34000,-7.010453,9.953159,11.919171,-69.991201,-5.846592
13.34500,-7.070125,10.872316,11.758690,-74.758340,-5.699080
13.35000,-7.128052,10.554157,7.304257,-74.007489,-5.931224
13.35500,-7.184221,10.428213,11.641992,-72.894794,-5.957173
13.36000,-7.238616,10.965116,9.877768,-77.362012,-5.880135
13.36500,-7.291226,10.530663,10.075365,-75.942405,-6.023645
13.37000,-7.342037,11.257957,14.223779,-76.823394,-5.970436
13.37500,-7.391036,11.676302,5.369946,-79.085641,-5.792233
13.38000,-7.438212,10.886869,9.700593,-82.647206,-6.084213
13.38500,-7.483552,10.949265,12.429653,-79.683454,-6.142644
13.39000,-7.527046,11.548397,5.892613,-82.180557,-6.356214
13.39500,-7.568683,10.376425,13.217209,-83.836468,-6.380808
13.40000,-7.608452,10.726239,3.998560,-82.535575,-6.471295
13.40500,-7.646344,10.882169,0.287826,-85.773617,-6.464886
13.41000,-7.682349,10.709078,2.393997,-84.471246,-6.566090
13.41500,-7.716459,11.412209,7.120561,-87.204627,-6.566422
13.42000,-7.748665,11.588762,10.788184,-86.700606,-6.563256
13.42500,-7.778959,11.513197,4.524463,-89.390184,-6.682954
13.43000,-7.807334,11.564212,5.603594,-89.324454,-6.763637
13.43500,-7.833782,11.988922,5.398644,-90.667643,-6.794994
13.44000,-7.858298,12.097299,7.884913,-91.125923,-6.648657
13.44500,-7.880875,12.207525,0.708105,-90.733807,-6.721972
13.45000,-7.901507,11.694138,4.074299,-91.817108,-6.657376
13.45500,-7.920189,11.794789,0.367838,-92.023119,-6.686031
13.46000,-7.936918,12.409199,5.936195,-91.329582,-6.853589
13.46500,-7.951688,12.016211,7.259585,-93.583852,-6.779511
13.47000,-7.964496,12.406672,-6.292468,-96.229852,-7.016361
13.47500,-7.975339,11.715791,3.970391,-94.898203,-6.667184
13.48000,-7.984214,11.909281,1.913551,-94.978205,-6.798181
13.48500,-7.991119,11.690476,5.516148,-94.355009,-6.959803
13.49000,-7.996052,11.953998,-1.026810,-94.808743,-7.073414
13.49500,-7.999013,12.145728,1.914294,-95.356343,-6.935774
13.50000,-8.000000,11.807236,-3.709203,-97.184603,-7.176348
13.50500,-7.999013,12.775929,4.529631,-96.544600,-7.080581
13.51000,-7.996052,11.405076,10.618876,-99.409503,-6.939290
13.51500,-7.991119,12.344294,1.630459,-96.501809,-7.016751
13.52000,-7.984214,11.563490,6.829709,-97.848270,-7.081773
13.52500,-7.975339,12.111215,6.550330,-98.069223,-6.943931
13.53000,-7.964496,11.678015,-1.478589,-99.405838,-7.148001
13.53500,-7.951688,12.003737,-0.304970,-99.142501,-7.018540
13.54000,-7.936918,11.990225,-0.293105,-100.236754,-7.098265
13.54500,-7.920189,11.626071,3.152872,-98.970476,-7.132872
13.55000,-7.901507,11.439142,-4.494965,-101.410283,-6.999453
13.55500,-7.880875,11.619138,1.211668,-98.826062,-7.141436
13.56000,-7.858298,11.886377,-5.873300,-99.467905,-6.845879
13.56500,-7.833782,12.173694,0.222810,-97.809820,-7.087596
13.57000,-7.807334,12.460012,-2.985975,-100.352322,-6.820655
13.57500,-7.778959,11.098394,-10.470451,-100.475090,-7.118706
13.58000,-7.748665,11.930051,-5.182850,-100.166980,-6.935902
13.58500,-7.716459,11.520909,-1.736445,-100.362114,-7.102469
13.59000,-7.682349,11.670083,-4.811816,-100.517499,-7.100653
13.59500,-7.646344,11.747245,-3.379480,-101.663045,-6.932623
13.60000,-7.608452,11.887614,4.835405,-101.600559,-6.861330
13.60500,-7.568683,11.681919,-10.547835,-100.867423,-7.035685
13.61000,-7.527046,11.456680,-8.438515,-100.423195,-6.766616
13.61500,-7.483552,12.031672,-8.926137,-101.351144,-6.940564
13.62000,-7.438212,11.461316,-5.916724,-101.155941,-6.821304
13.62500,-7.391036,11.284843,-8.296864,-99.921207,-6.768491
13.63000,-7.342037,11.675084,-7.493334,-98.485366,-6.717370
13.63500,-7.291226,10.697989,-10.385688,-99.358148,-6.925727
13.64000,-7.238616,10.707900,-10.388063,-98.059566,-6.550617
13.64500,-7.184221,11.587997,0.699571,-97.421855,-6.621871
13.65000,-7.128052,10.853162,2.996515,-97.353439,-6.684527
13.65500,-7.070125,10.142344,-8.730249,-98.435335,-6.706601
13.66000,-7.010453,11.089418,-7.932373,-98.055478,-6.734192
13.66500,-6.949052,11.166782,-15.728867,-99.411465,-6.659749
13.67000,-6.885936,10.291113,-10.603306,-97.595569,-6.426077
13.67500,-6.821121,9.989681,-5.975110,-95.791455,-6.470484
13.68000,-6.754623,10.396830,-7.674769,-97.189818,-6.503730
13.68500,-6.686459,10.464990,-10.628684,-93.801010,-6.395678
13.69000,-6.616645,9.987318,-2.224367,-93.202715,-6.137179
13.69500,-6.545198,9.761034,2.370407,-94.824881,-6.276340
13.70000,-6.472136,10.231121,-11.338303,-92.736496,-6.249600
13.70500,-6.397477,10.129087,-15.218523,-94.952134,-6.002104
13.71000,-6.321240,9.179007,-8.448218,-93.916982,-6.035916
13.71500,-6.243443,9.256231,-7.604051,-92.492331,-6.021043
13.72000,-6.164106,9.459114,-15.256781,-91.396850,-6.028166
13.72500,-6.083248,9.223422,-12.094388,-90.964949,-6.063119
13.73000,-6.000889,9.441322,-7.436913,-91.084795,-5.963755
13.73500,-5.917049,9.440943,-10.641642,-87.005719,-5.832079
13.74000,-5.831749,9.852878,-16.258045,-88.271196,-5.741968
13.74500,-5.745010,9.134967,-9.022233,-87.524443,-5.618893
13.75000,-5.656854,9.232297,-16.607161,-86.280090,-5.532517
13.75500,-5.567302,8.118821,-6.743366,-86.087059,-5.497281
13.76000,-5.476377,8.332793,-13.567135,-85.754927,-5.428000
13.76500,-5.384100,8.895011,-21.829893,-85.304788,-5.480109
13.77000,-5.290495,7.762882,-17.714231,-85.733905,-5.522807
13.77500,-5.195584,8.735832,-10.844754,-81.122507,-5.285647
13.78000,-5.099392,8.283175,-6.702570,-83.100768,-5.254237
13.78500,-5.001941,7.978077,-13.114805,-83.065028,-5.147958
13.79000,-4.903256,7.734810,-16.133773,-81.105533,-5.032758
13.79500,-4.803362,7.175630,-5.270644,-81.092023,-5.051248
13.80000,-4.702282,7.062606,-20.941722,-75.827524,-4.958134
13.80500,-4.600042,7.133329,-11.094917,-76.769640,-4.775976
13.81000,-4.496667,7.022379,-22.275768,-74.508321,-4.672178
13.81500,-4.392183,7.529644,-23.402162,-73.417522,-4.666166
13.82000,-4.286614,6.483125,-20.751466,-73.417675,-4.466109
13.82500,-4.179989,6.484312,-12.806546,-72.339239,-4.452436
13.83000,-4.072331,5.884909,-15.409781,-72.791239,-4.445955
13.83500,-3.963669,6.482048,-17.514883,-70.921347,-4.251998
13.84000,-3.854029,6.255976,-15.046062,-70.414062,-3.978764
13.84500,-3.743439,6.529665,-20.073470,-68.499612,-4.145098
13.85000,-3.631924,6.693859,-10.695849,-68.222917,-3.869891
13.85500,-3.519513,5.980767,-16.917767,-64.703166,-3.756901
13.86000,-3.406234,5.262485,-15.223495,-64.107886,-3.652089
13.86500,-3.292115,5.524007,-23.262629,-63.935453,-3.790842
13.87000,-3.177183,5.378502,-18.134565,-64.573841,-3.411987
13.87500,-3.061467,5.072511,-23.172058,-60.526473,-3.506689
13.88000,-2.944996,4.495740,-15.208046,-59.032669,-3.447394
13.88500,-2.827799,4.888854,-25.223974,-58.896437,-3.347835
13.89000,-2.709903,4.098168,-15.249381,-59.031544,-3.166480
13.89500,-2.591339,4.370125,-14.050642,-55.714780,-3.122783
13.90000,-2.472136,4.107700,-16.229224,-53.665318,-3.046022
13.90500,-2.352323,3.025665,-13.343795,-55.872613,-2.799396
13.91000,-2.231929,4.114483,-12.311418,-51.574633,-2.899278
13.91500,-2.110984,4.538515,-20.254912,-53.057970,-2.829600
13.92000,-1.989519,3.369420,-21.175665,-49.436188,-2.543246
13.92500,-1.867563,3.088264,-21.221837,-46.072445,-2.449125
13.93000,-1.745146,3.521025,-19.347979,-46.653111,-2.306317
13.93500,-1.622298,2.450232,-20.308380,-44.789257,-2.418973
13.94000,-1.499051,2.795089,-20.479814,-44.331217,-2.098400
13.94500,-1.375433,2.699254,-12.228335,-42.532978,-2.053012
13.95000,-1.251476,2.196505,-19.356781,-38.293497,-1.818817
13.95500,-1.127210,2.205255,-21.594556,-38.059259,-2.013949
13.96000,-1.002666,1.712911,-13.453714,-38.567210,-1.760169
13.96500,-0.877874,1.633220,-24.686469,-37.183332,-1.702492
13.97000,-0.752867,1.939895,-20.240676,-35.235960,-1.726170
13.97500,-0.627673,1.143392,-17.637699,-31.165238,-1.530409
13.98000,-0.502324,1.075596,-17.247120,-32.038663,-1.237429
13.98500,-0.376852,0.838405,-25.479662,-29.465900,-1.288454
13.99000,-0.251286,1.128898,-25.982465,-29.718222,-1.204723
13.99500,-0.125659,0.590630,-25.365358,-29.287071,-0.935973
14.00000,-0.000000,0.213063,-23.761620,-24.678522,-0.814226
14.00500,0.125659,0.493844,-15.240983,-24.819193,-0.704543
14.01000,0.251286,-0.622662,-20.651236,-24.129466,-0.772381
14.01500,0.376852,-0.768588,-18.834579,-22.483433,-0.588836
14.02000,0.502324,-0.088395,-23.913844,-20.915175,-0.369393
14.02500,0.627673,0.346661,-22.564450,-19.291012,-0.427806
14.03000,0.752867,-0.774187,-17.574853,-18.848582,-0.326540
14.03500,0.877874,-0.633863,-18.816953,-14.032322,-0.057862
14.04000,1.002666,-1.506573,-21.524918,-13.445951,0.126373
14.04500,1.127210,-1.095080,-16.153866,-11.177495,-0.034782
14.05000,1.251476,-1.253371,-22.773490,-11.179281,-0.068864
14.05500,1.375433,-1.290736,-22.601865,-8.788498,0.156690
14.06000,1.499051,-1.999733,-22.074068,-7.430668,0.311119
14.06500,1.622298,-1.124521,-22.733428,-4.659776,0.509206
14.07000,1.745146,-2.457498,-16.710819,-3.512339,0.695020
14.07500,1.867563,-1.660342,-26.374890,-2.478596,0.728852
14.08000,1.989519,-2.873823,-18.234868,-2.099451,0.783384
14.08500,2.110984,-2.317999,-27.900208,-1.178164,0.978681
14.09000,2.231929,-2.282974,-27.339747,0.876099,0.976536
14.09500,2.352323,-2.136485,-19.915996,2.649986,1.177466
14.10000,2.472136,-3.225618,-18.602528,4.338662,1.226905
14.10500,2.591339,-4.014894,-20.373424,5.084576,1.668300
14.11000,2.709903,-3.206177,-28.356198,10.098195,1.589985
14.11500,2.827799,-4.002393,-14.612678,10.017436,1.532507
14.12000,2.944996,-4.325876,-14.877504,8.871423,1.623853
14.12500,3.061467,-4.310353,-23.011274,11.534754,1.786954
14.13000,3.177183,-4.614728,-13.764685,12.802866,1.772781
14.13500,3.292115,-4.126297,-21.780280,16.236156,1.970572
14.14000,3.406234,-4.529036,-18.931754,18.773943,2.075501
14.14500,3.519513,-4.505615,-22.303570,17.888294,2.343146
14.15000,3.631924,-4.607897,-23.201652,21.339523,2.316504
14.15500,3.743439,-5.274090,-25.235001,21.818094,2.384088
14.16000,3.854029,-5.010320,-19.860566,25.044972,2.432437
14.16500,3.963669,-4.976499,-15.694871,26.830977,2.551640
14.17000,4.072331,-4.887869,-19.935827,27.103538,2.764978
14.17500,4.179989,-5.723963,-15.614884,29.103162,2.851530
14.18000,4.286614,-6.059221,-14.462626,29.757783,3.087423
14.18500,4.392183,-6.487832,-11.567589,30.821020,3.010816
14.19000,4.496667,-6.435923,-13.432335,31.380112,3.279165
14.19500,4.600042,-6.435465,-17.422461,34.633140,3.297300
14.20000,4.702282,-6.497498,-16.325741,35.640629,3.368743
14.20500,4.803362,-7.288198,-17.823037,36.738403,3.264890
14.21000,4.903256,-7.069384,-20.655266,38.563264,3.432802
14.21500,5.001941,-7.141978,-22.003591,39.884792,3.731366
14.22000,5.099392,-7.449035,-9.540986,40.315690,3.891302
14.22500,5.195584,-7.606093,-20.312883,42.350589,3.865244
14.23000,5.290495,-7.373294,-13.994223,45.748669,4.013258
14.23500,5.384100,-8.044311,-9.942009,45.529098,3.987396
14.24000,5.476377,-7.614455,-15.068500,48.855597,4.081393
14.24500,5.567302,-8.371460,-18.108446,47.223298,4.141523
14.25000,5.656854,-7.998653,-13.918430,48.360116,4.393846
14.25500,5.745010,-8.663952,-8.779377,51.475704,4.417795
14.26000,5.831749,-7.890467,-19.130650,53.592263,4.446165
14.26500,5.917049,-8.199060,-18.691349,53.233698,4.521783
14.27000,6.000889,-8.092551,-16.837166,56.072724,4.694343
14.27500,6.083248,-9.088333,-11.223551,57.746489,4.753754
14.28000,6.164106,-9.406616,-10.861327,59.206953,4.719677
14.28500,6.243443,-9.532779,-16.422966,59.087048,5.055318
14.29000,6.321240,-9.221580,-13.474643,60.423798,4.988424
14.29500,6.397477,-8.831394,-9.783996,59.783708,5.041737
14.30000,6.472136,-9.091373,-18.324248,62.999306,5.265412
14.30500,6.545198,-9.221661,-13.649775,64.524655,5.295514
14.31000,6.616645,-10.092775,-11.040290,67.068012,5.258360
14.31500,6.686459,-9.284689,-9.682193,65.083048,5.393773
14.32000,6.754623,-9.533918,-9.467536,66.757709,5.304526
14.32500,6.821121,-10.148963,-18.049782,67.730070,5.417774
14.33000,6.885936,-11.049136,-12.141041,71.113962,5.324484
14.33500,6.949052,-10.455031,-14.012887,68.184305,5.740647
14.34000,7.010453,-10.291222,-10.341400,70.998043,5.494436
14.34500,7.070125,-9.708937,-9.230342,75.798435,5.817567
14.35000,7.128052,-10.344353,-11.219123,75.206171,5.729471
14.35500,7.184221,-10.548058,-9.521016,73.910057,5.776521
14.36000,7.238616,-9.979714,-1.058827,76.439796,5.915493
14.36500,7.291226,-10.079759,-2.193884,78.521970,6.020699
14.37000,7.342037,-10.632043,-5.679140,79.165359,6.112833
14.37500,7.391036,-10.616779,-9.164580,79.227061,6.284986
14.38000,7.438212,-10.444419,-0.508894,79.506629,6.197971
14.38500,7.483552,-11.305562,-11.516458,82.358527,6.303302
14.39000,7.527046,-10.931039,-16.013399,82.282318,6.206556
14.39500,7.568683,-11.331913,-9.083032,84.139030,6.387895
14.40000,7.608452,-11.615737,-11.924549,84.525277,6.380113
14.40500,7.646344,-11.097509,-17.483506,84.357734,6.365152
14.41000,7.682349,-10.917684,-11.994774,87.440838,6.447129
14.41500,7.716459,-10.671916,-8.845892,85.961433,6.494133
14.42000,7.748665,-11.164947,-8.748202,87.847042,6.561493
14.42500,7.778959,-11.073846,-4.998681,87.359603,6.622942
14.43000,7.807334,-11.649615,-3.656768,88.579645,6.570534
14.43500,7.833782,-12.226256,-3.385790,89.280340,6.584439
14.44000,7.858298,-11.925310,-10.491993,89.496554,6.768986
14.44500,7.880875,-11.554526,-2.269063,91.235947,6.558034
14.45000,7.901507,-11.989641,1.725388,93.157049,6.698214
14.45500,7.920189,-11.024814,-5.762928,94.438390,6.946146
14.46000,7.936918,-11.337041,-5.384265,94.550144,6.548325
14.46500,7.951688,-11.932783,-2.132731,93.243106,6.777207
14.47000,7.964496,-11.189295,-1.250924,95.728919,6.940962
14.47500,7.975339,-11.647366,-3.395321,95.047617,6.730554
14.48000,7.984214,-11.272076,-1.461885,97.190322,7.178133
14.48500,7.991119,-12.018824,-6.863774,94.084448,6.679018
14.49000,7.996052,-11.649598,-10.073713,97.786332,7.100793
14.49500,7.999013,-12.068331,-4.788545,95.783087,7.129818
14.50000,8.000000,-11.981053,-3.674566,98.275498,7.080825
14.50500,7.999013,-11.534388,-1.996411,96.764055,6.980335
14.51000,7.996052,-11.233071,-3.636417,98.764019,7.050057
14.51500,7.991119,-11.948655,-5.006156,97.710147,6.934441
14.52000,7.984214,-11.878088,0.114367,96.156776,7.113659
14.52500,7.975339,-12.345019,1.637518,97.534127,6.926992
14.53000,7.964496,-12.069463,-1.240000,98.669462,7.016544
14.53500,7.951688,-11.775914,-1.431211,99.236560,7.146837
14.54000,7.936918,-12.461243,0.794685,96.803541,6.936792
14.54500,7.920189,-12.117741,-1.488623,98.234892,7.011517
14.55000,7.901507,-12.371857,3.177645,98.965927,7.062318
14.55500,7.880875,-11.823246,-0.800218,99.734185,6.907601
14.56000,7.858298,-11.520728,-6.403093,100.375098,7.153001
14.56500,7.833782,-11.713491,9.731944,99.257173,7.063163
14.57000,7.807334,-11.930207,4.068522,98.520816,6.868152
14.57500,7.778959,-12.188258,6.521633,100.719448,7.004432
14.58000,7.748665,-12.393607,2.269923,100.006407,6.918937
14.58500,7.716459,-11.700395,2.766435,101.449844,6.916463
14.59000,7.682349,-11.056644,4.017959,99.770651,6.974017
14.59500,7.646344,-11.726362,4.573965,101.106620,6.877538
14.60000,7.608452,-11.597639,3.767710,99.234917,7.025796
14.60500,7.568683,-11.697577,1.070867,100.506853,6.837480
14.61000,7.527046,-11.916838,7.491804,100.182279,6.983543
14.61500,7.483552,-10.982070,5.509441,100.465078,6.856296
14.62000,7.438212,-11.065023,13.747465,98.673818,6.920159
14.62500,7.391036,-11.877092,2.518451,99.439328,6.752310
14.63000,7.342037,-11.717681,4.621376,98.371317,6.726324
14.63500,7.291226,-10.614921,6.258861,98.941481,6.630234
14.64000,7.238616,-11.434301,-1.280153,99.598770,6.770618
14.64500,7.184221,-11.026711,3.464931,102.088427,6.772066
14.65000,7.128052,-11.344216,-0.957484,98.310049,6.854154
14.65500,7.070125,-10.724259,4.923507,98.773430,6.733280
14.66000,7.010453,-11.085777,8.547139,97.706238,6.589535
14.66500,6.949052,-10.928579,8.765461,98.522284,6.502262
14.67000,6.885936,-11.045466,12.909664,97.324672,6.519589
14.67500,6.821121,-9.749799,9.761260,97.577575,6.433545
14.68000,6.754623,-9.376995,13.330895,96.311975,6.536979
14.68500,6.686459,-10.234072,11.616365,98.234585,6.437444
14.69000,6.616645,-9.957548,0.382526,96.530597,6.210029
14.69500,6.545198,-9.897377,10.569646,92.386978,6.174349
14.70000,6.472136,-10.021110,3.778935,94.189230,6.328006
14.70500,6.397477,-9.954298,13.206767,93.356476,6.168234
14.71000,6.321240,-9.955912,16.090891,90.079503,6.058966
14.71500,6.243443,-9.386370,16.738677,91.039841,6.144299
14.72000,6.164106,-10.081360,12.712800,90.869108,5.928471
14.72500,6.083248,-9.810358,11.632299,89.883765,5.879611
14.73000,6.000889,-9.075404,6.061357,90.212066,5.800326
14.73500,5.917049,-9.802655,15.180648,87.245745,5.587480
14.74000,5.831749,-8.468632,13.267592,89.497544,5.806533
14.74500,5.745010,-9.104119,11.410561,88.778277,5.533474
14.75000,5.656854,-8.793178,7.292518,87.509459,5.530821
14.75500,5.567302,-8.207096,7.303318,85.913202,5.445104
14.76000,5.476377,-8.629029,11.219286,85.489174,5.522889
14.76500,5.384100,-8.425059,16.943344,84.100242,5.372328
14.77000,5.290495,-8.579621,13.617149,85.130597,5.308536
14.77500,5.195584,-8.000155,10.273667,83.500976,5.065267
14.78000,5.099392,-7.790044,17.467813,84.346106,5.149914
14.78500,5.001941,-8.281685,18.897099,80.657117,4.934726
14.79000,4.903256,-7.521621,15.625422,81.849598,5.036028
14.79500,4.803362,-7.250462,13.829258,78.512645,4.963422
14.80000,4.702282,-7.305692,16.165406,78.009127,4.845166
14.80500,4.600042,-7.648513,14.670971,75.986760,4.970565
14.81000,4.496667,-6.821946,17.780181,76.806778,4.736630
14.81500,4.392183,-6.495678,11.062168,75.086621,4.660139
14.82000,4.286614,-7.088349,20.994371,74.829437,4.530270
14.82500,4.179989,-7.471521,16.229309,74.775138,4.411150
14.83000,4.072331,-6.863389,25.909730,71.871143,4.440547
14.83500,3.963669,-6.414069,7.605305,71.273164,4.366396
14.84000,3.854029,-5.738498,12.934440,70.754926,4.036981
14.84500,3.743439,-5.619076,10.430849,68.488231,4.183114
14.85000,3.631924,-5.660941,17.057821,66.755132,4.038152
14.85500,3.519513,-6.030738,18.741910,66.638044,3.991117
14.86000,3.406234,-5.300075,14.763330,65.615401,3.848833
14.86500,3.292115,-5.442210,18.147214,64.729892,3.583826
14.87000,3.177183,-5.682452,18.381652,63.565501,3.496365
14.87500,3.061467,-5.820723,14.371974,60.566537,3.701089
14.88000,2.944996,-4.526580,17.664512,60.614571,3.447258
14.88500,2.827799,-5.412074,13.090776,60.264578,3.182815
14.89000,2.709903,-4.079867,16.211497,56.993875,3.261600
14.89500,2.591339,-3.500729,15.767767,56.662784,3.091635
14.90000,2.472136,-4.218825,15.370355,54.199377,2.843672
14.90500,2.352323,-4.395309,13.904643,53.792962,2.698578
14.91000,2.231929,-4.135202,19.944448,54.290077,2.666369
14.91500,2.110984,-3.972443,18.510179,51.106645,2.752343
14.92000,1.989519,-3.365545,26.286601,48.407512,2.617867
14.92500,1.867563,-2.935436,9.995037,48.564849,2.494640
14.93000,1.745146,-3.461967,18.497592,47.022881,2.444400
14.93500,1.622298,-3.109176,19.386132,46.675318,2.371791
14.94000,1.499051,-3.053942,21.432514,42.350425,1.996127
14.94500,1.375433,-2.146791,20.269559,41.461024,2.071128
14.95000,1.251476,-2.030047,29.054603,41.008206,1.912431
14.95500,1.127210,-2.581700,16.223559,37.837335,1.765409
14.96000,1.002666,-2.177759,12.591534,39.531445,1.727221
14.96500,0.877874,-1.801338,21.869753,34.368623,1.662385
14.97000,0.752867,-2.403414,16.043183,34.294257,1.540266
14.97500,0.627673,-1.711959,20.255330,32.056678,1.313112
14.98000,0.502324,-1.251925,18.421298,31.528524,1.301922
14.98500,0.376852,-1.684728,28.410325,31.736017,1.443385
14.99000,0.251286,-0.847020,15.615742,29.998557,1.026728
14.99500,0.125659,-0.725737,26.504468,28.865444,0.853960
15.00000,0.000000,-0.780367,21.700784,26.968619,0.940837
15.00500,-0.125659,0.049129,20.656261,22.358897,0.863134
15.01000,-0.251286,-0.557367,20.377743,23.558441,0.739765
15.01500,-0.376852,0.179568,15.596366,19.508482,0.470878
15.02000,-0.502324,0.094675,20.079027,19.536903,0.572588
15.02500,-0.627673,0.827432,20.494583,18.118830,0.283443
15.03000,-0.752867,0.258386,18.417785,16.389626,0.137822
15.03500,-0.877874,1.003961,14.702175,16.044856,0.079872
15.04000,-1.002666,1.198650,17.637888,12.962619,0.019221
15.04500,-1.127210,1.595764,18.887592,14.371802,-0.009085
15.05000,-1.251476,1.974872,19.131735,11.479004,-0.128821
15.05500,-1.375433,0.900378,13.862835,10.591398,-0.304204
15.06000,-1.499051,1.669510,20.441723,8.525694,-0.319086
15.06500,-1.622298,1.450208,24.557735,7.109666,-0.514834
15.07000,-1.745146,2.464946,19.082718,4.440443,-0.543599
15.07500,-1.867563,2.807001,25.741197,5.211626,-0.884133
15.08000,-1.989519,2.321165,20.823647,0.105892,-1.011193
15.08500,-2.110984,2.723631,17.729813,0.299906,-0.885626
15.09000,-2.231929,3.338232,15.307566,-1.812127,-1.212102
15.09500,-2.352323,3.074844,14.377975,-3.655138,-1.212364
15.10000,-2.472136,3.122001,16.394150,-4.596961,-1.300989
15.10500,-2.591339,2.693166,18.545201,-7.420468,-1.448715
15.11000,-2.709903,3.250267,14.756561,-7.100041,-1.553598
15.11500,-2.827799,4.119178,18.031059,-8.769001,-1.476657
15.12000,-2.944996,3.305968,26.401200,-11.141707,-1.977062
15.12500,-3.061467,4.189356,10.837918,-11.958807,-1.742315
15.13000,-3.177183,4.337806,19.995832,-15.599170,-1.707649
15.13500,-3.292115,4.420521,19.417671,-18.058700,-2.041374
15.14000,-3.406234,4.921518,20.248096,-18.176732,-2.151341
15.14500,-3.519513,4.471572,19.943402,-19.325953,-2.181862
15.15000,-3.631924,5.505800,18.414225,-17.679889,-2.176058
15.15500,-3.743439,4.940694,16.899763,-22.402898,-2.582259
15.16000,-3.854029,5.697091,17.289174,-22.464402,-2.557912
15.16500,-3.963669,5.220650,14.334705,-24.212282,-2.688140
15.17000,-4.072331,5.728520,15.014024,-24.257142,-2.715598
15.17500,-4.179989,5.654866,18.205004,-28.105029,-2.857133
15.18000,-4.286614,6.631926,18.005319,-28.986746,-2.907750
15.18500,-4.392183,5.695878,18.260533,-31.480079,-3.116058
15.19000,-4.496667,6.021979,14.375800,-33.759624,-3.168171
15.19500,-4.600042,7.027553,12.209673,-35.410003,-3.338687
15.20000,-4.702282,6.922693,25.920145,-36.630059,-3.435741
15.20500,-4.803362,6.737353,19.016246,-35.512684,-3.480213
15.21000,-4.903256,6.803009,20.485170,-38.309439,-3.576235
15.21500,-5.001941,6.541607,17.611004,-40.273991,-3.774540
15.22000,-5.099392,7.102431,19.528185,-41.514250,-3.594046
15.22500,-5.195584,7.506005,20.482023,-43.625078,-3.858096
15.23000,-5.290495,7.996847,21.833634,-44.424765,-4.075474
15.23500,-5.384100,8.033820,15.662852,-45.841546,-3.917906
15.24000,-5.476377,8.387124,17.952579,-46.430300,-4.193533
15.24500,-5.567302,8.098232,19.098128,-47.512980,-4.157015
15.25000,-5.656854,7.795994,8.857229,-51.864242,-4.297927
15.25500,-5.745010,8.081083,15.161412,-51.042775,-4.358361
15.26000,-5.831749,8.977613,16.471824,-51.055768,-4.452490
15.26500,-5.917049,8.536155,10.928923,-55.192720,-4.612281
15.27000,-6.000889,9.195530,11.994849,-55.614641,-4.634504
15.27500,-6.083248,8.113670,19.020619,-56.434095,-4.517761
15.28000,-6.164106,8.684734,15.878490,-56.639753,-5.027126
15.28500,-6.243443,8.684981,13.599867,-58.509953,-4.876843
15.29000,-6.321240,9.237072,11.383963,-60.729450,-4.919114
15.29500,-6.397477,8.934463,14.111203,-61.139913,-5.146080
15.30000,-6.472136,8.835039,27.162747,-61.749071,-5.254701
15.30500,-6.545198,9.457343,13.463502,-63.725034,-4.976719
15.31000,-6.616645,8.675574,8.509652,-63.214025,-5.304379
15.31500,-6.686459,9.475145,5.538010,-66.079968,-5.131863
15.32000,-6.754623,9.996493,16.671556,-68.973602,-5.358031
15.32500,-6.821121,9.465800,14.035062,-69.817829,-5.474333
15.33000,-6.885936,10.014441,7.771085,-70.196968,-5.503201
15.33500,-6.949052,9.780644,17.260173,-71.403095,-5.554817
15.34000,-7.010453,10.097714,16.523904,-71.538814,-5.566425
15.34500,-7.070125,10.432273,7.723209,-72.936491,-5.705682
15.35000,-7.128052,10.619001,7.604414,-72.413964,-5.798186
15.35500,-7.184221,10.697578,12.086222,-74.518731,-5.856916
15.36000,-7.238616,10.305237,9.981224,-74.761889,-5.799622
15.36500,-7.291226,11.317337,11.907841,-78.400482,-5.912190
15.37000,-7.342037,10.915130,14.086617,-79.000580,-6.151886
15.37500,-7.391036,10.600642,6.795520,-78.674447,-6.171206
15.38000,-7.438212,11.487174,10.171085,-80.320176,-6.128926
15.38500,-7.483552,10.857961,3.255063,-80.628153,-6.277434
15.39000,-7.527046,11.889555,11.075730,-81.982182,-6.304208
15.39500,-7.568683,11.508490,12.610134,-83.892875,-6.412153
15.40000,-7.608452,11.189192,-3.768931,-82.050658,-6.390967
15.40500,-7.646344,11.102464,2.490767,-83.558632,-6.369113
15.41000,-7.682349,11.021283,8.664139,-87.538958,-6.357069
15.41500,-7.716459,11.101430,0.199061,-87.253737,-6.499424
15.42000,-7.748665,11.364554,6.768994,-87.295001,-6.334539
15.42500,-7.778959,12.082050,8.771168,-87.295008,-6.590393
15.43000,-7.807334,11.656896,6.543725,-88.917963,-6.301657
15.43500,-7.833782,11.598780,8.646833,-91.147764,-6.558310
15.44000,-7.858298,11.850664,5.057465,-89.287986,-6.644370
15.44500,-7.880875,11.592244,9.628327,-91.179413,-6.777938
15.45000,-7.901507,11.247675,3.557082,-90.189075,-7.043027
15.45500,-7.920189,11.190820,2.491912,-91.873966,-6.806177
15.46000,-7.936918,12.412065,0.277972,-91.669069,-6.801622
15.46500,-7.951688,11.748117,-3.566784,-92.451098,-6.654073
15.47000,-7.964496,12.545926,3.003907,-92.960619,-7.010274
15.47500,-7.975339,12.692311,3.362414,-95.126888,-6.704957
15.48000,-7.984214,12.053135,2.076658,-93.851086,-6.943074
15.48500,-7.991119,12.272968,-1.499599,-95.308835,-6.865746
15.49000,-7.996052,11.826909,0.510276,-97.473653,-7.211295
15.49500,-7.999013,11.934706,6.058923,-96.926467,-6.959913
15.50000,-8.000000,12.031974,2.479515,-97.283801,-7.023473
15.50500,-7.999013,12.003057,6.427568,-96.743139,-6.934178
15.51000,-7.996052,12.626961,2.855810,-96.867059,-7.005146
15.51500,-7.991119,11.972399,-1.092655,-99.318684,-7.138712
15.52000,-7.984214,12.379230,9.681088,-97.500362,-6.937751
15.52500,-7.975339,12.055850,-3.727353,-98.725141,-6.969583
15.53000,-7.964496,12.255488,-7.165269,-100.160268,-6.984203
15.53500,-7.951688,12.742506,-3.170214,-98.211572,-6.946005
15.54000,-7.936918,11.338237,0.143168,-100.301157,-6.938127
15.54500,-7.920189,12.438346,2.122290,-101.010292,-7.050186
15.55000,-7.901507,11.682994,-0.376265,-98.918561,-7.181845
15.55500,-7.880875,11.999148,-4.124755,-98.908425,-7.180706
15.56000,-7.858298,11.751218,3.822288,-100.857797,-6.901192
15.56500,-7.833782,11.668376,-0.829051,-98.964149,-6.957875
15.57000,-7.807334,11.273891,-1.859632,-99.110240,-7.009731
15.57500,-7.778959,10.699305,-5.006752,-100.940465,-7.052669
15.58000,-7.748665,12.643855,3.850024,-98.040918,-6.993432
15.58500,-7.716459,12.080595,1.726658,-100.445296,-6.979839
15.59000,-7.682349,11.581291,-7.455499,-100.098020,-7.000059
15.59500,-7.646344,10.866809,0.889976,-103.099179,-7.018632
15.60000,-7.608452,11.863848,-3.359991,-99.512116,-6.712420
15.60500,-7.568683,12.186969,-5.867617,-100.883568,-6.885165
15.61000,-7.527046,11.660634,-0.204892,-99.533172,-6.945893
15.61500,-7.483552,10.715578,-8.014169,-101.898685,-6.991090
15.62000,-7.438212,11.148397,-5.252080,-98.393999,-6.907131
15.62500,-7.391036,11.411118,-0.727287,-97.854756,-6.734443
15.63000,-7.342037,11.206187,-5.415146,-97.136494,-6.700974
15.63500,-7.291226,11.628090,-12.300193,-102.539022,-6.767532
15.64000,-7.238616,10.695838,-9.602568,-98.150781,-6.707549
15.64500,-7.184221,10.757517,-6.148640,-98.145724,-6.708692
15.65000,-7.128052,9.915002,-10.424677,-101.754838,-6.752859
15.65500,-7.070125,11.337146,-7.647537,-98.751432,-6.473650
15.66000,-7.010453,11.050442,-5.098905,-97.636540,-6.527196
15.66500,-6.949052,10.520057,-10.669631,-95.496133,-6.275366
15.67000,-6.885936,9.866621,-13.830098,-97.714862,-6.556393
15.67500,-6.821121,10.884486,-7.449451,-96.071631,-6.450098
15.68000,-6.754623,9.841683,-2.189097,-95.921748,-6.301964
15.68500,-6.686459,9.804432,-9.963725,-94.949115,-6.367449
15.69000,-6.616645,9.434213,-7.854969,-95.335239,-6.432825
15.69500,-6.545198,9.543756,-7.646439,-93.304639,-6.338257
15.70000,-6.472136,9.639917,-8.786741,-92.661996,-6.180972
15.70500,-6.397477,9.473958,-15.640833,-94.806528,-6.102987
15.71000,-6.321240,10.279366,-8.780288,-91.318938,-6.091654
15.71500,-6.243443,10.008679,-8.652286,-92.876142,-5.924972
15.72000,-6.164106,9.630108,-14.505875,-91.683206,-5.867859
15.72500,-6.083248,9.245171,-9.724582,-89.388903,-5.875304
15.73000,-6.000889,9.347369,-15.087052,-89.897314,-5.843823
15.73500,-5.917049,8.693074,-16.510060,-88.632665,-5.809286
15.74000,-5.831749,9.291688,-15.877729,-87.652445,-5.664781
15.74500,-5.745010,8.609373,-7.896114,-87.120637,-5.562465
15.75000,-5.656854,8.661327,-8.974818,-87.670096,-5.581710
15.75500,-5.567302,8.888550,-12.318768,-87.355571,-5.474538
15.76000,-5.476377,8.249260,-6.316546,-84.635706,-5.482558
15.76500,-5.384100,7.900931,-16.584326,-83.707784,-5.520575
15.77000,-5.290495,8.777844,-9.954818,-83.315061,-5.407245
15.77500,-5.195584,7.488225,-15.824235,-83.071122,-5.156780
15.78000,-5.099392,7.536307,-22.854688,-80.952596,-5.113900
15.78500,-5.001941,7.441620,-10.939139,-81.060633,-4.923320
15.79000,-4.903256,7.486008,-13.394517,-81.683066,-4.999641
15.79500,-4.803362,7.586957,-20.817849,-78.800975,-4.840078
15.80000,-4.702282,6.147083,-16.644787,-77.561224,-4.714398
15.80500,-4.600042,7.140588,-13.235175,-76.247467,-4.666327
15.81000,-4.496667,7.791846,-16.970816,-77.169130,-4.744724
15.81500,-4.392183,7.550687,-12.425085,-75.967003,-4.618948
15.82000,-4.286614,7.267064,-22.301622,-73.650461,-4.503019
15.82500,-4.179989,6.706009,-6.929436,-73.482729,-4.529198
15.83000,-4.072331,6.675652,-16.826196,-71.948032,-4.296299
15.83500,-3.963669,6.191716,-19.531991,-69.667804,-4.153517
15.84000,-3.854029,5.561286,-18.845962,-69.173985,-4.215463
15.84500,-3.743439,6.254859,-19.613743,-66.363518,-3.879932
15.85000,-3.631924,6.394922,-23.741106,-66.986670,-4.015807
15.85500,-3.519513,5.902362,-21.900332,-64.156377,-3.915224
15.86000,-3.406234,5.598650,-16.578695,-63.712417,-3.826007
15.86500,-3.292115,5.808752,-14.114869,-60.777395,-3.779388
15.87000,-3.177183,5.408665,-22.676042,-62.491943,-3.571990
15.87500,-3.061467,5.578172,-16.182104,-61.367584,-3.516337
15.88000,-2.944996,4.754501,-19.683555,-58.491518,-3.255576
15.88500,-2.827799,4.002658,-8.765550,-59.336312,-3.263937
15.89000,-2.709903,4.793643,-15.573217,-57.989193,-3.172878
15.89500,-2.591339,4.787385,-15.134913,-55.861557,-3.150093
15.90000,-2.472136,3.907984,-16.994075,-54.395787,-3.169951
15.90500,-2.352323,4.159546,-16.549954,-55.134804,-2.936922
15.91000,-2.231929,4.187394,-19.599912,-51.866792,-2.912051
15.91500,-2.110984,2.549080,-22.078283,-51.168245,-2.629787
15.92000,-1.989519,4.560509,-11.998826,-49.471919,-2.625731
15.92500,-1.867563,3.672016,-13.070942,-47.856922,-2.352759
15.93000,-1.745146,3.076900,-14.538263,-46.891874,-2.342241
15.93500,-1.622298,2.488238,-23.557613,-44.021461,-2.227898
15.94000,-1.499051,2.127018,-19.307823,-43.287454,-2.183607
15.94500,-1.375433,4.027450,-16.423313,-42.645369,-2.080390
15.95000,-1.251476,2.289507,-19.025720,-40.904076,-1.929923
15.95500,-1.127210,2.539371,-26.916030,-38.340245,-1.796511
15.96000,-1.002666,1.777555,-19.709653,-37.179709,-1.853196
15.96500,-0.877874,1.733863,-25.273508,-35.156631,-1.625386
15.97000,-0.752867,1.963696,-24.414574,-35.312763,-1.304421
15.97500,-0.627673,1.098578,-17.508858,-33.510655,-1.467791
15.98000,-0.502324,1.277736,-33.090828,-29.844976,-1.375907
15.98500,-0.376852,1.037361,-15.114530,-30.724904,-1.310841
15.99000,-0.251286,1.139551,-24.318114,-27.225301,-1.277434
15.99500,-0.125659,1.112382,-22.043738,-26.682578,-0.903860
16.00000,0.000000,0.483298,-20.865376,-26.639205,-0.907163
16.00500,0.251286,0.959722,-22.460684,-26.236408,-0.773267
16.01000,0.502324,-0.059880,-23.238740,-22.340035,-0.507723
16.01500,0.752867,-0.283274,-27.313617,-22.341356,-0.329079
16.02000,1.002666,-0.382202,-25.754722,-20.774485,-0.555459
16.02500,1.251476,-0.859279,-33.133027,-20.366066,-0.244622
16.03000,1.499051,-0.773404,-31.151886,-15.365144,-0.168823
16.03500,1.745146,-2.687443,-32.741728,-14.975019,-0.069239
16.04000,1.989519,-2.604128,-35.604548,-13.386341,0.064310
16.04500,2.231929,-3.155210,-30.944588,-11.246988,0.143333
16.05000,2.472136,-2.008412,-37.854405,-9.675670,0.438141
16.05500,2.709903,-2.630719,-40.360301,-8.063287,0.478028
16.06000,2.944996,-3.646739,-29.603615,-5.752063,0.592932
16.06500,3.177183,-3.549374,-32.919123,-4.807759,0.829754
16.07000,3.406234,-4.826489,-36.674437,-5.577159,0.945717
16.07500,3.631924,-4.558765,-40.219716,0.215363,1.057725
16.08000,3.854029,-4.145551,-32.424910,1.838924,1.204731
16.08500,4.072331,-4.843181,-37.095187,3.401354,1.512795
16.09000,4.286614,-4.546684,-38.654677,7.285220,1.557443
16.09500,4.496667,-6.000004,-38.083970,5.937201,1.671255
16.10000,4.702282,-5.625252,-32.993577,6.351382,1.772453
16.10500,4.903256,-6.391638,-34.984723,13.620547,2.005907
16.11000,5.099392,-6.615835,-38.050445,14.604486,2.121052
16.11500,5.290495,-6.949848,-43.796776,14.484998,2.426292
16.12000,5.476377,-7.031842,-30.849515,18.216167,2.633765
16.12500,5.656854,-7.088326,-32.928527,21.738652,2.597995
16.13000,5.831749,-7.913334,-28.895514,21.977862,3.003091
16.13500,6.000889,-8.056816,-30.573494,26.418522,3.266249
16.14000,6.164106,-8.531840,-26.574223,30.647024,3.419599
16.14500,6.321240,-8.628042,-27.671910,32.243656,3.510268
16.15000,6.472136,-9.348672,-29.063972,33.057788,3.936764
16.15500,6.616645,-8.820947,-28.758230,35.945673,3.944130
16.16000,6.754623,-9.182899,-35.038460,36.964350,4.094950
16.16500,6.885936,-9.569916,-32.586126,40.718817,4.313269
16.17000,7.010453,-9.930920,-16.521090,42.690529,4.622544
16.17500,7.128052,-10.415170,-27.833167,44.437152,4.923384
16.18000,7.238616,-10.731584,-26.028378,46.546611,5.140583
16.18500,7.342037,-10.989376,-13.526810,52.849628,5.241224
16.19000,7.438212,-11.027995,-19.907836,53.215490,5.294019
16.19500,7.527046,-10.464185,-28.348946,54.422719,5.537633
16.20000,7.608452,-10.828025,-29.601385,57.595452,5.699357
16.20500,7.682349,-11.762894,-24.990251,62.264276,5.952806
16.21000,7.748665,-11.700544,-18.460813,64.853276,5.969463
16.21500,7.807334,-10.837616,-12.052756,64.670912,6.329394
16.22000,7.858298,-10.806294,-12.540367,67.986371,6.548173
16.22500,7.901507,-11.256299,-15.425012,71.133959,6.627714
16.23000,7.936918,-10.802196,-8.508567,72.003144,6.841171
16.23500,7.964496,-12.072665,-16.745269,73.302878,6.846504
16.24000,7.984214,-11.655502,-11.096101,75.748516,6.932852
16.24500,7.996052,-12.166580,-3.665365,79.053713,7.145062
16.25000,8.000000,-10.987402,4.492519,80.255361,7.447009
16.25500,7.996052,-11.777769,-8.706115,81.699524,7.548167
16.26000,7.984214,-11.798581,-8.985995,84.916270,7.504494
16.26500,7.964496,-11.824762,-2.414227,88.192881,7.767159
16.27000,7.936918,-12.268401,-0.998533,89.759200,7.701252
16.27500,7.901507,-11.981617,2.457962,90.486055,7.963074
16.28000,7.858298,-12.899808,2.895986,94.668554,7.928302
16.28500,7.807334,-12.074086,8.655632,93.176553,7.893316
16.29000,7.748665,-12.258536,11.128845,95.546382,8.067021
16.29500,7.682349,-11.428272,7.227057,95.513971,7.948612
16.30000,7.608452,-11.115986,1.482110,99.371522,7.961273
16.30500,7.527046,-11.481433,5.785330,99.609783,7.928363
16.31000,7.438212,-11.934471,8.876335,98.997534,8.108103
16.31500,7.342037,-11.853178,8.452261,101.083092,8.075275
16.32000,7.238616,-10.945943,15.682354,105.121764,8.061113
16.32500,7.128052,-11.242179,14.683976,104.776377,8.005892
16.33000,7.010453,-11.094637,14.212708,104.865342,8.158978
16.33500,6.885936,-11.287377,14.379967,106.431904,7.930541
16.34000,6.754623,-10.556294,19.424010,104.168436,7.848590
16.34500,6.616645,-10.397085,13.403797,105.542652,7.984111
16.35000,6.472136,-9.953551,12.643010,105.338486,7.930219
16.35500,6.321240,-10.497323,16.972485,106.180299,7.740818
16.36000,6.164106,-9.904366,15.647050,106.849713,7.442222
16.36500,6.000889,-10.277482,18.822634,107.948815,7.456839
16.37000,5.831749,-9.349972,11.735188,108.432883,7.469671
16.37500,5.656854,-9.207327,22.810555,108.218732,7.292617
16.38000,5.476377,-9.122704,21.252238,109.900217,7.320447
16.38500,5.290495,-8.327634,28.238469,105.810932,6.893465
16.39000,5.099392,-8.990535,30.218900,105.839571,6.955757
16.39500,4.903256,-7.512762,29.551544,105.816660,6.674563
16.40000,4.702282,-7.722557,21.318188,103.521499,6.711803
16.40500,4.496667,-7.363763,29.698027,103.288644,6.406329
16.41000,4.286614,-7.196726,30.962887,103.123637,6.344554
16.41500,4.072331,-7.312281,25.919662,100.545242,5.997139
16.42000,3.854029,-6.943407,33.389320,100.920194,5.734966
16.42500,3.631924,-5.981802,28.646382,100.492420,5.572837
16.43000,3.406234,-6.073706,26.506276,96.371252,5.425259
16.43500,3.177183,-5.603531,35.389267,93.500456,5.179715
16.44000,2.944996,-5.553587,32.146755,94.620614,5.193586
16.44500,2.709903,-4.706805,43.822501,91.592496,4.993404
16.45000,2.472136,-4.444544,36.437539,91.170802,4.667864
16.45500,2.231929,-4.926131,33.918933,88.521784,4.313711
16.46000,1.989519,-3.187024,37.283778,87.368241,4.178082
16.46500,1.745146,-3.219697,37.221999,86.204897,3.890044
16.47000,1.499051,-2.949368,37.018049,83.624815,3.869666
16.47500,1.251476,-2.799754,34.249145,79.955955,3.517719
16.48000,1.002666,-2.596059,35.135926,76.619372,3.294204
16.48500,0.752867,-1.837929,45.334546,72.613333,2.961615
16.49000,0.502324,-0.730914,35.786338,70.405594,2.554307
16.49500,0.251286,-1.496847,46.333394,69.353741,2.430564
16.50000,0.000000,-1.551021,36.308998,67.660475,2.146220
16.50500,-0.251286,-0.721133,43.289346,63.962608,2.043899
16.51000,-0.502324,-0.300297,40.028578,61.180255,1.764014
16.51500,-0.752867,0.453082,45.994158,57.076268,1.420630
16.52000,-1.002666,-0.100768,40.735383,54.006439,1.207883
16.52500,-1.251476,0.610897,40.496871,50.848146,1.149160
16.53000,-1.499051,1.038847,38.130281,50.434152,0.641472
16.53500,-1.745146,1.963463,41.272009,44.233411,0.390997
16.54000,-1.989519,2.393355,42.758768,44.072059,0.205781
16.54500,-2.231929,2.377451,43.845746,38.953634,-0.095079
16.55000,-2.472136,3.116045,39.132461,37.287917,-0.320886
16.55500,-2.709903,3.072796,39.585962,33.569237,-0.476549
16.56000,-2.944996,3.433337,38.883607,30.753814,-0.606834
16.56500,-3.177183,2.778338,30.539745,27.810703,-1.207603
16.57000,-3.406234,3.723771,39.821954,22.049594,-1.278514
16.57500,-3.631924,3.978772,33.455930,18.329421,-1.517906
16.58000,-3.854029,4.995951,38.276776,15.420652,-1.773674
16.58500,-4.072331,5.178869,35.328806,11.488768,-2.024857
16.59000,-4.286614,5.024947,35.153063,9.590579,-2.278488
16.59500,-4.496667,5.833473,36.458102,5.122653,-2.379336
16.60000,-4.702282,6.087965,30.959871,1.682581,-2.759056
16.60500,-4.903256,6.626913,35.681068,-1.421588,-2.954627
16.61000,-5.099392,6.541075,41.655304,-6.032506,-3.167956
16.61500,-5.290495,6.779063,41.106455,-7.787544,-3.379728
16.62000,-5.476377,7.901588,41.321493,-14.761118,-3.626461
16.62500,-5.656854,7.565538,37.992820,-15.914699,-3.724246
16.63000,-5.831749,8.394717,34.218518,-19.147282,-4.036134
16.63500,-6.000889,7.866867,39.761007,-24.138598,-4.224558
16.64000,-6.164106,8.415574,30.719217,-27.551037,-4.449497
16.64500,-6.321240,8.635876,33.840798,-29.171617,-4.742622
16.65000,-6.472136,8.614611,31.591543,-34.032225,-4.918415
16.65500,-6.616645,9.573412,29.073372,-39.299928,-5.128735
16.66000,-6.754623,8.935417,23.810974,-42.007814,-5.187561
16.66500,-6.885936,9.831365,27.720300,-42.604232,-5.456466
16.67000,-7.010453,9.042897,33.324917,-48.081331,-5.664176
16.67500,-7.128052,10.446132,25.939951,-48.777727,-5.701466
16.68000,-7.238616,10.367294,22.134669,-51.896703,-5.834615
16.68500,-7.342037,11.013589,23.330438,-56.852781,-6.219758
16.69000,-7.438212,11.565258,19.847571,-59.065144,-6.024549
16.69500,-7.527046,10.588580,19.993813,-63.670890,-6.334991
16.70000,-7.608452,11.036841,15.755092,-66.131342,-6.487138
16.70500,-7.682349,10.631505,21.182338,-69.359962,-6.501962
16.71000,-7.748665,11.114735,15.446560,-70.681342,-6.727728
16.71500,-7.807334,11.455759,15.065056,-75.597781,-6.914716
16.72000,-7.858298,11.555888,14.291558,-76.929749,-6.747444
16.72500,-7.901507,11.971499,6.661111,-79.310171,-7.181266
16.73000,-7.936918,11.937243,18.258091,-81.278107,-7.183147
16.73500,-7.964496,12.215841,18.163442,-86.769319,-7.181441
16.74000,-7.984214,11.579410,6.977577,-88.724008,-7.459477
16.74500,-7.996052,11.980944,19.271582,-89.923972,-7.441658
16.75000,-8.000000,11.521827,7.590534,-91.327018,-7.464786
16.75500,-7.996052,11.917160,4.188752,-92.978174,-7.327922
16.76000,-7.984214,10.853632,6.012099,-94.895226,-7.715680
16.76500,-7.964496,11.967146,5.353230,-94.659885,-7.681600
16.77000,-7.936918,12.026339,-0.036644,-98.025997,-7.654136
16.77500,-7.901507,11.791496,2.713358,-99.788697,-7.747947
16.78000,-7.858298,11.785755,-5.689801,-102.620556,-7.905118
16.78500,-7.807334,11.195395,1.620386,-102.626394,-7.764936
16.79000,-7.748665,11.586354,-5.488147,-104.110097,-7.808769
16.79500,-7.682349,11.543359,-10.309265,-105.405215,-7.781171
16.80000,-7.608452,11.810645,-5.541602,-107.478811,-7.711259
16.80500,-7.527046,11.821499,-11.941564,-107.681086,-7.714390
16.81000,-7.438212,11.343128,-3.960998,-107.583548,-7.758815
16.81500,-7.342037,11.358343,-2.652225,-111.114680,-7.744837
16.82000,-7.238616,11.444888,-15.135563,-113.423378,-7.854767
16.82500,-7.128052,10.786573,-13.689095,-110.583913,-7.719529
16.83000,-7.010453,11.443619,-17.742941,-111.188975,-7.637891
16.83500,-6.885936,11.718736,-18.984976,-112.700644,-7.646586
16.84000,-6.754623,10.855396,-18.948749,-113.227581,-7.535727
16.84500,-6.616645,10.316507,-16.769091,-109.683793,-7.559912
16.85000,-6.472136,10.424009,-23.551307,-113.474948,-7.248039
16.85500,-6.321240,10.625040,-15.340005,-114.292122,-7.103404
16.86000,-6.164106,10.461042,-10.327944,-113.262019,-7.268048
16.86500,-6.000889,9.146364,-25.006419,-111.844565,-7.091931
16.87000,-5.831749,9.620086,-21.804055,-112.740745,-7.051478
16.87500,-5.656854,8.942408,-25.253243,-111.977226,-6.790622
16.88000,-5.476377,8.817387,-34.683820,-110.555287,-6.755804
16.88500,-5.290495,8.862660,-33.248928,-110.679839,-6.667178
16.89000,-5.099392,8.710671,-18.477377,-109.198433,-6.566273
16.89500,-4.903256,8.097716,-27.146151,-108.449624,-6.393702
16.90000,-4.702282,7.579732,-21.089030,-108.579913,-6.362632
16.90500,-4.496667,7.565431,-28.374885,-106.105937,-6.044651
16.91000,-4.286614,6.922296,-25.889249,-106.270498,-6.027606
16.91500,-4.072331,7.783371,-25.720372,-102.475768,-5.740361
16.92000,-3.854029,6.090891,-33.283971,-103.166579,-5.612995
16.92500,-3.631924,6.679653,-26.080046,-100.789795,-5.342725
16.93000,-3.406234,6.153427,-27.117584,-100.949160,-5.275037
16.93500,-3.177183,5.782895,-34.513032,-97.590859,-4.986511
16.94000,-2.944996,5.007880,-33.765089,-96.656089,-4.991884
16.94500,-2.709903,4.901439,-39.569065,-91.519415,-4.644048
16.95000,-2.472136,4.621213,-28.562034,-91.338311,-4.528369
16.95500,-2.231929,4.188457,-39.835502,-88.452162,-4.282751
16.96000,-1.989519,3.959245,-36.167037,-88.854340,-4.086939
16.96500,-1.745146,3.749960,-39.262557,-85.949344,-3.788119
16.97000,-1.499051,3.157145,-39.195621,-82.312756,-3.868001
16.97500,-1.251476,3.163345,-33.879387,-81.209034,-3.413458
16.98000,-1.002666,2.917586,-37.437261,-75.758167,-3.372086
16.98500,-0.752867,2.017881,-33.728194,-74.914520,-2.874821
16.99000,-0.502324,2.178262,-38.869987,-71.568743,-2.963505
16.99500,-0.251286,1.521707,-34.394854,-68.614742,-2.633848
17.00000,-0.000000,0.888504,-43.874740,-66.294982,-2.465751
17.00500,0.251286,0.942563,-42.701895,-62.316444,-1.896337
17.01000,0.502324,0.835228,-54.233555,-61.019715,-1.949911
17.01500,0.752867,-0.140972,-34.817458,-56.787747,-1.567799
17.02000,1.002666,-1.147840,-35.673148,-52.740051,-1.389626
17.02500,1.251476,-0.436725,-45.720128,-50.739124,-1.271575
17.03000,1.499051,-0.720639,-44.129806,-47.651854,-0.879294
17.03500,1.745146,-1.977035,-40.447496,-44.944099,-0.532425
17.04000,1.989519,-1.941781,-44.354452,-41.213614,-0.369890
17.04500,2.231929,-2.064364,-34.339908,-37.181145,-0.009400
17.05000,2.472136,-3.617001,-32.293994,-34.886731,0.108030
17.05500,2.709903,-2.667892,-38.412294,-33.153988,0.392811
17.06000,2.944996,-3.055490,-37.969653,-27.603288,0.601086
17.06500,3.177183,-3.378750,-39.974171,-24.517102,0.920948
17.07000,3.406234,-3.451057,-44.288268,-20.332122,1.322797
17.07500,3.631924,-4.867805,-44.833104,-17.335582,1.413868
17.08000,3.854029,-4.380744,-41.090218,-12.059460,1.640704
17.08500,4.072331,-4.169805,-38.060178,-11.738016,1.801351
17.09000,4.286614,-6.402540,-32.108298,-7.938616,2.027856
17.09500,4.496667,-5.948626,-39.557000,-2.531674,2.488324
17.10000,4.702282,-5.826878,-34.351700,-0.927770,2.466142
17.10500,4.903256,-6.743914,-27.289211,4.171483,2.719392
17.11000,5.099392,-7.523416,-26.947588,7.312916,3.031617
17.11500,5.290495,-6.935297,-29.927481,8.599341,3.226193
17.12000,5.476377,-7.297349,-29.531899,15.143153,3.689091
17.12500,5.656854,-7.966550,-42.955684,19.453684,3.476974
17.13000,5.831749,-7.847562,-34.045262,21.599895,3.967281
17.13500,6.000889,-7.845283,-30.181586,23.214944,4.215684
17.14000,6.164106,-8.078788,-30.494126,29.167583,4.241169
17.14500,6.321240,-8.585723,-26.392521,30.475418,4.493603
17.15000,6.472136,-9.534036,-24.529917,34.910310,4.801726
17.15500,6.616645,-9.389992,-25.640593,38.866857,5.117108
17.16000,6.754623,-10.451431,-31.402648,40.801958,5.052280
17.16500,6.885936,-10.169489,-28.069268,43.017286,5.171766
17.17000,7.010453,-9.871814,-29.064528,48.015563,5.607499
17.17500,7.128052,-9.918054,-19.514905,51.299818,5.837395
17.18000,7.238616,-10.355117,-21.447825,53.489835,5.820255
17.18500,7.342037,-10.537227,-16.649773,56.640275,5.795295
17.19000,7.438212,-11.528871,-20.306814,61.392925,6.319670
17.19500,7.527046,-11.412045,-24.354573,63.389141,6.305467
17.20000,7.608452,-11.512413,-19.352540,65.841091,6.582731
17.20500,7.682349,-11.422679,-21.883236,68.516683,6.604195
17.21000,7.748665,-11.557820,-22.666696,72.144923,6.702750
17.21500,7.807334,-10.514601,-22.275767,74.739327,6.820244
17.22000,7.858298,-11.118315,-10.293022,77.041707,7.131403
17.22500,7.901507,-12.070304,-14.384693,78.179933,7.238888
17.23000,7.936918,-12.008857,-16.437482,81.796987,6.985447
17.23500,7.964496,-12.034902,-13.304300,83.874313,7.203010
17.24000,7.984214,-12.115850,-9.621531,86.955206,7.564752
17.24500,7.996052,-12.142321,-8.980033,90.399747,7.432637
17.25000,8.000000,-12.821627,-8.312036,92.278508,7.408423
17.25500,7.996052,-11.503512,-8.194267,93.949439,7.612920
17.26000,7.984214,-11.726951,-1.252809,95.275126,7.661870
17.26500,7.964496,-11.749143,-4.897740,96.616121,7.715631
17.27000,7.936918,-11.967706,5.583781,99.109399,7.722361
17.27500,7.901507,-11.799342,-4.476992,99.828329,7.776662
17.28000,7.858298,-12.115765,-11.198423,101.527207,7.791660
17.28500,7.807334,-12.752527,-1.954153,102.401764,7.892622
17.29000,7.748665,-11.818167,5.338097,104.640568,7.791865
17.29500,7.682349,-11.793838,5.587384,105.853253,7.850565
17.30000,7.608452,-12.281924,8.395053,109.172823,7.863669
17.30500,7.527046,-12.582716,10.087849,108.734096,7.999623
17.31000,7.438212,-11.062944,15.482882,108.597812,7.889217
17.31500,7.342037,-11.858961,7.079433,110.723363,7.816054
17.32000,7.238616,-11.394261,15.324342,110.011020,7.848243
17.32500,7.128052,-11.467165,12.662804,112.294268,7.795024
17.33000,7.010453,-10.322822,12.152378,112.517340,7.815463
17.33500,6.885936,-11.501477,20.930675,115.298932,7.701797
17.34000,6.754623,-10.266284,21.634334,111.047629,7.767754
17.34500,6.616645,-11.596418,9.999243,112.350810,7.652287
17.35000,6.472136,-9.958454,21.747904,112.349366,7.435629
17.35500,6.321240,-10.357230,22.450351,112.750786,7.313011
17.36000,6.164106,-10.889223,14.745217,113.045146,7.350465
17.36500,6.000889,-9.700833,17.963257,110.844829,7.214204
17.37000,5.831749,-9.529613,21.162465,110.730971,7.046321
17.37500,5.656854,-9.941768,22.365889,111.388151,6.794248
17.38000,5.476377,-8.868958,28.495330,111.525382,6.638196
17.38500,5.290495,-8.777146,30.217789,108.431734,6.729432
17.39000,5.099392,-8.300137,20.575552,107.111712,6.637994
17.39500,4.903256,-8.820369,15.734728,109.221272,6.501037
17.40000,4.702282,-8.268841,24.495737,107.831833,6.145103
17.40500,4.496667,-8.073249,30.501461,106.953723,6.225202
17.41000,4.286614,-7.320445,31.215882,103.367985,5.909060
17.41500,4.072331,-7.293038,36.488740,102.879996,5.836850
17.42000,3.854029,-7.183942,36.969147,101.899852,5.669362
17.42500,3.631924,-5.865690,37.244625,100.578721,5.371393
17.43000,3.406234,-6.348595,28.416107,98.284061,5.211319
17.43500,3.177183,-5.336060,39.589054,96.603912,4.876502
17.44000,2.944996,-5.112463,30.616786,95.948514,4.800902
17.44500,2.709903,-5.428089,42.150874,92.368276,4.515953
17.45000,2.472136,-5.555957,39.906782,90.201731,4.539446
17.45500,2.231929,-4.348082,38.754610,88.205165,4.296517
17.46000,1.989519,-3.794465,40.100774,85.898756,4.172418
17.46500,1.745146,-3.229226,39.921260,84.320534,3.903065
17.47000,1.499051,-3.198425,37.253286,81.552556,3.586459
17.47500,1.251476,-2.815655,32.634671,78.828612,3.463798
17.48000,1.002666,-2.898452,42.463950,78.380138,3.165731
17.48500,0.752867,-2.568072,41.511739,74.499102,3.038395
17.49000,0.502324,-0.535869,41.941825,71.087716,2.778607
17.49500,0.251286,-1.036410,38.500230,70.125100,2.414929
17.50000,0.000000,-1.703673,43.994471,65.253819,2.278610
17.50500,-0.251286,-0.639124,37.523534,62.975452,2.046135
17.51000,-0.502324,-0.196795,34.712885,59.913979,1.769967
17.51500,-0.752867,-0.767802,45.001016,56.356660,1.648839
17.52000,-1.002666,0.243043,39.400648,53.497056,1.487666
17.52500,-1.251476,0.979082,37.807945,50.895402,1.034847
17.53000,-1.499051,1.818089,38.613648,46.016194,0.791084
17.53500,-1.745146,2.175499,46.990717,43.963374,0.354764
17.54000,-1.989519,1.716209,41.856499,41.412081,0.320156
17.54500,-2.231929,2.102363,38.350630,38.132795,0.042195
17.55000,-2.472136,2.410548,35.841573,34.811511,-0.377849
17.55500,-2.709903,3.068924,36.286466,33.718928,-0.379611
17.56000,-2.944996,3.699331,39.102171,28.432033,-0.596025
17.56500,-3.177183,3.258115,33.116814,24.088935,-0.974817
17.57000,-3.406234,3.979126,37.588098,20.651554,-1.183795
17.57500,-3.631924,4.158303,37.334492,17.302079,-1.487333
17.58000,-3.854029,4.428157,33.155518,14.291577,-1.556847
17.58500,-4.072331,4.881729,36.146584,9.960326,-2.026286
17.59000,-4.286614,6.210119,33.551587,8.451972,-2.144915
17.59500,-4.496667,6.506950,37.224883,2.005251,-2.155281
17.60000,-4.702282,6.717922,42.878520,0.409073,-2.580370
17.60500,-4.903256,5.717030,43.389166,-3.267886,-2.770966
17.61000,-5.099392,6.864117,30.830641,-8.633316,-3.062042
17.61500,-5.290495,8.057053,33.943061,-10.180287,-3.391499
17.62000,-5.476377,7.520205,36.206103,-13.772929,-3.500437
17.62500,-5.656854,7.337441,31.629387,-18.602728,-3.676302
17.63000,-5.831749,8.176988,26.061533,-18.791652,-4.035624
17.63500,-6.000889,8.094300,28.578140,-24.037377,-4.111293
17.64000,-6.164106,8.304041,26.751227,-28.629793,-4.229046
17.64500,-6.321240,8.844572,25.207816,-32.201939,-4.450529
17.65000,-6.472136,9.191488,29.748352,-35.872744,-4.915631
17.65500,-6.616645,9.161783,27.900484,-38.098651,-5.049541
17.66000,-6.754623,9.461782,23.579651,-41.620662,-5.303351
17.66500,-6.885936,9.263259,32.891352,-46.520930,-5.219245
17.67000,-7.010453,9.893648,24.295649,-49.325198,-5.444949
17.67500,-7.128052,10.421520,31.415942,-52.133474,-5.609773
17.68000,-7.238616,10.355683,21.848331,-54.906433,-5.936690
17.68500,-7.342037,10.428895,23.186541,-57.926744,-6.128317
17.69000,-7.438212,10.068064,19.566711,-61.275508,-6.160585
17.69500,-7.527046,11.322104,19.020591,-62.771449,-6.308911
17.70000,-7.608452,10.507556,14.717095,-65.316769,-6.549090
17.70500,-7.682349,11.430987,12.370311,-69.109240,-6.587419
17.71000,-7.748665,11.123554,12.577135,-74.382543,-6.668717
17.71500,-7.807334,11.738799,18.483110,-74.801740,-6.835412
17.72000,-7.858298,11.950875,17.738968,-76.613869,-7.080559
17.72500,-7.901507,11.475260,16.659904,-79.858352,-7.299381
17.73000,-7.936918,10.411087,6.419179,-81.920439,-7.218041
17.73500,-7.964496,10.906468,16.829523,-84.481757,-7.272886
17.74000,-7.984214,11.423785,11.282142,-88.541158,-7.405438
17.74500,-7.996052,11.498946,4.173760,-91.896554,-7.505051
17.75000,-8.000000,12.054747,5.863356,-90.515425,-7.606798
17.75500,-7.996052,12.799390,5.250286,-93.809513,-7.533825
17.76000,-7.984214,12.259845,5.394305,-94.704470,-7.671199
17.76500,-7.964496,11.926208,-5.244684,-97.342067,-7.706498
17.77000,-7.936918,12.550279,-4.417171,-98.937972,-7.861413
17.77500,-7.901507,11.879740,3.288470,-98.877454,-7.863852
17.78000,-7.858298,12.294095,1.639167,-103.272506,-7.815210
17.78500,-7.807334,12.046409,-5.826045,-103.403010,-7.954491
17.79000,-7.748665,11.017106,-3.439402,-105.949371,-7.994341
17.79500,-7.682349,12.181050,-0.551483,-105.900051,-7.907835
17.80000,-7.608452,12.440222,-5.421527,-106.589057,-7.753464
17.80500,-7.527046,11.460443,-8.144466,-107.426589,-7.845736
17.81000,-7.438212,11.831899,-15.330097,-108.907188,-7.702018
17.81500,-7.342037,11.614437,-14.028680,-111.421444,-7.836981
17.82000,-7.238616,11.160673,-8.691043,-110.329897,-7.822740
17.82500,-7.128052,10.981783,-11.641864,-110.211379,-7.891313
17.83000,-7.010453,11.418431,-11.308260,-110.588575,-7.762116
17.83500,-6.885936,10.569389,-18.718055,-109.698026,-7.505585
17.84000,-6.754623,10.446705,-25.521087,-111.717659,-7.553899
17.84500,-6.616645,10.856961,-19.199690,-113.628875,-7.443165
17.85000,-6.472136,10.704505,-19.606704,-113.124037,-7.368439
17.85500,-6.321240,10.775682,-20.110662,-112.390401,-7.355139
17.86000,-6.164106,9.660555,-14.089655,-111.150321,-7.282559
17.86500,-6.000889,9.125923,-15.449997,-113.291658,-7.150804
17.87000,-5.831749,9.925188,-20.702698,-110.618055,-6.989128
17.87500,-5.656854,8.578525,-22.835116,-110.402868,-6.897164
17.88000,-5.476377,8.809469,-22.851505,-111.473108,-6.773552
17.88500,-5.290495,8.637351,-25.894447,-109.111749,-6.680457
17.89000,-5.099392,9.194625,-21.539213,-109.799303,-6.639469
17.89500,-4.903256,8.208861,-33.826294,-108.017515,-6.448537
17.90000,-4.702282,7.406661,-24.632426,-107.302034,-6.370271
17.90500,-4.496667,7.619743,-27.442242,-105.552325,-6.022800
17.91000,-4.286614,7.899333,-30.951213,-105.865026,-6.175362
17.91500,-4.072331,6.271552,-37.150512,-102.615706,-5.822161
17.92000,-3.854029,6.169982,-30.108082,-104.142372,-5.391032
17.92500,-3.631924,6.845339,-36.827187,-100.625556,-5.488568
17.93000,-3.406234,6.141458,-37.979040,-99.141222,-5.386866
17.93500,-3.177183,5.333011,-34.267952,-95.011237,-5.088650
17.94000,-2.944996,5.341813,-35.297165,-94.309492,-4.766333
17.94500,-2.709903,5.120742,-35.147505,-93.496896,-4.715335
17.95000,-2.472136,4.260527,-38.797567,-91.908461,-4.436985
17.95500,-2.231929,4.156755,-36.513727,-88.752610,-4.283118
17.96000,-1.989519,4.659644,-29.633098,-87.272134,-4.120950
17.96500,-1.745146,3.824015,-37.328490,-81.798329,-3.554524
17.97000,-1.499051,3.801453,-41.641388,-84.962855,-3.645548
17.97500,-1.251476,2.950105,-41.635184,-79.352185,-3.485496
17.98000,-1.002666,2.361391,-41.220528,-79.602448,-3.256406
17.98500,-0.752867,2.358922,-32.798509,-73.112587,-2.941682
17.99000,-0.502324,1.471023,-37.127726,-72.459123,-2.708342
17.99500,-0.251286,1.639264,-33.466105,-67.029715,-2.438821
18.00000,-0.000000,0.980252,-38.053708,-66.579059,-2.266340
18.00500,0.251286,0.609829,-32.940601,-61.880654,-2.185947
18.01000,0.502324,0.243544,-47.643548,-59.895968,-1.749352
18.01500,0.752867,-0.420773,-46.896532,-55.794041,-1.591862
18.02000,1.002666,0.181083,-39.461887,-54.004342,-1.346322
18.02500,1.251476,-1.409958,-38.248653,-54.195363,-1.221641
18.03000,1.499051,-1.055264,-45.221634,-48.527289,-0.884951
18.03500,1.745146,-2.057660,-41.970226,-46.226644,-0.653882
18.04000,1.989519,-1.514769,-42.272209,-40.184808,-0.337738
18.04500,2.231929,-2.361526,-37.390530,-37.328433,-0.232331
18.05000,2.472136,-2.558871,-43.568938,-34.570666,0.165725
18.05500,2.709903,-2.804645,-44.348332,-30.693894,0.420356
18.06000,2.944996,-3.215310,-42.077968,-27.567763,0.542597
18.06500,3.177183,-3.648705,-42.861700,-24.980430,0.838388
18.07000,3.406234,-3.928938,-38.549907,-18.719440,1.060373
18.07500,3.631924,-4.289610,-38.981975,-17.136870,1.481347
18.08000,3.854029,-4.978009,-34.840252,-14.116088,1.380024
18.08500,4.072331,-5.252258,-40.291447,-12.012795,1.840056
18.09000,4.286614,-5.567646,-39.046369,-7.552236,1.947471
18.09500,4.496667,-6.100946,-40.525801,-3.319961,2.307807
18.10000,4.702282,-6.354330,-27.555148,0.003259,2.670785
18.10500,4.903256,-5.891294,-39.071573,3.206544,2.755200
18.11000,5.099392,-7.367901,-32.602230,7.208405,3.061822
18.11500,5.290495,-6.358935,-32.255961,9.542574,3.189943
18.12000,5.476377,-7.593350,-38.095584,14.308685,3.692167
18.12500,5.656854,-7.403841,-29.870380,16.083574,3.809284
18.13000,5.831749,-7.950955,-30.588792,20.324660,4.046956
18.13500,6.000889,-8.307023,-34.779688,23.919102,4.013386
18.14000,6.164106,-8.266252,-37.254737,29.135730,4.244395
18.14500,6.321240,-8.047705,-31.661744,32.121372,4.666787
18.15000,6.472136,-9.065979,-31.300720,35.038055,4.738639
18.15500,6.616645,-9.275085,-32.539758,37.021837,4.927043
18.16000,6.754623,-9.723345,-31.093179,41.157466,5.176188
18.16500,6.885936,-8.869395,-24.478354,45.749643,5.201848
18.17000,7.010453,-9.445966,-28.729074,49.469241,5.584520
18.17500,7.128052,-9.673996,-28.975796,49.617614,5.683059
18.18000,7.238616,-10.328609,-22.914833,53.894046,5.897730
18.18500,7.342037,-11.324674,-16.754715,57.557223,5.945297
18.19000,7.438212,-10.503191,-25.740100,60.835255,6.220667
18.19500,7.527046,-11.620127,-25.143315,63.406819,6.249375
18.20000,7.608452,-11.288874,-13.500073,67.026350,6.560037
18.20500,7.682349,-10.762906,-26.745572,67.504076,6.715686
18.21000,7.748665,-11.546909,-18.200173,73.587282,6.825455
18.21500,7.807334,-11.711832,-10.311551,73.274472,6.910783
18.22000,7.858298,-12.428604,-15.072497,77.218604,7.040702
18.22500,7.901507,-11.333136,-15.938006,80.265775,6.817480
18.23000,7.936918,-11.547582,-12.059032,83.434543,7.276403
18.23500,7.964496,-12.002854,-8.153671,85.517485,7.262521
18.24000,7.984214,-11.710188,-12.741737,87.772165,7.389469
18.24500,7.996052,-12.592279,-8.647203,90.426832,7.434252
18.25000,8.000000,-12.348363,-9.362908,90.956871,7.398679
18.25500,7.996052,-11.904581,-4.137375,93.984388,7.551968
18.26000,7.984214,-11.633941,-3.569732,96.797152,7.732273
18.26500,7.964496,-12.022515,-6.331490,96.086583,7.861110
18.27000,7.936918,-12.520135,-2.646657,97.118849,7.701976
18.27500,7.901507,-12.191405,-0.176021,99.204255,7.711380
18.28000,7.858298,-11.487841,5.510941,103.437560,7.977180
18.28500,7.807334,-12.164694,1.445064,104.696414,7.765505
18.29000,7.748665,-11.754611,-0.524706,104.265587,8.075967
18.29500,7.682349,-11.613967,4.514323,106.177211,7.879960
18.30000,7.608452,-11.949443,13.860552,107.570037,7.785247
18.30500,7.527046,-11.620611,12.080076,109.242554,7.963385
18.31000,7.438212,-12.283549,13.722217,106.909773,8.017706
18.31500,7.342037,-11.662688,3.430069,109.198575,7.679966
18.32000,7.238616,-11.283539,18.640998,110.239568,7.947652
18.32500,7.128052,-10.898383,13.723593,111.484353,7.723478
18.33000,7.010453,-10.474184,14.130736,111.705032,7.853034
18.33500,6.885936,-11.064981,14.355260,111.649012,7.610961
18.34000,6.754623,-10.500690,17.450741,112.593926,7.428452
18.34500,6.616645,-10.575117,8.059135,109.571035,7.566561
18.35000,6.472136,-10.664798,21.676370,115.900130,7.531538
18.35500,6.321240,-10.464721,12.861675,113.331523,7.563768
18.36000,6.164106,-9.955821,26.834243,113.227655,7.434322
18.36500,6.000889,-9.711265,22.104173,111.226137,7.232008
18.37000,5.831749,-9.802203,19.129661,112.025350,7.032182
18.37500,5.656854,-8.101400,18.737131,113.345160,6.890495
18.38000,5.476377,-9.018376,22.900934,112.468326,6.792909
18.38500,5.290495,-8.475392,31.376312,109.803122,6.612286
18.39000,5.099392,-8.602537,25.876359,107.505434,6.534472
18.39500,4.903256,-7.050468,27.346321,108.128150,6.167101
18.40000,4.702282,-8.876408,24.397785,106.566703,6.293517
18.40500,4.496667,-7.802663,35.227565,106.698982,6.120157
18.41000,4.286614,-7.281935,28.391047,103.067646,6.221458
18.41500,4.072331,-6.559181,27.609718,102.924004,5.875984
18.42000,3.854029,-6.772440,32.672061,101.973547,5.581694
18.42500,3.631924,-6.850174,29.394531,99.590375,5.510599
18.43000,3.406234,-5.455716,31.726611,99.627001,5.150128
18.43500,3.177183,-5.508618,26.421260,95.426269,5.026193
18.44000,2.944996,-5.561162,27.307298,93.462609,4.708141
18.44500,2.709903,-5.219748,36.977406,92.502131,4.842855
18.45000,2.472136,-4.876275,31.945241,91.780531,4.557600
18.45500,2.231929,-4.356405,38.091020,88.388467,4.175160
18.46000,1.989519,-4.786492,38.279971,85.850498,4.077340
18.46500,1.745146,-3.656976,39.861596,85.108412,3.964989
18.47000,1.499051,-3.607716,40.178348,82.075622,3.702096
18.47500,1.251476,-2.786292,42.391803,78.772502,3.469836
18.48000,1.002666,-2.485018,37.625418,76.954842,3.121282
18.48500,0.752867,-2.694112,37.154477,73.930911,2.915865
18.49000,0.502324,-1.318315,43.381985,72.185176,2.758768
18.49500,0.251286,-1.193101,34.459474,68.901627,2.608243
18.50000,0.000000,-1.512437,35.539774,65.019187,2.197406
18.50500,-0.251286,-1.199489,34.323329,62.481334,1.930208
18.51000,-0.502324,-0.669567,36.467623,59.593567,1.917193
18.51500,-0.752867,0.138396,45.116886,57.453209,1.467737
18.52000,-1.002666,0.898692,45.695346,54.384442,1.425566
18.52500,-1.251476,0.370239,38.180417,49.909438,1.097489
18.53000,-1.499051,0.798486,33.970662,47.448717,0.915795
18.53500,-1.745146,1.713903,36.821396,44.780722,0.755853
18.54000,-1.989519,1.849191,40.763951,42.394211,0.403130
18.54500,-2.231929,2.219281,46.407923,38.138363,0.164566
18.55000,-2.472136,2.560135,38.786971,36.691808,-0.252488
18.55500,-2.709903,2.841992,43.456781,31.160515,-0.477430
18.56000,-2.944996,4.070371,42.602694,28.542023,-0.590145
18.56500,-3.177183,4.108585,32.952706,23.917725,-0.747167
18.57000,-3.406234,3.919270,43.534291,19.708612,-1.006710
18.57500,-3.631924,4.933512,43.825646,17.455542,-1.158282
18.58000,-3.854029,5.545938,40.379902,14.375985,-1.601977
18.58500,-4.072331,5.298357,37.213046,10.684204,-1.853995
18.59000,-4.286614,5.567735,42.206864,6.960796,-2.012867
18.59500,-4.496667,5.567980,39.026591,2.896297,-2.349006
18.60000,-4.702282,6.151040,36.854238,-1.182388,-2.592091
18.60500,-4.903256,6.513199,37.443692,-4.136256,-2.923119
18.61000,-5.099392,7.280601,41.092888,-6.807276,-2.948540
18.61500,-5.290495,6.649561,30.272804,-9.785850,-3.381781
18.62000,-5.476377,6.666175,32.790782,-18.041738,-3.446467
18.62500,-5.656854,7.429189,30.934955,-17.182541,-3.859826
18.63000,-5.831749,8.079364,33.289357,-20.134321,-3.824119
18.63500,-6.000889,7.367168,32.094205,-23.391615,-4.249328
18.64000,-6.164106,8.390141,29.058834,-27.810934,-4.270071
18.64500,-6.321240,8.398682,30.872530,-30.896755,-4.717706
18.65000,-6.472136,8.521108,28.432119,-35.518187,-4.802043
18.65500,-6.616645,9.290640,33.401807,-38.460968,-4.834748
18.66000,-6.754623,9.954390,31.767313,-41.077517,-5.223317
18.66500,-6.885936,9.128295,26.016337,-46.153447,-5.320738
18.67000,-7.010453,10.006723,25.622814,-49.030429,-5.554941
18.67500,-7.128052,10.048272,22.909518,-51.096732,-5.912450
18.68000,-7.238616,10.585510,19.665103,-55.928363,-5.818801
18.68500,-7.342037,10.503934,23.993205,-57.444395,-5.969102
18.69000,-7.438212,10.414153,25.217588,-62.171977,-6.280155
18.69500,-7.527046,11.212779,12.098336,-63.244633,-6.262463
18.70000,-7.608452,11.176495,14.738008,-66.318514,-6.544098
18.70500,-7.682349,10.712915,22.334627,-69.800323,-6.703003
18.71000,-7.748665,10.439537,22.495345,-72.978455,-6.733405
18.71500,-7.807334,11.098956,11.607773,-75.174568,-6.927280
18.72000,-7.858298,11.589008,9.592415,-79.721266,-6.747598
18.72500,-7.901507,11.926470,7.094776,-80.193110,-7.244225
18.73000,-7.936918,11.453480,16.282645,-82.071026,-7.118817
18.73500,-7.964496,11.606592,11.348450,-83.228788,-7.190923
18.74000,-7.984214,11.076958,8.945927,-87.434744,-7.578205
18.74500,-7.996052,11.693586,4.741482,-89.265338,-7.636202
18.75000,-8.000000,11.972447,10.037289,-89.631535,-7.481701
18.75500,-7.996052,11.709528,3.816778,-91.269239,-7.654166
18.76000,-7.984214,11.928620,10.209688,-95.690898,-7.627926
18.76500,-7.964496,11.568532,2.344251,-95.813808,-7.605057
18.77000,-7.936918,11.593962,5.419181,-97.414329,-7.801674
18.77500,-7.901507,12.066292,2.895963,-99.799952,-7.908523
18.78000,-7.858298,11.274706,-0.004561,-103.028432,-8.105191
18.78500,-7.807334,11.886236,-3.112043,-104.425863,-7.833453
18.79000,-7.748665,12.321353,4.111529,-104.072098,-7.961331
18.79500,-7.682349,11.523768,0.990947,-103.349865,-7.843548
18.80000,-7.608452,11.477679,-9.696264,-107.297937,-7.850578
18.80500,-7.527046,11.248130,0.187285,-106.374776,-8.003513
18.81000,-7.438212,10.953404,-13.479095,-106.934126,-7.675497
18.81500,-7.342037,11.140992,-6.931664,-111.269635,-7.715224
18.82000,-7.238616,10.729999,-7.604528,-111.251756,-7.706602
18.82500,-7.128052,11.031919,-11.699993,-109.491013,-7.870350
18.83000,-7.010453,10.750897,-17.117798,-110.579345,-7.745027
18.83500,-6.885936,10.352988,-17.980081,-111.437487,-7.703899
18.84000,-6.754623,10.669955,-11.583044,-112.334309,-7.628013
18.84500,-6.616645,10.895108,-19.653910,-111.775001,-7.628924
18.85000,-6.472136,10.621043,-17.561643,-113.235074,-7.395250
18.85500,-6.321240,9.977964,-17.839038,-109.662346,-7.330929
18.86000,-6.164106,9.875690,-22.553155,-113.581266,-7.225142
18.86500,-6.000889,9.233221,-25.408437,-114.017641,-7.213093
18.87000,-5.831749,9.338598,-27.281006,-111.443472,-6.926726
18.87500,-5.656854,9.477907,-24.751630,-109.487162,-6.923878
18.88000,-5.476377,9.274348,-19.764846,-111.040170,-7.096694
18.88500,-5.290495,9.264237,-25.568185,-109.825127,-6.759658
18.89000,-5.099392,7.814049,-27.218186,-110.076267,-6.567712
18.89500,-4.903256,8.819493,-19.814390,-108.075313,-6.325300
18.90000,-4.702282,8.049170,-22.118359,-108.084508,-6.305748
18.90500,-4.496667,8.248111,-25.235730,-106.916810,-6.148128
18.91000,-4.286614,7.311246,-27.866325,-106.187286,-6.030874
18.91500,-4.072331,7.517785,-28.116340,-103.791664,-5.733349
18.92000,-3.854029,6.688385,-27.148613,-99.629723,-5.674637
18.92500,-3.631924,5.942880,-30.872314,-100.219712,-5.514490
18.93000,-3.406234,6.193057,-28.797201,-98.277712,-5.347242
18.93500,-3.177183,5.523770,-32.537658,-94.231854,-5.030819
18.94000,-2.944996,5.383603,-30.021314,-95.592981,-4.948583
18.94500,-2.709903,5.277824,-40.541279,-94.054050,-4.866860
18.95000,-2.472136,5.039035,-39.933924,-90.312164,-4.435810
18.95500,-2.231929,4.638779,-29.852348,-90.149327,-4.363147
18.96000,-1.989519,4.416869,-31.119731,-86.180276,-4.047638
18.96500,-1.745146,3.014913,-40.571445,-82.956112,-3.832419
18.97000,-1.499051,3.779718,-42.014378,-83.078768,-3.531950
18.97500,-1.251476,2.589424,-33.615120,-79.986730,-3.326921
18.98000,-1.002666,2.606071,-39.394242,-74.955197,-3.264784
18.98500,-0.752867,2.029237,-38.413250,-75.427990,-2.996342
18.99000,-0.502324,1.347699,-33.405117,-72.311161,-2.878468
18.99500,-0.251286,1.821336,-36.975958,-68.517522,-2.348060
19.00000,-0.000000,0.656838,-39.202907,-66.307863,-2.236175
19.00500,0.251286,0.473162,-34.344452,-64.013195,-1.902846
19.01000,0.502324,0.932315,-46.918818,-58.304744,-1.834542
19.01500,0.752867,-0.985942,-42.665801,-57.733847,-1.766134
19.02000,1.002666,-1.126764,-27.507351,-53.635944,-1.164249
19.02500,1.251476,-0.407534,-37.060153,-51.341792,-1.063800
19.03000,1.499051,-1.350816,-33.560008,-47.961101,-0.814192
19.03500,1.745146,-1.227517,-43.655033,-46.019898,-0.575565
19.04000,1.989519,-1.931954,-31.773266,-40.171058,-0.269566
19.04500,2.231929,-2.498923,-45.301711,-38.384172,-0.033423
19.05000,2.472136,-2.377005,-37.349834,-33.124358,0.001275
19.05500,2.709903,-3.325775,-38.224703,-32.481982,0.516682
19.06000,2.944996,-3.626339,-43.194053,-28.307235,0.601682
19.06500,3.177183,-3.660831,-36.670388,-23.788713,0.854075
19.07000,3.406234,-4.570011,-51.623847,-20.739719,1.319173
19.07500,3.631924,-5.063918,-35.160150,-18.117109,1.482532
19.08000,3.854029,-5.502558,-38.185525,-14.032960,1.599260
19.08500,4.072331,-4.769513,-40.403199,-11.822571,1.688390
19.09000,4.286614,-4.695432,-43.326061,-6.780611,2.129850
19.09500,4.496667,-5.337539,-42.283469,-6.287283,2.404865
19.10000,4.702282,-6.421477,-41.023312,0.416607,2.577782
19.10500,4.903256,-6.692530,-40.061090,5.279215,2.693430
19.11000,5.099392,-7.204556,-35.161734,8.289699,2.968637
19.11500,5.290495,-7.101363,-40.728212,11.765128,3.148703
19.12000,5.476377,-6.969597,-36.826884,13.849883,3.519358
19.12500,5.656854,-7.725868,-40.634704,18.369817,3.799764
19.13000,5.831749,-7.990560,-23.822181,20.848022,4.036635
19.13500,6.000889,-9.605161,-29.570588,24.657255,4.072953
19.14000,6.164106,-8.403264,-41.783774,28.081272,4.378097
19.14500,6.321240,-9.292163,-27.201160,27.820085,4.614021
19.15000,6.472136,-9.150584,-17.895456,36.014958,4.706801
19.15500,6.616645,-9.139588,-27.008838,38.829248,4.937897
19.16000,6.754623,-9.474922,-25.212070,42.567323,5.355379
19.16500,6.885936,-9.441757,-24.085320,43.816074,5.348013
19.17000,7.010453,-9.327190,-17.341298,48.880721,5.595458
19.17500,7.128052,-11.122400,-15.163705,51.813121,5.637590
19.18000,7.238616,-11.016771,-22.081268,51.884055,5.853837
19.18500,7.342037,-9.865872,-30.605344,55.477938,5.840691
19.19000,7.438212,-10.528104,-21.586268,60.526739,6.166689
19.19500,7.527046,-11.194682,-27.149193,62.671934,6.439334
19.20000,7.608452,-11.160020,-25.069173,66.286243,6.674620
19.20500,7.682349,-11.189092,-13.644797,68.407970,6.722353
19.21000,7.748665,-10.885954,-17.569735,73.560380,6.802880
19.21500,7.807334,-11.581672,-17.177509,72.428666,6.864330
19.22000,7.858298,-11.558565,-12.254631,75.640475,6.917105
19.22500,7.901507,-12.213735,-9.762050,78.607419,7.072429
19.23000,7.936918,-11.129491,-15.565948,80.624532,7.254151
19.23500,7.964496,-11.628954,-4.459637,83.881528,7.211324
19.24000,7.984214,-12.079183,-13.196717,86.786227,7.473419
19.24500,7.996052,-12.494754,-5.471185,87.518566,7.364106
19.25000,8.000000,-11.984768,-8.266825,91.550541,7.359817
19.25500,7.996052,-11.636805,-6.490357,94.641882,7.504562
19.26000,7.984214,-11.057264,-5.933497,96.330896,7.499535
19.26500,7.964496,-11.224909,0.998151,99.196102,7.581724
19.27000,7.936918,-12.176038,1.598947,99.961505,7.877785
19.27500,7.901507,-12.175459,-0.713224,100.299441,7.781905
19.28000,7.858298,-12.378483,5.436511,103.883783,7.853702
19.28500,7.807334,-11.734701,-3.992649,104.123605,7.969932
19.29000,7.748665,-12.190790,4.851983,106.783624,7.994425
19.29500,7.682349,-11.566640,-1.439637,105.702596,7.824390
19.30000,7.608452,-11.595140,-6.165254,104.694882,8.006837
19.30500,7.527046,-11.467075,-0.120277,106.778150,7.903362
19.31000,7.438212,-11.949910,11.446345,109.216752,7.848484
19.31500,7.342037,-10.947760,8.674970,110.450384,7.867995
19.32000,7.238616,-11.390819,10.897167,110.312216,7.648771
19.32500,7.128052,-11.682371,7.925139,112.268334,7.672978
19.33000,7.010453,-11.044557,9.751391,110.342718,7.693384
19.33500,6.885936,-10.799102,9.004031,111.225036,7.710183
19.34000,6.754623,-10.681227,14.629220,113.395961,7.549206
19.34500,6.616645,-10.133447,17.098910,112.503840,7.503581
19.35000,6.472136,-9.837245,17.424232,112.601925,7.535876
19.35500,6.321240,-9.188660,18.336036,114.013128,7.495279
19.36000,6.164106,-9.976137,18.817561,113.488714,7.338569
19.36500,6.000889,-9.209357,21.207871,111.079975,7.289459
19.37000,5.831749,-10.579093,24.736452,111.803891,7.015531
19.37500,5.656854,-8.467277,19.392271,109.159906,6.911989
19.38000,5.476377,-9.020122,26.090469,110.444616,6.854365
19.38500,5.290495,-8.223056,29.595618,110.173883,6.665390
19.39000,5.099392,-8.592001,20.219542,106.954131,6.511210
19.39500,4.903256,-7.994619,23.649607,109.717005,6.587460
19.40000,4.702282,-7.679717,26.293383,109.162760,6.255480
19.40500,4.496667,-7.911741,24.270289,106.322400,6.026327
19.41000,4.286614,-7.601552,27.540659,105.548267,6.013305
19.41500,4.072331,-8.274028,27.824492,104.837235,5.983880
19.42000,3.854029,-6.516530,38.035719,101.494841,5.637903
19.42500,3.631924,-6.501114,33.255428,101.298659,5.577383
19.43000,3.406234,-6.208376,39.234525,98.900012,5.229057
19.43500,3.177183,-5.272011,32.800665,94.991090,5.037358
19.44000,2.944996,-5.305613,34.165692,93.843968,4.826113
19.44500,2.709903,-5.015349,34.208436,92.275135,4.684645
19.45000,2.472136,-5.565161,34.496937,92.076752,4.682101
19.45500,2.231929,-4.355594,47.228993,88.856966,4.177173
19.46000,1.989519,-4.191461,41.805482,87.639373,4.247379
19.46500,1.745146,-3.298878,37.744913,83.699210,3.768856
19.47000,1.499051,-3.560081,28.777797,80.409858,3.629085
19.47500,1.251476,-3.502270,36.092626,81.700344,3.515252
19.48000,1.002666,-2.717878,42.388502,79.899077,3.270319
19.48500,0.752867,-1.474899,40.070840,74.649107,3.007928
19.49000,0.502324,-2.246338,37.843206,71.303246,2.584030
19.49500,0.251286,-0.966175,42.801735,70.098077,2.552341
19.50000,0.000000,-1.203409,40.782884,64.687935,2.178013
19.50500,-0.251286,-1.609278,36.618615,62.802056,2.299806
19.51000,-0.502324,-0.118211,40.760605,58.466288,1.781218
19.51500,-0.752867,0.989074,43.207827,57.603322,1.579801
19.52000,-1.002666,0.565788,43.341294,54.265084,1.202813
19.52500,-1.251476,0.301599,39.488725,50.408098,1.025165
19.53000,-1.499051,1.035242,37.768472,46.951369,0.698226
19.53500,-1.745146,1.129859,39.859185,42.751838,0.679430
19.54000,-1.989519,3.082834,42.608409,40.261279,0.307898
19.54500,-2.231929,2.480068,41.232961,39.263830,0.143177
19.55000,-2.472136,1.617426,44.621177,34.138803,-0.229145
19.55500,-2.709903,3.329421,38.140051,32.570288,-0.458013
19.56000,-2.944996,3.535407,39.194993,26.769624,-0.525638
19.56500,-3.177183,3.274358,38.350601,24.213929,-0.998175
19.57000,-3.406234,3.804781,40.485633,20.326230,-1.326585
19.57500,-3.631924,4.384449,33.875155,17.066975,-1.349642
19.58000,-3.854029,5.489597,43.486891,14.724852,-1.747445
19.58500,-4.072331,4.884186,36.508460,8.038507,-1.918337
19.59000,-4.286614,5.125356,43.123645,7.654060,-2.022359
19.59500,-4.496667,6.181777,42.829752,4.071504,-2.432903
19.60000,-4.702282,5.837193,30.437973,-0.240161,-2.497865
19.60500,-4.903256,5.986824,36.667776,-3.690900,-2.886460
19.61000,-5.099392,6.683333,37.415087,-7.554891,-2.898527
19.61500,-5.290495,7.396682,34.220974,-10.051799,-3.141704
19.62000,-5.476377,7.413004,36.152236,-14.276538,-3.544998
19.62500,-5.656854,7.487370,29.379944,-18.791635,-3.739050
19.63000,-5.831749,8.537307,36.336240,-21.149403,-4.017259
19.63500,-6.000889,8.796580,32.592868,-23.707731,-4.126260
19.64000,-6.164106,7.805201,29.758925,-27.798286,-4.239460
19.64500,-6.321240,8.254501,19.340334,-31.588031,-4.703431
19.65000,-6.472136,8.607262,32.347909,-34.767012,-4.666108
19.65500,-6.616645,9.148767,22.077291,-38.894476,-5.085374
19.66000,-6.754623,9.547039,33.165183,-42.158741,-5.228766
19.66500,-6.885936,9.669231,30.663263,-47.018340,-5.506522
19.67000,-7.010453,9.949520,19.677790,-48.327983,-5.296197
19.67500,-7.128052,10.315193,17.995187,-50.187594,-5.675263
19.68000,-7.238616,9.780856,25.021914,-54.849442,-5.825142
19.68500,-7.342037,9.588741,27.609879,-58.494672,-6.080113
19.69000,-7.438212,10.809579,22.134675,-59.482397,-6.062336
19.69500,-7.527046,11.375749,21.248799,-63.253981,-6.530568
19.70000,-7.608452,11.087645,19.628197,-66.166173,-6.461729
19.70500,-7.682349,10.975903,24.932796,-68.618483,-6.381481
19.71000,-7.748665,11.519144,18.937911,-71.117412,-6.772353
19.71500,-7.807334,11.268800,10.360309,-74.630753,-6.857309
19.72000,-7.858298,10.967623,20.183528,-78.123621,-6.909868
19.72500,-7.901507,11.454764,17.511061,-77.775566,-7.169755
19.73000,-7.936918,12.025004,11.920499,-82.115089,-7.190484
19.73500,-7.964496,11.916442,10.091886,-85.415917,-7.193712
19.74000,-7.984214,12.132175,15.732433,-86.633684,-7.360490
19.74500,-7.996052,11.687721,10.951485,-87.710667,-7.425516
19.75000,-8.000000,12.172919,6.190834,-92.744440,-7.573021
19.75500,-7.996052,12.569315,11.059912,-91.721281,-7.574323
19.76000,-7.984214,11.847911,3.182451,-95.271987,-7.660751
19.76500,-7.964496,11.784407,2.524945,-94.729452,-7.573438
19.77000,-7.936918,12.504066,-5.249979,-97.959217,-7.691841
19.77500,-7.901507,12.010963,-0.723733,-100.469477,-7.826358
19.78000,-7.858298,11.446941,10.917141,-100.497985,-8.076877
19.78500,-7.807334,11.722387,-8.511541,-101.924766,-7.782254
19.79000,-7.748665,12.396185,-8.552910,-105.083502,-7.792671
19.79500,-7.682349,11.932129,-0.105868,-105.673407,-7.966765
19.80000,-7.608452,12.486809,-8.743291,-107.647257,-8.073923
19.80500,-7.527046,11.882968,-2.832877,-107.078398,-7.979203
19.81000,-7.438212,11.624398,-0.836039,-110.597971,-7.755386
19.81500,-7.342037,11.848181,-10.635095,-110.042808,-7.930361
19.82000,-7.238616,11.026554,-12.847941,-112.932056,-7.837583
19.82500,-7.128052,11.598301,-7.049145,-110.497012,-7.729638
19.83000,-7.010453,10.969109,-10.392027,-114.130187,-7.581586
19.83500,-6.885936,10.744987,-7.623994,-113.205148,-7.650935
19.84000,-6.754623,10.850853,-15.981880,-112.000088,-7.596522
19.84500,-6.616645,10.312389,-14.361515,-112.846731,-7.571304
19.85000,-6.472136,9.848431,-20.169753,-112.996563,-7.275458
19.85500,-6.321240,9.747597,-23.362830,-113.515575,-7.247123
19.86000,-6.164106,10.134942,-24.072822,-112.785243,-7.271262
19.86500,-6.000889,9.825704,-24.946399,-113.932546,-7.302295
19.87000,-5.831749,9.508598,-15.112118,-111.224386,-7.135184
19.87500,-5.656854,9.540582,-19.100707,-110.180825,-6.884641
19.88000,-5.476377,8.619651,-23.500320,-109.613280,-6.894741
19.88500,-5.290495,8.567793,-25.463998,-109.779513,-6.606177
19.89000,-5.099392,9.160047,-26.602550,-107.544406,-6.525800
19.89500,-4.903256,7.807864,-21.635764,-107.450195,-6.392673
19.90000,-4.702282,8.464025,-27.892002,-105.852828,-6.210182
19.90500,-4.496667,7.528871,-35.904698,-105.329361,-6.073143
19.91000,-4.286614,7.567194,-30.205528,-104.473037,-6.050141
19.91500,-4.072331,7.144716,-38.226651,-103.995907,-5.832645
19.92000,-3.854029,6.630411,-33.344837,-104.618239,-5.395458
19.92500,-3.631924,6.468921,-35.569298,-99.410436,-5.575027
19.93000,-3.406234,6.501728,-40.366101,-98.594453,-5.320440
19.93500,-3.177183,5.480750,-40.865716,-94.498362,-4.979829
19.94000,-2.944996,5.042211,-34.311106,-97.060742,-4.911154
19.94500,-2.709903,5.461675,-32.760119,-91.972492,-4.780348
19.95000,-2.472136,4.591730,-33.552817,-91.925282,-4.630702
19.95500,-2.231929,4.338049,-39.860430,-88.745538,-4.239218
19.96000,-1.989519,3.978654,-40.584581,-87.510172,-3.981247
19.96500,-1.745146,3.522382,-36.569951,-83.836376,-3.729649
19.97000,-1.499051,2.585657,-33.576954,-81.873708,-3.647115
19.97500,-1.251476,2.935521,-33.972751,-78.399890,-3.326878
19.98000,-1.002666,2.415784,-38.148034,-76.668434,-3.310650
19.98500,-0.752867,1.675941,-42.858168,-73.680302,-2.962852
19.99000,-0.502324,1.633815,-36.315871,-70.100803,-2.817072
19.99500,-0.251286,1.594140,-38.078869,-68.180100,-2.498649
20.00000,-0.000000,1.843846,-41.976580,-66.073656,-2.205221
20.00500,0.251286,0.518446,-44.365005,-61.651479,-1.935369
20.01000,0.502324,0.928109,-42.260967,-60.195893,-1.901741
20.01500,0.752867,-0.198418,-35.259934,-56.599167,-1.433951
20.02000,1.002666,-0.191435,-34.704353,-54.335530,-1.365177
20.02500,1.251476,-0.868105,-41.642201,-51.587953,-1.175863
20.03000,1.499051,-0.825007,-39.428513,-51.009105,-0.844621
20.03500,1.745146,-1.453709,-33.534598,-43.677338,-0.727608
20.04000,1.989519,-2.048158,-45.965550,-42.462266,-0.333678
20.04500,2.231929,-2.900218,-42.151668,-37.055920,-0.057806
20.05000,2.472136,-2.212598,-40.842516,-32.521620,0.140509
20.05500,2.709903,-3.618598,-38.210029,-32.608914,0.461521
20.06000,2.944996,-3.608682,-46.481993,-26.758827,0.623142
20.06500,3.177183,-2.977033,-37.392441,-24.402776,0.901258
20.07000,3.406234,-3.971390,-45.160237,-20.327984,1.001864
20.07500,3.631924,-4.388623,-34.777184,-18.676904,1.394604
20.08000,3.854029,-4.719210,-38.530102,-13.815646,1.547894
20.08500,4.072331,-5.012918,-39.829707,-10.161447,1.829272
20.09000,4.286614,-5.596243,-33.672413,-5.222733,2.104278
20.09500,4.496667,-5.644009,-36.654108,-0.899449,2.370042
20.10000,4.702282,-6.181366,-40.229161,0.603979,2.420922
20.10500,4.903256,-6.573458,-31.859415,3.383762,2.661641
20.11000,5.099392,-6.553861,-36.256838,9.782047,3.017585
20.11500,5.290495,-6.793746,-33.206451,10.724639,3.321936
20.12000,5.476377,-7.212061,-28.238688,14.292477,3.533865
20.12500,5.656854,-7.256687,-39.114030,17.965934,3.807112
20.13000,5.831749,-7.160065,-29.336281,21.850690,4.064247
20.13500,6.000889,-7.500755,-27.827799,25.581711,4.196013
20.14000,6.164106,-8.444647,-21.453753,27.590353,4.352569
20.14500,6.321240,-9.204592,-37.740755,31.513828,4.455218
20.15000,6.472136,-8.525096,-25.657370,37.099100,4.663241
20.15500,6.616645,-9.198465,-18.832756,40.132649,4.905981
20.16000,6.754623,-9.159461,-25.644849,42.152308,5.169449
20.16500,6.885936,-9.854639,-26.102595,45.224440,5.349578
20.17000,7.010453,-9.566971,-26.793214,47.883449,5.507449
20.17500,7.128052,-10.592283,-31.499927,52.448223,5.665846
20.18000,7.238616,-10.254715,-17.705488,53.858164,5.912804
20.18500,7.342037,-11.071613,-27.607227,57.634574,6.033261
20.19000,7.438212,-9.847700,-29.011504,60.000147,6.199033
20.19500,7.527046,-10.958913,-16.818197,62.764547,6.350811
20.20000,7.608452,-11.876847,-14.674187,66.387421,6.409685
20.20500,7.682349,-10.619751,-14.256352,69.171718,6.499255
20.21000,7.748665,-10.878421,-13.230479,71.277332,6.783277
20.21500,7.807334,-10.833610,-19.658761,74.530991,6.900765
20.22000,7.858298,-11.981579,-14.754677,77.287245,6.955160
20.22500,7.901507,-11.455772,-14.773112,79.224248,7.046843
20.23000,7.936918,-11.152751,-15.744083,81.472554,7.420973
20.23500,7.964496,-11.850705,-9.321800,84.419516,7.213922
20.24000,7.984214,-11.677823,-14.094810,87.639857,7.358171
20.24500,7.996052,-11.980891,-9.130369,90.293813,7.489266
20.25000,8.000000,-12.059992,-1.056232,91.387980,7.422418
20.25500,7.996052,-11.390628,-6.356731,92.908333,7.617675
20.26000,7.984214,-12.299350,-5.363624,95.108456,7.846394
20.26500,7.964496,-11.968650,-0.081278,99.102115,7.812708
20.27000,7.936918,-11.738152,-7.414157,99.741337,7.827714
20.27500,7.901507,-11.941185,0.492458,99.318469,7.861288
20.28000,7.858298,-11.579977,5.291330,101.863985,7.843024
20.28500,7.807334,-12.707690,4.139679,102.781647,7.949929
20.29000,7.748665,-11.360797,-0.315147,104.310445,7.852706
20.29500,7.682349,-12.258278,7.740622,104.088894,7.832582
20.30000,7.608452,-11.780106,3.599074,107.125431,7.883991
20.30500,7.527046,-11.745078,10.002509,106.620605,7.955554
20.31000,7.438212,-11.308503,3.676116,108.399015,7.881246
20.31500,7.342037,-11.468707,4.418132,111.552751,7.891275
20.32000,7.238616,-11.445640,16.883188,111.687150,7.588827
20.32500,7.128052,-10.851148,10.711304,110.214942,7.871206
20.33000,7.010453,-10.138765,11.942929,110.522421,7.938645
20.33500,6.885936,-11.087728,8.468687,111.038122,7.782817
20.34000,6.754623,-10.943714,12.920082,110.227307,7.554656
20.34500,6.616645,-10.734939,22.443716,111.389636,7.431355
20.35000,6.472136,-10.811536,19.530858,112.226439,7.466570
20.35500,6.321240,-10.613048,18.404704,111.300852,7.255033
20.36000,6.164106,-10.098912,11.677655,113.127867,7.334416
20.36500,6.000889,-9.392041,24.162399,111.946906,7.109793
20.37000,5.831749,-9.670084,23.579647,111.018424,7.152248
20.37500,5.656854,-9.564962,27.727593,113.045396,7.079109
20.38000,5.476377,-9.024607,22.006587,111.274423,6.618934
20.38500,5.290495,-9.054405,27.124019,109.841530,6.724869
20.39000,5.099392,-7.346362,23.301094,110.983767,6.492065
20.39500,4.903256,-7.557536,20.580598,109.450490,6.280785
20.40000,4.702282,-7.901751,19.560854,106.161478,6.213798
20.40500,4.496667,-8.325282,31.609124,106.151994,6.101152
20.41000,4.286614,-7.565419,27.911380,104.049803,6.068020
20.41500,4.072331,-7.408897,29.844342,101.580718,5.647630
20.42000,3.854029,-7.088095,24.170812,103.824507,5.735056
20.42500,3.631924,-7.306791,38.903346,101.820938,5.656175
20.43000,3.406234,-6.304028,30.091515,97.080502,5.332749
20.43500,3.177183,-6.006796,25.653502,97.282040,5.141247
20.44000,2.944996,-5.706300,28.231693,93.056578,4.893859
20.44500,2.709903,-5.621293,31.974212,94.129307,4.581319
20.45000,2.472136,-4.596981,39.249709,90.837491,4.551743
20.45500,2.231929,-4.752615,37.618239,88.444508,4.331368
20.46000,1.989519,-4.977148,38.361583,87.952141,4.156672
20.46500,1.745146,-4.115098,33.842811,84.262112,4.127148
20.47000,1.499051,-3.000356,40.785068,81.578540,3.725395
20.47500,1.251476,-2.474436,37.535539,80.418543,3.474179
20.48000,1.002666,-3.068691,42.509230,76.520782,3.363633
20.48500,0.752867,-2.301759,35.046877,75.211469,2.844947
20.49000,0.502324,-1.633063,36.052290,71.549019,2.634776
20.49500,0.251286,-1.111253,35.329434,69.704313,2.478480
20.50000,0.000000,-1.306165,36.535938,66.651938,2.214814
20.50500,-0.251286,-0.619494,35.876189,63.938002,2.112013
20.51000,-0.502324,-0.541524,41.777901,58.975805,1.770800
20.51500,-0.752867,-0.730113,37.840548,59.180186,1.735167
20.52000,-1.002666,0.767497,33.221030,53.826887,1.469948
20.52500,-1.251476,0.738452,37.901911,52.845955,1.150257
20.53000,-1.499051,1.314378,36.916243,47.036951,0.788873
20.53500,-1.745146,1.430654,32.618818,44.173342,0.642914
20.54000,-1.989519,1.528366,40.388149,40.916851,0.415371
20.54500,-2.231929,2.058808,40.210395,39.193554,-0.020003
20.55000,-2.472136,2.767865,39.329349,34.078275,-0.125645
20.55500,-2.709903,2.472957,45.467067,31.640238,-0.337097
20.56000,-2.944996,3.993136,32.532527,26.011639,-0.632979
20.56500,-3.177183,4.656903,41.448657,23.789238,-0.743494
20.57000,-3.406234,3.140045,39.560054,21.113471,-1.024549
20.57500,-3.631924,4.806344,33.917480,17.258861,-1.473019
20.58000,-3.854029,4.597542,43.166724,11.782867,-1.620664
20.58500,-4.072331,5.371597,32.268724,10.926127,-1.958005
20.59000,-4.286614,5.535950,37.557791,5.760479,-2.055614
20.59500,-4.496667,5.716242,38.833225,5.482490,-2.437766
20.60000,-4.702282,6.490068,34.336668,-0.436723,-2.493371
20.60500,-4.903256,6.479997,32.344354,-1.225266,-2.779354
20.61000,-5.099392,7.366686,38.454830,-6.542284,-2.950594
20.61500,-5.290495,7.199177,38.897505,-10.293330,-3.288954
20.62000,-5.476377,6.774570,31.175027,-14.859820,-3.643643
20.62500,-5.656854,7.593773,38.134443,-17.950802,-3.540832
20.63000,-5.831749,7.949332,33.284875,-20.791963,-3.951218
20.63500,-6.000889,7.991894,26.171296,-26.944435,-4.008406
20.64000,-6.164106,7.994272,33.690619,-27.077330,-4.311472
20.64500,-6.321240,9.566306,29.061856,-32.915524,-4.491029
20.65000,-6.472136,8.984379,26.814441,-35.267216,-4.574734
20.65500,-6.616645,9.245764,29.437641,-41.389051,-4.918694
20.66000,-6.754623,8.826675,28.432184,-41.111477,-5.002414
20.66500,-6.885936,9.949811,22.674253,-44.045780,-5.476136
20.67000,-7.010453,9.889616,22.651620,-47.784106,-5.419776
20.67500,-7.128052,10.594278,26.710283,-50.910851,-5.705370
20.68000,-7.238616,11.036746,26.138676,-54.811061,-5.863083
20.68500,-7.342037,10.263424,29.373763,-57.288352,-6.011522
20.69000,-7.438212,10.407274,20.727132,-59.109670,-6.134494
20.69500,-7.527046,11.346800,20.506848,-63.897683,-6.153942
20.70000,-7.608452,11.468513,15.409305,-65.741015,-6.650064
20.70500,-7.682349,11.298774,25.977934,-68.309504,-6.598090
20.71000,-7.748665,11.601721,17.545213,-72.145568,-6.805848
20.71500,-7.807334,11.296454,17.304517,-74.296230,-6.742261
20.72000,-7.858298,11.525919,19.639409,-76.926801,-7.019573
20.72500,-7.901507,11.634203,16.107690,-80.263193,-7.042733
20.73000,-7.936918,10.846998,8.594043,-79.419888,-7.232585
20.73500,-7.964496,12.102186,9.266056,-85.020708,-7.223052
20.74000,-7.984214,12.183807,14.246824,-84.894141,-7.278320
20.74500,-7.996052,11.538026,9.559793,-87.820998,-7.502476
20.75000,-8.000000,11.733816,4.828131,-93.435104,-7.533107
20.75500,-7.996052,12.109764,4.719167,-92.884828,-7.748192
20.76000,-7.984214,12.300081,8.946316,-93.939254,-7.635748
20.76500,-7.964496,12.015846,-1.890620,-96.022685,-7.633412
20.77000,-7.936918,11.816002,1.267512,-99.706102,-7.820022
20.77500,-7.901507,12.158348,5.392987,-100.041733,-7.689739
20.78000,-7.858298,12.006752,3.776106,-103.234562,-8.039468
20.78500,-7.807334,11.506645,-6.249568,-104.502264,-8.039364
20.79000,-7.748665,11.728892,-3.619108,-104.945280,-8.007360
20.79500,-7.682349,11.644138,-2.875210,-105.704427,-7.923486
20.80000,-7.608452,11.991451,-4.558234,-105.241931,-7.871906
20.80500,-7.527046,11.093077,-7.879548,-107.682561,-7.872741
20.81000,-7.438212,11.200433,-10.555107,-107.814990,-7.854871
20.81500,-7.342037,11.260104,-10.514462,-111.185383,-7.751244
20.82000,-7.238616,11.308134,-9.968152,-111.845277,-7.838845
20.82500,-7.128052,12.135015,-11.710769,-111.687875,-7.878269
20.83000,-7.010453,10.947225,-5.999796,-109.649003,-7.828790
20.83500,-6.885936,11.295104,-12.628006,-113.522953,-7.437517
20.84000,-6.754623,11.015824,-12.227001,-114.068827,-7.822050
20.84500,-6.616645,11.049377,-13.935382,-112.524368,-7.533993
20.85000,-6.472136,11.042416,-18.960582,-111.141092,-7.292759
20.85500,-6.321240,10.372099,-15.185394,-114.267543,-7.305473
20.86000,-6.164106,9.534151,-22.279265,-112.535727,-7.344821
20.86500,-6.000889,9.567516,-16.540123,-113.500568,-7.162198
20.87000,-5.831749,10.099898,-19.266525,-109.929891,-6.969502
20.87500,-5.656854,10.131073,-25.214566,-110.280564,-6.821675
20.88000,-5.476377,9.528726,-20.598249,-110.138746,-6.912555
20.88500,-5.290495,9.734246,-26.931380,-109.778823,-6.619379
20.89000,-5.099392,8.771238,-22.677298,-109.159140,-6.536713
20.89500,-4.903256,7.877005,-31.303009,-107.796342,-6.311370
20.90000,-4.702282,7.980013,-27.050573,-107.640061,-6.136368
20.90500,-4.496667,7.773201,-23.244184,-106.754745,-6.157465
20.91000,-4.286614,7.736937,-32.054313,-105.757277,-6.109676
20.91500,-4.072331,7.408466,-38.780931,-103.124803,-5.760365
20.92000,-3.854029,6.388156,-34.713375,-102.579200,-5.451867
20.92500,-3.631924,6.916147,-30.075216,-99.124857,-5.385385
20.93000,-3.406234,5.880657,-33.312508,-100.838165,-5.249858
20.93500,-3.177183,5.897797,-40.324281,-96.053865,-4.846084
20.94000,-2.944996,5.717987,-36.586779,-94.239376,-4.999370
20.94500,-2.709903,5.399023,-37.007039,-91.518573,-4.608567
20.95000,-2.472136,4.980610,-44.037054,-91.145315,-4.555310
20.95500,-2.231929,4.196745,-38.098752,-90.434161,-4.287934
20.96000,-1.989519,4.012337,-37.434845,-87.563540,-4.074418
20.96500,-1.745146,4.093519,-39.236292,-82.930465,-3.718157
20.97000,-1.499051,3.160959,-39.756553,-82.176604,-3.746251
20.97500,-1.251476,2.504078,-32.749231,-79.833661,-3.485134
20.98000,-1.002666,1.574447,-44.573995,-77.485849,-3.366740
20.98500,-0.752867,2.255816,-41.307942,-74.276739,-2.930884
20.99000,-0.502324,1.507312,-34.536209,-71.769420,-2.795122
20.99500,-0.251286,1.504523,-38.922545,-70.515583,-2.473797
21.00000,-0.000000,0.690231,-45.606391,-66.595234,-2.387906
21.00500,0.251286,0.572066,-38.195767,-61.878158,-2.078505
21.01000,0.502324,0.223080,-50.582047,-58.419325,-1.698537
21.01500,0.752867,0.388015,-42.404880,-57.184381,-1.578358
21.02000,1.002666,-0.739865,-38.062278,-54.558413,-1.255001
21.02500,1.251476,-1.245081,-46.070578,-49.305059,-1.020212
21.03000,1.499051,-1.086130,-37.567041,-47.868867,-0.862906
21.03500,1.745146,-1.167989,-40.106479,-45.780071,-0.737342
21.04000,1.989519,-2.254877,-40.442905,-41.318600,-0.235442
21.04500,2.231929,-2.041957,-29.307318,-37.077501,-0.069725
21.05000,2.472136,-2.615613,-36.736896,-32.750869,0.259061
21.05500,2.709903,-2.781940,-39.256783,-31.692986,0.206234
21.06000,2.944996,-4.116271,-46.662669,-27.116617,0.488938
21.06500,3.177183,-3.673028,-45.849947,-24.665766,0.686242
21.07000,3.406234,-4.173349,-40.749589,-19.533237,1.058335
21.07500,3.631924,-4.335825,-38.455312,-17.052361,1.494690
21.08000,3.854029,-5.049400,-35.684342,-13.547791,1.689820
21.08500,4.072331,-5.161927,-41.935101,-11.448296,1.870900
21.09000,4.286614,-6.350628,-39.361435,-7.170505,2.126805
21.09500,4.496667,-5.792933,-34.802877,-3.644968,2.427113
21.10000,4.702282,-5.551686,-42.715243,-3.831650,2.555585
21.10500,4.903256,-6.353690,-36.221318,4.762797,2.857899
21.11000,5.099392,-6.719987,-31.218385,7.308941,3.061848
21.11500,5.290495,-6.915671,-36.134758,10.606882,3.055374
21.12000,5.476377,-6.777047,-33.062986,13.945212,3.459241
21.12500,5.656854,-7.932306,-32.716284,17.882246,3.853783
21.13000,5.831749,-8.545578,-30.497284,21.607225,3.894285
21.13500,6.000889,-8.675986,-29.819836,23.308706,4.131960
21.14000,6.164106,-8.766496,-31.514193,28.368961,4.293776
21.14500,6.321240,-8.712657,-31.660833,31.763157,4.509987
21.15000,6.472136,-8.665567,-30.451053,35.041470,4.870575
21.15500,6.616645,-9.553046,-25.831351,36.664023,4.925921
21.16000,6.754623,-9.904177,-31.043428,41.495910,5.040302
21.16500,6.885936,-9.343757,-20.782022,43.460110,5.015843
21.17000,7.010453,-9.485889,-36.103603,48.530782,5.449663
21.17500,7.128052,-10.453568,-22.064141,52.799405,5.484151
21.18000,7.238616,-10.018496,-16.267142,55.413697,5.666993
21.18500,7.342037,-10.594632,-21.827065,57.105662,6.092038
21.19000,7.438212,-10.897195,-18.560128,59.886380,6.240180
21.19500,7.527046,-10.914401,-18.575792,62.807821,6.127896
21.20000,7.608452,-11.370786,-7.424118,66.733801,6.549682
21.20500,7.682349,-11.864547,-13.891455,68.403644,6.648510
21.21000,7.748665,-11.879931,-10.429500,71.304877,6.655606
21.21500,7.807334,-11.729156,-17.886156,71.748800,6.932580
21.22000,7.858298,-11.404225,-14.038464,76.238667,6.814277
21.22500,7.901507,-11.463834,-15.096011,78.846927,6.967849
21.23000,7.936918,-11.359719,-13.427892,81.578378,7.048576
21.23500,7.964496,-12.118515,-13.508226,85.941334,7.178637
21.24000,7.984214,-11.868376,-9.023269,85.312289,7.467967
21.24500,7.996052,-12.506890,-12.110045,87.547161,7.329101
21.25000,8.000000,-12.358206,-3.660948,91.853584,7.422711
21.25500,7.996052,-11.554884,-5.308059,92.083420,7.510613
21.26000,7.984214,-12.053913,-1.755087,94.945616,7.685913
21.26500,7.964496,-11.223087,-6.187188,97.168788,7.685151
21.27000,7.936918,-11.715132,-0.254614,98.733538,7.850764
21.27500,7.901507,-12.175377,9.645367,99.481662,7.730704
21.28000,7.858298,-12.238699,4.415995,102.953099,7.702664
21.28500,7.807334,-12.767351,4.420747,105.058711,7.803445
21.29000,7.748665,-11.311028,6.771021,103.563932,7.871808
21.29500,7.682349,-11.377785,9.732173,105.636698,7.781372
21.30000,7.608452,-10.220817,11.382527,108.149378,7.901213
21.30500,7.527046,-10.763906,4.719478,107.878984,8.046262
21.31000,7.438212,-11.386350,6.491378,107.904042,7.789236
21.31500,7.342037,-11.846835,10.611785,109.369619,7.827350
21.32000,7.238616,-12.025321,16.953195,111.510150,7.926100
21.32500,7.128052,-11.317185,15.686220,110.036780,7.685828
21.33000,7.010453,-11.025169,11.210105,111.944894,7.618274
21.33500,6.885936,-11.469074,16.758193,112.470017,7.538385
21.34000,6.754623,-10.401931,17.722052,111.566810,7.625057
21.34500,6.616645,-10.110514,14.931626,113.106369,7.566493
21.35000,6.472136,-10.736419,15.155081,113.269343,7.422436
21.35500,6.321240,-10.236255,11.202411,113.581476,7.356549
21.36000,6.164106,-10.509697,13.842429,113.333261,7.387642
21.36500,6.000889,-9.285037,16.922656,110.300059,7.247515
21.37000,5.831749,-9.852683,29.127057,112.609702,6.913783
21.37500,5.656854,-9.717574,23.882091,111.749735,6.939726
21.38000,5.476377,-9.819705,28.538454,111.582420,6.830909
21.38500,5.290495,-9.173478,26.223866,108.786206,6.765450
21.39000,5.099392,-9.207007,25.417241,109.942498,6.537318
21.39500,4.903256,-7.770602,33.679516,108.399292,6.354939
21.40000,4.702282,-7.669816,27.510598,105.617877,6.227251
21.40500,4.496667,-8.160833,32.336188,107.221901,5.942411
21.41000,4.286614,-7.725616,30.941641,103.638858,5.959265
21.41500,4.072331,-7.083783,27.873421,102.012748,5.737510
21.42000,3.854029,-6.697621,29.354203,102.151956,5.673711
21.42500,3.631924,-6.871676,34.731707,99.455052,5.348360
21.43000,3.406234,-5.542883,31.338184,98.888799,5.226256
21.43500,3.177183,-5.513529,38.923630,96.443655,4.985484
21.44000,2.944996,-4.601397,32.839424,95.189164,4.785278
21.44500,2.709903,-6.269303,37.690466,93.846182,4.765845
21.45000,2.472136,-5.426370,35.813774,90.845935,4.448276
21.45500,2.231929,-4.113759,35.725814,89.739937,4.333985
21.46000,1.989519,-3.969469,38.649911,87.499948,3.967813
21.46500,1.745146,-3.824398,35.900358,83.290512,3.876020
21.47000,1.499051,-3.829367,34.933231,82.823520,3.479697
21.47500,1.251476,-2.770147,35.466216,80.090049,3.379926
21.48000,1.002666,-2.831123,39.343077,76.998803,3.153058
21.48500,0.752867,-1.675449,39.610800,75.493376,3.034161
21.49000,0.502324,-1.409720,44.078720,73.409701,2.763306
21.49500,0.251286,-1.115240,40.849644,69.632806,2.494524
21.50000,0.000000,-1.900073,43.174701,64.280179,2.360217
21.50500,-0.251286,-0.614800,43.709721,63.549500,2.057532
21.51000,-0.502324,0.365607,39.408608,59.939021,1.852264
21.51500,-0.752867,0.777659,44.690245,56.766345,1.633416
21.52000,-1.002666,0.905443,37.934183,54.387618,1.306757
21.52500,-1.251476,1.237902,32.596826,50.500569,1.039445
21.53000,-1.499051,0.812411,27.760930,49.540169,0.855937
21.53500,-1.745146,2.126601,39.422013,44.781391,0.535028
21.54000,-1.989519,2.673780,44.721259,41.223340,0.368529
21.54500,-2.231929,2.433756,38.194072,38.780134,0.193265
21.55000,-2.472136,2.840428,20.995379,35.453481,-0.079539
21.55500,-2.709903,2.929366,45.434183,32.505553,-0.450466
21.56000,-2.944996,3.433843,45.098548,28.473752,-0.787714
21.56500,-3.177183,3.585535,35.748971,24.278288,-0.910963
21.57000,-3.406234,4.271846,40.533598,21.010207,-1.163273
21.57500,-3.631924,4.350771,44.221721,14.931590,-1.284286
21.58000,-3.854029,4.131480,35.165943,12.213144,-1.676003
21.58500,-4.072331,4.854409,34.735422,11.535458,-1.899834
21.59000,-4.286614,5.625778,38.446121,6.466283,-2.044752
21.59500,-4.496667,5.874437,40.162463,5.355909,-2.403298
21.60000,-4.702282,6.727341,35.942280,1.809923,-2.606435
21.60500,-4.903256,6.840615,37.321196,-5.177987,-2.651526
21.61000,-5.099392,7.295770,36.472762,-6.941106,-2.903557
21.61500,-5.290495,7.037775,36.243223,-7.548459,-3.216164
21.62000,-5.476377,7.810962,35.445452,-15.217136,-3.475640
21.62500,-5.656854,7.355670,29.198587,-17.377822,-3.819276
21.63000,-5.831749,7.656866,24.271256,-21.564818,-3.882824
21.63500,-6.000889,8.595340,29.439511,-25.036540,-4.145210
21.64000,-6.164106,8.591037,27.339759,-28.514038,-4.337218
21.64500,-6.321240,8.417850,21.132348,-31.625144,-4.615082
21.65000,-6.472136,9.406789,34.660542,-34.118424,-4.763924
21.65500,-6.616645,9.863562,25.055353,-39.231697,-4.975919
21.66000,-6.754623,9.808995,30.958599,-41.054730,-5.115849
21.66500,-6.885936,10.264890,22.870826,-45.686683,-5.189460
21.67000,-7.010453,10.319044,26.372699,-47.512912,-5.475615
21.67500,-7.128052,10.523948,25.507059,-50.918291,-5.851624
21.68000,-7.238616,9.992357,24.593129,-55.275538,-5.951390
21.68500,-7.342037,9.730916,21.379628,-57.303331,-6.175468
21.69000,-7.438212,10.549477,19.963674,-61.303521,-6.253261
21.69500,-7.527046,9.492364,19.743799,-64.378020,-6.268807
21.70000,-7.608452,10.778874,30.435776,-64.986007,-6.429094
21.70500,-7.682349,10.686063,23.451264,-71.190135,-6.667155
21.71000,-7.748665,11.337958,13.450664,-71.251448,-6.712229
21.71500,-7.807334,11.110307,14.764654,-73.766472,-6.939472
21.72000,-7.858298,11.521329,9.308394,-77.845797,-7.123978
21.72500,-7.901507,11.242909,20.105407,-78.475630,-7.233833
21.73000,-7.936918,11.600035,15.340199,-81.132787,-7.283439
21.73500,-7.964496,12.413753,9.894823,-86.000322,-7.152786
21.74000,-7.984214,11.413411,4.761534,-86.230168,-7.518811
21.74500,-7.996052,11.165657,4.066288,-88.498909,-7.343247
21.75000,-8.000000,12.537344,5.270300,-91.978517,-7.410167
21.75500,-7.996052,12.296864,3.814380,-92.518055,-7.629016
21.76000,-7.984214,11.973413,3.049627,-94.254611,-7.676147
21.76500,-7.964496,11.823171,2.340487,-97.759180,-7.785380
21.77000,-7.936918,12.117056,-3.048136,-100.944692,-7.771815
21.77500,-7.901507,11.814767,1.550968,-99.880316,-7.741132
21.78000,-7.858298,12.347477,-0.838201,-102.722972,-7.835904
21.78500,-7.807334,11.771016,0.851377,-105.276871,-7.759303
21.79000,-7.748665,11.579253,-8.714711,-105.110647,-7.754765
21.79500,-7.682349,12.012298,-1.222770,-108.614800,-7.845667
21.80000,-7.608452,11.363588,-1.207031,-107.438811,-7.846157
21.80500,-7.527046,11.847789,-5.384680,-106.387727,-7.876092
21.81000,-7.438212,11.016389,-11.547099,-112.240380,-7.818654
21.81500,-7.342037,11.174409,-12.814825,-109.311124,-7.940229
21.82000,-7.238616,11.357473,-11.007720,-111.585625,-7.756171
21.82500,-7.128052,10.851474,-10.459251,-111.606106,-7.736349
21.83000,-7.010453,11.417792,-10.940046,-112.662800,-7.795567
21.83500,-6.885936,10.809321,-13.932868,-111.288749,-7.439188
21.84000,-6.754623,10.769705,-22.295728,-112.291624,-7.688798
21.84500,-6.616645,9.675400,-17.776720,-113.324073,-7.608376
21.85000,-6.472136,10.554338,-17.822264,-113.969308,-7.416159
21.85500,-6.321240,10.156233,-21.058598,-112.907114,-7.552745
21.86000,-6.164106,9.076704,-18.259014,-110.942546,-7.346077
21.86500,-6.000889,9.800959,-16.390263,-113.339950,-7.320057
21.87000,-5.831749,9.609360,-27.007079,-111.096083,-7.157896
21.87500,-5.656854,8.932688,-21.033522,-110.678868,-6.961220
21.88000,-5.476377,8.527159,-27.638050,-112.715227,-6.795842
21.88500,-5.290495,8.139283,-29.037239,-108.471203,-6.590510
21.89000,-5.099392,8.481678,-27.325764,-108.936008,-6.486741
21.89500,-4.903256,8.213398,-19.266362,-105.418006,-6.308899
21.90000,-4.702282,7.831026,-25.570223,-104.930712,-6.222151
21.90500,-4.496667,8.485409,-29.816220,-106.034814,-6.175259
21.91000,-4.286614,7.329644,-24.906255,-104.670424,-5.858360
21.91500,-4.072331,7.104191,-30.242324,-104.277741,-5.854200
21.92000,-3.854029,6.060203,-29.513375,-103.234751,-5.696609
21.92500,-3.631924,6.542446,-36.566779,-99.207468,-5.306555
21.93000,-3.406234,6.483417,-37.195327,-98.737254,-5.199533
21.93500,-3.177183,5.388713,-39.893962,-97.151334,-5.070065
21.94000,-2.944996,6.313534,-30.555516,-95.034630,-4.825429
21.94500,-2.709903,4.854796,-40.900344,-92.119558,-4.616584
21.95000,-2.472136,4.809270,-29.767606,-89.783019,-4.639926
21.95500,-2.231929,4.243281,-42.011740,-88.725327,-4.307771
21.96000,-1.989519,3.882837,-36.848947,-86.731118,-4.206821
21.96500,-1.745146,2.479318,-36.417840,-84.091691,-3.863134
21.97000,-1.499051,3.691623,-42.674495,-79.467308,-3.725123
21.97500,-1.251476,2.042203,-46.644868,-81.724182,-3.301147
21.98000,-1.002666,3.123055,-40.857677,-78.134941,-3.160833
21.98500,-0.752867,1.762405,-32.258123,-73.655171,-3.066415
21.99000,-0.502324,1.635941,-33.322153,-71.335540,-2.756605
21.99500,-0.251286,2.542419,-45.040790,-67.338468,-2.642796
22.00000,-0.000000,0.701489,-39.632863,-64.413268,-2.281894
22.00500,0.251286,0.640878,-40.947486,-60.755681,-1.993320
22.01000,0.502324,-0.169495,-35.365707,-60.965313,-1.781821
22.01500,0.752867,-0.098586,-38.723139,-56.336312,-1.759556
22.02000,1.002666,-0.223787,-44.080453,-54.232629,-1.356799
22.02500,1.251476,-0.112695,-30.875166,-49.726706,-1.027818
22.03000,1.499051,-2.251762,-37.028124,-47.444888,-0.802528
22.03500,1.745146,-1.554494,-43.721117,-43.421878,-0.470743
22.04000,1.989519,-1.645327,-35.201341,-42.010410,-0.468409
22.04500,2.231929,-1.890681,-36.576749,-37.666398,-0.040059
22.05000,2.472136,-2.962619,-34.726194,-35.094061,0.089777
22.05500,2.709903,-2.968098,-44.608499,-31.425365,0.421677
22.06000,2.944996,-2.579311,-38.757724,-28.234518,0.689579
22.06500,3.177183,-3.570435,-42.076184,-25.453670,0.963917
22.07000,3.406234,-3.191504,-39.617404,-19.539797,1.082714
22.07500,3.631924,-4.944011,-39.434882,-16.993631,1.403136
22.08000,3.854029,-5.083372,-36.444501,-12.583541,1.510477
22.08500,4.072331,-5.112738,-41.974053,-11.453699,1.727391
22.09000,4.286614,-5.897178,-32.962225,-9.025443,2.163524
22.09500,4.496667,-5.525155,-38.604953,-4.000276,2.339736
22.10000,4.702282,-6.597427,-34.546200,0.099321,2.418044
22.10500,4.903256,-6.303792,-36.111954,4.710092,2.727375
22.11000,5.099392,-7.395320,-33.823173,8.544883,3.043968
22.11500,5.290495,-7.428806,-31.251384,12.255277,3.424340
22.12000,5.476377,-7.264065,-35.282327,16.131122,3.596607
22.12500,5.656854,-7.413310,-29.342675,18.704025,3.791812
22.13000,5.831749,-8.357088,-34.102596,21.478891,3.749397
22.13500,6.000889,-8.866213,-29.872858,23.937087,4.130748
22.14000,6.164106,-8.265960,-31.203203,29.030671,4.396511
22.14500,6.321240,-9.185395,-32.801298,31.079464,4.592135
22.15000,6.472136,-8.848168,-38.534859,34.108500,4.793821
22.15500,6.616645,-8.712798,-31.634107,39.041234,4.923595
22.16000,6.754623,-9.223069,-30.075979,41.925072,5.312819
22.16500,6.885936,-10.362550,-28.392282,45.915415,5.469444
22.17000,7.010453,-9.415631,-20.002312,47.334101,5.491796
22.17500,7.128052,-9.673330,-28.519470,52.665169,5.577208
22.18000,7.238616,-10.591267,-20.809812,54.856184,6.049431
22.18500,7.342037,-10.706712,-11.211846,57.317744,5.951222
22.19000,7.438212,-10.101670,-25.067435,59.653597,6.283176
22.19500,7.527046,-10.734052,-18.307610,62.236978,6.505233
22.20000,7.608452,-10.842345,-15.909250,64.795067,6.364091
22.20500,7.682349,-10.705701,-17.714062,70.783293,6.625739
22.21000,7.748665,-11.071271,-16.013613,70.308514,6.693428
22.21500,7.807334,-10.231398,-12.716041,75.338371,6.904725
22.22000,7.858298,-10.944085,-4.145601,76.941330,7.003422
22.22500,7.901507,-11.562383,-16.114225,79.097829,7.277435
22.23000,7.936918,-11.663272,-9.833380,81.669235,7.246008
22.23500,7.964496,-11.915059,-9.964288,84.473476,7.283231
22.24000,7.984214,-11.341397,-0.644320,87.909847,7.486838
22.24500,7.996052,-12.409104,-1.817732,89.722663,7.429582
22.25000,8.000000,-11.572475,1.171600,91.191816,7.495581
22.25500,7.996052,-12.225311,-3.391446,91.649217,7.824227
22.26000,7.984214,-12.771837,-2.854234,93.113739,7.578259
22.26500,7.964496,-11.584060,-3.060478,99.132006,7.664349
22.27000,7.936918,-11.810320,-3.520696,97.583640,7.762931
22.27500,7.901507,-11.853270,-4.001163,98.587284,7.690244
22.28000,7.858298,-12.075047,2.045012,103.218738,7.614726
22.28500,7.807334,-11.911093,5.030876,101.662452,7.953780
22.29000,7.748665,-12.115781,4.394071,105.575345,7.783857
22.29500,7.682349,-11.217277,-2.200005,107.034097,7.814856
22.30000,7.608452,-11.127401,7.779840,107.389231,7.830601
22.30500,7.527046,-11.635912,18.371034,109.240347,7.760664
22.31000,7.438212,-11.511197,7.749168,107.467740,7.734703
22.31500,7.342037,-11.283136,4.839489,108.477440,7.833933
22.32000,7.238616,-10.899508,15.973358,110.366013,8.025809
22.32500,7.128052,-11.051627,7.529344,111.184069,7.819576
22.33000,7.010453,-11.195273,13.476810,111.580922,7.773128
22.33500,6.885936,-10.945503,15.341023,112.591114,7.492451
22.34000,6.754623,-10.561932,13.049542,111.482539,7.578159
22.34500,6.616645,-10.564418,12.573997,110.044404,7.391925
22.35000,6.472136,-10.480070,18.805433,112.997972,7.510222
22.35500,6.321240,-9.598770,13.919874,112.209137,7.325151
22.36000,6.164106,-9.733690,21.434786,113.227894,7.259662
22.36500,6.000889,-9.307450,22.957004,114.392965,7.147653
22.37000,5.831749,-9.839904,17.279731,111.706839,6.991686
22.37500,5.656854,-8.877757,26.070623,111.775279,6.784404
22.38000,5.476377,-8.973670,18.766315,109.468130,6.874630
22.38500,5.290495,-8.837615,26.034133,110.809880,6.551127
22.39000,5.099392,-8.755216,22.960852,109.326487,6.437846
22.39500,4.903256,-8.465613,21.907190,108.281968,6.386270
22.40000,4.702282,-8.115842,25.776052,107.997976,6.199004
22.40500,4.496667,-7.581015,29.444220,104.501382,6.143386
22.41000,4.286614,-7.370847,32.654582,105.186662,6.059786
22.41500,4.072331,-6.187461,33.058294,103.705270,5.819029
22.42000,3.854029,-6.522389,27.692174,103.540771,5.643642
22.42500,3.631924,-6.306623,31.628464,98.088588,5.450478
22.43000,3.406234,-6.125903,21.802483,98.394415,5.352941
22.43500,3.177183,-6.095818,36.935082,99.250521,4.895784
22.44000,2.944996,-5.768093,34.181074,94.418605,4.926066
22.44500,2.709903,-4.937628,34.200037,92.437941,4.599669
22.45000,2.472136,-5.385467,34.288276,92.943560,4.368781
22.45500,2.231929,-3.711637,28.062767,91.643334,4.287479
22.46000,1.989519,-3.381698,37.861484,86.688416,4.038697
22.46500,1.745146,-4.310034,37.686351,83.436639,3.922369
22.47000,1.499051,-2.814427,37.196629,81.190431,3.756842
22.47500,1.251476,-2.495754,42.278869,78.951378,3.192699
22.48000,1.002666,-2.117743,37.760502,75.893697,3.194039
22.48500,0.752867,-1.939201,36.520119,73.315585,3.169914
22.49000,0.502324,-1.160434,43.791762,71.748683,2.830212
22.49500,0.251286,-1.819708,38.345973,68.830601,2.655018
22.50000,-0.000000,-1.297978,35.976657,66.501820,2.284696
22.50500,-0.251286,-0.472595,30.593809,63.089196,1.892846
22.51000,-0.502324,-0.330222,38.013915,58.714529,1.684013
22.51500,-0.752867,-0.578259,38.279577,57.928863,1.626275
22.52000,-1.002666,0.747230,35.538457,54.290799,1.407796
22.52500,-1.251476,1.211047,42.059741,50.213702,0.993955
22.53000,-1.499051,1.064307,33.261740,47.393333,0.794756
22.53500,-1.745146,1.689598,39.701400,44.847587,0.601413
22.54000,-1.989519,2.305488,40.233324,41.300873,0.152942
22.54500,-2.231929,1.385398,44.099888,37.754110,0.045864
22.55000,-2.472136,2.408016,39.716897,35.433326,-0.004405
22.55500,-2.709903,2.641936,38.407650,32.394586,-0.194815
22.56000,-2.944996,3.311116,43.606052,27.404047,-0.671399
22.56500,-3.177183,3.210813,44.886409,24.301771,-0.723305
22.57000,-3.406234,3.553488,39.812591,19.593512,-1.204638
22.57500,-3.631924,4.533772,34.835593,17.186446,-1.477378
22.58000,-3.854029,5.559895,40.100318,14.425316,-1.863199
22.58500,-4.072331,4.613152,32.800372,11.356454,-1.784365
22.59000,-4.286614,6.149222,42.544248,7.033491,-2.157013
22.59500,-4.496667,6.209620,37.731507,3.210577,-2.122449
22.60000,-4.702282,6.556071,32.320844,-1.043259,-2.558512
22.60500,-4.903256,7.009333,43.326411,-3.509540,-2.805211
22.61000,-5.099392,6.591935,29.032553,-8.536838,-3.234587
22.61500,-5.290495,7.552159,38.661956,-10.663978,-3.130016
22.62000,-5.476377,6.743444,32.208388,-14.299350,-3.539957
22.62500,-5.656854,7.337493,30.822153,-18.857755,-3.739647
22.63000,-5.831749,8.099339,25.792843,-20.924827,-4.160740
22.63500,-6.000889,8.563890,23.365971,-25.004642,-4.059317
22.64000,-6.164106,7.929695,31.581341,-27.508009,-4.261318
22.64500,-6.321240,7.970470,25.655503,-32.156351,-4.624989
22.65000,-6.472136,9.198510,33.272636,-34.425896,-4.754451
22.65500,-6.616645,9.393084,27.854825,-36.531372,-4.919202
22.66000,-6.754623,9.798351,28.541470,-41.418150,-5.051943
22.66500,-6.885936,9.699689,34.152027,-43.982707,-5.322720
22.67000,-7.010453,9.397508,18.193753,-48.837397,-5.340182
22.67500,-7.128052,10.631052,24.715388,-51.678545,-5.711117
22.68000,-7.238616,10.678739,21.370673,-56.553945,-5.916067
22.68500,-7.342037,10.610112,24.962807,-57.633949,-6.064814
22.69000,-7.438212,11.631682,20.365184,-61.762990,-6.429029
22.69500,-7.527046,10.980654,17.751354,-63.290136,-6.406381
22.70000,-7.608452,11.672265,15.497243,-68.666290,-6.369175
22.70500,-7.682349,11.121994,16.820031,-70.115326,-6.581586
22.71000,-7.748665,10.087579,10.582989,-71.788900,-6.821679
22.71500,-7.807334,10.945493,18.100054,-74.119193,-6.829561
22.72000,-7.858298,10.386986,2.583534,-79.069102,-7.184923
22.72500,-7.901507,11.545107,15.232363,-80.182167,-7.122536
22.73000,-7.936918,12.227245,13.967358,-79.231432,-7.145705
22.73500,-7.964496,11.088685,10.944224,-83.633331,-7.225551
22.74000,-7.984214,12.177247,8.072179,-86.641507,-7.463030
22.74500,-7.996052,11.808320,12.100707,-92.178996,-7.376717
22.75000,-8.000000,12.349115,10.118556,-92.197924,-7.356222
22.75500,-7.996052,12.154138,9.061566,-92.576607,-7.654130
22.76000,-7.984214,11.593525,2.712487,-94.836120,-7.597557
22.76500,-7.964496,12.263270,5.046800,-96.425689,-7.880600
22.77000,-7.936918,11.998041,1.520836,-97.594575,-7.966325
22.77500,-7.901507,12.374147,-1.393153,-100.225345,-7.745984
22.78000,-7.858298,12.784429,3.909593,-100.912145,-7.832865
22.78500,-7.807334,11.841715,-7.478116,-105.381415,-7.839270
22.79000,-7.748665,12.562152,-4.224545,-101.818951,-7.932046
22.79500,-7.682349,11.765872,-9.761525,-106.261293,-7.909664
22.80000,-7.608452,11.987172,-13.360666,-107.797357,-7.797841
22.80500,-7.527046,11.721772,-1.700695,-106.375028,-7.698009
22.81000,-7.438212,11.259679,-5.273682,-108.324779,-7.875102
22.81500,-7.342037,11.486383,-8.135037,-108.722062,-7.994307
22.82000,-7.238616,11.121069,-15.498501,-111.249782,-7.669117
22.82500,-7.128052,11.414674,-11.871872,-110.821106,-7.696550
22.83000,-7.010453,10.586129,-10.015994,-110.821232,-7.641091
22.83500,-6.885936,10.470136,-22.372696,-113.314053,-7.636052
22.84000,-6.754623,11.077236,-12.487373,-112.533114,-7.358888
22.84500,-6.616645,10.760282,-14.848205,-112.721520,-7.513920
22.85000,-6.472136,10.586234,-10.106415,-112.823652,-7.392411
22.85500,-6.321240,10.388969,-22.699134,-113.228502,-7.544713
22.86000,-6.164106,10.382697,-12.191839,-113.693206,-7.324896
22.86500,-6.000889,9.926798,-20.626567,-111.477580,-7.236375
22.87000,-5.831749,9.887701,-20.491473,-111.295261,-7.064159
22.87500,-5.656854,8.937393,-19.501432,-109.749093,-6.912930
22.88000,-5.476377,9.236441,-14.485677,-110.531740,-6.902710
22.88500,-5.290495,8.454470,-20.881808,-110.495464,-6.527228
22.89000,-5.099392,7.981686,-18.291517,-110.552619,-6.673886
22.89500,-4.903256,8.137228,-26.717754,-107.859965,-6.472257
22.90000,-4.702282,8.226416,-24.961168,-107.265565,-6.256880
22.90500,-4.496667,7.675346,-25.104383,-103.459068,-6.253565
22.91000,-4.286614,8.123822,-35.224901,-101.883777,-5.912437
22.91500,-4.072331,7.356957,-29.512631,-101.341089,-5.741723
22.92000,-3.854029,6.942472,-30.417352,-102.713839,-5.664246
22.92500,-3.631924,6.495666,-29.649169,-101.714180,-5.267870
22.93000,-3.406234,5.560471,-26.044196,-98.727685,-5.269846
22.93500,-3.177183,5.821041,-30.697654,-97.722573,-5.063525
22.94000,-2.944996,5.476009,-32.985033,-93.225647,-4.996561
22.94500,-2.709903,5.862871,-34.397779,-92.768704,-4.871941
22.95000,-2.472136,4.450946,-35.153492,-91.327248,-4.566549
22.95500,-2.231929,4.382467,-41.747245,-88.751157,-4.330256
22.96000,-1.989519,3.778035,-37.479968,-85.084600,-4.134166
22.96500,-1.745146,3.788789,-40.789742,-85.296223,-3.797945
22.97000,-1.499051,2.637324,-43.238033,-81.277129,-3.896795
22.97500,-1.251476,3.126651,-33.780439,-80.880142,-3.550312
22.98000,-1.002666,2.640837,-42.299529,-77.062329,-3.395350
22.98500,-0.752867,2.342412,-43.063161,-74.960745,-2.850341
22.99000,-0.502324,3.002329,-45.994049,-71.154258,-2.810979
22.99500,-0.251286,1.486276,-34.561705,-68.574176,-2.572778
23.00000,-0.000000,1.350576,-33.701489,-64.551417,-2.395946
23.00500,0.251286,0.762498,-38.169125,-62.239961,-1.957475
23.01000,0.502324,0.852171,-41.298211,-60.756513,-1.848968
23.01500,0.752867,0.961070,-37.937960,-58.560325,-1.543750
23.02000,1.002666,0.355139,-38.003151,-54.905362,-1.526667
23.02500,1.251476,-0.595539,-39.839846,-51.336337,-0.960816
23.03000,1.499051,-1.647968,-39.116503,-47.932495,-0.793029
23.03500,1.745146,-1.304060,-47.179402,-45.313546,-0.530861
23.04000,1.989519,-2.557712,-39.516552,-39.943543,-0.215244
23.04500,2.231929,-2.602324,-41.796998,-36.804049,-0.111221
23.05000,2.472136,-2.850033,-40.723233,-34.833593,0.138802
23.05500,2.709903,-3.435907,-40.116344,-31.709650,0.474789
23.06000,2.944996,-3.330801,-45.228711,-28.003799,0.692444
23.06500,3.177183,-3.845054,-38.093928,-24.344716,0.871313
23.07000,3.406234,-4.360851,-36.231988,-20.857920,1.145598
23.07500,3.631924,-4.243063,-47.562467,-19.196567,1.334796
23.08000,3.854029,-5.059125,-44.513557,-14.340738,1.699868
23.08500,4.072331,-4.550263,-31.689931,-12.477009,1.963023
23.09000,4.286614,-5.163526,-43.496440,-6.771055,2.109252
23.09500,4.496667,-5.948026,-33.750559,-2.509482,2.534436
23.10000,4.702282,-5.906265,-32.575292,-0.960370,2.426652
23.10500,4.903256,-6.701528,-27.885825,3.975274,2.789928
23.11000,5.099392,-6.994426,-36.328866,6.616552,3.214608
23.11500,5.290495,-6.604638,-37.577980,10.045026,3.227256
23.12000,5.476377,-8.014005,-36.729326,16.593965,3.332369
23.12500,5.656854,-7.437738,-36.141045,18.866631,3.852854
23.13000,5.831749,-7.107597,-39.232489,21.882402,3.983833
23.13500,6.000889,-9.138226,-36.217172,24.292638,4.021610
23.14000,6.164106,-7.454066,-33.001086,28.693189,4.427497
23.14500,6.321240,-9.547594,-31.858703,31.411413,4.451056
23.15000,6.472136,-9.936267,-25.986883,35.525450,4.618657
23.15500,6.616645,-10.125162,-25.138594,37.320870,4.932693
23.16000,6.754623,-9.960580,-27.067745,41.569325,5.089595
23.16500,6.885936,-9.945598,-33.851707,44.462329,5.212481
23.17000,7.010453,-10.719177,-22.977405,46.516632,5.465534
23.17500,7.128052,-10.203492,-25.578097,53.232912,5.575522
23.18000,7.238616,-9.970624,-31.191411,55.354059,5.850896
23.18500,7.342037,-10.832335,-24.577098,56.584988,6.005305
23.19000,7.438212,-10.628167,-24.568148,58.819683,6.239231
23.19500,7.527046,-10.582607,-20.207241,62.617047,6.269502
23.20000,7.608452,-10.263361,-17.669472,65.376206,6.325939
23.20500,7.682349,-11.181351,-11.195802,68.459566,6.465277
23.21000,7.748665,-10.971299,-19.651482,70.180619,6.704648
23.21500,7.807334,-11.180480,-15.050005,73.643782,7.008506
23.22000,7.858298,-11.487055,-18.890960,77.271841,7.057652
23.22500,7.901507,-11.753921,-15.698972,80.203596,7.019356
23.23000,7.936918,-11.542302,-17.678755,79.922596,7.282623
23.23500,7.964496,-11.477803,-11.206881,84.556774,7.168768
23.24000,7.984214,-12.399104,-7.424498,85.718912,7.476977
23.24500,7.996052,-12.049293,-9.827613,87.860015,7.419494
23.25000,8.000000,-11.787020,-1.394055,90.802546,7.610484
23.25500,7.996052,-11.833709,-6.238521,92.408570,7.663729
23.26000,7.984214,-11.837044,-1.098158,95.926165,7.633777
23.26500,7.964496,-11.286711,-4.679230,97.769673,7.747371
23.27000,7.936918,-11.530010,-2.317676,98.362625,7.652529
23.27500,7.901507,-12.495619,6.198175,99.621197,7.789834
23.28000,7.858298,-11.254689,-3.542973,103.956874,7.935891
23.28500,7.807334,-12.189237,4.432247,105.492701,8.260740
23.29000,7.748665,-12.189672,-3.957634,105.142476,7.934238
23.29500,7.682349,-11.309394,3.136372,105.765683,7.879085
23.30000,7.608452,-11.834406,9.162987,108.233885,7.767396
23.30500,7.527046,-12.327657,15.773452,109.772492,7.966554
23.31000,7.438212,-11.241381,11.425932,108.433468,7.677123
23.31500,7.342037,-11.203610,10.005588,111.923947,7.738436
23.32000,7.238616,-11.043202,9.250597,110.380852,7.822877
23.32500,7.128052,-11.741437,10.178952,112.415336,7.625988
23.33000,7.010453,-10.652016,13.094214,111.062104,7.854283
23.33500,6.885936,-11.105116,14.338062,112.110781,7.754262
23.34000,6.754623,-10.289141,20.441456,111.781402,7.524750
23.34500,6.616645,-11.030277,12.794167,112.491849,7.455916
23.35000,6.472136,-10.722649,13.762580,113.678260,7.301666
23.35500,6.321240,-10.956020,23.122337,111.415663,7.208556
23.36000,6.164106,-10.240333,22.426694,111.929270,7.301570
23.36500,6.000889,-9.235045,19.041747,112.612387,7.220437
23.37000,5.831749,-9.363365,21.060744,111.055041,7.086707
23.37500,5.656854,-9.471412,25.201731,113.424771,6.964758
23.38000,5.476377,-8.396941,22.844073,108.787806,6.761565
23.38500,5.290495,-8.640628,22.029684,112.663797,6.727122
23.39000,5.099392,-8.137499,26.503657,108.156087,6.409484
23.39500,4.903256,-8.051639,29.873295,109.093739,6.418191
23.40000,4.702282,-7.961066,23.915154,108.786341,6.419115
23.40500,4.496667,-7.571983,26.885852,106.387932,6.251400
23.41000,4.286614,-7.149517,31.934076,102.894966,5.913311
23.41500,4.072331,-6.550019,23.039424,102.773849,5.761815
23.42000,3.854029,-6.468066,30.050842,101.776299,5.763669
23.42500,3.631924,-6.032487,35.716398,100.787272,5.629095
23.43000,3.406234,-6.566248,29.082937,99.607591,5.117904
23.43500,3.177183,-6.567899,36.026276,98.013300,5.039096
23.44000,2.944996,-5.293877,43.986142,96.562169,4.914141
23.44500,2.709903,-5.024653,37.581927,91.819038,4.816891
23.45000,2.472136,-4.559231,31.447600,92.022159,4.409348
23.45500,2.231929,-4.830030,45.494022,86.738667,4.352885
23.46000,1.989519,-3.985959,39.820552,86.704960,4.048619
23.46500,1.745146,-4.145510,41.401749,82.997728,4.104103
23.47000,1.499051,-3.293695,39.052395,79.792114,3.691162
23.47500,1.251476,-2.998534,34.751918,80.443360,3.413434
23.48000,1.002666,-2.675238,37.869141,76.804370,3.168949
23.48500,0.752867,-2.098282,37.813579,75.363306,3.081272
23.49000,0.502324,-2.073716,46.519875,69.698343,2.812967
23.49500,0.251286,-1.496067,44.456886,67.356324,2.402638
23.50000,0.000000,-0.812898,38.324982,65.818010,2.297697
23.50500,-0.251286,-0.089079,40.840894,62.267314,1.903348
23.51000,-0.502324,-0.185308,42.351328,60.161087,1.722052
23.51500,-0.752867,0.367244,45.384733,56.340406,1.426190
23.52000,-1.002666,0.643947,43.898252,53.594189,1.179818
23.52500,-1.251476,1.484843,35.442909,49.537686,0.999545
23.53000,-1.499051,2.044088,45.145380,49.166312,0.724459
23.53500,-1.745146,1.248062,35.237534,44.088947,0.629695
23.54000,-1.989519,2.190890,38.128127,39.823221,0.409755
23.54500,-2.231929,2.394991,33.649079,38.667712,0.058289
23.55000,-2.472136,3.313407,38.238858,35.094333,-0.277633
23.55500,-2.709903,1.953805,42.655965,31.405038,-0.331441
23.56000,-2.944996,3.088707,39.574041,28.001537,-0.862718
23.56500,-3.177183,2.982049,43.531231,23.848221,-1.099584
23.57000,-3.406234,4.672422,42.977031,20.690533,-1.077495
23.57500,-3.631924,4.554086,37.562278,14.797097,-1.328836
23.58000,-3.854029,5.067885,35.813255,12.056454,-1.539615
23.58500,-4.072331,5.302749,43.080453,8.921102,-1.900511
23.59000,-4.286614,5.585658,40.096661,7.152531,-2.245011
23.59500,-4.496667,5.974250,40.944194,4.704608,-2.406630
23.60000,-4.702282,5.947199,41.301447,-0.434255,-2.533314
23.60500,-4.903256,5.572136,34.366486,-4.087052,-2.899814
23.61000,-5.099392,6.901374,32.143227,-6.002066,-3.122940
23.61500,-5.290495,7.043783,35.177250,-11.251840,-3.419183
23.62000,-5.476377,7.128435,31.549967,-13.583277,-3.619322
23.62500,-5.656854,7.405234,30.193339,-17.340815,-3.637375
23.63000,-5.831749,8.511476,28.495407,-22.858687,-3.892706
23.63500,-6.000889,7.912488,30.912522,-24.415336,-4.267602
23.64000,-6.164106,8.047336,29.298370,-27.977584,-4.467694
23.64500,-6.321240,9.045894,31.597307,-32.953348,-4.619552
23.65000,-6.472136,9.643313,31.381610,-36.197677,-4.707353
23.65500,-6.616645,8.705726,33.220594,-39.815850,-5.074783
23.66000,-6.754623,9.071107,28.431262,-40.052571,-5.164099
23.66500,-6.885936,9.270956,27.132975,-42.457038,-5.547696
23.67000,-7.010453,10.101546,27.239255,-47.303523,-5.637956
23.67500,-7.128052,10.383601,24.914704,-49.474580,-5.643300
23.68000,-7.238616,10.945032,24.757125,-55.976758,-5.763817
23.68500,-7.342037,10.503508,19.809392,-55.847685,-6.133182
23.69000,-7.438212,10.596751,21.644772,-58.200922,-6.251478
23.69500,-7.527046,10.611100,14.614312,-61.564498,-6.244133
23.70000,-7.608452,11.506553,23.385335,-67.416682,-6.508114
23.70500,-7.682349,10.911424,18.599443,-67.888274,-6.661420
23.71000,-7.748665,10.944921,18.624155,-72.033959,-6.686345
23.71500,-7.807334,11.323414,9.724453,-73.334978,-6.843765
23.72000,-7.858298,11.520066,10.296582,-77.937449,-6.869807
23.72500,-7.901507,11.801531,10.548376,-79.709951,-7.013042
23.73000,-7.936918,11.449312,3.483994,-82.841550,-7.255118
23.73500,-7.964496,12.542794,14.886249,-83.999353,-7.306335
23.74000,-7.984214,12.679913,11.993696,-86.959194,-7.390398
23.74500,-7.996052,11.430471,8.307612,-87.752828,-7.603460
23.75000,-8.000000,12.013906,11.404350,-90.203833,-7.640311
23.75500,-7.996052,11.550450,-1.814285,-92.704000,-7.512570
23.76000,-7.984214,11.879611,0.150841,-95.163779,-7.830320
23.76500,-7.964496,11.477015,7.638138,-97.311434,-7.623493
23.77000,-7.936918,11.877165,4.989518,-98.699528,-7.740035
23.77500,-7.901507,12.095898,0.194349,-99.480040,-7.820249
23.78000,-7.858298,12.022932,1.228397,-101.749276,-7.782004
23.78500,-7.807334,11.333818,-1.362219,-103.009407,-7.810353
23.79000,-7.748665,10.996862,-5.015255,-104.736183,-7.751057
23.79500,-7.682349,10.997692,-6.568709,-106.022469,-7.919469
23.80000,-7.608452,12.235158,-9.671229,-107.844761,-7.901013
23.80500,-7.527046,11.547793,-7.070179,-110.285826,-7.893830
23.81000,-7.438212,11.555811,-9.016467,-108.363592,-7.663171
23.81500,-7.342037,12.035936,-5.720244,-109.195855,-7.732896
23.82000,-7.238616,10.862748,-17.346283,-111.683672,-7.888682
23.82500,-7.128052,11.336178,-12.006283,-108.933554,-7.789440
23.83000,-7.010453,10.724492,-14.873858,-113.003167,-7.779341
23.83500,-6.885936,10.938530,-17.254353,-110.866552,-7.651919
23.84000,-6.754623,9.885969,-16.754013,-112.002066,-7.569113
23.84500,-6.616645,10.342436,-10.318503,-112.087937,-7.289994
23.85000,-6.472136,10.296803,-10.343572,-111.179348,-7.626352
23.85500,-6.321240,10.176934,-27.744343,-111.367234,-7.254622
23.86000,-6.164106,9.308606,-15.834562,-112.236305,-7.221938
23.86500,-6.000889,9.599955,-27.801493,-113.210683,-7.237029
23.87000,-5.831749,9.858338,-26.819958,-113.003156,-7.075100
23.87500,-5.656854,9.203884,-27.148479,-110.857282,-6.996503
23.88000,-5.476377,9.364870,-29.759322,-108.625798,-6.821428
23.88500,-5.290495,9.027423,-20.547533,-108.716101,-6.598338
23.89000,-5.099392,8.586026,-19.499529,-108.943168,-6.718502
23.89500,-4.903256,8.052829,-34.531801,-107.581381,-6.293952
23.90000,-4.702282,7.964115,-25.566562,-106.122441,-6.317059
23.90500,-4.496667,7.245109,-27.300217,-103.766963,-5.975982
23.91000,-4.286614,7.635315,-31.801835,-105.394986,-5.926934
23.91500,-4.072331,7.187607,-32.382060,-102.307439,-5.679916
23.92000,-3.854029,7.249317,-32.491554,-101.365716,-5.576730
23.92500,-3.631924,7.390556,-33.752157,-101.011243,-5.348761
23.93000,-3.406234,6.466524,-37.115792,-99.649764,-5.270963
23.93500,-3.177183,6.018993,-34.532089,-95.232504,-5.173775
23.94000,-2.944996,5.524776,-33.966948,-94.470919,-4.831328
23.94500,-2.709903,5.468955,-34.542440,-93.152975,-4.631234
23.95000,-2.472136,5.352103,-40.374008,-90.753274,-4.290972
23.95500,-2.231929,4.291656,-33.381706,-87.598539,-4.497735
23.96000,-1.989519,3.516371,-42.473581,-86.415799,-4.106770
23.96500,-1.745146,3.118889,-40.239701,-82.355509,-3.766764
23.97000,-1.499051,3.769432,-42.813426,-82.142126,-3.781856
23.97500,-1.251476,3.178721,-46.149148,-80.287624,-3.457867
23.98000,-1.002666,2.841986,-38.115511,-76.961902,-2.998012
23.98500,-0.752867,1.522457,-42.459920,-75.304345,-2.840854
23.99000,-0.502324,1.629867,-34.126498,-71.925564,-2.840931
23.99500,-0.251286,0.830450,-40.826900,-67.330104,-2.376214
24.00000,0.000000,0.632624,-36.478816,-63.938545,-2.164853
24.00500,0.502324,0.491440,-45.148395,-62.292014,-1.967567
24.01000,1.002666,-0.002482,-47.009272,-59.828092,-1.766020
24.01500,1.499051,0.448473,-46.303544,-58.069896,-1.534960
24.02000,1.989519,-1.373437,-54.776679,-55.049304,-1.395913
24.02500,2.472136,-1.753839,-60.995087,-50.235394,-1.104600
24.03000,2.944996,-2.510198,-61.174584,-47.164084,-0.717163
24.03500,3.406234,-2.880274,-60.161142,-44.633184,-0.507849
24.04000,3.854029,-3.327882,-66.220581,-40.980542,-0.060564
24.04500,4.286614,-4.709359,-68.007700,-35.052380,0.003502
24.05000,4.702282,-5.788990,-61.618479,-32.023930,0.086752
24.05500,5.099392,-5.943372,-69.118822,-29.328869,0.592259
24.06000,5.476377,-6.249335,-74.254291,-25.244015,0.959184
24.06500,5.831749,-7.518125,-70.705688,-20.050623,1.282411
24.07000,6.164106,-7.235176,-74.997936,-17.057073,1.570290
24.07500,6.472136,-8.657110,-69.396629,-13.054996,1.806699
24.08000,6.754623,-9.030374,-59.445854,-10.943051,2.370537
24.08500,7.010453,-9.445353,-60.554429,-6.782771,2.490181
24.09000,7.238616,-8.891730,-64.098734,-2.683930,2.968353
24.09500,7.438212,-9.799416,-58.583187,1.328061,3.211454
24.10000,7.608452,-10.365799,-57.843401,8.397394,3.465304
24.10500,7.748665,-11.292941,-38.038511,13.295001,4.073036
24.11000,7.858298,-11.636511,-44.946236,16.418636,4.024849
24.11500,7.936918,-11.712276,-43.544264,22.485742,4.534450
24.12000,7.984214,-10.934637,-27.315781,27.028800,5.003140
24.12500,8.000000,-11.225876,-28.556459,30.953456,5.258984
24.13000,7.984214,-11.840357,-28.157702,33.837162,5.698489
24.13500,7.936918,-12.276217,-22.782215,41.708696,5.933627
24.14000,7.858298,-12.752975,-18.676109,46.052953,6.208860
24.14500,7.748665,-12.167912,-9.691351,48.136275,6.770159
24.15000,7.608452,-11.677454,-4.521919,55.350549,6.817595
24.15500,7.438212,-11.543664,3.054814,57.328640,7.095178
24.16000,7.238616,-11.449788,2.693627,60.438469,7.257417
24.16500,7.010453,-11.708985,9.094546,64.831968,7.527895
24.17000,6.754623,-10.931950,18.066502,66.963697,7.885183
24.17500,6.472136,-10.919810,26.569913,72.382908,8.072657
24.18000,6.164106,-10.131885,34.502584,74.423526,8.189706
24.18500,5.831749,-10.015478,35.765203,80.926321,8.268625
24.19000,5.476377,-9.368985,30.340715,83.101489,8.531437
24.19500,5.099392,-9.095107,38.487482,84.023663,8.389140
24.20000,4.702282,-8.941668,46.938598,89.005247,8.595011
24.20500,4.286614,-7.700354,44.516389,88.794396,8.644508
24.21000,3.854029,-8.085075,46.788041,93.193619,8.595829
24.21500,3.406234,-6.756599,49.139622,95.527539,8.676201
24.22000,2.944996,-6.609504,59.140365,96.742273,8.543076
24.22500,2.472136,-5.928116,59.667755,96.769418,8.446886
24.23000,1.989519,-4.982258,63.938296,99.086250,8.593295
24.23500,1.499051,-4.630274,63.170509,99.844732,8.340026
24.24000,1.002666,-4.134892,72.337554,100.673317,8.206631
24.24500,0.502324,-3.370661,69.698904,102.578895,7.879998
24.25000,0.000000,-2.720206,69.797462,102.755297,7.727863
24.25500,-0.502324,-1.481838,71.873590,102.246283,7.434201
24.26000,-1.002666,-0.607759,72.414662,98.974923,7.171164
24.26500,-1.499051,-0.025646,81.021714,97.837385,6.950176
24.27000,-1.989519,0.098686,82.597049,97.417820,6.324017
24.27500,-2.472136,1.571559,76.943392,96.269337,5.978021
24.28000,-2.944996,2.663505,76.699092,91.420332,5.524957
24.28500,-3.406234,2.506820,88.312703,90.859504,4.730028
24.29000,-3.854029,3.332804,82.553642,91.116538,4.469850
24.29500,-4.286614,4.818284,84.309811,84.734858,4.116298
24.30000,-4.702282,5.046579,79.355910,82.191589,3.661343
24.30500,-5.099392,6.251766,76.109920,78.817641,3.004325
24.31000,-5.476377,6.294959,74.781380,76.531643,2.622489
24.31500,-5.831749,6.448701,78.260712,71.947651,2.068777
24.32000,-6.164106,7.639958,78.507129,67.459035,1.317044
24.32500,-6.472136,8.199126,68.417979,61.645472,0.908427
24.33000,-6.754623,8.880685,64.437336,59.488187,0.340000
24.33500,-7.010453,8.890136,64.833769,53.932751,-0.396397
24.34000,-7.238616,9.517515,60.548646,48.117811,-1.152421
24.34500,-7.438212,11.007160,53.253936,43.715259,-1.519512
24.35000,-7.608452,10.283266,47.319896,39.241393,-2.294232
24.35500,-7.748665,11.539445,43.001220,31.095530,-2.923105
24.36000,-7.858298,10.681208,48.208711,25.386933,-3.474752
24.36500,-7.936918,11.514505,35.646581,20.284202,-4.132524
24.37000,-7.984214,11.785166,31.425163,14.656028,-4.552110
24.37500,-8.000000,12.162471,26.587374,6.257129,-5.148630
24.38000,-7.984214,11.905912,18.214238,3.213161,-5.654984
24.38500,-7.936918,11.701642,20.527344,-0.700538,-6.250710
24.39000,-7.858298,12.046392,13.282380,-8.298577,-6.899179
24.39500,-7.748665,11.345219,10.316148,-12.615030,-7.322931
24.40000,-7.608452,10.840965,9.341612,-23.003352,-7.681036
24.40500,-7.438212,11.128286,-2.395566,-25.554538,-8.243558
24.41000,-7.238616,12.292260,-6.200249,-29.491177,-8.314758
24.41500,-7.010453,11.768060,-14.523981,-34.855724,-9.004349
24.42000,-6.754623,11.943470,-12.833909,-42.725710,-9.378375
24.42500,-6.472136,11.066368,-19.652954,-48.407382,-9.509211
24.43000,-6.164106,9.888072,-21.824165,-52.126873,-9.817624
24.43500,-5.831749,9.706228,-24.327060,-58.942334,-10.125807
24.44000,-5.476377,9.838073,-41.079970,-62.683439,-10.337645
24.44500,-5.099392,8.887310,-33.441915,-68.723128,-10.423501
24.45000,-4.702282,8.338924,-49.566581,-70.946022,-10.493374
24.45500,-4.286614,7.748352,-52.803513,-75.050114,-10.570026
24.46000,-3.854029,7.319625,-60.608428,-76.894435,-10.703997
24.46500,-3.406234,6.236028,-49.638410,-81.832670,-10.615560
24.47000,-2.944996,6.604779,-61.743831,-86.174617,-10.516839
24.47500,-2.472136,5.468513,-60.412094,-88.352122,-10.424832
24.48000,-1.989519,5.641479,-68.572493,-92.266948,-10.668387
24.48500,-1.499051,5.116474,-61.614138,-92.904309,-10.264368
24.49000,-1.002666,3.673052,-76.344032,-95.035832,-10.027523
24.49500,-0.502324,3.423331,-73.466645,-95.784986,-9.706910
24.50000,-0.000000,2.710543,-79.971088,-96.323495,-9.360258
24.50500,0.502324,1.586800,-78.015703,-100.527817,-8.941669
24.51000,1.002666,0.671833,-72.366063,-98.220107,-8.590511
24.51500,1.499051,0.538832,-77.982732,-97.787985,-8.247581
24.52000,1.989519,-0.478072,-78.561927,-99.732839,-7.780670
24.52500,2.472136,-1.586619,-77.021851,-95.426727,-7.122271
24.53000,2.944996,-2.467326,-82.449586,-97.444372,-6.844515
24.53500,3.406234,-2.987915,-85.275014,-92.316159,-6.208529
24.54000,3.854029,-3.314966,-84.164974,-92.518753,-5.511436
24.54500,4.286614,-4.129633,-80.679154,-90.196157,-5.038354
24.55000,4.702282,-5.364766,-72.429436,-88.563063,-4.660350
24.55500,5.099392,-5.849306,-75.897671,-84.918610,-3.781152
24.56000,5.476377,-6.363267,-76.141698,-84.209250,-3.203416
24.56500,5.831749,-7.230805,-71.692163,-80.530227,-2.507361
24.57000,6.164106,-7.688748,-72.654235,-78.174113,-1.710359
24.57500,6.472136,-8.631257,-63.383081,-71.255241,-1.079104
24.58000,6.754623,-9.092008,-60.811575,-68.461641,-0.456775
24.58500,7.010453,-9.125547,-64.190223,-62.241322,0.358309
24.59000,7.238616,-9.608030,-50.395911,-57.677020,1.012525
24.59500,7.438212,-10.261251,-58.986091,-54.979987,1.677240
24.60000,7.608452,-9.597167,-48.155064,-47.431179,2.389621
24.60500,7.748665,-10.928706,-47.261035,-42.608963,3.069746
24.61000,7.858298,-10.859399,-38.253119,-37.178769,3.684672
24.61500,7.936918,-11.292337,-33.725966,-31.239816,4.333581
24.62000,7.984214,-11.820122,-32.477493,-26.057586,5.026863
24.62500,8.000000,-11.494300,-26.956692,-20.166766,5.554794
24.63000,7.984214,-11.436528,-29.226261,-13.029079,6.128981
24.63500,7.936918,-11.966036,-24.736111,-9.460306,6.966244
24.64000,7.858298,-11.782492,-13.519837,-3.709263,7.366604
24.64500,7.748665,-10.769827,-7.301999,2.804101,7.914361
24.65000,7.608452,-12.271807,-5.731175,10.882269,8.398703
24.65500,7.438212,-11.865795,4.124550,15.229704,8.877290
24.66000,7.238616,-11.372988,11.115603,23.716271,9.305264
24.66500,7.010453,-11.402747,4.325106,23.653194,9.701096
24.67000,6.754623,-11.491784,18.072559,32.096169,9.967436
24.67500,6.472136,-11.051672,29.425796,37.949896,10.455303
24.68000,6.164106,-10.602426,25.934384,44.175772,10.565619
24.68500,5.831749,-10.235233,30.861941,50.637385,10.969502
24.69000,5.476377,-9.673806,35.666146,53.875397,10.861509
24.69500,5.099392,-8.564270,42.093903,57.711231,11.091337
24.70000,4.702282,-8.639253,33.953961,64.456061,11.396471
24.70500,4.286614,-8.359569,50.327349,69.615082,11.336731
24.71000,3.854029,-7.343711,50.760518,68.873551,11.293577
24.71500,3.406234,-6.766946,58.687229,76.320195,11.362234
24.72000,2.944996,-6.865114,57.030350,79.471883,11.138561
24.72500,2.472136,-6.022546,62.465075,81.324285,11.124625
24.73000,1.989519,-5.554915,67.253536,84.594178,10.724194
24.73500,1.499051,-4.261857,72.735387,88.008430,10.686009
24.74000,1.002666,-3.330492,70.425495,89.879959,10.408433
24.74500,0.502324,-3.061729,74.833778,91.382196,10.227709
24.75000,0.000000,-1.712846,70.962961,91.776342,9.920624
24.75500,-0.502324,-1.728876,76.514047,94.580881,9.367001
24.76000,-1.002666,-0.871743,79.677743,94.207573,9.195345
24.76500,-1.499051,-0.012564,87.104833,95.453777,8.520087
24.77000,-1.989519,0.846644,76.264952,94.661767,7.884022
24.77500,-2.472136,2.217507,80.754835,95.205891,7.329454
24.78000,-2.944996,1.797518,78.086510,95.101625,7.169176
24.78500,-3.406234,3.236476,82.445849,93.390534,6.425078
24.79000,-3.854029,3.756799,76.034254,92.409910,5.761699
24.79500,-4.286614,4.928572,82.008611,88.187546,5.120611
24.80000,-4.702282,4.563917,72.904618,88.171792,4.433919
24.80500,-5.099392,5.309664,82.845631,85.446877,4.007952
24.81000,-5.476377,7.160884,74.352739,81.522802,3.177402
24.81500,-5.831749,7.596504,70.967448,78.891040,2.665218
24.82000,-6.164106,8.116392,69.995777,72.331727,1.755715
24.82500,-6.472136,8.177077,68.048304,71.924439,0.822434
24.83000,-6.754623,9.206841,65.534316,67.301067,0.419921
24.83500,-7.010453,9.264055,65.232524,60.815247,-0.425809
24.84000,-7.238616,9.264667,57.657843,59.498547,-1.135844
24.84500,-7.438212,10.086571,51.206426,53.371690,-1.674291
24.85000,-7.608452,10.415833,44.165837,49.445823,-2.569935
24.85500,-7.748665,10.433223,43.799531,43.655218,-3.129733
24.86000,-7.858298,10.927009,37.590924,39.144329,-3.936636
24.86500,-7.936918,11.130848,41.217828,33.175978,-4.686172
24.87000,-7.984214,11.851010,28.052090,27.107676,-5.216761
24.87500,-8.000000,12.204326,26.044054,22.285428,-5.963819
24.88000,-7.984214,12.381635,24.372330,16.864967,-6.393538
24.88500,-7.936918,12.443871,24.601089,7.364998,-7.007691
24.89000,-7.858298,11.559287,6.996473,4.132266,-7.656830
24.89500,-7.748665,12.223136,7.970314,-2.520751,-8.131082
24.90000,-7.608452,12.252293,7.429182,-9.035201,-8.632326
24.90500,-7.438212,11.965949,-8.258261,-12.098717,-9.178848
24.91000,-7.238616,11.232494,-3.610216,-18.327722,-9.487762
24.91500,-7.010453,10.195732,-20.668982,-26.406492,-9.988455
24.92000,-6.754623,11.226909,-17.000517,-32.148307,-10.252786
24.92500,-6.472136,10.512899,-25.484776,-35.408676,-10.717641
24.93000,-6.164106,10.894432,-28.137444,-42.474056,-10.878093
24.93500,-5.831749,9.515708,-29.561992,-47.332694,-11.069326
24.94000,-5.476377,9.938783,-29.247687,-54.277900,-11.368596
24.94500,-5.099392,9.065278,-43.491183,-56.948399,-11.464967
24.95000,-4.702282,8.191371,-37.616401,-60.053986,-11.565172
24.95500,-4.286614,8.025555,-41.469993,-66.267295,-11.481632
24.96000,-3.854029,7.585295,-58.470176,-69.953308,-11.623571
24.96500,-3.406234,7.401629,-55.846002,-71.587785,-11.458630
24.97000,-2.944996,6.764287,-57.123363,-76.120375,-11.255178
24.97500,-2.472136,6.299244,-56.559555,-78.696634,-11.232242
24.98000,-1.989519,5.425103,-62.829999,-82.520173,-11.244714
24.98500,-1.499051,4.224220,-70.270336,-84.422468,-10.841978
24.99000,-1.002666,3.522554,-73.047647,-89.996942,-10.478477
24.99500,-0.502324,3.049414,-70.227005,-90.893009,-10.297503
25.00000,-0.000000,2.101279,-78.367500,-93.393500,-9.803045
25.00500,0.502324,0.809280,-75.677450,-90.031265,-9.458143
25.01000,1.002666,-0.113063,-77.907482,-93.213721,-9.045934
25.01500,1.499051,0.316568,-82.531404,-94.004037,-8.646215
25.02000,1.989519,-0.707531,-70.183766,-94.801032,-8.169014
25.02500,2.472136,-0.678377,-79.504003,-94.795639,-7.608721
25.03000,2.944996,-2.464556,-71.276936,-96.207496,-7.011966
25.03500,3.406234,-2.549597,-75.440836,-89.270042,-6.373169
25.04000,3.854029,-3.648023,-75.010710,-90.580635,-5.765153
25.04500,4.286614,-4.214738,-81.132820,-88.648947,-5.196007
25.05000,4.702282,-5.081636,-79.608679,-88.252555,-4.497339
25.05500,5.099392,-5.318445,-75.484685,-84.228780,-3.785125
25.06000,5.476377,-6.214530,-74.532558,-80.933447,-3.291522
25.06500,5.831749,-7.251905,-76.964462,-78.365440,-2.498056
25.07000,6.164106,-7.692799,-60.208924,-74.136760,-1.783787
25.07500,6.472136,-8.310949,-57.024981,-72.133136,-1.000000
25.08000,6.754623,-8.713066,-61.464523,-66.787367,-0.279020
25.08500,7.010453,-9.149939,-60.069476,-61.872089,0.451984
25.09000,7.238616,-9.886375,-58.508358,-57.762918,1.117822
25.09500,7.438212,-10.372179,-58.090130,-53.245131,1.995337
25.10000,7.608452,-10.516799,-48.179359,-48.874742,2.670941
25.10500,7.748665,-11.599543,-46.014850,-44.777310,3.183337
25.11000,7.858298,-10.983677,-39.194703,-37.678367,4.040767
25.11500,7.936918,-11.252387,-33.235456,-33.331100,4.602249
25.12000,7.984214,-12.921485,-23.731552,-28.398009,5.542569
25.12500,8.000000,-12.241984,-28.187926,-20.715636,5.962229
25.13000,7.984214,-11.909283,-22.312126,-17.716711,6.580478
25.13500,7.936918,-12.915294,-19.460360,-10.659192,7.214215
25.14000,7.858298,-11.810552,-12.054301,-3.232566,7.743190
25.14500,7.748665,-11.556386,-12.684059,2.852805,8.284095
25.15000,7.608452,-11.700436,3.317513,7.187699,8.938858
25.15500,7.438212,-11.384355,3.815758,13.545293,9.265723
25.16000,7.238616,-11.659397,1.244528,19.896773,9.749361
25.16500,7.010453,-11.046313,11.700850,24.897415,10.163055
25.17000,6.754623,-10.855341,21.602769,29.693233,10.297207
25.17500,6.472136,-10.902640,24.276187,36.594666,10.867570
25.18000,6.164106,-10.470254,23.813070,41.630179,11.028557
25.18500,5.831749,-10.821379,33.710683,46.747791,11.273386
25.19000,5.476377,-10.266193,37.038280,52.927871,11.264730
25.19500,5.099392,-8.812964,37.564970,56.781621,11.561853
25.20000,4.702282,-8.302137,45.786691,60.463225,11.604775
25.20500,4.286614,-8.548377,43.650092,65.520037,11.547213
25.21000,3.854029,-8.281836,50.797878,71.670595,11.821416
25.21500,3.406234,-7.875634,50.887309,72.366557,11.595449
25.22000,2.944996,-5.934638,63.572022,76.405861,11.414979
25.22500,2.472136,-5.626834,67.185173,78.985665,11.313422
25.23000,1.989519,-4.296569,64.038607,83.223785,11.195532
25.23500,1.499051,-3.873594,69.377059,83.901765,10.984028
25.24000,1.002666,-2.844683,77.239639,88.122229,10.652554
25.24500,0.502324,-2.624494,66.809516,90.367788,10.397791
25.25000,0.000000,-2.473910,74.976549,90.103461,10.064070
25.25500,-0.502324,-1.636469,79.134181,91.183637,9.394889
25.26000,-1.002666,-0.276344,80.570970,91.240131,9.034017
25.26500,-1.499051,-0.589482,77.204097,93.462332,8.516752
25.27000,-1.989519,1.002356,71.608858,92.172098,8.114746
25.27500,-2.472136,1.339470,77.249850,92.446557,7.711667
25.28000,-2.944996,2.798719,84.525596,92.015347,7.064731
25.28500,-3.406234,2.758853,77.458445,90.666346,6.299110
25.29000,-3.854029,3.408018,80.239609,91.047400,5.753653
25.29500,-4.286614,4.827775,77.773741,90.184056,5.242443
25.30000,-4.702282,3.763082,81.109685,83.735065,4.422248
25.30500,-5.099392,6.235876,73.057440,82.830454,3.784160
25.31000,-5.476377,6.559827,75.404475,81.298764,3.127715
25.31500,-5.831749,6.807598,72.907160,76.687450,2.205927
25.32000,-6.164106,7.933861,65.160946,73.890025,1.748157
25.32500,-6.472136,8.016087,68.236428,71.067665,0.979480
25.33000,-6.754623,9.015280,68.044614,68.474332,0.273530
25.33500,-7.010453,9.288504,62.392528,63.984442,-0.610885
25.34000,-7.238616,10.030089,54.530838,57.788870,-1.317200
25.34500,-7.438212,9.733688,51.159154,53.569659,-2.022561
25.35000,-7.608452,10.234513,44.354159,48.069681,-2.652424
25.35500,-7.748665,11.635623,41.115175,43.174655,-3.374619
25.36000,-7.858298,11.288435,32.950537,36.722179,-4.059633
25.36500,-7.936918,11.336870,38.634246,30.590839,-4.567648
25.37000,-7.984214,11.241846,32.745083,26.662645,-5.272247
25.37500,-8.000000,11.567384,27.842245,22.560479,-6.109556
25.38000,-7.984214,12.002707,33.651770,16.555110,-6.713666
25.38500,-7.936918,11.464785,18.573988,7.669053,-7.060764
25.39000,-7.858298,11.978756,16.592414,3.764889,-7.820162
25.39500,-7.748665,11.864132,2.975920,-2.615404,-8.175340
25.40000,-7.608452,11.076892,1.885706,-7.410783,-8.645499
25.40500,-7.438212,11.786708,-4.342838,-14.861478,-9.317307
25.41000,-7.238616,12.132155,-6.060570,-18.294350,-9.710748
25.41500,-7.010453,11.223822,-16.268922,-25.303539,-10.057965
25.42000,-6.754623,11.061101,-19.585830,-29.995026,-10.495504
25.42500,-6.472136,10.959919,-24.508351,-35.128290,-10.808535
25.43000,-6.164106,10.254787,-25.390024,-43.756336,-11.010063
25.43500,-5.831749,9.390495,-36.454751,-46.920337,-11.100422
25.44000,-5.476377,9.712683,-35.042667,-49.893297,-11.402440
25.44500,-5.099392,9.049807,-38.127993,-56.422856,-11.505130
25.45000,-4.702282,8.466573,-44.000782,-59.794054,-11.612579
25.45500,-4.286614,8.788835,-43.670899,-64.843209,-11.738508
25.46000,-3.854029,7.685843,-52.157841,-69.981639,-11.443136
25.46500,-3.406234,6.729851,-55.382515,-72.863493,-11.770611
25.47000,-2.944996,6.130865,-58.734088,-75.467687,-11.500173
25.47500,-2.472136,6.440338,-59.194626,-78.390543,-11.232181
25.48000,-1.989519,5.439595,-64.036814,-81.089830,-11.236840
25.48500,-1.499051,3.658837,-68.528434,-86.628510,-10.801532
25.49000,-1.002666,3.952044,-68.272975,-86.590733,-10.458838
25.49500,-0.502324,2.764340,-76.635581,-91.038387,-10.350743
25.50000,-0.000000,1.992222,-71.888062,-91.105933,-9.883575
25.50500,0.502324,1.965563,-81.866296,-92.360513,-9.616412
25.51000,1.002666,1.044232,-72.689802,-92.184555,-9.017596
25.51500,1.499051,-0.367408,-81.732422,-92.981342,-8.586899
25.52000,1.989519,-0.771499,-80.878004,-91.956466,-8.067590
25.52500,2.472136,-1.246053,-81.302434,-93.821902,-7.413830
25.53000,2.944996,-2.308502,-78.212212,-91.452766,-6.935140
25.53500,3.406234,-2.819638,-88.029022,-90.942618,-6.251621
25.54000,3.854029,-4.011287,-81.427417,-89.996722,-5.701796
25.54500,4.286614,-3.882924,-75.938967,-89.645225,-5.241581
25.55000,4.702282,-4.506963,-75.958365,-85.479929,-4.431142
25.55500,5.099392,-6.067213,-80.797020,-83.335126,-3.726596
25.56000,5.476377,-7.035630,-68.960664,-80.012240,-3.223804
25.56500,5.831749,-7.259868,-64.224519,-77.884236,-2.236690
25.57000,6.164106,-7.291771,-73.265149,-74.738768,-1.645318
25.57500,6.472136,-8.134228,-68.781252,-70.293934,-0.890625
25.58000,6.754623,-8.777059,-69.175142,-66.237063,-0.288982
25.58500,7.010453,-9.175708,-63.554421,-61.739554,0.537165
25.59000,7.238616,-10.335929,-58.399082,-55.850990,1.286921
25.59500,7.438212,-10.155386,-45.099814,-54.066759,1.946240
25.60000,7.608452,-10.563537,-55.543948,-46.088498,2.701207
25.60500,7.748665,-11.128073,-38.248899,-46.762463,3.184417
25.61000,7.858298,-10.827665,-41.889053,-36.910036,4.223289
25.61500,7.936918,-11.691588,-38.921780,-33.547674,4.649311
25.62000,7.984214,-11.894636,-34.852930,-24.694724,5.197572
25.62500,8.000000,-11.494590,-25.628915,-22.396393,5.953802
25.63000,7.984214,-11.640078,-24.967041,-14.372116,6.576340
25.63500,7.936918,-11.946422,-19.404706,-10.945477,7.298092
25.64000,7.858298,-11.902664,-14.324484,-5.257694,7.707193
25.64500,7.748665,-11.811166,-8.409625,2.865437,8.351484
25.65000,7.608452,-11.762299,-2.441285,8.803810,8.718351
25.65500,7.438212,-12.198314,0.274358,12.807690,9.492151
25.66000,7.238616,-11.269252,3.213672,22.199614,9.745769
25.66500,7.010453,-10.561955,14.194080,24.727177,10.268878
25.67000,6.754623,-10.991628,17.051456,32.521645,10.313370
25.67500,6.472136,-10.964938,21.540124,35.001714,10.782386
25.68000,6.164106,-10.016805,18.074691,40.397468,10.878767
25.68500,5.831749,-9.862489,30.591007,46.797390,11.247788
25.69000,5.476377,-10.018364,32.294352,50.502759,11.428901
25.69500,5.099392,-9.280750,35.585714,56.997281,11.327592
25.70000,4.702282,-8.983424,42.212813,58.528149,11.454414
25.70500,4.286614,-7.776156,44.432895,65.556697,11.486730
25.71000,3.854029,-8.194669,44.081044,68.758819,11.442447
25.71500,3.406234,-6.518336,50.846087,72.084447,11.463579
25.72000,2.944996,-6.707879,63.160506,76.948886,11.338837
25.72500,2.472136,-5.648036,61.832484,79.641697,11.143348
25.73000,1.989519,-5.285067,62.108193,82.259406,11.106423
25.73500,1.499051,-4.248312,68.263409,86.280791,10.916017
25.74000,1.002666,-3.211536,62.627208,87.900308,10.451576
25.74500,0.502324,-2.711809,79.102201,89.871896,10.207578
25.75000,0.000000,-2.752370,79.571934,92.496534,9.903774
25.75500,-0.502324,-1.604613,76.083018,92.025819,9.480296
25.76000,-1.002666,-0.688519,79.365358,93.883289,8.996369
25.76500,-1.499051,0.800223,76.191568,92.853006,8.674960
25.77000,-1.989519,0.545613,77.641397,94.107737,8.171982
25.77500,-2.472136,1.343026,78.896660,93.707737,7.616668
25.78000,-2.944996,1.930189,77.836553,91.784698,6.959378
25.78500,-3.406234,2.969561,81.987505,89.619564,6.583315
25.79000,-3.854029,3.993581,74.438084,88.493926,5.937617
25.79500,-4.286614,4.007158,80.580597,87.132194,5.079224
25.80000,-4.702282,5.707178,73.135432,86.771270,4.443439
25.80500,-5.099392,6.318838,76.219442,83.526451,3.892921
25.81000,-5.476377,6.775085,79.053166,80.563554,2.997359
25.81500,-5.831749,7.322123,79.032680,78.371794,2.408748
25.82000,-6.164106,8.684281,63.328509,75.265851,1.655513
25.82500,-6.472136,7.773320,69.402211,72.345348,0.856005
25.83000,-6.754623,8.520333,69.872473,66.060031,0.175155
25.83500,-7.010453,10.157251,60.775570,63.155331,-0.687930
25.84000,-7.238616,9.194997,62.992516,58.855853,-1.311672
25.84500,-7.438212,10.267425,50.291943,52.216686,-2.178925
25.85000,-7.608452,10.445883,49.861804,48.544172,-2.464680
25.85500,-7.748665,10.465638,55.161564,42.222243,-3.245575
25.86000,-7.858298,10.759259,44.669330,37.741147,-3.963254
25.86500,-7.936918,11.323248,41.064759,33.057517,-4.729856
25.87000,-7.984214,11.737601,31.969056,25.030459,-5.315091
25.87500,-8.000000,11.994889,27.131656,20.323100,-5.921305
25.88000,-7.984214,12.154769,26.956547,14.645944,-6.556713
25.88500,-7.936918,12.004543,18.659816,9.875855,-7.149944
25.89000,-7.858298,12.011769,20.313322,3.059115,-7.888155
25.89500,-7.748665,12.231745,5.231100,-1.520928,-8.277954
25.90000,-7.608452,11.634829,-0.314288,-8.811386,-8.865669
25.90500,-7.438212,11.223970,0.161782,-14.245510,-9.386831
25.91000,-7.238616,11.972537,-12.790934,-18.720437,-9.802782
25.91500,-7.010453,10.531525,-9.176969,-24.753715,-10.027248
25.92000,-6.754623,11.388220,-10.765898,-30.547918,-10.306506
25.92500,-6.472136,11.391062,-14.021880,-36.247730,-10.849754
25.93000,-6.164106,9.983143,-31.418893,-40.376237,-10.796431
25.93500,-5.831749,9.184785,-32.681162,-45.117847,-11.039298
25.94000,-5.476377,9.341387,-32.258018,-52.132488,-11.395613
25.94500,-5.099392,9.368547,-41.937323,-57.328204,-11.530093
25.95000,-4.702282,8.331756,-42.524311,-62.255011,-11.571920
25.95500,-4.286614,8.642190,-55.374505,-63.355935,-11.501568
25.96000,-3.854029,7.912284,-52.878387,-70.470254,-11.627684
25.96500,-3.406234,6.627537,-53.645953,-74.754799,-11.643855
25.97000,-2.944996,6.745024,-62.377098,-76.409051,-11.396853
25.97500,-2.472136,5.164284,-60.975096,-78.696603,-11.491207
25.98000,-1.989519,4.908741,-65.562361,-84.231045,-11.078822
25.98500,-1.499051,4.504263,-69.944129,-85.496781,-10.741619
25.99000,-1.002666,4.258610,-75.145947,-89.235692,-10.549028
25.99500,-0.502324,3.308625,-74.186195,-90.249999,-10.181648
26.00000,-0.000000,2.872107,-73.886958,-89.073931,-9.850031
26.00500,0.502324,0.882048,-77.891206,-91.927918,-9.427182
26.01000,1.002666,2.100626,-75.472577,-93.221515,-9.048660
26.01500,1.499051,-0.382110,-77.198276,-93.266925,-8.673622
26.02000,1.989519,-0.645773,-84.658359,-93.083379,-8.106472
26.02500,2.472136,-0.851906,-80.084622,-93.223619,-7.552860
26.03000,2.944996,-2.039815,-75.978333,-93.807548,-6.851182
26.03500,3.406234,-2.482718,-77.558650,-92.761014,-6.218605
26.04000,3.854029,-4.235826,-80.729603,-87.659781,-5.718374
26.04500,4.286614,-4.901773,-84.155311,-89.122266,-5.192189
26.05000,4.702282,-5.304869,-76.891524,-84.743412,-4.525980
26.05500,5.099392,-6.028061,-75.021948,-84.522096,-3.790207
26.06000,5.476377,-6.390250,-69.340308,-79.406991,-2.935976
26.06500,5.831749,-7.198451,-72.334663,-77.015196,-2.333079
26.07000,6.164106,-8.149360,-69.525838,-74.667447,-1.654308
26.07500,6.472136,-8.127018,-65.518448,-68.397998,-1.001059
26.08000,6.754623,-9.348972,-58.391283,-67.840095,-0.108086
26.08500,7.010453,-9.546566,-56.860302,-62.791903,0.561268
26.09000,7.238616,-9.579057,-49.487710,-59.032191,1.253845
26.09500,7.438212,-10.517269,-55.872221,-54.226183,1.990964
26.10000,7.608452,-10.528375,-45.672204,-48.823809,2.863379
26.10500,7.748665,-10.585355,-44.926410,-44.399006,3.381620
26.11000,7.858298,-10.531829,-35.416093,-38.382484,4.256604
26.11500,7.936918,-10.906085,-39.245789,-30.738638,4.885593
26.12000,7.984214,-11.250415,-29.680808,-29.024651,5.421296
26.12500,8.000000,-11.579241,-25.248344,-22.794450,6.138089
26.13000,7.984214,-12.439859,-26.926089,-16.689398,6.646797
26.13500,7.936918,-12.340165,-18.377906,-10.310026,7.159575
26.14000,7.858298,-12.370900,-14.346568,-2.743758,7.770477
26.14500,7.748665,-12.207533,-10.440579,2.788823,8.230434
26.15000,7.608452,-11.963632,-6.328098,8.369286,8.863677
26.15500,7.438212,-12.191899,-4.197253,13.881631,9.270297
26.16000,7.238616,-11.807761,8.254799,22.199301,9.745484
26.16500,7.010453,-10.939222,11.950059,23.815397,10.152963
26.17000,6.754623,-11.342985,17.180745,29.387544,10.099457
26.17500,6.472136,-11.677895,21.002450,36.173927,10.743889
26.18000,6.164106,-10.634406,27.642664,41.778061,10.790677
26.18500,5.831749,-10.192646,28.287305,46.437406,11.202959
26.19000,5.476377,-9.859032,31.749825,50.726109,11.269385
26.19500,5.099392,-8.337200,41.663188,54.968068,11.493873
26.20000,4.702282,-8.351511,45.751793,60.726444,11.701044
26.20500,4.286614,-7.493292,50.603588,64.546895,11.428447
26.21000,3.854029,-7.906855,54.037782,68.872129,11.608025
26.21500,3.406234,-6.729212,51.094836,71.964957,11.524772
26.22000,2.944996,-6.321962,54.811045,78.272004,11.241291
26.22500,2.472136,-5.815059,59.891283,80.438652,11.348784
26.23000,1.989519,-5.461109,73.416061,84.944807,11.095851
26.23500,1.499051,-4.323751,71.055002,84.753964,10.806233
26.24000,1.002666,-4.526979,66.531102,87.637788,10.506811
26.24500,0.502324,-2.576260,77.359601,89.153624,10.581030
26.25000,0.000000,-1.067386,78.283271,90.985229,9.859497
26.25500,-0.502324,-0.872011,74.928150,91.824615,9.319241
26.26000,-1.002666,-1.639628,80.954803,92.727132,8.969442
26.26500,-1.499051,0.082661,79.854423,91.062672,8.553316
26.27000,-1.989519,0.435609,79.870663,93.093999,8.044990
26.27500,-2.472136,1.243944,81.391759,93.904538,7.537148
26.28000,-2.944996,2.134129,85.138109,90.169528,6.871961
26.28500,-3.406234,3.480885,82.791723,90.984966,6.435308
26.29000,-3.854029,4.016037,72.329707,90.652550,5.711678
26.29500,-4.286614,4.060557,76.067961,89.701372,4.980175
26.30000,-4.702282,5.344780,82.986188,86.032204,4.370914
26.30500,-5.099392,5.844257,84.899374,84.215974,3.732642
26.31000,-5.476377,7.288679,69.578473,82.946304,3.159851
26.31500,-5.831749,6.429063,76.718589,79.324405,2.414934
26.32000,-6.164106,7.595381,63.543797,73.897748,1.614763
26.32500,-6.472136,7.809216,72.084637,70.026236,0.926297
26.33000,-6.754623,8.729071,63.059703,67.935207,0.217933
26.33500,-7.010453,8.384537,65.616202,62.776092,-0.328137
26.34000,-7.238616,9.308775,59.959575,57.406483,-1.320803
26.34500,-7.438212,10.077723,50.594610,53.055197,-1.933807
26.35000,-7.608452,10.254637,45.991957,48.766966,-2.621664
26.35500,-7.748665,10.475032,40.840721,43.055016,-3.493064
26.36000,-7.858298,11.094458,34.236512,37.707823,-4.068440
26.36500,-7.936918,11.163433,23.976229,32.294072,-4.744675
26.37000,-7.984214,11.219454,28.378815,25.276393,-5.462960
26.37500,-8.000000,11.671550,28.443378,23.347063,-5.992546
26.38000,-7.984214,11.902583,21.819484,16.996330,-6.555995
26.38500,-7.936918,12.100987,20.551155,11.521114,-7.129139
26.39000,-7.858298,11.252675,11.602221,3.757161,-7.816301
26.39500,-7.748665,11.788507,11.155951,-1.810879,-8.302051
26.40000,-7.608452,12.386042,5.280357,-7.150631,-8.576771
26.40500,-7.438212,11.162683,-3.294681,-12.697621,-9.379106
26.41000,-7.238616,11.660242,-11.589452,-21.543450,-9.666128
26.41500,-7.010453,11.187895,-19.528805,-24.715037,-9.980759
26.42000,-6.754623,11.596343,-13.842946,-31.883078,-10.396666
26.42500,-6.472136,11.355304,-21.649211,-36.289549,-10.646716
26.43000,-6.164106,10.608281,-33.932285,-42.310816,-10.953559
26.43500,-5.831749,9.900985,-34.318181,-44.741271,-11.110511
26.44000,-5.476377,9.021724,-37.164443,-51.080863,-11.228532
26.44500,-5.099392,9.002692,-33.563408,-56.520787,-11.505341
26.45000,-4.702282,8.372242,-40.015002,-59.435275,-11.544239
26.45500,-4.286614,8.209571,-49.313297,-65.453187,-11.604770
26.46000,-3.854029,8.279145,-49.561613,-70.273195,-11.629107
26.46500,-3.406234,7.832396,-62.324309,-73.437076,-11.534353
26.47000,-2.944996,6.537309,-61.505255,-77.144940,-11.543923
26.47500,-2.472136,5.812353,-64.562299,-79.863330,-11.209093
26.48000,-1.989519,5.032969,-71.494944,-81.826585,-10.921700
26.48500,-1.499051,4.522002,-63.547712,-85.491365,-10.686269
26.49000,-1.002666,3.602048,-72.681810,-87.648127,-10.451130
26.49500,-0.502324,3.700358,-67.933267,-88.271540,-10.355659
26.50000,-0.000000,1.913244,-81.851242,-90.630001,-9.746569
26.50500,0.502324,1.532853,-72.963000,-91.025421,-9.571064
26.51000,1.002666,0.475600,-74.811610,-92.765047,-9.067860
26.51500,1.499051,0.376918,-83.520563,-94.859662,-8.405008
26.52000,1.989519,-0.015982,-78.549369,-94.711394,-8.190745
26.52500,2.472136,-1.244260,-79.124268,-95.026140,-7.460691
26.53000,2.944996,-2.183991,-77.486259,-91.112751,-6.948575
26.53500,3.406234,-2.978811,-81.750038,-90.911180,-6.396238
26.54000,3.854029,-3.482624,-83.175416,-90.541064,-5.847823
26.54500,4.286614,-4.628173,-82.793017,-89.382679,-5.074108
26.55000,4.702282,-4.432272,-76.635615,-85.715082,-4.499029
26.55500,5.099392,-5.055544,-78.377100,-83.843039,-3.666466
26.56000,5.476377,-6.019853,-74.125281,-80.545654,-2.952231
26.56500,5.831749,-6.722829,-81.932352,-78.799505,-2.504564
26.57000,6.164106,-7.827128,-70.714513,-75.706396,-1.699245
26.57500,6.472136,-7.459455,-74.280077,-68.912068,-0.956314
26.58000,6.754623,-9.332886,-63.390708,-67.858584,-0.314782
26.58500,7.010453,-9.555369,-55.334141,-62.546682,0.420315
26.59000,7.238616,-8.827256,-56.073797,-56.489587,1.267767
26.59500,7.438212,-10.308627,-54.990360,-55.446297,1.959685
26.60000,7.608452,-10.858512,-46.214216,-47.592260,2.528898
26.60500,7.748665,-11.550062,-54.416372,-43.208978,3.343633
26.61000,7.858298,-10.725825,-43.875728,-38.170520,4.139281
26.61500,7.936918,-10.915770,-32.919376,-32.257309,4.640141
26.62000,7.984214,-11.533554,-34.861674,-28.379397,5.323308
26.62500,8.000000,-12.464243,-35.877769,-23.909050,6.208316
26.63000,7.984214,-11.938000,-27.542793,-13.398493,6.790838
26.63500,7.936918,-12.298911,-16.366638,-10.099432,7.079881
26.64000,7.858298,-11.617189,-11.259515,-2.884535,7.661678
26.64500,7.748665,-11.358188,-7.787041,3.235344,8.358751
26.65000,7.608452,-11.713352,0.476427,8.149491,8.692767
26.65500,7.438212,-11.600845,2.118457,14.174423,9.243148
26.66000,7.238616,-10.968977,7.656336,20.247641,9.643050
26.66500,7.010453,-10.693463,15.878139,26.947299,10.125901
26.67000,6.754623,-11.641089,9.083907,31.294028,10.158333
26.67500,6.472136,-10.657285,32.985149,37.663580,10.491724
26.68000,6.164106,-10.991036,28.008897,41.205548,10.847950
26.68500,5.831749,-10.435949,40.493955,46.226117,11.287455
26.69000,5.476377,-9.216940,36.501564,51.801573,11.341448
26.69500,5.099392,-9.693244,45.614125,56.951160,11.311993
26.70000,4.702282,-8.799427,46.763381,61.670086,11.613321
26.70500,4.286614,-7.678363,50.437899,67.620572,11.670046
26.71000,3.854029,-7.439599,53.019177,70.403685,11.563987
26.71500,3.406234,-7.716865,55.502718,73.296883,11.499216
26.72000,2.944996,-6.451488,65.958167,79.019010,11.474354
26.72500,2.472136,-5.854990,66.617549,80.299689,11.404746
26.73000,1.989519,-5.463262,73.042369,83.214721,11.107433
26.73500,1.499051,-3.546000,62.751480,85.924659,10.910339
26.74000,1.002666,-3.661156,63.546679,87.190317,10.574049
26.74500,0.502324,-2.938702,75.608039,88.186397,10.220874
26.75000,0.000000,-1.795604,82.269206,91.118499,9.807021
26.75500,-0.502324,-1.410849,72.272563,91.768070,9.525059
26.76000,-1.002666,-1.276562,73.913671,91.924714,9.032461
26.76500,-1.499051,0.028441,75.565853,93.490996,8.565501
26.77000,-1.989519,0.957157,79.419560,93.184759,8.176496
26.77500,-2.472136,1.598883,84.779578,92.423721,7.593828
26.78000,-2.944996,2.716585,80.037804,90.380907,7.063894
26.78500,-3.406234,3.375445,81.386148,91.199078,6.223197
26.79000,-3.854029,3.951851,72.898469,92.023548,5.816016
26.79500,-4.286614,4.379576,70.793533,89.263695,5.057358
26.80000,-4.702282,5.156574,78.675528,87.383601,4.371641
26.80500,-5.099392,6.614667,77.318558,83.667221,3.685826
26.81000,-5.476377,5.776724,71.274044,82.137191,3.196206
26.81500,-5.831749,7.552046,73.046248,77.048561,2.449357
26.82000,-6.164106,7.865998,70.281281,73.898050,1.576863
26.82500,-6.472136,7.958631,69.705779,71.330446,0.810449
26.83000,-6.754623,8.774576,61.709589,65.112977,0.197831
26.83500,-7.010453,9.529306,60.966982,62.588334,-0.578278
26.84000,-7.238616,9.158440,64.872177,58.386713,-1.092634
26.84500,-7.438212,10.231872,50.439706,55.274878,-2.126845
26.85000,-7.608452,10.786432,48.362879,47.597967,-2.877580
26.85500,-7.748665,10.519170,43.689388,43.777554,-3.423109
26.86000,-7.858298,11.242961,44.956815,37.255075,-4.086195
26.86500,-7.936918,12.022524,33.592118,31.943308,-4.747635
26.87000,-7.984214,11.734833,27.260604,23.895964,-5.340315
26.87500,-8.000000,11.461620,24.994506,20.256565,-5.841600
26.88000,-7.984214,11.276079,17.358821,16.914771,-6.693160
26.88500,-7.936918,11.273960,19.624212,10.369653,-7.296726
26.89000,-7.858298,12.435758,21.329998,4.099767,-7.973154
26.89500,-7.748665,11.922397,11.293956,0.893869,-8.296552
26.90000,-7.608452,11.892375,5.843216,-7.188436,-8.726596
26.90500,-7.438212,11.726699,0.396464,-15.071181,-9.294519
26.91000,-7.238616,11.345558,-7.941165,-19.653866,-9.569971
26.91500,-7.010453,12.164837,-18.074813,-25.186483,-10.066734
26.92000,-6.754623,11.470795,-20.848872,-28.867335,-10.259852
26.92500,-6.472136,11.498322,-17.678886,-37.238619,-10.678930
26.93000,-6.164106,10.044200,-32.210410,-41.049006,-11.076621
26.93500,-5.831749,10.405624,-23.802679,-45.582129,-11.249667
26.94000,-5.476377,10.004510,-40.268364,-52.632962,-11.510501
26.94500,-5.099392,8.801401,-41.747142,-56.381288,-11.657045
26.95000,-4.702282,8.411287,-47.946000,-63.364176,-11.537193
26.95500,-4.286614,7.899289,-53.457696,-65.250303,-11.512054
26.96000,-3.854029,8.094105,-54.291555,-71.969568,-11.392865
26.96500,-3.406234,7.169589,-56.955642,-73.661188,-11.537838
26.97000,-2.944996,6.158827,-60.692508,-74.730627,-11.454235
26.97500,-2.472136,6.092290,-61.104529,-79.440051,-11.394680
26.98000,-1.989519,4.859501,-65.265220,-82.735237,-10.993272
26.98500,-1.499051,4.492449,-63.125257,-85.173837,-10.817963
26.99000,-1.002666,3.700425,-72.781803,-85.077936,-10.638484
26.99500,-0.502324,2.653840,-77.060582,-88.799559,-10.190100
27.00000,-0.000000,2.663544,-78.030781,-89.756532,-9.842536
27.00500,0.502324,1.548539,-77.287539,-92.621272,-9.686680
27.01000,1.002666,-0.167794,-73.286871,-93.414627,-8.988146
27.01500,1.499051,-0.054483,-78.409865,-94.549573,-8.576276
27.02000,1.989519,-0.111533,-81.418593,-93.608340,-8.122593
27.02500,2.472136,-2.405613,-79.413079,-93.904186,-7.586732
27.03000,2.944996,-1.850050,-85.247561,-91.286309,-6.801640
27.03500,3.406234,-2.866071,-81.719152,-90.644360,-6.227181
27.04000,3.854029,-4.190131,-82.228941,-90.120671,-5.577218
27.04500,4.286614,-4.401939,-82.853411,-88.856478,-5.231496
27.05000,4.702282,-5.554223,-74.858063,-89.463932,-4.518157
27.05500,5.099392,-6.388551,-79.362502,-84.365840,-3.680497
27.06000,5.476377,-6.245923,-76.722525,-80.558253,-3.195926
27.06500,5.831749,-6.912684,-76.661245,-77.054650,-2.438588
27.07000,6.164106,-8.367401,-68.330983,-77.975386,-1.829390
27.07500,6.472136,-8.410893,-71.444289,-73.493181,-0.738798
27.08000,6.754623,-8.710040,-55.360144,-66.567640,-0.090034
27.08500,7.010453,-9.870395,-65.083849,-63.704876,0.578157
27.09000,7.238616,-9.235191,-53.825928,-58.281529,1.280794
27.09500,7.438212,-10.410546,-51.540654,-53.864762,1.938694
27.10000,7.608452,-10.324711,-46.266802,-47.718711,2.654442
27.10500,7.748665,-10.563629,-45.185278,-45.425694,3.459145
27.11000,7.858298,-11.517432,-45.848190,-38.655496,4.015967
27.11500,7.936918,-11.241689,-28.194362,-31.476554,4.883838
27.12000,7.984214,-11.545460,-31.822683,-26.761575,5.366428
27.12500,8.000000,-11.591165,-32.567666,-22.287206,5.961762
27.13000,7.984214,-12.054948,-17.882655,-15.054103,6.788866
27.13500,7.936918,-11.545234,-18.596506,-9.433315,7.227771
27.14000,7.858298,-11.673844,-16.329443,-4.933338,7.852517
27.14500,7.748665,-11.309720,-5.721014,2.757635,8.279363
27.15000,7.608452,-11.432417,-3.070969,8.601014,8.586697
27.15500,7.438212,-12.313227,4.212053,13.501028,9.323232
27.16000,7.238616,-11.822671,6.576757,20.515932,9.553330
27.16500,7.010453,-11.201044,16.010507,23.779066,10.178154
27.17000,6.754623,-10.710753,18.490193,31.613976,10.256244
27.17500,6.472136,-11.110682,20.069693,35.989024,10.525509
27.18000,6.164106,-10.475000,26.479742,40.466121,11.001546
27.18500,5.831749,-9.968775,35.556749,46.033718,11.228474
27.19000,5.476377,-9.716154,35.656085,53.055900,11.367567
27.19500,5.099392,-8.795222,37.252867,55.853786,11.361513
27.20000,4.702282,-9.119187,45.050372,60.655109,11.652918
27.20500,4.286614,-7.968049,50.909064,64.620897,11.452450
27.21000,3.854029,-7.938295,54.476740,68.525168,11.542099
27.21500,3.406234,-6.839322,50.698801,74.337017,11.453375
27.22000,2.944996,-6.773197,55.062939,79.280757,11.392685
27.22500,2.472136,-5.859770,61.783106,81.468417,11.369015
27.23000,1.989519,-4.689135,69.383010,83.390541,11.028653
27.23500,1.499051,-4.773722,69.579708,86.232478,10.913472
27.24000,1.002666,-3.639347,77.582905,87.180131,10.648403
27.24500,0.502324,-2.682313,79.912828,88.878748,10.087691
27.25000,-0.000000,-2.256171,78.625861,89.616280,9.781920
27.25500,-0.502324,-1.577047,77.692441,93.791229,9.460999
27.26000,-1.002666,-0.711592,77.609409,92.536664,9.003231
27.26500,-1.499051,-0.326975,75.684904,92.531178,8.620728
27.27000,-1.989519,1.102741,80.771324,92.684083,7.889918
27.27500,-2.472136,1.839800,75.692864,93.331854,7.617136
27.28000,-2.944996,3.000564,84.009548,91.804366,7.051335
27.28500,-3.406234,3.137735,73.173829,91.419363,6.364174
27.29000,-3.854029,4.194030,84.458278,90.190641,5.621582
27.29500,-4.286614,4.249574,77.846007,89.786046,5.117013
27.30000,-4.702282,5.344232,74.432063,84.709182,4.398776
27.30500,-5.099392,5.440755,76.504554,84.038408,3.827947
27.31000,-5.476377,6.566021,74.696070,80.121719,3.066338
27.31500,-5.831749,6.959150,72.276969,77.335876,2.439397
27.32000,-6.164106,8.078162,64.354335,76.298538,1.605284
27.32500,-6.472136,7.415496,55.382943,71.458424,1.068893
27.33000,-6.754623,8.713539,68.060105,66.317573,-0.034364
27.33500,-7.010453,9.157376,61.036789,63.094391,-0.634007
27.34000,-7.238616,10.014502,60.500266,58.022259,-1.209674
27.34500,-7.438212,9.871890,43.928600,54.613792,-2.131798
27.35000,-7.608452,10.374461,48.452048,47.849640,-2.620579
27.35500,-7.748665,11.406845,41.932188,43.860580,-3.519339
27.36000,-7.858298,10.932164,42.251555,37.774577,-4.077919
27.36500,-7.936918,11.284924,41.425604,32.591257,-4.852521
27.37000,-7.984214,12.121046,27.978069,26.839972,-5.459950
27.37500,-8.000000,10.956258,30.133615,20.631108,-6.031756
27.38000,-7.984214,12.100707,25.482670,15.715517,-6.669347
27.38500,-7.936918,12.145628,9.864069,10.908167,-7.280382
27.39000,-7.858298,12.135313,13.117089,3.225659,-7.581289
27.39500,-7.748665,11.274469,8.519294,-2.391206,-8.320072
27.40000,-7.608452,11.351739,2.283662,-7.382017,-8.909209
27.40500,-7.438212,11.475193,0.504598,-14.505816,-9.175518
27.41000,-7.238616,11.298920,-1.452175,-18.411341,-9.606014
27.41500,-7.010453,11.712555,-8.531043,-24.299737,-9.947275
27.42000,-6.754623,11.001785,-11.649985,-33.359876,-10.232562
27.42500,-6.472136,11.464274,-17.709861,-36.948646,-10.806371
27.43000,-6.164106,10.529936,-26.700367,-42.775561,-10.864614
27.43500,-5.831749,10.407168,-33.530894,-45.750758,-11.071741
27.44000,-5.476377,9.460701,-40.552536,-50.611708,-11.356845
27.44500,-5.099392,9.025947,-47.931270,-57.857342,-11.458508
27.45000,-4.702282,8.947815,-46.811343,-61.829146,-11.864677
27.45500,-4.286614,8.595845,-47.157929,-65.452003,-11.656636
27.46000,-3.854029,7.402355,-52.956339,-69.847319,-11.409521
27.46500,-3.406234,7.601669,-56.360010,-72.381829,-11.711279
27.47000,-2.944996,6.354371,-56.120008,-75.582244,-11.484168
27.47500,-2.472136,6.443122,-59.019714,-79.225550,-11.254765
27.48000,-1.989519,4.628559,-66.817414,-81.531278,-11.034515
27.48500,-1.499051,4.297472,-69.075043,-84.264563,-10.693534
27.49000,-1.002666,3.995846,-77.256996,-87.642118,-10.755441
27.49500,-0.502324,2.977439,-68.738399,-89.932517,-10.254783
27.50000,-0.000000,2.035343,-75.943395,-91.801642,-9.812662
27.50500,0.502324,1.790755,-87.733958,-91.168753,-9.630968
27.51000,1.002666,1.162718,-78.112284,-91.883243,-9.066513
27.51500,1.499051,-0.141674,-79.958851,-92.168696,-8.401138
27.52000,1.989519,-0.417650,-76.806265,-93.776182,-7.951532
27.52500,2.472136,-1.656934,-80.180823,-93.541735,-7.490930
27.53000,2.944996,-2.548866,-78.277359,-92.112263,-7.238583
27.53500,3.406234,-2.435869,-82.306953,-89.936457,-6.394080
27.54000,3.854029,-3.915124,-75.920271,-89.567077,-5.721404
27.54500,4.286614,-4.593545,-83.200738,-87.963864,-5.147352
27.55000,4.702282,-4.773535,-77.960622,-87.068741,-4.459166
27.55500,5.099392,-6.156922,-75.015074,-83.165372,-3.462367
27.56000,5.476377,-6.790162,-75.388549,-80.282891,-3.096376
27.56500,5.831749,-7.134895,-68.321000,-78.901272,-2.463577
27.57000,6.164106,-7.586939,-67.965041,-72.388037,-1.624362
27.57500,6.472136,-7.808456,-65.891682,-71.771891,-0.956023
27.58000,6.754623,-8.798486,-63.192468,-65.672860,-0.227500
27.58500,7.010453,-9.485659,-58.852139,-62.739458,0.523504
27.59000,7.238616,-10.205818,-54.980347,-57.836707,1.336358
27.59500,7.438212,-10.236345,-57.677584,-54.214531,2.004256
27.60000,7.608452,-10.677403,-50.041449,-49.035774,2.573954
27.60500,7.748665,-10.378854,-46.993089,-42.467341,3.384183
27.61000,7.858298,-11.786402,-43.007938,-38.212433,4.134772
27.61500,7.936918,-12.110010,-36.950531,-32.947202,4.714055
27.62000,7.984214,-12.356505,-32.683510,-25.969899,5.530835
27.62500,8.000000,-11.856524,-33.416451,-20.502184,6.127080
27.63000,7.984214,-11.699038,-24.318873,-15.377497,6.559624
27.63500,7.936918,-11.287484,-14.293609,-9.485567,7.274219
27.64000,7.858298,-12.632634,-10.805300,-1.919146,7.995630
27.64500,7.748665,-11.883666,-16.208647,1.778026,8.477184
27.65000,7.608452,-12.128686,-5.894223,8.280093,8.806424
27.65500,7.438212,-11.096237,3.114004,14.153250,9.358327
27.66000,7.238616,-11.452252,1.155543,17.831087,9.620717
27.66500,7.010453,-10.760638,12.285505,22.918613,9.924724
27.67000,6.754623,-11.137374,22.906925,30.887987,10.467089
27.67500,6.472136,-10.389926,23.327909,37.218631,10.736983
27.68000,6.164106,-10.337963,22.488696,41.790346,11.022230
27.68500,5.831749,-10.361462,32.461804,46.118416,11.183407
27.69000,5.476377,-9.291957,28.294197,50.967007,11.389531
27.69500,5.099392,-9.340478,39.600908,57.438482,11.431691
27.70000,4.702282,-9.636878,36.069082,60.724044,11.611327
27.70500,4.286614,-8.225709,46.188979,63.537190,11.682591
27.71000,3.854029,-8.119470,44.455800,70.231984,11.582750
27.71500,3.406234,-6.805106,53.070503,73.512223,11.613856
27.72000,2.944996,-5.768581,57.800049,77.175648,11.253141
27.72500,2.472136,-5.626196,67.023453,81.130573,11.204858
27.73000,1.989519,-4.849289,67.402100,84.337651,11.236842
27.73500,1.499051,-4.889438,76.080235,86.014291,11.033391
27.74000,1.002666,-4.000067,76.408980,87.388365,10.603981
27.74500,0.502324,-3.193105,73.595111,87.029557,10.248715
27.75000,0.000000,-1.412507,77.922742,91.319843,9.771769
27.75500,-0.502324,-1.643941,72.774022,91.968875,9.535812
27.76000,-1.002666,-0.608484,78.206218,94.452299,9.140505
27.76500,-1.499051,-0.720913,77.122036,94.833655,8.441503
27.77000,-1.989519,0.577826,75.708436,93.975094,8.139369
27.77500,-2.472136,1.585929,84.299131,94.694877,7.594109
27.78000,-2.944996,2.222502,77.565323,92.360975,7.020919
27.78500,-3.406234,2.894904,81.443783,91.357015,6.268097
27.79000,-3.854029,3.916273,78.123833,89.035296,5.814378
27.79500,-4.286614,4.646559,82.385418,87.894983,4.966426
27.80000,-4.702282,4.642501,79.182856,86.391637,4.601706
27.80500,-5.099392,5.261017,69.391811,84.920965,3.784735
27.81000,-5.476377,6.686072,75.459075,80.087965,2.958347
27.81500,-5.831749,7.412370,82.980370,78.758956,2.501192
27.82000,-6.164106,7.116521,72.571140,77.126985,1.764270
27.82500,-6.472136,8.518186,71.548174,69.199927,0.859260
27.83000,-6.754623,8.198708,66.413279,66.475148,0.417235
27.83500,-7.010453,9.202101,67.408936,62.559520,-0.632800
27.84000,-7.238616,10.256418,55.170078,59.206897,-1.227440
27.84500,-7.438212,9.483864,51.148534,55.623877,-1.862037
27.85000,-7.608452,10.535803,48.201979,49.834983,-2.921712
27.85500,-7.748665,10.790122,40.256908,43.261935,-3.297170
27.86000,-7.858298,10.711147,37.644519,37.043120,-4.093735
27.86500,-7.936918,11.746421,42.060088,32.520462,-4.762473
27.87000,-7.984214,11.255887,30.026658,26.977561,-5.523616
27.87500,-8.000000,11.531065,25.190842,21.632282,-6.016040
27.88000,-7.984214,11.468578,28.616210,14.571584,-6.770010
27.88500,-7.936918,12.172323,20.730663,11.535790,-7.339188
27.89000,-7.858298,12.245844,11.476959,3.099032,-7.841784
27.89500,-7.748665,12.552048,5.745130,-1.157115,-8.443846
27.90000,-7.608452,11.819306,2.611667,-7.555670,-8.654540
27.90500,-7.438212,11.459323,-1.193922,-14.891382,-9.401506
27.91000,-7.238616,12.251002,-2.205931,-19.333341,-9.763806
27.91500,-7.010453,11.169881,-10.014684,-25.086967,-10.101446
27.92000,-6.754623,11.449008,-20.254533,-30.927026,-10.411213
27.92500,-6.472136,11.535353,-22.182979,-35.262805,-10.632932
27.93000,-6.164106,10.852675,-31.860263,-42.073095,-10.888775
27.93500,-5.831749,9.389650,-33.268105,-43.773487,-11.216215
27.94000,-5.476377,9.284981,-28.701755,-50.390918,-11.395351
27.94500,-5.099392,8.929570,-45.491954,-57.526997,-11.479555
27.95000,-4.702282,9.100589,-46.332221,-63.900514,-11.481593
27.95500,-4.286614,7.898967,-44.976750,-63.912267,-11.529293
27.96000,-3.854029,7.972357,-51.452372,-69.130514,-11.640318
27.96500,-3.406234,7.148376,-57.219111,-73.114495,-11.738559
27.97000,-2.944996,6.501458,-62.642277,-77.831545,-11.215872
27.97500,-2.472136,5.776218,-66.257860,-81.563387,-11.188311
27.98000,-1.989519,4.801164,-62.907766,-84.932441,-11.065790
27.98500,-1.499051,4.985855,-69.057356,-82.386849,-10.822848
27.99000,-1.002666,3.761957,-69.725484,-85.712856,-10.631123
27.99500,-0.502324,3.609288,-70.541968,-90.067949,-10.359331
28.00000,-0.000000,1.873611,-81.186070,-88.790318,-9.932066
28.00500,0.502324,0.804170,-83.953780,-94.247410,-9.521679
28.01000,1.002666,1.333917,-76.364116,-92.104221,-9.125162
28.01500,1.499051,-0.483533,-75.176660,-92.526712,-8.735860
28.02000,1.989519,-0.706971,-79.811883,-94.392867,-8.114698
28.02500,2.472136,-1.660290,-76.911595,-93.619765,-7.487219
28.03000,2.944996,-2.314292,-86.551841,-93.622940,-7.026331
28.03500,3.406234,-3.123362,-81.334655,-91.333317,-6.378827
28.04000,3.854029,-4.164916,-81.585283,-88.465513,-5.967508
28.04500,4.286614,-4.916954,-80.738355,-87.079168,-5.137251
28.05000,4.702282,-5.024690,-75.342507,-85.642880,-4.464827
28.05500,5.099392,-6.079582,-86.787416,-82.390968,-3.893998
28.06000,5.476377,-5.719862,-76.149587,-82.968611,-3.248122
28.06500,5.831749,-7.024089,-67.752939,-75.480628,-2.325214
28.07000,6.164106,-7.072662,-71.082011,-74.473809,-1.729780
28.07500,6.472136,-8.415103,-71.593083,-72.242270,-0.875493
28.08000,6.754623,-8.419877,-62.771006,-67.191129,-0.238564
28.08500,7.010453,-9.496625,-66.397771,-63.263763,0.594646
28.09000,7.238616,-10.101827,-53.980087,-57.921228,1.224898
28.09500,7.438212,-10.235409,-56.945984,-52.956366,1.829568
28.10000,7.608452,-10.601313,-44.399899,-51.095386,2.685627
28.10500,7.748665,-9.783553,-44.557332,-41.824144,3.364596
28.11000,7.858298,-11.712345,-46.767842,-35.998512,4.153094
28.11500,7.936918,-11.686636,-37.946968,-33.762173,4.715771
28.12000,7.984214,-11.329706,-33.355481,-25.293010,5.376391
28.12500,8.000000,-11.857412,-25.776837,-19.874909,6.135369
28.13000,7.984214,-11.847489,-29.162836,-14.404611,6.775672
28.13500,7.936918,-11.656335,-14.925663,-7.873017,7.318253
28.14000,7.858298,-12.058906,-17.504114,-5.518488,7.900883
28.14500,7.748665,-12.274476,-16.149388,2.800290,8.366412
28.15000,7.608452,-12.470248,-4.449410,6.648935,8.889218
28.15500,7.438212,-11.816391,-1.726319,16.397384,9.356388
28.16000,7.238616,-11.397318,6.746649,18.302529,9.728650
28.16500,7.010453,-11.326054,17.911919,23.708184,10.076064
28.17000,6.754623,-10.670658,15.948534,32.031639,10.425808
28.17500,6.472136,-11.029937,28.318055,36.930290,10.953155
28.18000,6.164106,-10.398968,34.631483,41.578657,10.972104
28.18500,5.831749,-10.478354,39.202560,46.877761,11.162163
28.19000,5.476377,-10.505758,36.491988,52.419574,11.320399
28.19500,5.099392,-9.004305,45.567118,58.497273,11.479724
28.20000,4.702282,-8.940667,49.814572,60.225918,11.588386
28.20500,4.286614,-7.946276,53.762653,64.723130,11.485860
28.21000,3.854029,-7.904416,52.357457,68.765637,11.390231
28.21500,3.406234,-7.694266,61.555698,73.139556,11.561885
28.22000,2.944996,-6.806213,63.750811,76.738480,11.269656
28.22500,2.472136,-5.904302,64.089242,78.425722,11.309517
28.23000,1.989519,-5.394594,62.191773,83.154509,11.106248
28.23500,1.499051,-4.534609,71.274539,83.887401,10.972419
28.24000,1.002666,-3.479477,72.985821,87.213616,10.746165
28.24500,0.502324,-2.991164,67.536322,89.157302,10.295893
28.25000,-0.000000,-2.053646,70.503846,90.683649,9.843283
28.25500,-0.502324,-1.567988,81.909492,93.851055,9.381733
28.26000,-1.002666,-1.038635,77.193864,94.828441,8.983238
28.26500,-1.499051,-0.409084,82.451942,94.607616,8.593919
28.27000,-1.989519,-0.161272,78.586065,95.257496,7.876129
28.27500,-2.472136,1.746298,74.855244,92.774305,7.552502
28.28000,-2.944996,2.703215,77.441892,94.072089,6.975556
28.28500,-3.406234,2.569379,70.480410,91.332218,6.445573
28.29000,-3.854029,3.309069,81.594004,90.258620,5.726594
28.29500,-4.286614,4.057113,72.621022,88.555677,5.126677
28.30000,-4.702282,5.245229,86.169001,84.578334,4.378883
28.30500,-5.099392,5.815598,72.413928,82.980866,3.724720
28.31000,-5.476377,6.327182,74.797764,80.732213,2.897293
28.31500,-5.831749,7.025716,67.648572,78.250077,2.378845
28.32000,-6.164106,6.950149,63.356588,74.277122,1.803805
28.32500,-6.472136,8.153538,66.647758,69.737954,0.940695
28.33000,-6.754623,8.660719,61.011680,65.408840,0.233118
28.33500,-7.010453,9.438283,70.521730,62.532441,-0.630545
28.34000,-7.238616,9.402414,56.300415,56.660373,-1.115476
28.34500,-7.438212,9.901808,43.845608,51.953386,-2.057290
28.35000,-7.608452,10.592717,49.948901,48.282870,-2.613984
28.35500,-7.748665,11.959248,42.157091,43.497027,-3.386724
28.36000,-7.858298,10.895672,39.561339,37.037937,-4.183315
28.36500,-7.936918,12.247230,33.909109,30.494465,-4.658021
28.37000,-7.984214,11.227915,28.673517,27.341543,-5.414219
28.37500,-8.000000,11.798836,21.062453,22.291198,-6.031345
28.38000,-7.984214,11.506046,24.178226,15.108036,-6.613572
28.38500,-7.936918,12.531287,18.403381,9.330783,-7.244343
28.39000,-7.858298,12.042892,13.134757,1.205097,-7.834871
28.39500,-7.748665,12.046536,6.967821,-0.902102,-8.274229
28.40000,-7.608452,12.319830,10.073546,-9.093304,-8.852600
28.40500,-7.438212,12.316613,-4.604857,-12.807716,-9.261879
28.41000,-7.238616,11.336827,-8.759793,-20.110966,-9.755084
28.41500,-7.010453,11.503497,-4.860550,-25.289411,-10.219005
28.42000,-6.754623,10.940183,-15.352565,-30.943712,-10.478994
28.42500,-6.472136,11.326946,-23.850639,-38.302047,-10.761883
28.43000,-6.164106,9.629137,-29.787370,-38.332612,-10.969251
28.43500,-5.831749,11.026310,-33.100174,-48.538547,-11.067254
28.44000,-5.476377,9.599797,-36.902744,-51.574772,-11.526096
28.44500,-5.099392,8.371298,-40.521977,-57.435711,-11.470184
28.45000,-4.702282,8.850756,-38.185992,-61.325094,-11.785468
28.45500,-4.286614,7.851658,-54.254724,-63.763376,-11.703903
28.46000,-3.854029,7.648531,-51.939291,-71.606165,-11.639387
28.46500,-3.406234,7.090731,-53.359752,-73.387127,-11.757976
28.47000,-2.944996,6.859511,-56.773096,-76.146110,-11.616580
28.47500,-2.472136,5.006818,-63.925949,-79.777061,-11.268176
28.48000,-1.989519,5.258487,-69.048932,-82.336131,-11.084375
28.48500,-1.499051,4.882984,-67.143152,-86.229264,-10.868343
28.49000,-1.002666,3.153781,-68.369237,-89.485435,-10.659381
28.49500,-0.502324,3.280005,-73.828782,-90.974346,-10.043291
28.50000,-0.000000,2.571375,-76.919005,-91.440906,-9.914915
28.50500,0.502324,1.266018,-71.256993,-91.257551,-9.585744
28.51000,1.002666,-0.056710,-79.191406,-92.826290,-8.894435
28.51500,1.499051,0.049787,-79.601320,-91.478660,-8.528388
28.52000,1.989519,-0.964592,-74.111689,-93.294447,-8.120544
28.52500,2.472136,-0.868226,-80.194123,-92.878966,-7.425509
28.53000,2.944996,-2.358911,-80.241624,-92.196613,-6.961072
28.53500,3.406234,-2.704195,-81.002284,-93.411508,-6.316612
28.54000,3.854029,-3.575596,-72.984165,-89.318628,-5.736591
28.54500,4.286614,-4.349700,-78.747892,-89.531833,-5.219461
28.55000,4.702282,-5.636705,-71.438386,-86.575530,-4.355339
28.55500,5.099392,-6.094689,-72.538924,-80.954308,-3.755125
28.56000,5.476377,-6.397901,-73.780085,-82.358213,-3.175994
28.56500,5.831749,-7.098129,-67.857308,-77.684544,-2.442874
28.57000,6.164106,-7.703656,-71.972132,-74.082074,-1.553001
28.57500,6.472136,-7.904025,-58.786062,-70.578384,-0.961402
28.58000,6.754623,-8.737079,-67.138870,-66.751833,-0.191827
28.58500,7.010453,-8.957318,-59.365037,-63.171182,0.597783
28.59000,7.238616,-9.679573,-53.465186,-55.711836,1.271685
28.59500,7.438212,-9.982951,-52.411333,-55.665828,1.827566
28.60000,7.608452,-10.740155,-44.777218,-49.599517,2.758129
28.60500,7.748665,-11.488159,-39.787521,-41.556831,3.491460
28.61000,7.858298,-10.811021,-46.342563,-37.363373,4.174054
28.61500,7.936918,-11.059132,-38.558319,-33.462496,4.922837
28.62000,7.984214,-11.358989,-30.479340,-28.054898,5.452245
28.62500,8.000000,-12.127263,-27.320412,-21.627834,6.127071
28.63000,7.984214,-11.451864,-24.134612,-12.502809,6.818037
28.63500,7.936918,-11.939442,-16.609296,-9.192253,7.213071
28.64000,7.858298,-11.932905,-16.827973,-5.117656,7.970851
28.64500,7.748665,-12.257707,-10.723436,2.232964,8.494658
28.65000,7.608452,-12.111327,1.529253,7.085646,8.890493
28.65500,7.438212,-12.051777,2.897554,15.395710,9.452683
28.66000,7.238616,-11.471385,12.583910,19.766991,9.773538
28.66500,7.010453,-11.698539,2.576575,26.595020,9.981551
28.67000,6.754623,-11.168954,11.842861,30.913311,10.525489
28.67500,6.472136,-11.085198,16.143991,38.584169,10.744982
28.68000,6.164106,-11.047696,27.422700,42.022384,11.012147
28.68500,5.831749,-10.108860,37.713459,47.042364,11.201366
28.69000,5.476377,-9.653718,29.725097,50.513530,11.493057
28.69500,5.099392,-9.213514,39.604450,55.995967,11.538387
28.70000,4.702282,-9.972805,49.959617,61.504593,11.494237
28.70500,4.286614,-7.782817,43.980424,64.790604,11.647810
28.71000,3.854029,-7.650344,61.664575,72.335744,11.661642
28.71500,3.406234,-7.448202,51.201012,73.208253,11.459641
28.72000,2.944996,-5.633772,55.985188,75.832341,11.387020
28.72500,2.472136,-5.767422,55.362798,81.070438,11.245238
28.73000,1.989519,-4.799034,67.988821,82.181406,11.031334
28.73500,1.499051,-4.360455,61.503076,85.829033,10.891881
28.74000,1.002666,-4.665371,71.320191,87.463108,10.680817
28.74500,0.502324,-2.483782,73.390498,88.603829,10.448603
28.75000,0.000000,-2.717930,72.634133,92.583663,10.018422
28.75500,-0.502324,-1.050964,74.872465,92.230646,9.601767
28.76000,-1.002666,-0.803529,76.375176,94.190190,9.177039
28.76500,-1.499051,-0.353766,80.630439,92.954674,8.723654
28.77000,-1.989519,-0.259697,76.657558,91.746836,8.045661
28.77500,-2.472136,1.310487,76.650411,91.653875,7.614435
28.78000,-2.944996,1.833068,75.356481,91.825428,7.009038
28.78500,-3.406234,2.999694,84.248018,91.176736,6.368072
28.79000,-3.854029,3.254055,85.122981,90.055602,5.714541
28.79500,-4.286614,4.715882,80.688864,88.834847,5.065849
28.80000,-4.702282,4.889788,70.682062,84.682320,4.425771
28.80500,-5.099392,5.595070,75.951879,83.957122,3.647524
28.81000,-5.476377,7.253770,76.132008,79.494277,3.127149
28.81500,-5.831749,7.378989,75.912194,77.024837,2.364269
28.82000,-6.164106,7.380637,69.375473,77.416452,1.659306
28.82500,-6.472136,8.365154,63.428012,72.215648,0.958328
28.83000,-6.754623,8.076706,72.706935,66.332795,0.269083
28.83500,-7.010453,8.933008,60.867791,64.611606,-0.591496
28.84000,-7.238616,9.632284,54.159079,59.692686,-1.269476
28.84500,-7.438212,9.820453,55.511826,54.362332,-2.141571
28.85000,-7.608452,10.095680,54.718498,50.114702,-2.916623
28.85500,-7.748665,11.118762,44.409888,42.999256,-3.591829
28.86000,-7.858298,10.902088,43.903368,37.858300,-3.933328
28.86500,-7.936918,11.070999,38.213057,31.566465,-4.943827
28.87000,-7.984214,11.367343,31.866068,27.687572,-5.368466
28.87500,-8.000000,11.507733,26.739826,19.873957,-5.901290
28.88000,-7.984214,12.223678,24.538413,14.995775,-6.704706
28.88500,-7.936918,12.088347,6.063249,10.303348,-7.078953
28.89000,-7.858298,11.370178,12.929881,3.325336,-7.611921
28.89500,-7.748665,12.519234,3.279156,-1.549943,-8.226237
28.90000,-7.608452,12.340949,-1.179876,-5.686729,-8.574426
28.90500,-7.438212,11.658360,-0.167197,-14.796538,-9.206053
28.91000,-7.238616,11.202036,-8.231454,-17.785938,-9.761172
28.91500,-7.010453,11.408873,-12.956160,-25.921145,-10.017268
28.92000,-6.754623,10.906906,-17.061243,-31.815312,-10.455711
28.92500,-6.472136,11.057631,-29.697301,-35.941801,-10.842486
28.93000,-6.164106,10.485414,-33.229569,-40.341492,-11.098169
28.93500,-5.831749,10.641106,-25.106744,-47.547569,-10.953904
28.94000,-5.476377,9.023050,-39.989347,-52.553638,-11.410582
28.94500,-5.099392,8.976533,-41.888786,-57.000587,-11.484900
28.95000,-4.702282,8.847737,-42.329214,-61.889674,-11.629728
28.95500,-4.286614,7.994215,-49.834882,-65.149837,-11.584611
28.96000,-3.854029,7.459060,-52.980414,-70.263938,-11.611668
28.96500,-3.406234,6.560862,-64.409307,-73.518180,-11.572492
28.97000,-2.944996,7.199898,-64.758582,-76.307682,-11.550880
28.97500,-2.472136,5.689076,-62.047947,-80.404922,-11.424085
28.98000,-1.989519,5.378103,-65.293015,-81.452616,-11.165579
28.98500,-1.499051,4.078732,-64.342109,-86.143744,-10.826463
28.99000,-1.002666,3.499083,-68.359806,-88.472418,-10.369680
28.99500,-0.502324,2.935702,-75.516553,-87.065805,-10.152284
29.00000,-0.000000,2.906615,-74.943069,-89.206111,-9.714802
29.00500,0.502324,2.049565,-79.724643,-92.040477,-9.449381
29.01000,1.002666,1.590889,-75.651909,-91.951469,-9.069785
29.01500,1.499051,0.607360,-82.330601,-92.953136,-8.721091
29.02000,1.989519,-0.159738,-78.050875,-94.007415,-8.081575
29.02500,2.472136,-1.609317,-78.613151,-92.316160,-7.758123
29.03000,2.944996,-2.550981,-74.603671,-92.075107,-7.005158
29.03500,3.406234,-2.462927,-83.961836,-89.895160,-6.216230
29.04000,3.854029,-4.019269,-79.600235,-92.141803,-5.725380
29.04500,4.286614,-4.214882,-84.492076,-87.294227,-5.001599
29.05000,4.702282,-5.377854,-73.418585,-85.937977,-4.488983
29.05500,5.099392,-6.228251,-76.877092,-84.491059,-3.907086
29.06000,5.476377,-6.420716,-76.870076,-81.416145,-3.120879
29.06500,5.831749,-7.436095,-76.606170,-78.295293,-2.404146
29.07000,6.164106,-7.790092,-72.949291,-75.966233,-1.525849
29.07500,6.472136,-7.869640,-68.375033,-71.398661,-0.724418
29.08000,6.754623,-8.840870,-65.488988,-65.842820,-0.268465
29.08500,7.010453,-8.848697,-55.114607,-64.290433,0.498485
29.09000,7.238616,-9.905299,-58.612907,-58.475446,1.246520
29.09500,7.438212,-10.002663,-53.886166,-56.084493,1.947827
29.10000,7.608452,-10.942864,-58.479579,-49.073579,2.572040
29.10500,7.748665,-10.328843,-48.587091,-42.831693,3.409166
29.11000,7.858298,-12.005446,-33.545295,-38.062407,4.125935
29.11500,7.936918,-11.306784,-30.205431,-32.518089,4.801998
29.12000,7.984214,-11.404083,-42.183528,-28.311555,5.297411
29.12500,8.000000,-12.867261,-21.489344,-20.671926,6.040364
29.13000,7.984214,-12.587691,-24.363721,-16.637366,6.487144
29.13500,7.936918,-12.610774,-24.024280,-8.707660,7.336262
29.14000,7.858298,-12.043278,-11.105229,-3.666976,7.697426
29.14500,7.748665,-12.092984,-5.376727,1.507193,8.296077
29.15000,7.608452,-12.052639,-0.501572,9.550586,8.769772
29.15500,7.438212,-11.543842,3.384140,13.186332,9.212720
29.16000,7.238616,-10.696132,12.987801,20.619443,9.584900
29.16500,7.010453,-11.836149,11.168767,25.246736,9.895518
29.17000,6.754623,-11.017103,18.973983,30.725959,10.587964
29.17500,6.472136,-10.845736,32.098096,37.373338,10.740763
29.18000,6.164106,-10.074911,26.781371,42.053298,11.000226
29.18500,5.831749,-11.009331,24.574906,46.706368,11.399035
29.19000,5.476377,-10.376950,41.728634,51.565461,11.349762
29.19500,5.099392,-9.692585,40.627685,56.735660,11.541390
29.20000,4.702282,-9.197263,39.484215,61.149887,11.569029
29.20500,4.286614,-8.120348,55.615122,64.989683,11.721093
29.21000,3.854029,-7.849458,56.976603,68.223743,11.641913
29.21500,3.406234,-7.884119,55.559465,70.198623,11.566883
29.22000,2.944996,-6.740938,60.706311,76.591306,11.408044
29.22500,2.472136,-6.449615,55.343941,79.635193,11.314740
29.23000,1.989519,-5.427685,66.443336,84.216395,11.211863
29.23500,1.499051,-4.502097,59.389409,85.878968,10.652095
29.24000,1.002666,-4.036424,65.837191,88.904311,10.569129
29.24500,0.502324,-2.488991,79.764439,91.471406,10.220407
29.25000,-0.000000,-1.329720,76.017010,90.839032,9.871892
29.25500,-0.502324,-1.304537,69.137659,91.142997,9.304707
29.26000,-1.002666,-1.393554,75.239817,93.875133,9.139015
29.26500,-1.499051,0.580507,82.430577,92.656090,8.508470
29.27000,-1.989519,1.606742,78.723030,93.116227,8.063907
29.27500,-2.472136,1.421283,80.444122,94.785604,7.497757
29.28000,-2.944996,2.397253,79.287219,93.076579,6.812762
29.28500,-3.406234,3.427931,74.768947,92.672915,6.339604
29.29000,-3.854029,3.783324,84.754721,88.418557,5.578903
29.29500,-4.286614,4.925758,71.048090,88.279061,5.025325
29.30000,-4.702282,5.329677,75.860205,87.440548,4.424323
29.30500,-5.099392,5.521993,69.812703,82.196052,3.774019
29.31000,-5.476377,6.220937,72.903330,81.149280,3.083728
29.31500,-5.831749,6.942018,71.618273,78.296725,2.355973
29.32000,-6.164106,7.359775,68.501786,71.734613,1.866097
29.32500,-6.472136,8.743281,67.529254,72.594783,0.971320
29.33000,-6.754623,8.869781,66.814855,65.926454,0.077426
29.33500,-7.010453,9.155293,52.371191,62.361235,-0.590233
29.34000,-7.238616,10.029098,57.381621,59.998867,-1.321361
29.34500,-7.438212,10.152305,58.753426,51.238974,-1.994918
29.35000,-7.608452,10.930901,56.472743,48.946855,-2.751402
29.35500,-7.748665,11.509110,49.539039,42.769768,-3.479826
29.36000,-7.858298,11.215084,35.831224,38.058011,-3.918759
29.36500,-7.936918,11.158606,34.062667,31.616642,-4.753166
29.37000,-7.984214,11.125175,36.157565,28.601928,-5.446195
29.37500,-8.000000,12.498259,32.787901,20.032866,-6.071176
29.38000,-7.984214,12.047375,21.294452,16.009075,-6.677233
29.38500,-7.936918,11.715145,17.004565,10.403582,-7.099339
29.39000,-7.858298,11.943802,16.347667,3.810371,-7.745668
29.39500,-7.748665,11.495564,12.883413,-2.270624,-8.205055
29.40000,-7.608452,12.438146,1.359144,-8.122397,-9.120982
29.40500,-7.438212,11.895167,-6.066679,-12.449536,-9.232349
29.41000,-7.238616,11.454324,-13.930457,-18.892563,-9.578698
29.41500,-7.010453,10.788781,-14.762583,-25.215992,-9.868667
29.42000,-6.754623,12.004525,-23.490044,-31.994785,-10.405167
29.42500,-6.472136,10.887279,-25.001870,-36.015446,-10.880777
29.43000,-6.164106,9.583188,-21.779976,-40.915575,-10.908263
29.43500,-5.831749,9.874630,-29.532562,-46.748277,-11.242392
29.44000,-5.476377,9.674837,-37.969693,-50.021942,-11.532850
29.44500,-5.099392,9.286268,-36.122304,-58.713059,-11.541524
29.45000,-4.702282,8.277976,-50.623993,-58.134927,-11.454628
29.45500,-4.286614,8.664315,-46.657366,-65.579962,-11.475233
29.46000,-3.854029,7.865515,-55.002382,-70.758972,-11.512775
29.46500,-3.406234,7.048238,-54.578201,-75.253353,-11.633712
29.47000,-2.944996,6.136027,-54.919506,-75.704057,-11.174824
29.47500,-2.472136,5.027674,-67.874799,-79.245059,-11.397114
29.48000,-1.989519,4.896600,-63.500807,-83.048196,-11.096310
29.48500,-1.499051,4.307519,-69.406433,-85.406726,-10.998005
29.49000,-1.002666,3.197479,-72.468296,-87.369835,-10.443269
29.49500,-0.502324,3.080158,-80.408868,-89.933934,-10.210690
29.50000,-0.000000,2.549992,-75.885599,-89.612213,-9.806068
29.50500,0.502324,1.284904,-77.583963,-91.388322,-9.486583
29.51000,1.002666,0.561905,-78.136291,-93.055711,-9.065572
29.51500,1.499051,-0.032774,-80.269381,-95.258592,-8.568617
29.52000,1.989519,-0.096946,-84.772260,-91.806991,-8.268667
29.52500,2.472136,-0.943533,-74.380730,-93.657007,-7.441516
29.53000,2.944996,-2.953702,-81.410264,-93.633165,-6.881369
29.53500,3.406234,-3.211591,-75.440392,-89.880256,-6.416390
29.54000,3.854029,-2.685814,-81.039504,-89.403302,-5.757390
29.54500,4.286614,-4.576561,-82.306875,-90.581758,-5.082441
29.55000,4.702282,-4.413128,-72.461013,-88.067480,-4.291317
29.55500,5.099392,-5.596987,-71.337087,-84.147271,-3.723871
29.56000,5.476377,-5.934039,-76.045595,-82.377110,-3.066539
29.56500,5.831749,-7.221319,-71.589746,-77.996694,-2.413314
29.57000,6.164106,-7.634279,-67.930754,-71.362854,-1.795103
29.57500,6.472136,-8.011334,-73.021159,-67.242875,-0.979923
29.58000,6.754623,-8.773107,-66.434236,-66.797662,-0.185085
29.58500,7.010453,-9.287441,-69.666868,-61.577307,0.511244
29.59000,7.238616,-9.140681,-53.775640,-56.989162,1.270714
29.59500,7.438212,-10.216098,-62.165633,-53.455821,2.059473
29.60000,7.608452,-9.989971,-51.107697,-50.117791,2.742280
29.60500,7.748665,-11.119450,-51.787382,-42.025081,3.429466
29.61000,7.858298,-11.301503,-42.429099,-38.202194,4.157436
29.61500,7.936918,-11.129440,-38.658413,-32.030480,4.784048
29.62000,7.984214,-11.427401,-35.223793,-26.170782,5.417179
29.62500,8.000000,-11.403503,-26.386715,-22.271593,6.100831
29.63000,7.984214,-11.901852,-25.080318,-13.603787,6.490377
29.63500,7.936918,-11.999951,-15.226631,-9.670357,7.372260
29.64000,7.858298,-12.205032,-12.687570,-3.641841,7.672444
29.64500,7.748665,-12.633582,-13.474456,1.459402,8.409410
29.65000,7.608452,-12.085554,-5.169023,8.656091,8.818047
29.65500,7.438212,-11.372170,1.406141,14.839735,9.384136
29.66000,7.238616,-11.660098,9.592605,18.783207,9.696508
29.66500,7.010453,-11.338358,16.368819,25.817624,9.979991
29.67000,6.754623,-10.654419,15.376874,30.227899,10.523919
29.67500,6.472136,-11.241818,22.416860,34.777416,10.735655
29.68000,6.164106,-10.379591,25.863293,41.167379,10.987512
29.68500,5.831749,-10.367692,31.958455,47.437531,11.198945
29.69000,5.476377,-9.251679,31.051877,52.359947,11.462139
29.69500,5.099392,-9.851568,37.077396,57.760652,11.569969
29.70000,4.702282,-8.896831,47.320662,60.272861,11.592022
29.70500,4.286614,-8.428323,53.365739,65.027458,11.448889
29.71000,3.854029,-7.791574,53.215285,69.529280,11.553232
29.71500,3.406234,-7.285941,54.662799,73.958466,11.548035
29.72000,2.944996,-5.667902,61.260968,76.596382,11.615463
29.72500,2.472136,-5.874397,59.820338,78.819308,11.327316
29.73000,1.989519,-5.173469,72.647193,81.000054,11.088182
29.73500,1.499051,-5.009544,62.652772,86.744797,10.981999
29.74000,1.002666,-4.253612,71.859721,88.834442,10.573019
29.74500,0.502324,-3.297269,77.918668,88.679597,10.261581
29.75000,0.000000,-2.748063,73.415538,92.707054,9.919841
29.75500,-0.502324,-1.299180,72.733671,92.063051,9.354736
29.76000,-1.002666,-0.996085,75.668003,93.465967,9.163821
29.76500,-1.499051,-0.188521,79.750646,94.841001,8.637961
29.77000,-1.989519,0.692080,84.160103,92.864925,8.060507
29.77500,-2.472136,1.127779,79.842325,92.212654,7.436003
29.78000,-2.944996,1.728432,81.932903,90.413631,7.003616
29.78500,-3.406234,2.703436,82.850802,91.763344,6.526724
29.79000,-3.854029,3.786556,80.469617,90.533781,5.701375
29.79500,-4.286614,4.367947,80.844375,89.261950,5.015632
29.80000,-4.702282,4.757251,79.300089,86.856025,4.500211
29.80500,-5.099392,6.423456,78.397568,83.828743,3.616832
29.81000,-5.476377,6.574342,70.524202,82.276856,2.857990
29.81500,-5.831749,7.319782,69.287483,76.639044,2.327513
29.82000,-6.164106,8.267845,66.457579,74.896279,1.585170
29.82500,-6.472136,7.833071,74.600291,71.347456,0.902286
29.83000,-6.754623,9.130517,63.076681,66.632155,0.146893
29.83500,-7.010453,9.341586,58.926233,64.559083,-0.493280
29.84000,-7.238616,9.818989,62.068317,58.568101,-1.275284
29.84500,-7.438212,9.504086,55.712147,54.920529,-2.034762
29.85000,-7.608452,10.176825,48.274229,49.470533,-2.734419
29.85500,-7.748665,10.850687,50.322210,43.096827,-3.328496
29.86000,-7.858298,11.128768,37.819971,40.287329,-3.985497
29.86500,-7.936918,12.031002,32.652525,33.887915,-4.664572
29.87000,-7.984214,11.458858,29.146633,27.046951,-5.340150
29.87500,-8.000000,11.876271,33.414659,21.216331,-6.373767
29.88000,-7.984214,11.767749,23.097021,14.389148,-6.753392
29.88500,-7.936918,11.434725,23.098778,9.610085,-7.267865
29.89000,-7.858298,11.846830,8.670269,3.656071,-7.770475
29.89500,-7.748665,12.004312,0.926547,-1.690642,-8.477051
29.90000,-7.608452,12.598451,4.381862,-8.292858,-8.663726
29.90500,-7.438212,12.278622,-3.030693,-12.959027,-9.232130
29.91000,-7.238616,11.390867,-14.676509,-19.501447,-9.744500
29.91500,-7.010453,11.033762,-10.890931,-26.956791,-10.047442
29.92000,-6.754623,11.132428,-8.391988,-31.299362,-10.440312
29.92500,-6.472136,10.613275,-20.677373,-37.238680,-10.782415
29.93000,-6.164106,11.500785,-32.138018,-43.015448,-10.914066
29.93500,-5.831749,10.460845,-34.089433,-46.992110,-11.225328
29.94000,-5.476377,9.672258,-39.034720,-50.612773,-11.492258
29.94500,-5.099392,9.013454,-48.375259,-57.778245,-11.540642
29.95000,-4.702282,8.298601,-48.757554,-63.377234,-11.569360
29.95500,-4.286614,8.161951,-53.228857,-65.539449,-11.701238
29.96000,-3.854029,6.589482,-54.529152,-65.910997,-11.456197
29.96500,-3.406234,6.881236,-58.406084,-73.892549,-11.635314
29.97000,-2.944996,6.229194,-59.302716,-76.381771,-11.248380
29.97500,-2.472136,6.384376,-61.106928,-80.379328,-11.187865
29.98000,-1.989519,4.381993,-64.348908,-81.771752,-11.180283
29.98500,-1.499051,4.769588,-68.800738,-83.643689,-10.837702
29.99000,-1.002666,3.555842,-75.021344,-87.736405,-10.454258
29.99500,-0.502324,3.284898,-73.044090,-88.036064,-10.271931
30.00000,-0.000000,1.933586,-74.569272,-92.211399,-10.011943
30.00500,0.502324,1.655058,-63.016595,-91.856836,-9.481857
30.01000,1.002666,1.079608,-79.776777,-94.385534,-8.856852
30.01500,1.499051,1.021647,-78.023389,-93.108081,-8.732761
30.02000,1.989519,-1.093860,-77.162184,-94.107371,-8.021399
30.02500,2.472136,-1.569427,-77.267679,-92.801120,-7.537500
30.03000,2.944996,-2.303916,-88.823393,-93.720032,-6.982043
30.03500,3.406234,-3.236108,-81.104213,-91.096951,-6.413505
30.04000,3.854029,-3.758673,-85.766403,-89.834616,-5.785492
30.04500,4.286614,-4.418237,-75.131365,-88.880239,-5.005870
30.05000,4.702282,-5.258939,-83.860537,-87.049079,-4.386161
30.05500,5.099392,-6.489525,-84.074180,-85.053997,-3.864371
30.06000,5.476377,-6.333651,-78.157930,-81.355230,-2.912020
30.06500,5.831749,-7.652256,-64.544716,-77.327439,-2.489595
30.07000,6.164106,-7.694225,-65.821112,-74.553665,-1.575480
30.07500,6.472136,-7.815033,-62.932104,-70.520313,-0.899139
30.08000,6.754623,-9.274017,-66.754064,-65.244593,-0.069545
30.08500,7.010453,-9.307939,-59.642512,-62.871594,0.574818
30.09000,7.238616,-9.635944,-61.589028,-57.666000,1.371565
30.09500,7.438212,-10.157988,-54.869190,-52.327070,1.985018
30.10000,7.608452,-10.711801,-45.553956,-47.771840,2.798744
30.10500,7.748665,-10.857317,-41.657594,-42.808537,3.439027
30.11000,7.858298,-10.887671,-42.347005,-37.883336,4.309569
30.11500,7.936918,-11.826777,-41.105692,-30.282832,4.698321
30.12000,7.984214,-11.694944,-35.009474,-27.067366,5.542496
30.12500,8.000000,-11.501519,-35.031222,-21.762340,6.102926
30.13000,7.984214,-12.149870,-30.529056,-14.862427,6.683711
30.13500,7.936918,-12.464513,-20.385101,-7.823515,7.192657
30.14000,7.858298,-11.692189,-11.964739,-2.227596,7.848967
30.14500,7.748665,-11.696437,-3.814424,2.022131,8.180562
30.15000,7.608452,-11.518496,3.283300,8.821049,8.682251
30.15500,7.438212,-11.792422,1.080215,14.261411,9.347016
30.16000,7.238616,-11.884253,9.303140,19.541010,9.539779
30.16500,7.010453,-10.797246,3.593629,25.917982,10.221009
30.17000,6.754623,-10.652757,18.729426,31.480240,10.391439
30.17500,6.472136,-10.531810,31.479281,36.399415,10.744676
30.18000,6.164106,-10.713153,29.011134,43.591168,10.985676
30.18500,5.831749,-10.080705,37.232037,46.302918,11.235408
30.19000,5.476377,-10.059702,38.939176,53.366618,11.336376
30.19500,5.099392,-9.664545,43.570061,58.977057,11.453722
30.20000,4.702282,-8.705552,49.063188,63.555700,11.558791
30.20500,4.286614,-8.079695,43.530701,65.720272,11.711750
30.21000,3.854029,-7.417164,50.434256,69.248467,11.709630
30.21500,3.406234,-7.005570,61.836816,71.380139,11.667438
30.22000,2.944996,-5.597440,56.683993,76.684032,11.474654
30.22500,2.472136,-6.169528,68.022879,82.807224,11.271076
30.23000,1.989519,-4.571816,62.753709,80.994216,10.931499
30.23500,1.499051,-4.573285,67.425683,83.574152,10.928926
30.24000,1.002666,-3.322372,67.821671,88.582971,10.670665
30.24500,0.502324,-3.347265,77.264018,90.198555,10.226286
30.25000,-0.000000,-1.351602,76.534079,88.857417,9.987205
30.25500,-0.502324,-0.914552,67.802542,92.086465,9.636113
30.26000,-1.002666,-1.390813,73.171550,93.349495,9.079626
30.26500,-1.499051,0.537802,74.341484,91.606075,8.703395
30.27000,-1.989519,0.838365,81.886140,94.567207,8.121852
30.27500,-2.472136,1.881269,81.610393,91.582854,7.378853
30.28000,-2.944996,2.259970,72.466247,93.786402,6.937086
30.28500,-3.406234,2.941826,82.091825,91.658840,6.347619
30.29000,-3.854029,3.162346,84.213532,89.204782,5.820800
30.29500,-4.286614,4.240501,79.001668,86.382441,5.037655
30.30000,-4.702282,5.112371,79.732106,85.762495,4.416336
30.30500,-5.099392,5.117532,91.370018,83.607811,3.682489
30.31000,-5.476377,6.044132,73.825512,80.793237,3.078711
30.31500,-5.831749,7.069484,70.210025,77.156873,2.381129
30.32000,-6.164106,7.842222,71.686188,74.205304,1.753991
30.32500,-6.472136,8.043332,66.482192,71.778785,1.011928
30.33000,-6.754623,9.325791,59.168760,65.719611,0.220651
30.33500,-7.010453,9.050103,59.390287,62.303734,-0.500373
30.34000,-7.238616,9.970838,52.485145,58.603056,-1.240235
30.34500,-7.438212,10.674686,60.767015,53.327413,-1.961483
30.35000,-7.608452,10.210319,44.935265,49.442970,-2.531668
30.35500,-7.748665,11.337237,53.270954,45.136503,-3.638776
30.36000,-7.858298,11.114075,38.782912,37.617632,-4.097132
30.36500,-7.936918,11.081609,31.348215,32.849964,-4.721864
30.37000,-7.984214,12.285963,31.398552,23.595642,-5.294880
30.37500,-8.000000,12.463359,34.834185,20.957763,-6.151130
30.38000,-7.984214,11.792764,23.815661,16.395268,-6.616399
30.38500,-7.936918,12.422669,25.078695,8.483175,-7.148142
30.39000,-7.858298,12.412784,16.962771,5.497941,-7.833829
30.39500,-7.748665,11.980210,9.817838,-4.134034,-8.504381
30.40000,-7.608452,12.806813,0.741124,-6.209712,-8.840379
30.40500,-7.438212,11.753289,1.937013,-14.226332,-9.380973
30.41000,-7.238616,11.369097,-6.116663,-20.594409,-9.615290
30.41500,-7.010453,11.437473,-13.846406,-25.668134,-10.147258
30.42000,-6.754623,11.126305,-17.053403,-31.012489,-10.225510
30.42500,-6.472136,10.694585,-18.652716,-37.369552,-10.690394
30.43000,-6.164106,10.414402,-25.031977,-43.135167,-11.043676
30.43500,-5.831749,9.602696,-25.815782,-47.304311,-11.228696
30.44000,-5.476377,9.968165,-26.230466,-50.570450,-11.458547
30.44500,-5.099392,8.707589,-37.345097,-55.989608,-11.436323
30.45000,-4.702282,9.207185,-40.962662,-59.454515,-11.406848
30.45500,-4.286614,8.509661,-45.415382,-66.062159,-11.613011
30.46000,-3.854029,7.503271,-50.089694,-69.826998,-11.488244
30.46500,-3.406234,6.909355,-56.610853,-73.590738,-11.618973
30.47000,-2.944996,6.176598,-62.204886,-76.531473,-11.391935
30.47500,-2.472136,5.795671,-64.797455,-79.356327,-11.045127
30.48000,-1.989519,5.833661,-69.752471,-80.720913,-11.225222
30.48500,-1.499051,4.563832,-65.653998,-84.509929,-10.725798
30.49000,-1.002666,3.548590,-76.598211,-87.358966,-10.453606
30.49500,-0.502324,3.709526,-73.769586,-87.836489,-10.439641
30.50000,0.000000,2.100280,-78.818829,-91.859989,-10.034709
30.50500,0.502324,1.374585,-80.231532,-93.642514,-9.589447
30.51000,1.002666,1.638087,-75.243822,-92.119960,-8.957797
30.51500,1.499051,0.286698,-78.421112,-93.135972,-8.625160
30.52000,1.989519,-0.252067,-75.898578,-93.252691,-8.092454
30.52500,2.472136,-1.236278,-83.961387,-91.995006,-7.466412
30.53000,2.944996,-2.014685,-82.546998,-92.803910,-6.957262
30.53500,3.406234,-2.690649,-79.554929,-91.504318,-6.350735
30.54000,3.854029,-3.381365,-76.608068,-89.529064,-5.784611
30.54500,4.286614,-3.504190,-76.258031,-87.457674,-4.996200
30.55000,4.702282,-5.565751,-71.784123,-84.962492,-4.522871
30.55500,5.099392,-6.728011,-81.149020,-83.534721,-3.595783
30.56000,5.476377,-6.525387,-74.790570,-80.588464,-3.101120
30.56500,5.831749,-7.636375,-74.770474,-80.638239,-2.438748
30.57000,6.164106,-7.566494,-62.579968,-72.973860,-1.576323
30.57500,6.472136,-8.678798,-73.355198,-72.549843,-0.871652
30.58000,6.754623,-8.713105,-67.857665,-66.792230,-0.387251
30.58500,7.010453,-8.778471,-56.557307,-59.536877,0.561934
30.59000,7.238616,-9.895373,-61.369195,-58.404207,1.131150
30.59500,7.438212,-10.411544,-61.376280,-55.162151,1.904897
30.60000,7.608452,-10.173476,-44.071511,-46.499861,2.780571
30.60500,7.748665,-11.142040,-42.666635,-43.923046,3.318558
30.61000,7.858298,-11.167958,-44.205565,-38.181058,4.130267
30.61500,7.936918,-11.448098,-41.440402,-32.749044,4.730267
30.62000,7.984214,-12.121923,-33.716221,-26.132473,5.616730
30.62500,8.000000,-11.380840,-31.400427,-20.413816,6.046952
30.63000,7.984214,-12.324280,-26.243096,-15.714689,6.548456
30.63500,7.936918,-11.585708,-15.407405,-8.454653,7.138792
30.64000,7.858298,-11.821798,-16.966741,-4.957135,7.713417
30.64500,7.748665,-12.385807,-9.608893,2.757470,8.340815
30.65000,7.608452,-12.022303,-6.553997,7.100072,8.818842
30.65500,7.438212,-11.412228,4.634571,14.477052,9.372531
30.66000,7.238616,-11.712529,5.894105,18.654240,9.711929
30.66500,7.010453,-10.490305,16.195616,24.622081,10.089567
30.67000,6.754623,-11.533389,11.227413,32.462472,10.450884
30.67500,6.472136,-10.344926,18.689504,34.902412,10.706143
30.68000,6.164106,-11.160668,25.059271,40.179257,11.006790
30.68500,5.831749,-10.208799,31.249384,47.396172,11.271052
30.69000,5.476377,-9.273834,33.594115,51.398999,11.442038
30.69500,5.099392,-9.995329,48.538023,55.994989,11.435124
30.70000,4.702282,-8.609473,41.795090,60.892516,11.393479
30.70500,4.286614,-8.636151,46.772739,67.860169,11.524783
30.71000,3.854029,-8.161710,46.609336,68.231546,11.623361
30.71500,3.406234,-7.324944,54.237944,72.914091,11.289556
30.72000,2.944996,-6.626682,68.605100,76.923749,11.389326
30.72500,2.472136,-5.955812,63.917488,78.827090,11.334993
30.73000,1.989519,-5.326872,61.963465,82.766246,11.042044
30.73500,1.499051,-4.742278,72.606055,85.928565,10.751269
30.74000,1.002666,-4.746680,69.519957,86.515843,10.760811
30.74500,0.502324,-2.409600,75.492073,90.757034,10.403993
30.75000,0.000000,-1.362359,70.131583,89.634608,9.879072
30.75500,-0.502324,-1.292912,74.172200,91.961794,9.638004
30.76000,-1.002666,-0.843985,84.130044,93.319918,9.198694
30.76500,-1.499051,-0.377986,79.281890,97.074740,8.482806
30.77000,-1.989519,0.891237,80.603496,91.373672,8.357857
30.77500,-2.472136,1.643016,81.966788,93.440228,7.457086
30.78000,-2.944996,1.904225,84.075793,95.381829,6.956335
30.78500,-3.406234,2.935050,77.372198,90.699532,6.277179
30.79000,-3.854029,4.035394,74.857471,91.269086,5.773709
30.79500,-4.286614,4.560130,77.801050,88.491740,4.990540
30.80000,-4.702282,5.110366,81.116801,84.467614,4.457623
30.80500,-5.099392,5.854008,74.153797,84.154781,3.885286
30.81000,-5.476377,6.153792,78.358217,79.880468,3.101906
30.81500,-5.831749,7.051202,64.986048,77.928337,2.345564
30.82000,-6.164106,7.699668,66.608074,72.675416,1.809026
30.82500,-6.472136,7.931520,62.407237,71.586372,0.840114
30.83000,-6.754623,8.718346,55.511970,63.940421,0.298887
30.83500,-7.010453,9.637043,69.563597,62.324959,-0.557091
30.84000,-7.238616,10.151755,56.880305,59.543977,-1.231865
30.84500,-7.438212,9.254636,62.353995,53.930508,-1.972017
30.85000,-7.608452,9.946075,52.002110,47.997596,-2.676216
30.85500,-7.748665,11.282950,41.205931,43.018205,-3.397607
30.86000,-7.858298,11.347280,47.137217,37.509576,-4.160434
30.86500,-7.936918,11.608130,39.814903,35.745729,-4.812753
30.87000,-7.984214,11.067325,41.159593,26.947552,-5.366523
30.87500,-8.000000,11.830460,31.309532,21.323114,-6.055102
30.88000,-7.984214,12.157208,22.365305,14.727753,-6.770442
30.88500,-7.936918,12.165119,20.333720,9.215873,-7.308007
30.89000,-7.858298,11.716327,12.481576,4.628172,-7.861570
30.89500,-7.748665,11.753371,3.887426,-2.664625,-8.321756
30.90000,-7.608452,12.044018,1.756075,-8.755945,-8.789604
30.90500,-7.438212,11.873629,2.749175,-14.288350,-9.254799
30.91000,-7.238616,12.164511,-10.957026,-19.834619,-9.749248
30.91500,-7.010453,10.495803,-7.519210,-24.920659,-10.063626
30.92000,-6.754623,10.923754,-11.285561,-31.290573,-10.544351
30.92500,-6.472136,11.373129,-20.948051,-36.427542,-10.996882
30.93000,-6.164106,10.055058,-27.924431,-42.416484,-10.972100
30.93500,-5.831749,10.183742,-27.743553,-45.269977,-11.347444
30.94000,-5.476377,10.303130,-37.906974,-51.596913,-11.447731
30.94500,-5.099392,8.839485,-36.773787,-56.853703,-11.599953
30.95000,-4.702282,8.890218,-41.907666,-60.709609,-11.497192
30.95500,-4.286614,9.006932,-48.888172,-65.422496,-11.716651
30.96000,-3.854029,7.133725,-54.572568,-71.261197,-11.557443
30.96500,-3.406234,6.246610,-60.177164,-73.430927,-11.577858
30.97000,-2.944996,6.867680,-60.312581,-74.792732,-11.551031
30.97500,-2.472136,5.587094,-67.713434,-79.328166,-11.438133
30.98000,-1.989519,5.093415,-66.531572,-81.425116,-11.042878
30.98500,-1.499051,4.451322,-67.964882,-86.136221,-10.815342
30.99000,-1.002666,4.219160,-72.674798,-89.306236,-10.498552
30.99500,-0.502324,2.870121,-71.425119,-90.258142,-10.072944
31.00000,-0.000000,2.659813,-71.154696,-89.386064,-9.868933
31.00500,0.502324,1.821706,-82.533890,-93.289805,-9.468728
31.01000,1.002666,0.754075,-78.467155,-93.846900,-9.072503
31.01500,1.499051,0.436050,-82.966699,-92.060443,-8.577036
31.02000,1.989519,-0.624688,-82.875625,-93.704233,-8.116266
31.02500,2.472136,-1.537815,-81.429618,-93.336507,-7.632423
31.03000,2.944996,-1.004827,-76.034187,-91.986035,-6.775074
31.03500,3.406234,-3.799280,-75.221332,-91.289544,-6.565587
31.04000,3.854029,-4.177321,-82.181148,-90.344940,-5.732865
31.04500,4.286614,-4.831821,-78.931429,-87.940556,-5.070395
31.05000,4.702282,-5.277765,-78.458176,-86.966470,-4.435924
31.05500,5.099392,-5.705168,-77.017843,-83.739158,-3.865967
31.06000,5.476377,-6.516535,-67.310450,-80.150506,-3.092640
31.06500,5.831749,-6.116785,-68.228271,-79.060843,-2.411322
31.07000,6.164106,-7.855124,-77.473408,-74.671757,-1.755079
31.07500,6.472136,-8.653724,-65.372853,-72.063636,-0.927944
31.08000,6.754623,-8.734880,-61.300948,-65.885755,-0.236307
31.08500,7.010453,-9.418663,-65.868872,-61.801915,0.477806
31.09000,7.238616,-9.902550,-51.284429,-56.936657,1.328004
31.09500,7.438212,-9.746182,-50.336559,-52.119756,1.875034
31.10000,7.608452,-10.379589,-43.143893,-47.206891,2.738909
31.10500,7.748665,-10.387710,-51.510223,-42.451636,3.336756
31.11000,7.858298,-11.587456,-43.122040,-38.911699,4.130354
31.11500,7.936918,-11.154149,-40.627980,-31.477899,4.768094
31.12000,7.984214,-11.608480,-35.906143,-28.071526,5.440033
31.12500,8.000000,-12.033948,-31.126431,-18.615236,5.951268
31.13000,7.984214,-12.543323,-29.131100,-15.246460,6.581276
31.13500,7.936918,-12.000234,-18.299156,-9.075927,7.156422
31.14000,7.858298,-12.468114,-20.146427,-5.353699,7.814163
31.14500,7.748665,-11.670549,-4.448532,3.206195,8.395421
31.15000,7.608452,-11.707292,-0.586979,9.185803,8.919720
31.15500,7.438212,-11.579676,-8.264780,11.815131,9.217963
31.16000,7.238616,-10.464088,2.957309,18.773427,9.696276
31.16500,7.010453,-10.879284,12.558067,24.576811,9.907480
31.17000,6.754623,-11.977421,27.242100,29.967803,10.189224
31.17500,6.472136,-10.601810,19.812611,37.817470,10.625046
31.18000,6.164106,-10.416873,32.076363,44.068047,10.903453
31.18500,5.831749,-10.032058,39.836083,45.470655,11.029831
31.19000,5.476377,-9.900712,35.932982,52.926963,11.178245
31.19500,5.099392,-8.854864,34.919362,56.180952,11.535477
31.20000,4.702282,-9.895511,38.970328,62.648158,11.482618
31.20500,4.286614,-8.750269,40.839424,62.510639,11.430067
31.21000,3.854029,-7.382425,52.989967,68.924898,11.819453
31.21500,3.406234,-6.962332,56.710651,74.639992,11.548234
31.22000,2.944996,-6.038830,56.326849,75.831988,11.397376
31.22500,2.472136,-5.924275,68.996243,81.306117,11.349847
31.23000,1.989519,-5.316686,63.183513,82.200719,11.014698
31.23500,1.499051,-4.081922,69.086963,86.681451,11.013915
31.24000,1.002666,-3.626867,74.988539,88.251909,10.423383
31.24500,0.502324,-3.684928,76.879295,88.951573,10.126680
31.25000,-0.000000,-1.846241,77.579099,90.070440,9.883113
31.25500,-0.502324,-1.939574,79.096568,91.923710,9.420941
31.26000,-1.002666,-0.375582,79.386499,94.271362,9.201291
31.26500,-1.499051,0.090949,84.129216,93.339601,8.427613
31.27000,-1.989519,1.005000,84.122346,92.633423,8.008076
31.27500,-2.472136,1.938105,76.201852,96.979750,7.566330
31.28000,-2.944996,1.842787,82.261545,90.585588,7.030435
31.28500,-3.406234,3.266201,80.085679,91.123046,6.478514
31.29000,-3.854029,3.695753,78.177895,90.619898,5.791710
31.29500,-4.286614,4.323787,84.689614,87.011944,5.333732
31.30000,-4.702282,5.122904,77.974077,86.115028,4.402418
31.30500,-5.099392,5.583603,77.140991,83.193860,3.785776
31.31000,-5.476377,6.457753,78.859661,79.182453,3.157381
31.31500,-5.831749,7.164249,67.827937,78.350702,2.331800
31.32000,-6.164106,7.395139,67.210651,73.089059,1.616238
31.32500,-6.472136,8.674917,65.662093,69.844795,0.874788
31.33000,-6.754623,8.796014,59.671877,68.192024,0.128839
31.33500,-7.010453,8.799217,61.857777,61.208491,-0.648363
31.34000,-7.238616,9.904797,53.389963,58.737345,-1.317727
31.34500,-7.438212,10.354136,54.923634,54.701278,-2.138695
31.35000,-7.608452,9.931328,50.105173,49.557564,-2.660051
31.35500,-7.748665,10.983894,46.057976,43.831028,-3.560173
31.36000,-7.858298,11.007337,43.760983,37.724516,-3.885012
31.36500,-7.936918,11.523936,35.882258,30.925212,-4.595148
31.37000,-7.984214,11.556812,35.737443,27.169232,-5.309454
31.37500,-8.000000,11.951445,26.572296,21.850070,-6.074398
31.38000,-7.984214,11.985201,23.341596,14.980882,-6.721583
31.38500,-7.936918,11.040340,18.098374,8.608675,-7.124208
31.39000,-7.858298,12.035021,16.785408,4.920992,-7.783135
31.39500,-7.748665,12.204867,9.381841,-3.195148,-8.269396
31.40000,-7.608452,12.204680,-0.243649,-7.309070,-8.888277
31.40500,-7.438212,12.299743,6.461429,-14.218247,-9.166450
31.41000,-7.238616,11.763572,-1.457355,-21.402385,-9.772493
31.41500,-7.010453,11.954725,-11.159814,-23.248562,-10.063627
31.42000,-6.754623,11.511653,-13.756280,-30.022185,-10.588826
31.42500,-6.472136,10.662341,-25.066064,-35.582355,-10.782302
31.43000,-6.164106,10.227552,-22.820543,-43.206919,-10.925418
31.43500,-5.831749,10.657528,-33.366053,-46.877226,-11.235552
31.44000,-5.476377,9.996869,-32.659716,-51.390200,-11.406233
31.44500,-5.099392,8.521919,-39.518395,-57.374227,-11.409169
31.45000,-4.702282,8.309860,-48.788373,-59.137264,-11.576084
31.45500,-4.286614,8.691996,-46.577532,-67.747799,-11.480147
31.46000,-3.854029,7.711948,-52.609172,-68.628395,-11.834657
31.46500,-3.406234,6.337182,-57.980239,-75.449618,-11.480588
31.47000,-2.944996,6.608891,-60.000723,-78.573075,-11.384941
31.47500,-2.472136,6.186684,-59.270107,-81.438079,-11.442691
31.48000,-1.989519,5.375444,-64.908840,-82.157415,-11.226741
31.48500,-1.499051,4.393797,-70.507373,-86.215848,-10.774431
31.49000,-1.002666,3.622609,-72.994233,-88.386208,-10.690456
31.49500,-0.502324,2.760483,-74.025075,-90.536092,-10.327697
31.50000,-0.000000,2.031270,-81.829456,-92.725577,-9.844248
31.50500,0.502324,1.612469,-80.153067,-93.208932,-9.537697
31.51000,1.002666,1.791785,-80.144931,-94.110496,-9.020161
31.51500,1.499051,1.066278,-87.391043,-93.766034,-8.681717
31.52000,1.989519,-0.826707,-71.995959,-93.898794,-8.058993
31.52500,2.472136,-2.120923,-80.703974,-95.956348,-7.442252
31.53000,2.944996,-2.290688,-74.486788,-93.236041,-6.949592
31.53500,3.406234,-3.104220,-80.994137,-90.025611,-6.605185
31.54000,3.854029,-3.815244,-79.532882,-90.599093,-5.700426
31.54500,4.286614,-5.111215,-78.909234,-88.381105,-5.115949
31.55000,4.702282,-5.141962,-84.450093,-87.038953,-4.548264
31.55500,5.099392,-6.052421,-80.587093,-84.558202,-3.637569
31.56000,5.476377,-6.413024,-72.030628,-81.072541,-3.254123
31.56500,5.831749,-7.695908,-73.654329,-79.473719,-2.184857
31.57000,6.164106,-7.636469,-68.282030,-74.694841,-1.717133
31.57500,6.472136,-8.718449,-65.930626,-72.754854,-0.772763
31.58000,6.754623,-9.093746,-69.673808,-66.448146,-0.206270
31.58500,7.010453,-9.516192,-65.723408,-64.445096,0.394179
31.59000,7.238616,-9.935923,-61.549251,-57.361766,1.262935
31.59500,7.438212,-10.358045,-61.153429,-52.231613,2.008177
31.60000,7.608452,-10.748174,-55.052024,-50.391104,2.742930
31.60500,7.748665,-11.111681,-46.094577,-42.594406,3.497891
31.61000,7.858298,-11.446590,-37.270566,-38.577730,3.992374
31.61500,7.936918,-11.649260,-31.926985,-31.310348,4.804591
31.62000,7.984214,-11.765308,-30.293309,-27.729174,5.483823
31.62500,8.000000,-11.004991,-30.852051,-21.771195,6.016722
31.63000,7.984214,-11.521733,-27.542316,-16.029468,6.560044
31.63500,7.936918,-12.219987,-11.926245,-8.406014,7.141390
31.64000,7.858298,-12.562861,-12.560646,-6.283919,7.866248
31.64500,7.748665,-11.501158,-11.993873,2.739708,8.395160
31.65000,7.608452,-11.905497,-7.936717,7.813975,8.723918
31.65500,7.438212,-11.635975,10.795448,12.964002,9.129435
31.66000,7.238616,-11.135550,9.316313,19.032887,9.806277
31.66500,7.010453,-12.194838,12.589402,26.100857,9.909361
31.67000,6.754623,-11.401900,17.111895,31.573993,10.421969
31.67500,6.472136,-10.772567,20.517093,38.068732,10.626450
31.68000,6.164106,-9.929614,30.077743,40.676441,10.790175
31.68500,5.831749,-10.157576,33.829158,44.389066,11.192724
31.69000,5.476377,-9.666465,41.625117,50.940146,11.332370
31.69500,5.099392,-9.251786,32.711233,56.143597,11.621030
31.70000,4.702282,-8.754995,47.178164,60.418913,11.784879
31.70500,4.286614,-8.141663,49.385934,66.677452,11.574830
31.71000,3.854029,-7.875732,56.023505,71.974518,11.685268
31.71500,3.406234,-7.337783,58.435589,73.545573,11.630922
31.72000,2.944996,-6.576635,51.278386,74.518692,11.372764
31.72500,2.472136,-5.511193,62.734101,81.011034,11.191605
31.73000,1.989519,-4.614088,72.104519,81.925894,11.247125
31.73500,1.499051,-4.351970,71.637825,85.283133,10.814943
31.74000,1.002666,-3.809453,67.232366,88.431359,10.570726
31.74500,0.502324,-2.463242,65.661305,89.751955,10.224451
31.75000,0.000000,-2.005754,80.199803,90.762120,9.879884
31.75500,-0.502324,-1.187164,77.209033,92.336447,9.433583
31.76000,-1.002666,-0.792964,80.101144,93.683420,9.131556
31.76500,-1.499051,-0.161041,75.606952,93.960510,8.709496
31.77000,-1.989519,0.967919,84.221517,95.706977,8.040583
31.77500,-2.472136,1.450823,79.201181,89.485944,7.401782
31.78000,-2.944996,2.745104,79.321231,91.393301,6.976197
31.78500,-3.406234,2.630474,74.898197,90.584122,6.227148
31.79000,-3.854029,3.856131,79.909391,90.829667,5.690748
31.79500,-4.286614,4.436208,79.888077,88.370416,5.233508
31.80000,-4.702282,4.700063,73.217140,87.002034,4.678352
31.80500,-5.099392,5.645052,73.491957,81.899266,3.803064
31.81000,-5.476377,6.006172,75.972010,80.535410,2.963107
31.81500,-5.831749,6.917677,66.637966,78.451052,2.438596
31.82000,-6.164106,7.547766,70.980499,74.237633,1.419160
31.82500,-6.472136,9.319489,70.613175,70.137657,0.849552
31.83000,-6.754623,8.325978,63.920009,66.949466,0.342696
31.83500,-7.010453,9.521712,54.926281,64.317985,-0.463576
31.84000,-7.238616,9.525899,56.986688,55.450716,-1.402031
31.84500,-7.438212,10.289986,58.413612,55.052841,-2.151864
31.85000,-7.608452,10.382923,50.051801,48.601456,-2.614667
31.85500,-7.748665,10.532149,40.306622,42.163366,-3.407833
31.86000,-7.858298,11.753879,44.971284,38.646726,-4.152027
31.86500,-7.936918,11.881173,38.720916,32.491150,-4.725415
31.87000,-7.984214,10.907700,38.476202,28.291413,-5.478601
31.87500,-8.000000,11.731718,34.077726,20.271044,-6.246390
31.88000,-7.984214,11.761646,26.318560,16.586242,-6.583888
31.88500,-7.936918,11.321031,17.338138,8.584600,-7.312390
31.89000,-7.858298,12.072056,4.872429,4.160878,-7.902531
31.89500,-7.748665,12.187994,-0.066928,-1.268824,-8.459438
31.90000,-7.608452,11.927606,2.667410,-8.037351,-8.792763
31.90500,-7.438212,11.979250,-4.415082,-13.025364,-9.354253
31.91000,-7.238616,12.355076,-6.844658,-20.245239,-9.631611
31.91500,-7.010453,11.226257,-15.981250,-24.010374,-10.102017
31.92000,-6.754623,11.674484,-20.900647,-31.438064,-10.309476
31.92500,-6.472136,11.759880,-17.407664,-37.152105,-10.756406
31.93000,-6.164106,9.315888,-25.365845,-41.802751,-11.041498
31.93500,-5.831749,10.037933,-30.933266,-46.900292,-11.387763
31.94000,-5.476377,10.267910,-28.980032,-52.806730,-11.471976
31.94500,-5.099392,9.385924,-43.219217,-55.682892,-11.416886
31.95000,-4.702282,8.494359,-42.646777,-61.318617,-11.265034
31.95500,-4.286614,8.804246,-52.604175,-64.788464,-11.729481
31.96000,-3.854029,8.015250,-54.366105,-71.299928,-11.697594
31.96500,-3.406234,6.388720,-55.897699,-74.880443,-11.504222
31.97000,-2.944996,6.769281,-60.690548,-77.156120,-11.388525
31.97500,-2.472136,5.705380,-66.081728,-81.200644,-11.356646
31.98000,-1.989519,5.192280,-67.392547,-83.078903,-11.089883
31.98500,-1.499051,3.930774,-64.864771,-84.824459,-11.022712
31.99000,-1.002666,3.932234,-74.780767,-86.395648,-10.614118
31.99500,-0.502324,3.051561,-78.892565,-87.853756,-10.174853
32.00000,0.000000,1.858834,-69.399603,-90.170668,-9.741454
32.00500,1.002666,1.340874,-85.493862,-93.069358,-9.521232
32.01000,1.989519,1.184564,-87.861121,-92.377847,-9.090763
32.01500,2.944996,0.191302,-100.219670,-94.003095,-8.539960
32.02000,3.854029,-2.240703,-107.530668,-92.713137,-7.954530
32.02500,4.702282,-2.696232,-107.451082,-94.096587,-7.456158
32.03000,5.476377,-4.359661,-115.310094,-90.377143,-6.980337
32.03500,6.164106,-5.775357,-124.175979,-90.099094,-6.233165
32.04000,6.754623,-6.738218,-118.662362,-89.106734,-5.499760
32.04500,7.238616,-7.399782,-126.342594,-88.112522,-4.961595
32.05000,7.608452,-8.864135,-116.346773,-83.521294,-4.288032
32.05500,7.858298,-10.407304,-113.016108,-81.375690,-3.342140
32.06000,7.984214,-10.742325,-101.382934,-76.989645,-2.572240
32.06500,7.984214,-11.156790,-94.439943,-74.269395,-1.710880
32.07000,7.858298,-11.274228,-79.210452,-69.891185,-0.984653
32.07500,7.608452,-11.964058,-65.854630,-64.051195,-0.237491
32.08000,7.238616,-11.889311,-59.073691,-58.306492,0.603867
32.08500,6.754623,-11.667851,-21.179171,-56.541841,1.359760
32.09000,6.164106,-11.128548,-9.139700,-50.150509,2.170401
32.09500,5.476377,-11.627861,8.115751,-44.195555,2.992198
32.10000,4.702282,-9.556222,26.756162,-39.476756,3.757501
32.10500,3.854029,-9.119502,43.472922,-34.424411,4.641696
32.11000,2.944996,-8.223571,62.046712,-26.018797,5.094329
32.11500,1.989519,-7.524795,82.130238,-24.225518,5.852179
32.12000,1.002666,-5.699473,101.840201,-17.641994,6.387097
32.12500,0.000000,-3.632945,113.799994,-13.614050,7.125717
32.13000,-1.002666,-3.270068,126.164249,-8.347510,7.472934
32.13500,-1.989519,-2.222421,139.316901,-6.343601,7.812069
32.14000,-2.944996,0.132799,141.615632,1.627928,8.262060
32.14500,-3.854029,1.463644,154.981125,4.292127,8.445136
32.15000,-4.702282,2.910219,152.823263,7.001988,8.572203
32.15500,-5.476377,3.731710,158.318783,13.281101,8.875573
32.16000,-6.164106,5.900057,152.044168,13.829297,8.817656
32.16500,-6.754623,7.263908,154.854186,15.834761,8.864581
32.17000,-7.238616,6.374263,140.164719,17.538359,8.675279
32.17500,-7.608452,9.263548,144.148818,21.318924,8.429162
32.18000,-7.858298,10.403902,124.082894,21.233265,8.083950
32.18500,-7.984214,10.445574,111.595194,21.547620,7.612161
32.19000,-7.984214,10.494814,95.931596,20.671303,7.375222
32.19500,-7.858298,11.798249,78.804821,21.087932,6.836356
32.20000,-7.608452,12.844277,64.826513,22.110777,6.367032
32.20500,-7.238616,12.114016,41.495763,20.919294,5.722123
32.21000,-6.754623,12.718242,32.756230,17.533407,5.037038
32.21500,-6.164106,11.558169,8.623795,17.539229,4.355428
32.22000,-5.476377,10.780223,-19.169995,17.278057,3.850117
32.22500,-4.702282,9.830993,-29.804253,18.418246,3.217022
32.23000,-3.854029,9.863871,-46.771381,12.543860,2.358909
32.23500,-2.944996,7.700979,-66.301177,8.870847,1.731592
32.24000,-1.989519,6.845508,-86.684477,10.352870,1.130639
32.24500,-1.002666,5.661438,-100.855657,6.888677,0.232122
32.25000,-0.000000,4.600623,-124.987166,3.935026,-0.372855
32.25500,1.002666,3.070300,-132.501420,4.242992,-1.073781
32.26000,1.989519,0.960080,-146.589786,1.543297,-1.430726
32.26500,2.944996,-0.412467,-151.485495,-0.925137,-2.063840
32.27000,3.854029,-0.712855,-148.930610,-2.757340,-2.628322
32.27500,4.702282,-2.866336,-150.285623,-2.577860,-3.185310
32.28000,5.476377,-4.334413,-150.363478,-3.298060,-3.418260
32.28500,6.164106,-5.843150,-157.829019,-6.176568,-3.619447
32.29000,6.754623,-6.854185,-149.768423,-3.376884,-4.002764
32.29500,7.238616,-8.446701,-146.753655,-6.145996,-4.205039
32.30000,7.608452,-8.706799,-135.407706,-2.877486,-4.222935
32.30500,7.858298,-9.703860,-125.658310,-3.682166,-4.468150
32.31000,7.984214,-10.794439,-117.311478,-3.560694,-4.335325
32.31500,7.984214,-10.969624,-94.816007,-1.952955,-4.214569
32.32000,7.858298,-11.800110,-85.597216,-1.783059,-4.226801
32.32500,7.608452,-12.103876,-68.931618,0.319933,-4.052411
32.33000,7.238616,-11.525133,-49.296262,4.014039,-3.715993
32.33500,6.754623,-11.794180,-31.851156,3.300271,-3.476564
32.34000,6.164106,-11.726732,-16.845878,6.941315,-3.177240
32.34500,5.476377,-10.181226,9.414084,7.071945,-2.787587
32.35000,4.702282,-10.202152,31.065032,10.300926,-2.414418
32.35500,3.854029,-9.059854,51.441886,13.686118,-2.137738
32.36000,2.944996,-7.596007,65.302406,13.389481,-1.708921
32.36500,1.989519,-7.598472,90.617320,17.366783,-1.189801
32.37000,1.002666,-5.933870,97.093084,16.561333,-0.716594
32.37500,0.000000,-4.045765,111.525897,19.701350,-0.295825
32.38000,-1.002666,-3.144267,116.482700,22.356933,-0.132257
32.38500,-1.989519,-1.731041,143.676558,25.481489,0.421731
32.39000,-2.944996,-0.106536,149.831663,26.664136,0.722237
32.39500,-3.854029,1.329817,156.707050,25.877312,0.945456
32.40000,-4.702282,2.803513,148.253191,27.624035,1.261817
32.40500,-5.476377,4.533990,158.853170,28.523592,1.519945
32.41000,-6.164106,5.766951,147.801840,26.691420,1.795609
32.41500,-6.754623,7.718827,155.838907,28.890899,1.647535
32.42000,-7.238616,8.301935,144.207835,29.518372,1.899023
32.42500,-7.608452,9.897002,134.668516,28.603598,1.864152
32.43000,-7.858298,10.148636,126.024080,25.343088,1.848195
32.43500,-7.984214,11.546135,112.270477,24.118066,1.926412
32.44000,-7.984214,11.329202,105.483217,21.760173,1.792268
32.44500,-7.858298,12.273713,87.786779,20.249047,1.466028
32.45000,-7.608452,12.030119,59.711914,18.252768,1.355237
32.45500,-7.238616,12.641998,51.280507,16.828343,1.187063
32.46000,-6.754623,11.464833,18.398929,13.421578,0.774395
32.46500,-6.164106,11.231501,16.836242,9.375230,0.724796
32.47000,-5.476377,11.040752,-12.646647,8.427767,0.335553
32.47500,-4.702282,9.761737,-31.118037,5.432127,0.048467
32.48000,-3.854029,9.891745,-49.167884,0.587869,-0.253597
32.48500,-2.944996,8.186179,-57.606477,-2.085826,-0.429258
32.49000,-1.989519,7.326831,-81.303370,-4.966056,-0.922904
32.49500,-1.002666,6.268026,-100.294097,-9.722193,-1.270077
32.50000,-0.000000,4.735955,-111.948837,-10.468915,-1.354420
32.50500,1.002666,2.753201,-128.421887,-12.492328,-1.847651
32.51000,1.989519,1.031249,-133.264983,-13.445052,-2.094188
32.51500,2.944996,-0.611166,-148.085741,-17.689297,-2.392414
32.52000,3.854029,-1.793322,-153.250228,-20.167919,-2.324537
32.52500,4.702282,-3.208075,-156.556517,-21.628407,-2.542181
32.53000,5.476377,-4.658861,-151.498644,-22.040946,-2.617354
32.53500,6.164106,-5.503310,-154.402789,-22.783876,-2.697751
32.54000,6.754623,-7.529895,-152.360177,-25.323227,-2.731432
32.54500,7.238616,-8.802353,-151.573786,-24.346532,-2.752602
32.55000,7.608452,-9.091738,-132.899338,-23.699491,-2.661855
32.55500,7.858298,-9.313483,-127.891357,-26.342744,-2.405162
32.56000,7.984214,-11.170034,-112.592615,-21.591103,-2.254662
32.56500,7.984214,-11.396347,-100.532727,-22.303317,-1.881997
32.57000,7.858298,-11.750593,-82.223478,-19.589950,-1.856744
32.57500,7.608452,-11.474132,-65.319151,-18.927913,-1.532117
32.58000,7.238616,-11.574911,-54.965353,-17.172090,-1.256512
32.58500,6.754623,-11.936818,-36.289642,-14.760938,-0.664349
32.59000,6.164106,-11.004797,-10.602964,-11.937334,-0.548111
32.59500,5.476377,-10.811879,2.979975,-8.710263,0.040291
32.60000,4.702282,-9.788570,32.253652,-7.376201,0.504836
32.60500,3.854029,-8.493811,48.591854,-5.654121,0.749424
32.61000,2.944996,-9.129688,71.309352,-2.418967,1.232263
32.61500,1.989519,-7.658672,86.803983,-0.021340,1.336635
32.62000,1.002666,-6.365735,102.276420,4.661942,1.879675
32.62500,0.000000,-4.963004,111.176178,5.206733,2.101910
32.63000,-1.002666,-2.977513,127.537304,10.502618,2.603416
32.63500,-1.989519,-1.495719,140.566278,11.099894,2.874191
32.64000,-2.944996,0.674294,149.312943,12.844894,3.045985
32.64500,-3.854029,2.041458,152.204462,16.222006,3.422320
32.65000,-4.702282,3.052033,154.219890,15.743353,3.524750
32.65500,-5.476377,4.310161,153.007714,17.001058,3.549831
32.66000,-6.164106,6.003688,153.226478,19.112336,3.612202
32.66500,-6.754623,7.177297,148.832173,19.593289,3.526597
32.67000,-7.238616,7.967814,149.360096,17.756704,3.610366
32.67500,-7.608452,9.484489,141.247508,21.640524,3.742799
32.68000,-7.858298,9.878057,125.038283,18.951553,3.315530
32.68500,-7.984214,10.779502,110.796231,16.014209,3.231196
32.69000,-7.984214,11.315184,102.119318,16.152359,2.892188
32.69500,-7.858298,11.513228,88.275508,16.020385,2.739803
32.70000,-7.608452,11.687234,68.470456,13.510678,2.378389
32.70500,-7.238616,11.989478,42.474099,12.326628,1.951911
32.71000,-6.754623,11.730920,21.893502,11.950671,1.409471
32.71500,-6.164106,10.904936,15.760565,7.964303,1.122732
32.72000,-5.476377,11.557390,-6.712146,6.772460,0.862694
32.72500,-4.702282,10.855391,-31.904908,2.678453,0.279092
32.73000,-3.854029,9.953857,-49.108369,-1.492194,-0.079467
32.73500,-2.944996,8.736100,-67.571385,-1.565168,-0.631967
32.74000,-1.989519,7.056470,-84.098560,-6.728470,-1.202871
32.74500,-1.002666,5.440024,-104.158985,-7.305085,-1.394131
32.75000,-0.000000,4.053435,-110.699782,-10.056043,-1.801128
32.75500,1.002666,2.327919,-129.636800,-14.050648,-2.258829
32.76000,1.989519,1.435578,-141.972241,-15.939281,-2.573728
32.76500,2.944996,-0.641850,-140.811051,-17.154285,-2.805519
32.77000,3.854029,-1.386242,-151.283058,-18.058356,-3.147288
32.77500,4.702282,-2.799115,-150.259907,-18.268880,-3.262216
32.78000,5.476377,-4.564679,-155.122290,-20.731645,-3.474802
32.78500,6.164106,-5.929305,-151.197408,-19.278105,-3.794235
32.79000,6.754623,-7.006167,-144.484876,-20.823055,-3.627821
32.79500,7.238616,-7.909235,-144.063382,-22.599837,-3.671126
32.80000,7.608452,-9.317331,-132.406170,-22.244904,-3.639269
32.80500,7.858298,-9.369639,-128.624542,-20.760386,-3.407839
32.81000,7.984214,-11.166837,-111.930263,-20.478220,-3.335959
32.81500,7.984214,-11.614940,-109.397774,-18.676900,-3.025305
32.82000,7.858298,-11.940801,-83.993449,-16.076349,-2.716179
32.82500,7.608452,-12.022058,-69.765615,-14.819861,-2.514493
32.83000,7.238616,-11.858504,-55.118362,-11.890801,-2.349375
32.83500,6.754623,-11.542252,-26.327044,-11.530667,-1.904437
32.84000,6.164106,-11.535231,-9.463077,-9.260614,-1.351675
32.84500,5.476377,-10.201961,11.945827,-7.281014,-1.057906
32.85000,4.702282,-10.901981,23.625218,-5.029564,-0.689063
32.85500,3.854029,-9.150896,49.632088,-0.724030,-0.188193
32.86000,2.944996,-8.219922,75.612224,2.634302,0.300574
32.86500,1.989519,-7.645690,86.545534,5.042849,0.699847
32.87000,1.002666,-6.408982,94.414696,7.926844,1.148438
32.87500,0.000000,-4.421134,116.834685,12.829769,1.393692
32.88000,-1.002666,-2.566395,127.123314,11.538143,1.813473
32.88500,-1.989519,-1.399117,134.124967,14.668331,2.149901
32.89000,-2.944996,-0.097376,141.750095,16.355179,2.470608
32.89500,-3.854029,1.305883,151.930900,17.548515,2.522409
32.90000,-4.702282,2.710528,145.973992,21.584456,2.918864
32.90500,-5.476377,4.180658,160.290596,21.059281,2.973931
32.91000,-6.164106,5.969768,157.690813,23.324382,3.358486
32.91500,-6.754623,7.420936,153.137597,20.976461,3.437062
32.92000,-7.238616,8.367036,147.898496,24.568737,3.458722
32.92500,-7.608452,8.896343,141.631202,24.765499,3.328991
32.93000,-7.858298,10.302001,119.972642,20.507591,3.105263
32.93500,-7.984214,11.220699,114.091019,20.584014,3.102535
32.94000,-7.984214,10.609697,101.379498,19.200610,2.794009
32.94500,-7.858298,11.870026,86.057730,18.462950,2.636067
32.95000,-7.608452,11.714729,64.172496,14.480077,2.207046
32.95500,-7.238616,11.990194,47.327855,14.486149,1.922855
32.96000,-6.754623,11.241554,31.558942,12.520240,1.680503
32.96500,-6.164106,10.962552,11.698156,8.527585,1.437850
32.97000,-5.476377,10.802900,-2.994565,4.003491,0.868207
32.97500,-4.702282,9.906238,-37.173797,3.173506,0.688829
32.98000,-3.854029,9.052113,-48.651366,0.772873,0.326734
32.98500,-2.944996,7.869513,-68.143320,-0.619543,-0.485088
32.99000,-1.989519,7.254307,-83.061671,-4.947992,-0.766542
32.99500,-1.002666,6.247582,-99.790028,-8.208247,-1.250955
33.00000,-0.000000,4.061208,-116.987067,-8.671253,-1.544242
33.00500,1.002666,3.131969,-125.703740,-11.329201,-1.932089
33.01000,1.989519,1.369800,-142.601168,-13.084734,-2.203967
33.01500,2.944996,0.155070,-149.921488,-15.839790,-2.384300
33.02000,3.854029,-0.996692,-155.862036,-16.357411,-2.629150
33.02500,4.702282,-2.824541,-154.318740,-18.406286,-2.894716
33.03000,5.476377,-4.410529,-153.149622,-22.196640,-3.071349
33.03500,6.164106,-6.152263,-150.036953,-20.668133,-3.161516
33.04000,6.754623,-6.541128,-156.847506,-20.450668,-3.211147
33.04500,7.238616,-7.492453,-146.300074,-21.421412,-3.165418
33.05000,7.608452,-9.976477,-132.110919,-19.528595,-3.168296
33.05500,7.858298,-9.850153,-126.164667,-21.195690,-3.014540
33.06000,7.984214,-10.888438,-107.983397,-18.951058,-3.040089
33.06500,7.984214,-11.897289,-93.204539,-19.986603,-2.631044
33.07000,7.858298,-11.055689,-85.522056,-17.043441,-2.291926
33.07500,7.608452,-11.741485,-68.118514,-15.904442,-2.162286
33.08000,7.238616,-11.112927,-47.585519,-14.408312,-2.000590
33.08500,6.754623,-12.103634,-31.952098,-12.531304,-1.376713
33.09000,6.164106,-11.606623,-9.604985,-8.336602,-1.168290
33.09500,5.476377,-11.480857,8.985203,-5.551857,-1.038138
33.10000,4.702282,-10.124764,37.099098,-4.149392,-0.357687
33.10500,3.854029,-9.961548,48.608317,-2.155174,0.135996
33.11000,2.944996,-8.382413,64.291157,0.974911,0.525609
33.11500,1.989519,-6.633618,83.960804,5.563570,1.014953
33.12000,1.002666,-5.617795,100.741297,5.878061,1.344562
33.12500,0.000000,-4.085050,105.201405,11.099562,1.666671
33.13000,-1.002666,-2.997485,121.837887,10.159536,1.804225
33.13500,-1.989519,-1.263843,131.032577,14.578131,2.204076
33.14000,-2.944996,-0.124132,144.380538,16.949600,2.610530
33.14500,-3.854029,0.910515,153.179701,19.260703,2.897559
33.15000,-4.702282,3.098562,151.120699,18.716635,2.921993
33.15500,-5.476377,4.309745,149.285558,19.402451,3.108910
33.16000,-6.164106,5.374790,157.485198,19.391065,3.312012
33.16500,-6.754623,6.522104,149.027900,22.535832,3.120695
33.17000,-7.238616,8.627836,144.504041,21.407329,3.109334
33.17500,-7.608452,8.499492,138.560376,20.763501,3.219588
33.18000,-7.858298,9.720264,129.744081,20.214358,3.156330
33.18500,-7.984214,10.937241,111.182701,20.075428,2.923329
33.19000,-7.984214,11.598665,94.826778,18.579809,2.535916
33.19500,-7.858298,11.828570,78.102574,18.386506,2.514187
33.20000,-7.608452,11.313047,61.950429,12.697087,2.089039
33.20500,-7.238616,12.378647,48.135758,14.149568,1.959013
33.21000,-6.754623,11.709670,39.705254,10.289171,1.527536
33.21500,-6.164106,10.790779,11.038189,8.391625,1.182507
33.22000,-5.476377,11.282879,-12.952876,5.552664,0.820042
33.22500,-4.702282,10.085581,-30.662766,3.161315,0.292152
33.23000,-3.854029,8.500031,-50.467889,1.429665,0.008381
33.23500,-2.944996,7.143144,-73.116575,-1.916449,-0.367572
33.24000,-1.989519,7.004948,-84.398630,-6.549071,-0.861384
33.24500,-1.002666,5.547719,-98.651584,-7.560711,-1.164997
33.25000,-0.000000,4.558614,-113.726282,-10.096908,-1.735030
33.25500,1.002666,3.081726,-130.078282,-11.894774,-1.932261
33.26000,1.989519,1.227518,-137.382323,-14.433181,-2.315079
33.26500,2.944996,0.219761,-148.459886,-16.501173,-2.721783
33.27000,3.854029,-1.363445,-152.993037,-16.880451,-2.873004
33.27500,4.702282,-3.364427,-162.682034,-20.734271,-3.114298
33.28000,5.476377,-4.045502,-153.347679,-18.002046,-3.265170
33.28500,6.164106,-5.647062,-156.347252,-21.963136,-3.300259
33.29000,6.754623,-7.077277,-162.264908,-22.939171,-3.250257
33.29500,7.238616,-8.023439,-146.216040,-20.900872,-3.381168
33.30000,7.608452,-9.528709,-134.109962,-20.303469,-3.279023
33.30500,7.858298,-10.413840,-113.956884,-19.501679,-3.327116
33.31000,7.984214,-10.865137,-117.395980,-18.333969,-3.011314
33.31500,7.984214,-11.765067,-92.880104,-18.239744,-2.700517
33.32000,7.858298,-11.144832,-87.460328,-17.187490,-2.483532
33.32500,7.608452,-11.858059,-62.092848,-15.017507,-2.225579
33.33000,7.238616,-11.670989,-44.957130,-13.413771,-1.998093
33.33500,6.754623,-11.054137,-29.798830,-11.785414,-1.685334
33.34000,6.164106,-10.828889,-14.118080,-6.847455,-1.215942
33.34500,5.476377,-10.015252,5.851578,-4.030674,-0.938486
33.35000,4.702282,-10.501399,34.039250,-3.477185,-0.514785
33.35500,3.854029,-8.602295,54.782245,-1.036331,0.120433
33.36000,2.944996,-8.417157,65.743244,1.388435,0.354823
33.36500,1.989519,-7.179522,83.061072,2.694797,1.035576
33.37000,1.002666,-5.743436,97.020032,6.491631,1.113792
33.37500,0.000000,-4.436689,114.402979,9.187746,1.676325
33.38000,-1.002666,-3.050371,124.422728,12.119943,1.869798
33.38500,-1.989519,-1.440462,141.358205,13.135189,2.324281
33.39000,-2.944996,0.554844,148.874148,14.018170,2.488363
33.39500,-3.854029,0.542158,153.194573,18.677779,2.839261
33.40000,-4.702282,2.318527,150.818648,21.320148,3.018701
33.40500,-5.476377,3.816279,150.048852,17.915985,3.140570
33.41000,-6.164106,5.830602,152.522915,21.008160,3.337085
33.41500,-6.754623,7.028458,156.604368,22.601035,3.485181
33.42000,-7.238616,8.305146,148.029599,20.333535,3.273504
33.42500,-7.608452,9.954892,135.905187,19.769180,3.364069
33.43000,-7.858298,10.085283,129.716904,20.896831,3.177327
33.43500,-7.984214,10.223323,115.819876,19.668469,3.008679
33.44000,-7.984214,11.540658,95.372370,17.966073,3.024534
33.44500,-7.858298,12.486373,89.422059,19.101162,2.342863
33.45000,-7.608452,12.749903,70.543544,17.135301,2.201620
33.45500,-7.238616,11.924438,42.809701,14.112287,1.764854
33.46000,-6.754623,11.832613,27.368999,11.020337,1.558138
33.46500,-6.164106,11.538727,12.693593,8.293884,1.186353
33.47000,-5.476377,11.101785,-3.516229,7.146148,1.188070
33.47500,-4.702282,10.082785,-24.356716,3.184249,0.432653
33.48000,-3.854029,9.069766,-52.798788,2.484451,0.158550
33.48500,-2.944996,8.873792,-69.129262,-0.518650,-0.308161
33.49000,-1.989519,7.712557,-78.971318,-5.369923,-0.891055
33.49500,-1.002666,5.829941,-102.924817,-6.392350,-1.196698
33.50000,-0.000000,4.226783,-113.072863,-7.951483,-1.455763
33.50500,1.002666,2.783755,-128.066050,-11.361573,-1.955596
33.51000,1.989519,1.094927,-134.742526,-15.383367,-2.272249
33.51500,2.944996,-0.439390,-151.098198,-16.520269,-2.526993
33.52000,3.854029,-1.550148,-156.888090,-18.275833,-2.969293
33.52500,4.702282,-3.210672,-159.138000,-19.126226,-3.099197
33.53000,5.476377,-4.235666,-148.004142,-20.314756,-3.136068
33.53500,6.164106,-5.921483,-146.782268,-21.524874,-3.216115
33.54000,6.754623,-7.361582,-143.688650,-20.539802,-3.410540
33.54500,7.238616,-8.307329,-147.575067,-20.049253,-3.348160
33.55000,7.608452,-10.204577,-140.616209,-22.032019,-3.272593
33.55500,7.858298,-9.925721,-124.480889,-22.503286,-3.168276
33.56000,7.984214,-10.904682,-114.931229,-19.426126,-2.927499
33.56500,7.984214,-10.806812,-104.009662,-18.617216,-2.781512
33.57000,7.858298,-11.930594,-81.168217,-16.601151,-2.527290
33.57500,7.608452,-12.005892,-70.503956,-16.089978,-2.395722
33.58000,7.238616,-12.323548,-43.144519,-12.908183,-2.035802
33.58500,6.754623,-10.921726,-27.836945,-12.057444,-1.544790
33.59000,6.164106,-11.292795,-10.902371,-7.294219,-1.355591
33.59500,5.476377,-10.361213,4.621811,-4.039735,-0.772283
33.60000,4.702282,-10.278525,29.419724,-4.427221,-0.453798
33.60500,3.854029,-9.024581,48.557847,-3.658908,-0.051837
33.61000,2.944996,-8.626658,69.448916,1.527307,0.509611
33.61500,1.989519,-7.339290,84.357968,4.177565,0.787545
33.62000,1.002666,-5.946458,99.653718,7.640139,1.165450
33.62500,-0.000000,-4.829758,108.524146,9.939376,1.559762
33.63000,-1.002666,-2.742957,123.957315,12.841239,1.983008
33.63500,-1.989519,-1.223006,137.066098,17.588396,2.569463
33.64000,-2.944996,0.418940,147.082881,15.700229,2.368913
33.64500,-3.854029,1.063683,150.099715,17.588805,2.819699
33.65000,-4.702282,2.676129,148.758273,19.921452,2.995267
33.65500,-5.476377,4.327065,151.377290,18.342893,3.263813
33.66000,-6.164106,5.973754,152.682704,22.184303,3.232284
33.66500,-6.754623,6.467174,153.380460,20.969939,3.071753
33.67000,-7.238616,8.034346,143.530946,20.108473,3.444961
33.67500,-7.608452,9.596994,131.842652,20.545478,3.148299
33.68000,-7.858298,10.107831,125.354057,21.529050,3.142781
33.68500,-7.984214,10.754310,112.621998,21.004408,2.855035
33.69000,-7.984214,10.899262,104.722188,20.244707,2.677235
33.69500,-7.858298,11.603494,83.008665,17.771310,2.487789
33.70000,-7.608452,12.218205,63.518539,14.617561,2.333359
33.70500,-7.238616,12.356751,47.443292,14.068316,2.007297
33.71000,-6.754623,11.077617,30.587961,11.074660,1.508946
33.71500,-6.164106,11.556247,1.299890,11.470168,1.238480
33.72000,-5.476377,10.698236,-12.180514,3.775111,0.752790
33.72500,-4.702282,9.748637,-34.342441,5.400043,0.389734
33.73000,-3.854029,10.000281,-51.544966,1.705100,-0.023344
33.73500,-2.944996,8.498101,-68.771234,-1.441066,-0.393834
33.74000,-1.989519,6.633363,-78.580472,-4.717109,-0.926429
33.74500,-1.002666,5.392200,-97.101084,-7.883271,-1.274494
33.75000,-0.000000,4.522080,-113.195735,-10.855907,-1.616002
33.75500,1.002666,2.420164,-131.243050,-13.896394,-1.979272
33.76000,1.989519,1.462150,-136.085981,-11.853186,-2.386875
33.76500,2.944996,0.247856,-143.296146,-15.067424,-2.419210
33.77000,3.854029,-1.993685,-158.157503,-17.048342,-2.878608
33.77500,4.702282,-2.863997,-162.294328,-18.800301,-2.954972
33.78000,5.476377,-4.191347,-151.032866,-22.546937,-3.159927
33.78500,6.164106,-5.998504,-150.735434,-21.397065,-3.158447
33.79000,6.754623,-6.853589,-151.081574,-21.358745,-3.545449
33.79500,7.238616,-7.900341,-140.993870,-20.237193,-3.119724
33.80000,7.608452,-9.031121,-132.948412,-22.506311,-3.288368
33.80500,7.858298,-10.366994,-116.343016,-20.426873,-3.281581
33.81000,7.984214,-10.478778,-125.175158,-20.101658,-2.988279
33.81500,7.984214,-11.520477,-97.925295,-18.553741,-2.571327
33.82000,7.858298,-11.683792,-78.579950,-17.969152,-2.496395
33.82500,7.608452,-11.939338,-64.876492,-14.836273,-2.379932
33.83000,7.238616,-11.974325,-50.809037,-13.120379,-1.978551
33.83500,6.754623,-12.609721,-34.519841,-13.144012,-1.444263
33.84000,6.164106,-11.002694,-3.960964,-7.117026,-1.336703
33.84500,5.476377,-10.684966,18.631436,-3.404497,-0.815937
33.85000,4.702282,-10.110362,21.341634,-4.333578,-0.415742
33.85500,3.854029,-9.036451,43.945813,0.747702,0.246828
33.86000,2.944996,-8.432419,69.384728,0.988038,0.419210
33.86500,1.989519,-7.168401,87.387812,4.207609,0.988973
33.87000,1.002666,-5.637961,97.341608,9.499556,1.187239
33.87500,0.000000,-5.363267,107.978433,10.182770,1.551314
33.88000,-1.002666,-3.361272,130.996129,14.068027,2.082055
33.88500,-1.989519,-1.826497,142.497301,14.797949,2.363643
33.89000,-2.944996,-0.208151,137.341200,17.568255,2.412947
33.89500,-3.854029,1.197319,151.330105,17.869629,2.891027
33.90000,-4.702282,2.578268,156.804187,21.128397,3.089163
33.90500,-5.476377,4.424129,155.656997,22.629159,3.114203
33.91000,-6.164106,6.006920,160.297711,22.100418,3.297176
33.91500,-6.754623,7.146241,152.253622,21.079212,3.350355
33.92000,-7.238616,8.540443,147.021651,21.400506,3.271066
33.92500,-7.608452,9.368015,137.512467,20.476953,3.204732
33.93000,-7.858298,10.650196,119.974917,21.695599,3.088157
33.93500,-7.984214,11.425605,122.690034,20.678900,2.970118
33.94000,-7.984214,11.156042,96.626300,18.022906,2.659819
33.94500,-7.858298,11.394212,83.085186,18.380788,2.538681
33.95000,-7.608452,11.678658,71.348206,14.836884,2.104938
33.95500,-7.238616,11.786002,50.587241,15.593028,1.936237
33.96000,-6.754623,12.042334,27.900940,12.181638,1.565072
33.96500,-6.164106,11.592524,0.105679,10.648610,1.090329
33.97000,-5.476377,10.921830,-10.346955,5.399130,0.879142
33.97500,-4.702282,9.845825,-25.151966,2.410184,0.575398
33.98000,-3.854029,9.070238,-49.544788,-1.270586,0.096941
33.98500,-2.944996,8.136030,-73.143286,-1.108744,-0.587846
33.99000,-1.989519,7.153500,-79.066851,-5.866574,-0.735363
33.99500,-1.002666,4.574527,-90.818846,-5.604275,-1.236748
34.00000,-0.000000,4.543301,-110.063440,-9.505410,-1.640415
34.00500,1.002666,3.214448,-122.180202,-11.129535,-2.045315
34.01000,1.989519,1.245265,-144.442566,-15.672550,-2.306431
34.01500,2.944996,0.617768,-147.834669,-16.796309,-2.451015
34.02000,3.854029,-1.148534,-161.327911,-17.562963,-2.777525
34.02500,4.702282,-2.655769,-150.867724,-18.307333,-3.070757
34.03000,5.476377,-5.017636,-153.871410,-21.753993,-3.246400
34.03500,6.164106,-5.412647,-165.625868,-20.615966,-3.321296
34.04000,6.754623,-6.946130,-148.561545,-22.409890,-3.270055
34.04500,7.238616,-8.091771,-140.798489,-20.588125,-3.138823
34.05000,7.608452,-10.140026,-140.250718,-21.546138,-3.373135
34.05500,7.858298,-10.728098,-127.234903,-21.036306,-3.160347
34.06000,7.984214,-10.952299,-107.327610,-19.260319,-3.040791
34.06500,7.984214,-11.934547,-105.212563,-17.186645,-2.872418
34.07000,7.858298,-11.237295,-81.565092,-17.286217,-2.509037
34.07500,7.608452,-12.423813,-61.911533,-13.777926,-2.204683
34.08000,7.238616,-11.671728,-46.783225,-14.324861,-2.075603
34.08500,6.754623,-11.644691,-30.386096,-10.580136,-1.682509
34.09000,6.164106,-10.275314,-8.534432,-9.786299,-1.080914
34.09500,5.476377,-10.858637,12.246828,-5.671215,-0.769213
34.10000,4.702282,-9.556473,33.001602,-4.322317,-0.337476
34.10500,3.854029,-9.462990,55.495918,-0.506690,-0.021584
34.11000,2.944996,-8.725986,60.650649,2.901656,0.407444
34.11500,1.989519,-6.962141,83.791136,3.746315,0.900695
34.12000,1.002666,-5.320231,99.311413,5.447308,1.202148
34.12500,-0.000000,-4.704013,120.806621,9.787432,1.517897
34.13000,-1.002666,-2.631800,121.617802,12.945923,1.978947
34.13500,-1.989519,-1.342069,144.311110,14.763988,2.388349
34.14000,-2.944996,-0.074189,141.819888,15.367154,2.479443
34.14500,-3.854029,1.506063,147.949084,19.069035,2.929149
34.15000,-4.702282,2.955455,149.139998,19.150563,3.091755
34.15500,-5.476377,4.084658,155.321647,21.463774,3.086598
34.16000,-6.164106,5.755815,152.833034,20.309126,3.273046
34.16500,-6.754623,7.141036,151.506820,22.278635,3.316562
34.17000,-7.238616,7.833107,144.199874,23.222987,3.379556
34.17500,-7.608452,8.103048,139.417163,20.830558,3.326401
34.18000,-7.858298,10.320184,127.769137,20.670800,3.023155
34.18500,-7.984214,10.511290,103.189985,20.811128,2.861011
34.19000,-7.984214,11.577308,103.974871,19.462955,2.891921
34.19500,-7.858298,11.381462,83.225566,17.738555,2.552026
34.20000,-7.608452,12.084814,65.753749,15.381636,2.293062
34.20500,-7.238616,11.841679,45.530147,11.664330,1.960100
34.21000,-6.754623,11.622948,32.490211,11.221375,1.723746
34.21500,-6.164106,11.366828,7.727703,7.299315,1.072151
34.22000,-5.476377,10.987442,-5.746285,6.332755,0.901045
34.22500,-4.702282,9.407093,-34.684803,0.858221,0.300408
34.23000,-3.854029,9.754905,-41.985608,2.529329,0.036258
34.23500,-2.944996,8.638196,-61.614337,0.343408,-0.319922
34.24000,-1.989519,7.202317,-89.326557,-4.041317,-0.999844
34.24500,-1.002666,5.136982,-96.685799,-8.160338,-1.219148
34.25000,-0.000000,4.792944,-116.533937,-10.032172,-1.663114
34.25500,1.002666,3.022213,-131.813598,-10.999032,-2.015215
34.26000,1.989519,2.217657,-139.312722,-13.421649,-2.301716
34.26500,2.944996,-0.142628,-144.966244,-16.925066,-2.693379
34.27000,3.854029,-1.533166,-154.277376,-16.397978,-2.927071
34.27500,4.702282,-2.530392,-153.012564,-18.341037,-2.964251
34.28000,5.476377,-5.240850,-151.241631,-19.646767,-3.095777
34.28500,6.164106,-5.889059,-161.002258,-21.439976,-3.335778
34.29000,6.754623,-7.074194,-159.548741,-21.464346,-3.472053
34.29500,7.238616,-9.111573,-145.488150,-22.375196,-3.094378
34.30000,7.608452,-9.586978,-135.993804,-21.081535,-3.158462
34.30500,7.858298,-9.994204,-125.846436,-21.474084,-3.123803
34.31000,7.984214,-10.682976,-110.571199,-18.431381,-3.103717
34.31500,7.984214,-10.704301,-96.896507,-18.509511,-2.854406
34.32000,7.858298,-11.373029,-91.576515,-16.782357,-2.523673
34.32500,7.608452,-12.506859,-66.305511,-14.844577,-2.353574
34.33000,7.238616,-11.643651,-51.599741,-12.812737,-1.775149
34.33500,6.754623,-11.627619,-29.767304,-12.581341,-1.565064
34.34000,6.164106,-11.374830,-15.443599,-7.023848,-1.159698
34.34500,5.476377,-11.339194,12.171152,-5.830623,-0.901503
34.35000,4.702282,-9.390664,28.945810,-3.919858,-0.478022
34.35500,3.854029,-8.557115,45.860131,-1.692481,-0.048718
34.36000,2.944996,-8.130023,60.691782,1.364154,0.473588
34.36500,1.989519,-7.433641,90.610119,4.137461,0.829929
34.37000,1.002666,-6.301661,103.486135,7.478592,1.223969
34.37500,0.000000,-4.936933,116.502702,8.970788,1.660245
34.38000,-1.002666,-2.685266,123.404984,12.441134,2.002160
34.38500,-1.989519,-2.272893,133.007855,14.638298,2.446019
34.39000,-2.944996,0.393261,151.433746,15.599452,2.563211
34.39500,-3.854029,1.354845,149.075018,20.628478,2.725050
34.40000,-4.702282,3.049536,158.317764,19.324768,3.021778
34.40500,-5.476377,4.649121,164.335509,20.935402,3.317553
34.41000,-6.164106,6.682153,147.694719,21.438003,3.218413
34.41500,-6.754623,7.277797,145.360856,21.554182,3.326236
34.42000,-7.238616,8.068908,146.604374,22.607052,3.282042
34.42500,-7.608452,9.326968,129.585556,23.168081,3.300843
34.43000,-7.858298,10.120118,124.434569,20.897127,3.178308
34.43500,-7.984214,10.809128,111.128327,19.067885,2.915279
34.44000,-7.984214,11.397728,102.732086,19.457183,2.767763
34.44500,-7.858298,11.328021,77.514643,14.805174,2.634063
34.45000,-7.608452,12.062418,66.601406,15.675671,2.360034
34.45500,-7.238616,11.384473,50.284159,13.232699,2.018268
34.46000,-6.754623,12.224519,23.942638,11.572905,1.657152
34.46500,-6.164106,11.239695,4.879977,7.023055,1.159250
34.47000,-5.476377,10.369154,-6.331916,5.698737,0.757320
34.47500,-4.702282,10.400544,-26.492768,2.355797,0.473306
34.48000,-3.854029,9.532709,-55.444899,0.203706,-0.151301
34.48500,-2.944996,8.274352,-73.364805,-1.220029,-0.458505
34.49000,-1.989519,6.456836,-77.109255,-4.823014,-1.045643
34.49500,-1.002666,5.277615,-99.398224,-7.905652,-1.296472
34.50000,-0.000000,4.677480,-116.852349,-8.353761,-1.705214
34.50500,1.002666,3.954157,-126.398586,-12.056030,-2.105169
34.51000,1.989519,1.658691,-137.639460,-16.567830,-2.248991
34.51500,2.944996,0.174346,-143.526637,-17.366245,-2.661702
34.52000,3.854029,-1.206268,-144.944193,-17.363818,-2.867906
34.52500,4.702282,-3.280600,-149.162771,-18.726431,-3.054952
34.53000,5.476377,-3.901172,-159.163841,-20.063893,-3.252180
34.53500,6.164106,-5.977404,-157.100682,-20.784497,-3.139742
34.54000,6.754623,-6.976757,-152.735890,-22.555806,-3.376717
34.54500,7.238616,-8.489985,-138.179898,-21.719914,-3.304645
34.55000,7.608452,-9.687736,-132.022858,-22.730322,-3.396128
34.55500,7.858298,-10.396355,-134.150117,-21.736441,-3.206233
34.56000,7.984214,-11.193541,-115.361509,-20.905397,-3.033797
34.56500,7.984214,-11.537872,-101.326041,-19.591313,-2.827176
34.57000,7.858298,-11.121241,-78.469854,-17.491006,-2.605420
34.57500,7.608452,-11.829006,-61.058567,-15.561651,-2.244650
34.58000,7.238616,-12.188229,-50.028822,-14.183850,-1.780646
34.58500,6.754623,-11.607518,-33.067138,-9.767462,-1.591858
34.59000,6.164106,-11.644681,-8.777065,-9.111323,-1.212468
34.59500,5.476377,-10.400418,12.370797,-4.255794,-0.838280
34.60000,4.702282,-9.820170,30.681869,-2.215583,-0.138936
34.60500,3.854029,-9.414515,43.826254,-2.053864,0.187813
34.61000,2.944996,-8.263717,65.745074,3.085849,0.500916
34.61500,1.989519,-7.060459,86.376538,3.144739,0.925340
34.62000,1.002666,-6.241666,101.306877,9.036303,1.182603
34.62500,-0.000000,-4.940266,116.519881,10.248251,1.613985
34.63000,-1.002666,-3.096612,122.941097,11.073149,2.000558
34.63500,-1.989519,-1.934907,135.208387,11.847696,2.311164
34.64000,-2.944996,-0.076035,145.737758,15.835640,2.498450
34.64500,-3.854029,1.783885,138.818123,16.409780,2.748466
34.65000,-4.702282,2.823154,153.755149,20.614780,3.073669
34.65500,-5.476377,4.586243,158.286615,19.004832,3.203838
34.66000,-6.164106,6.430956,156.571629,20.933936,3.066007
34.66500,-6.754623,6.806811,149.146306,22.190218,3.330614
34.67000,-7.238616,8.736232,144.224297,21.725349,3.442441
34.67500,-7.608452,8.843647,139.505504,21.758136,3.197645
34.68000,-7.858298,9.602680,125.459300,20.579410,3.176754
34.68500,-7.984214,10.877750,107.151556,20.773967,2.852531
34.69000,-7.984214,11.299003,101.006330,17.634947,2.872304
34.69500,-7.858298,11.144425,76.058197,17.831751,2.431931
34.70000,-7.608452,12.472075,62.409933,13.991428,2.129328
34.70500,-7.238616,12.300936,56.523226,13.536667,1.896435
34.71000,-6.754623,11.371310,30.030828,9.769094,1.805250
34.71500,-6.164106,11.322145,12.786328,8.417751,1.132363
34.72000,-5.476377,10.824634,-7.913380,6.761553,0.669497
34.72500,-4.702282,9.631390,-26.471595,4.847843,0.427414
34.73000,-3.854029,9.396425,-48.273427,-1.359428,-0.012942
34.73500,-2.944996,7.684450,-63.624419,-2.896937,-0.289593
34.74000,-1.989519,6.376393,-83.684116,-5.829193,-0.986967
34.74500,-1.002666,6.412730,-103.561608,-5.933080,-1.415296
34.75000,-0.000000,4.205569,-112.688368,-10.827912,-1.666267
34.75500,1.002666,2.725253,-126.083479,-11.369960,-1.948932
34.76000,1.989519,1.469119,-133.267453,-14.929824,-2.270577
34.76500,2.944996,-0.233604,-140.505600,-17.926704,-2.482347
34.77000,3.854029,-0.559510,-145.429465,-17.814254,-2.978050
34.77500,4.702282,-2.728607,-158.721881,-20.643297,-3.110208
34.78000,5.476377,-4.006001,-154.841786,-19.579304,-3.192234
34.78500,6.164106,-5.347432,-147.575197,-20.231842,-3.196881
34.79000,6.754623,-6.112660,-153.373725,-20.082209,-3.280953
34.79500,7.238616,-9.067365,-147.870208,-22.871702,-3.365024
34.80000,7.608452,-8.865099,-138.559018,-19.641148,-3.367444
34.80500,7.858298,-10.001523,-128.512111,-19.749258,-3.072603
34.81000,7.984214,-10.771712,-116.852433,-22.005396,-2.908316
34.81500,7.984214,-10.885439,-92.436393,-16.158756,-2.530136
34.82000,7.858298,-11.490477,-85.451851,-15.240602,-2.564999
34.82500,7.608452,-12.651990,-65.578306,-16.574924,-2.098923
34.83000,7.238616,-11.848571,-52.108553,-12.959753,-2.052400
34.83500,6.754623,-11.838211,-19.943830,-12.630940,-1.631815
34.84000,6.164106,-10.946350,-13.586324,-8.814038,-1.264886
34.84500,5.476377,-11.713110,4.797115,-5.882447,-0.845041
34.85000,4.702282,-9.877825,33.708491,-2.724413,-0.474082
34.85500,3.854029,-9.202974,45.981537,-1.672761,-0.023908
34.86000,2.944996,-7.969226,67.435779,1.969557,0.441099
34.86500,1.989519,-6.924818,90.803634,3.620625,0.812194
34.87000,1.002666,-6.678761,94.757660,7.752748,1.317533
34.87500,0.000000,-4.179300,121.304715,10.579883,1.621093
34.88000,-1.002666,-3.051158,124.464706,12.246211,1.979975
34.88500,-1.989519,-1.885744,125.564686,15.642538,2.444317
34.89000,-2.944996,0.325903,145.877945,17.119215,2.613837
34.89500,-3.854029,1.421120,149.217425,18.350489,2.840552
34.90000,-4.702282,3.597341,149.191521,20.651288,3.021336
34.90500,-5.476377,4.791869,166.413433,18.966798,3.179487
34.91000,-6.164106,5.256180,152.915756,21.120552,3.329649
34.91500,-6.754623,7.308196,143.301799,19.549551,3.243036
34.92000,-7.238616,8.148672,144.727626,21.660697,3.430036
34.92500,-7.608452,9.173160,140.918448,20.886709,3.415457
34.93000,-7.858298,10.012983,129.584104,21.790660,3.266531
34.93500,-7.984214,11.224265,112.436789,19.408055,2.947378
34.94000,-7.984214,11.035843,97.364171,17.945468,2.634347
34.94500,-7.858298,11.926468,82.013267,17.045197,2.498735
34.95000,-7.608452,11.310630,60.915131,15.202187,2.267529
34.95500,-7.238616,12.084900,49.535929,13.906099,2.008961
34.96000,-6.754623,11.250258,30.151729,10.052420,1.554622
34.96500,-6.164106,10.880415,15.095328,6.903474,1.162720
34.97000,-5.476377,10.839135,-14.523748,4.234074,0.942847
34.97500,-4.702282,9.677414,-22.692039,4.737858,0.316439
34.98000,-3.854029,9.716318,-43.820777,-0.758405,0.069210
34.98500,-2.944996,7.787710,-63.108494,-2.562569,-0.363557
34.99000,-1.989519,7.744813,-84.997336,-5.995142,-0.992763
34.99500,-1.002666,6.158676,-96.997496,-6.322391,-1.231336
35.00000,-0.000000,4.504172,-115.496582,-10.492861,-1.689879
35.00500,1.002666,3.297277,-122.388970,-10.773210,-2.079092
35.01000,1.989519,1.647463,-137.193273,-15.158543,-2.487127
35.01500,2.944996,1.034938,-148.643503,-15.933028,-2.742549
35.02000,3.854029,-1.231741,-152.261993,-17.074520,-2.790592
35.02500,4.702282,-3.158668,-159.001708,-18.223258,-3.067217
35.03000,5.476377,-4.189950,-153.096080,-21.801876,-3.152439
35.03500,6.164106,-5.851772,-155.877071,-21.612583,-3.383559
35.04000,6.754623,-7.013681,-154.661430,-21.711035,-3.359084
35.04500,7.238616,-8.390990,-134.729275,-23.818536,-3.350209
35.05000,7.608452,-9.403095,-136.463539,-20.632497,-3.418696
35.05500,7.858298,-9.725569,-120.670751,-20.412299,-3.322311
35.06000,7.984214,-10.821441,-116.039202,-19.354263,-2.958305
35.06500,7.984214,-11.048305,-97.199625,-20.316390,-2.782061
35.07000,7.858298,-11.872104,-85.511296,-16.966081,-2.639026
35.07500,7.608452,-11.978373,-63.183028,-14.874536,-2.268262
35.08000,7.238616,-12.144096,-46.271987,-12.147146,-1.868570
35.08500,6.754623,-11.238547,-19.053962,-11.685535,-1.398710
35.09000,6.164106,-10.726384,-18.766679,-7.873880,-1.285461
35.09500,5.476377,-10.891981,10.598731,-3.825311,-0.738960
35.10000,4.702282,-9.768969,36.546006,-3.934478,-0.180179
35.10500,3.854029,-9.853320,40.923159,-1.193813,0.035980
35.11000,2.944996,-8.759749,70.670365,1.632102,0.590474
35.11500,1.989519,-6.779859,84.360847,2.976988,0.602670
35.12000,1.002666,-6.535365,101.628254,6.898771,1.394971
35.12500,-0.000000,-3.311417,111.597343,11.697198,1.628342
35.13000,-1.002666,-2.616467,124.665190,11.097550,1.796013
35.13500,-1.989519,-0.842364,129.363993,14.102683,2.376238
35.14000,-2.944996,-0.093293,143.359513,17.637411,2.685961
35.14500,-3.854029,0.885852,150.198945,18.583055,2.944031
35.15000,-4.702282,2.556582,151.715360,19.584998,3.140995
35.15500,-5.476377,3.994303,162.734825,20.021466,3.170458
35.16000,-6.164106,6.068070,155.336853,21.039048,3.199994
35.16500,-6.754623,6.564175,156.246226,21.615247,3.276524
35.17000,-7.238616,7.819950,146.580248,22.485329,3.314298
35.17500,-7.608452,9.837998,132.223951,21.529347,3.301127
35.18000,-7.858298,9.577534,125.362352,21.933355,3.106109
35.18500,-7.984214,10.549110,112.802155,17.776226,3.000438
35.19000,-7.984214,11.937334,97.267088,19.640822,2.876780
35.19500,-7.858298,12.789245,87.128988,16.555634,2.573583
35.20000,-7.608452,11.268839,68.834273,15.380136,2.477752
35.20500,-7.238616,10.955498,46.477351,12.835629,2.139614
35.21000,-6.754623,11.487877,30.857436,11.813011,1.459801
35.21500,-6.164106,11.498358,5.719149,8.509030,1.136763
35.22000,-5.476377,10.847023,-12.279400,6.803420,0.665032
35.22500,-4.702282,9.916010,-24.239023,2.495002,0.267785
35.23000,-3.854029,8.736016,-44.063098,0.928735,0.018318
35.23500,-2.944996,8.598641,-63.027787,-0.598583,-0.549846
35.24000,-1.989519,6.880025,-77.328737,-3.421552,-0.965153
35.24500,-1.002666,5.556755,-99.669295,-7.736253,-1.285157
35.25000,0.000000,4.489248,-115.180422,-9.663482,-1.556500
35.25500,1.002666,3.649415,-125.339577,-12.601907,-2.020935
35.26000,1.989519,1.644460,-132.716012,-14.469600,-2.340684
35.26500,2.944996,1.148033,-139.336279,-16.241725,-2.498510
35.27000,3.854029,-1.563152,-151.174394,-16.538740,-2.784861
35.27500,4.702282,-2.652590,-155.072060,-18.653553,-2.984251
35.28000,5.476377,-5.232108,-151.163088,-18.729730,-3.086009
35.28500,6.164106,-5.974054,-152.393388,-19.404323,-3.378797
35.29000,6.754623,-6.986638,-150.123005,-23.063394,-3.306440
35.29500,7.238616,-8.431414,-147.940333,-21.337960,-3.385902
35.30000,7.608452,-9.500158,-137.115107,-21.953931,-3.166131
35.30500,7.858298,-10.296145,-125.393050,-22.710457,-3.078949
35.31000,7.984214,-11.200295,-112.446074,-21.172578,-3.104251
35.31500,7.984214,-11.579890,-98.930182,-19.273927,-2.664900
35.32000,7.858298,-11.704344,-78.695190,-15.240315,-2.662456
35.32500,7.608452,-11.776444,-65.388845,-15.265474,-2.143185
35.33000,7.238616,-12.389415,-48.613058,-13.537120,-1.913403
35.33500,6.754623,-11.845309,-30.046495,-11.103751,-1.664188
35.34000,6.164106,-11.728529,-7.709492,-9.505676,-1.308472
35.34500,5.476377,-10.465539,12.608455,-5.880986,-0.829458
35.35000,4.702282,-9.402183,32.218707,-3.525169,-0.390415
35.35500,3.854029,-9.168588,51.079867,-2.581442,-0.040485
35.36000,2.944996,-8.052578,64.901740,1.407488,0.501916
35.36500,1.989519,-7.185254,89.383638,8.571999,0.718471
35.37000,1.002666,-5.602207,95.451083,8.055788,1.252043
35.37500,0.000000,-4.537225,105.494346,9.721789,1.629397
35.38000,-1.002666,-3.552864,129.671720,12.947290,1.795794
35.38500,-1.989519,-1.027055,140.062956,13.220995,2.330173
35.39000,-2.944996,0.893108,142.255608,16.371864,2.458460
35.39500,-3.854029,1.716769,149.486032,18.949332,2.579275
35.40000,-4.702282,2.931284,158.980301,17.489633,2.962725
35.40500,-5.476377,4.564436,160.237974,19.575982,3.150792
35.41000,-6.164106,6.432403,152.491915,20.723971,3.362488
35.41500,-6.754623,6.808010,148.519840,21.289079,3.273786
35.42000,-7.238616,8.475608,147.375665,21.115569,3.462890
35.42500,-7.608452,9.275612,142.198298,21.761817,3.403036
35.43000,-7.858298,9.181606,135.112114,22.027299,3.261048
35.43500,-7.984214,10.673719,113.999757,20.334057,3.126095
35.44000,-7.984214,11.622262,100.992912,19.879069,2.825159
35.44500,-7.858298,11.914765,79.736319,18.373509,2.486632
35.45000,-7.608452,11.913226,65.240796,14.693113,2.316333
35.45500,-7.238616,11.446661,37.504711,13.645939,2.023123
35.46000,-6.754623,11.896214,20.785890,10.653051,1.596030
35.46500,-6.164106,11.498393,14.307358,9.408216,1.168254
35.47000,-5.476377,11.106003,-8.860189,5.691645,0.638823
35.47500,-4.702282,10.912400,-32.623070,3.220079,0.448812
35.48000,-3.854029,9.302575,-44.102480,2.662393,-0.000707
35.48500,-2.944996,8.721709,-67.601934,-2.207964,-0.580910
35.49000,-1.989519,7.312947,-86.256402,-6.481165,-0.852531
35.49500,-1.002666,7.002558,-103.235723,-7.178784,-1.187399
35.50000,-0.000000,4.699692,-114.910883,-9.479581,-1.646070
35.50500,1.002666,4.170905,-120.075634,-12.744702,-1.908746
35.51000,1.989519,1.167272,-139.022844,-14.242260,-2.231169
35.51500,2.944996,-0.422556,-136.993171,-15.085615,-2.734725
35.52000,3.854029,-1.210592,-148.661275,-18.517511,-2.861106
35.52500,4.702282,-2.948531,-150.124140,-19.530076,-2.981343
35.53000,5.476377,-3.772711,-156.045365,-21.210610,-3.088796
35.53500,6.164106,-5.344252,-160.147238,-20.787269,-3.140069
35.54000,6.754623,-6.609970,-146.979617,-21.738146,-3.517216
35.54500,7.238616,-8.447238,-149.490940,-22.738614,-3.330207
35.55000,7.608452,-9.164339,-131.927274,-21.607896,-3.196502
35.55500,7.858298,-9.684922,-122.247452,-18.750947,-3.038338
35.56000,7.984214,-11.009039,-113.931884,-21.866424,-2.834849
35.56500,7.984214,-11.324965,-102.617484,-20.264426,-2.889020
35.57000,7.858298,-11.201196,-86.241671,-16.770951,-2.584430
35.57500,7.608452,-11.923743,-63.414603,-16.937161,-2.362597
35.58000,7.238616,-11.813810,-51.359460,-11.085709,-1.852818
35.58500,6.754623,-11.220792,-40.901813,-12.760694,-1.709398
35.59000,6.164106,-11.176662,-15.236549,-10.121639,-1.081428
35.59500,5.476377,-11.433668,14.559163,-6.655908,-0.706998
35.60000,4.702282,-10.050557,31.510682,-2.178922,-0.339958
35.60500,3.854029,-9.212497,44.905520,0.218452,-0.185348
35.61000,2.944996,-8.056983,65.235369,2.678282,0.379372
35.61500,1.989519,-6.084140,82.650284,5.060372,0.930373
35.62000,1.002666,-5.300533,109.897103,8.822983,1.112506
35.62500,-0.000000,-4.361868,109.121551,7.769990,1.605506
35.63000,-1.002666,-3.274557,122.612787,12.507098,1.969716
35.63500,-1.989519,-1.164197,136.954553,15.977807,2.387618
35.64000,-2.944996,0.058835,147.022165,15.060527,2.610773
35.64500,-3.854029,2.030900,149.290018,18.316256,2.852423
35.65000,-4.702282,3.092906,158.490992,20.736456,2.979557
35.65500,-5.476377,4.811376,156.307638,21.853778,3.173763
35.66000,-6.164106,5.416538,152.283334,21.037376,3.259975
35.66500,-6.754623,6.952988,148.514154,23.743772,3.393651
35.67000,-7.238616,8.212471,144.235040,22.287648,3.299795
35.67500,-7.608452,8.879005,136.195930,22.679313,3.363357
35.68000,-7.858298,10.278833,127.693183,19.647653,2.985167
35.68500,-7.984214,10.686790,118.693889,19.087934,3.114249
35.69000,-7.984214,11.252310,98.222302,17.848250,2.773649
35.69500,-7.858298,11.493436,86.612111,19.196273,2.653076
35.70000,-7.608452,11.944453,69.497736,12.729833,2.260539
35.70500,-7.238616,11.302102,45.571599,11.252796,2.012090
35.71000,-6.754623,12.186007,19.719038,11.999273,1.720160
35.71500,-6.164106,11.614294,9.653511,8.830717,1.137460
35.72000,-5.476377,11.135823,-9.152774,2.731611,0.801317
35.72500,-4.702282,10.704875,-24.349109,2.989975,0.365126
35.73000,-3.854029,9.416867,-57.457266,0.379180,-0.014967
35.73500,-2.944996,8.151258,-64.322090,-0.620414,-0.612851
35.74000,-1.989519,7.682612,-84.886526,-6.866073,-0.879464
35.74500,-1.002666,5.696919,-98.282737,-7.911447,-1.283559
35.75000,-0.000000,4.567145,-109.203565,-8.599536,-1.713274
35.75500,1.002666,2.164644,-125.120116,-11.291507,-2.005555
35.76000,1.989519,1.368184,-134.468467,-15.360079,-2.458501
35.76500,2.944996,0.085434,-143.973748,-16.570233,-2.450739
35.77000,3.854029,-1.132249,-156.151390,-19.595959,-2.787322
35.77500,4.702282,-2.665156,-153.705798,-17.757426,-2.842974
35.78000,5.476377,-3.913100,-157.740959,-20.881402,-3.266034
35.78500,6.164106,-5.917546,-153.316081,-19.711597,-3.395074
35.79000,6.754623,-7.192390,-158.519088,-20.677845,-3.300039
35.79500,7.238616,-8.032492,-141.918039,-22.681693,-3.488971
35.80000,7.608452,-9.490628,-135.536428,-21.587685,-3.245120
35.80500,7.858298,-10.214863,-126.603805,-20.095121,-3.229152
35.81000,7.984214,-10.755259,-115.005537,-19.408908,-3.034997
35.81500,7.984214,-12.178190,-94.984627,-16.944510,-2.771806
35.82000,7.858298,-12.389509,-81.753844,-15.878247,-2.543386
35.82500,7.608452,-11.749495,-62.885086,-14.976756,-2.074518
35.83000,7.238616,-12.231932,-45.803984,-12.519650,-1.871505
35.83500,6.754623,-11.435438,-30.718476,-11.855554,-1.706707
35.84000,6.164106,-11.589314,-7.910531,-9.298254,-1.101867
35.84500,5.476377,-11.274680,13.917055,-5.375053,-0.932517
35.85000,4.702282,-9.864585,27.907548,-3.017670,-0.380002
35.85500,3.854029,-9.355500,50.807602,-1.940311,-0.094478
35.86000,2.944996,-8.069935,67.627585,1.949818,0.364002
35.86500,1.989519,-7.354069,89.572390,3.827788,0.985863
35.87000,1.002666,-6.143909,100.028795,6.723159,1.197065
35.87500,0.000000,-4.588854,113.848453,11.320239,1.564987
35.88000,-1.002666,-3.354510,123.763746,11.133779,1.923908
35.88500,-1.989519,-1.627813,134.773186,13.619318,2.268140
35.89000,-2.944996,-0.474331,147.222811,16.932825,2.724924
35.89500,-3.854029,1.593918,156.338286,18.050481,2.708021
35.90000,-4.702282,3.252862,148.194318,19.546703,2.900153
35.90500,-5.476377,4.554080,154.133244,18.808683,3.229965
35.91000,-6.164106,5.190519,156.209752,21.177322,3.114772
35.91500,-6.754623,7.510166,153.383677,21.217925,3.284746
35.92000,-7.238616,7.426987,141.902812,20.812223,3.428811
35.92500,-7.608452,9.280124,132.754381,20.839567,3.260492
35.93000,-7.858298,10.124354,125.295638,20.552384,3.104930
35.93500,-7.984214,11.131872,115.857429,20.915929,2.924411
35.94000,-7.984214,11.091353,101.306226,20.858988,2.698951
35.94500,-7.858298,11.543933,81.389976,17.329030,2.482101
35.95000,-7.608452,12.434849,67.812655,17.081126,2.264821
35.95500,-7.238616,12.433175,46.555760,13.490763,2.049628
35.96000,-6.754623,11.351741,27.606887,9.432903,1.666908
35.96500,-6.164106,11.293484,12.951162,8.750235,1.135278
35.97000,-5.476377,10.536011,-10.233081,7.570427,0.719918
35.97500,-4.702282,9.060396,-26.806655,5.045306,0.449589
35.98000,-3.854029,9.743845,-46.441846,-0.247944,-0.216426
35.98500,-2.944996,7.971128,-68.532492,0.551456,-0.497289
35.99000,-1.989519,7.117830,-86.469800,-5.500299,-0.895996
35.99500,-1.002666,5.932371,-98.998503,-8.110966,-1.370182
36.00000,-0.000000,3.931272,-114.290775,-10.378578,-1.735380
36.00500,1.002666,3.421536,-120.285170,-10.497985,-1.953408
36.01000,1.989519,1.288819,-135.351301,-13.838163,-2.471118
36.01500,2.944996,-0.541467,-144.739290,-15.191925,-2.681238
36.02000,3.854029,-1.293053,-155.661400,-20.403145,-2.897458
36.02500,4.702282,-2.841762,-156.401703,-19.343449,-3.023203
36.03000,5.476377,-4.570151,-153.524458,-20.496326,-3.317134
36.03500,6.164106,-5.730164,-160.511446,-20.344543,-3.174146
36.04000,6.754623,-6.273206,-156.443727,-22.091503,-3.360541
36.04500,7.238616,-7.852322,-142.568222,-20.302946,-3.351813
36.05000,7.608452,-9.174393,-134.604252,-22.175273,-3.305575
36.05500,7.858298,-10.219574,-128.207690,-22.381595,-3.228489
36.06000,7.984214,-10.029662,-113.605877,-21.739054,-3.101269
36.06500,7.984214,-11.542006,-101.086125,-17.223172,-2.685898
36.07000,7.858298,-12.558320,-83.600520,-16.266202,-2.530360
36.07500,7.608452,-11.425826,-61.984999,-16.204217,-2.272216
36.08000,7.238616,-12.153480,-44.435856,-12.032316,-1.838317
36.08500,6.754623,-12.674337,-19.354676,-11.218742,-1.651914
36.09000,6.164106,-11.984713,-3.084054,-8.735003,-1.139421
36.09500,5.476377,-11.421550,12.131886,-7.685429,-0.800642
36.10000,4.702282,-11.055624,29.143914,-3.994539,-0.479370
36.10500,3.854029,-9.575185,53.146860,-0.537809,0.101038
36.11000,2.944996,-8.485007,68.503147,2.294360,0.295227
36.11500,1.989519,-6.396925,85.533600,4.122894,0.917066
36.12000,1.002666,-5.852971,103.329989,8.498268,1.161692
36.12500,0.000000,-4.703999,114.543363,11.504454,1.665925
36.13000,-1.002666,-3.103118,124.397870,11.314630,2.112639
36.13500,-1.989519,-1.476191,139.593034,14.837489,2.351835
36.14000,-2.944996,0.357430,144.260951,14.594256,2.519473
36.14500,-3.854029,1.992275,148.930691,18.455052,2.818465
36.15000,-4.702282,2.101576,157.741745,18.290612,2.982786
36.15500,-5.476377,3.735413,152.452118,20.291271,3.053365
36.16000,-6.164106,5.708961,149.776263,21.425095,3.159855
36.16500,-6.754623,7.794741,159.347359,21.387058,3.321652
36.17000,-7.238616,7.946394,148.478935,22.929348,3.366207
36.17500,-7.608452,9.643590,135.762908,20.621772,3.082619
36.18000,-7.858298,9.843912,127.467245,20.380268,3.141549
36.18500,-7.984214,10.574338,113.875924,20.354761,3.040858
36.19000,-7.984214,11.261671,96.605041,18.715666,2.796618
36.19500,-7.858298,12.333740,80.676881,17.511452,2.437813
36.20000,-7.608452,11.747041,61.363635,15.188229,2.349490
36.20500,-7.238616,11.987219,49.944753,12.474560,1.802743
36.21000,-6.754623,11.914584,34.386292,11.879461,1.631223
36.21500,-6.164106,11.794516,15.549671,8.792870,1.345045
36.22000,-5.476377,10.889230,-9.247841,7.156390,0.587181
36.22500,-4.702282,10.521086,-23.345875,4.984514,0.402126
36.23000,-3.854029,9.980649,-47.655739,0.371867,-0.009931
36.23500,-2.944996,8.580557,-61.990285,-2.788692,-0.435608
36.24000,-1.989519,6.937410,-77.618215,-5.158319,-0.943487
36.24500,-1.002666,5.772002,-101.183572,-7.997081,-1.295035
36.25000,0.000000,4.589909,-112.936172,-12.007879,-1.778521
36.25500,1.002666,2.934617,-126.899536,-10.266371,-1.978816
36.26000,1.989519,1.101316,-139.195259,-13.809315,-2.258545
36.26500,2.944996,-0.320820,-144.257784,-13.575057,-2.660231
36.27000,3.854029,-1.663421,-146.105127,-18.504177,-2.928343
36.27500,4.702282,-3.731628,-148.686806,-18.598238,-3.081677
36.28000,5.476377,-3.119326,-157.792479,-20.041472,-3.186143
36.28500,6.164106,-5.343820,-154.392006,-21.192284,-3.279418
36.29000,6.754623,-7.213661,-142.850967,-20.439883,-3.344043
36.29500,7.238616,-8.452422,-146.773038,-21.627889,-3.323043
36.30000,7.608452,-8.660027,-136.543789,-21.465916,-3.402318
36.30500,7.858298,-10.655530,-117.242962,-20.606068,-3.434012
36.31000,7.984214,-11.225325,-113.776149,-22.381039,-2.947198
36.31500,7.984214,-10.920798,-95.380444,-19.441307,-2.663100
36.32000,7.858298,-11.770034,-83.024172,-17.931848,-2.693233
36.32500,7.608452,-11.607315,-71.807775,-13.449301,-2.330251
36.33000,7.238616,-11.895543,-44.851613,-12.601979,-1.910577
36.33500,6.754623,-11.760424,-35.467613,-10.126918,-1.491216
36.34000,6.164106,-11.664053,-14.996846,-7.875254,-1.141200
36.34500,5.476377,-10.645322,16.033412,-6.234227,-0.680466
36.35000,4.702282,-10.029384,33.067713,-1.501135,-0.399967
36.35500,3.854029,-9.155293,48.702302,-0.878192,0.063527
36.36000,2.944996,-8.408408,71.340101,0.490538,0.480256
36.36500,1.989519,-6.571466,89.647532,5.480755,0.807291
36.37000,1.002666,-5.780893,102.081281,8.717885,1.364143
36.37500,0.000000,-4.200423,109.425771,10.012444,1.683856
36.38000,-1.002666,-3.516432,122.735918,12.653796,2.069525
36.38500,-1.989519,-2.245179,141.999110,15.478045,2.254652
36.39000,-2.944996,0.257224,145.588402,18.050160,2.677364
36.39500,-3.854029,1.175759,156.846457,18.659891,2.715137
36.40000,-4.702282,2.574839,151.594780,21.285154,3.055074
36.40500,-5.476377,4.513390,159.205960,20.807431,2.909973
36.41000,-6.164106,6.283439,147.821566,23.601571,3.167471
36.41500,-6.754623,6.881247,154.350898,20.129454,3.387181
36.42000,-7.238616,8.036900,146.996576,22.828012,3.266581
36.42500,-7.608452,9.381167,141.724034,21.836324,3.271363
36.43000,-7.858298,10.315977,118.519422,21.056992,2.987270
36.43500,-7.984214,10.844100,108.686460,18.564637,3.140522
36.44000,-7.984214,10.617776,96.625386,19.975921,2.842171
36.44500,-7.858298,12.080951,85.501592,17.020577,2.532096
36.45000,-7.608452,11.628968,73.168264,14.324080,2.286235
36.45500,-7.238616,12.838365,53.030648,12.688462,1.952873
36.46000,-6.754623,11.491488,23.519818,10.885146,1.704315
36.46500,-6.164106,11.508109,7.626357,8.833420,1.206503
36.47000,-5.476377,10.846503,-4.127589,5.135936,0.642301
36.47500,-4.702282,10.236160,-26.484904,2.460086,0.350075
36.48000,-3.854029,10.326446,-53.829461,1.249143,0.083454
36.48500,-2.944996,8.145270,-64.006391,-2.022136,-0.403584
36.49000,-1.989519,7.528482,-81.152570,-2.425776,-0.910554
36.49500,-1.002666,5.836791,-95.991823,-7.727298,-1.205888
36.50000,-0.000000,4.329640,-113.537013,-8.920809,-1.630839
36.50500,1.002666,3.370441,-124.546409,-10.148004,-1.933349
36.51000,1.989519,1.717212,-132.518536,-14.484563,-2.468101
36.51500,2.944996,-0.001154,-143.516671,-15.083243,-2.683843
36.52000,3.854029,-1.833828,-146.499546,-17.524135,-2.773035
36.52500,4.702282,-2.725443,-151.004680,-19.195065,-3.057998
36.53000,5.476377,-2.904826,-152.741394,-18.538777,-3.151840
36.53500,6.164106,-5.754919,-155.809609,-22.218111,-3.094429
36.54000,6.754623,-6.706192,-147.733954,-22.212725,-3.365218
36.54500,7.238616,-8.379613,-140.626947,-23.611033,-3.306955
36.55000,7.608452,-7.711780,-138.417036,-21.506492,-3.328748
36.55500,7.858298,-10.658920,-129.253658,-19.674903,-3.227468
36.56000,7.984214,-11.035755,-111.125105,-20.145691,-3.015888
36.56500,7.984214,-12.140917,-95.947085,-17.704612,-2.945858
36.57000,7.858298,-11.441542,-85.956240,-17.948227,-2.760616
36.57500,7.608452,-11.862973,-63.989909,-14.015073,-2.131688
36.58000,7.238616,-11.755775,-38.809891,-13.381749,-1.950778
36.58500,6.754623,-11.760195,-36.492108,-11.538226,-1.475430
36.59000,6.164106,-10.732392,-7.175272,-6.736599,-1.193450
36.59500,5.476377,-10.264220,11.767964,-6.024235,-0.791946
36.60000,4.702282,-9.632220,30.508164,-2.710694,-0.329441
36.60500,3.854029,-10.378443,48.901682,-0.504592,0.092740
36.61000,2.944996,-8.606819,69.190352,2.873484,0.321660
36.61500,1.989519,-7.025097,84.044313,4.913442,0.967617
36.62000,1.002666,-5.432726,98.389750,6.047890,1.150737
36.62500,0.000000,-5.603456,117.791916,10.215573,1.642218
36.63000,-1.002666,-2.352373,135.149665,12.782302,2.223286
36.63500,-1.989519,-1.403558,136.960426,14.837472,2.300556
36.64000,-2.944996,0.626703,148.959519,16.076792,2.739092
36.64500,-3.854029,0.962956,156.765103,20.038631,2.784398
36.65000,-4.702282,2.609797,150.981732,18.580821,3.076354
36.65500,-5.476377,3.924763,155.085987,20.620388,3.171404
36.66000,-6.164106,5.464727,152.145979,21.483550,3.307305
36.66500,-6.754623,6.673675,150.675931,20.462365,3.231139
36.67000,-7.238616,7.428985,149.753581,20.431374,3.220896
36.67500,-7.608452,9.745221,134.121922,22.257007,3.287130
36.68000,-7.858298,10.316350,131.892363,21.678347,2.993480
36.68500,-7.984214,10.472185,122.592433,20.158683,2.906121
36.69000,-7.984214,10.512496,96.431080,16.969702,2.846506
36.69500,-7.858298,12.248776,84.550867,16.913206,2.474493
36.70000,-7.608452,10.993853,69.695067,15.707171,2.158600
36.70500,-7.238616,11.496170,43.553911,14.091985,1.812409
36.71000,-6.754623,11.246410,21.053674,12.474877,1.579999
36.71500,-6.164106,11.103802,9.844072,9.226434,1.149981
36.72000,-5.476377,11.061383,-13.596754,7.232235,0.801355
36.72500,-4.702282,10.512299,-29.175963,5.353975,0.356863
36.73000,-3.854029,9.404375,-51.569422,-1.836153,0.138757
36.73500,-2.944996,7.757015,-68.652595,-0.833420,-0.501946
36.74000,-1.989519,7.643644,-86.324879,-5.127132,-1.060621
36.74500,-1.002666,6.332105,-99.164493,-6.716819,-1.254171
36.75000,-0.000000,4.802854,-110.083990,-9.525231,-1.641879
36.75500,1.002666,4.045654,-125.771728,-13.251876,-1.977646
36.76000,1.989519,1.119407,-134.852357,-15.275651,-2.469389
36.76500,2.944996,-0.253581,-149.902601,-15.706557,-2.485063
36.77000,3.854029,-1.761386,-144.411302,-18.069893,-2.841218
36.77500,4.702282,-3.171718,-150.024689,-18.440406,-3.040190
36.78000,5.476377,-4.069822,-149.092317,-20.776933,-3.340754
36.78500,6.164106,-5.618602,-154.637834,-18.707043,-3.239921
36.79000,6.754623,-7.150261,-153.820706,-21.825336,-3.340908
36.79500,7.238616,-7.655829,-142.595784,-19.308114,-3.198506
36.80000,7.608452,-9.213121,-140.859033,-22.226865,-3.314587
36.80500,7.858298,-10.304935,-125.958775,-20.159395,-3.286711
36.81000,7.984214,-11.065655,-114.108062,-18.606904,-2.995849
36.81500,7.984214,-11.911748,-99.729225,-20.098768,-2.892559
36.82000,7.858298,-11.840472,-89.418321,-18.185543,-2.513833
36.82500,7.608452,-12.306006,-62.390341,-14.849175,-2.370857
36.83000,7.238616,-11.995488,-53.214639,-11.977681,-1.953053
36.83500,6.754623,-11.609836,-28.200676,-9.481372,-1.607390
36.84000,6.164106,-11.207716,-9.890552,-7.962649,-1.208580
36.84500,5.476377,-11.047324,2.515343,-4.846851,-0.856512
36.85000,4.702282,-9.338651,32.740668,-4.661887,-0.473979
36.85500,3.854029,-9.748036,48.883158,-1.121163,0.016808
36.86000,2.944996,-7.940510,74.505539,3.692492,0.383114
36.86500,1.989519,-7.074857,91.656493,4.151282,0.864408
36.87000,1.002666,-5.701031,96.625150,7.118724,1.219398
36.87500,0.000000,-4.750372,105.721181,7.947545,1.403680
36.88000,-1.002666,-3.365816,126.693670,12.026506,1.967260
36.88500,-1.989519,-1.292955,140.949970,12.615244,2.428063
36.89000,-2.944996,-0.789774,144.735720,16.726572,2.605585
36.89500,-3.854029,1.494771,158.892600,19.642554,2.876797
36.90000,-4.702282,2.298920,155.657478,19.738285,3.060695
36.90500,-5.476377,3.574402,153.300280,20.660759,3.120869
36.91000,-6.164106,5.741623,153.995565,20.789820,3.136866
36.91500,-6.754623,6.744921,152.046270,22.281493,3.393582
36.92000,-7.238616,8.964624,149.665610,20.515397,3.413298
36.92500,-7.608452,8.440611,134.470662,20.986906,3.309428
36.93000,-7.858298,10.134411,126.407076,23.325561,3.187691
36.93500,-7.984214,10.847152,116.475654,18.531890,3.027120
36.94000,-7.984214,11.434816,97.925817,18.123829,2.781102
36.94500,-7.858298,11.546647,83.828341,15.665895,2.561367
36.95000,-7.608452,11.259200,69.945397,16.801858,2.246771
36.95500,-7.238616,12.257864,50.049550,13.118608,1.952503
36.96000,-6.754623,12.082691,32.109763,9.707739,1.474073
36.96500,-6.164106,11.565253,7.172154,7.300627,1.124655
36.97000,-5.476377,10.971303,-16.061702,7.377000,0.841878
36.97500,-4.702282,10.644328,-33.322408,4.230830,0.342540
36.98000,-3.854029,9.674432,-50.307837,1.655373,-0.276343
36.98500,-2.944996,8.530711,-64.779362,-2.033068,-0.447074
36.99000,-1.989519,6.819964,-85.744417,-3.650336,-1.090252
36.99500,-1.002666,6.246846,-103.060922,-5.805572,-1.080534
37.00000,-0.000000,4.096173,-115.924358,-9.033410,-1.572392
37.00500,1.002666,3.199642,-125.250206,-13.918185,-1.927789
37.01000,1.989519,1.139448,-138.814221,-16.485559,-2.376434
37.01500,2.944996,-0.007241,-140.751113,-17.851663,-2.704405
37.02000,3.854029,-1.106914,-148.876546,-17.591364,-2.858397
37.02500,4.702282,-3.048609,-153.634114,-20.956692,-3.033812
37.03000,5.476377,-3.949815,-158.721631,-21.580352,-3.260174
37.03500,6.164106,-5.913747,-147.695528,-21.097089,-3.270561
37.04000,6.754623,-6.284466,-149.476133,-22.549731,-3.267908
37.04500,7.238616,-8.216102,-140.911646,-23.089315,-3.272254
37.05000,7.608452,-8.087888,-134.267227,-20.332348,-3.373738
37.05500,7.858298,-9.772228,-127.619250,-20.266092,-3.374120
37.06000,7.984214,-10.821711,-115.007387,-19.016831,-3.007606
37.06500,7.984214,-11.838577,-100.500732,-17.634883,-2.866374
37.07000,7.858298,-11.924146,-79.757249,-15.523736,-2.510841
37.07500,7.608452,-11.113341,-63.949957,-15.384306,-2.106659
37.08000,7.238616,-12.477088,-54.525080,-13.508472,-1.782010
37.08500,6.754623,-12.430089,-26.287975,-13.015362,-1.557064
37.09000,6.164106,-11.278401,-15.809594,-8.895178,-1.097933
37.09500,5.476377,-10.328324,7.896151,-6.732470,-0.647594
37.10000,4.702282,-10.299504,35.130461,-2.232645,-0.389694
37.10500,3.854029,-9.625725,48.889596,0.061243,0.049592
37.11000,2.944996,-8.333657,65.887664,3.681925,0.522367
37.11500,1.989519,-7.177389,73.009422,5.945191,0.847034
37.12000,1.002666,-5.348185,102.702846,8.669673,1.198956
37.12500,0.000000,-3.672585,113.031723,10.436143,1.551501
37.13000,-1.002666,-3.099430,126.208373,12.347193,1.975012
37.13500,-1.989519,-1.909628,131.621006,13.918521,2.234380
37.14000,-2.944996,-0.567141,141.265328,16.254188,2.653801
37.14500,-3.854029,0.708055,151.015514,16.880049,2.787827
37.15000,-4.702282,2.885476,146.812677,19.774692,3.158037
37.15500,-5.476377,3.691093,159.095094,20.328735,3.283958
37.16000,-6.164106,6.011140,157.725557,18.910018,3.149198
37.16500,-6.754623,6.885939,146.671336,18.587205,3.419933
37.17000,-7.238616,7.850789,141.091301,20.885962,3.273795
37.17500,-7.608452,9.788234,136.950772,20.924258,3.387280
37.18000,-7.858298,9.340029,125.935881,20.518076,3.197299
37.18500,-7.984214,11.184052,109.898049,21.384614,2.986171
37.19000,-7.984214,11.408429,98.603730,17.996124,2.849968
37.19500,-7.858298,11.853621,78.682307,15.746827,2.483333
37.20000,-7.608452,11.935207,59.283795,15.797017,2.279025
37.20500,-7.238616,11.468971,50.918186,14.447945,1.959703
37.21000,-6.754623,12.022471,30.481356,12.916442,1.553690
37.21500,-6.164106,11.904384,3.738937,7.511346,1.224797
37.22000,-5.476377,10.001602,-10.303897,5.799570,0.693452
37.22500,-4.702282,10.179452,-29.221233,2.945756,0.430880
37.23000,-3.854029,9.209056,-42.347910,2.398359,-0.155583
37.23500,-2.944996,8.110753,-61.589351,-1.234860,-0.397298
37.24000,-1.989519,7.254285,-78.070875,-4.683242,-0.821568
37.24500,-1.002666,5.732907,-101.388646,-6.518210,-1.195264
37.25000,0.000000,4.288932,-109.701687,-10.232054,-1.692648
37.25500,1.002666,3.535142,-129.604842,-12.408011,-1.700432
37.26000,1.989519,1.147917,-141.330544,-14.376034,-2.331228
37.26500,2.944996,-0.115714,-136.343783,-16.828154,-2.578252
37.27000,3.854029,-1.623855,-155.322972,-18.224121,-2.907056
37.27500,4.702282,-3.262737,-149.470713,-18.937947,-2.896407
37.28000,5.476377,-4.577813,-158.363449,-20.149828,-3.227762
37.28500,6.164106,-5.128946,-157.564003,-19.527010,-3.188092
37.29000,6.754623,-7.346443,-143.351642,-20.650688,-3.421136
37.29500,7.238616,-7.101324,-153.241774,-21.787107,-3.297352
37.30000,7.608452,-9.859939,-136.493950,-23.903342,-3.305741
37.30500,7.858298,-11.107731,-124.118593,-22.517490,-3.073704
37.31000,7.984214,-11.110613,-116.838845,-20.505614,-3.032327
37.31500,7.984214,-11.912725,-103.741021,-19.139199,-2.881744
37.32000,7.858298,-11.232065,-87.453569,-18.645797,-2.507413
37.32500,7.608452,-11.761315,-57.058069,-15.803449,-2.374745
37.33000,7.238616,-12.415666,-55.745183,-13.215859,-2.027455
37.33500,6.754623,-11.867674,-33.756079,-11.798393,-1.508060
37.34000,6.164106,-11.548854,-11.039239,-8.824056,-1.379020
37.34500,5.476377,-9.759953,4.364153,-6.207841,-0.729828
37.35000,4.702282,-10.092187,32.749617,-4.229630,-0.428626
37.35500,3.854029,-9.162080,44.617004,-1.695801,-0.059942
37.36000,2.944996,-8.026550,64.722952,1.847856,0.467368
37.36500,1.989519,-7.002012,83.406531,4.981631,0.914204
37.37000,1.002666,-5.834211,96.114039,6.139854,1.195098
37.37500,0.000000,-4.841098,115.394185,7.526588,1.610532
37.38000,-1.002666,-3.011317,120.297109,11.084581,2.054166
37.38500,-1.989519,-1.486769,136.215111,14.869174,2.369292
37.39000,-2.944996,-0.641455,148.527666,14.435315,2.576270
37.39500,-3.854029,1.459359,155.282902,18.938876,2.750580
37.40000,-4.702282,2.372971,149.170639,18.644092,2.931833
37.40500,-5.476377,3.626839,149.369030,20.522886,3.115267
37.41000,-6.164106,5.667639,163.153041,20.283742,3.336327
37.41500,-6.754623,7.191496,154.667471,22.222811,3.375091
37.42000,-7.238616,8.531205,136.434464,21.719061,3.345183
37.42500,-7.608452,8.933114,140.321203,21.822091,3.391915
37.43000,-7.858298,9.439822,127.049194,18.652238,3.123767
37.43500,-7.984214,10.411290,115.365940,20.701610,2.958592
37.44000,-7.984214,11.240803,105.434854,16.792146,2.753194
37.44500,-7.858298,11.683674,82.439413,16.762419,2.721693
37.45000,-7.608452,12.126357,68.502345,15.909327,2.056842
37.45500,-7.238616,11.857816,45.642339,13.076190,1.954482
37.46000,-6.754623,12.201304,35.094815,11.592845,1.614099
37.46500,-6.164106,11.118307,11.811182,8.797191,1.197792
37.47000,-5.476377,11.040555,-5.068039,6.147560,1.014071
37.47500,-4.702282,10.396661,-27.945685,2.487268,0.492574
37.48000,-3.854029,9.412635,-54.431292,1.789804,0.037270
37.48500,-2.944996,8.450804,-67.267823,-0.803912,-0.537530
37.49000,-1.989519,6.610418,-84.563058,-5.339979,-0.815336
37.49500,-1.002666,6.179489,-98.830777,-8.357044,-1.293865
37.50000,-0.000000,4.233571,-117.938488,-9.639963,-1.631006
37.50500,1.002666,2.945761,-129.316933,-13.053450,-1.966963
37.51000,1.989519,1.118726,-139.847907,-14.218178,-2.350931
37.51500,2.944996,0.203951,-150.698539,-15.395113,-2.528800
37.52000,3.854029,-1.639756,-150.554073,-17.238979,-2.676963
37.52500,4.702282,-3.220014,-158.249439,-17.727250,-2.930855
37.53000,5.476377,-4.073310,-150.744463,-19.940232,-3.158301
37.53500,6.164106,-6.048775,-157.489819,-22.370379,-3.461089
37.54000,6.754623,-6.845797,-159.057218,-22.592322,-3.224388
37.54500,7.238616,-8.084056,-144.833954,-21.143730,-3.221110
37.55000,7.608452,-8.971003,-131.954827,-19.370990,-3.284521
37.55500,7.858298,-10.064877,-121.374619,-21.284889,-3.203343
37.56000,7.984214,-11.329619,-117.085386,-20.985418,-2.938414
37.56500,7.984214,-11.314843,-101.255928,-17.195091,-2.871808
37.57000,7.858298,-11.601660,-85.002908,-17.347408,-2.471259
37.57500,7.608452,-11.161603,-64.445103,-14.641605,-2.358936
37.58000,7.238616,-11.173177,-50.270958,-12.175096,-2.019122
37.58500,6.754623,-11.407845,-40.628666,-12.202269,-1.575547
37.59000,6.164106,-10.997870,-5.332289,-9.083376,-1.334246
37.59500,5.476377,-11.952338,12.373876,-6.738958,-0.797855
37.60000,4.702282,-10.373940,24.513239,-2.881393,-0.336406
37.60500,3.854029,-9.732420,47.578882,-0.031328,-0.092906
37.61000,2.944996,-7.991952,64.473724,1.424322,0.535319
37.61500,1.989519,-6.865818,79.507692,5.280225,0.805186
37.62000,1.002666,-5.596959,100.315591,5.312465,1.306141
37.62500,0.000000,-4.222421,108.880756,10.171664,1.651199
37.63000,-1.002666,-2.889427,125.538385,12.512887,1.939005
37.63500,-1.989519,-1.613817,139.460770,14.292068,2.252285
37.64000,-2.944996,-0.315384,148.568307,14.620344,2.424203
37.64500,-3.854029,1.734333,158.853536,17.782013,2.761781
37.65000,-4.702282,2.914612,155.188571,18.101517,2.952659
37.65500,-5.476377,4.794156,158.107776,21.967924,3.329901
37.66000,-6.164106,5.520459,156.968947,20.814318,3.371170
37.66500,-6.754623,6.866118,148.261786,21.334518,3.194960
37.67000,-7.238616,7.812057,136.568380,21.529071,3.395092
37.67500,-7.608452,9.458158,132.036240,21.993042,3.284256
37.68000,-7.858298,9.721131,118.022584,20.892787,3.119726
37.68500,-7.984214,9.799517,113.507440,20.477710,3.041248
37.69000,-7.984214,11.018383,105.236059,17.632385,2.867220
37.69500,-7.858298,11.448566,85.906914,18.336700,2.490338
37.70000,-7.608452,11.934825,75.376473,14.784189,2.228896
37.70500,-7.238616,11.795167,48.996318,14.115100,1.945568
37.71000,-6.754623,12.302449,39.394936,11.290132,1.482341
37.71500,-6.164106,11.536061,17.051070,9.781071,1.212174
37.72000,-5.476377,11.265355,-7.346146,5.958798,0.788381
37.72500,-4.702282,10.728527,-22.232657,1.761730,0.320716
37.73000,-3.854029,9.704230,-50.764986,-0.596387,-0.111932
37.73500,-2.944996,8.628296,-72.021569,-2.307339,-0.421251
37.74000,-1.989519,6.883792,-82.114524,-3.230488,-0.777628
37.74500,-1.002666,6.007370,-93.396611,-7.830318,-1.225125
37.75000,-0.000000,4.421388,-111.280219,-9.812084,-1.712970
37.75500,1.002666,3.364512,-123.477678,-10.844598,-1.913249
37.76000,1.989519,1.315827,-136.811763,-14.994784,-2.287081
37.76500,2.944996,0.342326,-147.836063,-15.970159,-2.530706
37.77000,3.854029,-1.650092,-148.627204,-17.670690,-2.719554
37.77500,4.702282,-2.599980,-151.841641,-20.028901,-3.111226
37.78000,5.476377,-3.828538,-158.113039,-20.204123,-3.189761
37.78500,6.164106,-5.190002,-149.356746,-20.072118,-3.332701
37.79000,6.754623,-7.155886,-143.759645,-20.500938,-3.406988
37.79500,7.238616,-7.585524,-153.503225,-22.107945,-3.133056
37.80000,7.608452,-9.908227,-134.877916,-18.293265,-3.176479
37.80500,7.858298,-9.999276,-131.746279,-20.512717,-3.322140
37.81000,7.984214,-11.403108,-115.272203,-20.279038,-2.958903
37.81500,7.984214,-11.354731,-98.832351,-19.533350,-2.845955
37.82000,7.858298,-12.245073,-80.337701,-18.292021,-2.437239
37.82500,7.608452,-11.956874,-63.709782,-14.516381,-2.247789
37.83000,7.238616,-12.247567,-44.790603,-16.531897,-1.947215
37.83500,6.754623,-11.227301,-27.672548,-11.286021,-1.562325
37.84000,6.164106,-10.482698,-12.437693,-10.197600,-1.159691
37.84500,5.476377,-10.486153,11.818711,-6.314984,-0.793930
37.85000,4.702282,-9.697211,28.226104,-3.506063,-0.405860
37.85500,3.854029,-9.056856,51.309907,-2.188548,0.019309
37.86000,2.944996,-8.267908,66.512561,0.887771,0.497122
37.86500,1.989519,-7.171872,84.464508,6.052382,0.753500
37.87000,1.002666,-6.304837,92.839247,6.675200,1.255377
37.87500,-0.000000,-4.788499,115.538941,9.776611,1.620899
37.88000,-1.002666,-2.690062,124.435809,11.786184,1.937466
37.88500,-1.989519,-1.726060,138.009457,15.197129,2.371455
37.89000,-2.944996,0.111442,143.721893,17.554501,2.464978
37.89500,-3.854029,1.071203,159.108065,18.896901,2.794014
37.90000,-4.702282,3.900084,160.462445,19.887600,2.946309
37.90500,-5.476377,4.936890,165.051172,20.983890,3.227215
37.91000,-6.164106,5.688125,152.483415,19.831171,3.232443
37.91500,-6.754623,7.792177,153.239853,22.995683,3.329173
37.92000,-7.238616,8.380632,144.382509,21.038320,3.356552
37.92500,-7.608452,9.662854,133.575937,20.424720,3.114652
37.93000,-7.858298,10.023007,128.375501,20.394966,3.198497
37.93500,-7.984214,10.630384,110.428671,19.016618,2.928514
37.94000,-7.984214,11.982843,108.762818,19.104502,2.769705
37.94500,-7.858298,12.076167,82.734077,17.915682,2.533962
37.95000,-7.608452,12.310771,69.054587,16.727152,2.330980
37.95500,-7.238616,12.394181,46.126129,13.177859,1.999651
37.96000,-6.754623,11.843197,28.139946,10.376979,1.740604
37.96500,-6.164106,11.229575,7.582474,8.296633,1.211941
37.97000,-5.476377,11.037882,-4.431046,4.754841,0.751924
37.97500,-4.702282,9.418021,-25.107132,2.573051,0.338042
37.98000,-3.854029,9.319833,-46.642519,2.854636,0.028698
37.98500,-2.944996,8.734369,-69.202683,-2.902646,-0.299524
37.99000,-1.989519,7.009846,-83.672795,-5.254279,-0.827476
37.99500,-1.002666,6.628458,-97.255334,-6.680408,-1.309651
38.00000,-0.000000,4.337571,-117.751505,-9.592881,-1.606619
38.00500,1.002666,2.618713,-124.824853,-11.381341,-1.959183
38.01000,1.989519,1.827896,-144.457104,-15.327596,-2.299604
38.01500,2.944996,0.008650,-147.844370,-17.476390,-2.655374
38.02000,3.854029,-1.158980,-153.537173,-16.535936,-3.065770
38.02500,4.702282,-3.169587,-156.164988,-20.113967,-3.076395
38.03000,5.476377,-4.097247,-148.692733,-20.564493,-3.077831
38.03500,6.164106,-5.645082,-160.866800,-20.988057,-3.256464
38.04000,6.754623,-6.860106,-150.335650,-23.675789,-3.531280
38.04500,7.238616,-7.729013,-147.121653,-21.951054,-3.320165
38.05000,7.608452,-9.488438,-141.098602,-22.200357,-3.436972
38.05500,7.858298,-10.125005,-128.902564,-20.322955,-2.970169
38.06000,7.984214,-10.318520,-119.578941,-20.317891,-2.980769
38.06500,7.984214,-10.830625,-97.973079,-21.207109,-2.906155
38.07000,7.858298,-11.425477,-81.695534,-16.350653,-2.469933
38.07500,7.608452,-12.392205,-71.176868,-18.213651,-2.328570
38.08000,7.238616,-11.846353,-46.946128,-13.821813,-1.878134
38.08500,6.754623,-11.920943,-29.043953,-11.879247,-1.573446
38.09000,6.164106,-11.518795,-20.837984,-9.362722,-1.305801
38.09500,5.476377,-11.487374,9.337287,-6.143077,-0.734357
38.10000,4.702282,-11.000859,26.572894,-2.427303,-0.510383
38.10500,3.854029,-8.831079,44.373105,-1.711912,0.157789
38.11000,2.944996,-7.882133,61.676945,1.297410,0.455077
38.11500,1.989519,-7.679503,74.669416,5.474521,0.763103
38.12000,1.002666,-5.953731,95.047867,7.834904,1.086140
38.12500,0.000000,-4.423362,104.281291,10.567704,1.783436
38.13000,-1.002666,-3.265426,128.937511,12.495660,2.118842
38.13500,-1.989519,-1.335137,132.511544,14.019484,2.185067
38.14000,-2.944996,-0.210394,148.400828,15.680757,2.739871
38.14500,-3.854029,0.869923,149.524079,17.370593,2.843964
38.15000,-4.702282,2.755773,155.516431,20.274416,3.005486
38.15500,-5.476377,4.552041,153.199166,22.005980,3.168172
38.16000,-6.164106,5.339959,152.716068,23.303294,3.251222
38.16500,-6.754623,7.315440,151.280592,20.421248,3.458551
38.17000,-7.238616,8.604073,143.101539,21.390259,3.334675
38.17500,-7.608452,9.452737,138.524516,21.402928,3.091857
38.18000,-7.858298,10.323304,120.613963,20.626351,3.352056
38.18500,-7.984214,10.779562,109.885178,18.650485,3.081065
38.19000,-7.984214,11.607482,92.871006,21.045524,2.691761
38.19500,-7.858298,11.453449,89.454280,18.781221,2.511225
38.20000,-7.608452,10.971801,72.197187,15.144460,2.170793
38.20500,-7.238616,11.668063,47.629605,12.784001,1.935014
38.21000,-6.754623,12.391065,30.090701,11.021051,1.612347
38.21500,-6.164106,11.848673,7.393171,7.275897,1.217715
38.22000,-5.476377,10.420556,-11.539813,5.667681,0.740593
38.22500,-4.702282,10.055868,-21.611723,4.229587,0.310258
38.23000,-3.854029,8.969528,-47.547838,2.485855,0.046814
38.23500,-2.944996,7.750313,-67.227625,-1.079509,-0.458822
38.24000,-1.989519,6.955120,-85.922688,-3.324581,-0.648829
38.24500,-1.002666,6.158963,-98.375035,-8.527787,-1.331205
38.25000,0.000000,4.493476,-111.811276,-13.430806,-1.558523
38.25500,1.002666,2.938073,-129.159380,-10.704361,-1.978522
38.26000,1.989519,0.658083,-138.155159,-14.172532,-2.373733
38.26500,2.944996,0.984532,-142.686499,-16.395540,-2.458451
38.27000,3.854029,-1.921468,-151.008165,-16.139796,-2.816775
38.27500,4.702282,-2.904500,-157.170967,-20.428508,-3.109786
38.28000,5.476377,-4.002930,-155.297966,-21.506988,-3.206146
38.28500,6.164106,-5.633976,-154.705801,-22.037192,-3.181166
38.29000,6.754623,-6.633157,-152.093854,-19.868005,-3.439283
38.29500,7.238616,-9.120960,-147.193614,-20.695580,-3.191654
38.30000,7.608452,-9.550575,-135.171763,-23.449734,-3.200100
38.30500,7.858298,-10.356498,-128.321211,-19.067728,-3.182328
38.31000,7.984214,-11.368234,-118.464117,-19.958721,-2.871636
38.31500,7.984214,-12.027550,-102.745957,-18.269128,-2.629939
38.32000,7.858298,-11.379336,-83.934024,-18.063255,-2.488514
38.32500,7.608452,-12.477944,-69.451065,-13.337433,-2.239424
38.33000,7.238616,-11.491943,-53.222527,-12.885733,-1.757746
38.33500,6.754623,-11.394277,-24.928596,-9.662737,-1.435472
38.34000,6.164106,-11.550526,-15.705865,-9.790956,-1.282258
38.34500,5.476377,-11.441095,6.633393,-5.353948,-0.815926
38.35000,4.702282,-10.388891,33.720347,-3.366408,-0.405276
38.35500,3.854029,-9.565238,45.589277,-1.002267,-0.006084
38.36000,2.944996,-8.515642,64.829124,1.072720,0.309090
38.36500,1.989519,-7.413549,77.569572,3.889891,0.943901
38.37000,1.002666,-5.801906,99.599772,5.989780,1.263557
38.37500,0.000000,-4.587639,106.211225,9.051592,1.641535
38.38000,-1.002666,-3.062490,129.594406,12.105514,2.115195
38.38500,-1.989519,-1.574896,134.729342,14.934181,2.249625
38.39000,-2.944996,0.447347,147.463479,14.492949,2.580536
38.39500,-3.854029,2.278807,148.963583,16.746378,2.854038
38.40000,-4.702282,2.922164,149.158205,18.604998,2.985588
38.40500,-5.476377,4.313630,152.822850,18.555868,3.165881
38.41000,-6.164106,5.643853,160.265307,20.813336,3.348301
38.41500,-6.754623,7.386432,151.755741,21.269759,3.323889
38.42000,-7.238616,8.438564,143.926742,21.440380,3.445666
38.42500,-7.608452,9.229101,141.413785,21.855370,3.193651
38.43000,-7.858298,10.012487,118.749387,21.852289,3.175234
38.43500,-7.984214,11.044011,111.717251,20.775628,2.864472
38.44000,-7.984214,11.801947,102.856724,18.963196,2.782487
38.44500,-7.858298,11.564154,79.153744,17.780021,2.478528
38.45000,-7.608452,12.121591,67.427319,14.443329,2.383475
38.45500,-7.238616,11.192495,45.971981,12.238598,2.000667
38.46000,-6.754623,11.490131,34.336241,11.747116,1.623355
38.46500,-6.164106,11.603093,11.587263,9.229475,1.369046
38.47000,-5.476377,10.196037,-9.556465,8.473480,0.932395
38.47500,-4.702282,9.507979,-31.055508,3.130460,0.452727
38.48000,-3.854029,9.366828,-51.486395,-0.428146,-0.097374
38.48500,-2.944996,7.413853,-72.868827,-1.734115,-0.585579
38.49000,-1.989519,6.950192,-88.353465,-5.248481,-0.862139
38.49500,-1.002666,6.689437,-108.607594,-8.357173,-1.289205
38.50000,0.000000,4.609683,-115.285866,-8.357886,-1.693226
38.50500,1.002666,3.769610,-125.444929,-10.081956,-2.010466
38.51000,1.989519,2.213183,-128.624353,-13.963458,-2.458550
38.51500,2.944996,-0.255683,-144.057144,-17.030930,-2.445343
38.52000,3.854029,-1.522749,-145.075842,-17.695431,-2.935866
38.52500,4.702282,-2.760528,-159.559435,-19.429498,-3.089547
38.53000,5.476377,-3.888327,-159.170791,-21.997807,-3.122553
38.53500,6.164106,-5.112938,-153.496248,-20.292526,-3.429927
38.54000,6.754623,-6.661021,-154.335338,-21.265763,-3.237775
38.54500,7.238616,-8.008524,-141.704475,-20.343951,-3.232103
38.55000,7.608452,-9.624246,-133.160074,-22.101059,-3.293700
38.55500,7.858298,-9.633975,-126.887773,-20.911548,-3.258057
38.56000,7.984214,-11.046082,-115.641476,-20.101737,-3.043325
38.56500,7.984214,-10.951669,-100.469942,-20.653028,-2.968399
38.57000,7.858298,-11.186601,-86.969306,-14.419877,-2.413410
38.57500,7.608452,-12.546493,-59.446370,-17.732301,-2.250268
38.58000,7.238616,-11.105699,-47.861195,-14.638794,-2.000246
38.58500,6.754623,-11.848684,-22.546093,-11.508517,-1.661264
38.59000,6.164106,-10.949801,-13.451357,-10.424160,-1.141199
38.59500,5.476377,-10.459790,18.136876,-5.654057,-0.654408
38.60000,4.702282,-9.359049,27.743519,-3.978458,-0.505583
38.60500,3.854029,-8.763571,48.088741,-0.665163,-0.021960
38.61000,2.944996,-7.551175,69.317191,2.237530,0.283027
38.61500,1.989519,-6.730364,88.557031,4.754679,0.923293
38.62000,1.002666,-6.146415,105.964096,7.400040,1.270521
38.62500,0.000000,-4.537359,114.569196,9.627119,1.846119
38.63000,-1.002666,-2.743094,122.366995,12.618923,1.971500
38.63500,-1.989519,-1.157745,143.453268,15.201232,2.261384
38.64000,-2.944996,0.005462,144.660739,15.946088,2.518710
38.64500,-3.854029,1.144104,146.445825,17.407826,2.909144
38.65000,-4.702282,2.396878,149.527543,18.850604,2.871887
38.65500,-5.476377,4.391256,154.339423,20.726359,3.247417
38.66000,-6.164106,6.978611,145.418031,20.737784,3.299728
38.66500,-6.754623,6.941112,149.787234,21.152945,3.276790
38.67000,-7.238616,7.949990,142.648313,19.988757,3.235064
38.67500,-7.608452,9.444212,142.604202,23.567528,3.364190
38.68000,-7.858298,10.386876,129.236569,19.451532,3.332814
38.68500,-7.984214,10.865746,112.602404,21.782003,2.956297
38.69000,-7.984214,10.532175,89.235105,19.564458,2.843819
38.69500,-7.858298,11.468011,78.299594,18.290682,2.709891
38.70000,-7.608452,11.685668,63.915283,15.638785,2.196552
38.70500,-7.238616,12.219491,50.264511,13.856474,1.906748
38.71000,-6.754623,11.513500,21.348451,11.380065,1.459655
38.71500,-6.164106,11.312820,7.670239,9.290600,1.181408
38.72000,-5.476377,10.399944,-16.666697,7.004748,0.788814
38.72500,-4.702282,9.914826,-24.157593,5.111009,0.345372
38.73000,-3.854029,10.195647,-50.839820,-0.412484,-0.102630
38.73500,-2.944996,8.594602,-71.319026,-1.480054,-0.599846
38.74000,-1.989519,7.272589,-83.829789,-2.911316,-0.987162
38.74500,-1.002666,5.475101,-103.337662,-5.775043,-1.348574
38.75000,-0.000000,3.959446,-116.543140,-10.985282,-1.571312
38.75500,1.002666,3.474158,-126.650762,-11.835077,-2.031505
38.76000,1.989519,1.564936,-139.811975,-14.027117,-2.383647
38.76500,2.944996,0.319544,-148.218485,-15.991230,-2.523452
38.77000,3.854029,-1.305625,-144.907107,-20.466604,-2.774799
38.77500,4.702282,-2.856221,-155.107434,-18.361221,-3.097969
38.78000,5.476377,-5.380813,-159.047823,-22.220441,-3.235935
38.78500,6.164106,-5.324829,-148.614261,-18.723506,-3.213456
38.79000,6.754623,-6.239352,-149.280022,-20.870217,-3.289950
38.79500,7.238616,-8.108589,-139.564024,-21.805075,-3.400217
38.80000,7.608452,-9.247037,-139.339048,-20.729628,-3.241284
38.80500,7.858298,-9.973090,-126.860301,-20.688182,-3.159076
38.81000,7.984214,-10.901858,-111.684064,-20.526797,-2.892452
38.81500,7.984214,-12.123334,-96.428835,-18.797017,-2.876284
38.82000,7.858298,-11.887775,-85.065792,-16.772254,-2.460404
38.82500,7.608452,-11.937340,-57.928492,-16.266488,-2.214192
38.83000,7.238616,-11.495687,-52.559368,-12.516260,-2.026844
38.83500,6.754623,-12.171611,-26.507201,-9.810321,-1.474922
38.84000,6.164106,-11.525208,-10.457180,-7.430183,-1.108705
38.84500,5.476377,-10.838823,9.107498,-4.746825,-0.922401
38.85000,4.702282,-9.933529,29.044679,-1.950645,-0.195945
38.85500,3.854029,-8.437728,58.291619,0.095219,-0.077037
38.86000,2.944996,-7.959813,63.977232,3.501245,0.361667
38.86500,1.989519,-6.798901,76.240513,4.790471,0.828529
38.87000,1.002666,-6.311198,104.419759,7.800946,1.329300
38.87500,-0.000000,-3.780766,115.393813,11.442997,1.687968
38.88000,-1.002666,-3.745914,128.338435,14.378233,1.974041
38.88500,-1.989519,-0.982105,139.952808,13.953234,2.433289
38.89000,-2.944996,0.317069,153.178190,14.642917,2.624605
38.89500,-3.854029,1.495447,148.132641,20.373287,2.961853
38.90000,-4.702282,2.488668,153.526347,20.650624,3.295931
38.90500,-5.476377,4.588647,159.299487,22.492447,3.194828
38.91000,-6.164106,5.529149,153.652444,22.217007,3.029639
38.91500,-6.754623,7.568133,151.933212,21.899238,3.281326
38.92000,-7.238616,6.935090,139.612533,20.998637,3.217454
38.92500,-7.608452,9.234033,134.119561,20.378779,3.273030
38.93000,-7.858298,8.989021,129.262161,22.514443,3.165647
38.93500,-7.984214,10.850430,99.737339,21.066732,2.880800
38.94000,-7.984214,11.249085,100.643418,19.079979,2.682819
38.94500,-7.858298,12.114008,72.866719,15.931831,2.519202
38.95000,-7.608452,11.476502,75.885078,14.799530,2.236495
38.95500,-7.238616,11.549592,52.671927,12.647412,1.680123
38.96000,-6.754623,10.875980,35.337554,10.755238,1.669129
38.96500,-6.164106,11.226782,16.041005,5.405948,1.198423
38.97000,-5.476377,10.940400,-14.080359,6.362780,0.795594
38.97500,-4.702282,10.046310,-29.589296,5.216921,0.413716
38.98000,-3.854029,8.864529,-52.621694,0.116945,-0.131151
38.98500,-2.944996,8.156262,-64.742731,-1.960061,-0.454322
38.99000,-1.989519,7.331540,-85.334964,-4.370633,-0.759135
38.99500,-1.002666,5.958613,-97.929610,-8.433383,-1.151696
39.00000,-0.000000,3.647262,-116.370061,-9.316695,-1.587639
39.00500,1.002666,2.835283,-126.132377,-13.074431,-2.010087
39.01000,1.989519,1.195798,-140.761792,-14.806906,-2.382107
39.01500,2.944996,-1.097120,-147.792729,-15.951812,-2.458120
39.02000,3.854029,-1.178834,-154.715305,-17.974928,-2.777553
39.02500,4.702282,-2.773770,-156.183240,-19.193632,-3.067176
39.03000,5.476377,-4.778986,-154.344751,-21.432790,-3.386820
39.03500,6.164106,-5.484077,-150.349100,-20.326190,-3.360750
39.04000,6.754623,-6.876688,-154.920715,-22.813916,-3.512007
39.04500,7.238616,-8.344838,-141.798273,-20.711625,-3.199559
39.05000,7.608452,-9.047646,-140.304473,-21.965539,-3.245891
39.05500,7.858298,-10.157361,-120.100286,-22.175168,-3.228735
39.06000,7.984214,-11.087855,-113.735276,-20.007786,-3.025530
39.06500,7.984214,-10.925032,-102.862927,-19.874164,-2.540623
39.07000,7.858298,-12.398927,-84.012527,-17.746922,-2.426057
39.07500,7.608452,-11.135471,-62.824455,-15.515611,-2.386470
39.08000,7.238616,-11.838028,-47.829509,-12.412445,-1.943426
39.08500,6.754623,-11.939835,-26.814018,-10.144385,-1.695644
39.09000,6.164106,-11.217438,-9.562531,-8.077815,-1.363857
39.09500,5.476377,-11.244951,19.490481,-6.381036,-0.779540
39.10000,4.702282,-10.304196,33.964488,-5.132495,-0.148918
39.10500,3.854029,-8.417677,49.817654,-0.940982,0.185175
39.11000,2.944996,-8.033814,68.618559,1.673252,0.453692
39.11500,1.989519,-7.146256,93.558050,4.583509,0.822483
39.12000,1.002666,-5.878733,101.405466,6.749782,1.275443
39.12500,0.000000,-4.069078,115.085771,9.256847,1.733690
39.13000,-1.002666,-2.641608,122.535610,13.116472,1.839755
39.13500,-1.989519,-1.691526,141.146038,12.838873,2.119180
39.14000,-2.944996,0.445129,142.840946,16.297353,2.770583
39.14500,-3.854029,1.439161,150.625426,19.394568,2.855849
39.15000,-4.702282,2.906708,164.434767,18.474202,3.184054
39.15500,-5.476377,4.677387,152.591428,19.314023,3.199671
39.16000,-6.164106,5.412061,159.150440,20.945840,3.421672
39.16500,-6.754623,6.339464,149.172108,21.240461,3.264525
39.17000,-7.238616,8.094976,138.718770,22.019097,3.369638
39.17500,-7.608452,9.563451,133.759945,23.009616,3.417081
39.18000,-7.858298,9.957601,123.375009,20.732100,3.256916
39.18500,-7.984214,11.184837,112.839529,20.591916,2.953206
39.19000,-7.984214,11.885662,97.563151,18.060986,2.881859
39.19500,-7.858298,11.611368,81.339036,16.636519,2.478942
39.20000,-7.608452,11.956541,64.973661,15.726999,2.114581
39.20500,-7.238616,11.903469,52.235937,12.586822,1.982357
39.21000,-6.754623,12.056227,31.934601,12.465230,1.713776
39.21500,-6.164106,11.621803,5.871146,8.209212,1.279435
39.22000,-5.476377,10.948947,-10.230925,5.922580,0.672115
39.22500,-4.702282,10.729159,-31.725983,2.260370,0.471107
39.23000,-3.854029,9.442038,-44.134124,0.237989,0.034824
39.23500,-2.944996,8.372303,-73.153076,-3.132391,-0.494957
39.24000,-1.989519,6.790460,-81.889622,-5.240151,-1.105600
39.24500,-1.002666,5.866280,-97.059700,-9.327467,-1.155101
39.25000,0.000000,5.041356,-115.847816,-9.817805,-1.544408
39.25500,1.002666,3.348723,-128.739372,-10.162171,-1.933797
39.26000,1.989519,1.625483,-135.771210,-16.450694,-2.474348
39.26500,2.944996,0.038264,-151.854967,-14.256783,-2.733674
39.27000,3.854029,-1.812370,-154.500966,-18.052310,-2.727879
39.27500,4.702282,-3.206028,-161.135529,-18.293611,-2.946480
39.28000,5.476377,-3.901452,-154.472447,-21.542696,-3.127221
39.28500,6.164106,-5.684258,-159.288011,-18.837586,-3.300853
39.29000,6.754623,-6.931546,-152.781851,-22.816409,-3.285561
39.29500,7.238616,-7.599489,-153.939050,-21.763030,-3.374477
39.30000,7.608452,-9.340230,-139.317177,-19.643544,-3.295251
39.30500,7.858298,-10.256752,-121.991242,-22.291805,-3.242498
39.31000,7.984214,-10.189126,-112.014148,-22.583557,-2.972933
39.31500,7.984214,-11.083992,-93.810053,-18.761159,-2.835210
39.32000,7.858298,-12.391557,-95.178317,-18.028969,-2.449829
39.32500,7.608452,-11.929805,-77.786969,-16.463857,-2.183722
39.33000,7.238616,-12.258898,-40.667187,-14.355686,-2.011529
39.33500,6.754623,-11.962646,-27.179610,-12.734958,-1.392555
39.34000,6.164106,-11.482162,-15.216657,-7.022470,-1.307241
39.34500,5.476377,-11.522875,13.680565,-4.667118,-0.751705
39.35000,4.702282,-10.422043,31.630808,-4.971488,-0.277148
39.35500,3.854029,-8.481539,50.293346,-0.815212,0.160133
39.36000,2.944996,-8.304739,68.961083,1.503176,0.229380
39.36500,1.989519,-7.265696,87.654613,5.989035,0.959176
39.37000,1.002666,-5.398834,102.467569,6.379698,1.377393
39.37500,0.000000,-5.014508,115.289573,11.709015,1.775822
39.38000,-1.002666,-3.112189,128.708470,12.196963,1.761058
39.38500,-1.989519,-1.000625,138.173440,13.442571,2.235095
39.39000,-2.944996,-0.037670,145.743411,16.175602,2.576014
39.39500,-3.854029,1.602324,151.500309,17.279572,2.783800
39.40000,-4.702282,2.847062,153.778087,21.940326,3.160115
39.40500,-5.476377,4.516969,156.935415,20.598171,3.108485
39.41000,-6.164106,6.028495,157.787737,20.636136,3.399108
39.41500,-6.754623,6.937988,150.607563,21.730796,3.380803
39.42000,-7.238616,8.216120,144.512894,23.409778,3.175263
39.42500,-7.608452,9.311363,143.712380,20.348042,3.165025
39.43000,-7.858298,9.302493,133.630169,18.923563,3.109360
39.43500,-7.984214,11.209377,114.057442,21.458260,3.008258
39.44000,-7.984214,12.149543,96.120480,19.418641,2.892960
39.44500,-7.858298,12.114148,89.295718,16.661811,2.526296
39.45000,-7.608452,12.066831,59.542055,15.288980,2.346366
39.45500,-7.238616,11.822254,54.241121,14.616842,1.773100
39.46000,-6.754623,11.947588,34.103904,7.939912,1.270182
39.46500,-6.164106,12.247397,7.259833,10.129632,1.161691
39.47000,-5.476377,11.504718,-10.880114,5.891795,0.842468
39.47500,-4.702282,9.877351,-34.160525,4.218116,0.348937
39.48000,-3.854029,9.925842,-48.005622,0.661971,-0.133525
39.48500,-2.944996,7.976687,-71.597822,1.574098,-0.407119
39.49000,-1.989519,6.845975,-90.034022,-5.413042,-0.665739
39.49500,-1.002666,5.789603,-99.246634,-6.041237,-1.266063
39.50000,-0.000000,4.754705,-116.913903,-12.835473,-1.704987
39.50500,1.002666,2.972284,-127.220046,-12.121394,-2.067772
39.51000,1.989519,2.006842,-138.448104,-13.409845,-2.105732
39.51500,2.944996,0.219853,-148.719015,-18.044629,-2.589916
39.52000,3.854029,-0.753038,-150.699553,-20.281268,-2.767018
39.52500,4.702282,-3.463086,-159.055614,-19.206277,-2.903988
39.53000,5.476377,-4.270185,-154.385936,-19.229056,-3.068418
39.53500,6.164106,-5.404748,-157.400196,-19.792886,-3.368678
39.54000,6.754623,-6.314051,-146.307067,-22.393837,-3.228946
39.54500,7.238616,-8.986613,-147.227945,-21.285942,-3.236113
39.55000,7.608452,-9.249528,-134.045442,-23.075905,-3.215191
39.55500,7.858298,-10.865284,-122.570957,-18.816829,-3.055155
39.56000,7.984214,-10.591535,-114.145157,-20.590218,-3.054798
39.56500,7.984214,-11.564813,-104.615362,-17.208641,-2.801045
39.57000,7.858298,-11.577202,-80.444149,-17.475392,-2.597114
39.57500,7.608452,-11.489499,-71.703180,-15.745878,-2.179442
39.58000,7.238616,-11.555370,-46.370148,-11.435177,-1.996067
39.58500,6.754623,-11.821730,-35.354346,-12.080998,-1.536075
39.59000,6.164106,-11.112978,-11.341268,-7.137077,-1.305014
39.59500,5.476377,-9.532918,9.465125,-6.492997,-0.808775
39.60000,4.702282,-10.307053,26.969039,-4.441437,-0.421349
39.60500,3.854029,-8.990009,49.349693,-1.680787,0.020969
39.61000,2.944996,-8.407544,68.996463,3.330410,0.462729
39.61500,1.989519,-6.699537,84.335876,4.617554,0.840922
39.62000,1.002666,-6.117198,100.468426,6.916661,1.233726
39.62500,0.000000,-4.175382,119.526052,8.076017,1.424919
39.63000,-1.002666,-3.615184,129.462977,13.547345,2.093797
39.63500,-1.989519,-1.442523,138.391734,15.556989,2.240219
39.64000,-2.944996,1.023814,142.846362,16.641475,2.561365
39.64500,-3.854029,1.003779,146.363450,18.844524,2.745468
39.65000,-4.702282,2.713342,152.113232,15.543887,3.126259
39.65500,-5.476377,4.772309,159.681652,19.795001,3.085732
39.66000,-6.164106,5.295308,155.062938,21.366267,3.326850
39.66500,-6.754623,6.055282,153.827434,21.730628,3.442717
39.67000,-7.238616,7.500627,139.014339,21.034451,3.485440
39.67500,-7.608452,9.305664,128.540087,21.720436,3.383200
39.68000,-7.858298,10.572336,126.294433,20.001764,3.218329
39.68500,-7.984214,10.884274,102.617138,19.169004,2.878683
39.69000,-7.984214,11.434001,97.530650,17.245833,2.922881
39.69500,-7.858298,12.238086,76.113860,17.329405,2.663619
39.70000,-7.608452,11.968293,66.047415,14.527380,2.339435
39.70500,-7.238616,12.551252,49.243059,12.740101,2.011220
39.71000,-6.754623,12.430979,23.051634,12.690097,1.583411
39.71500,-6.164106,11.313491,13.559559,8.596836,1.144234
39.72000,-5.476377,11.429663,-9.298716,6.041981,0.905077
39.72500,-4.702282,10.475022,-30.830093,1.632981,0.512911
39.73000,-3.854029,9.252867,-53.272188,0.100022,-0.135773
39.73500,-2.944996,8.272821,-71.185991,-0.868129,-0.357457
39.74000,-1.989519,7.577320,-85.796169,-4.063181,-0.834108
39.74500,-1.002666,5.346908,-96.609584,-7.263078,-1.166380
39.75000,-0.000000,3.841418,-115.018579,-10.033659,-1.604061
39.75500,1.002666,3.563671,-134.074962,-12.099041,-1.871203
39.76000,1.989519,2.418187,-144.686281,-13.868302,-2.199309
39.76500,2.944996,0.218839,-144.781909,-16.641869,-2.496272
39.77000,3.854029,-0.966374,-152.969937,-20.838404,-2.964931
39.77500,4.702282,-3.559133,-151.822073,-17.033150,-2.942829
39.78000,5.476377,-4.863489,-154.395954,-19.086945,-3.170134
39.78500,6.164106,-5.903118,-151.628670,-21.356844,-3.387454
39.79000,6.754623,-7.097424,-146.564167,-19.960360,-3.252833
39.79500,7.238616,-8.045182,-141.681565,-23.219876,-3.455684
39.80000,7.608452,-9.346653,-135.549718,-19.938302,-3.173511
39.80500,7.858298,-10.066967,-134.609273,-20.629092,-2.985897
39.81000,7.984214,-10.849125,-110.871785,-18.895567,-3.047134
39.81500,7.984214,-11.072783,-95.773461,-19.101250,-2.700325
39.82000,7.858298,-11.262891,-81.239887,-16.992844,-2.497924
39.82500,7.608452,-11.539197,-71.354952,-14.687197,-2.188855
39.83000,7.238616,-11.330148,-46.088769,-12.103563,-2.063460
39.83500,6.754623,-11.814244,-24.621732,-10.474448,-1.512935
39.84000,6.164106,-11.559843,-7.654895,-8.130036,-1.180182
39.84500,5.476377,-11.609272,8.597422,-6.775079,-0.720973
39.85000,4.702282,-10.808378,20.911421,-1.421361,-0.382196
39.85500,3.854029,-8.892652,44.947535,-0.468300,0.143523
39.86000,2.944996,-8.006041,74.366424,1.749773,0.478880
39.86500,1.989519,-7.037372,84.207157,4.327594,0.929140
39.87000,1.002666,-5.922122,103.919098,5.921060,1.394080
39.87500,-0.000000,-4.950467,113.220007,8.965517,1.652769
39.88000,-1.002666,-3.928347,121.658416,10.398159,2.084282
39.88500,-1.989519,-1.778568,142.456521,14.569486,2.327740
39.89000,-2.944996,-0.141081,147.374111,16.166596,2.640281
39.89500,-3.854029,0.387241,156.318736,18.190376,2.778710
39.90000,-4.702282,3.498556,155.278203,17.867036,3.105780
39.90500,-5.476377,4.092048,151.181878,19.919070,3.300665
39.91000,-6.164106,5.922113,160.888376,20.426889,3.271028
39.91500,-6.754623,7.561130,149.724182,22.762250,3.406217
39.92000,-7.238616,8.806945,146.332512,19.954394,3.365976
39.92500,-7.608452,9.081541,137.879832,19.668955,3.157680
39.93000,-7.858298,10.507198,129.641324,22.349157,3.194184
39.93500,-7.984214,11.213541,115.438881,20.352016,3.132143
39.94000,-7.984214,11.416526,104.855712,16.866435,2.748609
39.94500,-7.858298,11.908924,82.698482,18.741678,2.371465
39.95000,-7.608452,11.599029,70.445376,17.109027,2.278750
39.95500,-7.238616,12.086834,54.357303,14.657594,1.870257
39.96000,-6.754623,11.518278,27.598599,8.665445,1.766172
39.96500,-6.164106,11.337242,4.645006,8.785920,1.194632
39.97000,-5.476377,10.927150,-10.788767,5.072722,0.799351
39.97500,-4.702282,10.563186,-24.442391,3.112140,0.326330
39.98000,-3.854029,9.188266,-47.479911,-1.134928,-0.004426
39.98500,-2.944996,8.152548,-62.763859,0.008205,-0.501724
39.99000,-1.989519,6.934809,-84.143831,-5.516529,-0.944966
39.99500,-1.002666,6.999049,-107.871649,-7.003413,-1.258469
40.00000,0.000000,4.312688,-118.730662,-8.891148,-1.708759
40.00500,1.989519,3.213735,-138.071662,-11.456174,-1.848947
40.01000,3.854029,0.645212,-160.767760,-13.805314,-2.407998
40.01500,5.476377,-0.733082,-174.903818,-16.563393,-2.569807
40.02000,6.754623,-3.504162,-186.790393,-17.327662,-2.848095
40.02500,7.608452,-5.527082,-200.048616,-18.942637,-3.077217
40.03000,7.984214,-7.122396,-202.830376,-22.043545,-2.879669
40.03500,7.858298,-8.521389,-194.099113,-18.537391,-3.293410
40.04000,7.238616,-10.489940,-178.002253,-20.383647,-2.930942
40.04500,6.164106,-10.998063,-139.503093,-19.880109,-3.149983
40.05000,4.702282,-11.180969,-103.186545,-19.103678,-2.896582
40.05500,2.944996,-10.735412,-56.683011,-19.395309,-2.543839
40.06000,1.002666,-9.133450,-16.467604,-18.217945,-2.813543
40.06500,-1.002666,-6.787390,50.271623,-17.896635,-2.565218
40.07000,-2.944996,-4.678498,102.553020,-14.271725,-2.126255
40.07500,-4.702282,-2.179632,144.103792,-12.578096,-2.072057
40.08000,-6.164106,0.661674,175.899467,-13.181440,-1.994343
40.08500,-7.238616,3.897148,214.848894,-14.138592,-1.819997
40.09000,-7.858298,6.160492,224.537918,-11.060890,-1.817014
40.09500,-7.984214,8.901039,227.067314,-13.005455,-1.646933
40.10000,-7.608452,9.595896,214.872748,-14.793831,-1.479766
40.10500,-6.754623,11.550573,190.170139,-15.656924,-1.659611
40.11000,-5.476377,11.219913,149.988540,-13.956710,-1.626584
40.11500,-3.854029,11.141717,109.543890,-13.315134,-1.555924
40.12000,-1.989519,10.975966,60.329596,-16.335078,-1.519904
40.12500,-0.000000,8.798317,-1.626902,-17.493673,-1.811728
40.13000,1.989519,5.894142,-62.525225,-17.842776,-1.751853
40.13500,3.854029,3.319316,-111.934737,-19.118171,-1.843550
40.14000,5.476377,1.012300,-156.991657,-19.139232,-1.830196
40.14500,6.754623,-1.854126,-193.194090,-18.301958,-1.750322
40.15000,7.608452,-5.005348,-214.844802,-19.223298,-1.678611
40.15500,7.984214,-7.104265,-227.140485,-16.745132,-1.651517
40.16000,7.858298,-9.556371,-223.015294,-18.104393,-1.502467
40.16500,7.238616,-11.909793,-205.168247,-14.966254,-1.168065
40.17000,6.164106,-10.977541,-179.869421,-13.960586,-0.842007
40.17500,4.702282,-11.617284,-131.685088,-13.184022,-0.471518
40.18000,2.944996,-10.409648,-79.608169,-11.316860,-0.364973
40.18500,1.002666,-9.315673,-27.334103,-9.530344,-0.048342
40.19000,-1.002666,-7.361002,28.739992,-5.397789,0.306342
40.19500,-2.944996,-5.158669,94.846839,-6.611649,0.569421
40.20000,-4.702282,-1.698995,134.407354,-2.765195,0.712991
40.20500,-6.164106,1.221792,183.006488,-1.695629,0.910408
40.21000,-7.238616,4.237430,201.345818,-2.272855,1.248439
40.21500,-7.858298,6.606750,218.491610,0.693679,1.134555
40.22000,-7.984214,8.703305,219.467378,-3.607464,1.174276
40.22500,-7.608452,9.977361,210.557620,-0.493305,1.071272
40.23000,-6.754623,11.254581,186.866863,-0.858999,1.239024
40.23500,-5.476377,11.750569,154.318840,-1.451305,1.099742
40.24000,-3.854029,10.124590,109.698783,-1.137466,1.213331
40.24500,-1.989519,9.593626,54.598395,-3.325570,0.874331
40.25000,-0.000000,8.284213,-0.119110,-3.847533,0.858953
40.25500,1.989519,6.457368,-59.431912,-3.009580,0.744342
40.26000,3.854029,4.074821,-113.067237,-5.085393,0.699253
40.26500,5.476377,1.357157,-159.369308,-6.567030,0.314155
40.27000,6.754623,-2.572385,-192.951988,-4.865682,0.528518
40.27500,7.608452,-4.965030,-209.982785,-5.521973,0.341218
40.28000,7.984214,-7.639632,-236.059314,-5.684996,0.329816
40.28500,7.858298,-9.724237,-219.610021,-3.691812,0.345195
40.29000,7.238616,-10.898993,-201.990976,-4.276212,0.405542
40.29500,6.164106,-11.391836,-176.291553,-3.330199,0.507491
40.30000,4.702282,-11.067408,-130.771050,-1.123796,0.430985
40.30500,2.944996,-11.291101,-77.526854,0.433897,0.841235
40.31000,1.002666,-9.300026,-31.593949,2.226096,0.932420
40.31500,-1.002666,-7.664388,29.257228,2.222627,0.961725
40.32000,-2.944996,-4.190472,80.979053,6.977417,1.161012
40.32500,-4.702282,-1.301324,131.563619,6.909684,1.479570
40.33000,-6.164106,0.664550,173.830674,7.188014,1.345976
40.33500,-7.238616,3.400410,204.205502,7.895173,1.286583
40.34000,-7.858298,6.566955,219.256521,4.990576,1.466043
40.34500,-7.984214,8.921335,223.382966,8.943298,1.151798
40.35000,-7.608452,9.772693,219.805655,6.306684,1.104794
40.35500,-6.754623,11.048249,197.260117,7.437245,0.918932
40.36000,-5.476377,11.677269,156.133413,4.565742,0.772707
40.36500,-3.854029,10.725152,112.458398,6.043333,0.668124
40.37000,-1.989519,10.712558,54.688090,3.097685,0.441554
40.37500,-0.000000,8.371570,-2.098430,2.276229,0.099415
40.38000,1.989519,6.132982,-55.489375,3.161970,-0.046953
40.38500,3.854029,2.982485,-104.324375,1.513358,-0.212604
40.39000,5.476377,1.145891,-153.986834,-2.074480,-0.419997
40.39500,6.754623,-2.828030,-196.688021,-1.866054,-0.507911
40.40000,7.608452,-5.308033,-211.300146,-1.124226,-0.659257
40.40500,7.984214,-7.681972,-216.789924,-1.622361,-0.702437
40.41000,7.858298,-9.444371,-220.710068,-0.105998,-0.625380
40.41500,7.238616,-11.364231,-211.744577,-1.267861,-0.689559
40.42000,6.164106,-11.777670,-173.455564,-1.838574,-0.471496
40.42500,4.702282,-11.169072,-124.826854,0.293120,-0.426670
40.43000,2.944996,-10.688674,-84.457974,2.267699,-0.373558
40.43500,1.002666,-9.200844,-26.771301,4.294157,-0.209361
40.44000,-1.002666,-6.837257,27.086900,5.661106,-0.062626
40.44500,-2.944996,-4.601682,85.055546,7.276806,0.091509
40.45000,-4.702282,-1.604705,123.896935,6.948098,0.221503
40.45500,-6.164106,0.868150,170.942868,7.050215,0.265569
40.46000,-7.238616,3.316947,202.947375,8.472014,0.243043
40.46500,-7.858298,7.000941,224.059734,7.526290,0.471664
40.47000,-7.984214,7.791073,226.104840,6.803366,0.385831
40.47500,-7.608452,9.605823,211.442898,6.208447,0.236544
40.48000,-6.754623,10.738151,189.458634,6.969037,0.213021
40.48500,-5.476377,12.557179,149.599406,6.524946,0.019174
40.49000,-3.854029,11.200049,105.058383,5.069855,-0.190460
40.49500,-1.989519,10.530735,53.753126,0.319685,-0.319831
40.50000,-0.000000,7.690188,1.116911,2.099623,-0.231736
40.50500,1.989519,5.636804,-49.291838,-1.780062,-0.547688
40.51000,3.854029,3.605476,-110.472981,-2.027368,-0.676303
40.51500,5.476377,0.428688,-157.255560,-1.895793,-0.921242
40.52000,6.754623,-2.212663,-190.880067,-4.829642,-0.894368
40.52500,7.608452,-4.747711,-224.965608,-5.103316,-0.762996
40.53000,7.984214,-7.391364,-223.069548,-4.632524,-0.928798
40.53500,7.858298,-9.352308,-218.287346,-1.560525,-0.811338
40.54000,7.238616,-10.667582,-208.698931,-1.757729,-0.699422
40.54500,6.164106,-11.535499,-176.785852,-3.294681,-0.630928
40.55000,4.702282,-11.287274,-125.764580,-1.119905,-0.385111
40.55500,2.944996,-10.260760,-83.191448,-0.028226,-0.342647
40.56000,1.002666,-9.642877,-30.559265,1.328262,-0.135315
40.56500,-1.002666,-7.131963,25.296256,1.260640,-0.065591
40.57000,-2.944996,-4.415121,90.023201,4.798089,0.418372
40.57500,-4.702282,-2.110112,132.318002,3.530280,0.335865
40.58000,-6.164106,0.821469,170.824460,5.556710,0.431405
40.58500,-7.238616,4.476657,206.050921,2.988673,0.633734
40.59000,-7.858298,6.775909,229.565676,5.463792,0.489541
40.59500,-7.984214,9.480288,221.316765,4.918964,0.533059
40.60000,-7.608452,10.978782,207.344040,5.780291,0.414233
40.60500,-6.754623,11.087885,197.486834,0.343610,0.412577
40.61000,-5.476377,11.269521,154.825363,2.981427,0.262721
40.61500,-3.854029,11.049354,113.655925,2.083805,0.220717
40.62000,-1.989519,10.445579,59.664342,-0.460468,0.010344
40.62500,-0.000000,6.912383,-5.419616,0.090016,-0.183779
40.63000,1.989519,6.127489,-62.991468,-0.216512,-0.295288
40.63500,3.854029,3.987033,-103.877982,-2.725240,-0.402255
40.64000,5.476377,0.650008,-157.447074,-3.682314,-0.538649
40.64500,6.754623,-2.117421,-189.591273,-3.665831,-0.463614
40.65000,7.608452,-5.094959,-219.802651,-5.044013,-0.517331
40.65500,7.984214,-8.129645,-222.583653,-4.125166,-0.556357
40.66000,7.858298,-8.983288,-225.667196,-4.547563,-0.633755
40.66500,7.238616,-10.871118,-209.087070,-5.443569,-0.378967
40.67000,6.164106,-11.242142,-169.831522,-5.015942,-0.431368
40.67500,4.702282,-11.403448,-130.202943,-1.364848,-0.142832
40.68000,2.944996,-9.841509,-84.004203,-0.855223,0.006906
40.68500,1.002666,-9.046309,-23.939469,-1.098776,0.114782
40.69000,-1.002666,-7.060318,22.720569,0.928259,0.257331
40.69500,-2.944996,-4.824543,87.458646,3.720468,0.422267
40.70000,-4.702282,-2.367975,138.896940,0.951834,0.817123
40.70500,-6.164106,1.036078,176.964885,2.611939,0.690119
40.71000,-7.238616,4.159056,203.415513,4.917490,0.756265
40.71500,-7.858298,6.310004,218.337866,5.198770,0.888800
40.72000,-7.984214,7.606745,226.136121,2.692832,0.814165
40.72500,-7.608452,9.866495,210.392647,2.422392,0.812990
40.73000,-6.754623,12.049183,191.678780,3.033442,0.492271
40.73500,-5.476377,11.329717,153.452182,3.514565,0.375492
40.74000,-3.854029,11.251702,108.080818,0.760729,0.650354
40.74500,-1.989519,9.279646,57.178584,-3.180655,0.158488
40.75000,-0.000000,8.115216,-4.133710,-0.494097,-0.033948
40.75500,1.989519,5.746757,-56.318842,-2.882020,-0.151303
40.76000,3.854029,3.815212,-108.645981,-4.412842,-0.214573
40.76500,5.476377,0.896801,-161.517290,-6.047562,-0.542868
40.77000,6.754623,-2.021917,-184.747518,-3.853446,-0.484701
40.77500,7.608452,-4.568262,-216.231647,-5.198871,-0.560898
40.78000,7.984214,-7.626371,-226.612455,-4.989743,-0.498425
40.78500,7.858298,-8.665537,-218.235011,-4.693368,-0.511381
40.79000,7.238616,-10.852031,-201.564569,-3.945028,-0.506014
40.79500,6.164106,-11.053089,-182.578762,-2.579228,-0.431846
40.80000,4.702282,-10.521165,-125.141337,-0.462698,-0.450886
40.80500,2.944996,-10.882297,-76.558324,-2.486565,0.028866
40.81000,1.002666,-9.085556,-30.508634,-0.061549,-0.050242
40.81500,-1.002666,-7.293174,30.526879,0.741940,0.207214
40.82000,-2.944996,-4.729667,85.388080,4.378527,0.548307
40.82500,-4.702282,-1.895537,128.692611,3.045145,0.466851
40.83000,-6.164106,0.835345,175.017816,2.235245,0.655600
40.83500,-7.238616,3.708272,205.854038,4.543071,0.629471
40.84000,-7.858298,6.605607,228.592526,3.871702,0.730730
40.84500,-7.984214,7.960611,216.322632,3.702684,0.638612
40.85000,-7.608452,9.884132,213.525557,3.582943,0.519553
40.85500,-6.754623,11.023006,186.512470,1.843871,0.596085
40.86000,-5.476377,10.986772,160.451111,0.155078,0.307754
40.86500,-3.854029,11.318827,104.685753,3.571651,0.050365
40.87000,-1.989519,9.889375,51.848240,-0.065383,-0.018357
40.87500,-0.000000,7.996123,-3.758903,-2.234918,-0.102790
40.88000,1.989519,5.536239,-55.857471,-1.573874,-0.421817
40.88500,3.854029,3.105803,-107.946816,-1.764752,-0.380272
40.89000,5.476377,0.816169,-153.334790,-6.182023,-0.497009
40.89500,6.754623,-2.788361,-192.674829,-5.223233,-0.447195
40.90000,7.608452,-4.612616,-215.685377,-4.640916,-0.755515
40.90500,7.984214,-7.160365,-229.329223,-5.913307,-0.630764
40.91000,7.858298,-9.261707,-225.385346,-4.049565,-0.814864
40.91500,7.238616,-11.460048,-207.619541,-5.383112,-0.615329
40.92000,6.164106,-11.764977,-179.061016,-3.828980,-0.452376
40.92500,4.702282,-10.975194,-124.511000,-2.112163,-0.284305
40.93000,2.944996,-10.825087,-83.421779,-0.263076,-0.172305
40.93500,1.002666,-9.567840,-28.450234,0.539682,-0.011465
40.94000,-1.002666,-7.548935,26.621638,0.928713,0.099978
40.94500,-2.944996,-4.627118,82.018490,2.420609,0.265067
40.95000,-4.702282,-2.798601,139.607505,1.332920,0.464242
40.95500,-6.164106,1.292773,181.656808,7.017167,0.585478
40.96000,-7.238616,3.795163,202.584785,4.486061,0.654085
40.96500,-7.858298,5.869168,221.628721,4.755164,0.709278
40.97000,-7.984214,8.770385,233.538884,5.231779,0.707792
40.97500,-7.608452,9.050808,210.240301,5.109337,0.360395
40.98000,-6.754623,10.709290,191.165064,4.091302,0.387921
40.98500,-5.476377,11.690286,157.758568,1.922700,0.297263
40.99000,-3.854029,11.797620,106.216152,-0.360638,0.103812
40.99500,-1.989519,9.576176,60.203041,0.143605,0.106920
41.00000,-0.000000,7.756541,-6.106340,-1.827679,-0.083437
41.00500,1.989519,6.075575,-53.326628,-2.718777,-0.319344
41.01000,3.854029,3.512801,-102.696816,-3.114103,-0.433153
41.01500,5.476377,0.305052,-159.741172,-3.665151,-0.432547
41.02000,6.754623,-2.592862,-188.862024,-3.014970,-0.663103
41.02500,7.608452,-4.349400,-208.474605,-4.982211,-0.697177
41.03000,7.984214,-7.822047,-227.685657,-6.802254,-0.576180
41.03500,7.858298,-10.071227,-222.041540,-3.766380,-0.573614
41.04000,7.238616,-10.931988,-205.128494,-2.743803,-0.399643
41.04500,6.164106,-10.902313,-180.171428,-4.877867,-0.384636
41.05000,4.702282,-11.130345,-133.186207,-1.182093,-0.206359
41.05500,2.944996,-10.690203,-76.109348,-0.479805,-0.171522
41.06000,1.002666,-9.798639,-28.884800,-0.089406,-0.042933
41.06500,-1.002666,-7.290813,33.862707,1.962618,0.209921
41.07000,-2.944996,-3.589747,70.614793,3.331143,0.106437
41.07500,-4.702282,-1.779239,132.159120,4.508422,0.528356
41.08000,-6.164106,1.296157,164.135130,5.865521,0.679965
41.08500,-7.238616,3.023874,199.620062,4.938859,0.655289
41.09000,-7.858298,6.123102,223.086710,5.071593,0.647870
41.09500,-7.984214,8.271476,231.558680,7.713823,0.753117
41.10000,-7.608452,10.912906,213.135270,3.151522,0.584404
41.10500,-6.754623,11.098980,197.116907,3.320746,0.586131
41.11000,-5.476377,11.527682,154.377454,2.242902,0.576047
41.11500,-3.854029,10.958326,107.822974,2.409400,0.286672
41.12000,-1.989519,8.872438,49.863765,1.569752,0.146255
41.12500,-0.000000,8.825989,-5.287470,-2.517761,-0.059838
41.13000,1.989519,5.300522,-59.409732,-0.717561,-0.238676
41.13500,3.854029,3.224017,-109.607479,-4.590476,-0.374209
41.14000,5.476377,-0.043985,-147.570569,-0.990461,-0.505673
41.14500,6.754623,-2.519006,-183.722461,-5.406593,-0.486337
41.15000,7.608452,-5.203460,-210.633895,-3.619992,-0.784685
41.15500,7.984214,-7.652130,-225.409888,-5.201991,-0.654584
41.16000,7.858298,-8.786626,-220.283659,-3.727696,-0.524122
41.16500,7.238616,-11.268868,-199.332884,-4.811334,-0.587992
41.17000,6.164106,-11.586320,-180.338260,-2.911750,-0.404130
41.17500,4.702282,-11.198363,-133.608920,-1.975757,-0.321500
41.18000,2.944996,-10.851982,-79.916832,-0.702945,-0.056473
41.18500,1.002666,-9.478791,-32.795869,1.360904,0.147764
41.19000,-1.002666,-6.439062,35.044119,1.133878,0.364968
41.19500,-2.944996,-4.471613,85.194125,2.384501,0.421499
41.20000,-4.702282,-2.390862,134.344963,2.166175,0.429818
41.20500,-6.164106,0.960186,175.318259,4.250056,0.617754
41.21000,-7.238616,3.308191,202.747364,4.269012,0.706841
41.21500,-7.858298,6.483945,224.013072,6.003214,0.806064
41.22000,-7.984214,7.901092,223.905961,5.567772,0.442913
41.22500,-7.608452,10.518698,212.738638,3.450680,0.621312
41.23000,-6.754623,11.376354,190.459417,4.055562,0.312260
41.23500,-5.476377,11.694380,160.285830,4.092998,0.427277
41.24000,-3.854029,11.157578,104.506587,1.168858,0.251122
41.24500,-1.989519,10.161370,59.447120,-1.190085,0.093559
41.25000,-0.000000,7.976447,4.268264,1.811806,-0.034564
41.25500,1.989519,6.120463,-56.995206,-1.598319,-0.239461
41.26000,3.854029,3.715172,-110.745869,-2.464061,-0.477455
41.26500,5.476377,0.799950,-152.647417,-1.195438,-0.494639
41.27000,6.754623,-2.662722,-193.714554,-5.634676,-0.492542
41.27500,7.608452,-4.772425,-222.215618,-4.629691,-0.659205
41.28000,7.984214,-7.944817,-219.736168,-7.175910,-0.645112
41.28500,7.858298,-9.706101,-228.162004,-4.049561,-0.722611
41.29000,7.238616,-11.127064,-207.359198,-3.538880,-0.416071
41.29500,6.164106,-11.714291,-177.562546,-4.042851,-0.462657
41.30000,4.702282,-11.481888,-133.800905,-3.056031,-0.346582
41.30500,2.944996,-10.395698,-79.753053,-1.070624,-0.162138
41.31000,1.002666,-8.813807,-30.515888,0.112335,-0.038058
41.31500,-1.002666,-7.070987,26.862049,3.452643,0.181156
41.32000,-2.944996,-5.113698,84.362645,2.434667,0.475117
41.32500,-4.702282,-1.726151,130.156286,3.479260,0.554586
41.33000,-6.164106,1.262089,176.197699,4.170277,0.710407
41.33500,-7.238616,3.362813,209.769410,2.941822,0.775515
41.34000,-7.858298,5.786994,224.046245,4.371084,0.566901
41.34500,-7.984214,8.433571,233.461373,3.177490,0.676558
41.35000,-7.608452,10.992462,217.703423,4.421437,0.712196
41.35500,-6.754623,11.085424,193.468658,0.954573,0.690684
41.36000,-5.476377,11.472987,143.475516,1.225052,0.208211
41.36500,-3.854029,11.452119,106.493043,1.696594,0.057895
41.37000,-1.989519,9.565608,60.202149,-2.286069,0.077098
41.37500,-0.000000,7.881566,-5.345238,-2.896113,-0.163843
41.38000,1.989519,6.040019,-57.317133,-1.090377,-0.382877
41.38500,3.854029,3.814931,-105.621289,-4.847523,-0.389632
41.39000,5.476377,0.481481,-150.265175,-4.136079,-0.613075
41.39500,6.754623,-2.546722,-190.339840,-4.343027,-0.832776
41.40000,7.608452,-5.721246,-215.262759,-6.225308,-0.657737
41.40500,7.984214,-6.775005,-224.202905,-6.931467,-0.642222
41.41000,7.858298,-9.933242,-230.865977,-2.835525,-0.551043
41.41500,7.238616,-10.217283,-203.895096,-4.646241,-0.441580
41.42000,6.164106,-11.763455,-178.065470,-2.515459,-0.400351
41.42500,4.702282,-10.949562,-134.370451,-2.938222,-0.300613
41.43000,2.944996,-9.965025,-89.400572,-0.427928,-0.184607
41.43500,1.002666,-9.635013,-36.703495,-1.139926,-0.113858
41.44000,-1.002666,-7.018235,27.157369,0.009650,0.163446
41.44500,-2.944996,-4.495215,85.021406,1.512703,0.449399
41.45000,-4.702282,-1.516142,134.362561,2.946509,0.542717
41.45500,-6.164106,0.713900,168.069033,3.659166,0.772750
41.46000,-7.238616,4.201829,201.031686,4.442371,0.621871
41.46500,-7.858298,6.329956,217.556306,5.465128,0.485689
41.47000,-7.984214,8.071988,227.087498,4.149862,0.713957
41.47500,-7.608452,10.596403,218.765028,5.385139,0.672810
41.48000,-6.754623,11.744510,192.911804,2.763494,0.364643
41.48500,-5.476377,11.538987,156.832205,3.334529,0.194919
41.49000,-3.854029,11.100003,115.690275,2.953001,0.214756
41.49500,-1.989519,10.386999,55.669689,2.224507,0.106716
41.50000,-0.000000,9.047932,-0.696622,-3.375842,-0.232258
41.50500,1.989519,5.566271,-52.371100,-0.214506,-0.313458
41.51000,3.854029,3.906544,-114.938381,-5.331703,-0.493271
41.51500,5.476377,1.466036,-160.130266,-2.445013,-0.643640
41.52000,6.754623,-2.645626,-190.916567,-4.694836,-0.734550
41.52500,7.608452,-4.774576,-207.408600,-4.552377,-0.634934
41.53000,7.984214,-7.418133,-229.831942,-6.040363,-0.682629
41.53500,7.858298,-9.253363,-221.984105,-3.505475,-0.669012
41.54000,7.238616,-10.244162,-207.896407,-3.170717,-0.773916
41.54500,6.164106,-12.135640,-171.485122,-3.744360,-0.243822
41.55000,4.702282,-11.647997,-131.351634,-2.749334,-0.361613
41.55500,2.944996,-11.267713,-83.065601,0.168471,-0.127553
41.56000,1.002666,-9.399352,-31.048548,1.621087,-0.058944
41.56500,-1.002666,-6.476328,26.619416,2.534605,0.247497
41.57000,-2.944996,-5.248303,75.934571,2.309900,0.215384
41.57500,-4.702282,-2.243858,128.196782,3.703583,0.494695
41.58000,-6.164106,0.586854,176.312073,5.508429,0.563511
41.58500,-7.238616,3.849234,193.441738,5.825097,0.728812
41.59000,-7.858298,6.150749,228.252354,6.295110,0.555689
41.59500,-7.984214,8.165395,221.470029,4.960206,0.576675
41.60000,-7.608452,9.847773,216.818871,3.487546,0.554566
41.60500,-6.754623,11.142140,197.321100,3.892243,0.679652
41.61000,-5.476377,11.025834,143.049169,3.104683,0.210930
41.61500,-3.854029,10.135192,102.537772,0.813506,0.230245
41.62000,-1.989519,10.551089,52.442902,0.728004,-0.022127
41.62500,0.000000,8.389409,-0.178835,-2.018258,-0.093951
41.63000,1.989519,5.834041,-51.739485,-1.917809,-0.217474
41.63500,3.854029,3.388135,-101.180019,-3.963932,-0.404913
41.64000,5.476377,0.917489,-156.771700,-1.620459,-0.505217
41.64500,6.754623,-2.639212,-185.280995,-3.278721,-0.582030
41.65000,7.608452,-5.006970,-216.130919,-4.647672,-0.704893
41.65500,7.984214,-7.671759,-227.338270,-6.461280,-0.668432
41.66000,7.858298,-8.887792,-218.268955,-6.025679,-0.764358
41.66500,7.238616,-11.799432,-208.476247,-3.150473,-0.559806
41.67000,6.164106,-12.056186,-179.916805,-3.268226,-0.486098
41.67500,4.702282,-10.842318,-128.166656,-1.663913,-0.297624
41.68000,2.944996,-11.190511,-82.142797,-2.668764,-0.046230
41.68500,1.002666,-9.602272,-28.311167,-1.338720,0.083989
41.69000,-1.002666,-7.782295,29.272514,1.773515,0.253675
41.69500,-2.944996,-5.791563,74.599242,2.513646,0.462392
41.70000,-4.702282,-2.090322,135.313663,2.144902,0.254844
41.70500,-6.164106,1.127287,182.027379,3.478353,0.619555
41.71000,-7.238616,3.806877,204.540377,5.762753,0.635483
41.71500,-7.858298,5.759582,224.628559,4.468443,0.647784
41.72000,-7.984214,8.267072,226.624349,5.464061,0.510388
41.72500,-7.608452,10.862200,220.254873,6.236926,0.626121
41.73000,-6.754623,11.126355,193.622817,3.946080,0.585614
41.73500,-5.476377,11.146371,145.516268,2.723297,0.446534
41.74000,-3.854029,11.522379,112.351797,0.737215,0.190624
41.74500,-1.989519,9.930197,60.407903,1.622266,0.097976
41.75000,-0.000000,7.540573,-8.307812,-2.729883,-0.039122
41.75500,1.989519,5.721225,-57.263197,-3.504476,-0.109190
41.76000,3.854029,3.839042,-105.155096,-3.282876,-0.304562
41.76500,5.476377,0.534490,-148.838191,-5.816654,-0.520140
41.77000,6.754623,-2.321712,-193.591325,-3.529751,-0.603009
41.77500,7.608452,-4.753158,-204.301575,-5.688380,-0.635973
41.78000,7.984214,-7.778740,-223.577096,-4.314136,-0.629154
41.78500,7.858298,-10.043530,-221.646437,-4.956996,-0.656385
41.79000,7.238616,-10.785835,-202.560116,-4.265399,-0.454947
41.79500,6.164106,-11.736609,-171.823411,-3.081141,-0.481481
41.80000,4.702282,-11.444835,-129.202252,-4.320638,-0.352470
41.80500,2.944996,-11.000698,-87.326271,-2.104623,-0.085169
41.81000,1.002666,-9.589866,-25.550035,-0.139334,-0.009682
41.81500,-1.002666,-7.869017,30.554473,4.225947,0.183170
41.82000,-2.944996,-4.692548,95.969008,3.701544,0.156426
41.82500,-4.702282,-1.233146,134.938856,4.540256,0.556883
41.83000,-6.164106,0.317017,173.620429,3.195767,0.576142
41.83500,-7.238616,4.161242,202.076661,5.883279,0.624089
41.84000,-7.858298,6.566812,223.113740,6.424402,0.700042
41.84500,-7.984214,8.217557,224.898235,5.665647,0.654184
41.85000,-7.608452,9.738717,209.321747,7.365995,0.505657
41.85500,-6.754623,11.432462,185.779585,1.974058,0.666592
41.86000,-5.476377,11.390249,153.870404,1.311998,0.304448
41.86500,-3.854029,11.027590,107.443602,1.119455,0.291343
41.87000,-1.989519,9.862433,62.748307,-0.942863,0.211407
41.87500,-0.000000,9.137639,4.081426,-0.987987,-0.186901
41.88000,1.989519,5.403966,-55.851483,-1.619688,-0.274702
41.88500,3.854029,3.637758,-104.701717,-3.281887,-0.500127
41.89000,5.476377,1.406896,-155.896267,-3.983621,-0.433311
41.89500,6.754623,-2.208558,-195.439641,-4.206303,-0.643897
41.90000,7.608452,-4.115414,-222.293387,-4.059526,-0.756830
41.90500,7.984214,-7.445084,-225.346708,-5.707265,-0.524693
41.91000,7.858298,-9.334093,-219.992284,-5.381673,-0.520779
41.91500,7.238616,-10.442255,-200.304174,-2.583656,-0.613149
41.92000,6.164106,-11.767616,-185.098343,-3.498207,-0.301671
41.92500,4.702282,-11.420041,-136.690317,-3.005639,-0.256554
41.93000,2.944996,-10.442089,-83.238829,-0.507477,0.141104
41.93500,1.002666,-9.547096,-29.261957,-0.002355,0.209826
41.94000,-1.002666,-7.066730,19.500744,1.768234,0.154264
41.94500,-2.944996,-4.343670,82.957910,2.672125,0.329954
41.95000,-4.702282,-2.535846,131.226849,4.428641,0.397942
41.95500,-6.164106,0.794598,178.183739,5.470192,0.590317
41.96000,-7.238616,3.850613,199.867482,3.868785,0.641640
41.96500,-7.858298,5.984508,228.799553,3.548216,0.727000
41.97000,-7.984214,8.926556,221.170964,6.645781,0.643206
41.97500,-7.608452,10.696549,222.251938,3.498419,0.432757
41.98000,-6.754623,10.976642,190.818856,1.731804,0.398223
41.98500,-5.476377,11.652741,158.726869,0.349449,0.483486
41.99000,-3.854029,10.891306,107.800459,1.379858,0.309394
41.99500,-1.989519,10.014079,51.246922,-0.560890,0.021756
42.00000,-0.000000,8.539557,5.423598,-3.190371,-0.139896
42.00500,1.989519,6.028906,-57.886634,-3.338006,-0.299118
42.01000,3.854029,3.537169,-104.465131,-4.507869,-0.419154
42.01500,5.476377,0.429200,-158.578760,-2.944275,-0.693541
42.02000,6.754623,-1.765246,-194.792004,-4.410431,-0.525838
42.02500,7.608452,-4.616683,-215.650645,-4.983323,-0.714118
42.03000,7.984214,-7.698533,-220.181539,-6.425776,-0.636070
42.03500,7.858298,-9.160619,-224.238125,-4.817668,-0.849751
42.04000,7.238616,-9.649785,-194.945756,-3.208811,-0.505532
42.04500,6.164106,-11.648644,-173.983147,-2.922507,-0.286574
42.05000,4.702282,-10.839632,-126.184327,-0.807431,-0.488716
42.05500,2.944996,-9.547301,-89.223289,-0.753999,0.027005
42.06000,1.002666,-9.341450,-29.577234,1.210262,0.091169
42.06500,-1.002666,-6.912561,32.384758,2.156442,0.137276
42.07000,-2.944996,-5.717914,88.697639,2.079192,0.204122
42.07500,-4.702282,-1.450531,131.598120,5.245563,0.592929
42.08000,-6.164106,1.131659,184.016458,4.819195,0.602468
42.08500,-7.238616,4.048734,200.699498,5.793205,0.693731
42.09000,-7.858298,6.382461,223.618898,3.718603,0.630546
42.09500,-7.984214,8.920224,232.314627,3.510498,0.558546
42.10000,-7.608452,10.660499,219.439488,4.082976,0.656398
42.10500,-6.754623,11.526983,192.692519,2.597729,0.384225
42.11000,-5.476377,11.444607,159.862508,3.281448,0.434249
42.11500,-3.854029,11.100612,106.438055,1.895087,0.038881
42.12000,-1.989519,10.093244,60.392704,1.617255,-0.051624
42.12500,0.000000,8.262024,-5.570483,-0.370266,-0.266144
42.13000,1.989519,5.754912,-60.026105,-3.553948,-0.158053
42.13500,3.854029,2.938986,-104.238499,-2.168828,-0.589204
42.14000,5.476377,0.584830,-150.733380,-4.868251,-0.642513
42.14500,6.754623,-2.646203,-191.530393,-5.543453,-0.548595
42.15000,7.608452,-5.154845,-219.301700,-4.899205,-0.629715
42.15500,7.984214,-7.966436,-226.342391,-4.954933,-0.440719
42.16000,7.858298,-9.962640,-224.608323,-3.397986,-0.432330
42.16500,7.238616,-10.932385,-197.857893,-0.684832,-0.469253
42.17000,6.164106,-11.545669,-163.918073,-2.614775,-0.348886
42.17500,4.702282,-10.502304,-136.294647,-0.343691,-0.450185
42.18000,2.944996,-10.704313,-81.356148,-1.091754,-0.203077
42.18500,1.002666,-8.807977,-26.281222,0.795025,0.014129
42.19000,-1.002666,-7.038290,31.055845,1.019565,0.189928
42.19500,-2.944996,-4.662076,85.107958,2.247561,0.223598
42.20000,-4.702282,-2.155208,136.967264,5.252020,0.392158
42.20500,-6.164106,1.131843,165.251497,4.925430,0.495992
42.21000,-7.238616,3.918942,202.769858,5.351385,0.738380
42.21500,-7.858298,5.711923,219.761805,4.027180,0.696897
42.22000,-7.984214,8.794641,224.348099,6.770679,0.602603
42.22500,-7.608452,10.103137,209.955898,4.086204,0.546393
42.23000,-6.754623,10.555062,188.890900,2.779413,0.503099
42.23500,-5.476377,11.233732,153.218441,2.536577,0.280901
42.24000,-3.854029,11.466019,111.212165,2.203724,0.173168
42.24500,-1.989519,10.471651,57.827156,1.060472,-0.128314
42.25000,-0.000000,8.302322,-4.398724,0.657109,-0.063348
42.25500,1.989519,6.618134,-61.211434,-3.471246,-0.191542
42.26000,3.854029,3.808127,-115.649462,-3.775620,-0.387211
42.26500,5.476377,-0.025591,-157.135973,-2.290581,-0.487961
42.27000,6.754623,-2.720814,-193.383110,-2.036941,-0.576991
42.27500,7.608452,-4.855267,-217.368991,-5.702294,-0.456244
42.28000,7.984214,-7.807895,-222.531015,-5.055044,-0.631185
42.28500,7.858298,-9.652808,-221.362522,-6.406593,-0.735439
42.29000,7.238616,-10.631290,-200.959127,-4.940480,-0.628932
42.29500,6.164106,-11.570501,-172.921654,-4.136419,-0.346855
42.30000,4.702282,-11.712024,-131.056304,-2.158581,-0.173347
42.30500,2.944996,-11.264069,-79.014072,-2.230497,-0.044900
42.31000,1.002666,-8.386186,-23.939570,1.488451,0.125989
42.31500,-1.002666,-7.838719,39.147642,1.558703,0.224752
42.32000,-2.944996,-4.973725,83.299572,2.448502,0.212535
42.32500,-4.702282,-1.570999,130.976945,4.761279,0.413285
42.33000,-6.164106,0.814457,167.008049,4.089044,0.403498
42.33500,-7.238616,3.291550,209.096941,3.389683,0.599420
42.34000,-7.858298,5.815358,229.610019,4.995969,0.525305
42.34500,-7.984214,8.996134,226.136977,7.308751,0.643555
42.35000,-7.608452,10.513193,213.916768,4.412760,0.556367
42.35500,-6.754623,10.395510,187.252371,4.150574,0.288124
42.36000,-5.476377,10.970274,154.997787,2.332951,0.417889
42.36500,-3.854029,11.433415,98.630295,1.165861,0.271258
42.37000,-1.989519,10.757917,59.596462,0.778045,-0.097050
42.37500,-0.000000,8.116458,-3.230745,-4.133198,-0.113839
42.38000,1.989519,6.503225,-53.988867,-3.676196,-0.214978
42.38500,3.854029,2.791167,-101.428115,-3.964306,-0.450078
42.39000,5.476377,-0.088067,-161.963249,-4.419437,-0.451768
42.39500,6.754623,-2.795665,-192.429273,-2.991656,-0.594168
42.40000,7.608452,-4.796029,-219.045633,-2.111691,-0.549040
42.40500,7.984214,-7.348407,-229.873787,-4.206776,-0.633233
42.41000,7.858298,-9.088396,-218.140346,-4.140775,-0.624998
42.41500,7.238616,-11.511686,-200.702017,-3.185132,-0.479794
42.42000,6.164106,-10.745834,-171.702973,-1.351189,-0.340209
42.42500,4.702282,-11.597605,-130.765675,-3.182228,-0.252095
42.43000,2.944996,-9.546697,-84.786995,-1.414518,-0.162535
42.43500,1.002666,-9.147320,-27.293851,0.586331,-0.031119
42.44000,-1.002666,-8.022870,31.934770,1.973198,0.170275
42.44500,-2.944996,-4.813406,87.000297,0.533896,0.299367
42.45000,-4.702282,-2.396636,131.523807,4.188894,0.500252
42.45500,-6.164106,1.509214,176.335909,2.550377,0.592598
42.46000,-7.238616,3.782595,202.106667,5.725662,0.627538
42.46500,-7.858298,6.826313,216.216748,5.948873,0.654983
42.47000,-7.984214,8.163589,233.905155,2.148486,0.650004
42.47500,-7.608452,9.853653,215.477306,4.881256,0.722669
42.48000,-6.754623,11.281074,191.067231,3.768813,0.590166
42.48500,-5.476377,11.583816,151.903846,1.842071,0.291116
42.49000,-3.854029,10.763101,109.592964,2.527726,0.237986
42.49500,-1.989519,10.290244,54.248027,2.520310,0.003818
42.50000,-0.000000,8.841748,3.211776,-0.476793,-0.138019
42.50500,1.989519,5.944973,-49.925843,-3.505799,-0.308291
42.51000,3.854029,3.252171,-110.996420,-4.951129,-0.483353
42.51500,5.476377,0.406817,-158.147885,-5.468955,-0.666180
42.52000,6.754623,-2.039833,-191.064579,-5.869868,-0.850693
42.52500,7.608452,-5.064856,-214.366619,-3.663056,-0.633762
42.53000,7.984214,-7.251648,-227.323004,-4.608458,-0.537931
42.53500,7.858298,-8.924092,-227.994527,-4.638389,-0.697460
42.54000,7.238616,-10.895991,-203.166145,-2.966378,-0.481037
42.54500,6.164106,-11.575942,-173.683865,-3.086377,-0.453743
42.55000,4.702282,-11.556725,-133.084099,-1.999260,-0.250044
42.55500,2.944996,-10.049222,-85.681115,-1.823388,-0.198088
42.56000,1.002666,-9.312092,-28.130866,-0.321859,0.021629
42.56500,-1.002666,-7.233590,27.599605,1.659137,0.194654
42.57000,-2.944996,-4.932426,79.789107,1.381230,0.124053
42.57500,-4.702282,-1.660767,133.481892,5.617748,0.500495
42.58000,-6.164106,1.020511,173.522611,4.541260,0.562152
42.58500,-7.238616,3.190412,206.280638,4.193532,0.395268
42.59000,-7.858298,6.691895,221.367805,6.096164,0.717134
42.59500,-7.984214,8.671586,227.755286,3.546610,0.629377
42.60000,-7.608452,10.688658,208.719224,5.524335,0.590736
42.60500,-6.754623,11.438554,190.972414,3.636606,0.508255
42.61000,-5.476377,11.521016,148.184841,4.748300,0.305608
42.61500,-3.854029,10.725116,115.762561,0.778702,0.092517
42.62000,-1.989519,10.483805,56.057318,-0.274896,-0.008377
42.62500,0.000000,8.868523,2.176545,-2.038984,-0.170792
42.63000,1.989519,5.714877,-57.367262,-3.687056,-0.070885
42.63500,3.854029,3.430972,-107.823564,-2.983566,-0.245582
42.64000,5.476377,0.811057,-153.800765,-5.341580,-0.582979
42.64500,6.754623,-2.330286,-192.208542,-4.316811,-0.654123
42.65000,7.608452,-4.850486,-221.470269,-5.716132,-0.622750
42.65500,7.984214,-7.605877,-229.194381,-3.719143,-0.598179
42.66000,7.858298,-9.677325,-220.958036,-7.577373,-0.677943
42.66500,7.238616,-10.251313,-201.907929,-3.499771,-0.627666
42.67000,6.164106,-12.189195,-175.921614,-3.055464,-0.230023
42.67500,4.702282,-11.160730,-135.965972,-2.041228,-0.175538
42.68000,2.944996,-11.022739,-83.590166,-1.583685,-0.271667
42.68500,1.002666,-9.252743,-30.924406,2.432622,-0.128005
42.69000,-1.002666,-7.551535,30.310074,1.143393,0.124367
42.69500,-2.944996,-4.741218,74.762028,3.233545,0.374141
42.70000,-4.702282,-2.310871,127.832248,3.376785,0.531920
42.70500,-6.164106,0.958850,178.022059,3.975320,0.541533
42.71000,-7.238616,3.070963,205.337312,4.930751,0.477322
42.71500,-7.858298,5.826446,231.940031,5.743405,0.674837
42.72000,-7.984214,8.435112,221.437836,3.476155,0.690244
42.72500,-7.608452,10.438168,220.448748,3.742564,0.570059
42.73000,-6.754623,10.849710,192.068263,1.895495,0.424435
42.73500,-5.476377,12.372095,162.041785,3.018334,0.400916
42.74000,-3.854029,10.986645,115.485153,0.421333,0.190209
42.74500,-1.989519,10.391137,52.318100,-0.684061,-0.075031
42.75000,-0.000000,7.556523,-2.876268,-0.304316,-0.121081
42.75500,1.989519,5.659657,-58.242361,-2.254266,-0.412232
42.76000,3.854029,3.025273,-98.547488,-2.809076,-0.330981
42.76500,5.476377,0.107652,-152.025898,-4.278087,-0.490894
42.77000,6.754623,-2.953794,-195.729894,-4.216408,-0.711661
42.77500,7.608452,-5.207878,-222.268723,-4.875666,-0.633990
42.78000,7.984214,-7.813157,-223.623687,-6.247158,-0.531773
42.78500,7.858298,-8.716388,-220.812093,-4.366589,-0.820242
42.79000,7.238616,-10.806912,-206.401771,-4.388711,-0.544906
42.79500,6.164106,-11.348411,-172.986519,-3.393354,-0.257521
42.80000,4.702282,-12.331118,-139.905960,-1.720828,-0.429580
42.80500,2.944996,-10.052163,-82.518889,-1.491160,-0.137909
42.81000,1.002666,-8.612134,-26.632790,-0.836468,-0.096232
42.81500,-1.002666,-7.742427,30.168208,2.993588,0.197432
42.82000,-2.944996,-5.267494,80.621458,4.875756,0.118190
42.82500,-4.702282,-2.378781,133.904045,3.278703,0.320106
42.83000,-6.164106,1.444482,172.657622,5.726522,0.521759
42.83500,-7.238616,3.105658,195.073161,5.274040,0.647221
42.84000,-7.858298,5.841547,212.299216,4.207905,0.690194
42.84500,-7.984214,7.810723,229.347218,3.799613,0.673049
42.85000,-7.608452,10.285881,210.736404,3.960875,0.682143
42.85500,-6.754623,11.565622,194.015642,3.032126,0.540545
42.86000,-5.476377,11.123085,151.314502,2.165953,0.417020
42.86500,-3.854029,11.634780,111.200698,1.267795,0.099787
42.87000,-1.989519,10.120821,62.186983,-1.134812,0.018447
42.87500,-0.000000,7.971717,9.829657,-0.057018,0.181149
42.88000,1.989519,6.320955,-57.116046,-3.556338,-0.064579
42.88500,3.854029,3.996836,-101.673078,-4.524835,-0.343617
42.89000,5.476377,1.151949,-152.833185,-3.040384,-0.464116
42.89500,6.754623,-2.054808,-204.299114,-3.808165,-0.517992
42.90000,7.608452,-4.455563,-225.387507,-3.284102,-0.694202
42.90500,7.984214,-7.445421,-223.189658,-4.791818,-0.461490
42.91000,7.858298,-9.270681,-216.762914,-5.362949,-0.648364
42.91500,7.238616,-10.008613,-205.601612,-2.655558,-0.539350
42.92000,6.164106,-11.512657,-174.471029,-3.225537,-0.204347
42.92500,4.702282,-11.780494,-135.870687,-2.190886,-0.482585
42.93000,2.944996,-11.207439,-86.416113,-1.837548,-0.086049
42.93500,1.002666,-9.489749,-23.331448,0.865514,-0.126502
42.94000,-1.002666,-8.065923,27.569795,-1.136825,0.139887
42.94500,-2.944996,-5.207247,80.740157,3.347589,0.343405
42.95000,-4.702282,-2.537737,135.449596,1.349349,0.443841
42.95500,-6.164106,0.764643,171.663188,5.407469,0.591319
42.96000,-7.238616,3.092473,206.031908,3.012966,0.558275
42.96500,-7.858298,6.234236,220.400980,5.747529,0.643101
42.97000,-7.984214,8.491523,227.338334,7.651242,0.514762
42.97500,-7.608452,10.511034,214.231171,3.963523,0.531809
42.98000,-6.754623,11.653230,183.749843,2.173363,0.335751
42.98500,-5.476377,12.214854,159.118766,4.816857,0.409503
42.99000,-3.854029,11.044688,112.469768,0.898228,0.068024
42.99500,-1.989519,9.469322,56.583009,-1.116221,0.102106
43.00000,-0.000000,8.667640,-2.015138,0.399570,-0.171144
43.00500,1.989519,6.263095,-50.879822,-5.555650,-0.316364
43.01000,3.854029,3.272511,-112.749691,-5.009277,-0.308342
43.01500,5.476377,0.963876,-153.216109,-5.648693,-0.525861
43.02000,6.754623,-1.431760,-188.649370,-5.502802,-0.801800
43.02500,7.608452,-4.853818,-212.382875,-7.337378,-0.605328
43.03000,7.984214,-7.619205,-226.500067,-3.990781,-0.939974
43.03500,7.858298,-9.310398,-223.714174,-3.420980,-0.585172
43.04000,7.238616,-11.158073,-196.588338,-4.054129,-0.570903
43.04500,6.164106,-10.609180,-177.694665,-3.597539,-0.556166
43.05000,4.702282,-11.946358,-140.466541,-3.870109,-0.270600
43.05500,2.944996,-11.117427,-89.591849,-0.305501,-0.152066
43.06000,1.002666,-8.824869,-28.239211,-0.421239,0.241028
43.06500,-1.002666,-7.341250,24.922397,2.334747,0.160668
43.07000,-2.944996,-5.325424,86.503069,3.924322,0.544601
43.07500,-4.702282,-1.638616,137.575274,3.733187,0.615340
43.08000,-6.164106,1.343643,166.567315,1.925618,0.513755
43.08500,-7.238616,2.990144,197.073575,3.732874,0.552924
43.09000,-7.858298,6.569153,220.872543,6.547471,0.784081
43.09500,-7.984214,8.927151,226.438456,5.093300,0.618055
43.10000,-7.608452,10.971061,209.672367,5.945431,0.585786
43.10500,-6.754623,11.422190,188.726383,0.924948,0.447111
43.11000,-5.476377,11.874011,146.854956,2.422526,0.224901
43.11500,-3.854029,11.206602,111.560721,1.207859,0.158607
43.12000,-1.989519,10.372917,61.913546,-1.713749,-0.061445
43.12500,0.000000,9.081833,0.812956,-1.813575,-0.282271
43.13000,1.989519,6.403586,-54.637903,-1.098950,-0.315575
43.13500,3.854029,3.204598,-106.453040,-2.647400,-0.247571
43.14000,5.476377,0.588779,-149.613598,-4.738535,-0.375981
43.14500,6.754623,-1.426586,-186.460409,-4.310372,-0.620965
43.15000,7.608452,-5.541831,-212.109816,-3.584248,-0.641168
43.15500,7.984214,-7.691828,-221.867485,-6.207862,-0.602574
43.16000,7.858298,-9.677844,-227.581149,-4.269736,-0.476373
43.16500,7.238616,-10.200668,-202.267215,-2.768195,-0.499652
43.17000,6.164106,-11.829155,-177.090979,-3.916020,-0.465354
43.17500,4.702282,-11.603834,-130.660664,-0.523953,-0.317308
43.18000,2.944996,-10.702018,-82.731930,-0.953085,-0.008846
43.18500,1.002666,-9.018500,-27.731942,1.694598,0.301709
43.19000,-1.002666,-6.991896,31.112234,2.698640,0.141760
43.19500,-2.944996,-5.285437,84.554687,3.047345,0.148287
43.20000,-4.702282,-2.524937,132.001992,3.343074,0.559148
43.20500,-6.164106,0.240923,182.589640,3.630185,0.566637
43.21000,-7.238616,4.178165,205.543593,5.028289,0.647621
43.21500,-7.858298,6.186625,224.618110,5.205868,0.776497
43.22000,-7.984214,8.580907,225.041149,6.415619,0.638333
43.22500,-7.608452,10.180960,213.081324,4.191980,0.437855
43.23000,-6.754623,10.584769,188.136488,3.949205,0.276811
43.23500,-5.476377,10.849323,155.538365,4.525645,0.340215
43.24000,-3.854029,10.679293,109.378607,1.795733,0.080214
43.24500,-1.989519,10.898453,59.282833,0.720646,0.062733
43.25000,0.000000,8.176913,-1.439185,0.821196,-0.257311
43.25500,1.989519,6.308506,-50.712544,-2.128467,-0.321517
43.26000,3.854029,3.032177,-104.639556,-2.808078,-0.571342
43.26500,5.476377,1.726221,-164.498518,-3.227074,-0.572645
43.27000,6.754623,-2.229478,-196.871256,-4.823130,-0.659246
43.27500,7.608452,-5.681788,-216.840542,-6.269974,-0.595186
43.28000,7.984214,-7.646653,-225.099345,-6.650780,-0.519401
43.28500,7.858298,-9.258962,-219.902920,-4.843434,-0.629746
43.29000,7.238616,-10.338149,-202.933885,-2.669458,-0.617226
43.29500,6.164106,-11.607698,-175.398597,-1.945818,-0.222510
43.30000,4.702282,-11.146188,-125.919082,-0.137913,-0.241996
43.30500,2.944996,-10.556933,-88.539493,0.213172,-0.060382
43.31000,1.002666,-9.169227,-30.170455,-0.353865,0.103610
43.31500,-1.002666,-7.435513,25.529910,-0.074171,0.349478
43.32000,-2.944996,-4.637241,83.878869,2.139047,0.453434
43.32500,-4.702282,-1.568874,134.481271,3.376617,0.546380
43.33000,-6.164106,0.845876,174.415486,3.530904,0.651094
43.33500,-7.238616,3.541711,206.624923,5.907970,0.548292
43.34000,-7.858298,7.475381,222.171024,4.036985,0.592792
43.34500,-7.984214,8.794649,231.027659,5.455269,0.621223
43.35000,-7.608452,10.457364,212.828064,5.205861,0.579600
43.35500,-6.754623,10.595733,188.862934,1.507470,0.474560
43.36000,-5.476377,12.013393,157.121211,2.065478,0.376107
43.36500,-3.854029,10.476388,110.472745,2.883810,0.198590
43.37000,-1.989519,10.572515,58.057563,1.171472,-0.008568
43.37500,-0.000000,8.482506,0.076404,-0.914762,-0.292153
43.38000,1.989519,5.887292,-61.787047,-3.528007,-0.202529
43.38500,3.854029,3.169673,-107.656625,-4.094602,-0.365631
43.39000,5.476377,0.687251,-157.850673,-4.007999,-0.623932
43.39500,6.754623,-2.438416,-187.923507,-3.215980,-0.564683
43.40000,7.608452,-5.743324,-213.622348,-4.396863,-0.614791
43.40500,7.984214,-6.987550,-225.375887,-5.046151,-0.645846
43.41000,7.858298,-10.047546,-223.976411,-4.335826,-0.794882
43.41500,7.238616,-10.841637,-200.628612,-3.075610,-0.651394
43.42000,6.164106,-11.663611,-174.427403,-5.154341,-0.477505
43.42500,4.702282,-10.771200,-138.864450,-3.196098,-0.116628
43.43000,2.944996,-11.333544,-79.135245,-0.810018,-0.206974
43.43500,1.002666,-8.840853,-20.460269,1.811782,0.008425
43.44000,-1.002666,-7.064727,32.329173,2.881176,0.093450
43.44500,-2.944996,-6.034364,84.774507,1.830210,0.303626
43.45000,-4.702282,-2.644198,129.730036,3.712263,0.513105
43.45500,-6.164106,0.549153,173.081583,3.531418,0.367362
43.46000,-7.238616,3.233493,207.851003,4.374159,0.350590
43.46500,-7.858298,6.377649,225.832992,5.127230,0.719879
43.47000,-7.984214,8.734895,226.332580,4.353511,0.635450
43.47500,-7.608452,10.617761,219.472953,3.639793,0.509881
43.48000,-6.754623,10.900327,198.798339,2.176806,0.569641
43.48500,-5.476377,11.765758,155.313184,0.707911,0.442363
43.49000,-3.854029,11.053239,111.919407,1.190628,-0.013644
43.49500,-1.989519,10.277247,58.704291,0.407325,0.017393
43.50000,-0.000000,8.308790,2.929143,-0.340623,-0.019123
43.50500,1.989519,6.078410,-50.646564,-3.192591,-0.352944
43.51000,3.854029,3.316680,-111.219619,-4.121721,-0.455719
43.51500,5.476377,0.827881,-159.016344,-2.641803,-0.440771
43.52000,6.754623,-2.226985,-192.652465,-4.206533,-0.641234
43.52500,7.608452,-5.429940,-217.340940,-3.944318,-0.773982
43.53000,7.984214,-8.330172,-228.365520,-5.611159,-0.721810
43.53500,7.858298,-8.978555,-218.951548,-5.445377,-0.743772
43.54000,7.238616,-10.446966,-200.825008,-5.329085,-0.475507
43.54500,6.164106,-11.497439,-177.842161,-1.958613,-0.589996
43.55000,4.702282,-10.934451,-142.052884,-3.368657,-0.177786
43.55500,2.944996,-10.707101,-91.306843,-2.866486,-0.285841
43.56000,1.002666,-9.317179,-28.704741,-0.474855,0.047539
43.56500,-1.002666,-7.443341,27.880601,3.092922,0.057654
43.57000,-2.944996,-4.262654,78.536536,2.768167,0.321156
43.57500,-4.702282,-1.275296,133.184178,3.953077,0.581112
43.58000,-6.164106,0.759417,178.104721,4.528045,0.686920
43.58500,-7.238616,3.416922,204.698076,4.773326,0.764698
43.59000,-7.858298,6.741303,224.472902,4.760881,0.644730
43.59500,-7.984214,8.879940,217.414481,3.138532,0.642646
43.60000,-7.608452,10.448298,217.196613,6.225670,0.593569
43.60500,-6.754623,10.607598,188.535546,3.354999,0.534353
43.61000,-5.476377,11.675630,155.235593,3.965822,0.305289
43.61500,-3.854029,11.238704,102.492798,-0.406916,0.306049
43.62000,-1.989519,9.942500,53.063550,0.812008,0.066716
43.62500,0.000000,8.533937,-3.678477,-2.436711,-0.015469
43.63000,1.989519,6.028914,-60.572141,-3.745683,-0.238273
43.63500,3.854029,3.632860,-108.494604,-2.970316,-0.356521
43.64000,5.476377,0.612326,-155.861366,-2.915084,-0.609283
43.64500,6.754623,-2.386686,-191.513334,-3.100195,-0.656122
43.65000,7.608452,-4.286463,-210.424955,-3.427181,-0.783613
43.65500,7.984214,-7.453770,-223.773845,-5.266104,-0.682786
43.66000,7.858298,-9.134367,-220.652874,-3.699493,-0.628816
43.66500,7.238616,-10.365017,-201.992645,-4.684510,-0.447263
43.67000,6.164106,-11.854977,-173.498190,-3.743434,-0.543596
43.67500,4.702282,-11.501547,-128.425552,-1.762294,0.045846
43.68000,2.944996,-11.044298,-81.109752,-0.987912,-0.133454
43.68500,1.002666,-9.328157,-29.843142,1.385039,0.168999
43.69000,-1.002666,-7.750988,27.323501,-0.514941,0.308496
43.69500,-2.944996,-4.427987,85.966333,4.058470,0.100371
43.70000,-4.702282,-2.035202,129.849032,3.003402,0.452529
43.70500,-6.164106,0.332805,174.358527,6.111606,0.722143
43.71000,-7.238616,3.888158,204.599269,6.158544,0.391280
43.71500,-7.858298,5.873716,221.258822,3.616147,0.730608
43.72000,-7.984214,7.898583,225.255376,4.715374,0.540167
43.72500,-7.608452,10.359649,216.987453,5.078344,0.523559
43.73000,-6.754623,11.240677,195.304907,2.611824,0.495113
43.73500,-5.476377,11.246204,162.326149,1.692594,0.158318
43.74000,-3.854029,11.463947,110.892943,1.060013,0.215462
43.74500,-1.989519,10.262515,59.186264,1.050671,-0.030660
43.75000,-0.000000,8.419425,3.937215,-0.003771,-0.205112
43.75500,1.989519,6.527662,-62.655263,-2.729448,-0.215914
43.76000,3.854029,3.594458,-114.046066,-2.313709,-0.073174
43.76500,5.476377,1.148404,-151.617347,-2.398139,-0.501925
43.77000,6.754623,-2.118017,-189.230973,-3.619048,-0.559145
43.77500,7.608452,-4.864107,-217.084226,-5.824804,-0.659492
43.78000,7.984214,-8.624687,-222.647175,-5.923646,-0.725741
43.78500,7.858298,-9.537786,-224.926270,-4.277112,-0.585430
43.79000,7.238616,-9.954213,-209.346114,-3.028618,-0.379045
43.79500,6.164106,-11.692343,-172.771876,-2.610652,-0.398742
43.80000,4.702282,-11.478141,-131.336350,-2.487934,-0.189016
43.80500,2.944996,-10.859799,-80.372917,-1.923472,-0.144169
43.81000,1.002666,-10.015655,-16.919125,1.877803,0.295211
43.81500,-1.002666,-7.001075,26.570453,1.450953,0.039023
43.82000,-2.944996,-3.997998,86.801160,4.909182,0.411107
43.82500,-4.702282,-1.330854,130.680205,2.355520,0.532773
43.83000,-6.164106,0.758619,173.883203,4.015001,0.600939
43.83500,-7.238616,3.316237,204.681074,4.089479,0.521933
43.84000,-7.858298,6.065791,228.666920,7.104209,0.539247
43.84500,-7.984214,8.722125,224.869785,6.217239,0.607904
43.85000,-7.608452,10.017081,208.264108,3.723223,0.579781
43.85500,-6.754623,11.551747,179.380758,1.304720,0.350719
43.86000,-5.476377,11.674698,160.186139,3.901824,0.237932
43.86500,-3.854029,10.644598,109.515076,1.575111,0.251465
43.87000,-1.989519,9.588253,60.928811,-1.116144,0.136901
43.87500,-0.000000,8.702327,-1.237105,-2.793988,-0.186839
43.88000,1.989519,6.456896,-60.984310,-1.764556,-0.356731
43.88500,3.854029,3.475192,-112.247984,-3.506661,-0.497925
43.89000,5.476377,1.241593,-150.118154,-3.935141,-0.288691
43.89500,6.754623,-2.288924,-194.368302,-4.221415,-0.566178
43.90000,7.608452,-5.128436,-212.826138,-5.393331,-0.661678
43.90500,7.984214,-7.450406,-221.076653,-5.253067,-0.553200
43.91000,7.858298,-9.159711,-229.268270,-3.834334,-0.382062
43.91500,7.238616,-11.724572,-198.793737,-4.102282,-0.414514
43.92000,6.164106,-11.393512,-173.007159,-3.421979,-0.561462
43.92500,4.702282,-11.359450,-131.809225,-1.289943,-0.287532
43.93000,2.944996,-11.028962,-82.995580,-3.129564,-0.162706
43.93500,1.002666,-9.613688,-24.287657,1.852538,0.007656
43.94000,-1.002666,-6.734072,26.701458,2.149220,0.081393
43.94500,-2.944996,-4.992237,87.111683,1.864216,0.312452
43.95000,-4.702282,-2.160710,133.863268,3.491467,0.369029
43.95500,-6.164106,1.244429,176.496050,5.832305,0.607503
43.96000,-7.238616,3.172849,202.720749,5.484299,0.637489
43.96500,-7.858298,7.335366,227.515187,2.910446,0.510641
43.97000,-7.984214,8.193804,228.668796,3.613177,0.459482
43.97500,-7.608452,9.915022,212.612167,4.517500,0.520985
43.98000,-6.754623,10.612118,191.355388,5.619817,0.536805
43.98500,-5.476377,11.294569,153.854977,3.457592,0.393635
43.99000,-3.854029,10.758848,110.836267,1.202841,0.188009
43.99500,-1.989519,9.873259,59.707304,0.871525,-0.298717
44.00000,-0.000000,7.877271,-7.210214,-1.023666,-0.180909
44.00500,1.989519,5.086759,-54.139639,-2.571069,-0.361688
44.01000,3.854029,3.960327,-104.516522,-2.817656,-0.459349
44.01500,5.476377,0.935033,-152.768330,-6.570777,-0.659970
44.02000,6.754623,-1.990864,-191.180937,-3.500309,-0.659238
44.02500,7.608452,-4.783076,-211.816980,-4.333404,-0.722384
44.03000,7.984214,-7.185858,-229.403581,-5.437573,-0.381960
44.03500,7.858298,-9.694021,-224.300898,-5.581704,-0.541870
44.04000,7.238616,-9.551237,-207.293536,-5.363290,-0.551703
44.04500,6.164106,-11.707509,-178.661899,-2.776489,-0.423717
44.05000,4.702282,-11.938094,-131.543865,-1.851389,-0.291334
44.05500,2.944996,-9.820225,-82.024509,-0.623232,-0.103696
44.06000,1.002666,-9.428468,-26.616387,2.401257,0.000962
44.06500,-1.002666,-7.235958,32.006894,-0.908013,0.201245
44.07000,-2.944996,-5.224987,81.669162,1.924012,0.454486
44.07500,-4.702282,-2.149255,133.180986,2.807511,0.560930
44.08000,-6.164106,1.050386,169.463092,5.511911,0.604250
44.08500,-7.238616,3.823085,200.641675,4.558351,0.766524
44.09000,-7.858298,5.776106,216.397042,3.887685,0.674781
44.09500,-7.984214,8.819369,229.697360,5.036377,0.531930
44.10000,-7.608452,9.849716,216.511296,4.781452,0.393389
44.10500,-6.754623,10.557495,186.781562,5.421641,0.401453
44.11000,-5.476377,11.929621,153.104223,2.871578,0.337556
44.11500,-3.854029,11.296306,104.418474,0.927294,0.234541
44.12000,-1.989519,9.968206,48.032142,-0.376384,0.140952
44.12500,-0.000000,8.012650,4.015272,-1.979097,-0.189040
44.13000,1.989519,6.415274,-54.782050,-1.652017,-0.368389
44.13500,3.854029,3.349014,-102.578732,-2.310463,-0.348306
44.14000,5.476377,0.322491,-155.197174,-4.353159,-0.419306
44.14500,6.754623,-2.035107,-191.375083,-4.825218,-0.663824
44.15000,7.608452,-4.893830,-217.576804,-3.356807,-0.621769
44.15500,7.984214,-7.948444,-228.686522,-4.809120,-0.516381
44.16000,7.858298,-8.873046,-224.198287,-4.012471,-0.580345
44.16500,7.238616,-11.471547,-207.947255,-5.220078,-0.537834
44.17000,6.164106,-11.799461,-175.748464,-3.790532,-0.627708
44.17500,4.702282,-11.277573,-131.923801,-4.494669,-0.146253
44.18000,2.944996,-10.721066,-85.528365,-2.408679,-0.057928
44.18500,1.002666,-8.927375,-21.016045,0.847035,0.054270
44.19000,-1.002666,-7.017456,26.993037,3.084719,0.156309
44.19500,-2.944996,-5.801055,87.948092,2.450674,0.226198
44.20000,-4.702282,-1.483265,140.130021,2.322730,0.467420
44.20500,-6.164106,0.636982,172.447061,4.523484,0.562495
44.21000,-7.238616,3.684030,209.947871,6.174779,0.742970
44.21500,-7.858298,5.969244,224.500512,4.790720,0.530545
44.22000,-7.984214,8.045294,221.592633,5.860462,0.775297
44.22500,-7.608452,10.446561,213.674656,4.239135,0.572449
44.23000,-6.754623,11.415148,179.197771,2.131726,0.590540
44.23500,-5.476377,11.655431,151.949035,1.528360,0.246457
44.24000,-3.854029,10.882953,110.354520,1.140691,0.229361
44.24500,-1.989519,10.727638,53.529718,2.846744,0.155310
44.25000,0.000000,8.500615,-0.239265,-0.361055,-0.119843
44.25500,1.989519,6.342681,-57.536995,-2.492133,-0.435093
44.26000,3.854029,3.500947,-110.620582,-2.919705,-0.458916
44.26500,5.476377,0.743253,-155.392415,-3.844157,-0.483805
44.27000,6.754623,-1.779658,-192.661023,-5.180188,-0.756322
44.27500,7.608452,-4.568802,-216.510948,-5.073641,-0.800699
44.28000,7.984214,-6.968706,-223.135561,-5.219301,-0.630929
44.28500,7.858298,-9.346659,-213.295522,-3.729478,-0.707983
44.29000,7.238616,-10.705772,-207.202140,-2.158152,-0.463969
44.29500,6.164106,-11.941112,-174.221083,-1.552299,-0.536930
44.30000,4.702282,-11.505198,-134.319504,-2.389373,-0.463726
44.30500,2.944996,-10.911569,-85.527751,-0.184621,-0.200540
44.31000,1.002666,-9.605778,-26.795125,-0.416246,0.191474
44.31500,-1.002666,-7.253790,28.917759,0.378652,0.116374
44.32000,-2.944996,-4.765007,88.967767,2.848686,0.350858
44.32500,-4.702282,-2.334960,137.603864,4.410311,0.502214
44.33000,-6.164106,0.140057,172.073963,4.344855,0.477936
44.33500,-7.238616,3.579379,198.623841,5.809878,0.742338
44.34000,-7.858298,6.295790,223.443750,5.939992,0.670094
44.34500,-7.984214,8.635515,229.332366,5.674650,0.675302
44.35000,-7.608452,9.807418,217.794570,4.135536,0.400203
44.35500,-6.754623,10.667627,191.478041,1.983817,0.295811
44.36000,-5.476377,10.776359,154.655036,4.663845,0.067484
44.36500,-3.854029,11.151571,108.818248,0.887590,0.175629
44.37000,-1.989519,9.816680,55.311761,1.055112,0.009870
44.37500,-0.000000,8.586983,0.732800,-0.473395,-0.058646
44.38000,1.989519,5.492856,-54.129159,-2.615733,-0.138262
44.38500,3.854029,4.016963,-110.318417,-1.140219,-0.451027
44.39000,5.476377,0.532817,-160.082883,-3.308487,-0.564332
44.39500,6.754623,-2.362539,-189.481559,-4.681976,-0.570441
44.40000,7.608452,-4.954709,-217.857568,-5.433096,-0.502065
44.40500,7.984214,-7.148282,-224.807382,-6.042704,-0.736936
44.41000,7.858298,-9.066559,-223.857298,-6.050903,-0.549537
44.41500,7.238616,-11.545219,-211.630532,-3.301054,-0.556856
44.42000,6.164106,-11.700798,-175.177476,-3.597472,-0.452208
44.42500,4.702282,-11.246540,-133.133508,-2.543431,-0.197398
44.43000,2.944996,-10.441872,-80.114994,-0.239770,-0.201623
44.43500,1.002666,-9.172547,-26.011339,0.021035,-0.065243
44.44000,-1.002666,-7.635337,29.675880,2.397472,0.270049
44.44500,-2.944996,-4.628686,84.559274,2.022047,0.349175
44.45000,-4.702282,-2.121128,137.892701,3.105884,0.451326
44.45500,-6.164106,0.845698,170.352125,5.478932,0.560179
44.46000,-7.238616,4.193808,211.500513,4.065199,0.682898
44.46500,-7.858298,6.242679,228.794320,5.687856,0.615497
44.47000,-7.984214,8.688395,226.804400,5.383153,0.707646
44.47500,-7.608452,10.785814,212.213269,4.322982,0.610828
44.48000,-6.754623,11.632143,196.964702,1.647406,0.620299
44.48500,-5.476377,11.020985,153.796882,1.066734,0.471177
44.49000,-3.854029,10.706466,109.984880,0.174672,0.280898
44.49500,-1.989519,9.223742,56.409272,-1.279124,0.012838
44.50000,-0.000000,8.780654,1.290127,-0.041207,-0.119073
44.50500,1.989519,6.016582,-57.664420,-3.220611,-0.346469
44.51000,3.854029,3.231948,-106.713686,-4.687039,-0.139489
44.51500,5.476377,0.575722,-153.731038,-4.674889,-0.559319
44.52000,6.754623,-2.765090,-192.040988,-4.780062,-0.559633
44.52500,7.608452,-4.779943,-211.936461,-6.877329,-0.518935
44.53000,7.984214,-7.817026,-223.511497,-4.227438,-0.790629
44.53500,7.858298,-9.024878,-223.671264,-3.754927,-0.694799
44.54000,7.238616,-10.661103,-205.723086,-4.651129,-0.571348
44.54500,6.164106,-11.488162,-171.406067,-2.158396,-0.518012
44.55000,4.702282,-11.199469,-138.583625,-3.814467,-0.405926
44.55500,2.944996,-10.787879,-82.014686,-1.463226,-0.173788
44.56000,1.002666,-9.277374,-27.460303,0.231788,0.171802
44.56500,-1.002666,-6.758071,23.193428,1.722104,0.276254
44.57000,-2.944996,-4.101644,81.626820,4.082203,0.355569
44.57500,-4.702282,-1.811631,139.127513,3.323248,0.480976
44.58000,-6.164106,1.432345,177.363650,3.250956,0.407492
44.58500,-7.238616,3.023622,201.095377,5.096561,0.703277
44.59000,-7.858298,6.347064,221.412340,5.157445,0.695710
44.59500,-7.984214,8.492932,224.457219,5.310723,0.522859
44.60000,-7.608452,9.980681,212.662795,3.926374,0.590454
44.60500,-6.754623,11.438772,188.215062,3.753776,0.452837
44.61000,-5.476377,12.353150,154.608304,1.919238,0.292762
44.61500,-3.854029,11.375109,107.586498,2.083112,0.096295
44.62000,-1.989519,10.536765,62.873529,-0.557232,-0.034112
44.62500,-0.000000,8.921983,7.646899,-1.753284,-0.224975
44.63000,1.989519,6.652339,-55.138612,-0.876969,-0.240383
44.63500,3.854029,3.499914,-109.512391,-4.132921,-0.388298
44.64000,5.476377,0.368822,-160.357641,-4.088786,-0.504379
44.64500,6.754623,-1.784963,-193.413284,-4.017822,-0.633214
44.65000,7.608452,-4.639734,-217.524321,-5.320327,-0.695610
44.65500,7.984214,-7.619334,-224.679041,-3.888042,-0.449012
44.66000,7.858298,-8.714153,-214.748551,-5.258557,-0.798173
44.66500,7.238616,-11.100986,-206.104493,-2.793283,-0.411516
44.67000,6.164106,-11.956627,-168.022154,-4.882219,-0.382520
44.67500,4.702282,-11.442503,-131.814887,-3.578255,-0.271521
44.68000,2.944996,-11.216807,-81.614175,-0.752235,-0.172628
44.68500,1.002666,-9.314465,-28.255596,2.060516,0.020696
44.69000,-1.002666,-7.273294,18.326663,3.491099,0.085197
44.69500,-2.944996,-5.030445,80.311410,1.769892,0.213400
44.70000,-4.702282,-2.000600,132.123843,3.667105,0.467250
44.70500,-6.164106,0.336407,176.623639,3.848233,0.408347
44.71000,-7.238616,2.754899,201.159885,2.387089,0.717848
44.71500,-7.858298,6.640307,220.842088,5.808404,0.764966
44.72000,-7.984214,8.895945,221.293162,4.362371,0.286970
44.72500,-7.608452,10.543742,214.179536,5.881582,0.414452
44.73000,-6.754623,11.056891,188.048480,3.872989,0.499660
44.73500,-5.476377,11.748726,158.162986,1.964484,0.366185
44.74000,-3.854029,11.029970,105.631931,0.639894,0.206809
44.74500,-1.989519,10.568381,52.419831,-0.013581,0.076123
44.75000,-0.000000,7.863370,-0.302078,-0.519730,-0.055450
44.75500,1.989519,6.224100,-51.469513,-2.782458,-0.199577
44.76000,3.854029,3.281875,-108.767898,-0.039847,-0.245308
44.76500,5.476377,0.920419,-154.999834,-3.855177,-0.533679
44.77000,6.754623,-2.228687,-188.264805,-5.976061,-0.528105
44.77500,7.608452,-5.737716,-214.794625,-4.863040,-0.816970
44.78000,7.984214,-7.560770,-222.452100,-3.614502,-0.666448
44.78500,7.858298,-9.792454,-218.879449,-4.099205,-0.733421
44.79000,7.238616,-10.565786,-204.342046,-4.347331,-0.391467
44.79500,6.164106,-11.090888,-180.889413,-3.854288,-0.183698
44.80000,4.702282,-11.913286,-131.530305,-2.931360,-0.223812
44.80500,2.944996,-10.492758,-80.484440,-2.188905,-0.251497
44.81000,1.002666,-9.668379,-23.594329,-0.174059,0.031745
44.81500,-1.002666,-7.455640,25.584588,1.940111,0.207371
44.82000,-2.944996,-4.723441,79.903887,2.107087,0.372708
44.82500,-4.702282,-1.526155,134.096894,5.568422,0.587975
44.83000,-6.164106,1.054265,174.307239,4.845771,0.670257
44.83500,-7.238616,3.965534,205.306094,4.338020,0.368866
44.84000,-7.858298,6.102036,220.060792,4.939028,0.790635
44.84500,-7.984214,8.453155,225.627745,6.476692,0.582331
44.85000,-7.608452,10.446297,214.988552,2.352747,0.514478
44.85500,-6.754623,11.295491,181.507454,3.825397,0.614788
44.86000,-5.476377,11.627976,159.220862,5.649574,0.318708
44.86500,-3.854029,11.335182,107.104373,2.583694,0.058862
44.87000,-1.989519,10.763079,49.082845,-0.835852,-0.098427
44.87500,-0.000000,8.920631,-6.692090,-0.898085,-0.123979
44.88000,1.989519,6.695113,-56.524189,-2.490345,-0.194968
44.88500,3.854029,3.638417,-115.724885,-0.064133,-0.273806
44.89000,5.476377,0.312152,-156.488230,-4.865466,-0.553033
44.89500,6.754623,-2.738729,-195.558041,-4.984688,-0.661106
44.90000,7.608452,-4.935820,-216.868233,-5.335388,-0.491452
44.90500,7.984214,-7.832616,-227.908074,-6.564500,-0.698717
44.91000,7.858298,-10.184731,-214.950739,-8.380197,-0.464854
44.91500,7.238616,-10.875350,-203.238542,-4.240138,-0.507164
44.92000,6.164106,-10.520019,-168.954259,-2.502345,-0.393454
44.92500,4.702282,-11.405073,-138.380782,-2.522175,-0.301283
44.93000,2.944996,-10.601229,-84.420497,-0.261978,-0.091188
44.93500,1.002666,-9.269284,-32.836505,1.282010,-0.003172
44.94000,-1.002666,-7.174218,30.518880,2.439980,0.136716
44.94500,-2.944996,-5.330800,89.346923,0.806746,0.339561
44.95000,-4.702282,-1.910953,133.210135,5.432970,0.414026
44.95500,-6.164106,1.197666,167.235755,5.399258,0.605407
44.96000,-7.238616,3.813636,203.830897,5.769034,0.643011
44.96500,-7.858298,6.433188,226.287928,4.988009,0.627720
44.97000,-7.984214,8.535785,231.752421,4.789784,0.612261
44.97500,-7.608452,10.497916,213.439643,3.686039,0.547774
44.98000,-6.754623,10.767821,190.628752,4.035705,0.647227
44.98500,-5.476377,10.753058,150.287333,3.634858,0.344679
44.99000,-3.854029,10.976136,101.855109,0.778161,0.136794
44.99500,-1.989519,10.076499,54.322219,1.142330,0.004851
45.00000,-0.000000,8.614292,5.056119,-1.576599,-0.063302
45.00500,1.989519,5.806194,-59.519915,-1.538623,-0.305835
45.01000,3.854029,3.554235,-107.123764,-3.426137,-0.439149
45.01500,5.476377,0.618376,-153.975923,-3.106573,-0.561521
45.02000,6.754623,-1.951040,-193.027035,-2.456832,-0.597647
45.02500,7.608452,-5.184852,-218.160826,-4.695014,-0.614856
45.03000,7.984214,-7.161433,-232.658571,-5.493212,-0.608437
45.03500,7.858298,-9.072151,-223.648534,-5.081995,-0.774663
45.04000,7.238616,-10.860832,-202.820683,-3.250520,-0.637517
45.04500,6.164106,-11.500466,-171.462698,-3.660919,-0.680395
45.05000,4.702282,-11.598736,-132.490305,-0.899244,-0.197523
45.05500,2.944996,-10.954683,-83.020892,-0.486330,-0.010015
45.06000,1.002666,-9.503321,-34.921822,1.459343,0.173452
45.06500,-1.002666,-7.685513,22.930624,1.006098,0.219026
45.07000,-2.944996,-4.486267,80.341108,1.659056,0.468037
45.07500,-4.702282,-1.855217,130.956093,2.847204,0.475335
45.08000,-6.164106,0.814701,168.247786,4.871545,0.562740
45.08500,-7.238616,3.746525,201.737090,3.946604,0.480109
45.09000,-7.858298,6.323107,220.775149,5.777152,0.575542
45.09500,-7.984214,9.135251,226.042450,2.432060,0.572891
45.10000,-7.608452,10.556841,214.954998,3.546067,0.662466
45.10500,-6.754623,11.096343,185.311506,3.367007,0.638974
45.11000,-5.476377,11.849552,150.923969,0.476330,0.298553
45.11500,-3.854029,10.497710,112.619904,0.734239,0.233440
45.12000,-1.989519,9.878511,52.085452,-1.514760,0.061966
45.12500,-0.000000,8.039743,0.819274,-1.119074,-0.207194
45.13000,1.989519,6.240717,-50.507651,-2.494359,-0.458160
45.13500,3.854029,3.251796,-102.903096,-2.402479,-0.499551
45.14000,5.476377,0.306212,-160.747146,-5.057031,-0.679816
45.14500,6.754623,-2.555788,-191.429599,-6.540073,-0.645890
45.15000,7.608452,-5.588545,-217.197300,-5.577221,-0.668304
45.15500,7.984214,-7.969489,-229.132366,-4.775011,-0.671136
45.16000,7.858298,-9.789348,-218.885181,-4.479316,-0.627886
45.16500,7.238616,-10.604460,-204.233297,-3.768973,-0.482480
45.17000,6.164106,-11.339237,-169.198406,-1.685566,-0.510643
45.17500,4.702282,-11.110749,-138.340147,-2.428464,-0.189105
45.18000,2.944996,-9.983782,-93.262999,-1.067639,-0.288410
45.18500,1.002666,-8.878144,-29.382330,-0.548073,0.049297
45.19000,-1.002666,-7.995774,28.015669,0.963199,0.243301
45.19500,-2.944996,-5.047781,88.336225,3.962809,0.273593
45.20000,-4.702282,-1.409730,131.178649,4.122793,0.319307
45.20500,-6.164106,0.923571,176.068727,1.413041,0.638425
45.21000,-7.238616,3.849238,209.459285,6.240877,0.566718
45.21500,-7.858298,6.387855,211.350158,2.694794,0.731754
45.22000,-7.984214,7.943566,224.874675,4.328329,0.708680
45.22500,-7.608452,10.355459,212.592622,5.433638,0.569651
45.23000,-6.754623,11.161741,186.136321,3.711163,0.472479
45.23500,-5.476377,11.150424,152.230006,3.224270,0.443877
45.24000,-3.854029,11.317173,107.796173,2.440499,0.233466
45.24500,-1.989519,10.774731,64.606470,0.554151,-0.059252
45.25000,0.000000,8.271797,-4.306364,-2.477913,-0.113310
45.25500,1.989519,5.574564,-58.205258,-1.787032,-0.230842
45.26000,3.854029,3.417282,-104.957894,-4.052243,-0.404244
45.26500,5.476377,0.251873,-144.795275,-6.864414,-0.517362
45.27000,6.754623,-3.257656,-196.733328,-4.998243,-0.629282
45.27500,7.608452,-5.209393,-212.909758,-4.315686,-0.666222
45.28000,7.984214,-7.279862,-228.849785,-4.781508,-0.746664
45.28500,7.858298,-9.786729,-215.962190,-4.572863,-0.754144
45.29000,7.238616,-10.804655,-201.789355,-1.958786,-0.418682
45.29500,6.164106,-11.513034,-172.996481,-2.769412,-0.481175
45.30000,4.702282,-11.616011,-128.444198,-0.963508,-0.255959
45.30500,2.944996,-10.845150,-82.627184,-0.441523,-0.271126
45.31000,1.002666,-9.393663,-28.746451,2.320584,0.058706
45.31500,-1.002666,-7.374440,30.050890,1.226278,0.121729
45.32000,-2.944996,-4.858769,76.578270,4.124786,0.648695
45.32500,-4.702282,-1.833494,132.626315,5.806902,0.377111
45.33000,-6.164106,0.644915,178.511376,3.996154,0.478199
45.33500,-7.238616,3.342173,193.308687,6.064220,0.728010
45.34000,-7.858298,6.488464,214.667653,3.431978,0.766896
45.34500,-7.984214,8.222946,228.179716,5.171500,0.421757
45.35000,-7.608452,11.047113,217.422149,5.170058,0.595568
45.35500,-6.754623,11.110175,190.961799,2.613053,0.560131
45.36000,-5.476377,12.356409,157.218235,0.527416,0.223135
45.36500,-3.854029,11.258542,107.974034,1.506574,0.263891
45.37000,-1.989519,10.187899,61.607018,-0.157745,-0.018583
45.37500,-0.000000,8.705986,-4.698275,-0.810149,-0.229614
45.38000,1.989519,6.264407,-49.918985,-1.864625,-0.321219
45.38500,3.854029,3.407043,-109.602313,-2.282197,-0.470567
45.39000,5.476377,0.472781,-158.210368,-2.276475,-0.674825
45.39500,6.754623,-2.648432,-188.177597,-4.154168,-0.391830
45.40000,7.608452,-5.405707,-216.939198,-6.694586,-0.699836
45.40500,7.984214,-7.095959,-218.475043,-4.133047,-0.727731
45.41000,7.858298,-10.390008,-224.102228,-4.121821,-0.526360
45.41500,7.238616,-10.070664,-209.959518,-3.776366,-0.538399
45.42000,6.164106,-11.080830,-182.851454,-1.247441,-0.284984
45.42500,4.702282,-11.559954,-132.222872,-1.696190,-0.304866
45.43000,2.944996,-9.977356,-74.159657,-1.215282,-0.086497
45.43500,1.002666,-8.499899,-25.246242,0.978228,0.052043
45.44000,-1.002666,-6.809135,28.094753,-0.173774,0.220730
45.44500,-2.944996,-5.794148,73.245676,3.884546,0.331794
45.45000,-4.702282,-2.866986,127.101808,3.799312,0.468175
45.45500,-6.164106,1.107000,175.970612,6.384678,0.741111
45.46000,-7.238616,3.187934,202.280239,5.664629,0.566169
45.46500,-7.858298,6.444716,221.924099,5.438735,0.599023
45.47000,-7.984214,8.320111,225.502202,5.040054,0.597459
45.47500,-7.608452,10.324495,217.426544,2.981814,0.626784
45.48000,-6.754623,11.068564,188.222966,3.494058,0.512344
45.48500,-5.476377,11.535799,157.328620,2.950947,0.437979
45.49000,-3.854029,10.448290,113.490581,2.600217,0.062417
45.49500,-1.989519,10.029443,55.557309,0.734059,0.059645
45.50000,-0.000000,7.959807,2.291584,-0.206692,-0.147769
45.50500,1.989519,6.500610,-57.135439,-1.394085,-0.314823
45.51000,3.854029,3.166107,-111.378117,-3.828345,-0.408368
45.51500,5.476377,0.778364,-154.095547,-3.706635,-0.732131
45.52000,6.754623,-2.053979,-192.347650,-4.881173,-0.587585
45.52500,7.608452,-5.097272,-218.468862,-6.355979,-0.640193
45.53000,7.984214,-7.803604,-226.642277,-6.625362,-0.795361
45.53500,7.858298,-9.366635,-223.432639,-3.601081,-0.620893
45.54000,7.238616,-10.847479,-201.013774,-2.277646,-0.377293
45.54500,6.164106,-11.166905,-169.242451,-1.417408,-0.456329
45.55000,4.702282,-11.836249,-140.153094,-2.958910,-0.219397
45.55500,2.944996,-11.187043,-91.219113,0.937383,-0.143890
45.56000,1.002666,-9.005090,-31.745213,2.252526,-0.037839
45.56500,-1.002666,-7.188771,32.767018,0.808808,0.112723
45.57000,-2.944996,-4.345651,77.932896,3.360158,0.313057
45.57500,-4.702282,-1.515774,127.866113,5.708592,0.607647
45.58000,-6.164106,0.057538,165.914454,4.563774,0.655386
45.58500,-7.238616,3.756724,200.941359,6.253481,0.563785
45.59000,-7.858298,6.320247,220.712722,4.310164,0.752498
45.59500,-7.984214,8.499437,229.648623,4.450681,0.618976
45.60000,-7.608452,10.528232,222.643759,5.364827,0.501486
45.60500,-6.754623,11.977361,190.988582,3.410984,0.515190
45.61000,-5.476377,11.440114,156.473299,2.768310,0.254539
45.61500,-3.854029,11.069100,111.184905,1.588515,0.039934
45.62000,-1.989519,10.299197,56.689875,-0.925345,0.162291
45.62500,-0.000000,8.613900,1.715885,0.721241,-0.311432
45.63000,1.989519,6.007027,-63.408290,-2.328557,-0.232571
45.63500,3.854029,3.781812,-106.657101,-3.588472,-0.575793
45.64000,5.476377,1.138639,-151.631428,-4.559007,-0.539283
45.64500,6.754623,-2.523098,-197.680427,-4.549862,-0.634266
45.65000,7.608452,-4.531863,-219.371501,-5.978415,-0.698035
45.65500,7.984214,-7.795527,-224.833527,-3.885846,-0.870025
45.66000,7.858298,-8.909767,-220.598059,-4.936103,-0.622133
45.66500,7.238616,-11.171563,-202.329362,-3.010387,-0.534765
45.67000,6.164106,-11.844934,-168.027086,-4.053329,-0.506613
45.67500,4.702282,-12.029708,-130.033782,-3.148429,-0.284880
45.68000,2.944996,-10.850146,-73.595522,-1.841270,-0.022987
45.68500,1.002666,-9.323460,-29.991993,0.727514,-0.028224
45.69000,-1.002666,-7.363216,24.347479,0.166099,0.229776
45.69500,-2.944996,-4.998042,77.324816,3.768633,0.238824
45.70000,-4.702282,-2.187652,136.089500,3.366458,0.516590
45.70500,-6.164106,0.597980,179.818828,5.487931,0.637870
45.71000,-7.238616,3.479086,201.317494,4.452189,0.879601
45.71500,-7.858298,6.298658,222.070810,5.953075,0.743231
45.72000,-7.984214,8.220894,220.099931,3.656643,0.674762
45.72500,-7.608452,10.190776,221.698954,3.088485,0.709733
45.73000,-6.754623,10.721548,191.789167,4.277117,0.374414
45.73500,-5.476377,10.949871,158.802930,1.983067,0.451337
45.74000,-3.854029,11.418965,105.141692,2.692428,0.142128
45.74500,-1.989519,9.686331,57.264475,-0.553870,-0.026996
45.75000,-0.000000,8.327132,5.068300,-0.413768,-0.021542
45.75500,1.989519,5.627942,-55.170656,-3.121354,-0.262795
45.76000,3.854029,2.794295,-115.605894,-5.221033,-0.293166
45.76500,5.476377,0.001413,-158.286876,-2.408097,-0.679154
45.77000,6.754623,-2.688232,-192.406578,-4.872278,-0.587291
45.77500,7.608452,-4.538227,-212.855795,-3.801137,-0.705947
45.78000,7.984214,-7.788687,-224.359749,-4.686583,-0.679565
45.78500,7.858298,-9.361234,-218.187091,-6.526179,-0.799186
45.79000,7.238616,-10.985491,-205.119960,-3.475610,-0.438034
45.79500,6.164106,-11.472050,-179.647593,-1.812755,-0.396372
45.80000,4.702282,-11.985216,-128.595802,-0.502558,-0.374911
45.80500,2.944996,-10.294317,-81.583587,1.091401,-0.253659
45.81000,1.002666,-9.237600,-35.039571,0.904173,-0.042291
45.81500,-1.002666,-7.506701,27.809797,1.555700,0.342839
45.82000,-2.944996,-4.530641,78.137325,2.872100,0.343467
45.82500,-4.702282,-2.730290,142.911020,2.396671,0.446523
45.83000,-6.164106,0.494054,173.325002,5.293255,0.623918
45.83500,-7.238616,3.768502,204.794539,5.714146,0.636014
45.84000,-7.858298,6.876913,226.324214,5.411686,0.677277
45.84500,-7.984214,8.234944,220.353616,3.937069,0.706028
45.85000,-7.608452,10.863614,217.993879,5.082860,0.603839
45.85500,-6.754623,11.643661,190.452589,2.952313,0.560210
45.86000,-5.476377,11.128090,156.635922,4.041876,0.228723
45.86500,-3.854029,11.313134,102.939414,0.766955,0.203167
45.87000,-1.989519,10.475023,58.352584,-0.372525,0.000295
45.87500,0.000000,7.888811,-6.256987,-1.378161,-0.118320
45.88000,1.989519,6.650054,-55.893281,-3.375739,-0.288811
45.88500,3.854029,2.771590,-107.281817,-4.259851,-0.485660
45.89000,5.476377,1.129864,-152.443781,-4.389644,-0.569201
45.89500,6.754623,-1.851043,-187.161485,-7.474483,-0.519855
45.90000,7.608452,-4.379542,-222.027477,-2.624574,-0.707193
45.90500,7.984214,-7.142081,-218.355108,-4.470850,-0.774090
45.91000,7.858298,-9.334432,-222.851409,-4.228564,-0.551166
45.91500,7.238616,-11.467373,-204.164682,-4.955693,-0.433730
45.92000,6.164106,-10.779395,-170.001899,-2.845864,-0.442389
45.92500,4.702282,-11.207624,-125.310441,-2.008869,-0.263753
45.93000,2.944996,-10.380144,-86.590981,-0.692357,-0.201806
45.93500,1.002666,-9.544079,-28.189734,-1.262818,0.024929
45.94000,-1.002666,-8.223424,29.242928,1.527666,0.315049
45.94500,-2.944996,-4.646097,89.093602,0.602685,0.433496
45.95000,-4.702282,-2.451410,134.601908,3.495371,0.495361
45.95500,-6.164106,0.790452,183.680964,3.411825,0.549633
45.96000,-7.238616,3.870890,207.984641,4.167902,0.476197
45.96500,-7.858298,5.710335,219.844271,4.623351,0.686723
45.97000,-7.984214,8.641788,223.259420,5.783376,0.679064
45.97500,-7.608452,9.818598,214.596942,5.737392,0.676046
45.98000,-6.754623,10.934265,191.003318,3.608026,0.672788
45.98500,-5.476377,11.816210,152.169822,1.351574,0.384519
45.99000,-3.854029,10.507322,110.151583,3.167497,0.292183
45.99500,-1.989519,9.782791,60.298297,-1.398375,-0.073044
46.00000,-0.000000,8.194322,-1.230341,-1.659390,-0.009330
46.00500,1.989519,6.464110,-51.771466,-2.449610,-0.198499
46.01000,3.854029,3.380362,-105.907151,-4.093475,-0.288193
46.01500,5.476377,0.842513,-153.021518,-2.538412,-0.467445
46.02000,6.754623,-2.771540,-184.643910,-4.189921,-0.567500
46.02500,7.608452,-5.679644,-208.907655,-3.696070,-0.506729
46.03000,7.984214,-7.554226,-230.448772,-5.255303,-0.715580
46.03500,7.858298,-8.803881,-220.898891,-3.572796,-0.545339
46.04000,7.238616,-10.602798,-202.134041,-4.127697,-0.422051
46.04500,6.164106,-11.686171,-178.765636,-3.247676,-0.491606
46.05000,4.702282,-11.737303,-139.233698,-1.664933,-0.387970
46.05500,2.944996,-10.176710,-83.653681,-0.363580,-0.075829
46.06000,1.002666,-9.049775,-32.251956,1.091598,0.058179
46.06500,-1.002666,-7.900121,27.596960,1.405150,0.267029
46.07000,-2.944996,-5.660931,78.162971,1.035535,0.418954
46.07500,-4.702282,-1.292657,135.910211,3.345490,0.407049
46.08000,-6.164106,0.864833,169.562575,1.325615,0.610920
46.08500,-7.238616,3.642519,198.834460,4.525973,0.747719
46.09000,-7.858298,6.390190,220.963842,4.046423,0.622325
46.09500,-7.984214,8.416224,226.094085,5.750196,0.607526
46.10000,-7.608452,10.067897,210.718469,1.183602,0.463641
46.10500,-6.754623,11.140408,192.559622,5.875719,0.556092
46.11000,-5.476377,10.676886,149.949292,2.185077,0.539543
46.11500,-3.854029,10.970963,116.359984,-0.402333,0.065822
46.12000,-1.989519,9.822015,58.057108,0.698269,0.112267
46.12500,-0.000000,8.732222,2.077556,-0.471445,-0.038051
46.13000,1.989519,6.447863,-55.746327,-1.722392,-0.337000
46.13500,3.854029,3.256307,-108.475104,-0.734209,-0.456929
46.14000,5.476377,0.512772,-161.311074,-5.049387,-0.634402
46.14500,6.754623,-2.286966,-189.572310,-4.326699,-0.687047
46.15000,7.608452,-4.250331,-212.195553,-4.778007,-0.634156
46.15500,7.984214,-7.048440,-229.308000,-5.711660,-0.585487
46.16000,7.858298,-9.725295,-221.302704,-4.252180,-0.595742
46.16500,7.238616,-10.219253,-209.274266,-2.506279,-0.443373
46.17000,6.164106,-11.892483,-170.461318,-4.073543,-0.393427
46.17500,4.702282,-11.011509,-132.614849,-1.499843,-0.388015
46.18000,2.944996,-10.687026,-76.561520,0.338617,0.024675
46.18500,1.002666,-9.794225,-24.636103,1.177067,0.162899
46.19000,-1.002666,-7.488755,26.252124,-0.206552,0.139329
46.19500,-2.944996,-4.927136,84.333722,3.087844,0.530127
46.20000,-4.702282,-1.646218,140.955599,3.257704,0.529001
46.20500,-6.164106,1.340355,180.027426,5.834420,0.591937
46.21000,-7.238616,2.914011,202.741529,4.704573,0.825800
46.21500,-7.858298,6.039939,218.085961,7.251646,0.414253
46.22000,-7.984214,8.897160,223.320107,3.371961,0.479713
46.22500,-7.608452,10.337591,211.581964,4.891152,0.644298
46.23000,-6.754623,11.380567,188.965853,2.544696,0.453378
46.23500,-5.476377,11.770298,167.258511,4.630487,0.257538
46.24000,-3.854029,11.423671,111.001540,3.255297,0.347893
46.24500,-1.989519,10.553773,62.657210,-0.862377,0.086503
46.25000,0.000000,8.131803,-4.095423,-0.165183,-0.249743
46.25500,1.989519,5.122005,-54.200646,-2.264231,-0.345665
46.26000,3.854029,3.614477,-105.078232,-5.134107,-0.336906
46.26500,5.476377,0.303003,-162.055103,-5.297442,-0.356862
46.27000,6.754623,-3.004365,-193.867369,-4.552939,-0.805007
46.27500,7.608452,-5.040969,-221.811366,-4.354886,-0.624789
46.28000,7.984214,-7.798733,-231.616302,-5.358237,-0.685298
46.28500,7.858298,-9.476090,-225.708623,-4.247504,-0.776594
46.29000,7.238616,-11.664905,-201.479553,-3.600707,-0.541965
46.29500,6.164106,-11.292009,-170.158137,-2.756576,-0.568800
46.30000,4.702282,-11.503181,-135.038663,-3.390914,-0.325169
46.30500,2.944996,-10.655612,-87.475947,-0.665956,0.042125
46.31000,1.002666,-9.615744,-21.902938,1.037614,0.098588
46.31500,-1.002666,-7.645958,28.319523,-0.083160,0.286129
46.32000,-2.944996,-4.460240,82.275165,4.542058,0.416788
46.32500,-4.702282,-1.831420,140.553825,5.392279,0.518951
46.33000,-6.164106,0.687685,173.353526,4.605145,0.675154
46.33500,-7.238616,3.134970,199.280156,7.268195,0.525881
46.34000,-7.858298,6.446534,226.586114,4.051660,0.624154
46.34500,-7.984214,8.241208,223.610621,3.703913,0.720952
46.35000,-7.608452,10.471604,208.790366,3.592058,0.504941
46.35500,-6.754623,10.873382,195.149474,2.729813,0.435751
46.36000,-5.476377,11.568379,151.070225,4.714941,0.469044
46.36500,-3.854029,11.250300,106.495703,1.494700,0.351736
46.37000,-1.989519,9.784871,58.894088,0.141915,-0.019071
46.37500,-0.000000,8.507173,5.019195,-0.614463,-0.203649
46.38000,1.989519,5.475317,-64.764609,-0.374188,-0.222936
46.38500,3.854029,3.946716,-107.386891,-3.059138,-0.391765
46.39000,5.476377,0.388801,-150.754486,-4.524550,-0.595760
46.39500,6.754623,-2.499260,-185.289987,-4.351435,-0.549914
46.40000,7.608452,-5.142176,-215.322830,-3.492981,-0.593864
46.40500,7.984214,-7.642549,-229.101402,-5.157127,-0.638918
46.41000,7.858298,-9.743138,-220.221114,-2.952069,-0.317574
46.41500,7.238616,-10.744081,-210.933071,-3.606467,-0.391691
46.42000,6.164106,-11.768541,-168.364497,-3.290648,-0.331433
46.42500,4.702282,-11.607472,-134.859833,-1.448325,-0.171492
46.43000,2.944996,-10.668326,-89.235783,1.462659,0.174775
46.43500,1.002666,-9.401796,-27.001829,0.143063,0.156872
46.44000,-1.002666,-7.643737,33.169781,3.238410,0.140681
46.44500,-2.944996,-4.531757,85.796020,3.416848,0.390759
46.45000,-4.702282,-1.295365,127.902955,3.891032,0.492613
46.45500,-6.164106,0.548122,180.651020,4.479493,0.525734
46.46000,-7.238616,3.986488,206.588815,5.802858,0.666215
46.46500,-7.858298,5.944546,222.229308,5.696023,0.684892
46.47000,-7.984214,8.334694,225.221299,5.231248,0.633146
46.47500,-7.608452,9.678097,219.694209,5.077508,0.529442
46.48000,-6.754623,10.922448,192.999309,2.567067,0.560521
46.48500,-5.476377,11.184333,155.048002,1.829293,0.195861
46.49000,-3.854029,11.059992,109.869999,0.287363,0.283329
46.49500,-1.989519,9.874461,57.205325,-0.186859,0.041853
46.50000,0.000000,9.174307,0.432370,-1.276333,-0.096300
46.50500,1.989519,5.682286,-56.359177,-2.636741,-0.511782
46.51000,3.854029,3.661886,-108.127008,-2.634933,-0.253102
46.51500,5.476377,0.899816,-148.813157,-5.177911,-0.698756
46.52000,6.754623,-3.043656,-195.338160,-4.943149,-0.692256
46.52500,7.608452,-5.762920,-222.505487,-3.948111,-0.584424
46.53000,7.984214,-7.137396,-229.052317,-2.978032,-0.705664
46.53500,7.858298,-9.929933,-220.475082,-4.521899,-0.644218
46.54000,7.238616,-10.947008,-206.422287,-2.574588,-0.742813
46.54500,6.164106,-12.588801,-174.218031,-1.503697,-0.453390
46.55000,4.702282,-11.919574,-130.054854,-3.188103,-0.250354
46.55500,2.944996,-10.832356,-81.782166,-0.541921,-0.047825
46.56000,1.002666,-8.850023,-26.367969,-0.780447,0.021825
46.56500,-1.002666,-6.475333,31.692112,1.200126,0.232804
46.57000,-2.944996,-5.101239,85.419827,3.234177,0.402657
46.57500,-4.702282,-1.491513,131.050663,2.250525,0.419727
46.58000,-6.164106,0.803984,172.474973,5.033761,0.508027
46.58500,-7.238616,3.547173,204.120175,4.694079,0.833300
46.59000,-7.858298,6.158848,217.688375,4.706125,0.577248
46.59500,-7.984214,8.362340,223.969424,5.417314,0.759775
46.60000,-7.608452,9.515364,210.629600,3.369977,0.584309
46.60500,-6.754623,11.143054,188.082563,1.612441,0.624171
46.61000,-5.476377,11.046464,147.428959,2.614653,0.289682
46.61500,-3.854029,11.257200,103.015280,0.612269,0.253754
46.62000,-1.989519,11.134194,61.489442,-0.019556,0.073688
46.62500,-0.000000,7.767903,-6.341666,-2.300646,-0.145147
46.63000,1.989519,6.730227,-54.770851,-3.292713,-0.248525
46.63500,3.854029,2.965142,-106.800295,-4.437104,-0.492633
46.64000,5.476377,0.440126,-150.798079,-5.561696,-0.536943
46.64500,6.754623,-1.888108,-192.745099,-5.604300,-0.646501
46.65000,7.608452,-4.842101,-214.161288,-5.854797,-0.572479
46.65500,7.984214,-6.989740,-226.539571,-4.896021,-0.654952
46.66000,7.858298,-8.884701,-221.320194,-0.956313,-0.740682
46.66500,7.238616,-10.918552,-203.387401,-4.676381,-0.560289
46.67000,6.164106,-11.711080,-170.736883,-4.917642,-0.420013
46.67500,4.702282,-11.207930,-133.229216,-1.361251,-0.359511
46.68000,2.944996,-10.509132,-85.646172,-2.246923,0.016516
46.68500,1.002666,-8.599404,-31.528332,-0.607955,0.089877
46.69000,-1.002666,-8.170721,23.719632,1.241719,0.294269
46.69500,-2.944996,-4.417803,83.163012,2.800499,0.284916
46.70000,-4.702282,-1.871389,135.391157,3.776940,0.446833
46.70500,-6.164106,0.693094,172.581593,4.686619,0.680741
46.71000,-7.238616,3.318223,206.618411,4.706174,0.500650
46.71500,-7.858298,5.931930,227.130512,6.239175,0.696876
46.72000,-7.984214,8.145889,222.647346,5.748868,0.647857
46.72500,-7.608452,10.803308,219.638613,3.678297,0.528358
46.73000,-6.754623,11.192348,191.865441,3.299740,0.488756
46.73500,-5.476377,11.405789,150.856852,1.013178,0.246735
46.74000,-3.854029,11.146530,105.337814,2.181118,0.225148
46.74500,-1.989519,10.262695,57.265143,-0.043788,-0.078242
46.75000,-0.000000,8.616013,-0.498601,1.130381,-0.248236
46.75500,1.989519,6.055227,-53.619720,-3.007636,-0.141501
46.76000,3.854029,3.347962,-116.982277,-1.532540,-0.486159
46.76500,5.476377,0.266179,-150.199187,-5.156196,-0.736791
46.77000,6.754623,-2.319810,-186.317341,-6.607849,-0.511528
46.77500,7.608452,-5.100124,-219.924784,-5.948659,-0.723043
46.78000,7.984214,-7.724312,-228.678913,-4.549341,-0.992304
46.78500,7.858298,-9.557315,-214.139940,-3.440561,-0.609661
46.79000,7.238616,-10.286688,-201.384878,-4.980879,-0.432572
46.79500,6.164106,-11.164336,-175.089637,-1.999637,-0.375744
46.80000,4.702282,-11.344114,-134.404159,-2.635720,-0.101686
46.80500,2.944996,-10.221369,-83.246674,-1.430636,-0.126361
46.81000,1.002666,-9.241423,-25.206314,0.059073,0.109117
46.81500,-1.002666,-6.815299,27.044429,3.512691,0.112483
46.82000,-2.944996,-4.836431,85.139473,2.949683,0.376064
46.82500,-4.702282,-1.477718,130.439081,4.034988,0.636708
46.83000,-6.164106,1.041361,165.814595,2.671146,0.631445
46.83500,-7.238616,3.529920,205.086755,5.021336,0.657372
46.84000,-7.858298,5.775297,219.815164,5.279478,0.466313
46.84500,-7.984214,8.527284,230.672218,6.641694,0.602059
46.85000,-7.608452,10.207674,216.260126,3.298452,0.450700
46.85500,-6.754623,10.740948,193.726544,2.730336,0.556494
46.86000,-5.476377,11.432508,149.380364,1.508888,0.279767
46.86500,-3.854029,10.884190,112.146532,0.672987,0.238807
46.87000,-1.989519,10.148323,48.910943,0.951637,-0.057241
46.87500,0.000000,7.787584,3.872656,-1.969288,0.063094
46.88000,1.989519,6.057360,-55.428658,-0.781021,-0.394317
46.88500,3.854029,4.217550,-105.014493,-3.240487,-0.403533
46.89000,5.476377,0.984189,-148.324397,-5.155498,-0.269858
46.89500,6.754623,-2.308480,-186.135742,-5.435602,-0.585967
46.90000,7.608452,-4.413954,-219.079925,-6.544038,-0.732978
46.90500,7.984214,-7.621876,-230.237492,-6.606960,-0.585280
46.91000,7.858298,-9.085870,-221.013509,-3.299580,-0.506098
46.91500,7.238616,-10.669659,-203.612576,-2.985032,-0.437790
46.92000,6.164106,-11.661591,-172.881461,-4.238039,-0.604363
46.92500,4.702282,-11.252691,-137.058218,-2.563972,-0.249352
46.93000,2.944996,-9.738705,-88.063528,0.977703,-0.323645
46.93500,1.002666,-9.639812,-28.202134,-0.435732,0.237582
46.94000,-1.002666,-7.648586,34.737025,1.866183,0.218816
46.94500,-2.944996,-4.131783,79.116226,3.309725,0.314664
46.95000,-4.702282,-2.331697,134.471643,3.445575,0.552589
46.95500,-6.164106,0.775248,176.096918,4.169931,0.630131
46.96000,-7.238616,3.471315,203.229434,4.432599,0.524535
46.96500,-7.858298,5.957906,210.618923,5.082721,0.821443
46.97000,-7.984214,8.672531,228.047368,2.979341,0.615351
46.97500,-7.608452,9.738555,206.534107,4.333045,0.404072
46.98000,-6.754623,10.764471,190.266283,3.729929,0.618459
46.98500,-5.476377,11.419817,148.378671,1.028998,0.504213
46.99000,-3.854029,11.354339,105.551222,1.917279,0.327430
46.99500,-1.989519,10.627094,60.131645,-0.894034,0.095834
47.00000,-0.000000,8.302352,-8.782658,-4.071549,-0.210681
47.00500,1.989519,6.443981,-62.018138,-4.468899,-0.185891
47.01000,3.854029,3.998927,-112.141018,-3.184007,-0.232963
47.01500,5.476377,0.781504,-158.783988,-3.488303,-0.448057
47.02000,6.754623,-1.950167,-191.007806,-5.196830,-0.448502
47.02500,7.608452,-5.122091,-216.011348,-6.653671,-0.723464
47.03000,7.984214,-8.124833,-225.279420,-5.152054,-0.544686
47.03500,7.858298,-9.103827,-222.273109,-3.582908,-0.510811
47.04000,7.238616,-11.258221,-204.687768,-4.058964,-0.670886
47.04500,6.164106,-11.252818,-167.418024,-4.813501,-0.570964
47.05000,4.702282,-11.793057,-137.322703,-1.531332,-0.341671
47.05500,2.944996,-11.189835,-82.378639,-1.099765,-0.105481
47.06000,1.002666,-9.336934,-29.003796,0.177739,0.095614
47.06500,-1.002666,-7.807119,31.311353,1.666902,0.189770
47.07000,-2.944996,-4.795276,71.075834,3.355628,0.354054
47.07500,-4.702282,-2.145997,129.257290,3.534661,0.475379
47.08000,-6.164106,0.731825,175.760801,3.270135,0.591093
47.08500,-7.238616,4.283827,204.155721,4.677832,0.699843
47.09000,-7.858298,6.598348,227.204139,5.086141,0.710632
47.09500,-7.984214,8.375723,218.701896,6.098516,0.634294
47.10000,-7.608452,10.486881,224.758873,2.865975,0.603853
47.10500,-6.754623,11.353243,192.692298,3.351151,0.435792
47.11000,-5.476377,11.387231,153.174961,1.529101,0.432168
47.11500,-3.854029,10.579294,105.448054,1.696872,0.153730
47.12000,-1.989519,9.740892,51.945155,-0.465098,0.204937
47.12500,-0.000000,9.118372,-2.965661,-4.603333,-0.124461
47.13000,1.989519,6.087644,-56.230083,-1.176610,-0.250959
47.13500,3.854029,3.667763,-112.879105,-4.061608,-0.491974
47.14000,5.476377,1.292392,-153.338011,-5.387898,-0.562523
47.14500,6.754623,-2.594161,-193.166265,-6.439687,-0.590167
47.15000,7.608452,-4.592635,-212.751124,-6.222630,-0.644466
47.15500,7.984214,-8.514287,-229.507531,-6.456579,-0.706971
47.16000,7.858298,-9.848555,-221.784435,-4.804921,-0.718600
47.16500,7.238616,-11.689022,-208.235170,-3.848465,-0.519009
47.17000,6.164106,-11.489799,-169.714951,-3.229512,-0.394273
47.17500,4.702282,-11.448344,-133.267223,-1.662991,-0.215493
47.18000,2.944996,-11.010496,-82.243905,-1.827386,0.010662
47.18500,1.002666,-9.555276,-21.222774,1.059550,0.019942
47.19000,-1.002666,-6.079328,29.108361,1.471938,0.014071
47.19500,-2.944996,-4.659633,80.022498,3.215810,0.346541
47.20000,-4.702282,-1.848796,132.118269,4.355523,0.303283
47.20500,-6.164106,0.454982,172.203433,3.945327,0.454732
47.21000,-7.238616,3.333828,207.383688,6.216064,0.744589
47.21500,-7.858298,6.345751,229.864186,5.842517,0.718021
47.22000,-7.984214,8.341949,233.099440,4.280102,0.575843
47.22500,-7.608452,10.080142,214.542912,6.271438,0.515159
47.23000,-6.754623,11.068411,191.090673,5.408737,0.471910
47.23500,-5.476377,10.807313,159.511071,0.776468,0.178656
47.24000,-3.854029,11.283891,111.990331,-1.176492,0.251800
47.24500,-1.989519,10.128943,46.352186,-0.548519,0.007482
47.25000,0.000000,8.543103,-3.646202,-0.554048,0.061284
47.25500,1.989519,6.355726,-58.236370,-1.195615,-0.383467
47.26000,3.854029,4.187345,-111.906039,-2.544668,-0.316374
47.26500,5.476377,0.425625,-154.592947,-4.150873,-0.595904
47.27000,6.754623,-2.211277,-188.901929,-3.608560,-0.504710
47.27500,7.608452,-4.476555,-220.157333,-4.182596,-0.743631
47.28000,7.984214,-7.617931,-222.183800,-5.468180,-0.571891
47.28500,7.858298,-8.949074,-222.193814,-4.421052,-0.646844
47.29000,7.238616,-10.993641,-201.790649,-2.791994,-0.604946
47.29500,6.164106,-11.668207,-166.530640,-3.858312,-0.424307
47.30000,4.702282,-11.899949,-135.009349,-2.777359,-0.222380
47.30500,2.944996,-10.762241,-91.280269,-1.818582,-0.072723
47.31000,1.002666,-8.429676,-30.375187,2.047611,0.208552
47.31500,-1.002666,-6.526065,28.097853,2.369161,0.294501
47.32000,-2.944996,-4.786901,81.289215,3.684480,0.098248
47.32500,-4.702282,-1.850398,131.968216,3.243324,0.447111
47.33000,-6.164106,1.301274,169.964329,4.348198,0.384212
47.33500,-7.238616,3.222397,206.823283,6.198074,0.604081
47.34000,-7.858298,6.096209,228.148975,4.626814,0.724069
47.34500,-7.984214,8.400132,228.916733,6.109628,0.506828
47.35000,-7.608452,9.379653,211.129552,4.254663,0.460843
47.35500,-6.754623,10.865953,191.177583,3.496271,0.495365
47.36000,-5.476377,11.267004,156.651026,3.174803,0.324768
47.36500,-3.854029,10.995459,104.776292,2.381019,0.362126
47.37000,-1.989519,9.949958,55.858593,2.171350,0.074577
47.37500,-0.000000,7.373454,-3.472422,-1.464054,-0.068582
47.38000,1.989519,6.247003,-49.375281,-0.327496,-0.103236
47.38500,3.854029,3.226736,-105.272700,-4.152030,-0.466076
47.39000,5.476377,0.778086,-153.972750,-5.098721,-0.528003
47.39500,6.754623,-2.055643,-199.405243,-7.242096,-0.705139
47.40000,7.608452,-5.117808,-212.289004,-4.024858,-0.620186
47.40500,7.984214,-6.734019,-230.563685,-3.270317,-0.541533
47.41000,7.858298,-10.136924,-218.249980,-5.981355,-0.466223
47.41500,7.238616,-10.820552,-199.484395,-4.360717,-0.526183
47.42000,6.164106,-11.461331,-169.172738,-3.410614,-0.480089
47.42500,4.702282,-10.871355,-132.756382,-3.817655,-0.346080
47.43000,2.944996,-10.757400,-87.075257,-0.773890,-0.252012
47.43500,1.002666,-9.072312,-27.019276,0.735075,0.063602
47.44000,-1.002666,-7.218018,29.923431,1.045741,0.348600
47.44500,-2.944996,-3.989761,70.043111,1.573347,0.124539
47.45000,-4.702282,-2.214456,129.895642,3.830465,0.270044
47.45500,-6.164106,0.442716,177.150321,5.068074,0.723145
47.46000,-7.238616,3.443851,203.127886,3.216254,0.481892
47.46500,-7.858298,6.427982,227.658055,4.841114,0.695293
47.47000,-7.984214,9.055627,226.126929,5.409202,0.514749
47.47500,-7.608452,9.164201,217.300264,1.097816,0.657127
47.48000,-6.754623,10.645195,193.078632,3.899308,0.559608
47.48500,-5.476377,12.099742,156.945438,4.508641,0.370866
47.49000,-3.854029,10.945815,114.583765,-0.048335,0.287182
47.49500,-1.989519,9.723669,55.050443,1.669697,0.047968
47.50000,-0.000000,8.113630,-4.079849,-1.396732,-0.064776
47.50500,1.989519,5.689020,-62.182221,-1.551214,-0.094867
47.51000,3.854029,2.982680,-108.351826,-3.460730,-0.305674
47.51500,5.476377,0.614516,-159.985928,-5.413918,-0.593041
47.52000,6.754623,-2.625407,-195.462145,-6.640736,-0.685777
47.52500,7.608452,-4.336389,-214.049131,-2.257870,-0.669124
47.53000,7.984214,-8.512982,-227.179184,-6.471358,-0.667012
47.53500,7.858298,-9.212285,-222.950943,-4.919277,-0.594929
47.54000,7.238616,-11.096220,-197.307983,-2.360564,-0.582245
47.54500,6.164106,-10.796950,-172.699748,-2.764666,-0.343105
47.55000,4.702282,-11.875696,-135.185598,-1.843052,-0.265044
47.55500,2.944996,-10.509078,-83.306974,-3.140488,-0.075824
47.56000,1.002666,-8.620075,-32.897272,-0.303409,0.052997
47.56500,-1.002666,-7.063020,28.909842,0.105518,0.275227
47.57000,-2.944996,-5.100020,85.470053,0.695963,0.242436
47.57500,-4.702282,-2.153139,138.931861,4.098551,0.646338
47.58000,-6.164106,0.894113,176.069843,5.343841,0.618713
47.58500,-7.238616,4.259374,205.229979,3.953253,0.688594
47.59000,-7.858298,6.313341,223.599089,4.219921,0.724333
47.59500,-7.984214,8.723195,226.760204,5.268756,0.749744
47.60000,-7.608452,9.681105,213.491657,5.296933,0.653621
47.60500,-6.754623,11.205526,182.951906,2.334079,0.506129
47.61000,-5.476377,12.032980,152.736177,3.894038,0.336813
47.61500,-3.854029,11.003356,110.807239,2.487558,0.041139
47.62000,-1.989519,9.826582,58.799460,0.192697,0.065380
47.62500,-0.000000,8.146760,0.756287,-2.323516,-0.151397
47.63000,1.989519,6.537895,-57.028758,-1.587889,-0.307586
47.63500,3.854029,3.640103,-111.264157,-2.486390,-0.173807
47.64000,5.476377,0.745905,-156.226473,-2.101930,-0.712335
47.64500,6.754623,-2.609537,-196.434608,-5.371425,-0.598867
47.65000,7.608452,-5.783083,-206.585832,-3.161784,-0.522897
47.65500,7.984214,-7.036223,-227.070765,-5.345797,-0.546901
47.66000,7.858298,-9.617413,-221.603013,-4.004318,-0.476955
47.66500,7.238616,-10.449849,-202.802327,-4.109833,-0.647721
47.67000,6.164106,-11.279591,-178.218148,-3.011455,-0.503551
47.67500,4.702282,-11.709596,-137.457571,-0.361961,-0.205833
47.68000,2.944996,-11.175728,-86.144810,-1.623814,-0.140608
47.68500,1.002666,-8.912683,-28.412792,1.351167,0.224692
47.69000,-1.002666,-8.180383,31.355295,1.318564,0.237625
47.69500,-2.944996,-5.810317,80.424694,2.701548,0.382808
47.70000,-4.702282,-1.427557,130.584378,2.869058,0.533415
47.70500,-6.164106,0.465516,170.592526,4.627609,0.557911
47.71000,-7.238616,3.722004,205.535682,2.553768,0.656622
47.71500,-7.858298,6.695244,222.849961,4.667317,0.596694
47.72000,-7.984214,9.332446,229.042071,5.937292,0.638859
47.72500,-7.608452,9.716900,220.205330,5.258074,0.532635
47.73000,-6.754623,11.100624,192.981945,1.684326,0.509130
47.73500,-5.476377,11.886803,153.799917,1.279481,0.214199
47.74000,-3.854029,11.112433,106.750300,0.948904,0.057385
47.74500,-1.989519,9.693192,57.341124,2.334123,0.091028
47.75000,-0.000000,8.694590,-0.771023,-1.542020,-0.096373
47.75500,1.989519,5.341797,-54.660289,-2.241800,-0.371646
47.76000,3.854029,3.831741,-105.458784,-3.551420,-0.436101
47.76500,5.476377,0.554410,-157.512720,-3.756783,-0.630183
47.77000,6.754623,-2.313328,-188.520049,-5.724868,-0.399090
47.77500,7.608452,-5.343682,-214.696782,-4.669679,-0.799697
47.78000,7.984214,-7.586081,-231.919442,-4.393679,-0.470502
47.78500,7.858298,-9.004410,-218.523507,-3.407126,-0.682458
47.79000,7.238616,-10.705435,-204.976157,-4.986605,-0.477603
47.79500,6.164106,-11.033148,-177.045517,-2.068087,-0.432611
47.80000,4.702282,-11.229316,-130.333022,0.170746,-0.304925
47.80500,2.944996,-10.883735,-79.247228,0.067717,-0.016244
47.81000,1.002666,-9.419037,-32.572879,1.195575,0.135987
47.81500,-1.002666,-7.283069,27.492274,-1.171143,0.186732
47.82000,-2.944996,-5.032745,77.653740,4.285091,0.273073
47.82500,-4.702282,-1.502010,131.631538,5.893246,0.697728
47.83000,-6.164106,0.323393,175.087817,5.807335,0.726575
47.83500,-7.238616,4.355950,205.284999,5.422378,0.659665
47.84000,-7.858298,5.955645,221.992548,5.924605,0.635306
47.84500,-7.984214,8.086502,231.845340,8.238286,0.672698
47.85000,-7.608452,10.121554,218.484103,3.485968,0.589998
47.85500,-6.754623,10.633379,192.247547,3.084862,0.603985
47.86000,-5.476377,12.197305,156.000621,3.836196,0.260065
47.86500,-3.854029,11.795193,108.951349,1.723842,0.209522
47.87000,-1.989519,10.617607,53.817815,-2.287074,-0.032870
47.87500,0.000000,9.031546,-3.593357,-0.788263,0.012419
47.88000,1.989519,6.570398,-56.944935,-1.824388,-0.093971
47.88500,3.854029,2.655898,-106.509920,-4.337930,-0.421988
47.89000,5.476377,0.850430,-157.366741,-3.660668,-0.470572
47.89500,6.754623,-2.612629,-199.234746,-4.392195,-0.462042
47.90000,7.608452,-4.697967,-212.436480,-7.034134,-0.672678
47.90500,7.984214,-7.600085,-226.804310,-4.338552,-0.735056
47.91000,7.858298,-9.629483,-219.151223,-2.116694,-0.495382
47.91500,7.238616,-11.194792,-203.656007,-1.956798,-0.468590
47.92000,6.164106,-11.261187,-178.808019,-4.402683,-0.426642
47.92500,4.702282,-11.015118,-137.334306,-3.553193,-0.120068
47.93000,2.944996,-11.177334,-85.302297,-0.764328,-0.085895
47.93500,1.002666,-9.149144,-37.561734,0.738211,-0.123590
47.94000,-1.002666,-7.115019,36.748077,0.090130,0.250792
47.94500,-2.944996,-4.891503,81.073851,1.897157,0.358546
47.95000,-4.702282,-2.167274,131.278336,5.266979,0.678888
47.95500,-6.164106,1.298523,168.685811,4.690020,0.584681
47.96000,-7.238616,4.190294,205.070854,6.041941,0.625208
47.96500,-7.858298,6.553280,225.347256,4.935738,0.709143
47.97000,-7.984214,8.751539,232.343769,5.975524,0.668214
47.97500,-7.608452,10.451346,213.098880,3.691943,0.441070
47.98000,-6.754623,10.930698,197.369774,2.950221,0.496484
47.98500,-5.476377,11.478017,156.356585,1.472175,0.324227
47.99000,-3.854029,11.130463,103.176699,-0.789204,0.348409
47.99500,-1.989519,9.637528,61.357246,-0.261129,0.286326
