time_s,piston_pos_mm,inlet_air_pressure,inlet_air_flow,outlet_water_pressure,outlet_water_flow
0.00000,0.000000,-0.119370,-0.233523,5.305111,0.005217
0.00500,0.005000,-0.188812,-0.462805,-3.298651,0.207454
0.01000,0.015000,-0.268638,-0.319057,-0.367521,0.186885
0.01500,0.030000,-0.817627,0.877342,2.183447,-0.077715
0.02000,0.050000,-0.611570,1.223420,2.166423,-0.045074
0.02500,0.075000,-0.258740,-0.278235,-3.561985,-0.079602
0.03000,0.105000,0.266939,-2.051242,-2.090844,0.088584
0.03500,0.140000,-1.005925,-2.359690,-0.242240,-0.005628
0.04000,0.180000,0.867751,-2.394209,-1.748986,0.118729
0.04500,0.225000,-0.399847,-2.858741,-1.446321,-0.274456
0.05000,0.275000,0.336531,-3.366151,-0.514040,0.249894
0.05500,0.330000,-0.917672,-4.231144,-0.268517,0.000781
0.06000,0.390000,-1.132004,-3.909090,2.500779,0.125169
0.06500,0.455000,0.351124,-5.485213,-3.507443,0.007874
0.07000,0.525000,-0.103570,-5.944892,2.534204,-0.020117
0.07500,0.600000,-1.897879,-7.277824,-0.155941,0.119262
0.08000,0.680000,-0.344694,-7.797257,1.703647,0.187374
0.08500,0.765000,-1.874094,-9.624993,-0.190194,0.045959
0.09000,0.855000,-0.592289,-10.283856,5.794476,0.071338
0.09500,0.950000,-0.490882,-9.976710,-3.022420,0.219783
0.10000,1.050000,-1.142487,-12.902596,3.632446,0.005851
0.10500,1.155000,-1.501634,-13.429510,0.320631,-0.065786
0.11000,1.265000,-1.544641,-12.486855,1.031930,0.255502
0.11500,1.380000,-1.618583,-13.712090,4.883747,0.126491
0.12000,1.500000,-2.295332,-15.560367,1.680447,-0.026859
0.12500,1.625000,-1.611994,-16.567995,4.420916,0.183204
0.13000,1.755000,-2.480347,-15.624517,5.986003,0.281489
0.13500,1.890000,-3.421974,-17.687199,1.970014,0.220540
0.14000,2.030000,-2.232777,-17.248876,8.097647,0.229130
0.14500,2.175000,-1.430724,-18.684926,6.947306,0.521320
0.15000,2.325000,-2.120287,-19.596499,4.283415,0.716328
0.15500,2.480000,-3.163209,-20.670248,5.834120,0.612530
0.16000,2.640000,-3.764715,-21.936691,4.441417,0.608389
0.16500,2.805000,-3.838588,-22.889065,7.306138,0.859513
0.17000,2.975000,-2.816374,-23.569779,9.291080,0.994454
0.17500,3.150000,-3.447654,-22.639653,10.364083,0.928923
0.18000,3.321250,-4.788446,-23.873576,9.515366,1.152951
0.18500,3.488219,-4.299825,-24.322899,8.798733,1.329650
0.19000,3.651013,-3.699466,-26.161884,9.469712,1.245175
0.19500,3.809738,-4.909883,-26.370885,9.797623,1.264290
0.20000,3.964495,-5.128237,-27.614598,12.323894,1.558437
0.20500,4.115382,-5.836928,-26.613561,15.345152,1.665341
0.21000,4.262498,-6.832589,-26.430575,13.950932,1.922378
0.21500,4.405935,-5.340674,-27.446578,14.957793,1.690675
0.22000,4.545787,-5.726084,-25.914141,15.418748,1.922126
0.22500,4.682142,-5.891975,-26.456405,20.271457,2.035792
0.23000,4.815089,-5.742139,-24.705401,19.848445,2.043589
0.23500,4.944711,-6.860606,-23.434423,18.329674,2.475425
0.24000,5.071094,-7.285726,-23.752310,25.703182,2.687815
0.24500,5.194316,-6.912946,-23.230038,27.111833,2.648508
0.25000,5.314458,-8.227907,-22.235797,26.417666,3.128934
0.25500,5.431597,-8.911203,-21.775522,27.211932,3.201214
0.26000,5.545807,-8.023214,-20.286414,29.528499,3.331378
0.26500,5.657162,-8.387619,-21.166757,29.270736,3.457935
0.27000,5.765733,-8.730185,-19.616977,35.140731,3.704161
0.27500,5.871589,-8.242450,-19.570199,37.692071,3.517162
0.28000,5.974800,-7.986434,-19.992066,38.672244,3.975947
0.28500,6.075430,-9.070022,-18.312105,38.738911,4.135638
0.29000,6.173544,-10.150426,-17.392134,40.522495,3.934462
0.29500,6.269205,-10.099864,-16.403514,42.981253,4.416275
0.30000,6.362475,-9.719116,-18.001540,47.349329,4.482625
0.30500,6.453413,-9.398953,-17.021195,43.774829,4.795526
0.31000,6.542078,-9.407642,-16.065441,47.300505,4.762388
0.31500,6.628526,-9.202335,-17.594437,47.704506,4.976964
0.32000,6.712813,-8.294202,-15.623004,48.425573,5.179412
0.32500,6.794993,-10.472653,-14.630413,53.619683,5.137474
0.33000,6.875118,-9.239430,-13.183511,57.195697,5.502973
0.33500,6.953240,-10.178267,-13.917292,54.308647,5.532308
0.34000,7.029409,-10.062457,-14.752744,60.564865,5.756097
0.34500,7.103674,-10.518482,-13.106918,61.712147,5.729754
0.35000,7.176082,-9.682584,-12.512460,63.081850,6.099081
0.35500,7.246680,-9.951019,-14.234969,66.813308,6.145134
0.36000,7.315513,-9.625452,-12.257892,64.233101,6.140389
0.36500,7.382625,-9.327278,-10.876028,70.904204,6.373917
0.37000,7.448059,-11.728413,-11.575463,68.384191,6.574774
0.37500,7.511858,-10.999384,-11.605970,72.047584,6.755992
0.38000,7.574061,-10.420315,-11.970244,69.233856,6.337819
0.38500,7.634710,-10.440560,-11.596615,76.335071,6.802809
0.39000,7.693842,-10.840731,-9.348794,75.930626,6.824229
0.39500,7.751496,-11.766633,-10.515336,76.255415,6.819203
0.40000,7.807709,-10.009721,-9.611115,76.826898,6.755279
0.40500,7.862516,-12.085042,-9.138389,81.025331,7.171156
0.41000,7.915953,-10.918845,-9.074982,84.965624,6.852585
0.41500,7.968054,-11.925999,-9.382432,84.716004,7.192641
0.42000,8.018853,-11.909943,-8.939979,84.272983,7.361275
0.42500,8.068381,-11.208087,-10.116939,84.755723,6.970687
0.43000,8.116672,-12.441600,-9.461391,85.512350,7.216387
0.43500,8.163755,-11.425667,-8.498178,88.389698,7.106467
0.44000,8.209661,-11.966339,-7.483048,86.923266,7.383138
0.44500,8.254420,-12.804309,-6.296196,90.821701,7.612842
0.45000,8.298059,-12.225648,-8.153982,95.207173,7.722804
0.45500,8.340608,-12.086699,-6.658081,93.882774,7.171649
0.46000,8.382093,-11.860973,-6.867604,94.810153,7.380818
0.46500,8.422540,-11.641790,-7.640446,94.940294,7.598437
0.47000,8.461977,-13.379183,-7.260508,98.827024,7.751780
0.47500,8.500427,-13.043407,-7.816993,99.665391,7.592168
0.48000,8.537917,-13.081096,-6.072385,102.343593,7.428716
0.48500,8.574469,-13.593464,-5.290906,98.704142,7.600298
0.49000,8.610107,-11.385827,-6.625626,98.702919,7.562813
0.49500,8.644854,-13.070151,-6.262571,100.654446,7.542818
0.50000,8.678733,-13.017894,-5.559447,100.128857,7.468767
0.50500,8.711765,-13.148529,-5.413667,103.459753,7.645385
0.51000,8.743971,-13.519255,-6.424571,103.385707,7.637505
0.51500,8.775371,-12.363766,-5.262242,103.172099,7.579513
0.52000,8.805987,-12.929126,-5.671662,105.600024,7.562155
0.52500,8.835837,-13.529503,-4.388636,108.520730,7.401504
0.53000,8.864941,-13.336976,-4.655956,108.509263,7.524371
0.53500,8.893318,-12.901500,-5.946718,106.186667,7.783218
0.54000,8.920985,-13.011988,-4.878633,108.165828,7.570446
0.54500,8.947960,-12.683847,-4.116943,109.284373,7.380125
0.55000,8.974261,-12.451329,-4.550602,110.522777,7.803638
0.55500,8.999905,-13.679647,-5.389179,108.809449,7.681368
0.56000,9.024907,-14.045426,-5.737436,107.206034,7.922764
0.56500,9.049284,-13.745293,-4.939848,111.130087,7.611716
0.57000,9.073052,-13.381120,-4.669477,108.671625,7.533275
0.57500,9.096226,-13.915129,-4.656469,110.321153,7.384830
0.58000,9.118820,-13.335025,-5.462040,110.868190,7.810297
0.58500,9.140850,-14.398415,-3.675420,113.740415,8.003654
0.59000,9.162329,-13.642995,-3.639458,111.023623,7.490433
0.59500,9.183270,-13.431501,-4.413819,112.653653,7.521777
0.60000,9.203689,-14.249789,-3.152483,112.084613,7.717095
0.60500,9.223596,-13.212677,-3.413190,111.589166,7.505938
0.61000,9.243007,-12.651771,-3.883428,114.873789,7.598690
0.61500,9.261931,-15.830138,-3.149510,112.171725,7.594821
0.62000,9.280383,-14.342901,-3.785668,114.371092,7.686589
0.62500,9.298373,-13.970999,-2.991539,114.119410,7.834324
0.63000,9.315914,-13.362166,-4.269166,109.658999,7.681520
0.63500,9.333016,-14.576164,-3.303671,110.224480,7.830063
0.64000,9.349691,-13.820953,-4.088961,107.103416,7.638358
0.64500,9.365949,-13.007118,-2.570149,114.641408,7.765782
0.65000,9.381800,-13.784634,-1.867282,114.663277,7.403679
0.65500,9.397255,-14.377242,-1.430438,113.063015,7.523546
0.66000,9.412324,-14.420806,-2.897746,113.142539,7.881738
0.66500,9.427015,-13.894442,-3.644467,113.651816,7.686472
0.67000,9.441340,-13.777939,-1.980041,113.045947,7.881778
0.67500,9.455307,-13.849261,-2.055623,114.375579,7.893387
0.68000,9.468924,-14.115768,-3.165666,114.429413,8.030209
0.68500,9.482201,-15.590789,-1.749787,112.635679,7.970602
0.69000,9.495146,-14.723417,-2.144467,117.660064,8.020540
0.69500,9.507767,-14.400388,-1.424721,116.803383,7.867304
0.70000,9.520073,-14.101004,-2.723609,113.786146,7.797023
0.70500,9.532071,-13.872525,-2.889054,119.364562,7.811360
0.71000,9.543769,-14.671999,-2.334244,119.995848,7.868062
0.71500,9.555175,-13.801438,-2.243558,117.415771,7.789777
0.72000,9.566296,-13.246573,-1.664129,117.340441,7.898276
0.72500,9.577138,-13.969206,-1.984786,113.537179,7.987284
0.73000,9.587710,-13.799854,-1.820133,114.136416,8.059309
0.73500,9.598017,-14.621562,-1.175070,111.431587,7.988586
0.74000,9.608067,-15.024517,-2.147087,113.954445,7.765968
0.74500,9.617865,-14.052393,-2.306028,116.977291,8.067341
0.75000,9.627418,-14.136144,-0.980162,114.015417,8.131365
0.75500,9.636733,-13.702715,-2.334364,111.305378,8.280710
0.76000,9.645815,-14.649305,-2.215708,118.393013,8.221305
0.76500,9.654669,-15.127388,-1.928161,119.202371,8.052419
0.77000,9.663303,-15.133632,-1.862221,118.251812,8.057179
0.77500,9.671720,-14.317705,-0.528640,111.726572,8.490852
0.78000,9.679927,-15.811049,-2.755174,116.829963,8.315520
0.78500,9.687929,-13.639085,-1.061759,113.292034,8.494923
0.79000,9.695731,-14.809181,-1.142390,114.811717,8.555239
0.79500,9.703337,-14.548151,-1.980650,116.652724,8.119804
0.80000,9.710754,-14.741421,-1.084684,118.483629,8.317036
0.80500,9.717985,-13.525951,-0.848770,113.873545,8.341173
0.81000,9.725035,-15.465395,-0.429278,114.511843,8.369030
0.81500,9.731910,-14.116920,-1.018974,112.581319,8.378063
0.82000,9.738612,-14.325329,-1.791895,115.367398,8.337301
0.82500,9.745146,-13.827227,0.041074,113.296288,8.343478
0.83000,9.751518,-14.051675,-1.023587,114.378890,8.097472
0.83500,9.757730,-15.337139,-0.547271,117.142287,8.310612
0.84000,9.763787,-15.728628,-0.921142,115.529245,8.230295
0.84500,9.769692,-16.102961,-0.883866,115.872343,8.371474
0.85000,9.775450,-14.886366,-0.798735,116.278025,8.288173
0.85500,9.781063,-14.366141,-1.994578,117.466438,8.460534
0.86000,9.786537,-14.593889,-0.282120,118.787347,8.497212
0.86500,9.791873,-14.977834,-0.191651,113.345901,8.424858
0.87000,9.797077,-14.381393,-0.373235,112.451840,8.430964
0.87500,9.802150,-15.679212,-0.819412,117.109156,8.401347
0.88000,9.807096,-13.890939,-2.421799,117.566102,8.322783
0.88500,9.811919,-13.753390,-1.419298,119.142840,8.369460
0.89000,9.816621,-13.932137,-0.845181,117.903134,8.321938
0.89500,9.821205,-14.268394,-1.342911,120.023662,8.459320
0.90000,9.825675,-13.589399,-0.489512,117.463928,8.404447
0.90500,9.830033,-15.723941,-0.270080,115.059971,8.492770
0.91000,9.834282,-15.477057,-0.947477,118.677543,8.202822
0.91500,9.838425,-14.764770,-1.795774,114.658372,8.542092
0.92000,9.842465,-14.785370,-1.950773,115.180685,8.291114
0.92500,9.846403,-15.016662,-1.292566,117.625550,8.296009
0.93000,9.850243,-14.454667,-0.079549,116.269478,8.378232
0.93500,9.853987,-15.018574,0.326835,118.920644,8.322511
0.94000,9.857637,-13.715355,-0.654596,116.172004,8.452802
0.94500,9.861196,-14.770642,-0.162538,121.012782,8.320552
0.95000,9.864666,-16.415207,0.129405,114.928292,8.244613
0.95500,9.868050,-15.113352,0.072380,118.745418,8.278256
0.96000,9.871348,-15.316179,-1.127293,116.296053,8.606890
0.96500,9.874565,-15.823443,-1.842990,120.436950,8.412847
0.97000,9.877701,-14.202609,-0.797564,116.212747,8.227294
0.97500,9.880758,-15.517703,-0.769884,119.190582,8.405999
0.98000,9.883739,-16.112734,-1.597343,110.763533,8.166637
0.98500,9.886646,-15.142226,-0.051590,116.095196,8.676360
0.99000,9.889479,-13.637812,0.183972,121.343694,8.170099
0.99500,9.892242,-14.840247,-0.592692,118.260361,8.475116
1.00000,9.894936,-13.596556,-1.677426,118.101870,8.484470
1.00500,9.897563,-14.425928,0.167031,119.911331,8.179842
1.01000,9.900124,-13.632213,-1.759677,123.279320,8.446492
1.01500,9.902621,-14.419564,-0.574342,115.755290,8.552529
1.02000,9.905055,-14.472691,0.253269,118.029871,8.471552
1.02500,9.907429,-16.891342,-0.603555,117.277690,8.439973
1.03000,9.909743,-15.836338,0.346913,119.861259,8.545005
1.03500,9.912000,-15.849657,-0.074229,116.873606,8.424936
1.04000,9.914200,-15.118825,0.378526,115.080606,8.452025
1.04500,9.916345,-14.273604,0.820301,115.223642,8.381810
1.05000,9.918436,-14.428517,0.323933,120.016755,8.498111
1.05500,9.920475,-14.523919,-0.402496,119.098732,8.258811
1.06000,9.922463,-16.242435,-0.238312,120.560274,8.524077
1.06500,9.924402,-15.634722,-0.862433,115.285958,8.327173
1.07000,9.926292,-15.082809,-0.277810,116.853139,8.238982
1.07500,9.928134,-14.611827,-1.063286,117.677330,8.462343
1.08000,9.929931,-14.858412,-0.428780,120.747797,8.666271
1.08500,9.931683,-15.578383,-1.351262,119.919627,8.556190
1.09000,9.933391,-15.965772,1.020754,118.630728,8.332402
1.09500,9.935056,-14.309186,0.085793,116.867203,8.519281
1.10000,9.936679,-15.653500,-0.036801,119.500117,8.345297
1.10500,9.938262,-15.093563,0.082453,118.099286,8.397580
1.11000,9.939806,-14.975288,-1.135572,121.094526,8.432155
1.11500,9.941311,-14.668971,-0.189839,122.990281,8.067045
1.12000,9.942778,-15.494952,-0.646858,119.502938,8.451953
1.12500,9.944209,-15.800318,-0.140607,116.851689,8.267848
1.13000,9.945603,-15.122368,0.359996,124.472797,8.320800
1.13500,9.946963,-15.585278,-0.491564,120.723004,8.204573
1.14000,9.948289,-14.891816,-0.843993,120.540999,8.200493
1.14500,9.949582,-16.019559,-0.124470,119.656485,8.290341
1.15000,9.950842,-15.266443,-0.132378,119.809190,8.562613
1.15500,9.952071,-15.855845,-0.050102,119.663883,8.693255
1.16000,9.953270,-13.536089,-0.133036,120.054482,8.437654
1.16500,9.954438,-16.223223,0.655938,116.263171,8.610489
1.17000,9.955577,-15.357289,-0.012632,117.987495,8.406057
1.17500,9.956687,-15.224642,0.105372,119.359723,8.157023
1.18000,9.957770,-15.388813,-0.536650,119.895118,8.473962
1.18500,9.958826,-15.876355,-0.656176,120.019145,8.521415
1.19000,9.959855,-15.657962,0.079526,120.543224,8.390328
1.19500,9.960859,-15.134390,-0.276240,115.678826,8.504079
1.20000,9.961838,-13.999154,-1.415148,117.547189,8.547522
1.20500,9.962792,-14.114193,0.172857,118.208166,8.330587
1.21000,9.963722,-13.760720,-0.255569,119.956291,8.239082
1.21500,9.964629,-15.320064,0.214927,119.264031,8.432656
1.22000,9.965513,-14.834679,0.120789,123.980846,8.436158
1.22500,9.966375,-14.059476,-0.161057,118.878019,8.416428
1.23000,9.967216,-14.564443,-0.880619,119.184020,8.622649
1.23500,9.968035,-14.778164,-0.211883,116.363108,8.737013
1.24000,9.968835,-14.859061,-0.438319,123.677713,8.411820
1.24500,9.969614,-14.349526,-0.052916,119.912543,8.583566
1.25000,9.970373,-15.290413,0.262640,119.493580,8.621964
1.25500,9.971114,-14.716320,0.029424,118.351045,8.588599
1.26000,9.971836,-15.479815,-0.859476,119.941862,8.640906
1.26500,9.972540,-14.418562,-1.156686,119.000224,8.422926
1.27000,9.973227,-14.551403,0.193937,122.396043,8.596309
1.27500,9.973896,-14.950101,-1.331381,118.019896,8.793350
1.28000,9.974549,-15.843389,0.253989,118.833801,8.608058
1.28500,9.975185,-15.026539,0.147524,118.625079,8.391752
1.29000,9.975805,-13.852112,-0.803287,121.056503,8.579842
1.29500,9.976410,-15.328659,-0.554368,120.501443,8.680443
1.30000,9.977000,-14.737700,-0.509402,121.918809,8.544788
1.30500,9.977575,-16.151794,-0.490004,120.963605,8.403111
1.31000,9.978136,-15.691308,-0.025198,121.030055,8.724988
1.31500,9.978682,-14.999072,-1.084813,119.915256,8.299332
1.32000,9.979215,-14.368377,0.192243,121.759275,8.567178
1.32500,9.979735,-14.422500,-0.490466,120.849015,8.488214
1.33000,9.980241,-15.390174,-0.471376,120.522617,8.308822
1.33500,9.980735,-13.700781,0.363863,116.331062,8.677176
1.34000,9.981217,-16.870689,0.125086,118.792439,8.544354
1.34500,9.981687,-16.008387,-1.298155,118.313163,8.313366
1.35000,9.982144,-14.263031,-0.510042,115.869075,8.583238
1.35500,9.982591,-14.116258,-0.682538,122.637460,8.425607
1.36000,9.983026,-13.815304,0.652248,122.944934,8.201137
1.36500,9.983450,-15.587274,-0.235059,122.158303,8.386284
1.37000,9.983864,-15.952516,-0.022508,121.045513,8.531518
1.37500,9.984267,-16.002147,0.267667,123.026322,8.588193
1.38000,9.984661,-15.658673,0.861096,116.172654,8.516344
1.38500,9.985044,-14.708136,-0.136574,122.561994,8.497835
1.39000,9.985418,-15.275675,0.114969,115.416272,8.562494
1.39500,9.985783,-15.275824,0.621128,120.147919,8.458437
1.40000,9.986138,-14.584874,-0.142853,120.058718,8.670013
1.40500,9.986485,-15.155425,1.022234,120.913609,8.512951
1.41000,9.986823,-14.892990,0.537449,121.218716,8.534936
1.41500,9.987152,-14.005281,0.249760,121.344485,8.572422
1.42000,9.987473,-15.491084,1.126447,118.287054,8.328452
1.42500,9.987786,-14.947043,0.169457,118.338801,8.381366
1.43000,9.988092,-15.538631,1.477002,118.001549,8.722614
1.43500,9.988389,-14.512236,-0.023150,120.083620,8.540411
1.44000,9.988680,-15.812080,0.356585,119.063064,8.445996
1.44500,9.988963,-15.652847,0.328697,116.362959,8.541084
1.45000,9.989239,-14.565137,-0.246681,121.884602,8.415394
1.45500,9.989508,-16.397826,-0.068529,117.340161,8.531275
1.46000,9.989770,-13.771516,0.635923,118.748084,8.387108
1.46500,9.990026,-14.589685,-1.111447,118.203848,8.530745
1.47000,9.990275,-15.137093,0.140772,118.196639,8.247889
1.47500,9.990518,-15.259130,1.458411,121.067756,8.691619
1.48000,9.990755,-14.668180,-0.227914,118.315768,8.410304
1.48500,9.990986,-14.739308,0.370351,116.709945,8.247338
1.49000,9.991212,-15.693835,0.041764,118.386930,8.454466
1.49500,9.991431,-14.919841,1.007670,117.589931,8.432072
1.50000,9.991646,-15.603150,2.006429,116.497607,8.512000
1.50500,9.991854,-15.366828,-0.648773,121.799332,8.314120
1.51000,9.992058,-15.030422,-0.421783,122.321843,8.549600
1.51500,9.992257,-14.963238,0.421966,116.711251,9.041924
1.52000,9.992450,-15.221142,1.220178,123.221619,8.294167
1.52500,9.992639,-15.078428,-1.419568,123.795750,8.540940
1.53000,9.992823,-15.295304,-0.210204,116.840200,8.442198
1.53500,9.993002,-15.227622,-0.071259,120.748286,8.519190
1.54000,9.993177,-13.952855,0.059466,119.241710,8.213602
1.54500,9.993348,-14.041491,1.133717,121.642981,8.314647
1.55000,9.993514,-15.619465,-0.047643,113.497716,8.560621
1.55500,9.993676,-16.489715,0.549899,121.201562,8.484886
1.56000,9.993834,-14.458489,-0.944355,119.062209,8.740492
1.56500,9.993989,-13.745910,0.215202,120.891882,8.383758
1.57000,9.994139,-15.158986,-0.303956,121.777770,8.518189
1.57500,9.994285,-14.742567,1.183389,114.759935,8.936295
1.58000,9.994428,-14.981943,0.366699,119.762341,8.375351
1.58500,9.994568,-14.770468,-0.503497,119.867469,8.354553
1.59000,9.994703,-15.342359,-0.050581,121.179071,8.487388
1.59500,9.994836,-15.007737,-0.410363,122.340015,8.486252
1.60000,9.994965,-15.156140,-0.503362,121.521692,8.622145
1.60500,9.995091,-15.185065,-0.105648,118.220673,8.513427
1.61000,9.995214,-14.877921,0.080967,121.424202,8.378509
1.61500,9.995333,-15.933712,-0.845866,118.259366,8.526516
1.62000,9.995450,-14.240226,-1.080034,121.563121,8.897114
1.62500,9.995564,-14.925063,0.435533,119.526787,8.688877
1.63000,9.995675,-14.854511,0.219658,119.517863,8.070674
1.63500,9.995783,-15.471313,0.032262,120.198792,8.473749
1.64000,9.995888,-16.364267,0.505293,116.468254,8.362182
1.64500,9.995991,-15.070321,-0.321683,119.223873,8.590892
1.65000,9.996091,-15.315381,-0.132834,117.335093,8.469780
1.65500,9.996189,-16.643245,1.104913,121.924225,8.791325
1.66000,9.996284,-14.211547,-0.668745,122.668876,8.638777
1.66500,9.996377,-13.971900,1.131156,116.801460,8.632777
1.67000,9.996468,-15.198633,0.424569,115.078641,8.525617
1.67500,9.996556,-14.677877,0.494811,120.446992,8.491214
1.68000,9.996642,-13.992759,-0.124884,118.695630,8.549460
1.68500,9.996726,-14.576321,0.710672,117.919937,8.695362
1.69000,9.996808,-16.942672,0.252894,124.876319,8.579453
1.69500,9.996888,-14.165410,-0.655085,119.039464,8.444518
1.70000,9.996965,-16.259045,-0.191620,117.717797,8.692775
1.70500,9.997041,-15.325478,-0.300998,119.341652,8.527693
1.71000,9.997115,-13.942934,0.346356,120.563790,8.486673
1.71500,9.997187,-15.567245,-0.005714,123.347691,8.377897
1.72000,9.997258,-16.039204,-0.074674,120.611816,8.412392
1.72500,9.997326,-15.100867,-0.762557,117.244948,8.401802
1.73000,9.997393,-15.224627,0.361246,118.891012,8.072911
1.73500,9.997458,-16.478097,-0.226722,123.929446,8.654139
1.74000,9.997522,-14.034862,-0.375897,116.196491,8.585496
1.74500,9.997584,-15.057288,-1.200164,119.853761,8.466439
1.75000,9.997644,-15.146395,0.274894,122.503201,8.658758
1.75500,9.997703,-14.997439,-0.240505,120.541553,8.566039
1.76000,9.997760,-14.965594,-0.928953,119.501327,8.555937
1.76500,9.997816,-14.132011,0.324217,118.053561,8.121711
1.77000,9.997871,-15.180595,-0.460286,120.313620,8.463739
1.77500,9.997924,-15.462992,0.500179,121.101534,8.580492
1.78000,9.997976,-14.727271,-0.443050,120.452800,8.744884
1.78500,9.998027,-14.850446,0.943118,122.188687,8.780064
1.79000,9.998076,-14.582622,0.235169,120.417496,8.716825
1.79500,9.998124,-15.630350,-1.074657,122.772579,8.322058
1.80000,9.998171,-14.722923,0.140449,120.288053,8.163975
1.80500,9.998217,-14.651407,-2.140927,121.951915,8.586275
1.81000,9.998261,-15.733008,-0.624069,119.285106,8.503431
1.81500,9.998305,-14.684037,0.470257,123.755420,8.646043
1.82000,9.998347,-15.059161,-0.507786,122.705351,8.479956
1.82500,9.998389,-14.078683,0.120176,121.488408,8.532658
1.83000,9.998429,-13.906114,0.555855,117.857798,8.270252
1.83500,9.998468,-14.817865,0.368055,120.407263,8.567415
1.84000,9.998506,-15.801582,0.867358,113.647546,8.431155
1.84500,9.998544,-15.064424,-0.640013,119.214600,8.552392
1.85000,9.998580,-15.636620,-0.168830,120.354980,8.569052
1.85500,9.998616,-15.590127,0.181948,118.128090,8.481045
1.86000,9.998650,-14.194269,0.398080,120.347900,8.547230
1.86500,9.998684,-14.665426,-0.880732,121.442580,8.496790
1.87000,9.998717,-15.250552,-0.987555,123.918061,8.614663
1.87500,9.998749,-15.760207,-1.161440,120.045009,8.575356
1.88000,9.998780,-14.908531,-0.243810,116.623027,8.415296
1.88500,9.998811,-14.138918,0.291571,114.935897,8.409064
1.89000,9.998840,-14.646965,-0.266826,119.656895,8.764770
1.89500,9.998869,-14.890246,-0.062656,121.959064,8.483217
1.90000,9.998898,-14.875149,0.541065,122.441069,8.650016
1.90500,9.998925,-14.124543,-1.244473,120.230305,8.558704
1.91000,9.998952,-14.455228,-0.487292,118.589390,8.412612
1.91500,9.998978,-14.911908,-1.166877,118.496459,8.384401
1.92000,9.999004,-16.434643,0.688835,119.715901,8.516990
1.92500,9.999029,-14.556986,0.077457,120.217867,8.537817
1.93000,9.999053,-14.895675,0.834176,121.313935,8.592392
1.93500,9.999077,-15.047371,-1.622038,120.282681,8.305376
1.94000,9.999100,-14.256612,-1.105868,124.363144,8.407944
1.94500,9.999122,-15.550462,-0.573310,120.364486,8.484208
1.95000,9.999144,-14.814115,0.067366,121.094313,8.742912
1.95500,9.999166,-14.931688,0.103639,122.286838,8.138628
1.96000,9.999187,-15.990027,0.359681,122.077766,8.565719
1.96500,9.999207,-15.158068,0.305700,118.634012,8.416354
1.97000,9.999227,-14.932703,-0.888328,116.528190,8.564581
1.97500,9.999246,-14.284328,-0.653817,117.218653,8.423734
1.98000,9.999265,-14.654049,-0.632429,120.833651,8.554437
1.98500,9.999283,-15.028880,0.799047,121.317593,8.737557
1.99000,9.999301,-14.508250,0.675697,120.780160,8.552916
1.99500,9.999319,-16.424459,0.375930,121.748307,8.565031
2.00000,9.994336,-15.302675,-0.163261,122.842836,8.555824
2.00500,9.984354,-15.537130,0.270967,118.380944,8.384470
2.01000,9.969371,-14.668617,0.391775,125.571029,8.581718
2.01500,9.949389,-13.834220,2.060561,125.796942,8.466878
2.02000,9.924406,-14.501826,1.360563,121.692009,8.374389
2.02500,9.894423,-14.305236,0.723678,119.661900,8.491580
2.03000,9.859441,-14.380749,1.472617,120.581000,8.461562
2.03500,9.819458,-13.813606,0.938090,116.978027,8.609376
2.04000,9.774476,-15.603490,3.796229,120.052571,8.485324
2.04500,9.724493,-14.478171,2.939614,118.207402,8.407612
2.05000,9.669511,-15.310534,4.559177,119.726917,8.705956
2.05500,9.609528,-14.999130,4.242422,119.195867,8.628784
2.06000,9.544546,-14.120334,6.312483,124.292729,8.664403
2.06500,9.474563,-13.946821,7.106104,117.899706,8.554422
2.07000,9.399581,-14.494212,7.609191,120.342815,8.434126
2.07500,9.319598,-13.589758,8.004081,118.692801,8.373985
2.08000,9.234616,-14.225662,11.039479,122.872028,8.380067
2.08500,9.144633,-14.185943,10.623374,121.600707,8.549513
2.09000,9.049651,-13.960945,11.221722,115.838832,8.401514
2.09500,8.949668,-13.805905,11.739362,116.821184,8.134780
2.10000,8.844686,-12.950133,12.702434,119.333355,8.328457
2.10500,8.734703,-12.867167,14.003324,117.147779,8.088417
2.11000,8.619720,-13.690196,14.388553,119.182225,8.296246
2.11500,8.499738,-13.390876,15.709092,118.078763,8.049986
2.12000,8.374755,-13.423548,15.622383,115.228449,7.999560
2.12500,8.244773,-12.569641,17.112926,116.536981,8.165081
2.13000,8.109790,-12.517396,17.574020,117.799956,8.085329
2.13500,7.969808,-12.238341,18.687870,116.156688,7.789512
2.14000,7.824825,-13.098094,19.184418,116.117216,8.098312
2.14500,7.674843,-11.975262,19.662736,116.083379,8.250484
2.15000,7.519860,-12.354694,20.702504,114.427925,7.625827
2.15500,7.359878,-12.426297,21.595603,116.972919,8.055759
2.16000,7.194895,-11.482611,22.466880,110.641144,7.594258
2.16500,7.024913,-11.498401,22.194623,113.663110,7.539574
2.17000,6.849930,-10.711618,24.347055,110.739294,7.498013
2.17500,6.669948,-10.477212,24.546046,111.898288,7.209655
2.18000,6.484965,-10.552995,26.131605,111.958462,7.527623
2.18500,6.294983,-9.920718,26.659767,110.564141,7.298210
2.19000,6.100000,-9.803722,26.629234,109.639657,6.996313
2.19500,5.900017,-9.764227,27.325657,108.761047,6.950854
2.20000,5.695035,-9.972327,29.089694,107.141860,6.638164
2.20500,5.485052,-8.493811,29.396779,104.304869,6.687023
2.21000,5.270070,-8.235652,30.289170,105.141906,6.747657
2.21500,5.050087,-7.848443,31.019967,104.348013,6.202043
2.22000,4.825105,-8.866509,32.621474,102.741010,6.250264
2.22500,4.595122,-8.543659,32.847814,100.031496,6.186479
2.23000,4.360140,-7.427634,33.130304,98.523223,6.165475
2.23500,4.120157,-6.656992,33.856567,92.040530,6.047106
2.24000,3.875175,-6.861089,34.744024,92.924416,5.601445
2.24500,3.625192,-5.793257,36.254725,92.546160,5.382526
2.25000,3.370210,-6.836228,35.550428,93.361069,5.382804
2.25500,3.110227,-5.425912,37.150035,91.932400,5.071693
2.26000,2.845245,-6.689671,37.940636,87.729194,4.887304
2.26500,2.575262,-5.574353,39.515555,82.996525,4.901417
2.27000,2.300280,-5.355185,39.304219,84.415928,4.791024
2.27500,2.020297,-3.854676,40.587583,83.363526,4.365068
2.28000,1.735314,-4.246135,41.349964,80.675472,4.081195
2.28500,1.445332,-3.432384,42.353503,75.235374,3.978503
2.29000,1.159199,-2.441995,42.263337,72.062122,3.379106
2.29500,0.878065,-2.994154,44.501994,70.024701,3.435037
2.30000,0.601932,-1.558965,46.089574,67.150589,3.041948
2.30500,0.330799,-2.362437,44.009483,69.079142,3.329627
2.31000,0.064665,-0.453929,45.356975,64.958039,2.831935
2.31500,-0.196468,-1.545576,44.781461,66.256089,2.496531
2.32000,-0.452601,-1.273701,45.098744,62.387330,2.194466
2.32500,-0.703734,0.185181,44.008278,58.178985,1.586182
2.33000,-0.949868,1.216437,44.248617,51.627330,1.821360
2.33500,-1.191001,-0.486796,43.891205,51.592472,1.701309
2.34000,-1.427134,1.720374,43.279330,48.135181,1.079446
2.34500,-1.658268,2.214798,40.782053,41.068463,1.031053
2.35000,-1.884401,2.034989,41.080556,38.261424,0.771866
2.35500,-2.105534,1.241257,41.105514,36.269034,0.159437
2.36000,-2.321668,1.824549,40.188056,37.407295,0.272009
2.36500,-2.532801,3.152583,38.133617,30.609862,0.069661
2.37000,-2.738934,1.705860,36.968116,25.205516,-0.367873
2.37500,-2.940067,4.217735,38.049435,25.105070,-0.677014
2.38000,-3.136201,4.970591,35.511541,22.913690,-0.810273
2.38500,-3.327334,3.245846,34.982589,15.657163,-1.426670
2.39000,-3.513467,3.647285,34.529014,19.077492,-1.436033
2.39500,-3.694601,5.175566,33.120123,9.960218,-1.545161
2.40000,-3.870734,4.532381,31.722585,10.507859,-2.147976
2.40500,-4.041867,5.721297,31.910229,6.330442,-2.055634
2.41000,-4.208001,5.247044,30.596384,-0.107643,-2.515340
2.41500,-4.369134,5.472517,29.733937,-2.135462,-3.008900
2.42000,-4.525267,5.982862,29.485115,-5.196670,-2.942544
2.42500,-4.676400,6.757592,28.578388,-9.346944,-3.304378
2.43000,-4.822534,6.964195,28.388118,-10.260469,-3.331471
2.43500,-4.963667,6.755542,27.378256,-15.070501,-3.777167
2.44000,-5.099800,7.944637,25.266792,-22.227707,-3.650062
2.44500,-5.230934,8.261789,25.788017,-21.513230,-4.128512
2.45000,-5.357067,7.980696,24.009156,-27.415573,-4.160221
2.45500,-5.478200,6.730429,24.760989,-28.607266,-4.497093
2.46000,-5.594334,7.418383,21.771621,-30.730075,-4.640521
2.46500,-5.705467,7.903750,21.774530,-34.568794,-4.586956
2.47000,-5.812830,8.565179,19.999267,-35.159360,-4.906049
2.47500,-5.917509,9.277435,21.176932,-40.529535,-5.161764
2.48000,-6.019572,8.162033,19.676450,-44.432861,-5.447445
2.48500,-6.119082,9.558583,18.749758,-42.607387,-5.226920
2.49000,-6.216105,8.090844,17.509542,-47.418733,-5.431820
2.49500,-6.310703,9.250033,16.853922,-52.070465,-5.725549
2.50000,-6.402935,8.896148,16.122473,-54.462871,-5.763145
2.50500,-6.492862,9.158886,15.645066,-57.992846,-6.074381
2.51000,-6.580540,10.296099,15.919372,-59.515619,-6.181782
2.51500,-6.666027,9.359170,15.247020,-64.286022,-6.255389
2.52000,-6.749376,9.807766,16.132624,-60.809122,-6.170709
2.52500,-6.830642,11.028339,13.860784,-64.325634,-6.267857
2.53000,-6.909876,10.180589,13.837527,-74.164611,-6.508339
2.53500,-6.987129,9.213159,13.575782,-73.604782,-6.357205
2.54000,-7.062450,9.534126,14.101041,-73.775576,-6.418906
2.54500,-7.135889,10.045426,13.166801,-77.157927,-6.575082
2.55000,-7.207492,10.644845,12.366613,-82.383060,-6.500122
2.55500,-7.277305,10.785785,13.080898,-78.189037,-6.753985
2.56000,-7.345372,9.572291,12.710290,-84.140736,-6.773791
2.56500,-7.411738,10.059569,10.740956,-81.866837,-6.725908
2.57000,-7.476444,10.061903,12.543730,-84.080100,-6.840142
2.57500,-7.539533,11.005905,11.737955,-83.414650,-6.746427
2.58000,-7.601045,11.371471,11.174802,-90.231309,-7.087270
2.58500,-7.661019,11.076100,11.148780,-85.845788,-6.703560
2.59000,-7.719493,11.644392,12.666645,-93.908773,-7.061825
2.59500,-7.776506,11.277468,10.693149,-89.360249,-6.986235
2.60000,-7.832093,11.548964,9.906277,-91.611083,-7.186983
2.60500,-7.886291,12.552916,9.552095,-94.216015,-6.898486
2.61000,-7.939134,12.188960,9.031020,-98.702440,-6.806776
2.61500,-7.990655,11.394433,10.570048,-93.954549,-6.846884
2.62000,-8.040889,11.609085,10.927310,-96.763004,-6.890694
2.62500,-8.089867,12.672765,9.605193,-103.124623,-7.261601
2.63000,-8.137620,11.968860,9.105392,-106.094228,-7.148471
2.63500,-8.184180,11.611469,9.701971,-102.780514,-7.103965
2.64000,-8.229575,12.438742,7.774073,-104.042032,-7.179642
2.64500,-8.273836,11.373136,8.167962,-101.406412,-6.868996
2.65000,-8.316990,12.432097,8.374378,-103.380936,-7.015195
2.65500,-8.359065,12.021813,7.739964,-103.670355,-7.050145
2.66000,-8.400088,12.646012,8.001184,-106.107845,-6.975290
2.66500,-8.440086,13.954070,6.432530,-103.520686,-7.198473
2.67000,-8.479084,12.716679,5.649932,-107.375319,-7.196002
2.67500,-8.517107,11.906876,6.988162,-109.923157,-7.196678
2.68000,-8.554179,11.536141,6.334586,-112.332099,-6.991831
2.68500,-8.590325,12.816569,7.532458,-106.402364,-7.022072
2.69000,-8.625567,12.600281,6.892209,-109.256914,-6.993407
2.69500,-8.659928,11.940670,5.174929,-112.024176,-6.925558
2.70000,-8.693429,12.522225,6.484721,-110.537948,-7.306765
2.70500,-8.726094,12.934877,5.418960,-109.777170,-7.195993
2.71000,-8.757941,12.240090,3.773430,-107.690437,-7.099990
2.71500,-8.788993,12.932679,7.156734,-114.071629,-7.341545
2.72000,-8.819268,13.406339,6.138866,-110.548840,-7.231512
2.72500,-8.848786,12.661358,4.974264,-108.245405,-7.011443
2.73000,-8.877567,14.070050,5.057328,-108.996303,-7.015023
2.73500,-8.905627,12.640332,6.296436,-108.398010,-7.037340
2.74000,-8.932987,12.525776,5.368326,-106.009464,-7.214637
2.74500,-8.959662,14.036272,6.832920,-112.294718,-7.274330
2.75000,-8.985670,13.071242,4.828227,-111.843255,-7.099242
2.75500,-9.011029,12.917799,3.819299,-108.281443,-7.343846
2.76000,-9.035753,12.818850,4.427760,-107.171602,-7.259493
2.76500,-9.059859,13.764882,5.246070,-110.011671,-7.133995
2.77000,-9.083363,13.077130,4.740784,-111.501591,-7.418269
2.77500,-9.106279,13.226445,3.850458,-113.368638,-7.482187
2.78000,-9.128622,12.377509,3.425251,-109.536371,-7.418080
2.78500,-9.150406,12.691501,4.238308,-110.158603,-7.353652
2.79000,-9.171646,13.382323,4.610192,-113.277150,-7.400237
2.79500,-9.192355,12.736925,5.172950,-112.107779,-7.479461
2.80000,-9.212546,13.389506,2.592716,-113.125385,-7.448176
2.80500,-9.232232,14.464795,2.995024,-109.738669,-7.807269
2.81000,-9.251427,13.847551,3.644884,-111.342658,-7.724725
2.81500,-9.270141,14.523590,3.370804,-108.335780,-7.599289
2.82000,-9.288387,13.183084,3.005802,-108.113888,-7.796501
2.82500,-9.306178,14.261364,3.526498,-110.347647,-7.890121
2.83000,-9.323523,13.598478,2.422125,-108.485318,-7.900203
2.83500,-9.340435,14.420942,1.360286,-108.812056,-7.886327
2.84000,-9.356924,13.198167,3.964546,-107.842651,-7.803524
2.84500,-9.373001,14.047019,2.507725,-112.146941,-7.962014
2.85000,-9.388676,14.635149,2.284068,-109.764304,-7.799444
2.85500,-9.403959,14.148202,3.302560,-107.135623,-7.605291
2.86000,-9.418860,14.231259,3.096124,-109.743684,-7.914837
2.86500,-9.433389,13.876108,1.921894,-112.111518,-7.725461
2.87000,-9.447554,12.500228,3.375401,-110.703365,-7.902878
2.87500,-9.461365,13.541884,2.310871,-106.294704,-8.143947
2.88000,-9.474831,13.633086,2.700101,-112.164956,-8.037663
2.88500,-9.487960,14.770190,2.507122,-112.734353,-8.172961
2.89000,-9.500761,14.262370,3.047684,-109.448603,-7.929773
2.89500,-9.513242,13.524566,3.017896,-112.293019,-8.245729
2.90000,-9.525411,14.839549,2.221171,-114.956772,-7.889982
2.90500,-9.537276,14.509884,2.108441,-115.054436,-8.024558
2.91000,-9.548844,13.174912,3.413735,-111.657185,-8.441349
2.91500,-9.560123,15.153251,1.476126,-113.134131,-8.032221
2.92000,-9.571120,14.563676,1.059637,-108.655161,-7.933030
2.92500,-9.581842,16.189850,1.922522,-113.245224,-8.307663
2.93000,-9.592296,15.041109,1.221944,-115.057650,-8.052840
2.93500,-9.602488,13.299444,1.578295,-113.818526,-8.492636
2.94000,-9.612426,15.133302,2.376809,-114.925465,-8.193926
2.94500,-9.622116,14.529229,3.865010,-109.781213,-8.499027
2.95000,-9.631563,14.130198,2.446441,-114.152162,-8.184170
2.95500,-9.640774,14.622786,1.259742,-109.275574,-8.541821
2.96000,-9.649754,14.857742,1.212182,-111.438430,-8.681086
2.96500,-9.658510,14.200815,0.762111,-108.355648,-8.228448
2.97000,-9.667048,13.829262,1.790435,-113.139921,-7.948443
2.97500,-9.675371,14.882831,2.813848,-111.193456,-8.396162
2.98000,-9.683487,14.724346,1.571271,-117.731533,-8.185622
2.98500,-9.691400,13.698685,0.543852,-114.322187,-8.301617
2.99000,-9.699115,15.377382,2.820729,-115.057958,-8.373371
2.99500,-9.706637,14.332878,1.729514,-111.046571,-8.234949
3.00000,-9.713971,15.792621,1.201109,-113.983666,-8.082435
3.00500,-9.721122,15.529939,2.205632,-112.368972,-8.525010
3.01000,-9.728094,14.450698,1.411087,-115.544646,-8.253541
3.01500,-9.734891,15.104211,1.230457,-116.936142,-8.289389
3.02000,-9.741519,13.882283,0.690092,-114.440295,-8.561339
3.02500,-9.747981,14.706269,0.221039,-111.544027,-8.099233
3.03000,-9.754282,13.328897,0.807451,-114.649860,-8.049324
3.03500,-9.760425,13.848595,2.164140,-111.242161,-8.492874
3.04000,-9.766414,14.566562,1.357955,-115.541185,-8.082840
3.04500,-9.772254,15.033481,1.401664,-115.735198,-8.339605
3.05000,-9.777947,15.207949,-0.031824,-115.876609,-8.373025
3.05500,-9.783499,15.409533,3.153161,-115.808678,-8.118492
3.06000,-9.788911,15.333829,0.728726,-116.891469,-8.312747
3.06500,-9.794188,14.340542,1.152592,-116.045890,-8.297589
3.07000,-9.799334,14.597595,2.338275,-117.432648,-8.114703
3.07500,-9.804350,14.242101,0.997657,-118.052086,-8.148997
3.08000,-9.809242,14.699783,-0.649066,-112.601337,-8.208524
3.08500,-9.814011,13.484405,1.459157,-114.140289,-8.557710
3.09000,-9.818660,14.144739,-0.154234,-116.849132,-8.583196
3.09500,-9.823194,15.650622,0.754589,-117.641383,-8.170810
3.10000,-9.827614,14.819088,1.063432,-119.869014,-8.483390
3.10500,-9.831924,14.254630,1.904620,-115.281879,-8.318828
3.11000,-9.836125,15.178532,2.047549,-118.162983,-8.504934
3.11500,-9.840222,14.913535,1.920523,-112.591140,-8.368806
3.12000,-9.844217,14.696037,0.435853,-120.727226,-8.535722
3.12500,-9.848111,14.487056,0.498640,-116.288209,-8.091943
3.13000,-9.851909,14.057091,1.111808,-114.486801,-8.496281
3.13500,-9.855611,14.728347,1.024767,-118.419466,-8.359800
3.14000,-9.859221,14.832593,0.336251,-112.909076,-8.370442
3.14500,-9.862740,14.779879,0.550811,-115.250161,-8.158453
3.15000,-9.866172,15.770977,-0.263760,-115.379541,-8.560015
3.15500,-9.869517,14.786515,0.246613,-119.524835,-8.349599
3.16000,-9.872779,14.994839,-0.597515,-115.483076,-8.377756
3.16500,-9.875960,15.647415,0.871533,-115.611363,-8.266505
3.17000,-9.879061,15.363414,0.287999,-117.607132,-8.277054
3.17500,-9.882084,13.425347,1.893683,-114.047502,-8.421724
3.18000,-9.885032,14.751557,0.818124,-117.318321,-8.316513
3.18500,-9.887906,14.112936,0.696787,-123.089101,-8.412494
3.19000,-9.890709,14.289224,0.762706,-117.458176,-8.286368
3.19500,-9.893441,15.460516,1.059928,-114.441415,-8.376049
3.20000,-9.896105,15.903238,0.537674,-119.667088,-8.463186
3.20500,-9.898702,15.115443,-0.486189,-116.772034,-8.370290
3.21000,-9.901235,13.253641,-0.037142,-119.865602,-8.313638
3.21500,-9.903704,14.505672,0.301042,-118.534996,-8.026623
3.22000,-9.906111,14.620191,0.994616,-124.524289,-8.450555
3.22500,-9.908459,14.507433,1.252577,-122.608807,-8.332220
3.23000,-9.910747,15.926201,1.298919,-119.354957,-8.159282
3.23500,-9.912978,15.166460,0.743670,-120.018998,-8.703108
3.24000,-9.915154,15.311019,0.770389,-122.892387,-8.655605
3.24500,-9.917275,14.898192,-0.193575,-117.306023,-8.574705
3.25000,-9.919343,15.461554,1.645431,-118.125752,-8.414503
3.25500,-9.921360,14.750008,-0.176082,-120.868010,-8.028564
3.26000,-9.923326,13.978558,-0.095276,-123.513302,-8.344868
3.26500,-9.925243,14.859783,0.544075,-117.755618,-8.224026
3.27000,-9.927111,14.393068,0.440965,-120.139523,-8.445961
3.27500,-9.928934,13.836845,0.020677,-117.494815,-8.791692
3.28000,-9.930710,13.547087,0.604418,-116.645582,-8.772490
3.28500,-9.932443,14.472530,0.957835,-119.925296,-8.267756
3.29000,-9.934132,14.693706,0.856842,-119.703261,-8.398556
3.29500,-9.935778,16.106033,-0.800678,-117.562196,-8.628400
3.30000,-9.937384,14.455365,0.374568,-119.827286,-8.263293
3.30500,-9.938949,14.393954,-0.547293,-123.630372,-8.671929
3.31000,-9.940475,14.826283,0.065480,-117.992837,-8.267386
3.31500,-9.941964,15.428193,1.161685,-118.659629,-8.222205
3.32000,-9.943414,14.032511,0.540621,-120.637044,-8.563409
3.32500,-9.944829,14.711535,-1.144572,-118.259814,-8.618770
3.33000,-9.946208,15.747174,-0.120459,-120.262240,-8.323769
3.33500,-9.947553,15.999656,1.405375,-120.344334,-8.622442
3.34000,-9.948864,14.377673,0.390832,-117.719995,-8.326480
3.34500,-9.950143,13.735076,-0.259453,-122.509021,-8.642836
3.35000,-9.951389,14.798510,0.831960,-123.056658,-8.339659
3.35500,-9.952604,14.743909,0.514325,-119.853898,-8.450800
3.36000,-9.953789,15.625067,0.472746,-122.427335,-8.533273
3.36500,-9.954945,15.499494,1.830336,-117.643748,-8.605890
3.37000,-9.956071,14.937815,2.122948,-121.180113,-8.434859
3.37500,-9.957169,14.331381,0.009725,-123.359638,-8.761593
3.38000,-9.958240,15.128448,0.052788,-120.448015,-8.516548
3.38500,-9.959284,14.328562,0.484869,-124.466097,-8.536366
3.39000,-9.960302,14.272354,-0.602127,-116.570222,-8.373789
3.39500,-9.961294,14.876604,0.330206,-119.639555,-8.669807
3.40000,-9.962262,16.248846,-0.431384,-118.081827,-8.218225
3.40500,-9.963205,16.121475,-0.232062,-118.440612,-8.528174
3.41000,-9.964125,15.903958,-0.927106,-119.140023,-8.655174
3.41500,-9.965022,13.827991,1.327361,-121.870782,-8.270849
3.42000,-9.965897,15.339525,-0.869758,-117.858403,-8.229295
3.42500,-9.966749,14.404412,-0.841171,-120.313353,-8.512235
3.43000,-9.967580,15.250312,0.209470,-121.264576,-8.620029
3.43500,-9.968391,15.525670,-0.782028,-124.060318,-8.482042
3.44000,-9.969181,15.402156,0.073473,-116.775539,-8.590152
3.44500,-9.969952,14.482844,-0.312105,-120.106719,-8.532677
3.45000,-9.970703,14.250802,-0.255640,-120.495050,-8.247491
3.45500,-9.971435,15.412661,0.692336,-123.775921,-8.425580
3.46000,-9.972149,15.783491,1.327000,-117.540786,-8.463247
3.46500,-9.972846,14.428219,0.143158,-119.836500,-8.432645
3.47000,-9.973525,14.349496,-0.250715,-117.379134,-8.494255
3.47500,-9.974186,14.852789,0.262460,-119.675001,-8.356915
3.48000,-9.974832,14.561527,0.037398,-121.460829,-8.351039
3.48500,-9.975461,15.593919,-0.205259,-118.350557,-8.541442
3.49000,-9.976074,15.654827,-0.472672,-123.041460,-8.468825
3.49500,-9.976673,15.503153,-0.087928,-123.005122,-8.116427
3.50000,-9.977256,14.534865,-0.364706,-119.753316,-8.420123
3.50500,-9.977824,14.353426,0.028924,-117.974679,-8.512572
3.51000,-9.978379,14.730187,-0.238853,-117.165325,-8.171273
3.51500,-9.978919,15.039143,0.895502,-119.812689,-8.482309
3.52000,-9.979446,15.530775,0.199499,-119.871711,-8.650922
3.52500,-9.979960,15.243944,0.064806,-119.169266,-8.380365
3.53000,-9.980461,14.728421,1.557117,-120.073399,-8.620343
3.53500,-9.980950,15.351237,1.670277,-120.724456,-8.558709
3.54000,-9.981426,15.502697,0.113703,-118.534903,-8.432869
3.54500,-9.981890,14.884083,-0.106951,-120.737136,-8.501817
3.55000,-9.982343,14.313965,-0.611080,-120.109913,-8.598800
3.55500,-9.982784,15.292168,0.386378,-117.020485,-8.566238
3.56000,-9.983215,15.625797,-0.232173,-119.160428,-8.572597
3.56500,-9.983634,15.443344,0.651447,-120.783958,-8.304062
3.57000,-9.984044,14.284954,0.920460,-118.128782,-8.591920
3.57500,-9.984442,15.271185,-0.420735,-119.968024,-8.569188
3.58000,-9.984831,15.049676,0.565964,-118.182812,-8.170901
3.58500,-9.985211,14.828840,0.330961,-121.552725,-8.566393
3.59000,-9.985580,14.886741,-2.080608,-121.365413,-8.254729
3.59500,-9.985941,14.624596,-0.604155,-122.802084,-8.281311
3.60000,-9.986292,14.540609,0.199194,-117.233809,-8.505464
3.60500,-9.986635,15.193415,-0.227984,-116.629303,-8.698852
3.61000,-9.986969,14.985322,-0.144638,-117.101945,-8.413361
3.61500,-9.987295,15.072252,0.247136,-118.931565,-8.380048
3.62000,-9.987613,14.215077,-0.442861,-119.279538,-8.335249
3.62500,-9.987922,15.142560,0.784060,-120.234591,-8.472188
3.63000,-9.988224,16.055528,0.211291,-118.452939,-8.299662
3.63500,-9.988519,14.278767,0.119971,-120.139228,-8.271619
3.64000,-9.988806,15.056127,-0.835178,-121.952660,-8.644927
3.64500,-9.989085,14.987475,0.764804,-117.574739,-8.266322
3.65000,-9.989358,15.181133,0.907383,-117.800868,-8.458150
3.65500,-9.989624,15.486273,-0.086115,-118.617125,-8.571477
3.66000,-9.989884,14.597627,0.371399,-119.914421,-8.534177
3.66500,-9.990137,15.590102,-0.304463,-120.608896,-8.199530
3.67000,-9.990383,15.445015,-0.271635,-119.580308,-8.336282
3.67500,-9.990624,14.803939,0.518893,-119.335970,-8.759797
3.68000,-9.990858,15.431155,-0.264946,-122.336889,-8.474568
3.68500,-9.991087,15.823510,0.045013,-120.794239,-8.509094
3.69000,-9.991309,15.969128,0.420361,-122.111423,-8.515008
3.69500,-9.991527,14.885454,-0.641886,-117.402957,-8.566976
3.70000,-9.991739,15.583937,0.635825,-122.762599,-8.711336
3.70500,-9.991945,15.023629,-1.098948,-122.456697,-8.358168
3.71000,-9.992146,14.512150,-0.461123,-121.761427,-8.633457
3.71500,-9.992343,16.637815,0.911032,-119.504051,-8.547014
3.72000,-9.992534,15.750679,0.778448,-121.871780,-8.582922
3.72500,-9.992721,15.573554,0.094443,-116.060648,-8.602515
3.73000,-9.992903,14.875928,0.039201,-118.283809,-8.378531
3.73500,-9.993080,15.206466,0.253923,-125.077753,-8.433812
3.74000,-9.993253,14.761678,-0.266950,-119.400668,-8.595646
3.74500,-9.993422,16.339753,0.150910,-119.138458,-8.637357
3.75000,-9.993586,14.697740,0.773990,-122.641012,-8.565235
3.75500,-9.993747,15.100896,0.380219,-120.101900,-8.346479
3.76000,-9.993903,15.656327,-0.609884,-119.728624,-8.475183
3.76500,-9.994055,14.982889,-0.550057,-121.305638,-8.459200
3.77000,-9.994204,15.680685,-1.139456,-120.144590,-8.545178
3.77500,-9.994349,15.244161,0.928756,-119.200369,-8.534790
3.78000,-9.994490,15.013637,0.789953,-121.049521,-8.462729
3.78500,-9.994628,15.063830,0.658991,-120.077081,-8.777310
3.79000,-9.994762,13.726048,-0.515025,-122.548732,-8.250411
3.79500,-9.994893,15.686941,1.325341,-118.590242,-8.616789
3.80000,-9.995021,15.457682,-1.306891,-121.333518,-8.583579
3.80500,-9.995145,15.306901,0.800136,-117.324658,-8.292900
3.81000,-9.995267,15.172918,0.693252,-115.494621,-8.463389
3.81500,-9.995385,14.366068,-0.639032,-116.332788,-8.491104
3.82000,-9.995500,15.092351,0.139007,-120.973770,-8.586701
3.82500,-9.995613,14.426627,-0.833298,-119.039729,-8.736053
3.83000,-9.995723,14.656246,-0.276572,-120.539519,-8.469807
3.83500,-9.995830,14.241358,-0.533693,-118.981106,-8.315803
3.84000,-9.995934,14.780813,0.489453,-121.779404,-8.635532
3.84500,-9.996035,15.711840,1.058946,-122.182780,-8.290472
3.85000,-9.996135,15.320386,1.523323,-120.101524,-8.670432
3.85500,-9.996231,14.406517,-1.003136,-121.730433,-8.610530
3.86000,-9.996325,14.436840,0.435600,-117.338160,-8.421427
3.86500,-9.996417,15.743973,-0.170607,-118.427553,-8.498649
3.87000,-9.996507,14.855902,0.259757,-119.271833,-8.393292
3.87500,-9.996594,15.592116,-1.106218,-120.320373,-8.611888
3.88000,-9.996679,16.120977,-1.483509,-120.370503,-8.656153
3.88500,-9.996762,15.696438,-0.968206,-117.901202,-8.783599
3.89000,-9.996843,14.306908,0.934992,-119.841006,-8.682394
3.89500,-9.996922,13.507017,-0.915323,-119.974517,-8.662918
3.90000,-9.996999,16.081465,0.621879,-115.950015,-8.716430
3.90500,-9.997074,14.103380,0.009418,-119.692301,-8.451643
3.91000,-9.997147,14.064654,0.537245,-120.563618,-8.599961
3.91500,-9.997219,14.649800,-0.316035,-120.493110,-8.801987
3.92000,-9.997288,14.779151,0.830999,-117.238571,-8.119714
3.92500,-9.997356,15.408739,0.089011,-121.075049,-8.625935
3.93000,-9.997422,14.559592,-0.009934,-121.035896,-8.690069
3.93500,-9.997487,14.419675,0.177833,-117.628727,-8.309329
3.94000,-9.997549,15.570508,-0.039670,-117.480491,-8.320627
3.94500,-9.997611,14.371056,-0.847834,-116.946758,-8.674038
3.95000,-9.997670,16.826165,-0.032748,-121.854892,-8.723214
3.95500,-9.997729,14.082210,0.319645,-119.047986,-8.650864
3.96000,-9.997785,15.060708,0.072495,-121.227670,-8.325923
3.96500,-9.997841,15.794493,-0.392416,-119.094690,-8.545685
3.97000,-9.997895,15.033677,-0.105492,-123.418399,-8.621534
3.97500,-9.997947,13.935440,-0.705003,-120.428503,-8.502443
3.98000,-9.997999,14.996979,0.284569,-117.657966,-8.314358
3.98500,-9.998049,15.739044,-0.321389,-119.554290,-8.710037
3.99000,-9.998098,14.534022,0.295624,-125.217914,-8.556563
3.99500,-9.998145,13.938364,0.295054,-117.834620,-8.709049
4.00000,-9.993193,14.987939,0.421213,-119.204658,-8.166556
4.00500,-9.983240,13.595306,0.105394,-120.583317,-8.220486
4.01000,-9.968288,15.335370,0.045111,-119.999184,-8.352662
4.01500,-9.948335,15.496368,-1.190719,-120.688328,-8.517871
4.02000,-9.923383,15.088120,-0.103742,-117.488512,-8.396478
4.02500,-9.893430,14.202149,-1.120978,-120.051116,-8.816921
4.03000,-9.858478,15.670888,-1.601037,-123.436909,-8.452794
4.03500,-9.818526,15.819710,-2.245833,-121.801062,-8.696969
4.04000,-9.773573,15.647696,-1.767535,-116.395680,-8.692640
4.04500,-9.723621,14.546905,-4.118995,-117.460964,-8.594544
4.05000,-9.668668,15.096792,-3.283101,-118.131824,-8.535877
4.05500,-9.608716,14.223904,-3.232873,-121.527256,-8.388990
4.06000,-9.543763,15.432883,-5.947613,-118.581799,-8.362382
4.06500,-9.473811,14.240184,-7.199540,-117.447554,-8.420226
4.07000,-9.398859,13.628875,-8.869704,-119.375857,-8.593521
4.07500,-9.318906,14.195975,-8.163432,-117.901744,-8.333381
4.08000,-9.233954,14.606475,-9.266365,-116.895631,-8.439732
4.08500,-9.144001,14.054956,-10.958982,-116.965265,-8.223474
4.09000,-9.049049,13.890704,-11.511330,-118.057325,-8.522986
4.09500,-8.949096,13.226409,-13.273982,-117.841424,-8.781223
4.10000,-8.844144,13.793210,-12.174115,-121.306928,-8.405815
4.10500,-8.734191,13.532834,-14.572506,-119.022303,-7.974951
4.11000,-8.619239,13.489983,-14.473871,-116.302869,-8.198114
4.11500,-8.499287,13.177422,-14.839734,-114.103877,-8.262054
4.12000,-8.374334,13.064752,-15.288122,-117.062296,-8.056377
4.12500,-8.244382,12.390065,-16.701139,-114.724903,-8.069060
4.13000,-8.109429,13.974700,-17.849497,-116.634007,-8.025759
4.13500,-7.969477,11.484680,-18.070150,-118.299149,-8.120316
4.14000,-7.824524,12.530496,-19.640329,-114.765646,-7.971514
4.14500,-7.674572,12.952795,-20.529541,-114.169465,-7.888803
4.15000,-7.519620,10.801300,-21.886870,-116.509669,-7.948961
4.15500,-7.359667,10.617549,-21.544836,-115.816319,-7.947926
4.16000,-7.194715,12.006735,-23.002660,-113.157632,-7.677171
4.16500,-7.024762,13.007988,-22.833793,-113.633707,-7.466450
4.17000,-6.849810,11.766158,-23.199984,-110.654850,-7.425854
4.17500,-6.669857,10.532223,-25.100855,-113.849522,-7.354153
4.18000,-6.484905,10.175611,-25.278945,-108.246218,-7.251903
4.18500,-6.294952,9.885157,-26.188381,-110.401621,-6.828295
4.19000,-6.100000,9.144620,-27.244516,-107.295334,-7.070851
4.19500,-5.900048,9.298121,-26.891858,-110.373075,-6.833748
4.20000,-5.695095,10.034451,-28.744449,-103.844088,-6.570582
4.20500,-5.485143,8.930538,-28.842387,-104.247176,-6.731701
4.21000,-5.270190,9.092001,-30.553969,-98.864940,-6.564242
4.21500,-5.050238,9.079069,-29.893314,-105.718980,-6.304285
4.22000,-4.825285,7.778276,-31.970609,-104.707945,-6.059231
4.22500,-4.595333,7.645335,-33.139255,-97.747265,-6.116260
4.23000,-4.360380,7.690058,-33.673068,-95.859259,-5.950166
4.23500,-4.120428,6.690837,-34.251132,-100.085601,-5.827440
4.24000,-3.875476,6.949395,-34.682527,-93.423791,-5.855242
4.24500,-3.625523,6.958932,-36.378995,-90.839823,-5.325108
4.25000,-3.370571,6.195283,-35.565898,-88.033017,-5.352815
4.25500,-3.110618,4.697028,-37.467760,-88.944793,-5.389585
4.26000,-2.845666,5.614403,-37.652358,-90.654677,-4.956888
4.26500,-2.575713,4.916742,-39.730326,-89.517541,-5.000443
4.27000,-2.300761,4.638182,-39.666691,-78.716297,-4.686893
4.27500,-2.020809,3.479272,-41.045679,-80.236535,-4.321711
4.28000,-1.735856,3.894528,-40.805210,-76.782748,-4.250872
4.28500,-1.445904,3.366178,-42.620399,-77.335853,-3.727790
4.29000,-1.159756,2.634880,-43.443421,-74.791214,-3.890984
4.29500,-0.878609,2.081307,-43.676811,-72.320524,-3.397328
4.30000,-0.602461,2.056111,-44.204956,-71.406160,-3.118265
4.30500,-0.331313,0.471457,-44.582193,-67.445494,-2.741826
4.31000,-0.065166,1.476641,-44.655146,-66.598181,-2.580830
4.31500,0.195982,0.558207,-44.084881,-62.387304,-2.438842
4.32000,0.452129,1.172344,-43.694341,-56.309837,-2.211290
4.32500,0.703277,-1.139476,-42.908109,-55.842399,-1.978228
4.33000,0.949425,-0.633003,-43.457433,-54.475132,-1.538282
4.33500,1.190572,-0.500600,-43.450024,-46.316854,-1.552305
4.34000,1.426720,-0.900865,-41.070008,-44.232989,-1.110502
4.34500,1.657867,-1.732884,-41.631181,-43.917366,-0.940393
4.35000,1.884015,-1.165905,-40.155457,-44.692458,-0.624203
4.35500,2.105163,-2.472591,-39.911466,-34.962325,-0.434909
4.36000,2.321310,-2.168028,-39.033243,-31.744248,0.197285
4.36500,2.532458,-2.879086,-39.155413,-32.639559,0.037588
4.37000,2.738605,-3.349109,-39.094574,-25.012891,0.442210
4.37500,2.939753,-4.016015,-36.734026,-26.629590,0.710382
4.38000,3.135901,-4.272794,-35.746894,-22.100102,1.024211
4.38500,3.327048,-4.495866,-35.201076,-19.192961,1.261314
4.39000,3.513196,-4.211862,-33.962682,-14.454464,1.516063
4.39500,3.694343,-5.116799,-33.119347,-11.794586,1.856881
4.40000,3.870491,-5.702439,-32.474138,-5.025143,1.729915
4.40500,4.041639,-4.897781,-31.199157,-5.524173,2.209712
4.41000,4.207786,-5.472157,-30.765395,-0.438554,2.264501
4.41500,4.368934,-5.465841,-30.576447,2.057152,2.728132
4.42000,4.525081,-6.030549,-28.836647,5.842739,2.747220
4.42500,4.676229,-5.227788,-28.128379,6.857486,3.010926
4.43000,4.822376,-6.088642,-27.943867,11.891174,3.372275
4.43500,4.963524,-6.600425,-27.786849,18.272827,3.812765
4.44000,5.099672,-6.710525,-25.738251,20.331591,3.899823
4.44500,5.230819,-6.601854,-24.736191,19.240207,4.062530
4.45000,5.356967,-7.359294,-23.339528,24.116038,4.430220
4.45500,5.478114,-7.187689,-23.758678,25.981004,4.263851
4.46000,5.594262,-7.993923,-22.072725,29.734618,4.273712
4.46500,5.705410,-7.022672,-21.099341,32.988967,4.705791
4.47000,5.812774,-8.340606,-21.431702,34.776000,4.898175
4.47500,5.917455,-10.542562,-19.389008,41.432935,5.291640
4.48000,6.019519,-8.141187,-18.182116,45.331382,5.584682
4.48500,6.119031,-8.952922,-19.085328,46.584285,5.202863
4.49000,6.216055,-9.001974,-17.503919,48.044329,5.923479
4.49500,6.310654,-8.590144,-17.886439,52.188667,5.916351
4.50000,6.402887,-11.019070,-16.645537,52.891600,5.930186
4.50500,6.492815,-10.523478,-18.951223,59.443725,5.975476
4.51000,6.580495,-9.582919,-16.395960,64.827770,6.399142
4.51500,6.665982,-10.496217,-14.316083,56.458234,6.143716
4.52000,6.749333,-9.349052,-14.328000,65.532534,6.154473
4.52500,6.830599,-9.545868,-13.959930,67.169104,6.336357
4.53000,6.909834,-10.296511,-11.765186,69.782549,6.187903
4.53500,6.987089,-9.585624,-14.038633,70.980618,6.543976
4.54000,7.062411,-11.537475,-14.189533,70.475555,6.524093
4.54500,7.135851,-10.436965,-15.924731,75.638729,6.654142
4.55000,7.207455,-9.904025,-13.619093,76.945938,6.715761
4.55500,7.277268,-9.701202,-13.607889,79.429779,6.550883
4.56000,7.345337,-10.341705,-11.059674,81.512681,6.959659
4.56500,7.411703,-9.830370,-12.148091,82.318649,6.645545
4.57000,7.476411,-10.647131,-12.606102,90.081808,6.972790
4.57500,7.539500,-11.110737,-11.326013,84.067281,6.626818
4.58000,7.601013,-10.907034,-10.835255,87.502957,6.955216
4.58500,7.660988,-9.605806,-10.808531,87.086676,6.798374
4.59000,7.719463,-9.868858,-9.569075,90.944037,6.951561
4.59500,7.776476,-11.143998,-10.332086,96.022113,6.864168
4.60000,7.832064,-11.155635,-9.972742,93.875842,6.646187
4.60500,7.886263,-11.232057,-9.329644,93.409198,6.822474
4.61000,7.939106,-12.628089,-10.182657,93.514959,7.014095
4.61500,7.990629,-12.080354,-9.137357,98.685405,7.107997
4.62000,8.040863,-11.722977,-9.292554,97.023989,6.796212
4.62500,8.089841,-12.413221,-8.070430,100.923272,6.702337
4.63000,8.137595,-12.123859,-8.111008,98.996047,6.898598
4.63500,8.184155,-12.862996,-9.943460,100.235834,7.003663
4.64000,8.229552,-12.203992,-7.560227,102.090398,6.942947
4.64500,8.273813,-11.567275,-7.778565,99.455004,6.919268
4.65000,8.316967,-12.245442,-7.779317,106.326672,7.175619
4.65500,8.359043,-11.816354,-8.556274,101.931832,7.196269
4.66000,8.400067,-12.529958,-6.174919,105.365518,7.165326
4.66500,8.440065,-13.009651,-7.689941,106.604832,6.912666
4.67000,8.479064,-12.464641,-6.819979,111.278777,7.071521
4.67500,8.517087,-13.777301,-7.416243,107.713126,7.035109
4.68000,8.554160,-13.168694,-6.170561,108.970904,6.852415
4.68500,8.590306,-12.950664,-6.983211,106.482969,7.211256
4.69000,8.625548,-13.161713,-6.552508,107.672902,7.097443
4.69500,8.659910,-12.602805,-5.510116,108.320235,7.018508
4.70000,8.693412,-13.412110,-6.119155,110.978200,7.318352
4.70500,8.726077,-12.353915,-6.078172,106.824634,7.229397
4.71000,8.757925,-12.467386,-4.780074,110.120720,7.255467
4.71500,8.788977,-12.978832,-6.777141,115.675555,7.321216
4.72000,8.819252,-13.540621,-4.811748,107.631208,7.262182
4.72500,8.848771,-13.902427,-4.151218,105.927316,6.975433
4.73000,8.877552,-12.795568,-5.284533,108.962419,7.126229
4.73500,8.905613,-13.421926,-4.257239,109.960092,7.356939
4.74000,8.932973,-11.514854,-5.628513,113.989005,7.106152
4.74500,8.959648,-12.770225,-4.791851,111.564272,7.249864
4.75000,8.985657,-12.452909,-4.466405,113.095455,7.326820
4.75500,9.011016,-14.017251,-5.464378,109.176316,7.509099
4.76000,9.035740,-13.503200,-5.971242,110.714490,7.511403
4.76500,9.059847,-13.821372,-3.476724,111.501134,7.475385
4.77000,9.083351,-15.115278,-5.872581,109.100381,7.335854
4.77500,9.106267,-13.419790,-3.729133,111.596690,7.530696
4.78000,9.128610,-13.888414,-4.162312,110.417499,7.499271
4.78500,9.150395,-13.845757,-4.019267,111.556497,7.422284
4.79000,9.171635,-13.434594,-2.894779,108.070716,7.682975
4.79500,9.192344,-13.052078,-3.729516,106.708244,7.580669
4.80000,9.212535,-13.368314,-3.537207,114.107166,7.419671
4.80500,9.232222,-12.647209,-2.942518,111.269204,7.758327
4.81000,9.251417,-14.249267,-3.243608,110.991723,7.556596
4.81500,9.270131,-13.298966,-4.359168,116.797827,7.716623
4.82000,9.288378,-14.365239,-2.988609,113.432647,7.424077
4.82500,9.306168,-14.059025,-1.746782,112.229950,7.684254
4.83000,9.323514,-13.207290,-3.808691,109.858409,7.573315
4.83500,9.340426,-13.614831,-2.926411,112.111825,7.599538
4.84000,9.356916,-13.817161,-3.763017,111.840144,7.486456
4.84500,9.372993,-13.853070,-4.179724,110.811351,8.134609
4.85000,9.388668,-13.587511,-2.134168,114.476848,7.813981
4.85500,9.403951,-13.213420,-2.818805,113.055286,7.901965
4.86000,9.418852,-13.666745,-2.608765,112.689632,8.062879
4.86500,9.433381,-14.373829,-2.522277,109.732579,7.902850
4.87000,9.447547,-13.571139,-2.103679,110.050352,8.026700
4.87500,9.461358,-14.154978,-1.822101,113.988841,7.767206
4.88000,9.474824,-13.980069,-2.126194,112.143726,8.029936
4.88500,9.487953,-14.074159,-2.246016,110.499133,7.961429
4.89000,9.500755,-13.574929,-4.022742,112.444276,8.124693
4.89500,9.513236,-14.066867,-3.122919,111.883477,8.098792
4.90000,9.525405,-14.478923,-2.402749,110.958732,7.881715
4.90500,9.537270,-15.178370,-2.538622,111.580476,7.831576
4.91000,9.548838,-15.131966,-3.051113,113.680049,7.979286
4.91500,9.560117,-14.060110,-1.943775,112.846640,8.265651
4.92000,9.571114,-14.732818,-1.839837,110.353724,8.236100
4.92500,9.581836,-13.758993,-0.922848,110.705769,8.249822
4.93000,9.592290,-14.314080,-2.303925,113.026055,7.896301
4.93500,9.602483,-14.177919,-1.400310,110.231903,7.809143
4.94000,9.612421,-14.404615,-2.410142,112.865296,8.138361
4.94500,9.622110,-12.726896,-1.805501,112.426420,8.195879
4.95000,9.631558,-13.776119,-3.025293,109.996005,8.166733
4.95500,9.640769,-14.077404,-2.971984,107.736661,8.324120
4.96000,9.649750,-13.991286,-0.907692,111.207964,8.254222
4.96500,9.658506,-16.011910,-3.233856,113.103007,8.108821
4.97000,9.667043,-15.038224,-1.502433,113.239702,8.164079
4.97500,9.675367,-13.690642,-1.912934,116.078719,8.327894
4.98000,9.683483,-13.654840,-1.838109,113.509503,8.324099
4.98500,9.691396,-15.008216,-1.590512,113.468826,8.307874
4.99000,9.699111,-15.885021,-1.235228,114.554877,8.670596
4.99500,9.706633,-15.388495,-1.098880,112.944942,8.289376
5.00000,9.713967,-14.208246,-1.722905,117.731968,8.351916
5.00500,9.721118,-14.691063,-1.376615,112.911853,8.185151
5.01000,9.728090,-13.862722,-1.859146,112.438304,8.285280
5.01500,9.734888,-14.741962,-1.620098,113.343886,8.422465
5.02000,9.741516,-14.423027,-2.235337,117.173748,8.430947
5.02500,9.747978,-14.266916,-1.952235,113.485886,8.321910
5.03000,9.754278,-14.699869,-2.067006,113.206603,8.407284
5.03500,9.760421,-14.922835,-1.399406,116.251442,8.356176
5.04000,9.766411,-15.049955,-0.125867,117.664657,8.061159
5.04500,9.772251,-14.779803,-0.493500,114.363653,7.848630
5.05000,9.777944,-14.640564,-1.558703,116.904800,8.700751
5.05500,9.783496,-14.023164,-2.124210,114.123763,8.474662
5.06000,9.788908,-14.640809,-2.060874,118.688627,8.338812
5.06500,9.794186,-15.049055,-1.727295,113.500664,8.081757
5.07000,9.799331,-15.406878,0.546821,115.357666,8.151679
5.07500,9.804348,-15.214837,-1.108745,115.157194,8.552423
5.08000,9.809239,-14.454187,-2.092458,114.212722,7.919433
5.08500,9.814008,-14.648359,-0.481766,116.170210,8.294576
5.09000,9.818658,-13.852488,-1.244755,117.914499,8.475838
5.09500,9.823191,-14.822233,0.552889,114.809526,8.364492
5.10000,9.827612,-15.015221,-0.074074,120.822093,8.457179
5.10500,9.831921,-13.829244,-0.096050,117.372308,8.321474
5.11000,9.836123,-14.108464,-0.326035,117.683113,8.706240
5.11500,9.840220,-13.975963,-0.556811,115.409638,8.183959
5.12000,9.844215,-15.571153,-1.153408,117.046421,8.132822
5.12500,9.848109,-14.809044,-0.604433,119.216271,8.382545
5.13000,9.851907,-14.624813,0.705714,115.247226,8.558944
5.13500,9.855609,-14.649278,0.298243,116.023785,8.332668
5.14000,9.859219,-16.325211,-0.502235,115.828574,8.501777
5.14500,9.862738,-14.764823,-0.360162,114.895598,8.261479
5.15000,9.866170,-14.814803,-0.517877,119.170523,8.162560
5.15500,9.869516,-14.087529,-1.452841,116.174837,8.558093
5.16000,9.872778,-14.958596,-0.674244,121.548166,8.585165
5.16500,9.875958,-14.774147,-0.392171,115.386556,8.581254
5.17000,9.879059,-14.934915,-0.205528,117.432480,8.282203
5.17500,9.882083,-15.543359,-0.416654,118.351128,8.174725
5.18000,9.885031,-14.409868,0.731209,116.193383,8.174655
5.18500,9.887905,-13.591899,0.043759,113.798923,8.321062
5.19000,9.890707,-15.466683,-1.010815,117.078878,8.446639
5.19500,9.893440,-13.839385,-1.227296,118.502138,8.438073
5.20000,9.896104,-13.728679,-0.883333,116.572282,8.144320
5.20500,9.898701,-15.752768,-0.637594,119.258914,8.395853
5.21000,9.901234,-15.703630,0.068633,114.740889,8.371834
5.21500,9.903703,-15.381833,1.151385,119.447646,8.386057
5.22000,9.906110,-15.488785,-0.797993,123.370454,8.371984
5.22500,9.908457,-15.337421,-1.486991,120.993349,8.348188
5.23000,9.910746,-15.554932,-0.771753,121.116786,8.472991
5.23500,9.912977,-15.106489,-0.160987,118.249988,8.405394
5.24000,9.915153,-14.585810,0.246468,118.145944,8.424056
5.24500,9.917274,-14.358991,-0.521712,121.535977,8.287959
5.25000,9.919342,-15.019086,0.728142,118.430999,8.457444
5.25500,9.921359,-15.541526,0.076183,120.575218,8.382322
5.26000,9.923325,-14.536626,0.813071,117.114531,8.081864
5.26500,9.925242,-14.492273,0.347084,120.086584,8.482106
5.27000,9.927111,-15.418848,0.517431,119.667566,8.371750
5.27500,9.928933,-14.641050,0.452719,114.528394,8.557120
5.28000,9.930709,-15.636917,-0.682609,119.093442,8.394767
5.28500,9.932442,-15.376749,-2.075739,120.593810,8.408543
5.29000,9.934131,-14.848890,0.766378,120.561214,8.459045
5.29500,9.935777,-15.083350,-1.078758,120.217651,8.428475
5.30000,9.937383,-14.197716,-0.779466,122.208522,8.365561
5.30500,9.938948,-15.034186,0.430812,119.317214,8.163549
5.31000,9.940475,-14.770254,1.111259,117.827176,8.721552
5.31500,9.941963,-14.190564,0.706525,121.452606,8.202753
5.32000,9.943414,-15.949327,-0.393869,124.087057,8.394611
5.32500,9.944828,-14.511515,0.417616,118.785695,8.549349
5.33000,9.946208,-14.175424,-0.780020,122.804117,8.510554
5.33500,9.947552,-15.078488,-0.468310,119.162913,8.541879
5.34000,9.948864,-14.221082,0.880540,116.347140,8.575320
5.34500,9.950142,-15.672501,-1.050437,117.632727,8.653225
5.35000,9.951389,-15.527957,-1.500296,117.713085,8.508217
5.35500,9.952604,-15.839968,-0.708823,122.094586,8.908569
5.36000,9.953789,-13.900985,0.313535,119.812342,8.312631
5.36500,9.954944,-15.524617,-0.807145,118.404592,8.503927
5.37000,9.956070,-14.613946,-0.407460,119.873389,8.416049
5.37500,9.957169,-16.071324,0.200505,122.626613,8.389669
5.38000,9.958239,-14.349798,-1.523389,119.434843,8.518271
5.38500,9.959283,-15.870673,1.576300,118.050709,8.698402
5.39000,9.960301,-15.454751,-0.861568,120.383651,8.368930
5.39500,9.961294,-16.682092,1.062139,117.809924,8.370052
5.40000,9.962261,-15.833843,-1.134958,120.702979,8.590168
5.40500,9.963205,-14.350995,-0.191069,121.756995,8.563633
5.41000,9.964125,-15.908035,0.242086,120.019942,8.780217
5.41500,9.965022,-13.927652,0.641158,118.687253,8.639136
5.42000,9.965896,-13.523558,0.753383,119.877940,8.518030
5.42500,9.966749,-15.110863,0.079730,116.560616,8.433339
5.43000,9.967580,-15.902199,-1.542901,123.015450,8.516927
5.43500,9.968391,-15.239807,-0.003527,124.727827,8.457763
5.44000,9.969181,-14.825088,-0.367805,119.664591,8.276558
5.44500,9.969951,-16.351482,-0.647891,115.166220,8.486331
5.45000,9.970702,-15.429930,0.653473,118.164015,8.458539
5.45500,9.971435,-14.887003,-1.120856,116.503487,8.449897
5.46000,9.972149,-14.707491,1.352669,115.573729,8.419936
5.46500,9.972845,-16.258827,0.140631,119.321281,8.743284
5.47000,9.973524,-15.028932,-0.328012,119.272262,8.591622
5.47500,9.974186,-14.922935,0.297877,118.266105,8.628245
5.48000,9.974831,-14.247869,0.687790,122.019544,8.392483
5.48500,9.975461,-14.788719,-0.371651,119.711043,8.329024
5.49000,9.976074,-14.277888,0.375976,117.517386,8.441704
5.49500,9.976672,-14.614604,0.208977,120.533833,8.521900
5.50000,9.977255,-15.562075,-0.502400,116.907618,8.431763
5.50500,9.977824,-13.133052,0.182164,118.876942,8.455504
5.51000,9.978378,-14.538924,-0.516251,117.841141,8.630667
5.51500,9.978919,-14.820567,0.258115,120.281110,8.529402
5.52000,9.979446,-15.248037,-0.395516,119.062042,8.333390
5.52500,9.979960,-13.937267,0.484435,118.392200,8.417988
5.53000,9.980461,-14.933726,0.660936,120.223217,8.382746
5.53500,9.980949,-14.601362,0.871170,120.672986,8.510458
5.54000,9.981426,-14.844599,0.303456,120.185594,8.304576
5.54500,9.981890,-15.084462,-0.768654,122.076912,8.455208
5.55000,9.982343,-16.058949,-0.398661,117.403517,8.587993
5.55500,9.982784,-15.383029,-1.031174,120.531799,8.486566
5.56000,9.983215,-13.814144,0.874918,123.295156,8.342645
5.56500,9.983634,-14.828554,-0.933170,119.705632,8.387939
5.57000,9.984043,-15.458162,0.803047,114.906413,8.500893
5.57500,9.984442,-15.604244,0.474892,121.793560,8.555590
5.58000,9.984831,-15.571369,-0.418302,119.257493,8.609591
5.58500,9.985210,-15.288680,-0.473301,121.101716,8.459754
5.59000,9.985580,-15.112388,-0.440186,120.302382,8.280996
5.59500,9.985941,-14.019567,-0.427587,121.051036,8.699450
5.60000,9.986292,-14.763030,-0.372150,122.358221,8.527607
5.60500,9.986635,-13.856931,-1.243741,120.002204,8.544255
5.61000,9.986969,-16.137074,1.077157,121.433214,8.529085
5.61500,9.987295,-15.129672,0.231609,116.923488,8.324390
5.62000,9.987612,-16.311126,0.239385,117.810428,8.434187
5.62500,9.987922,-16.479228,1.111513,119.481462,8.522404
5.63000,9.988224,-14.864353,-0.046882,123.171196,8.640977
5.63500,9.988518,-16.231340,-0.312125,117.966167,8.492919
5.64000,9.988805,-14.975818,-0.924613,119.008999,8.008069
5.64500,9.989085,-15.614156,-0.629183,121.207636,8.447589
5.65000,9.989358,-14.238019,0.267279,118.636514,8.538580
5.65500,9.989624,-14.205942,-0.104341,116.972697,8.682565
5.66000,9.989884,-16.090796,-0.709073,115.531543,8.594086
5.66500,9.990137,-14.504469,-0.455110,121.492062,8.865899
5.67000,9.990383,-15.031476,-1.245967,117.352391,8.703714
5.67500,9.990624,-14.670249,-1.013398,120.552642,8.692456
5.68000,9.990858,-15.377680,0.409789,120.918003,8.631135
5.68500,9.991087,-14.192746,0.047220,117.654591,8.276844
5.69000,9.991309,-14.355946,-0.309322,120.782992,8.617449
5.69500,9.991527,-15.058748,-0.136642,115.196568,8.580145
5.70000,9.991738,-16.107851,0.639041,119.584526,8.408901
5.70500,9.991945,-16.653810,0.163303,117.579877,8.579125
5.71000,9.992146,-14.357395,0.308673,120.333086,8.553873
5.71500,9.992343,-14.899876,-0.825131,120.272175,8.419611
5.72000,9.992534,-16.006364,0.259517,120.239604,8.472193
5.72500,9.992721,-15.680279,-0.860967,121.194623,8.451304
5.73000,9.992903,-13.259099,0.198476,118.472983,8.527084
5.73500,9.993080,-15.782546,-0.404144,116.732314,8.427586
5.74000,9.993253,-14.797900,0.687317,117.184450,8.575926
5.74500,9.993422,-14.140135,-0.037928,122.024627,8.200654
5.75000,9.993586,-13.440393,-1.281492,117.622674,8.450605
5.75500,9.993747,-14.803973,-0.218454,119.123076,8.236988
5.76000,9.993903,-14.687399,0.177955,120.649864,8.420720
5.76500,9.994055,-15.832351,0.469476,119.543624,8.573626
5.77000,9.994204,-14.709325,0.692602,117.750140,8.498408
5.77500,9.994349,-15.051838,0.156668,115.329307,8.478567
5.78000,9.994490,-15.770392,1.274657,121.931337,8.506261
5.78500,9.994628,-15.814138,-1.015934,118.651478,8.735519
5.79000,9.994762,-14.168128,-0.260962,116.384291,8.327578
5.79500,9.994893,-14.300313,-1.115644,118.517351,8.632059
5.80000,9.995021,-13.200639,-0.585577,120.016972,8.266104
5.80500,9.995145,-15.259529,-0.983972,115.665784,8.425792
5.81000,9.995267,-16.413213,-0.679439,120.216368,8.522284
5.81500,9.995385,-13.628968,0.619269,119.935822,8.367588
5.82000,9.995500,-14.593016,-0.205297,120.898639,8.529004
5.82500,9.995613,-13.846766,0.923069,119.950415,8.609046
5.83000,9.995723,-15.492083,0.167379,117.773494,8.315900
5.83500,9.995830,-15.291853,0.428272,116.403717,8.486353
5.84000,9.995934,-13.978153,0.915955,119.499104,8.440826
5.84500,9.996035,-15.559155,-0.476477,118.798411,8.202346
5.85000,9.996135,-15.057652,-0.238648,123.240364,8.469929
5.85500,9.996231,-15.023500,0.680707,119.304861,8.376834
5.86000,9.996325,-14.393593,0.087673,120.813316,8.702906
5.86500,9.996417,-14.290036,-0.467362,120.054965,8.365079
5.87000,9.996507,-15.539103,2.053302,116.144162,8.757978
5.87500,9.996594,-14.364197,-1.344881,121.564912,8.417340
5.88000,9.996679,-15.157200,-0.056152,118.934491,8.794436
5.88500,9.996762,-15.073170,0.109089,116.803684,8.581043
5.89000,9.996843,-14.893131,-0.258209,120.820829,8.567991
5.89500,9.996922,-14.351885,0.267823,122.600018,8.621666
5.90000,9.996999,-15.060514,-0.057611,119.672740,8.636387
5.90500,9.997074,-14.659473,0.120488,119.320227,8.712797
5.91000,9.997147,-15.514055,0.058934,118.544169,8.763027
5.91500,9.997219,-15.965923,-0.283416,119.004645,8.445747
5.92000,9.997288,-15.752146,0.250806,122.331161,8.307880
5.92500,9.997356,-14.810865,-0.983751,120.108538,8.090950
5.93000,9.997422,-14.926283,0.135612,120.841120,8.439442
5.93500,9.997487,-14.876235,-0.843292,121.173786,8.614465
5.94000,9.997549,-15.901234,0.755266,113.611529,8.556156
5.94500,9.997611,-15.511202,1.102578,120.286790,8.515958
5.95000,9.997670,-14.961714,-0.491864,121.159762,8.444909
5.95500,9.997729,-14.499748,-1.230521,120.411671,8.400649
5.96000,9.997785,-14.635581,-1.262261,116.725966,8.454965
5.96500,9.997841,-15.207479,-0.415682,118.236695,8.557542
5.97000,9.997895,-15.467895,-0.325295,121.387567,8.228938
5.97500,9.997947,-16.018734,0.101196,120.823872,8.609322
5.98000,9.997999,-15.346561,0.510204,120.887349,8.275566
5.98500,9.998049,-14.198591,-0.242469,117.462569,8.473897
5.99000,9.998097,-15.142303,-0.606855,120.516672,8.401203
5.99500,9.998145,-15.373299,1.923096,123.042382,8.441602
6.00000,9.993193,-14.805217,0.048776,120.018104,8.338099
6.00500,9.983240,-13.119425,0.225917,122.831569,8.321576
6.01000,9.968288,-15.304784,-0.273700,121.790816,8.462172
6.01500,9.948335,-15.646124,0.688186,121.700288,8.331523
6.02000,9.923383,-16.130377,0.792238,118.472207,8.871625
6.02500,9.893430,-16.332537,1.665635,118.515726,8.431993
6.03000,9.858478,-14.644407,1.689797,118.455511,8.394027
6.03500,9.818526,-14.657645,1.254111,122.358506,8.408375
6.04000,9.773573,-15.261359,1.981046,122.555592,8.326097
6.04500,9.723621,-14.519876,4.288029,117.606530,8.111294
6.05000,9.668668,-14.328469,4.874155,117.038735,8.442395
6.05500,9.608716,-15.191763,5.149410,120.027172,8.522926
6.06000,9.543763,-14.405946,6.416989,122.512752,8.238795
6.06500,9.473811,-13.923877,7.813199,120.209952,8.460070
6.07000,9.398858,-15.430227,6.960489,120.903352,8.263797
6.07500,9.318906,-14.415943,9.337620,120.474440,8.429958
6.08000,9.233954,-14.158483,10.635907,120.553880,8.474970
6.08500,9.144001,-15.336201,11.086498,118.879963,8.476466
6.09000,9.049049,-12.321834,10.710347,120.035533,8.448302
6.09500,8.949096,-13.121233,12.269073,120.284446,8.251043
6.10000,8.844144,-12.409628,12.539329,118.362465,8.466168
6.10500,8.734191,-14.566083,12.720820,121.957410,8.233589
6.11000,8.619239,-13.459597,13.734112,115.795530,8.321833
6.11500,8.499287,-12.459300,14.738965,116.940080,8.338663
6.12000,8.374334,-13.431629,15.592691,115.614466,8.143530
6.12500,8.244382,-11.490197,16.690826,119.338910,7.948589
6.13000,8.109429,-13.492073,16.538072,118.964287,8.188459
6.13500,7.969477,-12.574438,16.918178,114.571281,7.870224
6.14000,7.824524,-12.612050,18.542114,115.840187,7.845880
6.14500,7.674572,-13.290854,20.637831,114.168350,7.749958
6.15000,7.519619,-12.113139,20.772199,111.622413,7.978135
6.15500,7.359667,-11.731816,21.811663,112.187098,7.751003
6.16000,7.194715,-12.242596,21.922813,113.945382,7.353959
6.16500,7.024762,-11.605901,22.630073,113.713380,7.724955
6.17000,6.849810,-10.376890,23.818768,110.152658,7.839182
6.17500,6.669857,-10.193771,24.876549,110.876988,7.702759
6.18000,6.484905,-10.210814,25.810748,111.755933,7.240796
6.18500,6.294952,-9.771883,27.714327,112.001156,7.232904
6.19000,6.100000,-9.101897,28.028374,108.784500,7.186689
6.19500,5.900048,-9.830814,28.384168,105.234035,7.127574
6.20000,5.695095,-9.915734,27.521939,102.476843,6.872999
6.20500,5.485143,-9.063411,29.255045,104.809910,6.571314
6.21000,5.270190,-8.727712,30.166944,102.753908,6.718224
6.21500,5.050238,-8.973662,30.321397,100.857059,6.555887
6.22000,4.825285,-8.047704,32.085442,99.254021,6.112146
6.22500,4.595333,-7.674137,32.431629,98.087918,6.106421
6.23000,4.360381,-6.830425,33.387208,98.110885,6.044976
6.23500,4.120428,-7.862596,34.439455,97.651687,5.839233
6.24000,3.875476,-6.021293,34.561932,92.817134,5.749652
6.24500,3.625523,-6.651303,36.208018,96.832296,5.615323
6.25000,3.370571,-7.118439,36.320641,94.113609,5.395239
6.25500,3.110618,-5.045795,37.509591,88.696862,5.108118
6.26000,2.845666,-5.061215,38.540903,87.963566,4.727344
6.26500,2.575713,-4.947401,40.758097,88.560564,4.829139
6.27000,2.300761,-5.424162,39.008930,81.302738,4.745613
6.27500,2.020809,-3.666084,41.800305,79.806013,4.624552
6.28000,1.735856,-4.548686,41.610041,77.613305,4.104078
6.28500,1.445904,-4.163038,41.692655,74.484246,3.884552
6.29000,1.159756,-3.063208,42.803154,75.820957,3.886429
6.29500,0.878609,-1.938476,43.184730,71.410321,3.656029
6.30000,0.602461,-2.137645,44.858903,69.595614,3.254408
6.30500,0.331313,-1.656225,45.029931,66.999519,3.072507
6.31000,0.065166,-1.938932,45.174016,63.766782,2.604574
6.31500,-0.195982,-0.264739,45.285776,64.730141,2.562755
6.32000,-0.452129,-0.735175,43.668977,58.379032,2.096745
6.32500,-0.703277,0.329323,42.819907,54.078770,1.946392
6.33000,-0.949425,2.237391,44.009998,50.079097,1.692489
6.33500,-1.190572,0.844197,42.879771,48.626648,1.379858
6.34000,-1.426720,0.366557,41.749178,47.477749,0.867094
6.34500,-1.657867,0.460811,42.486635,44.395360,0.799365
6.35000,-1.884015,1.131634,42.310911,41.543721,0.711107
6.35500,-2.105163,1.466945,41.005561,36.899364,0.384971
6.36000,-2.321310,2.682746,38.933968,35.539582,0.067808
6.36500,-2.532458,3.748747,39.847703,32.361276,-0.073006
6.37000,-2.738605,3.180708,38.624131,25.571404,-0.299044
6.37500,-2.939753,3.288394,35.775179,25.705263,-0.539469
6.38000,-3.135901,4.237610,35.981351,22.437740,-1.055129
6.38500,-3.327048,3.541628,34.809168,17.641910,-1.189915
6.39000,-3.513196,4.255860,33.140460,17.220888,-1.502897
6.39500,-3.694343,5.339279,33.451738,11.649349,-1.841735
6.40000,-3.870491,5.827784,32.576657,6.556960,-2.188534
6.40500,-4.041639,5.026507,30.293031,6.810642,-2.223881
6.41000,-4.207786,5.296043,28.447064,5.215505,-2.586575
6.41500,-4.368934,5.481243,29.054022,-4.385046,-2.364797
6.42000,-4.525081,6.272931,28.496409,-5.424979,-2.943394
6.42500,-4.676229,7.368138,27.375627,-6.728313,-3.192318
6.43000,-4.822376,6.608953,27.042079,-10.626737,-3.442846
6.43500,-4.963524,6.004048,27.458046,-13.057149,-3.314221
6.44000,-5.099672,7.759556,25.942098,-15.701711,-3.956050
6.44500,-5.230819,7.988744,24.310252,-25.559849,-4.042446
6.45000,-5.356967,8.246474,23.041346,-23.480463,-4.334134
6.45500,-5.478114,8.232884,22.852634,-31.595878,-4.427648
6.46000,-5.594262,7.609875,22.004285,-33.281209,-4.598907
6.46500,-5.705410,7.339327,21.583513,-36.672571,-4.603344
6.47000,-5.812774,8.607855,21.615298,-36.372755,-5.157216
6.47500,-5.917455,8.205411,19.131174,-43.937542,-5.106975
6.48000,-6.019519,8.651419,19.595482,-43.117857,-5.012223
6.48500,-6.119031,9.627747,19.590955,-49.447689,-5.484026
6.49000,-6.216055,7.652716,18.368815,-44.784140,-5.573093
6.49500,-6.310654,7.870260,17.641952,-52.940919,-5.813479
6.50000,-6.402887,8.189141,16.269547,-54.550829,-6.202183
6.50500,-6.492815,8.848813,16.026661,-59.672152,-5.935754
6.51000,-6.580495,9.395470,17.209132,-60.960540,-5.850106
6.51500,-6.665982,9.822379,15.618679,-59.426142,-6.203261
6.52000,-6.749333,9.189452,15.347856,-64.140987,-6.508926
6.52500,-6.830599,10.653872,14.461723,-69.515746,-6.274947
6.53000,-6.909834,9.791174,12.933358,-70.404973,-6.385200
6.53500,-6.987089,10.630343,13.937330,-71.892530,-6.319781
6.54000,-7.062411,11.364649,13.670801,-69.954022,-6.402380
6.54500,-7.135851,11.132243,12.849695,-76.036120,-6.645371
6.55000,-7.207455,10.275677,13.917993,-76.856141,-6.600243
6.55500,-7.277268,10.551078,13.178812,-77.469248,-6.987386
6.56000,-7.345337,11.051428,11.266635,-76.484161,-6.589356
6.56500,-7.411703,11.378745,11.839867,-81.991779,-6.772433
6.57000,-7.476411,10.123902,10.919730,-87.384887,-6.672138
6.57500,-7.539500,10.272661,11.290360,-88.865163,-6.708182
6.58000,-7.601013,10.723081,9.145739,-84.671732,-6.942777
6.58500,-7.660988,11.954956,11.032268,-88.954712,-6.946667
6.59000,-7.719463,11.458964,10.747134,-95.389475,-7.078880
6.59500,-7.776476,11.336782,9.620014,-93.742418,-7.279155
6.60000,-7.832064,10.520520,11.229081,-94.935776,-6.999748
6.60500,-7.886263,10.637689,10.217109,-95.929896,-6.969413
6.61000,-7.939106,11.910946,9.626541,-94.995594,-7.169570
6.61500,-7.990629,11.015042,9.496160,-96.052416,-6.904483
6.62000,-8.040863,12.483528,8.985874,-95.677415,-7.005602
6.62500,-8.089841,11.318320,8.478174,-103.601876,-6.957613
6.63000,-8.137595,12.104929,8.386320,-99.855866,-7.149337
6.63500,-8.184155,12.560966,8.867903,-101.811502,-7.305368
6.64000,-8.229552,12.514854,7.542884,-104.484798,-6.921114
6.64500,-8.273813,12.190068,7.253137,-101.178342,-6.949817
6.65000,-8.316967,13.747341,8.640887,-106.564387,-7.062840
6.65500,-8.359043,12.290858,7.154098,-107.375372,-7.113394
6.66000,-8.400067,12.705923,7.586967,-101.554194,-7.094662
6.66500,-8.440065,12.251500,6.525654,-104.738617,-7.076899
6.67000,-8.479064,13.239956,7.013413,-104.398262,-7.137755
6.67500,-8.517087,13.435760,6.418990,-103.847345,-7.371697
6.68000,-8.554160,13.482128,6.246667,-109.887158,-6.950784
6.68500,-8.590306,12.924920,6.509084,-104.619909,-7.304909
6.69000,-8.625548,13.432865,6.610089,-107.736798,-7.135041
6.69500,-8.659910,12.146039,6.064312,-107.164476,-7.139512
6.70000,-8.693412,12.631352,7.073028,-106.910527,-7.062452
6.70500,-8.726077,13.397805,6.135148,-107.574051,-7.359209
6.71000,-8.757925,11.491098,5.463116,-110.037790,-6.940849
6.71500,-8.788977,11.950899,5.728105,-109.493371,-7.038170
6.72000,-8.819252,13.573107,5.752876,-109.330383,-7.035185
6.72500,-8.848771,13.266154,5.944727,-107.607195,-6.975029
6.73000,-8.877552,13.002868,4.777917,-114.810751,-7.307157
6.73500,-8.905613,13.089923,3.908193,-107.160423,-7.681952
6.74000,-8.932973,14.296569,3.803394,-112.353036,-7.172308
6.74500,-8.959648,13.635434,3.485233,-105.778257,-7.043495
6.75000,-8.985657,13.116701,5.464830,-109.535546,-7.088198
6.75500,-9.011016,12.396064,3.234315,-106.883641,-7.370161
6.76000,-9.035740,13.526992,5.404359,-111.233686,-7.326404
6.76500,-9.059847,12.702255,4.447328,-107.077320,-7.293814
6.77000,-9.083351,13.385830,4.743097,-109.961931,-7.639093
6.77500,-9.106267,13.039149,2.960857,-110.017434,-7.491859
6.78000,-9.128610,14.459932,3.713681,-109.975511,-7.514706
6.78500,-9.150395,13.140815,4.655658,-116.369395,-7.204235
6.79000,-9.171635,13.640656,3.261420,-114.223911,-7.574012
6.79500,-9.192344,14.661338,4.806631,-114.552012,-7.264271
6.80000,-9.212535,12.204126,4.012614,-110.893662,-7.531592
6.80500,-9.232222,13.402409,3.514773,-111.576631,-7.819518
6.81000,-9.251417,12.698544,4.388992,-109.337955,-7.255686
6.81500,-9.270131,14.911211,3.279989,-110.369108,-7.772758
6.82000,-9.288378,14.148194,3.481989,-108.466442,-7.560634
6.82500,-9.306168,13.828354,3.514178,-112.683460,-7.425122
6.83000,-9.323514,14.026232,2.197308,-110.420059,-7.797484
6.83500,-9.340426,14.470572,3.286452,-112.281718,-7.933900
6.84000,-9.356916,14.369524,3.731590,-113.738814,-7.617399
6.84500,-9.372993,14.085057,3.591801,-115.075809,-7.795931
6.85000,-9.388668,14.682888,3.909708,-111.488948,-8.022445
6.85500,-9.403951,14.321189,3.003683,-113.309467,-8.028948
6.86000,-9.418852,15.427474,2.067571,-112.500687,-7.951685
6.86500,-9.433381,13.361310,3.865853,-113.462128,-7.772786
6.87000,-9.447547,13.900232,1.353309,-113.799511,-7.990607
6.87500,-9.461358,14.678098,2.926831,-105.372760,-7.873178
6.88000,-9.474824,14.738638,0.820128,-111.431315,-7.746335
6.88500,-9.487953,13.845415,2.205636,-114.413724,-7.829439
6.89000,-9.500755,15.124121,3.836765,-112.059257,-7.827555
6.89500,-9.513236,14.884356,1.143807,-111.658725,-7.881811
6.90000,-9.525405,15.435455,3.427773,-114.954820,-8.337119
6.90500,-9.537270,14.096954,1.913244,-109.553312,-7.926150
6.91000,-9.548838,15.133328,1.570433,-113.927970,-8.082655
6.91500,-9.560117,14.264448,1.905573,-110.876251,-8.170831
6.92000,-9.571114,14.591492,1.837395,-113.100604,-8.335418
6.92500,-9.581836,14.884241,2.303624,-113.950924,-8.429460
6.93000,-9.592290,14.082385,2.373967,-105.293030,-8.372651
6.93500,-9.602483,14.175223,2.250819,-113.731359,-8.221510
6.94000,-9.612421,15.610480,2.008601,-115.815175,-8.411662
6.94500,-9.622110,13.759753,1.612361,-113.750964,-8.370116
6.95000,-9.631558,14.817199,2.962899,-114.898583,-8.351851
6.95500,-9.640769,15.376637,2.466802,-110.492228,-8.167350
6.96000,-9.649750,15.501734,1.566047,-112.024965,-8.324440
6.96500,-9.658506,14.362759,1.777382,-115.669300,-8.311143
6.97000,-9.667043,13.801394,1.857317,-109.387030,-8.095169
6.97500,-9.675367,15.264958,2.690762,-113.846246,-8.354306
6.98000,-9.683483,14.143002,1.620234,-116.324616,-8.220868
6.98500,-9.691396,14.529225,1.577410,-111.239468,-8.479832
6.99000,-9.699111,14.038302,1.854677,-112.319900,-8.273818
6.99500,-9.706633,13.588001,1.650826,-116.088436,-8.310623
7.00000,-9.713967,14.137850,0.785106,-116.479749,-8.306280
7.00500,-9.721118,14.382991,0.475794,-114.502811,-8.407750
7.01000,-9.728090,13.359138,1.838078,-115.765291,-8.496830
7.01500,-9.734888,15.548895,1.522305,-113.249780,-8.387769
7.02000,-9.741516,14.414158,1.373937,-113.970543,-8.415458
7.02500,-9.747978,15.716533,1.029942,-117.320463,-8.187952
7.03000,-9.754278,15.398859,0.623594,-117.233722,-8.208252
7.03500,-9.760421,14.236532,0.940542,-115.557889,-8.530945
7.04000,-9.766411,14.610072,0.467926,-112.328674,-8.252304
7.04500,-9.772251,14.330370,0.432860,-116.693362,-8.421390
7.05000,-9.777944,14.633499,0.781066,-114.135770,-8.278133
7.05500,-9.783496,14.721310,1.407100,-116.988889,-8.421362
7.06000,-9.788908,14.930753,0.511936,-114.775608,-8.572013
7.06500,-9.794186,14.970299,1.391020,-117.108225,-8.191874
7.07000,-9.799331,14.796442,1.551038,-115.084777,-8.277268
7.07500,-9.804348,14.272434,0.981459,-118.085084,-8.532556
7.08000,-9.809239,13.636792,0.504858,-117.906313,-8.633374
7.08500,-9.814008,14.855551,1.284439,-112.194549,-8.425561
7.09000,-9.818658,14.575201,1.286594,-114.528247,-8.523633
7.09500,-9.823191,15.171964,2.295609,-119.404104,-8.398160
7.10000,-9.827612,14.309513,0.814788,-114.238806,-8.247391
7.10500,-9.831921,14.912072,1.440465,-117.298639,-8.117368
7.11000,-9.836123,14.086873,1.614733,-114.101931,-8.395519
7.11500,-9.840220,15.010165,1.919749,-120.098874,-8.130660
7.12000,-9.844215,14.572410,-0.496519,-117.508917,-8.163012
7.12500,-9.848109,15.047666,1.016305,-118.346062,-8.406939
7.13000,-9.851907,16.534813,0.576068,-119.051466,-8.595169
7.13500,-9.855609,15.329788,0.324458,-120.167614,-8.210967
7.14000,-9.859219,14.708238,-1.075835,-113.490611,-8.248609
7.14500,-9.862738,14.983491,0.040266,-117.844149,-7.983187
7.15000,-9.866170,14.819141,0.330892,-118.617922,-8.124953
7.15500,-9.869516,14.777152,1.078449,-121.636168,-8.224848
7.16000,-9.872778,14.854543,-0.045273,-115.663109,-8.087889
7.16500,-9.875958,14.822174,0.900675,-115.738945,-8.506824
7.17000,-9.879059,14.816253,-0.365250,-118.648498,-8.319010
7.17500,-9.882083,15.504545,0.497031,-121.361603,-8.392094
7.18000,-9.885031,15.492133,0.833815,-117.190305,-8.086577
7.18500,-9.887905,16.012509,0.006255,-118.513738,-8.268399
7.19000,-9.890707,15.166344,0.075468,-121.771069,-8.823775
7.19500,-9.893440,15.143486,0.593795,-114.092591,-8.150423
7.20000,-9.896104,16.463219,1.696772,-117.130680,-8.500514
7.20500,-9.898701,13.885450,0.486956,-120.952589,-8.246338
7.21000,-9.901234,14.999371,-0.410947,-120.617210,-8.440894
7.21500,-9.903703,15.187199,0.469282,-117.187525,-8.333522
7.22000,-9.906110,15.293856,1.065914,-116.349756,-8.277062
7.22500,-9.908457,14.439547,1.551302,-117.705174,-8.347657
7.23000,-9.910746,14.611771,0.686617,-117.900318,-8.526195
7.23500,-9.912977,13.899289,0.661350,-119.901057,-8.170621
7.24000,-9.915153,14.522685,0.603639,-114.583468,-8.327051
7.24500,-9.917274,13.597144,0.765444,-119.751739,-8.393775
7.25000,-9.919342,15.409969,0.680262,-118.687080,-8.287114
7.25500,-9.921359,14.756947,0.144718,-118.373176,-8.480192
7.26000,-9.923325,14.199927,0.975770,-119.853802,-8.114448
7.26500,-9.925242,15.829747,-0.118372,-117.569634,-8.371554
7.27000,-9.927111,14.885067,-0.947264,-115.909300,-8.353770
7.27500,-9.928933,14.230742,-0.097697,-124.186800,-8.360252
7.28000,-9.930709,15.206342,-0.143526,-119.809393,-8.556107
7.28500,-9.932442,14.566849,0.579360,-116.626200,-8.599629
7.29000,-9.934131,13.600265,-0.390970,-116.315143,-8.390874
7.29500,-9.935777,14.950160,-1.534633,-120.432728,-8.373732
7.30000,-9.937383,15.924344,-0.658724,-117.959047,-8.225559
7.30500,-9.938948,13.746598,-0.059192,-119.031412,-8.365414
7.31000,-9.940475,14.610161,-0.495551,-119.142654,-8.603713
7.31500,-9.941963,15.378274,-0.466427,-120.852604,-8.360406
7.32000,-9.943414,15.109077,0.793001,-117.293284,-8.317548
7.32500,-9.944828,15.518024,-0.208334,-116.878381,-8.293724
7.33000,-9.946208,14.750729,0.915917,-116.019451,-8.398720
7.33500,-9.947552,15.799800,0.705861,-118.935928,-8.638760
7.34000,-9.948864,14.931261,0.741239,-119.224734,-8.277835
7.34500,-9.950142,14.864727,0.166919,-117.057175,-8.569204
7.35000,-9.951389,15.195460,-0.165636,-112.276113,-8.372383
7.35500,-9.952604,14.736232,0.888876,-120.039523,-8.702166
7.36000,-9.953789,14.716784,-0.147490,-119.727774,-8.347642
7.36500,-9.954944,14.620359,0.513164,-115.685907,-8.586077
7.37000,-9.956070,14.378588,0.326164,-122.018366,-8.303043
7.37500,-9.957169,14.443938,-0.226128,-125.079913,-8.200797
7.38000,-9.958239,14.033796,-1.405092,-117.391554,-8.293130
7.38500,-9.959283,15.307521,0.217623,-116.490120,-8.651286
7.39000,-9.960301,15.142823,0.566369,-116.642865,-8.618531
7.39500,-9.961294,13.621090,-0.213735,-117.341528,-8.608596
7.40000,-9.962261,14.641601,1.049479,-117.137755,-8.375825
7.40500,-9.963205,14.967912,-0.032537,-121.049812,-8.425226
7.41000,-9.964125,14.264191,-0.276380,-117.246860,-8.454698
7.41500,-9.965022,15.218180,0.663891,-121.714079,-8.432488
7.42000,-9.965896,14.550526,-0.701019,-122.964499,-8.391952
7.42500,-9.966749,14.958732,0.526092,-120.032612,-8.381645
7.43000,-9.967580,14.309323,1.611549,-122.364562,-8.223774
7.43500,-9.968391,15.072787,0.583099,-121.959234,-8.490591
7.44000,-9.969181,15.046652,-0.023312,-120.974565,-8.451381
7.44500,-9.969951,16.480269,0.718164,-120.472399,-8.765929
7.45000,-9.970702,15.998724,0.931519,-119.248633,-8.685017
7.45500,-9.971435,15.060787,0.122517,-121.805391,-8.589059
7.46000,-9.972149,14.989283,0.329793,-120.883656,-8.664412
7.46500,-9.972845,15.000083,0.621877,-119.920476,-8.449867
7.47000,-9.973524,15.126836,0.895942,-119.240858,-8.324752
7.47500,-9.974186,13.508509,-0.107772,-118.554274,-8.550097
7.48000,-9.974831,14.927025,0.223844,-117.909152,-8.557726
7.48500,-9.975461,15.374270,1.033767,-119.092958,-8.561697
7.49000,-9.976074,14.977822,0.299459,-118.606292,-8.463594
7.49500,-9.976672,14.155478,0.007884,-118.129327,-8.566597
7.50000,-9.977255,13.938158,1.500715,-119.632247,-8.418244
7.50500,-9.977824,13.744782,-0.662507,-119.199471,-8.437299
7.51000,-9.978378,16.042574,-0.018012,-121.589194,-8.430534
7.51500,-9.978919,15.447366,0.646296,-119.098922,-8.366366
7.52000,-9.979446,15.854747,0.849011,-117.462919,-8.478010
7.52500,-9.979960,14.755728,-0.494274,-121.043820,-8.460733
7.53000,-9.980461,14.464164,0.183446,-116.740444,-8.214091
7.53500,-9.980949,13.909739,0.415279,-120.740920,-8.489391
7.54000,-9.981426,15.204757,-0.389043,-117.270247,-8.360551
7.54500,-9.981890,14.007955,0.284328,-115.962941,-8.473981
7.55000,-9.982343,14.425487,0.045458,-119.129848,-8.552071
7.55500,-9.982784,15.745552,-0.481944,-120.484381,-8.551876
7.56000,-9.983215,15.953152,-0.919044,-118.655233,-8.607235
7.56500,-9.983634,14.796547,0.127278,-120.508560,-8.480251
7.57000,-9.984043,15.548414,0.432757,-121.625610,-8.574194
7.57500,-9.984442,15.065319,-0.498862,-117.373089,-8.546583
7.58000,-9.984831,15.292076,-0.446373,-123.842342,-8.296005
7.58500,-9.985210,14.098436,-0.682820,-117.686243,-8.502455
7.59000,-9.985580,15.162869,-1.245167,-121.365209,-8.308199
7.59500,-9.985941,15.136502,-0.063343,-117.638959,-8.441742
7.60000,-9.986292,15.237610,0.205693,-120.789157,-8.350883
7.60500,-9.986635,15.230794,0.701976,-115.698168,-8.575756
7.61000,-9.986969,15.057848,-0.804610,-120.786437,-8.460299
7.61500,-9.987295,15.343166,0.498052,-124.603834,-8.080904
7.62000,-9.987612,14.468618,0.170680,-113.317889,-8.357044
7.62500,-9.987922,15.216023,-0.307774,-119.646538,-8.330502
7.63000,-9.988224,14.382640,0.349022,-119.999489,-8.448335
7.63500,-9.988518,15.054912,-0.196026,-119.752163,-8.353467
7.64000,-9.988805,14.687578,0.899274,-120.437438,-8.661986
7.64500,-9.989085,14.510271,-0.149748,-119.098050,-8.614924
7.65000,-9.989358,14.595026,0.492554,-121.408109,-8.420096
7.65500,-9.989624,14.607066,1.679246,-114.992457,-8.360846
7.66000,-9.989884,15.515604,0.208593,-121.288663,-8.548994
7.66500,-9.990137,14.507604,0.104263,-118.356302,-8.515528
7.67000,-9.990383,15.236134,0.436720,-116.845663,-8.542621
7.67500,-9.990624,15.338055,-0.147285,-120.269885,-8.516608
7.68000,-9.990858,16.450223,0.016785,-117.884799,-8.671651
7.68500,-9.991087,15.638323,0.686183,-120.979195,-8.707664
7.69000,-9.991309,14.370146,-0.551958,-121.980792,-8.502118
7.69500,-9.991527,14.202219,0.844767,-121.562225,-8.755336
7.70000,-9.991738,15.047078,-0.351483,-117.441692,-8.640102
7.70500,-9.991945,15.313536,-0.753977,-117.525869,-8.592132
7.71000,-9.992146,14.560193,1.247894,-121.814668,-8.652642
7.71500,-9.992343,15.633427,-0.769792,-117.609151,-8.456292
7.72000,-9.992534,13.726226,-0.279730,-121.822429,-8.561317
7.72500,-9.992721,13.630856,0.494386,-119.451473,-8.506233
7.73000,-9.992903,14.499494,0.068265,-118.326224,-8.648654
7.73500,-9.993080,15.403530,0.982766,-124.364929,-8.608366
7.74000,-9.993253,15.604785,0.128974,-118.509473,-8.417590
7.74500,-9.993422,15.057194,-0.065716,-120.535754,-8.440940
7.75000,-9.993586,15.968745,0.046288,-123.119662,-8.567869
7.75500,-9.993747,15.325534,0.012878,-118.404228,-8.441948
7.76000,-9.993903,14.903114,0.616972,-119.269527,-8.469359
7.76500,-9.994055,16.016476,-0.101625,-119.125885,-8.474174
7.77000,-9.994204,15.233508,0.736646,-120.518513,-8.255682
7.77500,-9.994349,14.473852,0.329238,-121.393339,-8.560604
7.78000,-9.994490,15.220285,-0.149809,-122.812039,-8.435909
7.78500,-9.994628,14.298294,0.628758,-120.442580,-8.436016
7.79000,-9.994762,15.740381,-1.108342,-122.245736,-8.536432
7.79500,-9.994893,14.850921,0.363257,-120.924864,-8.678825
7.80000,-9.995021,13.824926,-0.232633,-119.074337,-8.396088
7.80500,-9.995145,15.863106,-0.314842,-118.221470,-8.461920
7.81000,-9.995267,15.276687,-0.983397,-119.039869,-8.494670
7.81500,-9.995385,14.673845,0.339154,-119.349252,-8.499053
7.82000,-9.995500,15.120631,1.547655,-120.573726,-8.499706
7.82500,-9.995613,15.463236,0.207450,-117.909963,-8.639693
7.83000,-9.995723,14.991727,0.181740,-117.413591,-8.459063
7.83500,-9.995830,15.169876,-0.825195,-121.062376,-8.779033
7.84000,-9.995934,15.728091,1.012681,-120.940937,-8.508264
7.84500,-9.996035,14.739054,0.435427,-122.131505,-8.732864
7.85000,-9.996135,15.009461,-0.112156,-120.643268,-8.558588
7.85500,-9.996231,16.213189,0.868755,-120.949204,-8.396007
7.86000,-9.996325,14.817883,0.247569,-115.724673,-8.544936
7.86500,-9.996417,14.561568,-0.476541,-117.033145,-8.578780
7.87000,-9.996507,15.075447,0.326091,-122.965046,-8.427453
7.87500,-9.996594,15.669480,-0.042512,-118.311250,-8.547079
7.88000,-9.996679,14.492347,1.149775,-120.529765,-8.568386
7.88500,-9.996762,14.864095,-0.267345,-123.811217,-8.566297
7.89000,-9.996843,14.610711,0.432475,-119.455819,-8.275760
7.89500,-9.996922,16.185457,-0.154238,-121.500050,-8.405188
7.90000,-9.996999,15.843370,0.140183,-119.341532,-8.433279
7.90500,-9.997074,15.247298,-0.432058,-118.877767,-8.688310
7.91000,-9.997147,15.781766,-0.214974,-121.441383,-8.412379
7.91500,-9.997219,14.102031,-0.858197,-116.751824,-8.704195
7.92000,-9.997288,14.509242,-0.067131,-119.721499,-8.433890
7.92500,-9.997356,15.208932,0.239208,-121.733657,-8.677345
7.93000,-9.997422,15.899150,0.382428,-123.592389,-8.209321
7.93500,-9.997487,14.029097,0.163501,-115.163470,-8.764137
7.94000,-9.997549,15.235528,0.709400,-121.774685,-8.320911
7.94500,-9.997611,14.820943,-0.587271,-119.885723,-8.385138
7.95000,-9.997670,14.820673,-0.216270,-119.405926,-8.778205
7.95500,-9.997729,15.091299,-0.448003,-118.085360,-8.544108
7.96000,-9.997785,14.285714,-1.067291,-122.984397,-8.287060
7.96500,-9.997841,15.974216,-0.419912,-125.360306,-8.334098
7.97000,-9.997895,14.640709,-1.361116,-119.808009,-8.760411
7.97500,-9.997947,15.248363,-0.217887,-123.308249,-8.586747
7.98000,-9.997999,14.272790,0.396438,-120.660977,-8.686465
7.98500,-9.998049,14.545390,0.250291,-115.542566,-8.663752
7.99000,-9.998097,13.839949,-1.165516,-121.352702,-8.605408
7.99500,-9.998145,15.989907,1.187364,-118.579760,-8.226586
8.00000,-9.993193,16.778374,0.535211,-122.491853,-8.487166
8.00500,-9.983240,15.067369,-0.699251,-113.530274,-8.541953
8.01000,-9.968288,15.258863,-1.286653,-120.885216,-8.558482
8.01500,-9.948335,16.352875,-0.314430,-119.187713,-8.405582
8.02000,-9.923383,14.564334,-0.735452,-120.362015,-8.401330
8.02500,-9.893430,15.152600,-1.629124,-121.383302,-8.646184
8.03000,-9.858478,14.478229,-2.081530,-117.704909,-8.280888
8.03500,-9.818526,15.468805,-2.306933,-120.538240,-8.668083
8.04000,-9.773573,15.158937,-2.682176,-122.027819,-8.542604
8.04500,-9.723621,15.541565,-2.626832,-121.171721,-8.428130
8.05000,-9.668668,15.442033,-5.131016,-120.634375,-8.231332
8.05500,-9.608716,13.985913,-5.646447,-119.720542,-8.539269
8.06000,-9.543763,14.207980,-5.863615,-119.575038,-8.435545
8.06500,-9.473811,14.675962,-6.928790,-121.596745,-8.271501
8.07000,-9.398858,14.836757,-9.826369,-120.848960,-8.364268
8.07500,-9.318906,14.282151,-8.324060,-115.099540,-8.274475
8.08000,-9.233954,14.658649,-8.179838,-120.084950,-8.272810
8.08500,-9.144001,14.666679,-9.428470,-116.408419,-8.373811
8.09000,-9.049049,13.728361,-9.910716,-120.191882,-8.296759
8.09500,-8.949096,13.907861,-11.645974,-118.262692,-8.229745
8.10000,-8.844144,13.469303,-12.176455,-120.204123,-8.347251
8.10500,-8.734191,12.823334,-14.471641,-122.929259,-8.069266
8.11000,-8.619239,14.153576,-15.214249,-119.538398,-8.582574
8.11500,-8.499287,14.532350,-15.599680,-116.106242,-8.382777
8.12000,-8.374334,13.022979,-17.752377,-114.916311,-7.980851
8.12500,-8.244382,14.121095,-16.519961,-114.965257,-8.090601
8.13000,-8.109429,13.866918,-17.931187,-118.120578,-8.204290
8.13500,-7.969477,12.210772,-18.223144,-117.176840,-7.994178
8.14000,-7.824524,12.186424,-19.049931,-118.480971,-7.827235
8.14500,-7.674572,11.847278,-19.638953,-114.833312,-8.014623
8.15000,-7.519619,12.638915,-20.174679,-113.063960,-7.743607
8.15500,-7.359667,12.667888,-21.913808,-113.728539,-7.805706
8.16000,-7.194715,11.221101,-22.941354,-115.179865,-7.725492
8.16500,-7.024762,10.307325,-23.965679,-111.935719,-7.634556
8.17000,-6.849810,11.128047,-23.837795,-111.817982,-7.364824
8.17500,-6.669857,11.685247,-25.207456,-110.138103,-7.610080
8.18000,-6.484905,10.844267,-26.618348,-110.697408,-7.394653
8.18500,-6.294952,10.321198,-26.591212,-108.901538,-7.131195
8.19000,-6.100000,8.953080,-26.964012,-109.920282,-7.306187
8.19500,-5.900048,10.180736,-27.633336,-109.102862,-7.243606
8.20000,-5.695095,9.269046,-29.443163,-111.697444,-6.792077
8.20500,-5.485143,9.217266,-30.390796,-104.485133,-6.749258
8.21000,-5.270190,8.975538,-30.425647,-103.347733,-6.636737
8.21500,-5.050238,8.278446,-31.127386,-104.493288,-6.451537
8.22000,-4.825285,7.638019,-32.412582,-97.625059,-6.474688
8.22500,-4.595333,8.020641,-32.431407,-96.882190,-5.729345
8.23000,-4.360381,7.979969,-34.084265,-94.275109,-6.165345
8.23500,-4.120428,8.419181,-33.976033,-96.703358,-5.917373
8.24000,-3.875476,6.746623,-34.288648,-95.356915,-5.897843
8.24500,-3.625523,5.883965,-36.897831,-92.357736,-5.568730
8.25000,-3.370571,7.460486,-36.311067,-89.258074,-5.091113
8.25500,-3.110618,6.558409,-37.470078,-86.127942,-5.134140
8.26000,-2.845666,4.975048,-39.022080,-89.611767,-4.853817
8.26500,-2.575713,4.925562,-39.281885,-85.885446,-4.820371
8.27000,-2.300761,4.751197,-39.432126,-87.897822,-4.266670
8.27500,-2.020809,5.266308,-40.047703,-81.890380,-4.309589
8.28000,-1.735856,3.898039,-41.802436,-77.104722,-4.311088
8.28500,-1.445904,4.450532,-42.430689,-75.316150,-3.784037
8.29000,-1.159756,3.232276,-41.780637,-69.295616,-3.733660
8.29500,-0.878609,2.158041,-43.415535,-70.547431,-3.355452
8.30000,-0.602461,2.357246,-44.252084,-70.481400,-3.192786
8.30500,-0.331313,0.675225,-44.238854,-68.647623,-2.935181
8.31000,-0.065166,0.949654,-44.166582,-63.775068,-2.711544
8.31500,0.195982,1.354609,-44.959967,-58.024288,-2.623456
8.32000,0.452129,0.002146,-45.346699,-61.648424,-2.463673
8.32500,0.703277,-0.077889,-45.190536,-58.165908,-1.831418
8.33000,0.949425,-1.093425,-43.222278,-52.998802,-1.743725
8.33500,1.190572,-0.629618,-43.657234,-50.976929,-1.419615
8.34000,1.426720,-2.151613,-43.453081,-45.267318,-1.271893
8.34500,1.657867,-1.627106,-42.799887,-45.199414,-1.245959
8.35000,1.884015,-1.245989,-39.886376,-40.979800,-0.866965
8.35500,2.105163,-2.460868,-38.861424,-37.961101,-0.193294
8.36000,2.321310,-1.847073,-39.181244,-34.277257,-0.259615
8.36500,2.532458,-2.519173,-37.554982,-28.526714,0.068069
8.37000,2.738605,-2.697788,-36.955351,-31.127834,0.168279
8.37500,2.939753,-3.928939,-37.656991,-28.806362,0.576245
8.38000,3.135901,-3.805568,-35.186894,-24.970793,0.862994
8.38500,3.327048,-4.753304,-34.668788,-19.005762,1.147111
8.39000,3.513196,-4.859765,-34.000624,-14.768163,1.428303
8.39500,3.694343,-4.999262,-33.175019,-10.490928,1.598930
8.40000,3.870491,-4.597070,-33.241175,-7.616527,1.860026
8.40500,4.041639,-4.194211,-30.762047,-4.652969,2.194170
8.41000,4.207786,-6.398036,-30.198714,-5.486296,2.489961
8.41500,4.368934,-4.773753,-30.146484,0.337947,2.658933
8.42000,4.525081,-7.560730,-29.214036,6.082290,3.181429
8.42500,4.676229,-7.650860,-29.168304,5.753617,3.176589
8.43000,4.822376,-5.366524,-26.666149,10.728518,3.393908
8.43500,4.963524,-5.935843,-26.471059,14.137718,3.487392
8.44000,5.099672,-6.846092,-25.462629,19.442211,3.956108
8.44500,5.230819,-7.044396,-24.888586,19.674918,3.848737
8.45000,5.356967,-7.380951,-23.714742,21.137647,3.956818
8.45500,5.478114,-9.067418,-22.586534,27.182199,4.246766
8.46000,5.594262,-7.347475,-21.552891,30.489969,4.674772
8.46500,5.705410,-8.315647,-21.665898,36.044595,4.583237
8.47000,5.812774,-9.598856,-21.521362,35.932687,5.125347
8.47500,5.917455,-8.018579,-21.081896,39.738720,5.087095
8.48000,6.019519,-8.035764,-18.889781,42.048311,5.014262
8.48500,6.119031,-7.793396,-18.552886,45.012581,5.358001
8.49000,6.216055,-8.140109,-16.672870,53.453816,5.804776
8.49500,6.310654,-9.166309,-17.166022,46.083316,5.533591
8.50000,6.402887,-8.684042,-17.901135,55.662260,5.589517
8.50500,6.492815,-9.305221,-15.990731,55.253803,5.984556
8.51000,6.580495,-9.322640,-16.190847,59.741851,6.215329
8.51500,6.665982,-8.322155,-14.986544,58.695909,6.273491
8.52000,6.749333,-9.906493,-15.744205,64.950485,6.163615
8.52500,6.830599,-11.487580,-14.581048,65.099316,6.330735
8.53000,6.909834,-10.256751,-14.393543,70.404867,6.433354
8.53500,6.987089,-11.106120,-14.331482,74.390555,6.638032
8.54000,7.062411,-10.882088,-14.504092,70.801541,6.855602
8.54500,7.135851,-9.366562,-12.943529,72.098457,6.574207
8.55000,7.207455,-10.150154,-13.616049,80.154189,6.845967
8.55500,7.277268,-11.070172,-14.038547,83.859409,6.646881
8.56000,7.345337,-10.772962,-13.177570,81.452226,6.835636
8.56500,7.411703,-10.101350,-12.304641,78.674892,6.644914
8.57000,7.476411,-10.747511,-11.734493,81.508915,6.707632
8.57500,7.539500,-9.841494,-11.726684,88.691390,6.920148
8.58000,7.601013,-11.745750,-10.978488,92.029114,6.748604
8.58500,7.660988,-11.003753,-10.720589,89.401513,7.045677
8.59000,7.719463,-11.189722,-10.527853,88.151948,6.847892
8.59500,7.776476,-11.950785,-10.433846,95.025436,6.962199
8.60000,7.832064,-11.224699,-9.796346,90.811309,6.953347
8.60500,7.886263,-11.077558,-8.770542,93.542012,6.928466
8.61000,7.939106,-10.838671,-9.363066,94.835596,7.010371
8.61500,7.990629,-13.040206,-9.185407,95.930842,7.164211
8.62000,8.040863,-11.693949,-9.052406,99.587338,7.480850
8.62500,8.089841,-11.458872,-8.293186,97.263795,6.832226
8.63000,8.137595,-11.147813,-9.317451,100.663515,7.064186
8.63500,8.184155,-11.759898,-8.967257,103.614724,6.995866
8.64000,8.229552,-12.060767,-8.083936,104.449855,6.886946
8.64500,8.273813,-12.620307,-8.908300,105.796658,7.073203
8.65000,8.316967,-11.268543,-7.337198,102.744541,6.898515
8.65500,8.359043,-12.360733,-7.922568,100.492636,7.023709
8.66000,8.400067,-11.357332,-7.926973,105.298841,7.228023
8.66500,8.440065,-12.356045,-7.903598,105.972826,6.734168
8.67000,8.479064,-12.294353,-8.388964,106.656580,7.084395
8.67500,8.517087,-13.093309,-7.503743,105.679311,7.119537
8.68000,8.554160,-13.500385,-8.024654,108.000319,6.910863
8.68500,8.590306,-12.485053,-7.564988,105.174116,7.143275
8.69000,8.625548,-12.854114,-7.323670,109.622339,7.124390
8.69500,8.659910,-11.904513,-6.287829,112.079584,7.025985
8.70000,8.693412,-13.758928,-6.470238,108.827784,7.273731
8.70500,8.726077,-13.777982,-5.777690,108.950987,6.900144
8.71000,8.757925,-12.253081,-6.755276,110.505887,7.209723
8.71500,8.788977,-13.606118,-5.884833,110.562541,7.089237
8.72000,8.819252,-13.796816,-5.833098,110.832054,6.978240
8.72500,8.848771,-14.509377,-5.288439,110.225074,7.128133
8.73000,8.877552,-13.783377,-5.586818,109.340752,7.119026
8.73500,8.905613,-12.832008,-4.855256,113.567945,7.315583
8.74000,8.932973,-12.654775,-5.464747,107.626700,6.982125
8.74500,8.959648,-14.560655,-4.396614,112.842252,7.201326
8.75000,8.985657,-13.135856,-3.680229,108.602544,7.183440
8.75500,9.011016,-14.041518,-3.989114,111.620156,7.515956
8.76000,9.035740,-13.920033,-4.487018,108.563875,7.129485
8.76500,9.059847,-13.091677,-4.396802,107.329896,7.486627
8.77000,9.083351,-13.648049,-3.898165,108.510146,7.083089
8.77500,9.106267,-13.380525,-4.508082,108.696990,7.430279
8.78000,9.128610,-13.191476,-4.721724,113.791567,7.384537
8.78500,9.150395,-13.240683,-4.304288,109.576272,7.491112
8.79000,9.171635,-13.454334,-4.181832,109.385795,7.355008
8.79500,9.192344,-13.132725,-4.079473,108.804167,7.193892
8.80000,9.212535,-14.077929,-2.587430,110.899512,7.285483
8.80500,9.232222,-14.377520,-1.897841,110.933494,7.751456
8.81000,9.251417,-14.367612,-3.354031,112.228828,7.614007
8.81500,9.270131,-13.820238,-4.395465,109.493208,7.480060
8.82000,9.288378,-14.392641,-3.192684,108.391353,7.779682
8.82500,9.306168,-13.752499,-3.320201,110.901407,7.559210
8.83000,9.323514,-14.023397,-4.082112,112.964116,7.590542
8.83500,9.340426,-12.941785,-2.753343,112.710317,7.548421
8.84000,9.356916,-14.605797,-3.122627,108.931446,7.943052
8.84500,9.372993,-13.189993,-3.653872,110.027907,8.092417
8.85000,9.388668,-13.543295,-3.421234,111.871454,7.675121
8.85500,9.403951,-12.514994,-2.054604,109.903010,7.894994
8.86000,9.418852,-14.472171,-3.299630,108.131940,8.028147
8.86500,9.433381,-13.709451,-2.676868,111.661741,8.229232
8.87000,9.447547,-14.466191,-2.920408,110.496826,7.567484
8.87500,9.461358,-14.371914,-3.160905,111.964830,7.980966
8.88000,9.474824,-13.946313,-2.795550,113.221527,8.083225
8.88500,9.487953,-13.542517,-1.722500,110.345547,7.783547
8.89000,9.500755,-13.210816,-1.053026,108.993899,8.095190
8.89500,9.513236,-14.431290,-2.591633,109.878210,8.085846
8.90000,9.525405,-14.679113,-2.332600,113.299043,8.187976
8.90500,9.537270,-14.156483,-2.266456,111.893649,8.009683
8.91000,9.548838,-13.514787,-2.036292,113.452663,8.182268
8.91500,9.560117,-13.864145,-1.728841,111.079015,8.045213
8.92000,9.571114,-13.836257,-1.501335,113.537521,8.248040
8.92500,9.581836,-13.673643,-2.020597,110.961140,8.196786
8.93000,9.592290,-14.287023,-3.314101,110.711878,8.131212
8.93500,9.602483,-13.923855,-0.805500,112.193545,7.987822
8.94000,9.612421,-12.985495,-1.449500,112.042783,8.469313
8.94500,9.622110,-13.981024,-1.946008,111.895995,8.400230
8.95000,9.631558,-14.787160,-1.595344,112.641594,8.377464
8.95500,9.640769,-14.632084,-1.585737,114.728781,8.153126
8.96000,9.649750,-14.549016,-1.430131,111.294080,8.211400
8.96500,9.658506,-14.210448,-2.980403,109.059218,8.529142
8.97000,9.667043,-14.012364,-0.570959,113.911368,8.396546
8.97500,9.675367,-15.451121,-1.857002,117.244983,8.160842
8.98000,9.683483,-14.949376,-0.786372,115.560031,8.304913
8.98500,9.691396,-14.731450,-1.141992,110.791888,8.325706
8.99000,9.699111,-15.160948,-1.900154,114.519808,8.279219
8.99500,9.706633,-15.833282,-1.317075,116.098815,8.170629
9.00000,9.713967,-15.337617,-0.676308,115.763673,8.510286
9.00500,9.721118,-13.835793,-0.700046,117.924058,8.412421
9.01000,9.728090,-15.415260,-0.962319,115.941611,8.295527
9.01500,9.734888,-13.499088,-1.613434,108.147110,8.088191
9.02000,9.741516,-14.536193,-0.798358,115.625143,8.241257
9.02500,9.747978,-14.482014,-0.220969,112.831898,8.331285
9.03000,9.754278,-13.349439,-0.752836,112.637600,8.465653
9.03500,9.760421,-13.301943,-2.430657,111.055766,8.277749
9.04000,9.766411,-15.389793,-0.809215,112.142678,8.503870
9.04500,9.772251,-13.938253,-1.151477,114.272332,8.356504
9.05000,9.777944,-14.217879,-0.103513,117.610838,8.221594
9.05500,9.783496,-15.103319,-1.509802,117.855738,7.908973
9.06000,9.788908,-14.863462,-1.939186,116.951446,8.155568
9.06500,9.794186,-15.264685,-1.169841,118.344547,8.106893
9.07000,9.799331,-13.555327,0.162660,114.909339,8.310675
9.07500,9.804348,-12.919034,-0.283280,114.076661,8.383951
9.08000,9.809239,-15.636744,-0.533973,120.222251,8.544682
9.08500,9.814008,-15.212793,0.777953,117.197034,8.330050
9.09000,9.818658,-14.803292,-1.469934,115.540985,8.154639
9.09500,9.823191,-15.328463,-1.502771,118.080368,8.689693
9.10000,9.827612,-13.994528,-1.800494,114.936650,8.377796
9.10500,9.831921,-14.552807,-0.737315,120.147200,8.289653
9.11000,9.836123,-14.888001,-1.291135,113.951923,8.289508
9.11500,9.840220,-15.836635,-1.755812,115.752823,8.123067
9.12000,9.844215,-15.799906,-0.264915,116.644691,8.426317
9.12500,9.848109,-14.732570,-0.767079,116.731376,8.386436
9.13000,9.851907,-16.038253,0.260201,114.533805,8.572097
9.13500,9.855609,-14.210811,0.176668,119.266858,8.498336
9.14000,9.859219,-15.071413,-1.236329,118.853598,8.463356
9.14500,9.862738,-14.083296,-0.485497,117.720923,8.523706
9.15000,9.866170,-14.559705,-0.941793,118.961670,8.289412
9.15500,9.869516,-14.377701,-1.538265,116.778658,8.266340
9.16000,9.872778,-14.509275,1.280553,120.009552,8.327919
9.16500,9.875958,-15.228402,-0.273501,116.725399,8.147045
9.17000,9.879059,-15.194482,-0.713956,115.728039,8.317180
9.17500,9.882083,-15.044429,0.493122,117.763181,8.290793
9.18000,9.885031,-14.711704,-0.728383,117.803298,8.445357
9.18500,9.887905,-14.276976,-0.465911,119.086480,8.343508
9.19000,9.890707,-14.951308,0.359613,119.872669,8.057171
9.19500,9.893440,-13.917280,-0.672742,122.176253,8.355733
9.20000,9.896104,-15.098630,-0.108106,115.623549,8.570055
9.20500,9.898701,-15.583731,-0.253279,115.114618,8.077024
9.21000,9.901234,-15.315991,-1.312606,119.293320,8.244378
9.21500,9.903703,-15.249756,0.089603,121.603053,8.366131
9.22000,9.906110,-13.882488,-0.255733,121.060739,8.164614
9.22500,9.908457,-14.273062,-0.246906,118.637854,8.286676
9.23000,9.910746,-14.564821,0.318115,118.405790,8.382628
9.23500,9.912977,-14.891599,-1.227237,118.345515,8.176484
9.24000,9.915153,-14.653542,-1.033232,122.907808,8.426430
9.24500,9.917274,-15.656194,-1.062166,118.630239,8.447797
9.25000,9.919342,-13.215767,-0.764923,119.834838,8.195711
9.25500,9.921359,-14.469653,-0.057727,116.497799,8.397206
9.26000,9.923325,-14.159110,0.114249,121.222452,8.561736
9.26500,9.925242,-14.061659,-0.410676,118.964798,8.374067
9.27000,9.927111,-14.885302,-0.358511,118.712509,8.471252
9.27500,9.928933,-14.949747,0.411545,118.669890,8.506782
9.28000,9.930709,-15.488881,-1.501736,119.066217,8.376646
9.28500,9.932442,-14.918292,-1.094737,125.291498,8.566189
9.29000,9.934131,-14.989947,0.944066,120.744919,8.478728
9.29500,9.935777,-16.104023,-1.055226,120.877636,8.272472
9.30000,9.937383,-14.712408,-0.552517,117.804041,8.506982
9.30500,9.938948,-15.683139,-0.318917,116.401716,8.562793
9.31000,9.940475,-15.018314,0.713894,114.814306,8.557090
9.31500,9.941963,-13.375049,0.368553,118.235411,8.339408
9.32000,9.943414,-13.750225,-0.660359,119.898796,8.511044
9.32500,9.944828,-15.873502,-1.244452,120.048401,8.653476
9.33000,9.946208,-14.769992,0.366830,116.390256,8.482307
9.33500,9.947552,-14.662136,-0.487619,120.988788,8.630744
9.34000,9.948864,-13.852271,-1.200120,118.362001,8.651276
9.34500,9.950142,-13.566536,0.480118,122.053864,8.449949
9.35000,9.951389,-14.882154,-1.131907,119.045289,8.558824
9.35500,9.952604,-15.255682,-0.922379,119.710210,8.416114
9.36000,9.953789,-14.648146,0.335881,118.028335,8.625660
9.36500,9.954944,-14.575403,-1.109018,118.136452,8.450968
9.37000,9.956070,-16.113944,1.036615,119.715107,8.382897
9.37500,9.957169,-14.709182,0.856227,120.892057,8.464721
9.38000,9.958239,-15.182507,-1.694217,121.213282,8.459263
9.38500,9.959283,-13.809092,-0.334963,118.114191,8.530210
9.39000,9.960301,-14.504366,0.459304,116.955391,8.544357
9.39500,9.961294,-14.748690,0.261147,120.578003,8.296986
9.40000,9.962261,-14.364968,0.399709,122.449071,8.376509
9.40500,9.963205,-15.025007,-1.242160,118.596852,8.531914
9.41000,9.964125,-14.815162,0.946522,118.741160,8.551408
9.41500,9.965022,-14.695566,-0.556358,118.706229,8.492023
9.42000,9.965896,-16.126409,-0.474786,120.400458,8.881607
9.42500,9.966749,-14.345042,-0.431520,121.749524,8.651306
9.43000,9.967580,-14.257018,0.530808,117.643671,8.469692
9.43500,9.968391,-14.438448,-0.518859,120.620919,8.593091
9.44000,9.969181,-14.198697,-0.272768,122.793449,8.686631
9.44500,9.969951,-15.706970,-1.101263,120.977819,8.538724
9.45000,9.970702,-14.794954,-1.145097,118.024815,8.217053
9.45500,9.971435,-15.056875,0.151543,116.549374,8.498549
9.46000,9.972149,-15.092339,-0.926788,119.778231,8.491731
9.46500,9.972845,-15.742581,-1.004321,122.630862,8.809603
9.47000,9.973524,-15.553868,0.419860,121.436243,8.204013
9.47500,9.974186,-15.026350,-0.264710,122.831455,8.720437
9.48000,9.974831,-15.665411,-0.047432,118.927075,8.460794
9.48500,9.975461,-15.189274,0.416672,119.857848,8.626751
9.49000,9.976074,-15.729503,0.137299,117.980110,8.440126
9.49500,9.976672,-14.646439,0.674688,120.925015,8.511449
9.50000,9.977255,-13.608040,0.384195,119.314977,8.657312
9.50500,9.977824,-14.687953,-0.595220,118.038617,8.497479
9.51000,9.978378,-15.024752,-0.175054,118.911703,8.645385
9.51500,9.978919,-15.887427,-0.250951,120.972958,8.472121
9.52000,9.979446,-15.444592,-0.706454,121.657926,8.421835
9.52500,9.979960,-14.537518,-0.002467,121.459930,8.450872
9.53000,9.980461,-14.865646,-0.641701,124.808474,8.407416
9.53500,9.980949,-15.132224,0.052943,121.415239,8.465730
9.54000,9.981426,-16.221359,-0.045113,117.806855,8.691813
9.54500,9.981890,-15.729474,-0.608590,122.131821,8.305421
9.55000,9.982343,-14.732161,1.103501,117.972569,8.230563
9.55500,9.982784,-15.653335,1.057697,117.446572,8.481064
9.56000,9.983215,-14.445913,1.207763,121.379700,8.740915
9.56500,9.983634,-14.921082,1.013617,118.566673,8.643636
9.57000,9.984043,-15.646147,1.115775,119.855995,8.685807
9.57500,9.984442,-13.777731,0.263233,118.757842,8.674895
9.58000,9.984831,-16.679324,1.489337,119.448882,8.372984
9.58500,9.985210,-15.283586,-0.117476,116.125632,8.502474
9.59000,9.985580,-15.991376,-0.218708,121.808635,8.078626
9.59500,9.985941,-15.233885,0.014466,122.518358,8.391794
9.60000,9.986292,-14.638100,-0.574068,119.368922,8.577673
9.60500,9.986635,-14.106630,-0.128862,122.587565,8.247722
9.61000,9.986969,-14.721224,1.387935,121.763587,8.171144
9.61500,9.987295,-15.137990,-1.319977,122.500012,8.287686
9.62000,9.987612,-14.837088,-1.234849,123.117284,8.519668
9.62500,9.987922,-15.813716,0.016320,117.291421,8.664912
9.63000,9.988224,-15.084394,1.048466,121.699443,8.881986
9.63500,9.988518,-14.471367,-0.125245,119.639409,8.706181
9.64000,9.988805,-14.800426,0.753196,121.596902,8.257204
9.64500,9.989085,-14.537059,-0.348021,119.398634,8.135038
9.65000,9.989358,-15.292351,-0.102844,124.429485,8.512584
9.65500,9.989624,-14.597737,0.125504,123.569312,8.652027
9.66000,9.989884,-15.087152,-1.452220,119.972420,8.244198
9.66500,9.990137,-15.609515,-0.878248,120.965512,8.412073
9.67000,9.990383,-16.046585,-0.521786,120.512042,8.423912
9.67500,9.990624,-16.559374,-0.068733,120.574022,8.498534
9.68000,9.990858,-15.601533,0.313814,122.036712,8.466701
9.68500,9.991087,-15.330138,-0.255692,117.944514,8.573710
9.69000,9.991309,-14.895192,0.511498,116.980020,8.657093
9.69500,9.991527,-15.533088,-0.745934,122.468313,8.507462
9.70000,9.991738,-15.801071,0.451255,120.802910,8.611764
9.70500,9.991945,-14.767866,0.674029,119.089237,8.802129
9.71000,9.992146,-14.687524,0.083233,118.612308,8.342840
9.71500,9.992343,-14.653259,-0.701256,116.879928,8.339628
9.72000,9.992534,-14.731706,0.683131,119.474733,8.577894
9.72500,9.992721,-15.390658,1.063087,116.359652,8.783527
9.73000,9.992903,-14.703850,0.265186,120.384116,8.527109
9.73500,9.993080,-14.664058,-0.404234,120.692236,8.669080
9.74000,9.993253,-14.360025,0.291168,118.631320,8.455987
9.74500,9.993422,-15.163206,0.867112,122.262738,8.643423
9.75000,9.993586,-15.695801,-0.492756,121.705305,8.408731
9.75500,9.993747,-14.297530,-1.340685,120.497680,8.607925
9.76000,9.993903,-14.355945,0.059924,118.456151,8.565991
9.76500,9.994055,-15.112506,1.016490,118.653782,8.566533
9.77000,9.994204,-16.461493,-0.140209,118.025224,8.717036
9.77500,9.994349,-15.569149,0.013520,115.828730,8.670583
9.78000,9.994490,-14.333507,-0.638925,120.063270,8.416973
9.78500,9.994628,-15.463578,-1.033014,121.613992,8.644048
9.79000,9.994762,-15.375865,0.447103,116.756810,8.250387
9.79500,9.994893,-14.290949,1.017624,120.801776,8.661150
9.80000,9.995021,-14.928699,0.016586,119.492698,8.930380
9.80500,9.995145,-14.989132,-0.551996,120.267799,8.592436
9.81000,9.995267,-15.480522,-0.825050,121.572014,8.589576
9.81500,9.995385,-14.793146,1.077663,122.009769,8.522355
9.82000,9.995500,-14.886139,-0.630300,118.545212,8.640222
9.82500,9.995613,-14.569547,-0.213173,121.626924,8.445032
9.83000,9.995723,-16.188326,0.243111,119.108127,8.616816
9.83500,9.995830,-14.195773,0.587739,114.470940,8.473525
9.84000,9.995934,-13.765112,-0.151101,124.406752,8.450727
9.84500,9.996035,-14.652259,-1.003442,120.084037,8.534849
9.85000,9.996135,-15.241050,-0.463485,119.310017,8.507157
9.85500,9.996231,-14.188169,-0.761099,122.909324,8.251838
9.86000,9.996325,-14.147824,-0.068731,120.988066,8.833754
9.86500,9.996417,-15.458728,-0.650662,118.784349,8.538561
9.87000,9.996507,-15.031311,0.200926,120.458477,8.258684
9.87500,9.996594,-14.851989,-0.828999,120.706095,8.681948
9.88000,9.996679,-15.586641,-0.190115,119.567227,8.513296
9.88500,9.996762,-15.071793,0.461786,114.849133,8.548911
9.89000,9.996843,-14.375275,0.638068,120.325772,8.625634
9.89500,9.996922,-13.620001,-1.377560,117.960688,8.381219
9.90000,9.996999,-16.190362,0.223694,117.730023,8.068675
9.90500,9.997074,-14.566209,-0.102346,120.097104,8.502552
9.91000,9.997147,-15.957223,-0.105179,124.659487,8.554715
9.91500,9.997219,-15.388059,-0.657860,117.402479,8.670734
9.92000,9.997288,-14.558055,-1.158262,120.665002,8.402246
9.92500,9.997356,-15.672512,0.006461,116.785319,8.476990
9.93000,9.997422,-14.752486,0.826848,116.506862,8.578567
9.93500,9.997487,-15.287978,-1.328727,119.198520,8.469341
9.94000,9.997549,-14.516735,-0.235534,121.987361,8.479498
9.94500,9.997611,-15.897205,0.360333,120.602031,8.556396
9.95000,9.997670,-13.658711,0.635303,120.604980,8.365498
9.95500,9.997729,-15.618627,-1.260454,122.643825,8.759075
9.96000,9.997785,-15.424729,0.071566,121.053448,8.376612
9.96500,9.997841,-15.804730,-1.408469,118.723214,8.522758
9.97000,9.997895,-14.121919,0.985204,117.926775,8.466895
9.97500,9.997947,-14.712359,-0.221013,119.329363,8.409071
9.98000,9.997999,-14.935527,0.325325,120.754419,8.598647
9.98500,9.998049,-14.001162,-0.040079,119.281155,8.671181
9.99000,9.998097,-15.766582,-1.105220,119.474436,8.738955
9.99500,9.998145,-15.585653,1.376893,118.774912,8.605557
10.00000,9.993193,-14.796547,0.302009,118.246445,8.448286
10.00500,9.983240,-15.516161,-0.221240,117.390214,8.648187
10.01000,9.968288,-15.185613,-1.282469,118.265912,8.295995
10.01500,9.948335,-15.099374,1.536196,123.849674,8.523505
10.02000,9.923383,-15.143102,0.023435,122.321121,8.595144
10.02500,9.893430,-14.756524,1.254693,122.981196,8.600566
10.03000,9.858478,-15.646955,2.487584,120.226326,8.337285
10.03500,9.818526,-14.172401,3.199205,119.692331,8.282410
10.04000,9.773573,-14.815513,2.766844,121.702307,8.761581
10.04500,9.723621,-15.250969,3.758544,119.094110,8.426291
10.05000,9.668668,-15.072853,4.886906,122.351148,8.248191
10.05500,9.608716,-14.467333,5.398871,120.116674,8.304301
10.06000,9.543763,-14.652278,4.281205,121.492997,8.487874
10.06500,9.473811,-14.149284,6.949277,118.017209,8.656609
10.07000,9.398858,-13.446422,7.216087,123.557474,8.465040
10.07500,9.318906,-14.308940,8.841200,119.961532,8.635415
10.08000,9.233954,-15.252435,8.391078,120.835355,8.471300
10.08500,9.144001,-13.875418,9.986611,117.630446,8.490752
10.09000,9.049049,-13.874726,10.888797,117.585752,8.548247
10.09500,8.949096,-13.746808,11.748082,120.409690,8.317044
10.10000,8.844144,-13.820599,11.734666,115.113739,8.392803
10.10500,8.734191,-14.635269,12.935457,121.124018,8.258297
10.11000,8.619239,-13.589623,14.482705,116.864618,8.186573
10.11500,8.499287,-13.139422,17.061065,119.937098,8.346431
10.12000,8.374334,-13.198181,15.789567,116.083495,8.079590
10.12500,8.244382,-11.879306,17.349173,117.026317,8.171517
10.13000,8.109429,-11.606420,17.806406,116.893404,7.988708
10.13500,7.969477,-13.829883,19.266178,118.240579,8.041397
10.14000,7.824524,-11.053008,17.640850,113.903655,7.915462
10.14500,7.674572,-12.934528,18.280385,116.413572,8.098973
10.15000,7.519619,-12.243532,20.634114,115.268777,7.875272
10.15500,7.359667,-9.876706,21.161129,115.675561,7.800958
10.16000,7.194715,-10.431900,21.806004,111.503358,7.961450
10.16500,7.024762,-10.633869,22.841411,112.592315,7.183647
10.17000,6.849810,-11.715896,24.364398,110.206553,7.364800
10.17500,6.669857,-10.700059,26.276421,110.138311,7.021306
10.18000,6.484905,-10.173775,24.040631,112.394142,7.337132
10.18500,6.294952,-10.867584,25.664739,111.694778,7.298364
10.19000,6.100000,-9.722519,27.300430,106.101079,7.217311
10.19500,5.900048,-10.592649,26.924773,106.701306,7.041935
10.20000,5.695095,-8.487839,28.484179,105.767944,6.744063
10.20500,5.485143,-9.163789,29.017716,102.685841,7.014869
10.21000,5.270190,-9.384038,29.692077,102.641943,6.658470
10.21500,5.050238,-7.589869,31.066630,99.856414,6.430815
10.22000,4.825285,-7.638295,31.351374,102.005725,6.152415
10.22500,4.595333,-6.901609,32.889821,97.294685,6.234661
10.23000,4.360381,-8.465459,34.693438,100.908570,5.936821
10.23500,4.120428,-7.626391,33.662891,92.018965,5.778618
10.24000,3.875476,-6.939526,35.358920,95.861610,5.708597
10.24500,3.625523,-7.605568,35.588881,94.224291,5.534352
10.25000,3.370571,-6.087937,36.085619,89.717562,5.194321
10.25500,3.110618,-5.750478,37.893068,85.596056,5.323656
10.26000,2.845666,-5.567084,38.630084,87.733234,4.786890
10.26500,2.575713,-5.100682,38.912198,82.707615,4.571257
10.27000,2.300761,-5.649821,40.368172,85.649569,4.585099
10.27500,2.020809,-3.856839,39.601375,81.393854,4.348700
10.28000,1.735856,-2.922093,41.398691,78.916499,4.125816
10.28500,1.445904,-4.313218,42.337261,76.910696,3.833051
10.29000,1.159756,-3.792805,41.576806,75.947527,3.677921
10.29500,0.878609,-2.584920,44.982350,71.851494,3.356193
10.30000,0.602461,-2.941124,43.869568,70.591097,2.956412
10.30500,0.331313,-2.323266,44.195805,67.632580,3.081384
10.31000,0.065166,-1.577028,45.253986,63.086740,2.571517
10.31500,-0.195982,-1.811738,45.265950,63.894940,2.444025
10.32000,-0.452129,-1.600993,44.649808,62.199176,2.339581
10.32500,-0.703277,0.537820,44.344861,58.313422,1.977424
10.33000,-0.949425,-0.395477,43.255580,53.291611,2.134794
10.33500,-1.190572,1.253167,41.862844,51.553655,1.242962
10.34000,-1.426720,0.520311,41.256116,44.787152,1.080147
10.34500,-1.657867,1.877094,41.464228,42.258857,0.943849
10.35000,-1.884015,1.467887,41.803698,39.034416,0.872097
10.35500,-2.105163,1.136102,39.215286,36.531574,0.361112
10.36000,-2.321310,2.808352,39.816356,36.398885,-0.085839
10.36500,-2.532458,2.723714,37.516690,29.606447,0.040634
10.37000,-2.738605,2.681654,37.443924,26.752525,-0.540217
10.37500,-2.939753,4.922453,37.559613,21.589385,-0.694599
10.38000,-3.135901,4.963882,35.367059,20.042719,-0.793075
10.38500,-3.327048,3.340934,33.177396,14.616936,-1.290922
10.39000,-3.513196,4.332581,35.089699,16.775101,-1.516485
10.39500,-3.694343,4.432455,32.388096,11.160920,-1.629013
10.40000,-3.870491,4.419526,33.648465,10.131479,-1.987024
10.40500,-4.041639,5.592943,32.517427,7.703873,-2.160975
10.41000,-4.207786,6.061961,31.937303,2.412400,-2.593679
10.41500,-4.368934,6.522368,29.915827,-1.237692,-2.707458
10.42000,-4.525081,5.276966,30.268461,-5.022426,-3.090966
10.42500,-4.676229,6.676420,27.956932,-9.565896,-3.391840
10.43000,-4.822376,7.382112,28.288479,-16.631653,-3.110550
10.43500,-4.963524,5.418811,26.383110,-14.871311,-3.527376
10.44000,-5.099672,6.772105,26.236781,-20.036501,-3.668912
10.44500,-5.230819,6.689159,25.676359,-23.914762,-4.162015
10.45000,-5.356967,7.911608,23.866963,-26.236746,-4.217620
10.45500,-5.478114,6.667066,22.395472,-28.218640,-4.436564
10.46000,-5.594262,7.786401,22.890921,-29.813273,-4.806846
10.46500,-5.705410,7.887834,21.979433,-36.519463,-4.684305
10.47000,-5.812774,7.686511,21.119355,-40.136151,-5.047990
10.47500,-5.917455,8.359788,20.855565,-38.116142,-5.131444
10.48000,-6.019519,7.493035,19.025532,-42.180161,-5.487031
10.48500,-6.119031,7.935150,17.458774,-44.540764,-5.251516
10.49000,-6.216055,8.229622,17.098868,-49.661878,-5.426957
10.49500,-6.310654,9.533439,17.125060,-54.823349,-5.615069
10.50000,-6.402887,10.086345,15.802653,-51.706449,-5.938232
10.50500,-6.492815,9.156635,16.319842,-54.517420,-5.998796
10.51000,-6.580495,9.170780,15.904674,-61.040784,-5.839844
10.51500,-6.665982,8.518484,14.329846,-61.370629,-6.170903
10.52000,-6.749333,8.772670,15.408152,-62.349972,-6.183276
10.52500,-6.830599,9.958162,14.037445,-61.724680,-6.290918
10.53000,-6.909834,10.700569,12.865203,-66.759916,-6.564712
10.53500,-6.987089,9.828227,14.362411,-70.371830,-6.236664
10.54000,-7.062411,9.749436,13.307961,-74.169486,-6.840761
10.54500,-7.135851,9.947932,13.576632,-76.758620,-6.566780
10.55000,-7.207455,10.867582,13.510505,-77.914312,-6.671412
10.55500,-7.277268,11.410828,11.571615,-81.136107,-6.956493
10.56000,-7.345337,10.675132,12.437901,-80.213266,-6.705426
10.56500,-7.411703,10.550993,13.519511,-83.055655,-6.718237
10.57000,-7.476411,11.062520,12.731836,-85.575744,-6.826620
10.57500,-7.539500,10.621693,11.287912,-88.882478,-6.993397
10.58000,-7.601013,11.064243,11.550580,-88.051847,-6.827073
10.58500,-7.660988,11.954096,11.414106,-90.515219,-6.750585
10.59000,-7.719463,11.612523,11.190065,-90.400239,-6.908460
10.59500,-7.776476,10.364880,9.844949,-94.632036,-6.697667
10.60000,-7.832064,12.794312,10.206235,-92.460263,-6.845300
10.60500,-7.886263,13.480009,8.689179,-95.398063,-6.872197
10.61000,-7.939106,10.686502,10.367239,-92.221229,-6.788515
10.61500,-7.990629,11.438692,9.109224,-99.077114,-7.110684
10.62000,-8.040863,12.238143,9.250320,-94.273468,-7.096834
10.62500,-8.089841,12.737331,10.029518,-93.257283,-6.944830
10.63000,-8.137595,10.759830,8.933431,-100.468120,-6.949333
10.63500,-8.184155,13.165351,7.841634,-96.898394,-6.802535
10.64000,-8.229552,12.946605,8.277853,-99.654130,-6.861614
10.64500,-8.273813,12.656815,8.512587,-105.464756,-7.012776
10.65000,-8.316967,12.221325,7.164071,-104.779964,-7.009128
10.65500,-8.359043,11.081351,8.664062,-102.072972,-7.087413
10.66000,-8.400067,12.521277,8.090762,-104.212647,-7.104145
10.66500,-8.440065,11.948904,7.874986,-103.575840,-7.120847
10.67000,-8.479064,12.789065,6.515340,-105.072078,-6.917964
10.67500,-8.517087,12.313146,6.215758,-103.358483,-7.132331
10.68000,-8.554160,11.843954,7.729372,-107.468508,-7.120008
10.68500,-8.590306,14.098712,6.637816,-109.650182,-7.047827
10.69000,-8.625548,14.502018,6.219136,-109.209966,-7.157535
10.69500,-8.659910,11.827875,6.330238,-108.201883,-7.122474
10.70000,-8.693412,13.062831,6.331247,-110.412587,-7.429929
10.70500,-8.726077,12.227066,6.897795,-108.840066,-7.050382
10.71000,-8.757925,13.493633,5.763560,-109.501479,-7.165708
10.71500,-8.788977,12.434853,6.072775,-109.969808,-7.102751
10.72000,-8.819252,13.410393,4.708277,-109.612641,-7.089957
10.72500,-8.848771,12.773478,6.674481,-110.554206,-7.444564
10.73000,-8.877552,13.624180,5.542053,-107.779552,-6.811349
10.73500,-8.905613,12.018428,5.146951,-109.841664,-7.170832
10.74000,-8.932973,13.578715,4.701829,-108.547140,-7.186112
10.74500,-8.959648,13.471116,4.658294,-113.400524,-7.505057
10.75000,-8.985657,13.646006,5.195467,-110.366337,-7.158305
10.75500,-9.011016,13.521414,3.442652,-111.539901,-7.211970
10.76000,-9.035740,14.367499,5.920326,-114.784092,-7.352467
10.76500,-9.059847,14.335647,4.351126,-106.298813,-7.283471
10.77000,-9.083351,13.106359,5.518037,-113.554607,-7.150194
10.77500,-9.106267,13.577248,3.447026,-109.020953,-7.422509
10.78000,-9.128610,13.050152,2.871392,-109.211860,-7.535770
10.78500,-9.150395,13.287262,3.127474,-108.381578,-7.222036
10.79000,-9.171635,14.837683,3.900021,-111.833332,-7.412669
10.79500,-9.192344,13.032736,4.106158,-116.396130,-7.508947
10.80000,-9.212535,14.310977,3.960068,-109.583950,-7.160178
10.80500,-9.232222,14.840046,5.064611,-111.174602,-7.516683
10.81000,-9.251417,14.273245,3.210818,-109.556715,-7.597681
10.81500,-9.270131,14.571910,2.360025,-111.317344,-7.561051
10.82000,-9.288378,13.155806,2.924096,-108.225492,-7.693534
10.82500,-9.306168,13.615435,2.434196,-109.895325,-7.630277
10.83000,-9.323514,13.354499,3.171454,-111.772214,-7.670798
10.83500,-9.340426,14.893820,2.976010,-105.878142,-7.824157
10.84000,-9.356916,13.894093,2.599543,-112.328637,-7.793929
10.84500,-9.372993,13.473811,2.787240,-115.765287,-7.736998
10.85000,-9.388668,13.971033,3.078031,-110.840714,-7.755457
10.85500,-9.403951,14.797920,2.096582,-110.091125,-7.753993
10.86000,-9.418852,13.199298,3.464331,-109.926603,-7.751581
10.86500,-9.433381,14.620270,1.858341,-112.337130,-7.861203
10.87000,-9.447547,14.205189,2.885216,-111.253592,-7.847513
10.87500,-9.461358,14.017746,1.065645,-113.067645,-8.010899
10.88000,-9.474824,14.397954,2.586383,-112.203424,-8.017747
10.88500,-9.487953,13.720540,2.689251,-109.936892,-7.845097
10.89000,-9.500755,13.520674,3.054127,-112.536405,-8.328989
10.89500,-9.513236,13.253462,1.483382,-109.939823,-7.994433
10.90000,-9.525405,14.468736,1.988702,-112.075866,-7.591026
10.90500,-9.537270,13.271443,1.628609,-111.430751,-8.377324
10.91000,-9.548838,13.876182,2.949831,-112.387804,-7.886625
10.91500,-9.560117,13.748097,1.757819,-109.320945,-8.403312
10.92000,-9.571114,14.920048,1.944090,-111.614726,-8.098989
10.92500,-9.581836,12.566928,1.736542,-113.635816,-7.924476
10.93000,-9.592290,14.082699,1.354656,-111.781843,-7.962392
10.93500,-9.602483,14.349369,2.651936,-109.612536,-8.343525
10.94000,-9.612421,14.515161,1.739507,-111.686991,-8.418417
10.94500,-9.622110,14.349917,1.404041,-114.626254,-8.453267
10.95000,-9.631558,14.988517,2.492213,-114.096566,-8.137455
10.95500,-9.640769,14.325483,1.324836,-114.808192,-8.318319
10.96000,-9.649750,14.125868,1.678408,-109.801842,-8.268705
10.96500,-9.658506,14.591056,0.377376,-112.452560,-8.240101
10.97000,-9.667043,14.672978,0.978950,-111.095689,-8.225981
10.97500,-9.675367,14.637663,2.368695,-111.333693,-8.215068
10.98000,-9.683483,14.745253,1.762523,-113.933063,-8.285210
10.98500,-9.691396,15.246140,1.390094,-111.008907,-8.555573
10.99000,-9.699111,15.445038,0.683534,-113.751442,-8.094277
10.99500,-9.706633,13.807151,1.420807,-112.955070,-8.740390
11.00000,-9.713967,13.999757,1.395753,-118.122567,-8.137220
11.00500,-9.721118,15.935261,1.465257,-114.156210,-8.421503
11.01000,-9.728090,14.302614,1.181197,-114.982586,-8.362832
11.01500,-9.734888,13.175457,0.874157,-115.892664,-8.415037
11.02000,-9.741516,14.478494,1.916876,-113.961202,-8.393884
11.02500,-9.747978,14.853270,0.960597,-117.271093,-8.342493
11.03000,-9.754278,15.373904,1.187370,-115.277654,-8.383160
11.03500,-9.760421,14.877714,-0.981445,-120.330934,-8.508863
11.04000,-9.766411,15.015090,1.182929,-115.494295,-8.212343
11.04500,-9.772251,14.789555,1.031794,-116.653980,-8.430664
11.05000,-9.777944,15.371570,0.801746,-111.592879,-8.137338
11.05500,-9.783496,13.607391,1.946521,-115.052952,-8.365361
11.06000,-9.788908,14.699563,0.874274,-114.318463,-8.449334
11.06500,-9.794186,14.872936,1.710889,-122.019653,-8.274485
11.07000,-9.799331,14.814914,1.451035,-116.818993,-8.205027
11.07500,-9.804348,15.464595,1.371357,-118.529502,-8.480775
11.08000,-9.809239,13.876609,0.502535,-113.342104,-8.382359
11.08500,-9.814008,15.541739,1.367204,-114.222621,-8.120618
11.09000,-9.818658,15.257368,1.809312,-116.168253,-8.489970
11.09500,-9.823191,13.961064,1.362537,-116.205284,-8.466632
11.10000,-9.827612,14.611532,2.062563,-116.465664,-8.310918
11.10500,-9.831921,14.687188,0.281641,-116.935488,-8.521149
11.11000,-9.836123,13.300482,-0.273549,-115.547580,-8.711408
11.11500,-9.840220,14.751498,1.057025,-115.791826,-8.589584
11.12000,-9.844215,14.358308,1.317873,-117.502099,-8.277895
11.12500,-9.848109,14.361272,0.555224,-118.851334,-8.235123
11.13000,-9.851907,13.477605,0.957410,-113.931239,-8.244834
11.13500,-9.855609,14.964801,0.194414,-118.425035,-8.275961
11.14000,-9.859219,15.672903,0.569026,-119.168782,-8.524192
11.14500,-9.862738,15.657128,0.865014,-112.719757,-8.233465
11.15000,-9.866170,15.591957,0.628754,-117.566649,-8.161964
11.15500,-9.869516,15.069316,1.689725,-118.208325,-8.445275
11.16000,-9.872778,15.403140,1.129551,-120.880654,-8.196340
11.16500,-9.875958,13.887646,0.313039,-120.286004,-8.397614
11.17000,-9.879059,14.466026,-0.189965,-115.184607,-8.314266
11.17500,-9.882083,14.689740,1.476174,-118.900451,-8.289060
11.18000,-9.885031,14.841577,-0.682259,-115.803491,-8.573883
11.18500,-9.887905,14.465974,-0.020197,-120.661896,-8.125813
11.19000,-9.890707,14.747618,0.655420,-116.642733,-8.482389
11.19500,-9.893440,15.395026,-0.448655,-118.138833,-8.369823
11.20000,-9.896104,13.967842,0.391925,-119.395715,-8.432477
11.20500,-9.898701,15.219438,1.566984,-122.370299,-8.290137
11.21000,-9.901234,14.793972,1.187992,-115.731107,-8.297157
11.21500,-9.903703,15.112764,0.219542,-118.362934,-8.362989
11.22000,-9.906110,14.975418,0.724208,-118.753701,-8.153780
11.22500,-9.908457,15.057709,0.737852,-116.842337,-8.329740
11.23000,-9.910746,14.638066,1.506143,-120.950215,-8.437232
11.23500,-9.912977,15.511808,0.025323,-115.778587,-8.819219
11.24000,-9.915153,15.563765,-0.219983,-117.124701,-8.426465
11.24500,-9.917274,15.316332,0.486865,-117.692465,-8.431413
11.25000,-9.919342,14.344207,0.536222,-117.632624,-8.523726
11.25500,-9.921359,14.721430,-1.393487,-120.387476,-8.525856
11.26000,-9.923325,15.024020,-1.393383,-119.350330,-8.307810
11.26500,-9.925242,16.165703,-0.483579,-118.067524,-8.242649
11.27000,-9.927111,15.373419,-0.836225,-120.145047,-8.116744
11.27500,-9.928933,15.235235,-0.239297,-116.161488,-8.235242
11.28000,-9.930709,15.655561,0.531328,-117.333102,-8.521184
11.28500,-9.932442,14.046847,-1.270824,-116.130148,-8.377786
11.29000,-9.934131,15.290724,-0.258745,-122.382198,-8.628484
11.29500,-9.935777,12.973673,-0.176572,-115.853417,-8.312531
11.30000,-9.937383,14.563250,-0.806838,-120.247430,-8.372898
11.30500,-9.938948,14.999999,0.880241,-120.859413,-8.524011
11.31000,-9.940475,13.924681,0.240473,-119.857916,-8.450221
11.31500,-9.941963,13.350784,-1.173958,-116.202535,-8.475530
11.32000,-9.943414,13.961119,0.520081,-118.274189,-8.537526
11.32500,-9.944828,15.173837,-0.029538,-118.412010,-8.241879
11.33000,-9.946208,15.142610,0.912850,-117.060713,-7.972508
11.33500,-9.947552,15.122843,0.005582,-116.976037,-8.323302
11.34000,-9.948864,14.779552,0.847185,-116.832764,-8.290166
11.34500,-9.950142,15.573324,1.274586,-117.292354,-8.429624
11.35000,-9.951389,15.254713,-0.708543,-118.664964,-8.509773
11.35500,-9.952604,14.522890,0.103318,-118.222526,-8.123717
11.36000,-9.953789,14.893467,0.021041,-122.265443,-8.516577
11.36500,-9.954944,16.192373,-0.206667,-119.681098,-8.402316
11.37000,-9.956070,14.568239,0.280485,-124.086975,-8.482772
11.37500,-9.957169,14.132268,0.632089,-119.574149,-8.376185
11.38000,-9.958239,14.019023,0.204759,-119.162151,-8.475425
11.38500,-9.959283,13.605833,0.379241,-121.013064,-8.378887
11.39000,-9.960301,14.038837,-0.002131,-120.518208,-8.663990
11.39500,-9.961294,15.774629,0.337612,-117.140583,-8.487401
11.40000,-9.962261,15.334912,0.334411,-120.163287,-8.264041
11.40500,-9.963205,15.260291,0.309521,-119.378614,-8.631789
11.41000,-9.964125,15.446919,0.585982,-115.337215,-8.576840
11.41500,-9.965022,14.481366,0.828625,-118.726280,-8.266697
11.42000,-9.965896,14.657778,1.185409,-117.456093,-8.414799
11.42500,-9.966749,14.989320,0.372871,-118.470082,-8.314043
11.43000,-9.967580,15.867855,-0.281278,-118.223893,-8.819004
11.43500,-9.968391,14.617782,-0.590508,-117.014669,-8.455878
11.44000,-9.969181,14.033687,0.078969,-119.921165,-8.673075
11.44500,-9.969951,14.339078,0.198991,-117.851492,-8.691071
11.45000,-9.970702,15.896669,2.228650,-120.502262,-8.416173
11.45500,-9.971435,14.871905,-0.011344,-120.354242,-8.298375
11.46000,-9.972149,14.105074,-1.136854,-118.155223,-8.707608
11.46500,-9.972845,15.133821,0.011992,-120.803664,-8.648330
11.47000,-9.973524,15.429544,-0.659346,-125.100626,-8.568467
11.47500,-9.974186,14.415574,-0.180247,-120.007551,-8.498601
11.48000,-9.974831,14.510502,-0.466724,-116.760559,-8.682421
11.48500,-9.975461,14.285596,0.135469,-121.680338,-8.133860
11.49000,-9.976074,13.851874,0.975587,-118.280219,-8.389190
11.49500,-9.976672,14.669001,0.795383,-120.339476,-8.533926
11.50000,-9.977255,15.407212,0.167293,-122.796577,-8.558063
11.50500,-9.977824,15.333235,1.215089,-120.251195,-8.123295
11.51000,-9.978378,14.882003,0.365016,-124.474312,-8.135889
11.51500,-9.978919,14.005357,0.449220,-117.043647,-8.553111
11.52000,-9.979446,15.017792,-2.502148,-120.435087,-8.425057
11.52500,-9.979960,15.605402,-0.682916,-118.807546,-8.285384
11.53000,-9.980461,15.651593,-0.302264,-119.636868,-8.659157
11.53500,-9.980949,14.576083,-0.333090,-122.807979,-8.567700
11.54000,-9.981426,14.342662,-0.473792,-120.493946,-8.271062
11.54500,-9.981890,15.580831,-0.454504,-117.132472,-8.583884
11.55000,-9.982343,15.031586,-0.629340,-117.933855,-8.543767
11.55500,-9.982784,15.900589,0.523776,-120.469926,-8.683907
11.56000,-9.983215,15.556533,-0.812748,-121.224596,-8.594130
11.56500,-9.983634,15.701402,-0.580562,-119.849745,-8.372736
11.57000,-9.984043,14.988985,0.326828,-122.467200,-8.603922
11.57500,-9.984442,14.171896,1.412316,-119.164061,-8.678046
11.58000,-9.984831,15.255628,0.829860,-123.202129,-8.574495
11.58500,-9.985210,14.802559,-0.712208,-121.318291,-8.206934
11.59000,-9.985580,15.385729,0.347372,-117.927505,-8.451525
11.59500,-9.985941,14.855139,0.215700,-119.738642,-8.564858
11.60000,-9.986292,15.384541,1.044827,-121.138511,-8.455661
11.60500,-9.986635,14.575376,-1.192648,-119.438431,-8.411524
11.61000,-9.986969,15.036870,0.328794,-120.319822,-8.461106
11.61500,-9.987295,15.637978,-0.597657,-119.225616,-8.757145
11.62000,-9.987612,15.919160,-1.623942,-117.456511,-8.434608
11.62500,-9.987922,14.161483,1.056323,-119.984113,-8.513593
11.63000,-9.988224,15.180773,0.607734,-123.395785,-8.351891
11.63500,-9.988518,15.156849,0.269576,-118.878406,-8.689223
11.64000,-9.988805,15.121723,-0.711011,-121.493068,-8.321285
11.64500,-9.989085,14.982952,0.792627,-117.348070,-8.558710
11.65000,-9.989358,15.104955,0.335346,-117.710235,-8.745218
11.65500,-9.989624,14.706748,-0.041252,-119.835239,-8.279480
11.66000,-9.989884,15.323092,-0.162593,-118.829454,-8.563394
11.66500,-9.990137,15.938418,-0.304393,-122.923815,-8.427412
11.67000,-9.990383,13.924741,0.653451,-123.520213,-8.510161
11.67500,-9.990624,15.926620,0.842540,-120.555746,-8.318050
11.68000,-9.990858,14.138433,-0.577934,-119.099081,-8.316757
11.68500,-9.991087,14.739416,-0.035348,-116.945179,-8.315740
11.69000,-9.991309,14.394791,-0.740015,-121.264219,-8.377833
11.69500,-9.991527,15.422052,0.072433,-121.810418,-8.736236
11.70000,-9.991738,14.829913,-0.567716,-121.661024,-8.747104
11.70500,-9.991945,15.359020,0.853033,-121.438524,-8.458538
11.71000,-9.992146,13.709045,-0.628707,-119.483892,-8.636375
11.71500,-9.992343,14.967803,0.423270,-122.896487,-8.418796
11.72000,-9.992534,15.546030,-0.065122,-118.253427,-8.465435
11.72500,-9.992721,14.980956,-0.437340,-122.668675,-8.708823
11.73000,-9.992903,14.317534,-0.707230,-115.071103,-8.651336
11.73500,-9.993080,15.038383,1.427281,-120.160516,-8.666832
11.74000,-9.993253,16.052645,-0.775593,-119.687532,-8.629415
11.74500,-9.993422,15.619415,0.133004,-123.412470,-8.525244
11.75000,-9.993586,15.798301,-1.001853,-119.281638,-8.389084
11.75500,-9.993747,14.406997,-0.472294,-123.960324,-8.288295
11.76000,-9.993903,14.979557,-1.566443,-118.116875,-8.643981
11.76500,-9.994055,14.616891,0.512730,-121.274558,-8.581737
11.77000,-9.994204,14.878787,0.413695,-119.384856,-8.256257
11.77500,-9.994349,14.363373,0.000728,-118.837162,-8.358120
11.78000,-9.994490,14.536240,0.741044,-117.940190,-8.460092
11.78500,-9.994628,15.866581,1.015936,-117.061062,-8.857677
11.79000,-9.994762,14.195081,-0.869626,-117.533992,-8.651770
11.79500,-9.994893,15.442858,0.945772,-118.349978,-8.472598
11.80000,-9.995021,14.889435,-0.309713,-121.235501,-8.588117
11.80500,-9.995145,14.609831,-0.294624,-122.352380,-8.191108
11.81000,-9.995267,15.468645,0.100647,-118.359452,-8.483818
11.81500,-9.995385,15.113203,0.308553,-119.245886,-8.454345
11.82000,-9.995500,15.874092,-0.464184,-121.051845,-8.667449
11.82500,-9.995613,16.362871,-0.659813,-120.065948,-8.659120
11.83000,-9.995723,15.437274,-0.205565,-117.956771,-8.601171
11.83500,-9.995830,14.759839,-0.378029,-118.030486,-8.595091
11.84000,-9.995934,14.597333,0.133735,-121.234274,-8.534821
11.84500,-9.996035,13.912871,-0.475059,-122.749887,-8.441313
11.85000,-9.996135,15.042632,0.585226,-124.033302,-8.462429
11.85500,-9.996231,14.595097,1.407005,-120.942764,-8.344744
11.86000,-9.996325,16.426950,-0.432667,-120.632864,-8.707535
11.86500,-9.996417,14.632126,-0.916499,-122.781727,-8.466764
11.87000,-9.996507,14.577966,-0.587398,-117.711305,-8.462312
11.87500,-9.996594,14.367868,-0.426348,-115.943848,-8.254582
11.88000,-9.996679,14.927143,0.907058,-121.598921,-8.532950
11.88500,-9.996762,14.619519,0.917981,-118.400843,-8.449073
11.89000,-9.996843,13.832150,0.770953,-120.215306,-8.625109
11.89500,-9.996922,15.725721,-0.400046,-118.754893,-8.434100
11.90000,-9.996999,15.308585,-0.526969,-119.599756,-8.438036
11.90500,-9.997074,16.090636,-0.818698,-120.142642,-8.596115
11.91000,-9.997147,15.449621,-0.264496,-117.962271,-8.566928
11.91500,-9.997219,15.010475,0.207041,-118.478193,-8.504160
11.92000,-9.997288,15.630598,-0.196470,-120.844398,-8.409772
11.92500,-9.997356,14.976869,-0.666249,-118.935609,-8.676345
11.93000,-9.997422,15.749495,0.636131,-121.243068,-8.362719
11.93500,-9.997487,15.006882,1.280083,-120.050277,-8.550266
11.94000,-9.997549,15.180594,-0.112379,-118.679408,-8.206183
11.94500,-9.997611,13.822664,-0.079258,-118.975653,-8.273724
11.95000,-9.997670,14.733326,0.796953,-123.259603,-8.561242
11.95500,-9.997729,15.228940,0.110323,-118.719995,-8.595446
11.96000,-9.997785,15.091369,-0.572588,-122.504731,-8.119761
11.96500,-9.997841,14.955381,-0.470321,-119.497363,-8.401569
11.97000,-9.997895,15.771189,0.741947,-118.470764,-8.411102
11.97500,-9.997947,15.789549,0.686430,-123.143169,-8.563873
11.98000,-9.997999,14.176043,-0.225065,-122.240266,-8.518559
11.98500,-9.998049,15.052058,-0.023319,-118.234912,-8.374285
11.99000,-9.998097,15.321860,-0.095847,-119.295694,-8.403474
11.99500,-9.998145,16.391425,0.369848,-124.373573,-8.626045
12.00000,-9.993193,15.207364,0.851313,-117.933271,-8.306639
12.00500,-9.983240,14.710583,0.110452,-121.271449,-8.450757
12.01000,-9.968288,14.937220,-2.036070,-122.457484,-8.644817
12.01500,-9.948335,15.798389,-0.076343,-119.418099,-8.344444
12.02000,-9.923383,13.375775,-0.232051,-121.302741,-8.524444
12.02500,-9.893430,15.599505,-1.628944,-119.866797,-8.375827
12.03000,-9.858478,15.695423,-2.704323,-119.392921,-8.580690
12.03500,-9.818526,14.772754,-3.432313,-114.779146,-8.437611
12.04000,-9.773573,15.596697,-2.457293,-117.942059,-8.741129
12.04500,-9.723621,14.309275,-3.877468,-119.333312,-8.429819
12.05000,-9.668668,14.013740,-3.737380,-119.632733,-8.717040
12.05500,-9.608716,13.602629,-4.165463,-119.060419,-8.451718
12.06000,-9.543763,14.466126,-6.786674,-118.703443,-8.860336
12.06500,-9.473811,14.772510,-6.990002,-120.993747,-8.470479
12.07000,-9.398858,14.510903,-8.371851,-118.497128,-8.338366
12.07500,-9.318906,13.412493,-9.237653,-120.938885,-8.362079
12.08000,-9.233954,14.240024,-8.387455,-120.558389,-8.237242
12.08500,-9.144001,14.466599,-10.909865,-119.400799,-8.569196
12.09000,-9.049049,14.265141,-11.014428,-116.885651,-8.141773
12.09500,-8.949096,14.793790,-10.793979,-117.103829,-8.112580
12.10000,-8.844144,13.017258,-12.283010,-124.922981,-8.518368
12.10500,-8.734191,13.808619,-13.812342,-115.826401,-8.426025
12.11000,-8.619239,13.310539,-13.751355,-117.993716,-8.358029
12.11500,-8.499287,13.316579,-14.736944,-117.645926,-8.236327
12.12000,-8.374334,12.721843,-14.323124,-114.378740,-8.162957
12.12500,-8.244382,12.947186,-17.468334,-118.624517,-8.526358
12.13000,-8.109429,11.838277,-17.385310,-118.898208,-8.005168
12.13500,-7.969477,12.156592,-17.851525,-120.435611,-8.081691
12.14000,-7.824524,12.990538,-18.837830,-118.237488,-8.140427
12.14500,-7.674572,11.770153,-20.036333,-113.453485,-7.773718
12.15000,-7.519619,11.735635,-20.064358,-116.333127,-7.904509
12.15500,-7.359667,11.970189,-21.517832,-116.182221,-7.602806
12.16000,-7.194715,11.857140,-22.141288,-112.474307,-7.616861
12.16500,-7.024762,12.075021,-21.794704,-114.727647,-7.664053
12.17000,-6.849810,10.507747,-22.290840,-113.405879,-7.344700
12.17500,-6.669857,10.625041,-24.237191,-112.675465,-7.306045
12.18000,-6.484905,9.685050,-25.075527,-109.229184,-7.407261
12.18500,-6.294952,10.559386,-26.427774,-110.601609,-7.471322
12.19000,-6.100000,10.041392,-28.166609,-109.198756,-7.195319
12.19500,-5.900048,9.838921,-29.707850,-107.461164,-6.898468
12.20000,-5.695095,8.727003,-27.857938,-109.847914,-6.906513
12.20500,-5.485143,9.584800,-28.772482,-105.301409,-6.469072
12.21000,-5.270190,8.058770,-29.931473,-107.359116,-6.565187
12.21500,-5.050238,7.704254,-31.549259,-104.760599,-6.434349
12.22000,-4.825285,7.858785,-31.211881,-101.855366,-6.255372
12.22500,-4.595333,7.301349,-31.270725,-99.164707,-6.300648
12.23000,-4.360381,7.919980,-33.086936,-98.450413,-6.025143
12.23500,-4.120428,7.294417,-35.265987,-94.092085,-5.943815
12.24000,-3.875476,6.377443,-36.315640,-94.445016,-6.033356
12.24500,-3.625523,7.173188,-36.173799,-91.773752,-5.770021
12.25000,-3.370571,6.587069,-37.059400,-92.217162,-5.201619
12.25500,-3.110618,5.621720,-37.060148,-90.723056,-5.196469
12.26000,-2.845666,4.889736,-39.781002,-83.882101,-4.954511
12.26500,-2.575713,4.331666,-38.549820,-88.926770,-4.965133
12.27000,-2.300761,4.806379,-40.144420,-80.905691,-4.624960
12.27500,-2.020809,4.206657,-39.674114,-82.848607,-4.205285
12.28000,-1.735856,4.019110,-41.616765,-77.633269,-4.096937
12.28500,-1.445904,3.652678,-41.940130,-79.508795,-3.972514
12.29000,-1.159756,3.181502,-43.414898,-73.375636,-3.433098
12.29500,-0.878609,2.124829,-44.665617,-71.333711,-3.448519
12.30000,-0.602461,2.366073,-42.955413,-73.986305,-3.259052
12.30500,-0.331313,1.688888,-45.031450,-68.313853,-2.790493
12.31000,-0.065166,-0.142596,-45.714645,-62.954562,-2.990419
12.31500,0.195982,0.543534,-44.785028,-59.466997,-2.391713
12.32000,0.452129,1.199917,-44.391188,-58.226847,-2.397129
12.32500,0.703277,0.306289,-44.475381,-57.230426,-2.092695
12.33000,0.949425,-0.619314,-44.079283,-53.252737,-1.819414
12.33500,1.190572,-1.059357,-43.347929,-52.949900,-1.434484
12.34000,1.426720,-0.842342,-42.084350,-49.306178,-1.175754
12.34500,1.657867,-1.718045,-40.985241,-43.673763,-0.881756
12.35000,1.884015,-2.832012,-40.693661,-41.058362,-0.631195
12.35500,2.105163,-3.059031,-39.903001,-36.413684,-0.181674
12.36000,2.321310,-0.990576,-38.639516,-34.340998,0.129073
12.36500,2.532458,-3.057763,-39.149067,-30.265343,0.244454
12.37000,2.738605,-3.171641,-37.332732,-28.461613,0.517524
12.37500,2.939753,-3.399695,-35.607293,-23.667129,0.608078
12.38000,3.135901,-3.609629,-36.195842,-16.451263,0.759852
12.38500,3.327048,-3.686563,-33.983450,-20.401763,1.281006
12.39000,3.513196,-4.386784,-33.920943,-14.680388,1.454267
12.39500,3.694343,-4.995249,-32.402446,-12.595011,1.836426
12.40000,3.870491,-5.158613,-33.133662,-7.191789,1.676428
12.40500,4.041639,-5.346974,-32.249469,-3.894332,2.617477
12.41000,4.207786,-4.496150,-29.844978,-3.217627,2.254752
12.41500,4.368934,-4.716332,-30.233278,2.191915,2.695579
12.42000,4.525081,-5.610021,-29.601843,5.663110,3.077575
12.42500,4.676229,-5.211642,-28.232831,8.326724,2.942197
12.43000,4.822376,-6.913897,-29.891985,12.551784,3.294002
12.43500,4.963524,-7.329181,-26.166156,18.124539,3.286731
12.44000,5.099672,-8.505585,-24.735376,19.758039,3.589358
12.44500,5.230819,-6.706280,-25.150404,21.168292,3.716897
12.45000,5.356967,-7.191915,-25.899392,25.440610,4.229662
12.45500,5.478114,-8.479917,-25.323632,32.342631,4.450814
12.46000,5.594262,-7.518844,-22.708939,29.937251,4.541670
12.46500,5.705410,-8.257869,-20.483801,36.714322,4.962265
12.47000,5.812774,-8.093309,-21.088935,35.970916,5.151674
12.47500,5.917455,-7.759760,-20.227492,36.990482,5.099799
12.48000,6.019519,-8.172955,-18.937446,41.854884,5.222007
12.48500,6.119031,-8.781538,-19.341060,46.919682,5.361214
12.49000,6.216055,-9.174836,-17.570098,48.524625,5.473543
12.49500,6.310654,-8.407034,-18.898729,50.305400,5.876142
12.50000,6.402887,-9.932680,-17.241729,52.832100,5.836468
12.50500,6.492815,-9.134411,-16.825115,55.091588,5.866012
12.51000,6.580495,-8.887821,-16.291733,57.448181,5.991793
12.51500,6.665982,-8.723576,-17.332692,60.916133,6.213079
12.52000,6.749333,-10.750953,-15.392709,59.358896,6.163269
12.52500,6.830599,-9.549605,-14.145373,67.909006,6.361245
12.53000,6.909834,-10.178197,-14.794675,69.903470,6.389099
12.53500,6.987089,-10.286642,-12.786942,71.725323,6.678037
12.54000,7.062411,-9.677147,-13.769835,75.592518,6.716904
12.54500,7.135851,-10.233050,-13.224505,74.483502,6.383854
12.55000,7.207455,-12.213700,-14.366382,77.730351,6.634088
12.55500,7.277268,-10.152277,-12.073601,74.170617,6.819728
12.56000,7.345337,-11.422459,-12.110805,81.939164,6.687821
12.56500,7.411703,-10.472725,-11.150071,82.481889,6.922906
12.57000,7.476411,-11.308510,-12.438465,86.327767,6.886866
12.57500,7.539500,-11.508595,-11.412885,88.487988,6.959045
12.58000,7.601013,-11.131299,-10.259816,87.894747,6.886919
12.58500,7.660988,-10.884526,-10.967955,87.101527,6.968270
12.59000,7.719463,-11.953245,-10.765098,91.929415,7.023580
12.59500,7.776476,-10.618889,-11.462047,94.378035,6.735678
12.60000,7.832064,-11.886514,-9.039708,95.824912,6.836620
12.60500,7.886263,-11.335307,-9.076178,94.025129,6.834169
12.61000,7.939106,-10.533983,-10.432181,94.360805,7.260152
12.61500,7.990629,-12.015623,-8.578607,96.852533,7.057345
12.62000,8.040863,-11.674406,-8.085787,96.279554,7.075632
12.62500,8.089841,-11.480717,-8.220662,94.916317,7.051250
12.63000,8.137595,-11.444839,-8.683491,101.184390,6.950136
12.63500,8.184155,-11.431677,-8.393877,102.223621,6.919568
12.64000,8.229552,-12.056341,-9.629059,103.514226,7.168008
12.64500,8.273813,-12.173621,-8.304106,101.091274,6.983584
12.65000,8.316967,-12.149054,-8.138559,103.547201,7.286563
12.65500,8.359043,-12.653353,-8.676825,101.740161,7.077179
12.66000,8.400067,-13.579691,-6.894130,101.808376,7.064484
12.66500,8.440065,-12.271756,-7.486674,106.522636,7.020387
12.67000,8.479064,-12.524472,-6.594762,102.214140,7.046828
12.67500,8.517087,-10.888535,-7.344031,105.852405,7.068232
12.68000,8.554160,-12.965149,-7.985130,112.029736,7.302116
12.68500,8.590306,-13.509298,-6.540592,110.051531,7.433391
12.69000,8.625548,-13.191538,-6.652645,109.301445,6.905423
12.69500,8.659910,-13.190950,-5.767268,109.521173,7.130140
12.70000,8.693412,-12.563736,-6.133122,108.143932,7.209244
12.70500,8.726077,-13.260114,-4.908271,107.617474,6.972896
12.71000,8.757925,-12.639916,-6.237258,113.416084,7.026364
12.71500,8.788977,-13.425035,-4.260849,108.980138,7.066601
12.72000,8.819252,-13.435683,-5.202313,108.364839,6.782250
12.72500,8.848771,-13.046994,-4.581346,111.229643,7.266891
12.73000,8.877552,-13.132479,-6.265621,109.873988,7.177196
12.73500,8.905613,-14.149404,-4.554571,112.914074,7.188419
12.74000,8.932973,-12.992106,-4.890344,108.959525,7.234865
12.74500,8.959648,-13.471274,-3.918484,108.674421,7.281339
12.75000,8.985657,-12.125573,-5.206401,109.681674,7.619727
12.75500,9.011016,-13.541758,-4.556298,114.023292,7.315967
12.76000,9.035740,-13.248207,-5.714866,112.690627,7.440171
12.76500,9.059847,-14.109773,-3.874061,111.348801,7.257796
12.77000,9.083351,-13.184061,-3.504853,111.048662,7.417540
12.77500,9.106267,-13.925259,-3.495706,111.638742,7.342236
12.78000,9.128610,-13.488814,-4.127834,108.897125,7.395155
12.78500,9.150395,-13.082285,-3.319183,112.074077,7.308005
12.79000,9.171635,-14.545095,-3.569714,109.982687,7.350283
12.79500,9.192344,-15.061784,-4.443734,111.550605,7.574595
12.80000,9.212535,-13.916714,-3.588765,111.129048,7.648868
12.80500,9.232222,-13.704255,-3.617545,111.749514,7.635386
12.81000,9.251417,-13.457304,-2.963315,110.149033,7.492469
12.81500,9.270131,-13.017279,-2.877252,113.160224,7.674358
12.82000,9.288378,-14.151652,-2.792627,111.919536,7.268368
12.82500,9.306168,-14.120720,-2.276112,109.547962,7.831685
12.83000,9.323514,-14.577879,-4.338148,112.127080,7.712027
12.83500,9.340426,-13.661478,-1.842918,110.493554,7.789734
12.84000,9.356916,-13.259273,-1.649452,112.049771,7.956694
12.84500,9.372993,-14.050829,-2.346481,113.055082,7.743631
12.85000,9.388668,-13.440557,-2.088043,110.256171,7.984393
12.85500,9.403951,-14.396974,-1.859629,111.248730,7.799201
12.86000,9.418852,-14.379660,-2.792883,111.491087,7.978186
12.86500,9.433381,-13.246969,-2.656194,111.466624,7.860253
12.87000,9.447547,-13.319263,-2.061147,115.727735,7.996164
12.87500,9.461358,-14.078615,-1.556672,112.211658,8.198079
12.88000,9.474824,-14.828785,-2.795792,109.104823,7.901897
12.88500,9.487953,-14.035693,-2.683988,111.806814,7.932764
12.89000,9.500755,-14.980856,-2.513215,110.471923,8.000052
12.89500,9.513236,-13.895532,-1.223882,116.854487,8.119145
12.90000,9.525405,-14.512548,-2.316052,110.423255,8.515935
12.90500,9.537270,-14.880998,-2.469710,109.491410,8.027786
12.91000,9.548838,-14.353000,-2.009721,113.460446,7.824075
12.91500,9.560117,-12.710729,-2.478698,110.886393,8.055603
12.92000,9.571114,-13.995168,-2.549610,111.267548,7.931524
12.92500,9.581836,-13.989675,-1.434896,111.671425,8.105419
12.93000,9.592290,-15.126050,-1.385155,110.833498,8.209867
12.93500,9.602483,-13.955876,-2.357324,111.484945,8.075717
12.94000,9.612421,-15.414127,-1.684528,107.813792,8.132390
12.94500,9.622110,-14.794147,-1.256896,112.358500,7.963965
12.95000,9.631558,-14.275883,-2.869476,114.049644,8.289818
12.95500,9.640769,-13.050127,-3.007326,116.753069,8.158932
12.96000,9.649750,-14.925855,-1.337312,113.060637,8.450083
12.96500,9.658506,-14.131389,-2.623695,114.798098,8.454236
12.97000,9.667043,-14.663868,-1.323730,111.642735,8.169175
12.97500,9.675367,-15.726987,-1.117424,116.391847,8.253414
12.98000,9.683483,-14.104743,-1.574688,118.178655,8.325392
12.98500,9.691396,-12.955686,-1.893735,114.279286,8.439396
12.99000,9.699111,-14.026749,-0.730441,112.987989,8.073176
12.99500,9.706633,-15.062624,-0.347943,113.956125,8.322985
13.00000,9.713967,-14.622360,-2.219433,117.266387,8.623275
13.00500,9.721118,-14.224798,-1.031287,111.498707,8.328316
13.01000,9.728090,-15.232334,-0.483140,116.976721,8.378917
13.01500,9.734888,-14.473036,-0.803581,112.311280,8.347775
13.02000,9.741516,-15.002606,-1.656349,112.808845,8.167345
13.02500,9.747978,-14.608252,-1.646259,115.269543,8.496740
13.03000,9.754278,-14.897564,-2.451415,116.208148,8.393724
13.03500,9.760421,-14.589759,-1.047937,117.032997,8.378496
13.04000,9.766411,-14.397537,-1.819819,118.149531,8.465215
13.04500,9.772251,-15.115342,-0.708137,112.881047,8.474752
13.05000,9.777944,-13.647790,-0.678579,115.573711,8.064520
13.05500,9.783496,-15.350915,-1.059567,117.192195,8.427928
13.06000,9.788908,-14.341995,-0.808445,116.278093,8.264667
13.06500,9.794186,-13.397068,-0.081935,118.225449,8.377843
13.07000,9.799331,-13.726866,-1.110188,116.059580,8.243629
13.07500,9.804348,-14.795557,0.506175,115.488155,8.219762
13.08000,9.809239,-14.362805,-0.446326,111.507553,8.497274
13.08500,9.814008,-15.280947,-1.583462,112.405693,8.349766
13.09000,9.818658,-14.451672,-1.640709,118.176408,8.307205
13.09500,9.823191,-15.347854,-0.162074,114.206808,8.305833
13.10000,9.827612,-13.956452,-0.516728,117.411835,8.361763
13.10500,9.831921,-14.498538,-2.141854,118.260724,8.346537
13.11000,9.836123,-15.158478,-0.532260,116.755402,7.986868
13.11500,9.840220,-14.235902,0.568557,119.262884,8.215350
13.12000,9.844215,-15.118940,-0.489929,115.871246,8.312591
13.12500,9.848109,-14.604971,-1.464618,118.600209,8.463022
13.13000,9.851907,-15.289849,-0.087647,117.196459,8.557565
13.13500,9.855609,-15.148787,0.033499,114.422013,8.207062
13.14000,9.859219,-14.195578,-1.204889,113.428353,8.646925
13.14500,9.862738,-13.534167,-0.269878,117.362387,8.366201
13.15000,9.866170,-13.680676,-1.753988,121.313796,8.427759
13.15500,9.869516,-14.083751,0.755874,120.426452,8.272732
13.16000,9.872778,-14.666124,-0.382612,119.062697,8.263409
13.16500,9.875958,-14.230279,-1.877659,119.833365,8.577344
13.17000,9.879059,-14.864695,-0.970030,120.141554,8.326245
13.17500,9.882083,-14.854007,-1.014857,117.796071,8.346151
13.18000,9.885031,-14.953883,-1.420570,121.173345,8.541281
13.18500,9.887905,-14.202608,0.352686,119.029961,8.630099
13.19000,9.890707,-14.611789,-0.007968,117.468149,8.140109
13.19500,9.893440,-15.708625,-0.231523,126.805539,8.343342
13.20000,9.896104,-14.629776,0.230989,120.103152,8.373467
13.20500,9.898701,-14.008038,-1.074833,118.500655,8.655628
13.21000,9.901234,-14.476594,-0.863434,120.445830,8.758563
13.21500,9.903703,-15.238574,0.242786,116.301081,8.377247
13.22000,9.906110,-14.820885,0.047061,116.336513,8.445564
13.22500,9.908457,-14.841986,-0.248204,123.062551,8.524499
13.23000,9.910746,-14.260637,-0.588968,120.363790,8.571907
13.23500,9.912977,-14.468401,-0.222053,116.789650,8.350885
13.24000,9.915153,-15.033113,-0.940983,115.676012,8.534597
13.24500,9.917274,-14.269239,-1.297643,118.937748,8.300516
13.25000,9.919342,-16.059876,-1.638424,116.974867,8.002240
13.25500,9.921359,-16.081463,0.020178,122.044169,8.204265
13.26000,9.923325,-14.385429,0.615325,115.162098,8.452143
13.26500,9.925242,-16.126132,-0.640539,121.896551,8.543023
13.27000,9.927111,-13.889164,0.346294,117.142839,8.081817
13.27500,9.928933,-14.704633,-0.276499,116.673467,8.155051
13.28000,9.930709,-14.797534,-0.894002,119.450445,8.430454
13.28500,9.932442,-14.082248,0.362541,116.680369,7.922496
13.29000,9.934131,-13.583199,-0.554886,118.153963,8.528433
13.29500,9.935777,-14.837352,-0.591866,118.230058,8.604959
13.30000,9.937383,-14.601567,-0.307496,114.257704,7.994788
13.30500,9.938948,-15.514852,-0.572865,116.915487,8.571748
13.31000,9.940475,-15.711355,-1.327660,120.196128,8.428560
13.31500,9.941963,-15.733581,-0.849643,115.043178,8.678370
13.32000,9.943414,-14.028424,-0.920035,116.572058,8.507971
13.32500,9.944828,-15.160960,-0.114646,117.534084,8.431659
13.33000,9.946208,-13.888236,0.226696,121.474264,8.489733
13.33500,9.947552,-15.651375,0.814182,121.486544,8.618058
13.34000,9.948864,-15.486570,0.058657,122.718282,8.506406
13.34500,9.950142,-14.809958,-1.267197,117.472687,8.486269
13.35000,9.951389,-14.259466,-1.142657,121.289296,8.261991
13.35500,9.952604,-15.511686,-0.304638,120.055653,8.559048
13.36000,9.953789,-15.253919,0.757186,116.770330,8.492228
13.36500,9.954944,-15.405298,-0.691702,120.675067,8.771076
13.37000,9.956070,-13.742912,-0.106128,119.544285,8.489837
13.37500,9.957169,-14.677506,-0.632473,118.141475,8.480457
13.38000,9.958239,-14.641518,0.051548,117.246308,8.399712
13.38500,9.959283,-15.407538,-0.473023,116.103903,8.607782
13.39000,9.960301,-15.049295,0.307286,120.645347,8.467425
13.39500,9.961294,-15.456053,-0.223658,120.525495,8.392210
13.40000,9.962261,-13.467408,0.406716,118.957261,8.746314
13.40500,9.963205,-15.058600,-0.744193,118.754465,8.774788
13.41000,9.964125,-16.315231,0.256995,118.292886,8.434043
13.41500,9.965022,-15.774658,0.009443,121.213932,8.347556
13.42000,9.965896,-16.469200,0.188177,119.999703,8.677639
13.42500,9.966749,-15.857025,-0.334855,115.753193,8.377949
13.43000,9.967580,-16.176638,0.340915,119.766682,8.938425
13.43500,9.968391,-14.248046,0.152965,120.595518,8.486060
13.44000,9.969181,-15.183648,-0.189659,118.292125,8.654651
13.44500,9.969951,-15.811293,0.507755,118.564664,8.309034
13.45000,9.970702,-13.664407,-0.548513,118.317128,8.502522
13.45500,9.971435,-15.304297,1.075985,120.945432,8.675479
13.46000,9.972149,-13.851647,-1.271905,118.723314,8.575567
13.46500,9.972845,-15.157027,-0.013616,119.526618,8.426053
13.47000,9.973524,-14.959834,0.461800,119.775205,8.884041
13.47500,9.974186,-14.583094,-0.248678,122.915622,8.621524
13.48000,9.974831,-13.930945,0.328400,116.357591,8.473250
13.48500,9.975461,-14.985121,-0.387421,124.611279,8.415596
13.49000,9.976074,-13.929603,0.476618,117.004239,8.466711
13.49500,9.976672,-15.535266,0.559357,119.129818,8.714893
13.50000,9.977255,-13.524190,-1.059962,117.862034,8.389504
13.50500,9.977824,-14.721604,-1.319500,119.890574,8.512536
13.51000,9.978378,-14.885971,-0.077260,120.797100,8.381658
13.51500,9.978919,-15.098175,-0.965136,124.635111,8.699370
13.52000,9.979446,-14.794703,0.047832,122.189008,8.481987
13.52500,9.979960,-14.577453,0.312127,118.163851,8.638886
13.53000,9.980461,-14.826762,-1.208892,120.102760,8.593468
13.53500,9.980949,-15.895022,0.045977,119.892131,8.417366
13.54000,9.981426,-13.693332,-0.351763,118.205627,8.613540
13.54500,9.981890,-15.393671,0.220920,120.919455,8.650069
13.55000,9.982343,-15.555666,-0.746252,120.224861,8.330042
13.55500,9.982784,-15.637490,0.158112,118.696732,8.613587
13.56000,9.983215,-14.513381,-0.212602,118.173794,9.051376
13.56500,9.983634,-15.504312,-1.452239,121.191440,8.460074
13.57000,9.984043,-15.170722,-0.686077,119.418566,8.603630
13.57500,9.984442,-13.955389,0.671787,122.244865,8.300789
13.58000,9.984831,-14.402917,0.109324,121.541438,8.576174
13.58500,9.985210,-14.994082,0.266508,117.078774,8.415317
13.59000,9.985580,-15.658167,0.335832,115.161266,8.623463
13.59500,9.985941,-15.039413,-0.235955,119.788545,8.497961
13.60000,9.986292,-14.658472,-1.012308,118.243083,8.325180
13.60500,9.986635,-15.643970,0.299792,117.470147,8.674996
13.61000,9.986969,-15.474015,-0.800154,118.153096,8.473036
13.61500,9.987295,-14.601540,-1.376375,122.835712,8.350467
13.62000,9.987612,-15.185889,0.050050,119.247663,8.516824
13.62500,9.987922,-14.041834,0.600110,123.825360,8.358422
13.63000,9.988224,-15.873407,-0.082970,121.420408,8.567984
13.63500,9.988518,-15.348750,-0.743066,115.997270,8.497756
13.64000,9.988805,-15.525239,-1.508327,120.712134,8.450886
13.64500,9.989085,-14.796416,0.237148,122.972531,8.610709
13.65000,9.989358,-15.446821,0.782147,115.924865,8.312098
13.65500,9.989624,-14.366730,-0.535878,117.034661,8.658428
13.66000,9.989884,-13.765893,0.154890,119.542758,8.200940
13.66500,9.990137,-15.016631,-1.034078,118.600116,8.757032
13.67000,9.990383,-14.703176,-0.703943,123.448301,8.538188
13.67500,9.990624,-15.354089,0.258642,117.939699,8.470044
13.68000,9.990858,-14.253637,0.098460,123.483626,8.397836
13.68500,9.991087,-15.538847,-0.644928,116.789555,8.595816
13.69000,9.991309,-15.080798,-0.718117,117.969828,8.487453
13.69500,9.991527,-14.692545,-0.021689,120.541878,8.485095
13.70000,9.991738,-15.648995,-0.028938,120.954474,8.671914
13.70500,9.991945,-14.526589,-0.305909,120.170719,8.446581
13.71000,9.992146,-15.123274,-0.094699,123.327287,8.477544
13.71500,9.992343,-14.775996,0.702095,123.784499,8.580558
13.72000,9.992534,-15.231367,-0.396767,124.126474,8.680126
13.72500,9.992721,-15.802605,0.886501,119.668461,8.492180
13.73000,9.992903,-14.553096,0.141810,121.777423,8.540352
13.73500,9.993080,-14.872551,0.327195,119.301622,8.523308
13.74000,9.993253,-14.889128,-1.122234,122.993957,8.631131
13.74500,9.993422,-15.235275,-0.613192,114.895935,8.746793
13.75000,9.993586,-14.639339,-0.189803,118.503976,8.373426
13.75500,9.993747,-15.273283,-0.740061,119.452686,8.497277
13.76000,9.993903,-14.878463,0.620375,118.866839,8.510967
13.76500,9.994055,-13.933299,0.628293,123.370651,8.609573
13.77000,9.994204,-15.235192,0.659429,116.924280,8.750347
13.77500,9.994349,-14.703509,-0.293742,118.167743,8.516656
13.78000,9.994490,-15.266177,-1.064051,117.341692,8.552404
13.78500,9.994628,-14.790356,-1.795845,119.855641,8.694452
13.79000,9.994762,-15.137529,0.353865,117.983411,8.328180
13.79500,9.994893,-14.484592,-0.553820,121.993984,8.401607
13.80000,9.995021,-15.389889,-1.373130,121.888797,8.451062
13.80500,9.995145,-15.233707,-0.409005,115.387976,8.519664
13.81000,9.995267,-13.940122,1.047579,115.354886,8.556457
13.81500,9.995385,-14.875238,-0.186375,121.735544,8.441035
13.82000,9.995500,-13.833280,-0.315867,120.814735,8.791831
13.82500,9.995613,-15.111692,0.484097,116.521707,8.412282
13.83000,9.995723,-15.703937,0.022119,119.895770,8.490192
13.83500,9.995830,-15.029834,-0.349839,117.291492,8.689308
13.84000,9.995934,-14.731944,0.352964,121.713654,8.640935
13.84500,9.996035,-15.132032,-1.132210,117.120607,8.519455
13.85000,9.996135,-15.908687,-1.740740,118.639127,8.579749
13.85500,9.996231,-16.106106,-0.826184,121.007524,8.648107
13.86000,9.996325,-13.840590,1.013246,120.088704,8.519692
13.86500,9.996417,-15.531035,0.618092,122.260990,8.621855
13.87000,9.996507,-14.689062,-1.445328,120.890301,8.379799
13.87500,9.996594,-14.383757,0.541288,116.746699,8.532361
13.88000,9.996679,-14.426557,-1.267812,120.501388,8.267420
13.88500,9.996762,-17.080858,0.011495,117.547873,8.383100
13.89000,9.996843,-16.052550,0.394933,123.122801,8.344305
13.89500,9.996922,-15.897781,-0.694635,123.410437,8.714068
13.90000,9.996999,-14.639052,0.159306,122.453132,8.448892
13.90500,9.997074,-15.357729,-1.249364,124.752676,8.566487
13.91000,9.997147,-15.873920,1.060903,121.729631,8.377142
13.91500,9.997219,-14.638958,1.417652,123.192312,8.488602
13.92000,9.997288,-14.533864,0.519365,122.044739,8.476553
13.92500,9.997356,-15.003281,-0.881493,121.918886,8.387111
13.93000,9.997422,-15.926256,-0.373971,121.882038,8.652117
13.93500,9.997487,-14.817826,-0.502373,120.638501,8.261754
13.94000,9.997549,-15.617324,-0.110383,123.908152,8.615827
13.94500,9.997611,-15.133343,0.271919,117.644973,8.930293
13.95000,9.997670,-14.859437,-0.266120,116.607845,8.391224
13.95500,9.997729,-14.899705,0.591161,118.335175,8.522741
13.96000,9.997785,-15.179841,1.961807,123.438878,8.276198
13.96500,9.997841,-15.087806,1.250800,119.422502,8.513008
13.97000,9.997895,-14.601158,0.600973,118.237983,8.247756
13.97500,9.997947,-14.949387,-0.642385,118.168726,8.613457
13.98000,9.997999,-16.671251,0.375949,121.002224,8.439349
13.98500,9.998049,-15.547957,-1.227492,119.878464,8.228915
13.99000,9.998097,-15.025393,-0.448504,122.595387,8.313937
13.99500,9.998145,-14.347723,1.816776,119.297993,8.267993
14.00000,9.993193,-15.365036,0.893470,121.972015,8.469368
14.00500,9.983240,-15.422672,1.160015,118.129565,8.645437
14.01000,9.968288,-14.726721,-0.542115,121.167397,8.450763
14.01500,9.948335,-15.720782,0.104493,126.578990,8.328936
14.02000,9.923383,-14.579748,0.429052,119.568953,8.380959
14.02500,9.893430,-15.391407,1.702533,119.720060,8.527541
14.03000,9.858478,-14.822975,1.775551,122.089354,8.129529
14.03500,9.818526,-14.687155,2.184148,117.831339,8.596095
14.04000,9.773573,-14.601857,2.463163,118.957748,8.564885
14.04500,9.723621,-14.084432,2.961157,118.744849,8.116503
14.05000,9.668668,-14.894881,4.970846,120.438174,8.676633
14.05500,9.608716,-15.183748,4.334100,116.874591,8.232325
14.06000,9.543763,-14.593415,5.550573,122.878507,8.445227
14.06500,9.473811,-13.122863,7.500493,120.007423,8.652530
14.07000,9.398858,-13.720371,8.141069,120.025227,8.203469
14.07500,9.318906,-14.967293,8.531221,119.169601,8.157291
14.08000,9.233954,-15.037468,10.087200,119.327317,8.254918
14.08500,9.144001,-14.233027,9.076130,114.255339,8.242405
14.09000,9.049049,-14.937813,11.458693,121.850788,8.368661
14.09500,8.949096,-14.715230,12.092550,116.998197,8.284755
14.10000,8.844144,-12.995285,13.761655,120.470084,8.262395
14.10500,8.734191,-12.890356,13.402232,118.111070,8.234535
14.11000,8.619239,-12.807001,13.407810,117.715145,8.247542
14.11500,8.499287,-12.196426,15.321439,118.938511,8.105416
14.12000,8.374334,-14.436867,14.840449,121.157742,8.248277
14.12500,8.244382,-12.832648,16.277603,116.936592,8.151409
14.13000,8.109429,-13.173840,16.809256,115.474843,7.943689
14.13500,7.969477,-11.886062,19.088156,117.284022,8.332000
14.14000,7.824524,-13.023600,19.653058,110.426944,7.791178
14.14500,7.674572,-11.881573,19.158649,113.370257,8.040199
14.15000,7.519619,-11.388802,20.820395,112.500362,7.741038
14.15500,7.359667,-11.085469,21.296951,113.223706,7.839857
14.16000,7.194715,-10.458791,21.516686,110.366378,7.786363
14.16500,7.024762,-10.283659,23.764681,114.420473,7.755172
14.17000,6.849810,-10.952074,23.954142,111.141161,7.753098
14.17500,6.669857,-11.797909,25.881474,111.271864,7.305783
14.18000,6.484905,-10.253671,25.711106,110.111443,7.781811
14.18500,6.294952,-9.277071,26.192503,108.451360,7.293699
14.19000,6.100000,-9.218599,26.797993,106.709824,6.992310
14.19500,5.900048,-11.038164,27.096583,109.852065,6.789968
14.20000,5.695095,-10.053038,28.141140,107.728757,7.243640
14.20500,5.485143,-8.720833,29.035744,107.982272,7.005564
14.21000,5.270190,-8.472382,30.422596,103.155847,6.611745
14.21500,5.050238,-8.463582,31.548621,102.790251,6.592391
14.22000,4.825285,-8.130933,32.299854,101.588541,6.532260
14.22500,4.595333,-8.413131,32.093796,98.660722,6.190129
14.23000,4.360381,-7.223144,33.791979,97.781942,5.950452
14.23500,4.120428,-6.058997,34.773969,92.785317,5.846945
14.24000,3.875476,-6.824055,37.051086,92.072130,5.813387
14.24500,3.625523,-7.634670,36.458828,90.940415,5.510412
14.25000,3.370571,-6.619750,35.920022,88.680301,5.134075
14.25500,3.110618,-5.454701,37.018133,90.234923,5.256635
14.26000,2.845666,-5.058840,37.751200,88.165224,4.677343
14.26500,2.575713,-5.540410,39.916473,86.268044,4.631628
14.27000,2.300761,-5.216015,39.464871,82.762409,4.738477
14.27500,2.020809,-4.136036,41.710468,83.376496,4.373776
14.28000,1.735856,-3.663455,40.770701,80.969270,4.159173
14.28500,1.445904,-3.329752,42.403862,77.943796,3.920206
14.29000,1.159756,-3.022785,43.610041,73.637892,3.840321
14.29500,0.878609,-2.606879,43.859724,75.276910,3.442186
14.30000,0.602461,-2.628375,45.232198,66.877750,2.911833
14.30500,0.331313,-2.993162,44.588291,63.356554,3.015583
14.31000,0.065166,-2.139043,45.140637,61.437003,2.256120
14.31500,-0.195982,-1.159795,45.204962,64.160701,2.167269
14.32000,-0.452129,0.013476,45.619938,58.997497,2.483273
14.32500,-0.703277,-0.681290,43.566154,54.692032,2.144167
14.33000,-0.949425,1.656741,42.596560,48.055247,1.652313
14.33500,-1.190572,0.588307,43.263283,49.644097,1.453071
14.34000,-1.426720,0.542531,42.163776,44.988355,1.216002
14.34500,-1.657867,1.933399,41.546205,39.565475,1.095087
14.35000,-1.884015,2.596618,41.011269,43.339249,0.553004
14.35500,-2.105163,3.139207,40.090955,37.911696,0.270077
14.36000,-2.321310,3.070659,38.560932,37.660322,0.043080
14.36500,-2.532458,3.212753,38.466521,31.401878,-0.103677
14.37000,-2.738605,2.947840,37.778819,29.399745,-0.349825
14.37500,-2.939753,3.620987,36.868103,23.412031,-0.717168
14.38000,-3.135901,4.021858,34.351684,22.947966,-0.800240
14.38500,-3.327048,3.662684,35.036503,17.402324,-1.339509
14.39000,-3.513196,4.717587,32.883848,16.245968,-1.450582
14.39500,-3.694343,3.511753,33.487567,12.035305,-1.802429
14.40000,-3.870491,4.558143,31.543041,5.846645,-2.103889
14.40500,-4.041639,4.982570,31.010757,4.897093,-2.004103
14.41000,-4.207786,5.589163,31.735178,1.846186,-2.489842
14.41500,-4.368934,6.116500,30.181416,-3.387601,-2.836964
14.42000,-4.525081,6.322351,29.355366,-5.471095,-2.908687
14.42500,-4.676229,6.519595,28.504853,-6.554131,-3.300984
14.43000,-4.822376,5.608161,27.251375,-9.214458,-3.275727
14.43500,-4.963524,8.232088,27.498912,-15.040579,-3.454324
14.44000,-5.099672,6.697065,25.625034,-23.361299,-3.638857
14.44500,-5.230819,8.053077,24.826557,-20.072248,-4.169546
14.45000,-5.356967,7.626149,24.940166,-20.932082,-4.226050
14.45500,-5.478114,7.757480,23.058043,-28.580749,-4.107355
14.46000,-5.594262,7.687559,22.841589,-33.064176,-4.613293
14.46500,-5.705410,8.003030,22.412776,-33.645162,-4.560014
14.47000,-5.812774,7.164944,20.580456,-36.885856,-4.689343
14.47500,-5.917455,8.156326,21.488556,-38.428622,-5.305422
14.48000,-6.019519,10.015169,20.255376,-44.630214,-5.056037
14.48500,-6.119031,9.176941,18.948807,-42.384424,-5.274882
14.49000,-6.216055,8.497640,18.886393,-47.005937,-5.395290
14.49500,-6.310654,8.765873,17.363852,-53.935756,-5.400519
14.50000,-6.402887,8.863301,15.420556,-52.209337,-5.716897
14.50500,-6.492815,9.208218,16.706337,-57.363058,-5.893435
14.51000,-6.580495,10.330486,16.377623,-58.159880,-5.920019
14.51500,-6.665982,9.934086,16.180422,-61.373811,-6.171522
14.52000,-6.749333,9.383658,15.258063,-64.480887,-6.135722
14.52500,-6.830599,8.437951,14.738743,-66.279296,-6.615340
14.53000,-6.909834,11.099616,14.679853,-70.169017,-6.113369
14.53500,-6.987089,10.863578,13.879894,-73.069206,-6.541143
14.54000,-7.062411,10.220212,13.218035,-74.140201,-6.442910
14.54500,-7.135851,10.607590,13.877277,-76.325055,-6.541392
14.55000,-7.207455,10.218752,13.366831,-76.872989,-6.630927
14.55500,-7.277268,10.153036,13.297078,-79.246822,-6.681421
14.56000,-7.345337,12.325221,12.446951,-85.013759,-6.735189
14.56500,-7.411703,9.258170,12.605384,-81.501606,-7.042462
14.57000,-7.476411,10.720344,11.592985,-85.120097,-6.908979
14.57500,-7.539500,11.299751,9.787954,-84.823942,-6.670153
14.58000,-7.601013,11.470510,10.693403,-86.781613,-7.044490
14.58500,-7.660988,11.244242,11.372043,-89.171701,-7.074582
14.59000,-7.719463,11.146708,11.331042,-89.976930,-6.601720
14.59500,-7.776476,11.617525,9.642367,-95.664392,-6.761833
14.60000,-7.832064,10.771344,10.515921,-90.532491,-6.722178
14.60500,-7.886263,10.855401,9.081926,-90.942403,-6.981107
14.61000,-7.939106,12.062044,9.882985,-94.924428,-6.948299
14.61500,-7.990629,11.242636,10.806010,-98.523308,-6.880693
14.62000,-8.040863,12.297377,9.533497,-96.968363,-6.919433
14.62500,-8.089841,12.659000,9.291452,-100.193121,-7.027025
14.63000,-8.137595,12.926318,9.503849,-96.893040,-7.246617
14.63500,-8.184155,12.833552,8.811570,-102.234574,-7.137264
14.64000,-8.229552,11.460664,8.218996,-104.621734,-7.261712
14.64500,-8.273813,12.253070,7.798950,-104.678363,-6.785137
14.65000,-8.316967,12.271919,7.354904,-105.226113,-7.096126
14.65500,-8.359043,13.048235,6.944260,-102.753468,-7.065175
14.66000,-8.400067,12.224485,7.279318,-105.038685,-6.996293
14.66500,-8.440065,13.371451,7.042538,-104.932781,-7.041746
14.67000,-8.479064,12.652012,8.427419,-106.809298,-6.966516
14.67500,-8.517087,13.490331,6.959705,-103.743797,-7.150759
14.68000,-8.554160,12.750851,6.555565,-107.015528,-7.296641
14.68500,-8.590306,12.801413,8.084526,-107.001438,-6.793399
14.69000,-8.625548,12.080200,6.308685,-104.479878,-7.184527
14.69500,-8.659910,12.587926,6.110861,-107.587103,-7.156352
14.70000,-8.693412,13.934399,6.282504,-109.684394,-7.215947
14.70500,-8.726077,13.954595,6.167919,-109.386173,-7.188460
14.71000,-8.757925,11.451217,5.490021,-106.678591,-7.112297
14.71500,-8.788977,14.608622,5.251917,-108.555078,-7.012617
14.72000,-8.819252,14.238705,6.193729,-111.262360,-7.307254
14.72500,-8.848771,12.671458,4.917949,-107.269230,-7.114585
14.73000,-8.877552,13.683510,4.627467,-113.110496,-7.281483
14.73500,-8.905613,13.855712,5.039793,-114.755910,-7.008773
14.74000,-8.932973,11.622194,4.754516,-112.381229,-7.406311
14.74500,-8.959648,13.217564,4.742041,-114.466610,-7.220487
14.75000,-8.985657,13.457314,4.533753,-110.923423,-7.147400
14.75500,-9.011016,13.273428,4.609275,-110.520285,-7.492268
14.76000,-9.035740,12.528379,4.571390,-111.250954,-7.288609
14.76500,-9.059847,13.393710,4.821770,-111.980493,-7.308224
14.77000,-9.083351,13.882226,2.963875,-113.075719,-7.480767
14.77500,-9.106267,13.831292,5.209987,-108.858511,-7.417604
14.78000,-9.128610,12.869714,5.244017,-115.128982,-7.258327
14.78500,-9.150395,15.161056,3.491657,-109.372003,-7.402198
14.79000,-9.171635,12.953759,4.159316,-110.413792,-7.533405
14.79500,-9.192344,13.277196,3.115134,-111.146008,-7.531018
14.80000,-9.212535,14.073547,3.581869,-110.055702,-7.459518
14.80500,-9.232222,13.418275,4.688521,-114.390956,-7.362712
14.81000,-9.251417,13.409724,4.487340,-108.950269,-7.466537
14.81500,-9.270131,13.465339,3.398336,-109.977091,-7.507184
14.82000,-9.288378,13.765591,5.087257,-108.692502,-7.409134
14.82500,-9.306168,15.459620,3.717162,-115.549280,-7.920235
14.83000,-9.323514,13.708955,1.262212,-110.585060,-7.934135
14.83500,-9.340426,13.566480,3.018611,-111.433036,-8.093685
14.84000,-9.356916,13.192392,4.500013,-116.126223,-7.644403
14.84500,-9.372993,14.123348,3.253988,-111.913215,-8.155998
14.85000,-9.388668,14.394922,4.028375,-111.102315,-7.839146
14.85500,-9.403951,13.474241,2.989051,-112.944058,-7.745048
14.86000,-9.418852,13.753373,3.291610,-110.453865,-8.104941
14.86500,-9.433381,14.327786,4.251859,-110.098515,-8.019331
14.87000,-9.447547,13.707818,2.633158,-112.321179,-7.985092
14.87500,-9.461358,13.584720,2.538032,-112.147867,-7.858564
14.88000,-9.474824,14.620415,3.243111,-109.789898,-8.230215
14.88500,-9.487953,15.012902,3.573996,-113.614517,-7.972148
14.89000,-9.500755,13.957989,3.923035,-110.478760,-7.937826
14.89500,-9.513236,12.865910,2.900974,-108.755666,-8.046145
14.90000,-9.525405,14.517778,3.309258,-111.752670,-8.065864
14.90500,-9.537270,13.220185,0.384204,-110.949920,-7.919196
14.91000,-9.548838,15.495788,1.838557,-111.774977,-8.097351
14.91500,-9.560117,14.463994,1.926579,-110.140499,-8.154004
14.92000,-9.571114,14.724123,2.892147,-115.236578,-8.220165
14.92500,-9.581836,14.502408,1.002627,-115.763803,-8.085810
14.93000,-9.592290,14.996725,1.982847,-114.026984,-8.246408
14.93500,-9.602483,14.819660,0.161163,-113.607057,-8.116810
14.94000,-9.612421,14.654295,1.996790,-110.289889,-8.215965
14.94500,-9.622110,14.531220,2.983372,-109.536721,-8.071259
14.95000,-9.631558,13.382533,0.971305,-111.346947,-8.378208
14.95500,-9.640769,14.851493,1.578295,-110.022747,-8.256659
14.96000,-9.649750,14.239307,1.044850,-113.708936,-8.225002
14.96500,-9.658506,14.612714,1.852946,-114.109321,-8.224668
14.97000,-9.667043,15.083387,0.415710,-116.394629,-8.123141
14.97500,-9.675367,13.910415,1.868560,-110.703695,-8.244105
14.98000,-9.683483,13.961078,1.641965,-112.179860,-8.172823
14.98500,-9.691396,15.032886,0.428920,-113.555557,-8.017216
14.99000,-9.699111,14.027838,2.096432,-116.510086,-8.194103
14.99500,-9.706633,14.190710,2.222274,-115.939716,-8.490216
15.00000,-9.713967,14.233086,1.462814,-112.829467,-8.550934
15.00500,-9.721118,14.949053,1.935216,-114.037166,-8.233302
15.01000,-9.728090,14.353873,1.054025,-111.798445,-8.396647
15.01500,-9.734888,14.688081,1.123025,-113.902263,-8.296885
15.02000,-9.741516,15.464747,2.435492,-115.961147,-8.369996
15.02500,-9.747978,14.943494,1.162718,-117.134832,-8.144854
15.03000,-9.754278,14.916978,1.066526,-114.744304,-8.162549
15.03500,-9.760421,14.565007,0.074532,-111.356092,-8.519479
15.04000,-9.766411,14.344457,-0.232868,-110.747568,-8.305631
15.04500,-9.772251,13.630343,0.298422,-116.750229,-8.393685
15.05000,-9.777944,14.487969,2.578830,-114.199241,-8.547968
15.05500,-9.783496,15.360019,0.632927,-117.003990,-8.248325
15.06000,-9.788908,15.871009,1.744135,-115.022091,-8.368947
15.06500,-9.794186,14.275771,1.459188,-121.823559,-8.278689
15.07000,-9.799331,14.674078,0.277906,-117.228320,-7.967041
15.07500,-9.804348,15.005339,0.771009,-119.898768,-8.141989
15.08000,-9.809239,14.879446,0.709946,-113.003766,-8.175544
15.08500,-9.814008,14.420104,1.114174,-117.112887,-8.405992
15.09000,-9.818658,13.125905,1.299593,-115.405659,-8.523684
15.09500,-9.823191,14.392348,1.014233,-116.462310,-8.151396
15.10000,-9.827612,14.256160,1.910509,-119.539084,-8.388006
15.10500,-9.831921,14.492683,0.901665,-115.443951,-8.334315
15.11000,-9.836123,14.607663,1.765409,-114.569876,-8.398257
15.11500,-9.840220,14.253054,1.644289,-116.536089,-8.325184
15.12000,-9.844215,14.875726,-0.713825,-115.945118,-7.972449
15.12500,-9.848109,14.292733,1.026227,-114.852387,-8.388536
15.13000,-9.851907,13.801836,-0.238557,-116.122088,-8.383726
15.13500,-9.855609,14.986900,1.065498,-117.719680,-8.310046
15.14000,-9.859219,14.698263,0.785667,-121.079542,-8.298043
15.14500,-9.862738,15.022944,0.860454,-119.496071,-8.525861
15.15000,-9.866170,15.425210,1.113340,-119.410759,-8.614700
15.15500,-9.869516,13.766489,0.362905,-116.227841,-8.433764
15.16000,-9.872778,14.604168,0.440428,-115.060857,-8.378801
15.16500,-9.875958,13.937985,1.136626,-117.984119,-8.468304
15.17000,-9.879059,14.918826,1.052261,-115.977661,-8.503088
15.17500,-9.882083,13.897230,1.186752,-123.355064,-8.495935
15.18000,-9.885031,13.035991,0.896463,-117.677091,-8.415053
15.18500,-9.887905,15.641437,1.420424,-120.895529,-8.375695
15.19000,-9.890707,14.071327,-0.331406,-116.397040,-8.609159
15.19500,-9.893440,14.431352,0.737439,-115.772489,-8.446840
15.20000,-9.896104,15.054424,0.849666,-116.126578,-8.311784
15.20500,-9.898701,15.397691,-0.207883,-116.892627,-8.388128
15.21000,-9.901234,14.907214,0.584248,-116.204247,-8.579911
15.21500,-9.903703,14.559452,-0.330214,-114.844028,-8.430203
15.22000,-9.906110,16.095415,-1.547722,-119.875766,-8.382138
15.22500,-9.908457,14.625574,-0.950497,-115.419628,-8.265389
15.23000,-9.910746,14.242340,1.064634,-119.542343,-8.634419
15.23500,-9.912977,14.991172,1.107989,-121.840822,-8.285574
15.24000,-9.915153,14.413900,0.965584,-117.638988,-8.464269
15.24500,-9.917274,15.044037,0.071974,-117.319046,-8.366496
15.25000,-9.919342,14.235169,0.793927,-118.303909,-8.297177
15.25500,-9.921359,15.123452,-0.995879,-120.412615,-8.537938
15.26000,-9.923325,13.760595,-0.218170,-117.745285,-8.532020
15.26500,-9.925242,14.964981,0.826788,-119.579943,-8.430225
15.27000,-9.927111,15.308923,0.634484,-113.832003,-8.306148
15.27500,-9.928933,14.983553,-0.389867,-118.380722,-8.503552
15.28000,-9.930709,14.839118,0.688336,-118.286768,-8.639890
15.28500,-9.932442,16.358119,1.266056,-120.299074,-8.534269
15.29000,-9.934131,14.903443,0.244799,-117.917732,-8.373500
15.29500,-9.935777,14.361790,1.906285,-115.640831,-8.258952
15.30000,-9.937383,14.901753,0.186386,-120.792843,-8.516510
15.30500,-9.938948,15.761042,0.394469,-120.050914,-8.492273
15.31000,-9.940475,14.565239,0.016759,-123.401677,-8.473589
15.31500,-9.941963,13.766214,0.640932,-119.480222,-8.470152
15.32000,-9.943414,14.673744,0.605464,-115.873768,-8.597048
15.32500,-9.944828,14.057304,-0.572960,-121.929937,-8.523187
15.33000,-9.946208,14.704239,-0.799001,-120.227907,-8.426236
15.33500,-9.947552,13.829901,0.820229,-121.018518,-8.446152
15.34000,-9.948864,15.881124,1.410246,-120.022346,-8.461150
15.34500,-9.950142,14.850032,0.235621,-121.110708,-8.620078
15.35000,-9.951389,15.305033,-0.330901,-120.226781,-8.553054
15.35500,-9.952604,14.903588,0.215206,-121.871431,-8.580224
15.36000,-9.953789,15.414844,0.306034,-119.028762,-8.314163
15.36500,-9.954944,14.709441,-0.144869,-117.403554,-8.254971
15.37000,-9.956070,14.604103,1.139858,-117.849510,-8.425761
15.37500,-9.957169,14.285692,0.045039,-123.514730,-8.237191
15.38000,-9.958239,14.490979,-0.241235,-116.665314,-8.525575
15.38500,-9.959283,15.452944,-0.157750,-117.965101,-8.526323
15.39000,-9.960301,15.555724,-0.388003,-117.065784,-8.680657
15.39500,-9.961294,14.544430,1.439992,-121.403429,-8.449882
15.40000,-9.962261,13.869232,0.855586,-120.796181,-8.554936
15.40500,-9.963205,15.489118,0.976598,-118.062112,-8.472773
15.41000,-9.964125,14.306170,0.052633,-115.758639,-8.413702
15.41500,-9.965022,14.427051,0.611367,-121.559584,-8.525062
15.42000,-9.965896,14.721358,0.440230,-118.921255,-8.659251
15.42500,-9.966749,15.546228,0.801125,-118.578057,-8.496210
15.43000,-9.967580,15.150442,0.932735,-120.277530,-8.500840
15.43500,-9.968391,14.727414,0.978265,-118.773179,-8.485928
15.44000,-9.969181,13.928566,0.064911,-120.615549,-8.388169
15.44500,-9.969951,14.933492,0.617874,-116.768613,-8.523041
15.45000,-9.970702,15.678292,-0.650031,-122.998354,-8.531123
15.45500,-9.971435,15.026641,0.625890,-118.866591,-8.228210
15.46000,-9.972149,15.379969,-0.115657,-120.629870,-8.328019
15.46500,-9.972845,14.990723,-0.977543,-119.669580,-8.504134
15.47000,-9.973524,14.780340,0.211763,-121.484251,-8.631568
15.47500,-9.974186,15.046213,0.663940,-125.981872,-8.557355
15.48000,-9.974831,14.945201,0.953630,-116.277723,-8.431927
15.48500,-9.975461,16.541059,-0.047524,-117.976256,-8.361750
15.49000,-9.976074,15.096901,-0.208611,-118.631419,-8.124873
15.49500,-9.976672,14.910563,-0.571971,-119.596366,-8.525424
15.50000,-9.977255,14.965251,0.668648,-118.858959,-8.464675
15.50500,-9.977824,15.128411,1.293080,-120.194661,-8.541056
15.51000,-9.978378,15.147700,-0.057785,-119.270122,-8.474555
15.51500,-9.978919,15.521439,0.489217,-116.528131,-8.544118
15.52000,-9.979446,15.503619,0.866262,-120.860485,-8.647315
15.52500,-9.979960,15.140894,-0.375094,-121.373096,-8.330953
15.53000,-9.980461,13.654825,0.532071,-115.508693,-8.465577
15.53500,-9.980949,15.514868,0.681754,-120.567892,-8.290438
15.54000,-9.981426,15.156870,0.237858,-119.045090,-8.560140
15.54500,-9.981890,15.915496,0.065024,-119.893272,-8.444011
15.55000,-9.982343,13.413374,-0.476974,-118.253363,-8.384103
15.55500,-9.982784,15.494946,0.375489,-118.150072,-8.766410
15.56000,-9.983215,13.472383,-0.043956,-119.276124,-8.681924
15.56500,-9.983634,15.008936,0.459273,-121.620846,-8.369114
15.57000,-9.984043,14.758514,0.571659,-121.570878,-8.467036
15.57500,-9.984442,15.553289,0.001402,-119.391201,-8.758975
15.58000,-9.984831,13.606082,1.115600,-115.645619,-8.593168
15.58500,-9.985210,15.464324,-0.762250,-123.385315,-8.640186
15.59000,-9.985580,13.877984,-0.311598,-119.794948,-8.554324
15.59500,-9.985941,14.657567,-0.195289,-118.580544,-8.248424
15.60000,-9.986292,14.536943,0.201942,-120.808901,-8.567852
15.60500,-9.986635,15.334390,-0.626344,-119.097696,-8.175618
15.61000,-9.986969,14.669706,0.694277,-119.824801,-8.519195
15.61500,-9.987295,15.037858,0.155462,-117.904906,-8.591913
15.62000,-9.987612,14.483777,0.387669,-116.063722,-8.245111
15.62500,-9.987922,14.638301,-0.786344,-120.298306,-8.338502
15.63000,-9.988224,14.434839,-0.206921,-118.991309,-8.273485
15.63500,-9.988518,15.227217,0.268868,-118.680862,-8.188334
15.64000,-9.988805,14.532039,0.337871,-119.304031,-8.321106
15.64500,-9.989085,14.301637,0.616738,-119.635708,-8.297236
15.65000,-9.989358,15.405250,0.165304,-124.246844,-8.740790
15.65500,-9.989624,15.239258,-0.143275,-119.470023,-8.606056
15.66000,-9.989884,16.015548,-2.302647,-121.967288,-8.415225
15.66500,-9.990137,14.916438,0.372273,-120.626526,-8.451154
15.67000,-9.990383,15.484194,0.021401,-118.780886,-8.373512
15.67500,-9.990624,14.557427,-0.080934,-118.501789,-8.554117
15.68000,-9.990858,15.625518,0.306408,-120.691291,-8.314831
15.68500,-9.991087,15.950494,-0.314945,-120.732989,-8.178256
15.69000,-9.991309,15.931852,0.387069,-120.352920,-8.394481
15.69500,-9.991527,13.805491,0.435714,-122.007162,-8.356638
15.70000,-9.991738,14.188531,0.312008,-116.449756,-8.406536
15.70500,-9.991945,13.663317,-0.949773,-116.047719,-8.343169
15.71000,-9.992146,15.666831,0.006461,-120.183730,-8.451077
15.71500,-9.992343,15.792099,0.160775,-116.344155,-8.559692
15.72000,-9.992534,14.730950,0.039618,-118.135663,-8.454234
15.72500,-9.992721,14.390046,0.244591,-122.101565,-8.467961
15.73000,-9.992903,14.554034,0.123416,-117.842818,-8.715104
15.73500,-9.993080,14.360388,-0.383719,-118.383540,-8.449804
15.74000,-9.993253,14.568534,1.842129,-119.487669,-8.481465
15.74500,-9.993422,14.446862,-0.512228,-122.945007,-8.454512
15.75000,-9.993586,15.463440,-0.668268,-121.113307,-8.569029
15.75500,-9.993747,16.323755,0.570165,-124.768591,-8.413976
15.76000,-9.993903,14.882620,0.678910,-119.913029,-8.392928
15.76500,-9.994055,15.517479,0.847860,-120.473628,-8.594206
15.77000,-9.994204,16.005560,0.669064,-122.246730,-8.439219
15.77500,-9.994349,15.922568,-1.126798,-122.541867,-8.370636
15.78000,-9.994490,14.845105,-0.694969,-117.019635,-8.376608
15.78500,-9.994628,15.331159,1.108555,-123.121221,-8.628257
15.79000,-9.994762,15.869244,0.742219,-118.314957,-8.644299
15.79500,-9.994893,15.737773,-0.231240,-119.659516,-8.486796
15.80000,-9.995021,15.921833,0.330692,-117.242246,-8.649191
15.80500,-9.995145,14.555160,-0.556708,-123.366165,-8.114743
15.81000,-9.995267,14.999977,-0.384619,-119.667751,-8.615012
15.81500,-9.995385,15.579325,0.153648,-117.235646,-8.613555
15.82000,-9.995500,14.865945,0.629498,-120.255482,-8.396786
15.82500,-9.995613,16.356823,0.893004,-122.928770,-8.565844
15.83000,-9.995723,16.650958,-1.459628,-124.084596,-8.849379
15.83500,-9.995830,14.436405,0.568268,-121.413135,-8.518539
15.84000,-9.995934,14.586940,0.707887,-117.744177,-8.646148
15.84500,-9.996035,14.943709,0.083908,-116.643475,-8.577036
15.85000,-9.996135,15.209912,0.717085,-119.789014,-8.742318
15.85500,-9.996231,15.743740,0.382747,-118.017654,-8.635955
15.86000,-9.996325,16.241183,0.309430,-117.772609,-8.525179
15.86500,-9.996417,14.503772,-1.234108,-118.622564,-8.512874
15.87000,-9.996507,14.943323,0.599047,-121.714836,-8.669894
15.87500,-9.996594,15.538587,-0.567664,-118.365226,-8.610731
15.88000,-9.996679,14.631318,-0.933256,-122.076700,-8.631792
15.88500,-9.996762,15.351437,-0.533536,-119.679936,-8.482816
15.89000,-9.996843,14.069077,0.450894,-118.215453,-8.526923
15.89500,-9.996922,15.233271,0.229754,-117.604889,-8.693138
15.90000,-9.996999,14.915244,0.103927,-120.170924,-8.408462
15.90500,-9.997074,15.294204,0.123446,-117.487645,-8.610806
15.91000,-9.997147,14.271168,0.751093,-116.645819,-8.447303
15.91500,-9.997219,14.470139,1.753702,-117.830421,-8.644191
15.92000,-9.997288,14.625305,0.550757,-119.999094,-8.461626
15.92500,-9.997356,14.075801,-0.274954,-119.229472,-8.524652
15.93000,-9.997422,13.727029,0.019850,-119.845577,-8.498510
15.93500,-9.997487,14.231698,0.572011,-119.775354,-8.431089
15.94000,-9.997549,15.351284,-0.513021,-118.331322,-8.440938
15.94500,-9.997611,14.832692,-0.217895,-117.544131,-8.482141
15.95000,-9.997670,15.147265,0.093048,-119.854905,-8.482464
15.95500,-9.997729,14.937186,1.359208,-118.286771,-8.698487
15.96000,-9.997785,16.135043,0.369507,-119.338091,-8.517579
15.96500,-9.997841,14.687317,-0.973950,-119.542329,-8.836923
15.97000,-9.997895,14.897879,-0.620748,-121.965897,-8.844495
15.97500,-9.997947,15.535867,0.906925,-119.062541,-8.553954
15.98000,-9.997999,15.053521,-1.059984,-120.120515,-8.540531
15.98500,-9.998049,15.169390,-1.347908,-119.258125,-8.281818
15.99000,-9.998097,15.329018,-0.990020,-117.723266,-8.406601
15.99500,-9.998145,14.349590,0.111891,-118.269644,-8.339760
16.00000,-9.993193,14.197972,0.294037,-118.349591,-8.553050
16.00500,-9.983240,14.564464,-1.041518,-120.959768,-8.439519
16.01000,-9.968288,15.592104,-0.524973,-123.311113,-8.330619
16.01500,-9.948335,16.661889,-0.268141,-120.718083,-8.425761
16.02000,-9.923383,14.247175,-0.572305,-119.921413,-8.451217
16.02500,-9.893430,15.185040,-1.789560,-119.466896,-8.487774
16.03000,-9.858478,13.521842,-1.298010,-116.982580,-8.640284
16.03500,-9.818526,14.769950,-2.316749,-119.216170,-8.634205
16.04000,-9.773573,15.052025,-1.935726,-116.785993,-8.712419
16.04500,-9.723621,14.845354,-3.752979,-120.670132,-8.431559
16.05000,-9.668668,13.862943,-4.072782,-122.084091,-8.528992
16.05500,-9.608716,14.398587,-4.205954,-117.881168,-8.583737
16.06000,-9.543763,15.649697,-5.881370,-122.067274,-8.421017
16.06500,-9.473811,14.585818,-6.824270,-122.943381,-8.551771
16.07000,-9.398858,13.958233,-7.915469,-120.701213,-8.296946
16.07500,-9.318906,14.423859,-8.091050,-118.692378,-8.153690
16.08000,-9.233954,13.662236,-10.653310,-116.944981,-8.357699
16.08500,-9.144001,13.788540,-10.835306,-119.122752,-8.511717
16.09000,-9.049049,13.764799,-10.861555,-117.048467,-8.612476
16.09500,-8.949096,13.799236,-11.336758,-118.832416,-8.060484
16.10000,-8.844144,13.466332,-11.239909,-122.040005,-8.268974
16.10500,-8.734191,13.922460,-12.476889,-120.672656,-8.484007
16.11000,-8.619239,12.474821,-13.939759,-121.610643,-8.111511
16.11500,-8.499287,12.485762,-15.574424,-118.179977,-8.487212
16.12000,-8.374334,13.686839,-17.148848,-121.856246,-8.261157
16.12500,-8.244382,12.608467,-15.855304,-120.081422,-8.185161
16.13000,-8.109429,12.619673,-19.379148,-118.400023,-8.153867
16.13500,-7.969477,12.215304,-17.041190,-114.268273,-8.217157
16.14000,-7.824524,12.017106,-19.802540,-114.545058,-7.625251
16.14500,-7.674572,11.394039,-19.302087,-115.955875,-7.982777
16.15000,-7.519619,11.984044,-20.199680,-114.139694,-7.796265
16.15500,-7.359667,11.679975,-20.805077,-114.461108,-7.775085
16.16000,-7.194715,10.869449,-22.026873,-107.441506,-7.942882
16.16500,-7.024762,11.286686,-23.210663,-116.063496,-7.700083
16.17000,-6.849810,11.730348,-23.894521,-116.069059,-7.495992
16.17500,-6.669857,9.490902,-26.016146,-115.013587,-7.291820
16.18000,-6.484905,11.142259,-26.379066,-113.069607,-7.383835
16.18500,-6.294952,9.844060,-26.931251,-109.840546,-7.169926
16.19000,-6.100000,9.713463,-26.874371,-106.111361,-7.164372
16.19500,-5.900048,9.881141,-27.498644,-107.548058,-6.906520
16.20000,-5.695095,9.935865,-29.781681,-106.492193,-7.245675
16.20500,-5.485143,9.229097,-28.771926,-105.066675,-6.651574
16.21000,-5.270190,9.189703,-29.982106,-103.098081,-6.701091
16.21500,-5.050238,7.639486,-31.289591,-104.147786,-6.553621
16.22000,-4.825285,7.348388,-32.015148,-99.497410,-6.749095
16.22500,-4.595333,7.181792,-31.690056,-99.502548,-6.327182
16.23000,-4.360381,7.305501,-33.147655,-97.378732,-5.915024
16.23500,-4.120428,6.534579,-34.189330,-95.156809,-5.493797
16.24000,-3.875476,6.127295,-35.558651,-93.471746,-5.779829
16.24500,-3.625523,6.989764,-35.781160,-91.296727,-5.597614
16.25000,-3.370571,6.030883,-35.489874,-93.031072,-5.241936
16.25500,-3.110618,4.905201,-38.373214,-88.344826,-5.085761
16.26000,-2.845666,6.236112,-38.706477,-90.714614,-5.025654
16.26500,-2.575713,5.849387,-38.665639,-89.880986,-4.764132
16.27000,-2.300761,5.405909,-39.367636,-84.180019,-4.593286
16.27500,-2.020809,2.703969,-39.915383,-80.390321,-4.232732
16.28000,-1.735856,2.989843,-41.776497,-78.037026,-3.992224
16.28500,-1.445904,2.670269,-42.129529,-76.022181,-3.626652
16.29000,-1.159756,3.104935,-43.062766,-72.636557,-3.529853
16.29500,-0.878609,2.938845,-44.663313,-75.753238,-3.338460
16.30000,-0.602461,2.476076,-42.885747,-70.687834,-3.181659
16.30500,-0.331313,1.278107,-43.642500,-67.448960,-2.824670
16.31000,-0.065166,2.008162,-44.728402,-66.049246,-2.872878
16.31500,0.195982,2.262240,-44.397872,-60.950251,-2.149489
16.32000,0.452129,0.546974,-45.102216,-57.649737,-2.182877
16.32500,0.703277,0.816656,-43.625754,-55.396235,-1.757079
16.33000,0.949425,-0.242074,-43.614912,-52.919663,-1.834623
16.33500,1.190572,-2.413282,-42.952374,-45.331152,-1.297646
16.34000,1.426720,-1.507999,-43.200351,-47.055232,-1.131051
16.34500,1.657867,-1.692328,-42.525834,-44.107118,-0.956179
16.35000,1.884015,-1.439331,-41.234890,-38.490835,-0.764174
16.35500,2.105163,-1.612650,-39.737619,-34.071988,-0.530287
16.36000,2.321310,-2.904534,-39.789488,-36.643066,0.142669
16.36500,2.532458,-3.537368,-37.964885,-33.595766,0.321277
16.37000,2.738605,-3.789250,-37.930812,-25.397339,0.419280
16.37500,2.939753,-3.613007,-37.181040,-22.592518,0.696143
16.38000,3.135901,-4.033261,-34.604815,-19.862871,0.819315
16.38500,3.327048,-4.078838,-35.057146,-18.858817,0.911952
16.39000,3.513196,-3.773180,-34.299602,-13.584880,1.177446
16.39500,3.694343,-5.475065,-33.710176,-14.585951,1.612872
16.40000,3.870491,-3.756111,-32.613534,-10.671373,1.934184
16.40500,4.041639,-5.546142,-31.632616,-1.610035,2.028294
16.41000,4.207786,-4.717538,-31.439161,-4.169186,2.571971
16.41500,4.368934,-5.807269,-30.050342,1.505293,2.769185
16.42000,4.525081,-5.694723,-29.216847,6.516969,2.950220
16.42500,4.676229,-6.809830,-27.181608,9.187357,2.888010
16.43000,4.822376,-5.988472,-27.778412,9.546109,3.346882
16.43500,4.963524,-6.842126,-26.556607,13.899563,3.593179
16.44000,5.099672,-7.981839,-25.731762,19.639050,3.617883
16.44500,5.230819,-7.455207,-24.769015,20.737655,3.682763
16.45000,5.356967,-8.055477,-24.045411,28.333409,4.505597
16.45500,5.478114,-7.258619,-21.916639,27.746139,4.500475
16.46000,5.594262,-8.245559,-23.464053,34.994232,4.532245
16.46500,5.705410,-7.505621,-20.898083,34.220546,5.011574
16.47000,5.812774,-7.751777,-21.227607,39.886902,5.107692
16.47500,5.917455,-8.021948,-21.712304,41.208921,5.169362
16.48000,6.019519,-8.949369,-18.615150,43.370172,5.290581
16.48500,6.119031,-7.997361,-19.078088,43.263593,5.522319
16.49000,6.216055,-8.967560,-17.072080,50.149667,5.766217
16.49500,6.310654,-9.166468,-18.236912,51.856957,5.686150
16.50000,6.402887,-8.501404,-17.297452,55.145349,5.764929
16.50500,6.492815,-9.648714,-16.122799,55.890146,6.005848
16.51000,6.580495,-8.673929,-15.361915,57.617251,5.597369
16.51500,6.665982,-9.067843,-17.519410,60.066074,6.142624
16.52000,6.749333,-9.331920,-16.301161,64.303460,6.162484
16.52500,6.830599,-9.942001,-13.766930,68.804574,6.310270
16.53000,6.909834,-10.389325,-13.267166,68.453376,6.366488
16.53500,6.987089,-9.850472,-14.011713,69.057812,6.521161
16.54000,7.062411,-11.024311,-13.343584,71.779776,6.554564
16.54500,7.135851,-10.186731,-14.403655,73.195796,6.611778
16.55000,7.207455,-11.098570,-12.548743,74.176347,6.638371
16.55500,7.277268,-9.825998,-12.712876,78.732005,6.779508
16.56000,7.345337,-10.645043,-12.324658,80.010254,6.679197
16.56500,7.411703,-10.146374,-11.538576,82.418337,6.947988
16.57000,7.476411,-11.600271,-11.970061,88.872154,6.578334
16.57500,7.539500,-11.036004,-10.671132,88.537486,6.898707
16.58000,7.601013,-11.559169,-11.636287,91.192741,6.965230
16.58500,7.660988,-11.345946,-10.855671,89.712940,6.727318
16.59000,7.719463,-12.094958,-11.520841,91.664507,6.877153
16.59500,7.776476,-10.790878,-9.902266,90.794834,7.163218
16.60000,7.832064,-12.055866,-11.386710,90.080824,6.956879
16.60500,7.886263,-11.288433,-10.385156,91.705001,6.855608
16.61000,7.939106,-11.314412,-9.021429,95.439010,6.546513
16.61500,7.990629,-10.844911,-9.891631,98.326894,7.062374
16.62000,8.040863,-11.431127,-10.501519,103.096866,7.033563
16.62500,8.089841,-13.026758,-8.300805,99.224455,7.117265
16.63000,8.137595,-12.518948,-7.490040,97.101848,7.341952
16.63500,8.184155,-12.888100,-7.854781,100.416399,7.032950
16.64000,8.229552,-12.995162,-8.644933,103.109758,7.057585
16.64500,8.273813,-12.920682,-8.306614,100.382283,6.935722
16.65000,8.316967,-11.810929,-7.503840,102.538551,7.034077
16.65500,8.359043,-11.917778,-6.872026,105.297055,7.042120
16.66000,8.400067,-12.221687,-7.298776,105.125599,7.164988
16.66500,8.440065,-13.209824,-7.376125,106.391687,7.137910
16.67000,8.479064,-12.899492,-6.467759,106.160626,6.940974
16.67500,8.517087,-12.206242,-6.666833,106.500146,6.989755
16.68000,8.554160,-12.490543,-5.661660,109.892508,7.278169
16.68500,8.590306,-13.493264,-6.725200,109.352317,6.927839
16.69000,8.625548,-12.699680,-5.408455,108.388534,7.195674
16.69500,8.659910,-12.798628,-6.098336,109.335846,7.337913
16.70000,8.693412,-11.865460,-5.165441,108.444075,7.199449
16.70500,8.726077,-13.136883,-6.145296,108.748498,7.149137
16.71000,8.757925,-14.754495,-6.231839,110.003032,7.330729
16.71500,8.788977,-12.818831,-6.302332,109.835816,7.189727
16.72000,8.819252,-12.353582,-5.278775,114.992248,7.148947
16.72500,8.848771,-14.204451,-6.386000,110.362760,7.135163
16.73000,8.877552,-12.587015,-4.826198,110.904315,7.358405
16.73500,8.905613,-12.453843,-4.771900,114.680610,7.307641
16.74000,8.932973,-13.133036,-5.650063,108.398093,7.456805
16.74500,8.959648,-13.676700,-5.899264,110.706625,7.190711
16.75000,8.985657,-13.317310,-3.620126,113.238861,7.216144
16.75500,9.011016,-13.594774,-5.009462,111.133633,7.220424
16.76000,9.035740,-13.241581,-5.030849,110.680662,7.353742
16.76500,9.059847,-12.645798,-4.928561,109.088240,7.230459
16.77000,9.083351,-13.359633,-3.637166,110.941138,7.503347
16.77500,9.106267,-13.861152,-3.691889,109.464136,7.440635
16.78000,9.128610,-13.092909,-3.489117,113.194825,7.266782
16.78500,9.150395,-13.808519,-4.584486,112.224036,6.992512
16.79000,9.171635,-14.682624,-3.223079,110.460440,7.195101
16.79500,9.192344,-13.489641,-4.224192,113.520251,7.722523
16.80000,9.212535,-12.448640,-3.868631,108.981407,7.523537
16.80500,9.232222,-14.000964,-3.675667,109.327873,7.585511
16.81000,9.251417,-13.628092,-4.476732,112.718580,7.528563
16.81500,9.270131,-14.741557,-3.267370,111.756959,7.684040
16.82000,9.288378,-13.906322,-3.235113,108.787298,7.361453
16.82500,9.306168,-14.079336,-3.812570,109.631805,7.379864
16.83000,9.323514,-13.736294,-2.815026,110.727539,7.465916
16.83500,9.340426,-13.900193,-2.714614,109.883682,7.756025
16.84000,9.356916,-14.059272,-3.097601,111.687106,7.883255
16.84500,9.372993,-13.427164,-1.880361,111.043194,7.877950
16.85000,9.388668,-14.420274,-3.130064,112.320376,7.815511
16.85500,9.403951,-14.710536,-3.374742,111.185560,7.668120
16.86000,9.418852,-13.308655,-3.690442,112.098340,8.013269
16.86500,9.433381,-13.669619,-2.116211,110.482306,7.876352
16.87000,9.447547,-14.700216,-2.860092,112.233172,7.943212
16.87500,9.461358,-14.914017,-2.834540,112.198058,7.961213
16.88000,9.474824,-14.891397,-1.626821,112.987297,7.926424
16.88500,9.487953,-12.659039,-3.213832,112.293782,7.912103
16.89000,9.500755,-13.692922,-2.542993,110.803760,7.956091
16.89500,9.513236,-14.008158,-2.742227,111.547979,7.872037
16.90000,9.525405,-13.731812,-3.245703,114.467197,8.128987
16.90500,9.537270,-13.843379,-2.951908,111.269745,8.085592
16.91000,9.548838,-12.625472,-2.229706,112.034186,8.287380
16.91500,9.560117,-13.856918,-2.116535,115.288351,7.874790
16.92000,9.571114,-13.939975,-2.094595,113.400103,8.348115
16.92500,9.581836,-14.474473,-2.520068,113.585149,8.175420
16.93000,9.592290,-13.693245,-2.980032,110.402113,8.177653
16.93500,9.602483,-14.071434,-2.639899,110.467269,8.094657
16.94000,9.612421,-14.211924,-1.148252,113.034086,8.107026
16.94500,9.622110,-16.152009,-3.003311,116.983704,8.016931
16.95000,9.631558,-14.507789,-2.999601,108.900176,8.394197
16.95500,9.640769,-14.987422,-1.485851,109.250751,8.235711
16.96000,9.649750,-13.934466,-1.510329,114.056150,8.388191
16.96500,9.658506,-15.756928,-2.112083,113.536707,8.414477
16.97000,9.667043,-14.844752,-1.492833,111.076371,8.220621
16.97500,9.675367,-15.196478,-2.770029,115.129735,8.268322
16.98000,9.683483,-14.454293,-1.326384,113.769081,8.259004
16.98500,9.691396,-14.364968,-1.515318,112.501727,8.474588
16.99000,9.699111,-14.210385,-2.059059,113.456767,8.343504
16.99500,9.706633,-14.890820,-1.958125,112.635581,8.354027
17.00000,9.713967,-14.734954,-1.143761,114.532831,8.442479
17.00500,9.721118,-15.356422,-0.785425,112.570723,8.324556
17.01000,9.728090,-14.417862,-1.336541,111.814300,8.650979
17.01500,9.734888,-14.987946,0.277535,112.813000,8.200060
17.02000,9.741516,-13.771658,-2.016091,115.215633,8.535004
17.02500,9.747978,-13.160182,-1.283995,116.934295,8.559544
17.03000,9.754278,-15.616383,-1.339755,113.410922,8.172216
17.03500,9.760421,-14.644444,-1.308718,112.753563,8.478901
17.04000,9.766411,-15.434819,-0.989676,115.631340,8.390626
17.04500,9.772251,-15.405199,-1.638237,117.478142,8.480873
17.05000,9.777944,-14.514268,-0.410771,114.510366,8.164689
17.05500,9.783496,-14.317919,-1.289212,118.588760,8.384958
17.06000,9.788908,-14.834706,-0.859352,113.966441,8.197891
17.06500,9.794186,-14.089747,-1.137432,118.699535,8.296299
17.07000,9.799331,-14.631595,-1.106416,117.300900,8.562883
17.07500,9.804348,-15.039432,-0.184621,112.476796,8.324971
17.08000,9.809239,-13.539085,-2.028829,117.239145,8.001221
17.08500,9.814008,-14.300716,-0.850875,115.806022,8.130631
17.09000,9.818658,-14.665145,-2.720650,116.033658,8.169395
17.09500,9.823191,-14.168838,-0.770761,115.006653,8.497604
17.10000,9.827612,-14.116251,-1.484543,116.691277,8.235559
17.10500,9.831921,-14.809454,-0.589536,115.416018,8.103934
17.11000,9.836123,-14.001596,-0.730413,117.179808,8.511447
17.11500,9.840220,-15.775979,0.072592,119.225864,8.379018
17.12000,9.844215,-15.542796,-0.374466,119.988154,8.392874
17.12500,9.848109,-14.626344,-0.179895,119.549275,8.218769
17.13000,9.851907,-15.607794,0.122585,119.179964,8.558636
17.13500,9.855609,-13.711543,-1.100115,118.374488,8.322457
17.14000,9.859219,-14.787851,0.191833,117.153981,8.040605
17.14500,9.862738,-14.105074,-0.267791,115.349789,8.168854
17.15000,9.866170,-14.707051,0.633663,119.874021,8.214851
17.15500,9.869516,-15.080318,-1.444624,116.954894,8.319936
17.16000,9.872778,-14.925488,-0.144825,118.347714,8.462479
17.16500,9.875958,-14.199290,-0.714112,115.210300,8.236429
17.17000,9.879059,-14.975457,-0.850423,119.052374,8.257392
17.17500,9.882083,-16.108122,-1.054265,121.091066,8.687266
17.18000,9.885031,-13.865407,1.016219,118.109474,8.365668
17.18500,9.887905,-15.037642,-0.920285,120.254782,8.274660
17.19000,9.890707,-14.989128,-0.548008,118.143212,8.362807
17.19500,9.893440,-14.944994,-1.563241,118.868122,8.169363
17.20000,9.896104,-15.469224,-2.623857,117.603375,8.444785
17.20500,9.898701,-16.578756,-0.234535,113.114228,8.513801
17.21000,9.901234,-15.208982,0.623571,119.477504,8.280275
17.21500,9.903703,-15.278326,-0.706747,119.789262,8.525086
17.22000,9.906110,-14.728012,-1.618761,120.040749,8.331246
17.22500,9.908457,-14.750538,-1.181723,122.430983,8.422964
17.23000,9.910746,-15.143826,0.234171,120.854436,8.269338
17.23500,9.912977,-15.378807,-0.652855,119.955399,8.263864
17.24000,9.915153,-13.754594,0.758505,117.675035,8.160929
17.24500,9.917274,-14.576607,-1.112901,125.145371,8.426858
17.25000,9.919342,-14.884693,0.520616,116.326514,8.353709
17.25500,9.921359,-15.813774,-1.843538,118.376789,8.362128
17.26000,9.923325,-15.276598,-0.726168,118.183164,8.232333
17.26500,9.925242,-14.867917,-1.863562,121.476195,8.230123
17.27000,9.927111,-15.615640,0.395990,119.977125,8.315615
17.27500,9.928933,-15.414197,0.294696,120.433524,8.487436
17.28000,9.930709,-15.578236,0.048356,115.696832,8.465433
17.28500,9.932442,-15.070792,-0.388256,118.277329,8.319035
17.29000,9.934131,-14.693678,-0.584455,121.550182,8.471555
17.29500,9.935777,-15.026749,-1.066853,118.362791,8.698442
17.30000,9.937383,-15.098565,-0.449726,116.843795,8.449886
17.30500,9.938948,-14.675054,-0.560749,119.884593,8.745588
17.31000,9.940475,-14.367862,0.348528,118.251612,8.506556
17.31500,9.941963,-16.839682,-0.937532,119.493036,8.646720
17.32000,9.943414,-15.606443,-1.835456,120.250961,8.366041
17.32500,9.944828,-15.128139,0.252196,117.474759,8.628770
17.33000,9.946208,-14.721632,-0.140868,119.446759,8.271844
17.33500,9.947552,-16.433101,0.785671,122.370837,8.492416
17.34000,9.948864,-15.225498,0.101999,119.026908,8.406860
17.34500,9.950142,-14.116538,0.362555,119.126851,8.155844
17.35000,9.951389,-14.972362,-1.267475,118.409885,8.254610
17.35500,9.952604,-14.857303,0.449031,120.298941,8.637722
17.36000,9.953789,-14.338505,0.076927,120.686634,8.541947
17.36500,9.954944,-14.511585,1.227330,117.786546,8.666713
17.37000,9.956070,-15.426550,0.164413,119.890005,8.500795
17.37500,9.957169,-14.828025,-0.181333,123.115230,8.029818
17.38000,9.958239,-15.452370,-1.258165,116.204163,8.512397
17.38500,9.959283,-14.623717,0.205961,121.725098,8.388798
17.39000,9.960301,-14.485098,1.029571,121.513789,8.400149
17.39500,9.961294,-14.303560,-0.351795,116.453369,8.409578
17.40000,9.962261,-14.697023,-0.787774,116.201542,8.362356
17.40500,9.963205,-16.678892,0.264759,118.457231,8.333810
17.41000,9.964125,-15.021146,-0.647031,122.530431,8.670558
17.41500,9.965022,-15.511589,0.478123,118.296786,8.549964
17.42000,9.965896,-14.472844,-0.112303,119.699012,8.382780
17.42500,9.966749,-14.220034,0.707222,119.877955,8.418627
17.43000,9.967580,-14.757361,0.515500,119.456088,8.632076
17.43500,9.968391,-15.287827,0.049441,123.793906,8.541991
17.44000,9.969181,-14.655436,0.603848,120.219396,8.513928
17.44500,9.969951,-14.414610,-0.769304,117.181311,8.297282
17.45000,9.970702,-14.194821,0.329870,120.250287,8.418227
17.45500,9.971435,-14.271540,-0.197414,120.988244,8.311368
17.46000,9.972149,-15.118447,0.080614,117.381898,8.192142
17.46500,9.972845,-14.831448,1.084314,120.029300,8.620945
17.47000,9.973524,-14.937870,-0.618605,118.371809,8.434369
17.47500,9.974186,-14.161180,0.134335,116.890528,8.421404
17.48000,9.974831,-15.942291,0.176359,117.728399,8.337613
17.48500,9.975461,-15.987335,0.373865,121.325493,8.599417
17.49000,9.976074,-14.238660,-0.282609,119.281766,8.803000
17.49500,9.976672,-14.240892,0.676001,116.177551,8.572738
17.50000,9.977255,-14.513360,1.023193,121.157150,8.625080
17.50500,9.977824,-15.055289,-0.616595,118.986396,8.293022
17.51000,9.978378,-14.325495,-0.475219,113.443203,8.509619
17.51500,9.978919,-15.014228,0.351768,117.353915,8.515868
17.52000,9.979446,-15.396563,0.836848,114.668405,8.709626
17.52500,9.979960,-14.540178,-0.172509,118.323034,8.483478
17.53000,9.980461,-15.717249,0.278830,125.426875,8.337817
17.53500,9.980949,-14.751549,-1.129044,123.929970,8.471454
17.54000,9.981426,-15.138775,-1.028591,120.219794,8.415042
17.54500,9.981890,-14.905736,-0.881638,117.863726,8.701754
17.55000,9.982343,-13.785116,1.286719,117.182846,8.582415
17.55500,9.982784,-15.891276,1.867359,118.091887,8.532860
17.56000,9.983215,-14.761174,-0.681829,120.179340,8.508052
17.56500,9.983634,-14.184887,-0.058535,122.326900,8.609284
17.57000,9.984043,-14.394256,0.363447,119.794133,8.405562
17.57500,9.984442,-14.708717,0.515905,122.326059,8.340268
17.58000,9.984831,-15.566853,-0.180615,119.426080,8.193295
17.58500,9.985210,-14.076833,0.018239,115.288931,8.661330
17.59000,9.985580,-15.251222,-1.377340,120.383766,8.557485
17.59500,9.985941,-13.675803,-0.151736,121.868282,8.578288
17.60000,9.986292,-14.983652,-0.974870,120.963324,8.486812
17.60500,9.986635,-14.310133,-0.642800,122.059637,8.734043
17.61000,9.986969,-14.384144,-0.187452,117.794257,8.330815
17.61500,9.987295,-15.308137,-1.244762,119.187061,8.664347
17.62000,9.987612,-15.026639,-0.842564,119.817768,8.352136
17.62500,9.987922,-14.219615,-0.032805,120.512791,8.412029
17.63000,9.988224,-15.252671,0.392713,120.988267,8.295561
17.63500,9.988518,-14.434066,0.220655,121.859754,8.495197
17.64000,9.988805,-15.146228,0.543239,118.935178,8.437401
17.64500,9.989085,-14.554980,-0.580292,117.559775,8.547720
17.65000,9.989358,-14.865095,0.468559,118.861757,8.392803
17.65500,9.989624,-14.812634,-0.161561,119.386473,8.269961
17.66000,9.989884,-14.114304,0.044640,118.868537,8.569339
17.66500,9.990137,-15.554017,-0.269282,117.854729,8.679523
17.67000,9.990383,-15.614938,-0.337975,121.673851,8.595785
17.67500,9.990624,-16.209756,-0.298538,121.883383,8.475549
17.68000,9.990858,-12.970020,0.131458,121.927962,8.545873
17.68500,9.991087,-15.267230,0.433353,121.487474,8.225433
17.69000,9.991309,-14.231136,-0.499908,120.989525,8.433951
17.69500,9.991527,-15.199332,0.504792,118.905601,8.662450
17.70000,9.991738,-15.307866,-0.792007,119.012846,8.555962
17.70500,9.991945,-15.512869,0.056799,120.476702,8.355906
17.71000,9.992146,-13.609088,0.342001,115.973566,8.617276
17.71500,9.992343,-15.516429,0.444739,120.399227,8.466858
17.72000,9.992534,-15.649496,0.051825,115.717102,8.599003
17.72500,9.992721,-14.717636,-0.177605,123.761727,8.273129
17.73000,9.992903,-14.590869,0.051598,121.226668,8.408009
17.73500,9.993080,-14.741095,-1.223662,118.570638,8.538402
17.74000,9.993253,-15.656391,0.222879,119.851907,8.535431
17.74500,9.993422,-14.928335,-0.341290,118.829736,8.574109
17.75000,9.993586,-14.428491,-1.577723,123.178042,8.488425
17.75500,9.993747,-15.460645,-0.452541,122.274595,8.460225
17.76000,9.993903,-13.927724,-0.257638,120.135328,8.562782
17.76500,9.994055,-15.329462,0.227974,118.881028,8.623065
17.77000,9.994204,-14.676232,-0.520806,121.204360,8.260588
17.77500,9.994349,-14.855807,-0.120778,120.523180,8.442933
17.78000,9.994490,-15.197310,-1.225466,119.880624,8.461242
17.78500,9.994628,-14.300341,-1.156240,118.885413,8.516682
17.79000,9.994762,-15.916451,-0.298516,116.714415,8.647194
17.79500,9.994893,-15.035026,0.269704,117.103100,8.290723
17.80000,9.995021,-15.787256,-0.657433,118.444533,8.574644
17.80500,9.995145,-14.700042,-0.088613,116.537386,8.229887
17.81000,9.995267,-16.196899,-0.708844,117.994087,8.379062
17.81500,9.995385,-14.554290,1.214303,123.750127,8.414624
17.82000,9.995500,-15.403826,-0.455672,120.050083,8.453121
17.82500,9.995613,-14.381661,-0.257561,121.466142,8.401272
17.83000,9.995723,-15.249128,1.188970,118.750178,8.416387
17.83500,9.995830,-13.940391,0.722834,122.827732,8.442831
17.84000,9.995934,-15.138950,-0.128367,120.274066,8.453730
17.84500,9.996035,-15.216993,0.429987,121.700469,8.214406
17.85000,9.996135,-15.381284,-0.191684,122.340288,8.281916
17.85500,9.996231,-15.274632,0.748270,120.945192,8.428677
17.86000,9.996325,-15.957859,-0.948597,124.101631,8.575578
17.86500,9.996417,-14.894294,-0.883029,118.063412,8.647962
17.87000,9.996507,-16.157220,-0.304043,119.327510,8.929183
17.87500,9.996594,-15.076266,-0.541789,121.074934,8.511834
17.88000,9.996679,-15.347032,-1.053995,119.830874,8.375833
17.88500,9.996762,-15.247052,-0.297110,120.997132,8.522577
17.89000,9.996843,-15.566750,-0.014433,124.624672,8.599021
17.89500,9.996922,-15.214933,0.493058,119.399037,8.516604
17.90000,9.996999,-15.098299,1.311543,120.610465,8.334428
17.90500,9.997074,-14.896564,-0.356311,118.935119,8.480182
17.91000,9.997147,-14.054733,-1.690265,118.304087,8.489185
17.91500,9.997219,-15.233165,0.025686,115.987462,8.281508
17.92000,9.997288,-14.523524,-1.109449,121.044097,8.311997
17.92500,9.997356,-14.432128,-0.643852,122.993082,8.677603
17.93000,9.997422,-14.473693,-0.745979,120.113174,8.156889
17.93500,9.997487,-15.141693,-0.877070,122.595202,8.520973
17.94000,9.997549,-13.680546,0.055077,117.227912,8.455767
17.94500,9.997611,-15.962874,0.689491,119.645628,8.705933
17.95000,9.997670,-15.389881,0.569573,119.717481,8.587898
17.95500,9.997729,-14.799971,0.022342,121.589829,8.364015
17.96000,9.997785,-15.446972,0.760470,120.135114,8.686376
17.96500,9.997841,-14.910740,0.887260,121.173041,8.409999
17.97000,9.997895,-14.581401,0.639451,123.154669,8.797200
17.97500,9.997947,-15.041453,-0.824723,117.688777,8.746416
17.98000,9.997999,-15.214550,0.218357,119.784747,8.483022
17.98500,9.998049,-14.687610,-1.016685,120.858000,8.612503
17.99000,9.998097,-15.243525,0.612414,118.616658,8.523084
17.99500,9.998145,-15.382084,-1.069204,120.804460,8.358309
18.00000,9.993193,-16.153536,0.318763,116.308524,8.656563
18.00500,9.983240,-14.583876,0.538158,117.876831,8.559859
18.01000,9.968288,-13.882806,0.893386,119.463385,8.624240
18.01500,9.948335,-15.659423,1.566266,116.180636,8.657413
18.02000,9.923383,-15.392390,0.180628,124.568750,8.709230
18.02500,9.893430,-14.100260,-0.339966,123.942635,8.651271
18.03000,9.858478,-15.751791,1.680524,122.634355,8.479648
18.03500,9.818526,-15.550564,3.058999,121.739727,8.504694
18.04000,9.773573,-14.529225,2.520952,121.873047,8.551504
18.04500,9.723621,-14.779929,3.972953,119.356574,8.467316
18.05000,9.668668,-14.320548,4.974717,119.397120,8.445356
18.05500,9.608716,-15.614969,6.066496,115.515514,8.757182
18.06000,9.543763,-14.098968,4.795015,121.741725,8.542257
18.06500,9.473811,-14.963730,7.037662,119.307008,8.746177
18.07000,9.398858,-13.675461,8.297501,115.433074,8.332009
18.07500,9.318906,-13.791151,8.128947,117.738559,8.429353
18.08000,9.233954,-14.569544,11.028219,120.443682,8.354621
18.08500,9.144001,-13.376778,11.001364,115.804007,8.343689
18.09000,9.049049,-14.130691,10.966975,117.960921,8.338538
18.09500,8.949096,-14.524582,12.851038,114.262657,8.340315
18.10000,8.844144,-14.006376,12.686542,117.618161,8.266624
18.10500,8.734191,-14.484725,13.833493,118.232677,8.575170
18.11000,8.619239,-13.587544,13.880004,113.018419,8.371288
18.11500,8.499287,-13.916418,15.072195,116.160409,8.119283
18.12000,8.374334,-12.341628,14.959309,118.383229,8.108207
18.12500,8.244382,-13.623085,15.716502,116.288060,8.257958
18.13000,8.109429,-11.935788,17.530479,119.774088,8.177977
18.13500,7.969477,-12.076087,17.686805,118.038831,7.949365
18.14000,7.824524,-13.455652,18.671123,118.140879,8.122445
18.14500,7.674572,-12.259366,20.607377,112.547779,7.702688
18.15000,7.519619,-12.133866,22.226782,112.586317,7.779179
18.15500,7.359667,-12.141571,21.853607,114.644973,8.037836
18.16000,7.194715,-11.643116,22.647921,114.353012,7.304312
18.16500,7.024762,-9.950984,22.703494,111.403789,7.583119
18.17000,6.849810,-11.151564,24.897536,111.274096,7.673572
18.17500,6.669857,-11.589514,23.175665,108.849000,7.407352
18.18000,6.484905,-11.144310,24.337030,108.995284,7.210595
18.18500,6.294952,-10.620675,25.826156,109.904418,7.087830
18.19000,6.100000,-8.517444,28.135582,111.111260,6.795897
18.19500,5.900048,-10.062544,27.989706,108.193534,6.792183
18.20000,5.695095,-8.493277,28.963837,107.759095,6.878904
18.20500,5.485143,-10.115480,29.494133,104.851761,6.653540
18.21000,5.270190,-9.171921,30.495841,104.545053,6.602443
18.21500,5.050238,-8.810592,30.484062,104.208925,6.440736
18.22000,4.825285,-8.525607,32.486097,98.853206,6.359503
18.22500,4.595333,-7.731752,30.991077,101.392079,5.913002
18.23000,4.360381,-7.308429,33.065526,99.092140,5.958780
18.23500,4.120428,-7.355066,34.602788,98.400195,5.789901
18.24000,3.875476,-7.785181,33.941108,95.546162,5.624032
18.24500,3.625523,-6.426345,37.049702,91.468951,5.361211
18.25000,3.370571,-6.213622,37.965884,90.188599,4.982912
18.25500,3.110618,-5.383961,37.808913,89.332200,5.222418
18.26000,2.845666,-6.044382,37.793599,81.992121,5.057642
18.26500,2.575713,-4.220163,39.980785,83.586607,5.094714
18.27000,2.300761,-4.462684,40.590307,81.974638,4.643643
18.27500,2.020809,-5.086717,41.099422,79.976485,4.572787
18.28000,1.735856,-3.332803,42.243837,76.817864,4.200677
18.28500,1.445904,-4.116450,42.780450,74.367184,3.834237
18.29000,1.159756,-3.505566,43.933128,73.690595,3.742282
18.29500,0.878609,-2.805072,43.833352,70.530291,3.261914
18.30000,0.602461,-1.998024,43.563865,72.134127,3.240819
18.30500,0.331313,-0.232904,44.387748,66.770975,2.949039
18.31000,0.065166,-1.491628,43.712358,64.001367,2.563179
18.31500,-0.195982,-0.571259,43.601868,63.217636,2.660055
18.32000,-0.452129,-0.205665,44.983213,58.524418,2.393611
18.32500,-0.703277,-0.276051,44.605442,55.823594,2.040272
18.33000,-0.949425,-0.720814,43.594543,55.455294,1.836522
18.33500,-1.190572,0.697567,43.932377,52.083434,1.702229
18.34000,-1.426720,-0.296503,42.028656,46.614562,1.171359
18.34500,-1.657867,1.666763,42.202608,41.237269,0.723377
18.35000,-1.884015,0.822467,39.706714,39.624669,0.518656
18.35500,-2.105163,2.333542,40.880025,38.927694,0.501950
18.36000,-2.321310,3.170636,38.314246,31.134305,0.165011
18.36500,-2.532458,2.337139,39.078345,30.701931,-0.360528
18.37000,-2.738605,3.547581,37.803529,28.003958,-0.201934
18.37500,-2.939753,4.243597,38.640004,21.670183,-0.633730
18.38000,-3.135901,3.079581,36.085841,24.049205,-0.685351
18.38500,-3.327048,2.709654,35.340971,17.674523,-1.019544
18.39000,-3.513196,3.989333,32.987986,11.635629,-1.514530
18.39500,-3.694343,4.880381,32.402749,9.401069,-1.690023
18.40000,-3.870491,4.302582,31.985385,9.029031,-2.067840
18.40500,-4.041639,5.255280,31.226073,7.652500,-2.332407
18.41000,-4.207786,5.679925,30.169592,2.031228,-2.494817
18.41500,-4.368934,6.270870,29.890852,-1.548625,-2.613934
18.42000,-4.525081,6.826755,29.231197,-5.699744,-2.717477
18.42500,-4.676229,6.566682,26.717041,-5.246524,-3.288880
18.43000,-4.822376,5.993167,28.280570,-9.242930,-3.271982
18.43500,-4.963524,6.581877,27.952933,-18.600430,-3.590133
18.44000,-5.099672,5.941727,26.515483,-18.458999,-3.841109
18.44500,-5.230819,7.667072,24.242333,-20.542770,-3.842447
18.45000,-5.356967,8.804874,24.250250,-25.365336,-4.265474
18.45500,-5.478114,6.750016,23.951520,-27.199002,-4.195020
18.46000,-5.594262,8.187558,22.009511,-29.883797,-4.638463
18.46500,-5.705410,8.508234,21.606961,-36.250790,-4.904964
18.47000,-5.812774,10.197082,20.095973,-34.703566,-4.819300
18.47500,-5.917455,9.742307,21.645714,-40.069218,-5.318508
18.48000,-6.019519,8.301275,18.284554,-41.084466,-5.432288
18.48500,-6.119031,9.393632,19.260774,-45.630034,-5.428283
18.49000,-6.216055,9.395454,17.754349,-49.219685,-5.539319
18.49500,-6.310654,7.873856,17.793156,-48.983671,-5.712404
18.50000,-6.402887,9.285294,16.925478,-53.710179,-6.095237
18.50500,-6.492815,9.159770,16.280960,-53.832782,-6.115501
18.51000,-6.580495,10.576096,16.822855,-58.439017,-5.945158
18.51500,-6.665982,9.455922,14.954306,-57.650787,-6.043321
18.52000,-6.749333,10.063086,14.841534,-66.289731,-6.373298
18.52500,-6.830599,10.856314,14.767908,-66.839310,-6.268205
18.53000,-6.909834,10.679406,13.911058,-70.909242,-6.358954
18.53500,-6.987089,9.303916,12.508433,-73.814084,-6.311182
18.54000,-7.062411,10.237592,13.184750,-73.284900,-6.645175
18.54500,-7.135851,10.614884,14.614901,-78.854890,-6.375838
18.55000,-7.207455,10.835993,13.224413,-77.983299,-6.699850
18.55500,-7.277268,10.437224,13.178014,-76.997798,-6.486515
18.56000,-7.345337,11.353767,12.367910,-80.444749,-6.611464
18.56500,-7.411703,10.336090,13.312276,-84.483426,-6.946484
18.57000,-7.476411,10.639044,10.823780,-85.613999,-6.877118
18.57500,-7.539500,11.995268,12.273062,-85.236994,-6.819212
18.58000,-7.601013,10.940695,11.835080,-85.039533,-6.737003
18.58500,-7.660988,10.298201,11.565441,-90.354224,-7.126130
18.59000,-7.719463,12.259201,10.209212,-91.001690,-7.013393
18.59500,-7.776476,10.551498,10.899719,-91.609667,-6.861608
18.60000,-7.832064,11.038690,10.236975,-94.327730,-6.899151
18.60500,-7.886263,11.753292,10.063051,-94.439128,-7.144527
18.61000,-7.939106,12.206469,10.217474,-95.796347,-7.132367
18.61500,-7.990629,12.268629,8.774898,-94.725702,-6.940105
18.62000,-8.040863,12.500647,9.041973,-99.774655,-7.168277
18.62500,-8.089841,12.440551,8.362172,-99.376944,-6.983756
18.63000,-8.137595,12.391796,9.007541,-99.760281,-6.885111
18.63500,-8.184155,12.116730,9.590545,-102.880526,-7.026035
18.64000,-8.229552,11.952074,9.234337,-102.891869,-7.439170
18.64500,-8.273813,11.855670,7.605092,-103.028793,-6.857116
18.65000,-8.316967,13.804755,8.241426,-106.743882,-6.863607
18.65500,-8.359043,12.954715,8.432152,-105.409713,-6.826207
18.66000,-8.400067,12.610253,6.872567,-107.387012,-6.914209
18.66500,-8.440065,13.281995,8.081239,-106.681977,-7.303852
18.67000,-8.479064,12.915841,7.401537,-107.585891,-6.837278
18.67500,-8.517087,13.019812,7.370133,-107.700545,-7.004761
18.68000,-8.554160,12.843293,5.642441,-105.685762,-6.919961
18.68500,-8.590306,13.135641,7.019764,-104.999524,-7.093130
18.69000,-8.625548,12.921648,7.414729,-106.245442,-7.113477
18.69500,-8.659910,11.999589,5.602051,-110.008228,-7.120769
18.70000,-8.693412,13.079318,5.994625,-107.991199,-6.852030
18.70500,-8.726077,13.373944,5.362605,-111.604557,-7.063604
18.71000,-8.757925,13.041515,5.342552,-108.072212,-7.148098
18.71500,-8.788977,12.907592,4.276078,-107.957783,-7.325067
18.72000,-8.819252,13.258903,5.584836,-110.426919,-7.073602
18.72500,-8.848771,13.132232,4.990816,-109.825484,-7.159088
18.73000,-8.877552,12.468840,5.909321,-108.385898,-7.154193
18.73500,-8.905613,13.213133,5.773454,-108.727221,-7.046240
18.74000,-8.932973,12.801641,4.888309,-111.543220,-7.105860
18.74500,-8.959648,12.502543,4.159186,-112.028298,-7.236038
18.75000,-8.985657,13.649781,4.915707,-114.117110,-7.225672
18.75500,-9.011016,13.598339,5.012149,-111.425271,-7.267832
18.76000,-9.035740,14.029069,5.211592,-112.032708,-7.196562
18.76500,-9.059847,13.315231,5.487619,-110.886072,-7.225697
18.77000,-9.083351,13.840448,3.223948,-109.771108,-7.335328
18.77500,-9.106267,13.658560,3.791210,-113.891013,-7.513711
18.78000,-9.128610,13.989599,3.993876,-112.607857,-7.282854
18.78500,-9.150395,13.113649,4.451115,-111.781723,-7.302567
18.79000,-9.171635,14.290362,2.854558,-114.423081,-7.631107
18.79500,-9.192344,13.249596,3.214248,-111.535831,-7.438895
18.80000,-9.212535,12.421349,4.127167,-112.186218,-7.586584
18.80500,-9.232222,13.730405,2.927432,-110.440720,-7.890442
18.81000,-9.251417,12.816330,1.946630,-109.808618,-7.595398
18.81500,-9.270131,14.476064,4.096748,-109.766043,-7.474797
18.82000,-9.288378,13.043644,3.671774,-111.758698,-7.761151
18.82500,-9.306168,13.940973,4.111079,-110.739636,-7.788066
18.83000,-9.323514,12.823362,3.325329,-110.832341,-7.556264
18.83500,-9.340426,14.201250,2.281811,-109.107287,-7.909331
18.84000,-9.356916,14.914174,2.140834,-115.109214,-7.915276
18.84500,-9.372993,13.774370,3.096665,-111.843768,-7.850312
18.85000,-9.388668,14.812153,1.666628,-112.928656,-7.736534
18.85500,-9.403951,13.942691,3.108925,-111.160457,-7.764636
18.86000,-9.418852,13.328290,4.337600,-109.248536,-7.968665
18.86500,-9.433381,13.911886,3.012763,-111.004450,-7.963093
18.87000,-9.447547,13.583389,2.212429,-111.201116,-7.929526
18.87500,-9.461358,14.538873,2.309441,-112.975450,-8.028532
18.88000,-9.474824,14.520325,0.971910,-110.914737,-8.126307
18.88500,-9.487953,15.296226,3.003846,-111.138644,-8.185810
18.89000,-9.500755,13.676036,2.022268,-113.757394,-7.934979
18.89500,-9.513236,14.141922,2.538336,-110.430813,-8.099639
18.90000,-9.525405,13.849797,3.444581,-112.774442,-7.652744
18.90500,-9.537270,13.732470,1.509720,-116.267697,-8.014394
18.91000,-9.548838,14.057824,1.859091,-112.354224,-8.243638
18.91500,-9.560117,14.661121,2.645085,-111.003552,-8.148146
18.92000,-9.571114,14.748537,0.449460,-111.206466,-8.114599
18.92500,-9.581836,15.029374,2.170249,-111.957821,-8.123051
18.93000,-9.592290,14.135319,1.734442,-112.422842,-8.131877
18.93500,-9.602483,14.266459,1.013315,-111.056171,-8.145969
18.94000,-9.612421,14.098437,1.224332,-111.344295,-8.250014
18.94500,-9.622110,12.128261,2.019936,-116.409843,-8.143318
18.95000,-9.631558,14.423327,0.769263,-114.237441,-7.921877
18.95500,-9.640769,14.453286,1.816700,-112.663368,-8.332685
18.96000,-9.649750,14.083200,1.251630,-113.129901,-8.334043
18.96500,-9.658506,14.569194,2.199464,-111.388871,-8.177715
18.97000,-9.667043,15.187444,2.484487,-111.144095,-8.104674
18.97500,-9.675367,13.660469,0.834792,-113.035185,-8.177638
18.98000,-9.683483,14.748077,1.437499,-114.256326,-8.123941
18.98500,-9.691396,14.077704,2.585364,-110.046438,-8.322695
18.99000,-9.699111,14.412907,1.275175,-115.491052,-8.355783
18.99500,-9.706633,14.398272,1.565572,-114.081313,-8.226060
19.00000,-9.713967,14.370624,1.056945,-109.800348,-8.227269
19.00500,-9.721118,15.546395,2.739596,-112.827006,-8.079054
19.01000,-9.728090,14.488359,2.081637,-113.030838,-8.099319
19.01500,-9.734888,14.407388,1.613632,-114.424251,-8.616306
19.02000,-9.741516,13.865811,2.219929,-112.054356,-8.222580
19.02500,-9.747978,15.671808,0.629100,-108.637017,-8.444196
19.03000,-9.754278,14.914651,0.066153,-114.165917,-8.664055
19.03500,-9.760421,14.638171,1.156713,-115.439751,-8.284917
19.04000,-9.766411,14.068687,0.521509,-112.684824,-8.370762
19.04500,-9.772251,14.412992,1.197977,-111.288068,-8.398312
19.05000,-9.777944,15.736519,1.152854,-114.615454,-8.540642
19.05500,-9.783496,14.082308,2.182909,-117.232683,-8.499640
19.06000,-9.788908,14.010005,2.588493,-114.935488,-8.377597
19.06500,-9.794186,15.594679,-0.633000,-117.418374,-8.571925
19.07000,-9.799331,14.019820,0.738485,-113.929370,-8.360592
19.07500,-9.804348,15.151793,1.371819,-116.490550,-8.326260
19.08000,-9.809239,15.978580,1.669633,-115.113049,-8.366096
19.08500,-9.814008,13.891474,0.095647,-116.160921,-8.296748
19.09000,-9.818658,14.052102,-0.550489,-114.743635,-8.351949
19.09500,-9.823191,15.567980,1.255655,-120.773882,-8.517684
19.10000,-9.827612,15.609206,0.104629,-116.017113,-8.497599
19.10500,-9.831921,16.073529,0.143686,-116.432964,-8.319591
19.11000,-9.836123,14.917906,0.936655,-116.348885,-8.192946
19.11500,-9.840220,14.879648,-1.442199,-120.076445,-8.316657
19.12000,-9.844215,13.998156,1.458961,-114.367054,-8.415815
19.12500,-9.848109,14.592459,-0.373070,-118.651099,-8.314223
19.13000,-9.851907,14.747611,1.825051,-116.444719,-8.614853
19.13500,-9.855609,14.976085,-0.478121,-118.589319,-8.491518
19.14000,-9.859219,14.206853,0.831005,-118.038803,-8.398317
19.14500,-9.862738,14.633439,-0.767423,-118.661042,-8.351408
19.15000,-9.866170,15.455739,1.202504,-121.186188,-8.392184
19.15500,-9.869516,15.855884,-0.461839,-119.250418,-8.385133
19.16000,-9.872778,15.208701,2.678377,-115.288921,-8.525919
19.16500,-9.875958,15.361476,1.924104,-120.459621,-8.434146
19.17000,-9.879059,15.833030,0.321169,-117.924816,-8.310967
19.17500,-9.882083,13.518197,1.217817,-121.921287,-8.630802
19.18000,-9.885031,16.099154,0.057251,-116.088588,-8.535582
19.18500,-9.887905,14.816358,0.427970,-121.290688,-8.408185
19.19000,-9.890707,13.733786,-0.968812,-120.906202,-8.132343
19.19500,-9.893440,15.056790,0.037524,-118.892761,-8.257518
19.20000,-9.896104,15.327792,1.760027,-117.510071,-8.125262
19.20500,-9.898701,14.468521,0.187429,-121.427135,-8.161972
19.21000,-9.901234,15.659377,0.650158,-118.962662,-8.437347
19.21500,-9.903703,15.458361,-0.942574,-117.704149,-8.382914
19.22000,-9.906110,16.407197,-1.249307,-118.851112,-8.554269
19.22500,-9.908457,14.841872,0.014877,-120.527085,-8.200314
19.23000,-9.910746,14.880631,0.462767,-118.050167,-8.271605
19.23500,-9.912977,14.556815,0.687428,-116.705942,-8.296038
19.24000,-9.915153,14.182079,0.267800,-114.257448,-8.288817
19.24500,-9.917274,15.137982,0.690987,-116.433790,-8.323238
19.25000,-9.919342,16.324958,0.008934,-122.690896,-8.365260
19.25500,-9.921359,14.477110,-0.103598,-116.486561,-8.358776
19.26000,-9.923325,14.343715,0.592548,-117.071583,-8.220275
19.26500,-9.925242,14.988976,0.435435,-118.621639,-8.528052
19.27000,-9.927111,14.436046,0.308017,-117.837865,-8.570887
19.27500,-9.928933,15.235330,-0.139910,-116.972110,-8.415136
19.28000,-9.930709,14.735429,0.795305,-119.874660,-8.242882
19.28500,-9.932442,14.567287,0.805581,-121.922950,-8.386425
19.29000,-9.934131,14.558326,0.239950,-119.925988,-8.457717
19.29500,-9.935777,14.945939,-1.781033,-118.014963,-8.303254
19.30000,-9.937383,15.866377,1.631565,-120.591132,-8.416452
19.30500,-9.938948,13.618413,-0.042035,-120.798788,-8.725653
19.31000,-9.940475,16.172388,0.095757,-122.098602,-8.593107
19.31500,-9.941963,15.166895,-0.515983,-118.351301,-8.761166
19.32000,-9.943414,15.879915,-0.485867,-121.721656,-8.479828
19.32500,-9.944828,15.522666,0.826635,-119.941191,-8.517257
19.33000,-9.946208,15.323495,-0.131347,-121.030510,-8.385316
19.33500,-9.947552,14.367128,0.385680,-116.802566,-8.133753
19.34000,-9.948864,14.362298,0.194866,-117.423866,-8.548072
19.34500,-9.950142,15.462566,-0.327535,-114.726667,-8.458716
19.35000,-9.951389,15.305282,-1.039163,-121.007940,-8.520237
19.35500,-9.952604,16.311810,0.030911,-121.603500,-8.891830
19.36000,-9.953789,12.787544,-0.195442,-118.999980,-8.582328
19.36500,-9.954944,14.526323,1.806211,-122.438045,-8.577882
19.37000,-9.956070,13.198633,0.373156,-120.602228,-8.428667
19.37500,-9.957169,16.256275,0.251202,-118.147301,-8.599499
19.38000,-9.958239,14.467613,0.610422,-119.459476,-8.669848
19.38500,-9.959283,13.953838,0.336577,-117.793716,-8.385632
19.39000,-9.960301,15.373719,0.620681,-121.133877,-8.486372
19.39500,-9.961294,15.431545,0.821149,-120.559099,-8.613646
19.40000,-9.962261,14.093001,0.814493,-119.865656,-8.593909
19.40500,-9.963205,14.464629,1.406527,-117.824772,-8.525405
19.41000,-9.964125,14.797972,-0.543780,-117.263939,-8.356186
19.41500,-9.965022,15.956663,0.104498,-117.048796,-8.265350
19.42000,-9.965896,14.423693,-1.855012,-119.360887,-8.680679
19.42500,-9.966749,14.903558,-0.149187,-121.094966,-8.305464
19.43000,-9.967580,15.601519,-0.505123,-120.457870,-8.474792
19.43500,-9.968391,15.024235,0.786572,-119.573671,-8.428617
19.44000,-9.969181,14.687879,-1.575528,-122.815235,-8.336170
19.44500,-9.969951,15.006788,0.049127,-121.543432,-8.630500
19.45000,-9.970702,15.825461,-0.162690,-123.230837,-8.353655
19.45500,-9.971435,14.943360,-0.702533,-118.985580,-8.682667
19.46000,-9.972149,15.621188,0.063034,-119.133102,-8.555166
19.46500,-9.972845,14.288526,0.340880,-121.523745,-8.613452
19.47000,-9.973524,14.747145,1.893881,-117.596229,-8.227964
19.47500,-9.974186,14.523448,-0.171906,-119.402040,-8.234895
19.48000,-9.974831,15.635485,-0.228228,-119.862807,-8.368738
19.48500,-9.975461,14.209077,0.086248,-118.205536,-8.405398
19.49000,-9.976074,13.835235,-0.403803,-118.894956,-8.564102
19.49500,-9.976672,15.249850,0.992266,-121.812361,-8.218682
19.50000,-9.977255,15.698890,-0.162260,-121.008488,-8.270623
19.50500,-9.977824,16.376633,-0.112726,-122.599398,-8.345842
19.51000,-9.978378,13.867944,1.008437,-118.331676,-8.499095
19.51500,-9.978919,14.104649,-0.974623,-119.842880,-8.534712
19.52000,-9.979446,15.819777,0.943716,-117.720696,-8.494198
19.52500,-9.979960,15.388179,-0.192170,-121.099572,-8.279297
19.53000,-9.980461,14.650458,0.336541,-122.102972,-8.624144
19.53500,-9.980949,15.148595,0.403669,-117.301151,-8.462470
19.54000,-9.981426,15.715367,0.095500,-117.891019,-8.231954
19.54500,-9.981890,15.368332,0.549962,-122.677074,-8.345382
19.55000,-9.982343,13.767877,-0.749618,-117.433903,-8.214917
19.55500,-9.982784,14.950733,-1.102366,-121.142784,-8.415831
19.56000,-9.983215,15.096137,-0.234005,-116.491984,-8.413330
19.56500,-9.983634,15.720090,-0.820340,-118.607018,-8.268457
19.57000,-9.984043,15.797414,-0.834007,-120.931150,-8.378864
19.57500,-9.984442,15.059315,-0.718885,-120.159163,-8.425494
19.58000,-9.984831,15.337920,0.455639,-120.016354,-8.554650
19.58500,-9.985210,14.723785,1.181625,-125.822914,-8.701817
19.59000,-9.985580,14.391572,-0.632664,-118.271162,-8.251239
19.59500,-9.985941,15.131064,0.257739,-120.330021,-8.539993
19.60000,-9.986292,14.020204,0.373555,-118.120994,-8.589654
19.60500,-9.986635,13.590101,0.625072,-125.596823,-8.345412
19.61000,-9.986969,14.056700,-0.449020,-118.217449,-8.611057
19.61500,-9.987295,15.366783,-0.114295,-119.651075,-8.681305
19.62000,-9.987612,15.032511,-0.101269,-122.067489,-8.563032
19.62500,-9.987922,14.905603,0.539312,-115.605779,-8.486333
19.63000,-9.988224,16.004898,-0.192205,-118.007297,-8.435828
19.63500,-9.988518,15.220545,-0.509366,-121.687675,-8.399753
19.64000,-9.988805,14.758595,0.825150,-121.414203,-8.330761
19.64500,-9.989085,15.786547,0.277186,-118.519390,-8.495286
19.65000,-9.989358,14.968725,1.623572,-116.012672,-8.422630
19.65500,-9.989624,13.888003,0.573608,-118.666361,-8.495065
19.66000,-9.989884,14.554469,-0.425233,-120.655237,-8.575205
19.66500,-9.990137,14.603561,1.227501,-115.989939,-8.418010
19.67000,-9.990383,15.153427,0.232351,-121.007243,-8.425792
19.67500,-9.990624,14.894734,-0.549873,-117.002207,-8.199590
19.68000,-9.990858,15.315582,1.457912,-118.356863,-8.389475
19.68500,-9.991087,14.978463,0.042563,-120.034458,-8.585742
19.69000,-9.991309,14.793185,-0.512538,-121.042285,-8.390681
19.69500,-9.991527,14.749529,0.279773,-120.976284,-8.519076
19.70000,-9.991738,14.855838,0.679427,-119.840608,-8.243453
19.70500,-9.991945,14.704520,-0.008392,-116.904460,-8.739533
19.71000,-9.992146,14.006017,0.306332,-119.932219,-8.582503
19.71500,-9.992343,14.427686,0.821838,-121.643651,-8.582595
19.72000,-9.992534,15.337136,0.482803,-117.014470,-8.465285
19.72500,-9.992721,14.221848,-1.091788,-117.658254,-8.503434
19.73000,-9.992903,15.876623,-0.065052,-119.638020,-8.724142
19.73500,-9.993080,15.222113,0.252965,-117.216122,-8.765818
19.74000,-9.993253,14.859279,-0.482575,-119.427705,-8.457625
19.74500,-9.993422,13.921998,1.376118,-116.006801,-8.264468
19.75000,-9.993586,14.851421,0.391999,-120.051710,-8.266718
19.75500,-9.993747,14.755500,-0.140519,-121.372354,-8.546493
19.76000,-9.993903,15.330505,1.475447,-120.759523,-8.417304
19.76500,-9.994055,15.768484,-1.455772,-119.586077,-8.617535
19.77000,-9.994204,15.660645,0.440378,-119.534792,-8.705102
19.77500,-9.994349,15.464207,-0.357603,-121.040094,-8.302791
19.78000,-9.994490,15.590172,0.567745,-120.952797,-8.385889
19.78500,-9.994628,16.166472,-0.806077,-122.596580,-8.538371
19.79000,-9.994762,15.459676,0.718647,-121.002619,-8.544575
19.79500,-9.994893,15.407273,-0.587188,-116.474186,-8.350349
19.80000,-9.995021,14.618679,-0.724707,-120.285833,-8.440357
19.80500,-9.995145,15.060602,1.488620,-121.937565,-8.539542
19.81000,-9.995267,15.382077,-0.397142,-121.296812,-8.446627
19.81500,-9.995385,13.868378,1.718220,-121.514999,-8.490706
19.82000,-9.995500,16.283680,0.476565,-120.158663,-8.550775
19.82500,-9.995613,14.897855,0.983746,-121.696025,-8.597464
19.83000,-9.995723,15.444699,0.115293,-117.490891,-8.350413
19.83500,-9.995830,13.518689,0.952119,-121.679017,-8.560777
19.84000,-9.995934,15.075364,-0.302182,-120.480263,-8.667239
19.84500,-9.996035,14.237704,1.091538,-116.885461,-8.217881
19.85000,-9.996135,14.922142,-0.555348,-120.012438,-8.302286
19.85500,-9.996231,14.229306,-0.781909,-117.309597,-8.411208
19.86000,-9.996325,14.264417,-0.429709,-120.355017,-8.499849
19.86500,-9.996417,13.856077,-0.654324,-118.301747,-8.460544
19.87000,-9.996507,15.825435,-0.428826,-115.410105,-8.708133
19.87500,-9.996594,14.493536,-0.047323,-121.881643,-8.493066
19.88000,-9.996679,14.240557,-0.487871,-118.854859,-8.449097
19.88500,-9.996762,13.957055,0.264808,-122.261839,-8.520525
19.89000,-9.996843,14.880858,0.184513,-120.038710,-8.425137
19.89500,-9.996922,16.037922,0.631395,-121.370038,-8.605790
19.90000,-9.996999,14.919984,0.764649,-119.710380,-8.463540
19.90500,-9.997074,14.378176,0.333512,-122.477700,-8.726575
19.91000,-9.997147,14.893843,0.504470,-124.415248,-8.495073
19.91500,-9.997219,14.514519,-0.511658,-118.762609,-8.583590
19.92000,-9.997288,14.818618,-0.653519,-119.756823,-8.690778
19.92500,-9.997356,14.472227,0.826829,-117.260147,-8.551374
19.93000,-9.997422,15.928359,-0.012387,-119.559239,-8.488662
19.93500,-9.997487,16.440074,-0.427797,-119.768453,-8.581218
19.94000,-9.997549,14.734086,0.465954,-121.789930,-8.352855
19.94500,-9.997611,14.354685,0.026874,-122.877099,-8.596662
19.95000,-9.997670,15.132174,1.368612,-119.694691,-8.351719
19.95500,-9.997729,15.063373,-0.249041,-122.442624,-8.382937
19.96000,-9.997785,15.648038,-0.378351,-117.070725,-8.582882
19.96500,-9.997841,14.626503,-0.225697,-116.983342,-8.277533
19.97000,-9.997895,14.869175,0.965114,-118.852779,-8.696407
19.97500,-9.997947,14.992455,0.971965,-117.411954,-8.412516
19.98000,-9.997999,14.883629,1.522129,-120.157430,-8.482628
19.98500,-9.998049,15.259099,1.095007,-121.111989,-8.378132
19.99000,-9.998097,15.317515,-0.116909,-114.893705,-8.727322
19.99500,-9.998145,15.285672,-2.228036,-120.494765,-8.671235
20.00000,-9.993193,13.795053,0.503135,-117.289359,-8.617620
20.00500,-9.983240,15.354720,0.428462,-121.679868,-8.490541
20.01000,-9.968288,15.119656,0.797533,-119.131881,-8.481023
20.01500,-9.948335,13.705913,-0.283167,-118.173886,-8.490959
20.02000,-9.923383,15.009132,0.699478,-123.511871,-8.532354
20.02500,-9.893430,14.484786,-0.614116,-123.161394,-8.598566
20.03000,-9.858478,14.828285,-0.546956,-121.460045,-8.696701
20.03500,-9.818526,14.100573,-1.980044,-120.707938,-8.554351
20.04000,-9.773573,15.357790,-3.741457,-119.815761,-8.408626
20.04500,-9.723621,15.225413,-3.242067,-121.506052,-8.332424
20.05000,-9.668668,15.392877,-3.571006,-121.440634,-8.555612
20.05500,-9.608716,14.990324,-6.524990,-122.022136,-8.313849
20.06000,-9.543763,14.928179,-6.380673,-121.954912,-8.669424
20.06500,-9.473811,14.878258,-5.254772,-118.924622,-8.342003
20.07000,-9.398858,15.233916,-6.993480,-120.713791,-8.609823
20.07500,-9.318906,14.336527,-9.298240,-121.815504,-8.398014
20.08000,-9.233954,14.787606,-11.219511,-121.878404,-8.562218
20.08500,-9.144001,13.311108,-9.992344,-120.940859,-8.546614
20.09000,-9.049049,14.500094,-10.579087,-122.494578,-8.462721
20.09500,-8.949096,13.736568,-10.797252,-118.474186,-8.145610
20.10000,-8.844144,14.791433,-11.327576,-117.829180,-8.430811
20.10500,-8.734191,13.913636,-13.925975,-121.258389,-8.208513
20.11000,-8.619239,12.843897,-14.485990,-119.310340,-8.244728
20.11500,-8.499287,13.558747,-15.413954,-118.633359,-8.185517
20.12000,-8.374334,12.815357,-15.022206,-115.820374,-8.142719
20.12500,-8.244382,13.691691,-17.201183,-118.711847,-8.050176
20.13000,-8.109429,12.784515,-16.989896,-117.442226,-8.273714
20.13500,-7.969477,12.480894,-19.019082,-118.448618,-8.033614
20.14000,-7.824524,12.367003,-19.420474,-117.823826,-7.929213
20.14500,-7.674572,11.416515,-19.494746,-116.638975,-8.004676
20.15000,-7.519619,12.023106,-19.981584,-107.677831,-7.795841
20.15500,-7.359667,11.579014,-21.465324,-111.618272,-7.927661
20.16000,-7.194715,11.563364,-21.662993,-112.570033,-7.588241
20.16500,-7.024762,12.005570,-24.026260,-112.006069,-7.716990
20.17000,-6.849810,10.246084,-24.183050,-115.051647,-7.564419
20.17500,-6.669857,10.729386,-24.225479,-113.043306,-7.309466
20.18000,-6.484905,11.534088,-25.349101,-108.471283,-7.165734
20.18500,-6.294952,10.160457,-28.058605,-109.076061,-7.305276
20.19000,-6.100000,9.757100,-27.204335,-105.775568,-7.203749
20.19500,-5.900048,9.861827,-28.652193,-107.022448,-6.843295
20.20000,-5.695095,10.240017,-28.642180,-104.750806,-7.297036
20.20500,-5.485143,9.200693,-29.437232,-104.481622,-6.538200
20.21000,-5.270190,9.618751,-30.323013,-102.345697,-6.409921
20.21500,-5.050238,7.864310,-31.428019,-101.372919,-6.620721
20.22000,-4.825285,9.126610,-31.477056,-98.463329,-6.137171
20.22500,-4.595333,7.699713,-30.954354,-100.452378,-6.108120
20.23000,-4.360381,7.995496,-33.030001,-98.312981,-5.935397
20.23500,-4.120428,7.931551,-34.269832,-97.718169,-6.185167
20.24000,-3.875476,6.457734,-35.356816,-94.639566,-5.742917
20.24500,-3.625523,7.851329,-35.741260,-91.930572,-5.522727
20.25000,-3.370571,6.335163,-36.836673,-90.963689,-5.373805
20.25500,-3.110618,5.538956,-37.760324,-93.411595,-5.183655
20.26000,-2.845666,6.542792,-39.164589,-88.837127,-4.976035
20.26500,-2.575713,5.558120,-38.746081,-86.510590,-5.163159
20.27000,-2.300761,6.155839,-39.905831,-83.998900,-4.561998
20.27500,-2.020809,4.305911,-41.124769,-82.527884,-4.426995
20.28000,-1.735856,3.015665,-41.823492,-79.748292,-4.122824
20.28500,-1.445904,3.715137,-40.837909,-74.746473,-3.964671
20.29000,-1.159756,1.846501,-43.840405,-73.073702,-3.666876
20.29500,-0.878609,3.164732,-43.567006,-68.893708,-3.394940
20.30000,-0.602461,2.233085,-44.080417,-72.884596,-2.938226
20.30500,-0.331313,0.191577,-45.325299,-69.092008,-3.087548
20.31000,-0.065166,1.232771,-43.964607,-66.917709,-2.469557
20.31500,0.195982,0.290636,-46.366288,-59.396208,-2.510784
20.32000,0.452129,-0.737194,-44.784382,-57.268559,-2.357318
20.32500,0.703277,-0.521931,-43.871860,-57.176848,-2.185928
20.33000,0.949425,-0.870315,-42.805305,-54.204667,-1.583511
20.33500,1.190572,-0.621554,-43.861312,-49.532199,-1.679039
20.34000,1.426720,-1.708902,-44.073031,-44.314826,-1.054520
20.34500,1.657867,-0.608820,-41.614854,-40.766777,-0.875135
20.35000,1.884015,-0.332607,-41.782329,-42.327852,-0.746602
20.35500,2.105163,-1.774679,-42.039582,-35.909053,-0.495308
20.36000,2.321310,-3.066035,-40.116306,-35.036321,-0.056960
20.36500,2.532458,-2.853152,-38.549724,-28.008244,0.159850
20.37000,2.738605,-3.168311,-37.752966,-22.611976,0.513318
20.37500,2.939753,-4.081996,-36.933213,-23.697566,0.666895
20.38000,3.135901,-4.000810,-37.329823,-20.258333,0.853597
20.38500,3.327048,-3.264528,-35.392998,-23.721711,1.271553
20.39000,3.513196,-4.959628,-34.340464,-13.682967,1.271054
20.39500,3.694343,-4.115875,-32.267178,-15.186377,1.832061
20.40000,3.870491,-5.160953,-32.460453,-9.446630,1.966143
20.40500,4.041639,-5.945118,-31.481312,-2.956123,2.039722
20.41000,4.207786,-5.745821,-30.325625,-4.836907,2.299173
20.41500,4.368934,-5.231947,-29.975306,6.948475,2.642495
20.42000,4.525081,-6.136933,-29.206750,4.106143,2.654144
20.42500,4.676229,-6.719950,-28.342997,10.276110,3.363915
20.43000,4.822376,-6.718832,-27.595954,10.764534,3.524468
20.43500,4.963524,-7.478008,-27.650893,16.703660,3.434295
20.44000,5.099672,-6.897318,-25.285545,17.249660,3.792976
20.44500,5.230819,-6.631336,-25.213206,21.618456,4.269239
20.45000,5.356967,-6.776068,-24.117637,19.967797,4.274613
20.45500,5.478114,-6.453052,-24.772146,30.177880,4.254180
20.46000,5.594262,-7.420148,-22.101909,32.725767,4.267943
20.46500,5.705410,-9.531729,-22.544370,33.598918,4.522823
20.47000,5.812774,-7.972166,-22.155075,36.723390,5.117309
20.47500,5.917455,-9.328304,-18.968114,38.041276,5.148761
20.48000,6.019519,-8.853997,-19.817745,41.737601,5.059906
20.48500,6.119031,-9.221288,-18.577422,46.709597,5.509953
20.49000,6.216055,-8.563312,-18.115535,49.672522,5.488979
20.49500,6.310654,-9.082034,-17.242786,53.364863,5.575339
20.50000,6.402887,-9.511557,-16.531080,56.973663,5.721791
20.50500,6.492815,-9.293097,-16.345561,59.265274,5.847428
20.51000,6.580495,-10.536083,-16.567184,60.580048,6.278192
20.51500,6.665982,-10.275408,-15.081408,62.950512,5.987108
20.52000,6.749333,-9.353113,-14.687092,64.220902,6.164098
20.52500,6.830599,-8.675681,-14.825731,69.665273,6.513739
20.53000,6.909834,-10.411911,-12.818996,67.748325,6.621265
20.53500,6.987089,-9.290789,-14.546465,69.841494,6.322164
20.54000,7.062411,-10.420666,-13.926632,74.419712,6.850007
20.54500,7.135851,-9.600416,-13.209334,72.703107,6.767761
20.55000,7.207455,-11.305928,-12.516355,77.094940,6.434976
20.55500,7.277268,-10.451821,-12.828041,76.463443,6.982753
20.56000,7.345337,-9.951911,-12.379869,79.734408,6.533888
20.56500,7.411703,-11.622926,-12.258622,90.852534,6.901058
20.57000,7.476411,-10.936941,-11.688432,81.564264,6.661544
20.57500,7.539500,-11.674638,-11.310073,88.844604,6.599198
20.58000,7.601013,-11.351950,-11.650766,87.028673,7.025012
20.58500,7.660988,-11.007426,-9.671470,87.356561,6.985198
20.59000,7.719463,-11.552065,-10.743364,88.060179,6.930544
20.59500,7.776476,-11.865438,-10.200829,93.924527,6.990437
20.60000,7.832064,-11.406227,-11.211381,93.113695,6.961745
20.60500,7.886263,-12.107791,-9.019238,95.194301,6.951358
20.61000,7.939106,-11.942245,-8.777586,99.880487,6.839985
20.61500,7.990629,-12.279739,-8.559082,94.545186,7.098882
20.62000,8.040863,-11.716204,-8.818128,93.950580,7.021575
20.62500,8.089841,-12.478229,-8.391688,99.801541,6.987544
20.63000,8.137595,-12.646142,-8.314279,103.395968,6.943616
20.63500,8.184155,-12.740516,-8.696840,101.697418,6.991314
20.64000,8.229552,-12.957791,-6.968395,105.189071,6.807952
20.64500,8.273813,-11.978904,-8.262941,105.399408,6.993865
20.65000,8.316967,-11.678445,-8.808177,104.448217,6.894756
20.65500,8.359043,-12.483373,-7.968460,102.771305,7.241014
20.66000,8.400067,-13.251747,-8.375889,105.345584,6.905964
20.66500,8.440065,-13.568351,-6.860195,108.079850,6.985465
20.67000,8.479064,-12.885026,-6.179929,107.255741,7.060114
20.67500,8.517087,-12.917882,-7.836670,106.665334,7.182791
20.68000,8.554160,-12.692157,-8.002074,107.985447,7.137768
20.68500,8.590306,-12.810834,-5.406571,107.574020,7.076825
20.69000,8.625548,-12.455995,-6.805348,109.757225,7.408680
20.69500,8.659910,-13.409886,-6.682969,107.867862,7.087837
20.70000,8.693412,-11.639325,-5.335013,112.196380,7.148801
20.70500,8.726077,-13.657344,-5.583502,109.851903,7.524193
20.71000,8.757925,-13.245392,-6.330698,109.675832,6.988066
20.71500,8.788977,-13.196923,-5.797208,105.716969,7.281764
20.72000,8.819252,-13.650393,-5.428263,105.134690,7.217696
20.72500,8.848771,-14.593501,-6.058303,109.557634,6.967098
20.73000,8.877552,-12.512262,-5.394873,109.157637,7.089158
20.73500,8.905613,-10.984472,-4.644666,114.401994,7.327938
20.74000,8.932973,-12.561533,-5.178775,108.819898,7.001824
20.74500,8.959648,-14.545428,-4.729328,108.459584,7.214078
20.75000,8.985657,-13.375239,-4.640056,112.335155,7.405283
20.75500,9.011016,-13.595846,-5.231983,106.359738,7.251161
20.76000,9.035740,-12.676735,-4.319014,110.965276,7.351644
20.76500,9.059847,-13.420158,-5.357060,108.071869,7.235102
20.77000,9.083351,-13.676425,-3.995646,104.932457,7.267756
20.77500,9.106267,-14.105991,-4.325587,107.078151,7.296004
20.78000,9.128610,-13.341721,-4.752859,110.649539,7.363493
20.78500,9.150395,-13.889894,-4.232229,110.974211,7.540608
20.79000,9.171635,-13.500025,-5.089872,110.452166,7.485401
20.79500,9.192344,-13.459805,-4.116224,109.066107,7.801650
20.80000,9.212535,-13.727120,-3.494220,111.157861,7.616472
20.80500,9.232222,-13.814150,-3.047653,111.655157,7.605248
20.81000,9.251417,-14.035356,-3.228550,111.193002,7.933833
20.81500,9.270131,-13.890632,-3.865723,114.570787,7.607561
20.82000,9.288378,-14.775414,-2.752557,113.173635,7.532597
20.82500,9.306168,-15.343709,-2.997109,109.125863,7.708565
20.83000,9.323514,-14.080900,-2.493091,109.720590,7.550873
20.83500,9.340426,-13.513941,-4.627940,109.120604,7.824370
20.84000,9.356916,-14.284077,-2.082256,111.467062,7.982869
20.84500,9.372993,-14.541394,-3.319116,113.383625,7.902525
20.85000,9.388668,-14.013108,-3.026785,114.574157,7.773314
20.85500,9.403951,-14.760529,-2.790640,111.595045,7.842140
20.86000,9.418852,-14.771110,-3.423658,109.960211,7.965452
20.86500,9.433381,-14.408899,-1.981835,109.017159,8.098568
20.87000,9.447547,-14.087549,-1.803371,107.831772,7.886325
20.87500,9.461358,-14.189132,-2.669854,115.083654,7.910208
20.88000,9.474824,-13.350729,-2.753998,110.698247,8.163162
20.88500,9.487953,-14.430218,-3.065387,110.405200,8.056399
20.89000,9.500755,-15.215553,-2.604985,115.476920,8.099237
20.89500,9.513236,-14.940686,-2.113953,110.253677,8.143155
20.90000,9.525405,-14.708872,-1.369348,111.489170,7.974841
20.90500,9.537270,-14.442048,-1.509032,112.681106,8.090600
20.91000,9.548838,-15.129904,-2.454297,107.891459,8.293939
20.91500,9.560117,-13.984552,-1.565594,109.034833,8.128428
20.92000,9.571114,-14.016891,-2.666992,118.984062,8.140346
20.92500,9.581836,-14.901097,-1.684851,112.892419,8.232792
20.93000,9.592290,-13.618315,-1.995572,107.991229,8.262594
20.93500,9.602483,-14.491494,-1.845534,111.068447,8.603703
20.94000,9.612421,-15.043670,-2.039755,112.197905,8.110426
20.94500,9.622110,-14.787795,-2.410686,113.818196,8.267478
20.95000,9.631558,-14.910698,-2.148367,112.427348,8.563861
20.95500,9.640769,-13.792782,-1.565956,110.230318,8.274974
20.96000,9.649750,-14.881169,-2.020089,112.871531,8.337670
20.96500,9.658506,-13.678230,-1.263456,115.380011,8.069455
20.97000,9.667043,-14.238018,-2.491713,111.834120,8.445805
20.97500,9.675367,-14.537940,-1.476036,110.778748,8.438175
20.98000,9.683483,-14.192221,-0.531855,111.030912,8.437485
20.98500,9.691396,-14.674642,-1.172165,108.572754,8.292058
20.99000,9.699111,-14.821525,-1.842901,116.300844,8.381063
20.99500,9.706633,-15.393487,-1.035806,114.484456,8.319675
21.00000,9.713967,-13.938447,-0.202419,113.722068,8.462870
21.00500,9.721118,-12.939595,-0.731914,114.421087,8.335638
21.01000,9.728090,-15.251068,-0.602359,116.878282,8.459780
21.01500,9.734888,-14.577295,0.194867,113.531256,8.140752
21.02000,9.741516,-13.398791,-1.100749,111.636096,8.295392
21.02500,9.747978,-13.317669,-1.127709,116.958727,7.915180
21.03000,9.754278,-13.535770,-0.553861,109.840580,8.325451
21.03500,9.760421,-14.661365,-1.333304,114.139832,8.465481
21.04000,9.766411,-13.717247,-0.705717,117.557396,8.310033
21.04500,9.772251,-14.577165,-1.226157,118.484125,8.705379
21.05000,9.777944,-15.307740,0.075650,115.178201,8.198874
21.05500,9.783496,-14.430277,-1.863899,115.295804,8.297749
21.06000,9.788908,-14.358114,-0.555431,115.345799,8.208483
21.06500,9.794186,-13.671106,-1.222172,115.182117,8.271847
21.07000,9.799331,-15.041013,-0.503127,115.646986,8.276186
21.07500,9.804348,-15.254903,-0.019175,119.009634,8.123259
21.08000,9.809239,-14.449822,-1.359804,117.214437,8.197521
21.08500,9.814008,-14.294727,-1.103062,119.971620,8.652609
21.09000,9.818658,-13.579000,-0.489125,117.644620,8.304616
21.09500,9.823191,-14.462035,-0.145477,115.774447,8.481775
21.10000,9.827612,-15.040548,-1.708080,116.108224,8.150454
21.10500,9.831921,-14.696776,-0.762629,121.492125,8.324815
21.11000,9.836123,-12.807081,-0.543963,115.618774,8.423303
21.11500,9.840220,-16.002600,-1.273054,119.264022,8.315560
21.12000,9.844215,-14.758362,-1.897338,115.110893,8.263793
21.12500,9.848109,-13.608506,-0.018543,118.459509,8.312979
21.13000,9.851907,-14.644307,0.249279,116.629972,8.345948
21.13500,9.855609,-15.349954,-0.730569,116.565395,8.468152
21.14000,9.859219,-15.147465,-0.754813,115.752737,8.525214
21.14500,9.862738,-14.243641,-0.870770,116.093164,8.143241
21.15000,9.866170,-15.414784,-1.614061,118.136511,8.032264
21.15500,9.869516,-14.615415,-1.758599,120.856627,8.315927
21.16000,9.872778,-14.755490,-0.614753,118.825291,8.346985
21.16500,9.875958,-14.360553,0.113184,116.170695,8.456483
21.17000,9.879059,-14.264547,-0.085537,119.118913,8.511352
21.17500,9.882083,-14.256343,-1.310259,112.851064,8.250677
21.18000,9.885031,-14.632014,0.288176,118.147396,8.666042
21.18500,9.887905,-14.322175,-0.780914,123.237190,8.394812
21.19000,9.890707,-14.856482,0.878411,113.305409,8.090267
21.19500,9.893440,-15.412803,-0.917203,117.841954,8.506416
21.20000,9.896104,-14.892653,-1.058950,120.738321,8.405724
21.20500,9.898701,-14.451164,0.092165,122.736816,8.410057
21.21000,9.901234,-14.202720,-1.406854,121.442892,8.128232
21.21500,9.903703,-13.607369,-0.420431,117.860734,8.326721
21.22000,9.906110,-15.067466,-0.244255,122.428116,8.400191
21.22500,9.908457,-15.509669,0.168741,122.329946,8.356083
21.23000,9.910746,-15.514543,1.040225,118.264068,8.487119
21.23500,9.912977,-14.704408,-0.468642,119.215453,8.577053
21.24000,9.915153,-16.180607,0.200090,117.149690,8.621304
21.24500,9.917274,-15.791784,0.519781,118.467228,8.583595
21.25000,9.919342,-14.705266,-0.807944,122.149436,8.375149
21.25500,9.921359,-14.676806,-0.394750,116.693085,8.661987
21.26000,9.923325,-15.885144,0.519439,121.827170,8.444705
21.26500,9.925242,-14.467073,-0.317532,120.044522,8.538477
21.27000,9.927111,-14.830721,0.011156,120.126924,8.375736
21.27500,9.928933,-14.391422,0.719367,118.067004,8.204846
21.28000,9.930709,-14.185929,-0.974183,121.026832,8.076080
21.28500,9.932442,-14.976890,-1.101839,119.110982,8.451897
21.29000,9.934131,-14.870959,1.161740,119.019500,8.324584
21.29500,9.935777,-14.573962,0.023211,115.996876,8.429809
21.30000,9.937383,-15.592120,0.483636,119.529385,8.569838
21.30500,9.938948,-14.538237,0.570250,118.665121,8.205805
21.31000,9.940475,-15.917727,0.352003,121.358137,8.173681
21.31500,9.941963,-14.169350,0.216269,119.794434,8.483580
21.32000,9.943414,-14.539109,-0.993947,119.353674,8.502642
21.32500,9.944828,-15.347180,-0.034009,118.400014,8.408878
21.33000,9.946208,-14.904822,-1.424424,118.232058,8.373508
21.33500,9.947552,-15.272107,-0.842299,117.985558,8.214380
21.34000,9.948864,-14.665749,1.507728,121.067781,8.445439
21.34500,9.950142,-14.080688,-0.806677,116.413494,8.348340
21.35000,9.951389,-15.069839,0.603960,116.385894,8.528844
21.35500,9.952604,-14.730175,0.076553,120.127059,8.609285
21.36000,9.953789,-14.107206,-0.318018,122.665294,8.383350
21.36500,9.954944,-14.972886,0.183695,120.284840,8.532801
21.37000,9.956070,-14.293417,0.807650,119.190018,8.499666
21.37500,9.957169,-15.410403,-0.854264,124.149829,8.579474
21.38000,9.958239,-15.077797,0.385147,120.264857,8.707463
21.38500,9.959283,-14.382736,-0.178116,118.346845,8.576559
21.39000,9.960301,-14.117023,-0.368874,119.953210,8.585491
21.39500,9.961294,-15.724624,-0.035510,121.760403,8.599502
21.40000,9.962261,-14.982316,0.834171,118.751399,8.415499
21.40500,9.963205,-14.046597,0.347633,121.308191,8.480104
21.41000,9.964125,-14.673935,0.875388,118.828697,8.534384
21.41500,9.965022,-15.446489,0.121555,119.881315,8.670702
21.42000,9.965896,-14.678349,0.707076,120.238212,8.679748
21.42500,9.966749,-15.269873,0.585696,114.237939,8.828684
21.43000,9.967580,-14.067701,-0.579442,122.223215,8.318976
21.43500,9.968391,-15.456723,-0.416731,120.813343,8.478728
21.44000,9.969181,-15.621448,-0.275641,120.487589,8.223401
21.44500,9.969951,-14.854630,-0.030674,119.917745,8.404055
21.45000,9.970702,-14.948607,1.080177,118.994225,8.236368
21.45500,9.971435,-14.951404,0.035862,122.424382,8.662871
21.46000,9.972149,-15.518436,0.148323,119.504223,8.600449
21.46500,9.972845,-14.459937,0.835109,121.365295,8.322960
21.47000,9.973524,-15.054497,-0.644121,115.808502,8.536781
21.47500,9.974186,-15.669941,0.291474,123.758667,8.597739
21.48000,9.974831,-12.924226,-0.667191,119.945964,8.749424
21.48500,9.975461,-14.590185,0.227305,120.105219,8.611344
21.49000,9.976074,-15.285602,-0.443527,117.275081,8.504515
21.49500,9.976672,-14.368216,-1.585210,117.535232,8.471228
21.50000,9.977255,-15.557447,-0.505270,120.366022,8.579862
21.50500,9.977824,-14.155903,-0.093428,112.376731,8.530850
21.51000,9.978378,-14.013277,0.351484,122.156092,8.411935
21.51500,9.978919,-14.453423,-1.384690,117.818073,8.299194
21.52000,9.979446,-14.294038,-1.369201,117.696963,8.644020
21.52500,9.979960,-14.192056,0.292142,119.485093,8.374447
21.53000,9.980461,-13.556563,0.174846,123.517875,8.442560
21.53500,9.980949,-12.584629,-0.959975,119.891612,8.604591
21.54000,9.981426,-16.442291,0.549791,121.784659,8.474673
21.54500,9.981890,-14.438798,1.249516,116.697981,8.654891
21.55000,9.982343,-14.929555,0.407471,118.117237,8.312627
21.55500,9.982784,-13.708021,-0.136691,121.318936,8.598251
21.56000,9.983215,-14.749028,0.714035,116.931274,8.280994
21.56500,9.983634,-14.532624,-1.220738,113.726837,8.254672
21.57000,9.984043,-15.133886,0.025593,117.911468,8.324227
21.57500,9.984442,-14.139117,0.710190,118.604189,8.500208
21.58000,9.984831,-14.370818,0.647271,118.935215,8.379892
21.58500,9.985210,-14.798864,0.153546,120.965704,8.273053
21.59000,9.985580,-13.695604,-0.474262,120.809525,8.664595
21.59500,9.985941,-13.519496,0.562754,118.490695,8.336532
21.60000,9.986292,-14.526585,-0.271856,120.651009,8.465456
21.60500,9.986635,-14.953354,0.176295,119.185683,8.521333
21.61000,9.986969,-15.304802,-1.267687,119.714889,8.410863
21.61500,9.987295,-13.416344,0.007208,117.410278,8.538095
21.62000,9.987612,-15.437604,0.019417,120.908138,8.577221
21.62500,9.987922,-14.608521,-0.173383,118.767091,8.468188
21.63000,9.988224,-15.389567,-0.585973,122.160570,8.641704
21.63500,9.988518,-15.419121,0.628946,116.471264,8.394312
21.64000,9.988805,-15.440384,0.924631,121.962244,8.323794
21.64500,9.989085,-13.886004,0.460569,116.998734,8.515738
21.65000,9.989358,-15.175175,-0.332702,120.480549,8.338321
21.65500,9.989624,-16.051531,-1.184405,117.152453,8.542789
21.66000,9.989884,-15.610638,0.276337,117.586868,8.470509
21.66500,9.990137,-15.868340,-0.150484,121.106705,8.415307
21.67000,9.990383,-15.212115,-0.720350,116.045300,8.574642
21.67500,9.990624,-15.283199,0.166462,121.574118,8.568487
21.68000,9.990858,-13.939272,-0.994143,124.158001,8.038184
21.68500,9.991087,-15.551720,1.413121,121.144755,8.439604
21.69000,9.991309,-15.706166,-2.388121,116.271111,8.509655
21.69500,9.991527,-14.796717,0.323438,121.014667,8.563203
21.70000,9.991738,-13.678670,1.109856,119.421254,8.406612
21.70500,9.991945,-15.175467,0.415523,120.016663,8.315599
21.71000,9.992146,-15.423359,-0.072383,119.622961,8.509186
21.71500,9.992343,-14.010645,0.984332,121.985327,8.594182
21.72000,9.992534,-16.063580,-0.843191,123.369983,8.178725
21.72500,9.992721,-14.965858,-0.944042,120.420729,8.263553
21.73000,9.992903,-15.228108,-0.259689,122.792337,8.402888
21.73500,9.993080,-14.517187,-0.552581,118.696320,8.099348
21.74000,9.993253,-14.632953,-0.237856,124.894485,8.402200
21.74500,9.993422,-15.056638,-0.017324,117.699469,8.618142
21.75000,9.993586,-15.191732,-1.231837,117.415761,8.332129
21.75500,9.993747,-14.921913,-0.401388,118.980308,8.515052
21.76000,9.993903,-15.165288,0.585719,121.558587,8.359576
21.76500,9.994055,-15.315205,1.513575,121.946932,8.558968
21.77000,9.994204,-14.923116,0.946284,116.424401,8.593814
21.77500,9.994349,-14.834696,-0.332160,120.337890,8.693473
21.78000,9.994490,-13.822912,0.746652,120.698983,8.507098
21.78500,9.994628,-14.677772,-0.389226,125.373912,8.655833
21.79000,9.994762,-15.551457,-1.433867,119.201665,8.557146
21.79500,9.994893,-14.782158,0.565577,116.826710,8.424531
21.80000,9.995021,-15.400766,-0.175572,116.245444,8.720903
21.80500,9.995145,-13.781097,0.089474,119.434465,8.405999
21.81000,9.995267,-14.715636,0.041559,120.980699,8.522954
21.81500,9.995385,-15.358866,-1.020043,120.363977,8.869470
21.82000,9.995500,-15.597228,0.264469,119.706404,8.629666
21.82500,9.995613,-14.498232,0.836566,118.174310,8.372647
21.83000,9.995723,-15.523261,0.170967,119.800683,8.542718
21.83500,9.995830,-15.772293,-0.361267,119.971198,8.413909
21.84000,9.995934,-15.031091,-1.133244,125.373587,8.476124
21.84500,9.996035,-15.529880,-0.181518,119.698758,8.269296
21.85000,9.996135,-14.974288,-0.366370,117.532966,8.531472
21.85500,9.996231,-14.763119,-0.069242,118.908881,8.262283
21.86000,9.996325,-13.782996,-0.230018,119.391153,8.554623
21.86500,9.996417,-14.009008,-0.353429,115.285367,8.555248
21.87000,9.996507,-14.114487,-0.032186,119.798052,8.627118
21.87500,9.996594,-15.435285,-0.882077,120.247787,8.837392
21.88000,9.996679,-14.607581,-1.210191,120.176478,8.246627
21.88500,9.996762,-15.588431,-0.463504,117.688074,8.316761
21.89000,9.996843,-15.304236,-0.763364,119.292633,8.346655
21.89500,9.996922,-15.347763,0.206596,120.474938,8.412117
21.90000,9.996999,-15.757290,0.790148,121.669014,8.632332
21.90500,9.997074,-16.291630,0.359760,120.524901,8.447190
21.91000,9.997147,-14.392596,-0.313454,117.030601,8.409252
21.91500,9.997219,-14.934634,-0.282239,121.388376,8.326503
21.92000,9.997288,-15.517952,0.331648,123.257266,8.402371
21.92500,9.997356,-14.800447,0.336565,119.359156,8.431413
21.93000,9.997422,-15.147397,0.503032,114.277942,8.482222
21.93500,9.997487,-14.479291,-0.637681,121.751347,8.280051
21.94000,9.997549,-15.226353,0.441790,122.203689,8.486318
21.94500,9.997611,-14.638615,1.518189,120.000346,8.584129
21.95000,9.997670,-16.551949,0.851245,119.065132,8.550796
21.95500,9.997729,-13.692557,0.671109,122.460334,8.307991
21.96000,9.997785,-14.492269,-0.046038,121.776559,8.622660
21.96500,9.997841,-15.399610,-0.201170,119.981332,8.620099
21.97000,9.997895,-15.786865,0.197841,119.652861,8.543189
21.97500,9.997947,-16.489111,-0.550054,120.443719,8.310808
21.98000,9.997999,-15.313100,-0.704711,122.266213,8.273464
21.98500,9.998049,-15.456486,0.354830,120.325838,8.503663
21.99000,9.998097,-15.207702,-1.319504,117.473206,8.341053
21.99500,9.998145,-15.212930,0.102480,118.689179,8.293919
22.00000,9.993193,-14.958021,0.801917,120.365862,8.633387
22.00500,9.983240,-16.235912,-0.556580,120.854104,8.636382
22.01000,9.968288,-16.218969,0.194055,118.778714,8.595210
22.01500,9.948335,-14.415875,-0.006247,121.637718,8.696629
22.02000,9.923383,-14.999581,2.169363,118.638170,8.634071
22.02500,9.893430,-14.143443,1.260610,122.114427,8.319541
22.03000,9.858478,-15.755847,2.377532,123.637146,8.669244
22.03500,9.818526,-15.139576,1.818749,121.759182,8.511049
22.04000,9.773573,-15.657497,3.056782,120.147063,8.557575
22.04500,9.723621,-13.030625,2.944234,121.157221,8.725540
22.05000,9.668668,-15.969360,4.062480,115.222678,8.549537
22.05500,9.608716,-15.399011,4.423552,122.950221,8.716171
22.06000,9.543763,-14.313491,5.129334,117.816737,8.477660
22.06500,9.473811,-13.794906,7.229968,117.445677,8.401959
22.07000,9.398858,-15.816954,8.031105,118.570326,8.341548
22.07500,9.318906,-14.962688,8.414079,117.225286,8.415623
22.08000,9.233954,-15.745576,9.424784,119.117938,8.164742
22.08500,9.144001,-13.519115,10.312556,118.353489,8.393785
22.09000,9.049049,-13.577631,11.305127,118.659563,8.364410
22.09500,8.949096,-14.002390,10.633519,121.111707,8.277990
22.10000,8.844144,-14.473660,13.174001,119.246025,7.992640
22.10500,8.734191,-13.618019,12.918466,116.813310,7.975473
22.11000,8.619239,-13.563184,14.293255,117.418208,8.376968
22.11500,8.499287,-13.102247,16.057998,115.706631,8.086120
22.12000,8.374334,-13.822847,15.144897,119.348228,8.400014
22.12500,8.244382,-12.162372,18.134896,114.389189,8.036679
22.13000,8.109429,-13.451850,17.215121,115.465082,8.150770
22.13500,7.969477,-12.915787,17.694673,119.459106,7.821382
22.14000,7.824524,-12.540439,20.157706,114.741640,7.885642
22.14500,7.674572,-11.565733,19.259820,115.203185,7.885727
22.15000,7.519619,-12.004764,21.060863,115.363536,7.939253
22.15500,7.359667,-10.595309,20.468776,110.109108,8.033672
22.16000,7.194715,-10.684078,22.816001,113.390564,7.845200
22.16500,7.024762,-11.646478,22.254443,114.358845,7.392720
22.17000,6.849810,-10.355500,23.209935,111.845050,7.525480
22.17500,6.669857,-11.523664,26.431197,111.920277,7.403809
22.18000,6.484905,-11.409589,24.565446,107.791424,7.231649
22.18500,6.294952,-9.102940,26.531552,108.888078,7.312164
22.19000,6.100000,-9.593148,28.083322,107.110951,7.351207
22.19500,5.900048,-8.561295,28.078003,106.736417,6.923057
22.20000,5.695095,-9.516010,28.816643,102.721917,7.039610
22.20500,5.485143,-9.472912,27.567708,103.058757,6.952767
22.21000,5.270190,-9.351443,30.096616,104.189523,6.442506
22.21500,5.050238,-7.399601,32.249383,100.468498,6.734225
22.22000,4.825285,-7.757448,30.624625,101.628439,6.574154
22.22500,4.595333,-8.985987,32.112526,102.321656,6.209219
22.23000,4.360381,-8.202611,34.526143,98.101869,6.266417
22.23500,4.120428,-7.772465,35.123338,96.158949,5.879688
22.24000,3.875476,-7.762884,34.659051,95.645710,5.847218
22.24500,3.625523,-5.815332,35.925838,90.685154,5.595087
22.25000,3.370571,-6.287367,36.408974,89.743041,5.182769
22.25500,3.110618,-5.358582,37.774797,86.675186,5.167453
22.26000,2.845666,-5.311403,38.410039,85.253426,4.909397
22.26500,2.575713,-6.172534,39.666863,88.738969,4.661655
22.27000,2.300761,-5.052627,39.978365,81.372625,4.357712
22.27500,2.020809,-4.961391,40.932433,80.883516,4.205896
22.28000,1.735856,-3.226825,42.401029,77.954518,3.922842
22.28500,1.445904,-3.175368,42.684018,75.498309,4.065529
22.29000,1.159756,-3.422142,42.144685,73.442694,3.368556
22.29500,0.878609,-1.634415,43.054600,71.187085,3.450234
22.30000,0.602461,-0.498541,43.898642,69.893080,3.111069
22.30500,0.331313,-2.400846,45.682769,65.957624,2.775041
22.31000,0.065166,-2.581569,44.036634,64.835152,2.833521
22.31500,-0.195982,-0.736927,44.657809,60.940333,2.353931
22.32000,-0.452129,-0.177375,42.541113,57.886440,2.409201
22.32500,-0.703277,-1.323640,43.562441,55.266143,1.943396
22.33000,-0.949425,-0.555746,43.893563,56.419206,1.764282
22.33500,-1.190572,0.079845,43.998762,47.327158,1.433678
22.34000,-1.426720,1.485668,43.181121,46.553098,1.290694
22.34500,-1.657867,1.614192,41.145062,45.294926,1.070984
22.35000,-1.884015,0.889377,42.387179,41.882657,0.593857
22.35500,-2.105163,1.489419,39.943776,35.499537,0.395103
22.36000,-2.321310,1.702888,40.026830,32.090369,0.398523
22.36500,-2.532458,2.839915,38.057489,31.056871,-0.223827
22.37000,-2.738605,4.579796,38.581648,30.389974,-0.125654
22.37500,-2.939753,4.479007,37.082317,26.220557,-0.726611
22.38000,-3.135901,4.394432,35.656732,21.203408,-1.014798
22.38500,-3.327048,3.327003,35.233884,17.277178,-1.448373
22.39000,-3.513196,5.152661,33.073973,14.208400,-1.578937
22.39500,-3.694343,4.206684,33.509178,10.979561,-1.971177
22.40000,-3.870491,4.459784,31.696137,5.014501,-2.044952
22.40500,-4.041639,6.018734,31.327363,1.661577,-2.100805
22.41000,-4.207786,5.402931,31.735097,1.064091,-2.460187
22.41500,-4.368934,6.341534,29.819625,1.862321,-2.782828
22.42000,-4.525081,6.462174,28.443574,-4.997458,-3.082530
22.42500,-4.676229,5.897286,27.373863,-12.504264,-3.260441
22.43000,-4.822376,6.684207,27.582925,-14.457679,-3.601629
22.43500,-4.963524,7.193212,25.703538,-15.599554,-3.791626
22.44000,-5.099672,6.976776,25.183856,-20.816278,-3.512713
22.44500,-5.230819,6.431447,25.327141,-21.479912,-3.978663
22.45000,-5.356967,8.316344,24.065367,-26.711136,-4.354011
22.45500,-5.478114,7.273869,23.808871,-30.006647,-4.303651
22.46000,-5.594262,7.322266,22.979456,-34.255279,-4.361990
22.46500,-5.705410,7.672612,22.705012,-33.679023,-4.865797
22.47000,-5.812774,8.852466,20.877970,-36.914284,-4.955127
22.47500,-5.917455,8.552383,19.891361,-39.768801,-5.292942
22.48000,-6.019519,9.785872,20.405040,-42.117112,-5.499773
22.48500,-6.119031,7.718941,20.038304,-46.688384,-5.193250
22.49000,-6.216055,8.585532,18.662869,-46.712000,-5.020759
22.49500,-6.310654,9.120178,18.344698,-54.147974,-5.788552
22.50000,-6.402887,9.004044,17.877350,-53.133540,-6.048248
22.50500,-6.492815,8.343951,17.175275,-58.194216,-5.700698
22.51000,-6.580495,8.778311,16.596172,-60.913641,-5.865547
22.51500,-6.665982,9.227737,16.105880,-63.826130,-6.056722
22.52000,-6.749333,9.398422,14.796598,-63.641112,-5.999964
22.52500,-6.830599,9.741744,14.317614,-66.767929,-6.364707
22.53000,-6.909834,9.791894,14.834982,-67.179450,-6.352525
22.53500,-6.987089,9.398029,15.372347,-73.587164,-6.349276
22.54000,-7.062411,9.089493,14.383663,-73.385308,-6.586640
22.54500,-7.135851,11.251310,13.349830,-77.896667,-6.528864
22.55000,-7.207455,11.488819,12.133707,-76.798125,-6.695081
22.55500,-7.277268,10.606798,13.184179,-76.866628,-6.640991
22.56000,-7.345337,11.416922,11.751483,-83.662018,-6.732219
22.56500,-7.411703,11.434790,12.940701,-81.171435,-7.100483
22.57000,-7.476411,11.522114,10.958057,-87.292790,-6.821560
22.57500,-7.539500,10.585041,12.135793,-83.713822,-7.086219
22.58000,-7.601013,11.202093,11.883525,-88.061843,-7.026635
22.58500,-7.660988,10.885574,11.261046,-88.726160,-7.175549
22.59000,-7.719463,10.228385,12.382845,-93.610478,-6.818815
22.59500,-7.776476,10.515966,8.912592,-89.323650,-7.011770
22.60000,-7.832064,11.644794,10.958648,-94.211094,-7.036396
22.60500,-7.886263,11.577265,10.041771,-96.196974,-6.800462
22.61000,-7.939106,11.978818,9.421198,-94.364086,-6.893280
22.61500,-7.990629,11.795583,9.615634,-99.137949,-7.043706
22.62000,-8.040863,11.941849,8.929592,-99.142731,-7.335967
22.62500,-8.089841,12.114031,8.876349,-100.361756,-6.924087
22.63000,-8.137595,11.265834,7.947292,-102.156241,-7.070249
22.63500,-8.184155,11.553326,7.847437,-99.129044,-7.089710
22.64000,-8.229552,13.676466,9.631159,-98.712202,-6.925645
22.64500,-8.273813,12.466387,9.302113,-104.982360,-7.137220
22.65000,-8.316967,13.127518,7.724790,-100.441147,-7.056651
22.65500,-8.359043,12.005966,7.963649,-102.125167,-6.911630
22.66000,-8.400067,12.467380,6.319834,-105.792849,-6.963130
22.66500,-8.440065,13.412171,8.278250,-104.281675,-7.147655
22.67000,-8.479064,12.763424,6.401418,-101.991439,-6.836307
22.67500,-8.517087,12.983193,6.968567,-108.000194,-6.887521
22.68000,-8.554160,13.279987,7.978849,-108.308519,-6.779937
22.68500,-8.590306,12.708440,6.247383,-109.640560,-7.082925
22.69000,-8.625548,11.948902,7.043594,-103.609776,-7.049212
22.69500,-8.659910,11.945782,5.726161,-106.188831,-6.929758
22.70000,-8.693412,12.009567,6.445117,-110.299284,-7.032790
22.70500,-8.726077,11.975623,5.989132,-109.235906,-7.089456
22.71000,-8.757925,11.571638,6.554860,-107.814747,-7.138107
22.71500,-8.788977,12.241884,6.209942,-109.982285,-7.181966
22.72000,-8.819252,12.618095,5.656206,-107.231686,-7.249720
22.72500,-8.848771,14.270032,5.344694,-109.722356,-7.264445
22.73000,-8.877552,12.618539,5.726887,-107.399884,-7.121156
22.73500,-8.905613,13.297177,5.629014,-109.452609,-7.248000
22.74000,-8.932973,13.151053,3.506421,-109.842726,-7.436338
22.74500,-8.959648,13.224291,5.472715,-111.656758,-7.233709
22.75000,-8.985657,12.537051,3.600036,-109.804114,-7.010904
22.75500,-9.011016,13.744819,5.128862,-108.891959,-7.079342
22.76000,-9.035740,13.074599,4.439873,-113.950833,-7.617241
22.76500,-9.059847,14.238568,4.106435,-109.547555,-7.464909
22.77000,-9.083351,13.700843,4.674236,-108.102198,-7.243321
22.77500,-9.106267,12.646372,3.792903,-108.893262,-7.376487
22.78000,-9.128610,14.173536,3.938171,-109.999330,-7.405424
22.78500,-9.150395,12.784782,4.062499,-111.288852,-7.464257
22.79000,-9.171635,12.489457,2.949673,-113.135535,-7.464380
22.79500,-9.192344,15.090649,3.997732,-112.807288,-7.657715
22.80000,-9.212535,14.148559,4.559288,-111.692078,-7.352206
22.80500,-9.232222,14.481121,3.541448,-113.157331,-7.721458
22.81000,-9.251417,13.550409,3.606319,-110.750187,-7.614687
22.81500,-9.270131,13.553814,3.799265,-112.007661,-7.389712
22.82000,-9.288378,13.228603,3.773332,-111.615637,-7.488725
22.82500,-9.306168,13.528869,3.049901,-108.456798,-7.685689
22.83000,-9.323514,13.503601,3.405543,-110.604182,-7.716222
22.83500,-9.340426,12.881638,4.465851,-109.576654,-7.836316
22.84000,-9.356916,14.852255,2.703370,-114.579495,-7.851499
22.84500,-9.372993,13.322393,2.712654,-109.872659,-7.841079
22.85000,-9.388668,14.615661,2.266064,-112.776100,-7.630622
22.85500,-9.403951,13.255070,2.973573,-107.785461,-7.928840
22.86000,-9.418852,14.135385,3.592682,-114.220215,-7.805038
22.86500,-9.433381,13.437482,4.183700,-112.761998,-7.853200
22.87000,-9.447547,13.771449,2.086643,-109.517373,-7.883743
22.87500,-9.461358,14.015304,2.018348,-106.991683,-8.014136
22.88000,-9.474824,13.767159,1.985423,-114.321710,-7.885120
22.88500,-9.487953,14.077781,2.417609,-111.803518,-7.996866
22.89000,-9.500755,13.976189,2.999330,-112.941595,-8.030004
22.89500,-9.513236,13.583415,1.661316,-108.140435,-8.139530
22.90000,-9.525405,14.203479,2.402085,-107.251327,-8.416289
22.90500,-9.537270,14.273248,2.197444,-110.931508,-7.999479
22.91000,-9.548838,14.816617,1.644432,-109.706822,-8.015357
22.91500,-9.560117,14.110598,2.099771,-112.946565,-8.225649
22.92000,-9.571114,13.475170,2.453705,-114.084005,-8.194104
22.92500,-9.581836,13.869964,2.384539,-110.749105,-8.140573
22.93000,-9.592290,14.280220,1.932503,-112.823085,-8.347844
22.93500,-9.602483,14.187787,2.028733,-110.435967,-8.107594
22.94000,-9.612421,14.855957,0.649685,-112.684058,-8.120937
22.94500,-9.622110,15.426528,0.757850,-109.522322,-8.112765
22.95000,-9.631558,14.694483,1.966316,-112.659911,-8.114328
22.95500,-9.640769,14.729245,1.719086,-112.468176,-8.553725
22.96000,-9.649750,14.871681,2.135294,-110.600691,-8.196420
22.96500,-9.658506,14.280022,2.138929,-112.327103,-8.351806
22.97000,-9.667043,14.537271,1.032895,-110.001758,-8.124955
22.97500,-9.675367,15.065703,1.989641,-114.192439,-8.140781
22.98000,-9.683483,14.963761,0.470734,-115.000369,-8.184477
22.98500,-9.691396,13.447486,1.060330,-111.374635,-8.327052
22.99000,-9.699111,14.418590,1.237181,-112.336438,-7.895364
22.99500,-9.706633,14.388249,1.823990,-114.710094,-8.332629
23.00000,-9.713967,14.720776,0.129558,-115.955107,-8.486894
23.00500,-9.721118,15.602895,1.955712,-115.209561,-8.184908
23.01000,-9.728090,15.575970,0.159407,-114.059940,-8.554441
23.01500,-9.734888,14.074357,0.932342,-114.651476,-8.045873
23.02000,-9.741516,15.650155,1.125443,-116.525315,-8.185111
23.02500,-9.747978,14.322008,3.361357,-116.205878,-8.139299
23.03000,-9.754278,15.288547,0.465820,-113.477376,-8.182828
23.03500,-9.760421,14.903224,1.499679,-112.453541,-8.280726
23.04000,-9.766411,14.689394,1.954201,-111.771283,-8.541916
23.04500,-9.772251,14.182327,1.152158,-116.620805,-8.432961
23.05000,-9.777944,15.344229,0.195018,-117.412059,-8.256537
23.05500,-9.783496,15.165120,0.982856,-114.161858,-8.372141
23.06000,-9.788908,13.698750,1.102716,-116.126670,-8.284897
23.06500,-9.794186,15.626091,1.098132,-114.072006,-8.443837
23.07000,-9.799331,14.636214,1.397785,-113.902153,-8.458854
23.07500,-9.804348,15.113089,-0.052274,-116.718528,-8.293901
23.08000,-9.809239,14.217631,-0.719799,-116.344546,-8.226166
23.08500,-9.814008,14.703682,1.806349,-119.469642,-8.336832
23.09000,-9.818658,14.671629,-0.639249,-119.533974,-8.484537
23.09500,-9.823191,12.800872,1.082244,-115.041576,-8.587829
23.10000,-9.827612,15.751900,1.043286,-112.379510,-8.029654
23.10500,-9.831921,15.142026,0.628544,-120.220948,-8.507858
23.11000,-9.836123,14.665299,0.390504,-119.833868,-8.466995
23.11500,-9.840220,16.007519,0.514203,-118.020921,-8.445091
23.12000,-9.844215,15.772834,0.723196,-115.681245,-8.199683
23.12500,-9.848109,15.653539,0.285524,-121.088441,-8.449665
23.13000,-9.851907,14.051726,0.605965,-117.355915,-8.252732
23.13500,-9.855609,16.161403,1.774212,-114.746216,-8.291349
23.14000,-9.859219,15.105133,0.565376,-122.250479,-8.509589
23.14500,-9.862738,15.907759,1.537902,-120.098997,-8.313716
23.15000,-9.866170,14.245913,1.081501,-116.402124,-8.523764
23.15500,-9.869516,14.766302,1.564708,-115.653776,-8.364528
23.16000,-9.872778,14.284709,1.127459,-119.695151,-8.229748
23.16500,-9.875958,14.472712,1.708822,-116.327228,-8.379107
23.17000,-9.879059,14.242355,1.232088,-116.279393,-8.482981
23.17500,-9.882083,14.216202,0.295371,-121.124065,-8.410630
23.18000,-9.885031,15.449358,0.594212,-118.572365,-8.377813
23.18500,-9.887905,14.739993,1.965441,-119.621255,-8.301557
23.19000,-9.890707,14.660638,0.211703,-119.142334,-8.701756
23.19500,-9.893440,13.543570,1.858675,-118.150676,-8.636760
23.20000,-9.896104,14.927017,0.108534,-120.935067,-8.287004
23.20500,-9.898701,14.056677,0.744225,-122.595960,-8.382134
23.21000,-9.901234,15.485874,2.147717,-121.651699,-8.366102
23.21500,-9.903703,14.606573,0.971102,-121.562039,-8.339013
23.22000,-9.906110,15.160015,0.241880,-119.353267,-8.399386
23.22500,-9.908457,14.635402,-0.929732,-117.091193,-8.446864
23.23000,-9.910746,14.275903,0.973321,-120.109703,-8.365709
23.23500,-9.912977,14.001856,0.512783,-120.550028,-8.285356
23.24000,-9.915153,15.467280,1.561685,-120.182092,-8.338484
23.24500,-9.917274,14.907531,-0.027063,-117.630698,-8.390660
23.25000,-9.919342,14.095450,0.436088,-119.493319,-8.554864
23.25500,-9.921359,14.992109,0.772299,-119.178564,-8.365816
23.26000,-9.923325,15.538669,1.057850,-120.682447,-8.579880
23.26500,-9.925242,14.929342,-1.164040,-119.429029,-8.510563
23.27000,-9.927111,15.382283,1.048289,-120.166498,-8.390320
23.27500,-9.928933,14.596364,0.860202,-117.048187,-8.398930
23.28000,-9.930709,13.578372,-0.080969,-119.315866,-8.255338
23.28500,-9.932442,13.980222,0.469096,-116.971840,-8.290982
23.29000,-9.934131,14.657972,-0.445519,-118.555662,-8.353910
23.29500,-9.935777,15.017894,-0.644256,-118.961285,-8.479935
23.30000,-9.937383,15.477642,1.239338,-123.070732,-8.436544
23.30500,-9.938948,16.182650,-0.199057,-119.966286,-8.474564
23.31000,-9.940475,14.892997,0.834739,-121.481466,-8.179652
23.31500,-9.941963,14.946600,0.147140,-117.523229,-8.375019
23.32000,-9.943414,15.449906,0.714273,-118.886532,-8.545433
23.32500,-9.944828,15.043678,0.037199,-118.793260,-8.577772
23.33000,-9.946208,14.683741,1.437951,-119.956731,-8.266036
23.33500,-9.947552,14.967669,-0.866498,-116.859046,-8.587067
23.34000,-9.948864,15.961288,0.775178,-123.772710,-8.403095
23.34500,-9.950142,14.856904,1.500793,-118.184532,-8.434042
23.35000,-9.951389,13.785129,-0.459171,-120.486660,-8.302625
23.35500,-9.952604,15.945837,-0.713410,-121.772366,-8.597426
23.36000,-9.953789,14.830290,1.031400,-121.184771,-8.397789
23.36500,-9.954944,15.761097,0.501273,-119.811057,-8.438876
23.37000,-9.956070,14.532121,0.126119,-119.109692,-8.350950
23.37500,-9.957169,13.544683,1.186531,-117.459229,-8.267927
23.38000,-9.958239,14.503288,0.426402,-121.109213,-8.458869
23.38500,-9.959283,13.928802,0.944450,-121.271594,-8.509515
23.39000,-9.960301,15.033722,0.205269,-117.628359,-8.344818
23.39500,-9.961294,15.034695,0.077083,-117.413765,-8.690500
23.40000,-9.962261,14.643962,0.612626,-121.851670,-8.450871
23.40500,-9.963205,16.064810,-0.065896,-121.204557,-8.628171
23.41000,-9.964125,14.180749,1.346330,-119.100419,-8.663066
23.41500,-9.965022,14.037814,0.362015,-120.362449,-8.719845
23.42000,-9.965896,15.020616,-0.085843,-118.353247,-8.731710
23.42500,-9.966749,15.406153,-0.333804,-121.331707,-8.357931
23.43000,-9.967580,15.001318,-0.991983,-121.124364,-8.351853
23.43500,-9.968391,14.408037,0.758046,-113.434200,-8.468069
23.44000,-9.969181,15.567920,-0.094934,-117.443161,-8.327958
23.44500,-9.969951,13.531870,0.200338,-116.412231,-8.479524
23.45000,-9.970702,14.073364,0.312002,-118.890811,-8.558796
23.45500,-9.971435,14.709561,1.016176,-121.060419,-8.647019
23.46000,-9.972149,13.675209,0.306951,-117.243632,-8.368494
23.46500,-9.972845,14.895476,-0.363256,-116.504970,-8.361430
23.47000,-9.973524,14.616554,-0.313671,-120.087985,-8.293862
23.47500,-9.974186,14.785481,0.169677,-120.268304,-8.604269
23.48000,-9.974831,14.976372,-0.428863,-118.523217,-8.526225
23.48500,-9.975461,15.277442,1.096174,-119.897792,-8.686699
23.49000,-9.976074,15.033536,-0.320827,-122.860360,-8.310633
23.49500,-9.976672,14.981590,-0.522983,-118.283606,-8.376099
23.50000,-9.977255,13.655299,-0.023460,-118.027105,-8.405254
23.50500,-9.977824,14.734536,0.440812,-123.422383,-8.484611
23.51000,-9.978378,14.299429,0.656928,-115.987550,-8.504037
23.51500,-9.978919,14.457298,-0.846883,-122.105418,-8.536402
23.52000,-9.979446,13.215572,0.648857,-122.347436,-8.316716
23.52500,-9.979960,14.171602,0.738369,-121.682027,-8.576070
23.53000,-9.980461,14.666234,0.087325,-119.845577,-8.346580
23.53500,-9.980949,15.776315,0.331259,-119.991650,-8.436972
23.54000,-9.981426,14.105900,0.507855,-123.382266,-8.631480
23.54500,-9.981890,13.744369,-1.733302,-119.600058,-8.697743
23.55000,-9.982343,14.951851,0.943861,-118.936848,-8.597410
23.55500,-9.982784,16.097089,0.404167,-121.311627,-8.485098
23.56000,-9.983215,15.438210,-0.093825,-124.738553,-8.673960
23.56500,-9.983634,14.714851,0.353067,-122.264267,-8.384680
23.57000,-9.984043,15.165806,0.685852,-121.368699,-8.307606
23.57500,-9.984442,14.421950,0.482954,-118.339066,-8.397059
23.58000,-9.984831,15.101145,-0.123791,-120.913635,-8.734000
23.58500,-9.985210,14.742057,0.051740,-118.970844,-8.833180
23.59000,-9.985580,16.284070,-0.397428,-113.932804,-8.348003
23.59500,-9.985941,14.374028,1.048115,-119.909130,-8.254400
23.60000,-9.986292,15.273893,-0.611644,-120.332544,-8.539401
23.60500,-9.986635,15.217348,0.571628,-118.020766,-8.400559
23.61000,-9.986969,14.861932,-0.286482,-117.282090,-8.520230
23.61500,-9.987295,15.076065,-0.807687,-117.085671,-8.575973
23.62000,-9.987612,16.497480,-0.123115,-119.840104,-8.330040
23.62500,-9.987922,14.043000,0.053088,-122.593244,-8.563272
23.63000,-9.988224,15.104914,0.806491,-123.974810,-8.352040
23.63500,-9.988518,15.584008,1.020872,-121.801817,-8.220811
23.64000,-9.988805,14.314636,-0.828919,-120.694615,-8.499487
23.64500,-9.989085,14.145632,-1.070160,-122.552180,-8.198616
23.65000,-9.989358,13.817314,0.398039,-123.142458,-8.680068
23.65500,-9.989624,16.222539,-0.214532,-120.755056,-8.343404
23.66000,-9.989884,15.316615,-0.146318,-121.015139,-8.481160
23.66500,-9.990137,14.531316,-0.033205,-121.291229,-8.095055
23.67000,-9.990383,14.594834,-0.082656,-116.224816,-8.477035
23.67500,-9.990624,14.756429,0.669220,-118.071789,-8.603989
23.68000,-9.990858,15.204321,-0.182257,-122.844872,-8.238387
23.68500,-9.991087,14.384817,0.304561,-118.133890,-8.716390
23.69000,-9.991309,15.414123,0.956127,-120.403930,-8.418170
23.69500,-9.991527,15.438393,-0.035709,-121.815793,-8.601203
23.70000,-9.991738,15.915942,0.176407,-121.361920,-8.276953
23.70500,-9.991945,15.311174,0.616915,-114.433084,-8.502252
23.71000,-9.992146,15.463937,-0.760936,-120.395627,-8.357079
23.71500,-9.992343,15.282425,0.327463,-122.057876,-8.493416
23.72000,-9.992534,15.755988,-0.371103,-120.516650,-8.655113
23.72500,-9.992721,15.372521,-1.133263,-118.588855,-8.815021
23.73000,-9.992903,14.830297,-0.811801,-119.899509,-8.218131
23.73500,-9.993080,14.597180,0.741081,-120.641297,-8.454162
23.74000,-9.993253,14.604451,-0.337728,-122.199837,-8.664783
23.74500,-9.993422,15.051109,0.311832,-121.630798,-8.537953
23.75000,-9.993586,14.440178,0.735760,-123.148389,-8.341012
23.75500,-9.993747,14.942679,0.677924,-120.178768,-8.717425
23.76000,-9.993903,14.473043,-1.447500,-119.148237,-8.147470
23.76500,-9.994055,15.016833,0.138809,-119.246885,-8.530003
23.77000,-9.994204,14.928572,0.150680,-120.350655,-8.548334
23.77500,-9.994349,15.143629,0.672742,-117.368829,-8.297925
23.78000,-9.994490,15.758585,0.681278,-119.315653,-8.461507
23.78500,-9.994628,15.027332,-1.244927,-118.928292,-8.645875
23.79000,-9.994762,13.827074,-0.419677,-122.477354,-8.354870
23.79500,-9.994893,15.429089,-1.111635,-120.986542,-8.426033
23.80000,-9.995021,15.071920,0.709885,-121.149664,-8.323712
23.80500,-9.995145,15.148534,1.165880,-117.885154,-8.635113
23.81000,-9.995267,14.929900,-0.428529,-120.443256,-8.666515
23.81500,-9.995385,14.517898,0.404059,-120.524128,-8.400596
23.82000,-9.995500,14.074165,-0.824486,-120.667769,-8.562121
23.82500,-9.995613,15.300326,-1.382848,-116.889615,-8.823728
23.83000,-9.995723,15.517370,1.350125,-121.333282,-8.585611
23.83500,-9.995830,13.852434,-0.180776,-121.799490,-8.401445
23.84000,-9.995934,14.610656,1.459082,-119.647079,-8.607349
23.84500,-9.996035,13.684309,1.301608,-120.305116,-8.302787
23.85000,-9.996135,13.843851,-0.469855,-117.186753,-8.573998
23.85500,-9.996231,15.601128,0.314001,-117.667168,-8.512354
23.86000,-9.996325,14.880810,-0.487867,-119.442663,-8.744765
23.86500,-9.996417,15.956015,0.637325,-120.417042,-8.619614
23.87000,-9.996507,13.954533,0.237201,-120.022897,-8.526659
23.87500,-9.996594,15.075531,0.049850,-117.171491,-8.410332
23.88000,-9.996679,15.635407,0.256522,-119.161898,-8.469867
23.88500,-9.996762,15.593382,0.104642,-118.696172,-8.336851
23.89000,-9.996843,16.282898,1.330061,-125.194681,-8.829601
23.89500,-9.996922,15.272069,-0.391284,-122.536737,-8.494833
23.90000,-9.996999,15.289032,-0.531197,-120.443008,-8.520721
23.90500,-9.997074,15.278131,0.461374,-118.741745,-8.657593
23.91000,-9.997147,15.462765,-0.819108,-118.708246,-8.505044
23.91500,-9.997219,15.197311,0.241942,-119.881581,-8.612082
23.92000,-9.997288,14.986816,0.206818,-123.882775,-8.433410
23.92500,-9.997356,14.870061,0.376588,-119.904602,-8.551260
23.93000,-9.997422,15.445594,1.039203,-121.859790,-8.421496
23.93500,-9.997487,14.690208,-0.310415,-124.785104,-8.637074
23.94000,-9.997549,14.426266,-0.420227,-122.112401,-8.305142
23.94500,-9.997611,15.628335,-0.067310,-121.062387,-8.437816
23.95000,-9.997670,14.817761,0.900692,-119.789895,-8.226649
23.95500,-9.997729,14.775351,0.165757,-118.539017,-8.518792
23.96000,-9.997785,15.202321,-0.143637,-119.798811,-8.574697
23.96500,-9.997841,14.663002,-0.471544,-120.176761,-8.477499
23.97000,-9.997895,14.376685,0.198636,-121.273428,-8.569344
23.97500,-9.997947,15.615185,0.189938,-120.219422,-8.656661
23.98000,-9.997999,15.769134,0.343708,-122.565667,-8.495778
23.98500,-9.998049,14.375094,0.578880,-118.639051,-8.508034
23.99000,-9.998097,14.860461,-1.158037,-120.142222,-8.597188
23.99500,-9.998145,15.335593,0.503161,-117.923286,-8.556575
24.00000,-9.993193,15.814155,1.164762,-118.932998,-8.646479
24.00500,-9.983240,15.501938,0.240314,-120.946174,-8.475855
24.01000,-9.968288,15.497910,-0.778005,-120.323076,-8.702845
24.01500,-9.948335,14.715828,0.279076,-120.195854,-8.238638
24.02000,-9.923383,15.118874,-2.292465,-120.023163,-8.492327
24.02500,-9.893430,15.654650,-0.682821,-125.561401,-8.352141
24.03000,-9.858478,14.184415,-0.881920,-122.107849,-8.678477
24.03500,-9.818526,15.495855,-2.728044,-115.916737,-8.440514
24.04000,-9.773573,15.001854,-3.250922,-119.820315,-8.510826
24.04500,-9.723621,14.395516,-3.269126,-116.945660,-8.336928
24.05000,-9.668668,15.139179,-5.284226,-121.099705,-8.349179
24.05500,-9.608716,14.971552,-4.665425,-123.208622,-8.726817
24.06000,-9.543763,14.198184,-6.687744,-120.502051,-8.293683
24.06500,-9.473811,14.390990,-5.917983,-120.549970,-8.688395
24.07000,-9.398858,13.885633,-9.458165,-121.366181,-8.244599
24.07500,-9.318906,14.173104,-8.538604,-117.020410,-8.444565
24.08000,-9.233954,13.482794,-9.221321,-116.374715,-8.604119
24.08500,-9.144001,13.142965,-9.551208,-120.783402,-8.295552
24.09000,-9.049049,14.539147,-10.405338,-114.937720,-8.377101
24.09500,-8.949096,12.813349,-11.625097,-116.965057,-8.511195
24.10000,-8.844144,12.801227,-13.388182,-121.240292,-8.446076
24.10500,-8.734191,12.917435,-12.948241,-116.240251,-8.230075
24.11000,-8.619239,14.823805,-14.826885,-117.381537,-8.479254
24.11500,-8.499287,12.284431,-14.789960,-117.834534,-8.364195
24.12000,-8.374334,12.809219,-16.872763,-120.959509,-7.907708
24.12500,-8.244382,12.459854,-16.923821,-116.215634,-8.263281
24.13000,-8.109429,13.276316,-16.929428,-118.383046,-8.039431
24.13500,-7.969477,12.063183,-17.237777,-112.447818,-7.973481
24.14000,-7.824524,13.193208,-19.199257,-118.036403,-7.836019
24.14500,-7.674572,12.151484,-20.511100,-118.466255,-7.784798
24.15000,-7.519619,12.841697,-20.785321,-113.704054,-8.237260
24.15500,-7.359667,11.949803,-21.231974,-116.547782,-7.851404
24.16000,-7.194715,11.479926,-20.851652,-110.165850,-7.516978
24.16500,-7.024762,10.451055,-23.194021,-114.574613,-7.735191
24.17000,-6.849810,10.640329,-25.052567,-110.281001,-7.245365
24.17500,-6.669857,10.681449,-25.119016,-113.126468,-7.391223
24.18000,-6.484905,10.332427,-26.003494,-111.211944,-7.515680
24.18500,-6.294952,10.659117,-27.224698,-108.836207,-7.135621
24.19000,-6.100000,9.971336,-25.872043,-109.648161,-6.812115
24.19500,-5.900048,10.270511,-27.876055,-105.590122,-7.095253
24.20000,-5.695095,9.330704,-27.790041,-107.447494,-6.783245
24.20500,-5.485143,8.947804,-28.498839,-101.712630,-6.874980
24.21000,-5.270190,9.428378,-30.643943,-101.594703,-6.693918
24.21500,-5.050238,8.737389,-30.904258,-105.656162,-6.445625
24.22000,-4.825285,8.772080,-31.515917,-96.511633,-6.237542
24.22500,-4.595333,8.168235,-32.611816,-98.675570,-6.109463
24.23000,-4.360381,7.226165,-33.856490,-99.642650,-5.972663
24.23500,-4.120428,7.385674,-34.080009,-95.661444,-5.471401
24.24000,-3.875476,7.179953,-34.946586,-94.375352,-5.836989
24.24500,-3.625523,6.617751,-35.506473,-91.168780,-5.780622
24.25000,-3.370571,7.159634,-37.806076,-89.293452,-5.227749
24.25500,-3.110618,4.448245,-37.050609,-86.715028,-5.097937
24.26000,-2.845666,5.600116,-37.466005,-90.064965,-5.154717
24.26500,-2.575713,5.130548,-39.388628,-84.791033,-4.471565
24.27000,-2.300761,5.304838,-39.765881,-84.641303,-4.640613
24.27500,-2.020809,3.936729,-39.142160,-84.524050,-4.540729
24.28000,-1.735856,4.031863,-40.660049,-80.682401,-4.045530
24.28500,-1.445904,2.992617,-43.729781,-78.970815,-3.792565
24.29000,-1.159756,2.031299,-42.334109,-73.531827,-3.304992
24.29500,-0.878609,1.932467,-42.476527,-72.577520,-3.673447
24.30000,-0.602461,3.050886,-43.816797,-68.672849,-3.399392
24.30500,-0.331313,0.813216,-44.069728,-67.064057,-3.007084
24.31000,-0.065166,1.570660,-44.681513,-63.961261,-2.789236
24.31500,0.195982,-0.058367,-44.419669,-60.521344,-2.486165
24.32000,0.452129,0.985480,-44.703959,-60.514146,-2.332998
24.32500,0.703277,0.492016,-43.307735,-56.292688,-2.209311
24.33000,0.949425,-0.226744,-42.534873,-53.433099,-1.781296
24.33500,1.190572,-1.056380,-41.880186,-51.252318,-1.343642
24.34000,1.426720,-1.073169,-41.494172,-49.284908,-1.069102
24.34500,1.657867,-1.232307,-41.798595,-43.474612,-1.027687
24.35000,1.884015,-2.040486,-41.167705,-39.629163,-0.578738
24.35500,2.105163,-3.531954,-40.098631,-33.857965,-0.331855
24.36000,2.321310,-2.040233,-38.891190,-34.218857,-0.204964
24.36500,2.532458,-2.815951,-38.229552,-30.881540,0.083258
24.37000,2.738605,-3.265596,-37.113907,-30.534789,0.410064
24.37500,2.939753,-3.806426,-37.318370,-25.032134,1.098020
24.38000,3.135901,-6.097197,-35.259518,-18.884579,0.956180
24.38500,3.327048,-4.236430,-35.351165,-13.957344,1.055137
24.39000,3.513196,-4.691616,-34.058537,-13.823307,1.426066
24.39500,3.694343,-4.398614,-32.866681,-7.967652,1.620654
24.40000,3.870491,-4.842071,-31.658107,-4.531616,2.134249
24.40500,4.041639,-5.791233,-31.586814,-0.213061,1.874846
24.41000,4.207786,-5.217681,-30.440829,0.253227,2.283568
24.41500,4.368934,-5.954364,-29.092145,0.678908,2.819924
24.42000,4.525081,-5.939116,-28.732005,5.713639,2.991546
24.42500,4.676229,-6.431426,-28.833846,11.305361,3.161258
24.43000,4.822376,-6.193596,-26.594256,10.788306,3.491892
24.43500,4.963524,-6.377996,-28.389633,15.224840,3.394572
24.44000,5.099672,-6.709676,-26.129912,16.766690,3.867452
24.44500,5.230819,-6.206177,-23.956604,20.587037,3.841053
24.45000,5.356967,-6.709165,-23.111135,21.908133,4.017767
24.45500,5.478114,-7.326857,-24.223812,30.681946,4.484390
24.46000,5.594262,-8.146233,-22.314459,29.858742,4.469409
24.46500,5.705410,-8.215409,-22.974535,34.611917,4.714826
24.47000,5.812774,-8.159578,-19.344893,38.532731,5.036570
24.47500,5.917455,-8.335894,-20.569609,39.772966,4.941736
24.48000,6.019519,-9.090211,-20.191187,41.007129,5.351873
24.48500,6.119031,-9.436074,-19.284087,44.922309,5.751702
24.49000,6.216055,-8.557524,-17.941020,46.762344,5.514486
24.49500,6.310654,-8.981904,-18.403989,52.045876,5.825427
24.50000,6.402887,-9.091530,-16.036342,53.162649,5.921035
24.50500,6.492815,-10.462854,-15.941559,59.542346,5.723796
24.51000,6.580495,-10.585818,-16.574257,58.933218,5.818059
24.51500,6.665982,-9.422137,-14.303563,63.323140,6.131922
24.52000,6.749333,-9.070710,-15.419953,62.625706,5.897619
24.52500,6.830599,-9.181497,-15.255300,63.142764,6.321817
24.53000,6.909834,-9.663016,-14.920986,68.542886,6.436732
24.53500,6.987089,-9.622832,-13.174964,73.558989,6.544361
24.54000,7.062411,-11.217272,-13.237197,75.757167,6.610369
24.54500,7.135851,-9.767457,-13.387642,78.304776,6.809688
24.55000,7.207455,-10.141776,-12.968067,76.847113,6.609793
24.55500,7.277268,-12.103115,-13.000473,78.890421,6.921238
24.56000,7.345337,-9.851845,-11.341034,81.795262,6.841295
24.56500,7.411703,-9.990725,-11.651842,82.583416,6.882494
24.57000,7.476411,-11.168513,-12.407640,86.195322,6.814099
24.57500,7.539500,-11.818835,-11.045560,88.477960,7.018359
24.58000,7.601013,-10.222531,-10.584942,90.284088,6.783316
24.58500,7.660988,-11.147851,-10.409893,88.047239,7.036504
24.59000,7.719463,-12.122874,-10.306539,94.362940,7.118508
24.59500,7.776476,-11.877410,-9.900531,88.463523,6.861319
24.60000,7.832064,-11.128519,-10.857386,93.152793,6.833386
24.60500,7.886263,-11.889237,-10.422941,93.927133,6.876690
24.61000,7.939106,-10.571159,-9.949641,96.175631,6.998435
24.61500,7.990629,-12.241227,-9.131646,96.781925,7.069940
24.62000,8.040863,-11.286741,-7.843312,100.851864,7.156734
24.62500,8.089841,-11.133076,-9.382311,97.771011,7.320404
24.63000,8.137595,-11.852903,-7.654583,101.947479,7.283510
24.63500,8.184155,-11.650824,-8.324602,98.812354,7.079413
24.64000,8.229552,-12.562005,-9.024214,102.018320,6.980888
24.64500,8.273813,-11.319315,-6.851800,103.656422,6.857816
24.65000,8.316967,-12.186958,-8.148330,105.683271,7.174388
24.65500,8.359043,-12.746622,-7.318156,101.751428,7.130123
24.66000,8.400067,-12.372501,-8.364923,100.184749,7.010232
24.66500,8.440065,-11.667543,-7.502511,109.159757,7.031526
24.67000,8.479064,-12.636130,-7.095452,104.049065,7.043039
24.67500,8.517087,-13.592439,-6.935676,105.930178,6.667744
24.68000,8.554160,-13.302346,-6.292269,106.654877,7.062725
24.68500,8.590306,-11.881901,-6.988494,110.466857,7.128228
24.69000,8.625548,-12.844948,-5.913281,109.412621,7.066120
24.69500,8.659910,-13.442181,-7.217613,110.807748,6.929462
24.70000,8.693412,-12.713980,-5.637096,111.412227,7.110447
24.70500,8.726077,-12.648656,-5.576038,109.943765,7.188139
24.71000,8.757925,-12.605569,-5.255173,108.659610,7.404185
24.71500,8.788977,-13.358222,-5.293605,112.278656,7.303023
24.72000,8.819252,-13.002860,-4.908810,111.769879,7.245532
24.72500,8.848771,-13.014158,-5.762926,110.485022,7.161737
24.73000,8.877552,-13.088001,-5.713733,106.060916,6.980123
24.73500,8.905613,-13.079059,-5.381814,108.879308,7.132670
24.74000,8.932973,-13.232662,-5.963370,111.242571,7.013553
24.74500,8.959648,-13.260926,-3.805135,109.393810,7.229658
24.75000,8.985657,-14.240603,-5.586557,112.561720,7.432164
24.75500,9.011016,-14.025742,-4.087724,116.332608,7.452459
24.76000,9.035740,-12.626840,-5.685915,110.936290,7.454567
24.76500,9.059847,-13.510675,-5.458808,111.578448,7.343026
24.77000,9.083351,-13.883339,-4.700223,112.720564,7.518969
24.77500,9.106267,-12.944423,-3.976498,114.744411,7.350605
24.78000,9.128610,-11.973117,-3.463918,106.364043,7.117680
24.78500,9.150395,-12.027500,-3.925199,109.915961,7.469767
24.79000,9.171635,-13.638018,-4.895247,114.079075,7.483280
24.79500,9.192344,-13.469025,-3.780484,110.958924,7.237561
24.80000,9.212535,-14.277262,-3.412477,107.352947,7.454710
24.80500,9.232222,-13.137295,-3.772824,112.235551,7.188783
24.81000,9.251417,-13.047653,-3.099631,108.254387,7.523514
24.81500,9.270131,-14.102432,-3.656295,113.101420,7.814717
24.82000,9.288378,-14.765226,-3.923563,113.258714,7.558539
24.82500,9.306168,-14.415729,-2.807150,110.345480,7.891929
24.83000,9.323514,-13.728211,-3.173598,108.659812,7.754612
24.83500,9.340426,-14.904054,-3.667996,112.304918,7.635246
24.84000,9.356916,-13.298914,-2.327764,110.448618,7.505338
24.84500,9.372993,-14.004183,-1.378037,110.609864,7.925468
24.85000,9.388668,-14.393388,-3.453912,109.983718,7.941617
24.85500,9.403951,-14.017861,-4.503786,110.231502,7.637839
24.86000,9.418852,-14.612609,-3.057794,109.216534,7.830512
24.86500,9.433381,-13.557578,-2.215147,113.166595,8.094450
24.87000,9.447547,-14.239257,-3.342284,113.863813,7.834926
24.87500,9.461358,-13.705903,-2.162790,109.595385,8.037588
24.88000,9.474824,-13.085958,-2.177320,108.717191,7.700533
24.88500,9.487953,-14.320502,-1.358416,113.180680,7.884001
24.89000,9.500755,-14.091607,-2.196584,114.389903,8.162518
24.89500,9.513236,-15.757988,-3.337055,112.842938,7.890336
24.90000,9.525405,-13.750594,-1.800227,114.209776,7.872354
24.90500,9.537270,-13.938672,-3.746795,113.522619,7.900989
24.91000,9.548838,-13.943353,-2.691605,112.037547,8.077765
24.91500,9.560117,-14.649463,-1.871716,111.395782,7.911630
24.92000,9.571114,-14.665611,-2.187974,110.397344,8.155921
24.92500,9.581836,-15.972951,-2.271009,111.938943,8.276690
24.93000,9.592290,-14.304491,-1.822028,108.412836,8.443314
24.93500,9.602483,-14.818810,-2.423971,115.496910,8.159770
24.94000,9.612421,-14.275041,-1.667072,110.001083,8.485247
24.94500,9.622110,-14.286334,-1.506899,113.108848,8.335631
24.95000,9.631558,-14.250818,-1.161691,113.430472,8.226905
24.95500,9.640769,-15.138681,-1.851403,112.559993,8.352717
24.96000,9.649750,-13.924052,-2.715000,112.785211,8.517559
24.96500,9.658506,-14.138471,-0.621352,111.283589,8.523416
24.97000,9.667043,-14.799123,-1.615239,112.211527,8.417670
24.97500,9.675367,-15.341701,-2.437040,114.860162,8.294481
24.98000,9.683483,-14.839761,-1.195983,114.867373,8.444379
24.98500,9.691396,-15.526356,-1.424262,110.618441,8.355370
24.99000,9.699111,-14.444213,-1.340687,113.481271,8.353503
24.99500,9.706633,-14.868682,-2.104638,109.956816,8.372443
25.00000,9.713967,-13.434446,-1.930517,113.704799,8.616918
25.00500,9.721118,-13.919244,-2.012846,114.179092,8.154835
25.01000,9.728090,-15.007026,-0.888483,111.235082,8.331205
25.01500,9.734888,-14.913335,-1.963181,117.405240,8.176783
25.02000,9.741516,-14.836839,-1.844567,111.499367,8.481269
25.02500,9.747978,-15.188764,-1.677906,117.211880,8.521000
25.03000,9.754278,-14.026889,-0.982261,111.143268,8.559583
25.03500,9.760421,-14.917166,-1.657196,116.418098,8.296322
25.04000,9.766411,-16.213640,-0.725736,110.868629,8.359912
25.04500,9.772251,-14.940510,-1.109840,114.037234,8.470773
25.05000,9.777944,-16.338249,-1.511770,112.446552,8.380263
25.05500,9.783496,-14.744409,-1.483960,116.059762,8.396985
25.06000,9.788908,-14.257485,-1.270300,113.762830,8.381999
25.06500,9.794186,-14.984046,-1.474721,115.205613,8.393006
25.07000,9.799331,-15.825800,-0.413679,116.290452,8.332678
25.07500,9.804348,-14.954599,1.229962,113.775921,8.417845
25.08000,9.809239,-14.119412,-0.765020,114.763700,8.123112
25.08500,9.814008,-14.783503,-1.154812,116.712112,8.283457
25.09000,9.818658,-15.881378,0.687587,114.247797,8.142292
25.09500,9.823191,-15.510217,-0.095823,117.277520,8.333348
25.10000,9.827612,-14.761071,-1.071082,112.712770,8.233357
25.10500,9.831921,-14.799179,-1.283685,121.062079,8.428690
25.11000,9.836123,-14.562494,-0.802051,119.178051,8.539958
25.11500,9.840220,-15.274357,-1.585101,113.749443,8.153600
25.12000,9.844215,-16.921070,-1.760371,115.293943,8.224694
25.12500,9.848109,-14.971862,0.067325,116.363394,8.396027
25.13000,9.851907,-13.904603,-0.929570,118.451564,8.567962
25.13500,9.855609,-14.220285,0.033224,118.957484,8.465194
25.14000,9.859219,-15.988338,-2.521095,119.755525,8.414700
25.14500,9.862738,-15.278282,-0.591102,120.069874,8.338075
25.15000,9.866170,-15.349515,0.724975,115.242466,8.279707
25.15500,9.869516,-13.792349,0.221451,118.102606,8.408514
25.16000,9.872778,-14.654551,0.300020,117.493660,8.427775
25.16500,9.875958,-15.960732,0.320171,119.232988,8.376723
25.17000,9.879059,-15.325594,-0.678843,117.687993,8.263819
25.17500,9.882083,-13.907510,0.715952,114.249787,8.107863
25.18000,9.885031,-14.430832,-0.718977,117.133132,8.226383
25.18500,9.887905,-14.891229,0.125154,123.629908,8.301817
25.19000,9.890707,-15.934243,-1.187817,118.374475,8.182985
25.19500,9.893440,-15.994449,-1.758921,121.004960,8.414822
25.20000,9.896104,-13.205126,-0.419442,118.333282,8.147998
25.20500,9.898701,-15.130107,-0.511870,117.936258,8.323330
25.21000,9.901234,-15.668125,-0.261325,118.654144,8.427472
25.21500,9.903703,-15.158743,-0.664645,118.189267,8.502186
25.22000,9.906110,-13.316144,-0.637361,120.577468,8.417310
25.22500,9.908457,-13.839225,-1.960120,117.807779,8.569412
25.23000,9.910746,-14.410590,0.365538,114.816201,8.295196
25.23500,9.912977,-15.204749,0.873240,120.773220,8.270691
25.24000,9.915153,-14.274292,-0.599221,120.075127,8.561822
25.24500,9.917274,-13.913867,-1.718687,118.077271,8.261950
25.25000,9.919342,-14.920962,-0.742022,118.690036,8.377154
25.25500,9.921359,-15.178858,0.390134,120.690424,8.137827
25.26000,9.923325,-14.796867,-0.386725,119.906971,8.581670
25.26500,9.925242,-14.588857,-1.982920,117.004118,8.522954
25.27000,9.927111,-15.270641,-0.271769,122.090712,8.300321
25.27500,9.928933,-16.346135,-0.933198,124.691119,8.150574
25.28000,9.930709,-13.744045,-0.237044,119.255050,8.462466
25.28500,9.932442,-14.443365,-0.402907,117.094220,8.469017
25.29000,9.934131,-15.418744,-0.652847,121.567184,8.610369
25.29500,9.935777,-14.714811,0.223632,122.304806,8.719740
25.30000,9.937383,-14.340954,-0.552098,117.400686,8.473814
25.30500,9.938948,-14.192681,-1.241762,116.087975,8.407350
25.31000,9.940475,-15.147649,-0.609916,116.444349,8.407671
25.31500,9.941963,-15.218613,0.794116,118.292854,8.400990
25.32000,9.943414,-15.084231,-0.454738,117.001258,8.239536
25.32500,9.944828,-14.608458,-0.738859,118.375176,8.315065
25.33000,9.946208,-16.494142,-2.430111,118.401500,8.442629
25.33500,9.947552,-13.750109,-0.853652,115.809718,8.205557
25.34000,9.948864,-15.119683,-0.673708,120.036982,8.259069
25.34500,9.950142,-14.942513,0.129068,122.325068,8.651687
25.35000,9.951389,-15.419790,-1.202130,114.932997,8.362659
25.35500,9.952604,-15.434789,0.062265,118.780074,8.591826
25.36000,9.953789,-14.816731,0.577792,118.306767,8.639749
25.36500,9.954944,-15.120013,-0.946649,117.632713,8.474110
25.37000,9.956070,-14.944216,-0.261524,119.416465,8.602364
25.37500,9.957169,-15.437783,1.004887,116.984736,8.448634
25.38000,9.958239,-14.284544,0.042147,121.002077,8.343407
25.38500,9.959283,-15.340977,-0.803558,118.502345,8.462784
25.39000,9.960301,-14.682807,-0.421185,117.020423,8.491661
25.39500,9.961294,-15.626571,1.513903,120.126342,8.500942
25.40000,9.962261,-14.522449,-0.505430,119.430789,8.494475
25.40500,9.963205,-14.555152,-1.824859,122.292000,8.423605
25.41000,9.964125,-14.535637,-0.481849,119.559950,8.648768
25.41500,9.965022,-15.475687,-0.526780,118.401556,8.455759
25.42000,9.965896,-14.963695,-0.606559,123.321909,8.423215
25.42500,9.966749,-14.727259,0.091954,119.677072,8.630320
25.43000,9.967580,-14.072719,0.852406,119.995953,8.334772
25.43500,9.968391,-15.054835,1.026694,122.361601,8.488160
25.44000,9.969181,-14.662628,1.099319,118.016628,8.715792
25.44500,9.969951,-14.963954,0.197586,119.000812,8.499494
25.45000,9.970702,-15.604530,-0.503629,117.551620,8.708129
25.45500,9.971435,-15.922203,-0.565131,123.404111,8.450806
25.46000,9.972149,-15.856977,-1.005614,117.344749,8.412262
25.46500,9.972845,-14.416528,0.622325,116.795359,8.465822
25.47000,9.973524,-16.404883,-0.548189,116.735922,8.404806
25.47500,9.974186,-15.183019,0.407002,123.101910,8.435853
25.48000,9.974831,-15.866320,0.179851,121.507774,8.423278
25.48500,9.975461,-15.002307,0.768787,117.692205,8.613559
25.49000,9.976074,-15.216837,-0.187989,117.604078,8.551842
25.49500,9.976672,-14.268545,0.279368,124.221440,8.458270
25.50000,9.977255,-14.821992,0.736022,117.867715,8.375393
25.50500,9.977824,-15.595298,1.687189,119.316925,8.982094
25.51000,9.978378,-14.510598,0.192760,117.701556,8.459229
25.51500,9.978919,-15.308739,0.368123,124.614730,8.704815
25.52000,9.979446,-14.581824,0.037152,117.705458,8.308933
25.52500,9.979960,-15.363920,-1.000627,116.170985,8.375994
25.53000,9.980461,-16.322955,0.563021,119.650882,8.677231
25.53500,9.980949,-14.564352,0.716608,119.885603,8.320574
25.54000,9.981426,-15.220657,-0.744776,118.604112,8.324800
25.54500,9.981890,-13.464467,0.706068,117.706689,8.479926
25.55000,9.982343,-14.882274,-1.117476,115.301678,8.376549
25.55500,9.982784,-15.934486,0.054972,117.337610,8.443368
25.56000,9.983215,-15.292493,-0.551586,123.349016,8.511761
25.56500,9.983634,-13.976385,0.205192,115.728557,8.621303
25.57000,9.984043,-15.097095,-0.910325,122.087540,8.516127
25.57500,9.984442,-15.387234,1.730876,124.299736,8.533113
25.58000,9.984831,-15.136379,-0.381054,122.251687,8.691044
25.58500,9.985210,-14.952426,0.878273,120.181367,8.704902
25.59000,9.985580,-15.349571,1.046072,122.221729,8.434090
25.59500,9.985941,-15.733682,-0.359401,122.171191,8.204194
25.60000,9.986292,-15.962475,-0.133729,116.562687,8.333939
25.60500,9.986635,-14.349449,0.641984,120.716645,8.652660
25.61000,9.986969,-13.171865,-0.269177,117.355215,8.415531
25.61500,9.987295,-14.687854,-0.225263,115.023765,8.380621
25.62000,9.987612,-14.069070,-1.046825,121.641558,8.420265
25.62500,9.987922,-14.529700,-0.543923,117.797627,8.733535
25.63000,9.988224,-14.794196,-0.602759,120.121259,8.498835
25.63500,9.988518,-15.937800,0.292677,116.742860,8.432653
25.64000,9.988805,-14.962088,0.310841,121.757022,8.383442
25.64500,9.989085,-14.823090,-0.736421,120.858079,8.322950
25.65000,9.989358,-15.104445,-0.445733,118.861275,8.923722
25.65500,9.989624,-15.245785,-0.306226,117.573360,8.485840
25.66000,9.989884,-14.937353,0.048713,117.996934,8.515380
25.66500,9.990137,-14.993324,-0.354270,119.898042,8.444045
25.67000,9.990383,-15.184945,-0.634525,118.138718,8.656810
25.67500,9.990624,-15.319467,0.356469,117.347378,8.339329
25.68000,9.990858,-15.052149,0.359121,120.812384,8.199842
25.68500,9.991087,-14.796906,-0.115110,120.328510,8.406279
25.69000,9.991309,-14.780148,-0.549428,121.781062,8.546573
25.69500,9.991527,-14.737610,-0.137795,121.468301,8.842167
25.70000,9.991738,-14.285427,0.214080,117.000088,8.484427
25.70500,9.991945,-14.616638,-0.399465,119.834873,8.364506
25.71000,9.992146,-14.198458,-0.704159,117.668446,8.462192
25.71500,9.992343,-14.135640,-1.351220,116.628236,8.377760
25.72000,9.992534,-15.511436,0.137311,119.883200,8.377543
25.72500,9.992721,-14.978195,0.725300,119.009288,8.512367
25.73000,9.992903,-14.970958,2.111248,120.521311,8.544208
25.73500,9.993080,-14.871146,0.066735,118.701897,8.398287
25.74000,9.993253,-15.480843,0.112417,121.089695,8.668306
25.74500,9.993422,-13.553601,0.035402,119.280855,8.488598
25.75000,9.993586,-16.240662,-0.556438,120.197898,8.518254
25.75500,9.993747,-15.379627,-2.040764,121.933101,8.422124
25.76000,9.993903,-14.608826,0.411708,123.445581,8.558159
25.76500,9.994055,-16.086644,-0.048652,118.883370,8.564980
25.77000,9.994204,-15.214633,-0.208228,115.345287,8.604130
25.77500,9.994349,-14.910084,0.895849,116.312144,8.377642
25.78000,9.994490,-15.473792,1.621308,122.364068,8.600217
25.78500,9.994628,-14.601469,-0.635032,123.513524,8.416321
25.79000,9.994762,-16.157367,0.409921,121.586359,8.519054
25.79500,9.994893,-15.781429,0.490883,122.981202,8.618691
25.80000,9.995021,-13.842399,1.091174,118.995480,8.737157
25.80500,9.995145,-14.909691,-0.525503,118.600798,8.436203
25.81000,9.995267,-14.856514,-0.293223,122.571867,8.335139
25.81500,9.995385,-16.258072,-0.441865,121.460877,8.527144
25.82000,9.995500,-15.414142,-0.127900,120.998948,8.693406
25.82500,9.995613,-14.662083,0.944410,121.160503,8.455508
25.83000,9.995723,-15.775753,-1.201758,119.780575,8.879150
25.83500,9.995830,-15.580012,-1.059658,116.261433,8.217057
25.84000,9.995934,-14.397242,1.548529,122.297767,8.737414
25.84500,9.996035,-15.762216,-0.263390,120.416101,8.685850
25.85000,9.996135,-14.992447,-0.704634,118.285962,8.677525
25.85500,9.996231,-15.239923,0.676235,118.814514,8.379489
25.86000,9.996325,-15.854690,0.161083,121.732723,8.715763
25.86500,9.996417,-14.992543,-0.314452,118.454306,8.686889
25.87000,9.996507,-14.826752,0.010356,117.438230,8.699198
25.87500,9.996594,-16.335393,0.416281,120.720704,8.472787
25.88000,9.996679,-14.332885,-0.146335,121.718257,8.470268
25.88500,9.996762,-15.622811,0.117412,121.895016,8.706488
25.89000,9.996843,-15.536728,-0.121307,121.702542,8.561004
25.89500,9.996922,-14.895371,-1.282068,120.555992,8.452067
25.90000,9.996999,-14.540987,0.531125,119.514656,8.379529
25.90500,9.997074,-14.353083,0.882581,115.799697,8.548042
25.91000,9.997147,-16.006058,-0.169850,119.601524,8.299293
25.91500,9.997219,-15.041330,0.145206,118.600781,8.596079
25.92000,9.997288,-14.426547,0.364751,123.465500,8.531473
25.92500,9.997356,-15.430922,-0.643788,118.843620,8.268942
25.93000,9.997422,-15.460029,0.038927,120.619448,8.577023
25.93500,9.997487,-15.049839,-0.702565,121.652509,8.692058
25.94000,9.997549,-14.368623,-0.257940,117.501094,8.545438
25.94500,9.997611,-14.458028,0.359927,117.418897,8.302982
25.95000,9.997670,-14.757734,-1.805051,122.661357,8.413896
25.95500,9.997729,-15.096303,-1.213343,122.527065,8.635520
25.96000,9.997785,-15.713422,-1.069840,116.331277,8.307219
25.96500,9.997841,-15.512619,-0.717820,120.088233,8.449262
25.97000,9.997895,-16.144658,0.558905,122.824320,8.682492
25.97500,9.997947,-14.145404,-1.151179,118.199968,8.462822
25.98000,9.997999,-14.722713,-0.013413,120.013521,8.417148
25.98500,9.998049,-15.033484,0.684053,120.132547,8.630214
25.99000,9.998097,-15.156809,0.325290,119.146283,8.753787
25.99500,9.998145,-14.766228,1.113104,118.778430,8.567230
26.00000,9.993193,-16.272832,0.012932,114.156399,8.302032
26.00500,9.983240,-14.091580,0.002765,117.436669,8.258302
26.01000,9.968288,-14.551978,0.277220,119.103493,8.467144
26.01500,9.948335,-15.504974,1.057004,120.290197,8.227936
26.02000,9.923383,-15.079929,0.371827,123.677843,8.491896
26.02500,9.893430,-13.567805,1.677584,125.147077,8.643840
26.03000,9.858478,-14.397284,2.400316,122.815908,8.094443
26.03500,9.818526,-13.910605,2.616480,120.243707,8.473645
26.04000,9.773573,-14.766316,2.234465,117.449957,8.548127
26.04500,9.723621,-15.344971,4.429524,119.366869,8.411656
26.05000,9.668668,-14.977383,5.944119,122.063451,8.550429
26.05500,9.608716,-13.972159,6.340824,119.400828,8.561180
26.06000,9.543763,-14.428983,5.709268,120.194571,8.638480
26.06500,9.473811,-14.874992,6.512903,122.320654,8.883498
26.07000,9.398858,-16.186046,7.733108,117.516989,8.506509
26.07500,9.318906,-13.798260,8.360554,117.879269,8.305947
26.08000,9.233954,-13.566485,9.816456,122.498666,8.271250
26.08500,9.144001,-14.113854,11.360972,120.357782,8.220975
26.09000,9.049049,-13.939016,11.825606,121.052923,8.500052
26.09500,8.949096,-13.913316,12.615200,119.401874,8.419612
26.10000,8.844144,-14.546035,13.160260,116.419910,8.412271
26.10500,8.734191,-13.378279,12.852221,121.221305,8.341220
26.11000,8.619239,-14.234543,13.681250,117.236777,8.522729
26.11500,8.499287,-13.311349,15.471643,118.877829,8.408293
26.12000,8.374334,-12.958983,16.410124,118.710373,8.354497
26.12500,8.244382,-12.924759,16.932715,118.085746,8.048677
26.13000,8.109429,-13.472804,17.956488,114.220234,8.053920
26.13500,7.969477,-13.180194,18.185339,117.284374,7.848752
26.14000,7.824524,-12.143721,18.741958,112.951489,7.890321
26.14500,7.674572,-13.052158,20.449583,115.887997,7.940488
26.15000,7.519619,-12.615104,20.757539,113.734345,7.669955
26.15500,7.359667,-11.416149,21.253378,117.213998,7.686400
26.16000,7.194715,-11.865661,22.200460,112.004448,8.016375
26.16500,7.024762,-11.006081,23.131471,112.217090,7.593142
26.17000,6.849810,-11.093035,24.452750,111.396556,7.300802
26.17500,6.669857,-10.697983,24.500396,106.758535,7.244886
26.18000,6.484905,-10.758887,25.081003,109.492244,7.322788
26.18500,6.294952,-11.008043,26.001299,108.943768,7.359595
26.19000,6.100000,-10.967615,27.786299,106.351724,7.104274
26.19500,5.900048,-9.298959,28.205255,106.615447,7.133501
26.20000,5.695095,-9.146728,29.764119,106.418814,6.924683
26.20500,5.485143,-9.674138,28.309757,105.464073,6.575761
26.21000,5.270190,-7.695848,30.931879,104.574371,6.770856
26.21500,5.050238,-8.346191,31.309926,104.351922,6.401210
26.22000,4.825285,-8.153003,32.609225,103.156704,6.614054
26.22500,4.595333,-7.518117,31.551792,98.649601,6.080896
26.23000,4.360381,-8.096399,34.085219,98.463065,5.991017
26.23500,4.120428,-7.669002,33.730280,96.118574,5.764984
26.24000,3.875476,-7.286370,35.745788,93.539664,5.637601
26.24500,3.625523,-6.620555,37.577527,91.744481,5.573582
26.25000,3.370571,-5.569381,36.932449,88.720007,5.293044
26.25500,3.110618,-5.365620,36.722020,89.588586,5.317421
26.26000,2.845666,-6.010449,38.727911,89.311210,5.008249
26.26500,2.575713,-4.368712,38.517147,84.361292,4.988389
26.27000,2.300761,-2.760626,40.017358,82.169683,4.552459
26.27500,2.020809,-4.792953,40.779050,79.102077,4.531827
26.28000,1.735856,-2.853834,41.490319,76.041997,4.304311
26.28500,1.445904,-4.287876,42.225287,74.231402,3.878197
26.29000,1.159756,-3.350086,44.723408,74.612152,4.066721
26.29500,0.878609,-2.505115,44.105988,68.234293,3.679924
26.30000,0.602461,-3.683979,43.451372,72.744327,3.297132
26.30500,0.331313,-1.900845,45.623759,68.466519,2.944394
26.31000,0.065166,-1.073201,44.210971,64.210672,2.719548
26.31500,-0.195982,-0.141065,45.140707,60.120042,2.458828
26.32000,-0.452129,-0.232420,44.855802,60.578923,2.278271
26.32500,-0.703277,0.208168,44.164270,55.106667,1.806194
26.33000,-0.949425,-1.140135,43.997737,57.101657,1.731930
26.33500,-1.190572,0.648243,42.549896,49.707636,1.370696
26.34000,-1.426720,0.882679,42.246069,47.977630,1.457521
26.34500,-1.657867,3.012230,41.785759,42.164368,1.055694
26.35000,-1.884015,2.651382,40.909581,43.183483,0.929464
26.35500,-2.105163,1.636470,41.116478,38.780637,0.773332
26.36000,-2.321310,3.328821,39.588278,35.614258,0.214253
26.36500,-2.532458,2.090677,38.452086,34.911011,0.184489
26.37000,-2.738605,3.543792,37.186059,26.225968,-0.332848
26.37500,-2.939753,2.830454,36.311123,20.859869,-0.558355
26.38000,-3.135901,4.688727,35.764268,17.281868,-1.063838
26.38500,-3.327048,4.468211,35.561059,16.674965,-1.166550
26.39000,-3.513196,5.287943,34.222423,14.072641,-1.217995
26.39500,-3.694343,5.222637,32.651044,10.670012,-1.617291
26.40000,-3.870491,4.962718,32.374334,9.143654,-2.003742
26.40500,-4.041639,4.823620,31.413512,7.046931,-2.193507
26.41000,-4.207786,5.387233,30.875796,-0.187731,-2.552231
26.41500,-4.368934,5.862015,29.658866,0.645724,-2.782177
26.42000,-4.525081,6.402780,27.967585,-6.493115,-3.134659
26.42500,-4.676229,6.683051,28.948829,-10.759910,-2.973120
26.43000,-4.822376,6.556737,28.863192,-10.406044,-3.199548
26.43500,-4.963524,7.250283,26.420801,-13.439137,-3.602654
26.44000,-5.099672,6.443694,26.235934,-17.093948,-4.003936
26.44500,-5.230819,7.373059,24.392721,-23.928234,-4.039983
26.45000,-5.356967,6.482845,24.978463,-22.045175,-3.893469
26.45500,-5.478114,7.844588,23.836792,-27.305765,-4.598140
26.46000,-5.594262,7.722925,22.709041,-32.961679,-4.656380
26.46500,-5.705410,9.004599,21.116514,-34.303208,-4.828841
26.47000,-5.812774,7.876502,20.754115,-37.003056,-4.803817
26.47500,-5.917455,8.011730,19.815722,-40.491825,-5.284241
26.48000,-6.019519,7.464682,19.492374,-44.590650,-5.203799
26.48500,-6.119031,9.214069,19.679929,-42.670799,-5.517957
26.49000,-6.216055,7.964397,19.363711,-50.105998,-5.586126
26.49500,-6.310654,9.946340,17.024664,-51.025493,-5.850136
26.50000,-6.402887,8.300467,17.801303,-54.640803,-5.707159
26.50500,-6.492815,8.788197,14.334698,-56.611471,-5.980726
26.51000,-6.580495,8.058572,17.004435,-63.180606,-6.105570
26.51500,-6.665982,9.598112,15.955956,-57.985124,-5.948796
26.52000,-6.749333,10.077247,14.323977,-61.482216,-6.159074
26.52500,-6.830599,10.999099,13.870038,-67.145689,-5.938137
26.53000,-6.909834,10.495470,12.715827,-66.905169,-6.317520
26.53500,-6.987089,10.174338,14.522418,-71.369016,-6.444348
26.54000,-7.062411,9.818853,14.219313,-71.972051,-6.506863
26.54500,-7.135851,10.202984,12.466624,-75.987418,-6.166231
26.55000,-7.207455,11.969307,13.589789,-81.082372,-6.454197
26.55500,-7.277268,11.866577,11.460679,-80.990292,-6.740807
26.56000,-7.345337,11.247719,12.874162,-82.804175,-6.694585
26.56500,-7.411703,9.990560,12.126353,-84.854205,-6.864412
26.57000,-7.476411,11.099195,10.811193,-89.392157,-6.720104
26.57500,-7.539500,11.531782,11.674844,-87.248163,-6.931692
26.58000,-7.601013,10.405534,10.774724,-87.116529,-6.968787
26.58500,-7.660988,11.567837,9.340414,-89.044221,-6.840209
26.59000,-7.719463,11.709380,11.158941,-93.003588,-6.721714
26.59500,-7.776476,11.401149,10.041785,-89.124774,-6.816924
26.60000,-7.832064,11.035877,8.927692,-94.424493,-6.849076
26.60500,-7.886263,12.470141,10.052211,-94.440102,-6.970705
26.61000,-7.939106,11.314251,10.212654,-96.840101,-7.359011
26.61500,-7.990629,12.137427,8.708007,-99.234966,-7.023305
26.62000,-8.040863,12.436706,9.214524,-98.286087,-7.037413
26.62500,-8.089841,11.471683,10.080548,-101.575977,-6.929631
26.63000,-8.137595,12.381137,8.979912,-102.864744,-6.747456
26.63500,-8.184155,12.974880,8.424859,-105.393115,-6.904571
26.64000,-8.229552,12.589796,7.651630,-101.877184,-7.292657
26.64500,-8.273813,12.040134,8.998357,-101.727097,-7.024799
26.65000,-8.316967,12.488146,8.081148,-103.853164,-7.067773
26.65500,-8.359043,12.230935,7.993051,-105.251831,-6.924222
26.66000,-8.400067,12.036320,7.497689,-105.519746,-7.047558
26.66500,-8.440065,12.491768,7.244869,-103.915812,-7.335818
26.67000,-8.479064,12.393482,6.870155,-107.273615,-7.185374
26.67500,-8.517087,12.213718,6.144243,-106.833894,-7.100580
26.68000,-8.554160,12.144020,7.002360,-106.414057,-7.371848
26.68500,-8.590306,11.805274,7.020940,-107.860465,-7.082728
26.69000,-8.625548,13.054554,7.058460,-107.311207,-7.115271
26.69500,-8.659910,12.444926,6.426394,-106.977484,-6.915161
26.70000,-8.693412,13.560257,6.265762,-109.287562,-7.107829
26.70500,-8.726077,12.918820,6.552117,-104.941223,-7.196816
26.71000,-8.757925,13.113215,5.362555,-110.689488,-7.132398
26.71500,-8.788977,12.842265,4.691801,-109.491970,-7.123759
26.72000,-8.819252,13.820443,5.345180,-109.186450,-6.991554
26.72500,-8.848771,12.183408,4.984488,-110.004206,-7.304252
26.73000,-8.877552,13.163253,4.990929,-112.477994,-7.521552
26.73500,-8.905613,13.495225,5.160140,-110.186168,-6.768253
26.74000,-8.932973,12.668642,4.530551,-112.404606,-7.095790
26.74500,-8.959648,13.027361,4.653031,-110.860034,-7.227231
26.75000,-8.985657,13.152431,4.530886,-109.509542,-6.882226
26.75500,-9.011016,15.013074,4.185914,-109.129591,-7.454739
26.76000,-9.035740,14.396115,4.729851,-110.851880,-7.424987
26.76500,-9.059847,14.004119,4.843960,-111.881015,-7.395900
26.77000,-9.083351,15.052480,5.130833,-106.416718,-7.278835
26.77500,-9.106267,14.928157,4.435299,-111.209913,-7.452127
26.78000,-9.128610,14.158424,5.192767,-107.211799,-7.288247
26.78500,-9.150395,13.729394,3.645560,-112.692798,-7.491473
26.79000,-9.171635,12.761074,4.407561,-110.589408,-7.265647
26.79500,-9.192344,12.947874,4.718582,-107.782872,-7.423817
26.80000,-9.212535,13.492851,4.995729,-112.980533,-7.781537
26.80500,-9.232222,13.540642,3.364104,-113.657052,-7.560834
26.81000,-9.251417,14.201424,3.617776,-109.130761,-7.762656
26.81500,-9.270131,13.165029,3.828816,-107.851848,-7.638451
26.82000,-9.288378,14.475035,3.758017,-109.468097,-7.648032
26.82500,-9.306168,13.397960,3.660486,-110.267306,-7.332333
26.83000,-9.323514,13.900583,3.093077,-112.326087,-7.745548
26.83500,-9.340426,13.160352,2.940281,-110.493472,-7.988851
26.84000,-9.356916,14.068367,2.031750,-109.422948,-7.753288
26.84500,-9.372993,12.742265,3.149545,-112.084235,-7.979899
26.85000,-9.388668,13.946348,3.129333,-114.727252,-7.546359
26.85500,-9.403951,14.536724,3.378960,-108.993063,-7.748433
26.86000,-9.418852,12.856472,1.358828,-113.829138,-7.643093
26.86500,-9.433381,13.881203,3.991049,-114.224806,-7.975958
26.87000,-9.447547,13.424230,1.087551,-112.437240,-8.102901
26.87500,-9.461358,13.833595,1.755443,-109.200688,-7.922452
26.88000,-9.474824,13.657126,1.946074,-114.257482,-8.206195
26.88500,-9.487953,14.603948,2.266862,-111.506156,-8.167500
26.89000,-9.500755,15.430255,3.297955,-107.740974,-8.159396
26.89500,-9.513236,14.504186,1.956046,-110.861360,-8.087245
26.90000,-9.525405,14.128690,3.467043,-112.233580,-8.322749
26.90500,-9.537270,11.847953,1.528628,-113.550032,-8.427488
26.91000,-9.548838,13.581887,3.338082,-115.197964,-7.906272
26.91500,-9.560117,14.432623,1.712750,-109.108904,-8.231194
26.92000,-9.571114,13.774374,1.259119,-114.906002,-8.193542
26.92500,-9.581836,14.773305,0.848414,-111.903070,-8.089877
26.93000,-9.592290,14.563780,2.348525,-110.233920,-8.130113
26.93500,-9.602483,14.391580,1.494912,-113.619562,-8.314791
26.94000,-9.612421,14.348138,1.145931,-112.914656,-8.296549
26.94500,-9.622110,14.739868,0.755315,-110.445117,-7.990093
26.95000,-9.631558,14.869902,1.677942,-112.440371,-8.057188
26.95500,-9.640769,13.971119,1.570687,-110.269005,-8.147361
26.96000,-9.649750,14.623899,2.046249,-110.557140,-8.015186
26.96500,-9.658506,13.387893,2.500878,-109.918108,-8.575374
26.97000,-9.667043,14.835411,1.031712,-116.152251,-8.270584
26.97500,-9.675367,15.312686,1.179569,-112.650913,-8.341848
26.98000,-9.683483,15.008823,0.992189,-113.263663,-8.604129
26.98500,-9.691396,14.563104,1.097329,-113.955856,-8.258825
26.99000,-9.699111,14.775336,2.154706,-117.263303,-8.216472
26.99500,-9.706633,14.956541,2.671836,-114.154025,-8.281043
27.00000,-9.713967,14.421083,1.317569,-111.302415,-8.606454
27.00500,-9.721118,16.196440,1.493639,-112.086158,-8.362659
27.01000,-9.728090,14.752647,0.103187,-115.721793,-8.298615
27.01500,-9.734888,14.732892,-0.022652,-114.612030,-8.371272
27.02000,-9.741516,14.240448,0.950048,-114.768557,-8.292279
27.02500,-9.747978,15.104466,0.828813,-112.971125,-8.259752
27.03000,-9.754278,14.566290,0.139063,-116.252538,-8.117504
27.03500,-9.760421,15.184931,0.237863,-116.308956,-8.302518
27.04000,-9.766411,14.983351,0.636478,-118.077303,-7.929522
27.04500,-9.772251,13.720930,1.766132,-113.585544,-8.305355
27.05000,-9.777944,14.698372,2.122319,-111.423807,-8.294514
27.05500,-9.783496,15.223088,0.986155,-114.680247,-8.217208
27.06000,-9.788908,15.300629,1.692303,-114.389788,-8.349266
27.06500,-9.794186,14.788014,0.699016,-114.114710,-8.387664
27.07000,-9.799331,13.627868,1.276329,-118.303624,-8.143625
27.07500,-9.804348,14.102868,1.323472,-114.772460,-8.668404
27.08000,-9.809239,16.011938,0.940490,-113.016149,-8.610309
27.08500,-9.814008,15.158500,1.177675,-114.153338,-8.010759
27.09000,-9.818658,15.492817,0.717164,-116.854422,-8.218457
27.09500,-9.823191,13.009686,0.157997,-118.172455,-8.248000
27.10000,-9.827612,14.767505,0.080266,-118.116613,-8.284215
27.10500,-9.831921,15.048306,0.669644,-114.349143,-8.286958
27.11000,-9.836123,14.800027,1.244776,-118.219566,-8.477647
27.11500,-9.840220,15.300229,0.767230,-116.824760,-8.374324
27.12000,-9.844215,15.553261,0.276445,-116.687881,-8.489305
27.12500,-9.848109,15.240874,0.059487,-117.897958,-8.150235
27.13000,-9.851907,14.095230,0.731803,-119.322241,-8.230663
27.13500,-9.855609,13.706448,0.664923,-116.597128,-8.292632
27.14000,-9.859219,14.642111,0.200066,-119.196079,-8.269875
27.14500,-9.862738,13.682038,0.882520,-118.606634,-8.351700
27.15000,-9.866170,14.767787,0.594700,-115.411998,-8.511151
27.15500,-9.869516,15.878011,0.938830,-116.402147,-8.067611
27.16000,-9.872778,14.267664,-0.027552,-122.547976,-8.232945
27.16500,-9.875958,15.384213,0.925139,-120.429868,-8.362529
27.17000,-9.879059,15.200770,0.294056,-116.577665,-8.245153
27.17500,-9.882083,14.518504,0.478853,-120.181308,-8.141155
27.18000,-9.885031,14.797528,-0.238680,-116.660971,-8.157446
27.18500,-9.887905,14.124213,0.424040,-116.209760,-8.240294
27.19000,-9.890707,14.809233,1.127990,-116.297406,-8.217060
27.19500,-9.893440,15.272067,-0.843666,-114.880832,-8.383781
27.20000,-9.896104,14.369944,-0.088895,-121.326506,-8.140341
27.20500,-9.898701,14.799477,-0.502821,-120.546250,-8.205955
27.21000,-9.901234,14.626298,-0.117880,-119.780786,-8.208821
27.21500,-9.903703,15.457396,0.625289,-119.789934,-8.562045
27.22000,-9.906110,15.786362,0.565607,-116.866965,-8.263069
27.22500,-9.908457,14.439803,0.273918,-117.911112,-8.262536
27.23000,-9.910746,14.148240,-1.221985,-120.672834,-8.245369
27.23500,-9.912977,15.138159,0.948239,-119.936108,-8.778349
27.24000,-9.915153,14.738237,-0.320365,-121.584565,-8.669122
27.24500,-9.917274,15.036971,0.712975,-119.833019,-8.338380
27.25000,-9.919342,15.501105,1.429032,-121.933869,-8.533424
27.25500,-9.921359,14.977108,0.839714,-115.195356,-8.329818
27.26000,-9.923325,15.287701,1.053896,-117.470022,-8.408232
27.26500,-9.925242,13.903963,0.827163,-119.943321,-8.263895
27.27000,-9.927111,14.679404,-0.782578,-119.552893,-8.489441
27.27500,-9.928933,14.719379,-0.045825,-117.603679,-8.572170
27.28000,-9.930709,15.065376,-0.478844,-119.320125,-8.328537
27.28500,-9.932442,14.975092,-0.128572,-116.669629,-8.457265
27.29000,-9.934131,14.760669,0.123526,-118.977524,-8.601292
27.29500,-9.935777,13.918374,-0.260034,-114.507666,-8.730993
27.30000,-9.937383,15.132011,0.331057,-117.969041,-7.934568
27.30500,-9.938948,15.324802,-0.175332,-121.700362,-8.485329
27.31000,-9.940475,14.698941,0.938278,-121.539975,-8.470236
27.31500,-9.941963,15.019168,-0.084717,-120.537644,-8.742702
27.32000,-9.943414,14.586346,1.061499,-115.725842,-8.598382
27.32500,-9.944828,14.316106,1.839600,-120.125919,-8.467255
27.33000,-9.946208,14.535565,0.393867,-117.514412,-8.394216
27.33500,-9.947552,14.039837,-0.600400,-122.484647,-8.326521
27.34000,-9.948864,14.516371,-0.405924,-118.370983,-8.567962
27.34500,-9.950142,13.594282,0.375517,-121.769007,-8.378154
27.35000,-9.951389,15.015292,-0.304602,-120.505389,-8.275897
27.35500,-9.952604,15.740351,0.806192,-119.532244,-8.538425
27.36000,-9.953789,15.322405,0.113723,-122.455368,-8.471393
27.36500,-9.954944,14.820571,-0.252282,-114.597376,-8.744873
27.37000,-9.956070,14.609379,-0.117960,-121.912522,-8.592483
27.37500,-9.957169,13.886338,1.238401,-120.595065,-8.682675
27.38000,-9.958239,14.761503,-1.663732,-115.967348,-8.363140
27.38500,-9.959283,15.739462,-0.034287,-117.574276,-8.498008
27.39000,-9.960301,15.267960,0.385213,-124.675889,-8.221727
27.39500,-9.961294,13.778555,1.273484,-118.676228,-8.442480
27.40000,-9.962261,13.833672,0.253684,-117.299460,-8.347689
27.40500,-9.963205,15.056120,-0.690639,-121.701118,-8.393305
27.41000,-9.964125,13.946666,0.195699,-119.548176,-8.442943
27.41500,-9.965022,13.830575,0.146809,-121.119626,-8.643654
27.42000,-9.965896,15.580599,0.448275,-121.139472,-8.216836
27.42500,-9.966749,13.749775,-0.323885,-115.910624,-8.491045
27.43000,-9.967580,14.826338,0.620670,-117.468632,-8.766144
27.43500,-9.968391,15.220722,-0.205241,-121.288647,-8.568353
27.44000,-9.969181,15.610682,0.328380,-122.137433,-8.651251
27.44500,-9.969951,13.977018,1.219516,-117.942845,-8.293332
27.45000,-9.970702,14.869080,-0.699410,-119.040862,-8.313761
27.45500,-9.971435,15.756765,-0.409294,-120.212768,-8.237960
27.46000,-9.972149,13.667978,-0.502556,-119.015334,-8.135058
27.46500,-9.972845,14.271805,1.689869,-122.286054,-8.580621
27.47000,-9.973524,14.783976,0.487324,-121.107452,-8.775509
27.47500,-9.974186,14.701334,0.372331,-121.090291,-8.626454
27.48000,-9.974831,14.629004,0.833622,-116.906123,-8.413973
27.48500,-9.975461,15.482771,0.953317,-119.564321,-8.904142
27.49000,-9.976074,14.838331,0.212683,-121.655387,-8.572781
27.49500,-9.976672,14.648792,-0.976861,-121.094621,-8.344952
27.50000,-9.977255,13.998361,-0.218187,-117.236842,-8.611881
27.50500,-9.977824,15.292636,-0.139024,-118.763579,-8.496378
27.51000,-9.978378,15.447080,0.098275,-120.651872,-8.620352
27.51500,-9.978919,14.456986,-0.218305,-120.273638,-8.201405
27.52000,-9.979446,15.959339,-0.202854,-117.955091,-8.169006
27.52500,-9.979960,14.737101,-1.529057,-120.159451,-8.636818
27.53000,-9.980461,15.034721,-0.322248,-120.050509,-8.609688
27.53500,-9.980949,14.884604,-0.743295,-120.975851,-8.454690
27.54000,-9.981426,15.075842,0.229505,-124.686272,-8.364539
27.54500,-9.981890,14.950154,-0.443369,-118.289590,-8.405299
27.55000,-9.982343,16.667695,-0.096501,-119.891530,-8.368281
27.55500,-9.982784,14.976006,0.250560,-117.805701,-8.313747
27.56000,-9.983215,15.171933,0.377120,-112.981523,-8.276878
27.56500,-9.983634,16.316363,0.630077,-120.288704,-8.168872
27.57000,-9.984043,16.690433,-0.574406,-118.316875,-8.435397
27.57500,-9.984442,14.366704,-0.241376,-120.339047,-8.536604
27.58000,-9.984831,15.489388,0.259128,-121.146480,-8.472601
27.58500,-9.985210,15.028639,0.375903,-121.291078,-8.106943
27.59000,-9.985580,15.104067,-0.791008,-120.374920,-8.326100
27.59500,-9.985941,14.857581,-0.335471,-119.512163,-8.345273
27.60000,-9.986292,14.876639,1.319258,-115.919977,-8.244750
27.60500,-9.986635,15.163409,-1.173512,-118.834852,-8.261921
27.61000,-9.986969,14.812854,-1.697760,-120.811596,-8.083510
27.61500,-9.987295,15.412818,-0.880351,-117.541128,-8.584943
27.62000,-9.987612,16.031581,0.187195,-121.547877,-8.425299
27.62500,-9.987922,14.673077,0.559025,-118.145311,-8.338056
27.63000,-9.988224,14.529578,-0.173623,-119.152277,-8.327994
27.63500,-9.988518,14.922120,-0.559011,-120.784022,-8.519749
27.64000,-9.988805,17.033936,-1.365499,-118.698728,-8.716648
27.64500,-9.989085,15.279494,0.019267,-117.279757,-8.503097
27.65000,-9.989358,13.331154,0.801807,-118.307736,-8.570339
27.65500,-9.989624,14.454246,0.490731,-123.643508,-8.478254
27.66000,-9.989884,14.095238,0.245148,-123.412116,-8.287528
27.66500,-9.990137,15.089923,-0.449218,-119.952259,-8.351728
27.67000,-9.990383,15.182978,0.731401,-120.350745,-8.644984
27.67500,-9.990624,14.742584,0.745992,-122.770319,-8.583515
27.68000,-9.990858,14.446101,-0.789339,-118.155765,-8.434583
27.68500,-9.991087,14.371959,-0.820938,-118.728426,-8.285480
27.69000,-9.991309,16.162163,0.348762,-117.199476,-8.477137
27.69500,-9.991527,14.747653,-1.073844,-119.165056,-8.433146
27.70000,-9.991738,14.676323,0.393335,-116.122668,-8.709077
27.70500,-9.991945,15.089816,-0.055113,-121.158023,-8.547643
27.71000,-9.992146,14.681565,-0.488904,-120.615410,-8.596961
27.71500,-9.992343,15.529881,0.746750,-118.404881,-8.440766
27.72000,-9.992534,14.498574,-0.874652,-118.986992,-8.516715
27.72500,-9.992721,14.120612,-0.246446,-123.027586,-8.614216
27.73000,-9.992903,15.321143,-0.202093,-121.481884,-8.648660
27.73500,-9.993080,14.957553,-0.607604,-118.560931,-8.444459
27.74000,-9.993253,14.761876,0.535630,-119.553912,-8.582307
27.74500,-9.993422,14.140033,-1.016502,-121.363343,-8.299738
27.75000,-9.993586,14.356031,-0.855981,-120.448576,-8.456811
27.75500,-9.993747,15.110751,-0.026256,-120.158842,-8.524162
27.76000,-9.993903,14.849879,-0.946752,-120.294278,-8.338636
27.76500,-9.994055,15.505181,0.313270,-118.875688,-8.672916
27.77000,-9.994204,14.579209,0.760944,-118.465127,-8.339337
27.77500,-9.994349,13.739345,-1.069368,-121.501218,-8.598991
27.78000,-9.994490,15.005435,0.170113,-114.963378,-8.370402
27.78500,-9.994628,15.139080,-0.690753,-119.221336,-8.594094
27.79000,-9.994762,15.222388,-0.442328,-120.132839,-8.636962
27.79500,-9.994893,15.044117,-0.237914,-115.884408,-8.779792
27.80000,-9.995021,13.900244,0.138697,-119.840867,-8.481565
27.80500,-9.995145,15.306441,-0.151324,-122.353871,-8.412330
27.81000,-9.995267,13.301601,0.038907,-122.660491,-8.710727
27.81500,-9.995385,15.613147,0.387446,-121.132261,-8.208909
27.82000,-9.995500,15.004632,-0.515733,-121.216814,-8.492844
27.82500,-9.995613,15.570478,-0.356706,-123.596261,-8.669319
27.83000,-9.995723,13.909360,-0.328760,-120.731284,-8.181252
27.83500,-9.995830,15.025955,0.095272,-121.728830,-8.555729
27.84000,-9.995934,13.826892,0.838995,-117.207930,-8.260303
27.84500,-9.996035,15.611604,0.793656,-118.978508,-8.937924
27.85000,-9.996135,14.981888,2.099311,-121.696984,-8.151178
27.85500,-9.996231,14.109341,1.170390,-117.752226,-8.462142
27.86000,-9.996325,16.217801,-0.686015,-120.326117,-8.493147
27.86500,-9.996417,14.766153,-0.295890,-124.143894,-8.441795
27.87000,-9.996507,14.234790,-0.906524,-119.981895,-8.675574
27.87500,-9.996594,13.822632,-1.158943,-116.884585,-8.346541
27.88000,-9.996679,16.030544,-0.927630,-119.768129,-8.423522
27.88500,-9.996762,14.926349,-0.109676,-121.238678,-8.442409
27.89000,-9.996843,14.800860,0.032209,-119.769784,-8.583245
27.89500,-9.996922,15.203540,-0.898524,-121.166219,-8.677434
27.90000,-9.996999,14.838164,-0.271969,-118.687751,-8.436576
27.90500,-9.997074,15.652791,1.029038,-119.337815,-8.364006
27.91000,-9.997147,14.205007,-1.204380,-120.608334,-8.471757
27.91500,-9.997219,15.137391,0.060309,-118.192454,-8.525396
27.92000,-9.997288,15.525606,-1.087508,-116.333276,-8.576124
27.92500,-9.997356,14.176740,-0.709568,-119.210126,-8.380893
27.93000,-9.997422,15.102902,0.595492,-117.183899,-8.264701
27.93500,-9.997487,15.860862,0.876390,-118.147419,-8.518111
27.94000,-9.997549,14.115057,-0.241900,-120.289267,-8.628621
27.94500,-9.997611,15.654143,0.745090,-119.786873,-8.105144
27.95000,-9.997670,15.296565,-1.310026,-116.751693,-8.739256
27.95500,-9.997729,15.084092,0.417192,-119.049007,-8.453202
27.96000,-9.997785,15.235115,-1.716598,-117.836490,-8.510170
27.96500,-9.997841,15.212529,-0.012427,-123.187994,-8.287128
27.97000,-9.997895,15.674932,0.333053,-118.263548,-8.515583
27.97500,-9.997947,15.566195,-0.065536,-123.550016,-8.755858
27.98000,-9.997999,14.202408,0.628114,-115.712307,-8.672761
27.98500,-9.998049,14.814128,-0.337076,-119.197440,-8.476754
27.99000,-9.998097,13.944351,0.506253,-117.993378,-8.497485
27.99500,-9.998145,15.350734,0.257902,-121.280646,-8.598263
28.00000,-9.993193,15.352547,0.118272,-120.002731,-8.582107
28.00500,-9.983240,14.671673,-1.379289,-122.170846,-8.739745
28.01000,-9.968288,14.955820,0.547656,-121.895128,-8.726938
28.01500,-9.948335,15.541625,-0.874380,-119.413488,-8.592390
28.02000,-9.923383,15.376130,0.134587,-120.591283,-8.601353
28.02500,-9.893430,15.130562,-1.866566,-120.492303,-8.514253
28.03000,-9.858478,15.592578,-1.931546,-120.214070,-8.676191
28.03500,-9.818526,13.829615,-2.199492,-116.944343,-8.242487
28.04000,-9.773573,14.489367,-2.854883,-117.686980,-8.761981
28.04500,-9.723621,15.835344,-4.081639,-115.774079,-8.345436
28.05000,-9.668668,14.400220,-5.673198,-120.239225,-8.390662
28.05500,-9.608716,13.459004,-4.900096,-120.913074,-8.221641
28.06000,-9.543763,14.514422,-6.375032,-119.121169,-8.245509
28.06500,-9.473811,14.343886,-5.793583,-117.938508,-8.661388
28.07000,-9.398858,14.624900,-7.248685,-122.422972,-8.386726
28.07500,-9.318906,13.658336,-9.352524,-117.970332,-8.309349
28.08000,-9.233954,14.496645,-8.620165,-119.845044,-8.265404
28.08500,-9.144001,13.471656,-9.143710,-118.060635,-8.314668
28.09000,-9.049049,14.367750,-10.230137,-118.239353,-8.464439
28.09500,-8.949096,14.116799,-12.137038,-119.298404,-8.148182
28.10000,-8.844144,12.311763,-14.007683,-120.155366,-8.342928
28.10500,-8.734191,12.868632,-13.232230,-118.804216,-8.370801
28.11000,-8.619239,13.802916,-13.892308,-115.651721,-8.231177
28.11500,-8.499287,13.415248,-15.264843,-121.317354,-8.293116
28.12000,-8.374334,12.875185,-16.676525,-116.976004,-8.286541
28.12500,-8.244382,12.561935,-16.656641,-117.284640,-8.116972
28.13000,-8.109429,12.820480,-18.360012,-116.957524,-7.673180
28.13500,-7.969477,13.505153,-17.273398,-115.674276,-7.981378
28.14000,-7.824524,12.868395,-19.508066,-114.686820,-7.960068
28.14500,-7.674572,12.820833,-20.923139,-115.060703,-7.979604
28.15000,-7.519619,13.166245,-20.467575,-111.683697,-7.785330
28.15500,-7.359667,11.151918,-21.774584,-114.464834,-7.951961
28.16000,-7.194715,10.700229,-21.866283,-108.539908,-7.611423
28.16500,-7.024762,11.095505,-23.003683,-116.450074,-7.561176
28.17000,-6.849810,11.427866,-24.314941,-108.230205,-7.499984
28.17500,-6.669857,9.912691,-24.236855,-111.573600,-7.344061
28.18000,-6.484905,10.317936,-25.864960,-112.502865,-7.348977
28.18500,-6.294952,10.216861,-26.801162,-110.899311,-7.107515
28.19000,-6.100000,10.381017,-26.833612,-109.053919,-7.015384
28.19500,-5.900048,8.965532,-26.944723,-106.584774,-6.894258
28.20000,-5.695095,11.349261,-29.931306,-105.978272,-6.857688
28.20500,-5.485143,9.520425,-28.354045,-101.837055,-6.590700
28.21000,-5.270190,9.410361,-30.682200,-103.690402,-6.622202
28.21500,-5.050238,8.479688,-30.146393,-102.684513,-6.250918
28.22000,-4.825285,8.562279,-31.983158,-101.427797,-6.323241
28.22500,-4.595333,9.215760,-33.755933,-98.095166,-5.953049
28.23000,-4.360381,7.140871,-33.070859,-97.617437,-5.954625
28.23500,-4.120428,7.053716,-35.144617,-92.909640,-5.834996
28.24000,-3.875476,5.925441,-35.116613,-95.710317,-5.817616
28.24500,-3.625523,6.033577,-35.927027,-93.581345,-5.385528
28.25000,-3.370571,5.682754,-36.489493,-92.043771,-5.246792
28.25500,-3.110618,5.834699,-36.866968,-90.877115,-5.108603
28.26000,-2.845666,5.583614,-37.843497,-88.187825,-4.859594
28.26500,-2.575713,4.908298,-39.871054,-87.221903,-4.704711
28.27000,-2.300761,4.036701,-39.904279,-87.986077,-4.665646
28.27500,-2.020809,3.548246,-42.226504,-84.863720,-4.497460
28.28000,-1.735856,3.839271,-41.221480,-81.441915,-4.000652
28.28500,-1.445904,3.194788,-42.279129,-82.336509,-3.851908
28.29000,-1.159756,2.237624,-41.798709,-76.256503,-3.417825
28.29500,-0.878609,2.897694,-43.330189,-70.784249,-3.111766
28.30000,-0.602461,2.664917,-43.877440,-69.028253,-3.063045
28.30500,-0.331313,1.873985,-44.788262,-70.545039,-2.853871
28.31000,-0.065166,1.081169,-45.472338,-67.731959,-2.622281
28.31500,0.195982,0.773362,-44.914675,-62.970454,-2.447458
28.32000,0.452129,0.047741,-43.722243,-60.749890,-2.312889
28.32500,0.703277,0.599289,-43.737615,-55.016774,-2.370277
28.33000,0.949425,-0.946068,-42.572176,-53.080123,-1.581875
28.33500,1.190572,0.106406,-42.796103,-49.874108,-1.349516
28.34000,1.426720,-0.944670,-41.864830,-47.981214,-1.174154
28.34500,1.657867,-3.084078,-41.542475,-42.372906,-0.895298
28.35000,1.884015,-0.383467,-40.698751,-40.822779,-0.498465
28.35500,2.105163,-2.659869,-39.622508,-32.466803,-0.240861
28.36000,2.321310,-2.302649,-39.812335,-33.219614,-0.087770
28.36500,2.532458,-3.227515,-37.775692,-31.184983,0.109506
28.37000,2.738605,-3.820814,-37.979499,-28.743637,0.508131
28.37500,2.939753,-2.914788,-36.672118,-26.222911,0.803898
28.38000,3.135901,-3.428673,-36.764603,-23.843326,1.287531
28.38500,3.327048,-3.875362,-35.205508,-17.944805,1.060671
28.39000,3.513196,-4.332389,-33.858048,-13.866195,1.539505
28.39500,3.694343,-4.725350,-32.243172,-8.309629,1.579572
28.40000,3.870491,-5.437474,-32.574861,-7.576283,1.898629
28.40500,4.041639,-5.724985,-31.249525,-2.879571,2.585814
28.41000,4.207786,-5.986408,-30.469184,-0.790424,2.397987
28.41500,4.368934,-5.656534,-30.856024,1.453373,2.683173
28.42000,4.525081,-6.061520,-29.124604,6.418225,2.847445
28.42500,4.676229,-6.006344,-28.480716,9.870241,3.302450
28.43000,4.822376,-7.075743,-27.452845,11.411505,3.325738
28.43500,4.963524,-6.259931,-25.917278,14.690267,3.348866
28.44000,5.099672,-6.787211,-26.043369,18.230177,3.843649
28.44500,5.230819,-8.617656,-25.294615,17.360508,4.156420
28.45000,5.356967,-7.510458,-25.261917,25.612060,4.221746
28.45500,5.478114,-6.318878,-23.550481,25.084561,4.442047
28.46000,5.594262,-7.925925,-20.914456,36.201026,4.492878
28.46500,5.705410,-8.279397,-20.972090,34.051689,4.632440
28.47000,5.812774,-8.642674,-20.965893,38.025005,4.950125
28.47500,5.917455,-8.193771,-21.057165,41.199968,4.933960
28.48000,6.019519,-8.528643,-19.983646,39.668254,5.197437
28.48500,6.119031,-8.568133,-19.177619,49.555521,5.258702
28.49000,6.216055,-8.726183,-18.108083,47.786702,5.516437
28.49500,6.310654,-9.772748,-17.880846,54.256742,5.809836
28.50000,6.402887,-9.475510,-15.048434,57.502212,5.804208
28.50500,6.492815,-8.990532,-15.291535,59.258227,6.104223
28.51000,6.580495,-10.118111,-16.139485,53.661800,6.093273
28.51500,6.665982,-9.527470,-15.144588,59.879667,6.117765
28.52000,6.749333,-9.294944,-14.411326,63.809019,6.091243
28.52500,6.830599,-10.176285,-14.436930,64.418296,6.337483
28.53000,6.909834,-9.601671,-14.720142,69.322794,6.220748
28.53500,6.987089,-10.832367,-12.057268,75.042148,6.596659
28.54000,7.062411,-11.039144,-13.140163,76.484582,6.335868
28.54500,7.135851,-11.303649,-12.462700,74.994987,6.391094
28.55000,7.207455,-10.063252,-12.881762,75.505396,6.532133
28.55500,7.277268,-10.881842,-11.286914,81.497920,6.455176
28.56000,7.345337,-10.422783,-12.682586,83.296732,6.780431
28.56500,7.411703,-11.647306,-10.935841,82.893230,6.684001
28.57000,7.476411,-10.440728,-11.531838,83.331123,6.769644
28.57500,7.539500,-11.356883,-11.673071,90.246837,6.971515
28.58000,7.601013,-10.944599,-12.115465,92.149703,6.556799
28.58500,7.660988,-11.270165,-10.600506,92.721559,6.889098
28.59000,7.719463,-11.495242,-10.309457,93.162261,7.005196
28.59500,7.776476,-11.950403,-10.817384,91.871691,7.127841
28.60000,7.832064,-11.510734,-9.227501,94.684883,7.004331
28.60500,7.886263,-12.270131,-10.400152,92.923764,6.891710
28.61000,7.939106,-10.205372,-9.367980,99.896711,7.154164
28.61500,7.990629,-10.715477,-9.222562,95.234443,7.162228
28.62000,8.040863,-10.175093,-10.167194,96.962479,7.371596
28.62500,8.089841,-12.461788,-8.712720,99.017832,7.368050
28.63000,8.137595,-12.079379,-9.085197,100.208794,7.003697
28.63500,8.184155,-12.847017,-8.486750,104.658177,7.255183
28.64000,8.229552,-11.809116,-9.377779,104.097493,7.076920
28.64500,8.273813,-11.940655,-7.791243,101.365427,6.887657
28.65000,8.316967,-11.668718,-8.895566,104.524248,7.160975
28.65500,8.359043,-11.963831,-8.482315,105.121537,7.258279
28.66000,8.400067,-13.534436,-7.219238,108.405641,6.688303
28.66500,8.440065,-12.583249,-7.830096,102.158659,7.268933
28.67000,8.479064,-11.019488,-6.770692,105.047966,6.934380
28.67500,8.517087,-12.809059,-7.097451,104.511565,7.321188
28.68000,8.554160,-12.236922,-6.680438,107.660936,7.111729
28.68500,8.590306,-12.947160,-6.519788,109.649158,7.104717
28.69000,8.625548,-12.227420,-5.733778,107.640868,7.307377
28.69500,8.659910,-12.619688,-5.424869,113.211764,7.044808
28.70000,8.693412,-12.830445,-6.752410,106.672804,7.434245
28.70500,8.726077,-12.487311,-5.343259,109.384337,6.966551
28.71000,8.757925,-13.277824,-5.921657,107.872436,7.034941
28.71500,8.788977,-12.782204,-5.695865,106.508465,6.971959
28.72000,8.819252,-13.040387,-6.502354,108.845357,7.241037
28.72500,8.848771,-12.744978,-4.879970,110.100954,7.161058
28.73000,8.877552,-13.238936,-3.990352,108.653724,7.314356
28.73500,8.905613,-14.591127,-4.613392,108.849685,7.378921
28.74000,8.932973,-13.475468,-3.992611,110.329351,7.351271
28.74500,8.959648,-13.785401,-4.958674,109.080914,7.416392
28.75000,8.985657,-14.018160,-4.655799,112.724321,7.439888
28.75500,9.011016,-13.018671,-5.801162,112.109594,7.278390
28.76000,9.035740,-14.736876,-3.827583,110.996647,7.199780
28.76500,9.059847,-13.442835,-4.654512,113.176532,7.186460
28.77000,9.083351,-13.250191,-3.589048,106.114284,7.483034
28.77500,9.106267,-13.231521,-4.008942,108.935383,7.309262
28.78000,9.128610,-13.027838,-4.619488,113.879597,7.267774
28.78500,9.150395,-13.648817,-3.135466,109.160345,7.316145
28.79000,9.171635,-14.206255,-5.034496,113.243211,7.442098
28.79500,9.192344,-12.928573,-4.368812,112.139540,7.541319
28.80000,9.212535,-13.649539,-3.947366,111.454527,7.495182
28.80500,9.232222,-13.580942,-3.616634,110.802493,7.403592
28.81000,9.251417,-13.846208,-2.546482,108.653606,7.679254
28.81500,9.270131,-13.816044,-4.372912,107.946607,7.275417
28.82000,9.288378,-13.204303,-3.253482,107.479549,7.604001
28.82500,9.306168,-13.675052,-3.700964,112.219268,7.847190
28.83000,9.323514,-13.991822,-2.874019,111.202571,7.756273
28.83500,9.340426,-13.203611,-2.965394,111.980077,7.930705
28.84000,9.356916,-13.528125,-2.547716,108.831712,7.790590
28.84500,9.372993,-13.835534,-2.238526,111.426096,7.894264
28.85000,9.388668,-13.982826,-2.024703,113.737254,7.839387
28.85500,9.403951,-13.450880,-2.558451,109.712790,7.793909
28.86000,9.418852,-14.877499,-2.484645,110.320116,7.948245
28.86500,9.433381,-14.508464,-2.327472,110.631730,8.068270
28.87000,9.447547,-13.315958,-1.590785,115.997945,7.634743
28.87500,9.461358,-14.229547,-3.127848,114.000076,7.841280
28.88000,9.474824,-14.341636,-2.087035,115.838428,7.665412
28.88500,9.487953,-13.259171,-0.385336,117.422562,7.871087
28.89000,9.500755,-13.511348,-2.686891,111.154360,7.839479
28.89500,9.513236,-14.054391,-3.442617,112.442778,7.987282
28.90000,9.525405,-13.747357,-1.892421,106.601791,8.037487
28.90500,9.537270,-14.045665,-0.614223,112.111226,8.253999
28.91000,9.548838,-14.275690,-3.236227,110.817746,8.316693
28.91500,9.560117,-13.669851,-1.532825,112.122598,8.016997
28.92000,9.571114,-13.677099,-1.449681,112.360639,8.083205
28.92500,9.581836,-14.306825,-2.612962,107.425474,8.274767
28.93000,9.592290,-14.240262,-2.401026,112.975000,8.092659
28.93500,9.602483,-15.189062,-2.629538,111.354376,8.144811
28.94000,9.612421,-14.761895,-2.381623,109.631288,7.932884
28.94500,9.622110,-15.037466,-1.429421,111.179615,8.349030
28.95000,9.631558,-13.728120,-1.779509,114.358559,8.288191
28.95500,9.640769,-13.624017,-0.919293,111.252107,8.108502
28.96000,9.649750,-15.119406,-1.444776,115.891832,8.062292
28.96500,9.658506,-14.158173,-0.521385,114.064863,8.112191
28.97000,9.667043,-13.616739,-1.715627,112.991037,8.355305
28.97500,9.675367,-14.101760,-1.257553,111.046759,8.219009
28.98000,9.683483,-15.266518,-0.704560,111.337354,8.111122
28.98500,9.691396,-14.838878,-1.179183,115.834496,8.256941
28.99000,9.699111,-14.210694,-0.751250,113.467277,8.447623
28.99500,9.706633,-13.960644,-1.222272,114.147235,8.514103
29.00000,9.713967,-14.231267,-0.351231,114.336542,8.532860
29.00500,9.721118,-14.257084,-2.433420,115.747442,8.347971
29.01000,9.728090,-14.500769,-1.602058,115.666793,8.372525
29.01500,9.734888,-14.068940,-1.311518,113.382497,8.380965
29.02000,9.741516,-14.900835,-0.463963,114.985479,8.441785
29.02500,9.747978,-14.283656,-1.191374,114.054403,8.431757
29.03000,9.754278,-14.839803,-0.065474,115.761152,8.191004
29.03500,9.760421,-14.301631,-1.567513,111.409317,8.227333
29.04000,9.766411,-16.136112,-1.431536,114.398915,8.282481
29.04500,9.772251,-14.363041,-0.212751,117.884991,8.452869
29.05000,9.777944,-15.092163,-1.269236,112.365746,8.263364
29.05500,9.783496,-14.256864,-2.167499,113.785316,8.222911
29.06000,9.788908,-15.774689,-1.313272,115.883309,8.501314
29.06500,9.794186,-14.487428,0.797295,112.853381,8.569171
29.07000,9.799331,-15.265165,-1.929215,115.825040,8.199921
29.07500,9.804348,-14.752977,-1.466862,116.463183,8.319137
29.08000,9.809239,-15.108160,-0.380599,117.618454,8.519612
29.08500,9.814008,-16.013107,-1.437292,116.456937,8.276904
29.09000,9.818658,-13.773832,0.528195,116.839832,8.481458
29.09500,9.823191,-14.579026,-1.592792,115.370966,8.117191
29.10000,9.827612,-15.076197,-0.423788,117.002860,8.302969
29.10500,9.831921,-14.312367,-1.070527,117.160817,8.438911
29.11000,9.836123,-15.816630,-1.255554,117.744698,8.574594
29.11500,9.840220,-14.981611,-1.340732,118.461515,8.483882
29.12000,9.844215,-14.157951,0.264852,118.598645,8.083584
29.12500,9.848109,-15.189866,-0.584484,118.581215,8.096690
29.13000,9.851907,-14.722333,-1.742026,117.765145,8.200478
29.13500,9.855609,-14.030675,-0.056212,117.480132,8.464899
29.14000,9.859219,-14.908687,-1.553397,116.303887,8.449886
29.14500,9.862738,-14.790458,-0.530157,118.969038,8.506108
29.15000,9.866170,-14.958048,-2.161912,120.324111,8.445503
29.15500,9.869516,-14.600150,0.499216,116.667431,8.249962
29.16000,9.872778,-14.561220,-0.130508,119.199070,8.281570
29.16500,9.875958,-15.128535,-1.066224,117.636748,8.203195
29.17000,9.879059,-13.775886,-1.031076,117.604525,8.472904
29.17500,9.882083,-15.024730,0.826407,115.853459,8.149084
29.18000,9.885031,-15.351143,0.926227,117.573433,8.357127
29.18500,9.887905,-15.064578,0.059263,119.605230,8.387891
29.19000,9.890707,-14.304088,-0.129344,119.386378,8.543619
29.19500,9.893440,-14.779316,-1.018666,120.216741,8.235732
29.20000,9.896104,-14.540031,-0.332915,116.967506,8.419543
29.20500,9.898701,-16.524235,0.023491,113.660248,8.204546
29.21000,9.901234,-14.730755,-2.290797,120.135815,8.523038
29.21500,9.903703,-14.847506,-0.483845,118.529098,8.310031
29.22000,9.906110,-15.784068,-1.898242,120.168210,8.322021
29.22500,9.908457,-15.367566,-1.872040,122.792391,8.225155
29.23000,9.910746,-14.277495,-0.934115,121.139026,8.282202
29.23500,9.912977,-14.021674,0.276504,114.177778,8.279502
29.24000,9.915153,-15.565533,-0.642300,117.787053,8.288929
29.24500,9.917274,-15.977450,-0.360025,118.182136,8.567773
29.25000,9.919342,-14.961276,-0.027950,122.479349,8.237725
29.25500,9.921359,-14.831861,-0.759713,117.321756,8.432861
29.26000,9.923325,-15.327536,-0.925447,118.282933,8.528977
29.26500,9.925242,-15.598836,-0.280425,121.451306,8.226397
29.27000,9.927111,-16.389298,0.062272,115.117347,8.072239
29.27500,9.928933,-14.814228,-1.220004,117.862217,8.483229
29.28000,9.930709,-15.245587,-0.973870,116.056941,8.157362
29.28500,9.932442,-16.226974,-0.079138,116.738959,8.296802
29.29000,9.934131,-15.457577,0.333031,120.175207,8.405862
29.29500,9.935777,-14.924773,-0.263627,119.265166,8.467217
29.30000,9.937383,-15.322920,-0.359152,118.890428,8.386515
29.30500,9.938948,-13.904766,0.028050,119.084888,8.322238
29.31000,9.940475,-15.050437,-0.759320,118.269188,8.588941
29.31500,9.941963,-15.084686,-0.900647,119.100624,8.472793
29.32000,9.943414,-14.206675,0.686296,120.394691,8.739610
29.32500,9.944828,-14.608839,0.446752,117.558368,8.304137
29.33000,9.946208,-14.376366,-0.412946,119.629319,8.432990
29.33500,9.947552,-14.959775,-0.326745,118.311172,8.443161
29.34000,9.948864,-15.522929,0.321945,121.432440,8.536301
29.34500,9.950142,-14.401945,-0.312678,122.085044,8.490978
29.35000,9.951389,-16.054340,-0.527113,120.863819,8.461414
29.35500,9.952604,-15.067230,0.345489,121.694192,8.763691
29.36000,9.953789,-15.535848,-0.576704,118.396993,8.437370
29.36500,9.954944,-15.098662,-0.838546,118.742962,8.532537
29.37000,9.956070,-15.005811,-0.645721,119.926681,8.495310
29.37500,9.957169,-14.592589,-1.204789,118.846800,8.373410
29.38000,9.958239,-16.389090,-0.293261,120.814498,8.584794
29.38500,9.959283,-14.743574,-0.395500,119.140430,8.182217
29.39000,9.960301,-14.077117,0.171761,116.719235,8.649636
29.39500,9.961294,-13.858748,-0.159592,117.292033,8.232976
29.40000,9.962261,-15.183690,-0.014786,120.109013,8.426153
29.40500,9.963205,-14.051064,-0.190671,124.769642,8.491487
29.41000,9.964125,-15.459557,-0.416553,119.800187,8.400552
29.41500,9.965022,-14.928387,-0.252293,116.131795,8.396852
29.42000,9.965896,-14.669428,-0.122605,120.069234,8.663729
29.42500,9.966749,-15.612342,-0.465379,118.005506,8.849416
29.43000,9.967580,-15.100063,1.306216,116.602414,8.640927
29.43500,9.968391,-15.737909,0.108929,125.338211,8.504945
29.44000,9.969181,-14.366243,-0.286091,124.832825,8.383051
29.44500,9.969951,-14.923013,0.190741,119.444108,8.361506
29.45000,9.970702,-13.290630,0.747273,119.464055,8.668033
29.45500,9.971435,-15.121385,-0.764653,118.921774,8.619261
29.46000,9.972149,-14.942064,-0.260306,121.369439,8.685042
29.46500,9.972845,-13.699389,-0.711241,121.409255,8.636111
29.47000,9.973524,-14.690099,0.069533,121.963560,8.686104
29.47500,9.974186,-14.497129,-0.484005,117.161273,8.387783
29.48000,9.974831,-15.843285,0.512177,118.957675,8.358747
29.48500,9.975461,-14.516242,-0.973329,121.345901,8.323505
29.49000,9.976074,-15.715198,0.615031,119.909327,8.475755
29.49500,9.976672,-14.795515,0.745902,116.307464,8.450019
29.50000,9.977255,-15.766964,-0.127716,119.591931,8.496699
29.50500,9.977824,-14.284883,-0.328408,121.804755,8.293053
29.51000,9.978378,-14.704361,0.133665,114.860561,8.505565
29.51500,9.978919,-16.124089,1.668360,123.016071,8.603290
29.52000,9.979446,-15.687245,-0.633957,119.256924,8.490467
29.52500,9.979960,-14.860272,-1.552194,122.888702,8.061492
29.53000,9.980461,-15.635782,-0.722942,121.747488,8.474326
29.53500,9.980949,-15.065198,0.580699,120.451886,8.422433
29.54000,9.981426,-15.286336,-0.168563,119.441384,8.619027
29.54500,9.981890,-15.808544,-0.394789,119.264926,8.452569
29.55000,9.982343,-15.052145,-1.002479,118.111145,8.574872
29.55500,9.982784,-14.605546,-0.232458,119.966897,8.417305
29.56000,9.983215,-14.426815,0.091990,120.388863,8.527307
29.56500,9.983634,-15.377203,-1.321935,116.305385,8.626743
29.57000,9.984043,-14.661628,0.564252,118.288478,8.434853
29.57500,9.984442,-15.535297,0.974814,114.394241,8.524357
29.58000,9.984831,-14.822360,-0.272232,116.161132,8.501668
29.58500,9.985210,-15.917071,-1.399692,117.867151,8.571026
29.59000,9.985580,-14.610423,1.761011,120.667394,8.458332
29.59500,9.985941,-15.128090,0.201156,119.617526,8.550198
29.60000,9.986292,-15.726987,0.242994,119.827560,8.195029
29.60500,9.986635,-14.007927,0.108153,118.580388,8.441303
29.61000,9.986969,-13.798416,-0.696491,117.124755,8.604545
29.61500,9.987295,-15.461890,-1.632373,121.453135,8.580536
29.62000,9.987612,-14.725789,-0.573365,121.152792,8.329156
29.62500,9.987922,-14.400534,0.750470,117.046060,8.354628
29.63000,9.988224,-14.615440,0.265087,118.948600,8.539026
29.63500,9.988518,-14.958647,-0.186669,120.443553,8.533516
29.64000,9.988805,-15.228824,-1.461800,117.247845,8.549985
29.64500,9.989085,-15.076221,0.108919,117.843939,8.488687
29.65000,9.989358,-15.235202,-0.951252,120.607989,8.495684
29.65500,9.989624,-13.850009,-0.359278,119.932095,8.638944
29.66000,9.989884,-15.795650,0.753650,121.794017,8.336750
29.66500,9.990137,-15.116025,0.463626,119.042595,8.267806
29.67000,9.990383,-14.755629,-0.702576,121.120425,8.635899
29.67500,9.990624,-15.554780,-1.570274,120.883567,8.363907
29.68000,9.990858,-14.482140,-0.089382,123.947159,8.587126
29.68500,9.991087,-15.249078,-0.561236,118.073178,8.377984
29.69000,9.991309,-14.160569,0.314646,119.658412,8.313102
29.69500,9.991527,-15.945903,0.102533,117.607466,8.719743
29.70000,9.991738,-13.269572,0.881792,121.161299,8.472524
29.70500,9.991945,-14.306469,-0.457575,121.394124,8.267610
29.71000,9.992146,-13.938084,-0.897031,123.506712,8.450126
29.71500,9.992343,-14.621397,0.349637,119.428027,8.457754
29.72000,9.992534,-15.564997,-1.053253,121.734207,8.452183
29.72500,9.992721,-15.390475,-0.923354,120.399837,8.509995
29.73000,9.992903,-15.718822,0.180037,123.649667,8.308269
29.73500,9.993080,-16.254837,0.591391,120.044516,8.441502
29.74000,9.993253,-14.683614,-0.202590,119.538801,8.554424
29.74500,9.993422,-15.428507,-0.808660,121.838045,8.580557
29.75000,9.993586,-14.972003,-1.307030,119.788845,8.499210
29.75500,9.993747,-14.131816,-1.937837,118.459511,8.363587
29.76000,9.993903,-15.877173,0.027871,116.072713,8.184731
29.76500,9.994055,-14.601925,-0.802851,121.041822,8.711124
29.77000,9.994204,-15.809451,-1.382163,122.757818,8.316132
29.77500,9.994349,-15.317164,-0.445548,120.307345,8.418584
29.78000,9.994490,-15.524771,-1.120079,122.240721,8.490357
29.78500,9.994628,-14.996860,0.144170,119.192159,8.556817
29.79000,9.994762,-15.729084,-1.503884,121.692802,8.485125
29.79500,9.994893,-14.822313,0.588104,121.937813,8.364209
29.80000,9.995021,-15.614157,-0.426050,119.166750,8.483426
29.80500,9.995145,-15.024560,-0.360362,116.989488,8.806893
29.81000,9.995267,-15.014059,-0.028623,119.474978,8.873158
29.81500,9.995385,-15.042923,-1.211360,120.103215,8.456773
29.82000,9.995500,-14.123078,-0.148031,121.621985,8.589389
29.82500,9.995613,-14.884046,-0.503042,115.795889,8.223157
29.83000,9.995723,-15.315517,-0.694070,123.275518,8.523632
29.83500,9.995830,-15.460214,0.203786,121.348803,8.600393
29.84000,9.995934,-14.322755,-0.554647,119.479136,8.445478
29.84500,9.996035,-15.586399,0.922872,117.700021,8.770436
29.85000,9.996135,-15.421307,-0.359334,118.630118,8.626146
29.85500,9.996231,-14.931142,0.133066,120.949071,8.586190
29.86000,9.996325,-14.759023,-0.104822,120.949139,8.092150
29.86500,9.996417,-14.873383,0.320635,120.810074,8.398608
29.87000,9.996507,-15.839065,0.264347,116.538860,8.601521
29.87500,9.996594,-15.604632,-1.006213,118.996576,8.417599
29.88000,9.996679,-16.177688,0.330781,119.937866,8.223610
29.88500,9.996762,-16.316365,-0.137653,119.525816,8.404405
29.89000,9.996843,-15.959815,0.591093,118.624960,8.725719
29.89500,9.996922,-14.764839,-0.516371,120.342794,8.596987
29.90000,9.996999,-15.247814,0.750727,122.683655,8.625702
29.90500,9.997074,-16.308091,0.546713,117.194007,8.522958
29.91000,9.997147,-15.146394,-0.441545,122.709400,8.740370
29.91500,9.997219,-15.117936,-0.589662,117.899507,8.064748
29.92000,9.997288,-13.859522,0.513276,117.938176,8.310622
29.92500,9.997356,-14.563617,0.307784,117.804995,8.787195
29.93000,9.997422,-14.668960,-0.272459,121.730625,8.654586
29.93500,9.997487,-13.779613,1.002249,121.058003,8.530889
29.94000,9.997549,-14.530057,0.396581,122.368292,8.441237
29.94500,9.997611,-15.639889,0.368936,118.303919,8.216437
29.95000,9.997670,-15.775357,-0.110396,117.436824,8.428312
29.95500,9.997729,-13.965948,-0.593690,124.656355,8.472040
29.96000,9.997785,-13.649326,-0.723163,121.226891,8.352181
29.96500,9.997841,-13.974939,-2.108833,114.590108,8.704247
29.97000,9.997895,-13.864417,-0.206931,117.741424,8.651513
29.97500,9.997947,-13.416085,0.026904,120.151299,8.450390
29.98000,9.997999,-14.104174,-1.563990,123.223662,8.631730
29.98500,9.998049,-15.194779,0.089291,124.162827,8.487226
29.99000,9.998097,-15.065952,-0.153020,117.691302,8.535176
29.99500,9.998145,-15.094945,-0.910036,121.516044,8.420198
