time_ms,p1,p2,f3,f4
4530.0,234.0,51.0,0.008,6.48
4533.0,163.0,230.0,0.092,6.48
4537.0,-30.0,53.0,0.058,6.23
4540.0,61.0,14.0,0.083,6.48
4543.0,-238.0,363.0,0.0,6.96
4547.0,-39.0,264.0,0.008,6.48
4550.0,-372.0,157.0,0.058,6.72
4554.0,-117.0,74.0,0.05,6.48
4558.0,150.0,101.0,0.008,6.48
4561.0,9.0,308.0,0.067,6.23
4566.0,152.0,423.0,0.05,6.48
4569.0,9.0,66.0,0.05,6.96
4573.0,-284.0,-189.0,0.05,6.96
4576.0,-215.0,228.0,0.05,6.72
4580.0,76.0,317.0,0.017,6.48
4583.0,61.0,240.0,0.008,6.48
4587.0,-4.0,161.0,0.05,6.48
4590.0,317.0,228.0,0.067,6.48
4594.0,74.0,219.0,-0.017,6.23
4597.0,155.0,110.0,-0.008,6.48
4601.0,296.0,233.0,0.042,6.96
4604.0,61.0,-142.0,-0.008,6.48
4609.0,-120.0,-167.0,0.067,6.72
4612.0,167.0,366.0,0.0,6.48
4616.0,-324.0,289.0,-0.017,6.48
4619.0,-247.0,-74.0,0.008,6.72
4623.0,142.0,-127.0,0.05,6.48
4626.0,93.0,110.0,0.033,6.48
4630.0,-190.0,117.0,0.025,6.96
4633.0,3.0,98.0,0.042,6.48
4637.0,-174.0,-275.0,0.017,6.96
4640.0,-175.0,110.0,0.067,6.48
4644.0,120.0,85.0,0.025,6.96
4647.0,-9.0,438.0,0.042,6.96
4652.0,-284.0,665.0,0.017,6.96
4656.0,-241.0,162.0,0.025,6.23
4659.0,352.0,83.0,-0.033,6.48
4663.0,383.0,498.0,0.017,6.23
4666.0,460.0,171.0,0.042,6.48
4670.0,321.0,-22.0,-0.017,6.48
4673.0,384.0,129.0,0.025,6.48
4677.0,251.0,238.0,0.05,6.48
4680.0,-72.0,187.0,0.125,6.23
4684.0,-17.0,106.0,0.042,6.48
4687.0,16.0,-209.0,0.017,6.72
4691.0,-203.0,-184.0,0.108,6.48
4695.0,128.0,229.0,0.05,6.72
4699.0,173.0,250.0,0.058,6.48
4702.0,58.0,85.0,0.1,6.48
4706.0,-255.0,26.0,0.1,6.72
4709.0,-236.0,-9.0,0.033,6.48
4713.0,-141.0,396.0,0.042,6.48
4716.0,-196.0,-207.0,0.05,6.96
4720.0,-89.0,-276.0,0.042,7.21
4724.0,-274.0,-153.0,0.033,6.23
4727.0,-261.0,-22.0,0.008,6.96
4731.0,248.0,463.0,0.025,6.23
4734.0,495.0,276.0,0.05,6.48
4739.0,248.0,13.0,0.008,6.48
4742.0,119.0,96.0,0.058,6.96
4746.0,196.0,247.0,0.008,6.48
4749.0,49.0,354.0,-0.033,6.48
4753.0,-322.0,279.0,0.017,6.96
4756.0,-91.0,92.0,0.017,6.96
4760.0,-152.0,465.0,0.025,6.96
4763.0,-17.0,730.0,0.025,6.48
4767.0,-324.0,221.0,0.0,6.72
4770.0,-361.0,-122.0,0.025,6.48
4774.0,-112.0,133.0,0.075,6.48
4777.0,129.0,492.0,0.05,6.48
4782.0,-104.0,-3.0,0.05,6.48
4785.0,39.0,-4.0,0.092,6.23
4789.0,190.0,83.0,0.058,6.23
4792.0,-89.0,316.0,0.008,6.48
4796.0,-98.0,711.0,0.025,6.23
4799.0,45.0,686.0,0.042,6.48
4803.0,44.0,183.0,0.017,6.48
4806.0,249.0,-96.0,0.017,6.48
4810.0,194.0,285.0,0.017,6.23
4813.0,287.0,140.0,0.025,6.48
4817.0,270.0,39.0,-0.017,6.48
4822.0,-73.0,-342.0,0.017,6.48
4825.0,358.0,-273.0,0.067,6.23
4829.0,145.0,204.0,0.05,6.48
4832.0,-58.0,255.0,0.033,6.72
4836.0,121.0,-2.0,0.042,6.48
4839.0,184.0,151.0,-0.017,6.23
4843.0,265.0,524.0,0.067,6.23
4846.0,164.0,565.0,0.042,6.23
4850.0,37.0,258.0,0.025,6.48
4853.0,150.0,17.0,0.017,6.48
4857.0,51.0,384.0,-0.042,6.96
4860.0,-158.0,427.0,0.017,6.96
4865.0,57.0,268.0,0.008,6.48
4868.0,130.0,-131.0,0.108,6.96
4872.0,-167.0,-356.0,0.033,6.96
4875.0,-210.0,245.0,-0.017,6.96
4879.0,-215.0,528.0,0.058,6.96
4883.0,-26.0,275.0,0.033,6.48
4886.0,217.0,272.0,0.025,6.48
4890.0,370.0,271.0,0.033,6.72
4893.0,207.0,536.0,0.05,6.96
4897.0,-126.0,805.0,0.0,6.48
4900.0,17.0,412.0,0.033,6.48
4904.0,88.0,507.0,0.058,6.23
4908.0,107.0,392.0,0.058,6.48
4912.0,80.0,405.0,0.0,6.48
4915.0,-27.0,302.0,0.067,6.48
4919.0,-52.0,251.0,-0.025,6.48
4922.0,-113.0,194.0,-0.042,6.72
4926.0,180.0,435.0,0.008,6.48
4929.0,209.0,92.0,0.067,6.72
4933.0,258.0,159.0,0.042,6.96
4936.0,233.0,-62.0,-0.008,6.48
4940.0,340.0,-109.0,0.017,6.48
4943.0,299.0,80.0,0.017,6.96
4947.0,90.0,325.0,0.05,6.48
4951.0,-91.0,244.0,0.033,6.23
4955.0,-40.0,-53.0,0.05,6.48
4958.0,-165.0,-40.0,0.033,6.96
4962.0,134.0,335.0,0.083,6.72
4966.0,-189.0,172.0,0.025,6.48
4969.0,60.0,-147.0,0.058,6.96
4973.0,-101.0,18.0,0.083,6.72
4976.0,72.0,141.0,0.067,6.48
4980.0,95.0,54.0,0.008,6.48
4983.0,-94.0,-273.0,0.058,6.48
4987.0,111.0,-168.0,-0.033,6.48
4990.0,-8.0,177.0,0.042,6.96
4995.0,53.0,456.0,0.025,6.96
4998.0,50.0,27.0,0.025,6.96
5002.0,-211.0,-200.0,0.033,6.48
5005.0,-284.0,-211.0,0.017,6.72
5009.0,-215.0,68.0,-0.017,6.48
5012.0,-188.0,505.0,0.042,6.96
5016.0,23.0,598.0,0.058,6.48
5019.0,-148.0,367.0,0.083,6.72
5023.0,129.0,202.0,0.1,6.48
5026.0,270.0,693.0,0.067,6.48
5030.0,243.0,628.0,0.042,6.48
5033.0,-20.0,77.0,0.092,6.72
5038.0,-55.0,-184.0,0.125,6.96
5041.0,260.0,21.0,0.067,6.48
5045.0,237.0,566.0,0.017,6.48
5048.0,-22.0,181.0,0.033,6.48
5052.0,-223.0,42.0,0.0,6.48
5055.0,118.0,299.0,0.083,6.72
5059.0,369.0,446.0,0.05,6.48
5063.0,224.0,77.0,-0.033,6.48
5066.0,151.0,-34.0,0.008,6.23
5070.0,26.0,267.0,-0.058,6.23
5073.0,39.0,244.0,0.033,6.23
5078.0,-110.0,341.0,-0.042,6.48
5081.0,-13.0,518.0,0.042,6.48
5085.0,524.0,367.0,0.075,6.72
5088.0,445.0,192.0,0.0,6.72
5092.0,-152.0,377.0,-0.017,6.23
5095.0,-293.0,206.0,0.042,6.72
5099.0,14.0,161.0,0.067,6.23
5102.0,155.0,216.0,0.0,6.48
5106.0,206.0,409.0,0.017,6.72
5109.0,285.0,278.0,0.067,6.96
5113.0,148.0,475.0,0.0,6.48
5116.0,237.0,166.0,0.058,6.96
5121.0,-14.0,89.0,0.042,6.72
5124.0,-5.0,-14.0,0.0,6.48
5128.0,-32.0,71.0,-0.017,6.48
5131.0,353.0,132.0,0.033,6.96
5135.0,192.0,-295.0,-0.033,6.48
5138.0,141.0,-212.0,-0.008,6.96
5142.0,222.0,-79.0,0.008,6.48
5145.0,47.0,224.0,0.008,6.96
5149.0,-188.0,235.0,0.042,6.48
5153.0,-67.0,-126.0,0.025,6.96
5156.0,96.0,75.0,0.0,6.96
5159.0,75.0,298.0,0.025,6.48
5164.0,-42.0,109.0,0.05,6.48
5167.0,-213.0,-112.0,0.067,6.23
5171.0,60.0,-35.0,0.042,6.23
5175.0,257.0,70.0,0.042,6.48
5178.0,200.0,297.0,0.083,6.96
5182.0,223.0,136.0,0.067,6.48
5185.0,158.0,-53.0,0.025,6.23
5189.0,231.0,358.0,0.05,7.21
5192.0,48.0,519.0,0.05,6.48
5196.0,-59.0,282.0,0.058,6.72
5199.0,266.0,47.0,0.025,6.48
5203.0,-135.0,-158.0,-0.008,6.48
5207.0,292.0,79.0,0.092,6.96
5211.0,273.0,344.0,0.075,6.96
5214.0,200.0,507.0,0.017,6.48
5218.0,131.0,128.0,0.0,6.48
5221.0,-176.0,-47.0,0.008,6.72
5225.0,-35.0,-180.0,0.075,6.48
5228.0,190.0,93.0,0.008,6.48
5232.0,153.0,250.0,0.042,6.48
5235.0,-24.0,-317.0,0.075,6.72
5239.0,61.0,304.0,0.05,6.23
5242.0,-46.0,385.0,0.042,6.72
5246.0,45.0,164.0,0.058,6.96
5250.0,332.0,221.0,0.058,6.72
5254.0,231.0,238.0,0.033,6.48
5258.0,124.0,255.0,0.058,6.96
5261.0,541.0,480.0,0.067,6.23
5265.0,550.0,331.0,-0.017,6.48
5268.0,123.0,-92.0,0.017,6.48
5272.0,82.0,-381.0,0.075,6.48
5275.0,77.0,20.0,0.033,6.48
5279.0,288.0,527.0,0.1,6.48
5282.0,265.0,-76.0,0.092,6.48
5286.0,348.0,15.0,0.1,6.96
5289.0,255.0,316.0,0.05,6.48
5294.0,146.0,579.0,0.067,6.48
5297.0,-321.0,480.0,0.05,6.96
5301.0,-130.0,335.0,0.017,6.48
5304.0,-95.0,88.0,0.067,6.48
5308.0,100.0,-141.0,0.017,6.72
5311.0,19.0,202.0,0.025,6.48
5315.0,34.0,467.0,0.017,7.21
5318.0,247.0,514.0,0.0,6.72
5322.0,304.0,343.0,0.0,6.23
5325.0,211.0,240.0,0.058,6.72
5329.0,254.0,381.0,0.017,7.21
5334.0,75.0,74.0,0.033,6.48
5337.0,-184.0,-111.0,-0.017,6.48
5341.0,-93.0,8.0,-0.033,6.96
5344.0,-232.0,377.0,0.033,6.48
5348.0,-289.0,440.0,0.05,6.48
5351.0,-94.0,211.0,0.042,6.48
5355.0,243.0,410.0,0.025,6.48
5358.0,406.0,295.0,-0.017,6.96
5362.0,251.0,140.0,-0.008,6.96
5365.0,130.0,305.0,0.058,6.48
5369.0,339.0,234.0,0.033,6.96
5372.0,322.0,601.0,-0.017,6.48
5377.0,-271.0,224.0,0.033,6.96
5381.0,80.0,297.0,0.058,6.48
5384.0,305.0,414.0,-0.008,6.96
5388.0,158.0,219.0,0.025,6.72
5391.0,109.0,242.0,0.05,6.48
5395.0,78.0,411.0,0.083,6.48
5398.0,109.0,372.0,0.025,6.48
5402.0,60.0,-97.0,0.008,6.48
5405.0,145.0,-268.0,0.033,6.48
5409.0,214.0,331.0,0.058,6.48
5412.0,-39.0,604.0,0.125,6.48
5416.0,-56.0,235.0,0.017,6.48
5420.0,-167.0,-32.0,0.1,6.48
5424.0,-128.0,-309.0,0.067,6.48
5427.0,-61.0,492.0,0.0,6.48
5431.0,188.0,275.0,0.117,6.96
5434.0,215.0,98.0,0.058,6.72
5438.0,-242.0,131.0,0.0,6.48
5441.0,-173.0,76.0,-0.025,6.48
5445.0,142.0,415.0,0.042,7.45
5448.0,53.0,274.0,-0.008,6.96
5452.0,54.0,1.0,0.042,6.23
5455.0,207.0,-4.0,0.05,7.21
5459.0,32.0,255.0,-0.033,6.96
5463.0,-95.0,380.0,0.075,6.48
5467.0,-206.0,139.0,0.008,6.48
5470.0,-175.0,88.0,0.0,6.48
5474.0,-318.0,215.0,0.058,6.96
5477.0,-283.0,280.0,0.025,6.48
5481.0,-258.0,203.0,0.033,6.96
5485.0,185.0,18.0,0.025,6.48
5488.0,266.0,-57.0,0.008,6.48
5492.0,93.0,74.0,0.1,6.96
5495.0,176.0,83.0,0.067,6.48
5499.0,-111.0,280.0,0.033,6.48
5502.0,42.0,45.0,0.05,6.96
5507.0,35.0,14.0,0.008,6.48
5510.0,336.0,167.0,0.033,6.48
5514.0,171.0,294.0,0.05,6.48
5517.0,68.0,-67.0,0.033,6.23
5521.0,87.0,-528.0,0.0,6.23
5524.0,354.0,135.0,0.075,6.48
5528.0,-73.0,70.0,0.008,6.48
5531.0,-194.0,151.0,0.0,6.23
5535.0,17.0,220.0,0.025,6.72
5538.0,-52.0,-249.0,0.008,6.48
5542.0,277.0,-100.0,0.0,6.48
5545.0,328.0,99.0,0.017,6.48
5550.0,-1.0,120.0,0.0,6.48
5553.0,146.0,151.0,0.033,6.48
5557.0,199.0,386.0,0.033,6.48
5560.0,150.0,425.0,0.1,6.48
5564.0,-5.0,286.0,0.075,6.48
5567.0,162.0,133.0,0.083,6.72
5571.0,-161.0,-34.0,0.05,6.72
5574.0,-192.0,491.0,0.025,6.48
5578.0,221.0,562.0,0.033,6.23
5581.0,120.0,333.0,0.058,6.72
5585.0,265.0,-10.0,0.058,6.48
5588.0,52.0,119.0,0.083,6.48
5593.0,7.0,-52.0,-0.017,6.96
5596.0,264.0,399.0,0.008,6.72
5600.0,217.0,-38.0,0.017,6.48
5603.0,140.0,-31.0,0.033,6.72
5607.0,239.0,132.0,0.067,6.48
5610.0,260.0,253.0,0.025,7.21
5614.0,-3.0,330.0,-0.017,6.96
5617.0,-226.0,-21.0,0.108,6.23
5621.0,-183.0,32.0,0.008,6.72
5624.0,-396.0,413.0,-0.058,6.48
5628.0,45.0,466.0,0.033,6.48
5632.0,440.0,273.0,0.042,6.72
5636.0,255.0,-10.0,0.05,6.48
5640.0,96.0,-219.0,0.042,6.72
5643.0,-91.0,278.0,0.05,6.96
5647.0,-104.0,289.0,-0.008,6.48
5650.0,-189.0,-30.0,0.025,6.96
5654.0,-24.0,-325.0,0.067,6.23
5657.0,-181.0,-196.0,0.058,6.48
5661.0,10.0,275.0,0.042,6.48
5664.0,289.0,250.0,0.058,6.48
5668.0,-8.0,-173.0,0.025,6.48
5671.0,37.0,82.0,-0.017,6.48
5676.0,-228.0,641.0,0.042,6.48
5679.0,97.0,538.0,0.05,6.96
5683.0,184.0,-3.0,0.017,6.72
5686.0,387.0,-412.0,0.0,6.72
5690.0,226.0,-375.0,0.05,6.72
5693.0,107.0,400.0,0.05,6.48
5697.0,106.0,103.0,0.008,6.48
5700.0,155.0,-14.0,0.0,6.48
5704.0,212.0,-59.0,-0.017,6.48
5707.0,-27.0,-46.0,-0.017,6.72
5711.0,-192.0,237.0,0.058,6.48
5714.0,17.0,282.0,-0.025,6.23
5719.0,14.0,53.0,0.133,6.96
5722.0,39.0,44.0,0.05,6.96
5726.0,84.0,505.0,0.017,6.23
5729.0,129.0,532.0,0.033,6.72
5733.0,532.0,243.0,0.025,6.96
5736.0,565.0,44.0,0.083,6.48
5740.0,344.0,183.0,0.058,6.48
5743.0,-105.0,266.0,0.033,6.96
5747.0,164.0,-193.0,0.042,6.48
5750.0,69.0,-188.0,0.017,6.48
5754.0,118.0,-53.0,0.067,6.48
5758.0,149.0,238.0,0.025,6.48
5762.0,124.0,475.0,0.017,6.48
5766.0,127.0,4.0,0.017,6.72
5769.0,32.0,-281.0,0.008,6.48
5773.0,3.0,52.0,0.025,6.96
5776.0,4.0,279.0,0.05,6.48
5779.0,177.0,444.0,0.017,6.48
5783.0,58.0,47.0,0.05,6.96
5786.0,19.0,-136.0,0.008,6.48
5790.0,210.0,21.0,0.042,6.96
5793.0,295.0,294.0,-0.092,6.48
5797.0,-198.0,235.0,0.025,6.48
5801.0,-97.0,-66.0,0.008,6.48
5805.0,-26.0,-145.0,0.025,6.48
5809.0,13.0,378.0,0.05,6.48
5812.0,-120.0,375.0,0.033,6.48
5816.0,-47.0,316.0,0.058,6.48
5819.0,-42.0,-133.0,0.033,6.48
5823.0,-35.0,-24.0,0.025,6.48
5826.0,144.0,317.0,0.075,6.96
5830.0,383.0,334.0,0.083,6.23
5833.0,282.0,-167.0,0.025,6.48
5837.0,39.0,-34.0,0.05,6.72
5840.0,16.0,167.0,0.058,6.48
5844.0,165.0,594.0,-0.008,6.48
5848.0,8.0,237.0,-0.008,6.48
5852.0,41.0,96.0,0.033,6.48
5855.0,88.0,-203.0,-0.017,6.48
5859.0,319.0,240.0,0.017,6.72
5862.0,208.0,345.0,0.025,6.23
5866.0,-83.0,202.0,0.033,6.48
5869.0,-106.0,-239.0,0.033,6.48
5873.0,135.0,128.0,0.05,6.96
5876.0,-20.0,589.0,0.075,6.72
5880.0,59.0,460.0,0.058,6.48
5883.0,-40.0,179.0,0.025,6.48
5888.0,-159.0,-4.0,0.075,6.48
5891.0,98.0,421.0,0.125,6.96
5895.0,137.0,534.0,0.058,6.48
5898.0,0.0,391.0,0.033,6.48
5902.0,-119.0,204.0,0.05,6.96
5905.0,20.0,-133.0,0.042,7.21
5909.0,105.0,-12.0,0.025,6.96
5913.0,168.0,407.0,0.017,6.48
5916.0,159.0,260.0,0.0,6.48
5920.0,16.0,-87.0,0.042,6.72
5923.0,-141.0,180.0,0.058,6.48
5927.0,-414.0,523.0,0.025,6.72
5931.0,-123.0,422.0,0.025,6.96
5935.0,164.0,5.0,0.0,6.48
5938.0,207.0,296.0,-0.008,6.48
5942.0,206.0,505.0,0.033,6.48
5945.0,53.0,158.0,0.067,6.48
5949.0,56.0,77.0,0.017,6.48
5952.0,203.0,138.0,0.058,6.48
5956.0,84.0,135.0,0.05,6.72
5959.0,-13.0,382.0,0.058,6.48
5963.0,38.0,131.0,0.05,6.48
5966.0,-65.0,-184.0,0.025,6.48
5970.0,228.0,-349.0,0.033,6.96
5974.0,-161.0,134.0,0.092,6.23
5978.0,-144.0,613.0,-0.042,6.96
5981.0,515.0,428.0,-0.008,6.96
5985.0,80.0,197.0,0.025,6.48
5988.0,-81.0,4.0,0.025,6.48
5992.0,28.0,175.0,-0.008,6.96
5995.0,45.0,234.0,0.025,6.48
5999.0,-78.0,333.0,0.05,6.48
6002.0,-111.0,200.0,0.025,6.48
6006.0,-90.0,241.0,0.058,6.48
6009.0,159.0,406.0,0.042,6.48
6013.0,284.0,365.0,-0.05,6.96
6018.0,37.0,-136.0,0.008,6.48
6021.0,-152.0,-321.0,0.05,6.48
6025.0,-87.0,-128.0,0.025,6.48
6028.0,-104.0,415.0,-0.025,6.48
6032.0,-129.0,488.0,0.025,6.48
6035.0,20.0,125.0,0.05,6.23
6039.0,-61.0,140.0,0.05,6.48
6042.0,-64.0,591.0,0.042,6.96
6046.0,71.0,398.0,0.008,6.48
6049.0,-178.0,259.0,0.05,6.96
6053.0,-141.0,114.0,0.025,6.48
6056.0,176.0,113.0,0.075,6.96
6061.0,163.0,428.0,0.05,6.48
6064.0,-62.0,201.0,0.042,6.48
6068.0,-21.0,8.0,0.0,6.48
6071.0,-18.0,83.0,0.058,6.48
6075.0,53.0,260.0,0.033,6.48
6078.0,90.0,633.0,0.058,6.96
6082.0,-205.0,276.0,0.05,6.96
6085.0,222.0,-123.0,0.025,6.48
6089.0,305.0,152.0,0.033,6.72
6092.0,-436.0,327.0,0.042,6.48
6096.0,-113.0,454.0,0.0,6.48
6099.0,-62.0,521.0,0.033,6.96
6104.0,231.0,-482.0,0.017,6.23
6108.0,130.0,133.0,-0.067,6.48
6111.0,-65.0,546.0,0.058,6.48
6115.0,-58.0,505.0,0.0,6.48
6118.0,11.0,-140.0,0.058,6.72
6122.0,8.0,-73.0,0.05,6.48
6125.0,95.0,186.0,0.05,6.96
6129.0,-152.0,293.0,-0.017,7.45
6132.0,117.0,274.0,0.008,6.48
6136.0,298.0,-5.0,0.05,6.96
6139.0,-53.0,32.0,0.075,6.48
6144.0,-136.0,127.0,0.042,7.45
6147.0,119.0,206.0,-0.008,6.48
6151.0,18.0,-215.0,-0.033,6.96
6154.0,-41.0,62.0,-0.008,6.48
6158.0,-164.0,377.0,0.017,6.48
6161.0,-189.0,504.0,0.017,6.72
6165.0,-310.0,283.0,0.025,6.48
6168.0,-247.0,194.0,0.025,6.96
6172.0,-86.0,-1.0,0.008,6.72
6175.0,323.0,370.0,-0.025,6.48
6179.0,-4.0,527.0,0.058,6.48
6182.0,-107.0,364.0,0.042,6.96
6187.0,-64.0,-103.0,0.008,6.48
6190.0,-115.0,144.0,0.05,6.48
6194.0,42.0,117.0,0.083,6.48
6197.0,325.0,48.0,0.042,6.48
6201.0,-162.0,-117.0,-0.008,6.48
6204.0,-121.0,252.0,0.092,6.72
6208.0,6.0,579.0,0.058,6.48
6211.0,-63.0,500.0,0.025,6.48
6215.0,20.0,361.0,0.067,6.48
6218.0,-73.0,-8.0,0.025,6.96
6222.0,66.0,-131.0,0.025,6.72
6225.0,-141.0,174.0,0.008,6.48
6230.0,206.0,249.0,0.083,6.72
6233.0,121.0,64.0,0.058,6.72
6237.0,292.0,149.0,0.033,6.96
6241.0,235.0,224.0,0.0,6.96
6244.0,-206.0,319.0,0.058,6.48
6248.0,243.0,370.0,0.008,6.48
6251.0,-94.0,-229.0,0.017,6.48
6255.0,-173.0,-456.0,0.0,6.72
6258.0,150.0,-53.0,-0.017,6.48
6262.0,181.0,166.0,0.008,6.48
6265.0,-52.0,171.0,0.092,7.21
6269.0,105.0,120.0,0.092,6.72
6273.0,270.0,231.0,0.075,6.72
6277.0,309.0,452.0,0.025,6.72
6280.0,268.0,393.0,0.042,6.96
6284.0,225.0,186.0,0.033,6.72
6287.0,-232.0,-379.0,0.0,6.48
6291.0,-449.0,-118.0,0.083,6.23
6295.0,6.0,185.0,0.075,6.48
6298.0,231.0,58.0,0.042,6.48
6302.0,328.0,-79.0,0.05,6.72
6305.0,-5.0,-34.0,0.042,6.48
6308.0,-8.0,225.0,0.033,6.48
6312.0,47.0,316.0,0.075,6.48
6316.0,-2.0,297.0,0.042,6.96
6320.0,221.0,156.0,0.025,6.48
6323.0,328.0,509.0,0.025,6.48
6327.0,163.0,552.0,0.042,6.48
6331.0,-2.0,157.0,0.025,6.96
6334.0,61.0,46.0,-0.017,6.96
6338.0,216.0,55.0,0.017,6.48
6341.0,-135.0,544.0,0.0,6.48
6345.0,66.0,505.0,-0.017,6.48
6348.0,89.0,398.0,0.008,6.72
6352.0,94.0,287.0,0.092,6.48
6355.0,125.0,224.0,0.058,6.72
6360.0,-44.0,399.0,0.092,6.48
6363.0,-131.0,350.0,0.067,6.48
6367.0,-338.0,-93.0,-0.025,6.72
6370.0,-55.0,-118.0,-0.008,6.48
6374.0,74.0,3.0,0.042,6.48
6377.0,23.0,528.0,0.05,6.23
6381.0,114.0,425.0,0.058,6.23
6384.0,-131.0,118.0,0.0,6.48
6388.0,170.0,113.0,0.025,6.48
6391.0,373.0,340.0,0.075,6.23
6395.0,290.0,213.0,-0.008,6.48
6398.0,277.0,-188.0,0.083,6.48
6403.0,162.0,-315.0,0.05,6.23
6406.0,99.0,-172.0,0.033,6.23
6410.0,62.0,353.0,0.0,6.48
6413.0,-31.0,198.0,0.025,6.48
6417.0,-8.0,-211.0,0.017,6.23
6420.0,1.0,60.0,0.042,6.23
6424.0,-64.0,231.0,0.042,6.48
6427.0,61.0,204.0,-0.05,6.23
6431.0,32.0,161.0,0.067,6.23
6434.0,47.0,90.0,0.05,6.48
6438.0,-184.0,-67.0,0.042,6.48
6441.0,-255.0,308.0,0.05,6.48
6446.0,-112.0,589.0,0.025,6.48
6449.0,-95.0,338.0,0.075,6.48
6453.0,-52.0,145.0,0.025,6.96
6456.0,107.0,-16.0,0.025,6.72
6460.0,200.0,153.0,0.05,6.48
6463.0,29.0,42.0,0.117,6.72
6467.0,80.0,-251.0,0.033,6.23
6470.0,171.0,-376.0,-0.033,6.72
6474.0,62.0,-37.0,0.008,6.48
6477.0,199.0,150.0,-0.058,6.96
6481.0,460.0,179.0,0.017,6.48
6486.0,389.0,74.0,0.083,6.48
6489.0,-232.0,125.0,-0.008,6.72
6493.0,-193.0,220.0,0.033,7.21
6496.0,2.0,523.0,0.0,6.48
6500.0,325.0,290.0,0.05,6.48
6503.0,-72.0,-299.0,0.058,6.96
6507.0,-179.0,-334.0,0.058,6.96
6510.0,-50.0,183.0,0.025,6.48
6514.0,-183.0,282.0,0.05,6.48
6517.0,-78.0,167.0,0.075,6.72
6521.0,593.0,262.0,0.05,6.23
6524.0,528.0,389.0,0.05,6.48
6529.0,71.0,96.0,0.092,6.23
6532.0,210.0,87.0,0.067,6.48
6536.0,55.0,-16.0,0.075,6.48
6539.0,-88.0,129.0,0.0,6.72
6543.0,-53.0,446.0,0.033,6.23
6546.0,178.0,631.0,-0.017,6.23
6550.0,133.0,420.0,0.017,6.48
6553.0,484.0,-29.0,0.092,6.48
6557.0,21.0,30.0,-0.008,6.48
6560.0,-210.0,401.0,0.008,6.72
6564.0,9.0,400.0,-0.017,6.72
6567.0,250.0,197.0,0.017,6.72
6572.0,113.0,378.0,0.025,6.48
6575.0,38.0,145.0,0.0,6.48
6579.0,169.0,142.0,0.008,6.96
6582.0,-314.0,59.0,0.033,6.48
6586.0,-101.0,-224.0,0.033,6.23
6590.0,-120.0,75.0,0.058,6.48
6593.0,-227.0,326.0,0.067,6.48
6597.0,-20.0,381.0,0.092,6.96
6600.0,409.0,200.0,0.067,6.96
6604.0,-10.0,65.0,0.058,6.96
6607.0,83.0,156.0,0.075,6.48
6611.0,140.0,319.0,0.083,6.48
6615.0,181.0,202.0,0.1,6.23
6619.0,46.0,123.0,0.058,6.96
6622.0,13.0,162.0,0.008,6.48
6626.0,70.0,465.0,-0.033,6.48
6629.0,381.0,474.0,0.025,6.96
6633.0,-2.0,-57.0,0.008,6.72
6636.0,67.0,-100.0,0.067,7.45
6640.0,152.0,285.0,0.033,6.48
6643.0,-177.0,578.0,0.008,6.23
6647.0,-92.0,505.0,0.008,6.48
6650.0,-145.0,304.0,-0.042,6.48
6654.0,54.0,-123.0,0.05,7.21
6658.0,61.0,472.0,0.017,6.72
6662.0,-18.0,425.0,0.017,6.96
6665.0,-103.0,170.0,-0.033,6.48
6669.0,-52.0,147.0,0.075,6.48
6672.0,-419.0,-64.0,0.05,6.48
6676.0,288.0,287.0,0.067,6.48
6680.0,-57.0,360.0,0.075,6.96
6683.0,-64.0,227.0,0.05,6.23
6687.0,-233.0,-166.0,0.0,6.48
6690.0,-180.0,31.0,0.058,6.96
6694.0,-9.0,362.0,0.025,6.48
6697.0,232.0,257.0,0.058,6.48
6702.0,365.0,-370.0,-0.025,6.48
6705.0,188.0,37.0,0.025,6.96
6709.0,359.0,298.0,0.017,6.72
6712.0,382.0,417.0,0.025,6.96
6716.0,87.0,98.0,-0.025,6.48
6719.0,-72.0,-153.0,0.025,6.96
6723.0,117.0,98.0,-0.008,6.48
6726.0,90.0,473.0,0.033,6.48
6730.0,101.0,520.0,-0.025,6.96
6733.0,52.0,173.0,0.0,6.48
6737.0,-353.0,254.0,0.067,6.48
6740.0,-170.0,69.0,0.008,6.48
6745.0,113.0,110.0,0.008,6.48
6748.0,186.0,111.0,0.05,6.48
6752.0,-109.0,-436.0,0.075,6.96
6755.0,-202.0,-13.0,0.067,6.48
6759.0,-239.0,212.0,0.067,6.96
6762.0,-430.0,369.0,0.017,6.72
6766.0,-101.0,128.0,0.05,6.48
6770.0,-230.0,63.0,0.008,6.96
6773.0,9.0,64.0,0.0,6.48
6776.0,168.0,479.0,0.042,6.48
6780.0,-39.0,298.0,0.033,6.72
6785.0,-254.0,57.0,0.067,6.23
6788.0,-95.0,-14.0,-0.033,6.72
6792.0,50.0,-19.0,0.058,6.23
6795.0,135.0,190.0,0.025,6.23
6799.0,136.0,285.0,-0.008,6.48
6802.0,-73.0,-102.0,0.05,6.23
6806.0,-390.0,355.0,0.05,6.72
6809.0,-381.0,464.0,0.017,6.48
6813.0,-140.0,377.0,0.008,6.96
6816.0,-3.0,88.0,0.042,6.48
6820.0,14.0,255.0,0.117,6.72
6823.0,-25.0,240.0,0.05,6.96
6828.0,-80.0,667.0,0.058,6.96
6831.0,325.0,512.0,0.075,6.48
6835.0,350.0,385.0,-0.025,7.45
6838.0,309.0,208.0,0.033,6.48
6842.0,72.0,579.0,0.05,6.72
6845.0,-161.0,630.0,0.05,6.48
6849.0,-8.0,-39.0,0.075,6.48
6852.0,265.0,116.0,-0.017,6.96
6856.0,524.0,359.0,0.017,6.72
6859.0,541.0,420.0,-0.008,6.48
6863.0,484.0,139.0,0.033,6.48
6867.0,123.0,-386.0,0.025,6.48
6871.0,72.0,89.0,-0.008,6.48
6875.0,-19.0,546.0,-0.008,6.48
6878.0,102.0,703.0,0.025,6.23
6882.0,3.0,360.0,0.008,6.72
6885.0,42.0,155.0,0.008,6.48
6889.0,-9.0,38.0,0.058,6.48
6892.0,-172.0,109.0,0.075,6.72
6896.0,197.0,370.0,0.075,6.48
6899.0,64.0,-17.0,0.108,6.48
6903.0,-93.0,-124.0,0.025,6.48
6906.0,-6.0,75.0,0.067,6.48
6910.0,-43.0,114.0,0.05,6.48
6914.0,30.0,505.0,0.0,6.48
6917.0,89.0,378.0,0.0,6.48
6921.0,-72.0,-19.0,0.017,6.72
6924.0,9.0,414.0,0.05,6.48
6928.0,130.0,707.0,0.008,6.96
6931.0,39.0,384.0,0.108,6.96
6935.0,168.0,85.0,0.017,6.96
6938.0,-31.0,206.0,0.017,6.48
6942.0,84.0,525.0,0.067,7.21
6945.0,309.0,116.0,0.042,6.72
6949.0,248.0,-147.0,0.033,6.48
6953.0,-227.0,142.0,0.008,6.48
6957.0,-82.0,167.0,0.0,7.21
6961.0,107.0,364.0,-0.025,6.48
6964.0,-152.0,527.0,0.017,6.48
6968.0,5.0,198.0,0.042,6.48
6971.0,-68.0,259.0,0.033,6.72
6975.0,129.0,530.0,0.017,6.48
6978.0,54.0,365.0,0.092,6.23
6982.0,-165.0,-14.0,-0.017,6.48
6985.0,74.0,-141.0,0.058,6.48
6989.0,123.0,-100.0,0.017,6.23
6992.0,-176.0,485.0,0.058,6.48
6996.0,15.0,66.0,0.067,6.48
7000.0,-138.0,165.0,0.042,6.48
7004.0,-25.0,10.0,0.0,6.48
7007.0,40.0,93.0,0.042,6.48
7011.0,213.0,394.0,0.025,6.48
7014.0,180.0,689.0,0.025,6.48
7018.0,39.0,176.0,0.042,6.48
7021.0,-68.0,49.0,0.0,6.72
7025.0,-215.0,216.0,0.042,6.48
7028.0,-156.0,565.0,0.05,6.48
7032.0,101.0,276.0,0.05,6.48
7035.0,94.0,-255.0,0.042,6.96
7040.0,5.0,-106.0,-0.008,6.48
7043.0,-46.0,129.0,0.008,6.96
7047.0,57.0,-64.0,0.025,6.72
7050.0,178.0,-189.0,0.067,6.48
7054.0,7.0,-8.0,0.017,6.48
7057.0,-332.0,39.0,0.017,6.48
7061.0,-67.0,206.0,-0.025,6.48
7064.0,12.0,307.0,0.017,6.48
7068.0,133.0,48.0,0.025,6.96
7071.0,262.0,245.0,-0.033,6.48
7075.0,339.0,502.0,0.042,6.96
7078.0,226.0,633.0,0.05,6.96
7083.0,199.0,-16.0,0.075,6.48
7086.0,50.0,-317.0,0.017,6.96
7090.0,-171.0,36.0,0.092,6.96
7093.0,110.0,265.0,0.025,7.21
7097.0,345.0,-218.0,0.092,6.48
7101.0,240.0,-423.0,0.017,6.96
7104.0,-147.0,-200.0,0.05,6.48
7108.0,-206.0,95.0,0.05,6.48
7111.0,53.0,12.0,-0.008,6.48
7115.0,262.0,233.0,-0.033,6.48
7118.0,501.0,-402.0,-0.008,6.23
7122.0,190.0,-465.0,0.075,6.48
7126.0,-79.0,142.0,-0.017,6.72
7130.0,-102.0,371.0,0.1,6.48
7133.0,-133.0,202.0,0.008,6.96
7137.0,62.0,3.0,0.025,6.72
7140.0,13.0,550.0,0.05,6.23
7144.0,-78.0,301.0,0.067,6.48
7147.0,-85.0,160.0,0.067,6.23
7151.0,-20.0,-179.0,0.042,6.48
7154.0,27.0,84.0,0.025,6.48
7158.0,-36.0,587.0,0.025,6.48
7161.0,265.0,520.0,0.058,6.48
7165.0,156.0,-131.0,0.025,6.48
7169.0,59.0,-96.0,0.058,6.48
7173.0,-10.0,365.0,-0.025,6.96
7176.0,45.0,158.0,0.0,6.48
7180.0,-4.0,-69.0,0.0,6.96
7183.0,-5.0,-84.0,-0.008,6.72
7187.0,-320.0,-41.0,-0.017,6.48
7190.0,-105.0,442.0,-0.025,7.21
7194.0,260.0,639.0,-0.008,6.48
7197.0,347.0,336.0,0.058,6.48
7201.0,124.0,223.0,0.05,6.48
7204.0,-213.0,-12.0,0.042,6.48
7208.0,76.0,-251.0,0.008,6.48
7212.0,53.0,-136.0,0.083,6.72
7216.0,0.0,149.0,0.033,6.48
7219.0,135.0,-16.0,0.058,6.72
7223.0,128.0,195.0,0.092,6.96
7226.0,23.0,458.0,0.083,6.72
7230.0,-52.0,433.0,0.083,6.48
7233.0,-153.0,-142.0,0.067,6.72
7237.0,-98.0,-87.0,0.083,6.48
7240.0,13.0,350.0,-0.008,6.48
7244.0,450.0,589.0,0.025,6.48
7247.0,687.0,160.0,-0.017,6.72
7251.0,6.0,-363.0,0.017,6.48
7256.0,45.0,-340.0,-0.025,6.48
7259.0,38.0,191.0,0.0,6.23
7263.0,65.0,242.0,0.033,6.48
7266.0,40.0,39.0,-0.008,6.48
7269.0,1.0,212.0,0.05,6.48
7273.0,352.0,437.0,-0.033,6.96
7276.0,259.0,340.0,0.008,6.23
7280.0,114.0,503.0,0.033,6.48
7284.0,-97.0,498.0,0.058,6.72
7287.0,148.0,61.0,0.067,6.48
7291.0,189.0,410.0,0.025,6.48
7294.0,150.0,315.0,0.042,6.48
7299.0,321.0,264.0,0.075,6.48
7302.0,276.0,43.0,0.092,6.48
7306.0,-25.0,-186.0,0.075,6.48
7309.0,-240.0,439.0,0.025,6.48
7313.0,-145.0,364.0,0.108,6.48
7316.0,140.0,417.0,0.033,6.96
7320.0,251.0,90.0,0.033,6.23
7323.0,-60.0,147.0,0.0,6.48
7327.0,-65.0,142.0,0.008,7.45
7330.0,-2.0,-167.0,0.017,6.96
7334.0,-141.0,-92.0,0.058,6.96
7337.0,36.0,463.0,-0.025,6.48
7342.0,13.0,670.0,0.0,6.48
7345.0,-178.0,451.0,-0.017,6.23
7349.0,-87.0,108.0,-0.017,6.48
7352.0,22.0,-239.0,0.025,6.23
7356.0,-25.0,-60.0,0.067,6.72
7359.0,-16.0,547.0,0.025,7.21
7363.0,267.0,182.0,-0.025,6.48
7367.0,188.0,-167.0,0.008,6.48
7370.0,45.0,-88.0,0.1,6.96
7374.0,4.0,377.0,0.1,6.48
7377.0,-179.0,378.0,0.05,6.72
7382.0,-34.0,155.0,-0.008,6.72
7385.0,199.0,76.0,0.058,6.48
7389.0,52.0,423.0,0.083,6.23
7392.0,-203.0,690.0,0.1,6.48
7396.0,88.0,633.0,0.05,6.96
7399.0,-95.0,242.0,0.075,6.48
7403.0,-38.0,-79.0,0.017,6.23
7406.0,-391.0,2.0,-0.033,6.96
7410.0,8.0,243.0,0.025,6.48
7413.0,373.0,170.0,-0.017,6.48
7417.0,72.0,247.0,0.092,6.48
7420.0,29.0,132.0,0.008,6.48
7425.0,-190.0,457.0,0.008,6.48
7428.0,-367.0,708.0,0.033,6.48
7432.0,-36.0,153.0,0.042,6.96
7435.0,195.0,-130.0,0.025,6.48
7439.0,104.0,153.0,0.033,6.48
7442.0,115.0,532.0,0.05,6.48
7446.0,216.0,587.0,0.05,6.48
7449.0,551.0,434.0,0.042,6.72
7453.0,446.0,-103.0,0.017,6.96
7456.0,-47.0,420.0,0.042,6.48
7460.0,-148.0,517.0,0.025,6.48
7464.0,233.0,224.0,0.017,6.96
7468.0,300.0,-15.0,0.067,6.48
7472.0,193.0,196.0,0.058,6.48
7475.0,138.0,201.0,0.017,6.96
7479.0,331.0,342.0,-0.008,6.48
7482.0,-44.0,181.0,0.067,6.72
7486.0,-297.0,-202.0,0.042,6.48
7489.0,-330.0,-133.0,0.0,6.48
7493.0,-97.0,334.0,0.0,6.48
7496.0,354.0,561.0,0.017,6.48
7500.0,291.0,50.0,0.0,7.21
7503.0,52.0,217.0,0.017,6.48
7507.0,-87.0,188.0,0.042,6.48
7511.0,-200.0,21.0,-0.008,6.48
7515.0,215.0,26.0,0.0,6.72
7518.0,230.0,-37.0,0.033,7.21
7522.0,-45.0,198.0,0.033,6.96
7525.0,224.0,557.0,0.042,6.96
7529.0,127.0,172.0,0.05,6.48
7532.0,-218.0,139.0,0.058,6.72
7536.0,331.0,16.0,0.05,6.48
7539.0,200.0,7.0,0.025,6.48
7543.0,-45.0,360.0,0.042,6.72
7546.0,18.0,347.0,0.033,6.48
7550.0,39.0,118.0,0.067,6.96
7554.0,-158.0,137.0,0.017,6.72
7558.0,55.0,254.0,0.0,6.48
7561.0,28.0,483.0,-0.008,6.48
7565.0,-105.0,90.0,0.033,6.72
7568.0,354.0,-319.0,0.017,6.96
7572.0,445.0,-128.0,0.033,6.48
7576.0,256.0,299.0,-0.017,6.48
7579.0,109.0,152.0,-0.025,5.99
7583.0,2.0,253.0,-0.042,6.48
7586.0,-153.0,322.0,0.075,6.96
7590.0,152.0,153.0,0.05,6.96
7593.0,341.0,202.0,0.042,6.48
7598.0,158.0,143.0,0.025,6.48
7601.0,451.0,252.0,-0.008,6.48
7605.0,362.0,547.0,-0.025,6.96
7608.0,139.0,614.0,0.067,6.48
7612.0,318.0,489.0,0.058,6.48
7616.0,109.0,148.0,0.05,6.48
7619.0,348.0,-133.0,0.05,6.48
7623.0,421.0,400.0,0.025,6.48
7626.0,-8.0,203.0,-0.042,6.96
7630.0,57.0,-230.0,0.042,6.96
7633.0,146.0,101.0,0.058,6.72
7638.0,101.0,270.0,0.033,6.48
7641.0,28.0,373.0,0.058,6.48
7645.0,23.0,502.0,0.042,6.48
7648.0,146.0,153.0,-0.008,6.48
7652.0,211.0,-192.0,0.042,6.48
7655.0,338.0,-255.0,0.0,6.48
7659.0,89.0,264.0,0.025,6.48
7662.0,-226.0,421.0,-0.008,6.48
7666.0,-297.0,322.0,0.017,6.48
7669.0,-86.0,319.0,0.025,6.96
7673.0,279.0,396.0,0.0,6.96
7676.0,-176.0,351.0,-0.008,6.48
7681.0,-95.0,-2.0,0.067,6.96
7684.0,122.0,-263.0,0.05,6.48
7688.0,297.0,-98.0,-0.008,6.72
7692.0,90.0,653.0,0.05,6.96
7695.0,167.0,212.0,0.042,6.72
7699.0,214.0,55.0,0.05,6.48
7702.0,645.0,176.0,-0.008,6.96
7706.0,238.0,113.0,0.025,6.96
7709.0,-21.0,546.0,-0.025,6.96
7713.0,188.0,435.0,0.033,6.23
7716.0,365.0,76.0,0.058,6.48
7720.0,248.0,-41.0,0.025,6.96
7724.0,-229.0,362.0,0.033,6.96
7728.0,162.0,279.0,0.0,6.48
7731.0,319.0,62.0,-0.008,6.48
7735.0,256.0,-313.0,-0.008,6.48
7738.0,-79.0,408.0,0.017,6.96
7742.0,-242.0,399.0,0.025,6.96
7745.0,-93.0,216.0,0.075,6.72
7749.0,196.0,389.0,0.058,6.48
7752.0,-85.0,102.0,0.0,6.48
7756.0,-248.0,91.0,0.042,6.48
7759.0,-425.0,578.0,0.0,6.48
7763.0,-284.0,349.0,0.075,6.48
7768.0,-7.0,154.0,0.058,6.23
7771.0,100.0,117.0,0.042,6.48
7775.0,-13.0,368.0,0.033,6.72
7778.0,30.0,593.0,0.058,6.96
7782.0,-107.0,182.0,0.067,6.96
7785.0,278.0,3.0,0.017,6.48
7789.0,405.0,420.0,-0.025,6.96
7792.0,310.0,653.0,-0.017,6.23
7796.0,-17.0,386.0,0.017,6.48
7799.0,-24.0,17.0,-0.058,6.96
7803.0,129.0,-186.0,0.033,6.48
7806.0,102.0,55.0,0.05,6.48
7811.0,161.0,242.0,0.058,6.48
7814.0,238.0,117.0,0.025,6.48
7818.0,427.0,-88.0,0.008,6.96
7821.0,274.0,-31.0,0.042,6.72
7825.0,19.0,102.0,-0.017,6.48
7828.0,234.0,189.0,0.025,6.48
7832.0,217.0,48.0,0.042,6.48
7835.0,86.0,-109.0,0.075,6.72
7839.0,303.0,210.0,0.067,6.48
7842.0,124.0,531.0,0.067,6.48
7846.0,269.0,414.0,-0.017,6.48
7851.0,208.0,425.0,0.075,6.96
7854.0,1.0,124.0,0.008,6.48
7858.0,-226.0,125.0,0.058,6.23
7861.0,-1.0,566.0,0.017,6.48
7865.0,-24.0,349.0,0.075,6.72
7868.0,77.0,-22.0,0.1,6.96
7872.0,354.0,49.0,0.017,6.48
7875.0,87.0,650.0,0.042,6.48
7879.0,-10.0,627.0,0.058,6.72
7882.0,-95.0,70.0,0.042,6.72
7886.0,-114.0,105.0,0.008,7.21
7889.0,461.0,166.0,0.0,6.48
7894.0,410.0,551.0,0.058,6.48
7897.0,423.0,242.0,0.033,6.96
7901.0,170.0,117.0,0.017,6.48
7904.0,-29.0,118.0,-0.017,6.48
7908.0,-30.0,273.0,0.025,6.48
7911.0,75.0,204.0,0.033,6.72
7915.0,-6.0,101.0,0.033,6.48
7918.0,-165.0,-50.0,0.075,6.48
7922.0,-148.0,53.0,0.067,6.96
7925.0,93.0,394.0,0.05,6.96
7929.0,32.0,101.0,-0.017,6.23
7932.0,-249.0,-48.0,0.033,6.48
7937.0,-216.0,187.0,0.092,6.72
7940.0,-289.0,276.0,0.008,6.96
7944.0,-88.0,459.0,0.017,6.23
7947.0,123.0,654.0,0.1,6.48
7951.0,-48.0,377.0,0.017,6.72
7954.0,-49.0,286.0,0.042,6.72
7958.0,-122.0,537.0,-0.033,6.48
7962.0,421.0,502.0,-0.033,6.96
7965.0,318.0,-97.0,0.05,6.48
7969.0,529.0,-126.0,0.017,6.48
7972.0,596.0,225.0,0.033,6.48
7976.0,237.0,654.0,0.025,6.48
7980.0,62.0,85.0,0.008,6.23
7984.0,387.0,-186.0,0.017,6.96
7987.0,370.0,31.0,0.1,6.48
7991.0,201.0,238.0,0.025,6.48
7994.0,354.0,609.0,-0.025,6.23
7998.0,379.0,324.0,0.017,6.72
8001.0,58.0,-277.0,0.017,6.48
8005.0,121.0,228.0,0.0,6.96
8008.0,-74.0,519.0,0.1,6.96
8012.0,-159.0,364.0,0.075,6.48
8015.0,-94.0,-107.0,0.092,6.48
8019.0,-5.0,-40.0,0.1,6.48
8023.0,440.0,249.0,0.025,6.48
8027.0,63.0,342.0,0.008,6.48
8030.0,190.0,51.0,0.008,6.72
8034.0,-35.0,-72.0,-0.025,6.48
8037.0,-82.0,-1.0,-0.025,6.48
8041.0,-217.0,142.0,0.008,6.48
8044.0,78.0,333.0,0.0,6.96
8048.0,193.0,432.0,-0.033,6.48
8051.0,74.0,-183.0,0.075,6.48
8055.0,-25.0,62.0,0.083,6.96
8058.0,-16.0,567.0,0.033,7.45
8062.0,107.0,444.0,0.025,6.48
8066.0,-46.0,-67.0,0.067,6.23
8070.0,75.0,76.0,0.058,7.21
8073.0,-38.0,319.0,0.058,6.48
8077.0,-51.0,466.0,0.033,6.48
8080.0,116.0,273.0,0.05,6.48
8084.0,-189.0,60.0,0.033,6.48
8088.0,-42.0,363.0,0.008,6.48
8091.0,239.0,628.0,0.025,6.48
8095.0,26.0,503.0,0.008,6.48
8098.0,269.0,322.0,-0.017,6.48
8102.0,124.0,329.0,0.025,6.48
8105.0,-359.0,570.0,0.017,6.72
8110.0,-78.0,275.0,0.025,6.96
8113.0,19.0,256.0,0.067,6.72
8117.0,270.0,115.0,0.05,6.48
8120.0,275.0,-118.0,0.033,6.48
8124.0,348.0,479.0,0.05,6.48
8127.0,-215.0,306.0,0.017,6.96
8131.0,-250.0,201.0,0.025,6.96
8135.0,-61.0,244.0,0.033,6.48
8138.0,18.0,403.0,0.05,6.48
8142.0,75.0,238.0,0.05,6.48
8145.0,172.0,167.0,0.033,6.48
8150.0,51.0,318.0,0.058,6.48
8153.0,-198.0,223.0,0.042,6.96
8157.0,-185.0,216.0,0.067,6.48
8160.0,-148.0,571.0,0.067,6.23
8164.0,-145.0,382.0,0.042,6.48
8167.0,-58.0,-295.0,0.042,6.48
8171.0,3.0,336.0,0.025,6.48
8174.0,-190.0,373.0,0.058,6.48
8178.0,-73.0,366.0,0.033,6.23
8181.0,-130.0,191.0,0.017,6.48
8185.0,167.0,28.0,0.017,6.96
8188.0,152.0,199.0,-0.017,6.96
8193.0,221.0,470.0,-0.008,6.96
8197.0,42.0,83.0,0.025,6.48
8200.0,-23.0,-44.0,0.025,6.72
8203.0,-202.0,-31.0,0.0,6.72
8207.0,-83.0,32.0,0.083,6.23
8210.0,86.0,667.0,0.008,6.48
8214.0,277.0,752.0,-0.025,6.48
8217.0,-68.0,1.0,0.05,6.48
8221.0,167.0,318.0,0.05,6.48
8224.0,-306.0,501.0,0.017,6.48
8228.0,-191.0,266.0,0.033,6.23
8232.0,58.0,1.0,0.042,6.23
8236.0,105.0,-136.0,0.008,6.96
8240.0,34.0,45.0,-0.008,6.72
8243.0,-123.0,588.0,0.033,6.23
8247.0,-108.0,579.0,0.033,6.48
8250.0,109.0,230.0,0.017,6.96
8254.0,174.0,57.0,0.008,6.48
8257.0,453.0,370.0,0.133,6.72
8261.0,194.0,425.0,0.017,6.72
8264.0,69.0,42.0,0.008,6.48
8268.0,186.0,7.0,0.017,6.48
8271.0,-31.0,206.0,0.017,6.23
8275.0,140.0,447.0,-0.008,6.48
8279.0,177.0,470.0,0.017,6.48
8283.0,390.0,37.0,0.008,6.48
8286.0,325.0,22.0,-0.017,6.72
8290.0,32.0,517.0,0.033,6.48
8293.0,129.0,224.0,0.05,6.48
8297.0,-204.0,171.0,0.083,6.48
8300.0,-295.0,18.0,0.033,6.48
8304.0,-324.0,27.0,0.025,6.96
8307.0,-37.0,360.0,0.025,6.48
8311.0,430.0,473.0,0.05,6.48
8314.0,441.0,-116.0,0.025,6.96
8318.0,4.0,-103.0,0.05,6.72
8322.0,-13.0,176.0,0.067,6.48
8326.0,62.0,373.0,0.008,6.48
8329.0,15.0,74.0,0.075,6.48
8333.0,26.0,-155.0,0.0,6.48
8336.0,111.0,118.0,0.017,6.48
8340.0,514.0,25.0,0.05,6.96
8343.0,403.0,-110.0,0.058,6.48
8347.0,168.0,-197.0,0.017,6.48
8351.0,-27.0,240.0,0.05,6.48
8354.0,-176.0,239.0,0.025,6.48
8358.0,-115.0,300.0,0.033,6.72
8361.0,-106.0,377.0,-0.008,6.48
8366.0,221.0,320.0,0.033,7.21
8369.0,234.0,421.0,0.067,6.48
8373.0,115.0,344.0,0.058,6.48
8376.0,222.0,223.0,0.017,6.72
8380.0,225.0,154.0,0.008,6.48
8383.0,180.0,113.0,0.017,6.96
8387.0,223.0,278.0,0.042,6.23
8391.0,234.0,503.0,-0.008,6.48
8394.0,117.0,348.0,0.042,6.48
8398.0,90.0,259.0,0.058,6.96
8401.0,137.0,-20.0,0.075,6.96
8406.0,76.0,-79.0,0.017,6.48
8409.0,-61.0,430.0,0.025,6.48
8413.0,-54.0,319.0,0.025,7.21
8416.0,-199.0,184.0,0.017,6.48
8420.0,-2.0,-19.0,0.042,6.23
8423.0,49.0,282.0,0.05,6.72
8427.0,-10.0,609.0,0.017,6.48
8430.0,-31.0,382.0,0.05,6.23
8434.0,200.0,91.0,-0.025,6.96
8437.0,249.0,352.0,-0.008,6.48
8441.0,108.0,455.0,-0.025,6.48
8444.0,-39.0,382.0,0.075,6.96
8449.0,-90.0,-93.0,0.008,6.96
8452.0,-127.0,-330.0,0.042,6.48
8456.0,84.0,-155.0,0.042,6.48
8459.0,-53.0,474.0,-0.025,6.48
8463.0,110.0,439.0,0.025,6.48
8466.0,33.0,192.0,0.058,6.48
8470.0,-146.0,31.0,0.058,6.23
8473.0,-107.0,224.0,0.05,6.48
8477.0,-210.0,449.0,0.017,6.23
8480.0,-71.0,-54.0,0.067,6.72
8484.0,76.0,-83.0,0.008,6.48
8487.0,195.0,104.0,0.033,6.48
8492.0,14.0,247.0,-0.017,6.48
8495.0,-75.0,442.0,0.0,6.96
8499.0,102.0,305.0,0.017,6.48
8502.0,-167.0,-136.0,0.033,6.72
8506.0,-88.0,-163.0,0.025,6.48
8510.0,107.0,158.0,0.025,6.72
8513.0,464.0,253.0,0.058,6.48
8517.0,259.0,-44.0,-0.017,6.48
8520.0,-80.0,-185.0,-0.008,6.96
8524.0,85.0,248.0,-0.017,6.96
8527.0,346.0,259.0,0.042,6.48
8531.0,-223.0,62.0,-0.017,6.48
8535.0,32.0,-61.0,-0.008,6.48
8539.0,221.0,310.0,0.042,6.48
8542.0,462.0,673.0,-0.05,6.48
8546.0,473.0,606.0,0.033,6.72
8549.0,388.0,627.0,0.025,6.48
8553.0,1.0,194.0,0.042,6.48
8556.0,14.0,181.0,0.075,6.48
8560.0,89.0,388.0,0.025,6.48
8563.0,70.0,307.0,0.033,6.48
8567.0,113.0,-92.0,0.05,6.96
8570.0,-112.0,-109.0,0.083,6.48
8574.0,-177.0,476.0,0.083,6.48
8579.0,162.0,141.0,0.008,6.48
8582.0,211.0,76.0,0.0,6.96
8585.0,362.0,163.0,0.0,6.96
8589.0,219.0,410.0,-0.008,6.72
8593.0,-72.0,815.0,0.025,6.72
8596.0,-69.0,458.0,-0.008,6.72
8600.0,-102.0,-37.0,0.008,6.48
8603.0,-99.0,-8.0,0.033,6.48
8606.0,14.0,245.0,0.025,6.48
8610.0,51.0,326.0,0.042,6.48
8614.0,208.0,221.0,0.042,6.23
8617.0,289.0,336.0,0.017,6.96
8622.0,240.0,245.0,0.025,6.72
8625.0,-627.0,304.0,0.075,6.72
8629.0,-110.0,301.0,-0.042,6.48
8632.0,-45.0,10.0,0.042,6.72
8636.0,90.0,-145.0,0.05,6.96
8639.0,327.0,106.0,0.008,6.72
8643.0,166.0,253.0,0.05,6.48
8646.0,49.0,-122.0,0.058,6.72
8650.0,-8.0,-265.0,0.1,6.23
8653.0,-171.0,162.0,0.067,6.48
8657.0,-72.0,503.0,-0.008,6.48
8660.0,155.0,440.0,-0.008,6.23
8665.0,264.0,135.0,0.058,6.48
8668.0,231.0,-426.0,0.008,6.48
8672.0,-128.0,-213.0,0.05,6.48
8676.0,143.0,250.0,0.075,6.48
8679.0,186.0,149.0,0.025,6.48
8683.0,155.0,184.0,0.017,6.48
8686.0,322.0,9.0,0.042,6.48
8690.0,171.0,344.0,0.008,7.7
8693.0,190.0,401.0,0.0,6.96
8697.0,-127.0,-136.0,0.0,6.23
8700.0,-82.0,31.0,0.025,6.48
8705.0,153.0,10.0,-0.025,6.72
8708.0,108.0,449.0,-0.017,6.48
8712.0,323.0,358.0,0.008,6.48
8715.0,266.0,277.0,0.025,6.48
8719.0,-13.0,366.0,0.033,6.48
8722.0,56.0,347.0,0.075,7.7
8726.0,215.0,388.0,0.042,6.96
8729.0,114.0,13.0,0.0,6.48
8733.0,331.0,-236.0,0.0,6.48
8736.0,312.0,-107.0,0.025,6.48
8740.0,229.0,380.0,0.058,6.23
8744.0,432.0,203.0,0.05,6.96
8748.0,449.0,-90.0,0.075,6.48
8752.0,36.0,-219.0,0.008,6.48
8755.0,-7.0,226.0,-0.05,6.23
8759.0,50.0,503.0,0.025,6.72
8762.0,129.0,370.0,0.0,6.48
8766.0,20.0,87.0,0.0,6.23
8769.0,73.0,-124.0,0.033,6.48
8772.0,300.0,205.0,0.017,6.48
8776.0,109.0,638.0,0.1,6.23
8780.0,-52.0,337.0,0.05,6.48
8783.0,209.0,-28.0,0.1,6.48
8787.0,292.0,93.0,0.067,6.48
8791.0,-275.0,396.0,0.017,6.48
8795.0,-150.0,137.0,-0.025,6.48
8798.0,169.0,-206.0,0.0,6.72
8802.0,84.0,-337.0,0.05,6.23
8805.0,-219.0,-276.0,0.042,6.23
8809.0,-186.0,289.0,0.092,6.48
8812.0,-207.0,396.0,0.008,6.48
8816.0,62.0,-181.0,-0.025,6.48
8819.0,225.0,-46.0,0.0,6.96
8823.0,146.0,303.0,0.025,6.96
8826.0,-73.0,228.0,0.042,6.48
8830.0,160.0,73.0,-0.017,6.48
8834.0,219.0,-228.0,0.008,6.48
8838.0,64.0,129.0,0.0,6.72
8841.0,59.0,470.0,0.0,6.96
8845.0,240.0,561.0,0.067,6.48
8848.0,189.0,128.0,0.017,6.48
8852.0,18.0,-179.0,-0.008,6.23
8855.0,-91.0,326.0,-0.008,6.48
8859.0,166.0,741.0,0.042,6.72
8863.0,385.0,460.0,0.017,6.48
8866.0,140.0,-129.0,0.033,6.48
8870.0,-45.0,18.0,0.042,6.72
8873.0,28.0,239.0,0.008,6.48
8878.0,101.0,422.0,0.033,6.48
8881.0,-126.0,171.0,0.0,6.48
8885.0,-137.0,96.0,0.042,6.48
8888.0,76.0,161.0,0.042,6.48
8892.0,-87.0,412.0,0.008,6.96
8895.0,-82.0,249.0,0.025,6.96
8899.0,-15.0,184.0,0.008,6.72
8902.0,-182.0,227.0,0.017,6.96
8906.0,41.0,-56.0,-0.033,6.23
8909.0,134.0,117.0,0.092,6.72
8913.0,-9.0,132.0,0.017,6.96
8916.0,-72.0,-159.0,0.025,6.48
8921.0,-97.0,324.0,-0.008,6.48
8924.0,-122.0,579.0,-0.025,6.96
8928.0,-247.0,488.0,0.008,6.96
8931.0,160.0,171.0,-0.033,6.48
8935.0,213.0,-68.0,0.042,6.48
8938.0,62.0,453.0,0.092,6.72
8942.0,-75.0,484.0,0.083,6.48
8945.0,120.0,573.0,0.033,6.48
8949.0,41.0,212.0,0.058,6.72
8953.0,-116.0,-103.0,0.083,6.48
8956.0,153.0,72.0,0.083,6.48
8961.0,46.0,117.0,-0.025,6.48
8964.0,67.0,188.0,0.058,6.72
8968.0,244.0,-167.0,0.008,6.48
8971.0,163.0,-266.0,0.033,6.48
8975.0,124.0,-3.0,0.025,6.96
8978.0,47.0,154.0,0.008,6.48
8982.0,182.0,455.0,0.025,6.48
8985.0,339.0,254.0,0.025,6.96
8989.0,252.0,539.0,-0.008,6.23
8992.0,17.0,488.0,0.042,6.72
8996.0,354.0,135.0,0.017,6.23
8999.0,261.0,156.0,0.0,6.72
9004.0,304.0,73.0,0.058,6.23
9007.0,313.0,58.0,0.058,6.72
9011.0,202.0,429.0,0.083,6.72
9014.0,27.0,160.0,0.0,6.48
9018.0,-192.0,225.0,0.042,7.21
9021.0,-137.0,276.0,0.108,6.96
9025.0,-104.0,347.0,0.05,6.48
9028.0,-31.0,294.0,0.025,6.96
9032.0,-306.0,-105.0,0.058,6.48
9036.0,-151.0,220.0,0.067,6.72
9039.0,300.0,355.0,-0.033,6.48
9043.0,287.0,350.0,0.033,6.23
9047.0,186.0,239.0,0.042,6.48
9051.0,291.0,308.0,0.008,6.48
9054.0,178.0,113.0,0.008,6.23
9058.0,281.0,342.0,-0.033,6.96
9061.0,262.0,573.0,-0.042,6.48
9065.0,189.0,258.0,0.017,6.48
9069.0,18.0,39.0,0.05,6.72
9072.0,-211.0,20.0,0.083,6.72
9076.0,76.0,505.0,0.058,6.48
9079.0,359.0,150.0,0.058,6.96
9083.0,498.0,-49.0,0.017,6.48
9086.0,193.0,44.0,0.075,6.48
9091.0,-116.0,529.0,0.025,6.48
9094.0,-317.0,598.0,-0.233,6.96
9098.0,38.0,293.0,-0.642,6.48
9101.0,137.0,474.0,-0.433,6.48
9105.0,108.0,337.0,-0.158,6.72
9108.0,57.0,22.0,-1.125,6.48
9112.0,148.0,-201.0,-0.925,6.72
9115.0,127.0,-806.0,-2.4,6.72
9119.0,296.0,-1183.0,-3.192,6.96
9123.0,-19.0,-268.0,-1.817,7.45
9126.0,-4.0,-709.0,-0.458,7.45
9131.0,163.0,-1098.0,-0.392,7.7
9134.0,474.0,-2355.0,-3.908,7.94
9138.0,437.0,-4540.0,-9.1,8.92
9141.0,110.0,-7509.0,-14.508,9.16
9145.0,81.0,-6910.0,-14.425,9.41
9149.0,-60.0,-6241.0,-6.483,10.14
9152.0,157.0,-5358.0,2.275,11.12
9156.0,314.0,-5503.0,5.508,11.12
9160.0,133.0,-6934.0,-1.675,11.61
9163.0,574.0,-11103.0,-9.717,11.61
9167.0,357.0,-14888.0,-12.892,11.61
9171.0,90.0,-14585.0,-12.308,12.1
9176.0,349.0,-16092.0,-9.608,12.59
9179.0,-170.0,-15033.0,-6.467,13.32
9183.0,-471.0,-15282.0,-2.858,13.32
9187.0,-284.0,-16277.0,-1.317,13.81
9191.0,167.0,-18812.0,-5.442,14.3
9194.0,304.0,-21463.0,-10.067,14.3
9198.0,543.0,-27642.0,-14.608,14.78
9202.0,318.0,-29347.0,-16.55,15.27
9206.0,237.0,-29634.0,-15.575,15.76
9209.0,72.0,-29361.0,-12.308,16.25
9213.0,71.0,-29804.0,-8.425,16.74
9218.0,-22.0,-33045.0,-7.375,16.74
9221.0,57.0,-35796.0,-9.342,17.47
9225.0,66.0,-38023.0,-11.142,17.72
9229.0,-49.0,-40572.0,-12.117,17.72
9233.0,64.0,-43177.0,-12.192,18.21
9236.0,369.0,-47956.0,-11.075,18.45
9240.0,348.0,-50369.0,-10.65,18.94
9244.0,105.0,-55252.0,-11.7,19.92
9248.0,342.0,-60539.0,-12.908,20.89
9251.0,-87.0,-67112.0,-12.3,22.12
9255.0,38.0,-72987.0,-9.833,21.87
9260.0,89.0,-76586.0,-8.842,22.61
9264.0,52.0,-80951.0,-7.742,23.09
9267.0,-101.0,-88210.0,-6.65,23.58
9271.0,-156.0,-100293.0,-5.692,24.07
9275.0,-247.0,-108858.0,-4.65,24.32
9278.0,58.0,-118185.0,0.392,25.05
9282.0,185.0,-126098.0,5.775,24.8
9286.0,486.0,-149461.0,1.6,24.56
9290.0,649.0,-161358.0,-4.392,24.8
9293.0,520.0,-171727.0,-0.808,25.29
9297.0,425.0,-184698.0,1.525,25.05
9302.0,266.0,-200183.0,0.092,25.54
9306.0,149.0,-225814.0,2.458,25.78
9310.0,344.0,-242779.0,3.008,26.03
9313.0,-161.0,-258754.0,2.717,26.52
9317.0,18.0,-275339.0,3.492,26.76
9321.0,171.0,-311216.0,3.083,26.76
9324.0,-30.0,-330809.0,2.1,26.52
9328.0,13.0,-350332.0,4.392,26.27
9332.0,252.0,-367841.0,2.158,26.76
9336.0,115.0,-408888.0,3.675,26.27
9339.0,236.0,-426427.0,5.275,26.27
9344.0,93.0,-446376.0,2.325,26.27
9348.0,32.0,-469651.0,7.408,26.27
9352.0,-231.0,-489844.0,2.825,26.27
9355.0,216.0,-534287.0,4.508,26.52
9359.0,101.0,-556166.0,5.358,26.76
9363.0,576.0,-580313.0,5.55,26.52
9367.0,213.0,-603620.0,4.842,26.52
9370.0,6.0,-652743.0,5.942,26.52
9374.0,-175.0,-676902.0,5.767,26.52
9378.0,-104.0,-703009.0,5.708,26.52
9382.0,11.0,-728340.0,5.567,26.52
9385.0,58.0,-753021.0,4.442,26.27
9390.0,59.0,-802324.0,7.117,26.27
9394.0,-42.0,-826833.0,3.75,26.03
9397.0,-105.0,-850998.0,6.858,25.78
9401.0,-220.0,-876579.0,5.175,25.54
9405.0,97.0,-902146.0,-8.758,25.29
9409.0,-104.0,-918587.0,2.633,24.32
9412.0,397.0,-951168.0,19.983,22.61
9416.0,292.0,-967323.0,-18.95,21.87
9420.0,9.0,-968960.0,5.917,19.92
9424.0,-60.0,-1025833.0,23.408,19.43
9428.0,111.0,-1049072.0,-15.075,18.45
9432.0,528.0,-1070013.0,3.558,17.72
9436.0,267.0,-1099446.0,15.175,17.72
9440.0,66.0,-1152383.0,-3.35,18.45
9444.0,-5.0,-1177568.0,4.658,17.96
9448.0,-172.0,-1203211.0,7.942,17.72
9451.0,183.0,-1230168.0,6.442,18.45
9455.0,152.0,-1281181.0,4.517,17.96
9459.0,65.0,-1307876.0,7.158,17.96
9463.0,-78.0,-1334447.0,6.775,17.96
9466.0,107.0,-1362044.0,5.35,18.45
9470.0,160.0,-1416497.0,6.117,18.45
9475.0,65.0,-1443072.0,6.625,17.96
9479.0,146.0,-1471135.0,7.15,18.21
9483.0,469.0,-1498556.0,4.55,19.43
9486.0,252.0,-1525275.0,6.242,19.67
9490.0,259.0,-1576654.0,6.7,20.16
9494.0,230.0,-1602481.0,4.975,21.38
9498.0,-97.0,-1628182.0,5.833,22.85
9502.0,-108.0,-1653385.0,6.483,24.32
9505.0,15.0,-1705076.0,6.325,24.32
9509.0,76.0,-1731795.0,5.417,24.56
9513.0,53.0,-1758038.0,5.042,24.07
9518.0,138.0,-1783669.0,6.517,23.09
9522.0,-161.0,-1835992.0,5.658,23.09
9525.0,-90.0,-1861973.0,5.725,22.61
9529.0,121.0,-1887238.0,5.525,22.36
9533.0,102.0,-1913249.0,5.083,21.87
9537.0,-7.0,-1962354.0,5.858,21.87
9540.0,150.0,-1986243.0,5.508,22.12
9544.0,265.0,-2011658.0,5.825,21.63
9548.0,516.0,-2036811.0,5.75,21.87
9552.0,145.0,-2087082.0,4.983,21.38
9556.0,-30.0,-2111727.0,5.325,21.63
9560.0,119.0,-2135970.0,5.233,20.89
9564.0,-182.0,-2160763.0,5.517,20.89
9568.0,-417.0,-2209460.0,5.0,20.65
9572.0,-210.0,-2232039.0,4.567,20.65
9576.0,-81.0,-2254850.0,4.608,20.41
9579.0,6.0,-2277845.0,5.108,20.41
9583.0,-87.0,-2301086.0,4.775,19.92
9587.0,248.0,-2346961.0,5.483,20.16
9591.0,355.0,-2370102.0,4.533,19.92
9595.0,206.0,-2393741.0,4.558,19.43
9598.0,35.0,-2416264.0,4.917,19.43
9603.0,272.0,-2461841.0,4.75,19.43
9607.0,335.0,-2484116.0,4.458,19.43
9611.0,-32.0,-2506195.0,4.392,18.7
9615.0,351.0,-2528356.0,4.3,18.7
9618.0,348.0,-2570779.0,4.208,18.94
9622.0,103.0,-2591136.0,4.492,18.45
9626.0,58.0,-2611883.0,4.367,17.96
9630.0,-273.0,-2632818.0,4.9,18.45
9634.0,-200.0,-2676477.0,3.95,17.96
9637.0,19.0,-2697512.0,4.317,17.47
9641.0,480.0,-2718245.0,3.983,17.23
9646.0,427.0,-2739054.0,4.25,17.23
9650.0,-88.0,-2780363.0,4.017,17.23
9653.0,-369.0,-2799772.0,3.875,16.98
9657.0,134.0,-2819649.0,3.95,16.74
9661.0,19.0,-2839132.0,3.683,16.5
9665.0,214.0,-2858793.0,3.85,16.74
9669.0,-7.0,-2897256.0,4.1,16.5
9672.0,-212.0,-2916827.0,3.633,16.74
9676.0,271.0,-2936498.0,3.575,16.01
9680.0,112.0,-2955895.0,3.592,16.5
9684.0,67.0,-2993904.0,3.575,16.01
9688.0,106.0,-3012307.0,3.45,16.25
9692.0,525.0,-3029868.0,3.483,15.52
9696.0,424.0,-3048247.0,3.225,15.52
9700.0,245.0,-3083330.0,3.142,15.27
9704.0,76.0,-3099381.0,3.017,15.76
9707.0,67.0,-3116230.0,3.533,15.27
9711.0,484.0,-3133049.0,3.508,15.03
9715.0,365.0,-3167396.0,2.708,15.27
9719.0,190.0,-3184147.0,3.433,14.78
9723.0,-121.0,-3200508.0,2.992,15.03
9726.0,24.0,-3217443.0,3.558,14.54
9731.0,-133.0,-3249590.0,2.775,15.03
9735.0,24.0,-3265701.0,3.158,14.3
9739.0,337.0,-3280368.0,2.642,14.3
9743.0,278.0,-3295551.0,3.25,14.3
9746.0,113.0,-3310422.0,3.017,14.05
9750.0,-44.0,-3339319.0,3.183,13.81
9754.0,-309.0,-3353662.0,3.25,14.3
9758.0,-200.0,-3367803.0,2.95,14.05
9762.0,-69.0,-3382524.0,2.833,13.56
9765.0,80.0,-3411529.0,2.917,13.32
9769.0,-53.0,-3425756.0,2.642,13.81
9774.0,-256.0,-3439131.0,3.008,13.32
9778.0,79.0,-3452854.0,2.325,13.07
9781.0,152.0,-3479773.0,2.492,13.07
9785.0,175.0,-3492866.0,2.342,13.32
9789.0,-146.0,-3504919.0,2.167,13.56
9793.0,-79.0,-3517464.0,2.558,13.32
9797.0,-40.0,-3541819.0,2.208,12.83
9800.0,141.0,-3554304.0,2.608,12.59
9804.0,38.0,-3566037.0,1.833,13.07
9808.0,-65.0,-3577972.0,2.283,12.59
9812.0,172.0,-3602151.0,2.167,12.59
9816.0,35.0,-3613248.0,2.142,12.34
9820.0,256.0,-3624751.0,2.2,12.1
9824.0,87.0,-3636208.0,2.225,12.1
9828.0,62.0,-3646891.0,1.508,11.85
9832.0,277.0,-3668690.0,2.417,12.1
9835.0,-312.0,-3678289.0,1.317,11.85
9839.0,-163.0,-3688512.0,2.517,11.85
9843.0,-100.0,-3698439.0,1.183,12.34
9847.0,7.0,-3717920.0,2.592,11.85
9851.0,476.0,-3727115.0,1.083,11.85
9854.0,303.0,-3736028.0,1.892,11.85
9859.0,222.0,-3745597.0,1.592,11.12
9863.0,213.0,-3763736.0,1.367,10.87
9867.0,-284.0,-3773185.0,2.358,11.12
9871.0,9.0,-3780878.0,0.792,10.87
9874.0,42.0,-3789857.0,2.417,11.36
9878.0,63.0,-3806424.0,0.508,10.63
9882.0,90.0,-3815355.0,2.45,11.12
9886.0,419.0,-3823696.0,1.475,10.87
9889.0,248.0,-3830961.0,1.4,10.63
9893.0,-13.0,-3847062.0,2.0,10.63
9897.0,80.0,-3854369.0,0.808,10.39
9902.0,307.0,-3861294.0,1.583,10.14
9906.0,138.0,-3868355.0,1.825,10.39
9909.0,203.0,-3875348.0,1.033,10.14
9913.0,324.0,-3888595.0,1.608,9.9
9917.0,283.0,-3895374.0,1.617,10.39
9921.0,-94.0,-3901363.0,0.7,9.9
9924.0,-209.0,-3907448.0,1.958,9.9
9928.0,-56.0,-3919359.0,1.408,10.14
9932.0,-7.0,-3925162.0,1.417,9.65
9936.0,-74.0,-3930019.0,1.117,9.41
9939.0,333.0,-3935162.0,1.492,9.41
9944.0,250.0,-3945887.0,0.85,10.14
9948.0,-123.0,-3950796.0,1.317,9.41
9952.0,-50.0,-3955425.0,1.133,9.16
9955.0,103.0,-3960262.0,1.125,9.16
9959.0,322.0,-3964649.0,0.85,9.65
9963.0,421.0,-3973288.0,1.242,9.16
9967.0,256.0,-3977799.0,0.992,9.41
9971.0,95.0,-3981580.0,0.85,9.41
9974.0,-28.0,-3985111.0,0.592,8.92
9978.0,311.0,-3991802.0,1.175,8.92
9982.0,50.0,-3995425.0,0.908,8.92
9986.0,165.0,-3999200.0,0.958,8.92
9990.0,-28.0,-4001901.0,0.65,9.16
9994.0,133.0,-4004592.0,1.017,9.16
9998.0,36.0,-4010099.0,0.808,8.43
10001.0,75.0,-4012378.0,0.642,8.68
10005.0,24.0,-4014623.0,0.833,8.43
10009.0,-67.0,-4016938.0,0.658,8.43
10013.0,70.0,-4021075.0,0.775,8.19
10016.0,357.0,-4022730.0,0.617,8.19
10020.0,240.0,-4024011.0,0.583,7.94
10024.0,-149.0,-4025210.0,0.642,7.94
10029.0,-140.0,-4028209.0,0.8,8.19
10033.0,127.0,-4029860.0,0.675,7.94
10037.0,66.0,-4030579.0,0.8,7.7
10040.0,75.0,-4030966.0,0.05,7.94
10044.0,-124.0,-4032045.0,0.75,7.7
10048.0,149.0,-4032544.0,0.333,7.7
10052.0,40.0,-4032831.0,0.725,8.19
10055.0,-239.0,-4033082.0,0.258,7.45
10059.0,128.0,-4032397.0,0.65,7.94
10063.0,177.0,-4031668.0,0.058,7.7
10067.0,146.0,-4031553.0,0.617,7.21
10072.0,211.0,-4030654.0,0.167,7.45
10075.0,136.0,-4029609.0,0.767,7.7
10079.0,89.0,-4028102.0,0.217,7.94
10083.0,96.0,-4026985.0,0.5,7.7
10087.0,63.0,-4025860.0,0.133,7.45
10091.0,128.0,-4024467.0,0.367,7.7
10094.0,163.0,-4022014.0,0.483,7.45
10098.0,-92.0,-4020803.0,0.4,7.7
10102.0,163.0,-4019686.0,0.192,6.96
10106.0,30.0,-4018261.0,0.425,7.21
10109.0,163.0,-4015736.0,0.392,7.45
10114.0,372.0,-4014165.0,0.017,6.96
10118.0,277.0,-4012468.0,0.433,7.45
10122.0,282.0,-4009887.0,-0.625,6.72
10126.0,153.0,-4003928.0,0.992,6.96
10130.0,-128.0,-4001101.0,-0.692,6.48
10133.0,117.0,-3997966.0,0.708,6.48
10137.0,-214.0,-3994337.0,-0.367,6.48
10141.0,31.0,-3986756.0,0.35,6.48
10145.0,278.0,-3982711.0,-0.45,6.48
10149.0,-13.0,-3978684.0,0.442,6.96
10152.0,-78.0,-3974521.0,-0.217,6.23
10157.0,249.0,-3965076.0,0.35,6.72
10161.0,160.0,-3960197.0,-0.325,6.23
10165.0,-167.0,-3955200.0,0.05,6.48
10169.0,-174.0,-3949979.0,-0.283,6.23
10172.0,-109.0,-3944406.0,0.208,6.23
10176.0,-94.0,-3933031.0,-0.308,6.72
10180.0,-101.0,-3927412.0,0.108,6.23
10184.0,206.0,-3921809.0,-0.225,5.99
10188.0,221.0,-3915176.0,-0.433,5.74
10191.0,-8.0,-3902213.0,-0.058,5.99
10195.0,5.0,-3895686.0,-0.458,5.74
10200.0,74.0,-3889039.0,0.342,6.23
10204.0,147.0,-3883214.0,0.775,6.23
10207.0,46.0,-3873557.0,-1.117,6.48
10211.0,-119.0,-3866008.0,-0.017,5.99
10215.0,-70.0,-3858849.0,-0.083,5.99
10219.0,83.0,-3851762.0,-0.725,5.74
10223.0,254.0,-3835797.0,-0.517,6.23
10226.0,87.0,-3827318.0,0.15,5.74
10230.0,160.0,-3819269.0,-0.233,5.99
10234.0,249.0,-3810680.0,-0.817,5.74
10238.0,458.0,-3792195.0,-1.05,5.99
10243.0,-59.0,-3783124.0,-0.233,5.5
10246.0,2.0,-3774085.0,0.108,5.5
10250.0,-35.0,-3765062.0,-0.917,5.5
10254.0,4.0,-3755299.0,-0.233,5.99
10258.0,475.0,-3735720.0,-0.892,5.25
10261.0,500.0,-3725905.0,-0.817,5.25
10265.0,363.0,-3716220.0,-0.467,5.74
10269.0,-162.0,-3705283.0,-0.392,5.25
10273.0,215.0,-3684422.0,-0.258,5.74
10277.0,36.0,-3673169.0,-1.417,5.74
10280.0,-109.0,-3662612.0,-0.25,5.74
10285.0,-170.0,-3651549.0,-1.117,5.5
10289.0,181.0,-3627428.0,-0.75,5.01
10293.0,76.0,-3615613.0,-0.567,4.77
10297.0,113.0,-3603768.0,-1.058,4.77
10300.0,4.0,-3591225.0,-0.525,4.77
10304.0,-281.0,-3566782.0,-1.217,4.52
10308.0,-124.0,-3553039.0,-1.333,4.77
10312.0,-125.0,-3540644.0,-0.158,4.52
10316.0,40.0,-3527703.0,-1.317,4.52
10319.0,-209.0,-3501392.0,-0.3,5.01
10323.0,6.0,-3487935.0,-1.575,4.52
10328.0,-103.0,-3473932.0,-1.008,4.28
10332.0,14.0,-3460511.0,-0.392,4.28
10336.0,171.0,-3431816.0,-1.9,4.28
10339.0,-122.0,-3417827.0,-0.125,4.52
10343.0,-17.0,-3402974.0,-1.85,3.79
10347.0,-88.0,-3387309.0,-0.925,4.03
10351.0,173.0,-3357126.0,-1.467,3.79
10355.0,184.0,-3340971.0,-1.617,3.54
10358.0,423.0,-3325226.0,-0.908,3.79
10362.0,356.0,-3309013.0,-1.683,3.79
10366.0,-123.0,-3276698.0,-1.175,3.54
10371.0,-30.0,-3260039.0,-1.825,3.3
10375.0,93.0,-3243306.0,-1.158,3.79
10378.0,-122.0,-3226485.0,-2.092,3.05
10382.0,155.0,-3210536.0,-0.767,3.05
10386.0,22.0,-3175857.0,-2.567,3.54
10390.0,119.0,-3158258.0,-0.433,3.05
10394.0,314.0,-3139997.0,-2.825,3.3
10397.0,107.0,-3122096.0,-0.508,3.05
10401.0,-74.0,-3083997.0,-2.775,3.05
10405.0,-149.0,-3065218.0,-1.0,2.32
10409.0,96.0,-3045985.0,-2.508,2.57
10414.0,141.0,-3027718.0,-1.7,2.08
10417.0,84.0,-2988789.0,-2.258,2.57
10421.0,223.0,-2969308.0,-1.875,2.08
10425.0,-42.0,-2949271.0,-2.233,1.83
10429.0,-59.0,-2929722.0,-1.975,2.08
10433.0,350.0,-2890505.0,-2.383,1.83
10436.0,309.0,-2869510.0,-2.158,2.08
10440.0,138.0,-2849059.0,-2.6,1.59
10444.0,5.0,-2827456.0,-2.467,1.83
10448.0,136.0,-2784793.0,-2.733,1.34
10452.0,163.0,-2762538.0,-2.392,1.1
10456.0,306.0,-2741123.0,-2.95,1.59
10460.0,401.0,-2718502.0,-2.442,1.1
10464.0,-176.0,-2674925.0,-3.242,0.61
10468.0,-143.0,-2653174.0,-2.567,0.61
10472.0,-112.0,-2631209.0,-2.9,0.37
10475.0,-417.0,-2608468.0,-3.075,0.37
10479.0,-18.0,-2563413.0,-2.992,0.12
10483.0,-109.0,-2540354.0,-3.583,-0.12
10487.0,-94.0,-2517535.0,-2.275,0.12
10491.0,-137.0,-2503778.0,2.833,0.12
10494.0,68.0,-2474827.0,-5.833,0.12
10499.0,-189.0,-2446288.0,-4.067,-0.12
10503.0,202.0,-2423337.0,-0.15,0.61
10507.0,265.0,-2401680.0,-5.767,-0.12
10511.0,360.0,-2376717.0,-1.35,-0.37
10515.0,307.0,-2330328.0,-3.642,-0.12
10518.0,428.0,-2306295.0,-4.45,-0.61
10522.0,19.0,-2281616.0,-3.6,0.37
10526.0,-130.0,-2256283.0,-4.65,-0.37
10530.0,127.0,-2206874.0,-3.708,-1.34
10534.0,6.0,-2180945.0,-4.933,-1.1
10537.0,-129.0,-2154364.0,-3.883,-1.59
10542.0,34.0,-2128819.0,-4.742,-1.83
10546.0,273.0,-2076852.0,-4.45,-1.83
10550.0,274.0,-2051311.0,-4.942,-1.83
10554.0,-71.0,-2026280.0,-4.225,-2.32
10557.0,-56.0,-2000095.0,-4.725,-2.57
10561.0,-145.0,-1950108.0,-5.05,-2.57
10565.0,146.0,-1924545.0,-4.95,-3.3
10569.0,151.0,-1898272.0,-5.092,-3.54
10573.0,66.0,-1871825.0,-5.75,-4.28
10576.0,-131.0,-1818240.0,-5.267,-4.77
10580.0,-54.0,-1791485.0,-5.825,-4.52
10585.0,-157.0,-1764988.0,-5.65,-5.25
10589.0,28.0,-1738515.0,-5.717,-5.25
10593.0,251.0,-1687160.0,-5.667,-5.74
10596.0,72.0,-1662145.0,-5.7,-5.99
10600.0,-61.0,-1637252.0,-5.942,-6.48
10604.0,-22.0,-1611385.0,-6.2,-6.23
10608.0,7.0,-1557574.0,-6.625,-6.96
10612.0,-340.0,-1530767.0,-6.225,-7.45
10615.0,-131.0,-1503456.0,-6.842,-7.45
10619.0,-130.0,-1475897.0,-6.633,-7.94
10624.0,247.0,-1421698.0,-6.675,-8.43
10628.0,402.0,-1394601.0,-6.675,-8.68
10632.0,281.0,-1368094.0,-6.958,-8.92
10636.0,388.0,-1342261.0,-6.25,-9.41
10639.0,-137.0,-1290630.0,-7.292,-9.9
10643.0,-272.0,-1265549.0,-6.425,-9.9
10647.0,-161.0,-1239264.0,-7.542,-10.14
10651.0,-42.0,-1212339.0,-7.317,-10.39
10655.0,277.0,-1158148.0,-7.275,-10.87
10659.0,252.0,-1131765.0,-7.017,-11.12
10662.0,383.0,-1106034.0,-7.283,-10.63
10667.0,72.0,-1079739.0,-7.158,-11.85
10671.0,-173.0,-1028736.0,-7.125,-12.1
10675.0,-34.0,-1005345.0,-6.117,-12.34
10679.0,539.0,-981826.0,-6.742,-12.34
10683.0,414.0,-958275.0,-6.867,-12.59
10687.0,207.0,-911442.0,-6.683,-13.07
10690.0,90.0,-887047.0,-7.517,-13.32
10694.0,177.0,-862164.0,-7.708,-13.56
10698.0,-46.0,-836805.0,-7.758,-14.05
10702.0,283.0,-784534.0,-7.3,-14.3
10705.0,226.0,-760075.0,-6.425,-14.54
10710.0,35.0,-737994.0,-5.408,-15.03
10714.0,-26.0,-716639.0,-7.1,-15.27
10718.0,-69.0,-676856.0,-5.517,-15.52
10722.0,-156.0,-658151.0,-5.383,-15.52
10725.0,-49.0,-639190.0,-6.617,-15.27
10729.0,36.0,-620001.0,-6.317,-14.78
10733.0,-53.0,-578664.0,-6.792,-15.52
10737.0,-80.0,-557871.0,-6.958,-15.27
10741.0,35.0,-538122.0,-4.958,-15.76
10744.0,-356.0,-519303.0,-5.308,-15.76
10748.0,23.0,-502566.0,-5.442,-15.76
10753.0,116.0,-467397.0,-6.5,-15.76
10757.0,125.0,-449522.0,-6.175,-16.5
10760.0,222.0,-432547.0,-4.642,-16.74
10764.0,35.0,-415530.0,-4.917,-16.5
10768.0,-142.0,-381355.0,-4.883,-16.74
10772.0,-313.0,-364358.0,-4.717,-16.25
10776.0,-78.0,-348517.0,-3.867,-16.74
10779.0,365.0,-333050.0,-3.992,-16.5
10783.0,306.0,-302155.0,-3.917,-16.5
10787.0,233.0,-286308.0,-3.333,-16.5
10791.0,-2.0,-271195.0,-2.025,-16.5
10796.0,-19.0,-256128.0,-1.95,-16.98
10799.0,440.0,-225643.0,-1.717,-16.98
10803.0,395.0,-211208.0,2.125,-16.98
10807.0,82.0,-198315.0,2.508,-17.47
10811.0,-149.0,-185842.0,3.825,-16.74
10815.0,-170.0,-164531.0,3.758,-16.74
10818.0,-127.0,-154246.0,3.7,-17.23
10822.0,-90.0,-144173.0,-2.0,-17.23
10826.0,137.0,-134672.0,-1.183,-16.5
10830.0,-66.0,-115979.0,2.225,-16.74
10834.0,-15.0,-107210.0,5.742,-16.98
10838.0,258.0,-98229.0,5.75,-16.74
10842.0,169.0,-89846.0,5.25,-17.47
10846.0,296.0,-82153.0,6.242,-17.47
10850.0,237.0,-69598.0,5.35,-16.98
10854.0,-90.0,-63423.0,7.55,-17.47
10857.0,99.0,-57290.0,9.575,-16.98
10861.0,202.0,-52573.0,8.933,-17.47
10865.0,141.0,-45508.0,7.467,-17.23
10869.0,34.0,-41585.0,7.9,-17.47
10872.0,-139.0,-38136.0,9.45,-16.98
10876.0,430.0,-35007.0,9.3,-16.74
10881.0,305.0,-30102.0,9.442,-16.5
10885.0,68.0,-27003.0,10.125,-16.5
10888.0,41.0,-24320.0,10.967,-15.76
10892.0,256.0,-22233.0,11.425,-15.76
10896.0,49.0,-18776.0,10.817,-16.01
10900.0,8.0,-17139.0,10.442,-16.01
10904.0,199.0,-15188.0,10.983,-15.76
10907.0,284.0,-13339.0,11.1,-15.52
10911.0,-57.0,-11892.0,10.475,-15.03
10915.0,-136.0,-8857.0,9.833,-14.78
10919.0,-201.0,-6998.0,10.442,-13.81
10923.0,-210.0,-5475.0,10.358,-14.05
10927.0,-151.0,-4926.0,9.142,-13.56
10931.0,164.0,-2563.0,8.017,-13.32
10935.0,319.0,-1514.0,7.567,-12.83
10938.0,250.0,-147.0,7.617,-12.59
10942.0,83.0,1390.0,8.083,-12.1
10946.0,-40.0,2053.0,8.342,-11.85
10949.0,-55.0,3802.0,8.417,-11.61
10953.0,-110.0,4659.0,7.667,-11.12
10957.0,35.0,5586.0,6.883,-10.63
10961.0,-178.0,6355.0,7.0,-10.14
10964.0,61.0,7678.0,6.942,-9.41
10969.0,310.0,8517.0,6.358,-9.41
10973.0,141.0,9018.0,6.425,-9.16
10976.0,-120.0,9695.0,6.742,-8.43
10980.0,209.0,10286.0,6.3,-8.19
10984.0,72.0,11163.0,5.442,-7.7
10987.0,33.0,11892.0,4.592,-6.96
10991.0,80.0,12727.0,4.675,-5.99
10995.0,21.0,12986.0,5.35,-6.23
10998.0,262.0,13467.0,5.95,-5.5
11002.0,147.0,15056.0,6.083,-5.01
11006.0,-22.0,14875.0,5.558,-4.52
11011.0,105.0,14936.0,4.65,-4.28
11014.0,160.0,15075.0,3.458,-4.03
11018.0,-35.0,15264.0,2.65,-3.79
11022.0,-64.0,16163.0,2.5,-2.81
11025.0,259.0,16298.0,2.708,-2.81
11029.0,28.0,16459.0,2.9,-2.57
11033.0,119.0,16632.0,2.85,-1.34
11037.0,-94.0,16649.0,1.675,-1.59
11040.0,41.0,17274.0,0.292,-1.1
11044.0,84.0,17453.0,0.792,-0.12
11048.0,71.0,17298.0,1.883,-0.12
11052.0,170.0,17061.0,1.633,0.61
11056.0,-213.0,17514.0,0.55,0.61
11060.0,-278.0,17891.0,-0.933,1.1
11063.0,-63.0,17576.0,-1.275,1.59
11067.0,132.0,17399.0,-1.633,2.08
11071.0,27.0,17294.0,-2.233,2.32
11075.0,82.0,17137.0,-2.392,3.05
11078.0,479.0,17296.0,-2.033,3.54
11082.0,260.0,17585.0,-1.792,3.79
11086.0,-5.0,17620.0,-1.942,4.77
11089.0,84.0,17351.0,-1.8,5.74
11094.0,191.0,17284.0,-1.35,6.23
11098.0,326.0,16819.0,-1.192,7.21
11102.0,373.0,16766.0,-0.792,7.21
11105.0,74.0,17111.0,-0.817,7.94
11109.0,323.0,16856.0,-1.017,8.19
11113.0,6.0,16415.0,-0.083,8.43
11116.0,-541.0,16160.0,-0.592,8.43
11120.0,-486.0,16441.0,-0.692,8.68
11124.0,-75.0,16516.0,-1.133,8.92
11127.0,140.0,16269.0,-0.983,9.16
11131.0,131.0,15814.0,-1.025,8.68
11136.0,100.0,15909.0,-0.967,9.16
11140.0,-271.0,16178.0,-1.05,8.43
11143.0,-556.0,16205.0,-1.492,8.68
11147.0,-111.0,14086.0,-4.117,8.68
11151.0,194.0,11383.0,-8.875,8.92
11155.0,275.0,10482.0,-11.667,9.41
11158.0,-100.0,12063.0,-10.417,10.14
11162.0,143.0,10568.0,-8.1,10.14
11166.0,84.0,10517.0,-6.608,10.63
11170.0,-209.0,9174.0,-7.642,11.36
11173.0,-144.0,8179.0,-8.658,11.61
11177.0,-103.0,7160.0,-9.483,12.59
11182.0,-80.0,3063.0,-10.983,12.34
11186.0,181.0,2642.0,-11.4,12.59
11189.0,192.0,1539.0,-11.533,13.56
11193.0,-45.0,602.0,-10.633,14.54
11197.0,222.0,-1543.0,-9.742,14.3
11201.0,285.0,-4152.0,-11.167,14.78
11204.0,-38.0,-5087.0,-12.383,15.27
11208.0,-321.0,-6552.0,-13.15,16.01
11212.0,-422.0,-8655.0,-12.917,17.23
11216.0,-263.0,-11618.0,-12.358,17.96
11219.0,2.0,-11507.0,-10.733,18.45
11224.0,3.0,-8758.0,-4.775,19.43
11228.0,138.0,-10659.0,-3.717,19.67
11232.0,97.0,-18614.0,-8.958,19.43
11235.0,-134.0,-20953.0,-14.758,19.92
11239.0,-51.0,-24162.0,-17.675,19.67
11243.0,-16.0,-25565.0,-16.333,19.18
11247.0,-83.0,-29288.0,-14.642,19.43
11250.0,8.0,-31307.0,-13.767,19.92
11254.0,-43.0,-33080.0,-14.108,20.41
11258.0,10.0,-35611.0,-15.225,20.89
11262.0,45.0,-38844.0,-15.558,21.63
11266.0,8.0,-45815.0,-15.192,22.12
11270.0,-95.0,-48516.0,-15.208,22.36
11274.0,28.0,-50713.0,-14.208,22.61
11278.0,353.0,-54716.0,-12.867,23.34
11282.0,288.0,-55907.0,-8.117,23.58
11285.0,-143.0,-53752.0,3.75,22.61
11289.0,-412.0,-65631.0,-0.042,22.36
11293.0,-485.0,-76546.0,-16.133,21.14
11297.0,-218.0,-84639.0,-19.275,20.89
11301.0,159.0,-90388.0,-8.633,21.14
11304.0,108.0,-95863.0,5.233,21.63
11309.0,147.0,-103724.0,5.75,22.85
11313.0,138.0,-126337.0,-3.525,24.32
11317.0,-177.0,-138500.0,-5.908,24.32
11321.0,-236.0,-152687.0,-1.317,25.05
11324.0,161.0,-164960.0,6.258,24.56
11328.0,352.0,-176663.0,7.317,24.56
11332.0,213.0,-190786.0,-5.767,22.85
11336.0,-182.0,-216933.0,-8.667,21.14
11340.0,-249.0,-226230.0,4.725,20.16
11344.0,62.0,-256849.0,8.858,19.67
11347.0,259.0,-276266.0,0.908,19.18
11352.0,108.0,-293591.0,-1.967,19.18
11356.0,-171.0,-310286.0,4.492,19.67
11360.0,-80.0,-349991.0,3.75,20.16
11363.0,-233.0,-369632.0,7.175,21.63
11367.0,-82.0,-390585.0,3.133,22.36
11371.0,-97.0,-412064.0,4.858,23.34
11375.0,214.0,-433843.0,5.892,23.58
11379.0,303.0,-482364.0,6.042,23.83
11382.0,-60.0,-506955.0,3.092,23.34
11386.0,-29.0,-533828.0,8.025,23.09
11390.0,80.0,-558187.0,3.158,22.85
11395.0,221.0,-610806.0,6.95,22.61
11399.0,234.0,-636133.0,4.85,22.12
11402.0,-31.0,-662392.0,5.708,22.61
11406.0,144.0,-687001.0,4.975,23.34
11410.0,141.0,-737976.0,5.658,25.29
11414.0,-130.0,-764313.0,6.867,26.76
11418.0,-237.0,-789176.0,4.117,27.49
11421.0,14.0,-814905.0,7.575,28.23
11425.0,129.0,-868730.0,5.475,27.98
11429.0,-36.0,-896711.0,6.158,28.23
11433.0,91.0,-924180.0,6.925,27.25
11438.0,152.0,-951875.0,6.208,26.76
11441.0,193.0,-1008392.0,6.817,27.0
11445.0,216.0,-1035975.0,5.567,26.76
11449.0,-81.0,-1063278.0,6.508,26.52
11453.0,234.0,-1089659.0,5.583,26.03
11457.0,-19.0,-1142926.0,6.742,26.03
11460.0,28.0,-1169163.0,6.075,26.03
11464.0,3.0,-1196052.0,6.167,25.54
11468.0,-94.0,-1222747.0,6.75,25.78
11472.0,-119.0,-1277654.0,6.208,25.29
11476.0,-286.0,-1304831.0,5.95,25.05
11481.0,159.0,-1332954.0,6.867,25.05
11484.0,-8.0,-1360923.0,6.183,25.05
11488.0,27.0,-1415262.0,5.558,24.8
11492.0,-218.0,-1442531.0,6.258,24.8
11496.0,107.0,-1468110.0,5.208,25.29
11500.0,32.0,-1494163.0,6.1,24.32
11504.0,155.0,-1545516.0,6.533,24.07
11507.0,-140.0,-1571225.0,5.633,23.58
11511.0,-83.0,-1598662.0,6.4,23.58
11515.0,-46.0,-1625093.0,5.467,23.09
11520.0,-147.0,-1677644.0,6.158,23.34
11524.0,58.0,-1704441.0,6.292,23.34
11528.0,19.0,-1731424.0,5.883,22.85
11531.0,-20.0,-1758735.0,5.625,23.09
11535.0,-235.0,-1810092.0,5.058,22.85
11539.0,-44.0,-1834923.0,5.875,23.34
11543.0,339.0,-1860550.0,5.742,22.61
11547.0,428.0,-1885749.0,5.542,22.36
11551.0,295.0,-1937524.0,5.842,22.12
11554.0,74.0,-1962967.0,5.158,21.87
11558.0,107.0,-1988192.0,5.517,22.12
11563.0,-226.0,-2013995.0,5.35,21.14
11567.0,-87.0,-2065126.0,5.808,22.12
11571.0,52.0,-2089315.0,4.908,21.63
11575.0,-57.0,-2113742.0,4.908,20.89
11578.0,58.0,-2137835.0,4.733,20.89
11582.0,53.0,-2184746.0,5.058,20.65
11586.0,-36.0,-2207921.0,5.108,20.41
11590.0,-159.0,-2230730.0,5.225,20.41
11594.0,270.0,-2254929.0,5.225,19.92
11598.0,247.0,-2302436.0,4.475,19.67
11601.0,100.0,-2325661.0,4.833,19.67
11606.0,-185.0,-2349276.0,5.15,19.43
11610.0,36.0,-2372551.0,4.367,19.18
11614.0,163.0,-2418490.0,4.592,19.18
11618.0,186.0,-2440699.0,4.217,19.18
11622.0,49.0,-2461966.0,4.558,18.7
11625.0,80.0,-2483657.0,4.108,18.45
11629.0,177.0,-2527212.0,4.933,18.7
11633.0,264.0,-2548701.0,4.7,18.21
11637.0,-369.0,-2570158.0,4.267,17.72
11641.0,-160.0,-2591875.0,5.517,17.72
11645.0,141.0,-2634252.0,4.392,17.72
11650.0,108.0,-2655091.0,4.083,17.47
11653.0,293.0,-2675254.0,4.0,17.72
11657.0,80.0,-2715401.0,4.092,17.23
11661.0,-165.0,-2735770.0,3.8,16.98
11665.0,50.0,-2755413.0,4.158,16.74
11669.0,211.0,-2774444.0,4.083,17.23
11673.0,294.0,-2813579.0,4.283,17.23
11676.0,171.0,-2833542.0,3.775,16.5
11680.0,328.0,-2853791.0,3.75,16.25
11684.0,-31.0,-2872386.0,3.617,16.5
11688.0,-108.0,-2910251.0,4.058,16.01
11693.0,127.0,-2929398.0,3.467,15.76
11697.0,-34.0,-2947571.0,3.6,16.01
11701.0,335.0,-2965748.0,3.275,16.5
11704.0,102.0,-2999679.0,3.508,16.25
11708.0,-197.0,-3016086.0,3.65,15.76
11712.0,154.0,-3033091.0,3.725,16.01
11716.0,133.0,-3050156.0,3.517,15.27
11720.0,124.0,-3084737.0,3.192,15.27
11724.0,133.0,-3101352.0,3.5,15.03
11727.0,568.0,-3118275.0,2.875,15.03
11731.0,-17.0,-3135224.0,3.675,14.54
11736.0,-34.0,-3167471.0,2.9,14.54
11740.0,-27.0,-3183646.0,3.583,14.54
11744.0,274.0,-3198589.0,3.4,14.54
11748.0,281.0,-3213974.0,2.292,14.78
11752.0,144.0,-3242813.0,3.417,14.78
11755.0,49.0,-3256950.0,2.658,14.05
11759.0,-310.0,-3271607.0,3.0,14.05
11763.0,-123.0,-3287016.0,2.417,13.81
11767.0,-76.0,-3316593.0,2.633,13.81
11771.0,47.0,-3330298.0,2.767,13.81
11776.0,178.0,-3344771.0,2.658,13.32
11779.0,89.0,-3359186.0,2.858,13.32
11783.0,14.0,-3387345.0,2.225,13.32
11787.0,19.0,-3399934.0,2.358,13.56
11791.0,-256.0,-3413555.0,2.2,13.07
11795.0,-361.0,-3425918.0,2.4,13.56
11799.0,-112.0,-3451157.0,2.417,13.32
11802.0,-361.0,-3462814.0,2.167,12.83
11806.0,-470.0,-3476001.0,2.492,12.59
11810.0,-245.0,-3487700.0,1.567,12.59
11814.0,44.0,-3512479.0,2.492,12.59
11819.0,283.0,-3523890.0,1.617,12.34
11823.0,120.0,-3535797.0,2.725,12.59
11827.0,109.0,-3559094.0,1.275,12.34
11830.0,158.0,-3571345.0,2.358,12.1
11834.0,-47.0,-3581744.0,0.992,12.1
11838.0,-112.0,-3592605.0,2.542,12.1
11842.0,-119.0,-3612660.0,0.883,11.61
11846.0,112.0,-3623363.0,2.617,11.85
11850.0,193.0,-3633136.0,1.242,12.1
11854.0,52.0,-3642559.0,2.05,11.85
11857.0,-147.0,-3661446.0,0.95,11.12
11862.0,-8.0,-3671175.0,1.7,11.36
11866.0,479.0,-3681506.0,1.958,11.61
11870.0,452.0,-3690059.0,0.925,10.87
11874.0,353.0,-3707862.0,2.217,10.87
11878.0,52.0,-3716479.0,0.575,10.87
11881.0,-165.0,-3725238.0,2.142,10.87
11885.0,-56.0,-3733931.0,1.275,10.63
11889.0,-183.0,-3750134.0,1.508,10.63
11893.0,-182.0,-3758633.0,1.758,10.63
11897.0,207.0,-3766682.0,1.125,10.39
11901.0,176.0,-3773965.0,1.433,10.87
11905.0,83.0,-3789054.0,1.392,10.87
11909.0,124.0,-3796017.0,0.575,10.14
11913.0,309.0,-3803296.0,2.15,10.39
11917.0,182.0,-3810375.0,0.883,9.9
11921.0,-133.0,-3823288.0,1.342,9.65
11925.0,236.0,-3829741.0,1.108,9.65
11928.0,185.0,-3836194.0,1.275,10.14
11932.0,64.0,-3842407.0,0.908,10.14
11936.0,-275.0,-3853764.0,1.325,9.65
11940.0,150.0,-3859427.0,0.817,9.41
11944.0,-119.0,-3865126.0,1.25,9.65
11949.0,-200.0,-3870857.0,1.0,9.9
11952.0,-173.0,-3881322.0,1.083,9.16
11956.0,110.0,-3886549.0,0.842,9.16
11960.0,225.0,-3891314.0,0.75,8.92
11964.0,72.0,-3896117.0,1.133,9.41
11968.0,175.0,-3905022.0,0.95,9.16
11971.0,76.0,-3909007.0,0.758,8.68
11975.0,-3.0,-3913476.0,0.742,8.68
11979.0,18.0,-3917033.0,0.8,8.43
11983.0,-85.0,-3924886.0,0.992,8.43
11986.0,-20.0,-3927825.0,0.642,8.68
11991.0,-29.0,-3930722.0,0.633,8.43
11995.0,56.0,-3933891.0,0.758,8.19
11999.0,269.0,-3936988.0,0.45,8.68
12003.0,-32.0,-3942475.0,0.842,8.19
12006.0,-125.0,-3944810.0,0.5,8.19
12010.0,-94.0,-3947537.0,0.95,7.94
12014.0,-45.0,-3950212.0,0.417,7.94
12018.0,76.0,-3953459.0,0.608,8.68
12021.0,295.0,-3954710.0,0.467,7.94
12025.0,244.0,-3956743.0,0.675,7.7
12029.0,67.0,-3958376.0,0.467,7.94
12034.0,-64.0,-3960689.0,0.633,7.7
12038.0,43.0,-3961824.0,0.442,8.19
12041.0,118.0,-3962711.0,0.6,7.94
12045.0,1.0,-3963662.0,0.283,7.7
12049.0,246.0,-3965041.0,0.567,7.45
12053.0,115.0,-3965106.0,0.267,7.45
12056.0,-72.0,-3965153.0,0.5,7.7
12060.0,-3.0,-3964666.0,0.308,7.45
12064.0,-96.0,-3964853.0,0.433,7.45
12068.0,-47.0,-3963544.0,0.25,7.45
12072.0,50.0,-3962957.0,0.442,7.21
12076.0,-61.0,-3962400.0,0.242,7.45
12080.0,-88.0,-3961833.0,0.325,7.7
12084.0,-151.0,-3959722.0,0.125,7.45
12088.0,-468.0,-3958135.0,0.4,7.45
12091.0,115.0,-3956892.0,0.242,7.21
12095.0,300.0,-3955857.0,0.342,6.96
12099.0,73.0,-3953858.0,0.117,7.45
12103.0,-42.0,-3951893.0,0.658,7.21
12107.0,-81.0,-3950892.0,-0.125,6.72
12110.0,-168.0,-3949931.0,0.275,6.72
12114.0,-149.0,-3945884.0,-0.3,6.72
12119.0,-2.0,-3942925.0,0.392,6.72
12123.0,111.0,-3939776.0,0.208,6.48
12127.0,212.0,-3936937.0,-0.05,6.72
12130.0,149.0,-3931096.0,0.133,6.48
12134.0,-34.0,-3927367.0,-0.092,6.48
12138.0,-5.0,-3923662.0,-0.283,6.48
12142.0,198.0,-3919551.0,-0.017,6.72
12145.0,189.0,-3915484.0,0.158,6.48
12149.0,-8.0,-3906585.0,0.442,6.48
12153.0,141.0,-3902894.0,0.683,6.23
12157.0,-244.0,-3900747.0,-0.3,6.23
12162.0,-321.0,-3898418.0,-0.133,6.23
12165.0,-22.0,-3891795.0,-0.533,6.23
12169.0,229.0,-3886360.0,0.292,6.96
12173.0,-94.0,-3881399.0,-0.225,6.23
12177.0,-181.0,-3875416.0,-0.342,6.23
12181.0,-44.0,-3864141.0,0.417,6.48
12184.0,-189.0,-3858322.0,-0.517,6.48
12188.0,142.0,-3852253.0,-0.342,6.72
12192.0,105.0,-3846256.0,-0.775,5.99
12196.0,182.0,-3832531.0,0.358,6.48
12200.0,283.0,-3825330.0,-0.358,5.74
12204.0,156.0,-3818701.0,0.225,6.48
12208.0,245.0,-3811790.0,-1.35,5.74
12212.0,302.0,-3796773.0,0.133,5.5
12216.0,-27.0,-3788576.0,-0.808,5.74
12220.0,-60.0,-3780857.0,0.4,6.23
12223.0,-67.0,-3772364.0,-1.008,5.74
12227.0,-268.0,-3755035.0,0.0,5.99
12231.0,-73.0,-3746452.0,-0.575,5.5
12235.0,-294.0,-3737621.0,-0.4,5.99
12239.0,-127.0,-3728260.0,-0.858,5.74
12242.0,-196.0,-3718459.0,0.108,5.74
12247.0,281.0,-3700878.0,-0.542,5.25
12251.0,172.0,-3690849.0,-0.7,5.74
12255.0,5.0,-3681110.0,-0.7,5.5
12259.0,206.0,-3670667.0,-0.592,5.25
12262.0,-75.0,-3651104.0,-0.433,5.5
12266.0,272.0,-3640359.0,-0.983,5.25
12270.0,253.0,-3629582.0,-0.292,5.5
12274.0,222.0,-3618769.0,-0.8,5.25
12278.0,267.0,-3595972.0,-1.175,5.01
12281.0,-128.0,-3584781.0,-0.533,5.5
12285.0,131.0,-3573502.0,-0.708,5.01
12290.0,204.0,-3561237.0,-0.9,4.77
12294.0,51.0,-3537376.0,-0.45,4.77
12298.0,-132.0,-3525297.0,-1.4,5.01
12301.0,-69.0,-3512010.0,-0.808,4.52
12305.0,48.0,-3499607.0,-0.467,4.52
12309.0,197.0,-3473614.0,-1.35,4.28
12313.0,376.0,-3460941.0,-0.25,4.52
12317.0,379.0,-3447424.0,-1.592,4.77
12320.0,102.0,-3433841.0,-0.508,4.28
12324.0,171.0,-3406964.0,-1.3,4.28
12328.0,-114.0,-3392715.0,-1.45,4.28
12333.0,61.0,-3378284.0,-0.583,4.03
12337.0,150.0,-3363597.0,-1.65,4.03
12340.0,-201.0,-3343136.0,1.492,4.03
12344.0,166.0,-3334741.0,-1.892,4.28
12348.0,-129.0,-3318464.0,-1.542,4.28
12352.0,100.0,-3301029.0,1.233,4.52
12356.0,-75.0,-3272440.0,-3.275,3.79
12359.0,112.0,-3256281.0,-0.967,3.79
12363.0,431.0,-3240428.0,-0.192,3.79
12367.0,258.0,-3224829.0,-1.075,3.54
12371.0,27.0,-3206762.0,2.142,3.54
12376.0,-702.0,-3192651.0,-6.092,3.54
12379.0,-769.0,-3174546.0,2.15,4.03
12383.0,-354.0,-3158985.0,-2.375,3.54
12387.0,-229.0,-3142990.0,-1.967,3.54
12391.0,362.0,-3108379.0,-1.325,4.03
12395.0,165.0,-3090354.0,-0.658,3.79
12399.0,-280.0,-3072685.0,-1.65,3.79
12402.0,-93.0,-3054506.0,-3.142,3.3
12406.0,-28.0,-3015969.0,-1.492,3.3
12410.0,33.0,-2996760.0,-1.433,3.05
12414.0,64.0,-2977421.0,-2.217,2.81
12419.0,405.0,-2957724.0,-2.583,2.32
12422.0,438.0,-2918223.0,-1.583,2.32
12426.0,69.0,-2897890.0,-2.208,2.57
12430.0,74.0,-2878385.0,-2.283,2.08
12434.0,541.0,-2858110.0,-2.433,1.83
12438.0,-128.0,-2815903.0,-1.867,1.83
12441.0,-105.0,-2795194.0,-2.417,1.83
12445.0,226.0,-2774919.0,-3.025,1.59
12449.0,-75.0,-2752562.0,-2.408,1.59
12453.0,-262.0,-2708491.0,-2.15,1.1
12457.0,-139.0,-2686114.0,-2.975,1.1
12461.0,154.0,-2663995.0,-2.675,1.34
12465.0,441.0,-2642000.0,-2.883,1.1
12469.0,-44.0,-2596811.0,-2.5,1.1
12473.0,-247.0,-2574692.0,-3.458,0.61
12477.0,-376.0,-2551839.0,-2.392,0.37
12480.0,-101.0,-2529090.0,-3.033,0.37
12484.0,-150.0,-2481681.0,-3.192,0.12
12488.0,217.0,-2456992.0,-3.575,-0.12
12492.0,188.0,-2433119.0,-3.617,0.37
12496.0,343.0,-2408464.0,-3.142,-0.86
12500.0,-44.0,-2359547.0,-3.925,-0.37
12504.0,163.0,-2334508.0,-3.408,-0.37
12508.0,134.0,-2309647.0,-4.042,-0.37
12512.0,391.0,-2285628.0,-3.625,-0.37
12516.0,484.0,-2236405.0,-4.133,-1.1
12520.0,-47.0,-2210628.0,-3.75,-1.1
12523.0,146.0,-2185249.0,-4.167,-1.34
12527.0,273.0,-2159600.0,-4.15,-1.59
12531.0,232.0,-2107555.0,-4.825,-1.59
12535.0,61.0,-2081104.0,-4.258,-2.08
12539.0,-194.0,-2054685.0,-4.85,-2.32
12542.0,135.0,-2028174.0,-4.492,-2.57
12547.0,474.0,-1976199.0,-4.833,-3.05
12551.0,429.0,-1950484.0,-4.717,-2.81
12555.0,276.0,-1925107.0,-4.817,-3.3
12559.0,-61.0,-1900020.0,-5.008,-3.79
12563.0,-206.0,-1848397.0,-5.05,-4.03
12566.0,105.0,-1821442.0,-5.175,-4.28
12570.0,-106.0,-1794773.0,-5.725,-4.52
12574.0,-119.0,-1767662.0,-5.358,-4.77
12578.0,108.0,-1714541.0,-5.8,-5.01
12582.0,195.0,-1687998.0,-5.617,-5.5
12587.0,170.0,-1660951.0,-6.208,-5.74
12590.0,85.0,-1634970.0,-5.767,-5.99
12594.0,132.0,-1584909.0,-5.725,-6.23
12598.0,105.0,-1559326.0,-6.142,-6.23
12602.0,-304.0,-1532817.0,-6.633,-6.72
12606.0,-469.0,-1506328.0,-6.008,-6.48
12609.0,-180.0,-1452447.0,-6.95,-7.21
12613.0,1.0,-1425188.0,-6.608,-7.7
12617.0,142.0,-1397531.0,-6.908,-7.7
12621.0,465.0,-1370264.0,-6.583,-8.19
12625.0,282.0,-1316167.0,-6.975,-8.68
12628.0,181.0,-1290294.0,-6.55,-9.16
12633.0,-16.0,-1264025.0,-6.942,-9.41
12637.0,-113.0,-1238040.0,-6.717,-9.41
12641.0,36.0,-1211901.0,-7.033,-9.9
12645.0,211.0,-1160544.0,-7.0,-10.39
12649.0,-16.0,-1134239.0,-7.408,-10.63
12652.0,-139.0,-1107202.0,-7.408,-10.87
12656.0,-338.0,-1079917.0,-7.35,-11.12
12660.0,259.0,-1027892.0,-7.142,-11.12
12664.0,206.0,-1001679.0,-7.483,-11.85
12668.0,-3.0,-976060.0,-6.658,-12.1
12673.0,36.0,-927433.0,-6.533,-12.59
12676.0,-111.0,-906168.0,-6.008,-12.83
12680.0,-132.0,-885165.0,-5.925,-12.83
12684.0,267.0,-863258.0,-7.175,-13.07
12688.0,384.0,-840071.0,-7.733,-13.56
12692.0,147.0,-790022.0,-7.892,-13.81
12695.0,-36.0,-764827.0,-7.45,-13.81
12699.0,21.0,-738950.0,-7.567,-13.56
12703.0,-62.0,-713805.0,-7.092,-14.78
12707.0,-87.0,-668002.0,-6.233,-14.3
12711.0,-130.0,-648285.0,-5.258,-14.78
12715.0,5.0,-630088.0,-4.883,-15.03
12719.0,-36.0,-612341.0,-5.642,-15.52
12723.0,-273.0,-574670.0,-7.158,-15.03
12727.0,124.0,-555917.0,-6.142,-15.52
12731.0,181.0,-538222.0,-4.658,-15.03
12734.0,-4.0,-520093.0,-5.642,-15.03
12738.0,-77.0,-480122.0,-7.692,-15.76
12742.0,282.0,-460363.0,-6.417,-15.76
12746.0,239.0,-442170.0,-5.333,-15.76
12750.0,218.0,-425179.0,-6.325,-16.5
12753.0,-381.0,-393070.0,-5.85,-16.98
12758.0,-244.0,-379229.0,-5.0,-16.74
12762.0,215.0,-365560.0,-5.317,-17.47
12766.0,150.0,-351405.0,-5.042,-17.23
12770.0,-95.0,-323378.0,-3.792,-17.23
12773.0,-128.0,-308765.0,-3.292,-17.23
12777.0,-271.0,-293952.0,-3.5,-16.98
12781.0,-38.0,-279681.0,-3.017,-16.74
12785.0,63.0,-248966.0,-2.125,-16.74
12789.0,64.0,-233143.0,-2.833,-16.98
12792.0,-105.0,-217544.0,-2.075,-17.47
12796.0,62.0,-202771.0,1.792,-17.47
12801.0,165.0,-189232.0,5.233,-17.72
12805.0,332.0,-165461.0,4.167,-18.45
12809.0,351.0,-154824.0,3.825,-18.45
12812.0,336.0,-145299.0,3.942,-17.96
12816.0,71.0,-136232.0,-3.358,-17.72
12820.0,-106.0,-117457.0,-2.95,-17.47
12824.0,51.0,-108064.0,6.733,-17.72
12828.0,388.0,-99161.0,8.242,-17.23
12831.0,-33.0,-91688.0,5.833,-17.23
12835.0,134.0,-76291.0,4.917,-17.72
12839.0,79.0,-69690.0,6.392,-17.96
12844.0,390.0,-63769.0,6.983,-18.45
12847.0,167.0,-57608.0,8.117,-17.72
12851.0,62.0,-47041.0,10.917,-17.96
12855.0,201.0,-42728.0,10.183,-18.21
12859.0,414.0,-40037.0,8.533,-17.96
12863.0,195.0,-36546.0,8.983,-17.72
12866.0,314.0,-30339.0,9.525,-17.72
12870.0,271.0,-27238.0,9.833,-17.47
12874.0,-126.0,-24647.0,10.433,-16.98
12878.0,-33.0,-22506.0,11.7,-16.5
12882.0,278.0,-18491.0,11.567,-16.74
12886.0,-193.0,-16292.0,11.158,-16.74
12890.0,24.0,-14805.0,11.292,-16.74
12894.0,97.0,-13558.0,10.675,-16.01
12898.0,80.0,-11803.0,10.175,-16.25
12902.0,-175.0,-7830.0,10.592,-16.01
12905.0,-142.0,-6103.0,11.425,-15.76
12909.0,151.0,-4242.0,11.917,-15.03
12913.0,68.0,-2911.0,10.708,-14.54
12917.0,225.0,-852.0,9.55,-14.3
12920.0,-54.0,747.0,9.042,-14.05
12924.0,-139.0,1336.0,8.517,-13.56
12929.0,-180.0,2609.0,8.767,-13.81
12932.0,125.0,3846.0,9.325,-13.07
12936.0,40.0,6227.0,9.567,-12.59
12940.0,137.0,6974.0,9.092,-12.59
12943.0,14.0,7593.0,8.075,-12.34
12947.0,-13.0,7934.0,7.467,-11.85
12951.0,12.0,9121.0,7.825,-11.36
12954.0,243.0,10726.0,7.65,-11.12
12958.0,10.0,11417.0,7.433,-10.63
12962.0,55.0,12228.0,7.25,-10.14
12966.0,202.0,12937.0,7.083,-9.41
12969.0,95.0,14354.0,6.775,-9.16
12974.0,-20.0,14753.0,6.45,-8.68
12978.0,227.0,15386.0,6.125,-8.43
12982.0,264.0,15917.0,6.1,-7.94
12985.0,523.0,16298.0,6.125,-7.21
12989.0,326.0,17633.0,6.292,-6.96
12993.0,353.0,17616.0,6.375,-6.48
12996.0,270.0,17411.0,5.592,-5.99
13000.0,37.0,18496.0,4.992,-5.74
13004.0,32.0,19133.0,4.283,-5.25
13008.0,81.0,19800.0,4.117,-4.52
13011.0,84.0,19849.0,3.942,-4.52
13016.0,217.0,20116.0,3.142,-4.03
13020.0,-80.0,20181.0,2.325,-3.54
13023.0,-179.0,21120.0,2.292,-2.57
13027.0,-306.0,21337.0,3.05,-2.32
13031.0,-281.0,21602.0,3.608,-1.59
13035.0,-52.0,21763.0,3.4,-1.59
13038.0,-11.0,21828.0,2.217,-0.86
13042.0,172.0,22027.0,1.325,-0.86
13046.0,173.0,21700.0,0.6,-0.61
13049.0,266.0,21897.0,0.3,0.37
13053.0,-87.0,22182.0,0.242,0.86
13058.0,-110.0,22669.0,0.017,0.61
13062.0,5.0,22092.0,-0.633,1.34
13065.0,-22.0,22255.0,-1.225,1.34
13069.0,-67.0,22492.0,-1.708,3.05
13073.0,-54.0,22207.0,-2.067,2.57
13076.0,91.0,22118.0,-2.317,3.05
13080.0,102.0,21725.0,-2.192,3.79
13084.0,-23.0,22124.0,-1.767,4.28
13087.0,6.0,22249.0,-2.025,5.01
13091.0,145.0,22140.0,-1.867,5.5
13095.0,-196.0,21643.0,-1.392,6.72
13099.0,-283.0,21858.0,-0.567,6.72
13103.0,-446.0,21911.0,-0.508,7.21
13107.0,-221.0,21736.0,-0.933,7.7
13111.0,166.0,21461.0,-0.175,7.94
13114.0,221.0,21196.0,-0.542,7.94
13118.0,180.0,21081.0,-0.975,8.19
13122.0,-47.0,20934.0,-0.967,8.43
13126.0,-376.0,21013.0,-1.042,8.43
13129.0,-69.0,20758.0,-1.408,8.92
13133.0,-100.0,20219.0,-2.8,9.16
13137.0,353.0,19124.0,-5.567,9.9
13140.0,232.0,16881.0,-9.217,9.41
13145.0,19.0,16704.0,-10.492,9.65
13149.0,212.0,16639.0,-9.275,10.39
13153.0,61.0,16652.0,-7.225,11.36
13156.0,64.0,16631.0,-6.125,11.85
13160.0,243.0,15084.0,-7.292,11.85
13164.0,118.0,13687.0,-8.583,11.85
13168.0,361.0,11996.0,-9.342,12.1
13171.0,-68.0,11329.0,-8.883,12.59
13175.0,-137.0,12864.0,-4.433,12.59
13179.0,-190.0,13109.0,-3.65,12.83
13184.0,-295.0,8632.0,-7.2,12.83
13187.0,-134.0,7131.0,-10.375,13.32
13191.0,213.0,4834.0,-12.775,13.56
13195.0,-416.0,3971.0,-12.517,13.81
13199.0,35.0,1272.0,-12.267,14.54
13202.0,342.0,553.0,-11.117,15.76
13206.0,37.0,1208.0,-9.817,15.76
13210.0,300.0,-1623.0,-10.408,16.98
13214.0,411.0,-3510.0,-12.092,17.23
13217.0,140.0,-6891.0,-13.65,17.72
13221.0,-3.0,-7402.0,-13.742,17.96
13225.0,-152.0,-8239.0,-12.767,18.21
13230.0,163.0,-11638.0,-13.675,18.21
13233.0,180.0,-13705.0,-13.142,17.96
13237.0,215.0,-15024.0,-12.275,18.21
13241.0,130.0,-19257.0,-13.133,18.7
13245.0,221.0,-22056.0,-14.567,18.7
13249.0,-6.0,-25467.0,-15.558,19.67
13252.0,79.0,-28678.0,-16.217,20.41
13256.0,300.0,-31245.0,-16.608,21.63
13260.0,175.0,-32954.0,-16.608,23.58
13264.0,458.0,-38619.0,-15.8,24.07
13268.0,61.0,-40284.0,-15.05,25.29
13272.0,-94.0,-43415.0,-14.2,25.54
13276.0,175.0,-47288.0,-13.683,25.78
13280.0,18.0,-50471.0,-14.392,25.54
13284.0,89.0,-58134.0,-13.633,25.29
13288.0,148.0,-62193.0,-13.292,25.78
13291.0,221.0,-65742.0,-12.008,26.52
13295.0,-134.0,-70363.0,-8.825,27.0
13299.0,-215.0,-83448.0,-8.217,27.0
13303.0,-70.0,-89011.0,-8.658,27.49
13307.0,207.0,-96834.0,-4.808,27.98
13310.0,36.0,-107199.0,3.008,28.47
13315.0,-69.0,-127828.0,4.117,28.47
13319.0,72.0,-141115.0,-2.3,28.96
13323.0,-85.0,-153882.0,-3.942,28.71
13326.0,-106.0,-167867.0,2.533,28.71
13330.0,-161.0,-197852.0,2.35,29.2
13334.0,14.0,-213925.0,-2.275,28.71
13338.0,221.0,-229436.0,-0.233,28.71
13342.0,-4.0,-245003.0,5.908,28.71
13345.0,-39.0,-262830.0,4.725,28.71
13349.0,108.0,-298019.0,-0.442,28.71
13353.0,-163.0,-317088.0,2.033,28.96
13358.0,162.0,-334919.0,5.658,28.96
13362.0,277.0,-356100.0,6.267,28.71
13365.0,-72.0,-397393.0,3.525,28.47
13369.0,-29.0,-421450.0,4.867,28.47
13373.0,166.0,-444433.0,5.975,28.47
13377.0,-133.0,-466770.0,2.567,28.23
13380.0,-84.0,-488855.0,-7.442,27.25
13384.0,-95.0,-512404.0,7.375,26.03
13388.0,168.0,-546585.0,16.908,25.05
13392.0,-325.0,-565138.0,-15.617,23.09
13396.0,288.0,-613911.0,11.025,22.85
13401.0,49.0,-638492.0,8.025,21.63
13404.0,-36.0,-662451.0,-3.867,21.14
13408.0,265.0,-686640.0,6.783,20.89
13412.0,164.0,-738759.0,7.592,21.63
13416.0,5.0,-763352.0,4.992,21.38
13419.0,-28.0,-789701.0,5.975,21.63
13423.0,-165.0,-816890.0,7.0,21.63
13427.0,-8.0,-872481.0,5.433,21.87
13431.0,-141.0,-899764.0,7.067,22.12
13435.0,8.0,-927525.0,5.842,21.87
13438.0,243.0,-955170.0,7.142,22.12
13443.0,80.0,-983547.0,4.725,21.63
13447.0,7.0,-1037570.0,6.433,21.14
13451.0,80.0,-1063457.0,5.983,21.87
13454.0,361.0,-1086710.0,1.817,21.63
13458.0,-214.0,-1097213.0,-10.467,21.87
13462.0,-115.0,-1137416.0,18.942,21.63
13466.0,398.0,-1169643.0,0.142,21.87
13470.0,119.0,-1190574.0,-5.942,21.63
13474.0,192.0,-1245019.0,14.042,21.87
13478.0,-93.0,-1273050.0,5.183,21.63
13483.0,226.0,-1299469.0,0.508,21.63
13486.0,-185.0,-1327094.0,8.783,21.87
13490.0,-110.0,-1381685.0,5.417,21.38
13494.0,-97.0,-1407894.0,5.158,21.87
13498.0,-314.0,-1433805.0,5.567,20.89
13502.0,-71.0,-1460028.0,6.875,21.14
13506.0,78.0,-1512585.0,5.067,20.41
13509.0,321.0,-1539070.0,6.35,20.65
13513.0,384.0,-1565981.0,6.45,20.16
13517.0,113.0,-1592026.0,5.775,20.65
13521.0,172.0,-1646329.0,5.85,19.92
13526.0,-49.0,-1673818.0,6.242,19.92
13530.0,348.0,-1700501.0,6.058,20.16
13534.0,523.0,-1727490.0,5.5,20.65
13537.0,530.0,-1778145.0,5.108,21.63
13541.0,225.0,-1803826.0,6.267,22.61
13545.0,-36.0,-1830235.0,5.767,22.61
13549.0,-263.0,-1855670.0,5.217,23.09
13553.0,-4.0,-1906503.0,5.975,23.34
13557.0,231.0,-1932342.0,5.483,22.12
13560.0,194.0,-1957887.0,5.267,21.87
13564.0,-61.0,-1983858.0,5.567,21.38
13569.0,-138.0,-2034539.0,5.483,21.38
13573.0,-5.0,-2059170.0,4.942,20.89
13577.0,-126.0,-2083527.0,5.075,21.38
13581.0,151.0,-2107260.0,5.0,20.89
13584.0,102.0,-2154159.0,4.792,20.65
13588.0,-91.0,-2177614.0,5.308,20.89
13592.0,-350.0,-2201551.0,5.3,20.89
13596.0,-337.0,-2226150.0,4.792,20.16
13600.0,-204.0,-2273561.0,4.8,19.67
13604.0,-3.0,-2296968.0,4.933,19.67
13607.0,-210.0,-2321041.0,4.842,19.43
13612.0,187.0,-2344442.0,4.567,19.18
13616.0,96.0,-2389277.0,4.483,19.18
13620.0,-131.0,-2411274.0,4.408,18.94
13624.0,-192.0,-2433361.0,4.933,18.94
13628.0,-107.0,-2454756.0,4.992,18.7
13632.0,46.0,-2497595.0,5.183,18.45
13635.0,-11.0,-2518634.0,3.908,18.21
13639.0,-598.0,-2540265.0,4.108,18.21
13643.0,-387.0,-2582966.0,4.875,17.96
13647.0,-26.0,-2604251.0,4.042,17.72
13651.0,493.0,-2625232.0,4.758,17.72
13656.0,510.0,-2645991.0,3.833,17.23
13659.0,363.0,-2686746.0,3.9,17.72
13663.0,192.0,-2706821.0,4.258,17.47
13667.0,213.0,-2726092.0,4.058,17.47
13671.0,146.0,-2745607.0,4.1,16.98
13675.0,59.0,-2785336.0,4.325,16.74
13679.0,238.0,-2805063.0,3.483,16.74
13682.0,-213.0,-2824926.0,4.025,16.5
13686.0,-24.0,-2843909.0,3.658,16.25
13690.0,-5.0,-2882456.0,4.083,16.01
13694.0,62.0,-2900477.0,3.783,16.01
13699.0,-233.0,-2918810.0,3.792,16.01
13703.0,-2.0,-2936081.0,3.183,16.25
13706.0,221.0,-2970484.0,3.55,15.76
13710.0,84.0,-2987767.0,3.758,15.76
13714.0,163.0,-3004024.0,3.75,15.27
13718.0,42.0,-3021317.0,4.35,15.27
13722.0,-113.0,-3054670.0,2.833,15.52
13726.0,-84.0,-3070957.0,3.358,15.03
13729.0,317.0,-3088002.0,3.758,15.03
13733.0,24.0,-3103563.0,3.258,15.03
13737.0,231.0,-3135610.0,3.317,14.78
13742.0,574.0,-3151477.0,2.867,14.54
13746.0,121.0,-3167454.0,2.55,14.54
13750.0,68.0,-3182139.0,3.133,14.3
13753.0,-137.0,-3211080.0,2.733,14.3
13757.0,54.0,-3226175.0,3.225,14.05
13761.0,-13.0,-3241140.0,2.883,14.54
13765.0,54.0,-3256671.0,2.292,13.81
13769.0,-25.0,-3285962.0,2.833,13.81
13773.0,-94.0,-3300343.0,2.617,13.81
13776.0,-109.0,-3315050.0,2.958,13.56
13780.0,396.0,-3330043.0,2.492,13.56
13785.0,247.0,-3357696.0,2.25,13.32
13789.0,480.0,-3370625.0,2.417,13.56
13793.0,-153.0,-3384088.0,2.225,13.07
13797.0,-330.0,-3396953.0,2.642,13.07
13801.0,71.0,-3421624.0,2.183,13.07
13804.0,184.0,-3433635.0,2.492,12.83
13808.0,441.0,-3446680.0,1.8,13.07
13812.0,438.0,-3459139.0,2.167,12.59
13816.0,311.0,-3483422.0,1.975,12.34
13820.0,-88.0,-3495039.0,2.375,12.59
13825.0,-79.0,-3507050.0,1.917,12.1
13828.0,190.0,-3519383.0,2.133,12.34
13832.0,457.0,-3542374.0,1.308,12.59
13836.0,-56.0,-3553303.0,2.333,11.85
13840.0,119.0,-3563578.0,1.3,11.85
13844.0,218.0,-3574937.0,2.55,11.85
13848.0,347.0,-3595114.0,1.092,12.34
13852.0,-16.0,-3605281.0,2.708,11.61
13855.0,13.0,-3614616.0,0.308,11.36
13859.0,134.0,-3624699.0,2.592,11.36
13863.0,265.0,-3643652.0,0.458,11.12
13868.0,-154.0,-3653077.0,2.375,10.87
13872.0,67.0,-3662512.0,0.925,10.87
13876.0,38.0,-3679993.0,1.675,10.87
13879.0,203.0,-3689650.0,1.667,10.87
13883.0,174.0,-3697795.0,0.758,10.63
13887.0,291.0,-3706136.0,2.025,10.87
13891.0,200.0,-3723643.0,1.283,10.39
13895.0,-17.0,-3731402.0,1.317,10.63
13899.0,308.0,-3739667.0,1.817,10.39
13902.0,101.0,-3747402.0,0.55,10.14
13906.0,30.0,-3761949.0,1.675,9.9
13911.0,-75.0,-3769518.0,1.208,9.9
13915.0,288.0,-3775989.0,0.633,9.9
13919.0,19.0,-3782756.0,1.783,10.39
13922.0,154.0,-3796685.0,0.758,9.65
13926.0,313.0,-3802854.0,0.95,9.65
13930.0,78.0,-3808807.0,1.525,9.9
13934.0,57.0,-3815440.0,0.708,9.41
13938.0,54.0,-3821169.0,1.108,9.65
13941.0,-45.0,-3832502.0,1.208,9.41
13945.0,202.0,-3838607.0,1.142,9.65
13949.0,181.0,-3844052.0,0.775,9.16
13954.0,-24.0,-3848939.0,0.867,9.9
13958.0,153.0,-3859104.0,1.158,8.92
13961.0,84.0,-3864813.0,0.767,9.41
13965.0,-225.0,-3869200.0,0.792,8.92
13969.0,-118.0,-3873227.0,0.95,8.68
13973.0,-145.0,-3882068.0,1.092,8.68
13977.0,72.0,-3886491.0,0.475,9.16
13980.0,281.0,-3890238.0,0.6,8.68
13984.0,428.0,-3893523.0,0.875,8.43
13988.0,299.0,-3900150.0,0.883,8.43
13992.0,-234.0,-3903653.0,0.558,8.43
13997.0,-69.0,-3906974.0,0.9,8.43
14000.0,-86.0,-3909763.0,0.475,8.43
14004.0,133.0,-3914890.0,0.892,8.19
14008.0,178.0,-3917397.0,0.308,8.19
14012.0,-169.0,-3919626.0,0.692,8.19
14016.0,-262.0,-3921601.0,0.683,7.94
14019.0,-245.0,-3925634.0,0.692,7.94
14023.0,-134.0,-3927103.0,0.542,8.19
14027.0,89.0,-3928952.0,0.433,7.94
14031.0,-10.0,-3930997.0,0.6,7.7
14035.0,-127.0,-3932358.0,0.292,7.7
14039.0,-16.0,-3932863.0,0.775,7.94
14043.0,39.0,-3934238.0,0.525,7.94
14047.0,-214.0,-3935299.0,0.483,7.45
14051.0,-73.0,-3935542.0,0.233,7.7
14054.0,48.0,-3935885.0,0.5,7.94
14058.0,551.0,-3936300.0,0.292,7.45
14062.0,210.0,-3936333.0,0.642,7.45
14066.0,-71.0,-3935936.0,0.3,7.45
14070.0,-214.0,-3934573.0,0.4,7.94
14073.0,127.0,-3934152.0,0.1,7.7
14077.0,304.0,-3934099.0,0.392,7.21
14082.0,315.0,-3933074.0,0.242,7.21
14086.0,256.0,-3930155.0,0.317,7.7
14090.0,199.0,-3929036.0,0.292,7.21
14093.0,-120.0,-3927751.0,0.317,6.96
14097.0,-245.0,-3926596.0,0.15,6.96
14101.0,206.0,-3923907.0,0.525,6.48
14105.0,457.0,-3922568.0,0.083,6.96
14109.0,108.0,-3921625.0,0.3,6.72
14113.0,-139.0,-3920436.0,-0.075,6.96
14116.0,-148.0,-3915255.0,-0.067,6.72
14120.0,9.0,-3912732.0,0.767,6.72
14125.0,130.0,-3910921.0,-0.117,6.48
14129.0,97.0,-3908298.0,-0.342,6.72
14132.0,330.0,-3903377.0,1.075,6.48
14136.0,-87.0,-3900052.0,-1.35,6.48
14140.0,-2.0,-3896747.0,0.25,6.48
14144.0,19.0,-3893264.0,-0.1,6.48
14148.0,-186.0,-3889105.0,0.283,6.23
14151.0,-15.0,-3880266.0,0.25,6.23
14155.0,184.0,-3875787.0,-0.292,6.23
14159.0,57.0,-3873396.0,0.867,6.23
14163.0,-2.0,-3870423.0,-1.658,6.23
14167.0,-25.0,-3860080.0,0.8,6.72
14171.0,-256.0,-3854695.0,-0.067,6.23
14175.0,-251.0,-3849194.0,-0.067,5.99
14179.0,-146.0,-3844499.0,-0.217,6.23
14183.0,163.0,-3832116.0,-0.742,5.99
14187.0,68.0,-3825689.0,0.1,6.23
14190.0,187.0,-3819078.0,-0.633,5.74
14194.0,60.0,-3812817.0,0.133,5.99
14198.0,101.0,-3799376.0,-0.183,5.74
14202.0,-68.0,-3791727.0,-0.058,5.5
14205.0,-179.0,-3784502.0,-0.833,5.74
14210.0,234.0,-3776969.0,-0.458,5.5
14214.0,93.0,-3761618.0,-0.483,6.23
14218.0,-222.0,-3753665.0,0.042,5.5
14222.0,-25.0,-3745056.0,-0.483,5.5
14225.0,244.0,-3735997.0,-0.258,5.5
14229.0,311.0,-3719382.0,-0.783,5.5
14233.0,-96.0,-3710025.0,-0.733,5.5
14237.0,211.0,-3700940.0,-0.183,6.23
14241.0,-398.0,-3691655.0,0.058,5.25
14244.0,-231.0,-3682990.0,-0.933,5.99
14248.0,364.0,-3663265.0,-0.667,5.25
14253.0,155.0,-3653012.0,-0.617,5.5
14257.0,-118.0,-3643639.0,-0.292,5.25
14261.0,-171.0,-3633704.0,-0.975,5.25
14264.0,-256.0,-3612039.0,-0.242,5.25
14268.0,-13.0,-3601502.0,-0.708,5.5
14272.0,-96.0,-3590917.0,-1.125,5.99
14276.0,-175.0,-3579688.0,-0.433,5.01
14280.0,164.0,-3556987.0,-0.858,5.25
14283.0,-141.0,-3544840.0,-0.983,4.77
14287.0,-20.0,-3532707.0,-0.358,4.77
14291.0,307.0,-3521184.0,-1.075,5.5
14296.0,240.0,-3496021.0,-1.025,5.25
14300.0,261.0,-3483820.0,-0.7,4.77
14304.0,94.0,-3470315.0,-1.433,4.52
14307.0,37.0,-3457002.0,0.108,5.01
14311.0,-178.0,-3431243.0,-1.658,4.52
14315.0,-411.0,-3417612.0,-0.783,4.77
14319.0,-114.0,-3404693.0,-0.817,4.28
14323.0,79.0,-3390912.0,-1.492,4.28
14326.0,88.0,-3363421.0,-0.417,4.77
14330.0,71.0,-3348664.0,-1.508,4.03
14334.0,-86.0,-3333577.0,-1.208,4.03
14339.0,57.0,-3319204.0,-0.675,4.03
14342.0,-328.0,-3288459.0,-2.083,3.79
14346.0,-57.0,-3273304.0,-0.042,3.79
14350.0,-24.0,-3256369.0,-2.317,3.54
14354.0,19.0,-3240518.0,-0.117,3.54
14358.0,-48.0,-3224365.0,-2.217,3.3
14361.0,321.0,-3191944.0,-0.667,3.54
14365.0,8.0,-3174645.0,-1.867,3.3
14369.0,-153.0,-3157700.0,-1.017,3.3
14373.0,144.0,-3141197.0,-1.558,3.05
14376.0,111.0,-3107606.0,-1.417,3.54
14381.0,62.0,-3090255.0,-1.458,3.05
14385.0,11.0,-3071666.0,-2.142,2.81
14389.0,224.0,-3053485.0,-1.1,2.81
14393.0,117.0,-3023718.0,-0.633,2.57
14396.0,146.0,-3016595.0,1.333,2.81
14400.0,-413.0,-2999414.0,-5.733,3.05
14404.0,-296.0,-2977773.0,3.6,2.81
14408.0,103.0,-2942302.0,-4.775,2.57
14412.0,236.0,-2923269.0,-0.475,2.57
14416.0,93.0,-2902842.0,-1.792,2.57
14419.0,-294.0,-2883461.0,-1.3,2.08
14424.0,-113.0,-2844472.0,-3.025,1.83
14428.0,106.0,-2825455.0,-2.092,1.83
14432.0,-27.0,-2804674.0,-2.25,1.83
14436.0,102.0,-2784017.0,-2.058,1.83
14439.0,-97.0,-2741296.0,-2.925,1.83
14443.0,-42.0,-2720177.0,-2.308,1.59
14447.0,109.0,-2698134.0,-2.225,1.59
14451.0,244.0,-2676021.0,-3.433,1.34
14455.0,343.0,-2631626.0,-2.158,1.59
14458.0,54.0,-2608735.0,-2.892,1.34
14462.0,-143.0,-2586406.0,-2.392,0.86
14467.0,-90.0,-2563927.0,-3.467,0.61
14471.0,-263.0,-2541056.0,-2.783,0.61
14475.0,54.0,-2496115.0,-3.117,0.61
14478.0,-57.0,-2473244.0,-3.375,0.37
14482.0,-192.0,-2449299.0,-3.025,0.12
14486.0,-81.0,-2425240.0,-3.942,-0.12
14490.0,54.0,-2375777.0,-3.075,0.12
14494.0,79.0,-2350900.0,-4.075,-0.61
14497.0,132.0,-2326561.0,-3.175,-0.12
14501.0,-41.0,-2301444.0,-3.9,-0.86
14505.0,68.0,-2251665.0,-3.5,-0.86
14510.0,117.0,-2227226.0,-3.942,-1.1
14513.0,-144.0,-2202489.0,-4.342,-1.34
14517.0,-183.0,-2176742.0,-3.892,-1.1
14521.0,192.0,-2125099.0,-4.367,-1.34
14525.0,295.0,-2099410.0,-4.333,-1.83
14529.0,274.0,-2073073.0,-4.533,-2.32
14533.0,119.0,-2046982.0,-4.65,-2.32
14536.0,-100.0,-1994169.0,-4.767,-2.57
14540.0,63.0,-1967320.0,-4.708,-3.05
14544.0,108.0,-1941573.0,-4.85,-3.05
14548.0,145.0,-1915496.0,-4.558,-3.54
14553.0,94.0,-1864917.0,-5.083,-3.79
14556.0,167.0,-1839810.0,-4.942,-4.03
14560.0,24.0,-1813551.0,-5.492,-3.79
14564.0,-87.0,-1787164.0,-5.117,-4.28
14568.0,-156.0,-1732663.0,-5.692,-4.77
14572.0,517.0,-1705866.0,-5.575,-5.01
14575.0,518.0,-1679557.0,-6.192,-4.77
14579.0,287.0,-1652676.0,-5.633,-5.5
14583.0,-96.0,-1599683.0,-5.992,-5.99
14587.0,-103.0,-1574232.0,-5.817,-6.23
14592.0,198.0,-1548979.0,-6.008,-6.72
14596.0,325.0,-1523640.0,-5.933,-6.48
14599.0,-8.0,-1471075.0,-6.625,-6.48
14603.0,39.0,-1443858.0,-6.658,-7.45
14607.0,340.0,-1416859.0,-6.65,-7.45
14611.0,395.0,-1390470.0,-6.9,-7.94
14615.0,4.0,-1336301.0,-6.708,-7.7
14618.0,107.0,-1308624.0,-7.0,-8.43
14622.0,200.0,-1281347.0,-6.95,-8.19
14626.0,-35.0,-1255180.0,-6.733,-9.16
14630.0,-22.0,-1229623.0,-6.667,-9.65
14633.0,-13.0,-1177628.0,-6.933,-9.65
14638.0,20.0,-1151695.0,-6.883,-9.65
14642.0,-159.0,-1126052.0,-7.333,-10.63
14646.0,-196.0,-1100541.0,-6.817,-10.87
14650.0,261.0,-1047674.0,-7.758,-11.12
14654.0,100.0,-1020697.0,-7.242,-11.36
14658.0,-57.0,-994472.0,-7.325,-11.61
14661.0,-16.0,-968267.0,-7.158,-11.85
14665.0,-235.0,-918012.0,-6.517,-12.59
14669.0,-182.0,-894871.0,-5.992,-12.83
14673.0,29.0,-873822.0,-5.7,-12.59
14676.0,50.0,-853277.0,-6.683,-13.56
14681.0,283.0,-807442.0,-7.608,-13.07
14685.0,382.0,-783149.0,-7.233,-13.07
14689.0,343.0,-758402.0,-7.333,-13.81
14693.0,-108.0,-733107.0,-7.642,-14.05
14697.0,37.0,-684268.0,-7.267,-14.54
14700.0,-356.0,-661603.0,-6.925,-14.78
14704.0,-521.0,-641180.0,-6.067,-15.03
14708.0,-276.0,-622395.0,-5.342,-15.52
14712.0,-211.0,-585758.0,-5.658,-15.03
14716.0,-24.0,-567295.0,-6.667,-16.01
14720.0,79.0,-549150.0,-5.242,-15.76
14724.0,188.0,-531769.0,-4.925,-15.76
14728.0,237.0,-494374.0,-6.633,-15.76
14732.0,-160.0,-473617.0,-7.3,-16.01
14736.0,-35.0,-453526.0,-6.108,-16.01
14739.0,146.0,-434863.0,-5.467,-16.5
14743.0,389.0,-400928.0,-6.825,-16.98
14747.0,78.0,-385487.0,-5.783,-17.47
14751.0,161.0,-370912.0,-4.525,-17.96
14755.0,174.0,-356967.0,-5.233,-17.72
14758.0,-31.0,-328490.0,-5.017,-18.21
14763.0,-398.0,-314319.0,-4.025,-17.96
14767.0,-409.0,-300596.0,-4.233,-17.96
14771.0,-168.0,-286869.0,-2.533,-17.72
14775.0,101.0,-258468.0,-2.417,-16.98
14778.0,-46.0,-242621.0,-3.033,-16.74
14782.0,115.0,-226618.0,-2.858,-16.98
14786.0,-108.0,-210267.0,0.0,-17.23
14790.0,-223.0,-195092.0,2.333,-18.21
14794.0,28.0,-169085.0,6.283,-18.45
14797.0,-63.0,-158448.0,4.183,-18.45
14801.0,-224.0,-148399.0,2.917,-19.18
14806.0,-135.0,-138678.0,1.925,-18.94
14810.0,14.0,-120383.0,-3.992,-18.7
14814.0,-171.0,-110282.0,1.375,-17.96
14817.0,-226.0,-100823.0,8.567,-17.96
14821.0,-289.0,-92594.0,7.575,-17.96
14825.0,208.0,-78411.0,5.192,-17.96
14829.0,241.0,-71538.0,4.858,-17.72
14833.0,-106.0,-64189.0,7.433,-18.21
14836.0,-355.0,-57354.0,8.908,-18.21
14840.0,-358.0,-46401.0,10.6,-18.94
14844.0,-323.0,-42026.0,11.225,-18.7
14849.0,-176.0,-38321.0,10.467,-19.18
14853.0,133.0,-34824.0,10.325,-19.18
14857.0,120.0,-28779.0,10.25,-18.94
14860.0,23.0,-26038.0,10.225,-18.7
14864.0,148.0,-23159.0,10.583,-18.21
14868.0,309.0,-20652.0,11.725,-17.96
14872.0,348.0,-16649.0,12.05,-17.72
14876.0,209.0,-15022.0,12.025,-17.72
14879.0,236.0,-13045.0,11.975,-17.47
14883.0,-47.0,-11364.0,11.108,-17.47
14887.0,-68.0,-8127.0,10.083,-17.72
14892.0,-19.0,-6148.0,10.658,-17.23
14895.0,10.0,-3729.0,12.25,-16.25
14899.0,17.0,-2010.0,12.467,-16.74
14903.0,106.0,-447.0,11.533,-15.76
14907.0,123.0,1656.0,10.508,-16.01
14910.0,-298.0,3023.0,10.592,-15.52
14914.0,-145.0,4416.0,10.717,-14.78
14918.0,304.0,5471.0,10.6,-14.78
14922.0,-131.0,7602.0,10.075,-14.3
14925.0,-244.0,7941.0,9.217,-14.05
14929.0,-39.0,8822.0,8.608,-13.56
14934.0,68.0,9757.0,8.167,-13.32
14938.0,23.0,11002.0,8.458,-13.07
14941.0,42.0,13295.0,9.267,-12.34
14945.0,199.0,14240.0,9.192,-11.85
14949.0,484.0,14673.0,8.658,-11.85
14953.0,119.0,15760.0,8.125,-10.87
14956.0,-72.0,16279.0,7.642,-10.63
14960.0,-227.0,17016.0,7.533,-10.63
14964.0,-74.0,17483.0,7.167,-10.14
14968.0,101.0,18184.0,6.975,-9.65
14971.0,220.0,19409.0,6.858,-9.41
14976.0,-13.0,19388.0,6.7,-8.43
14980.0,0.0,19949.0,6.708,-8.43
14983.0,17.0,21114.0,7.108,-7.45
14987.0,220.0,21853.0,6.825,-7.7
14991.0,-229.0,21810.0,5.758,-7.21
14995.0,10.0,22215.0,4.842,-6.23
14998.0,167.0,22756.0,4.383,-6.23
15002.0,40.0,23607.0,4.042,-5.74
15006.0,-65.0,23438.0,3.192,-5.5
15009.0,-208.0,23825.0,2.833,-5.01
15013.0,-97.0,24666.0,4.0,-4.28
15017.0,274.0,25167.0,5.083,-3.79
15021.0,225.0,25766.0,5.05,-3.05
15025.0,292.0,25943.0,4.25,-2.57
15029.0,257.0,25964.0,3.025,-2.08
15033.0,-30.0,25927.0,1.725,-1.83
15036.0,-13.0,26446.0,1.05,-1.34
15040.0,-156.0,26665.0,0.808,-1.34
15044.0,-45.0,26708.0,1.133,-1.1
15047.0,2.0,26713.0,1.292,-0.86
15051.0,-417.0,27144.0,1.042,-0.37
15055.0,-684.0,27351.0,0.242,0.37
15059.0,-389.0,26688.0,-0.542,1.1
15063.0,-478.0,26591.0,-1.508,1.34
15067.0,-313.0,26916.0,-2.008,1.34
15071.0,86.0,26749.0,-2.15,2.08
15074.0,-11.0,26744.0,-1.942,2.32
15078.0,184.0,26757.0,-1.583,3.05
15082.0,69.0,26746.0,-1.675,3.79
15086.0,64.0,27437.0,-1.542,4.03
15089.0,-17.0,27136.0,-1.967,4.52
15093.0,-178.0,26537.0,-2.0,5.25
15097.0,369.0,26732.0,-1.367,5.99
15100.0,318.0,26661.0,-0.608,6.72
15105.0,269.0,26406.0,-0.567,6.23
15109.0,4.0,26277.0,-0.475,7.21
15112.0,-101.0,26208.0,0.042,8.43
15116.0,-62.0,26401.0,-0.417,8.68
15120.0,155.0,26046.0,-1.092,8.43
15124.0,98.0,25619.0,-1.608,8.68
15127.0,73.0,25404.0,-1.467,8.92
15131.0,-226.0,25131.0,-1.892,9.16
15135.0,-219.0,24264.0,-3.308,8.92
15138.0,-196.0,23117.0,-6.158,9.41
15142.0,-47.0,21744.0,-9.05,9.41
15147.0,228.0,21861.0,-9.975,9.41
15151.0,241.0,21644.0,-8.95,10.14
15154.0,98.0,21441.0,-7.275,10.63
15158.0,5.0,20642.0,-6.117,11.36
15162.0,134.0,19293.0,-7.108,11.61
15166.0,-3.0,18512.0,-8.4,12.1
15169.0,52.0,16075.0,-9.658,12.34
15173.0,189.0,15562.0,-10.392,13.07
15177.0,122.0,14385.0,-10.7,12.83
15181.0,9.0,13436.0,-10.933,13.32
15184.0,-166.0,12381.0,-10.45,13.81
15188.0,247.0,11480.0,-9.85,14.54
15193.0,-122.0,9753.0,-9.742,14.78
15197.0,-349.0,9034.0,-9.95,15.76
15200.0,-30.0,7091.0,-11.458,16.01
15204.0,-21.0,4760.0,-12.425,16.74
15208.0,-54.0,3763.0,-12.092,17.72
15212.0,-117.0,2458.0,-11.583,18.45
15215.0,-156.0,179.0,-12.008,18.94
15219.0,215.0,-1192.0,-12.217,19.43
15223.0,392.0,-4031.0,-12.45,19.67
15227.0,331.0,-6248.0,-13.25,19.92
15230.0,252.0,-7791.0,-14.233,19.92
15235.0,239.0,-8474.0,-14.833,19.92
15239.0,224.0,-13423.0,-15.392,20.16
15243.0,43.0,-14204.0,-14.792,21.14
15246.0,62.0,-15475.0,-14.042,21.38
15250.0,367.0,-18340.0,-13.467,21.87
15254.0,-28.0,-23181.0,-14.4,22.12
15258.0,-101.0,-25862.0,-15.975,22.85
15262.0,146.0,-29445.0,-17.167,23.58
15265.0,-159.0,-31952.0,-17.292,23.58
15269.0,-42.0,-36465.0,-17.05,24.32
15273.0,97.0,-38086.0,-16.133,25.05
15278.0,160.0,-39597.0,-15.125,25.54
15282.0,97.0,-43670.0,-14.292,26.03
15285.0,-138.0,-49815.0,-14.208,27.0
15289.0,151.0,-52454.0,-14.008,26.76
15293.0,144.0,-57633.0,-12.875,27.0
15297.0,-161.0,-62580.0,-13.642,27.25
15301.0,-224.0,-69683.0,-12.467,27.25
15304.0,119.0,-77254.0,-8.95,28.23
15308.0,74.0,-84551.0,-8.592,27.74
15312.0,-153.0,-90376.0,-8.308,28.47
15316.0,286.0,-99115.0,-0.067,28.47
15321.0,197.0,-118806.0,5.417,28.71
15324.0,226.0,-132561.0,0.692,29.45
15328.0,23.0,-145882.0,-5.767,29.69
15332.0,-22.0,-159655.0,-0.15,29.45
15336.0,-293.0,-187846.0,4.642,29.2
15340.0,-46.0,-203743.0,-0.642,29.69
15343.0,243.0,-220250.0,-3.217,29.45
15347.0,10.0,-235057.0,3.808,29.2
15351.0,-333.0,-269284.0,6.242,29.2
15355.0,-468.0,-286509.0,1.825,29.2
15360.0,-307.0,-306220.0,0.233,28.96
15363.0,-52.0,-325107.0,5.6,28.96
15367.0,71.0,-366388.0,6.592,28.96
15371.0,2.0,-387669.0,4.617,29.2
15375.0,-205.0,-411394.0,4.083,29.69
15378.0,150.0,-435475.0,6.458,29.2
15382.0,111.0,-484576.0,5.075,29.69
15386.0,60.0,-509237.0,6.05,28.96
15390.0,91.0,-535220.0,4.525,28.71
15394.0,-124.0,-560677.0,6.317,28.96
15397.0,-277.0,-585846.0,4.817,28.47
15401.0,48.0,-634255.0,5.608,28.71
15406.0,-179.0,-660500.0,5.633,27.98
15410.0,248.0,-686027.0,6.258,28.47
15414.0,303.0,-711268.0,5.175,27.74
15417.0,216.0,-764489.0,7.333,27.49
15421.0,123.0,-791336.0,4.942,27.49
15425.0,0.0,-818107.0,6.867,27.49
15429.0,181.0,-846278.0,6.225,27.49
15432.0,20.0,-901695.0,7.05,27.25
15436.0,-175.0,-928900.0,5.475,27.49
15440.0,-218.0,-956381.0,6.367,27.0
15444.0,319.0,-983644.0,5.892,26.76
15449.0,-8.0,-1036913.0,6.467,26.76
15452.0,-105.0,-1063602.0,6.492,26.27
15456.0,-206.0,-1090509.0,5.933,26.03
15460.0,57.0,-1117020.0,6.158,26.27
15464.0,150.0,-1172147.0,6.825,25.54
15468.0,111.0,-1199914.0,6.158,25.54
15472.0,22.0,-1227173.0,6.225,26.03
15475.0,27.0,-1254946.0,6.867,25.54
15479.0,106.0,-1310845.0,6.133,25.29
15483.0,-229.0,-1337960.0,5.85,25.05
15488.0,2.0,-1364275.0,5.85,25.54
15492.0,305.0,-1390884.0,5.85,25.54
15496.0,554.0,-1443629.0,6.3,24.56
15499.0,143.0,-1469206.0,5.725,24.32
15503.0,-260.0,-1495523.0,6.275,24.07
15507.0,-167.0,-1521850.0,6.233,23.58
15511.0,76.0,-1575937.0,5.725,23.34
15515.0,305.0,-1602510.0,6.033,23.58
15519.0,120.0,-1629451.0,6.692,23.58
15523.0,339.0,-1656498.0,5.408,23.58
15526.0,212.0,-1709605.0,5.783,23.09
15531.0,-53.0,-1734540.0,5.592,23.34
15535.0,360.0,-1760301.0,5.542,22.61
15539.0,351.0,-1786064.0,6.192,22.61
15543.0,498.0,-1837741.0,5.392,22.36
15547.0,431.0,-1864006.0,6.058,22.36
15551.0,54.0,-1889591.0,4.95,21.87
15554.0,-75.0,-1915542.0,5.8,21.87
15558.0,-260.0,-1966753.0,5.408,21.63
15562.0,59.0,-1991932.0,5.7,21.63
15566.0,206.0,-2016963.0,5.225,21.87
15570.0,243.0,-2041106.0,4.875,21.38
15575.0,286.0,-2088753.0,4.708,21.14
15578.0,149.0,-2112966.0,5.317,20.89
15582.0,-260.0,-2135565.0,4.958,20.65
15586.0,-65.0,-2182210.0,5.225,20.89
15590.0,280.0,-2206749.0,5.067,19.92
15594.0,119.0,-2230734.0,4.783,19.92
15598.0,-8.0,-2255335.0,4.867,19.67
15601.0,-175.0,-2302546.0,5.225,19.67
15605.0,-254.0,-2325481.0,4.4,19.92
15609.0,63.0,-2348554.0,4.792,19.43
15613.0,-184.0,-2370825.0,4.308,18.94
15618.0,-171.0,-2414710.0,4.575,18.94
15622.0,-252.0,-2436279.0,5.392,19.18
15626.0,143.0,-2457576.0,4.975,18.7
15629.0,148.0,-2479253.0,4.808,18.7
15633.0,-127.0,-2521584.0,3.475,18.45
15637.0,-244.0,-2543073.0,5.0,18.21
15641.0,107.0,-2564984.0,4.458,18.21
15645.0,226.0,-2586601.0,4.45,17.72
15649.0,-9.0,-2627932.0,4.192,17.47
15652.0,262.0,-2647975.0,3.975,17.47
15656.0,-109.0,-2668368.0,4.175,17.23
15661.0,-32.0,-2688999.0,3.992,17.47
15665.0,-99.0,-2728196.0,4.6,16.98
15669.0,340.0,-2747397.0,3.95,16.74
15673.0,93.0,-2767230.0,3.767,16.74
15676.0,374.0,-2787463.0,3.742,17.23
15680.0,125.0,-2826204.0,3.933,16.5
15684.0,144.0,-2845219.0,4.667,16.25
15688.0,-5.0,-2863710.0,3.417,16.25
15692.0,272.0,-2882263.0,3.875,16.01
15696.0,199.0,-2917784.0,3.233,16.25
15699.0,28.0,-2935005.0,3.583,16.5
15704.0,-315.0,-2951778.0,4.217,15.76
15708.0,130.0,-2969017.0,4.192,15.76
15712.0,-35.0,-3003290.0,3.267,15.27
15716.0,28.0,-3019577.0,3.7,15.52
15720.0,67.0,-3036070.0,2.85,15.52
15723.0,210.0,-3052785.0,3.958,15.27
15727.0,247.0,-3085948.0,3.033,15.03
15731.0,-34.0,-3102085.0,3.45,15.27
15735.0,197.0,-3117424.0,2.45,14.78
15739.0,294.0,-3133089.0,3.325,15.03
15744.0,171.0,-3164806.0,2.817,15.27
15748.0,-60.0,-3179937.0,3.275,14.3
15751.0,-221.0,-3194192.0,2.817,14.3
15755.0,-136.0,-3210095.0,2.958,14.3
15759.0,-185.0,-3240838.0,2.475,13.81
15763.0,-182.0,-3255287.0,3.1,13.81
15767.0,-75.0,-3269946.0,2.658,13.81
15771.0,-38.0,-3299217.0,3.083,13.56
15774.0,-145.0,-3314196.0,2.275,13.81
15778.0,-178.0,-3327693.0,2.542,13.56
15782.0,21.0,-3341938.0,2.25,13.81
15787.0,-48.0,-3368141.0,2.367,13.32
15791.0,-105.0,-3381460.0,2.433,13.56
15795.0,-240.0,-3394347.0,2.333,12.83
15799.0,-245.0,-3407382.0,2.283,13.32
15802.0,-204.0,-3432591.0,1.958,13.07
15806.0,-3.0,-3445214.0,2.342,12.59
15810.0,198.0,-3457849.0,1.792,12.59
15814.0,65.0,-3470648.0,2.683,12.34
15818.0,-78.0,-3494677.0,1.567,12.34
15822.0,-399.0,-3506812.0,2.675,12.34
15825.0,32.0,-3518261.0,1.075,12.1
15830.0,-23.0,-3529880.0,2.642,12.1
15834.0,-34.0,-3551535.0,1.125,11.85
15838.0,-109.0,-3562630.0,2.567,11.85
15842.0,-78.0,-3572715.0,1.133,11.61
15846.0,-195.0,-3583726.0,2.4,12.1
15849.0,24.0,-3603311.0,0.933,11.36
15853.0,33.0,-3613416.0,2.242,11.36
15857.0,-372.0,-3623223.0,1.1,11.12
15861.0,-61.0,-3633010.0,1.767,11.61
15865.0,108.0,-3652203.0,1.742,11.36
15869.0,181.0,-3660958.0,1.017,11.36
15873.0,30.0,-3670501.0,1.95,11.36
15877.0,-23.0,-3679768.0,0.975,10.87
15881.0,182.0,-3697247.0,1.792,10.63
15885.0,71.0,-3706056.0,1.725,10.87
15889.0,20.0,-3713881.0,0.692,10.63
15893.0,-133.0,-3722606.0,2.075,10.39
15896.0,-56.0,-3738291.0,0.467,10.87
15900.0,77.0,-3745368.0,1.5,10.14
15904.0,28.0,-3753529.0,1.467,10.14
15908.0,-215.0,-3760422.0,0.592,10.14
15912.0,120.0,-3775487.0,1.925,9.9
15917.0,-103.0,-3782272.0,0.633,10.14
15920.0,228.0,-3788075.0,1.275,9.9
15924.0,-179.0,-3794720.0,1.275,9.65
15928.0,-106.0,-3808455.0,0.867,9.9
15932.0,421.0,-3814000.0,1.217,9.65
15936.0,314.0,-3819767.0,1.517,9.41
15939.0,-173.0,-3826224.0,0.767,9.16
15943.0,-104.0,-3837899.0,0.817,9.16
15947.0,137.0,-3843004.0,1.033,9.16
15951.0,88.0,-3848293.0,1.175,9.16
15955.0,31.0,-3853724.0,0.642,9.16
15960.0,-230.0,-3863433.0,0.967,8.92
15963.0,-87.0,-3867638.0,0.95,9.16
15967.0,-102.0,-3872427.0,0.875,8.68
15971.0,105.0,-3877088.0,0.725,8.68
15975.0,28.0,-3884681.0,0.525,9.16
15978.0,-21.0,-3888266.0,1.267,8.43
15982.0,-24.0,-3892283.0,0.333,8.92
15986.0,59.0,-3895876.0,0.925,8.43
15990.0,32.0,-3902727.0,0.342,8.43
15994.0,113.0,-3905450.0,1.208,8.43
15997.0,64.0,-3907939.0,0.183,8.19
16002.0,115.0,-3910396.0,1.092,8.43
16006.0,138.0,-3912977.0,0.167,8.43
16010.0,-47.0,-3917866.0,0.992,8.19
16014.0,156.0,-3920299.0,0.225,7.94
16017.0,-61.0,-3922352.0,0.792,8.19
16021.0,184.0,-3923893.0,0.242,7.94
16025.0,161.0,-3927616.0,0.825,8.19
16029.0,288.0,-3929059.0,0.375,7.7
16033.0,89.0,-3930444.0,0.9,8.19
16036.0,150.0,-3931351.0,-0.058,7.7
16040.0,-101.0,-3933300.0,0.558,7.7
16045.0,-116.0,-3933715.0,0.158,7.7
16049.0,-377.0,-3933818.0,0.783,7.94
16053.0,70.0,-3933993.0,0.358,7.45
16056.0,261.0,-3933974.0,0.508,7.45
16060.0,-56.0,-3933847.0,0.242,7.21
16064.0,-75.0,-3933918.0,0.317,7.21
16068.0,-178.0,-3933339.0,0.333,7.45
16071.0,-319.0,-3931956.0,0.458,7.21
16075.0,-186.0,-3931327.0,0.342,7.21
16079.0,5.0,-3930164.0,0.25,7.21
16083.0,-104.0,-3928973.0,0.3,7.21
16088.0,225.0,-3926292.0,0.333,7.21
16091.0,122.0,-3925323.0,0.342,7.45
16095.0,-179.0,-3923940.0,0.3,6.96
16099.0,-232.0,-3922817.0,0.433,6.96
16103.0,-197.0,-3921642.0,0.142,6.72
16107.0,138.0,-3918881.0,0.242,6.96
16110.0,-13.0,-3917066.0,-0.033,6.48
16114.0,-250.0,-3915253.0,0.017,6.72
16118.0,-91.0,-3912288.0,0.167,6.48
16122.0,58.0,-3906067.0,0.258,6.72
16126.0,39.0,-3903542.0,0.15,6.48
16130.0,94.0,-3900283.0,-0.217,6.48
16134.0,-137.0,-3896660.0,-0.117,6.48
16138.0,-32.0,-3889359.0,-0.142,6.48
16142.0,-19.0,-3885674.0,-0.175,6.72
16145.0,32.0,-3881401.0,0.433,6.23
16149.0,-181.0,-3876540.0,0.117,6.23
16153.0,134.0,-3867495.0,-0.033,6.23
16157.0,-65.0,-3863138.0,-0.542,6.48
16161.0,204.0,-3858467.0,-0.083,5.99
16164.0,159.0,-3853202.0,-0.367,6.23
16168.0,182.0,-3841727.0,0.45,5.99
16173.0,-189.0,-3835936.0,-0.333,5.99
16177.0,-72.0,-3830565.0,0.017,5.99
16181.0,-17.0,-3824524.0,-0.767,5.99
16184.0,-56.0,-3818461.0,0.05,5.74
16188.0,1.0,-3805498.0,-0.575,5.99
16192.0,162.0,-3798483.0,0.233,6.23
16196.0,-339.0,-3791986.0,-0.225,5.99
16200.0,-508.0,-3786163.0,0.933,5.74
16203.0,-81.0,-3777212.0,-1.433,6.23
16207.0,230.0,-3769327.0,-0.083,5.74
16211.0,399.0,-3761852.0,-0.15,5.74
16216.0,154.0,-3754513.0,-0.433,5.99
16220.0,-121.0,-3738848.0,-0.508,6.23
16223.0,54.0,-3730523.0,-0.125,5.74
16227.0,61.0,-3722190.0,-0.633,5.74
16231.0,-94.0,-3713357.0,-0.717,6.23
16235.0,21.0,-3695740.0,-0.858,5.5
16238.0,144.0,-3686037.0,-0.217,5.74
16242.0,19.0,-3676812.0,0.092,5.74
16246.0,-60.0,-3668019.0,-1.017,5.74
16250.0,-9.0,-3648000.0,-0.792,5.74
16254.0,386.0,-3638227.0,-0.3,5.25
16258.0,-7.0,-3628614.0,-0.667,5.25
16262.0,-24.0,-3618405.0,-0.692,5.25
16266.0,-189.0,-3607748.0,-0.567,5.25
16270.0,-38.0,-3586183.0,-0.708,5.25
16273.0,425.0,-3575358.0,-0.667,5.5
16277.0,200.0,-3563877.0,-0.867,5.25
16281.0,-75.0,-3552504.0,-0.575,4.77
16285.0,300.0,-3528775.0,-0.933,4.77
16289.0,175.0,-3516314.0,-0.917,4.52
16292.0,10.0,-3505009.0,-0.417,5.25
16296.0,-5.0,-3492694.0,-1.608,4.77
16301.0,258.0,-3466743.0,0.008,5.25
16305.0,101.0,-3453972.0,-1.4,4.52
16309.0,152.0,-3442613.0,0.842,4.52
16312.0,381.0,-3436312.0,0.367,4.28
16316.0,-248.0,-3412647.0,-3.025,4.77
16320.0,55.0,-3398538.0,1.642,4.52
16324.0,150.0,-3387541.0,-2.9,4.77
16328.0,103.0,-3373864.0,-0.9,4.52
16331.0,208.0,-3346205.0,-0.35,4.28
16335.0,-93.0,-3332682.0,-0.675,4.03
16339.0,-86.0,-3317241.0,-1.942,4.28
16344.0,125.0,-3302618.0,-1.417,4.28
16348.0,-156.0,-3271777.0,-1.6,4.03
16351.0,-127.0,-3256486.0,-0.308,4.28
16355.0,58.0,-3240841.0,-1.992,3.79
16359.0,217.0,-3224574.0,-1.358,3.54
16363.0,70.0,-3190709.0,-1.117,3.54
16367.0,-47.0,-3173768.0,-1.775,3.54
16370.0,120.0,-3157019.0,-1.167,3.54
16374.0,19.0,-3139382.0,-1.975,4.03
16378.0,-20.0,-3122779.0,-0.342,3.3
16382.0,-101.0,-3087766.0,-2.908,3.05
16387.0,0.0,-3070607.0,-0.625,3.05
16390.0,-131.0,-3052552.0,-2.767,2.81
16394.0,-20.0,-3034145.0,-0.633,3.3
16398.0,309.0,-2995918.0,-2.633,3.05
16402.0,-70.0,-2977249.0,-1.508,2.81
16405.0,-17.0,-2957612.0,-2.025,2.32
16409.0,148.0,-2938493.0,-1.958,2.32
16413.0,191.0,-2898506.0,-2.058,2.32
16417.0,-16.0,-2878407.0,-2.167,2.08
16421.0,-183.0,-2857632.0,-1.833,1.83
16424.0,82.0,-2838241.0,-2.467,2.32
16429.0,185.0,-2797576.0,-2.133,2.08
16433.0,-56.0,-2776915.0,-2.467,1.59
16437.0,-89.0,-2755590.0,-2.283,1.34
16441.0,130.0,-2734769.0,-2.508,1.83
16444.0,-149.0,-2691722.0,-2.6,1.34
16448.0,82.0,-2668627.0,-2.65,1.1
16452.0,227.0,-2646982.0,-2.658,1.59
16456.0,108.0,-2624361.0,-2.742,0.86
16460.0,111.0,-2602168.0,-2.825,0.86
16463.0,-204.0,-2555909.0,-2.725,0.61
16467.0,-277.0,-2534038.0,-3.117,0.61
16472.0,34.0,-2511295.0,-2.867,0.86
16476.0,73.0,-2489180.0,-3.283,0.37
16480.0,48.0,-2443011.0,-2.925,0.12
16483.0,131.0,-2418672.0,-3.392,0.12
16487.0,172.0,-2394579.0,-3.433,0.12
16491.0,-315.0,-2370380.0,-3.725,-0.12
16495.0,200.0,-2320787.0,-3.633,-0.37
16499.0,-65.0,-2295752.0,-3.725,-0.12
16502.0,98.0,-2270777.0,-3.633,-0.86
16506.0,21.0,-2244892.0,-3.975,-0.86
16510.0,-204.0,-2195899.0,-3.8,-1.1
16515.0,-177.0,-2170594.0,-4.258,-1.1
16519.0,198.0,-2145097.0,-3.917,-1.1
16522.0,281.0,-2120210.0,-4.367,-1.1
16526.0,336.0,-2068973.0,-4.35,-1.83
16530.0,65.0,-2042172.0,-4.642,-1.59
16534.0,82.0,-2015983.0,-4.767,-2.32
16538.0,159.0,-1989124.0,-4.608,-2.08
16542.0,-200.0,-1936409.0,-5.058,-2.57
16545.0,95.0,-1910622.0,-4.592,-2.57
16549.0,186.0,-1883951.0,-5.092,-2.81
16553.0,67.0,-1858866.0,-4.567,-3.54
16558.0,248.0,-1809065.0,-5.242,-3.3
16562.0,243.0,-1783280.0,-5.15,-4.03
16565.0,-90.0,-1756939.0,-5.65,-4.28
16569.0,-325.0,-1730378.0,-5.142,-4.52
16573.0,-326.0,-1676865.0,-6.15,-4.52
16577.0,141.0,-1650138.0,-5.808,-5.25
16581.0,218.0,-1622989.0,-6.125,-5.01
16584.0,-31.0,-1596412.0,-5.725,-5.25
16588.0,-236.0,-1543467.0,-6.425,-6.23
16592.0,-447.0,-1519188.0,-5.442,-6.23
16596.0,-370.0,-1493665.0,-6.383,-6.96
16601.0,-77.0,-1468498.0,-6.033,-7.21
16605.0,84.0,-1415599.0,-6.875,-7.21
16608.0,129.0,-1388956.0,-6.483,-7.94
16612.0,58.0,-1361941.0,-6.825,-8.19
16616.0,119.0,-1334048.0,-7.267,-8.19
16620.0,54.0,-1279607.0,-6.825,-8.43
16624.0,65.0,-1253548.0,-6.742,-8.43
16627.0,-78.0,-1226863.0,-7.008,-9.16
16631.0,-81.0,-1200594.0,-6.733,-9.16
16635.0,-118.0,-1174933.0,-6.667,-9.9
16640.0,-79.0,-1123538.0,-7.317,-10.14
16644.0,-62.0,-1098045.0,-6.675,-10.63
16647.0,-61.0,-1072158.0,-7.367,-10.39
16651.0,196.0,-1019111.0,-7.408,-11.12
16655.0,153.0,-992590.0,-7.35,-11.61
16659.0,146.0,-967257.0,-6.858,-11.12
16663.0,283.0,-941672.0,-7.167,-12.1
16667.0,-126.0,-891005.0,-6.942,-12.1
16670.0,-97.0,-868516.0,-6.05,-12.59
16674.0,-100.0,-847805.0,-4.892,-13.07
16678.0,93.0,-828222.0,-6.175,-12.83
16683.0,112.0,-807023.0,-7.767,-13.56
16687.0,263.0,-759900.0,-7.408,-13.32
16690.0,-38.0,-735427.0,-7.4,-13.81
16694.0,1.0,-711328.0,-7.233,-13.81
16698.0,304.0,-687645.0,-6.742,-14.3
16702.0,571.0,-641346.0,-7.558,-14.78
16705.0,432.0,-620769.0,-6.975,-15.03
16709.0,199.0,-601534.0,-6.033,-15.27
16713.0,76.0,-583011.0,-5.225,-15.76
16717.0,53.0,-547864.0,-5.033,-15.76
16721.0,234.0,-531429.0,-5.4,-16.01
16724.0,231.0,-514742.0,-5.717,-15.76
16729.0,76.0,-495945.0,-6.792,-15.76
16733.0,337.0,-455912.0,-6.892,-15.76
16737.0,10.0,-437115.0,-5.342,-15.76
16741.0,113.0,-419722.0,-5.733,-16.5
16744.0,104.0,-402727.0,-6.925,-16.5
16748.0,289.0,-370398.0,-6.25,-16.74
16752.0,342.0,-356563.0,-4.25,-17.72
16756.0,-53.0,-343054.0,-4.733,-17.47
16760.0,-94.0,-329359.0,-4.758,-18.21
16763.0,-17.0,-302054.0,-4.2,-18.45
16768.0,144.0,-288917.0,-3.85,-17.47
16772.0,-31.0,-275812.0,-2.133,-17.72
16776.0,156.0,-261425.0,-2.692,-17.47
16780.0,85.0,-230018.0,-3.55,-17.47
16783.0,28.0,-214137.0,-1.95,-17.47
16787.0,151.0,-198928.0,1.2,-17.47
16791.0,272.0,-184847.0,2.583,-18.45
16795.0,-5.0,-171758.0,7.258,-18.21
16799.0,-56.0,-149065.0,4.875,-18.94
16802.0,111.0,-139730.0,0.9,-19.43
16806.0,-72.0,-130839.0,-0.525,-19.43
16811.0,-203.0,-121780.0,-4.083,-19.18
16815.0,-436.0,-102199.0,4.833,-18.94
16819.0,-333.0,-93528.0,9.167,-18.45
16822.0,120.0,-86315.0,6.65,-18.45
16826.0,277.0,-79428.0,4.567,-18.45
16830.0,410.0,-66575.0,4.05,-17.96
16834.0,-163.0,-59666.0,7.242,-18.21
16837.0,-148.0,-52853.0,9.908,-18.45
16841.0,61.0,-47402.0,11.867,-19.43
16845.0,-380.0,-38043.0,11.425,-19.43
16849.0,97.0,-34340.0,10.758,-19.43
16854.0,386.0,-31135.0,10.725,-18.94
16857.0,317.0,-28038.0,10.958,-18.7
16861.0,-116.0,-23585.0,10.558,-18.94
16865.0,199.0,-20884.0,11.042,-18.45
16869.0,348.0,-18493.0,11.375,-17.72
16873.0,47.0,-16416.0,11.6,-17.96
16877.0,188.0,-12923.0,12.183,-17.47
16880.0,255.0,-11338.0,11.3,-17.47
16884.0,160.0,-9847.0,10.217,-17.23
16888.0,189.0,-8212.0,10.125,-17.23
16892.0,124.0,-6131.0,11.117,-16.98
16896.0,115.0,-2764.0,11.842,-16.98
16900.0,296.0,-665.0,11.892,-15.76
16904.0,167.0,770.0,11.033,-16.01
16908.0,20.0,2007.0,10.633,-15.03
16911.0,-65.0,4466.0,10.908,-15.27
16915.0,-44.0,6037.0,11.658,-14.78
16919.0,121.0,6500.0,11.158,-14.05
16923.0,-50.0,7501.0,10.408,-14.3
16926.0,-123.0,8430.0,9.292,-13.81
16930.0,34.0,9691.0,8.583,-13.81
16934.0,103.0,10654.0,8.067,-13.56
16937.0,8.0,11915.0,8.375,-13.07
16942.0,-301.0,12642.0,8.517,-12.34
16946.0,102.0,14551.0,8.558,-12.34
16950.0,355.0,15330.0,8.383,-11.85
16953.0,440.0,16613.0,8.508,-11.61
16957.0,235.0,16950.0,8.175,-11.12
16961.0,126.0,17325.0,7.258,-10.63
16965.0,47.0,18184.0,6.817,-10.14
16969.0,40.0,19011.0,6.742,-9.16
16972.0,61.0,19154.0,6.825,-9.41
16976.0,128.0,19923.0,6.558,-8.92
16980.0,177.0,20826.0,6.008,-7.7
16984.0,-174.0,21853.0,5.892,-7.7
16988.0,-59.0,22028.0,5.9,-7.21
16992.0,278.0,22393.0,5.942,-6.72
16996.0,175.0,22614.0,5.792,-5.74
16999.0,-192.0,24063.0,5.392,-5.99
17003.0,-215.0,23950.0,4.767,-5.5
17007.0,24.0,23967.0,4.192,-5.25
17010.0,-117.0,24192.0,3.817,-4.77
17014.0,-24.0,25665.0,3.883,-4.28
17018.0,-241.0,25260.0,3.6,-3.79
17022.0,-294.0,25281.0,2.708,-3.05
17026.0,-203.0,25246.0,1.467,-2.81
17030.0,210.0,24959.0,0.8,-2.32
17034.0,359.0,26718.0,1.733,-1.1
17037.0,448.0,26747.0,2.75,-0.86
17041.0,89.0,26876.0,3.117,-0.86
17045.0,262.0,27041.0,2.575,0.12
17049.0,299.0,27320.0,1.292,-0.12
17052.0,108.0,26829.0,-0.208,0.12
17056.0,241.0,26510.0,-1.475,0.61
17060.0,34.0,26437.0,-1.917,1.34
17063.0,-17.0,26794.0,-1.858,1.34
17068.0,2.0,27395.0,-1.5,1.83
17072.0,43.0,27214.0,-1.275,2.32
17076.0,150.0,27319.0,-1.175,2.57
17079.0,145.0,26876.0,-1.583,3.3
17083.0,192.0,26937.0,-2.4,4.03
17087.0,141.0,27024.0,-2.825,4.77
17090.0,348.0,26725.0,-2.4,5.5
17094.0,415.0,26642.0,-1.517,5.99
17098.0,244.0,26947.0,-0.408,6.96
17102.0,379.0,27236.0,0.308,6.72
17105.0,72.0,25815.0,-0.467,7.45
17110.0,-61.0,26068.0,-0.042,7.45
17114.0,46.0,25961.0,-0.383,7.94
17117.0,291.0,25932.0,-1.3,7.94
17121.0,2.0,25651.0,-1.467,7.94
17125.0,-151.0,25400.0,-1.692,8.68
17128.0,-14.0,25385.0,-1.6,8.43
17132.0,-123.0,25408.0,-2.133,8.43
17136.0,82.0,24929.0,-4.075,8.92
17140.0,47.0,21558.0,-8.017,9.41
17143.0,142.0,21077.0,-10.8,9.41
17147.0,305.0,21944.0,-10.25,10.14
17152.0,460.0,21883.0,-8.025,10.87
17156.0,65.0,21456.0,-3.975,10.87
17159.0,-172.0,23681.0,1.975,11.36
17163.0,-249.0,19670.0,-1.65,11.85
17167.0,-242.0,18609.0,-7.808,12.1
17171.0,-173.0,17274.0,-11.5,12.1
17174.0,18.0,14049.0,-12.983,11.85
17178.0,173.0,14090.0,-12.158,11.85
17182.0,160.0,14121.0,-10.758,12.83
17186.0,-39.0,13744.0,-9.067,13.32
17190.0,-94.0,11819.0,-8.083,13.56
17193.0,-91.0,9982.0,-8.608,14.78
17198.0,230.0,8521.0,-10.392,15.27
17202.0,-79.0,7564.0,-11.658,15.27
17205.0,2.0,6121.0,-13.233,16.25
17209.0,-249.0,2818.0,-13.567,16.74
17213.0,-144.0,2167.0,-12.9,17.23
17217.0,-43.0,1746.0,-11.258,18.21
17220.0,20.0,279.0,-10.975,17.96
17224.0,-113.0,-4602.0,-11.917,17.96
17228.0,-88.0,-5253.0,-12.6,18.21
17232.0,411.0,-7084.0,-13.942,18.7
17235.0,-306.0,-10167.0,-16.092,19.18
17240.0,-123.0,-12104.0,-16.817,19.67
17244.0,-122.0,-14633.0,-15.658,20.65
17248.0,-169.0,-16664.0,-14.692,21.38
17252.0,406.0,-18303.0,-13.808,22.36
17255.0,357.0,-20208.0,-13.967,23.09
17259.0,226.0,-27137.0,-15.708,23.34
17263.0,119.0,-29214.0,-17.217,23.83
17267.0,100.0,-31261.0,-16.942,24.07
17271.0,39.0,-34242.0,-16.375,24.32
17275.0,186.0,-37675.0,-15.6,25.54
17278.0,345.0,-41046.0,-15.55,24.8
17283.0,46.0,-44461.0,-13.95,25.29
17287.0,-33.0,-45190.0,-13.383,25.78
17291.0,-112.0,-55101.0,-14.692,26.52
17295.0,39.0,-58362.0,-13.783,26.76
17298.0,184.0,-60439.0,-14.408,27.0
17302.0,119.0,-65972.0,-12.592,27.49
17306.0,114.0,-77461.0,-10.092,27.74
17310.0,107.0,-83352.0,-8.333,28.71
17314.0,-220.0,-87963.0,1.892,28.47
17317.0,-73.0,-83982.0,10.417,27.25
17321.0,246.0,-119605.0,-2.675,26.52
17326.0,489.0,-126906.0,-16.45,24.56
17330.0,74.0,-130719.0,-0.6,23.58
17334.0,249.0,-145008.0,11.092,22.85
17337.0,76.0,-173553.0,5.75,22.85
17341.0,33.0,-189658.0,-10.917,23.09
17345.0,20.0,-204523.0,-4.733,23.58
17349.0,451.0,-217596.0,7.792,24.07
17353.0,458.0,-251569.0,6.258,24.32
17356.0,99.0,-266996.0,0.783,24.8
17360.0,-144.0,-286991.0,-1.617,24.56
17364.0,-7.0,-306696.0,6.508,24.07
17369.0,10.0,-323701.0,5.783,23.83
17372.0,359.0,-368290.0,5.758,24.07
17376.0,150.0,-390721.0,3.6,24.07
17380.0,-9.0,-414972.0,5.842,23.58
17384.0,-108.0,-439257.0,5.758,23.83
17388.0,-21.0,-489006.0,5.292,23.83
17391.0,-134.0,-513807.0,4.45,24.8
17395.0,123.0,-539416.0,6.942,26.03
17399.0,206.0,-563591.0,4.058,27.25
17403.0,143.0,-613620.0,5.6,28.96
17408.0,-46.0,-638775.0,6.15,29.45
17411.0,-113.0,-664648.0,4.983,29.45
17415.0,-78.0,-690331.0,6.158,28.71
17419.0,-45.0,-743744.0,6.608,28.23
17423.0,76.0,-771163.0,6.175,27.74
17426.0,-51.0,-798566.0,6.142,27.25
17430.0,-170.0,-825839.0,7.075,27.49
17434.0,31.0,-881364.0,6.067,27.0
17438.0,-10.0,-909459.0,6.208,27.25
17442.0,-101.0,-936932.0,5.975,27.0
17445.0,46.0,-964069.0,6.4,27.25
17449.0,137.0,-990224.0,6.133,26.76
17454.0,-68.0,-1044435.0,6.708,26.52
17458.0,17.0,-1071294.0,5.692,27.0
17462.0,-118.0,-1098843.0,6.875,26.03
17465.0,-97.0,-1126230.0,6.375,26.03
17469.0,46.0,-1182411.0,6.533,25.78
17473.0,-163.0,-1210438.0,6.175,25.78
17477.0,40.0,-1238565.0,6.842,26.27
17481.0,117.0,-1266772.0,5.967,26.27
17485.0,48.0,-1321509.0,6.175,25.78
17488.0,-211.0,-1347944.0,5.533,25.29
17492.0,190.0,-1374799.0,6.242,25.54
17497.0,251.0,-1400890.0,6.225,25.29
17501.0,112.0,-1453035.0,5.908,24.56
17505.0,-61.0,-1480154.0,6.533,24.32
17509.0,124.0,-1507129.0,5.7,24.56
17512.0,-315.0,-1533838.0,6.142,24.07
17516.0,-294.0,-1587539.0,6.033,24.32
17520.0,-171.0,-1615128.0,6.158,23.83
17524.0,-66.0,-1641899.0,6.158,23.83
17528.0,57.0,-1694622.0,5.35,23.58
17532.0,-48.0,-1720475.0,5.9,23.34
17537.0,-183.0,-1745650.0,5.833,23.34
17540.0,-50.0,-1771967.0,5.792,22.85
17544.0,109.0,-1823836.0,5.808,22.61
17548.0,74.0,-1849537.0,5.833,22.61
17552.0,-197.0,-1875394.0,4.967,21.87
17556.0,24.0,-1901145.0,5.925,22.61
17560.0,221.0,-1952746.0,5.575,22.12
17563.0,106.0,-1978259.0,5.683,21.63
17567.0,-119.0,-2002380.0,4.9,21.63
17571.0,68.0,-2027147.0,4.808,21.38
17575.0,207.0,-2075374.0,5.133,21.14
17580.0,124.0,-2098339.0,5.333,20.89
17584.0,163.0,-2122092.0,5.042,21.14
17588.0,-104.0,-2146129.0,5.375,20.65
17591.0,-207.0,-2194446.0,4.667,20.89
17595.0,106.0,-2218653.0,4.892,20.16
17599.0,63.0,-2242042.0,5.125,19.92
17603.0,-24.0,-2265917.0,4.758,19.92
17607.0,-71.0,-2312482.0,4.925,19.43
17611.0,128.0,-2335075.0,4.292,19.92
17614.0,313.0,-2357458.0,4.533,19.18
17618.0,204.0,-2379001.0,4.75,19.18
17623.0,255.0,-2422538.0,5.375,18.94
17627.0,52.0,-2444283.0,5.125,18.94
17631.0,185.0,-2465246.0,4.375,18.7
17635.0,122.0,-2486817.0,3.775,18.45
17638.0,51.0,-2530474.0,5.083,18.21
17642.0,76.0,-2552207.0,4.358,18.21
17646.0,253.0,-2573656.0,4.408,17.96
17650.0,180.0,-2593893.0,4.133,18.21
17654.0,63.0,-2634232.0,4.092,17.47
17658.0,-340.0,-2655191.0,4.183,17.96
17661.0,-329.0,-2674542.0,4.258,17.72
17666.0,-182.0,-2694265.0,4.067,17.23
17670.0,111.0,-2734014.0,4.275,17.47
17674.0,20.0,-2753959.0,3.675,16.98
17678.0,419.0,-2773708.0,3.875,16.5
17682.0,90.0,-2811707.0,4.692,16.5
17686.0,-109.0,-2830276.0,3.475,16.5
17689.0,-28.0,-2849111.0,4.15,16.01
17693.0,191.0,-2867022.0,3.275,16.01
17697.0,422.0,-2901723.0,3.525,16.25
17701.0,57.0,-2919254.0,4.35,16.01
17705.0,-140.0,-2935541.0,4.2,15.76
17710.0,-53.0,-2952796.0,3.433,15.52
17713.0,-162.0,-2986039.0,3.6,16.01
17717.0,-193.0,-3002670.0,3.058,15.52
17721.0,-78.0,-3019553.0,3.675,15.27
17725.0,99.0,-3036690.0,3.467,15.27
17729.0,-120.0,-3069279.0,3.4,15.03
17733.0,-447.0,-3085172.0,2.958,15.27
17736.0,86.0,-3101607.0,3.092,14.54
17740.0,139.0,-3117048.0,2.933,14.78
17744.0,516.0,-3147825.0,3.192,14.78
17748.0,141.0,-3162866.0,3.008,15.03
17753.0,174.0,-3178157.0,3.025,14.78
17757.0,79.0,-3193318.0,2.708,14.05
17760.0,270.0,-3223395.0,2.858,14.05
17764.0,-135.0,-3238860.0,2.8,14.05
17768.0,-106.0,-3253233.0,2.85,13.81
17772.0,119.0,-3268400.0,2.617,13.81
17776.0,22.0,-3297387.0,2.617,13.56
17780.0,-147.0,-3311350.0,2.125,14.05
17784.0,-182.0,-3324383.0,2.608,13.56
17787.0,-87.0,-3338050.0,2.308,13.07
17792.0,-238.0,-3364567.0,2.717,13.56
17796.0,145.0,-3377022.0,2.175,13.07
17800.0,10.0,-3389785.0,2.275,13.32
17804.0,-29.0,-3402398.0,2.058,13.07
17808.0,46.0,-3428517.0,2.067,12.59
17811.0,-261.0,-3440274.0,2.5,12.34
17815.0,-276.0,-3452203.0,1.867,12.59
17819.0,-79.0,-3464780.0,2.6,12.34
17823.0,-56.0,-3489243.0,1.308,12.34
17827.0,-5.0,-3500564.0,2.333,12.1
17830.0,-142.0,-3511273.0,1.183,12.1
17835.0,-377.0,-3522672.0,2.542,12.1
17839.0,-32.0,-3544297.0,0.742,12.1
17843.0,195.0,-3554928.0,2.792,11.85
17847.0,376.0,-3564611.0,0.333,11.61
17851.0,593.0,-3575032.0,2.658,11.85
17855.0,314.0,-3594639.0,0.458,11.36
17858.0,-59.0,-3605230.0,2.908,11.12
17862.0,-214.0,-3614427.0,0.317,11.12
17866.0,137.0,-3623594.0,2.667,11.36
17870.0,46.0,-3642573.0,0.533,10.87
17874.0,25.0,-3651852.0,2.217,10.87
17879.0,108.0,-3660777.0,1.125,11.12
17882.0,169.0,-3669784.0,1.608,10.87
17886.0,40.0,-3686375.0,1.25,10.87
17890.0,77.0,-3695644.0,1.833,10.39
17894.0,138.0,-3703935.0,0.583,10.87
17898.0,237.0,-3718704.0,1.775,10.39
17902.0,-14.0,-3726189.0,0.85,10.14
17905.0,-67.0,-3733584.0,1.217,9.9
17909.0,-156.0,-3741197.0,1.508,9.9
17913.0,-47.0,-3748338.0,0.75,10.63
17917.0,-90.0,-3761669.0,1.642,9.65
17922.0,-11.0,-3768752.0,0.975,9.9
17925.0,-4.0,-3775579.0,0.883,9.9
17929.0,-141.0,-3781366.0,1.167,9.65
17933.0,-390.0,-3793457.0,1.367,9.41
17937.0,149.0,-3799362.0,0.8,9.9
17941.0,94.0,-3805671.0,1.475,9.16
17944.0,41.0,-3811534.0,0.6,9.41
17948.0,-118.0,-3821995.0,1.092,9.16
17952.0,-21.0,-3826474.0,0.633,8.92
17956.0,-238.0,-3831785.0,1.408,9.41
17960.0,-57.0,-3837408.0,0.583,8.68
17964.0,-28.0,-3845889.0,0.892,9.16
17968.0,17.0,-3850204.0,0.808,9.16
17972.0,-12.0,-3854001.0,0.675,8.68
17976.0,-267.0,-3858104.0,1.167,9.16
17979.0,-146.0,-3866629.0,0.533,8.92
17983.0,-325.0,-3869670.0,0.667,9.16
17987.0,-152.0,-3872909.0,0.917,8.43
17991.0,5.0,-3876140.0,0.55,8.68
17995.0,114.0,-3879863.0,0.825,8.19
17998.0,5.0,-3885144.0,0.308,8.19
18002.0,86.0,-3887743.0,0.967,8.68
18007.0,-289.0,-3889960.0,0.517,8.68
18011.0,-256.0,-3892065.0,0.642,8.43
18015.0,-17.0,-3896270.0,0.308,8.19
18018.0,20.0,-3898511.0,0.625,8.19
18022.0,-147.0,-3900508.0,0.683,7.94
18026.0,-250.0,-3902433.0,0.675,7.7
18030.0,49.0,-3904936.0,0.292,7.7
18033.0,-310.0,-3905421.0,0.333,8.19
18037.0,-43.0,-3906184.0,0.408,7.7
18041.0,196.0,-3906947.0,0.725,7.94
18045.0,103.0,-3908076.0,0.567,7.45
18050.0,116.0,-3908159.0,0.367,7.7
18053.0,15.0,-3908436.0,0.433,7.7
18057.0,-126.0,-3908665.0,0.183,7.94
18061.0,-247.0,-3908834.0,0.492,7.45
18065.0,-46.0,-3908357.0,0.317,7.21
18069.0,203.0,-3907996.0,0.383,7.45
18072.0,284.0,-3907269.0,0.258,7.21
18076.0,145.0,-3905416.0,0.292,7.21
18080.0,-84.0,-3904151.0,0.25,7.45
18084.0,75.0,-3902888.0,0.342,7.21
18088.0,86.0,-3901803.0,0.208,7.21
18092.0,223.0,-3900480.0,0.292,7.21
18096.0,-106.0,-3897671.0,0.383,6.72
18100.0,-219.0,-3896422.0,0.217,6.48
18104.0,-180.0,-3895325.0,0.292,6.72
18108.0,-175.0,-3894286.0,0.375,6.72
18111.0,-174.0,-3891155.0,-0.183,6.48
18115.0,-123.0,-3889084.0,0.167,6.96
18119.0,-14.0,-3886193.0,-0.125,6.48
18123.0,13.0,-3883098.0,0.508,6.48
18127.0,168.0,-3876647.0,-0.267,6.48
18130.0,83.0,-3873092.0,0.092,6.96
18135.0,482.0,-3868847.0,0.092,6.48
18139.0,331.0,-3865146.0,-0.25,6.23
18143.0,-12.0,-3857483.0,-0.192,6.72
18147.0,37.0,-3852926.0,0.275,6.23
18150.0,-20.0,-3848263.0,0.058,5.99
18154.0,123.0,-3844198.0,0.3,6.23
18158.0,40.0,-3834637.0,-0.733,6.23
18162.0,353.0,-3829520.0,0.025,6.23
18165.0,246.0,-3823693.0,-0.325,6.23
18169.0,125.0,-3818034.0,0.083,5.99
18173.0,-4.0,-3807085.0,0.033,6.23
18178.0,425.0,-3801170.0,-0.317,6.23
18182.0,148.0,-3794691.0,-0.442,5.99
18185.0,-163.0,-3788048.0,-0.375,5.74
18189.0,-148.0,-3781599.0,-0.133,6.23
18193.0,283.0,-3768860.0,-0.158,5.99
18197.0,158.0,-3761251.0,-0.267,5.74
18201.0,83.0,-3753212.0,-0.517,5.74
18204.0,130.0,-3746199.0,-0.258,6.23
18208.0,287.0,-3731520.0,-0.608,5.74
18212.0,76.0,-3723445.0,0.017,5.74
18216.0,-87.0,-3716500.0,0.183,5.74
18221.0,218.0,-3712043.0,-0.092,5.74
18224.0,-531.0,-3697916.0,-1.55,6.23
18228.0,52.0,-3689539.0,0.908,6.23
18232.0,233.0,-3681252.0,-1.533,6.23
18236.0,276.0,-3671761.0,-0.825,5.74
18240.0,221.0,-3653716.0,0.317,5.74
18243.0,270.0,-3644533.0,-0.45,5.5
18247.0,127.0,-3634032.0,-0.725,5.5
18251.0,146.0,-3623701.0,-1.15,5.25
18255.0,125.0,-3605442.0,-0.742,5.25
18259.0,42.0,-3595119.0,-0.083,5.25
18263.0,5.0,-3584160.0,-0.192,5.25
18267.0,-122.0,-3573381.0,-1.05,5.5
18271.0,-107.0,-3551646.0,-1.075,5.5
18275.0,58.0,-3540333.0,-0.725,5.25
18279.0,-347.0,-3529308.0,-0.283,5.25
18282.0,-246.0,-3517073.0,-1.15,5.01
18286.0,-109.0,-3493998.0,-0.417,5.01
18290.0,298.0,-3481541.0,-1.225,4.77
18294.0,65.0,-3468190.0,-0.758,4.77
18298.0,-60.0,-3455797.0,-0.967,5.25
18301.0,-323.0,-3443128.0,-1.342,4.52
18306.0,230.0,-3416627.0,-0.35,4.52
18310.0,-3.0,-3403788.0,-1.175,4.52
18314.0,374.0,-3389925.0,-1.267,4.52
18318.0,301.0,-3375818.0,-0.917,4.28
18321.0,-60.0,-3348505.0,-1.158,4.28
18325.0,61.0,-3334600.0,-0.933,4.77
18329.0,-52.0,-3320339.0,-0.975,4.52
18333.0,-125.0,-3305572.0,-1.6,4.03
18337.0,-158.0,-3276113.0,-0.608,3.79
18340.0,-195.0,-3260796.0,-1.983,4.03
18344.0,-294.0,-3245595.0,-0.45,3.79
18349.0,-119.0,-3229538.0,-1.825,3.54
18353.0,-136.0,-3197289.0,-0.942,3.54
18357.0,-73.0,-3180888.0,-1.833,3.54
18360.0,118.0,-3163921.0,-1.383,3.79
18364.0,241.0,-3147568.0,-1.35,3.3
18368.0,102.0,-3112567.0,-2.075,3.3
18372.0,155.0,-3096040.0,-0.6,4.03
18376.0,-96.0,-3078249.0,-2.375,3.54
18379.0,-139.0,-3061218.0,-0.725,3.05
18383.0,76.0,-3025285.0,-2.742,2.81
18387.0,211.0,-3007728.0,-0.742,2.81
18392.0,184.0,-2989269.0,-2.7,3.05
18396.0,221.0,-2971064.0,-0.892,2.57
18399.0,258.0,-2932029.0,-2.625,2.32
18403.0,295.0,-2912438.0,-1.525,2.32
18407.0,200.0,-2892703.0,-2.617,2.81
18411.0,435.0,-2873482.0,-1.583,2.57
18415.0,116.0,-2831717.0,-2.642,2.32
18419.0,15.0,-2811268.0,-1.533,2.32
18422.0,-236.0,-2792019.0,-2.717,2.08
18426.0,-241.0,-2772010.0,-1.675,1.59
18430.0,46.0,-2730823.0,-2.8,1.59
18435.0,67.0,-2709086.0,-1.9,2.08
18439.0,-50.0,-2688149.0,-2.95,1.1
18442.0,-185.0,-2665990.0,-2.425,1.34
18446.0,-252.0,-2644493.0,-3.067,1.59
18450.0,113.0,-2599306.0,-2.392,1.1
18454.0,300.0,-2577335.0,-3.1,1.1
18458.0,415.0,-2554466.0,-2.458,0.61
18461.0,454.0,-2531871.0,-3.358,0.86
18465.0,87.0,-2486142.0,-2.6,0.37
18469.0,94.0,-2462841.0,-3.467,0.12
18473.0,135.0,-2440880.0,-2.392,0.37
18478.0,24.0,-2421711.0,1.0,0.61
18481.0,305.0,-2401086.0,-0.375,-0.12
18485.0,-332.0,-2374511.0,-7.9,0.61
18489.0,-105.0,-2348602.0,2.108,0.12
18493.0,20.0,-2327651.0,-6.208,0.37
18497.0,299.0,-2278550.0,-2.15,-0.12
18500.0,330.0,-2253853.0,-3.217,0.37
18504.0,247.0,-2230286.0,-4.65,0.12
18508.0,404.0,-2205001.0,-3.217,-0.37
18512.0,-37.0,-2155394.0,-4.675,-0.37
18516.0,244.0,-2130457.0,-3.483,-0.61
18520.0,401.0,-2105502.0,-4.625,-1.34
18524.0,90.0,-2080465.0,-3.867,-1.34
18528.0,-13.0,-2028848.0,-4.917,-1.59
18532.0,-52.0,-2002065.0,-4.358,-1.59
18536.0,279.0,-1975470.0,-5.167,-1.34
18539.0,424.0,-1949473.0,-4.525,-2.08
18543.0,137.0,-1896448.0,-4.758,-1.59
18547.0,266.0,-1869169.0,-5.3,-2.32
18551.0,-167.0,-1842994.0,-4.892,-2.32
18555.0,-8.0,-1817249.0,-5.025,-2.57
18558.0,273.0,-1767342.0,-5.208,-3.79
18563.0,226.0,-1741225.0,-5.133,-4.28
18567.0,127.0,-1715332.0,-5.483,-4.77
18571.0,-4.0,-1689209.0,-5.883,-5.25
18575.0,-109.0,-1636004.0,-5.775,-5.5
18579.0,-304.0,-1608817.0,-6.108,-5.74
18582.0,35.0,-1581752.0,-5.942,-5.74
18586.0,260.0,-1555297.0,-6.008,-5.99
18590.0,9.0,-1502572.0,-6.133,-6.23
18594.0,-60.0,-1476915.0,-5.833,-6.48
18597.0,-161.0,-1452262.0,-6.183,-7.21
18601.0,24.0,-1426625.0,-6.242,-7.45
18606.0,101.0,-1401200.0,-6.75,-7.21
18610.0,256.0,-1347789.0,-6.758,-7.7
18614.0,93.0,-1320684.0,-6.875,-8.43
18618.0,10.0,-1293549.0,-6.983,-8.68
18621.0,159.0,-1266466.0,-7.0,-8.92
18625.0,196.0,-1212775.0,-6.767,-8.92
18629.0,219.0,-1186676.0,-6.842,-9.65
18633.0,112.0,-1160227.0,-6.683,-9.9
18637.0,-233.0,-1134920.0,-6.8,-10.14
18640.0,-262.0,-1084473.0,-6.933,-10.39
18644.0,-93.0,-1059210.0,-6.892,-10.87
18649.0,-98.0,-1033289.0,-7.242,-10.87
18653.0,143.0,-1007240.0,-7.142,-11.12
18657.0,212.0,-955347.0,-7.258,-11.36
18661.0,205.0,-929540.0,-7.267,-11.61
18664.0,14.0,-904007.0,-6.583,-11.85
18668.0,71.0,-878716.0,-7.083,-12.59
18672.0,-106.0,-832173.0,-6.167,-12.83
18676.0,-125.0,-811466.0,-5.217,-13.07
18680.0,-270.0,-791325.0,-5.692,-13.07
18683.0,39.0,-770918.0,-6.992,-13.32
18688.0,192.0,-727549.0,-7.325,-13.56
18692.0,-17.0,-704006.0,-7.508,-13.56
18696.0,-156.0,-679669.0,-7.258,-13.81
18700.0,-43.0,-656832.0,-6.267,-14.3
18703.0,-280.0,-614483.0,-7.508,-14.3
18707.0,-143.0,-595328.0,-6.433,-14.78
18711.0,76.0,-577707.0,-5.158,-14.78
18715.0,51.0,-560560.0,-4.375,-15.27
18719.0,124.0,-526335.0,-5.7,-15.52
18722.0,-15.0,-507116.0,-7.108,-15.76
18726.0,-204.0,-487647.0,-6.275,-15.03
18731.0,-255.0,-467946.0,-6.1,-15.76
18735.0,292.0,-430563.0,-5.175,-16.25
18739.0,481.0,-412782.0,-6.492,-16.01
18742.0,378.0,-396457.0,-6.908,-16.74
18746.0,9.0,-380812.0,-5.7,-17.23
18750.0,-44.0,-351659.0,-4.433,-17.47
18754.0,-253.0,-338162.0,-5.208,-17.47
18758.0,226.0,-324895.0,-4.158,-17.96
18761.0,405.0,-311046.0,-4.233,-18.21
18765.0,262.0,-297773.0,-3.533,-17.96
18769.0,-135.0,-271680.0,-2.667,-18.21
18774.0,-10.0,-256691.0,-3.0,-17.96
18778.0,-143.0,-240292.0,-3.183,-17.72
18781.0,178.0,-224263.0,-2.233,-17.23
18785.0,373.0,-194956.0,0.825,-17.72
18789.0,454.0,-180847.0,2.0,-18.21
18793.0,403.0,-167660.0,7.467,-18.21
18797.0,90.0,-155985.0,6.358,-18.45
18800.0,-15.0,-136184.0,-0.558,-19.18
18804.0,-16.0,-127363.0,-0.067,-18.7
18808.0,189.0,-118230.0,-3.325,-18.94
18812.0,-66.0,-108483.0,4.617,-18.45
18817.0,-341.0,-90956.0,9.208,-17.47
18820.0,-302.0,-83551.0,6.742,-18.21
18824.0,-29.0,-77166.0,4.825,-18.21
18828.0,376.0,-70499.0,3.5,-18.21
18832.0,-113.0,-57374.0,6.408,-18.45
18836.0,-108.0,-51333.0,9.675,-18.45
18839.0,-101.0,-45824.0,11.683,-18.7
18843.0,-290.0,-40749.0,11.633,-17.96
18847.0,-479.0,-32104.0,11.383,-18.94
18851.0,-248.0,-29251.0,11.5,-18.21
18855.0,7.0,-26930.0,11.508,-18.7
18859.0,446.0,-23715.0,11.483,-18.45
18863.0,119.0,-19140.0,11.758,-17.72
18867.0,86.0,-17323.0,11.4,-17.72
18871.0,155.0,-15570.0,11.225,-17.96
18875.0,102.0,-13647.0,11.975,-17.47
18878.0,93.0,-9940.0,11.433,-17.23
18882.0,150.0,-8373.0,10.292,-16.74
18886.0,275.0,-6770.0,10.325,-16.74
18890.0,178.0,-4999.0,11.55,-16.74
18894.0,-157.0,-3484.0,11.875,-16.98
18897.0,-364.0,-101.0,11.375,-16.74
18902.0,-33.0,1476.0,10.783,-16.01
18906.0,94.0,2967.0,11.033,-16.01
18909.0,-97.0,3720.0,11.433,-15.03
18913.0,-4.0,6613.0,12.3,-15.03
18917.0,55.0,7604.0,11.783,-14.78
18921.0,18.0,8463.0,10.575,-14.54
18924.0,143.0,9520.0,9.667,-13.56
18928.0,248.0,10231.0,8.967,-13.81
18932.0,331.0,12342.0,8.708,-13.56
18936.0,278.0,13641.0,8.917,-12.59
18939.0,99.0,13630.0,8.867,-12.34
18944.0,-88.0,14095.0,8.767,-12.34
18948.0,-301.0,16688.0,8.542,-11.85
18952.0,-182.0,17203.0,8.367,-11.61
18955.0,-309.0,17764.0,8.067,-11.12
18959.0,318.0,18115.0,7.717,-10.14
18963.0,57.0,18600.0,7.333,-10.39
18967.0,32.0,19699.0,7.233,-9.16
18970.0,289.0,20286.0,6.95,-8.92
18974.0,-56.0,20573.0,6.3,-9.16
18978.0,-227.0,21286.0,6.2,-8.43
18982.0,-328.0,22405.0,6.117,-8.19
18985.0,-329.0,22498.0,6.133,-7.7
18990.0,-8.0,22775.0,5.725,-6.72
18994.0,71.0,23386.0,5.017,-6.48
18997.0,-156.0,23829.0,4.658,-6.23
19001.0,-283.0,25008.0,5.0,-5.5
19005.0,-50.0,25385.0,5.208,-5.25
19008.0,31.0,25680.0,5.042,-4.77
19012.0,-130.0,26125.0,4.333,-3.79
19016.0,57.0,26732.0,3.525,-3.79
19020.0,-210.0,26659.0,2.967,-3.3
19023.0,-241.0,26566.0,2.542,-2.32
19027.0,-258.0,26661.0,1.892,-2.32
19032.0,113.0,27250.0,1.408,-2.08
19036.0,168.0,27507.0,1.142,-1.83
19039.0,211.0,27570.0,1.417,-1.1
19043.0,130.0,27889.0,2.0,-0.86
19047.0,17.0,28392.0,2.2,-0.37
19050.0,226.0,28687.0,1.542,0.12
19054.0,381.0,28328.0,0.383,0.61
19058.0,272.0,28075.0,-0.892,1.1
19062.0,449.0,27774.0,-1.517,1.1
19065.0,204.0,27961.0,-1.7,1.83
19069.0,41.0,28394.0,-1.867,2.08
19074.0,-284.0,28071.0,-1.983,2.32
19077.0,-295.0,27720.0,-2.058,3.3
19081.0,130.0,27969.0,-1.9,3.54
19085.0,113.0,28174.0,-1.9,4.28
19089.0,204.0,27787.0,-2.208,4.77
19092.0,289.0,27860.0,-1.792,6.48
19096.0,-120.0,27705.0,-1.308,5.99
19100.0,-105.0,28222.0,-0.433,6.96
19104.0,74.0,28559.0,-0.183,7.45
19107.0,267.0,27420.0,-0.9,7.45
19111.0,38.0,27659.0,-0.217,7.7
19116.0,-351.0,27692.0,-0.442,8.19
19119.0,-138.0,27749.0,-0.992,8.43
19123.0,-47.0,26956.0,-1.167,8.43
19127.0,96.0,26783.0,-1.367,8.68
19130.0,-95.0,27172.0,-1.383,8.68
19134.0,142.0,27235.0,-1.375,8.43
19138.0,305.0,26666.0,-2.592,8.68
19142.0,48.0,23333.0,-5.933,9.41
19145.0,-279.0,21594.0,-10.425,9.16
19149.0,-284.0,23005.0,-11.25,9.65
19153.0,-97.0,23374.0,-9.417,10.87
19158.0,212.0,22017.0,-6.933,10.63
19161.0,-167.0,22524.0,-4.808,11.12
19165.0,-288.0,20653.0,-6.117,11.36
19169.0,175.0,20002.0,-8.325,11.85
19173.0,-24.0,18057.0,-10.175,11.85
19177.0,-207.0,15750.0,-11.025,12.59
19180.0,12.0,14639.0,-11.092,12.59
19184.0,-55.0,15160.0,-10.542,13.32
19188.0,98.0,14249.0,-9.642,13.81
19192.0,-179.0,11544.0,-9.283,14.54
19195.0,-226.0,10117.0,-10.383,14.78
19200.0,-53.0,9454.0,-11.125,15.27
19204.0,-144.0,8005.0,-11.55,16.25
19208.0,-35.0,4036.0,-12.625,17.23
19211.0,-238.0,3591.0,-13.3,17.72
19215.0,-149.0,3330.0,-12.567,18.45
19219.0,-234.0,2483.0,-11.225,18.94
19223.0,-141.0,106.0,-11.667,19.43
19226.0,178.0,-3305.0,-12.325,19.67
19230.0,355.0,-4708.0,-12.842,20.16
19234.0,200.0,-7215.0,-14.25,19.67
19238.0,71.0,-9902.0,-16.25,19.92
19241.0,162.0,-12659.0,-17.025,20.41
19246.0,249.0,-14724.0,-16.575,20.89
19250.0,-108.0,-17165.0,-15.917,22.61
19254.0,171.0,-18466.0,-14.625,22.36
19258.0,30.0,-23635.0,-13.758,22.85
19262.0,125.0,-26226.0,-14.625,23.58
19265.0,64.0,-27387.0,-16.375,23.83
19269.0,-157.0,-30928.0,-17.2,24.8
19273.0,86.0,-35469.0,-16.242,25.05
19277.0,291.0,-36664.0,-15.392,25.78
19281.0,524.0,-41011.0,-15.583,25.29
19284.0,-1.0,-43040.0,-13.842,25.78
19289.0,128.0,-44141.0,-14.167,26.52
19293.0,129.0,-54694.0,-15.458,26.52
19297.0,138.0,-56267.0,-14.05,27.25
19301.0,417.0,-60134.0,-14.675,27.25
19304.0,406.0,-67057.0,-12.767,27.74
19308.0,257.0,-76452.0,-10.067,28.96
19312.0,150.0,-84045.0,-8.3,28.47
19316.0,23.0,-91184.0,-4.792,28.47
19320.0,182.0,-99481.0,-0.058,29.2
19323.0,221.0,-122498.0,3.975,29.2
19328.0,172.0,-134695.0,-1.35,29.2
19332.0,203.0,-148608.0,-4.067,29.45
19336.0,462.0,-161189.0,2.708,29.69
19340.0,125.0,-191520.0,3.267,28.96
19343.0,-48.0,-204539.0,-3.492,29.69
19347.0,-169.0,-218898.0,-2.058,29.94
19351.0,-32.0,-236405.0,5.417,29.45
19355.0,105.0,-269852.0,5.275,29.45
19359.0,282.0,-289535.0,1.017,29.69
19362.0,-203.0,-307738.0,1.367,29.2
19366.0,-138.0,-327861.0,7.592,29.45
19371.0,17.0,-370850.0,5.825,29.45
19375.0,-60.0,-394657.0,4.042,29.2
19379.0,51.0,-411342.0,2.542,29.2
19382.0,-116.0,-417113.0,-9.608,27.98
19386.0,225.0,-468698.0,16.225,25.78
19390.0,226.0,-489883.0,4.558,24.32
19394.0,-55.0,-508756.0,-12.325,23.09
19398.0,102.0,-533247.0,13.108,22.12
19401.0,-65.0,-582660.0,4.383,21.63
19405.0,-4.0,-607677.0,-1.683,22.12
19409.0,281.0,-632738.0,6.642,22.36
19414.0,172.0,-658091.0,7.2,22.12
19418.0,111.0,-685306.0,6.358,22.36
19421.0,-8.0,-737963.0,4.583,23.09
19425.0,203.0,-766946.0,7.775,23.09
19429.0,300.0,-794725.0,6.2,22.61
19433.0,93.0,-822370.0,5.8,22.61
19436.0,-118.0,-877997.0,6.767,22.85
19440.0,171.0,-905236.0,5.575,22.36
19444.0,-242.0,-932021.0,6.292,21.87
19448.0,-105.0,-957932.0,5.842,21.63
19452.0,66.0,-1012097.0,7.183,21.63
19456.0,-163.0,-1039012.0,5.192,22.61
19460.0,-64.0,-1067295.0,7.433,23.58
19464.0,-7.0,-1094266.0,5.758,24.8
19468.0,168.0,-1150817.0,6.75,26.03
19472.0,277.0,-1179160.0,6.417,26.76
19476.0,-138.0,-1207291.0,6.833,27.25
19480.0,287.0,-1235730.0,6.375,27.49
19483.0,420.0,-1290979.0,5.55,27.25
19487.0,295.0,-1317454.0,6.05,25.54
19491.0,184.0,-1344195.0,6.283,25.05
19495.0,251.0,-1370806.0,6.158,24.56
19500.0,-48.0,-1423495.0,5.975,24.07
19504.0,-161.0,-1450280.0,6.258,24.32
19507.0,-222.0,-1478575.0,6.358,23.83
19511.0,-21.0,-1505346.0,5.758,23.83
19515.0,108.0,-1559011.0,6.442,24.07
19519.0,71.0,-1586884.0,6.258,24.56
19523.0,138.0,-1613769.0,5.642,23.83
19527.0,3.0,-1640824.0,6.008,23.83
19530.0,52.0,-1692755.0,5.408,23.83
19534.0,-33.0,-1718796.0,6.117,23.83
19538.0,-2.0,-1745461.0,5.7,22.85
19543.0,-147.0,-1771422.0,6.025,23.09
19547.0,-244.0,-1823737.0,5.617,22.85
19551.0,-133.0,-1849720.0,5.267,22.61
19554.0,-52.0,-1875795.0,6.017,22.12
19558.0,-25.0,-1901480.0,5.542,21.87
19562.0,66.0,-1952575.0,5.783,21.87
19566.0,-559.0,-1977456.0,5.05,21.38
19570.0,-440.0,-2002459.0,4.6,21.38
19574.0,-201.0,-2026712.0,5.475,21.38
19577.0,-118.0,-2074403.0,5.092,21.63
19581.0,437.0,-2098198.0,5.167,21.14
19586.0,298.0,-2122219.0,5.592,20.65
19590.0,103.0,-2171198.0,4.583,20.89
19594.0,108.0,-2195129.0,4.825,20.16
19598.0,-177.0,-2219030.0,5.192,19.92
19602.0,234.0,-2243071.0,5.067,19.92
19605.0,387.0,-2289636.0,4.55,19.67
19609.0,328.0,-2312221.0,4.683,19.43
19613.0,-61.0,-2334342.0,4.233,19.18
19617.0,138.0,-2356009.0,5.0,19.18
19621.0,65.0,-2400676.0,4.933,18.94
19625.0,-160.0,-2422941.0,5.817,19.18
19629.0,211.0,-2444146.0,4.367,19.18
19633.0,116.0,-2465895.0,3.958,18.45
19637.0,277.0,-2509050.0,4.9,18.21
19641.0,-104.0,-2530377.0,4.583,17.96
19645.0,-189.0,-2551534.0,4.442,18.45
19649.0,226.0,-2571891.0,4.042,17.72
19653.0,221.0,-2612908.0,4.092,18.21
19656.0,358.0,-2633679.0,4.25,17.47
19660.0,87.0,-2653388.0,4.35,17.23
19664.0,40.0,-2673599.0,4.175,17.47
19668.0,-15.0,-2713828.0,4.167,16.98
19673.0,-64.0,-2733883.0,3.825,16.74
19677.0,41.0,-2753670.0,4.058,16.74
19680.0,80.0,-2772427.0,4.35,16.5
19684.0,119.0,-2810696.0,4.0,16.5
19688.0,-54.0,-2829515.0,3.783,16.98
19692.0,-117.0,-2847266.0,3.592,16.5
19696.0,-258.0,-2865037.0,3.558,16.01
19700.0,-273.0,-2899356.0,4.483,16.01
19703.0,126.0,-2916437.0,3.858,16.25
19707.0,73.0,-2933398.0,3.658,15.52
19712.0,238.0,-2950691.0,3.425,15.52
19716.0,299.0,-2983706.0,3.342,15.27
19720.0,-82.0,-3000501.0,3.592,15.76
19724.0,239.0,-3017992.0,3.475,15.27
19728.0,242.0,-3034049.0,3.367,15.03
19731.0,255.0,-3066252.0,2.95,15.03
19735.0,72.0,-3082627.0,3.058,14.78
19739.0,-481.0,-3098174.0,2.883,15.27
19743.0,-118.0,-3129441.0,3.317,14.54
19747.0,215.0,-3144356.0,2.967,14.54
19751.0,-102.0,-3159837.0,3.175,14.3
19755.0,-147.0,-3175496.0,2.683,14.3
19759.0,136.0,-3206053.0,2.758,13.81
19763.0,39.0,-3221324.0,2.808,14.3
19767.0,-174.0,-3235733.0,2.95,14.05
19771.0,-167.0,-3250548.0,2.767,13.81
19775.0,48.0,-3279369.0,2.55,13.81
19779.0,241.0,-3293402.0,2.167,13.56
19782.0,172.0,-3306299.0,2.492,13.56
19786.0,243.0,-3320610.0,2.442,13.56
19790.0,274.0,-3346855.0,2.5,13.07
19794.0,51.0,-3359896.0,2.45,13.07
19799.0,40.0,-3371953.0,2.008,12.83
19803.0,343.0,-3385520.0,2.225,12.83
19806.0,396.0,-3411271.0,1.733,12.83
19810.0,-203.0,-3424108.0,2.633,12.83
19814.0,-248.0,-3435595.0,1.783,12.59
19818.0,-141.0,-3448114.0,2.642,12.83
19822.0,-228.0,-3471969.0,1.058,12.1
19826.0,-3.0,-3483848.0,2.342,12.1
19830.0,2.0,-3494787.0,1.342,12.34
19833.0,45.0,-3505966.0,2.467,12.34
19837.0,-190.0,-3527311.0,1.175,11.61
19842.0,397.0,-3538122.0,2.3,11.61
19846.0,174.0,-3547511.0,0.633,11.61
19850.0,-153.0,-3557786.0,2.483,11.36
19854.0,168.0,-3577957.0,0.592,11.61
19857.0,179.0,-3588106.0,2.15,11.12
19861.0,-100.0,-3598303.0,1.267,11.12
19865.0,-135.0,-3607142.0,1.575,10.87
19869.0,204.0,-3626787.0,1.583,11.36
19873.0,85.0,-3636120.0,1.033,10.87
19877.0,78.0,-3645461.0,2.017,11.36
19880.0,3.0,-3662150.0,0.992,10.87
19885.0,428.0,-3670739.0,1.617,10.63
19889.0,-157.0,-3679598.0,1.508,10.39
19893.0,-492.0,-3687433.0,0.833,10.39
19897.0,-297.0,-3703034.0,1.817,10.14
19901.0,194.0,-3709943.0,0.592,10.14
19905.0,511.0,-3717254.0,1.583,10.14
19908.0,364.0,-3725317.0,1.325,10.14
19912.0,-57.0,-3738606.0,0.692,9.65
19916.0,-30.0,-3745219.0,1.85,9.9
19920.0,243.0,-3752584.0,0.692,9.65
19924.0,448.0,-3759391.0,1.017,10.39
19928.0,191.0,-3771828.0,1.433,9.65
19932.0,22.0,-3778031.0,1.033,9.41
19936.0,-147.0,-3783882.0,0.983,9.41
19940.0,18.0,-3790291.0,1.2,9.41
19944.0,75.0,-3796158.0,0.842,9.41
19947.0,262.0,-3806605.0,0.975,8.92
19951.0,295.0,-3811792.0,0.95,8.92
19955.0,32.0,-3816907.0,1.092,8.92
19959.0,191.0,-3822026.0,0.875,8.92
19963.0,-250.0,-3830615.0,0.683,9.41
19966.0,-339.0,-3834772.0,0.933,8.68
19971.0,-248.0,-3838909.0,0.817,9.16
19975.0,213.0,-3843446.0,0.983,8.68
19979.0,18.0,-3850837.0,0.35,8.92
19983.0,-181.0,-3854050.0,1.117,8.43
19986.0,-136.0,-3857371.0,0.425,8.43
19990.0,-123.0,-3860572.0,0.983,8.43
19994.0,6.0,-3866667.0,0.358,8.43
19998.0,-73.0,-3869422.0,0.983,8.19
20002.0,240.0,-3872031.0,0.35,7.94
20005.0,271.0,-3874162.0,0.883,9.16
20009.0,200.0,-3878405.0,0.342,7.94
20014.0,115.0,-3880050.0,0.767,7.94
20018.0,264.0,-3882105.0,0.308,7.94
20022.0,-35.0,-3884120.0,0.842,7.94
20025.0,14.0,-3887741.0,0.342,8.19
20029.0,-285.0,-3888464.0,0.542,7.7
20033.0,-134.0,-3889157.0,0.225,7.7
20037.0,-91.0,-3890060.0,0.758,7.7
20041.0,-164.0,-3891779.0,0.258,7.45
20044.0,-83.0,-3892130.0,0.758,7.7
20048.0,-28.0,-3892487.0,0.317,7.45
20052.0,25.0,-3893042.0,0.4,7.45
20057.0,222.0,-3893151.0,0.208,7.45
20060.0,-69.0,-3892942.0,0.517,7.21
20064.0,-168.0,-3892239.0,0.4,7.21
20068.0,19.0,-3891574.0,0.333,7.45
20072.0,-8.0,-3891247.0,0.067,7.7
20076.0,-31.0,-3889206.0,0.342,6.96
20079.0,-48.0,-3888003.0,0.242,7.45
20083.0,-139.0,-3886292.0,0.308,6.96
20087.0,-112.0,-3885249.0,0.142,6.96
20091.0,-215.0,-3882666.0,0.4,7.45
20096.0,-218.0,-3881093.0,0.083,6.72
20099.0,-161.0,-3879580.0,0.475,7.21
20103.0,38.0,-3878561.0,0.075,6.72
20107.0,165.0,-3875710.0,0.392,6.48
20111.0,-192.0,-3874085.0,0.25,6.72
20115.0,-407.0,-3872818.0,-0.042,6.72
20118.0,98.0,-3871529.0,0.308,6.72
20122.0,361.0,-3866352.0,-0.483,6.48
20126.0,-30.0,-3862591.0,0.517,6.48
20130.0,111.0,-3858582.0,-0.225,6.48
20134.0,-78.0,-3854877.0,0.092,6.23
20137.0,3.0,-3851048.0,-0.225,6.23
20142.0,-78.0,-3843079.0,0.133,6.23
20146.0,137.0,-3839436.0,-0.092,6.23
20150.0,464.0,-3837247.0,0.567,6.72
20153.0,431.0,-3833434.0,-0.875,6.23
20157.0,114.0,-3824463.0,0.975,7.21
20161.0,251.0,-3819066.0,-0.992,6.23
20165.0,70.0,-3813611.0,-0.442,6.23
20169.0,65.0,-3808398.0,-0.325,6.23
20172.0,238.0,-3797325.0,0.542,6.23
20176.0,75.0,-3791936.0,0.275,6.48
20180.0,216.0,-3785715.0,-0.608,6.48
20185.0,285.0,-3779358.0,-0.8,5.99
20189.0,122.0,-3766363.0,-0.017,6.23
20192.0,147.0,-3760912.0,0.15,5.99
20196.0,18.0,-3756869.0,0.592,5.99
20200.0,-261.0,-3751400.0,-1.583,6.23
20204.0,252.0,-3737239.0,0.842,5.74
20208.0,527.0,-3729466.0,-1.483,5.99
20211.0,222.0,-3721585.0,-0.675,5.74
20215.0,97.0,-3713882.0,0.392,6.48
20219.0,234.0,-3698063.0,-0.183,6.48
20224.0,335.0,-3689622.0,-0.175,5.74
20228.0,344.0,-3680771.0,-1.375,5.74
20231.0,195.0,-3671844.0,-0.525,5.99
20235.0,146.0,-3653717.0,-0.133,5.5
20239.0,-223.0,-3644296.0,-0.492,5.5
20243.0,-292.0,-3634443.0,-0.583,5.99
20247.0,149.0,-3624584.0,-0.658,5.74
20251.0,194.0,-3603463.0,-0.783,5.25
20254.0,535.0,-3593870.0,-0.192,5.25
20258.0,164.0,-3583863.0,-0.917,5.25
20262.0,29.0,-3572826.0,-0.675,5.74
20267.0,-20.0,-3561743.0,-0.45,5.25
20271.0,9.0,-3540374.0,-0.8,5.25
20274.0,84.0,-3529025.0,-1.092,4.77
20278.0,-221.0,-3516974.0,-0.883,5.01
20282.0,-324.0,-3505451.0,-0.567,4.77
20286.0,-155.0,-3481932.0,-0.883,5.01
20289.0,-22.0,-3469367.0,-0.808,5.01
20293.0,35.0,-3457332.0,-0.975,4.77
20297.0,224.0,-3444683.0,-1.217,4.52
20301.0,-45.0,-3418274.0,-0.625,4.52
20305.0,530.0,-3405455.0,-0.958,4.52
20308.0,331.0,-3391514.0,-1.5,4.28
20313.0,-98.0,-3378173.0,-0.325,4.52
20317.0,-241.0,-3349756.0,-1.775,4.28
20321.0,120.0,-3336219.0,0.008,4.03
20325.0,351.0,-3322490.0,-1.875,4.77
20328.0,202.0,-3307835.0,-0.367,4.03
20332.0,39.0,-3278502.0,-1.425,4.03
20336.0,-172.0,-3263581.0,-1.425,3.79
20340.0,-209.0,-3249472.0,-0.75,4.03
20344.0,-222.0,-3233811.0,-1.942,3.79
20347.0,-181.0,-3201562.0,-0.55,3.79
20352.0,-254.0,-3185575.0,-1.9,3.54
20356.0,-79.0,-3169176.0,-1.1,3.79
20360.0,76.0,-3153205.0,-1.625,3.54
20364.0,-105.0,-3118666.0,-1.775,3.3
20367.0,-232.0,-3101447.0,-1.325,3.3
20371.0,-315.0,-3083912.0,-1.958,2.81
20375.0,28.0,-3066753.0,-1.025,3.05
20379.0,17.0,-3031486.0,-1.967,3.54
20383.0,208.0,-3013255.0,-1.325,3.3
20386.0,115.0,-2995580.0,-2.117,3.05
20390.0,32.0,-2978213.0,-1.208,3.05
20395.0,-207.0,-2959302.0,-2.792,2.57
20399.0,274.0,-2920825.0,-0.808,2.81
20403.0,47.0,-2901134.0,-3.108,2.32
20406.0,54.0,-2882217.0,-0.55,2.57
20410.0,85.0,-2861870.0,-3.275,2.08
20414.0,-396.0,-2821505.0,-0.733,2.08
20418.0,-41.0,-2800582.0,-3.433,2.08
20422.0,514.0,-2780427.0,-1.083,1.83
20425.0,397.0,-2759916.0,-3.108,1.34
20429.0,266.0,-2718199.0,-1.433,1.34
20433.0,35.0,-2697832.0,-2.975,1.34
20438.0,-148.0,-2676417.0,-2.008,1.1
20442.0,157.0,-2655112.0,-3.033,1.34
20445.0,-34.0,-2611247.0,-2.508,1.34
20449.0,141.0,-2588920.0,-2.95,0.86
20453.0,422.0,-2565895.0,-2.817,0.86
20457.0,247.0,-2544270.0,-2.833,0.86
20461.0,150.0,-2498143.0,-3.042,0.61
20464.0,-153.0,-2475014.0,-3.042,0.61
20468.0,-54.0,-2452483.0,-3.067,0.12
20472.0,97.0,-2429886.0,-2.975,0.12
20476.0,410.0,-2384097.0,-3.333,-0.12
20481.0,231.0,-2359992.0,-3.35,-0.12
20484.0,68.0,-2336295.0,-3.467,0.61
20488.0,-11.0,-2312096.0,-3.758,-0.61
20492.0,104.0,-2262793.0,-3.65,-0.37
20496.0,9.0,-2237810.0,-4.033,-0.61
20500.0,64.0,-2212549.0,-3.558,-0.86
20503.0,259.0,-2187546.0,-4.408,-0.61
20507.0,-108.0,-2162377.0,-3.717,-1.1
20511.0,-37.0,-2111918.0,-4.275,-1.34
20515.0,208.0,-2087415.0,-3.95,-1.59
20519.0,89.0,-2062292.0,-4.575,-1.34
20523.0,108.0,-2037665.0,-4.0,-2.08
20527.0,-47.0,-1985846.0,-5.042,-1.83
20531.0,-148.0,-1958795.0,-4.658,-2.08
20535.0,5.0,-1932814.0,-4.992,-2.81
20539.0,-100.0,-1906943.0,-4.65,-2.81
20542.0,-161.0,-1853928.0,-5.433,-3.3
20546.0,-82.0,-1827413.0,-4.658,-3.54
20550.0,159.0,-1801170.0,-5.617,-3.79
20554.0,304.0,-1775865.0,-4.792,-4.28
20558.0,475.0,-1725056.0,-5.383,-4.28
20562.0,138.0,-1700221.0,-4.925,-4.77
20566.0,-75.0,-1674142.0,-6.033,-5.01
20570.0,82.0,-1648589.0,-5.517,-4.28
20574.0,-47.0,-1595936.0,-6.233,-5.5
20578.0,-12.0,-1569175.0,-6.017,-5.74
20581.0,-157.0,-1542270.0,-6.3,-6.23
20585.0,-202.0,-1515273.0,-5.875,-6.23
20589.0,113.0,-1463428.0,-6.067,-6.96
20593.0,60.0,-1437709.0,-6.125,-7.21
20597.0,-47.0,-1412068.0,-6.0,-7.45
20600.0,-108.0,-1386809.0,-6.542,-7.94
20604.0,-117.0,-1335064.0,-6.592,-7.94
20609.0,56.0,-1307921.0,-6.783,-8.43
20613.0,83.0,-1281176.0,-6.642,-8.92
20617.0,-112.0,-1254207.0,-7.208,-9.16
20620.0,401.0,-1201266.0,-6.858,-9.41
20624.0,282.0,-1174577.0,-6.858,-9.65
20628.0,129.0,-1148080.0,-6.883,-10.14
20632.0,384.0,-1121823.0,-6.642,-10.39
20636.0,-189.0,-1072918.0,-6.4,-10.39
20640.0,-298.0,-1048281.0,-7.042,-10.63
20644.0,231.0,-1023438.0,-6.783,-10.87
20647.0,112.0,-998331.0,-6.858,-11.61
20652.0,-67.0,-948288.0,-7.058,-11.36
20656.0,170.0,-922565.0,-7.425,-11.61
20660.0,203.0,-896040.0,-7.475,-12.59
20664.0,-292.0,-869087.0,-7.367,-12.59
20668.0,33.0,-820704.0,-6.108,-13.07
20671.0,148.0,-799127.0,-5.633,-13.56
20675.0,3.0,-778938.0,-5.608,-13.56
20679.0,42.0,-758807.0,-6.242,-14.05
20683.0,-69.0,-738330.0,-6.967,-14.05
20686.0,-56.0,-694715.0,-7.4,-13.81
20690.0,273.0,-671524.0,-7.492,-14.05
20695.0,270.0,-647977.0,-7.042,-14.3
20699.0,-225.0,-626088.0,-6.883,-14.3
20703.0,-186.0,-587135.0,-6.617,-14.78
20706.0,155.0,-569386.0,-5.642,-15.27
20710.0,-36.0,-552519.0,-4.325,-15.76
20714.0,-409.0,-535156.0,-5.95,-15.76
20718.0,-282.0,-497057.0,-7.2,-15.27
20722.0,-69.0,-477636.0,-6.042,-15.76
20725.0,124.0,-458461.0,-5.9,-15.76
20729.0,-31.0,-440038.0,-5.4,-16.01
20733.0,64.0,-405377.0,-6.342,-16.5
20738.0,-19.0,-389286.0,-6.958,-16.25
20742.0,-104.0,-373913.0,-5.342,-16.74
20745.0,-181.0,-359394.0,-4.575,-16.74
20749.0,-148.0,-331285.0,-5.642,-16.74
20753.0,-141.0,-317752.0,-4.175,-17.72
20757.0,-8.0,-304897.0,-2.883,-17.96
20761.0,-3.0,-291242.0,-4.4,-17.47
20764.0,106.0,-262245.0,-3.733,-18.21
20768.0,101.0,-246730.0,-2.375,-17.96
20772.0,120.0,-231245.0,-2.608,-17.96
20776.0,171.0,-215966.0,-1.867,-17.96
20781.0,120.0,-186619.0,0.525,-17.47
20784.0,-87.0,-173242.0,2.217,-18.21
20788.0,-170.0,-160271.0,8.658,-18.45
20792.0,-157.0,-149038.0,6.225,-18.45
20796.0,-288.0,-130075.0,-1.867,-18.94
20800.0,35.0,-120334.0,-1.558,-19.18
20803.0,106.0,-110877.0,-2.342,-18.94
20807.0,-111.0,-101242.0,6.833,-18.94
20811.0,-198.0,-84147.0,9.875,-18.7
20815.0,-161.0,-77402.0,6.958,-18.7
20819.0,198.0,-71099.0,4.25,-17.96
20823.0,277.0,-64960.0,3.683,-18.45
20827.0,-160.0,-58565.0,7.033,-18.7
20831.0,-181.0,-45890.0,10.458,-18.7
20835.0,-220.0,-40689.0,12.325,-18.94
20839.0,-293.0,-36348.0,12.342,-19.18
20842.0,-108.0,-32689.0,11.917,-18.7
20846.0,-61.0,-25898.0,12.425,-19.18
20850.0,166.0,-22695.0,12.317,-19.18
20854.0,327.0,-20550.0,12.4,-18.94
20858.0,260.0,-17787.0,12.758,-18.7
20862.0,-59.0,-14240.0,12.35,-18.94
20866.0,-2.0,-12545.0,12.308,-18.45
20870.0,57.0,-10918.0,11.992,-18.21
20874.0,-164.0,-9199.0,10.417,-18.21
20878.0,-41.0,-5854.0,9.792,-17.47
20881.0,24.0,-3789.0,11.292,-17.72
20885.0,225.0,-2118.0,12.267,-16.74
20889.0,520.0,-75.0,12.442,-16.98
20892.0,331.0,1384.0,11.542,-16.98
20896.0,468.0,3893.0,11.058,-16.5
20900.0,363.0,5308.0,11.467,-16.5
20904.0,-118.0,6543.0,12.375,-15.76
20908.0,41.0,7854.0,12.483,-16.01
20912.0,82.0,10209.0,11.4,-15.52
20916.0,201.0,11362.0,10.425,-15.03
20920.0,204.0,12073.0,10.358,-14.78
20924.0,477.0,13076.0,10.225,-14.54
20927.0,102.0,15061.0,9.85,-14.05
20931.0,-281.0,15964.0,9.517,-13.81
20935.0,-226.0,16405.0,9.183,-13.56
20939.0,97.0,17046.0,9.192,-12.83
20942.0,50.0,17531.0,8.733,-12.59
20946.0,179.0,19998.0,8.433,-12.1
20951.0,332.0,20355.0,8.358,-11.85
20955.0,-57.0,20594.0,8.35,-11.61
20959.0,-8.0,21391.0,8.208,-10.87
20962.0,-75.0,22248.0,7.192,-10.14
20966.0,134.0,22805.0,6.367,-10.14
20970.0,93.0,23602.0,6.442,-9.41
20973.0,502.0,23817.0,6.742,-9.16
20977.0,303.0,24602.0,6.783,-8.92
20981.0,-108.0,25309.0,6.342,-8.19
20985.0,-197.0,26156.0,5.958,-7.7
20988.0,142.0,26565.0,5.692,-7.45
20993.0,203.0,26846.0,5.583,-6.72
20997.0,-54.0,28261.0,5.525,-6.23
21001.0,-61.0,28388.0,5.417,-5.5
21004.0,-160.0,28015.0,5.083,-5.25
21008.0,167.0,28054.0,4.342,-4.77
21012.0,298.0,28775.0,3.992,-4.28
21015.0,-75.0,29400.0,3.717,-3.54
21019.0,-34.0,29319.0,3.192,-3.3
21023.0,119.0,29206.0,2.383,-2.81
21027.0,138.0,29619.0,1.583,-2.81
21030.0,111.0,30380.0,1.667,-2.32
21035.0,-236.0,30305.0,2.683,-1.83
21039.0,167.0,30788.0,3.275,-0.86
21042.0,286.0,30801.0,3.025,-0.86
21046.0,457.0,30990.0,2.117,-0.61
21050.0,72.0,30949.0,0.692,0.37
21054.0,-89.0,30842.0,-0.475,0.61
21057.0,-30.0,30529.0,-1.217,0.37
21061.0,13.0,30760.0,-1.508,0.86
21065.0,-98.0,31089.0,-1.508,1.34
21068.0,-3.0,30814.0,-1.408,2.08
21072.0,456.0,30369.0,-1.333,2.32
21076.0,101.0,30780.0,-1.492,2.57
21080.0,60.0,31033.0,-1.892,3.05
21084.0,53.0,30638.0,-2.525,4.03
21088.0,20.0,30347.0,-2.8,4.77
21092.0,-233.0,30360.0,-2.367,5.25
21095.0,294.0,30713.0,-1.367,6.23
21099.0,183.0,31150.0,-0.558,6.48
21103.0,28.0,30601.0,0.25,6.96
21106.0,67.0,30488.0,0.408,7.21
21110.0,200.0,30617.0,-0.025,7.45
21114.0,207.0,30602.0,-0.95,7.7
21118.0,430.0,30475.0,-1.367,7.7
21122.0,235.0,29662.0,-1.65,8.43
21126.0,-58.0,29577.0,-1.558,8.19
21130.0,185.0,29340.0,-1.892,8.92
21133.0,178.0,29131.0,-2.733,8.68
21137.0,89.0,28298.0,-5.633,8.92
21141.0,196.0,24811.0,-9.867,9.41
21145.0,279.0,26116.0,-10.9,9.65
21148.0,114.0,26507.0,-9.05,10.14
21152.0,-185.0,25956.0,-6.35,10.63
21156.0,-414.0,29133.0,0.667,11.36
21160.0,-73.0,26054.0,2.183,11.36
21164.0,306.0,23223.0,-5.267,11.85
21168.0,125.0,22670.0,-10.258,12.1
21172.0,374.0,19917.0,-12.575,11.36
21176.0,283.0,18988.0,-12.092,11.61
21180.0,64.0,18717.0,-11.117,12.34
21183.0,-69.0,19268.0,-10.067,12.83
21187.0,38.0,18399.0,-8.825,13.07
21191.0,253.0,16348.0,-8.133,13.81
21195.0,634.0,15207.0,-9.15,14.3
21198.0,-83.0,13348.0,-10.775,14.78
21202.0,70.0,12429.0,-12.633,15.76
21207.0,-17.0,9010.0,-13.333,16.25
21211.0,-44.0,8363.0,-12.742,16.74
21214.0,315.0,7846.0,-11.883,17.23
21218.0,20.0,6683.0,-11.125,17.47
21222.0,37.0,7998.0,-7.4,17.47
21226.0,-276.0,6721.0,-4.417,17.47
21229.0,-361.0,934.0,-8.775,17.23
21233.0,134.0,-475.0,-13.558,17.23
21237.0,127.0,-2810.0,-16.95,17.47
21240.0,54.0,-7031.0,-17.208,18.7
21244.0,31.0,-7604.0,-16.342,18.94
21249.0,124.0,-8657.0,-15.533,20.16
21253.0,295.0,-10596.0,-15.017,20.89
21257.0,196.0,-13037.0,-15.458,21.38
21260.0,-65.0,-16658.0,-16.392,22.12
21264.0,108.0,-19915.0,-17.158,21.63
21268.0,107.0,-22064.0,-16.283,21.87
21272.0,216.0,-22913.0,-14.608,22.36
21276.0,83.0,-29766.0,-15.767,22.12
21279.0,-60.0,-30881.0,-16.717,22.61
21283.0,221.0,-31822.0,-16.492,22.36
21287.0,300.0,-37205.0,-15.817,23.34
21292.0,195.0,-39960.0,-15.658,23.58
21296.0,-90.0,-44605.0,-16.133,24.32
21299.0,-101.0,-48168.0,-14.992,25.29
21303.0,-192.0,-49667.0,-16.583,26.27
21307.0,-205.0,-59726.0,-15.542,28.23
21311.0,-56.0,-62337.0,-13.167,28.96
21315.0,207.0,-68972.0,-13.417,29.45
21319.0,230.0,-74609.0,-9.858,29.94
21322.0,-189.0,-88010.0,-9.167,29.94
21326.0,-100.0,-97195.0,-5.042,29.45
21330.0,-45.0,-105516.0,2.983,29.69
21335.0,6.0,-116433.0,5.767,29.45
21338.0,159.0,-143210.0,-3.45,29.45
21342.0,-204.0,-156533.0,-4.975,29.69
21346.0,-41.0,-170304.0,4.217,30.18
21350.0,128.0,-183631.0,2.458,30.67
21354.0,121.0,-215566.0,-4.483,30.18
21357.0,-306.0,-230805.0,-0.783,30.43
21361.0,331.0,-247598.0,6.308,30.43
21365.0,108.0,-264557.0,5.167,30.43
21369.0,31.0,-304970.0,-1.242,30.67
21373.0,200.0,-324353.0,4.792,30.18
21377.0,83.0,-346074.0,7.542,30.18
21381.0,-212.0,-369177.0,5.942,29.94
21385.0,-139.0,-416832.0,3.05,29.94
21389.0,288.0,-440479.0,6.392,29.94
21393.0,343.0,-464078.0,4.725,29.94
21396.0,134.0,-489027.0,5.9,29.45
21400.0,135.0,-512538.0,3.983,29.69
21404.0,316.0,-563015.0,6.55,29.2
21408.0,63.0,-588114.0,5.258,28.71
21412.0,-182.0,-613111.0,5.458,28.96
21415.0,-183.0,-639098.0,6.425,28.47
21420.0,138.0,-692471.0,6.317,28.23
21424.0,277.0,-720338.0,5.617,28.47
21428.0,152.0,-748437.0,7.333,28.47
21432.0,-43.0,-775756.0,5.5,28.23
21435.0,-34.0,-831779.0,7.025,28.23
21439.0,163.0,-859484.0,5.225,28.47
21443.0,-188.0,-886351.0,6.942,28.23
21447.0,-3.0,-912332.0,5.258,27.98
21451.0,-136.0,-966997.0,7.183,27.74
21454.0,-309.0,-993488.0,5.35,27.0
21458.0,102.0,-1021183.0,6.867,26.76
21463.0,225.0,-1048172.0,6.283,26.52
21467.0,8.0,-1105359.0,7.075,26.52
21471.0,13.0,-1133944.0,6.533,26.52
21474.0,28.0,-1162077.0,6.042,26.52
21478.0,85.0,-1190542.0,7.317,26.52
21482.0,-274.0,-1247121.0,5.35,27.0
21486.0,-197.0,-1274336.0,6.208,26.27
21490.0,-122.0,-1300991.0,6.108,26.27
21494.0,-79.0,-1327944.0,6.45,25.78
21497.0,68.0,-1380863.0,5.967,25.29
21501.0,69.0,-1407318.0,6.183,25.05
21506.0,342.0,-1434997.0,6.425,24.8
21510.0,239.0,-1462450.0,6.283,24.8
21514.0,-8.0,-1516529.0,5.933,24.56
21518.0,241.0,-1544318.0,6.683,24.32
21521.0,24.0,-1571715.0,5.775,24.32
21525.0,49.0,-1599202.0,6.283,24.56
21529.0,384.0,-1651893.0,5.45,24.07
21533.0,79.0,-1678484.0,6.008,23.83
21537.0,84.0,-1705061.0,6.083,23.58
21541.0,125.0,-1730840.0,5.7,23.58
21544.0,456.0,-1783823.0,6.125,22.85
21549.0,-11.0,-1810772.0,5.633,22.61
21553.0,128.0,-1837557.0,5.533,22.36
21557.0,-79.0,-1863234.0,5.7,22.61
21561.0,50.0,-1915159.0,6.083,22.12
21565.0,49.0,-1940944.0,5.425,22.36
21568.0,470.0,-1966343.0,4.842,21.87
21572.0,319.0,-1991004.0,5.075,21.87
21576.0,10.0,-2039009.0,5.317,21.87
21580.0,305.0,-2063002.0,5.417,21.14
21584.0,122.0,-2087339.0,5.275,20.89
21588.0,57.0,-2111656.0,5.158,20.65
21592.0,174.0,-2160385.0,4.825,20.89
21596.0,-43.0,-2184548.0,4.958,20.41
21600.0,0.0,-2208961.0,5.383,19.92
21604.0,89.0,-2232970.0,4.5,20.16
21608.0,80.0,-2279467.0,4.775,19.67
21611.0,61.0,-2301762.0,4.608,19.67
21615.0,248.0,-2324587.0,4.467,19.43
21619.0,97.0,-2346982.0,5.042,19.43
21623.0,-88.0,-2391907.0,5.083,19.18
21627.0,31.0,-2413630.0,5.308,18.94
21632.0,32.0,-2435139.0,4.858,18.45
21635.0,137.0,-2457286.0,4.175,18.45
21639.0,-236.0,-2501621.0,4.425,18.94
21643.0,-47.0,-2522914.0,5.1,18.45
21647.0,-76.0,-2543633.0,3.908,18.45
21651.0,-481.0,-2564632.0,4.508,17.96
21655.0,-394.0,-2605711.0,3.892,17.72
21658.0,203.0,-2626412.0,4.467,17.47
21662.0,-8.0,-2645869.0,4.433,17.47
21666.0,105.0,-2666170.0,4.192,17.23
21670.0,110.0,-2706767.0,4.017,17.23
21675.0,397.0,-2726136.0,4.017,16.74
21679.0,166.0,-2745779.0,4.15,16.74
21682.0,-127.0,-2764910.0,4.375,16.74
21686.0,-68.0,-2803281.0,3.708,16.5
21690.0,343.0,-2822022.0,3.925,16.5
21694.0,382.0,-2839393.0,3.425,16.25
21698.0,111.0,-2857342.0,3.825,16.25
21702.0,-206.0,-2892477.0,4.625,16.5
21706.0,53.0,-2909150.0,3.692,16.01
21709.0,-104.0,-2926217.0,3.483,15.76
21713.0,7.0,-2942778.0,3.6,16.25
21718.0,152.0,-2976519.0,3.192,15.52
21722.0,155.0,-2993894.0,3.875,15.52
21726.0,-94.0,-3010493.0,3.383,15.52
21730.0,-119.0,-3027024.0,3.317,15.27
21733.0,10.0,-3059293.0,3.0,15.27
21737.0,121.0,-3075136.0,2.917,15.52
21741.0,218.0,-3090601.0,3.042,14.78
21745.0,375.0,-3121358.0,3.408,14.78
21749.0,100.0,-3137123.0,2.783,14.54
21753.0,159.0,-3152808.0,3.408,14.3
21756.0,268.0,-3168333.0,2.192,14.78
21761.0,343.0,-3198312.0,3.217,14.3
21765.0,580.0,-3213765.0,2.558,13.81
21769.0,195.0,-3228348.0,2.975,13.56
21773.0,28.0,-3243401.0,2.525,13.56
21777.0,-151.0,-3271580.0,2.417,13.81
21781.0,-184.0,-3285393.0,2.3,13.81
21784.0,85.0,-3298902.0,2.467,13.81
21788.0,196.0,-3312573.0,2.683,13.32
21792.0,-5.0,-3338598.0,2.408,13.07
21796.0,-188.0,-3351083.0,2.317,12.83
21800.0,-175.0,-3364478.0,2.2,13.07
21805.0,-62.0,-3377533.0,2.167,12.83
21808.0,93.0,-3403204.0,2.058,12.83
21812.0,224.0,-3414699.0,2.633,12.34
21816.0,211.0,-3426872.0,1.775,12.34
21820.0,56.0,-3439491.0,2.392,12.83
21824.0,25.0,-3463866.0,1.258,12.34
21828.0,-72.0,-3474371.0,2.283,12.1
21831.0,-11.0,-3485542.0,1.4,12.59
21835.0,-42.0,-3496821.0,2.433,12.34
21839.0,-15.0,-3518200.0,1.183,12.1
21843.0,238.0,-3527923.0,2.508,11.61
21848.0,257.0,-3537812.0,0.533,11.61
21852.0,84.0,-3548799.0,2.567,11.36
21855.0,-23.0,-3568184.0,0.575,11.36
21859.0,296.0,-3578351.0,2.925,11.36
21863.0,211.0,-3587452.0,0.108,11.12
21867.0,-50.0,-3596969.0,2.842,11.12
21871.0,143.0,-3616282.0,0.525,11.12
21875.0,144.0,-3625617.0,1.933,11.12
21878.0,-89.0,-3634278.0,1.05,10.63
21882.0,-262.0,-3643123.0,1.875,10.63
21886.0,31.0,-3659854.0,1.025,10.39
21891.0,140.0,-3668219.0,2.058,10.39
21895.0,89.0,-3675742.0,0.183,10.39
21899.0,-72.0,-3683523.0,2.083,10.14
21902.0,-91.0,-3698738.0,0.267,10.39
21906.0,-298.0,-3706233.0,2.108,9.9
21910.0,-145.0,-3713126.0,0.917,9.9
21914.0,-110.0,-3719609.0,1.258,9.9
21918.0,327.0,-3734020.0,1.225,9.65
21922.0,270.0,-3741301.0,1.108,9.65
21925.0,303.0,-3747032.0,0.775,9.65
21929.0,76.0,-3752739.0,1.567,9.65
21934.0,81.0,-3765600.0,0.9,9.65
21938.0,348.0,-3772055.0,1.075,9.16
21941.0,191.0,-3777020.0,0.658,9.41
21945.0,-180.0,-3782291.0,1.15,9.41
21949.0,-75.0,-3793264.0,0.625,9.16
21953.0,-254.0,-3798263.0,1.025,8.92
21957.0,-21.0,-3803226.0,1.225,8.92
21960.0,42.0,-3808029.0,0.875,8.68
21964.0,183.0,-3816400.0,0.417,8.68
21968.0,-88.0,-3819879.0,0.817,8.68
21972.0,-51.0,-3824088.0,0.95,8.92
21977.0,-78.0,-3828883.0,0.817,8.92
21980.0,-191.0,-3835322.0,0.317,8.43
21984.0,56.0,-3838407.0,1.058,8.43
21988.0,47.0,-3841764.0,0.442,8.43
21992.0,208.0,-3845247.0,0.925,8.43
21996.0,203.0,-3848418.0,0.2,8.19
21999.0,364.0,-3853613.0,1.058,8.43
22003.0,9.0,-3856244.0,0.375,8.19
22007.0,-70.0,-3858033.0,0.658,8.19
22011.0,189.0,-3860068.0,0.608,8.43
22014.0,28.0,-3864141.0,0.492,8.19
22019.0,-99.0,-3865702.0,0.633,7.7
22023.0,-124.0,-3867253.0,0.767,7.7
22027.0,-61.0,-3868564.0,0.408,7.7
22031.0,-86.0,-3870891.0,0.217,7.7
22034.0,147.0,-3871804.0,0.425,7.7
22038.0,380.0,-3872633.0,0.725,7.45
22042.0,259.0,-3873110.0,0.592,7.45
22046.0,230.0,-3873949.0,0.275,7.7
22050.0,-99.0,-3874348.0,0.483,7.45
22053.0,-150.0,-3874597.0,0.133,7.7
22057.0,65.0,-3874482.0,0.642,7.45
22062.0,120.0,-3873629.0,0.233,7.7
22066.0,27.0,-3872918.0,0.483,7.7
22069.0,376.0,-3872233.0,0.05,7.45
22073.0,265.0,-3871624.0,0.375,7.21
22077.0,-76.0,-3868991.0,0.075,7.21
22081.0,-57.0,-3867838.0,0.442,7.7
22085.0,160.0,-3866535.0,0.042,6.96
22088.0,243.0,-3865084.0,0.358,7.21
22092.0,212.0,-3863381.0,0.183,6.96
22096.0,-361.0,-3859464.0,0.392,6.48
22100.0,-240.0,-3858591.0,0.083,6.72
22105.0,87.0,-3857250.0,0.333,6.48
22108.0,240.0,-3855525.0,0.033,6.48
22112.0,-13.0,-3851340.0,0.008,6.48
22116.0,-40.0,-3848527.0,-0.108,6.96
22120.0,331.0,-3845340.0,0.208,6.48
22124.0,208.0,-3841991.0,0.158,6.96
22127.0,-47.0,-3834586.0,-0.075,6.48
22131.0,-16.0,-3830457.0,-0.217,6.96
22135.0,91.0,-3826650.0,-0.075,6.48
22139.0,-126.0,-3822805.0,-0.192,6.72
22144.0,-153.0,-3813986.0,0.05,5.99
22147.0,-164.0,-3809113.0,0.425,6.23
22151.0,221.0,-3804424.0,-0.083,6.23
22155.0,118.0,-3799949.0,-0.158,6.23
22159.0,287.0,-3790100.0,-0.742,5.99
22163.0,450.0,-3783943.0,-0.15,6.23
22166.0,443.0,-3778074.0,0.208,6.23
22170.0,34.0,-3773013.0,0.783,6.48
22174.0,-47.0,-3766080.0,-0.258,5.99
22178.0,-78.0,-3759423.0,-1.15,5.99
22182.0,61.0,-3753202.0,0.417,6.48
22185.0,32.0,-3746769.0,-1.05,5.74
22190.0,107.0,-3740070.0,0.175,5.74
22194.0,124.0,-3726929.0,0.275,5.99
22198.0,-127.0,-3719508.0,-0.133,5.99
22201.0,-518.0,-3712099.0,-0.825,5.99
22205.0,-281.0,-3704738.0,-1.0,5.74
22209.0,266.0,-3688279.0,-0.358,5.74
22213.0,9.0,-3680572.0,0.567,5.74
22217.0,-288.0,-3672905.0,-0.675,6.23
22220.0,37.0,-3664320.0,-0.733,6.23
22224.0,74.0,-3646331.0,-0.717,5.74
22228.0,25.0,-3637496.0,-0.467,5.5
22233.0,24.0,-3628269.0,-0.492,5.99
22237.0,-209.0,-3618328.0,-0.442,5.5
22240.0,274.0,-3598841.0,-0.192,5.25
22244.0,357.0,-3588806.0,-0.967,5.25
22248.0,98.0,-3578721.0,-0.433,5.25
22252.0,-67.0,-3568076.0,-0.942,5.01
22256.0,112.0,-3548039.0,-0.567,5.01
22259.0,369.0,-3537062.0,-0.908,5.01
22263.0,512.0,-3525825.0,-0.108,5.01
22267.0,123.0,-3515198.0,-0.75,5.5
22272.0,-4.0,-3492171.0,-1.45,5.01
22276.0,-119.0,-3480576.0,-0.208,5.01
22279.0,-74.0,-3469261.0,-0.733,4.77
22283.0,-337.0,-3457198.0,-0.958,4.77
22287.0,-178.0,-3444607.0,-0.808,4.52
22291.0,95.0,-3419340.0,-1.05,4.77
22295.0,-262.0,-3406115.0,-0.933,5.01
22298.0,-177.0,-3393236.0,-0.7,4.52
22302.0,-226.0,-3381635.0,0.267,4.52
22306.0,319.0,-3366052.0,-0.517,4.77
22310.0,-160.0,-3352269.0,-1.975,4.52
22315.0,229.0,-3337650.0,1.033,5.25
22318.0,260.0,-3325331.0,-2.567,4.52
22322.0,-15.0,-3298352.0,-0.475,4.77
22326.0,-68.0,-3283915.0,-0.425,4.28
22330.0,21.0,-3270312.0,-1.058,4.03
22334.0,172.0,-3255811.0,-1.975,4.28
22337.0,-251.0,-3226322.0,-1.617,4.03
22341.0,-158.0,-3211409.0,-0.783,4.03
22345.0,41.0,-3195126.0,-1.417,3.79
22349.0,308.0,-3178465.0,-1.225,3.79
22353.0,121.0,-3147168.0,-1.692,3.79
22356.0,-2.0,-3129641.0,-1.55,3.54
22361.0,107.0,-3113186.0,-1.5,3.3
22365.0,306.0,-3095547.0,-2.017,3.54
22369.0,-37.0,-3061070.0,-0.825,3.3
22373.0,156.0,-3043185.0,-2.033,3.05
22376.0,-163.0,-3025324.0,-1.5,3.05
22380.0,-130.0,-3007195.0,-2.192,2.81
22384.0,315.0,-2971732.0,-1.175,3.05
22388.0,164.0,-2953429.0,-2.092,2.57
22392.0,303.0,-2935702.0,-1.358,2.57
22396.0,86.0,-2915983.0,-2.733,2.32
22400.0,155.0,-2877634.0,-0.992,2.57
22404.0,-62.0,-2857881.0,-3.133,2.08
22408.0,219.0,-2838210.0,-0.883,2.08
22412.0,-94.0,-2817661.0,-2.833,2.08
22416.0,153.0,-2776272.0,-1.517,2.08
22419.0,258.0,-2755903.0,-3.042,2.08
22423.0,-135.0,-2734942.0,-1.733,1.59
22427.0,-384.0,-2714255.0,-2.675,1.59
22431.0,-229.0,-2672376.0,-1.875,1.34
22435.0,262.0,-2651303.0,-2.992,1.1
22438.0,51.0,-2629430.0,-2.258,1.59
22443.0,-34.0,-2608331.0,-2.908,1.34
22447.0,-75.0,-2585382.0,-2.842,1.34
22451.0,-4.0,-2540513.0,-2.933,0.61
22454.0,51.0,-2517820.0,-2.842,0.86
22458.0,326.0,-2495339.0,-2.883,0.61
22462.0,41.0,-2471714.0,-3.05,0.37
22466.0,138.0,-2425601.0,-3.233,0.61
22470.0,-15.0,-2402894.0,-3.158,0.12
22473.0,-8.0,-2379999.0,-3.242,-0.37
22477.0,-137.0,-2356690.0,-3.35,0.12
22481.0,76.0,-2309817.0,-3.383,-0.37
22486.0,75.0,-2285694.0,-3.542,-0.61
22490.0,-106.0,-2261271.0,-4.017,-0.61
22493.0,227.0,-2236490.0,-3.667,-0.86
22497.0,-356.0,-2185929.0,-4.067,-1.1
22501.0,-197.0,-2160584.0,-3.658,-1.1
22505.0,-64.0,-2135417.0,-4.5,-1.34
22509.0,-237.0,-2109542.0,-3.933,-1.34
22512.0,436.0,-2059141.0,-4.417,-1.34
22516.0,307.0,-2034948.0,-3.958,-2.08
22520.0,-14.0,-2009673.0,-4.817,-2.32
22524.0,-367.0,-1985042.0,-4.158,-2.32
22529.0,-112.0,-1932649.0,-5.158,-2.57
22533.0,-109.0,-1906240.0,-4.475,-2.57
22536.0,50.0,-1880533.0,-5.492,-2.57
22540.0,-3.0,-1853864.0,-4.608,-3.3
22544.0,-356.0,-1800951.0,-5.333,-3.79
22548.0,51.0,-1774632.0,-4.967,-3.3
22552.0,-114.0,-1748641.0,-5.383,-4.03
22555.0,-251.0,-1723998.0,-5.108,-4.03
22559.0,244.0,-1673489.0,-5.325,-4.52
22563.0,39.0,-1648108.0,-5.483,-4.52
22567.0,94.0,-1622433.0,-5.933,-5.5
22572.0,129.0,-1596180.0,-5.925,-5.25
22575.0,190.0,-1570253.0,-5.842,-5.99
22579.0,61.0,-1516720.0,-6.333,-6.23
22583.0,-26.0,-1490385.0,-5.983,-5.99
22587.0,137.0,-1463592.0,-6.483,-6.72
22591.0,124.0,-1437695.0,-5.875,-7.21
22594.0,99.0,-1386710.0,-6.225,-7.7
22598.0,304.0,-1361563.0,-6.058,-7.94
22602.0,-33.0,-1336712.0,-6.717,-8.19
22606.0,-420.0,-1311175.0,-6.775,-8.43
22610.0,-623.0,-1258040.0,-6.725,-8.19
22615.0,-160.0,-1231931.0,-6.792,-9.16
22618.0,37.0,-1204770.0,-7.267,-8.92
22622.0,-26.0,-1178463.0,-6.517,-9.9
22626.0,-3.0,-1125864.0,-6.933,-9.65
22630.0,60.0,-1099401.0,-6.983,-10.39
22633.0,149.0,-1073698.0,-6.408,-10.87
22637.0,174.0,-1048881.0,-6.692,-11.12
22641.0,-63.0,-1000546.0,-6.633,-10.87
22645.0,-62.0,-975947.0,-6.817,-11.61
22649.0,-131.0,-951710.0,-6.717,-11.36
22653.0,128.0,-927307.0,-7.275,-11.85
22657.0,129.0,-876028.0,-7.408,-12.1
22661.0,-166.0,-849089.0,-7.675,-12.59
22665.0,-425.0,-823894.0,-6.625,-12.83
22669.0,-204.0,-800203.0,-5.867,-12.83
22673.0,119.0,-758338.0,-5.4,-13.32
22677.0,70.0,-739641.0,-5.35,-13.32
22680.0,-141.0,-720764.0,-6.225,-13.32
22684.0,108.0,-700657.0,-7.708,-14.05
22688.0,7.0,-655712.0,-7.608,-13.56
22692.0,44.0,-633169.0,-6.925,-14.3
22695.0,-91.0,-611984.0,-6.792,-14.78
22700.0,212.0,-592497.0,-6.392,-14.78
22704.0,61.0,-557906.0,-5.55,-15.27
22708.0,-96.0,-540477.0,-4.092,-15.52
22712.0,-65.0,-521488.0,-6.55,-15.52
22715.0,138.0,-501565.0,-7.083,-15.27
22719.0,-123.0,-464166.0,-5.05,-15.76
22723.0,-144.0,-446043.0,-5.617,-16.01
22727.0,17.0,-427966.0,-6.258,-16.25
22731.0,108.0,-410871.0,-6.233,-16.5
22734.0,71.0,-379970.0,-6.4,-16.74
22738.0,-94.0,-364965.0,-5.217,-16.98
22743.0,-191.0,-350402.0,-4.842,-16.98
22747.0,-148.0,-336267.0,-5.3,-16.74
22751.0,127.0,-321544.0,-4.442,-17.23
22754.0,130.0,-295723.0,-3.35,-17.72
22758.0,-131.0,-282092.0,-3.058,-17.72
22762.0,-254.0,-267275.0,-3.867,-17.72
22766.0,-157.0,-251926.0,-2.733,-17.96
22770.0,-46.0,-221441.0,-2.367,-18.21
22773.0,191.0,-206158.0,-1.008,-17.96
22777.0,460.0,-191849.0,0.983,-17.96
22781.0,101.0,-177960.0,2.983,-17.72
22786.0,50.0,-153607.0,8.442,-18.45
22790.0,213.0,-142910.0,4.475,-18.7
22793.0,204.0,-132813.0,-0.083,-18.45
22797.0,55.0,-123046.0,-0.708,-19.18
22801.0,102.0,-103757.0,-1.425,-18.21
22805.0,-61.0,-94648.0,7.642,-18.94
22809.0,-228.0,-86261.0,9.842,-18.45
22812.0,43.0,-78936.0,6.758,-18.45
22816.0,4.0,-66205.0,3.4,-18.94
22820.0,119.0,-60108.0,4.225,-18.7
22824.0,128.0,-53959.0,8.033,-18.45
22828.0,-17.0,-47906.0,10.042,-18.94
22832.0,186.0,-42421.0,11.992,-19.18
22836.0,247.0,-33546.0,12.567,-19.43
22840.0,-86.0,-29913.0,12.067,-19.18
22844.0,-79.0,-26442.0,12.433,-19.43
22847.0,-80.0,-23041.0,12.908,-19.18
22851.0,33.0,-17726.0,13.183,-19.18
22855.0,442.0,-15937.0,13.342,-19.18
22859.0,411.0,-13278.0,13.35,-19.18
22863.0,-406.0,-11563.0,13.258,-18.94
22866.0,-425.0,-9260.0,12.167,-18.21
22871.0,-178.0,-7925.0,9.717,-18.45
22875.0,57.0,-5850.0,10.042,-18.45
22879.0,126.0,-3987.0,11.583,-17.96
22883.0,237.0,-306.0,12.425,-17.23
22886.0,340.0,1083.0,12.217,-16.74
22890.0,329.0,2760.0,12.017,-16.74
22894.0,-226.0,4089.0,11.508,-16.98
22898.0,27.0,6688.0,11.833,-16.74
22901.0,370.0,8065.0,12.292,-16.25
22905.0,213.0,9344.0,11.942,-15.52
22909.0,10.0,10773.0,11.025,-15.27
22914.0,17.0,11618.0,10.942,-14.78
22917.0,56.0,13905.0,11.192,-15.03
22921.0,97.0,14864.0,10.925,-14.05
22925.0,-138.0,16019.0,10.767,-14.05
22929.0,43.0,16920.0,10.142,-13.32
22932.0,-6.0,18071.0,9.517,-13.32
22936.0,371.0,18696.0,9.175,-12.59
22940.0,168.0,19239.0,8.842,-12.59
22944.0,-407.0,20376.0,8.425,-11.61
22947.0,-152.0,21395.0,8.45,-11.85
22951.0,101.0,21880.0,8.525,-10.63
22956.0,80.0,22561.0,8.233,-11.12
22960.0,107.0,23096.0,7.592,-10.63
22964.0,-220.0,23891.0,6.95,-10.14
22967.0,-237.0,24910.0,6.667,-9.9
22971.0,-94.0,25409.0,6.717,-9.16
22975.0,19.0,25964.0,6.842,-8.43
22978.0,72.0,26725.0,6.8,-8.43
22982.0,231.0,27166.0,6.45,-7.7
22986.0,160.0,28009.0,5.867,-7.7
22990.0,-213.0,28046.0,5.142,-7.21
22993.0,90.0,28689.0,4.967,-6.48
22998.0,357.0,29616.0,5.367,-5.74
23002.0,256.0,29995.0,5.725,-5.99
23005.0,281.0,30204.0,5.5,-5.01
23009.0,-30.0,30607.0,4.85,-5.01
23013.0,3.0,30688.0,4.167,-5.01
23017.0,168.0,30853.0,3.792,-3.79
23020.0,301.0,31048.0,3.35,-3.05
23024.0,64.0,31043.0,2.5,-3.05
23028.0,259.0,31254.0,1.642,-3.05
23031.0,50.0,31617.0,1.125,-2.08
23035.0,-117.0,31442.0,1.592,-2.08
23040.0,28.0,31953.0,2.55,-1.34
23044.0,-273.0,32582.0,2.867,-0.86
23047.0,-146.0,32765.0,2.3,-0.61
23051.0,-187.0,32762.0,0.908,0.12
23055.0,94.0,32409.0,-0.267,0.37
23058.0,75.0,32430.0,-0.917,0.61
23062.0,64.0,32613.0,-1.008,1.1
23066.0,-445.0,32564.0,-1.217,1.59
23070.0,-224.0,32119.0,-1.492,2.08
23073.0,-171.0,31770.0,-1.717,2.32
23077.0,-106.0,32273.0,-1.883,3.05
23081.0,39.0,32374.0,-2.117,3.3
23085.0,78.0,32067.0,-2.6,4.28
23089.0,-97.0,31704.0,-2.35,5.01
23093.0,-340.0,32097.0,-1.6,5.5
23096.0,-131.0,31962.0,-1.325,6.23
23100.0,96.0,31959.0,-0.742,6.48
23104.0,3.0,31748.0,-0.333,7.21
23108.0,-182.0,32119.0,-0.4,7.45
23111.0,-67.0,31854.0,-0.142,7.94
23115.0,196.0,31493.0,-0.708,7.7
23119.0,53.0,31104.0,-1.117,8.19
23122.0,-274.0,30871.0,-1.3,7.94
23127.0,305.0,31690.0,-1.083,8.19
23131.0,318.0,31343.0,-0.958,8.68
23135.0,113.0,30872.0,-1.208,8.92
23138.0,28.0,30697.0,-1.775,8.68
23142.0,-159.0,30518.0,-3.175,8.68
23146.0,-152.0,27029.0,-7.225,8.92
23149.0,-99.0,25976.0,-11.175,9.16
23153.0,398.0,26787.0,-11.367,9.65
23157.0,269.0,26806.0,-9.058,10.39
23161.0,-234.0,27477.0,-6.008,10.87
23165.0,-317.0,27042.0,-4.458,11.12
23169.0,-430.0,24525.0,-7.125,11.36
23173.0,497.0,23544.0,-9.883,11.61
23177.0,562.0,21501.0,-10.983,12.1
23181.0,253.0,20844.0,-10.875,12.34
23184.0,186.0,20329.0,-10.2,12.83
23188.0,-167.0,19058.0,-10.35,13.81
23192.0,-152.0,18481.0,-10.708,13.81
23196.0,217.0,16842.0,-10.617,14.3
23200.0,172.0,15313.0,-10.375,15.27
23204.0,-29.0,14332.0,-10.783,15.76
23207.0,102.0,12887.0,-12.05,16.74
23212.0,-65.0,9982.0,-13.283,16.74
23216.0,-288.0,9537.0,-12.85,17.96
23220.0,201.0,8452.0,-11.65,18.94
23223.0,106.0,6723.0,-11.892,19.18
23227.0,-27.0,3024.0,-13.275,19.43
23231.0,54.0,2967.0,-13.633,19.67
23235.0,19.0,804.0,-13.967,19.67
23238.0,-68.0,-1873.0,-14.383,19.92
23242.0,-171.0,-2944.0,-14.825,20.89
23246.0,114.0,-7145.0,-15.367,20.89
23249.0,281.0,-9608.0,-15.783,21.63
23254.0,80.0,-11675.0,-16.633,22.12
23258.0,-83.0,-13742.0,-17.85,23.09
23262.0,-178.0,-17207.0,-17.85,23.34
23266.0,-365.0,-18072.0,-16.683,23.83
23269.0,388.0,-21241.0,-15.467,24.56
23273.0,67.0,-24006.0,-13.342,24.8
23277.0,78.0,-26899.0,-13.908,25.05
23281.0,79.0,-31966.0,-16.692,25.29
23285.0,14.0,-33637.0,-17.1,25.54
23288.0,-57.0,-34624.0,-16.7,26.52
23292.0,58.0,-42511.0,-16.758,26.52
23297.0,-229.0,-42928.0,-16.3,27.25
23301.0,230.0,-46567.0,-15.45,27.74
23305.0,217.0,-51986.0,-15.325,27.74
23308.0,130.0,-58245.0,-16.283,28.47
23312.0,-181.0,-63764.0,-14.867,28.96
23316.0,-122.0,-67945.0,-13.875,29.45
23320.0,193.0,-73236.0,-10.617,29.2
23324.0,296.0,-87543.0,-8.267,29.2
23327.0,191.0,-95494.0,-4.825,29.45
23331.0,-46.0,-106243.0,1.592,29.69
23335.0,-83.0,-116626.0,5.125,29.69
23340.0,152.0,-128765.0,-1.767,30.18
23344.0,-25.0,-154058.0,-4.042,30.43
23347.0,-370.0,-168117.0,4.142,29.94
23351.0,-57.0,-184100.0,1.908,30.18
23355.0,84.0,-197445.0,-3.925,30.18
23359.0,181.0,-229986.0,-1.083,30.18
23363.0,-78.0,-245667.0,5.675,30.43
23366.0,27.0,-264642.0,5.383,30.43
23370.0,-128.0,-284151.0,0.742,30.43
23374.0,-175.0,-325322.0,2.317,30.18
23378.0,-96.0,-345955.0,8.425,30.67
23383.0,-277.0,-368822.0,3.542,30.18
23386.0,-402.0,-392383.0,4.992,30.18
23390.0,-195.0,-439904.0,4.675,29.45
23394.0,-112.0,-463505.0,6.575,29.94
23398.0,261.0,-486588.0,3.317,29.2
23402.0,-64.0,-511177.0,6.525,29.45
23405.0,49.0,-561436.0,5.433,28.96
23409.0,-160.0,-586321.0,5.15,28.96
23413.0,-1.0,-612830.0,6.417,29.2
23417.0,72.0,-639051.0,6.175,28.47
23420.0,195.0,-693462.0,5.433,28.47
23425.0,164.0,-720773.0,7.175,28.47
23429.0,-31.0,-749184.0,5.808,28.47
23433.0,-270.0,-777183.0,6.7,28.23
23437.0,-159.0,-804430.0,5.158,28.23
23440.0,-70.0,-858587.0,7.083,27.98
23444.0,173.0,-884294.0,5.392,27.74
23448.0,-16.0,-911155.0,6.9,27.25
23452.0,181.0,-938916.0,6.142,27.49
23456.0,76.0,-993643.0,6.367,27.0
23459.0,-215.0,-1020814.0,6.742,26.76
23463.0,-326.0,-1049351.0,6.717,27.25
23468.0,209.0,-1077514.0,6.283,27.0
23472.0,454.0,-1135121.0,7.042,26.76
23476.0,141.0,-1163816.0,6.492,26.52
23480.0,120.0,-1191295.0,5.917,26.27
23484.0,-245.0,-1219656.0,6.642,26.27
23487.0,-122.0,-1273647.0,5.333,26.03
23491.0,-151.0,-1300542.0,6.617,25.78
23495.0,88.0,-1327043.0,6.417,25.78
23499.0,95.0,-1381478.0,6.1,25.29
23503.0,376.0,-1409387.0,6.292,25.05
23507.0,-91.0,-1436412.0,5.908,24.56
23511.0,-136.0,-1463749.0,6.583,24.8
23515.0,143.0,-1519698.0,6.667,24.56
23519.0,90.0,-1547403.0,5.783,24.32
23523.0,-55.0,-1575032.0,6.1,24.56
23527.0,112.0,-1601231.0,5.733,24.32
23531.0,67.0,-1654084.0,6.075,24.32
23534.0,-138.0,-1681355.0,6.375,23.83
23538.0,-99.0,-1707658.0,5.583,23.58
23542.0,-178.0,-1734349.0,6.275,23.34
23546.0,-193.0,-1788102.0,5.6,22.85
23550.0,32.0,-1814889.0,5.483,22.85
23555.0,-257.0,-1841520.0,6.183,22.61
23559.0,40.0,-1867617.0,5.608,22.36
23562.0,237.0,-1919296.0,5.742,22.36
23566.0,104.0,-1944847.0,5.075,22.36
23570.0,15.0,-1969354.0,5.108,22.12
23574.0,140.0,-1994421.0,5.367,21.63
23578.0,151.0,-2042776.0,5.617,21.38
23582.0,-70.0,-2067661.0,5.333,21.63
23585.0,-65.0,-2092702.0,5.283,20.89
23589.0,-112.0,-2117555.0,4.833,20.89
23593.0,255.0,-2165928.0,5.142,20.41
23598.0,130.0,-2190749.0,5.508,20.65
23602.0,-43.0,-2214722.0,4.725,20.65
23606.0,74.0,-2239565.0,4.717,20.41
23609.0,-89.0,-2285272.0,4.708,20.41
23613.0,2.0,-2308283.0,4.7,19.67
23617.0,-201.0,-2331596.0,4.825,19.43
23621.0,118.0,-2354303.0,5.067,19.18
23625.0,423.0,-2399270.0,5.075,18.94
23629.0,108.0,-2421905.0,5.233,18.94
23632.0,225.0,-2443478.0,4.783,18.7
23636.0,4.0,-2465773.0,4.267,18.7
23641.0,-75.0,-2508924.0,5.092,18.94
23645.0,400.0,-2530257.0,4.333,18.94
23649.0,281.0,-2551224.0,4.117,17.96
23653.0,14.0,-2571891.0,4.483,17.96
23656.0,-83.0,-2613950.0,4.4,17.96
23660.0,-228.0,-2634247.0,4.433,17.72
23664.0,-95.0,-2654332.0,4.267,17.47
23668.0,-388.0,-2674955.0,4.142,17.23
23672.0,-315.0,-2715896.0,4.35,17.23
23676.0,-112.0,-2735421.0,3.992,16.98
23680.0,-59.0,-2754986.0,4.375,16.98
23684.0,-182.0,-2774151.0,4.033,16.74
23688.0,-69.0,-2812084.0,3.417,16.74
23692.0,410.0,-2830691.0,3.85,16.5
23696.0,137.0,-2848254.0,3.808,16.5
23700.0,302.0,-2866141.0,4.433,16.5
23704.0,-219.0,-2901046.0,4.1,16.25
23707.0,-98.0,-2917741.0,3.283,16.01
23711.0,79.0,-2934924.0,3.708,15.76
23715.0,114.0,-2951975.0,3.483,16.25
23719.0,103.0,-2986786.0,3.608,16.25
23724.0,-32.0,-3003739.0,3.642,15.27
23728.0,23.0,-3020374.0,3.125,15.52
23731.0,-126.0,-3053337.0,3.283,15.03
23735.0,-141.0,-3069318.0,2.942,15.03
23739.0,-230.0,-3085969.0,3.192,15.03
23743.0,-147.0,-3101406.0,3.4,15.27
23747.0,126.0,-3132255.0,2.917,14.78
23751.0,153.0,-3147888.0,3.292,14.54
23755.0,406.0,-3164119.0,2.483,14.3
23758.0,55.0,-3179294.0,2.95,14.3
23762.0,-284.0,-3209391.0,2.85,14.05
23767.0,-197.0,-3224804.0,3.133,14.3
23771.0,-2.0,-3240041.0,2.725,13.81
23775.0,21.0,-3254652.0,2.325,13.81
23779.0,98.0,-3282545.0,2.45,13.56
23782.0,-117.0,-3296786.0,2.333,14.05
23786.0,-236.0,-3310163.0,2.658,13.81
23790.0,-67.0,-3323900.0,2.417,13.07
23794.0,-8.0,-3349585.0,2.317,13.56
23798.0,37.0,-3363262.0,2.542,13.07
23801.0,-78.0,-3375775.0,1.675,12.59
23805.0,-81.0,-3389298.0,2.592,13.07
23810.0,2.0,-3414271.0,2.058,12.59
23814.0,-69.0,-3426676.0,2.317,12.34
23818.0,20.0,-3438955.0,1.875,12.34
23821.0,-55.0,-3451462.0,2.033,12.1
23825.0,-134.0,-3474103.0,1.433,12.59
23829.0,-69.0,-3485092.0,2.408,12.34
23833.0,-28.0,-3496483.0,1.367,12.1
23837.0,133.0,-3508238.0,2.767,11.61
23841.0,212.0,-3527855.0,0.483,11.61
23845.0,259.0,-3538574.0,2.617,11.85
23848.0,-304.0,-3548707.0,0.517,11.36
23853.0,-325.0,-3559098.0,2.7,11.85
23857.0,-12.0,-3578929.0,0.933,11.36
23861.0,45.0,-3588876.0,2.233,11.12
23865.0,32.0,-3599159.0,1.458,11.12
23869.0,387.0,-3608252.0,1.458,11.12
23872.0,252.0,-3627433.0,1.525,10.63
23876.0,-219.0,-3635588.0,1.375,10.87
23880.0,-224.0,-3643903.0,1.65,10.63
23884.0,161.0,-3652782.0,1.483,10.63
23888.0,54.0,-3669379.0,1.217,10.63
23892.0,-95.0,-3677432.0,1.675,10.63
23896.0,-38.0,-3684795.0,0.6,10.14
23900.0,-79.0,-3692558.0,1.717,10.14
23904.0,162.0,-3708037.0,1.158,10.14
23908.0,-75.0,-3715066.0,1.175,10.39
23912.0,-38.0,-3721257.0,1.292,10.14
23916.0,-239.0,-3728460.0,1.292,10.39
23919.0,14.0,-3742335.0,0.608,9.9
23923.0,-73.0,-3748614.0,1.517,9.9
23927.0,26.0,-3755321.0,1.367,10.14
23931.0,-23.0,-3761162.0,0.717,9.9
23936.0,-146.0,-3773403.0,1.342,9.65
23939.0,97.0,-3779374.0,0.95,9.41
23943.0,50.0,-3784783.0,0.708,9.16
23947.0,75.0,-3789496.0,1.025,9.16
23951.0,-142.0,-3800531.0,1.167,8.92
23955.0,-141.0,-3805644.0,0.492,8.92
23958.0,-42.0,-3809621.0,1.092,9.16
23962.0,379.0,-3812992.0,0.767,8.92
23966.0,130.0,-3822937.0,1.008,8.92
23970.0,409.0,-3827000.0,0.208,8.92
23974.0,360.0,-3830483.0,1.125,8.68
23977.0,315.0,-3833834.0,0.75,9.16
23982.0,28.0,-3841153.0,0.95,8.43
23986.0,305.0,-3844282.0,0.108,8.43
23990.0,414.0,-3846759.0,1.142,8.92
23994.0,243.0,-3849286.0,0.392,8.43
23997.0,120.0,-3855043.0,1.142,8.68
24001.0,-135.0,-3858180.0,0.0,7.94
24005.0,-112.0,-3860323.0,1.142,8.68
24009.0,99.0,-3861980.0,0.258,7.94
24013.0,286.0,-3863429.0,0.717,7.94
24016.0,19.0,-3866994.0,0.108,7.94
24020.0,-214.0,-3868673.0,1.025,8.19
24025.0,-185.0,-3869972.0,0.2,7.45
24029.0,-108.0,-3871419.0,0.958,7.94
24033.0,207.0,-3873796.0,0.108,7.7
24036.0,160.0,-3874693.0,0.575,7.45
24040.0,-101.0,-3875184.0,-0.042,7.7
24044.0,-122.0,-3874761.0,0.775,7.94
24048.0,-271.0,-3875024.0,0.483,7.45
24052.0,-372.0,-3875139.0,0.4,7.7
24055.0,-465.0,-3874748.0,0.158,7.45
24059.0,-64.0,-3874427.0,0.4,7.21
24064.0,229.0,-3873214.0,0.167,7.21
24068.0,112.0,-3872889.0,0.542,7.7
24072.0,113.0,-3872108.0,0.108,7.21
24075.0,-42.0,-3870789.0,0.333,7.21
24079.0,197.0,-3867918.0,-0.017,7.21
24083.0,46.0,-3866689.0,0.217,6.96
24087.0,-233.0,-3865170.0,0.267,6.96
24091.0,22.0,-3862867.0,0.283,6.72
24094.0,189.0,-3858954.0,0.25,6.72
24098.0,-58.0,-3857715.0,0.15,7.21
24102.0,-343.0,-3856066.0,0.042,6.72
24107.0,40.0,-3854613.0,0.55,6.48
24111.0,265.0,-3850652.0,-0.108,6.48
24114.0,422.0,-3848661.0,-0.033,6.72
24118.0,163.0,-3846096.0,-0.1,6.48
24122.0,36.0,-3842991.0,0.275,6.23
24126.0,111.0,-3840358.0,0.45,6.96
24130.0,-8.0,-3832633.0,-0.867,6.96
24133.0,-337.0,-3829078.0,1.025,6.23
24137.0,-166.0,-3825125.0,-0.858,6.23
24141.0,-303.0,-3821016.0,0.233,6.48
24145.0,284.0,-3812227.0,-0.483,6.23
24150.0,169.0,-3807940.0,0.758,5.99
24153.0,212.0,-3803475.0,-0.15,6.48
24157.0,65.0,-3798546.0,0.217,6.23
24161.0,334.0,-3790553.0,-0.408,6.48
24165.0,-35.0,-3784778.0,-0.867,5.99
24169.0,-228.0,-3779505.0,0.692,6.23
24172.0,-109.0,-3774160.0,-0.617,5.99
24176.0,-24.0,-3762323.0,-0.025,5.99
24180.0,43.0,-3755980.0,-0.283,6.48
24184.0,32.0,-3749659.0,-0.35,6.48
24188.0,79.0,-3742558.0,-0.492,6.23
24192.0,468.0,-3728583.0,-0.425,5.99
24196.0,205.0,-3721316.0,-0.092,5.74
24200.0,-50.0,-3714265.0,0.358,5.74
24204.0,-109.0,-3706502.0,-1.158,5.74
24207.0,-196.0,-3689699.0,-0.317,5.99
24211.0,-153.0,-3681676.0,-0.633,5.99
24215.0,-28.0,-3673817.0,0.242,5.99
24219.0,-95.0,-3665062.0,-1.1,5.5
24223.0,152.0,-3646585.0,-0.208,5.74
24226.0,95.0,-3637712.0,-0.633,6.23
24230.0,114.0,-3628537.0,-0.2,5.5
24235.0,11.0,-3619058.0,-1.067,5.5
24239.0,-52.0,-3609033.0,-0.233,5.74
24243.0,431.0,-3589188.0,-0.875,5.25
24246.0,-12.0,-3578197.0,-0.358,5.5
24250.0,-263.0,-3567634.0,-0.733,5.01
24254.0,-276.0,-3557329.0,-0.742,5.01
24258.0,-3.0,-3535046.0,-1.233,5.01
24262.0,-38.0,-3523507.0,0.283,5.01
24265.0,177.0,-3512972.0,-1.125,4.77
24269.0,286.0,-3501667.0,-1.033,5.01
24273.0,23.0,-3478154.0,-0.6,5.01
24278.0,6.0,-3466345.0,-0.758,4.77
24281.0,63.0,-3454198.0,-0.958,4.77
24285.0,-64.0,-3442209.0,-0.892,4.77
24289.0,225.0,-3417110.0,-0.725,4.77
24293.0,14.0,-3403943.0,-1.2,4.52
24297.0,-19.0,-3390232.0,-0.875,4.52
24300.0,-168.0,-3377467.0,-1.133,4.52
24304.0,-311.0,-3363814.0,-0.95,4.28
24308.0,-20.0,-3336421.0,-0.817,5.01
24312.0,-171.0,-3321990.0,-1.633,4.52
24316.0,-112.0,-3307861.0,-0.667,4.52
24320.0,-173.0,-3293570.0,-1.558,4.03
24324.0,-304.0,-3263963.0,-0.942,4.03
24328.0,-297.0,-3249008.0,-1.208,4.03
24332.0,176.0,-3233701.0,-1.408,3.79
24336.0,407.0,-3218740.0,-0.342,3.79
24339.0,78.0,-3188229.0,-1.992,4.03
24343.0,149.0,-3171950.0,-1.033,3.54
24347.0,192.0,-3155961.0,-1.667,4.28
24351.0,369.0,-3139764.0,-1.25,3.3
24355.0,12.0,-3114163.0,1.083,3.79
24358.0,163.0,-3105588.0,-1.158,3.3
24363.0,-118.0,-3088877.0,-3.35,3.3
24367.0,155.0,-3070034.0,1.425,3.3
24371.0,298.0,-3038183.0,-4.367,3.79
24375.0,531.0,-3020668.0,0.1,3.05
24379.0,104.0,-3002267.0,-1.717,3.3
24382.0,5.0,-2984056.0,-1.558,3.3
24386.0,402.0,-2949311.0,-2.208,3.05
24390.0,177.0,-2930702.0,-2.283,3.3
24394.0,-192.0,-2912473.0,-0.775,2.57
24398.0,-353.0,-2893574.0,-2.667,2.32
24401.0,-188.0,-2854929.0,-1.758,2.81
24406.0,-183.0,-2835214.0,-2.325,2.32
24410.0,366.0,-2814231.0,-1.933,2.08
24414.0,333.0,-2793106.0,-2.883,2.32
24418.0,28.0,-2752407.0,-1.867,2.08
24421.0,-127.0,-2731390.0,-2.267,1.83
24425.0,-206.0,-2709787.0,-2.392,1.59
24429.0,-535.0,-2688326.0,-2.875,1.59
24433.0,-108.0,-2646263.0,-2.183,1.83
24437.0,-153.0,-2625676.0,-2.967,1.1
24441.0,286.0,-2604053.0,-2.242,0.86
24444.0,133.0,-2581508.0,-3.15,0.86
24449.0,180.0,-2537133.0,-2.05,0.61
24453.0,305.0,-2514686.0,-3.75,0.61
24457.0,316.0,-2490917.0,-2.542,0.37
24461.0,199.0,-2468322.0,-3.542,0.61
24464.0,-112.0,-2421251.0,-2.283,0.12
24468.0,-201.0,-2397978.0,-3.892,-0.12
24472.0,-250.0,-2373887.0,-2.892,-0.12
24476.0,111.0,-2350414.0,-3.8,-0.37
24480.0,228.0,-2303975.0,-3.158,-0.61
24484.0,33.0,-2280290.0,-3.758,-0.61
24487.0,68.0,-2256851.0,-3.258,-0.61
24492.0,-121.0,-2231636.0,-4.175,-0.37
24496.0,-246.0,-2181677.0,-3.775,-1.1
24500.0,-293.0,-2156750.0,-4.5,-1.1
24504.0,58.0,-2131527.0,-3.825,-1.59
24507.0,239.0,-2106166.0,-4.333,-0.86
24511.0,-388.0,-2079975.0,-4.233,-1.34
24515.0,-479.0,-2028456.0,-4.533,-1.83
24519.0,-164.0,-2004115.0,-4.275,-1.83
24523.0,-305.0,-1978712.0,-4.792,-2.57
24527.0,-248.0,-1927987.0,-4.517,-2.81
24530.0,77.0,-1901964.0,-4.608,-2.57
24535.0,440.0,-1876195.0,-5.05,-2.57
24539.0,651.0,-1850090.0,-4.925,-3.3
24543.0,-10.0,-1796465.0,-5.492,-3.54
24547.0,-191.0,-1770576.0,-4.867,-4.03
24550.0,-166.0,-1744323.0,-5.558,-4.28
24554.0,-153.0,-1718316.0,-5.125,-4.28
24558.0,24.0,-1691881.0,-5.35,-4.52
24562.0,365.0,-1641746.0,-5.217,-5.01
24566.0,230.0,-1617815.0,-5.783,-5.5
24569.0,-135.0,-1593122.0,-5.825,-5.5
24573.0,-32.0,-1566693.0,-6.1,-5.74
24578.0,-103.0,-1513994.0,-5.85,-6.23
24582.0,74.0,-1487337.0,-6.558,-6.48
24586.0,225.0,-1461514.0,-6.083,-6.72
24590.0,62.0,-1434599.0,-6.483,-7.21
24593.0,41.0,-1381564.0,-6.008,-6.96
24597.0,60.0,-1356281.0,-6.342,-7.7
24601.0,-11.0,-1331606.0,-5.925,-7.94
24605.0,-122.0,-1306827.0,-6.808,-7.94
24608.0,-25.0,-1255926.0,-6.667,-8.92
24612.0,-56.0,-1229325.0,-6.883,-9.16
24616.0,-105.0,-1204032.0,-6.375,-9.41
24621.0,-240.0,-1177949.0,-7.317,-9.41
24625.0,-255.0,-1125100.0,-6.767,-9.9
24629.0,84.0,-1099415.0,-6.7,-10.14
24632.0,309.0,-1073466.0,-7.008,-10.14
24636.0,-222.0,-1047275.0,-6.992,-11.12
24640.0,-89.0,-997432.0,-6.158,-11.36
24644.0,-112.0,-973587.0,-6.6,-11.61
24648.0,-63.0,-949668.0,-6.792,-11.36
24651.0,-74.0,-926197.0,-6.933,-12.1
24655.0,-109.0,-878222.0,-6.767,-12.34
24659.0,-192.0,-853775.0,-6.817,-12.59
24664.0,-127.0,-828866.0,-7.333,-12.83
24668.0,244.0,-804395.0,-7.183,-13.07
24672.0,-31.0,-757340.0,-6.183,-12.83
24675.0,-480.0,-736493.0,-5.667,-13.56
24679.0,-17.0,-717206.0,-5.208,-14.05
24683.0,220.0,-698829.0,-5.925,-13.56
24687.0,389.0,-658516.0,-7.358,-14.05
24691.0,32.0,-636253.0,-7.867,-14.05
24694.0,-61.0,-615456.0,-6.392,-14.3
24698.0,-218.0,-596437.0,-6.15,-14.3
24702.0,287.0,-561120.0,-6.05,-14.78
24707.0,134.0,-543707.0,-4.583,-15.03
24710.0,257.0,-524182.0,-6.5,-15.27
24714.0,340.0,-503333.0,-7.458,-14.78
24718.0,-37.0,-483484.0,-4.725,-15.76
24722.0,-100.0,-448123.0,-5.092,-15.76
24726.0,9.0,-430666.0,-6.117,-15.76
24729.0,238.0,-413879.0,-6.167,-16.01
24733.0,215.0,-398324.0,-6.325,-16.5
24737.0,32.0,-368437.0,-5.483,-16.5
24741.0,-63.0,-353850.0,-4.85,-16.74
24745.0,162.0,-340009.0,-5.05,-16.74
24749.0,-333.0,-326302.0,-4.508,-16.98
24753.0,-342.0,-299589.0,-4.075,-17.47
24757.0,-53.0,-286158.0,-3.267,-17.72
24761.0,86.0,-271547.0,-3.217,-17.23
24765.0,289.0,-255802.0,-3.617,-17.96
24768.0,84.0,-226201.0,-2.425,-17.47
24772.0,-25.0,-211006.0,-1.05,-17.72
24776.0,-78.0,-195993.0,0.267,-17.96
24780.0,309.0,-182178.0,-0.108,-18.21
24784.0,336.0,-157387.0,5.708,-18.21
24787.0,-49.0,-146410.0,9.183,-18.21
24792.0,34.0,-136895.0,1.325,-17.96
24796.0,-293.0,-127256.0,-0.333,-18.7
24800.0,-160.0,-107891.0,-2.617,-18.7
24804.0,-9.0,-98276.0,2.9,-18.94
24807.0,-66.0,-89171.0,9.992,-18.45
24811.0,-99.0,-81178.0,9.075,-18.7
24815.0,146.0,-74439.0,4.967,-18.94
24819.0,-241.0,-62614.0,2.1,-18.45
24822.0,-294.0,-56267.0,5.917,-18.7
24826.0,-99.0,-49912.0,9.2,-18.7
24830.0,32.0,-44195.0,10.792,-18.7
24835.0,161.0,-34850.0,12.5,-18.21
24838.0,238.0,-31557.0,12.358,-18.94
24842.0,383.0,-28088.0,11.617,-18.94
24846.0,332.0,-24543.0,12.2,-19.18
24850.0,371.0,-18576.0,12.908,-18.94
24854.0,446.0,-16027.0,13.633,-18.7
24858.0,159.0,-13684.0,13.783,-18.94
24861.0,74.0,-11959.0,14.0,-18.94
24865.0,227.0,-8614.0,13.7,-18.7
24869.0,-92.0,-8171.0,11.533,-17.96
24873.0,-539.0,-6554.0,9.575,-18.21
24877.0,-2.0,-4593.0,10.317,-17.47
24881.0,159.0,-2478.0,11.625,-17.23
24885.0,-80.0,781.0,12.033,-17.47
24889.0,-107.0,2354.0,12.05,-17.23
24892.0,-10.0,3595.0,11.742,-17.23
24896.0,-237.0,5060.0,11.667,-16.74
24900.0,-116.0,7071.0,11.858,-16.5
24904.0,-139.0,8158.0,11.767,-15.76
24907.0,42.0,9583.0,10.925,-15.52
24911.0,53.0,11136.0,10.583,-15.52
24915.0,150.0,12059.0,10.933,-14.54
24920.0,83.0,14264.0,11.208,-14.78
24923.0,-292.0,15703.0,11.35,-14.3
24927.0,29.0,16940.0,10.983,-13.56
24931.0,68.0,17403.0,10.25,-13.56
24935.0,-5.0,18758.0,9.858,-13.32
24938.0,190.0,19353.0,9.525,-12.83
24942.0,33.0,19914.0,8.917,-12.59
24946.0,-8.0,20879.0,8.475,-11.85
24950.0,23.0,21606.0,8.408,-11.61
24953.0,-82.0,22187.0,8.058,-11.36
24957.0,-27.0,23194.0,7.458,-11.12
24962.0,-72.0,23733.0,7.0,-10.39
24966.0,83.0,24204.0,7.008,-10.14
24969.0,-94.0,25593.0,7.075,-9.41
24973.0,-91.0,25838.0,7.008,-9.41
24977.0,-132.0,26123.0,6.558,-8.92
24980.0,273.0,26840.0,6.5,-8.68
24984.0,-220.0,27173.0,6.158,-7.94
24988.0,-97.0,28308.0,5.667,-7.45
24992.0,-14.0,28627.0,5.058,-7.21
24995.0,-161.0,29352.0,4.633,-6.72
24999.0,370.0,29617.0,4.625,-6.23
25004.0,339.0,29846.0,4.642,-5.25
25007.0,-14.0,30593.0,4.733,-4.52
25011.0,-243.0,30884.0,5.008,-4.28
25015.0,-346.0,30859.0,4.817,-4.03
25019.0,-171.0,30998.0,4.275,-3.79
25022.0,-26.0,31283.0,3.3,-3.54
25026.0,197.0,31608.0,2.417,-3.05
25030.0,382.0,31853.0,2.008,-2.57
25034.0,-45.0,32032.0,2.283,-2.32
25037.0,-304.0,31837.0,2.258,-1.1
25041.0,-61.0,32434.0,2.1,-1.34
25046.0,-24.0,32335.0,1.342,-0.86
25049.0,-67.0,32024.0,0.492,-0.12
25053.0,-56.0,31839.0,-0.333,-0.12
25057.0,-105.0,32572.0,-0.767,0.86
25060.0,-442.0,32747.0,-1.025,0.86
25064.0,-285.0,32616.0,-0.917,2.08
25068.0,-500.0,32415.0,-0.883,1.83
25072.0,149.0,32648.0,-0.983,2.81
25075.0,126.0,32655.0,-1.45,3.05
25079.0,-27.0,32512.0,-2.025,3.3
25083.0,28.0,32025.0,-2.625,4.52
25086.0,-215.0,31554.0,-3.017,5.01
25091.0,-368.0,31819.0,-2.608,5.5
25095.0,35.0,32458.0,-1.442,6.72
25099.0,-2.0,32225.0,-0.142,6.48
25102.0,193.0,31800.0,-0.008,7.21
25106.0,124.0,31541.0,-0.1,8.19
25110.0,-39.0,31816.0,-0.208,8.43
25113.0,46.0,31745.0,-0.675,8.43
25117.0,-109.0,31294.0,-1.317,8.43
25121.0,212.0,31007.0,-1.525,9.65
25125.0,155.0,31152.0,-1.525,8.92
25128.0,168.0,31197.0,-1.467,8.92
25133.0,203.0,30738.0,-1.942,9.16
25137.0,242.0,29805.0,-3.167,9.16
25140.0,-293.0,28704.0,-6.133,8.92
25144.0,-284.0,27215.0,-9.7,9.65
25148.0,45.0,27102.0,-10.842,9.41
25152.0,134.0,26445.0,-9.442,10.39
25155.0,-39.0,26634.0,-6.875,11.36
25159.0,-56.0,27445.0,-4.258,11.85
25163.0,-101.0,25126.0,-5.367,12.34
25167.0,-108.0,24787.0,-8.142,11.85
25170.0,-47.0,23180.0,-9.508,12.1
25175.0,-72.0,22093.0,-10.0,12.59
25179.0,117.0,20586.0,-10.208,12.83
25183.0,260.0,19181.0,-11.2,13.07
25187.0,93.0,18364.0,-11.367,13.32
25190.0,-206.0,18213.0,-10.392,14.54
25194.0,217.0,17424.0,-9.617,14.78
25198.0,282.0,15193.0,-9.65,15.03
25202.0,265.0,14116.0,-10.192,16.25
25206.0,178.0,12727.0,-11.225,16.74
25209.0,141.0,11398.0,-12.133,17.23
25213.0,86.0,8453.0,-12.492,17.96
25218.0,-271.0,7072.0,-12.292,18.45
25222.0,-68.0,6099.0,-12.35,18.7
25225.0,-57.0,4386.0,-13.292,18.94
25229.0,102.0,1821.0,-13.95,19.18
25233.0,251.0,-10.0,-14.142,18.94
25237.0,110.0,-2003.0,-14.367,19.92
25240.0,9.0,-4346.0,-15.242,20.65
25244.0,-126.0,-6181.0,-15.408,21.14
25248.0,-71.0,-10206.0,-15.742,21.38
25252.0,138.0,-11955.0,-15.025,22.12
25255.0,-39.0,-6816.0,-6.508,23.09
25260.0,296.0,-2519.0,-4.475,22.12
25264.0,137.0,-21474.0,-13.8,21.87
25268.0,-92.0,-18789.0,-18.075,20.65
25271.0,-127.0,-20816.0,-19.133,20.89
25275.0,-96.0,-24703.0,-17.617,20.16
25279.0,-321.0,-26836.0,-16.833,20.65
25283.0,-222.0,-27881.0,-14.033,20.89
25287.0,-601.0,-32160.0,-12.417,21.63
25291.0,-504.0,-34699.0,-14.808,22.36
25294.0,211.0,-34766.0,-13.7,22.61
25298.0,316.0,-31105.0,-4.425,23.09
25303.0,71.0,-41182.0,-8.142,22.12
25307.0,492.0,-53259.0,-17.508,21.63
25310.0,169.0,-53268.0,-22.55,21.38
25314.0,20.0,-59305.0,-19.617,20.65
25318.0,83.0,-65936.0,-13.033,21.14
25322.0,-76.0,-67449.0,-12.183,21.14
25326.0,-77.0,-71506.0,-8.808,21.63
25329.0,176.0,-86655.0,-7.758,22.12
25333.0,141.0,-95740.0,-7.583,22.85
25337.0,-170.0,-105397.0,0.458,25.05
25341.0,-23.0,-113618.0,5.992,25.78
25346.0,174.0,-140647.0,-1.7,26.52
25349.0,-21.0,-152380.0,-6.517,27.0
25353.0,-110.0,-166589.0,3.175,26.76
25357.0,93.0,-182314.0,2.375,27.25
25361.0,42.0,-211635.0,-3.117,26.52
25365.0,-207.0,-229270.0,0.425,26.03
25368.0,114.0,-245407.0,6.075,26.03
25372.0,229.0,-264764.0,5.45,26.76
25376.0,-72.0,-304981.0,-0.142,28.23
25380.0,-17.0,-325940.0,4.942,28.96
25383.0,-56.0,-347321.0,7.617,30.67
25388.0,-225.0,-370650.0,3.983,31.4
25392.0,-184.0,-416313.0,4.317,31.16
25396.0,145.0,-439730.0,5.108,30.91
25400.0,198.0,-463163.0,5.05,30.43
25403.0,345.0,-488086.0,6.25,29.45
25407.0,158.0,-512341.0,4.767,29.2
25411.0,-31.0,-562556.0,5.867,28.71
25415.0,-486.0,-588371.0,5.883,28.47
25419.0,-263.0,-615690.0,6.225,28.71
25422.0,-128.0,-642613.0,5.683,29.2
25426.0,101.0,-697772.0,6.967,29.2
25431.0,-70.0,-725587.0,6.225,29.45
25435.0,-7.0,-753002.0,5.242,28.71
25439.0,-266.0,-779643.0,4.767,28.47
25442.0,-47.0,-803330.0,-10.7,27.49
25446.0,36.0,-824181.0,12.117,25.54
25450.0,-55.0,-860568.0,10.858,24.07
25454.0,-198.0,-884769.0,-13.758,22.85
25458.0,133.0,-933812.0,10.175,22.12
25462.0,4.0,-962563.0,9.108,21.63
25465.0,-353.0,-987218.0,-5.683,21.63
25469.0,-248.0,-1000507.0,-8.55,21.87
25474.0,261.0,-1038778.0,14.683,21.38
25478.0,688.0,-1074851.0,8.108,20.16
25482.0,309.0,-1098684.0,-10.958,19.67
25486.0,130.0,-1123499.0,11.442,19.18
25489.0,-277.0,-1181666.0,6.867,18.94
25493.0,-338.0,-1207831.0,-0.7,18.94
25497.0,-35.0,-1234072.0,8.025,19.18
25501.0,128.0,-1261537.0,6.633,18.7
25505.0,213.0,-1316306.0,5.75,19.43
25509.0,146.0,-1342923.0,5.742,18.7
25513.0,29.0,-1370646.0,7.2,18.7
25517.0,-228.0,-1427149.0,5.617,19.92
25521.0,-49.0,-1455180.0,6.425,19.92
25525.0,0.0,-1483105.0,7.208,20.89
25529.0,107.0,-1511572.0,5.425,21.38
25533.0,-58.0,-1538901.0,5.567,22.12
25536.0,-59.0,-1592954.0,6.042,21.87
25540.0,122.0,-1619533.0,6.508,21.38
25544.0,-31.0,-1645910.0,6.25,21.87
25548.0,-112.0,-1673039.0,5.4,22.12
25552.0,19.0,-1727778.0,6.525,22.61
25556.0,292.0,-1754779.0,5.408,23.09
25560.0,181.0,-1782064.0,6.108,23.34
25564.0,-28.0,-1835799.0,6.208,23.58
25568.0,-189.0,-1862044.0,5.742,23.34
25572.0,388.0,-1887795.0,5.408,23.58
25576.0,221.0,-1913394.0,4.958,22.85
25580.0,168.0,-1963681.0,5.65,22.61
25584.0,-175.0,-1989308.0,5.492,22.36
25587.0,-200.0,-2013679.0,5.475,21.63
25591.0,-223.0,-2038590.0,5.392,20.89
25595.0,112.0,-2088623.0,5.367,21.14
25600.0,303.0,-2113694.0,5.133,21.14
25604.0,-104.0,-2139147.0,5.383,20.89
25608.0,-357.0,-2164098.0,5.3,20.65
25612.0,-284.0,-2212429.0,4.758,20.41
25615.0,-23.0,-2236754.0,4.967,20.65
25619.0,254.0,-2260331.0,4.717,20.16
25623.0,197.0,-2283814.0,4.558,20.16
25627.0,36.0,-2328843.0,5.092,19.92
25631.0,239.0,-2351872.0,4.925,19.67
25635.0,-156.0,-2375631.0,5.233,19.18
25639.0,-289.0,-2398194.0,5.058,18.94
25643.0,-200.0,-2442309.0,5.067,18.7
25647.0,105.0,-2465188.0,4.625,18.7
25651.0,-8.0,-2486941.0,4.458,18.45
25655.0,-45.0,-2508814.0,4.725,18.7
25659.0,-126.0,-2550517.0,4.075,18.45
25663.0,-117.0,-2571220.0,4.417,18.7
25666.0,-142.0,-2592881.0,4.5,18.21
25670.0,-293.0,-2613552.0,4.458,17.72
25674.0,-332.0,-2653991.0,4.175,17.47
25678.0,75.0,-2674548.0,4.158,17.23
25682.0,40.0,-2695333.0,4.292,17.23
25687.0,-119.0,-2715938.0,4.142,16.98
25690.0,-278.0,-2755057.0,4.358,16.98
25694.0,259.0,-2773976.0,3.833,16.74
25698.0,28.0,-2793075.0,3.708,16.74
25702.0,-105.0,-2830508.0,3.717,16.5
25706.0,98.0,-2848319.0,4.05,16.98
25710.0,-83.0,-2865902.0,4.442,16.25
25713.0,-80.0,-2883291.0,3.983,16.01
25717.0,-137.0,-2918748.0,3.167,16.01
25721.0,116.0,-2935627.0,3.817,16.01
25725.0,107.0,-2952750.0,3.192,15.52
25730.0,116.0,-2970029.0,4.125,15.52
25734.0,37.0,-3003924.0,3.242,15.52
25738.0,-12.0,-3020829.0,3.375,15.76
25741.0,171.0,-3037230.0,2.917,15.27
25745.0,252.0,-3053137.0,3.192,15.27
25749.0,321.0,-3085254.0,3.283,15.03
25753.0,62.0,-3101597.0,3.375,15.27
25757.0,169.0,-3116430.0,2.942,14.78
25761.0,260.0,-3132547.0,3.125,14.54
25764.0,35.0,-3164222.0,2.692,14.3
25768.0,274.0,-3179587.0,2.933,14.3
25773.0,237.0,-3194806.0,3.008,14.05
25777.0,108.0,-3209441.0,2.942,14.05
25781.0,-271.0,-3239352.0,2.583,14.05
25785.0,306.0,-3253371.0,2.533,14.05
25789.0,163.0,-3268122.0,2.45,13.81
25792.0,88.0,-3281253.0,2.4,14.05
25796.0,211.0,-3308452.0,2.792,13.32
25800.0,-110.0,-3321697.0,2.258,13.56
25804.0,71.0,-3335312.0,2.558,13.07
25808.0,-134.0,-3347751.0,1.858,12.83
25812.0,119.0,-3373678.0,2.483,13.32
25816.0,160.0,-3386819.0,1.833,13.32
25820.0,133.0,-3399472.0,2.75,12.59
25824.0,278.0,-3410849.0,1.425,12.59
25828.0,207.0,-3435572.0,2.717,12.83
25832.0,124.0,-3447635.0,0.95,12.34
25836.0,127.0,-3459738.0,2.85,12.83
25840.0,-136.0,-3481319.0,1.033,12.1
25843.0,207.0,-3491810.0,2.867,11.85
25847.0,84.0,-3502139.0,0.658,11.85
25851.0,251.0,-3513360.0,2.692,12.1
25856.0,104.0,-3533605.0,0.658,11.85
25860.0,243.0,-3543884.0,2.5,11.85
25864.0,114.0,-3553541.0,0.925,11.61
25867.0,143.0,-3563346.0,2.358,11.36
25871.0,422.0,-3582557.0,1.458,11.36
25875.0,179.0,-3591712.0,1.575,10.87
25879.0,-38.0,-3600565.0,1.383,11.12
25883.0,-337.0,-3610588.0,2.017,10.87
25887.0,-24.0,-3627481.0,0.692,10.63
25891.0,355.0,-3636196.0,2.275,10.87
25894.0,336.0,-3643949.0,0.45,11.36
25899.0,273.0,-3652138.0,1.833,10.63
25903.0,276.0,-3668789.0,1.15,10.39
25907.0,-355.0,-3675426.0,0.7,10.63
25911.0,-252.0,-3682399.0,1.725,9.9
25915.0,-45.0,-3689872.0,0.85,9.9
25918.0,20.0,-3703895.0,1.45,10.14
25922.0,221.0,-3710714.0,1.392,10.14
25926.0,-182.0,-3717079.0,0.517,9.9
25930.0,-349.0,-3723378.0,1.525,9.9
25934.0,-18.0,-3736043.0,1.133,9.65
25937.0,155.0,-3741644.0,0.767,9.65
25942.0,62.0,-3746897.0,1.233,9.65
25946.0,113.0,-3752934.0,1.117,9.41
25950.0,-94.0,-3764205.0,0.633,9.65
25954.0,-79.0,-3769012.0,0.933,8.92
25957.0,-82.0,-3773927.0,1.025,8.92
25961.0,-107.0,-3779012.0,1.1,8.92
25965.0,-200.0,-3788045.0,0.55,8.68
25969.0,145.0,-3792082.0,1.083,9.41
25973.0,-20.0,-3795973.0,0.483,8.68
25976.0,35.0,-3800064.0,1.242,8.68
25980.0,28.0,-3804135.0,0.292,8.92
25985.0,215.0,-3810972.0,1.175,8.43
25989.0,292.0,-3813785.0,0.533,8.92
25993.0,-41.0,-3816784.0,0.642,8.43
25996.0,78.0,-3819969.0,0.4,8.19
26000.0,205.0,-3825562.0,0.842,8.68
26004.0,398.0,-3827827.0,0.6,8.19
26008.0,73.0,-3829528.0,0.883,8.19
26011.0,-110.0,-3831523.0,0.167,8.19
26015.0,257.0,-3835228.0,0.675,8.19
26019.0,238.0,-3837199.0,0.417,7.94
26023.0,-25.0,-3838454.0,0.767,7.7
26028.0,156.0,-3839563.0,0.467,8.19
26031.0,227.0,-3841264.0,0.333,7.94
26035.0,-212.0,-3841841.0,0.525,7.7
26039.0,-61.0,-3842790.0,0.333,7.7
26043.0,-138.0,-3843301.0,0.667,7.7
26047.0,-165.0,-3843732.0,0.292,7.45
26050.0,-84.0,-3843963.0,0.4,7.45
26054.0,91.0,-3843830.0,-0.008,7.45
26058.0,26.0,-3843193.0,0.517,7.94
26062.0,7.0,-3842678.0,0.267,7.21
26065.0,176.0,-3841449.0,0.508,7.21
26070.0,203.0,-3840526.0,0.092,7.45
26074.0,180.0,-3839209.0,0.225,7.21
26078.0,-31.0,-3838008.0,0.117,6.96
26082.0,94.0,-3835081.0,0.383,7.45
26085.0,-223.0,-3833492.0,0.175,6.96
26089.0,288.0,-3831889.0,0.333,6.96
26093.0,315.0,-3830120.0,0.05,7.21
26097.0,-78.0,-3826051.0,0.408,6.48
26101.0,203.0,-3824250.0,0.225,7.21
26104.0,14.0,-3822569.0,0.167,6.48
26108.0,-3.0,-3820278.0,0.175,6.48
26113.0,98.0,-3816753.0,-0.042,6.48
26117.0,67.0,-3814594.0,0.667,6.48
26120.0,-44.0,-3812125.0,-0.842,6.48
26124.0,-61.0,-3808696.0,0.15,6.48
26128.0,-100.0,-3804327.0,-0.067,6.48
26132.0,-251.0,-3796344.0,0.017,6.72
26136.0,-112.0,-3792093.0,-0.25,6.23
26139.0,-147.0,-3787192.0,-0.133,6.23
26143.0,34.0,-3782335.0,-0.108,6.72
26147.0,35.0,-3773276.0,-0.025,5.99
26151.0,-316.0,-3770399.0,0.658,6.23
26156.0,-281.0,-3766500.0,-1.092,6.23
26159.0,-498.0,-3760679.0,0.233,6.23
26163.0,-135.0,-3749826.0,-0.333,6.23
26167.0,6.0,-3744913.0,-0.25,6.23
26171.0,159.0,-3740814.0,1.158,5.99
26175.0,124.0,-3735713.0,-1.6,5.99
26178.0,-111.0,-3722754.0,0.767,5.99
26182.0,-124.0,-3716259.0,-0.858,5.99
26186.0,-105.0,-3709568.0,-0.642,5.99
26190.0,282.0,-3702975.0,0.175,5.99
26194.0,237.0,-3687442.0,-0.658,6.23
26198.0,168.0,-3679893.0,0.108,5.74
26202.0,331.0,-3672420.0,-0.558,5.74
26206.0,352.0,-3665867.0,0.792,5.5
26210.0,-135.0,-3654554.0,-0.925,5.99
26214.0,-156.0,-3644933.0,-0.775,5.74
26217.0,211.0,-3636590.0,0.258,5.74
26221.0,270.0,-3628461.0,-0.642,5.99
26225.0,13.0,-3610814.0,-0.867,5.5
26229.0,110.0,-3600639.0,-0.233,5.5
26233.0,-225.0,-3590708.0,-0.758,5.99
26237.0,-248.0,-3581163.0,-0.692,5.5
26241.0,239.0,-3560422.0,-0.733,5.25
26245.0,444.0,-3549803.0,-0.333,5.25
26249.0,243.0,-3539618.0,-0.533,5.25
26253.0,106.0,-3529381.0,-1.35,5.01
26257.0,-69.0,-3506454.0,-0.275,5.01
26260.0,-10.0,-3495567.0,-0.592,5.5
26264.0,115.0,-3484344.0,-1.075,5.25
26268.0,262.0,-3472353.0,-1.067,5.5
26272.0,-123.0,-3459972.0,-0.517,5.01
26276.0,-42.0,-3435939.0,-0.95,5.01
26279.0,-223.0,-3423136.0,-1.108,5.5
26284.0,44.0,-3410873.0,-0.575,4.77
26288.0,147.0,-3398250.0,-1.475,4.52
26292.0,320.0,-3370835.0,-0.575,5.01
26296.0,297.0,-3357926.0,-1.042,4.52
26299.0,74.0,-3343835.0,-1.442,4.28
26303.0,111.0,-3329712.0,-0.525,4.28
26307.0,-138.0,-3300901.0,-1.658,4.52
26311.0,-31.0,-3285480.0,-0.942,4.52
26315.0,140.0,-3271075.0,-1.15,4.03
26318.0,99.0,-3257234.0,-1.325,4.52
26322.0,-218.0,-3226357.0,-1.15,4.28
26327.0,-31.0,-3211606.0,-1.017,4.03
26331.0,-212.0,-3195885.0,-2.042,3.79
26335.0,-101.0,-3180978.0,-0.175,3.54
26338.0,-180.0,-3148607.0,-2.567,3.54
26342.0,-73.0,-3132274.0,-0.083,3.3
26346.0,180.0,-3114999.0,-2.383,3.3
26350.0,-57.0,-3098148.0,-0.558,3.3
26354.0,-270.0,-3062965.0,-2.125,3.54
26357.0,-5.0,-3044894.0,-1.342,3.54
26361.0,300.0,-3027639.0,-1.617,2.81
26365.0,303.0,-3009738.0,-1.85,2.81
26370.0,174.0,-2987271.0,2.5,2.57
26374.0,-9.0,-2973582.0,-4.783,3.3
26377.0,-584.0,-2952935.0,0.383,2.81
26381.0,-65.0,-2934954.0,-1.017,3.05
26385.0,52.0,-2919085.0,-2.95,2.81
26389.0,-119.0,-2882198.0,-0.55,2.57
26392.0,-50.0,-2862165.0,-2.15,2.57
26396.0,-185.0,-2843430.0,-1.617,2.57
26400.0,-196.0,-2823833.0,-3.317,2.08
26404.0,-229.0,-2783634.0,-1.342,1.83
26408.0,-182.0,-2762459.0,-2.458,2.08
26413.0,-227.0,-2741420.0,-2.308,1.83
26416.0,-42.0,-2720457.0,-2.792,1.59
26420.0,-35.0,-2677772.0,-2.175,1.59
26424.0,-152.0,-2655715.0,-2.55,1.59
26428.0,-39.0,-2634432.0,-3.117,1.34
26432.0,-226.0,-2612595.0,-2.042,1.59
26435.0,177.0,-2569722.0,-2.683,1.59
26439.0,-30.0,-2547535.0,-2.775,1.1
26443.0,-9.0,-2525066.0,-2.975,0.86
26447.0,-54.0,-2501499.0,-3.425,0.61
26450.0,-49.0,-2455866.0,-2.667,0.37
26455.0,-156.0,-2431727.0,-3.675,0.86
26459.0,-193.0,-2407632.0,-2.683,0.12
26463.0,-294.0,-2384225.0,-3.558,-0.12
26467.0,325.0,-2336910.0,-3.092,-0.12
26471.0,106.0,-2313329.0,-3.85,-0.37
26474.0,-237.0,-2289090.0,-2.95,-0.61
26478.0,-234.0,-2265989.0,-3.708,-0.86
26482.0,233.0,-2217574.0,-3.767,-0.86
26486.0,216.0,-2192899.0,-3.775,-0.61
26490.0,211.0,-2167948.0,-4.267,-0.61
26493.0,160.0,-2142287.0,-4.058,-1.34
26498.0,139.0,-2091134.0,-4.475,-1.59
26502.0,-8.0,-2065973.0,-3.967,-0.86
26506.0,93.0,-2039618.0,-4.758,-1.83
26510.0,-70.0,-2013091.0,-4.442,-2.08
26513.0,61.0,-1962456.0,-4.475,-2.32
26517.0,122.0,-1937375.0,-4.542,-2.81
26521.0,-57.0,-1912034.0,-4.667,-2.81
26525.0,-8.0,-1886521.0,-4.783,-3.3
26529.0,59.0,-1860312.0,-5.008,-3.3
26532.0,-118.0,-1808057.0,-5.2,-3.3
26536.0,-25.0,-1781678.0,-5.275,-3.05
26541.0,-16.0,-1754507.0,-5.283,-4.28
26545.0,341.0,-1727868.0,-5.3,-4.03
26549.0,132.0,-1675189.0,-5.808,-4.52
26552.0,167.0,-1649214.0,-5.3,-4.52
26556.0,-8.0,-1624167.0,-5.533,-5.25
26560.0,-57.0,-1599282.0,-5.767,-5.74
26564.0,20.0,-1548547.0,-5.892,-5.74
26568.0,243.0,-1522470.0,-5.792,-6.23
26571.0,14.0,-1496245.0,-6.433,-6.23
26575.0,-451.0,-1469460.0,-6.167,-6.72
26579.0,34.0,-1415799.0,-6.675,-7.21
26584.0,163.0,-1389910.0,-6.175,-7.7
26588.0,278.0,-1363277.0,-6.517,-7.7
26591.0,-117.0,-1336876.0,-6.475,-8.43
26595.0,-18.0,-1286367.0,-6.175,-8.19
26599.0,-23.0,-1261582.0,-6.3,-8.68
26603.0,-104.0,-1237159.0,-6.65,-9.16
26607.0,-55.0,-1211424.0,-6.833,-9.16
26610.0,-26.0,-1158785.0,-6.708,-9.65
26614.0,-127.0,-1132446.0,-7.033,-9.41
26618.0,66.0,-1106535.0,-7.083,-10.39
26622.0,-7.0,-1080690.0,-6.808,-10.63
26627.0,-336.0,-1028031.0,-7.2,-10.87
26630.0,-83.0,-1002026.0,-6.633,-11.36
26634.0,152.0,-977583.0,-6.5,-11.61
26638.0,133.0,-953810.0,-6.183,-11.36
26642.0,64.0,-907659.0,-6.725,-12.1
26646.0,-21.0,-884544.0,-6.792,-12.83
26649.0,-192.0,-861451.0,-6.708,-12.59
26653.0,-35.0,-837928.0,-6.95,-12.83
26657.0,16.0,-813169.0,-7.525,-13.07
26661.0,155.0,-762624.0,-7.375,-13.32
26665.0,18.0,-738403.0,-6.733,-13.56
26669.0,-145.0,-716472.0,-5.717,-14.05
26673.0,-252.0,-696195.0,-5.183,-14.3
26677.0,-307.0,-659008.0,-5.733,-14.05
26681.0,-298.0,-640271.0,-7.233,-14.54
26685.0,-303.0,-620498.0,-7.525,-15.03
26689.0,444.0,-601005.0,-6.283,-14.78
26692.0,363.0,-565240.0,-5.4,-15.03
26696.0,104.0,-547709.0,-4.9,-15.27
26700.0,-267.0,-528472.0,-7.125,-15.03
26704.0,-302.0,-507323.0,-7.3,-15.03
26708.0,-241.0,-466184.0,-5.192,-16.01
26712.0,64.0,-448223.0,-5.483,-16.25
26716.0,243.0,-430960.0,-5.758,-16.5
26720.0,-184.0,-414693.0,-6.225,-16.74
26724.0,-69.0,-383362.0,-6.442,-16.01
26728.0,28.0,-368687.0,-5.125,-16.5
26731.0,-109.0,-354440.0,-4.65,-16.74
26735.0,-116.0,-340963.0,-5.125,-17.23
26739.0,-145.0,-314336.0,-4.183,-17.23
26743.0,-202.0,-300619.0,-3.533,-17.47
26747.0,-253.0,-286062.0,-4.267,-17.47
26750.0,-232.0,-270701.0,-3.775,-17.72
26755.0,93.0,-238370.0,-2.633,-18.21
26759.0,276.0,-222891.0,-2.0,-18.45
26763.0,211.0,-207752.0,-0.883,-18.94
26767.0,58.0,-193791.0,0.583,-18.7
26770.0,187.0,-166744.0,1.783,-18.21
26774.0,-12.0,-154541.0,7.642,-18.45
26778.0,133.0,-143976.0,7.033,-18.7
26782.0,250.0,-134861.0,0.35,-18.21
26786.0,221.0,-115382.0,-0.658,-18.7
26789.0,312.0,-105057.0,-1.3,-18.94
26793.0,23.0,-94606.0,6.792,-18.94
26798.0,12.0,-85315.0,11.033,-19.18
26802.0,21.0,-77668.0,8.392,-18.94
26806.0,-144.0,-64753.0,3.75,-18.94
26809.0,41.0,-58148.0,3.733,-19.43
26813.0,-4.0,-52195.0,8.208,-19.43
26817.0,-255.0,-46536.0,9.925,-19.18
26821.0,-438.0,-35967.0,11.608,-19.43
26824.0,77.0,-31544.0,13.45,-19.43
26828.0,512.0,-27763.0,12.833,-18.94
26832.0,191.0,-24902.0,12.45,-18.94
26836.0,32.0,-19419.0,12.892,-19.18
26841.0,-61.0,-15796.0,13.8,-18.94
26844.0,-122.0,-13155.0,14.25,-19.43
26848.0,-65.0,-11244.0,14.817,-18.94
26852.0,-148.0,-7489.0,15.408,-19.43
26856.0,71.0,-5708.0,14.142,-19.43
26859.0,242.0,-4181.0,11.733,-19.43
26863.0,193.0,-3136.0,11.05,-19.43
26867.0,550.0,-2177.0,11.517,-18.94
26871.0,313.0,1982.0,11.992,-19.18
26875.0,-54.0,3595.0,12.25,-18.21
26878.0,-241.0,5348.0,12.7,-18.21
26883.0,272.0,6791.0,12.733,-17.96
26887.0,373.0,8884.0,12.575,-16.98
26891.0,308.0,10223.0,12.15,-17.47
26894.0,19.0,11744.0,11.6,-16.98
26898.0,-100.0,12703.0,11.333,-16.98
26902.0,299.0,15408.0,11.492,-16.74
26906.0,358.0,16951.0,11.917,-16.25
26910.0,383.0,18170.0,12.658,-15.76
26913.0,-104.0,19345.0,12.55,-15.76
26917.0,171.0,20462.0,11.883,-15.27
26921.0,-44.0,21197.0,10.975,-14.78
26926.0,-77.0,21778.0,10.208,-14.54
26930.0,320.0,22751.0,9.625,-14.05
26933.0,101.0,23990.0,9.367,-13.56
26937.0,-196.0,24411.0,9.033,-13.32
26941.0,-153.0,25550.0,8.917,-12.83
26945.0,-104.0,26237.0,8.817,-12.1
26948.0,-291.0,26416.0,8.358,-11.85
26952.0,-196.0,27887.0,7.917,-11.36
26956.0,67.0,28544.0,7.617,-11.61
26960.0,50.0,29241.0,7.592,-11.12
26963.0,-81.0,29724.0,7.767,-9.9
26968.0,-106.0,30647.0,7.875,-10.14
26972.0,57.0,30902.0,7.442,-9.65
26976.0,232.0,31813.0,7.042,-9.16
26979.0,145.0,32366.0,6.408,-8.68
26983.0,294.0,32269.0,5.9,-8.43
26987.0,295.0,32538.0,5.742,-7.7
26991.0,360.0,33441.0,5.925,-7.45
26994.0,-417.0,33896.0,6.233,-6.23
26998.0,-346.0,33917.0,6.2,-5.74
27002.0,-257.0,34312.0,5.7,-5.74
27006.0,256.0,34927.0,4.95,-5.5
27010.0,199.0,35200.0,4.017,-5.01
27014.0,350.0,35003.0,3.258,-4.03
27018.0,413.0,34946.0,2.483,-4.03
27021.0,208.0,35227.0,1.567,-3.3
27025.0,269.0,35722.0,2.017,-3.05
27029.0,112.0,36131.0,3.442,-2.08
27033.0,379.0,36876.0,5.058,-1.83
27036.0,226.0,36703.0,4.817,-1.59
27040.0,153.0,37188.0,3.5,-1.1
27044.0,116.0,36935.0,0.967,-0.86
27048.0,71.0,36738.0,-0.558,-0.37
27052.0,-12.0,36941.0,-0.883,-0.37
27056.0,-165.0,37214.0,-0.542,-0.12
27060.0,44.0,37727.0,-0.217,0.12
27063.0,303.0,37578.0,-0.133,0.86
27067.0,-16.0,36955.0,-0.117,1.59
27071.0,-135.0,37086.0,-0.742,1.59
27075.0,-242.0,37529.0,-1.458,2.08
27078.0,-305.0,37226.0,-2.417,3.3
27082.0,258.0,36751.0,-3.175,3.79
27086.0,-35.0,36390.0,-3.167,4.28
27089.0,-186.0,37295.0,-1.85,5.01
27094.0,65.0,37018.0,-0.883,5.25
27098.0,168.0,37221.0,-0.1,5.99
27102.0,323.0,36880.0,0.3,6.23
27105.0,310.0,36773.0,-0.308,6.48
27109.0,61.0,36608.0,-1.542,6.72
27113.0,182.0,36603.0,-1.675,7.21
27116.0,225.0,36334.0,-0.867,7.45
27120.0,328.0,36057.0,-0.658,8.43
27124.0,259.0,36016.0,-0.3,8.19
27128.0,96.0,36323.0,-0.475,9.16
27131.0,117.0,35884.0,-1.108,8.68
27136.0,-40.0,35355.0,-2.458,8.92
27140.0,-119.0,34894.0,-4.208,8.92
27143.0,-218.0,31991.0,-7.55,9.16
27147.0,-261.0,31332.0,-10.208,9.41
27151.0,-210.0,33185.0,-8.208,9.9
27155.0,495.0,34478.0,-3.475,10.14
27158.0,468.0,32285.0,-3.308,10.63
27162.0,255.0,32224.0,-5.35,11.12
27166.0,296.0,30665.0,-7.917,10.87
27170.0,-213.0,28094.0,-10.125,11.12
27174.0,58.0,27749.0,-11.067,11.61
27177.0,-57.0,27208.0,-10.933,11.85
27182.0,-146.0,26123.0,-10.758,12.1
27186.0,-55.0,25340.0,-10.125,13.07
27190.0,-116.0,25327.0,-10.033,13.56
27194.0,-29.0,23858.0,-9.783,13.81
27197.0,-144.0,21487.0,-10.308,14.78
27201.0,457.0,21540.0,-10.608,15.27
27205.0,192.0,19825.0,-11.7,16.01
27209.0,-117.0,18162.0,-12.133,16.25
27213.0,-124.0,17127.0,-12.258,16.74
27216.0,-313.0,15312.0,-12.683,17.47
27220.0,-420.0,13757.0,-12.933,18.45
27225.0,-325.0,12828.0,-12.45,18.21
27229.0,-266.0,11527.0,-12.417,18.45
27233.0,-15.0,8766.0,-13.358,18.94
27236.0,-64.0,7569.0,-13.925,19.43
27240.0,-61.0,6282.0,-14.125,20.16
27244.0,-310.0,2799.0,-14.617,20.65
27248.0,-423.0,460.0,-15.667,21.63
27251.0,154.0,-1231.0,-16.333,21.87
27255.0,569.0,-2680.0,-16.617,22.61
27259.0,458.0,-6833.0,-16.508,22.85
27264.0,-47.0,-8118.0,-16.417,23.09
27267.0,124.0,-10825.0,-16.558,23.34
27271.0,-157.0,-13464.0,-16.983,24.07
27275.0,-172.0,-16363.0,-17.7,24.56
27279.0,-161.0,-19392.0,-18.042,24.8
27283.0,58.0,-20623.0,-16.717,25.29
27286.0,267.0,-21192.0,-14.9,25.78
27290.0,94.0,-27483.0,-14.367,26.27
27294.0,-65.0,-27922.0,-15.325,26.52
27298.0,46.0,-31285.0,-17.15,27.49
27301.0,19.0,-37174.0,-17.983,27.25
27305.0,-74.0,-39501.0,-18.067,27.49
27310.0,-163.0,-44326.0,-18.633,27.98
27314.0,2.0,-48545.0,-17.025,28.23
27318.0,131.0,-51050.0,-16.025,29.94
27321.0,462.0,-55623.0,-17.35,29.69
27325.0,-51.0,-62908.0,-14.558,30.18
27329.0,112.0,-69599.0,-14.575,29.94
27333.0,49.0,-75154.0,-12.275,30.43
27337.0,-132.0,-80763.0,-8.325,30.91
27340.0,-57.0,-96688.0,-1.242,30.43
27344.0,-104.0,-105171.0,4.95,30.43
27348.0,-229.0,-118606.0,3.517,31.16
27353.0,-126.0,-131219.0,-6.233,30.67
27357.0,19.0,-157312.0,-2.908,31.16
27360.0,-108.0,-170383.0,5.967,30.67
27364.0,129.0,-186078.0,-0.517,30.91
27368.0,60.0,-202951.0,-5.608,30.91
27372.0,3.0,-235506.0,0.725,30.91
27376.0,-16.0,-254149.0,7.133,31.4
27379.0,-13.0,-273434.0,5.392,31.89
27383.0,-96.0,-294373.0,-0.133,31.65
27387.0,-249.0,-336114.0,4.75,31.16
27392.0,-236.0,-357907.0,8.233,31.4
27395.0,-83.0,-380614.0,3.583,30.67
27399.0,-174.0,-404025.0,4.125,30.67
27403.0,-97.0,-426544.0,5.442,30.18
27407.0,102.0,-474741.0,6.258,29.94
27411.0,251.0,-499188.0,4.725,29.94
27414.0,-232.0,-524509.0,5.475,29.45
27418.0,-279.0,-550058.0,6.0,29.2
27422.0,128.0,-602997.0,6.858,29.2
27426.0,407.0,-629546.0,5.175,29.2
27430.0,284.0,-658249.0,6.983,29.2
27433.0,285.0,-686398.0,5.942,29.2
27438.0,120.0,-740897.0,5.625,28.96
27442.0,41.0,-768020.0,6.433,28.96
27446.0,14.0,-794797.0,6.217,28.47
27450.0,-237.0,-821598.0,5.783,27.98
27453.0,-34.0,-875697.0,6.908,27.74
27457.0,71.0,-902050.0,5.808,27.49
27461.0,-96.0,-930321.0,7.008,27.49
27465.0,-267.0,-958476.0,5.983,27.0
27469.0,-66.0,-1015221.0,6.633,27.49
27472.0,29.0,-1043974.0,7.742,27.74
27476.0,10.0,-1072613.0,5.325,27.25
27481.0,-119.0,-1101700.0,7.475,27.25
27485.0,10.0,-1158477.0,5.867,27.0
27489.0,89.0,-1186326.0,6.45,27.49
27492.0,-24.0,-1212899.0,5.942,26.76
27496.0,-53.0,-1240256.0,6.675,26.27
27500.0,-80.0,-1295059.0,6.175,26.52
27504.0,-61.0,-1322268.0,6.317,25.54
27508.0,-152.0,-1350075.0,6.417,25.54
27512.0,-51.0,-1377948.0,6.558,25.29
27515.0,-16.0,-1434083.0,6.283,25.29
27520.0,-103.0,-1461784.0,6.475,25.29
27524.0,22.0,-1490007.0,6.283,25.05
27528.0,-129.0,-1517192.0,6.075,25.54
27532.0,-126.0,-1572145.0,5.917,24.8
27536.0,19.0,-1599200.0,6.25,24.32
27539.0,-418.0,-1625641.0,6.517,24.32
27543.0,-289.0,-1651856.0,5.492,24.07
27547.0,-122.0,-1707297.0,6.75,23.83
27551.0,277.0,-1733854.0,5.325,23.34
27555.0,226.0,-1760727.0,6.083,23.09
27559.0,17.0,-1787640.0,6.142,23.09
27564.0,-70.0,-1841201.0,5.558,22.85
27567.0,-11.0,-1867636.0,5.758,23.34
27571.0,146.0,-1893137.0,5.067,22.36
27575.0,335.0,-1917636.0,5.625,22.85
27579.0,176.0,-1968067.0,5.65,22.12
27583.0,-197.0,-1993294.0,5.392,22.85
27587.0,-266.0,-2018311.0,5.583,21.63
27590.0,-333.0,-2043650.0,5.417,21.87
27594.0,-416.0,-2094133.0,5.092,21.14
27598.0,35.0,-2119826.0,5.4,22.12
27602.0,454.0,-2144845.0,5.558,20.65
27607.0,131.0,-2169226.0,4.675,20.41
27611.0,-236.0,-2217571.0,4.842,20.16
27615.0,-359.0,-2241250.0,4.792,20.89
27618.0,32.0,-2265095.0,4.95,19.67
27622.0,-7.0,-2310936.0,5.167,19.67
27626.0,10.0,-2333989.0,4.567,20.16
27630.0,41.0,-2358130.0,4.908,19.43
27634.0,194.0,-2381471.0,4.95,19.43
27638.0,257.0,-2404924.0,5.308,19.18
27641.0,-112.0,-2449485.0,5.375,18.94
27645.0,-139.0,-2471582.0,4.725,19.43
27650.0,-134.0,-2493751.0,3.775,18.7
27654.0,-153.0,-2536570.0,5.025,18.7
27658.0,24.0,-2556867.0,4.175,18.94
27662.0,-47.0,-2578336.0,4.633,19.18
27665.0,-212.0,-2598937.0,4.392,17.96
27669.0,-87.0,-2641024.0,4.75,17.72
27673.0,358.0,-2662339.0,3.958,17.72
27677.0,-123.0,-2683666.0,4.4,17.96
27681.0,-84.0,-2704785.0,4.542,17.72
27685.0,-5.0,-2744942.0,4.317,17.23
27688.0,-186.0,-2764093.0,3.85,17.47
27693.0,219.0,-2783436.0,3.883,16.74
27697.0,192.0,-2801945.0,3.45,17.23
27701.0,303.0,-2839368.0,4.017,16.74
27705.0,144.0,-2857779.0,4.367,16.98
27709.0,-117.0,-2875198.0,4.208,16.25
27713.0,-126.0,-2893409.0,4.133,16.74
27716.0,101.0,-2929642.0,3.325,16.01
27720.0,306.0,-2946937.0,3.575,15.76
27724.0,265.0,-2964360.0,3.917,16.01
27728.0,216.0,-2981755.0,3.433,15.52
27732.0,75.0,-3016928.0,3.583,15.52
27737.0,-272.0,-3033383.0,2.942,15.52
27741.0,-23.0,-3049914.0,3.242,15.27
27744.0,-12.0,-3065439.0,3.283,15.52
27748.0,79.0,-3097708.0,3.433,15.52
27752.0,-20.0,-3114541.0,3.117,15.27
27756.0,61.0,-3130398.0,3.283,14.54
27760.0,60.0,-3146313.0,2.642,14.54
27763.0,-85.0,-3178190.0,3.233,15.03
27767.0,-124.0,-3194419.0,2.817,14.3
27771.0,-33.0,-3209632.0,3.192,14.54
27776.0,130.0,-3225201.0,2.5,14.05
27780.0,317.0,-3254982.0,2.558,14.05
27784.0,-120.0,-3269785.0,2.442,13.81
27788.0,-185.0,-3283066.0,2.6,13.56
27791.0,-52.0,-3296867.0,2.733,13.56
27795.0,-179.0,-3323716.0,2.258,13.32
27799.0,-162.0,-3337101.0,2.717,13.81
27803.0,-175.0,-3350846.0,1.917,13.07
27807.0,86.0,-3364181.0,2.533,13.56
27811.0,25.0,-3390132.0,2.225,12.83
27814.0,282.0,-3402663.0,2.717,12.83
27819.0,189.0,-3415018.0,1.692,12.59
27823.0,196.0,-3439291.0,2.533,12.34
27827.0,13.0,-3451260.0,0.975,12.83
27831.0,-56.0,-3462785.0,2.783,12.59
27835.0,-215.0,-3474134.0,1.167,12.34
27838.0,-52.0,-3496245.0,2.95,12.1
27842.0,55.0,-3507020.0,0.542,12.1
27846.0,-38.0,-3518503.0,2.725,11.85
27850.0,-117.0,-3528510.0,0.017,11.85
27854.0,-8.0,-3548677.0,3.0,11.61
27857.0,-263.0,-3558124.0,0.25,11.36
27862.0,90.0,-3569021.0,3.067,11.61
27866.0,205.0,-3578346.0,-0.183,11.61
27870.0,340.0,-3597925.0,2.65,11.12
27874.0,141.0,-3606946.0,0.708,11.12
27878.0,-50.0,-3616041.0,1.967,10.87
27882.0,-221.0,-3624776.0,1.508,11.36
27885.0,-6.0,-3641799.0,1.45,10.63
27889.0,151.0,-3649906.0,1.267,10.63
27893.0,278.0,-3658229.0,1.758,10.63
27897.0,247.0,-3666220.0,0.642,10.39
27901.0,84.0,-3682115.0,1.642,10.63
27906.0,-251.0,-3688912.0,0.933,10.39
27909.0,-116.0,-3695315.0,1.358,9.9
27913.0,-17.0,-3703024.0,1.392,10.39
27917.0,54.0,-3716483.0,0.617,10.14
27921.0,221.0,-3722794.0,1.583,10.14
27925.0,-28.0,-3729257.0,0.95,10.14
27929.0,191.0,-3735876.0,1.042,9.9
27932.0,270.0,-3748013.0,1.183,9.65
27936.0,93.0,-3754144.0,1.233,9.9
27940.0,-96.0,-3759757.0,0.525,9.41
27944.0,-243.0,-3764996.0,1.15,9.16
27949.0,12.0,-3776301.0,0.883,9.41
27952.0,163.0,-3781314.0,0.833,9.16
27956.0,126.0,-3785879.0,1.05,8.92
27960.0,-165.0,-3789974.0,0.792,9.41
27964.0,88.0,-3794677.0,0.875,8.92
27967.0,105.0,-3803322.0,0.742,8.92
27971.0,-154.0,-3807375.0,0.742,8.68
27975.0,-123.0,-3811026.0,0.85,8.43
27979.0,-182.0,-3814461.0,0.767,8.43
27983.0,-45.0,-3821666.0,0.683,8.43
27987.0,-276.0,-3824121.0,0.558,8.43
27991.0,-307.0,-3826862.0,0.842,8.43
27995.0,6.0,-3829431.0,0.725,8.68
27999.0,269.0,-3834874.0,0.55,7.94
28003.0,-100.0,-3837429.0,0.7,7.94
28007.0,-93.0,-3839242.0,0.533,7.94
28010.0,-112.0,-3840791.0,0.7,8.19
28014.0,151.0,-3844130.0,0.425,7.94
28018.0,216.0,-3845923.0,0.517,8.19
28022.0,67.0,-3847284.0,0.542,8.43
28025.0,-72.0,-3848283.0,0.617,7.7
28029.0,-207.0,-3850714.0,0.517,7.94
28034.0,62.0,-3851487.0,0.433,7.94
28038.0,151.0,-3851848.0,0.133,7.94
28042.0,78.0,-3851685.0,0.433,7.45
28045.0,393.0,-3852258.0,0.458,7.45
28049.0,36.0,-3852455.0,0.467,7.94
28053.0,-95.0,-3852256.0,0.292,7.94
28057.0,-204.0,-3851821.0,0.458,7.94
28061.0,151.0,-3851142.0,0.033,7.21
28064.0,0.0,-3850037.0,0.492,7.21
28068.0,-381.0,-3849096.0,0.308,7.21
28072.0,-36.0,-3847631.0,0.333,7.7
28077.0,141.0,-3845836.0,0.083,7.21
28080.0,122.0,-3843131.0,0.233,7.21
28084.0,189.0,-3841452.0,0.158,7.21
28088.0,120.0,-3839569.0,0.258,7.21
28092.0,-187.0,-3837268.0,0.167,6.48
28096.0,52.0,-3833193.0,0.308,6.96
28099.0,9.0,-3831506.0,0.158,6.72
28103.0,-78.0,-3829475.0,0.175,6.48
28107.0,-63.0,-3826984.0,0.15,6.48
28111.0,-332.0,-3822811.0,0.075,6.96
28115.0,-145.0,-3820418.0,-0.1,6.48
28119.0,120.0,-3817475.0,-0.15,6.72
28123.0,237.0,-3813540.0,0.192,6.96
28127.0,42.0,-3804737.0,0.217,6.48
28131.0,-35.0,-3800698.0,-0.258,6.48
28135.0,-170.0,-3796777.0,-0.008,6.48
28138.0,-259.0,-3792654.0,-0.083,6.23
28142.0,-130.0,-3785645.0,0.417,6.72
28146.0,-89.0,-3781542.0,-0.892,6.48
28150.0,-318.0,-3777035.0,0.833,6.48
28154.0,-189.0,-3772066.0,-0.508,6.72
28157.0,64.0,-3768071.0,0.667,6.48
28162.0,107.0,-3758742.0,-1.333,6.72
28166.0,288.0,-3753295.0,0.692,6.72
28170.0,119.0,-3747424.0,-0.517,6.72
28174.0,-450.0,-3740933.0,-0.358,6.48
28177.0,173.0,-3728832.0,0.083,5.99
28181.0,166.0,-3724345.0,0.458,6.23
28185.0,215.0,-3720376.0,-0.208,6.23
28189.0,-90.0,-3714099.0,-1.508,6.48
28193.0,15.0,-3698862.0,0.458,5.74
28196.0,-28.0,-3691363.0,-0.617,5.74
28200.0,-5.0,-3684576.0,0.075,6.23
28205.0,-156.0,-3676987.0,-0.625,6.23
28209.0,-17.0,-3660326.0,-0.55,5.74
28212.0,-70.0,-3651617.0,-0.942,5.74
28216.0,-163.0,-3643070.0,-0.317,5.5
28220.0,-144.0,-3634377.0,-0.708,5.5
28224.0,-229.0,-3615820.0,0.033,5.5
28228.0,-198.0,-3606173.0,-0.892,5.25
28231.0,-383.0,-3596758.0,-0.725,5.25
28235.0,-192.0,-3586705.0,-0.892,5.25
28239.0,83.0,-3566994.0,-0.242,5.5
28243.0,-90.0,-3556585.0,-0.85,5.25
28248.0,-169.0,-3544996.0,-0.467,5.25
28251.0,-226.0,-3534097.0,-0.608,5.25
28255.0,-21.0,-3511652.0,-1.025,5.01
28259.0,94.0,-3500081.0,-0.642,5.01
28263.0,71.0,-3488742.0,-0.767,5.25
28267.0,-24.0,-3477317.0,-1.1,5.25
28270.0,39.0,-3465684.0,-0.45,5.25
28274.0,214.0,-3441843.0,-0.958,4.77
28278.0,-61.0,-3429122.0,-1.117,4.77
28282.0,-146.0,-3416487.0,-0.808,4.77
28286.0,157.0,-3404338.0,-0.95,4.52
28290.0,130.0,-3377555.0,-0.958,4.52
28294.0,311.0,-3364392.0,-0.833,4.28
28298.0,330.0,-3351061.0,-1.542,4.52
28302.0,-111.0,-3336810.0,-0.867,4.28
28306.0,-74.0,-3308801.0,-1.0,4.52
28309.0,-147.0,-3294296.0,-1.625,4.28
28313.0,-30.0,-3279249.0,-0.892,4.03
28317.0,75.0,-3264814.0,-1.258,3.79
28321.0,-54.0,-3234197.0,-1.55,3.54
28325.0,215.0,-3219698.0,-0.783,4.28
28328.0,22.0,-3204689.0,-1.758,4.28
28333.0,-41.0,-3188802.0,-1.125,4.03
28337.0,0.0,-3157759.0,-1.125,3.79
28341.0,-205.0,-3141408.0,-2.025,3.79
28344.0,-82.0,-3125611.0,-0.392,3.79
28348.0,-3.0,-3108570.0,-2.733,4.03
28352.0,118.0,-3092257.0,0.042,3.54
28356.0,-57.0,-3056650.0,-2.783,3.05
28360.0,-116.0,-3039349.0,-0.15,3.05
28363.0,29.0,-3021558.0,-2.925,2.81
28367.0,88.0,-3003633.0,-0.492,2.81
28371.0,319.0,-2966796.0,-2.742,2.57
28376.0,-104.0,-2948063.0,-1.017,2.57
28380.0,-201.0,-2929482.0,-1.908,2.32
28383.0,-106.0,-2910767.0,-1.625,2.32
28387.0,-111.0,-2872788.0,-1.908,2.32
28391.0,-64.0,-2854375.0,-2.367,2.32
28395.0,-9.0,-2835232.0,-1.65,2.57
28399.0,-206.0,-2814911.0,-2.808,1.83
28402.0,-339.0,-2774246.0,-1.358,1.83
28406.0,10.0,-2753483.0,-2.975,2.32
28410.0,-11.0,-2732436.0,-1.55,1.59
28414.0,6.0,-2711479.0,-3.233,1.59
28418.0,317.0,-2668640.0,-1.575,1.83
28422.0,66.0,-2647115.0,-3.5,1.83
28426.0,177.0,-2625224.0,-1.583,1.1
28430.0,-414.0,-2603517.0,-3.417,1.1
28434.0,-161.0,-2560108.0,-1.767,1.1
28438.0,142.0,-2538583.0,-3.442,1.34
28441.0,243.0,-2515820.0,-2.2,0.61
28445.0,362.0,-2493611.0,-3.467,0.61
28449.0,77.0,-2447964.0,-2.933,0.37
28453.0,-134.0,-2425005.0,-3.167,0.37
28457.0,-129.0,-2401446.0,-3.275,0.12
28461.0,284.0,-2377875.0,-3.342,0.12
28465.0,89.0,-2353932.0,-3.175,0.37
28469.0,-30.0,-2306349.0,-3.542,0.37
28473.0,-89.0,-2282534.0,-3.383,-0.12
28477.0,-10.0,-2258503.0,-3.567,0.12
28480.0,-5.0,-2236236.0,-3.717,-0.61
28484.0,-188.0,-2187289.0,-3.917,-1.1
28488.0,13.0,-2163056.0,-3.633,-1.1
28492.0,-58.0,-2138301.0,-4.45,-1.1
28495.0,-23.0,-2112816.0,-3.85,-1.59
28499.0,-72.0,-2061505.0,-4.85,-1.59
28504.0,-65.0,-2035598.0,-3.908,-1.59
28508.0,-128.0,-2010163.0,-4.775,-1.83
28512.0,-157.0,-1983806.0,-4.45,-1.83
28515.0,100.0,-1933169.0,-4.583,-2.32
28519.0,29.0,-1908500.0,-4.558,-2.81
28523.0,-28.0,-1882809.0,-4.875,-3.05
28527.0,-81.0,-1857578.0,-4.658,-3.05
28531.0,40.0,-1805919.0,-5.333,-3.54
28534.0,239.0,-1779116.0,-5.15,-3.79
28538.0,174.0,-1752819.0,-5.317,-4.03
28542.0,149.0,-1725820.0,-5.367,-4.28
28547.0,-78.0,-1673061.0,-5.417,-4.77
28551.0,-149.0,-1647402.0,-5.767,-4.77
28555.0,-88.0,-1620793.0,-5.758,-5.25
28558.0,49.0,-1595640.0,-5.3,-5.74
28562.0,166.0,-1546547.0,-5.775,-5.74
28566.0,-133.0,-1521418.0,-6.008,-6.48
28570.0,-156.0,-1495331.0,-5.983,-5.99
28574.0,-403.0,-1469228.0,-6.375,-6.96
28577.0,-42.0,-1416305.0,-6.167,-6.96
28581.0,-15.0,-1389656.0,-6.725,-7.45
28585.0,46.0,-1363397.0,-6.067,-7.7
28590.0,-73.0,-1336726.0,-6.775,-8.19
28593.0,32.0,-1310477.0,-6.325,-8.43
28597.0,-269.0,-1260346.0,-6.2,-8.19
28601.0,-276.0,-1235843.0,-6.333,-8.68
28605.0,-39.0,-1210862.0,-6.817,-9.41
28609.0,180.0,-1185011.0,-6.725,-9.65
28613.0,355.0,-1133942.0,-6.625,-9.65
28616.0,584.0,-1107847.0,-7.058,-10.39
28620.0,341.0,-1081248.0,-7.292,-9.9
28624.0,-226.0,-1054893.0,-6.808,-10.63
28628.0,-73.0,-1002820.0,-6.942,-10.63
28633.0,376.0,-977973.0,-6.892,-11.36
28637.0,479.0,-953194.0,-6.458,-11.36
28640.0,162.0,-929065.0,-6.175,-12.34
28644.0,45.0,-885102.0,-5.983,-12.34
28648.0,42.0,-862979.0,-6.95,-12.34
28652.0,-161.0,-839790.0,-7.333,-12.34
28656.0,-162.0,-815361.0,-6.842,-12.83
28659.0,-11.0,-765916.0,-7.367,-13.07
28663.0,8.0,-741553.0,-7.342,-13.56
28667.0,-77.0,-718038.0,-6.5,-13.81
28672.0,-32.0,-695595.0,-5.842,-14.05
28675.0,-133.0,-655368.0,-5.75,-13.81
28679.0,-240.0,-637607.0,-6.183,-14.78
28683.0,-215.0,-619038.0,-7.15,-14.3
28687.0,194.0,-599841.0,-6.758,-14.54
28691.0,283.0,-564354.0,-5.967,-15.27
28695.0,260.0,-547481.0,-4.275,-14.78
28698.0,-241.0,-528954.0,-6.433,-14.78
28702.0,-4.0,-507991.0,-7.833,-15.03
28706.0,117.0,-466294.0,-5.858,-15.27
28710.0,-84.0,-447031.0,-5.35,-16.01
28715.0,-61.0,-430136.0,-5.592,-15.76
28718.0,-20.0,-414075.0,-5.942,-16.74
28722.0,-201.0,-398588.0,-6.208,-16.98
28726.0,-276.0,-368595.0,-5.525,-17.23
28730.0,-327.0,-354834.0,-4.817,-16.98
28734.0,18.0,-340985.0,-5.15,-16.98
28737.0,449.0,-326956.0,-4.442,-17.47
28741.0,208.0,-300029.0,-3.242,-17.47
28745.0,193.0,-285446.0,-4.392,-17.96
28749.0,96.0,-270021.0,-4.133,-17.23
28753.0,327.0,-253232.0,-2.433,-17.96
28756.0,264.0,-221077.0,-2.267,-18.45
28761.0,315.0,-205860.0,-0.983,-18.7
28765.0,28.0,-191569.0,0.975,-18.7
28769.0,-253.0,-178530.0,1.575,-18.94
28773.0,-122.0,-153265.0,6.292,-18.7
28776.0,-397.0,-142418.0,6.642,-18.94
28780.0,-484.0,-133173.0,3.5,-18.94
28784.0,23.0,-124404.0,0.325,-19.18
28788.0,2.0,-104251.0,-2.667,-19.18
28792.0,-155.0,-93916.0,5.325,-19.18
28795.0,-78.0,-84681.0,10.942,-19.43
28800.0,3.0,-76844.0,10.025,-18.94
28804.0,46.0,-63155.0,4.9,-19.43
28808.0,243.0,-56878.0,3.658,-19.67
28811.0,-28.0,-50821.0,8.392,-19.67
28815.0,241.0,-45060.0,9.75,-19.92
28819.0,28.0,-35169.0,10.383,-19.18
28823.0,71.0,-30190.0,13.175,-19.43
28826.0,26.0,-26621.0,13.65,-19.67
28830.0,155.0,-23982.0,12.833,-18.94
28834.0,212.0,-21235.0,12.958,-19.43
28838.0,89.0,-15764.0,13.408,-19.43
28843.0,-34.0,-12671.0,13.883,-19.43
28846.0,-191.0,-10202.0,14.667,-19.67
28850.0,-238.0,-8445.0,15.842,-19.67
28854.0,-101.0,-4648.0,14.842,-19.67
28858.0,-10.0,-2703.0,12.742,-19.43
28862.0,185.0,-1882.0,12.167,-18.94
28865.0,232.0,-515.0,12.442,-19.43
28869.0,13.0,2656.0,12.208,-19.18
28873.0,-18.0,4829.0,12.175,-18.45
28876.0,159.0,6282.0,12.467,-18.45
28880.0,94.0,7185.0,12.583,-17.47
28884.0,137.0,8100.0,12.342,-17.96
28889.0,172.0,10969.0,12.125,-17.23
28893.0,-49.0,12008.0,11.817,-17.23
28896.0,-148.0,13357.0,12.0,-17.23
28900.0,39.0,14624.0,11.633,-16.74
28904.0,-178.0,17139.0,11.508,-16.01
28908.0,-259.0,18698.0,12.317,-16.25
28911.0,62.0,19715.0,12.75,-15.52
28915.0,157.0,20142.0,12.475,-15.03
28919.0,204.0,21663.0,11.542,-15.03
28923.0,-215.0,22778.0,10.8,-14.78
28928.0,-126.0,23773.0,10.342,-13.81
28932.0,303.0,23926.0,9.642,-13.81
28935.0,236.0,25179.0,9.108,-13.07
28939.0,-185.0,26210.0,9.225,-13.32
28943.0,-134.0,26559.0,9.083,-12.59
28947.0,287.0,27310.0,8.717,-12.34
28950.0,26.0,28615.0,8.042,-11.12
28954.0,-137.0,29594.0,7.808,-11.61
28958.0,-86.0,29867.0,7.9,-11.12
28962.0,155.0,30440.0,7.992,-10.39
28965.0,70.0,30797.0,8.075,-10.14
28969.0,83.0,31728.0,7.958,-9.16
28974.0,-28.0,32353.0,7.375,-9.41
28978.0,-53.0,32738.0,6.717,-8.92
28981.0,210.0,32857.0,6.158,-8.19
28985.0,111.0,32822.0,5.817,-7.45
28989.0,210.0,34027.0,5.7,-7.7
28992.0,39.0,34564.0,5.875,-7.21
28996.0,-116.0,35111.0,6.275,-6.72
29000.0,-9.0,35398.0,6.45,-6.23
29004.0,-64.0,35467.0,5.625,-5.5
29007.0,-269.0,36212.0,4.492,-5.5
29011.0,-368.0,36385.0,3.708,-5.01
29016.0,-29.0,36402.0,3.633,-4.28
29019.0,10.0,36827.0,3.658,-4.28
29023.0,-211.0,36958.0,3.267,-3.79
29027.0,-362.0,37053.0,2.525,-3.3
29031.0,-131.0,36592.0,1.708,-2.57
29034.0,148.0,36871.0,1.917,-1.59
29038.0,373.0,37704.0,2.567,-1.83
29042.0,116.0,38715.0,3.058,-1.34
29045.0,-179.0,38510.0,2.6,-0.37
29049.0,200.0,37889.0,1.767,0.12
29053.0,111.0,37932.0,0.733,-0.12
29058.0,112.0,38485.0,0.008,0.37
29061.0,83.0,38284.0,-0.375,0.37
29065.0,212.0,38215.0,-0.842,1.1
29069.0,171.0,38250.0,-1.35,1.59
29073.0,-74.0,38347.0,-1.858,1.59
29076.0,-153.0,38278.0,-2.117,1.83
29080.0,2.0,37829.0,-2.05,2.81
29084.0,-73.0,37606.0,-1.833,3.3
29087.0,42.0,37939.0,-1.275,4.03
29091.0,43.0,38336.0,-0.667,4.52
29095.0,30.0,38213.0,-0.15,5.01
29099.0,-83.0,38014.0,-0.092,5.74
29103.0,30.0,37801.0,-0.317,6.23
29107.0,99.0,37990.0,-0.608,6.48
29110.0,-280.0,37937.0,-1.0,6.72
29114.0,-385.0,37784.0,-1.067,7.45
29118.0,-270.0,37507.0,-0.967,7.21
29122.0,-137.0,37414.0,-0.658,7.45
29125.0,132.0,37775.0,-0.442,7.94
29129.0,191.0,37382.0,-0.333,7.94
29133.0,90.0,37103.0,-0.283,8.19
29136.0,181.0,37446.0,-0.475,8.43
29140.0,4.0,37819.0,-0.725,8.43
29145.0,13.0,37590.0,-0.967,8.68
29148.0,14.0,36815.0,-0.975,9.16
29152.0,227.0,37114.0,-0.825,8.43
29156.0,94.0,37463.0,-0.383,8.43
29160.0,183.0,37112.0,-0.083,7.94
29163.0,204.0,36909.0,-0.15,7.45
29167.0,5.0,36676.0,-0.408,7.45
29171.0,-170.0,36809.0,-0.742,7.7
29174.0,-139.0,36686.0,-1.017,7.45
29178.0,222.0,36413.0,-0.917,6.72
29182.0,519.0,36236.0,-0.617,6.96
29187.0,100.0,36175.0,-0.333,6.48
29190.0,-381.0,36238.0,-0.167,7.45
29194.0,-270.0,36493.0,-0.25,6.72
29198.0,13.0,36366.0,-0.375,7.21
29201.0,96.0,36107.0,-0.55,6.48
29205.0,283.0,36212.0,-0.675,7.21
29209.0,120.0,36263.0,-0.708,6.72
29213.0,-259.0,35860.0,-0.525,6.96
29216.0,362.0,35643.0,-0.6,6.48
29220.0,115.0,36076.0,-0.475,6.48
29224.0,-122.0,36267.0,-0.342,6.48
29228.0,131.0,35976.0,-0.25,6.48
29232.0,236.0,35329.0,-0.317,6.72
29236.0,17.0,35264.0,-0.408,6.72
29240.0,-144.0,35695.0,-0.517,6.96
29243.0,-167.0,35730.0,-0.592,6.96
29247.0,194.0,35447.0,-0.592,6.72
29251.0,-201.0,35088.0,-0.442,6.48
29254.0,-256.0,35399.0,-0.242,6.48
29258.0,11.0,35404.0,-0.233,6.96
29262.0,90.0,35261.0,-0.275,6.23
29266.0,-261.0,34942.0,-0.4,6.48
29270.0,-102.0,34777.0,-0.558,6.48
29274.0,-3.0,35424.0,-0.592,6.48
29278.0,32.0,35385.0,-0.475,6.48
29281.0,125.0,34620.0,-0.425,6.72
29285.0,64.0,34689.0,-0.275,6.48
29289.0,-17.0,35004.0,-0.25,6.48
29292.0,-294.0,35023.0,-0.317,6.48
29296.0,-189.0,34850.0,-0.333,6.48
29300.0,-132.0,34555.0,-0.442,6.48
29304.0,-83.0,34542.0,-0.408,6.48
29307.0,120.0,34801.0,-0.483,6.96
29312.0,283.0,34878.0,-0.408,6.48
29316.0,326.0,34767.0,-0.225,6.48
29319.0,-307.0,34904.0,-0.217,6.48
29323.0,-228.0,34941.0,-0.192,6.48
29327.0,25.0,34516.0,-0.275,6.48
29331.0,302.0,34335.0,-0.308,6.48
29334.0,73.0,34068.0,-0.383,6.96
29338.0,92.0,34291.0,-0.367,6.48
29342.0,49.0,34670.0,-0.325,6.23
29345.0,-126.0,33921.0,-0.308,6.48
29349.0,-43.0,34082.0,-0.292,6.72
29353.0,142.0,34197.0,-0.258,6.72
29358.0,151.0,34312.0,-0.283,6.48
29361.0,130.0,33947.0,-0.325,6.48
29365.0,133.0,33872.0,-0.333,6.48
29369.0,194.0,33995.0,-0.392,6.72
29372.0,-121.0,34112.0,-0.325,6.23
29376.0,-132.0,34167.0,-0.333,6.23
29380.0,147.0,33838.0,-0.325,6.23
29384.0,266.0,33899.0,-0.267,6.48
29387.0,249.0,34032.0,-0.258,6.48
29391.0,112.0,34021.0,-0.233,6.96
29395.0,-151.0,33994.0,-0.292,6.72
29400.0,-252.0,33733.0,-0.358,6.48
29403.0,-153.0,34046.0,-0.3,6.48
29407.0,20.0,34217.0,-0.242,6.48
29411.0,151.0,34112.0,-0.275,6.72
29414.0,32.0,33383.0,-0.267,6.48
29418.0,31.0,33256.0,-0.242,6.96
29422.0,-152.0,33385.0,-0.242,6.23
29426.0,-329.0,33898.0,-0.2,6.48
29429.0,-12.0,33749.0,-0.267,6.72
29433.0,405.0,33206.0,-0.275,6.96
29437.0,200.0,33437.0,-0.358,6.96
29441.0,-407.0,33732.0,-0.325,6.48
29445.0,-66.0,33705.0,-0.283,6.48
29449.0,-5.0,33634.0,-0.292,6.48
29452.0,-96.0,33613.0,-0.242,6.48
29456.0,229.0,33970.0,-0.233,6.48
29460.0,-206.0,33567.0,-0.225,6.48
29464.0,-423.0,33250.0,-0.2,7.45
29467.0,-382.0,33249.0,-0.275,6.72
29471.0,-111.0,33394.0,-0.25,6.96
29475.0,90.0,33265.0,-0.175,6.48
29478.0,203.0,33320.0,-0.242,6.48
29483.0,108.0,33193.0,-0.183,6.96
29487.0,77.0,33482.0,-0.2,6.72
29491.0,182.0,33499.0,-0.217,6.48
29494.0,-275.0,33410.0,-0.192,6.72
29498.0,80.0,33099.0,-0.217,6.48
29502.0,25.0,32752.0,-0.25,6.72
29505.0,70.0,33355.0,-0.192,6.72
29509.0,309.0,33654.0,-0.242,6.48
29513.0,58.0,33297.0,-0.208,6.48
29516.0,189.0,33052.0,-0.167,6.96
29520.0,358.0,33169.0,-0.2,6.48
29524.0,247.0,32902.0,-0.292,6.96
29529.0,286.0,32761.0,-0.275,6.48
29532.0,351.0,32620.0,-0.25,6.48
29536.0,362.0,32457.0,-0.225,6.48
29540.0,173.0,33422.0,-0.2,6.48
29544.0,-104.0,33043.0,-0.117,6.48
29547.0,17.0,32572.0,-0.2,6.48
29551.0,106.0,32527.0,-0.167,6.48
29555.0,-249.0,32784.0,-0.25,6.48
29558.0,-156.0,32969.0,-0.208,6.48
29562.0,5.0,32738.0,-0.183,6.48
29566.0,182.0,32531.0,-0.275,6.48
29571.0,311.0,32612.0,-0.208,6.48
29574.0,148.0,32875.0,-0.2,6.48
29578.0,145.0,32670.0,-0.208,6.48
29582.0,54.0,32439.0,-0.192,6.96
29585.0,-73.0,32510.0,-0.167,6.48
29589.0,-240.0,32659.0,-0.242,6.48
29593.0,-227.0,32598.0,-0.175,6.23
29597.0,-78.0,32249.0,-0.208,6.48
29600.0,571.0,32188.0,-0.183,6.48
29604.0,34.0,32417.0,-0.167,6.48
29608.0,-229.0,32630.0,-0.233,6.23
29612.0,-162.0,32505.0,-0.167,6.48
29616.0,-3.0,32270.0,-0.15,6.96
29620.0,-228.0,32519.0,-0.183,6.48
29623.0,-55.0,32528.0,-0.183,6.23
29627.0,196.0,32679.0,-0.133,6.72
29631.0,63.0,32072.0,-0.183,6.48
29635.0,70.0,32079.0,-0.183,6.48
29638.0,-141.0,32224.0,-0.133,6.48
29642.0,-276.0,32695.0,-0.15,6.48
29646.0,69.0,31988.0,-0.158,6.23
29649.0,164.0,31891.0,-0.142,6.48
29654.0,-31.0,32178.0,-0.15,6.48
29658.0,142.0,32417.0,-0.233,6.48
29661.0,133.0,32498.0,-0.167,6.48
29665.0,94.0,31789.0,-0.183,6.96
29669.0,19.0,32170.0,-0.175,7.7
29673.0,204.0,32339.0,-0.225,6.48
29676.0,207.0,32314.0,-0.2,6.48
29680.0,-60.0,31833.0,-0.158,6.48
29684.0,321.0,32080.0,-0.158,6.23
29687.0,-96.0,32287.0,-0.133,6.48
29691.0,-513.0,32412.0,-0.15,6.48
29696.0,-104.0,32253.0,-0.167,6.48
29700.0,277.0,31944.0,-0.158,6.72
29703.0,252.0,32193.0,-0.167,6.48
29707.0,171.0,32220.0,-0.15,6.48
29711.0,234.0,32075.0,-0.133,6.96
29714.0,-277.0,31904.0,-0.083,6.48
29718.0,-316.0,31933.0,-0.117,6.72
29722.0,87.0,32142.0,-0.142,6.48
29726.0,20.0,32155.0,-0.083,6.48
29729.0,121.0,32066.0,-0.108,6.96
29733.0,-134.0,31763.0,-0.092,6.23
29737.0,-391.0,31944.0,-0.167,6.48
29742.0,-38.0,32183.0,-0.117,6.96
29745.0,211.0,32030.0,-0.067,6.23
29749.0,200.0,31905.0,-0.142,6.48
29753.0,263.0,32092.0,-0.158,6.48
29756.0,178.0,32143.0,-0.167,6.48
29760.0,117.0,32140.0,-0.183,6.72
29764.0,18.0,31941.0,-0.142,6.23
29768.0,19.0,31478.0,-0.183,6.96
29771.0,-174.0,31521.0,-0.133,6.48
29775.0,99.0,31762.0,-0.1,6.96
29779.0,326.0,31713.0,-0.025,6.48
29783.0,267.0,31572.0,-0.108,6.48
29787.0,-16.0,31423.0,-0.125,6.96
29791.0,-315.0,31800.0,-0.133,6.48
29795.0,-74.0,32033.0,-0.133,6.48
29798.0,83.0,31814.0,-0.108,6.48
29802.0,-100.0,31455.0,-0.158,6.48
29806.0,81.0,31802.0,-0.117,6.48
29809.0,-28.0,31653.0,-0.1,6.48
29813.0,-275.0,31202.0,-0.125,6.96
29817.0,-14.0,31237.0,-0.1,6.96
29820.0,279.0,31538.0,-0.083,6.48
29825.0,276.0,31943.0,-0.15,6.48
29829.0,413.0,31522.0,-0.133,6.48
29833.0,106.0,31509.0,-0.142,6.48
29836.0,-311.0,31500.0,-0.108,6.96
29840.0,-392.0,31539.0,-0.167,6.48
29844.0,-109.0,31236.0,-0.075,6.96
29848.0,294.0,31037.0,-0.083,6.48
29851.0,47.0,31314.0,-0.092,6.48
29855.0,86.0,31343.0,-0.125,6.48
29859.0,-45.0,31710.0,-0.175,6.96
29862.0,-72.0,31411.0,-0.142,6.72
29867.0,-103.0,31092.0,-0.083,6.48
29871.0,20.0,30929.0,-0.067,6.48
29874.0,-17.0,31338.0,-0.108,6.48
29878.0,102.0,31623.0,-0.05,7.21
29882.0,181.0,31214.0,-0.083,6.48
29886.0,238.0,31151.0,-0.133,6.96
29889.0,5.0,31428.0,-0.125,6.48
29893.0,88.0,31811.0,-0.1,6.48
29897.0,273.0,31324.0,-0.067,6.72
29900.0,218.0,31079.0,-0.083,6.96
29904.0,-141.0,31240.0,-0.067,6.48
29908.0,106.0,31531.0,-0.058,6.72
29912.0,-29.0,31430.0,-0.108,6.96
29916.0,-56.0,30959.0,-0.15,6.48
29920.0,123.0,30964.0,-0.133,6.48
29924.0,364.0,31463.0,-0.083,6.72
29927.0,-169.0,31496.0,-0.117,6.48
29931.0,-378.0,31099.0,-0.125,6.72
29935.0,-75.0,30688.0,-0.108,6.72
29938.0,-12.0,30993.0,-0.108,6.48
29942.0,137.0,31390.0,-0.083,6.48
29946.0,70.0,30885.0,-0.125,6.48
29950.0,-31.0,30968.0,-0.108,6.48
29954.0,240.0,30927.0,-0.158,6.72
29958.0,203.0,31246.0,-0.092,6.48
29962.0,-148.0,31289.0,-0.1,6.48
29965.0,-201.0,30858.0,-0.05,6.48
29969.0,-130.0,30647.0,-0.108,6.72
29973.0,225.0,30976.0,-0.092,6.23
29977.0,120.0,31051.0,-0.075,6.48
29980.0,111.0,30838.0,-0.008,6.96
29984.0,134.0,31003.0,-0.15,6.96
29988.0,-161.0,31400.0,-0.125,6.96
29991.0,190.0,31307.0,-0.092,6.48
29996.0,-41.0,30998.0,-0.067,6.48
30000.0,-68.0,30507.0,-0.033,6.96
30004.0,123.0,31094.0,-0.075,6.48
30007.0,-102.0,31341.0,-0.1,6.72
30011.0,-105.0,31078.0,-0.067,6.48
30015.0,262.0,30619.0,-0.067,6.23
30018.0,1.0,30492.0,-0.083,6.23
30022.0,-250.0,31351.0,-0.083,6.48
30026.0,-101.0,30762.0,-0.075,6.48
30030.0,-20.0,30329.0,-0.067,6.48
30033.0,-267.0,30120.0,-0.1,6.48
30038.0,-452.0,30433.0,-0.033,6.48
30042.0,13.0,30968.0,-0.092,6.48
30045.0,-82.0,30667.0,-0.058,6.48
30049.0,-281.0,30520.0,-0.1,6.48
30053.0,-164.0,30481.0,-0.075,6.48
30057.0,175.0,30638.0,-0.075,6.48
30060.0,184.0,30667.0,-0.083,6.96
30064.0,-205.0,30606.0,-0.042,6.23
30068.0,-230.0,30541.0,-0.083,6.48
30071.0,159.0,30622.0,-0.142,6.96
30075.0,-112.0,30635.0,-0.108,6.48
30080.0,-215.0,30582.0,-0.083,6.96
30084.0,-162.0,30657.0,-0.083,6.48
30087.0,-351.0,30718.0,-0.017,6.48
30091.0,-26.0,30941.0,-0.092,7.21
30095.0,215.0,30730.0,-0.058,6.48
30098.0,224.0,30565.0,-0.133,6.72
30102.0,-321.0,30386.0,-0.05,6.72
30106.0,-122.0,30549.0,-0.042,6.72
30110.0,205.0,30788.0,-0.083,6.48
30113.0,-140.0,30695.0,-0.033,6.72
30117.0,-277.0,30344.0,-0.075,6.48
30121.0,20.0,30595.0,-0.067,6.72
30126.0,79.0,30490.0,-0.1,6.48
30129.0,-226.0,30305.0,-0.058,7.45
30133.0,-215.0,30410.0,-0.1,6.48
30137.0,-108.0,30727.0,-0.092,6.48
30140.0,-9.0,30662.0,-0.108,6.48
30144.0,-46.0,30491.0,-0.042,6.48
30148.0,317.0,30436.0,-0.092,6.72
30151.0,230.0,30737.0,-0.075,6.48
30155.0,33.0,30958.0,-0.058,6.48
30159.0,200.0,31047.0,-0.058,6.48
30163.0,79.0,30458.0,-0.092,6.48
30167.0,-118.0,30481.0,-0.058,6.96
30171.0,-163.0,30620.0,-0.025,6.48
30175.0,-324.0,30675.0,-0.083,6.48
30178.0,-325.0,30568.0,-0.05,6.96
30182.0,24.0,30367.0,-0.067,6.96
30186.0,219.0,30508.0,-0.017,6.72
30190.0,252.0,30651.0,-0.008,6.48
30193.0,67.0,30694.0,-0.042,6.72
30197.0,24.0,30541.0,-0.092,6.48
30201.0,-107.0,30428.0,-0.033,6.48
30204.0,-78.0,30597.0,-0.067,6.48
30209.0,-421.0,30636.0,-0.092,6.48
30213.0,-108.0,30513.0,-0.058,6.48
30217.0,-51.0,30264.0,-0.092,6.48
30220.0,-156.0,30185.0,-0.058,6.48
30224.0,-129.0,30424.0,-0.067,6.48
30228.0,-184.0,30359.0,-0.033,6.48
30231.0,89.0,30196.0,-0.1,6.48
30235.0,124.0,30445.0,-0.033,6.72
30239.0,61.0,30424.0,-0.05,6.48
30242.0,-64.0,30395.0,-0.067,6.48
30246.0,11.0,30146.0,-0.108,6.72
30251.0,148.0,30029.0,-0.058,6.48
30255.0,-25.0,30524.0,-0.05,6.96
30258.0,-80.0,30485.0,-0.05,6.96
30262.0,67.0,30332.0,-0.042,6.96
30266.0,332.0,30317.0,-0.05,6.23
30269.0,401.0,30374.0,0.017,6.48
30273.0,94.0,30027.0,-0.067,6.48
30277.0,195.0,30430.0,-0.008,6.48
30280.0,2.0,30217.0,-0.075,6.48
30284.0,-379.0,30146.0,-0.042,6.48
30288.0,-254.0,30355.0,0.0,6.96
30291.0,49.0,30262.0,-0.033,6.48
30296.0,-34.0,29995.0,0.0,6.23
30300.0,-57.0,29954.0,-0.042,6.23
30303.0,6.0,29923.0,-0.075,6.48
30307.0,-47.0,30178.0,-0.067,6.48
30311.0,64.0,30147.0,-0.083,6.48
30314.0,-227.0,30358.0,-0.092,6.96
30318.0,-90.0,30479.0,-0.05,6.48
30322.0,289.0,30046.0,-0.067,6.23
30326.0,204.0,29911.0,-0.083,6.72
30329.0,119.0,29700.0,-0.042,6.48
30333.0,-154.0,29729.0,-0.008,6.48
30338.0,-97.0,30272.0,-0.033,6.72
30341.0,110.0,30353.0,-0.1,6.23
30345.0,149.0,30124.0,-0.058,6.48
30349.0,-74.0,30017.0,-0.075,6.96
30353.0,61.0,30148.0,-0.008,6.48
30356.0,102.0,30475.0,-0.042,6.48
30360.0,43.0,30484.0,-0.033,6.48
30364.0,-34.0,29397.0,-0.033,6.48
30367.0,295.0,29756.0,-0.033,6.72
30371.0,568.0,29931.0,-0.05,6.48
30375.0,93.0,29930.0,-0.075,6.23
30379.0,-80.0,29891.0,-0.025,6.48
30383.0,-175.0,30138.0,-0.075,6.48
30387.0,-244.0,30041.0,-0.083,6.48
30391.0,-29.0,30054.0,-0.092,6.72
30394.0,192.0,29949.0,-0.033,6.48
30398.0,-61.0,29732.0,-0.033,6.72
30402.0,-124.0,29811.0,-0.058,6.23
30405.0,-175.0,30272.0,-0.042,6.48
30409.0,-170.0,30307.0,-0.008,6.48
30413.0,-233.0,29818.0,-0.05,6.72
30417.0,444.0,29791.0,-0.042,6.72
30420.0,339.0,30214.0,-0.033,6.72
30425.0,352.0,30363.0,-0.017,6.96
30429.0,203.0,29944.0,-0.05,6.96
30432.0,-182.0,29737.0,-0.067,6.48
30436.0,-241.0,29886.0,-0.008,6.48
30440.0,18.0,30107.0,-0.067,6.23
30444.0,305.0,29948.0,-0.008,6.72
30447.0,56.0,29997.0,-0.083,6.96
30451.0,-245.0,29800.0,-0.025,6.23
30455.0,-142.0,30023.0,-0.117,6.48
30458.0,-43.0,30006.0,-0.05,6.72
30462.0,354.0,29713.0,-0.042,6.72
30467.0,541.0,29412.0,0.0,6.48
30471.0,98.0,30039.0,0.008,6.48
30474.0,-45.0,30314.0,-0.042,6.48
30478.0,-184.0,30199.0,-0.05,6.48
30482.0,199.0,29846.0,-0.058,6.23
30485.0,168.0,29747.0,-0.058,6.96
30489.0,77.0,30002.0,0.017,6.48
30493.0,-38.0,29683.0,-0.05,6.48
30496.0,-97.0,29614.0,-0.017,6.48
30500.0,-84.0,29781.0,-0.05,6.48
30504.0,-127.0,29840.0,0.0,6.48
30508.0,152.0,29803.0,-0.025,6.96
30512.0,261.0,29756.0,-0.025,6.23
30516.0,-42.0,29511.0,-0.017,6.72
30520.0,-53.0,29562.0,-0.025,6.48
30523.0,226.0,29761.0,-0.067,6.72
30527.0,159.0,29566.0,-0.033,6.96
30531.0,52.0,29337.0,-0.05,6.72
30534.0,289.0,29396.0,-0.008,6.48
30538.0,376.0,29589.0,0.0,6.48
30542.0,149.0,29952.0,-0.067,6.96
30545.0,110.0,29737.0,-0.017,6.48
30550.0,23.0,29668.0,-0.1,6.23
30554.0,-48.0,29579.0,-0.017,6.48
30558.0,7.0,29730.0,-0.042,6.48
30561.0,158.0,29525.0,-0.017,6.48
30565.0,183.0,29536.0,-0.083,6.96
30569.0,180.0,29805.0,-0.008,6.48
30572.0,53.0,29874.0,0.017,6.96
30576.0,358.0,30129.0,-0.05,6.48
30580.0,185.0,29740.0,0.0,6.72
30583.0,318.0,29673.0,-0.075,6.48
30587.0,23.0,29812.0,-0.058,6.72
30592.0,116.0,30027.0,-0.067,6.23
30596.0,159.0,29792.0,0.008,6.72
30599.0,-8.0,29287.0,-0.008,6.48
30603.0,-357.0,29482.0,-0.05,6.48
30607.0,-632.0,29821.0,-0.075,6.48
30610.0,-299.0,29810.0,-0.058,6.48
30614.0,-62.0,29521.0,-0.058,6.23
30618.0,79.0,29658.0,-0.108,6.48
30621.0,316.0,29499.0,-0.117,6.23
30625.0,7.0,29526.0,-0.067,6.48
30629.0,-298.0,29535.0,-0.05,6.72
30633.0,-173.0,29258.0,-0.017,6.96
30637.0,84.0,29739.0,-0.075,6.96
30641.0,259.0,30126.0,-0.1,6.96
30645.0,158.0,30171.0,-0.042,6.96
30648.0,-35.0,29740.0,-0.008,6.48
30652.0,-12.0,29627.0,-0.017,6.48
30656.0,-81.0,29678.0,-0.008,6.48
30659.0,-18.0,29609.0,0.025,6.96
30663.0,1.0,29524.0,-0.008,6.23
30667.0,300.0,29407.0,-0.025,6.48
30670.0,69.0,29694.0,-0.042,6.72
30674.0,-108.0,29519.0,-0.033,6.48
30679.0,-371.0,29524.0,-0.058,6.72
30683.0,138.0,29551.0,-0.042,6.48
30686.0,-149.0,29778.0,-0.067,6.96
30690.0,-30.0,29793.0,-0.033,6.96
30694.0,137.0,29888.0,-0.05,6.72
30697.0,28.0,29393.0,0.0,6.48
30701.0,-57.0,29422.0,-0.033,6.48
30705.0,-216.0,29717.0,-0.05,6.72
30708.0,9.0,29540.0,0.0,6.23
30712.0,22.0,29419.0,0.0,6.23
30716.0,423.0,29462.0,-0.025,6.96
30720.0,-30.0,29697.0,0.0,7.21
30724.0,21.0,29556.0,-0.05,6.48
30728.0,-50.0,29161.0,-0.05,6.48
30731.0,-55.0,29038.0,-0.025,6.96
30735.0,-292.0,29245.0,0.008,6.72
30739.0,-69.0,29438.0,-0.025,6.48
30742.0,-90.0,29925.0,-0.058,6.96
30746.0,5.0,29566.0,-0.025,7.45
30750.0,-186.0,29263.0,0.017,6.48
30754.0,-539.0,29412.0,-0.067,6.23
30757.0,304.0,29525.0,-0.083,6.96
30761.0,613.0,29382.0,-0.042,6.48
30766.0,352.0,29301.0,-0.017,6.23
30769.0,165.0,29258.0,-0.058,6.48
30773.0,322.0,29643.0,-0.017,6.48
30777.0,19.0,29974.0,-0.042,6.48
30781.0,20.0,28941.0,-0.067,6.48
30784.0,145.0,29204.0,-0.025,6.23
30788.0,186.0,29895.0,0.0,6.23
30792.0,181.0,29722.0,-0.075,6.48
30795.0,322.0,29351.0,0.025,6.96
30799.0,233.0,29162.0,-0.067,6.72
30803.0,-106.0,29409.0,-0.067,6.96
30808.0,-87.0,29478.0,-0.033,6.48
30811.0,-446.0,29359.0,-0.058,6.48
30815.0,-263.0,29094.0,-0.017,6.48
30819.0,-36.0,29455.0,-0.033,6.48
30822.0,-199.0,29520.0,0.0,7.7
30826.0,54.0,29435.0,-0.008,6.48
30830.0,-9.0,29272.0,-0.042,6.48
30833.0,-64.0,29171.0,-0.033,6.48
30837.0,-35.0,29360.0,-0.05,6.48
30841.0,-4.0,29519.0,-0.075,6.48
30844.0,-21.0,29634.0,-0.025,6.96
30849.0,-78.0,29359.0,-0.058,6.96
30853.0,-205.0,29410.0,-0.042,6.23
30856.0,112.0,29461.0,0.008,6.23
30860.0,97.0,29330.0,-0.008,6.96
30864.0,98.0,29251.0,0.058,6.48
30868.0,427.0,29358.0,-0.008,6.23
30871.0,154.0,29635.0,-0.025,6.48
30875.0,-127.0,29446.0,-0.017,6.72
30879.0,-226.0,29213.0,0.008,6.72
30882.0,-59.0,29188.0,-0.025,6.23
30886.0,130.0,29289.0,-0.008,6.96
30891.0,91.0,29368.0,-0.008,7.21
30894.0,246.0,29375.0,-0.017,6.96
30898.0,367.0,28966.0,-0.025,6.48
30902.0,-68.0,28919.0,-0.033,6.23
30906.0,-97.0,29480.0,-0.067,6.23
30909.0,50.0,29435.0,-0.008,6.72
30913.0,175.0,29110.0,-0.075,6.72
30917.0,210.0,29217.0,0.0,6.72
30920.0,-119.0,29538.0,0.033,6.23
30924.0,-244.0,29311.0,-0.042,6.23
30928.0,-185.0,29040.0,-0.042,6.48
30932.0,-124.0,28897.0,-0.067,6.72
30936.0,129.0,29210.0,-0.025,6.48
30940.0,184.0,29573.0,-0.025,6.96
30944.0,189.0,29346.0,-0.025,6.48
30947.0,18.0,28831.0,-0.017,6.48
30951.0,-103.0,28942.0,0.017,6.48
30955.0,318.0,29547.0,-0.025,6.48
30959.0,239.0,29284.0,-0.008,6.48
30962.0,252.0,28943.0,-0.05,6.48
30966.0,17.0,28910.0,-0.033,6.23
30970.0,-74.0,29079.0,0.0,6.48
30973.0,-291.0,29308.0,0.0,6.48
30978.0,-234.0,29245.0,0.0,6.48
30982.0,-97.0,29016.0,0.0,6.72
30985.0,170.0,29099.0,0.008,6.48
30989.0,-213.0,29316.0,-0.058,6.48
30993.0,200.0,29451.0,0.058,6.23
30996.0,41.0,29044.0,-0.058,6.48
31000.0,-100.0,29031.0,0.0,6.48
31004.0,-47.0,29114.0,-0.017,6.48
31007.0,-158.0,29571.0,-0.025,6.96
31011.0,323.0,29562.0,-0.025,6.48
31015.0,214.0,28595.0,-0.05,6.48
31020.0,203.0,29122.0,0.025,6.48
31023.0,218.0,29453.0,-0.083,6.23
31027.0,-171.0,29354.0,-0.008,6.48
31031.0,-24.0,28935.0,-0.033,6.48
31034.0,177.0,28998.0,-0.033,6.72
31038.0,-192.0,29335.0,0.0,6.48
31042.0,-113.0,29342.0,-0.05,6.48
31046.0,48.0,29261.0,-0.058,6.48
31049.0,63.0,28886.0,-0.017,6.48
31053.0,332.0,28849.0,-0.025,6.48
31057.0,173.0,29106.0,0.0,6.48
31060.0,-144.0,29095.0,-0.042,6.96
31065.0,-283.0,28946.0,-0.067,6.48
31069.0,-100.0,29099.0,0.008,6.96
31072.0,-101.0,29420.0,-0.033,6.96
31076.0,-250.0,29339.0,-0.042,6.48
31080.0,75.0,28978.0,-0.017,6.96
31084.0,-8.0,28577.0,-0.067,6.96
31087.0,-387.0,29168.0,-0.042,6.48
31091.0,-46.0,29355.0,-0.058,6.72
31095.0,101.0,29418.0,-0.025,6.23
31098.0,-118.0,29187.0,0.008,6.48
31102.0,-43.0,29266.0,-0.025,6.48
31107.0,-154.0,29315.0,0.008,6.48
31110.0,201.0,29186.0,-0.017,6.48
31114.0,198.0,28929.0,-0.05,6.48
31118.0,47.0,28818.0,-0.033,6.48
31122.0,200.0,28933.0,-0.042,6.96
31125.0,151.0,29076.0,0.017,6.72
31129.0,40.0,29059.0,-0.008,6.48
31133.0,105.0,29116.0,0.017,6.96
31136.0,40.0,29161.0,0.025,6.48
31140.0,-13.0,29070.0,0.008,6.48
31144.0,188.0,29183.0,0.0,6.72
31148.0,9.0,29122.0,0.0,6.48
31152.0,98.0,28615.0,0.025,6.48
31156.0,159.0,29114.0,-0.025,6.48
31159.0,244.0,29065.0,-0.017,6.23
31163.0,277.0,28824.0,-0.008,6.48
31167.0,162.0,28529.0,-0.008,6.72
31171.0,-199.0,28990.0,-0.008,6.48
31174.0,-402.0,29327.0,0.0,6.96
31178.0,-143.0,28906.0,0.017,6.23
31182.0,-98.0,28989.0,0.017,6.72
31185.0,153.0,28850.0,0.008,6.48
31190.0,58.0,29349.0,-0.033,6.48
31194.0,-125.0,29012.0,-0.008,6.72
31198.0,120.0,28669.0,0.05,6.48
31201.0,353.0,28722.0,0.025,6.48
31205.0,288.0,29113.0,-0.008,6.48
31209.0,-29.0,29372.0,-0.05,6.48
31212.0,156.0,28999.0,-0.017,6.96
31216.0,57.0,28946.0,-0.033,6.23
31220.0,-130.0,28771.0,-0.042,6.72
31223.0,75.0,28866.0,-0.008,6.48
31227.0,224.0,29179.0,-0.05,6.48
31232.0,159.0,28714.0,-0.025,6.48
31236.0,-30.0,29029.0,-0.058,6.23
31239.0,31.0,29114.0,0.0,6.48
31243.0,-204.0,28927.0,-0.008,6.72
31247.0,-147.0,28672.0,0.008,6.96
31250.0,-64.0,28607.0,-0.042,6.72
31254.0,-13.0,29158.0,-0.033,6.72
31258.0,-86.0,29333.0,-0.075,6.48
31261.0,85.0,29370.0,-0.033,6.23
31265.0,246.0,28933.0,-0.008,6.23
31269.0,-53.0,29016.0,0.033,6.23
31272.0,-140.0,29065.0,-0.025,6.72
31277.0,-109.0,28898.0,0.0,6.48
31281.0,-72.0,28853.0,0.0,6.48
31284.0,105.0,28662.0,0.0,6.48
31288.0,396.0,29239.0,-0.017,6.48
31292.0,193.0,29132.0,-0.008,6.48
31296.0,-68.0,28929.0,-0.042,6.48
31299.0,49.0,28726.0,0.0,6.72
31303.0,84.0,29099.0,-0.033,6.72
31307.0,-73.0,28924.0,0.0,6.96
31310.0,170.0,28731.0,0.0,6.48
31314.0,-27.0,28552.0,-0.042,6.96
31319.0,-202.0,28677.0,-0.017,6.48
31322.0,-189.0,28850.0,-0.025,6.23
31326.0,-20.0,28989.0,-0.042,6.96
31330.0,5.0,29128.0,-0.025,6.72
31333.0,52.0,29033.0,-0.008,6.48
31337.0,109.0,28916.0,-0.05,6.23
31341.0,242.0,28621.0,-0.017,6.48
31344.0,71.0,28538.0,-0.008,6.48
31348.0,-266.0,28519.0,-0.017,6.72
31352.0,-9.0,28642.0,-0.033,6.48
31356.0,102.0,28917.0,0.008,6.23
31360.0,193.0,28590.0,0.042,6.48
31364.0,-8.0,28621.0,0.0,6.96
31368.0,187.0,28964.0,-0.058,6.48
31371.0,-152.0,29115.0,-0.042,6.72
31375.0,17.0,29190.0,-0.008,6.48
31379.0,-8.0,28845.0,0.075,6.48
31382.0,107.0,28678.0,-0.042,6.23
31386.0,94.0,28929.0,-0.025,6.48
31390.0,-19.0,29092.0,-0.017,6.48
31393.0,26.0,28861.0,-0.083,6.48
31397.0,15.0,28890.0,-0.033,6.72
31401.0,-30.0,28743.0,0.025,6.48
31405.0,167.0,29036.0,0.008,6.48
31409.0,176.0,29161.0,-0.017,6.72
31413.0,391.0,28446.0,-0.025,6.48
31417.0,302.0,28469.0,-0.008,6.48
31420.0,-43.0,28754.0,-0.033,6.48
31424.0,-240.0,28907.0,0.0,6.48
31428.0,-351.0,28798.0,0.008,6.72
31431.0,-126.0,28877.0,0.008,6.48
31435.0,123.0,28864.0,0.042,6.72
31439.0,254.0,28935.0,0.008,6.48
31443.0,-69.0,28918.0,0.017,6.48
31447.0,2.0,28801.0,0.042,6.48
31451.0,85.0,28934.0,0.042,6.48
31455.0,26.0,28929.0,-0.008,6.48
31458.0,327.0,28924.0,0.025,6.48
31462.0,216.0,28893.0,-0.025,6.23
31466.0,-21.0,28778.0,-0.008,6.48
31469.0,-30.0,29163.0,-0.042,6.48
31473.0,-21.0,28754.0,0.0,6.48
31477.0,50.0,28481.0,-0.033,6.96
31480.0,43.0,28498.0,-0.017,6.23
31484.0,168.0,28543.0,-0.008,6.96
31489.0,229.0,29056.0,-0.025,6.23
31492.0,-12.0,28589.0,-0.025,6.48
31496.0,-61.0,28660.0,-0.017,6.48
31500.0,160.0,28871.0,0.042,6.48
31503.0,179.0,28650.0,0.033,6.96
31507.0,310.0,28775.0,-0.025,6.72
31511.0,363.0,28600.0,0.008,6.96
31515.0,112.0,28463.0,0.0,6.48
31518.0,35.0,28434.0,0.05,6.48
31522.0,32.0,28997.0,0.025,7.21
31526.0,-43.0,28910.0,0.025,6.48
31529.0,-178.0,28569.0,0.025,6.48
31534.0,-65.0,28406.0,-0.033,6.72
31538.0,352.0,28881.0,-0.017,6.48
31541.0,67.0,28538.0,-0.008,6.23
31545.0,-182.0,28533.0,-0.033,6.48
31549.0,3.0,28740.0,0.008,6.48
31553.0,-110.0,28773.0,-0.008,6.48
31556.0,-5.0,28834.0,0.025,6.48
31560.0,298.0,28707.0,0.017,6.48
31564.0,331.0,28508.0,0.0,6.48
31567.0,-276.0,28529.0,0.025,6.48
31571.0,-133.0,28732.0,-0.025,6.96
31576.0,132.0,28857.0,0.05,6.48
31579.0,-57.0,28334.0,0.0,6.72
31583.0,168.0,28309.0,0.008,6.96
31587.0,53.0,28278.0,-0.017,6.48
31590.0,44.0,28887.0,0.017,6.72
31594.0,71.0,28952.0,0.033,6.96
31598.0,-22.0,28631.0,0.025,6.96
31601.0,-31.0,28394.0,0.033,6.48
31605.0,240.0,28855.0,0.0,6.23
31609.0,11.0,29082.0,-0.033,7.21
31612.0,-116.0,28779.0,-0.05,6.48
31617.0,15.0,28626.0,-0.008,6.48
31621.0,2.0,28827.0,0.017,6.48
31625.0,165.0,28956.0,0.017,6.48
31628.0,78.0,28603.0,-0.092,6.48
31632.0,111.0,28454.0,-0.025,6.72
31636.0,78.0,28741.0,-0.033,6.48
31639.0,-223.0,28652.0,0.017,6.48
31643.0,-204.0,28589.0,-0.017,6.72
31647.0,151.0,28402.0,0.025,6.48
31650.0,32.0,28581.0,0.017,6.48
31654.0,-175.0,28988.0,-0.042,6.96
31659.0,464.0,29111.0,0.0,6.96
31663.0,453.0,28494.0,0.017,6.96
31666.0,274.0,28063.0,0.042,6.23
