time_ms,p1,p2,f3,f4
2768.0,15.0,-309.0,0.058,6.48
2771.0,-74.0,-80.0,0.058,6.72
2776.0,-217.0,197.0,0.058,6.48
2779.0,-574.0,316.0,0.108,6.48
2783.0,149.0,-1.0,0.025,6.72
2786.0,306.0,-264.0,0.042,6.72
2790.0,169.0,129.0,0.017,6.48
2793.0,-100.0,196.0,0.092,6.48
2797.0,-81.0,-61.0,0.025,6.48
2800.0,-272.0,-74.0,0.083,6.48
2804.0,-317.0,-95.0,0.15,6.72
2807.0,-58.0,328.0,0.017,6.48
2811.0,3.0,413.0,-0.033,6.48
2814.0,-230.0,-6.0,-0.058,6.48
2819.0,-105.0,-31.0,0.033,6.72
2822.0,-216.0,248.0,-0.017,6.96
2826.0,-345.0,633.0,0.025,6.72
2830.0,-172.0,498.0,0.075,5.99
2833.0,-19.0,55.0,0.033,6.48
2837.0,236.0,198.0,0.025,6.48
2840.0,135.0,305.0,0.025,6.48
2844.0,8.0,114.0,0.025,6.72
2847.0,-121.0,-27.0,0.1,6.96
2851.0,52.0,-108.0,0.108,6.48
2854.0,-303.0,-261.0,0.025,6.48
2859.0,-182.0,-108.0,0.0,6.48
2862.0,-431.0,167.0,0.017,6.48
2866.0,-34.0,-182.0,0.017,6.48
2869.0,169.0,-315.0,0.0,6.48
2873.0,166.0,254.0,0.108,6.48
2876.0,289.0,693.0,0.083,6.96
2880.0,62.0,410.0,-0.083,6.48
2883.0,-45.0,-291.0,-0.058,6.48
2887.0,-140.0,-68.0,-0.008,6.96
2890.0,-279.0,233.0,0.033,6.48
2894.0,-498.0,428.0,0.067,6.48
2898.0,-263.0,189.0,0.058,6.96
2902.0,-74.0,-76.0,-0.025,6.96
2906.0,21.0,-217.0,0.008,7.21
2909.0,248.0,332.0,-0.042,6.48
2913.0,377.0,107.0,0.017,6.96
2916.0,8.0,-24.0,0.067,6.72
2920.0,-137.0,-35.0,0.067,6.96
2923.0,-124.0,-48.0,0.042,6.48
2927.0,-39.0,135.0,0.017,6.72
2930.0,12.0,196.0,-0.017,6.48
2934.0,-85.0,-87.0,0.083,6.48
2937.0,-98.0,104.0,0.1,6.96
2941.0,-353.0,171.0,0.108,6.48
2945.0,-170.0,214.0,0.042,6.48
2949.0,25.0,59.0,0.008,6.72
2952.0,-44.0,-294.0,0.033,6.72
2956.0,-189.0,149.0,0.0,6.96
2959.0,-300.0,200.0,0.083,6.48
2963.0,-293.0,-7.0,0.083,6.72
2966.0,0.0,-78.0,-0.008,6.48
2970.0,-31.0,-303.0,-0.008,6.48
2973.0,-254.0,34.0,-0.033,6.72
2977.0,-129.0,379.0,0.008,6.48
2980.0,52.0,352.0,0.017,7.21
2984.0,151.0,93.0,0.033,6.48
2988.0,-20.0,104.0,0.008,6.48
2992.0,-31.0,225.0,0.0,6.96
2995.0,96.0,90.0,-0.017,6.48
2999.0,233.0,97.0,0.017,6.72
3002.0,152.0,-120.0,0.1,6.48
3006.0,161.0,-243.0,0.025,6.48
3009.0,-142.0,664.0,0.092,6.48
3013.0,-33.0,253.0,-0.025,6.48
3016.0,-118.0,192.0,0.042,6.96
3020.0,-431.0,195.0,0.075,6.96
3023.0,-178.0,52.0,0.092,6.48
3027.0,-213.0,589.0,0.1,6.96
3031.0,0.0,174.0,-0.042,6.48
3035.0,7.0,-83.0,-0.008,6.48
3038.0,-206.0,108.0,0.05,7.45
3042.0,-431.0,303.0,0.1,6.48
3045.0,-228.0,478.0,0.033,6.48
3049.0,39.0,401.0,0.0,6.48
3052.0,210.0,-70.0,0.008,6.48
3056.0,11.0,-287.0,-0.033,6.48
3059.0,-54.0,208.0,0.033,6.96
3063.0,165.0,35.0,0.008,6.96
3066.0,-218.0,-240.0,0.0,6.48
3070.0,-629.0,55.0,0.05,6.48
3074.0,-308.0,100.0,0.058,6.96
3078.0,-53.0,-63.0,-0.042,6.48
3081.0,0.0,-152.0,0.0,6.96
3085.0,-45.0,-133.0,0.025,6.48
3088.0,10.0,166.0,0.05,6.96
3092.0,-127.0,377.0,0.075,6.48
3095.0,-58.0,416.0,0.025,7.21
3099.0,111.0,65.0,0.017,6.48
3102.0,8.0,-126.0,0.017,6.96
3106.0,-37.0,153.0,0.0,6.48
3109.0,-154.0,274.0,0.133,6.96
3113.0,-199.0,189.0,0.017,6.72
3118.0,-152.0,170.0,0.017,6.96
3121.0,-33.0,-195.0,0.008,6.96
3125.0,-124.0,44.0,0.042,6.72
3128.0,81.0,609.0,0.008,6.48
3132.0,92.0,488.0,0.075,6.48
3135.0,-125.0,83.0,0.008,6.96
3139.0,-150.0,20.0,0.0,6.48
3142.0,-141.0,175.0,0.042,6.96
3146.0,70.0,438.0,0.042,6.48
3149.0,171.0,-81.0,0.067,6.72
3153.0,-44.0,20.0,-0.008,6.96
3156.0,-321.0,215.0,0.05,6.96
3161.0,-288.0,406.0,0.075,6.48
3164.0,-121.0,47.0,0.042,6.72
3168.0,342.0,-2.0,0.008,6.48
3171.0,269.0,91.0,0.017,6.48
3175.0,212.0,292.0,0.058,6.72
3178.0,-25.0,417.0,0.042,6.96
3182.0,-436.0,172.0,0.008,6.48
3185.0,-389.0,-215.0,-0.025,6.72
3189.0,-150.0,184.0,0.092,6.48
3192.0,-301.0,145.0,0.008,6.48
3196.0,56.0,124.0,0.033,6.72
3200.0,149.0,31.0,0.008,6.48
3204.0,-136.0,6.0,0.05,6.72
3207.0,-125.0,229.0,0.042,6.48
3211.0,-14.0,438.0,0.05,6.48
3214.0,3.0,87.0,-0.025,6.72
3218.0,86.0,0.0,0.0,6.48
3221.0,149.0,-25.0,0.05,6.48
3225.0,26.0,302.0,0.05,6.48
3228.0,-239.0,347.0,-0.008,6.48
3232.0,-218.0,90.0,0.033,6.72
3235.0,-209.0,89.0,0.075,6.48
3239.0,-214.0,236.0,0.025,6.96
3243.0,-115.0,159.0,0.083,6.48
3247.0,-160.0,140.0,-0.042,6.23
3250.0,-63.0,-269.0,-0.033,6.48
3254.0,158.0,-208.0,0.025,6.96
3258.0,185.0,327.0,0.075,6.48
3261.0,-220.0,482.0,0.033,6.48
3265.0,81.0,513.0,-0.05,6.48
3268.0,-54.0,158.0,0.017,6.72
3272.0,125.0,-165.0,0.033,6.96
3275.0,54.0,226.0,0.042,6.48
3279.0,23.0,73.0,0.05,6.48
3282.0,-96.0,-332.0,0.058,6.72
3287.0,3.0,-221.0,0.058,6.72
3290.0,18.0,158.0,-0.008,6.48
3294.0,-35.0,211.0,0.017,6.48
3297.0,68.0,308.0,0.025,6.48
3301.0,-299.0,-79.0,-0.025,6.48
3304.0,-186.0,292.0,0.075,6.72
3308.0,63.0,405.0,0.017,6.96
3311.0,116.0,76.0,0.042,6.48
3315.0,-11.0,-393.0,0.05,6.96
3318.0,78.0,-282.0,0.008,7.21
3322.0,171.0,-33.0,0.042,6.72
3325.0,380.0,452.0,0.083,6.48
3330.0,153.0,333.0,0.067,6.96
3333.0,-100.0,106.0,0.033,6.48
3337.0,-69.0,159.0,0.067,6.48
3340.0,-116.0,474.0,0.058,6.48
3344.0,83.0,413.0,0.042,6.48
3347.0,282.0,16.0,0.058,6.48
3351.0,259.0,-177.0,0.025,6.48
3355.0,120.0,-126.0,-0.042,6.72
3358.0,-107.0,291.0,-0.008,6.48
3362.0,110.0,12.0,0.025,6.96
3365.0,403.0,-107.0,0.067,6.23
3369.0,132.0,-200.0,0.025,6.48
3373.0,-177.0,25.0,-0.017,6.23
3377.0,-298.0,258.0,-0.058,6.96
3380.0,117.0,33.0,-0.067,6.48
3384.0,-30.0,-154.0,-0.017,6.96
3387.0,167.0,-221.0,0.008,6.48
3391.0,86.0,254.0,0.058,6.48
3394.0,75.0,179.0,0.05,6.72
3398.0,-52.0,-230.0,0.033,6.48
3401.0,-15.0,-327.0,0.092,6.72
3405.0,-466.0,116.0,0.058,6.72
3408.0,-213.0,441.0,0.042,6.48
3412.0,92.0,358.0,0.092,6.96
3417.0,-93.0,437.0,0.025,6.48
3420.0,-140.0,-100.0,0.025,6.48
3424.0,-37.0,121.0,0.025,6.72
3427.0,-34.0,538.0,0.083,6.48
3431.0,-229.0,253.0,0.033,6.48
3434.0,-88.0,-74.0,0.05,6.72
3438.0,-67.0,-441.0,0.008,6.96
3441.0,176.0,334.0,-0.025,6.48
3445.0,39.0,141.0,0.042,6.48
3448.0,-36.0,-120.0,0.0,6.48
3452.0,-365.0,-501.0,0.025,6.48
3456.0,-190.0,-338.0,0.017,6.96
3460.0,-185.0,105.0,0.017,6.48
3463.0,-222.0,236.0,0.075,6.48
3467.0,-207.0,-203.0,0.083,6.48
3470.0,-176.0,-54.0,0.017,6.96
3474.0,147.0,101.0,-0.008,6.23
3478.0,144.0,364.0,0.075,6.48
3481.0,51.0,-9.0,0.042,6.48
3484.0,370.0,-260.0,0.058,6.72
3488.0,419.0,455.0,0.05,6.48
3492.0,150.0,484.0,-0.025,6.48
3495.0,-63.0,287.0,0.05,6.48
3500.0,-40.0,-58.0,-0.025,6.48
3503.0,-143.0,-113.0,-0.008,6.96
3507.0,-344.0,150.0,-0.017,6.48
3510.0,-351.0,217.0,0.067,6.48
3514.0,12.0,-474.0,0.075,6.72
3517.0,197.0,-379.0,0.0,6.96
3521.0,220.0,150.0,0.025,6.48
3524.0,-299.0,229.0,0.05,6.72
3528.0,-494.0,266.0,-0.058,6.48
3531.0,-285.0,83.0,0.017,6.48
3535.0,-162.0,150.0,0.042,6.96
3539.0,-513.0,137.0,0.025,6.48
3543.0,-222.0,104.0,0.058,6.48
3547.0,-97.0,163.0,-0.025,6.48
3550.0,-74.0,240.0,0.033,6.48
3554.0,-65.0,35.0,-0.025,6.72
3557.0,88.0,-80.0,0.083,6.48
3561.0,-181.0,337.0,0.058,6.48
3564.0,58.0,222.0,0.067,6.72
3568.0,-167.0,-125.0,0.05,6.48
3571.0,-72.0,-26.0,-0.05,6.48
3575.0,-25.0,117.0,-0.008,6.48
3578.0,-30.0,74.0,0.017,6.48
3582.0,-5.0,65.0,-0.008,6.96
3586.0,78.0,-102.0,-0.008,6.48
3590.0,125.0,415.0,0.008,6.48
3593.0,-178.0,290.0,-0.008,6.48
3597.0,-309.0,-157.0,-0.017,6.48
3600.0,-154.0,-488.0,0.075,6.96
3604.0,11.0,-129.0,0.058,6.96
3607.0,158.0,516.0,0.058,6.48
3611.0,-59.0,337.0,0.092,6.96
3614.0,-100.0,24.0,0.017,6.48
3618.0,-5.0,-33.0,0.008,6.96
3621.0,-324.0,-36.0,0.008,6.48
3625.0,-231.0,131.0,0.017,6.48
3629.0,-88.0,232.0,0.05,6.72
3633.0,-201.0,69.0,0.075,6.72
3636.0,-124.0,12.0,0.017,6.48
3640.0,-157.0,257.0,0.017,6.48
3643.0,-60.0,192.0,0.083,6.72
3647.0,-89.0,187.0,0.042,6.72
3650.0,190.0,92.0,0.025,6.72
3654.0,267.0,-317.0,0.05,6.96
3657.0,170.0,20.0,-0.008,6.72
3661.0,127.0,1.0,0.025,6.48
3664.0,272.0,118.0,0.075,6.48
3668.0,323.0,-167.0,0.033,6.96
3673.0,-124.0,-192.0,0.008,6.72
3676.0,-327.0,-55.0,-0.008,6.48
3680.0,-98.0,10.0,0.108,6.48
3683.0,-59.0,-165.0,-0.025,6.48
3687.0,126.0,-176.0,0.083,6.48
3690.0,-395.0,49.0,0.075,6.48
3694.0,-250.0,478.0,0.067,6.48
3697.0,27.0,319.0,0.083,6.72
3701.0,258.0,-166.0,0.058,6.48
3704.0,123.0,17.0,0.025,6.96
3708.0,172.0,-4.0,0.025,6.96
3712.0,87.0,39.0,0.075,6.48
3716.0,26.0,-184.0,-0.008,6.72
3719.0,-321.0,-141.0,-0.008,6.48
3723.0,-220.0,170.0,-0.025,6.48
3726.0,-11.0,457.0,0.025,6.48
3730.0,290.0,168.0,-0.017,6.48
3733.0,481.0,21.0,0.042,6.48
3737.0,18.0,-402.0,-0.025,6.48
3740.0,123.0,159.0,0.05,6.96
3744.0,-126.0,454.0,0.075,6.72
3748.0,-257.0,267.0,0.067,6.48
3751.0,-146.0,-224.0,0.075,6.48
3756.0,-125.0,167.0,0.017,6.48
3759.0,-208.0,450.0,-0.017,6.48
3763.0,57.0,83.0,-0.042,7.21
3766.0,88.0,-298.0,-0.033,6.48
3770.0,281.0,-307.0,-0.025,6.48
3773.0,-116.0,-362.0,0.042,6.48
3777.0,-253.0,297.0,0.017,6.48
3780.0,48.0,-46.0,0.025,6.72
3784.0,207.0,257.0,0.067,6.48
3787.0,-30.0,138.0,0.025,6.72
3791.0,-115.0,245.0,0.058,6.48
3794.0,-120.0,166.0,-0.017,6.48
3799.0,-1.0,85.0,-0.008,6.72
3802.0,-72.0,14.0,0.042,6.48
3806.0,179.0,17.0,0.025,6.96
3809.0,178.0,206.0,0.008,6.72
3813.0,125.0,261.0,0.008,6.48
3816.0,96.0,108.0,0.017,6.48
3820.0,119.0,-113.0,0.0,6.48
3823.0,-74.0,78.0,0.058,6.48
3827.0,-103.0,113.0,0.042,6.96
3831.0,396.0,50.0,0.033,6.96
3834.0,353.0,-71.0,0.058,6.48
3838.0,188.0,-208.0,0.025,6.48
3842.0,-327.0,3.0,0.042,6.48
3846.0,-394.0,228.0,0.017,6.72
3849.0,25.0,-317.0,-0.017,6.48
3853.0,280.0,-6.0,-0.058,6.72
3856.0,259.0,329.0,0.025,6.48
3860.0,100.0,94.0,0.008,6.48
3863.0,57.0,-127.0,0.042,6.48
3867.0,252.0,-196.0,0.05,6.23
3870.0,213.0,-305.0,0.0,6.48
3874.0,62.0,326.0,-0.025,6.48
3877.0,319.0,257.0,0.075,6.96
3881.0,324.0,-158.0,0.042,7.21
3885.0,11.0,-449.0,0.067,6.96
3889.0,-348.0,12.0,0.017,6.96
3892.0,-277.0,395.0,0.042,6.48
3896.0,-324.0,298.0,-0.017,6.48
3899.0,-69.0,107.0,-0.025,6.96
3903.0,194.0,-298.0,0.008,6.48
3907.0,115.0,-219.0,0.067,6.23
3910.0,-110.0,-2.0,0.067,6.48
3914.0,-147.0,237.0,0.067,6.48
3917.0,-62.0,104.0,0.017,6.48
3921.0,-173.0,-173.0,0.017,6.48
3924.0,422.0,-154.0,0.075,6.48
3929.0,463.0,-53.0,0.058,6.48
3932.0,60.0,82.0,-0.008,6.96
3936.0,-207.0,101.0,-0.008,6.48
3939.0,-350.0,188.0,0.008,6.72
3943.0,37.0,165.0,0.033,6.48
3946.0,-378.0,134.0,0.008,6.48
3950.0,-277.0,-127.0,0.05,6.48
3953.0,-70.0,-230.0,0.067,6.48
3957.0,3.0,79.0,0.058,6.72
3960.0,-190.0,210.0,-0.05,6.48
3964.0,-623.0,-17.0,0.05,6.48
3968.0,-536.0,192.0,0.008,6.48
3972.0,-69.0,289.0,0.108,6.48
3975.0,-20.0,398.0,0.067,6.48
3979.0,-119.0,617.0,-0.017,6.48
3983.0,90.0,82.0,-0.033,6.72
3986.0,-91.0,-247.0,-0.058,6.23
3990.0,-276.0,212.0,0.025,6.48
3993.0,19.0,513.0,0.008,6.48
3997.0,-46.0,194.0,0.058,6.48
4000.0,23.0,-171.0,-0.017,6.48
4004.0,142.0,-196.0,0.067,6.72
4007.0,233.0,181.0,-0.017,6.48
4012.0,-96.0,644.0,0.083,6.48
4015.0,-97.0,-159.0,0.075,6.48
4019.0,-90.0,-202.0,0.033,6.96
4022.0,139.0,205.0,0.042,6.48
4026.0,62.0,436.0,0.025,6.48
4029.0,-119.0,365.0,0.042,6.96
4033.0,-266.0,30.0,0.017,6.48
4036.0,77.0,9.0,0.075,6.48
4040.0,102.0,-56.0,0.058,6.72
4043.0,179.0,127.0,0.108,6.96
4047.0,92.0,274.0,0.058,6.48
4050.0,-25.0,47.0,0.008,6.48
4055.0,-202.0,96.0,0.033,6.48
4058.0,-401.0,301.0,0.033,6.48
4062.0,-142.0,430.0,0.042,6.48
4065.0,-205.0,163.0,-0.008,6.72
4069.0,96.0,190.0,0.017,6.48
4073.0,113.0,291.0,-0.025,6.48
4076.0,-2.0,780.0,-0.075,6.96
4080.0,-19.0,471.0,0.0,6.48
4083.0,-80.0,152.0,0.025,6.72
4087.0,-59.0,283.0,0.067,6.72
4090.0,36.0,406.0,0.017,6.72
4094.0,-125.0,495.0,-0.025,6.48
4098.0,174.0,222.0,0.025,6.48
4102.0,201.0,117.0,0.1,6.96
4105.0,-120.0,154.0,0.067,6.96
4109.0,-101.0,157.0,0.042,6.48
4112.0,-144.0,66.0,0.05,6.48
4116.0,75.0,-299.0,0.042,6.48
4119.0,-36.0,-428.0,0.008,6.48
4123.0,221.0,-65.0,0.042,6.96
4126.0,284.0,276.0,0.067,6.96
4130.0,-91.0,99.0,-0.025,6.48
4133.0,-142.0,-230.0,0.033,6.48
4137.0,-99.0,207.0,0.05,6.23
4141.0,-48.0,240.0,0.025,6.48
4145.0,161.0,589.0,-0.042,6.48
4148.0,240.0,416.0,-0.033,6.23
4152.0,47.0,-203.0,0.0,6.48
4155.0,106.0,6.0,-0.033,6.48
4159.0,125.0,183.0,-0.008,6.96
4162.0,172.0,248.0,-0.008,6.72
4166.0,-71.0,21.0,0.0,6.72
4169.0,-144.0,-100.0,0.075,6.48
4173.0,395.0,179.0,0.042,6.72
4177.0,298.0,388.0,0.067,6.48
4180.0,-91.0,425.0,0.067,6.48
4185.0,-158.0,46.0,0.083,6.48
4188.0,-43.0,75.0,0.05,6.96
4192.0,-328.0,426.0,0.067,6.48
4195.0,-119.0,285.0,-0.008,6.48
4199.0,218.0,70.0,-0.008,6.48
4202.0,235.0,-77.0,-0.025,6.48
4206.0,106.0,104.0,0.083,6.96
4209.0,-93.0,293.0,0.017,6.96
4213.0,84.0,56.0,0.042,6.48
4216.0,-113.0,-15.0,0.042,6.96
4220.0,78.0,216.0,0.058,6.96
4224.0,83.0,359.0,0.017,6.48
4228.0,-190.0,300.0,0.042,6.48
4231.0,-373.0,293.0,0.05,6.48
4235.0,-128.0,156.0,0.075,6.96
4238.0,-15.0,511.0,0.008,6.72
4242.0,-26.0,630.0,0.017,7.21
4245.0,109.0,135.0,0.092,6.48
4249.0,328.0,-164.0,0.058,6.48
4253.0,73.0,-215.0,0.033,6.96
4256.0,-126.0,352.0,0.042,6.72
4260.0,-97.0,249.0,0.05,6.48
4263.0,-168.0,82.0,0.075,6.48
4268.0,-95.0,-195.0,0.075,6.72
4271.0,166.0,-150.0,0.025,6.72
4275.0,219.0,391.0,0.058,6.48
4278.0,-132.0,244.0,0.0,6.48
4282.0,-279.0,-139.0,0.008,6.48
4285.0,-356.0,-76.0,0.025,6.48
4289.0,-27.0,403.0,0.0,6.48
4292.0,54.0,540.0,-0.1,6.72
4296.0,-51.0,479.0,0.017,6.23
4299.0,-30.0,36.0,0.008,6.48
4303.0,-463.0,-131.0,0.0,6.48
4306.0,-400.0,12.0,0.033,6.72
4311.0,-481.0,175.0,0.05,6.96
4314.0,-246.0,-34.0,0.1,6.96
4318.0,3.0,-25.0,0.058,6.48
4321.0,-212.0,-208.0,0.067,6.48
4325.0,-249.0,119.0,0.125,6.48
4328.0,-336.0,-98.0,0.075,6.96
4332.0,-151.0,-77.0,0.033,6.96
4335.0,-86.0,-92.0,-0.033,6.48
4339.0,1.0,29.0,0.042,6.48
4342.0,144.0,46.0,0.033,6.48
4346.0,237.0,-127.0,0.033,6.72
4349.0,122.0,-284.0,0.042,6.72
4354.0,217.0,-241.0,-0.008,6.48
4357.0,148.0,130.0,0.0,6.72
4361.0,-29.0,225.0,0.017,6.96
4364.0,-126.0,-38.0,0.033,6.48
4368.0,21.0,-501.0,0.017,6.48
4371.0,-34.0,-340.0,0.025,6.48
4375.0,-231.0,183.0,0.025,6.48
4379.0,34.0,240.0,0.017,6.48
4382.0,-125.0,135.0,-0.033,6.48
4386.0,66.0,-306.0,-0.008,6.48
4389.0,325.0,53.0,0.008,6.96
4393.0,-106.0,290.0,0.042,6.48
4397.0,-263.0,-41.0,0.067,6.48
4401.0,-88.0,-102.0,0.042,6.48
4404.0,-31.0,-185.0,0.083,6.48
4408.0,82.0,76.0,0.05,6.48
4411.0,39.0,47.0,0.058,6.48
4415.0,180.0,2.0,0.05,6.48
4418.0,65.0,-153.0,0.067,6.96
4422.0,-172.0,-14.0,0.008,6.48
4425.0,-7.0,341.0,-0.025,6.48
4429.0,-24.0,24.0,0.033,6.48
4432.0,-83.0,-225.0,0.05,6.72
4435.0,18.0,-372.0,0.0,6.48
4440.0,103.0,-49.0,0.042,6.48
4443.0,96.0,-174.0,0.058,6.48
4447.0,17.0,69.0,0.042,6.72
4450.0,136.0,-36.0,0.033,6.48
4454.0,91.0,139.0,-0.033,6.96
4457.0,-66.0,120.0,0.017,6.96
4461.0,45.0,183.0,0.017,6.48
4464.0,74.0,88.0,0.0,6.48
4468.0,175.0,-15.0,-0.042,6.96
4471.0,-50.0,16.0,0.075,6.48
4475.0,-107.0,199.0,0.0,6.48
4478.0,-140.0,-134.0,0.017,6.48
4483.0,-133.0,-219.0,0.042,6.72
4487.0,88.0,-392.0,0.025,6.48
4490.0,-55.0,-21.0,0.017,6.72
4493.0,-286.0,376.0,0.067,6.96
4497.0,-375.0,237.0,0.075,6.72
4501.0,-370.0,-326.0,0.042,6.48
4504.0,-425.0,135.0,0.05,6.72
4508.0,-66.0,212.0,0.033,6.48
4511.0,-259.0,19.0,0.033,6.96
4515.0,-172.0,-60.0,-0.008,6.48
4518.0,-235.0,109.0,0.025,6.48
4523.0,-242.0,478.0,0.025,6.72
4526.0,-71.0,293.0,0.025,6.72
4530.0,110.0,38.0,0.058,6.48
4533.0,187.0,-93.0,-0.008,6.48
4537.0,-54.0,42.0,-0.017,6.72
4540.0,-313.0,95.0,-0.042,6.23
4544.0,-350.0,368.0,0.008,6.48
4547.0,-141.0,145.0,-0.008,6.48
4551.0,-176.0,20.0,0.008,6.48
4554.0,39.0,-49.0,-0.008,6.72
4558.0,-42.0,164.0,0.05,6.72
4561.0,-151.0,449.0,0.067,6.48
4566.0,206.0,-108.0,0.05,6.48
4570.0,-209.0,-261.0,-0.017,6.48
4573.0,136.0,238.0,0.042,6.48
4577.0,107.0,425.0,0.05,6.48
4580.0,198.0,314.0,-0.008,6.48
4584.0,193.0,17.0,0.017,6.96
4587.0,54.0,-8.0,0.033,6.48
4591.0,-91.0,149.0,0.017,6.48
4594.0,54.0,-26.0,0.008,6.72
4598.0,-187.0,179.0,0.033,6.48
4601.0,-184.0,-76.0,0.017,6.48
4605.0,25.0,201.0,0.033,6.48
4609.0,14.0,348.0,-0.025,6.96
4613.0,179.0,223.0,0.008,6.48
4616.0,-202.0,-182.0,0.067,6.96
4620.0,-65.0,-167.0,0.042,6.48
4623.0,162.0,256.0,0.067,7.21
4627.0,231.0,487.0,0.108,6.48
4630.0,96.0,88.0,0.017,6.48
4634.0,137.0,-75.0,0.0,6.96
4637.0,70.0,252.0,0.042,6.48
4641.0,-25.0,235.0,0.05,6.48
4644.0,-70.0,176.0,0.025,6.48
4648.0,91.0,257.0,0.083,6.72
4652.0,-142.0,210.0,0.033,6.48
4656.0,-89.0,73.0,-0.017,6.96
4659.0,126.0,152.0,0.058,6.96
4663.0,133.0,265.0,0.092,6.72
4666.0,2.0,486.0,0.05,6.72
4670.0,239.0,93.0,0.075,6.96
4673.0,-108.0,232.0,-0.042,6.48
4677.0,-129.0,387.0,0.008,6.48
4680.0,82.0,0.0,0.008,6.48
4684.0,-193.0,-41.0,0.0,6.72
4687.0,-366.0,-200.0,0.017,6.23
4691.0,125.0,-177.0,0.025,6.48
4695.0,-124.0,204.0,0.05,6.48
4699.0,271.0,-75.0,0.033,6.72
4702.0,220.0,28.0,0.0,6.48
4706.0,-75.0,251.0,-0.008,6.48
4709.0,52.0,294.0,0.117,6.48
4713.0,41.0,161.0,0.1,6.48
4716.0,-26.0,78.0,0.033,6.48
4720.0,-229.0,513.0,-0.008,6.48
4723.0,-156.0,318.0,-0.008,6.48
4727.0,315.0,353.0,0.067,6.48
4731.0,94.0,318.0,0.042,6.48
4734.0,-129.0,175.0,0.058,6.48
4739.0,-264.0,224.0,0.075,6.48
4742.0,-235.0,267.0,-0.017,6.96
4746.0,-40.0,64.0,0.058,6.48
4749.0,421.0,-5.0,0.017,6.48
4753.0,422.0,-216.0,0.1,6.48
4756.0,-11.0,-271.0,0.083,6.72
4760.0,-278.0,170.0,0.083,6.72
4763.0,-317.0,-123.0,0.05,6.48
4767.0,-176.0,-208.0,0.042,6.96
4770.0,65.0,-79.0,-0.033,6.48
4774.0,-4.0,312.0,0.058,6.48
4777.0,69.0,415.0,0.025,6.48
4782.0,140.0,298.0,0.025,6.48
4785.0,519.0,157.0,0.025,6.96
4789.0,204.0,252.0,0.05,6.48
4793.0,-169.0,457.0,0.008,6.48
4796.0,-18.0,196.0,0.05,6.48
4800.0,33.0,-33.0,0.008,6.96
4803.0,194.0,-154.0,0.05,6.48
4807.0,23.0,-89.0,0.017,6.96
4810.0,282.0,122.0,0.042,6.48
4814.0,245.0,-189.0,0.017,6.72
4817.0,136.0,-8.0,0.008,6.48
4822.0,-115.0,-1.0,0.025,6.72
4825.0,12.0,246.0,0.0,6.72
4829.0,57.0,413.0,0.05,6.72
4832.0,8.0,228.0,0.05,6.48
4835.0,-339.0,1.0,0.033,6.48
4839.0,-562.0,6.0,0.017,6.72
4842.0,-411.0,419.0,-0.008,6.48
4846.0,-162.0,184.0,0.0,6.48
4850.0,47.0,-137.0,0.008,6.48
4853.0,172.0,-254.0,0.025,6.48
4857.0,-83.0,5.0,0.008,7.21
4860.0,30.0,398.0,-0.042,6.48
4864.0,145.0,-295.0,0.0,6.48
4868.0,230.0,-340.0,0.033,6.48
4872.0,147.0,9.0,0.058,6.72
4875.0,-244.0,234.0,0.017,6.48
4879.0,-85.0,225.0,0.075,6.72
4882.0,46.0,336.0,0.025,6.48
4886.0,-141.0,171.0,0.075,6.72
4889.0,-240.0,582.0,0.008,6.23
4893.0,-323.0,409.0,0.042,6.96
4896.0,-260.0,104.0,0.025,6.72
4900.0,69.0,-97.0,0.058,6.96
4903.0,120.0,-202.0,0.083,6.48
4908.0,11.0,131.0,0.083,6.72
4911.0,-28.0,356.0,0.017,6.48
4915.0,-193.0,351.0,0.008,7.21
4918.0,-150.0,44.0,-0.008,6.48
4922.0,-155.0,251.0,0.042,6.72
4925.0,-84.0,270.0,0.042,6.96
4929.0,11.0,105.0,0.042,6.48
4932.0,74.0,8.0,0.0,6.48
4936.0,-61.0,-181.0,0.05,6.48
4939.0,-184.0,372.0,0.058,6.48
4943.0,-317.0,505.0,0.017,6.48
4946.0,26.0,64.0,0.025,6.48
4951.0,99.0,-79.0,0.042,6.96
4954.0,110.0,178.0,0.05,7.21
4958.0,161.0,113.0,0.058,6.96
4961.0,-164.0,180.0,0.033,6.48
4965.0,-97.0,-81.0,0.05,6.72
4968.0,44.0,34.0,0.075,6.48
4972.0,311.0,31.0,0.017,6.48
4975.0,506.0,344.0,0.1,6.96
4979.0,-31.0,585.0,0.042,6.48
4983.0,-200.0,-226.0,0.058,6.72
4986.0,-85.0,-123.0,0.0,6.72
4990.0,-70.0,412.0,0.033,6.96
4994.0,-271.0,319.0,-0.008,6.72
4998.0,-170.0,72.0,0.05,6.48
5001.0,125.0,-71.0,-0.042,6.48
5005.0,-216.0,-348.0,0.058,6.96
5008.0,-305.0,183.0,0.067,6.48
5012.0,-168.0,-76.0,-0.008,6.48
5015.0,-287.0,-441.0,0.058,6.48
5019.0,106.0,-226.0,0.025,6.96
5022.0,105.0,109.0,0.05,6.72
5026.0,218.0,242.0,0.042,6.48
5029.0,47.0,-59.0,0.0,6.72
5033.0,52.0,-142.0,0.017,6.48
5037.0,-259.0,159.0,0.067,6.48
5041.0,74.0,336.0,0.05,6.72
5044.0,-59.0,1.0,0.025,6.48
5048.0,102.0,38.0,0.0,6.48
5051.0,-207.0,-75.0,0.042,6.96
5055.0,10.0,-28.0,0.017,6.48
5058.0,-261.0,665.0,0.042,6.48
5062.0,-316.0,166.0,0.067,6.72
5065.0,-307.0,-501.0,0.058,6.48
5069.0,-70.0,-460.0,0.033,6.96
5073.0,-55.0,39.0,0.017,6.96
5076.0,-304.0,310.0,0.033,7.21
5081.0,-217.0,-115.0,0.075,6.48
5084.0,-170.0,-108.0,0.075,6.48
5088.0,19.0,49.0,0.008,6.96
5091.0,-26.0,336.0,0.008,6.48
5095.0,-203.0,89.0,0.075,6.48
5098.0,320.0,-20.0,0.058,6.48
5102.0,401.0,-217.0,0.025,6.48
5105.0,176.0,292.0,0.042,6.96
5109.0,153.0,641.0,0.008,6.48
5112.0,-200.0,708.0,0.067,6.72
5116.0,-151.0,-109.0,0.0,7.21
5120.0,476.0,-218.0,-0.017,6.23
5124.0,255.0,-89.0,0.058,6.72
5127.0,34.0,258.0,0.025,6.48
5131.0,-167.0,-85.0,0.0,6.48
5134.0,196.0,-248.0,0.017,6.96
5138.0,191.0,-15.0,0.0,6.72
5141.0,-196.0,548.0,0.0,6.72
5145.0,285.0,389.0,0.033,6.48
5149.0,566.0,42.0,0.008,6.48
5152.0,209.0,-31.0,0.033,6.96
5156.0,8.0,232.0,0.05,6.72
5159.0,-23.0,303.0,0.033,6.48
5164.0,-58.0,162.0,0.017,6.48
5167.0,319.0,-67.0,0.025,6.72
5171.0,342.0,-190.0,0.008,6.72
5174.0,-73.0,-53.0,0.008,6.48
5178.0,-156.0,134.0,0.033,6.48
5181.0,-99.0,347.0,0.075,6.72
5185.0,74.0,522.0,0.075,6.23
5188.0,139.0,325.0,0.033,6.72
5192.0,-108.0,160.0,0.008,6.96
5195.0,-405.0,5.0,0.033,6.48
5199.0,-224.0,-492.0,-0.008,6.48
5202.0,-93.0,-415.0,0.017,6.48
5207.0,-36.0,148.0,0.067,6.48
5210.0,-15.0,759.0,-0.008,6.48
5214.0,132.0,460.0,0.008,6.48
5217.0,227.0,-1.0,0.025,6.48
5221.0,-92.0,-270.0,0.075,6.48
5224.0,169.0,359.0,0.008,6.72
5228.0,180.0,240.0,0.042,6.72
5231.0,85.0,-275.0,-0.092,6.48
5235.0,-248.0,-242.0,0.008,6.72
5238.0,-99.0,-53.0,-0.017,6.96
5242.0,-96.0,184.0,0.025,6.96
5245.0,-189.0,125.0,0.092,6.48
5250.0,-58.0,-240.0,0.05,6.48
5253.0,51.0,-299.0,0.042,6.48
5257.0,110.0,-160.0,0.075,6.96
5261.0,173.0,95.0,0.05,6.72
5264.0,144.0,28.0,-0.017,6.72
5268.0,-227.0,-259.0,-0.042,6.72
5271.0,-300.0,-64.0,0.033,6.48
5275.0,-193.0,-27.0,0.092,6.96
5278.0,-222.0,-88.0,0.0,6.72
5282.0,17.0,97.0,0.0,6.48
5285.0,-132.0,-46.0,0.0,6.48
5289.0,-163.0,13.0,0.033,6.48
5293.0,110.0,418.0,0.025,6.96
5297.0,7.0,-101.0,0.067,6.48
5300.0,-36.0,-194.0,0.042,6.23
5304.0,-75.0,85.0,-0.017,6.72
5307.0,-76.0,310.0,-0.008,6.48
5311.0,439.0,403.0,0.042,6.48
5314.0,220.0,192.0,-0.017,6.48
5318.0,-1.0,-57.0,-0.017,6.72
5321.0,-118.0,212.0,0.008,6.96
5325.0,-133.0,605.0,-0.025,6.48
5328.0,-120.0,402.0,0.025,6.96
5332.0,105.0,89.0,0.075,6.48
5336.0,-38.0,-454.0,0.042,6.48
5340.0,-191.0,27.0,-0.017,6.72
5343.0,-64.0,310.0,-0.025,6.96
5347.0,79.0,307.0,0.025,6.72
5350.0,104.0,-228.0,-0.025,6.48
5354.0,79.0,-335.0,0.058,6.96
5357.0,226.0,40.0,0.0,6.96
5361.0,175.0,233.0,0.058,6.48
5364.0,266.0,48.0,0.083,6.48
5368.0,249.0,-113.0,0.075,6.72
5371.0,78.0,152.0,0.058,6.96
5376.0,-225.0,343.0,0.033,6.96
5379.0,-184.0,224.0,0.033,6.48
5383.0,-9.0,105.0,-0.008,6.48
5386.0,126.0,-192.0,-0.017,6.96
5390.0,51.0,97.0,0.042,6.72
5393.0,-96.0,394.0,0.025,6.48
5397.0,-125.0,-111.0,0.033,6.48
5401.0,-294.0,2.0,0.05,6.48
5404.0,-365.0,95.0,0.042,6.48
5408.0,242.0,390.0,0.058,6.48
5411.0,397.0,461.0,0.042,6.48
5415.0,172.0,-28.0,0.008,6.96
5419.0,-125.0,-25.0,-0.025,6.96
5423.0,-48.0,280.0,0.008,6.96
5426.0,-191.0,297.0,0.05,6.48
5430.0,174.0,56.0,0.017,6.48
5433.0,43.0,-33.0,0.033,6.72
5437.0,16.0,66.0,0.017,6.48
5440.0,-55.0,-49.0,0.075,6.96
5444.0,-158.0,392.0,0.075,6.48
5447.0,201.0,305.0,0.058,6.96
5451.0,258.0,-82.0,0.042,6.72
5454.0,-49.0,-99.0,0.092,6.72
5458.0,100.0,540.0,0.017,6.48
5462.0,357.0,681.0,0.0,6.72
5466.0,188.0,-122.0,0.058,6.72
5469.0,-211.0,-59.0,0.042,6.72
5473.0,190.0,410.0,0.025,6.48
5476.0,227.0,585.0,0.0,6.72
5480.0,284.0,222.0,0.05,6.48
5483.0,237.0,-13.0,0.042,6.48
5487.0,70.0,-16.0,-0.025,6.48
5490.0,259.0,409.0,0.033,6.72
5494.0,296.0,444.0,0.067,6.48
5498.0,47.0,117.0,0.033,6.23
5501.0,28.0,-56.0,0.033,6.72
5506.0,-151.0,3.0,0.058,6.48
5509.0,-172.0,336.0,0.033,6.48
5513.0,89.0,601.0,0.075,6.96
5516.0,178.0,-70.0,0.042,6.48
5520.0,95.0,-93.0,0.05,6.48
5523.0,170.0,306.0,0.025,6.48
5527.0,217.0,509.0,0.0,6.96
5530.0,414.0,90.0,0.033,6.48
5534.0,117.0,-295.0,0.017,6.72
5537.0,-360.0,-100.0,0.017,6.48
5541.0,-251.0,223.0,0.042,6.96
5544.0,-356.0,322.0,0.042,6.96
5549.0,179.0,155.0,0.008,6.48
5552.0,268.0,-102.0,0.0,6.48
5556.0,197.0,-63.0,0.058,6.96
5559.0,-38.0,-110.0,0.05,6.48
5563.0,-67.0,-213.0,0.025,6.48
5566.0,252.0,-360.0,0.025,6.48
5570.0,109.0,-629.0,-0.033,6.96
5573.0,96.0,-146.0,0.042,6.96
5577.0,159.0,469.0,0.0,6.48
5580.0,140.0,278.0,-0.008,6.48
5584.0,263.0,47.0,0.083,6.48
5588.0,106.0,88.0,0.075,6.48
5592.0,39.0,467.0,0.05,7.21
5596.0,-158.0,522.0,0.058,6.72
5599.0,57.0,319.0,0.0,6.96
5603.0,-50.0,-286.0,0.017,6.48
5606.0,-137.0,-101.0,0.025,6.48
5610.0,-92.0,258.0,0.092,6.48
5613.0,-341.0,55.0,0.025,6.96
5617.0,-432.0,72.0,0.05,6.48
5620.0,-359.0,-83.0,0.033,6.48
5624.0,-84.0,22.0,0.058,6.72
5627.0,-43.0,151.0,0.017,6.72
5632.0,-74.0,80.0,-0.008,6.48
5635.0,-325.0,163.0,0.0,6.23
5639.0,-304.0,308.0,0.05,6.96
5642.0,-235.0,117.0,-0.017,6.72
5646.0,-308.0,94.0,0.058,6.48
5649.0,-313.0,161.0,0.017,6.72
5653.0,-96.0,138.0,0.083,6.48
5656.0,27.0,163.0,0.058,6.72
5660.0,-122.0,480.0,0.042,6.72
5663.0,-155.0,69.0,0.067,6.96
5667.0,-340.0,42.0,0.083,6.96
5670.0,-403.0,-29.0,0.042,6.96
5675.0,-22.0,178.0,0.058,6.96
5678.0,1.0,153.0,0.033,6.96
5682.0,0.0,238.0,-0.008,6.48
5685.0,-185.0,221.0,0.042,6.48
5689.0,-110.0,228.0,0.067,6.48
5692.0,-125.0,141.0,0.025,6.48
5696.0,-24.0,170.0,0.0,6.48
5699.0,-253.0,251.0,0.017,6.96
5703.0,-366.0,44.0,0.008,6.96
5706.0,-19.0,465.0,0.0,6.48
5710.0,24.0,468.0,0.033,6.96
5713.0,-297.0,113.0,0.033,6.48
5718.0,-142.0,46.0,0.042,6.48
5722.0,-331.0,99.0,0.008,6.48
5725.0,146.0,292.0,0.0,6.96
5729.0,491.0,505.0,-0.008,6.48
5732.0,246.0,-60.0,0.058,6.96
5736.0,-37.0,175.0,0.033,6.48
5739.0,-14.0,502.0,-0.025,6.48
5743.0,-59.0,131.0,0.025,6.96
5746.0,-42.0,322.0,0.092,6.23
5750.0,341.0,297.0,0.083,6.48
5753.0,598.0,448.0,0.058,7.21
5757.0,261.0,631.0,0.075,6.48
5761.0,148.0,232.0,0.083,6.48
5765.0,49.0,-193.0,0.033,6.48
5768.0,-142.0,-240.0,0.033,6.48
5772.0,95.0,-47.0,-0.025,6.48
5775.0,356.0,478.0,0.025,6.96
5779.0,213.0,105.0,0.008,6.23
5782.0,164.0,-66.0,-0.008,6.96
5786.0,-97.0,171.0,0.033,6.48
5789.0,-70.0,428.0,0.042,6.48
5793.0,-67.0,245.0,0.042,6.48
5797.0,-262.0,34.0,-0.017,6.72
5800.0,-315.0,-1.0,0.025,6.96
5805.0,18.0,394.0,0.017,6.48
5808.0,53.0,519.0,0.008,6.48
5812.0,-344.0,380.0,0.025,6.96
5815.0,-103.0,119.0,0.008,6.48
5819.0,-52.0,-292.0,0.017,6.72
5822.0,41.0,-135.0,0.025,6.96
5826.0,154.0,640.0,0.025,6.72
5829.0,17.0,355.0,-0.017,6.72
5833.0,220.0,-238.0,0.0,6.48
5836.0,-99.0,-503.0,0.033,6.48
5840.0,-20.0,-154.0,0.075,6.72
5843.0,115.0,513.0,0.0,6.48
5848.0,-102.0,398.0,-0.033,6.72
5851.0,-177.0,-485.0,0.017,6.48
5855.0,-258.0,2.0,0.025,6.48
5858.0,-183.0,279.0,0.042,6.48
5862.0,-74.0,184.0,0.008,6.48
5865.0,-31.0,127.0,-0.033,6.48
5869.0,76.0,-60.0,0.025,6.48
5872.0,119.0,283.0,0.058,6.48
5876.0,-164.0,66.0,0.033,6.96
5879.0,105.0,83.0,0.075,6.72
5883.0,18.0,12.0,0.0,6.48
5886.0,-477.0,79.0,0.008,6.96
5891.0,-444.0,390.0,0.017,6.48
5894.0,-111.0,409.0,0.05,6.48
5898.0,68.0,-220.0,0.067,6.48
5901.0,-139.0,103.0,0.042,6.48
5905.0,-202.0,80.0,0.05,6.48
5909.0,-229.0,73.0,0.067,6.48
5912.0,-132.0,68.0,0.05,6.72
5916.0,233.0,103.0,0.017,6.96
5919.0,110.0,158.0,0.092,6.72
5923.0,-85.0,447.0,0.083,6.96
5926.0,-236.0,142.0,0.033,6.48
5931.0,121.0,-93.0,0.067,6.48
5934.0,-26.0,-160.0,-0.042,6.48
5938.0,-339.0,-321.0,0.008,6.48
5941.0,-250.0,6.0,0.033,6.96
5945.0,-151.0,145.0,0.1,6.48
5948.0,-216.0,-266.0,0.033,7.21
5952.0,47.0,-399.0,0.058,6.48
5955.0,-174.0,90.0,0.008,6.72
5959.0,-257.0,413.0,0.025,6.48
5962.0,-400.0,500.0,0.0,6.48
5966.0,-305.0,135.0,0.058,6.48
5970.0,-48.0,-240.0,0.008,6.48
5974.0,-43.0,-33.0,0.042,6.48
5977.0,118.0,38.0,0.0,6.72
5981.0,45.0,167.0,0.033,6.48
5984.0,236.0,-184.0,0.042,6.48
5988.0,211.0,-71.0,0.042,6.48
5992.0,-180.0,142.0,0.092,6.48
5995.0,25.0,275.0,0.05,6.48
5999.0,206.0,-36.0,0.0,6.48
6002.0,177.0,-209.0,0.042,6.48
6006.0,76.0,0.0,0.058,6.96
6009.0,57.0,455.0,0.075,6.48
6012.0,176.0,346.0,-0.008,6.96
6017.0,245.0,49.0,0.042,6.48
6021.0,120.0,-66.0,-0.008,6.96
6024.0,3.0,393.0,-0.008,6.48
6028.0,164.0,354.0,0.017,6.48
6031.0,-217.0,123.0,0.05,6.72
6035.0,-250.0,34.0,0.042,6.72
6038.0,-37.0,121.0,0.058,6.72
6042.0,-74.0,118.0,0.058,6.96
6045.0,197.0,287.0,-0.017,6.48
6049.0,110.0,40.0,0.058,6.72
6052.0,203.0,361.0,0.092,6.72
6056.0,168.0,446.0,-0.017,6.48
6060.0,-151.0,257.0,0.008,6.96
6064.0,-122.0,348.0,0.075,6.96
6067.0,199.0,-79.0,0.033,6.48
6071.0,-30.0,-226.0,0.033,6.48
6074.0,-233.0,-217.0,0.033,6.48
6078.0,-264.0,-2.0,0.05,6.72
6081.0,-357.0,251.0,0.008,6.48
6085.0,-234.0,-112.0,-0.017,6.48
6089.0,-67.0,75.0,-0.017,6.48
6092.0,50.0,-182.0,0.042,6.48
6096.0,-221.0,-529.0,0.033,6.96
6099.0,136.0,-350.0,-0.017,6.96
6104.0,335.0,-49.0,0.05,6.23
6107.0,18.0,242.0,-0.008,6.72
6111.0,137.0,407.0,0.025,6.48
6114.0,410.0,176.0,0.058,6.48
6118.0,435.0,237.0,0.058,6.48
6121.0,34.0,474.0,0.067,6.96
6125.0,-423.0,641.0,0.075,6.48
6128.0,-268.0,452.0,0.042,6.96
6132.0,55.0,-35.0,0.017,6.48
6135.0,382.0,-150.0,0.067,6.23
6139.0,-41.0,507.0,0.092,6.96
6144.0,222.0,258.0,0.0,6.48
6147.0,233.0,47.0,0.0,6.23
6150.0,38.0,74.0,0.008,6.48
6154.0,-53.0,-71.0,0.092,6.48
6157.0,-38.0,256.0,0.05,6.48
6161.0,-135.0,441.0,0.033,6.96
6164.0,18.0,270.0,-0.008,6.48
6168.0,229.0,-89.0,0.067,6.72
6172.0,324.0,312.0,0.008,6.23
6175.0,13.0,491.0,-0.025,6.48
6179.0,-216.0,420.0,0.033,6.48
6182.0,3.0,141.0,-0.017,6.48
6187.0,-16.0,94.0,-0.008,6.48
6190.0,-21.0,517.0,0.0,6.48
6194.0,-366.0,806.0,-0.017,6.48
6197.0,-299.0,283.0,-0.008,6.48
6201.0,-92.0,-6.0,0.042,6.48
6204.0,-93.0,385.0,0.075,6.48
6208.0,78.0,596.0,0.075,6.48
6211.0,245.0,-27.0,0.033,6.48
6215.0,124.0,-138.0,0.008,6.48
6218.0,23.0,-11.0,0.108,6.48
6222.0,-176.0,-2.0,0.05,6.96
6225.0,-245.0,23.0,0.05,6.48
6230.0,-184.0,230.0,0.05,6.48
6233.0,-185.0,321.0,0.0,6.48
6237.0,88.0,-28.0,0.017,6.96
6240.0,223.0,307.0,0.025,6.48
6244.0,360.0,412.0,0.042,6.96
6247.0,157.0,-217.0,0.033,6.96
6251.0,-150.0,-226.0,0.033,6.48
6254.0,-107.0,93.0,-0.025,6.23
6258.0,26.0,394.0,-0.025,6.48
6261.0,77.0,-159.0,0.033,6.48
6265.0,-208.0,-544.0,0.042,6.96
6268.0,-173.0,-459.0,0.017,6.96
6273.0,-132.0,206.0,0.058,6.23
6276.0,-119.0,553.0,-0.008,6.72
6280.0,-140.0,204.0,-0.017,6.96
6284.0,-37.0,127.0,0.042,6.96
6287.0,70.0,56.0,0.058,6.96
6291.0,145.0,263.0,0.025,6.23
6294.0,90.0,228.0,0.05,6.48
6298.0,197.0,-141.0,0.033,6.96
6301.0,162.0,-384.0,0.058,6.96
6305.0,205.0,537.0,0.05,6.48
6308.0,-36.0,732.0,0.075,6.48
6312.0,215.0,409.0,0.05,6.48
6316.0,-80.0,-122.0,0.058,6.48
6320.0,53.0,53.0,0.0,6.48
6323.0,88.0,104.0,-0.017,6.48
6327.0,-45.0,189.0,0.05,6.48
6330.0,0.0,-220.0,0.017,6.96
6334.0,-77.0,1.0,0.05,6.96
6337.0,-90.0,192.0,0.017,6.72
6341.0,51.0,579.0,0.075,6.72
6344.0,-132.0,430.0,0.05,6.48
6348.0,135.0,123.0,0.042,6.48
6351.0,176.0,-518.0,0.008,6.48
6355.0,89.0,391.0,-0.042,6.48
6359.0,-30.0,726.0,0.008,6.48
6363.0,89.0,73.0,0.025,6.96
6366.0,-190.0,-296.0,0.017,6.48
6370.0,-239.0,-173.0,0.0,6.48
6373.0,-270.0,68.0,-0.025,6.96
6377.0,-477.0,267.0,0.092,6.48
6380.0,-200.0,-348.0,0.108,7.45
6384.0,35.0,-229.0,0.05,6.48
6387.0,-58.0,68.0,0.0,6.96
6391.0,-199.0,359.0,-0.017,6.72
6394.0,-132.0,176.0,0.075,6.48
6398.0,-53.0,215.0,0.05,6.72
6402.0,-14.0,-140.0,0.083,6.48
6406.0,159.0,71.0,0.058,6.48
6409.0,38.0,116.0,0.042,6.96
6413.0,139.0,113.0,0.033,6.23
6417.0,-96.0,34.0,-0.033,6.48
6420.0,-3.0,127.0,0.008,6.48
6423.0,-316.0,160.0,0.025,6.48
6427.0,-175.0,373.0,0.017,6.48
6431.0,96.0,-126.0,0.108,6.48
6434.0,113.0,-277.0,-0.008,6.48
6438.0,34.0,78.0,0.0,6.48
6441.0,-253.0,189.0,0.017,6.48
6446.0,-92.0,306.0,0.058,6.48
6449.0,217.0,283.0,0.058,6.48
6453.0,264.0,60.0,0.033,6.48
6456.0,163.0,523.0,0.05,6.96
6460.0,74.0,548.0,0.025,6.48
6463.0,143.0,291.0,0.017,6.48
6467.0,92.0,-14.0,0.008,6.48
6470.0,-203.0,-31.0,0.067,6.48
6474.0,-126.0,608.0,0.0,6.48
6477.0,-261.0,221.0,0.017,6.48
6481.0,-324.0,-188.0,0.033,6.48
6484.0,75.0,-137.0,0.042,6.48
6489.0,-28.0,188.0,0.0,6.48
6492.0,83.0,399.0,-0.008,6.23
6496.0,-42.0,168.0,-0.008,6.23
6499.0,-271.0,-69.0,0.067,6.48
6503.0,-60.0,-224.0,0.083,6.48
6506.0,-85.0,13.0,0.008,6.96
6510.0,4.0,214.0,0.017,6.23
6513.0,245.0,277.0,0.067,6.72
6517.0,236.0,-82.0,0.042,6.96
6520.0,-77.0,-445.0,0.025,6.72
6524.0,-230.0,-50.0,0.025,6.72
6528.0,-123.0,175.0,-0.042,6.96
6532.0,-374.0,24.0,0.067,6.72
6535.0,-355.0,-63.0,0.033,6.48
6539.0,-460.0,-220.0,0.067,6.48
6542.0,-607.0,321.0,-0.025,6.48
6546.0,-186.0,310.0,0.075,6.96
6550.0,65.0,3.0,-0.017,6.72
6553.0,-208.0,464.0,0.058,6.48
6557.0,-87.0,635.0,0.058,6.48
6560.0,16.0,32.0,0.025,6.48
6564.0,201.0,-91.0,0.017,6.48
6567.0,-70.0,-332.0,0.008,6.72
6572.0,-267.0,-277.0,0.117,6.48
6575.0,154.0,306.0,0.025,6.72
6579.0,81.0,253.0,0.025,6.48
6582.0,228.0,-52.0,0.05,6.48
6586.0,121.0,-129.0,0.0,6.48
6589.0,-128.0,-82.0,0.008,6.48
6593.0,-121.0,-163.0,-0.025,6.48
6596.0,32.0,-58.0,-0.017,6.72
6600.0,-111.0,103.0,-0.05,6.48
6603.0,-136.0,-138.0,0.042,6.48
6607.0,125.0,25.0,0.025,6.72
6610.0,44.0,350.0,0.042,6.48
6615.0,-223.0,25.0,0.025,6.96
6618.0,-466.0,-60.0,0.067,6.48
6622.0,-171.0,-55.0,-0.017,6.72
6625.0,-126.0,112.0,0.017,6.48
6629.0,-7.0,43.0,0.083,6.48
6632.0,-62.0,-54.0,0.058,6.96
6636.0,201.0,39.0,0.05,6.96
6639.0,90.0,638.0,-0.017,6.96
6643.0,-265.0,715.0,0.033,6.48
6646.0,-80.0,-104.0,0.042,6.48
6650.0,-55.0,29.0,0.0,6.48
6653.0,-38.0,258.0,0.008,6.48
6658.0,-153.0,-53.0,0.033,6.48
6661.0,-512.0,192.0,-0.042,6.72
6665.0,-553.0,335.0,0.017,7.21
6669.0,-436.0,172.0,-0.008,6.96
6672.0,-111.0,89.0,0.05,6.48
6676.0,90.0,100.0,0.025,6.48
6679.0,245.0,271.0,0.025,6.96
6683.0,126.0,94.0,0.017,6.48
6686.0,125.0,25.0,0.017,6.48
6690.0,126.0,-68.0,0.033,6.48
6693.0,235.0,385.0,0.025,6.48
6697.0,144.0,230.0,0.033,6.96
6701.0,239.0,-59.0,0.058,6.96
6705.0,12.0,18.0,0.058,6.48
6708.0,-239.0,403.0,-0.017,6.96
6712.0,-532.0,582.0,0.067,6.72
6715.0,-169.0,127.0,0.008,6.96
6719.0,142.0,100.0,0.017,6.96
6722.0,73.0,83.0,0.008,6.72
6726.0,-218.0,-16.0,0.067,6.48
6729.0,-33.0,-81.0,0.042,6.48
6733.0,54.0,-380.0,0.025,6.96
6736.0,-159.0,-459.0,0.0,6.48
6740.0,-558.0,-60.0,0.042,6.48
6744.0,-249.0,365.0,0.033,6.48
6748.0,-22.0,236.0,0.0,6.48
6751.0,213.0,139.0,0.017,6.96
6755.0,-46.0,168.0,-0.017,6.48
6758.0,-191.0,447.0,0.008,6.48
6762.0,-600.0,180.0,0.033,6.72
6766.0,-285.0,-273.0,-0.025,6.48
6769.0,-22.0,-344.0,0.033,6.48
6773.0,113.0,109.0,0.033,6.48
6776.0,-208.0,426.0,-0.008,6.96
6780.0,179.0,295.0,0.067,6.48
6784.0,106.0,98.0,0.05,6.48
6788.0,-169.0,-5.0,0.025,6.48
6791.0,-110.0,474.0,0.092,6.48
6795.0,-75.0,351.0,0.05,6.48
6798.0,148.0,270.0,0.075,6.48
6802.0,81.0,205.0,0.0,6.48
6805.0,-2.0,402.0,-0.017,6.48
6809.0,35.0,241.0,-0.008,6.48
6812.0,-484.0,298.0,-0.058,6.48
6816.0,-459.0,79.0,0.075,6.23
6819.0,-276.0,108.0,-0.017,6.72
6823.0,127.0,657.0,0.042,6.96
6827.0,12.0,384.0,0.017,6.48
6831.0,-67.0,61.0,0.058,6.48
6834.0,-226.0,154.0,0.05,6.48
6838.0,-137.0,207.0,0.017,7.21
6842.0,26.0,280.0,0.058,6.48
6845.0,75.0,505.0,0.042,6.48
6849.0,34.0,128.0,-0.008,6.72
6852.0,-5.0,-55.0,0.067,6.48
6855.0,-132.0,46.0,0.025,6.96
6859.0,153.0,511.0,0.092,6.96
6863.0,188.0,110.0,0.0,6.48
6866.0,113.0,-71.0,0.017,6.48
6871.0,84.0,152.0,0.033,6.48
6874.0,-141.0,411.0,0.033,6.72
6878.0,-364.0,282.0,0.042,6.96
6881.0,-269.0,-141.0,0.025,6.48
6885.0,-44.0,-314.0,0.05,6.48
6888.0,13.0,187.0,0.025,6.48
6892.0,-86.0,506.0,0.0,6.48
6895.0,-265.0,115.0,0.042,6.72
6899.0,-154.0,-134.0,-0.025,6.48
6902.0,-419.0,3.0,-0.017,6.96
6906.0,-106.0,162.0,0.033,6.48
6909.0,-107.0,263.0,0.033,6.48
6914.0,62.0,2.0,0.033,6.48
6917.0,99.0,-285.0,0.117,6.23
6921.0,18.0,-160.0,0.033,6.48
6924.0,-151.0,253.0,-0.008,6.48
6928.0,32.0,126.0,0.058,6.48
6931.0,-279.0,-297.0,0.058,6.48
6935.0,-250.0,94.0,0.117,6.48
6938.0,-111.0,109.0,0.058,6.96
6942.0,-78.0,128.0,0.0,6.72
6945.0,-9.0,309.0,-0.025,6.96
6949.0,-226.0,144.0,-0.008,6.48
6952.0,-449.0,-167.0,0.0,6.48
6957.0,-68.0,-50.0,0.025,6.48
6960.0,33.0,583.0,0.05,6.48
6964.0,-56.0,384.0,-0.025,6.48
6967.0,43.0,239.0,0.033,6.96
6971.0,122.0,-14.0,0.042,6.48
6975.0,-187.0,407.0,-0.008,6.48
6978.0,-44.0,564.0,0.0,7.21
6982.0,13.0,151.0,0.108,6.48
6985.0,154.0,46.0,-0.033,6.48
6989.0,-63.0,215.0,0.05,6.48
6992.0,78.0,474.0,0.008,6.48
6996.0,141.0,141.0,0.042,6.48
7000.0,164.0,-48.0,0.0,6.96
7004.0,-29.0,479.0,0.008,7.21
7007.0,-76.0,732.0,0.042,6.96
7011.0,355.0,449.0,0.008,6.48
7014.0,122.0,62.0,0.05,6.48
7018.0,-19.0,185.0,0.025,6.48
7021.0,330.0,-32.0,0.092,6.72
7025.0,407.0,341.0,0.067,6.48
7028.0,-198.0,516.0,0.042,6.23
7032.0,-91.0,-329.0,0.008,6.48
7035.0,132.0,-140.0,0.033,6.48
7040.0,-123.0,19.0,0.008,6.72
7043.0,0.0,398.0,0.017,6.48
7047.0,-19.0,167.0,0.033,6.72
7050.0,-352.0,-2.0,0.025,6.72
7054.0,-189.0,21.0,0.017,6.48
7057.0,-88.0,312.0,0.025,6.72
7061.0,-51.0,101.0,0.0,6.48
7064.0,8.0,28.0,0.033,6.96
7068.0,69.0,-361.0,0.042,6.48
7071.0,-134.0,-158.0,0.042,6.96
7075.0,-517.0,459.0,-0.008,6.48
7078.0,-92.0,672.0,0.017,6.48
7083.0,17.0,91.0,0.042,6.72
7086.0,202.0,-82.0,0.1,6.96
7090.0,219.0,91.0,0.05,6.48
7093.0,206.0,292.0,0.025,6.48
7097.0,183.0,353.0,0.058,6.48
7100.0,-146.0,300.0,0.025,6.48
7104.0,-97.0,259.0,-0.008,6.48
7107.0,-28.0,800.0,0.083,6.72
7111.0,25.0,779.0,0.042,6.48
7114.0,-164.0,448.0,-0.017,6.48
7118.0,-87.0,277.0,0.0,6.48
7121.0,-62.0,430.0,0.025,6.48
7126.0,13.0,497.0,-0.017,6.48
7129.0,48.0,56.0,-0.033,6.72
7133.0,215.0,-67.0,-0.008,6.48
7136.0,290.0,58.0,-0.008,6.48
7140.0,-223.0,349.0,0.017,6.48
7144.0,-244.0,340.0,0.017,6.23
7147.0,-299.0,-27.0,0.033,6.96
7151.0,120.0,-206.0,0.05,6.48
7154.0,159.0,527.0,0.075,6.96
7158.0,316.0,624.0,0.083,6.96
7161.0,1.0,471.0,0.008,6.48
7165.0,-176.0,2.0,0.067,6.48
7169.0,149.0,-263.0,0.058,6.48
7173.0,10.0,-222.0,0.05,6.48
7176.0,-33.0,293.0,0.042,6.72
7180.0,156.0,-190.0,0.042,6.48
7183.0,265.0,-111.0,0.017,6.48
7187.0,428.0,188.0,0.075,6.96
7190.0,325.0,231.0,-0.017,6.48
7194.0,-378.0,222.0,0.042,6.48
7198.0,-115.0,99.0,0.05,6.48
7201.0,-54.0,160.0,-0.017,6.48
7205.0,9.0,529.0,0.033,7.21
7208.0,50.0,512.0,-0.008,6.96
7213.0,-27.0,109.0,0.025,6.48
7216.0,-196.0,-116.0,-0.008,6.48
7220.0,-69.0,9.0,0.05,6.48
7223.0,36.0,46.0,-0.008,6.48
7226.0,-165.0,241.0,0.008,6.48
7230.0,28.0,170.0,0.05,6.48
7234.0,39.0,-75.0,0.025,6.48
7237.0,66.0,82.0,0.075,6.48
7240.0,177.0,401.0,0.017,6.48
7244.0,94.0,650.0,0.025,6.48
7248.0,-121.0,239.0,0.05,6.48
7251.0,-246.0,34.0,0.058,6.48
7256.0,-163.0,465.0,0.1,6.48
7259.0,36.0,586.0,-0.008,6.48
7263.0,241.0,355.0,0.042,6.48
7266.0,-64.0,226.0,0.017,6.48
7270.0,59.0,39.0,0.033,6.48
7273.0,-182.0,342.0,0.025,6.48
7277.0,191.0,591.0,0.008,6.48
7280.0,-14.0,314.0,0.083,6.72
7284.0,-181.0,43.0,0.042,6.48
7287.0,58.0,424.0,0.033,6.72
7291.0,-185.0,421.0,0.025,6.23
7294.0,-62.0,358.0,0.042,6.48
7299.0,-79.0,163.0,0.033,6.48
7302.0,-58.0,22.0,0.042,6.96
7306.0,227.0,541.0,0.067,6.96
7309.0,4.0,388.0,0.017,6.48
7313.0,109.0,263.0,0.05,6.96
7316.0,50.0,40.0,0.05,6.48
7320.0,93.0,-67.0,0.083,6.48
7323.0,70.0,428.0,0.067,6.96
7327.0,11.0,365.0,0.033,6.72
7330.0,-52.0,-90.0,0.042,6.96
7334.0,71.0,-211.0,0.083,6.48
7337.0,116.0,220.0,-0.017,6.72
7342.0,-271.0,665.0,0.067,6.48
7345.0,-202.0,112.0,-0.042,6.48
7349.0,-217.0,-387.0,0.067,6.72
7352.0,-186.0,-52.0,-0.033,6.48
7356.0,135.0,321.0,0.017,6.72
7360.0,236.0,308.0,0.008,6.48
7363.0,43.0,201.0,0.017,6.96
7367.0,66.0,-200.0,0.042,6.96
7370.0,-119.0,55.0,0.008,6.48
7374.0,-188.0,422.0,0.008,6.48
7377.0,-17.0,119.0,-0.008,6.48
7382.0,4.0,-300.0,0.0,6.48
7385.0,-85.0,-453.0,0.083,6.48
7389.0,-300.0,-128.0,0.0,6.96
7392.0,-477.0,201.0,0.067,6.48
7396.0,-354.0,194.0,0.025,6.48
7399.0,-217.0,-133.0,0.017,6.48
7403.0,110.0,-90.0,0.025,6.96
7406.0,-27.0,39.0,0.042,6.48
7410.0,-148.0,160.0,0.008,7.21
7413.0,25.0,17.0,0.033,6.48
7417.0,40.0,-174.0,0.075,6.48
7420.0,123.0,-111.0,0.008,6.48
7425.0,68.0,214.0,-0.017,6.48
7428.0,-129.0,171.0,0.017,6.48
7432.0,-76.0,-256.0,0.0,6.72
7435.0,-295.0,-343.0,0.042,7.45
7439.0,-284.0,-152.0,0.0,6.96
7442.0,-133.0,241.0,0.1,6.72
7446.0,46.0,170.0,0.033,6.48
7449.0,139.0,313.0,0.05,6.96
7453.0,18.0,274.0,0.067,6.96
7456.0,-53.0,499.0,-0.05,6.48
7460.0,-16.0,578.0,0.025,6.48
7463.0,-401.0,141.0,0.067,6.48
7468.0,-274.0,34.0,0.017,6.48
7472.0,-59.0,223.0,0.05,7.21
7475.0,-20.0,356.0,0.067,7.45
7479.0,247.0,-139.0,0.083,6.72
7482.0,18.0,-276.0,0.017,6.48
7486.0,61.0,-23.0,0.042,6.48
7489.0,-34.0,258.0,-0.008,6.72
7493.0,-53.0,81.0,0.017,6.48
7496.0,22.0,6.0,0.033,6.48
7500.0,3.0,167.0,-0.008,6.48
7503.0,-24.0,358.0,-0.042,6.48
7506.0,103.0,375.0,0.067,6.96
7511.0,140.0,530.0,-0.042,7.21
7515.0,-79.0,193.0,-0.017,6.96
7518.0,-172.0,128.0,-0.033,6.48
7522.0,-1.0,333.0,0.0,6.48
7525.0,276.0,384.0,-0.033,6.48
7529.0,183.0,157.0,-0.008,6.48
7532.0,-94.0,102.0,0.067,6.48
7536.0,5.0,-237.0,0.125,6.72
7539.0,-24.0,602.0,0.067,6.48
7543.0,-21.0,475.0,0.117,6.72
7546.0,-92.0,200.0,0.125,7.45
7550.0,-23.0,303.0,0.05,6.48
7554.0,164.0,490.0,0.025,6.48
7558.0,-357.0,575.0,0.017,6.48
7561.0,-448.0,402.0,0.083,6.48
7565.0,-317.0,-31.0,0.008,6.48
7568.0,-250.0,-266.0,0.042,6.48
7572.0,-361.0,337.0,0.0,6.48
7575.0,-154.0,196.0,-0.033,6.48
7579.0,-231.0,-245.0,0.025,6.48
7583.0,-440.0,-112.0,0.042,6.72
7586.0,-401.0,99.0,0.017,6.48
7590.0,-508.0,540.0,0.008,6.48
7593.0,-373.0,479.0,0.033,6.48
7598.0,140.0,308.0,0.0,6.96
7601.0,219.0,-69.0,0.033,6.48
7605.0,-316.0,90.0,0.058,6.72
7608.0,-29.0,387.0,0.033,6.72
7612.0,126.0,556.0,0.008,6.48
7615.0,57.0,197.0,-0.042,6.48
7619.0,-38.0,-106.0,0.042,6.48
7622.0,-39.0,225.0,0.075,6.48
7626.0,140.0,722.0,0.017,6.48
7629.0,247.0,329.0,0.05,6.72
7633.0,282.0,-52.0,0.05,6.72
7638.0,51.0,-5.0,-0.008,6.96
7641.0,-246.0,448.0,0.058,6.72
7644.0,-185.0,743.0,0.0,6.72
7648.0,14.0,584.0,-0.008,6.48
7652.0,-121.0,513.0,0.042,6.48
7655.0,-286.0,608.0,0.042,6.48
7659.0,-293.0,59.0,0.025,6.48
7662.0,-212.0,-66.0,-0.033,6.96
7666.0,-99.0,-71.0,0.042,6.48
7669.0,122.0,180.0,0.017,6.96
7673.0,117.0,659.0,0.042,6.48
7676.0,66.0,912.0,0.05,6.48
7681.0,171.0,713.0,0.042,6.23
7684.0,-44.0,86.0,0.058,6.48
7688.0,-497.0,-121.0,0.058,6.48
7691.0,-198.0,-82.0,0.017,6.48
7695.0,203.0,69.0,0.0,6.72
7698.0,182.0,248.0,0.008,6.48
7702.0,75.0,247.0,0.025,6.96
7705.0,-120.0,280.0,0.033,6.48
7709.0,-167.0,123.0,0.067,6.48
7712.0,-366.0,258.0,0.0,6.48
7716.0,-107.0,63.0,0.008,6.48
7719.0,422.0,194.0,0.083,6.48
7724.0,117.0,207.0,0.067,6.48
7728.0,80.0,98.0,0.042,6.48
7731.0,-111.0,-37.0,0.042,6.48
7735.0,-344.0,-186.0,0.017,6.48
7738.0,-11.0,285.0,-0.008,6.96
7742.0,110.0,284.0,0.017,6.48
7745.0,-11.0,63.0,0.05,6.72
7749.0,198.0,-48.0,-0.008,6.48
7752.0,89.0,-81.0,0.058,6.48
7756.0,12.0,-12.0,0.017,6.48
7759.0,-41.0,375.0,-0.033,6.48
7763.0,-46.0,140.0,0.008,6.48
7767.0,85.0,-111.0,0.058,6.48
7771.0,176.0,130.0,0.075,6.96
7774.0,-159.0,307.0,0.042,6.72
7778.0,82.0,202.0,0.042,6.96
7781.0,207.0,287.0,0.042,6.96
7785.0,122.0,280.0,0.067,6.72
7788.0,49.0,193.0,0.033,6.96
7792.0,-190.0,502.0,0.042,6.72
7795.0,-247.0,517.0,0.042,6.48
7799.0,8.0,-146.0,-0.033,6.48
7802.0,-337.0,429.0,0.033,6.96
7806.0,-512.0,654.0,0.05,6.96
7810.0,-283.0,467.0,0.017,6.48
7814.0,78.0,178.0,-0.025,6.96
7818.0,125.0,-123.0,-0.008,6.72
7821.0,184.0,6.0,0.017,6.48
7825.0,-55.0,215.0,0.017,6.96
7828.0,-370.0,-16.0,0.042,5.99
7832.0,-323.0,75.0,0.033,6.72
7835.0,-268.0,-236.0,0.0,6.72
7839.0,339.0,283.0,0.05,6.48
7842.0,414.0,310.0,0.0,6.72
7846.0,19.0,203.0,-0.033,6.48
7849.0,202.0,-44.0,0.025,6.48
7854.0,339.0,297.0,0.083,7.21
7857.0,-270.0,378.0,-0.017,6.48
7861.0,301.0,233.0,0.017,6.48
7864.0,172.0,-64.0,0.067,6.48
7868.0,67.0,-277.0,0.075,6.96
7871.0,-176.0,170.0,0.1,6.48
7875.0,-375.0,281.0,0.05,6.96
7878.0,-142.0,162.0,0.033,6.48
7882.0,-1.0,-49.0,0.008,6.23
7885.0,190.0,-6.0,0.05,6.96
7889.0,53.0,253.0,0.025,6.72
7892.0,118.0,430.0,0.025,6.72
7897.0,109.0,233.0,0.0,6.48
7900.0,264.0,-208.0,0.0,6.96
7904.0,-27.0,7.0,0.017,6.72
7907.0,56.0,406.0,-0.017,6.48
7911.0,193.0,557.0,-0.025,6.48
7914.0,260.0,272.0,-0.008,6.48
7918.0,95.0,83.0,0.067,6.48
7921.0,-30.0,346.0,0.117,7.21
7925.0,-181.0,507.0,0.008,6.72
7929.0,-168.0,-32.0,-0.017,6.48
7932.0,149.0,23.0,-0.025,6.96
7937.0,-202.0,174.0,0.033,6.96
7940.0,-253.0,49.0,0.033,6.48
7944.0,-58.0,274.0,0.092,6.96
7947.0,-211.0,123.0,0.058,7.21
7951.0,-388.0,-142.0,0.075,6.48
7954.0,-143.0,-37.0,0.033,6.48
7958.0,-190.0,284.0,0.008,6.96
7961.0,-149.0,383.0,0.008,6.96
7965.0,34.0,280.0,0.025,6.48
7968.0,147.0,163.0,0.042,6.48
7972.0,128.0,164.0,-0.008,6.96
7975.0,-109.0,307.0,-0.008,6.48
7980.0,-60.0,162.0,0.075,6.48
7984.0,-319.0,-27.0,0.025,6.48
7987.0,-112.0,174.0,0.033,6.96
7991.0,37.0,421.0,0.025,6.96
7994.0,6.0,292.0,0.033,6.72
7998.0,41.0,153.0,0.067,6.48
8001.0,106.0,52.0,-0.008,6.48
8005.0,313.0,27.0,0.042,6.72
8008.0,192.0,184.0,0.042,6.48
8012.0,397.0,329.0,0.025,6.48
8015.0,608.0,248.0,0.042,6.48
8019.0,117.0,131.0,0.025,6.48
8023.0,-172.0,344.0,-0.042,6.48
8027.0,-49.0,623.0,0.075,6.48
8030.0,-140.0,432.0,0.108,6.48
8034.0,7.0,53.0,-0.008,6.48
8037.0,220.0,-92.0,0.0,6.48
8041.0,235.0,145.0,0.075,6.48
8044.0,238.0,-54.0,0.017,6.48
8048.0,-75.0,-357.0,0.008,6.96
8051.0,-254.0,-80.0,-0.008,6.48
8055.0,307.0,411.0,0.008,6.48
8058.0,430.0,522.0,0.042,6.72
8062.0,393.0,237.0,0.067,6.48
8066.0,326.0,428.0,0.042,6.96
8070.0,-103.0,505.0,0.075,6.23
8074.0,-58.0,456.0,0.025,6.48
8077.0,117.0,271.0,-0.017,6.96
8081.0,8.0,228.0,0.025,6.72
8084.0,313.0,37.0,0.033,6.96
8088.0,246.0,252.0,0.042,6.48
8091.0,95.0,281.0,0.025,6.48
8095.0,-232.0,316.0,-0.017,6.48
8098.0,-55.0,37.0,0.1,6.48
8102.0,-12.0,98.0,0.017,6.48
8105.0,267.0,101.0,0.017,6.48
8110.0,190.0,340.0,0.042,6.48
8113.0,153.0,107.0,0.075,6.48
8117.0,-136.0,92.0,0.108,6.48
8120.0,-495.0,-45.0,0.0,6.96
8124.0,-92.0,6.0,0.025,6.72
8127.0,-97.0,57.0,0.117,6.96
8131.0,24.0,178.0,0.075,6.72
8134.0,69.0,117.0,0.0,6.72
8138.0,-186.0,642.0,0.083,6.96
8141.0,-159.0,575.0,0.067,6.48
8145.0,308.0,474.0,0.025,6.72
8148.0,249.0,223.0,0.017,6.48
8153.0,-58.0,220.0,0.017,6.48
8156.0,83.0,435.0,0.008,6.48
8160.0,136.0,412.0,-0.042,6.72
8163.0,111.0,371.0,0.067,6.72
8167.0,176.0,8.0,0.017,6.72
8170.0,5.0,-13.0,0.075,6.48
8174.0,118.0,50.0,0.075,6.48
8177.0,241.0,265.0,0.042,6.96
8181.0,60.0,166.0,0.033,6.48
8184.0,59.0,253.0,0.033,6.48
8188.0,56.0,580.0,0.05,6.48
8192.0,-259.0,545.0,0.0,6.72
8196.0,-128.0,384.0,0.008,6.72
8199.0,-113.0,-29.0,0.05,6.72
8203.0,-234.0,-96.0,0.05,6.48
8206.0,-125.0,469.0,-0.042,6.48
8210.0,-36.0,666.0,0.067,6.72
8214.0,81.0,337.0,0.067,6.48
8217.0,-156.0,284.0,-0.017,6.48
8221.0,-147.0,323.0,0.025,6.96
8224.0,-144.0,418.0,-0.017,6.48
8228.0,201.0,175.0,0.033,6.96
8231.0,174.0,-490.0,0.033,6.48
8236.0,33.0,-47.0,0.017,6.48
8239.0,36.0,538.0,0.083,6.48
8243.0,29.0,419.0,0.05,6.72
8246.0,0.0,172.0,0.025,6.48
8250.0,-37.0,13.0,0.025,6.72
8253.0,-8.0,140.0,0.0,6.96
8257.0,81.0,-21.0,0.075,6.48
8260.0,0.0,-38.0,0.017,6.23
8263.0,-177.0,117.0,-0.008,6.48
8267.0,-312.0,228.0,-0.025,6.72
8271.0,-257.0,337.0,-0.008,6.48
8274.0,-268.0,520.0,0.067,6.96
8279.0,115.0,667.0,0.042,6.48
8282.0,414.0,-20.0,0.067,6.48
8286.0,435.0,-111.0,0.017,6.96
8289.0,-260.0,324.0,-0.008,6.48
8293.0,-345.0,481.0,0.033,6.48
8296.0,160.0,232.0,-0.017,6.48
8300.0,395.0,33.0,-0.033,6.48
8303.0,232.0,28.0,0.025,6.48
8307.0,-125.0,671.0,0.025,6.48
8311.0,150.0,470.0,0.0,6.48
8314.0,-111.0,-39.0,-0.025,6.48
8318.0,-230.0,-294.0,0.017,6.48
8322.0,21.0,39.0,0.033,6.72
8326.0,128.0,272.0,0.075,6.72
8329.0,151.0,-99.0,0.058,6.96
8333.0,334.0,-270.0,0.058,6.72
8336.0,39.0,-19.0,0.067,6.48
8340.0,74.0,80.0,0.042,6.96
8343.0,-71.0,43.0,0.017,6.48
8347.0,44.0,-14.0,0.058,6.48
8350.0,13.0,-115.0,0.033,6.96
8354.0,168.0,-60.0,0.05,6.48
8357.0,303.0,303.0,0.008,6.96
8361.0,192.0,416.0,0.067,6.72
8365.0,191.0,37.0,0.05,6.48
8369.0,230.0,-506.0,-0.017,6.72
8372.0,-251.0,-135.0,0.0,6.48
8376.0,106.0,588.0,0.042,6.48
8379.0,51.0,317.0,0.033,6.72
8383.0,-132.0,-238.0,-0.025,6.48
8386.0,-265.0,-45.0,-0.033,6.48
8390.0,-78.0,622.0,0.05,6.48
8393.0,-279.0,285.0,-0.033,6.72
8397.0,-84.0,64.0,0.042,6.96
8400.0,21.0,171.0,-0.008,6.96
8404.0,-240.0,504.0,0.017,6.96
8409.0,3.0,453.0,0.033,6.48
8412.0,-128.0,28.0,0.083,6.96
8415.0,-39.0,-103.0,0.067,6.48
8419.0,-62.0,-6.0,0.05,6.72
8422.0,-89.0,243.0,0.017,6.72
8426.0,-2.0,284.0,0.017,6.72
8429.0,109.0,423.0,0.017,6.96
8433.0,202.0,90.0,0.042,6.48
8436.0,-37.0,91.0,0.042,6.48
8440.0,-260.0,340.0,0.075,6.48
8444.0,31.0,389.0,0.033,6.72
8448.0,384.0,140.0,0.025,6.72
8452.0,253.0,-27.0,0.075,6.96
8455.0,128.0,132.0,-0.025,6.48
8459.0,137.0,-51.0,0.0,6.48
8462.0,-58.0,-10.0,-0.033,6.96
8466.0,-85.0,-49.0,0.025,6.96
8469.0,-46.0,-120.0,-0.033,6.96
8473.0,91.0,35.0,-0.008,6.48
8476.0,-20.0,394.0,-0.008,6.48
8480.0,197.0,341.0,0.008,6.48
8483.0,-10.0,78.0,0.017,6.48
8487.0,-43.0,29.0,0.05,6.96
8491.0,-354.0,570.0,-0.017,6.48
8495.0,-303.0,583.0,0.05,6.48
8498.0,-376.0,190.0,0.025,6.48
8502.0,-183.0,479.0,0.017,6.48
8505.0,-216.0,630.0,0.033,6.23
8509.0,-323.0,609.0,0.017,6.96
8512.0,-192.0,258.0,0.008,6.96
8516.0,-9.0,-119.0,0.0,6.48
8519.0,84.0,126.0,0.15,6.48
8523.0,-79.0,293.0,0.083,6.96
8526.0,36.0,140.0,0.033,6.72
8530.0,-115.0,-65.0,0.008,6.96
8534.0,-158.0,70.0,0.042,6.48
8538.0,-135.0,99.0,-0.008,6.72
8541.0,-44.0,238.0,0.033,6.48
8545.0,-125.0,371.0,0.05,6.48
8548.0,-246.0,-98.0,0.075,6.96
8552.0,163.0,197.0,0.075,6.96
8555.0,114.0,398.0,0.067,6.48
8559.0,-81.0,567.0,0.0,6.23
8562.0,-74.0,280.0,0.033,6.48
8566.0,-25.0,17.0,0.117,7.45
8569.0,-118.0,136.0,0.033,6.48
8573.0,171.0,493.0,0.075,6.48
8577.0,-190.0,338.0,0.033,6.96
8581.0,-207.0,-57.0,0.067,6.96
8585.0,-210.0,-278.0,0.05,6.48
8588.0,-99.0,3.0,0.042,6.72
8592.0,-52.0,434.0,0.042,6.72
8595.0,-31.0,399.0,0.008,6.96
8599.0,112.0,-96.0,0.008,6.48
8602.0,-5.0,185.0,-0.008,6.48
8606.0,-20.0,278.0,0.058,7.21
8609.0,-209.0,301.0,0.008,6.72
8613.0,-54.0,72.0,0.058,6.96
8616.0,323.0,-41.0,0.017,6.48
8621.0,426.0,198.0,-0.025,6.72
8624.0,-53.0,313.0,-0.025,6.96
8628.0,-84.0,146.0,0.008,6.48
8631.0,-175.0,109.0,0.033,6.96
8635.0,-296.0,-146.0,0.067,6.72
8638.0,-407.0,131.0,0.092,6.48
8642.0,-122.0,398.0,0.0,6.48
8645.0,-125.0,-45.0,0.008,7.21
8649.0,-366.0,88.0,0.067,6.72
8652.0,-361.0,131.0,0.042,6.72
8656.0,-180.0,284.0,0.108,6.23
8659.0,-17.0,407.0,0.067,6.23
8664.0,4.0,160.0,0.017,6.48
8667.0,-141.0,213.0,0.067,6.23
8671.0,192.0,180.0,0.033,6.48
8675.0,-299.0,269.0,-0.017,6.48
8678.0,-174.0,256.0,0.033,6.72
8682.0,-125.0,69.0,0.05,6.48
8685.0,-178.0,-124.0,0.042,6.96
8689.0,-185.0,7.0,0.025,6.48
8692.0,-84.0,298.0,0.025,6.72
8696.0,87.0,59.0,0.017,6.48
8699.0,-30.0,30.0,0.092,6.48
8704.0,-155.0,297.0,0.008,6.72
8707.0,110.0,706.0,0.025,6.72
8711.0,285.0,501.0,0.042,6.96
8714.0,254.0,308.0,0.05,6.96
8718.0,-45.0,-101.0,0.025,6.96
8721.0,-32.0,244.0,0.05,6.48
8725.0,-97.0,653.0,0.042,6.96
8728.0,-154.0,374.0,0.058,6.48
8732.0,-235.0,-67.0,0.067,6.96
8735.0,-240.0,-178.0,0.05,6.48
8739.0,39.0,645.0,0.108,6.48
8742.0,60.0,284.0,0.042,6.48
8747.0,211.0,105.0,0.025,6.48
8751.0,98.0,102.0,0.05,6.48
8754.0,51.0,297.0,0.058,6.48
8758.0,-262.0,414.0,0.033,6.72
8761.0,-357.0,387.0,0.042,6.96
8765.0,-66.0,122.0,0.033,6.23
8768.0,-111.0,211.0,0.058,6.96
8772.0,-132.0,348.0,0.025,6.72
8775.0,-79.0,439.0,-0.008,6.96
8779.0,56.0,414.0,-0.025,6.48
8782.0,51.0,25.0,-0.008,6.48
8786.0,132.0,272.0,0.117,6.96
8790.0,-235.0,341.0,0.083,6.48
8794.0,-136.0,304.0,0.017,6.72
8797.0,-19.0,149.0,0.058,6.48
8801.0,62.0,-16.0,0.0,6.48
8804.0,19.0,217.0,0.033,6.48
8808.0,14.0,576.0,0.083,6.48
8811.0,159.0,43.0,-0.025,6.96
8815.0,34.0,44.0,0.075,6.48
8818.0,-89.0,193.0,0.058,6.96
8822.0,-120.0,276.0,0.008,6.48
8825.0,-77.0,163.0,0.025,6.48
8829.0,-60.0,240.0,0.017,6.48
8833.0,145.0,213.0,0.033,6.48
8837.0,-238.0,384.0,0.075,6.48
8840.0,-81.0,475.0,0.05,6.48
8844.0,52.0,692.0,-0.008,6.48
8847.0,-77.0,143.0,0.0,6.48
8851.0,-110.0,-310.0,0.05,6.72
8854.0,-221.0,-57.0,0.042,6.23
8858.0,-110.0,680.0,0.025,6.23
8862.0,1.0,77.0,0.058,6.48
8865.0,242.0,48.0,0.0,6.96
8868.0,189.0,31.0,0.033,6.23
8872.0,-310.0,204.0,0.067,6.72
8876.0,-383.0,327.0,0.067,6.48
8880.0,-476.0,88.0,0.05,6.48
8884.0,-151.0,-263.0,0.067,6.72
8887.0,-52.0,348.0,0.075,6.72
8891.0,-37.0,517.0,0.075,6.48
8894.0,-328.0,454.0,-0.008,6.48
8898.0,-111.0,203.0,0.05,6.96
8901.0,14.0,48.0,0.025,6.48
8905.0,117.0,95.0,0.042,6.48
8908.0,-150.0,450.0,0.058,7.21
8912.0,-35.0,253.0,0.05,6.23
8915.0,-8.0,86.0,0.0,6.72
8920.0,-181.0,297.0,0.008,6.48
8923.0,-222.0,324.0,-0.008,6.96
8927.0,-367.0,427.0,-0.033,6.48
8930.0,-234.0,58.0,0.075,6.48
8934.0,213.0,-155.0,0.008,6.48
8937.0,56.0,300.0,-0.008,6.72
8941.0,-243.0,541.0,0.042,6.48
8944.0,-82.0,200.0,0.008,6.48
8948.0,-99.0,161.0,0.033,6.48
8951.0,-102.0,372.0,0.0,6.48
8955.0,-23.0,561.0,0.075,6.48
8958.0,-198.0,522.0,0.05,6.96
8963.0,-321.0,73.0,0.075,6.96
8966.0,-228.0,-138.0,0.067,7.21
8970.0,-79.0,193.0,0.025,6.48
8974.0,-260.0,292.0,0.042,7.21
8977.0,-265.0,573.0,0.05,6.48
8981.0,-232.0,-222.0,0.042,6.96
8984.0,-5.0,139.0,0.017,6.48
8988.0,-48.0,286.0,-0.008,6.96
8991.0,-27.0,409.0,0.05,6.48
8995.0,-56.0,64.0,0.058,6.96
8998.0,-169.0,-103.0,0.025,6.96
9003.0,-62.0,100.0,0.008,6.96
9006.0,-5.0,291.0,0.058,6.48
9010.0,458.0,318.0,0.0,6.48
9013.0,275.0,327.0,-0.017,6.96
9017.0,-192.0,604.0,0.008,6.48
9020.0,-225.0,531.0,0.058,6.72
9024.0,-154.0,318.0,0.058,6.48
9027.0,21.0,241.0,0.033,6.48
9031.0,78.0,90.0,0.0,6.96
9034.0,-273.0,259.0,0.0,6.48
9038.0,-256.0,608.0,0.075,6.48
9041.0,-277.0,493.0,0.025,6.48
9046.0,-50.0,218.0,0.025,6.48
9049.0,157.0,-35.0,0.067,6.48
9053.0,-12.0,-52.0,0.0,6.48
9056.0,31.0,523.0,0.008,6.48
9060.0,-84.0,328.0,0.017,6.48
9063.0,147.0,11.0,0.042,6.48
9067.0,144.0,-76.0,0.033,6.48
9070.0,-23.0,267.0,0.033,6.96
9074.0,22.0,364.0,-0.008,6.23
9077.0,267.0,-127.0,0.008,6.96
9081.0,422.0,-44.0,0.033,6.48
9085.0,145.0,151.0,0.033,6.48
9089.0,-12.0,550.0,0.05,6.48
9093.0,-191.0,741.0,0.05,6.72
9096.0,-198.0,308.0,0.075,6.96
9100.0,393.0,-255.0,0.05,7.21
9103.0,526.0,554.0,0.083,6.72
9107.0,391.0,583.0,0.008,7.21
9110.0,308.0,590.0,0.017,6.48
9114.0,105.0,161.0,0.017,6.48
9117.0,-74.0,-86.0,0.067,6.48
9121.0,-113.0,57.0,0.017,6.48
9124.0,-250.0,384.0,0.017,6.48
9128.0,-199.0,369.0,0.042,6.48
9133.0,156.0,30.0,0.0,6.96
9136.0,165.0,533.0,-0.033,7.45
9140.0,-252.0,482.0,0.033,6.48
9143.0,-203.0,239.0,0.033,6.96
9147.0,-70.0,128.0,0.008,6.48
9150.0,-249.0,347.0,0.058,7.21
9154.0,104.0,184.0,0.058,6.48
9157.0,65.0,47.0,0.058,6.48
9161.0,-42.0,232.0,0.017,6.48
9164.0,-113.0,67.0,0.092,6.23
9168.0,76.0,-184.0,-0.2,6.48
9171.0,-111.0,-59.0,-0.7,6.48
9176.0,92.0,-82.0,-1.167,6.72
9179.0,9.0,-545.0,-2.258,6.72
9183.0,-52.0,32.0,-1.317,6.48
9186.0,67.0,-355.0,-1.792,6.72
9190.0,-472.0,-2832.0,-6.692,7.7
9193.0,63.0,-1859.0,-8.442,8.19
9197.0,134.0,-13002.0,-14.533,8.43
9201.0,351.0,-17023.0,-22.167,9.16
9204.0,242.0,-18154.0,-24.942,10.39
9208.0,369.0,-19239.0,-22.525,11.61
9212.0,-286.0,-25266.0,-19.858,12.1
9217.0,-511.0,-32113.0,-21.142,13.32
9221.0,-342.0,-34362.0,-21.425,14.3
9224.0,-75.0,-36613.0,-21.283,14.78
9228.0,-152.0,-34642.0,-12.875,15.27
9232.0,27.0,-32911.0,-2.633,15.76
9235.0,316.0,-47496.0,-10.492,16.01
9239.0,59.0,-60631.0,-26.308,16.74
9243.0,-196.0,-71002.0,-30.842,17.72
9247.0,-89.0,-79743.0,-25.733,18.7
9250.0,172.0,-92728.0,-13.933,20.89
9254.0,-37.0,-104073.0,-7.533,24.07
9259.0,-254.0,-115070.0,-6.075,26.52
9263.0,-143.0,-132251.0,3.792,30.43
9267.0,-180.0,-177354.0,11.558,33.6
9270.0,-171.0,-201917.0,-2.842,34.82
9274.0,-62.0,-230980.0,-5.658,35.56
9278.0,179.0,-261561.0,11.1,35.56
9282.0,90.0,-329440.0,9.967,35.31
9285.0,-81.0,-368947.0,1.267,34.82
9289.0,-174.0,-409856.0,6.908,34.82
9293.0,-93.0,-452397.0,12.442,35.56
9297.0,-96.0,-537018.0,7.425,36.53
9300.0,91.0,-582719.0,8.833,36.78
9305.0,154.0,-629560.0,11.525,38.98
9309.0,-249.0,-676753.0,10.358,40.2
9313.0,-240.0,-726722.0,12.108,43.62
9316.0,-85.0,-832231.0,11.708,46.07
9320.0,66.0,-884444.0,11.25,47.04
9324.0,93.0,-935075.0,10.883,46.8
9328.0,-22.0,-984580.0,11.592,46.07
9331.0,45.0,-1090297.0,13.067,44.11
9335.0,78.0,-1144190.0,11.575,42.4
9339.0,-233.0,-1198411.0,12.75,41.91
9344.0,60.0,-1254012.0,11.675,41.91
9348.0,-345.0,-1324735.0,-3.283,42.16
9351.0,-460.0,-1344704.0,-0.85,40.93
9355.0,-41.0,-1388603.0,23.983,38.98
9359.0,4.0,-1446748.0,6.7,37.51
9363.0,169.0,-1548575.0,3.092,35.8
9367.0,166.0,-1603526.0,16.267,35.07
9370.0,-191.0,-1656575.0,8.583,35.07
9374.0,-332.0,-1705802.0,8.342,35.8
9378.0,-9.0,-1755815.0,12.108,34.82
9382.0,42.0,-1859890.0,11.633,35.07
9387.0,121.0,-1911283.0,11.308,35.07
9390.0,-92.0,-1962698.0,11.3,34.58
9394.0,83.0,-2012281.0,8.467,33.36
9398.0,136.0,-2107044.0,10.167,32.87
9402.0,67.0,-2156465.0,10.733,32.14
9406.0,-158.0,-2205492.0,10.125,31.65
9409.0,-3.0,-2253721.0,9.883,31.16
9413.0,-62.0,-2346048.0,8.767,31.16
9417.0,-29.0,-2390727.0,8.5,30.67
9421.0,14.0,-2435836.0,9.325,30.67
9425.0,-39.0,-2481431.0,9.083,30.67
9428.0,146.0,-2571728.0,9.05,31.4
9433.0,-323.0,-2614843.0,8.167,32.38
9437.0,-108.0,-2655442.0,7.708,33.36
9441.0,-105.0,-2696587.0,8.425,32.62
9445.0,-32.0,-2782158.0,8.317,31.89
9448.0,-207.0,-2824285.0,8.067,30.67
9452.0,-218.0,-2864486.0,7.667,29.2
9456.0,-151.0,-2902953.0,6.95,28.71
9460.0,-62.0,-2979220.0,6.975,28.23
9463.0,-27.0,-3017667.0,6.525,27.49
9467.0,-92.0,-3055374.0,7.225,27.25
9472.0,-155.0,-3091989.0,6.7,27.0
9476.0,-318.0,-3127060.0,5.975,27.49
9480.0,-145.0,-3194489.0,6.0,25.78
9483.0,-34.0,-3227758.0,5.775,25.05
9487.0,197.0,-3260953.0,5.717,24.56
9491.0,128.0,-3293298.0,5.917,23.83
9495.0,43.0,-3356431.0,5.758,23.34
9499.0,136.0,-3385898.0,4.967,22.61
9502.0,45.0,-3415011.0,5.383,22.36
9506.0,-260.0,-3443520.0,5.167,22.12
9510.0,177.0,-3498927.0,6.017,21.63
9515.0,188.0,-3525758.0,4.775,21.14
9519.0,237.0,-3551799.0,5.117,20.89
9522.0,-16.0,-3576600.0,4.225,20.65
9526.0,139.0,-3624103.0,4.1,19.67
9530.0,70.0,-3647010.0,4.2,19.18
9534.0,-197.0,-3669653.0,4.183,18.7
9538.0,58.0,-3691318.0,3.742,18.21
9541.0,107.0,-3733285.0,3.658,17.96
9545.0,0.0,-3753382.0,3.167,17.47
9549.0,-253.0,-3772495.0,3.0,16.98
9553.0,462.0,-3790594.0,3.233,17.23
9556.0,183.0,-3808543.0,3.067,16.5
9561.0,-138.0,-3842708.0,2.767,16.25
9565.0,-41.0,-3859435.0,3.392,16.25
9569.0,228.0,-3875860.0,2.642,15.52
9573.0,213.0,-3890615.0,2.758,15.03
9576.0,-124.0,-3919394.0,2.917,15.27
9580.0,-273.0,-3932393.0,2.35,14.54
9584.0,296.0,-3944620.0,2.667,14.05
9588.0,135.0,-3955849.0,1.917,14.05
9592.0,168.0,-3977228.0,2.0,13.56
9595.0,143.0,-3987373.0,2.358,14.05
9600.0,422.0,-3996942.0,1.442,13.07
9604.0,307.0,-4006125.0,2.275,12.83
9608.0,56.0,-4022354.0,1.825,12.59
9612.0,75.0,-4030121.0,2.15,12.34
9615.0,302.0,-4036588.0,1.225,12.1
9619.0,319.0,-4042333.0,1.65,12.34
9623.0,48.0,-4052742.0,1.592,11.61
9627.0,113.0,-4056557.0,0.658,11.61
9631.0,128.0,-4060320.0,2.033,11.12
9634.0,-181.0,-4063841.0,0.308,11.12
9638.0,144.0,-4067704.0,1.192,10.87
9643.0,43.0,-4068995.0,0.758,10.87
9647.0,114.0,-4070358.0,0.958,10.87
9651.0,51.0,-4070507.0,0.433,9.9
9654.0,-220.0,-4070234.0,1.042,9.41
9658.0,-53.0,-4067207.0,0.8,9.41
9662.0,274.0,-4065436.0,1.092,9.16
9665.0,65.0,-4064117.0,0.392,8.68
9669.0,62.0,-4061922.0,-0.05,8.43
9673.0,105.0,-4055423.0,0.542,8.19
9677.0,216.0,-4051186.0,-0.442,8.43
9680.0,-213.0,-4046101.0,0.225,7.94
9684.0,-116.0,-4039980.0,0.117,8.19
9689.0,-111.0,-4025889.0,-0.167,7.21
9693.0,-268.0,-4018566.0,-0.008,6.96
9696.0,219.0,-4010615.0,-0.333,6.48
9700.0,-20.0,-4001710.0,-0.533,6.72
9704.0,-33.0,-3991337.0,-0.6,5.99
9708.0,-108.0,-3969556.0,-0.158,5.99
9711.0,103.0,-3958427.0,-0.75,5.74
9715.0,178.0,-3945918.0,-0.05,5.5
9719.0,-325.0,-3932923.0,-0.192,5.99
9723.0,136.0,-3917338.0,2.075,5.25
9726.0,151.0,-3905253.0,-5.325,5.74
9731.0,-404.0,-3887908.0,1.842,5.5
9735.0,277.0,-3872217.0,-0.692,5.25
9739.0,124.0,-3856614.0,-1.683,5.5
9743.0,373.0,-3821881.0,-1.717,4.77
9746.0,88.0,-3803490.0,-0.192,4.52
9750.0,-253.0,-3785503.0,-1.242,4.28
9754.0,-250.0,-3765054.0,-1.383,4.03
9758.0,-103.0,-3722569.0,-2.583,4.03
9761.0,104.0,-3701352.0,-0.925,3.79
9765.0,331.0,-3678971.0,-1.325,3.79
9769.0,-132.0,-3655438.0,-1.8,3.54
9774.0,-327.0,-3607155.0,-1.592,3.3
9777.0,206.0,-3585986.0,-1.908,3.54
9781.0,369.0,-3573169.0,1.942,3.05
9785.0,-212.0,-3558166.0,-5.233,3.3
9789.0,83.0,-3534503.0,3.008,3.54
9792.0,196.0,-3497528.0,-1.458,3.05
9796.0,-535.0,-3470143.0,-5.808,2.81
9800.0,314.0,-3439890.0,0.8,2.81
9804.0,117.0,-3411885.0,-3.933,2.32
9807.0,80.0,-3351140.0,-0.258,2.08
9811.0,-49.0,-3319103.0,-3.417,2.32
9816.0,236.0,-3287600.0,-4.475,1.59
9820.0,47.0,-3253519.0,-3.55,1.34
9823.0,162.0,-3218092.0,-3.142,0.86
9827.0,-81.0,-3144507.0,-4.217,1.34
9831.0,-146.0,-3106438.0,-3.308,0.61
9835.0,-235.0,-3068015.0,-4.242,0.37
9838.0,56.0,-3029642.0,-4.2,0.61
9842.0,-167.0,-2948817.0,-5.2,0.12
9846.0,-276.0,-2906758.0,-4.608,-0.61
9850.0,289.0,-2863621.0,-4.775,-1.1
9853.0,-282.0,-2819292.0,-4.617,-1.34
9858.0,-493.0,-2732015.0,-5.95,-1.83
9862.0,-254.0,-2687216.0,-6.108,-2.57
9866.0,-203.0,-2640889.0,-6.408,-2.81
9870.0,-142.0,-2592868.0,-6.308,-3.54
9873.0,-201.0,-2543873.0,-7.058,-4.52
9877.0,-228.0,-2444474.0,-6.808,-5.5
9881.0,39.0,-2395295.0,-7.7,-6.23
9885.0,-14.0,-2345476.0,-8.117,-6.72
9888.0,75.0,-2293303.0,-8.392,-7.45
9892.0,-48.0,-2187010.0,-8.442,-7.94
9896.0,-91.0,-2134921.0,-8.642,-8.68
9900.0,-198.0,-2083528.0,-9.108,-9.41
9904.0,3.0,-2032325.0,-9.883,-10.14
9908.0,16.0,-1979734.0,-10.258,-10.87
9912.0,95.0,-1869069.0,-10.533,-11.85
9916.0,364.0,-1814420.0,-10.317,-12.83
9919.0,-107.0,-1760995.0,-11.042,-13.32
9923.0,122.0,-1709172.0,-12.125,-14.78
9927.0,293.0,-1601669.0,-12.767,-15.27
9931.0,-128.0,-1544524.0,-13.308,-16.25
9935.0,43.0,-1488697.0,-12.883,-17.47
9939.0,114.0,-1381598.0,-12.925,-18.94
9944.0,23.0,-1329623.0,-13.65,-19.43
9947.0,-322.0,-1277444.0,-14.142,-20.16
9951.0,-231.0,-1222133.0,-14.925,-21.38
9955.0,30.0,-1113540.0,-13.408,-21.38
9959.0,55.0,-1062865.0,-13.225,-23.09
9963.0,12.0,-1016760.0,-11.883,-24.32
9967.0,105.0,-973697.0,-11.992,-24.8
9970.0,-186.0,-876252.0,-15.0,-25.29
9974.0,123.0,-822061.0,-15.125,-26.27
9978.0,88.0,-770110.0,-13.392,-27.98
9982.0,57.0,-722791.0,-12.258,-29.45
9986.0,158.0,-680512.0,-11.242,-30.18
9990.0,57.0,-605043.0,-11.075,-31.65
9994.0,102.0,-565842.0,-12.267,-31.89
9998.0,-121.0,-526939.0,-11.15,-32.87
10002.0,-116.0,-488056.0,-10.683,-33.85
10005.0,-261.0,-410963.0,-10.0,-33.85
10009.0,-132.0,-374302.0,-8.925,-35.31
10013.0,-77.0,-339079.0,-8.483,-36.29
10017.0,-114.0,-304704.0,-7.208,-37.02
10021.0,-53.0,-238869.0,-1.667,-37.76
10025.0,-80.0,-209078.0,6.375,-38.49
10029.0,55.0,-183009.0,8.35,-38.98
10033.0,-102.0,-159364.0,6.55,-39.22
10037.0,-83.0,-117571.0,7.3,-39.47
10041.0,8.0,-98990.0,6.258,-39.71
10044.0,-101.0,-80413.0,8.2,-40.44
10048.0,118.0,-63300.0,13.992,-40.69
10052.0,-75.0,-40993.0,19.65,-40.93
10056.0,-20.0,-32894.0,17.2,-41.18
10060.0,-291.0,-26657.0,15.65,-40.93
10063.0,-22.0,-20772.0,17.9,-40.93
10067.0,-93.0,-15383.0,19.892,-40.44
10072.0,-8.0,-6104.0,20.9,-39.47
10076.0,25.0,-2593.0,21.867,-39.96
10079.0,334.0,1096.0,21.908,-39.22
10083.0,249.0,3227.0,20.433,-38.73
10087.0,172.0,4546.0,17.85,-38.0
10091.0,-363.0,5453.0,14.783,-37.51
10094.0,318.0,6486.0,11.733,-37.02
10098.0,71.0,7309.0,10.25,-35.8
10102.0,74.0,11614.0,11.042,-34.34
10106.0,137.0,13691.0,13.033,-32.62
10109.0,-150.0,14084.0,12.975,-30.91
10114.0,-265.0,13875.0,10.617,-28.96
10118.0,-132.0,14656.0,7.658,-27.25
10122.0,-37.0,15401.0,5.558,-26.03
10126.0,192.0,15464.0,4.692,-23.83
10129.0,-71.0,16297.0,5.65,-22.36
10133.0,100.0,17562.0,6.725,-20.16
10137.0,175.0,17889.0,6.592,-18.21
10141.0,84.0,17902.0,4.408,-17.23
10144.0,-169.0,17047.0,-0.875,-15.03
10148.0,170.0,16260.0,-5.025,-12.83
10152.0,215.0,16647.0,-6.442,-11.12
10157.0,240.0,17082.0,-5.3,-8.19
10160.0,-281.0,16635.0,-4.3,-5.5
10164.0,-88.0,16072.0,-4.742,-3.79
10168.0,-133.0,15919.0,-4.925,-1.83
10172.0,-86.0,17300.0,-3.342,-0.37
10175.0,-231.0,17135.0,-0.733,1.1
10179.0,-128.0,16804.0,0.217,1.59
10183.0,-37.0,16177.0,-1.242,3.3
10186.0,-124.0,15080.0,-3.15,4.03
10190.0,-165.0,14095.0,-5.958,4.28
10194.0,66.0,9878.0,-11.508,5.25
10199.0,109.0,6109.0,-18.008,6.72
10202.0,334.0,1606.0,-21.842,6.72
10206.0,163.0,-269.0,-22.15,9.16
10210.0,206.0,-2076.0,-20.483,11.12
10213.0,-225.0,-6241.0,-19.975,12.34
10217.0,164.0,-10706.0,-20.458,13.81
10221.0,185.0,-15731.0,-20.567,15.27
10225.0,38.0,-22200.0,-22.283,16.25
10229.0,427.0,-25849.0,-24.025,17.23
10232.0,-22.0,-28214.0,-24.408,18.45
10236.0,-413.0,-33641.0,-24.983,19.67
10241.0,-338.0,-46910.0,-26.4,20.41
10245.0,-273.0,-53845.0,-28.683,21.38
10249.0,-186.0,-60562.0,-27.7,22.61
10253.0,245.0,-67351.0,-24.9,23.09
10256.0,290.0,-83364.0,-22.258,25.05
10260.0,-367.0,-92527.0,-16.0,27.49
10264.0,-128.0,-103642.0,-10.975,29.94
10268.0,-49.0,-117215.0,3.917,33.85
10272.0,42.0,-159068.0,11.708,38.73
10275.0,139.0,-187081.0,-0.442,40.93
10279.0,460.0,-217078.0,-9.758,43.87
10284.0,299.0,-248025.0,5.558,43.87
10288.0,-268.0,-320280.0,13.217,43.62
10292.0,-247.0,-356935.0,6.942,43.62
10296.0,-150.0,-394646.0,7.975,43.87
10299.0,-9.0,-428983.0,3.925,43.62
10303.0,-212.0,-465800.0,-9.542,41.91
10307.0,253.0,-520919.0,22.358,40.2
10311.0,206.0,-582812.0,13.233,38.25
10315.0,-195.0,-623593.0,-10.833,37.51
10318.0,236.0,-725816.0,18.183,37.02
10322.0,21.0,-776993.0,7.208,37.02
10327.0,436.0,-825428.0,3.825,37.51
10331.0,301.0,-877281.0,15.1,38.0
10335.0,-146.0,-988226.0,12.308,37.51
10339.0,135.0,-1042445.0,10.625,37.76
10342.0,308.0,-1097948.0,13.025,37.27
10346.0,-53.0,-1152501.0,10.65,37.02
10350.0,-124.0,-1257282.0,11.0,36.29
10354.0,113.0,-1311039.0,12.908,36.29
10358.0,46.0,-1366594.0,12.008,35.8
10362.0,-119.0,-1477245.0,11.592,35.31
10366.0,14.0,-1531942.0,11.492,34.82
10371.0,-305.0,-1582727.0,9.875,34.09
10374.0,-122.0,-1632430.0,11.975,34.09
10378.0,73.0,-1739485.0,11.8,34.82
10382.0,-114.0,-1793072.0,10.742,36.53
10386.0,-161.0,-1846699.0,12.1,38.25
10390.0,-298.0,-1899060.0,9.792,40.44
10394.0,93.0,-1998661.0,10.317,40.44
10398.0,288.0,-2050074.0,10.792,39.96
10402.0,-43.0,-2100771.0,9.958,38.25
10405.0,-134.0,-2151284.0,10.617,36.78
10409.0,-91.0,-2248613.0,9.15,35.8
10414.0,-248.0,-2295182.0,8.942,34.82
10418.0,-13.0,-2341607.0,9.575,34.58
10422.0,226.0,-2436210.0,9.0,34.34
10426.0,109.0,-2482483.0,9.508,33.85
10430.0,-264.0,-2527600.0,8.3,33.85
10433.0,-77.0,-2571179.0,8.792,32.87
10437.0,-140.0,-2657114.0,8.708,32.38
10441.0,-71.0,-2700049.0,8.45,31.65
10445.0,526.0,-2742818.0,8.075,30.91
10449.0,363.0,-2784415.0,7.925,29.94
10454.0,-176.0,-2863072.0,7.317,29.94
10457.0,-27.0,-2902287.0,7.233,28.96
10461.0,-116.0,-2942178.0,6.708,28.96
10465.0,-309.0,-2980605.0,7.217,27.49
10469.0,-286.0,-3055072.0,7.067,27.49
10473.0,-245.0,-3089561.0,6.175,26.27
10477.0,288.0,-3123760.0,6.417,25.78
10481.0,303.0,-3157879.0,5.933,25.78
10484.0,-4.0,-3226496.0,6.083,24.56
10488.0,23.0,-3259005.0,6.275,23.83
10492.0,100.0,-3290724.0,5.65,23.34
10497.0,-169.0,-3321293.0,5.458,23.58
10501.0,-18.0,-3380390.0,5.417,22.61
10505.0,-281.0,-3409591.0,5.65,22.36
10508.0,-220.0,-3438224.0,5.017,21.63
10512.0,99.0,-3466405.0,4.983,21.14
10516.0,-10.0,-3519300.0,4.5,20.41
10520.0,125.0,-3544237.0,4.142,20.16
10524.0,338.0,-3567940.0,3.892,19.92
10528.0,153.0,-3591801.0,3.983,19.18
10531.0,82.0,-3638830.0,4.092,18.7
10535.0,-361.0,-3661253.0,3.742,18.45
10540.0,-174.0,-3683256.0,3.567,17.96
10544.0,39.0,-3703799.0,3.117,17.96
10548.0,-66.0,-3743904.0,2.992,17.23
10552.0,-221.0,-3762527.0,2.9,16.98
10555.0,-400.0,-3780734.0,3.058,16.5
10559.0,-199.0,-3798699.0,3.15,16.01
10563.0,96.0,-3833206.0,2.7,16.01
10567.0,417.0,-3849821.0,2.817,15.52
10571.0,178.0,-3865496.0,2.317,15.03
10575.0,-41.0,-3880117.0,2.208,14.78
10579.0,-252.0,-3907962.0,2.333,14.54
10583.0,-409.0,-3921313.0,2.083,14.54
10587.0,-278.0,-3933020.0,1.933,14.3
10591.0,-13.0,-3956655.0,2.342,13.56
10595.0,-422.0,-3967406.0,1.708,13.07
10599.0,-141.0,-3978183.0,1.858,12.83
10603.0,114.0,-3987048.0,1.6,12.59
10607.0,-141.0,-4004131.0,1.692,12.59
10610.0,80.0,-4011764.0,1.233,12.1
10614.0,173.0,-4019571.0,1.758,12.34
10618.0,22.0,-4026014.0,0.808,11.85
10622.0,-109.0,-4037319.0,1.458,11.85
10627.0,-30.0,-4042028.0,0.492,11.61
10631.0,29.0,-4046475.0,1.275,10.87
10634.0,-244.0,-4050308.0,0.725,10.39
10638.0,-23.0,-4055279.0,0.925,10.14
10642.0,210.0,-4057336.0,0.475,9.9
10646.0,139.0,-4058901.0,0.55,9.65
10650.0,172.0,-4059484.0,0.333,9.41
10653.0,-13.0,-4059045.0,0.775,9.16
10657.0,-408.0,-4058386.0,0.575,9.41
10661.0,53.0,-4056983.0,0.1,8.68
10665.0,378.0,-4055152.0,0.158,8.92
10670.0,499.0,-4051351.0,0.383,8.43
10673.0,-290.0,-4048982.0,0.592,7.94
10677.0,-329.0,-4046219.0,-0.783,7.94
10681.0,-174.0,-4041958.0,0.2,7.7
10685.0,21.0,-4030007.0,-0.317,7.21
10689.0,-36.0,-4023524.0,-0.233,7.7
10692.0,39.0,-4016697.0,-0.667,6.72
10696.0,244.0,-4008984.0,0.25,6.48
10700.0,313.0,-4000511.0,0.383,6.23
10704.0,-20.0,-3988736.0,1.125,6.48
10708.0,-131.0,-3980741.0,-3.658,6.23
10712.0,-44.0,-3968968.0,1.742,5.99
10716.0,187.0,-3958207.0,-1.167,5.74
10720.0,-142.0,-3932942.0,-0.4,5.5
10724.0,-563.0,-3919173.0,-1.2,5.25
10728.0,-28.0,-3905388.0,-1.008,5.74
10731.0,-247.0,-3891045.0,-0.933,5.25
10735.0,344.0,-3858700.0,-0.933,5.25
10739.0,-19.0,-3841433.0,-1.608,5.01
10743.0,-264.0,-3825012.0,-0.025,5.01
10747.0,-337.0,-3813635.0,2.55,4.52
10750.0,-46.0,-3789320.0,-4.342,4.52
10755.0,-549.0,-3769531.0,1.692,5.01
10759.0,454.0,-3759600.0,2.617,5.01
10763.0,423.0,-3749045.0,-6.292,4.28
10767.0,-200.0,-3702890.0,1.717,4.52
10771.0,167.0,-3681211.0,-2.292,4.77
10774.0,-136.0,-3658908.0,-0.367,4.52
10778.0,-91.0,-3634265.0,-3.158,3.79
10782.0,232.0,-3584316.0,-1.642,3.54
10786.0,-165.0,-3557571.0,-1.858,3.3
10790.0,150.0,-3530324.0,-2.0,3.05
10793.0,-15.0,-3503257.0,-3.317,2.81
10798.0,-442.0,-3444592.0,-1.683,2.57
10802.0,83.0,-3413111.0,-2.725,2.81
10806.0,-90.0,-3380514.0,-2.908,2.81
10810.0,-127.0,-3347561.0,-2.883,1.83
10813.0,-14.0,-3280300.0,-3.042,1.83
10817.0,-33.0,-3247033.0,-3.05,1.59
10821.0,136.0,-3211446.0,-3.425,2.32
10825.0,279.0,-3173571.0,-3.875,1.1
10829.0,158.0,-3135458.0,-3.992,0.86
10832.0,29.0,-3057995.0,-3.858,0.12
10836.0,208.0,-3017960.0,-3.75,-0.37
10841.0,-185.0,-2978173.0,-4.733,-0.86
10845.0,10.0,-2936754.0,-4.708,-1.1
10849.0,91.0,-2851475.0,-5.0,-1.83
10852.0,8.0,-2806736.0,-5.125,-1.83
10856.0,-41.0,-2761989.0,-4.583,-2.57
10860.0,-104.0,-2717292.0,-5.933,-2.32
10864.0,155.0,-2626107.0,-5.417,-3.3
10868.0,-36.0,-2578686.0,-6.642,-3.54
10871.0,-151.0,-2529879.0,-6.558,-3.3
10875.0,-90.0,-2479844.0,-6.8,-4.52
10880.0,-67.0,-2379017.0,-7.292,-5.25
10884.0,-124.0,-2328606.0,-7.342,-5.74
10888.0,11.0,-2277197.0,-8.35,-6.23
10891.0,-268.0,-2224454.0,-8.533,-7.7
10895.0,-325.0,-2116915.0,-8.725,-7.94
10899.0,-180.0,-2063546.0,-9.125,-8.68
10903.0,-189.0,-2010877.0,-9.042,-9.16
10907.0,-106.0,-1958824.0,-10.067,-10.14
10911.0,-93.0,-1850143.0,-10.542,-11.12
10914.0,270.0,-1793986.0,-10.742,-11.61
10918.0,55.0,-1738209.0,-11.125,-12.59
10923.0,-174.0,-1684314.0,-10.9,-13.81
10927.0,135.0,-1580199.0,-12.125,-14.54
10931.0,-140.0,-1524488.0,-13.508,-15.76
10935.0,-99.0,-1466567.0,-13.25,-16.25
10939.0,82.0,-1358264.0,-12.942,-17.47
10943.0,-431.0,-1305393.0,-13.383,-18.7
10947.0,-138.0,-1254482.0,-13.45,-18.94
10950.0,111.0,-1202907.0,-14.1,-20.41
10954.0,-106.0,-1095166.0,-14.542,-21.14
10958.0,-23.0,-1041169.0,-14.175,-22.36
10962.0,-2.0,-990188.0,-12.792,-23.58
10967.0,-41.0,-946319.0,-11.183,-24.56
10971.0,-224.0,-860680.0,-12.95,-25.29
10975.0,-207.0,-811337.0,-14.8,-26.76
10978.0,-160.0,-762362.0,-13.458,-27.49
10982.0,-41.0,-716377.0,-11.575,-28.96
10986.0,-58.0,-632726.0,-12.058,-29.94
10990.0,-75.0,-592175.0,-12.017,-30.91
10994.0,82.0,-551768.0,-12.142,-32.38
10998.0,-133.0,-512489.0,-10.883,-32.87
11001.0,30.0,-438518.0,-10.683,-34.58
11005.0,91.0,-404065.0,-11.108,-34.82
11010.0,128.0,-370972.0,-10.917,-36.05
11014.0,103.0,-339337.0,-8.425,-37.02
11018.0,-222.0,-276810.0,-5.6,-38.0
11022.0,-207.0,-245691.0,-4.808,-38.73
11025.0,-204.0,-214608.0,0.317,-39.47
11029.0,-165.0,-186025.0,8.975,-39.22
11033.0,36.0,-140662.0,10.183,-40.44
11037.0,-225.0,-120997.0,7.0,-40.44
11041.0,-70.0,-103670.0,8.008,-40.2
11044.0,19.0,-87071.0,4.6,-41.18
11048.0,-84.0,-54712.0,11.475,-41.42
11053.0,-71.0,-42849.0,19.25,-41.91
11057.0,-176.0,-34058.0,20.075,-42.4
11061.0,-125.0,-27655.0,17.633,-42.4
11064.0,268.0,-17870.0,15.683,-42.4
11068.0,11.0,-12721.0,18.358,-41.67
11072.0,154.0,-8422.0,18.858,-41.18
11076.0,105.0,-4467.0,19.083,-40.44
11079.0,126.0,2142.0,20.842,-39.47
11083.0,229.0,5131.0,20.367,-38.73
11087.0,16.0,6036.0,18.375,-38.25
11091.0,-171.0,6911.0,16.167,-37.51
11096.0,-396.0,7436.0,12.917,-36.78
11099.0,-243.0,8861.0,10.517,-35.07
11103.0,22.0,10458.0,9.733,-34.34
11107.0,-109.0,12367.0,11.492,-32.87
11111.0,-212.0,13658.0,12.867,-30.91
11114.0,-231.0,14563.0,11.317,-29.69
11118.0,126.0,14718.0,8.392,-27.49
11122.0,153.0,15103.0,6.975,-26.03
11126.0,-88.0,15262.0,6.025,-24.32
11130.0,-91.0,16925.0,4.8,-22.61
11133.0,-410.0,16024.0,3.292,-21.14
11138.0,-493.0,17363.0,3.175,-19.43
11142.0,-92.0,17850.0,3.642,-17.23
11146.0,-35.0,17105.0,1.0,-15.52
11149.0,104.0,16300.0,-3.425,-13.07
11153.0,591.0,16375.0,-5.358,-10.63
11157.0,304.0,16572.0,-5.583,-8.43
11161.0,11.0,16867.0,-4.017,-5.74
11164.0,-48.0,14624.0,-4.658,-3.79
11168.0,-119.0,15381.0,-6.008,-1.83
11172.0,-106.0,17676.0,-3.842,-0.37
11175.0,211.0,16583.0,-1.508,1.1
11180.0,-118.0,16230.0,-0.05,1.1
11184.0,-207.0,15573.0,-1.525,2.57
11188.0,-228.0,14314.0,-5.442,3.05
11191.0,125.0,11471.0,-10.892,4.03
11195.0,110.0,8996.0,-13.775,5.01
11199.0,41.0,6113.0,-14.658,6.72
11202.0,-210.0,3166.0,-16.633,7.7
11206.0,-233.0,693.0,-18.592,9.41
11210.0,-264.0,-2120.0,-20.917,11.12
11214.0,161.0,-5873.0,-20.967,12.83
11217.0,94.0,-9828.0,-20.308,13.81
11222.0,117.0,-7305.0,-14.95,15.03
11226.0,114.0,-1606.0,-5.867,16.01
11230.0,301.0,-9183.0,-8.542,16.98
11233.0,-168.0,-30624.0,-20.767,16.98
11237.0,-51.0,-38997.0,-30.7,17.47
11241.0,230.0,-42930.0,-34.742,18.21
11245.0,187.0,-49497.0,-33.633,19.18
11249.0,62.0,-56768.0,-28.633,20.89
11252.0,245.0,-49539.0,-15.417,21.87
11256.0,202.0,-38036.0,4.4,22.61
11260.0,109.0,-50959.0,-2.817,23.09
11265.0,104.0,-87734.0,-23.583,24.32
11269.0,281.0,-101885.0,-34.783,24.32
11272.0,530.0,-115244.0,-16.825,26.03
11276.0,381.0,-134567.0,17.133,28.23
11280.0,-360.0,-180936.0,12.933,28.71
11284.0,-173.0,-212299.0,-15.817,30.18
11288.0,62.0,-246156.0,-9.283,31.16
11292.0,-125.0,-280467.0,17.592,31.4
11296.0,338.0,-350580.0,12.717,31.89
11299.0,309.0,-390901.0,-0.117,32.62
11303.0,56.0,-436010.0,9.65,34.58
11308.0,-71.0,-483811.0,13.725,36.05
11312.0,314.0,-585730.0,9.817,38.25
11316.0,175.0,-638381.0,11.033,39.47
11319.0,272.0,-690740.0,11.358,39.47
11323.0,225.0,-741199.0,10.075,38.98
11327.0,52.0,-844828.0,11.892,38.73
11331.0,33.0,-899905.0,12.683,38.49
11335.0,-206.0,-955242.0,11.5,40.69
11339.0,-289.0,-1010543.0,12.775,42.64
11343.0,250.0,-1122250.0,12.067,46.8
11346.0,3.0,-1174143.0,10.45,48.51
11351.0,-24.0,-1227280.0,12.667,48.75
11355.0,249.0,-1281823.0,12.333,47.53
11359.0,-144.0,-1391634.0,11.558,45.33
11363.0,-31.0,-1447633.0,12.75,44.11
11367.0,88.0,-1502118.0,10.533,42.64
11371.0,147.0,-1553037.0,10.158,41.42
11375.0,74.0,-1656152.0,12.4,41.18
11378.0,135.0,-1710769.0,11.475,41.42
11382.0,-154.0,-1764932.0,11.342,41.42
11386.0,-101.0,-1818213.0,10.975,41.18
11390.0,-42.0,-1920292.0,10.058,40.69
11395.0,-163.0,-1971539.0,10.708,39.96
11399.0,-200.0,-2023104.0,10.717,38.73
11403.0,-77.0,-2123933.0,9.992,37.76
11407.0,20.0,-2173492.0,10.45,37.51
11410.0,-45.0,-2221211.0,8.808,36.05
11414.0,242.0,-2267836.0,9.142,35.56
11418.0,249.0,-2362655.0,9.717,35.56
11422.0,98.0,-2409432.0,8.992,35.07
11426.0,67.0,-2455831.0,9.517,34.34
11430.0,-124.0,-2500776.0,8.883,33.6
11433.0,-89.0,-2586967.0,8.642,33.36
11438.0,-52.0,-2629408.0,7.942,32.38
11442.0,-57.0,-2672789.0,8.633,31.65
11446.0,-90.0,-2716152.0,7.95,30.67
11450.0,-283.0,-2799153.0,7.742,30.43
11454.0,-290.0,-2837956.0,7.492,30.18
11457.0,95.0,-2877523.0,7.3,28.71
11461.0,-6.0,-2917378.0,7.0,27.98
11465.0,217.0,-2994035.0,7.35,27.98
11469.0,2.0,-3030334.0,7.317,27.74
11473.0,193.0,-3064823.0,6.3,26.27
11476.0,128.0,-3099100.0,7.233,25.78
11481.0,-71.0,-3167937.0,5.558,25.78
11485.0,-404.0,-3201416.0,6.717,24.8
11489.0,-153.0,-3233705.0,6.142,24.8
11493.0,-96.0,-3264884.0,5.375,23.58
11497.0,-25.0,-3325093.0,5.475,23.34
11500.0,-114.0,-3354750.0,4.892,23.09
11504.0,-141.0,-3384527.0,5.025,22.36
11508.0,52.0,-3413848.0,5.417,21.38
11512.0,259.0,-3470099.0,4.575,21.14
11516.0,412.0,-3496092.0,4.325,20.41
11521.0,209.0,-3521211.0,4.408,20.65
11525.0,-514.0,-3545850.0,3.9,19.67
11528.0,-391.0,-3594475.0,4.4,18.94
11532.0,-38.0,-3617766.0,3.992,18.7
11536.0,169.0,-3641265.0,3.8,18.21
11540.0,-286.0,-3663022.0,3.133,17.72
11544.0,-253.0,-3704563.0,3.15,17.47
11548.0,18.0,-3724198.0,3.0,17.23
11552.0,-187.0,-3743245.0,3.0,16.74
11555.0,-94.0,-3761408.0,3.067,16.25
11559.0,115.0,-3798245.0,3.033,15.76
11564.0,76.0,-3816256.0,2.492,15.52
11568.0,197.0,-3832943.0,2.617,15.27
11572.0,-168.0,-3848624.0,2.108,14.78
11576.0,-357.0,-3878047.0,2.5,14.54
11579.0,-190.0,-3891850.0,2.208,14.78
11583.0,-93.0,-3905167.0,1.958,14.05
11587.0,-126.0,-3929438.0,1.558,14.05
11591.0,87.0,-3940393.0,1.858,13.81
11595.0,-80.0,-3951994.0,1.892,13.07
11599.0,-107.0,-3962765.0,1.233,13.07
11602.0,214.0,-3981838.0,1.742,12.83
11607.0,179.0,-3989879.0,1.05,12.34
11611.0,94.0,-3998674.0,1.6,12.34
11615.0,21.0,-4005993.0,1.075,12.1
11619.0,110.0,-4019256.0,1.308,11.61
11623.0,83.0,-4024407.0,0.825,11.61
11626.0,-54.0,-4029374.0,0.633,11.61
11630.0,301.0,-4034405.0,1.092,10.87
11634.0,470.0,-4041416.0,0.367,10.39
11638.0,533.0,-4043619.0,1.0,9.9
11642.0,566.0,-4045176.0,0.342,9.9
11646.0,-49.0,-4047159.0,0.5,9.65
11650.0,-138.0,-4048810.0,0.525,9.16
11654.0,-21.0,-4048341.0,0.492,9.16
11658.0,-176.0,-4047308.0,0.675,8.68
11662.0,77.0,-4046809.0,0.1,8.92
11665.0,8.0,-4045424.0,-0.25,8.19
11669.0,-341.0,-4040373.0,0.75,7.94
11673.0,-300.0,-4037776.0,0.267,7.7
11677.0,-67.0,-4035235.0,-0.05,7.45
11681.0,-198.0,-4032916.0,0.7,7.45
11684.0,-1.0,-4025079.0,-1.433,7.21
11688.0,146.0,-4021032.0,1.933,7.45
11693.0,329.0,-4015909.0,-3.092,6.96
11697.0,-326.0,-4008096.0,1.317,6.72
11701.0,-61.0,-3991561.0,-0.75,6.23
11704.0,-98.0,-3982184.0,-1.017,6.23
11708.0,-207.0,-3971699.0,-0.292,5.74
11712.0,202.0,-3960698.0,-0.817,5.5
11716.0,223.0,-3937683.0,-0.3,5.74
11720.0,248.0,-3925070.0,-1.108,5.5
11723.0,-153.0,-3915529.0,1.242,5.74
11727.0,-50.0,-3908718.0,-1.7,5.25
11731.0,-19.0,-3881235.0,-1.108,5.25
11736.0,220.0,-3864954.0,0.308,5.5
11740.0,83.0,-3849073.0,-1.65,5.01
11743.0,-18.0,-3831604.0,-2.167,5.25
11747.0,141.0,-3794899.0,-0.492,4.77
11751.0,36.0,-3775848.0,-0.358,4.52
11755.0,-29.0,-3755793.0,-1.433,4.77
11759.0,160.0,-3735482.0,-2.108,4.03
11762.0,267.0,-3714179.0,-2.042,4.03
11766.0,230.0,-3668590.0,-1.158,3.54
11770.0,11.0,-3644675.0,-1.25,3.3
11774.0,-448.0,-3621348.0,-1.292,3.3
11779.0,-159.0,-3603053.0,1.492,3.3
11782.0,8.0,-3570462.0,-4.567,3.3
11786.0,-331.0,-3541299.0,-0.625,3.79
11790.0,162.0,-3513974.0,-0.092,3.05
11794.0,-181.0,-3488723.0,-3.275,3.54
11798.0,-264.0,-3431204.0,-2.75,2.81
11801.0,-85.0,-3400325.0,-2.217,2.32
11805.0,-194.0,-3368872.0,-2.0,2.57
11809.0,-193.0,-3335627.0,-3.992,1.59
11813.0,-308.0,-3268702.0,-3.225,1.34
11817.0,-361.0,-3233831.0,-2.75,1.34
11821.0,-246.0,-3198680.0,-2.8,1.1
11825.0,-127.0,-3162257.0,-4.817,1.1
11829.0,-60.0,-3086360.0,-3.417,0.61
11833.0,57.0,-3046223.0,-4.058,0.86
11837.0,54.0,-3005902.0,-3.317,0.37
11840.0,-237.0,-2966103.0,-4.65,-0.37
11844.0,-386.0,-2883140.0,-4.308,-0.12
11848.0,-31.0,-2839905.0,-5.567,-0.61
11852.0,-70.0,-2794652.0,-5.1,-1.1
11856.0,-41.0,-2749645.0,-5.125,-2.08
11859.0,108.0,-2658770.0,-5.25,-2.32
11864.0,11.0,-2613009.0,-5.908,-3.3
11868.0,-242.0,-2566518.0,-6.5,-3.3
11872.0,131.0,-2517247.0,-6.975,-4.28
11876.0,144.0,-2415462.0,-6.533,-4.03
11879.0,-5.0,-2365113.0,-7.258,-5.5
11883.0,122.0,-2314404.0,-6.967,-5.74
11887.0,47.0,-2262567.0,-8.442,-6.48
11891.0,-254.0,-2210054.0,-8.533,-6.72
11895.0,-415.0,-2101039.0,-9.083,-7.7
11898.0,-16.0,-2047248.0,-8.992,-8.43
11902.0,-117.0,-1993671.0,-9.175,-8.92
11907.0,202.0,-1941912.0,-9.875,-9.9
11911.0,97.0,-1833755.0,-10.825,-10.87
11915.0,40.0,-1776936.0,-10.958,-11.85
11919.0,9.0,-1720965.0,-11.0,-12.83
11922.0,76.0,-1666000.0,-11.183,-13.07
11926.0,17.0,-1560869.0,-11.867,-14.05
11930.0,94.0,-1507146.0,-13.017,-15.03
11934.0,-131.0,-1449617.0,-13.758,-16.25
11938.0,98.0,-1339426.0,-13.075,-16.98
11942.0,5.0,-1285863.0,-13.442,-18.7
11947.0,44.0,-1234422.0,-13.325,-18.94
11950.0,35.0,-1184651.0,-13.5,-20.16
11954.0,-198.0,-1078760.0,-14.608,-20.89
11958.0,-85.0,-1024021.0,-14.783,-22.12
11962.0,-110.0,-971602.0,-13.292,-23.09
11966.0,-105.0,-925187.0,-11.467,-24.32
11970.0,-172.0,-843544.0,-12.092,-24.8
11974.0,-235.0,-797323.0,-14.3,-26.03
11978.0,224.0,-750236.0,-13.517,-26.76
11981.0,93.0,-704243.0,-12.225,-27.98
11985.0,-124.0,-615776.0,-12.45,-29.2
11990.0,7.0,-574897.0,-11.583,-30.43
11994.0,-264.0,-535676.0,-11.492,-31.16
11998.0,107.0,-497553.0,-10.808,-32.38
12002.0,196.0,-424902.0,-11.033,-33.36
12005.0,-71.0,-388883.0,-11.742,-34.34
12009.0,-234.0,-356182.0,-11.358,-35.31
12013.0,73.0,-327277.0,-7.608,-36.05
12017.0,150.0,-270698.0,-4.992,-37.02
12021.0,-359.0,-240647.0,-4.792,-37.76
12024.0,-158.0,-210046.0,0.583,-37.76
12028.0,-181.0,-180079.0,9.417,-38.73
12033.0,-182.0,-134564.0,12.208,-39.22
12037.0,-165.0,-115273.0,7.275,-39.22
12041.0,-54.0,-97798.0,6.042,-39.22
12045.0,-269.0,-82567.0,4.608,-40.69
12048.0,-304.0,-51934.0,12.633,-40.93
12052.0,-119.0,-38819.0,19.892,-41.91
12056.0,-128.0,-29660.0,21.367,-41.91
12060.0,-93.0,-23707.0,18.183,-41.67
12064.0,-58.0,-15672.0,16.775,-41.67
12067.0,-251.0,-11375.0,18.442,-41.42
12071.0,-62.0,-7134.0,17.825,-40.69
12076.0,403.0,-3301.0,18.558,-39.47
12080.0,424.0,2478.0,19.95,-39.71
12084.0,77.0,5941.0,19.575,-38.49
12087.0,-40.0,7950.0,18.9,-38.25
12091.0,-81.0,9261.0,17.108,-37.51
12095.0,66.0,9672.0,14.258,-36.53
12098.0,-143.0,10587.0,11.258,-35.8
12102.0,-82.0,11764.0,9.975,-34.09
12106.0,43.0,13017.0,11.733,-32.62
12110.0,-52.0,14612.0,12.217,-31.4
12114.0,-359.0,16223.0,10.817,-28.71
12118.0,-448.0,16548.0,8.683,-27.25
12122.0,157.0,16677.0,7.458,-25.54
12126.0,238.0,16964.0,6.267,-22.85
12130.0,267.0,16985.0,3.883,-21.63
12133.0,30.0,17542.0,2.358,-19.92
12137.0,-115.0,18103.0,2.9,-17.47
12141.0,-32.0,18288.0,3.342,-15.76
12145.0,-273.0,17957.0,0.925,-13.81
12148.0,-18.0,17680.0,-2.458,-10.87
12152.0,109.0,17583.0,-4.008,-9.65
12156.0,-158.0,17516.0,-4.517,-6.96
12161.0,31.0,17551.0,-5.167,-4.77
12164.0,-218.0,17884.0,-4.317,-3.3
12168.0,187.0,17825.0,-2.558,-1.1
12172.0,182.0,17574.0,-1.942,0.12
12176.0,127.0,17491.0,-3.075,0.37
12179.0,-182.0,17298.0,-3.483,1.59
12183.0,-289.0,16603.0,-3.017,2.81
12187.0,-52.0,16238.0,-3.667,3.05
12190.0,-213.0,15171.0,-6.242,4.28
12194.0,-474.0,13312.0,-11.708,5.5
12198.0,-445.0,3343.0,-18.525,5.74
12203.0,-54.0,3336.0,-22.042,7.7
12206.0,-27.0,-255.0,-22.833,10.14
12210.0,218.0,-1250.0,-21.558,11.61
12214.0,385.0,-3697.0,-20.258,12.83
12218.0,246.0,-7292.0,-19.583,14.54
12221.0,107.0,-11209.0,-19.65,15.27
12225.0,-118.0,-14774.0,-20.9,16.01
12229.0,-299.0,-19547.0,-22.475,16.98
12233.0,-338.0,-33372.0,-25.025,18.21
12237.0,-193.0,-39557.0,-28.15,19.43
12240.0,-86.0,-44906.0,-30.025,20.16
12244.0,51.0,-49701.0,-29.117,21.63
12249.0,-18.0,-57864.0,-24.375,23.34
12253.0,-203.0,-47755.0,-10.858,24.8
12257.0,-32.0,-42002.0,3.075,25.54
12260.0,157.0,-64301.0,-10.217,26.27
12264.0,110.0,-102424.0,-28.508,27.0
12268.0,21.0,-107017.0,-27.675,28.96
12272.0,-246.0,-124130.0,4.642,32.14
12276.0,-273.0,-145595.0,18.8,34.09
12280.0,-50.0,-196234.0,-1.192,35.8
12283.0,7.0,-229513.0,-17.658,37.27
12288.0,16.0,-262274.0,3.875,37.27
12292.0,-49.0,-293373.0,19.742,36.53
12296.0,146.0,-366776.0,4.075,36.53
12299.0,91.0,-410579.0,3.975,36.78
12303.0,-354.0,-456582.0,12.65,37.76
12307.0,-565.0,-503965.0,11.642,38.73
12311.0,-400.0,-592976.0,7.517,38.98
12315.0,-265.0,-610181.0,-11.342,38.98
12319.0,192.0,-640306.0,9.467,37.02
12322.0,69.0,-704323.0,22.908,35.07
12326.0,-78.0,-801880.0,-12.275,33.36
12331.0,-31.0,-853259.0,9.55,32.62
12335.0,-84.0,-912460.0,17.217,34.82
12339.0,-97.0,-967171.0,3.492,37.02
12342.0,-306.0,-1078368.0,12.683,39.47
12346.0,-265.0,-1130695.0,12.142,40.69
12350.0,-190.0,-1182500.0,10.483,40.44
12354.0,-247.0,-1237053.0,12.9,39.71
12358.0,-104.0,-1347496.0,11.683,37.02
12362.0,-229.0,-1403419.0,12.25,36.29
12366.0,-2.0,-1458934.0,11.2,35.07
12370.0,173.0,-1510743.0,10.025,34.82
12375.0,96.0,-1614352.0,12.517,35.31
12378.0,-187.0,-1668897.0,11.342,35.31
12382.0,-98.0,-1722872.0,10.633,35.8
12386.0,47.0,-1829793.0,11.95,35.31
12390.0,52.0,-1880264.0,10.283,35.31
12394.0,165.0,-1930823.0,10.092,35.56
12398.0,22.0,-1981912.0,11.017,36.78
12402.0,-217.0,-2084273.0,9.925,38.25
12405.0,68.0,-2134812.0,10.567,38.73
12409.0,-45.0,-2183383.0,9.325,38.49
12413.0,298.0,-2230468.0,8.992,37.51
12418.0,345.0,-2324473.0,9.75,36.05
12422.0,154.0,-2372358.0,9.092,35.07
12426.0,-45.0,-2419837.0,10.0,34.09
12430.0,-234.0,-2465242.0,8.75,33.11
12433.0,-213.0,-2550517.0,8.333,32.87
12437.0,-296.0,-2593160.0,8.333,32.62
12441.0,151.0,-2637621.0,8.117,31.89
12445.0,316.0,-2680928.0,8.458,31.65
12449.0,-91.0,-2765037.0,8.183,30.67
12453.0,190.0,-2804188.0,7.108,30.18
12457.0,-155.0,-2843279.0,7.692,29.2
12461.0,-216.0,-2883220.0,7.292,28.71
12465.0,191.0,-2960593.0,7.517,27.49
12469.0,-132.0,-2996918.0,7.458,26.76
12473.0,-401.0,-3031753.0,6.742,26.52
12477.0,-244.0,-3066064.0,6.267,26.03
12481.0,-107.0,-3134617.0,6.7,25.54
12485.0,-150.0,-3168668.0,6.3,24.8
12488.0,109.0,-3201343.0,6.275,24.8
12492.0,162.0,-3263794.0,5.625,23.58
12496.0,-93.0,-3293793.0,5.2,23.09
12500.0,-198.0,-3323838.0,5.308,22.61
12505.0,-157.0,-3353541.0,5.0,22.36
12509.0,12.0,-3411756.0,5.367,21.63
12512.0,101.0,-3440159.0,4.825,21.14
12516.0,-138.0,-3467080.0,4.375,20.65
12520.0,-335.0,-3492743.0,3.958,20.41
12524.0,-484.0,-3541870.0,3.725,20.16
12528.0,-225.0,-3566457.0,4.125,19.67
12532.0,114.0,-3590746.0,3.992,18.94
12536.0,327.0,-3614059.0,3.892,18.45
12539.0,18.0,-3658230.0,3.258,18.21
12544.0,-45.0,-3679115.0,3.042,17.72
12548.0,68.0,-3699510.0,3.042,17.23
12552.0,-263.0,-3718979.0,2.983,16.98
12556.0,-300.0,-3755692.0,3.108,16.5
12560.0,31.0,-3774147.0,3.108,16.01
12563.0,-14.0,-3792044.0,2.733,15.52
12567.0,195.0,-3809445.0,2.5,15.27
12571.0,-110.0,-3841354.0,2.308,15.52
12575.0,-67.0,-3856211.0,2.125,14.54
12579.0,166.0,-3869928.0,2.158,14.3
12583.0,417.0,-3882983.0,2.058,14.54
12587.0,184.0,-3907948.0,1.833,14.05
12591.0,-19.0,-3919539.0,1.625,13.81
12595.0,-222.0,-3931566.0,1.692,13.07
12599.0,-379.0,-3942807.0,1.733,12.83
12603.0,-194.0,-3961740.0,1.2,13.07
12607.0,-19.0,-3970335.0,1.6,12.1
12611.0,96.0,-3978288.0,1.125,12.1
12614.0,33.0,-3985985.0,1.558,11.85
12618.0,-48.0,-3999262.0,0.958,11.85
12622.0,-365.0,-4005035.0,0.875,11.12
12626.0,-118.0,-4010272.0,0.958,11.36
12631.0,-111.0,-4014481.0,0.408,10.87
12635.0,-166.0,-4021858.0,1.5,10.63
12638.0,-73.0,-4024851.0,0.058,10.63
12642.0,-62.0,-4027048.0,0.692,10.39
12646.0,-31.0,-4028731.0,-0.075,9.41
12650.0,-64.0,-4029852.0,0.833,9.41
12654.0,347.0,-4029365.0,0.483,8.92
12657.0,172.0,-4028856.0,0.725,8.92
12661.0,199.0,-4028497.0,-0.092,8.43
12665.0,-172.0,-4025036.0,0.158,8.68
12669.0,-33.0,-4022391.0,0.117,7.94
12674.0,340.0,-4020058.0,0.425,8.43
12677.0,327.0,-4017135.0,-0.733,7.94
12681.0,172.0,-4007066.0,0.35,7.45
12685.0,-199.0,-4001011.0,-0.125,7.7
12689.0,-250.0,-3994318.0,-0.408,6.72
12693.0,-19.0,-3987439.0,-0.575,6.96
12696.0,-34.0,-3971242.0,-0.508,6.48
12700.0,-15.0,-3961749.0,-0.267,6.23
12704.0,210.0,-3951468.0,-0.617,5.74
12708.0,183.0,-3941619.0,-0.875,5.74
12712.0,106.0,-3918400.0,-0.567,5.74
12716.0,-63.0,-3905921.0,-0.275,5.5
12720.0,-8.0,-3893216.0,-0.817,5.25
12724.0,-137.0,-3878805.0,-1.425,5.25
12728.0,-226.0,-3849028.0,-0.667,5.74
12732.0,-15.0,-3833495.0,-1.308,4.77
12735.0,-32.0,-3818448.0,0.467,4.77
12739.0,-59.0,-3809483.0,1.783,4.52
12743.0,-272.0,-3782134.0,-4.817,5.01
12747.0,39.0,-3761437.0,2.325,4.77
12751.0,84.0,-3743386.0,-2.883,4.52
12754.0,93.0,-3723695.0,-1.05,4.77
12759.0,148.0,-3702740.0,-2.383,4.28
12763.0,-87.0,-3659109.0,0.358,4.03
12767.0,-114.0,-3636266.0,-1.483,4.28
12770.0,149.0,-3612449.0,-2.467,3.54
12774.0,112.0,-3587694.0,-3.142,4.03
12778.0,15.0,-3535673.0,-1.3,3.3
12782.0,-18.0,-3509820.0,-1.442,3.3
12786.0,17.0,-3483085.0,-1.975,3.54
12789.0,-320.0,-3455408.0,-2.725,3.05
12793.0,-361.0,-3395743.0,-3.158,2.32
12797.0,-272.0,-3365242.0,-2.733,2.32
12802.0,-1.0,-3332793.0,-2.25,2.08
12806.0,48.0,-3298750.0,-2.392,2.08
12809.0,-129.0,-3232025.0,-3.458,1.59
12813.0,100.0,-3198086.0,-3.458,1.1
12817.0,45.0,-3162789.0,-3.85,1.1
12821.0,-182.0,-3125766.0,-3.675,0.86
12825.0,285.0,-3048077.0,-3.45,0.37
12828.0,96.0,-3008430.0,-3.758,0.12
12832.0,417.0,-2968359.0,-4.208,0.12
12836.0,212.0,-2928584.0,-4.742,-0.61
12840.0,-89.0,-2845071.0,-5.067,-1.1
12845.0,-26.0,-2801530.0,-4.633,-1.34
12848.0,161.0,-2757285.0,-4.558,-1.59
12852.0,-124.0,-2712240.0,-5.433,-1.59
12856.0,-173.0,-2621985.0,-5.425,-2.57
12860.0,-276.0,-2576328.0,-6.525,-3.05
12864.0,-415.0,-2528603.0,-6.392,-3.54
12868.0,-186.0,-2478540.0,-6.492,-4.03
12871.0,-37.0,-2377937.0,-6.758,-4.52
12875.0,-36.0,-2326894.0,-7.325,-5.01
12879.0,-63.0,-2276027.0,-7.75,-5.5
12883.0,48.0,-2224802.0,-8.417,-6.23
12888.0,43.0,-2171641.0,-8.558,-7.21
12891.0,-204.0,-2062038.0,-8.875,-7.7
12895.0,33.0,-2008131.0,-9.192,-7.94
12899.0,42.0,-1954864.0,-9.208,-9.41
12903.0,71.0,-1902011.0,-10.442,-9.65
12907.0,158.0,-1792532.0,-10.467,-10.87
12910.0,-155.0,-1735687.0,-11.167,-12.1
12914.0,-28.0,-1679246.0,-11.142,-12.34
12918.0,61.0,-1572321.0,-11.117,-13.81
12922.0,270.0,-1519518.0,-12.667,-14.54
12926.0,181.0,-1464713.0,-13.233,-15.52
12931.0,96.0,-1407366.0,-13.95,-16.01
12935.0,71.0,-1296801.0,-13.117,-17.96
12939.0,-360.0,-1244658.0,-13.158,-18.94
12943.0,-233.0,-1194021.0,-13.55,-19.92
12946.0,48.0,-1144030.0,-13.858,-20.41
12950.0,95.0,-1036491.0,-14.758,-21.38
12954.0,134.0,-980350.0,-14.667,-22.85
12958.0,183.0,-928573.0,-12.783,-23.58
12962.0,-4.0,-883888.0,-11.475,-24.32
12966.0,183.0,-802015.0,-12.383,-25.78
12971.0,218.0,-756658.0,-14.117,-26.52
12974.0,55.0,-709757.0,-13.342,-27.98
12978.0,194.0,-662782.0,-12.492,-29.2
12982.0,-445.0,-576665.0,-12.058,-30.43
12986.0,-552.0,-535958.0,-12.167,-31.65
12990.0,-389.0,-496003.0,-10.825,-32.87
12994.0,-242.0,-422030.0,-11.042,-34.09
12998.0,117.0,-385355.0,-11.45,-34.82
13001.0,144.0,-350036.0,-12.742,-35.56
13005.0,95.0,-319673.0,-8.875,-37.02
13009.0,-118.0,-264102.0,-5.25,-37.76
13014.0,-387.0,-235279.0,-4.517,-38.25
13018.0,8.0,-205574.0,-0.783,-38.49
13021.0,197.0,-174735.0,8.383,-39.96
13025.0,100.0,-125568.0,14.083,-40.69
13029.0,-103.0,-108031.0,7.975,-41.67
13033.0,-68.0,-90182.0,5.858,-41.67
13037.0,-55.0,-73409.0,7.017,-42.4
13040.0,-30.0,-57988.0,13.842,-42.89
13044.0,135.0,-29843.0,20.7,-43.62
13048.0,222.0,-20546.0,23.7,-44.11
13052.0,-189.0,-15271.0,21.792,-44.6
13057.0,-178.0,-11130.0,20.358,-44.35
13060.0,139.0,-3867.0,20.958,-43.87
13064.0,-68.0,-544.0,19.317,-43.13
13068.0,73.0,3793.0,20.042,-42.64
13072.0,246.0,7940.0,21.417,-41.91
13075.0,389.0,13663.0,21.975,-41.18
13079.0,-52.0,15392.0,21.817,-40.93
13083.0,-313.0,16195.0,19.717,-40.44
13087.0,-264.0,16276.0,16.808,-39.96
13091.0,-89.0,17689.0,14.075,-38.73
13094.0,36.0,18700.0,13.042,-37.76
13099.0,-23.0,20739.0,13.525,-36.05
13103.0,-26.0,21946.0,13.725,-33.85
13107.0,77.0,23131.0,13.2,-33.11
13111.0,-158.0,23164.0,11.842,-31.16
13114.0,-331.0,23277.0,10.392,-29.2
13118.0,-44.0,24520.0,10.0,-27.74
13122.0,-65.0,25033.0,8.367,-25.54
13126.0,6.0,24710.0,6.808,-24.32
13129.0,-125.0,23923.0,5.092,-21.87
13133.0,-184.0,23904.0,2.392,-19.92
13137.0,-33.0,24177.0,-1.692,-18.45
13142.0,460.0,26712.0,0.258,-16.5
13145.0,253.0,24955.0,3.1,-13.56
13149.0,48.0,26390.0,3.675,-11.85
13153.0,-19.0,24845.0,0.933,-9.9
13157.0,58.0,25350.0,-2.525,-7.7
13160.0,-113.0,23715.0,-4.675,-6.48
13164.0,-12.0,24454.0,-5.258,-4.52
13168.0,-33.0,23865.0,-5.842,-2.08
13171.0,-274.0,24172.0,-5.55,-1.83
13175.0,85.0,24485.0,-4.492,-0.37
13179.0,-90.0,25364.0,-1.225,0.86
13184.0,-265.0,24811.0,0.217,1.59
13187.0,-10.0,24640.0,-0.125,2.57
13191.0,-7.0,24573.0,-2.192,3.54
13195.0,-92.0,21298.0,-5.942,4.52
13198.0,-229.0,20085.0,-9.492,5.5
13202.0,-374.0,17680.0,-13.4,6.96
13206.0,-77.0,15479.0,-19.258,7.45
13210.0,40.0,7672.0,-23.308,8.92
13213.0,267.0,6361.0,-24.125,11.36
13217.0,316.0,3714.0,-23.333,12.59
13221.0,-97.0,2721.0,-21.15,13.32
13224.0,-290.0,1108.0,-21.55,14.54
13229.0,-161.0,-9635.0,-23.308,16.25
13233.0,-426.0,-14538.0,-24.9,16.74
13237.0,-75.0,-17615.0,-26.858,17.72
13241.0,292.0,-22998.0,-27.792,19.18
13244.0,-49.0,-33405.0,-29.2,19.92
13248.0,-168.0,-40506.0,-29.85,22.12
13252.0,-397.0,-46685.0,-28.825,23.09
13256.0,-454.0,-52302.0,-30.4,24.56
13260.0,-129.0,-66455.0,-31.608,26.27
13263.0,-58.0,-73072.0,-26.742,28.71
13267.0,57.0,-79891.0,-23.925,32.14
13272.0,-10.0,-87500.0,-19.308,34.58
13276.0,-237.0,-99691.0,-12.175,38.73
13280.0,-244.0,-135544.0,1.058,41.67
13283.0,-49.0,-158515.0,11.342,45.09
13287.0,36.0,-186048.0,-0.492,45.82
13291.0,-63.0,-217807.0,-7.717,46.07
13295.0,-56.0,-285116.0,9.217,45.58
13299.0,13.0,-319691.0,14.283,45.82
13302.0,-24.0,-358440.0,9.35,46.31
13306.0,5.0,-402583.0,8.875,47.04
13310.0,-4.0,-498854.0,11.067,48.02
13315.0,125.0,-550445.0,12.117,49.24
13318.0,-8.0,-603278.0,11.125,49.98
13322.0,-351.0,-655519.0,10.492,50.46
13326.0,-78.0,-757842.0,10.442,50.22
13330.0,103.0,-812117.0,12.942,49.98
13334.0,132.0,-867450.0,12.617,48.75
13338.0,-5.0,-923927.0,11.825,48.02
13341.0,0.0,-1037840.0,13.042,48.02
13345.0,-115.0,-1092859.0,11.925,47.29
13349.0,-46.0,-1145812.0,10.842,47.04
13353.0,-313.0,-1199023.0,12.7,47.29
13358.0,500.0,-1298704.0,8.958,46.8
13362.0,201.0,-1320609.0,-8.125,45.33
13366.0,68.0,-1347624.0,13.233,42.64
13369.0,483.0,-1405365.0,20.05,40.2
13373.0,150.0,-1518080.0,-4.317,38.25
13377.0,-223.0,-1568237.0,12.425,37.27
13381.0,-224.0,-1621916.0,12.892,37.02
13385.0,-141.0,-1676543.0,7.125,37.51
13389.0,-200.0,-1782748.0,11.933,38.0
13393.0,-3.0,-1835319.0,12.225,37.76
13398.0,-98.0,-1886542.0,10.117,37.51
13401.0,-159.0,-1987991.0,10.65,35.8
13405.0,48.0,-2038540.0,9.175,34.58
13409.0,-15.0,-2089141.0,10.725,34.34
13413.0,22.0,-2139954.0,10.458,33.85
13417.0,-119.0,-2234767.0,8.975,32.87
13421.0,254.0,-2281978.0,9.225,32.62
13425.0,151.0,-2330437.0,8.95,32.62
13428.0,266.0,-2378208.0,9.2,31.4
13432.0,165.0,-2469633.0,10.3,31.16
13436.0,-66.0,-2511268.0,8.608,31.16
13441.0,-211.0,-2553559.0,7.892,31.4
13445.0,-232.0,-2596764.0,8.192,31.65
13449.0,257.0,-2683447.0,8.592,31.89
13453.0,-100.0,-2725232.0,8.308,31.16
13456.0,-273.0,-2765099.0,7.625,30.67
13460.0,92.0,-2804092.0,7.417,29.2
13464.0,125.0,-2882517.0,7.075,28.47
13468.0,-52.0,-2920586.0,7.275,27.49
13472.0,59.0,-2958103.0,7.267,26.76
13476.0,132.0,-2993798.0,7.5,26.52
13479.0,19.0,-3061875.0,5.942,26.27
13484.0,-34.0,-3094870.0,6.475,25.54
13488.0,-23.0,-3128143.0,6.208,25.78
13492.0,286.0,-3160686.0,6.225,25.05
13496.0,25.0,-3225209.0,6.158,24.07
13500.0,-228.0,-3255234.0,5.317,23.83
13503.0,-149.0,-3284733.0,5.4,23.34
13507.0,28.0,-3313632.0,4.633,22.12
13511.0,411.0,-3372593.0,5.242,22.12
13515.0,-136.0,-3400794.0,4.992,21.14
13519.0,-399.0,-3428069.0,4.467,20.65
13523.0,-302.0,-3478430.0,4.258,19.92
13528.0,61.0,-3502841.0,3.717,19.92
13531.0,124.0,-3526918.0,3.758,19.92
13535.0,87.0,-3550729.0,4.058,18.94
13539.0,-190.0,-3596148.0,3.625,18.45
13543.0,-243.0,-3618489.0,3.667,18.21
13547.0,-348.0,-3639312.0,3.033,17.47
13551.0,-225.0,-3659639.0,3.067,16.98
13554.0,164.0,-3696832.0,3.033,16.74
13558.0,125.0,-3714779.0,2.633,16.25
13562.0,-62.0,-3732472.0,2.925,15.76
13566.0,-299.0,-3750019.0,2.75,15.52
13571.0,34.0,-3782530.0,2.567,15.76
13575.0,163.0,-3798073.0,2.333,14.78
13578.0,146.0,-3813194.0,2.217,14.54
13582.0,63.0,-3827505.0,2.183,14.3
13586.0,-224.0,-3851934.0,1.783,14.05
13590.0,121.0,-3863617.0,1.75,14.05
13594.0,-146.0,-3874834.0,1.808,13.81
13598.0,15.0,-3885837.0,1.342,13.32
13602.0,118.0,-3905770.0,1.567,13.07
13605.0,-253.0,-3914833.0,1.575,12.59
13609.0,-24.0,-3923586.0,1.083,12.34
13614.0,-121.0,-3931023.0,1.333,12.1
13618.0,62.0,-3945252.0,1.233,12.1
13622.0,-37.0,-3950905.0,0.717,11.36
13626.0,-236.0,-3956760.0,1.725,11.36
13629.0,73.0,-3961909.0,-0.117,11.36
13633.0,8.0,-3969190.0,1.192,11.12
13637.0,-11.0,-3972183.0,0.575,10.39
13641.0,-226.0,-3974400.0,0.725,10.63
13645.0,-173.0,-3976201.0,0.217,9.65
13649.0,258.0,-3977942.0,0.642,9.41
13652.0,279.0,-3977433.0,0.075,9.65
13657.0,18.0,-3976534.0,0.7,9.41
13661.0,193.0,-3975247.0,-0.25,8.68
13665.0,62.0,-3971102.0,0.967,8.19
13669.0,-23.0,-3968611.0,-0.117,7.94
13672.0,106.0,-3966034.0,0.283,8.43
13676.0,169.0,-3963763.0,0.2,7.7
13680.0,140.0,-3957408.0,-0.158,7.45
13684.0,-181.0,-3952253.0,-0.575,7.21
13687.0,28.0,-3947934.0,1.883,7.7
13691.0,5.0,-3943635.0,-2.825,6.96
13696.0,26.0,-3928528.0,0.575,6.72
13700.0,307.0,-3920179.0,-0.867,6.23
13704.0,194.0,-3909438.0,-0.308,5.99
13707.0,455.0,-3899583.0,-0.958,5.74
13711.0,118.0,-3879494.0,-0.367,5.74
13715.0,-77.0,-3873219.0,2.5,5.5
13719.0,-128.0,-3864322.0,-3.1,5.74
13723.0,-453.0,-3849787.0,0.575,5.25
13726.0,44.0,-3835348.0,-0.933,5.25
13730.0,-45.0,-3805603.0,-1.892,5.01
13734.0,-226.0,-3790200.0,-0.833,5.01
13739.0,-127.0,-3771763.0,-0.358,4.77
13743.0,22.0,-3755376.0,0.192,5.25
13746.0,165.0,-3733935.0,1.1,4.77
13750.0,-44.0,-3720918.0,-4.733,4.52
13754.0,-557.0,-3698327.0,1.15,4.52
13758.0,260.0,-3675678.0,-1.158,4.77
13762.0,113.0,-3634543.0,-2.133,4.28
13765.0,74.0,-3612060.0,-1.825,4.03
13769.0,293.0,-3587613.0,-1.892,4.28
13773.0,102.0,-3563826.0,-1.017,3.3
13777.0,-63.0,-3512437.0,-2.067,3.54
13782.0,132.0,-3486358.0,-2.733,3.3
13785.0,243.0,-3458961.0,-2.275,2.81
13789.0,-84.0,-3430528.0,-2.142,2.81
13793.0,-9.0,-3371181.0,-2.592,3.05
13797.0,-20.0,-3339820.0,-2.633,2.08
13801.0,7.0,-3306997.0,-3.5,1.83
13804.0,-452.0,-3273698.0,-2.483,1.83
13808.0,-265.0,-3207033.0,-2.692,1.59
13812.0,-554.0,-3172636.0,-2.792,1.34
13816.0,-397.0,-3136969.0,-4.35,1.1
13820.0,216.0,-3099938.0,-3.775,0.86
13824.0,11.0,-3021765.0,-3.85,0.37
13828.0,-74.0,-2982644.0,-3.792,-0.12
13832.0,11.0,-2942893.0,-4.2,0.12
13836.0,-128.0,-2902318.0,-4.217,-0.86
13840.0,-29.0,-2861375.0,-5.067,-0.86
13843.0,-54.0,-2775728.0,-5.025,-1.1
13847.0,143.0,-2730765.0,-5.192,-1.59
13851.0,-18.0,-2685064.0,-4.933,-2.32
13855.0,127.0,-2639395.0,-5.342,-2.81
13859.0,36.0,-2548966.0,-6.283,-3.3
13862.0,-89.0,-2500635.0,-6.608,-3.79
13867.0,-220.0,-2450240.0,-6.567,-4.03
13871.0,167.0,-2399573.0,-6.992,-4.77
13875.0,-174.0,-2298254.0,-7.058,-5.25
13879.0,-423.0,-2247203.0,-7.892,-5.74
13882.0,-102.0,-2195494.0,-8.433,-6.72
13886.0,43.0,-2141429.0,-8.933,-7.45
13890.0,0.0,-2031322.0,-8.983,-8.43
13894.0,11.0,-1977417.0,-9.067,-8.68
13897.0,-186.0,-1924074.0,-9.425,-9.65
13901.0,183.0,-1872121.0,-10.333,-10.39
13905.0,-14.0,-1762474.0,-10.933,-11.12
13910.0,-79.0,-1704999.0,-11.333,-12.59
13914.0,-58.0,-1649028.0,-11.117,-13.32
13918.0,-171.0,-1595131.0,-11.325,-14.3
13922.0,74.0,-1490588.0,-12.617,-15.27
13926.0,233.0,-1435535.0,-13.442,-16.5
13930.0,-88.0,-1378248.0,-14.192,-17.23
13933.0,-137.0,-1266449.0,-13.35,-17.96
13937.0,-422.0,-1214130.0,-13.042,-19.67
13941.0,-155.0,-1164067.0,-13.125,-19.92
13945.0,212.0,-1114226.0,-13.992,-20.65
13949.0,55.0,-1006433.0,-14.942,-22.36
13954.0,-64.0,-950912.0,-14.558,-23.34
13958.0,-45.0,-900443.0,-12.292,-23.83
13962.0,-422.0,-857466.0,-11.108,-25.78
13965.0,159.0,-776205.0,-12.792,-26.52
13969.0,412.0,-730216.0,-14.217,-27.49
13973.0,351.0,-683141.0,-13.075,-28.23
13977.0,-204.0,-637282.0,-12.658,-29.2
13981.0,39.0,-551877.0,-12.025,-30.67
13985.0,174.0,-511922.0,-11.717,-31.89
13989.0,159.0,-473815.0,-10.508,-32.87
13992.0,104.0,-437162.0,-11.492,-33.85
13997.0,-247.0,-364245.0,-11.542,-34.58
14001.0,-356.0,-330240.0,-12.3,-35.8
14005.0,219.0,-301135.0,-7.4,-37.02
14009.0,-62.0,-244916.0,-4.367,-38.0
14013.0,-147.0,-215463.0,-3.608,-38.49
14016.0,160.0,-184788.0,3.308,-38.49
14020.0,309.0,-154645.0,13.342,-39.71
14024.0,236.0,-129718.0,11.45,-40.69
14028.0,13.0,-93915.0,6.508,-40.93
14032.0,-312.0,-76812.0,6.45,-41.67
14035.0,99.0,-61001.0,10.908,-41.91
14040.0,92.0,-45824.0,18.158,-43.13
14044.0,-67.0,-19857.0,23.567,-43.62
14048.0,-178.0,-12862.0,24.325,-44.35
14052.0,-181.0,-8891.0,22.858,-44.35
14055.0,-190.0,-5746.0,21.8,-44.35
14059.0,71.0,1077.0,20.383,-43.62
14063.0,250.0,4476.0,19.85,-43.38
14067.0,81.0,8633.0,21.608,-43.13
14070.0,-276.0,12036.0,22.258,-42.4
14074.0,-173.0,18401.0,23.033,-41.91
14078.0,-250.0,19582.0,22.083,-41.67
14083.0,-151.0,19387.0,19.642,-40.69
14087.0,256.0,19564.0,17.05,-40.44
14090.0,429.0,21233.0,15.092,-38.49
14094.0,310.0,22448.0,14.075,-38.0
14098.0,375.0,23391.0,13.65,-36.78
14102.0,-304.0,24272.0,13.533,-34.58
14106.0,-371.0,25863.0,12.858,-33.36
14110.0,-142.0,25542.0,11.567,-31.4
14113.0,427.0,25947.0,11.408,-29.69
14117.0,376.0,28174.0,11.425,-28.23
14121.0,55.0,27245.0,9.875,-26.27
14126.0,184.0,25110.0,5.192,-24.8
14129.0,123.0,25347.0,-1.917,-22.36
14133.0,-48.0,26528.0,-1.617,-18.94
14137.0,-185.0,28359.0,4.225,-18.45
14141.0,-10.0,29934.0,7.125,-16.25
14144.0,-37.0,30229.0,7.525,-14.3
14148.0,88.0,29432.0,4.892,-12.59
14152.0,37.0,28569.0,-0.875,-10.39
14156.0,156.0,27310.0,-5.45,-8.92
14159.0,109.0,26389.0,-7.875,-6.96
14163.0,382.0,25628.0,-9.058,-5.01
14168.0,25.0,25935.0,-7.95,-3.05
14172.0,6.0,28176.0,-3.575,-1.83
14175.0,-7.0,27579.0,-0.058,-0.37
14179.0,-102.0,29260.0,3.117,0.86
14183.0,-81.0,28733.0,3.117,2.08
14186.0,-8.0,27404.0,-0.108,3.05
14190.0,293.0,27031.0,-3.408,3.54
14194.0,44.0,24118.0,-7.308,4.03
14197.0,-11.0,19683.0,-13.258,5.01
14201.0,-124.0,16860.0,-19.067,6.48
14205.0,-55.0,13519.0,-23.1,7.21
14210.0,8.0,10382.0,-23.858,8.92
14213.0,145.0,8751.0,-22.542,10.63
14217.0,306.0,6932.0,-21.3,12.34
14221.0,-233.0,5397.0,-20.642,13.32
14225.0,-468.0,3010.0,-21.2,14.78
14228.0,-259.0,-5499.0,-22.317,16.01
14232.0,-166.0,-3236.0,-18.667,16.74
14236.0,-145.0,3887.0,-11.733,18.21
14240.0,518.0,-4332.0,-17.675,18.45
14243.0,477.0,-30045.0,-28.333,18.94
14247.0,62.0,-32810.0,-34.5,19.18
14252.0,-47.0,-38381.0,-35.558,19.67
14256.0,-66.0,-45844.0,-34.183,20.65
14260.0,295.0,-54997.0,-32.258,22.12
14263.0,456.0,-60526.0,-28.308,25.05
14267.0,263.0,-67687.0,-26.417,27.98
14271.0,-260.0,-74806.0,-25.467,31.16
14275.0,-313.0,-92611.0,-22.5,35.56
14279.0,-282.0,-109002.0,-16.325,37.76
14283.0,-119.0,-125935.0,-7.033,39.47
14286.0,198.0,-145258.0,12.717,38.98
14290.0,223.0,-201677.0,8.117,38.73
14295.0,394.0,-235594.0,-11.167,38.73
14299.0,-467.0,-268219.0,4.517,39.96
14303.0,-416.0,-301086.0,15.717,40.44
14307.0,-261.0,-382423.0,10.742,42.16
14310.0,-318.0,-428864.0,8.25,44.11
14314.0,-219.0,-479047.0,11.608,46.55
14318.0,-298.0,-530624.0,12.742,50.46
14322.0,-191.0,-626923.0,9.583,52.66
14326.0,-580.0,-647464.0,-8.108,51.93
14330.0,-49.0,-670049.0,5.1,47.53
14333.0,528.0,-729144.0,28.425,44.11
14338.0,233.0,-841381.0,-5.383,39.47
14342.0,-300.0,-893216.0,6.308,37.51
14346.0,-321.0,-952671.0,18.967,37.27
14350.0,-346.0,-1012168.0,7.433,38.49
14354.0,-37.0,-1119825.0,9.383,39.47
14357.0,26.0,-1173310.0,14.225,40.93
14361.0,67.0,-1229907.0,12.45,40.44
14365.0,-116.0,-1288310.0,11.692,39.71
14369.0,-401.0,-1401231.0,12.392,38.73
14373.0,-102.0,-1455992.0,11.592,36.53
14377.0,241.0,-1509175.0,9.925,36.53
14382.0,58.0,-1562466.0,12.683,34.82
14386.0,-103.0,-1671749.0,11.883,35.07
14389.0,150.0,-1726922.0,11.467,34.82
14393.0,-181.0,-1781585.0,10.683,35.07
14397.0,-270.0,-1883650.0,10.4,34.58
14401.0,-21.0,-1935483.0,11.125,34.58
14405.0,22.0,-1987610.0,10.767,35.07
14409.0,-107.0,-2039013.0,10.267,36.53
14413.0,-54.0,-2140458.0,10.325,38.25
14417.0,-175.0,-2188621.0,9.0,38.49
14420.0,-162.0,-2235490.0,9.533,38.49
14425.0,83.0,-2282795.0,9.75,37.27
14429.0,20.0,-2379234.0,9.217,35.31
14433.0,245.0,-2425987.0,9.417,33.85
14437.0,-230.0,-2469378.0,8.483,33.6
14441.0,113.0,-2510781.0,8.975,32.62
14445.0,86.0,-2597962.0,7.925,32.14
14448.0,127.0,-2641545.0,8.725,32.38
14452.0,-94.0,-2683562.0,8.325,31.65
14456.0,-85.0,-2724041.0,7.842,30.91
14460.0,118.0,-2803758.0,7.775,30.67
14465.0,-301.0,-2842827.0,7.075,29.2
14469.0,-282.0,-2882030.0,7.433,28.23
14472.0,-305.0,-2919837.0,7.2,27.25
14476.0,-80.0,-2991514.0,7.7,27.0
14480.0,79.0,-3025269.0,6.258,26.27
14484.0,-160.0,-3058444.0,6.575,26.27
14488.0,-389.0,-3091403.0,6.067,25.54
14492.0,-184.0,-3157014.0,6.025,24.8
14495.0,13.0,-3188995.0,6.233,24.32
14499.0,-14.0,-3220012.0,5.858,24.07
14503.0,-151.0,-3278465.0,5.408,23.83
14508.0,-276.0,-3307304.0,5.058,22.61
14512.0,261.0,-3336533.0,4.958,22.12
14516.0,130.0,-3365334.0,5.0,21.63
14520.0,235.0,-3419875.0,4.5,21.14
14523.0,22.0,-3445428.0,4.525,20.41
14527.0,109.0,-3470431.0,3.633,20.41
14531.0,70.0,-3494552.0,3.592,19.67
14535.0,199.0,-3540919.0,3.7,18.94
14539.0,26.0,-3563770.0,3.975,18.45
14543.0,-127.0,-3585565.0,3.633,18.21
14546.0,240.0,-3607166.0,3.675,18.21
14551.0,109.0,-3647837.0,2.9,17.23
14555.0,56.0,-3666628.0,2.975,17.23
14559.0,275.0,-3684611.0,2.792,16.5
14563.0,308.0,-3702308.0,2.917,16.01
14567.0,257.0,-3736073.0,2.65,15.52
14571.0,-50.0,-3752096.0,2.608,15.52
14574.0,-103.0,-3768103.0,2.242,15.03
14578.0,354.0,-3783158.0,2.117,14.78
14582.0,223.0,-3810995.0,2.275,14.3
14586.0,-26.0,-3823226.0,1.942,14.3
14590.0,-85.0,-3834843.0,1.775,13.56
14595.0,188.0,-3846416.0,1.808,13.56
14598.0,63.0,-3868247.0,1.433,13.56
14602.0,124.0,-3877486.0,1.375,12.83
14606.0,17.0,-3886675.0,1.525,12.83
14610.0,-84.0,-3895202.0,1.325,12.34
14614.0,7.0,-3911177.0,1.4,11.85
14617.0,30.0,-3917888.0,0.9,11.85
14621.0,271.0,-3923649.0,0.908,11.61
14625.0,22.0,-3929384.0,1.133,11.61
14629.0,-151.0,-3938547.0,0.3,10.87
14633.0,110.0,-3942240.0,1.558,11.12
14638.0,73.0,-3945255.0,0.092,10.39
14641.0,20.0,-3947606.0,1.1,9.9
14645.0,-63.0,-3950677.0,-0.008,10.14
14649.0,368.0,-3951048.0,0.7,9.9
14653.0,-25.0,-3950615.0,0.108,9.16
14657.0,36.0,-3949934.0,0.492,8.68
14660.0,329.0,-3947455.0,-0.133,8.43
14664.0,-184.0,-3945332.0,0.625,8.19
14668.0,-335.0,-3942451.0,-0.217,8.19
14672.0,-256.0,-3939486.0,0.617,7.7
14676.0,13.0,-3933533.0,-0.617,7.7
14680.0,12.0,-3930690.0,1.417,7.45
14684.0,-53.0,-3925667.0,-1.408,7.21
14688.0,100.0,-3918572.0,0.175,7.94
14692.0,87.0,-3904013.0,0.0,6.72
14696.0,-298.0,-3896658.0,-0.983,6.48
14699.0,231.0,-3887589.0,-0.35,6.23
14703.0,134.0,-3876980.0,-1.092,5.99
14707.0,-39.0,-3854701.0,0.175,5.74
14711.0,102.0,-3843238.0,-1.525,5.74
14715.0,13.0,-3830467.0,-0.875,5.5
14718.0,-110.0,-3816874.0,-0.425,5.01
14723.0,-119.0,-3801997.0,-0.725,5.01
14727.0,158.0,-3771998.0,-1.45,4.77
14731.0,151.0,-3755907.0,-1.125,5.01
14735.0,6.0,-3739610.0,-1.133,5.5
14738.0,163.0,-3721287.0,-1.167,5.01
14742.0,330.0,-3684758.0,-1.258,4.28
14746.0,41.0,-3665163.0,-1.583,4.28
14750.0,138.0,-3645026.0,-1.65,4.28
14754.0,-43.0,-3623573.0,-1.917,3.79
14757.0,-36.0,-3579104.0,-1.217,3.54
14761.0,-89.0,-3556081.0,-2.025,3.54
14766.0,-316.0,-3531818.0,-1.25,3.54
14770.0,-197.0,-3507187.0,-2.375,3.3
14774.0,130.0,-3456092.0,-1.683,3.3
14777.0,431.0,-3429911.0,-2.608,3.05
14781.0,-20.0,-3402652.0,-2.658,2.57
14785.0,-85.0,-3373543.0,-2.05,2.57
14789.0,90.0,-3312640.0,-2.717,2.32
14793.0,-63.0,-3280959.0,-2.908,2.08
14796.0,-62.0,-3248924.0,-3.15,1.83
14800.0,171.0,-3216829.0,-2.858,1.59
14804.0,122.0,-3149822.0,-3.167,1.1
14809.0,3.0,-3114735.0,-3.508,1.34
14812.0,178.0,-3078204.0,-3.658,0.86
14816.0,143.0,-3040807.0,-3.817,0.61
14820.0,114.0,-3002294.0,-3.992,0.12
14824.0,245.0,-2923453.0,-3.917,-0.12
14828.0,154.0,-2884332.0,-4.375,-0.37
14832.0,373.0,-2844085.0,-4.683,-0.86
14835.0,136.0,-2802356.0,-4.883,-0.61
14839.0,-233.0,-2714401.0,-5.167,-1.59
14843.0,-98.0,-2669792.0,-5.2,-1.83
14848.0,13.0,-2625491.0,-5.433,-2.32
14852.0,-66.0,-2580376.0,-5.992,-2.57
14855.0,-125.0,-2486445.0,-6.158,-3.54
14859.0,-206.0,-2437726.0,-6.783,-3.79
14863.0,-155.0,-2387573.0,-6.792,-4.52
14867.0,212.0,-2336866.0,-7.208,-4.77
14871.0,169.0,-2236425.0,-7.258,-5.99
14875.0,166.0,-2186414.0,-8.35,-5.74
14878.0,171.0,-2133457.0,-8.725,-6.96
14882.0,78.0,-2078332.0,-9.075,-7.21
14886.0,-229.0,-1968437.0,-9.267,-8.43
14891.0,14.0,-1915106.0,-9.225,-8.92
14895.0,495.0,-1863397.0,-10.083,-10.14
14898.0,466.0,-1810594.0,-10.725,-10.63
14902.0,-63.0,-1698737.0,-11.108,-11.36
14906.0,-172.0,-1642814.0,-11.292,-12.59
14910.0,-257.0,-1588417.0,-11.35,-13.56
14914.0,-216.0,-1483992.0,-12.283,-14.78
14918.0,3.0,-1429273.0,-13.192,-15.76
14922.0,292.0,-1371938.0,-14.05,-16.5
14926.0,565.0,-1315905.0,-13.083,-17.96
14930.0,582.0,-1207562.0,-13.567,-18.7
14935.0,-107.0,-1156561.0,-13.492,-19.67
14938.0,-132.0,-1107082.0,-13.042,-20.65
14942.0,127.0,-1056549.0,-14.492,-21.63
14946.0,118.0,-949032.0,-14.658,-23.09
14950.0,-139.0,-895941.0,-13.933,-24.56
14954.0,-338.0,-848104.0,-12.05,-25.05
14958.0,-77.0,-764805.0,-11.958,-26.52
14962.0,-76.0,-721076.0,-13.375,-27.98
14965.0,-175.0,-675863.0,-13.425,-28.96
14969.0,106.0,-630288.0,-12.433,-29.2
14973.0,265.0,-542249.0,-12.733,-30.91
14978.0,98.0,-502130.0,-12.167,-32.14
14982.0,191.0,-464241.0,-10.467,-33.11
14986.0,-18.0,-426482.0,-11.683,-34.82
14990.0,-137.0,-349887.0,-12.117,-35.56
14993.0,-38.0,-316134.0,-12.467,-36.29
14997.0,-137.0,-287851.0,-6.708,-38.0
15001.0,48.0,-259022.0,-4.092,-38.49
15005.0,-59.0,-197365.0,-3.083,-39.71
15009.0,-130.0,-165944.0,6.417,-40.44
15012.0,135.0,-136197.0,15.458,-40.93
15016.0,8.0,-113212.0,9.892,-42.16
15021.0,-55.0,-76791.0,7.042,-42.89
15025.0,-14.0,-59374.0,9.192,-43.13
15028.0,25.0,-43817.0,14.142,-44.35
15032.0,-286.0,-28956.0,21.908,-44.6
15036.0,-105.0,-15305.0,27.133,-45.33
15040.0,-80.0,-474.0,27.55,-46.31
15044.0,-449.0,1797.0,26.542,-46.8
15047.0,-300.0,4058.0,25.275,-47.04
15051.0,-295.0,6779.0,21.983,-46.55
15055.0,-206.0,14760.0,21.65,-46.31
15059.0,-253.0,18671.0,23.633,-46.07
15063.0,180.0,23104.0,25.767,-45.82
15067.0,301.0,26441.0,26.767,-45.09
15071.0,-22.0,27490.0,24.583,-45.09
15075.0,107.0,26765.0,21.85,-44.35
15079.0,-22.0,26068.0,18.625,-43.62
15082.0,-133.0,27633.0,16.542,-42.89
15086.0,-322.0,29928.0,15.258,-41.18
15090.0,39.0,30365.0,15.233,-39.96
15094.0,148.0,30972.0,15.683,-38.49
15098.0,27.0,34131.0,17.017,-36.53
15101.0,-122.0,35210.0,16.675,-35.07
15106.0,-105.0,28611.0,11.183,-33.85
15110.0,96.0,29366.0,4.592,-30.91
15114.0,33.0,33093.0,2.517,-28.96
15118.0,-18.0,32714.0,7.283,-26.03
15121.0,-59.0,37709.0,11.758,-23.83
15125.0,-264.0,39330.0,13.875,-22.12
15129.0,-449.0,39081.0,13.867,-21.38
15133.0,-250.0,38592.0,12.175,-20.16
15137.0,-93.0,36981.0,9.775,-18.94
15140.0,-54.0,36228.0,5.342,-17.47
15144.0,259.0,34889.0,-1.867,-16.5
15149.0,40.0,33916.0,-5.942,-14.78
15153.0,-187.0,34799.0,-6.625,-11.85
15156.0,332.0,35344.0,-4.608,-10.63
15160.0,-31.0,35239.0,-2.042,-7.94
15164.0,94.0,35270.0,-1.583,-5.74
15168.0,191.0,35563.0,-2.9,-4.03
15171.0,378.0,36474.0,-3.45,-2.57
15175.0,277.0,33823.0,-5.417,-0.86
15179.0,176.0,34726.0,-4.233,0.12
15182.0,-207.0,35407.0,-0.858,1.1
15186.0,-50.0,34768.0,0.567,1.83
15191.0,-67.0,33375.0,-3.483,2.57
15195.0,-76.0,29912.0,-10.133,3.3
15198.0,73.0,27505.0,-16.325,4.52
15202.0,64.0,25142.0,-21.108,6.23
15206.0,-67.0,20411.0,-23.108,6.96
15209.0,48.0,20342.0,-22.758,8.43
15213.0,-119.0,18913.0,-20.958,10.87
15217.0,20.0,17566.0,-20.0,12.59
15221.0,-23.0,13225.0,-20.425,14.05
15225.0,-322.0,8332.0,-21.683,14.78
15228.0,-99.0,4723.0,-23.542,16.01
15233.0,214.0,260.0,-25.933,17.47
15237.0,33.0,-3067.0,-26.483,18.45
15240.0,246.0,2494.0,-21.758,19.92
15244.0,183.0,6821.0,-13.592,20.16
15248.0,34.0,-7200.0,-19.183,20.65
15252.0,51.0,-25017.0,-28.575,21.38
15256.0,-154.0,-31440.0,-35.542,21.87
15259.0,61.0,-40153.0,-37.558,23.83
15263.0,-90.0,-47370.0,-37.542,26.27
15267.0,-101.0,-52845.0,-35.942,28.71
15271.0,-208.0,-61760.0,-30.142,33.6
15276.0,-133.0,-68993.0,-29.15,37.02
15279.0,-52.0,-67494.0,-23.308,39.22
15283.0,-301.0,-52537.0,-1.017,39.71
15287.0,-262.0,-89228.0,-3.717,36.53
15291.0,411.0,-124319.0,-24.75,34.34
15295.0,-52.0,-129588.0,-30.892,33.11
15298.0,-295.0,-142679.0,7.425,33.6
15302.0,-264.0,-200292.0,21.908,35.07
15306.0,-53.0,-233921.0,-8.508,37.27
15310.0,-252.0,-269928.0,-13.908,38.98
15314.0,-207.0,-303641.0,15.517,40.69
15319.0,6.0,-389916.0,18.817,41.42
15322.0,-111.0,-439151.0,2.2,41.91
15326.0,-52.0,-489836.0,8.125,42.64
15330.0,-277.0,-543953.0,15.408,42.89
15334.0,-126.0,-653128.0,11.7,43.38
15338.0,-47.0,-704373.0,7.808,42.89
15341.0,80.0,-759812.0,13.075,42.89
15345.0,121.0,-817523.0,12.317,42.16
15349.0,10.0,-882582.0,-7.217,40.69
15353.0,-199.0,-915131.0,3.792,40.2
15357.0,610.0,-982192.0,26.875,38.49
15362.0,687.0,-1049661.0,-0.883,39.22
15365.0,256.0,-1149006.0,3.567,40.69
15369.0,77.0,-1206107.0,18.1,42.89
15373.0,120.0,-1266598.0,10.825,44.6
15377.0,-87.0,-1324211.0,9.85,44.84
15381.0,96.0,-1439288.0,14.833,43.38
15385.0,-63.0,-1492079.0,9.025,41.91
15388.0,-8.0,-1544944.0,11.208,39.47
15392.0,97.0,-1600101.0,12.333,38.49
15396.0,-378.0,-1711940.0,11.6,38.25
15400.0,-37.0,-1766785.0,11.833,38.0
15405.0,242.0,-1819394.0,10.8,38.25
15409.0,125.0,-1869933.0,9.808,37.76
15413.0,228.0,-1974430.0,11.717,37.02
15416.0,23.0,-2026959.0,10.058,36.29
15420.0,-298.0,-2078254.0,10.833,35.8
15424.0,29.0,-2127869.0,9.583,34.82
15428.0,-268.0,-2223474.0,9.233,34.82
15432.0,-181.0,-2271303.0,9.717,35.07
15436.0,132.0,-2319420.0,9.267,35.8
15440.0,43.0,-2366121.0,8.942,35.56
15443.0,-422.0,-2456946.0,9.292,34.82
15448.0,-331.0,-2499893.0,8.825,34.34
15452.0,-98.0,-2542272.0,9.075,33.6
15456.0,59.0,-2584363.0,7.442,31.89
15460.0,44.0,-2669028.0,8.742,31.65
15464.0,-449.0,-2710315.0,7.667,30.43
15467.0,-110.0,-2749524.0,7.45,29.69
15471.0,-103.0,-2787937.0,7.417,29.45
15475.0,-330.0,-2863232.0,7.333,28.71
15479.0,-313.0,-2900649.0,7.083,28.23
15483.0,-114.0,-2937044.0,6.85,27.25
15488.0,-127.0,-3004765.0,7.45,26.76
15492.0,104.0,-3037198.0,6.2,26.52
15495.0,29.0,-3069275.0,6.175,25.54
15499.0,180.0,-3101654.0,6.108,24.8
15503.0,253.0,-3163631.0,5.833,24.32
15507.0,182.0,-3193642.0,5.842,23.83
15511.0,171.0,-3222591.0,5.308,23.58
15515.0,10.0,-3250776.0,5.067,23.09
15519.0,-77.0,-3305401.0,4.867,22.36
15522.0,-144.0,-3332506.0,4.692,21.63
15526.0,35.0,-3359507.0,4.933,21.14
15531.0,86.0,-3385240.0,4.308,20.89
15535.0,197.0,-3433891.0,4.067,20.16
15539.0,264.0,-3456590.0,3.7,19.67
15543.0,-75.0,-3478535.0,3.475,19.43
15546.0,18.0,-3500464.0,3.592,18.7
15550.0,121.0,-3542453.0,3.492,18.45
15554.0,290.0,-3562480.0,3.342,17.72
15558.0,9.0,-3582157.0,3.45,16.98
15562.0,14.0,-3601690.0,2.692,16.74
15565.0,-181.0,-3636147.0,2.617,16.74
15569.0,136.0,-3652150.0,2.658,16.01
15574.0,15.0,-3667761.0,2.642,15.52
15578.0,160.0,-3682264.0,2.45,15.27
15582.0,-151.0,-3710723.0,2.358,15.03
15586.0,-406.0,-3723886.0,2.258,14.54
15590.0,-313.0,-3736961.0,1.925,14.3
15593.0,-222.0,-3749220.0,1.758,14.05
15597.0,131.0,-3771429.0,2.017,13.81
15601.0,-44.0,-3781192.0,1.592,13.81
15605.0,-81.0,-3791473.0,1.625,13.07
15609.0,-216.0,-3799786.0,1.1,12.83
15613.0,-133.0,-3815531.0,1.45,12.34
15618.0,-10.0,-3821872.0,0.6,12.1
15621.0,-73.0,-3828337.0,1.733,11.85
15625.0,224.0,-3833490.0,0.525,11.61
15629.0,83.0,-3843033.0,1.692,11.36
15633.0,4.0,-3847146.0,0.1,11.12
15637.0,-307.0,-3850093.0,0.292,10.87
15640.0,-70.0,-3851802.0,0.742,10.39
15644.0,-71.0,-3855177.0,0.942,10.14
15648.0,204.0,-3856084.0,0.417,10.14
15652.0,249.0,-3856127.0,0.392,9.41
15656.0,-26.0,-3855212.0,0.075,8.92
15661.0,165.0,-3852621.0,0.092,8.92
15664.0,-208.0,-3850000.0,-0.067,8.68
15668.0,207.0,-3846963.0,0.733,8.68
15672.0,406.0,-3843992.0,0.217,8.43
15676.0,199.0,-3836947.0,-0.575,7.94
15680.0,8.0,-3831508.0,-0.742,7.21
15683.0,-221.0,-3825039.0,0.092,7.21
15687.0,-386.0,-3817740.0,-0.75,6.72
15691.0,-231.0,-3801831.0,-0.125,6.48
15695.0,-96.0,-3793152.0,-0.417,6.72
15699.0,37.0,-3783537.0,-0.642,5.99
15703.0,276.0,-3772816.0,-1.283,6.23
15707.0,-357.0,-3749879.0,-0.708,5.74
15711.0,-346.0,-3738204.0,-0.467,5.5
15715.0,-429.0,-3724941.0,-0.758,5.25
15719.0,-268.0,-3710680.0,-0.833,5.5
15722.0,-7.0,-3681155.0,-1.025,5.01
15726.0,152.0,-3665254.0,-1.867,4.77
15730.0,-15.0,-3648005.0,-1.508,5.01
15734.0,-48.0,-3631162.0,-0.583,4.77
15738.0,-79.0,-3593117.0,-1.608,5.01
15741.0,156.0,-3573606.0,-0.908,4.03
15746.0,-15.0,-3552891.0,-2.308,3.79
15750.0,40.0,-3531668.0,-1.65,3.79
15754.0,335.0,-3509817.0,-1.675,3.79
15757.0,140.0,-3464518.0,-1.742,3.54
15761.0,125.0,-3441147.0,-1.542,3.79
15765.0,44.0,-3416294.0,-1.867,3.05
15769.0,-339.0,-3390593.0,-2.908,2.81
15773.0,-224.0,-3336318.0,-2.358,2.81
15776.0,-97.0,-3307619.0,-2.892,3.3
15780.0,62.0,-3278490.0,-2.192,2.32
15784.0,-321.0,-3248721.0,-2.517,2.32
15789.0,-220.0,-3187158.0,-3.0,2.57
15793.0,105.0,-3155525.0,-3.442,1.59
15796.0,236.0,-3122980.0,-3.55,1.34
15800.0,-233.0,-3088665.0,-3.05,1.83
15804.0,-148.0,-3016332.0,-3.517,0.86
15808.0,-305.0,-2979421.0,-3.742,0.37
15812.0,-256.0,-2942404.0,-4.05,0.37
15816.0,117.0,-2905047.0,-4.15,-0.12
15819.0,162.0,-2826842.0,-4.742,0.12
15823.0,-81.0,-2786289.0,-4.492,-0.37
15827.0,234.0,-2744142.0,-4.842,-1.1
15832.0,65.0,-2701123.0,-5.058,-0.86
15836.0,342.0,-2613462.0,-5.5,-1.59
15839.0,279.0,-2569489.0,-5.65,-2.32
15843.0,122.0,-2524910.0,-5.892,-2.57
15847.0,-45.0,-2479543.0,-6.2,-3.05
15851.0,-60.0,-2381578.0,-6.7,-3.79
15855.0,-107.0,-2332375.0,-6.808,-4.52
15858.0,-298.0,-2287454.0,-5.575,-5.01
15862.0,113.0,-2258433.0,-0.342,-5.74
15866.0,-120.0,-2191268.0,-9.642,-5.99
15870.0,-531.0,-2133701.0,-8.317,-6.23
15875.0,-388.0,-2084074.0,-6.592,-7.21
15879.0,223.0,-2034011.0,-10.05,-7.7
15882.0,30.0,-1927668.0,-7.833,-8.43
15886.0,49.0,-1876517.0,-9.892,-9.16
15890.0,-84.0,-1823134.0,-9.492,-10.14
15894.0,99.0,-1769327.0,-11.042,-10.63
15898.0,442.0,-1657626.0,-11.242,-11.36
15902.0,303.0,-1603129.0,-10.85,-12.83
15906.0,-18.0,-1550700.0,-11.875,-13.56
15909.0,-89.0,-1498981.0,-12.408,-14.05
15913.0,28.0,-1390380.0,-12.925,-14.78
15918.0,-93.0,-1333543.0,-13.975,-16.25
15922.0,58.0,-1276054.0,-13.308,-16.98
15926.0,-153.0,-1221241.0,-12.917,-17.96
15930.0,-192.0,-1122600.0,-12.942,-19.18
15934.0,-151.0,-1073391.0,-13.233,-19.92
15938.0,280.0,-1020518.0,-14.758,-21.63
15941.0,81.0,-909909.0,-14.675,-23.09
15945.0,-18.0,-859402.0,-13.425,-24.8
15949.0,89.0,-814593.0,-12.1,-26.27
15953.0,-40.0,-772064.0,-12.575,-27.0
15958.0,-73.0,-683343.0,-13.558,-28.23
15962.0,-186.0,-637244.0,-13.158,-29.2
15965.0,-121.0,-592427.0,-12.683,-29.94
15969.0,56.0,-548638.0,-12.583,-31.4
15973.0,211.0,-467367.0,-11.175,-32.87
15977.0,2.0,-429444.0,-11.033,-34.09
15981.0,-133.0,-390939.0,-12.208,-35.31
15985.0,-14.0,-351772.0,-13.017,-36.78
15988.0,-5.0,-287007.0,-9.117,-37.76
15992.0,-80.0,-257108.0,-4.542,-38.98
15996.0,-77.0,-225707.0,-3.55,-40.2
16001.0,-214.0,-193052.0,2.4,-40.93
16004.0,-181.0,-160379.0,13.333,-41.67
16008.0,-194.0,-105810.0,14.192,-42.4
16012.0,-111.0,-87497.0,7.608,-43.13
16016.0,376.0,-70074.0,9.467,-44.11
16020.0,67.0,-51999.0,13.617,-45.09
16024.0,-518.0,-20834.0,20.842,-45.33
16027.0,-743.0,-7135.0,28.008,-46.8
16031.0,238.0,2388.0,30.25,-47.04
16035.0,-99.0,6743.0,29.583,-48.26
16039.0,-298.0,10286.0,28.742,-48.26
16043.0,77.0,13629.0,25.117,-49.0
16047.0,128.0,16948.0,22.817,-48.51
16051.0,-463.0,20877.0,24.733,-48.26
16055.0,-320.0,31232.0,27.717,-48.02
16059.0,-227.0,33557.0,29.608,-47.53
16063.0,18.0,33326.0,27.2,-47.29
16066.0,-245.0,31995.0,24.4,-47.04
16070.0,-154.0,32786.0,21.25,-46.07
16074.0,-165.0,34453.0,18.6,-45.58
16078.0,-124.0,34170.0,17.067,-44.11
16082.0,-143.0,33619.0,17.6,-42.16
16086.0,-84.0,44178.0,20.533,-40.93
16090.0,-333.0,38829.0,18.583,-39.22
16094.0,-12.0,30986.0,10.892,-37.51
16098.0,-383.0,32909.0,6.608,-35.07
16102.0,-140.0,36804.0,8.225,-32.38
16105.0,65.0,40729.0,12.425,-30.67
16109.0,686.0,41530.0,14.692,-28.47
16113.0,245.0,43151.0,16.117,-26.76
16117.0,26.0,43990.0,16.492,-26.27
16120.0,-159.0,43453.0,15.475,-25.05
16124.0,-110.0,43372.0,14.083,-23.58
16129.0,157.0,42635.0,11.067,-22.61
16133.0,126.0,41760.0,7.058,-21.14
16137.0,-55.0,41735.0,2.925,-19.92
16140.0,-96.0,42290.0,0.725,-17.72
16144.0,45.0,42183.0,1.533,-15.76
16148.0,-14.0,42412.0,3.183,-14.3
16152.0,-431.0,42431.0,3.65,-12.1
16155.0,-502.0,42264.0,0.733,-10.14
16159.0,241.0,41151.0,-4.967,-8.19
16163.0,88.0,40062.0,-7.45,-6.48
16167.0,139.0,40473.0,-6.783,-3.79
16171.0,94.0,39284.0,-6.392,-2.08
16175.0,-39.0,42395.0,-3.042,-1.1
16179.0,198.0,41822.0,-0.042,0.12
16182.0,49.0,41107.0,0.925,0.61
16186.0,30.0,40708.0,-1.458,2.08
16190.0,55.0,39415.0,-4.808,2.81
16193.0,106.0,37104.0,-9.683,3.79
16197.0,-151.0,34815.0,-13.65,4.52
16201.0,-162.0,35644.0,-13.392,6.48
16205.0,-103.0,32877.0,-13.608,6.72
16209.0,12.0,29018.0,-16.775,8.92
16212.0,7.0,26595.0,-19.925,10.63
16217.0,-150.0,25706.0,-21.375,12.1
16221.0,-121.0,20713.0,-22.042,13.81
16225.0,-14.0,18246.0,-22.258,14.54
16228.0,-77.0,16569.0,-22.9,15.76
16232.0,144.0,12748.0,-25.017,16.98
16236.0,-161.0,11161.0,-24.683,18.21
16240.0,-422.0,18744.0,-17.975,19.18
16244.0,-99.0,15935.0,-15.017,19.92
16247.0,250.0,310.0,-21.833,20.65
16251.0,183.0,-4691.0,-28.933,21.14
16256.0,-100.0,-17580.0,-35.017,21.63
16260.0,-135.0,-27353.0,-38.158,22.85
16263.0,-246.0,-33946.0,-40.05,25.29
16267.0,-203.0,-35235.0,-37.975,28.71
16271.0,-88.0,-40284.0,-33.992,32.87
16275.0,217.0,-50143.0,-32.683,35.56
16279.0,128.0,-58870.0,-33.292,37.76
16283.0,275.0,-66373.0,-35.167,39.47
16286.0,90.0,-79350.0,-37.217,40.2
16290.0,-213.0,-79663.0,-27.317,40.69
16294.0,-210.0,-65480.0,-7.758,40.44
16299.0,-145.0,-58131.0,7.1,39.22
16303.0,116.0,-130256.0,-10.5,38.73
16306.0,245.0,-113985.0,-17.808,38.73
16310.0,-124.0,-113134.0,8.108,36.78
16314.0,191.0,-176023.0,3.2,35.31
16318.0,162.0,-208934.0,-1.908,35.31
16322.0,-445.0,-212435.0,5.567,34.09
16326.0,-70.0,-250464.0,3.567,32.87
16329.0,387.0,-307943.0,8.817,31.4
16333.0,174.0,-378354.0,13.908,29.2
16337.0,-23.0,-427875.0,10.567,29.2
16342.0,78.0,-483664.0,13.9,28.47
16346.0,-69.0,-538293.0,9.6,28.23
16349.0,-180.0,-648190.0,12.808,28.96
16353.0,109.0,-701885.0,11.3,29.45
16357.0,-4.0,-757052.0,12.142,29.69
16361.0,-85.0,-816853.0,14.825,29.69
16365.0,20.0,-938448.0,12.583,29.45
16368.0,265.0,-999099.0,12.85,29.2
16372.0,-492.0,-1055846.0,11.325,30.18
16376.0,-319.0,-1097613.0,-3.6,29.94
16380.0,-208.0,-1154086.0,4.792,29.94
16385.0,369.0,-1220127.0,25.558,30.43
16389.0,34.0,-1286916.0,3.467,31.65
16393.0,-343.0,-1339897.0,5.633,32.14
16396.0,-272.0,-1450414.0,15.408,34.58
16400.0,-289.0,-1504147.0,8.525,38.25
16404.0,392.0,-1557734.0,10.858,40.69
16408.0,109.0,-1613121.0,13.908,43.13
16412.0,-204.0,-1724996.0,11.508,42.64
16416.0,13.0,-1779507.0,11.65,41.42
16420.0,-58.0,-1831506.0,9.6,38.73
16424.0,179.0,-1935179.0,11.042,37.27
16428.0,56.0,-1988096.0,11.258,35.8
16432.0,151.0,-2041313.0,10.792,34.34
16436.0,-56.0,-2092894.0,9.5,34.34
16440.0,-89.0,-2187565.0,9.233,34.09
16444.0,-106.0,-2234674.0,9.533,33.85
16448.0,-15.0,-2282321.0,9.808,33.36
16452.0,244.0,-2329634.0,8.958,33.11
16455.0,385.0,-2420279.0,8.992,33.11
16459.0,-112.0,-2463308.0,8.625,33.6
16463.0,33.0,-2505197.0,8.8,34.09
16467.0,260.0,-2546324.0,9.058,33.6
16472.0,227.0,-2628799.0,7.4,32.62
16476.0,130.0,-2669032.0,8.392,32.14
16479.0,-37.0,-2708893.0,7.5,30.18
16483.0,178.0,-2746476.0,7.058,29.2
16487.0,-253.0,-2819605.0,6.967,28.47
16491.0,-242.0,-2855914.0,7.208,28.23
16495.0,303.0,-2891801.0,6.775,27.49
16499.0,160.0,-2926606.0,6.683,27.25
16503.0,-1.0,-2991957.0,6.75,26.52
16506.0,88.0,-3022956.0,6.475,26.27
16510.0,73.0,-3052877.0,5.275,24.8
16515.0,30.0,-3082810.0,6.075,24.32
16519.0,-165.0,-3140297.0,5.542,24.32
16523.0,-354.0,-3168458.0,5.642,23.09
16526.0,29.0,-3195817.0,4.75,22.85
16530.0,-40.0,-3222054.0,4.625,22.36
16534.0,-137.0,-3272373.0,4.508,21.38
16538.0,-296.0,-3296418.0,4.375,21.38
16542.0,-71.0,-3320369.0,4.533,21.14
16546.0,16.0,-3343960.0,4.383,19.92
16549.0,147.0,-3388761.0,3.933,19.43
16553.0,50.0,-3409940.0,3.575,19.18
16558.0,157.0,-3430449.0,3.275,18.7
16562.0,40.0,-3449548.0,3.217,17.96
16566.0,-229.0,-3484787.0,2.975,17.23
16570.0,104.0,-3501904.0,3.117,17.23
16573.0,-111.0,-3518763.0,2.842,16.5
16577.0,68.0,-3535184.0,2.65,16.25
16581.0,255.0,-3566801.0,2.325,16.25
16585.0,64.0,-3580808.0,2.392,15.52
16589.0,-121.0,-3593517.0,2.367,15.03
16593.0,128.0,-3605620.0,2.433,14.78
16598.0,125.0,-3629143.0,1.958,14.78
16601.0,-56.0,-3639372.0,1.717,13.81
16605.0,151.0,-3648761.0,1.5,13.56
16609.0,-234.0,-3666158.0,1.542,13.32
16613.0,-237.0,-3673585.0,1.858,12.83
16617.0,-32.0,-3681174.0,1.208,12.83
16621.0,-417.0,-3687375.0,1.133,12.1
16624.0,-182.0,-3697842.0,0.7,12.1
16628.0,133.0,-3703053.0,1.358,12.34
16632.0,-120.0,-3707180.0,0.267,11.61
16636.0,-319.0,-3709565.0,1.542,11.61
16641.0,-262.0,-3713892.0,0.058,10.87
16645.0,-51.0,-3715277.0,0.85,10.63
16649.0,-212.0,-3715756.0,-0.183,10.14
16652.0,-107.0,-3715547.0,0.617,10.14
16656.0,-396.0,-3713646.0,0.125,9.65
16660.0,-519.0,-3711431.0,0.267,8.92
16664.0,-84.0,-3708722.0,-0.075,8.68
16668.0,29.0,-3705645.0,0.192,8.43
16671.0,238.0,-3698564.0,-0.1,7.94
16675.0,197.0,-3694959.0,-0.558,7.7
16679.0,30.0,-3689364.0,-0.633,8.19
16684.0,123.0,-3681981.0,0.45,7.45
16688.0,248.0,-3666522.0,-0.508,7.45
16691.0,73.0,-3658131.0,-0.933,6.48
16695.0,308.0,-3648868.0,-0.583,6.72
16699.0,25.0,-3641445.0,2.0,5.74
16703.0,10.0,-3625428.0,-3.7,5.99
16707.0,-473.0,-3614577.0,1.383,5.5
16710.0,-136.0,-3609556.0,1.558,5.5
16714.0,-327.0,-3600053.0,-4.9,5.5
16718.0,-186.0,-3584462.0,2.933,5.25
16722.0,95.0,-3555435.0,-2.133,5.01
16727.0,162.0,-3539808.0,-1.617,5.01
16730.0,-115.0,-3522785.0,-1.358,4.77
16734.0,-56.0,-3505580.0,-0.775,4.52
16738.0,-299.0,-3467801.0,-1.375,4.77
16742.0,-146.0,-3447588.0,-1.675,4.52
16746.0,-187.0,-3426823.0,-2.95,4.28
16749.0,-252.0,-3405264.0,-1.033,3.79
16753.0,-239.0,-3357901.0,-2.233,3.54
16757.0,-224.0,-3333586.0,-1.808,3.3
16761.0,-1.0,-3307765.0,-2.417,3.54
16765.0,256.0,-3281180.0,-2.75,3.05
16769.0,-19.0,-3227479.0,-2.25,2.81
16773.0,42.0,-3199196.0,-2.692,2.81
16777.0,-63.0,-3169901.0,-2.75,2.57
16781.0,-100.0,-3140134.0,-3.283,2.08
16785.0,-69.0,-3075431.0,-3.042,1.59
16788.0,134.0,-3041948.0,-3.708,1.34
16792.0,9.0,-3008077.0,-3.75,1.1
16796.0,-270.0,-2972938.0,-3.125,0.86
16800.0,-249.0,-2920313.0,-0.075,0.37
16804.0,20.0,-2901548.0,-0.8,0.37
16807.0,-665.0,-2868233.0,-7.483,0.12
16812.0,-396.0,-2826726.0,0.725,0.12
16816.0,53.0,-2752169.0,-6.4,-0.37
16820.0,128.0,-2710668.0,-4.05,-0.37
16824.0,143.0,-2669335.0,-3.933,-0.86
16827.0,-94.0,-2627964.0,-5.492,-0.61
16831.0,105.0,-2585853.0,-5.1,-1.34
16835.0,194.0,-2500064.0,-6.367,-1.83
16839.0,281.0,-2462333.0,-3.033,-2.57
16843.0,296.0,-2440282.0,0.467,-3.05
16846.0,-23.0,-2411485.0,-10.542,-3.3
16850.0,-118.0,-2309052.0,-3.333,-3.3
16855.0,105.0,-2266537.0,-6.35,-3.79
16859.0,-74.0,-2219578.0,-8.158,-4.52
16863.0,165.0,-2169301.0,-7.058,-5.01
16867.0,348.0,-2066264.0,-8.8,-4.77
16870.0,-165.0,-2012711.0,-8.0,-6.23
16874.0,70.0,-1960834.0,-9.767,-6.96
16878.0,11.0,-1908781.0,-9.725,-7.7
16882.0,-284.0,-1804802.0,-9.392,-8.43
16886.0,-159.0,-1749801.0,-11.133,-10.14
16889.0,138.0,-1692522.0,-11.1,-11.12
16893.0,81.0,-1582741.0,-11.008,-12.1
16898.0,26.0,-1530102.0,-11.708,-13.07
16902.0,-67.0,-1477537.0,-12.342,-13.32
16906.0,-250.0,-1424178.0,-12.3,-14.05
16910.0,-161.0,-1310583.0,-14.075,-15.76
16914.0,122.0,-1253088.0,-13.2,-16.98
16918.0,-277.0,-1199491.0,-13.1,-18.21
16922.0,-186.0,-1149060.0,-13.217,-19.67
16925.0,5.0,-1047637.0,-13.608,-21.63
16929.0,78.0,-993978.0,-14.458,-22.85
16933.0,3.0,-939507.0,-14.508,-23.58
16937.0,-44.0,-887222.0,-12.933,-25.54
16942.0,-115.0,-796615.0,-12.367,-26.03
16946.0,-62.0,-752434.0,-12.792,-27.0
16949.0,-393.0,-706399.0,-13.592,-28.71
16953.0,-656.0,-658162.0,-13.175,-29.45
16957.0,-251.0,-565137.0,-12.808,-30.43
16961.0,398.0,-521672.0,-12.55,-32.38
16965.0,411.0,-481761.0,-10.917,-33.6
16969.0,-126.0,-443126.0,-11.558,-35.07
16973.0,-77.0,-361669.0,-13.117,-36.53
16976.0,-132.0,-323136.0,-13.117,-37.51
16980.0,-35.0,-291523.0,-6.75,-38.73
16985.0,170.0,-261342.0,-3.183,-39.71
16989.0,9.0,-194203.0,-1.808,-40.44
16993.0,-74.0,-159734.0,9.433,-41.42
16996.0,-365.0,-127923.0,16.158,-42.4
17000.0,-326.0,-101968.0,11.467,-43.87
17004.0,-191.0,-63897.0,9.625,-45.09
17008.0,250.0,-45332.0,13.208,-45.82
17012.0,77.0,-27871.0,19.958,-47.04
17015.0,230.0,-12796.0,26.992,-47.53
17019.0,59.0,11427.0,33.05,-49.0
17024.0,-124.0,14912.0,33.192,-49.49
17028.0,-15.0,15357.0,32.758,-50.71
17032.0,-140.0,17552.0,29.5,-51.2
17035.0,-63.0,24419.0,24.975,-50.95
17039.0,34.0,29116.0,26.317,-51.2
17043.0,89.0,35601.0,30.292,-51.69
17047.0,154.0,39356.0,32.275,-51.69
17051.0,-199.0,38695.0,30.442,-50.71
17054.0,-88.0,38046.0,27.183,-50.71
17058.0,325.0,39681.0,24.892,-49.49
17062.0,128.0,40366.0,21.7,-48.75
17067.0,-37.0,41189.0,20.633,-47.78
17071.0,32.0,49412.0,23.367,-47.04
17074.0,-67.0,42437.0,19.533,-46.07
17078.0,4.0,32122.0,10.992,-42.89
17082.0,23.0,36431.0,6.492,-40.93
17086.0,-26.0,41284.0,10.567,-37.76
17089.0,-1.0,44901.0,17.933,-35.07
17093.0,-54.0,47076.0,20.492,-33.36
17097.0,-63.0,48581.0,20.592,-31.4
17101.0,-136.0,49978.0,19.258,-30.67
17105.0,61.0,49867.0,18.375,-29.94
17108.0,114.0,50480.0,17.767,-28.71
17113.0,17.0,50689.0,17.417,-27.98
17117.0,-46.0,51626.0,16.825,-26.52
17121.0,165.0,52041.0,15.492,-24.56
17124.0,-92.0,51742.0,14.117,-23.09
17128.0,-273.0,51325.0,12.725,-22.12
17132.0,-76.0,51184.0,11.308,-21.14
17136.0,179.0,50795.0,10.033,-20.16
17140.0,44.0,50158.0,7.925,-19.18
17143.0,-183.0,49357.0,4.417,-17.72
17147.0,92.0,48362.0,-0.033,-16.25
17152.0,-37.0,47915.0,-4.275,-14.54
17156.0,80.0,47324.0,-5.958,-12.83
17159.0,193.0,48343.0,-4.3,-11.12
17163.0,198.0,48902.0,-1.675,-8.43
17167.0,169.0,49933.0,1.4,-6.23
17171.0,-404.0,49154.0,0.925,-4.52
17174.0,-341.0,48023.0,-3.567,-2.57
17178.0,-184.0,48016.0,-5.125,-0.86
17182.0,-179.0,47221.0,-4.108,-0.12
17186.0,64.0,47972.0,-2.008,1.34
17189.0,273.0,47921.0,-1.358,1.59
17193.0,78.0,46904.0,-2.775,2.57
17198.0,-269.0,45793.0,-7.567,3.54
17201.0,-338.0,35898.0,-17.042,5.01
17205.0,125.0,30163.0,-25.367,5.99
17209.0,-120.0,31508.0,-28.033,6.48
17213.0,-215.0,30147.0,-25.733,9.16
17217.0,-140.0,30014.0,-22.292,11.36
17220.0,-169.0,37057.0,-15.575,13.07
17224.0,-94.0,42246.0,-6.267,13.81
17228.0,195.0,35513.0,-9.083,14.54
17232.0,282.0,27934.0,-19.133,15.03
17235.0,65.0,16603.0,-26.642,15.03
17240.0,224.0,17254.0,-27.858,16.01
17244.0,-5.0,14011.0,-27.842,16.25
17248.0,-192.0,12050.0,-28.475,17.23
17252.0,-109.0,3193.0,-31.175,18.7
17255.0,-54.0,298.0,-33.708,20.41
17259.0,-203.0,-4431.0,-34.458,20.89
17263.0,4.0,-9028.0,-32.408,23.09
17266.0,-15.0,-19081.0,-31.708,24.32
17270.0,0.0,-32454.0,-37.475,26.76
17274.0,53.0,-49859.0,-44.025,29.69
17278.0,98.0,-49270.0,-45.55,32.14
17283.0,281.0,-46207.0,-41.683,34.58
17286.0,-194.0,-58682.0,-37.117,35.8
17290.0,-305.0,-66871.0,-35.65,36.53
17294.0,-474.0,-74240.0,-36.433,37.02
17298.0,-395.0,-80691.0,-37.792,38.98
17302.0,-168.0,-93514.0,-33.783,40.93
17305.0,-145.0,-104931.0,-24.933,46.31
17309.0,114.0,-121512.0,-9.242,51.69
17313.0,139.0,-141503.0,14.242,56.82
17317.0,200.0,-199240.0,10.783,60.24
17321.0,67.0,-235769.0,-11.617,60.97
17326.0,148.0,-271874.0,2.525,59.75
17330.0,511.0,-308939.0,18.533,58.28
17333.0,-72.0,-399902.0,12.083,56.82
17337.0,-13.0,-452285.0,8.142,56.33
17341.0,-238.0,-505970.0,12.908,56.09
17345.0,-111.0,-562149.0,13.683,57.06
17349.0,-328.0,-673934.0,10.892,58.28
17353.0,25.0,-728737.0,11.908,58.28
17356.0,-44.0,-785168.0,12.767,57.55
17360.0,-189.0,-833293.0,-2.9,55.35
17364.0,-124.0,-888012.0,-0.817,53.15
17369.0,361.0,-952667.0,26.925,49.0
17373.0,54.0,-1021616.0,0.1,46.8
17376.0,-81.0,-1071549.0,2.183,45.33
17380.0,332.0,-1181348.0,18.167,44.84
17384.0,95.0,-1242289.0,10.725,44.84
17388.0,22.0,-1300836.0,9.583,45.33
17392.0,-67.0,-1415417.0,14.992,44.6
17396.0,48.0,-1468872.0,11.167,44.35
17400.0,229.0,-1522347.0,11.067,42.89
17403.0,236.0,-1576572.0,12.217,40.69
17408.0,151.0,-1686905.0,12.208,39.96
17412.0,204.0,-1742216.0,11.383,38.98
17416.0,-155.0,-1794877.0,10.967,38.25
17420.0,-48.0,-1845852.0,9.967,37.76
17424.0,209.0,-1948893.0,11.192,37.27
17428.0,116.0,-2001242.0,10.592,36.53
17432.0,-59.0,-2052899.0,10.675,36.29
17436.0,-242.0,-2102388.0,9.267,35.56
17439.0,-317.0,-2195481.0,9.55,35.8
17443.0,-198.0,-2242488.0,9.808,36.05
17447.0,-137.0,-2290091.0,9.475,36.05
17452.0,-260.0,-2382104.0,8.867,35.56
17456.0,-183.0,-2425159.0,8.583,35.56
17460.0,64.0,-2467682.0,8.55,33.6
17463.0,-31.0,-2509863.0,9.025,33.11
17467.0,-180.0,-2592974.0,8.208,31.65
17471.0,-85.0,-2633697.0,7.983,30.67
17475.0,40.0,-2673528.0,7.808,30.43
17479.0,151.0,-2712175.0,7.708,29.94
17483.0,-14.0,-2786260.0,7.183,29.69
17486.0,-73.0,-2822387.0,6.975,28.71
17490.0,-28.0,-2858498.0,7.342,28.23
17495.0,-195.0,-2894537.0,6.733,27.25
17499.0,-124.0,-2961358.0,6.433,26.27
17503.0,-67.0,-2993033.0,6.275,26.03
17507.0,136.0,-3023834.0,6.817,25.05
17511.0,-159.0,-3054587.0,5.475,24.07
17514.0,-44.0,-3113840.0,6.175,24.07
17518.0,-31.0,-3142701.0,5.583,23.34
17522.0,104.0,-3170690.0,5.142,22.85
17526.0,75.0,-3197301.0,5.025,22.36
17530.0,-102.0,-3249104.0,4.467,22.36
17534.0,163.0,-3273763.0,4.517,21.38
17538.0,-84.0,-3298022.0,4.825,20.65
17542.0,-69.0,-3322481.0,4.225,20.16
17546.0,16.0,-3369558.0,4.233,20.16
17550.0,-87.0,-3391457.0,3.725,18.94
17554.0,-76.0,-3412268.0,3.325,18.94
17557.0,-63.0,-3431837.0,3.275,18.45
17561.0,-96.0,-3469704.0,3.142,17.72
17565.0,59.0,-3488063.0,3.008,17.47
17569.0,104.0,-3505600.0,3.358,16.74
17573.0,29.0,-3522869.0,2.817,16.5
17577.0,-280.0,-3556130.0,2.767,16.01
17581.0,-453.0,-3571233.0,1.983,15.52
17585.0,-278.0,-3584958.0,2.692,15.27
17589.0,-81.0,-3597975.0,2.467,14.78
17593.0,252.0,-3622756.0,2.217,14.54
17597.0,317.0,-3633987.0,1.542,14.05
17601.0,-102.0,-3644644.0,1.933,14.05
17605.0,-203.0,-3653833.0,1.658,13.56
17608.0,-8.0,-3672300.0,1.767,13.32
17612.0,-117.0,-3681001.0,1.35,13.56
17616.0,24.0,-3688688.0,1.733,13.07
17620.0,-7.0,-3694857.0,0.808,12.59
17625.0,-228.0,-3707272.0,1.842,12.59
17629.0,-451.0,-3712357.0,0.292,11.85
17632.0,-60.0,-3716464.0,1.592,11.36
17636.0,-265.0,-3720279.0,0.45,11.12
17640.0,-214.0,-3725216.0,0.758,10.87
17644.0,55.0,-3727291.0,0.167,10.39
17648.0,40.0,-3728480.0,0.6,10.14
17652.0,-309.0,-3728405.0,0.058,9.9
17655.0,-224.0,-3727320.0,0.667,9.41
17659.0,-199.0,-3726191.0,0.017,8.92
17664.0,-386.0,-3724550.0,0.642,8.92
17668.0,77.0,-3722077.0,-0.575,8.43
17672.0,46.0,-3715728.0,0.983,8.19
17675.0,-89.0,-3712483.0,-0.683,8.19
17679.0,-48.0,-3707966.0,-0.617,7.7
17683.0,-107.0,-3701627.0,0.067,7.21
17687.0,-84.0,-3685896.0,-0.242,7.21
17690.0,-5.0,-3677947.0,-0.708,6.72
17694.0,-234.0,-3669836.0,-0.883,6.72
17698.0,-465.0,-3660599.0,-0.825,5.99
17702.0,-160.0,-3637472.0,-0.8,6.48
17707.0,-389.0,-3625751.0,-0.933,5.99
17710.0,-232.0,-3613614.0,-1.033,5.74
17714.0,-7.0,-3599973.0,-0.867,5.74
17718.0,14.0,-3573456.0,0.167,5.01
17722.0,-63.0,-3566829.0,2.433,5.01
17726.0,-256.0,-3558206.0,-4.667,5.25
17729.0,-479.0,-3547925.0,2.767,5.01
17733.0,-362.0,-3519976.0,-4.058,4.77
17737.0,-115.0,-3501481.0,0.567,4.52
17741.0,234.0,-3483818.0,-2.367,5.01
17745.0,35.0,-3465397.0,-1.0,4.52
17748.0,100.0,-3445284.0,-1.0,4.28
17753.0,153.0,-3401521.0,-2.708,4.28
17757.0,-142.0,-3378382.0,-2.842,3.54
17761.0,-27.0,-3354305.0,-1.583,3.54
17765.0,84.0,-3328886.0,-1.825,3.54
17768.0,-125.0,-3275847.0,-2.392,3.05
17772.0,-60.0,-3248470.0,-2.75,3.05
17776.0,-243.0,-3220803.0,-2.975,3.05
17780.0,-94.0,-3192480.0,-2.367,2.57
17784.0,241.0,-3131651.0,-3.158,2.08
17787.0,128.0,-3099448.0,-2.975,2.32
17792.0,109.0,-3066959.0,-3.458,2.08
17796.0,304.0,-3032944.0,-3.542,1.34
17800.0,-61.0,-2961991.0,-3.925,1.34
17804.0,-140.0,-2925600.0,-3.65,1.1
17807.0,-101.0,-2889627.0,-3.7,0.61
17811.0,208.0,-2852980.0,-4.517,-0.12
17815.0,259.0,-2774321.0,-4.508,-0.37
17819.0,324.0,-2733004.0,-4.958,-0.61
17823.0,77.0,-2691365.0,-4.908,-0.86
17827.0,112.0,-2649228.0,-5.142,-1.59
17830.0,-403.0,-2564749.0,-5.167,-1.34
17835.0,-54.0,-2520952.0,-5.583,-2.32
17839.0,-111.0,-2475365.0,-6.483,-2.57
17843.0,-118.0,-2428146.0,-6.442,-3.54
17847.0,-133.0,-2331691.0,-6.767,-4.03
17850.0,-146.0,-2282360.0,-7.0,-4.52
17854.0,-145.0,-2233671.0,-7.617,-5.25
17858.0,258.0,-2184994.0,-7.833,-5.99
17862.0,163.0,-2081325.0,-8.667,-6.72
17866.0,-118.0,-2027984.0,-8.675,-7.21
17870.0,175.0,-1973847.0,-9.15,-8.43
17873.0,-26.0,-1921130.0,-9.058,-9.16
17878.0,-55.0,-1819023.0,-10.083,-9.41
17882.0,-180.0,-1764318.0,-10.4,-10.39
17886.0,-263.0,-1708043.0,-11.258,-11.61
17890.0,96.0,-1651862.0,-11.142,-12.59
17894.0,-141.0,-1543679.0,-11.617,-13.07
17898.0,-40.0,-1492016.0,-11.875,-14.78
17902.0,-31.0,-1438311.0,-13.217,-16.01
17905.0,50.0,-1381480.0,-13.758,-16.74
17909.0,13.0,-1267421.0,-13.317,-18.21
17913.0,-160.0,-1212828.0,-13.3,-19.18
17917.0,-333.0,-1160549.0,-13.375,-20.41
17922.0,236.0,-1060334.0,-12.95,-21.14
17926.0,253.0,-1008131.0,-14.45,-22.36
17930.0,44.0,-953058.0,-14.758,-23.09
17934.0,207.0,-897737.0,-14.142,-23.83
17937.0,-320.0,-800662.0,-12.467,-25.54
17941.0,-95.0,-756763.0,-12.508,-27.0
17945.0,-68.0,-712076.0,-13.35,-27.98
17949.0,-281.0,-664809.0,-13.767,-29.2
17953.0,-210.0,-569062.0,-13.225,-29.94
17957.0,47.0,-524139.0,-12.833,-31.65
17960.0,190.0,-482934.0,-11.483,-32.87
17965.0,283.0,-443567.0,-11.592,-33.85
17969.0,38.0,-361952.0,-12.758,-35.07
17973.0,49.0,-322473.0,-13.275,-36.53
17977.0,-120.0,-289258.0,-8.033,-37.51
17981.0,325.0,-258579.0,-2.875,-38.98
17984.0,-146.0,-192294.0,-0.217,-39.71
17988.0,-241.0,-157125.0,8.475,-40.93
17992.0,-58.0,-124582.0,16.442,-41.91
17996.0,-7.0,-97933.0,11.65,-42.89
18000.0,-74.0,-59274.0,10.2,-44.11
18003.0,63.0,-41253.0,13.983,-45.33
18008.0,160.0,-23700.0,20.3,-46.07
18012.0,-143.0,-8009.0,27.783,-47.29
18016.0,-276.0,15420.0,34.167,-47.78
18020.0,-353.0,19035.0,35.033,-49.24
18023.0,-282.0,18928.0,34.525,-50.22
18027.0,-131.0,20411.0,30.517,-50.46
18031.0,286.0,27384.0,25.992,-50.95
18035.0,171.0,31943.0,27.55,-50.95
18039.0,44.0,38636.0,31.167,-50.95
18043.0,63.0,43027.0,32.992,-51.2
18046.0,26.0,41106.0,31.067,-51.2
18051.0,55.0,40945.0,28.417,-50.95
18055.0,-44.0,43150.0,26.475,-50.46
18059.0,-125.0,43587.0,22.683,-49.73
18062.0,-18.0,40628.0,22.233,-48.51
18066.0,55.0,52789.0,23.917,-48.02
18070.0,176.0,36810.0,16.433,-46.31
18074.0,91.0,32779.0,8.558,-43.38
18078.0,198.0,40944.0,7.167,-39.47
18081.0,-9.0,45221.0,14.0,-36.78
18085.0,-332.0,47876.0,21.125,-33.36
18089.0,-283.0,50751.0,22.883,-31.65
18094.0,-232.0,51562.0,22.183,-30.18
18097.0,-177.0,52553.0,20.317,-29.45
18101.0,68.0,52974.0,20.008,-29.2
18105.0,223.0,54205.0,19.717,-28.96
18109.0,-10.0,54196.0,19.617,-27.74
18113.0,91.0,54639.0,18.825,-27.0
18116.0,14.0,55248.0,17.6,-25.05
18120.0,53.0,55193.0,16.05,-23.34
18124.0,126.0,55068.0,14.458,-22.12
18128.0,-35.0,54393.0,12.867,-20.89
18131.0,-134.0,53808.0,11.017,-20.41
18136.0,-153.0,53353.0,8.383,-18.94
18140.0,-282.0,51700.0,2.133,-17.96
18144.0,319.0,49309.0,-5.225,-16.98
18148.0,96.0,48900.0,-8.508,-15.52
18151.0,81.0,50327.0,-6.175,-13.32
18155.0,386.0,52938.0,0.133,-11.36
18159.0,41.0,52161.0,6.325,-8.92
18163.0,-2.0,52302.0,7.233,-6.96
18166.0,-115.0,53065.0,5.533,-5.5
18170.0,-110.0,50904.0,-0.542,-3.79
18174.0,295.0,50403.0,-6.042,-2.57
18178.0,416.0,49696.0,-7.292,-1.1
18182.0,-31.0,49943.0,-6.075,-0.61
18186.0,-184.0,50914.0,-3.358,0.61
18190.0,-115.0,50829.0,-0.617,1.1
18193.0,160.0,50942.0,0.092,1.83
18197.0,397.0,49563.0,-1.567,2.81
18201.0,16.0,47232.0,-6.575,4.28
18204.0,-9.0,41269.0,-16.542,5.5
18208.0,-26.0,29216.0,-26.15,6.72
18212.0,-415.0,32441.0,-29.767,8.43
18216.0,-218.0,30430.0,-28.675,10.63
18220.0,243.0,31217.0,-24.242,11.85
18224.0,214.0,33014.0,-20.55,13.81
18228.0,121.0,31895.0,-19.783,14.05
18232.0,-282.0,23828.0,-22.875,14.78
18236.0,-165.0,22621.0,-25.683,15.52
18240.0,-88.0,19536.0,-26.983,16.01
18243.0,-41.0,16151.0,-27.325,16.74
18247.0,154.0,12516.0,-26.558,17.96
18251.0,79.0,6283.0,-28.592,19.67
18255.0,192.0,1648.0,-31.958,21.63
18258.0,-9.0,-2925.0,-34.933,23.58
18263.0,-140.0,-7772.0,-36.542,27.0
18267.0,-207.0,-14973.0,-36.167,28.96
18271.0,-264.0,-19578.0,-35.408,31.4
18274.0,-55.0,-31215.0,-38.15,34.82
18278.0,-218.0,-43818.0,-41.558,38.0
18282.0,-221.0,-45727.0,-41.858,41.42
18286.0,-184.0,-49418.0,-39.1,44.84
18290.0,61.0,-41517.0,-25.425,45.33
18293.0,100.0,-18936.0,-6.175,43.62
18297.0,187.0,-35087.0,-1.283,40.69
18301.0,160.0,-48604.0,-22.425,39.22
18306.0,71.0,-85575.0,-41.458,39.47
18310.0,-244.0,-100234.0,-47.092,40.44
18313.0,-235.0,-86115.0,-34.992,42.89
18317.0,-66.0,-70908.0,5.425,45.82
18321.0,-419.0,-80903.0,11.925,45.82
18325.0,844.0,-141304.0,-11.692,45.09
18329.0,439.0,-185661.0,-21.233,44.35
18333.0,88.0,-218556.0,8.858,43.62
18336.0,61.0,-256513.0,23.817,42.89
18340.0,308.0,-289756.0,-3.95,42.89
18344.0,21.0,-382333.0,-0.6,43.38
18349.0,-92.0,-432112.0,19.508,44.11
18353.0,-63.0,-488089.0,12.292,44.11
18356.0,220.0,-544958.0,7.683,44.35
18360.0,103.0,-654929.0,12.058,43.62
18364.0,-154.0,-711336.0,13.133,43.38
18368.0,-1.0,-769199.0,12.992,43.38
18372.0,4.0,-829420.0,13.258,44.11
18375.0,329.0,-890203.0,13.775,47.53
18379.0,304.0,-1012888.0,13.042,50.22
18383.0,203.0,-1069679.0,11.458,50.95
18387.0,12.0,-1124676.0,12.958,50.46
18392.0,27.0,-1242297.0,14.083,48.02
18396.0,68.0,-1301422.0,12.25,47.53
18400.0,131.0,-1359633.0,13.183,47.53
18404.0,-190.0,-1415056.0,10.8,47.53
18407.0,-423.0,-1521807.0,11.367,47.53
18411.0,-426.0,-1576498.0,12.875,47.04
18415.0,-107.0,-1631441.0,11.558,46.07
18419.0,114.0,-1685998.0,11.958,45.09
18423.0,143.0,-1791031.0,10.508,43.38
18427.0,-22.0,-1841756.0,11.008,42.89
18432.0,-85.0,-1893297.0,10.867,41.42
18436.0,-232.0,-1995240.0,10.117,40.2
18440.0,-81.0,-2044587.0,10.583,39.71
18443.0,-54.0,-2092712.0,9.808,38.98
18447.0,39.0,-2139293.0,9.283,38.0
18451.0,224.0,-2231094.0,9.467,37.27
18455.0,91.0,-2277385.0,9.258,36.05
18459.0,18.0,-2323388.0,9.117,35.07
18463.0,-209.0,-2368091.0,8.5,34.58
18466.0,-350.0,-2450868.0,8.033,34.09
18470.0,-67.0,-2491507.0,8.475,32.87
18475.0,116.0,-2532388.0,8.342,32.62
18479.0,305.0,-2573117.0,8.467,31.16
18483.0,292.0,-2650928.0,7.35,30.67
18487.0,-163.0,-2687585.0,7.65,29.69
18490.0,364.0,-2723752.0,7.533,28.96
18494.0,339.0,-2759787.0,6.483,28.23
18498.0,-44.0,-2830466.0,7.075,27.49
18502.0,271.0,-2864193.0,7.267,27.0
18506.0,-318.0,-2897058.0,6.133,26.27
18510.0,-479.0,-2928911.0,6.217,25.54
18514.0,-124.0,-2989912.0,5.492,24.56
18519.0,259.0,-3018925.0,6.158,24.07
18522.0,130.0,-3047888.0,6.075,23.34
18526.0,-165.0,-3076175.0,5.542,22.85
18530.0,-290.0,-3130704.0,5.7,22.85
18534.0,-363.0,-3155811.0,4.692,22.36
18538.0,-28.0,-3180304.0,4.525,22.12
18542.0,-315.0,-3228107.0,4.3,21.63
18545.0,14.0,-3251416.0,4.35,20.89
18549.0,185.0,-3273747.0,4.525,20.16
18553.0,26.0,-3295506.0,4.15,19.43
18557.0,-299.0,-3338377.0,3.75,18.94
18562.0,-164.0,-3358264.0,3.325,18.7
18566.0,-161.0,-3377577.0,3.558,17.96
18570.0,-70.0,-3395068.0,3.217,17.47
18573.0,179.0,-3428893.0,3.2,16.98
18577.0,-130.0,-3444984.0,2.7,17.23
18581.0,-121.0,-3460941.0,3.058,16.01
18585.0,-366.0,-3475990.0,2.442,16.5
18589.0,-305.0,-3504589.0,2.333,15.27
18593.0,166.0,-3517888.0,2.25,15.03
18596.0,25.0,-3529911.0,2.067,14.78
18600.0,130.0,-3541230.0,2.075,14.78
18605.0,-189.0,-3561993.0,2.358,14.05
18609.0,-50.0,-3571390.0,1.4,13.81
18613.0,-297.0,-3580557.0,1.7,13.32
18617.0,-92.0,-3588200.0,1.333,13.32
18621.0,57.0,-3601479.0,1.583,12.59
18624.0,-108.0,-3607190.0,1.625,12.59
18628.0,-67.0,-3612843.0,0.342,12.1
18632.0,-208.0,-3617870.0,1.725,11.85
18636.0,-125.0,-3624897.0,-0.35,11.61
18640.0,-168.0,-3627298.0,1.583,11.12
18644.0,267.0,-3629291.0,0.692,10.87
18648.0,-106.0,-3631334.0,0.958,10.63
18652.0,-313.0,-3632273.0,-0.3,10.39
18656.0,-536.0,-3632018.0,0.883,9.9
18660.0,259.0,-3631467.0,0.008,9.41
18664.0,352.0,-3630232.0,0.767,9.41
18668.0,-81.0,-3626611.0,0.075,9.16
18671.0,-114.0,-3623998.0,0.617,8.43
18675.0,-181.0,-3621097.0,-1.058,8.19
18679.0,-102.0,-3617554.0,-0.042,7.7
18683.0,-327.0,-3606209.0,-1.375,7.45
18688.0,-186.0,-3598462.0,0.667,7.21
18691.0,97.0,-3590359.0,-0.942,7.21
18695.0,56.0,-3581710.0,-0.217,6.72
18699.0,-149.0,-3562859.0,-1.008,6.48
18703.0,-302.0,-3552480.0,-0.992,6.23
18707.0,63.0,-3540949.0,-1.458,5.5
18710.0,178.0,-3528756.0,0.917,5.99
18714.0,441.0,-3514597.0,2.35,5.25
18718.0,346.0,-3502100.0,-5.183,5.25
18722.0,-299.0,-3484929.0,2.458,5.01
18726.0,-296.0,-3470448.0,-3.075,5.25
18729.0,-195.0,-3438513.0,-1.7,4.77
18734.0,196.0,-3419536.0,-1.1,5.01
18738.0,-59.0,-3400881.0,-0.367,4.28
18742.0,264.0,-3381428.0,-1.95,4.28
18746.0,301.0,-3339611.0,-2.875,4.03
18750.0,-20.0,-3317366.0,-2.267,4.03
18753.0,-23.0,-3294343.0,-1.158,4.03
18757.0,174.0,-3269752.0,-2.0,3.3
18761.0,243.0,-3221061.0,-2.717,3.05
18765.0,314.0,-3195038.0,-2.133,3.3
18769.0,55.0,-3167937.0,-2.775,2.57
18772.0,66.0,-3140126.0,-3.0,2.57
18777.0,49.0,-3111481.0,-3.0,2.32
18781.0,12.0,-3050420.0,-2.85,2.08
18785.0,11.0,-3018499.0,-3.333,1.59
18788.0,154.0,-2985278.0,-3.642,1.59
18792.0,59.0,-2952433.0,-3.617,1.59
18796.0,202.0,-2885372.0,-3.692,1.1
18800.0,-305.0,-2849625.0,-4.042,0.37
18804.0,12.0,-2812850.0,-4.258,0.12
18807.0,-167.0,-2774681.0,-4.392,-0.12
18811.0,-198.0,-2696206.0,-4.708,-0.37
18816.0,-49.0,-2656585.0,-4.95,-1.1
18820.0,-26.0,-2616106.0,-4.867,-0.86
18824.0,45.0,-2574923.0,-5.175,-1.83
18827.0,-162.0,-2489894.0,-5.825,-2.08
18831.0,-249.0,-2444703.0,-6.217,-2.57
18835.0,-120.0,-2398488.0,-6.358,-2.81
18839.0,-483.0,-2351467.0,-6.558,-3.54
18843.0,-378.0,-2256902.0,-6.842,-3.79
18847.0,-19.0,-2209959.0,-7.5,-5.01
18850.0,208.0,-2160520.0,-7.858,-5.5
18854.0,-7.0,-2109185.0,-8.317,-6.23
18859.0,-6.0,-2005358.0,-8.483,-6.48
18863.0,-121.0,-1952601.0,-9.233,-7.94
18866.0,240.0,-1902044.0,-8.9,-8.43
18870.0,53.0,-1852173.0,-9.733,-9.41
18874.0,-96.0,-1744554.0,-10.433,-10.39
18878.0,-105.0,-1688697.0,-11.083,-10.87
18882.0,-124.0,-1633150.0,-10.942,-12.1
18886.0,-531.0,-1578865.0,-11.55,-13.32
18890.0,-80.0,-1474836.0,-12.125,-14.3
18894.0,-531.0,-1419557.0,-12.983,-15.27
18897.0,-288.0,-1361706.0,-13.75,-15.76
18902.0,-15.0,-1303701.0,-13.117,-17.47
18906.0,-180.0,-1192932.0,-13.458,-18.21
18910.0,77.0,-1142407.0,-13.142,-19.18
18914.0,314.0,-1091694.0,-13.942,-20.41
18918.0,-41.0,-982317.0,-14.708,-21.38
18922.0,-180.0,-927438.0,-14.283,-22.85
18926.0,57.0,-876333.0,-12.925,-24.32
18929.0,-240.0,-829832.0,-12.567,-25.54
18933.0,57.0,-737371.0,-13.525,-26.52
18937.0,80.0,-687790.0,-14.258,-27.74
18941.0,-121.0,-637093.0,-14.017,-28.96
18946.0,-176.0,-588558.0,-12.967,-30.18
18950.0,89.0,-498369.0,-12.808,-31.89
18953.0,24.0,-457132.0,-11.508,-32.87
18957.0,285.0,-416457.0,-11.917,-33.85
18961.0,200.0,-373484.0,-13.992,-35.8
18965.0,17.0,-295873.0,-11.508,-37.02
18969.0,-496.0,-262568.0,-5.55,-38.73
18973.0,-123.0,-228579.0,-1.975,-40.2
18976.0,172.0,-193282.0,4.633,-41.42
18980.0,69.0,-122625.0,15.075,-42.64
18984.0,-202.0,-93598.0,15.242,-43.87
18989.0,-191.0,-71933.0,11.267,-44.11
18993.0,-64.0,-53434.0,14.025,-45.82
18997.0,-85.0,-16693.0,19.675,-46.8
19000.0,88.0,-406.0,26.625,-48.26
19004.0,-193.0,13869.0,34.467,-50.22
19008.0,14.0,23410.0,37.892,-51.44
19012.0,129.0,26155.0,38.017,-51.93
19015.0,136.0,28338.0,35.067,-53.89
19019.0,-213.0,32633.0,30.242,-53.89
19023.0,94.0,36220.0,29.7,-54.13
19027.0,375.0,41499.0,33.35,-54.62
19032.0,328.0,48016.0,35.075,-55.11
19035.0,-117.0,46777.0,33.342,-54.62
19039.0,-88.0,47036.0,30.942,-55.35
19043.0,-169.0,50997.0,29.533,-55.11
19047.0,90.0,51710.0,28.542,-54.13
19051.0,-69.0,54929.0,27.708,-53.4
19054.0,-62.0,49026.0,20.108,-52.66
19058.0,-103.0,33503.0,11.475,-49.98
19062.0,-182.0,42292.0,7.567,-47.53
19066.0,21.0,46105.0,13.425,-44.11
19070.0,-432.0,49730.0,20.808,-41.91
19074.0,-363.0,54683.0,25.217,-39.96
19078.0,-164.0,58714.0,27.667,-38.73
19082.0,-107.0,59677.0,26.783,-37.76
19086.0,-146.0,59878.0,25.45,-37.27
19090.0,-41.0,61087.0,24.608,-35.8
19093.0,-74.0,63284.0,24.933,-35.31
19097.0,-5.0,64203.0,25.25,-34.09
19101.0,-20.0,64524.0,24.642,-33.11
19105.0,-177.0,65119.0,22.925,-31.65
19109.0,-276.0,63688.0,20.5,-29.45
19112.0,9.0,61903.0,17.575,-28.71
19117.0,194.0,56408.0,9.233,-27.49
19121.0,353.0,51345.0,-7.492,-25.05
19125.0,96.0,49022.0,-14.192,-22.36
19128.0,161.0,52123.0,-9.975,-16.74
19132.0,320.0,53860.0,-0.567,-13.07
19136.0,-185.0,55173.0,7.8,-9.41
19140.0,-518.0,55944.0,8.483,-6.72
19143.0,-343.0,55597.0,5.242,-4.77
19147.0,10.0,54900.0,-1.258,-3.3
19151.0,25.0,55143.0,-3.575,-1.59
19155.0,-228.0,54516.0,-1.917,-0.61
19159.0,-185.0,54613.0,0.708,-0.37
19163.0,-54.0,54206.0,1.367,0.37
19167.0,-127.0,54381.0,0.592,1.59
19170.0,-22.0,54364.0,-1.017,1.59
19174.0,187.0,54321.0,-1.7,2.57
19178.0,336.0,54116.0,-1.825,3.3
19182.0,-393.0,54019.0,-1.5,4.03
19185.0,-580.0,54670.0,0.283,5.5
19189.0,-437.0,55149.0,2.125,6.23
19193.0,-176.0,55074.0,3.067,7.94
19197.0,-75.0,55585.0,4.15,7.94
19201.0,290.0,56366.0,6.083,8.43
19205.0,-147.0,57313.0,7.633,7.94
19209.0,-32.0,56030.0,6.525,7.94
19212.0,13.0,56111.0,3.533,6.48
19216.0,-58.0,55436.0,-1.308,5.25
19220.0,-63.0,56757.0,-2.167,4.28
19223.0,66.0,55772.0,-0.475,3.54
19227.0,-11.0,57641.0,1.858,3.05
19231.0,234.0,59336.0,4.408,2.81
19235.0,-15.0,56189.0,4.275,3.54
19238.0,70.0,57506.0,0.7,2.81
19243.0,35.0,56489.0,-1.575,3.3
19247.0,170.0,58112.0,-2.025,3.79
19250.0,193.0,59821.0,1.617,4.03
19254.0,112.0,57000.0,3.475,3.79
19258.0,191.0,59883.0,2.892,4.03
19261.0,234.0,56224.0,1.8,3.54
19265.0,255.0,58767.0,0.35,3.79
19269.0,110.0,57940.0,-1.058,3.05
19273.0,-353.0,58517.0,-0.875,3.05
19276.0,-202.0,56866.0,-0.45,3.05
19280.0,-83.0,58499.0,-1.783,3.3
19284.0,-320.0,56330.0,-2.608,4.03
19288.0,-431.0,56959.0,-2.825,5.01
19292.0,96.0,57992.0,-1.808,5.74
19296.0,207.0,57065.0,0.292,6.72
19300.0,134.0,57878.0,1.625,7.7
19303.0,117.0,57737.0,1.308,7.7
19307.0,-72.0,57636.0,0.008,7.94
19311.0,-187.0,57079.0,-1.108,8.19
19314.0,40.0,57090.0,-1.5,8.19
19318.0,47.0,57071.0,-0.875,8.43
19322.0,16.0,57188.0,-0.042,7.45
19325.0,139.0,57169.0,0.267,7.7
19330.0,-112.0,56736.0,0.158,7.7
19334.0,-217.0,56683.0,-0.442,7.21
19338.0,-126.0,56916.0,-0.575,7.7
19341.0,237.0,56841.0,-0.342,7.7
19345.0,242.0,56894.0,-0.017,7.94
19349.0,49.0,56511.0,0.133,8.19
19352.0,-24.0,56492.0,-0.3,8.19
19356.0,99.0,56435.0,-0.867,8.19
19360.0,-140.0,56130.0,-1.0,8.68
19364.0,39.0,56249.0,-0.508,8.19
19367.0,126.0,56448.0,0.183,7.45
19372.0,331.0,56447.0,0.542,7.21
19376.0,88.0,55800.0,0.225,6.72
19379.0,-603.0,55533.0,-0.458,6.72
19383.0,-410.0,55436.0,-0.942,6.23
19387.0,-75.0,55839.0,-0.867,6.23
19391.0,134.0,56146.0,-0.35,6.48
19394.0,-33.0,55521.0,0.158,6.48
19398.0,-166.0,55428.0,0.342,6.96
19402.0,-365.0,55685.0,0.067,6.48
19405.0,-366.0,55562.0,-0.425,6.72
19409.0,-405.0,55655.0,-0.65,6.48
19414.0,-50.0,55198.0,-0.65,6.96
19418.0,-191.0,55267.0,-0.442,6.72
19421.0,-138.0,55446.0,-0.158,6.48
19425.0,115.0,55409.0,-0.033,6.48
19429.0,122.0,55228.0,-0.108,6.48
19432.0,-119.0,55443.0,-0.25,6.48
19436.0,204.0,55360.0,-0.267,6.48
19440.0,317.0,55445.0,-0.333,6.96
19444.0,278.0,54892.0,-0.283,6.48
19447.0,-99.0,54655.0,-0.35,6.48
19451.0,-190.0,54780.0,-0.333,6.96
19456.0,-195.0,54793.0,-0.292,6.48
19459.0,-42.0,54686.0,-0.225,6.48
19463.0,41.0,54507.0,-0.2,6.96
19467.0,8.0,54864.0,-0.108,6.48
19470.0,-77.0,54859.0,-0.15,6.48
19474.0,-154.0,54850.0,-0.183,6.96
19478.0,-187.0,54467.0,-0.275,6.72
19482.0,-62.0,54278.0,-0.308,6.96
19485.0,41.0,54531.0,-0.267,6.48
19489.0,-30.0,54346.0,-0.225,6.48
19493.0,-131.0,54077.0,-0.167,6.48
19496.0,12.0,53668.0,-0.15,7.21
19501.0,-67.0,54679.0,-0.233,6.48
19505.0,-136.0,54552.0,-0.275,6.96
19508.0,-35.0,54517.0,-0.333,6.48
19512.0,188.0,53960.0,-0.292,6.48
19516.0,119.0,53903.0,-0.225,6.48
19520.0,314.0,54420.0,-0.142,6.96
19523.0,163.0,54251.0,-0.192,6.48
19527.0,140.0,53926.0,-0.242,6.72
19531.0,133.0,53761.0,-0.308,6.48
19534.0,232.0,53822.0,-0.25,6.72
19538.0,175.0,54021.0,-0.233,6.96
19543.0,236.0,53916.0,-0.158,6.48
19547.0,11.0,53659.0,-0.175,6.96
19550.0,-120.0,53544.0,-0.225,6.48
19554.0,-93.0,54087.0,-0.225,6.48
19558.0,-306.0,53918.0,-0.292,6.23
19561.0,55.0,53383.0,-0.225,6.96
19565.0,28.0,53110.0,-0.142,6.48
19569.0,11.0,53507.0,-0.117,6.96
19573.0,-150.0,53642.0,-0.15,6.96
19576.0,-463.0,53531.0,-0.233,6.48
19580.0,-314.0,53592.0,-0.25,6.96
19585.0,-135.0,53715.0,-0.217,6.48
19588.0,46.0,53874.0,-0.208,6.72
19592.0,-75.0,53383.0,-0.125,6.96
19596.0,-192.0,53404.0,-0.192,6.48
19600.0,-265.0,53465.0,-0.183,6.96
19603.0,84.0,53546.0,-0.167,6.48
19607.0,161.0,53335.0,-0.15,6.96
19611.0,-110.0,53158.0,-0.175,6.48
19614.0,-43.0,53079.0,-0.208,6.48
19618.0,26.0,53258.0,-0.175,6.48
19622.0,-163.0,53603.0,-0.125,6.48
19625.0,-26.0,53364.0,-0.192,6.48
19630.0,77.0,53207.0,-0.192,6.48
19634.0,-220.0,53148.0,-0.133,6.48
19638.0,-211.0,53357.0,-0.208,6.48
19641.0,-76.0,53100.0,-0.208,6.48
19645.0,-185.0,52899.0,-0.15,6.96
19649.0,-316.0,52852.0,-0.167,6.48
19652.0,-161.0,53049.0,-0.192,6.48
19656.0,-82.0,53134.0,-0.192,6.48
19660.0,-151.0,52911.0,-0.225,6.96
19664.0,-76.0,52832.0,-0.175,7.21
19667.0,-277.0,52951.0,-0.192,6.48
19672.0,-54.0,53022.0,-0.2,6.48
19676.0,-231.0,53031.0,-0.158,6.72
19679.0,-44.0,52640.0,-0.142,6.48
19683.0,377.0,53071.0,-0.133,6.96
19687.0,368.0,53132.0,-0.15,6.48
19691.0,29.0,52877.0,-0.15,6.48
19694.0,-12.0,52478.0,-0.183,6.48
19698.0,-373.0,52791.0,-0.225,6.96
19702.0,-114.0,52640.0,-0.092,6.96
19705.0,-185.0,52547.0,-0.167,6.48
19709.0,-106.0,52636.0,-0.092,6.48
19714.0,-119.0,52309.0,-0.092,6.48
19718.0,-98.0,52504.0,-0.133,6.48
19721.0,-127.0,52821.0,-0.1,6.96
19725.0,-74.0,52758.0,-0.15,6.96
19729.0,215.0,52245.0,-0.192,6.72
19732.0,316.0,52388.0,-0.142,6.96
19736.0,147.0,52649.0,-0.117,6.48
19740.0,-30.0,52828.0,-0.142,6.23
19743.0,99.0,52403.0,-0.167,7.21
19747.0,176.0,52132.0,-0.125,6.48
19751.0,39.0,52169.0,-0.175,6.48
19756.0,-164.0,52310.0,-0.192,6.48
19759.0,231.0,52497.0,-0.175,6.48
19763.0,62.0,51946.0,-0.133,6.72
19767.0,-119.0,51915.0,-0.067,6.48
19770.0,-184.0,52150.0,-0.058,6.48
19774.0,-11.0,52311.0,-0.075,7.21
19778.0,94.0,52084.0,-0.1,6.48
19781.0,-77.0,51949.0,-0.142,6.48
19785.0,-128.0,52046.0,-0.125,6.96
19789.0,-195.0,52459.0,-0.133,6.48
19793.0,-326.0,52318.0,-0.117,6.48
19796.0,-379.0,51963.0,-0.167,6.48
19801.0,-550.0,51870.0,-0.092,6.48
19805.0,79.0,52273.0,-0.117,6.48
19809.0,-62.0,52030.0,-0.075,6.96
19812.0,-33.0,51915.0,-0.158,7.21
19816.0,-82.0,51950.0,-0.15,6.48
19820.0,-63.0,52129.0,-0.117,6.48
19823.0,106.0,51944.0,-0.133,6.72
19827.0,53.0,51655.0,-0.083,6.48
19831.0,-22.0,51642.0,-0.117,6.96
19834.0,-129.0,51775.0,-0.1,6.48
19838.0,-164.0,51714.0,-0.117,6.72
19843.0,-463.0,51569.0,-0.108,6.48
19847.0,-244.0,51940.0,-0.133,6.96
19850.0,-237.0,52159.0,-0.108,6.96
19854.0,-298.0,52022.0,-0.142,6.48
19858.0,297.0,51743.0,-0.133,6.72
19861.0,160.0,51410.0,-0.083,6.48
19865.0,-179.0,51509.0,-0.025,6.96
19869.0,-418.0,51886.0,-0.075,6.48
19873.0,-139.0,51831.0,-0.117,6.48
19876.0,-294.0,51624.0,-0.133,6.48
19880.0,-269.0,51471.0,-0.133,7.21
19885.0,-306.0,51390.0,-0.092,6.48
19889.0,-165.0,51945.0,-0.083,6.48
19892.0,206.0,51914.0,-0.117,6.48
19896.0,289.0,51171.0,-0.083,6.72
19900.0,2.0,51452.0,-0.15,6.96
19903.0,35.0,51953.0,-0.1,6.48
19907.0,118.0,51728.0,-0.075,6.96
19911.0,-129.0,51123.0,-0.058,6.72
19915.0,-224.0,51162.0,-0.117,6.48
19918.0,-75.0,51543.0,-0.083,6.48
19922.0,-110.0,51684.0,-0.092,6.48
19927.0,185.0,51651.0,-0.075,6.48
19930.0,104.0,51322.0,-0.142,6.48
19934.0,-151.0,51449.0,-0.083,6.48
19938.0,-88.0,51818.0,-0.075,6.23
19941.0,-311.0,51501.0,-0.125,6.48
19945.0,-30.0,51264.0,-0.05,6.72
19949.0,93.0,51087.0,-0.117,6.72
19953.0,208.0,51290.0,-0.083,6.72
19956.0,131.0,51409.0,-0.092,6.23
19960.0,162.0,50978.0,-0.092,6.48
19964.0,5.0,51137.0,-0.15,6.72
19968.0,30.0,51534.0,-0.092,6.23
19972.0,17.0,51311.0,-0.15,6.48
19976.0,96.0,51050.0,-0.133,6.48
19979.0,87.0,51027.0,-0.108,6.96
19983.0,-26.0,51566.0,-0.083,6.48
19987.0,123.0,51397.0,-0.1,6.48
19990.0,-8.0,51194.0,-0.092,6.96
19994.0,-27.0,51141.0,-0.117,6.48
19998.0,114.0,50780.0,-0.1,6.48
20002.0,297.0,51343.0,-0.117,6.48
20005.0,42.0,51146.0,-0.033,6.72
20009.0,-81.0,50963.0,-0.042,6.72
20014.0,-82.0,51104.0,-0.075,6.96
20017.0,-71.0,51035.0,-0.05,6.72
20021.0,-108.0,51140.0,-0.1,6.48
20025.0,-129.0,51141.0,-0.1,6.48
20028.0,-262.0,50728.0,-0.075,6.48
20032.0,113.0,50565.0,-0.058,6.48
20036.0,-160.0,50888.0,-0.075,6.48
20040.0,-393.0,51049.0,-0.133,7.21
20043.0,116.0,50950.0,-0.108,6.48
20047.0,215.0,50667.0,-0.058,6.48
20051.0,208.0,50708.0,-0.083,6.72
20056.0,-85.0,51189.0,-0.058,6.48
20059.0,-120.0,50820.0,-0.075,6.96
20063.0,-5.0,50733.0,-0.075,6.48
20067.0,-76.0,50838.0,-0.058,6.48
20070.0,-277.0,50991.0,-0.067,6.72
20074.0,-204.0,50984.0,-0.033,6.48
20078.0,-257.0,50857.0,-0.1,6.48
20081.0,-304.0,50730.0,-0.067,6.96
20085.0,-39.0,50967.0,-0.075,6.48
20089.0,-266.0,50936.0,-0.058,6.48
20093.0,-13.0,50167.0,-0.05,6.96
20097.0,-118.0,50466.0,-0.108,6.72
20101.0,89.0,50883.0,-0.033,6.48
20105.0,-102.0,50928.0,-0.108,6.48
20108.0,-41.0,50905.0,-0.108,6.48
20112.0,-142.0,50522.0,-0.083,6.48
20116.0,39.0,50809.0,-0.075,6.96
20119.0,150.0,50834.0,-0.092,6.48
20123.0,65.0,50751.0,-0.083,6.48
20127.0,-188.0,50416.0,-0.108,6.96
20131.0,-207.0,50425.0,0.0,6.96
20134.0,-92.0,50618.0,-0.017,6.96
20139.0,-77.0,50885.0,-0.05,6.48
20143.0,-106.0,50560.0,-0.108,6.48
20146.0,-89.0,50499.0,-0.083,6.48
20150.0,164.0,50444.0,-0.058,6.48
20154.0,69.0,50597.0,-0.075,6.23
20157.0,-220.0,50530.0,-0.025,6.48
20161.0,241.0,50255.0,-0.025,6.23
20165.0,166.0,50604.0,-0.05,6.48
20169.0,43.0,50781.0,-0.042,6.72
20172.0,28.0,50554.0,0.008,7.21
20176.0,65.0,50295.0,-0.075,6.48
20180.0,-214.0,50046.0,-0.042,7.21
20184.0,-205.0,50435.0,-0.017,6.96
20188.0,42.0,50636.0,-0.042,6.48
20192.0,-21.0,50747.0,-0.092,6.48
20195.0,-74.0,50506.0,-0.092,6.48
20199.0,-173.0,50331.0,-0.033,6.48
20203.0,-160.0,50844.0,0.0,6.48
20206.0,-259.0,50419.0,-0.033,6.48
20210.0,-216.0,50164.0,-0.133,6.48
20214.0,-239.0,50069.0,-0.108,7.21
20218.0,188.0,50622.0,-0.067,6.48
20221.0,467.0,50679.0,0.017,6.48
20226.0,254.0,50510.0,-0.058,6.48
20230.0,3.0,50103.0,-0.042,6.48
20233.0,-92.0,50102.0,-0.025,6.48
20237.0,83.0,50773.0,-0.058,6.96
20241.0,266.0,50438.0,-0.05,6.48
20245.0,281.0,49989.0,-0.092,6.72
20248.0,198.0,49812.0,-0.058,6.48
20252.0,-59.0,50605.0,-0.05,6.96
20256.0,-166.0,50260.0,-0.05,6.23
20259.0,-23.0,50299.0,-0.05,6.96
20263.0,106.0,50342.0,-0.042,6.48
20268.0,57.0,50389.0,-0.067,7.21
20271.0,-2.0,50556.0,-0.075,6.96
20275.0,105.0,50247.0,-0.058,6.48
20279.0,28.0,49956.0,-0.017,6.72
20282.0,-43.0,50381.0,-0.075,6.72
20286.0,-100.0,50472.0,-0.083,6.96
20290.0,255.0,50307.0,-0.067,6.48
20294.0,150.0,50174.0,-0.008,6.48
20297.0,99.0,50373.0,-0.025,6.48
20301.0,204.0,50608.0,-0.05,6.48
20305.0,-73.0,50611.0,-0.117,6.96
20308.0,-74.0,50066.0,-0.108,6.48
20313.0,-233.0,50157.0,-0.067,7.21
20317.0,-248.0,50326.0,-0.058,6.48
20321.0,223.0,50413.0,0.008,6.96
20324.0,-190.0,50192.0,-0.083,6.48
20328.0,-371.0,49541.0,-0.058,6.72
20332.0,-226.0,49854.0,-0.125,6.72
20335.0,-31.0,49981.0,-0.117,6.96
20339.0,-44.0,50052.0,-0.033,6.96
20343.0,279.0,50153.0,-0.042,6.96
20347.0,312.0,49790.0,-0.033,6.96
20350.0,-127.0,50115.0,-0.042,6.96
20355.0,-272.0,50206.0,-0.008,6.48
20359.0,267.0,49945.0,-0.1,6.96
20362.0,96.0,49928.0,0.0,6.96
20366.0,19.0,50287.0,-0.075,6.72
20370.0,126.0,50148.0,-0.075,6.48
20373.0,-73.0,49967.0,-0.033,6.48
20377.0,-130.0,50072.0,-0.042,6.96
20381.0,-233.0,49541.0,-0.1,6.48
20385.0,36.0,49948.0,0.0,6.48
20388.0,223.0,49987.0,-0.058,6.72
20392.0,122.0,49642.0,-0.067,6.48
20397.0,91.0,49633.0,-0.092,6.48
20400.0,112.0,49802.0,-0.033,6.48
20404.0,53.0,49847.0,-0.05,6.48
20408.0,106.0,49928.0,-0.008,6.48
20411.0,277.0,50097.0,-0.108,6.48
20415.0,388.0,49936.0,-0.008,6.48
20419.0,205.0,50017.0,-0.033,6.96
20423.0,22.0,50104.0,-0.067,6.48
20426.0,-361.0,49769.0,-0.033,6.96
20430.0,-66.0,49332.0,0.033,6.96
20434.0,17.0,49925.0,-0.058,6.96
20438.0,246.0,50234.0,-0.033,6.48
20442.0,123.0,49847.0,-0.033,6.48
20446.0,-222.0,49640.0,-0.033,6.48
20450.0,-93.0,49907.0,-0.05,6.48
20453.0,-158.0,49908.0,-0.05,6.48
20457.0,165.0,49765.0,-0.008,6.72
20461.0,34.0,49448.0,0.0,6.96
20464.0,325.0,49527.0,-0.008,6.48
20468.0,108.0,49958.0,-0.058,6.48
20472.0,-153.0,49853.0,-0.058,6.48
20475.0,-518.0,49654.0,-0.008,6.48
20480.0,-393.0,49507.0,-0.025,6.48
20484.0,110.0,49700.0,-0.025,6.48
20488.0,435.0,49865.0,-0.042,6.48
20491.0,292.0,49998.0,-0.042,6.96
20495.0,243.0,49541.0,-0.025,6.48
20499.0,50.0,49588.0,0.025,6.48
20502.0,-53.0,49867.0,-0.025,6.48
20506.0,70.0,49320.0,-0.067,6.48
20510.0,-89.0,49283.0,-0.008,6.72
20513.0,-286.0,49464.0,-0.058,6.48
20517.0,-231.0,49905.0,-0.05,6.48
20521.0,-186.0,49884.0,0.0,6.96
20526.0,-247.0,49701.0,-0.008,6.48
20529.0,-376.0,49292.0,-0.042,6.48
20533.0,-443.0,49207.0,0.0,6.48
20537.0,-168.0,49696.0,0.033,6.96
20540.0,-89.0,50185.0,0.008,6.48
20544.0,-130.0,49290.0,0.0,6.48
20548.0,-305.0,49299.0,-0.083,6.48
20551.0,-248.0,49660.0,-0.042,6.48
20555.0,301.0,49645.0,-0.058,6.48
20559.0,372.0,49632.0,-0.008,6.48
20563.0,179.0,49515.0,0.0,6.48
20567.0,8.0,49626.0,0.0,6.48
20571.0,-143.0,49583.0,-0.033,6.72
20575.0,156.0,49286.0,-0.025,6.48
20578.0,93.0,49237.0,-0.05,6.72
20582.0,-18.0,49434.0,-0.025,6.48
20586.0,-61.0,49531.0,-0.033,6.48
20589.0,28.0,49676.0,-0.033,6.96
20593.0,81.0,49519.0,-0.017,6.48
20597.0,-172.0,49448.0,-0.05,6.48
20600.0,-295.0,49325.0,-0.05,6.96
20604.0,-306.0,49320.0,-0.05,6.48
20609.0,-131.0,49281.0,-0.017,6.48
20613.0,-188.0,48980.0,-0.033,6.48
20616.0,183.0,49621.0,-0.042,6.48
20620.0,-144.0,49576.0,-0.083,6.48
20624.0,-479.0,49371.0,-0.025,6.48
20627.0,-22.0,49326.0,0.0,6.96
20631.0,-129.0,49095.0,-0.042,6.96
20635.0,32.0,49426.0,-0.033,6.96
20638.0,-177.0,49581.0,-0.042,6.48
20642.0,-384.0,49462.0,-0.008,6.48
20646.0,-19.0,49277.0,-0.017,6.96
20651.0,182.0,49470.0,0.0,6.48
20654.0,-203.0,49427.0,-0.033,6.48
20658.0,112.0,49366.0,-0.025,6.72
20662.0,-201.0,49017.0,-0.058,6.48
20665.0,-74.0,48904.0,-0.042,6.96
20669.0,-27.0,49193.0,0.0,6.96
20673.0,-160.0,49456.0,-0.042,6.96
20676.0,-223.0,49047.0,-0.042,6.48
20680.0,26.0,49056.0,0.0,6.96
20684.0,167.0,49433.0,-0.008,7.7
20688.0,312.0,49632.0,-0.067,6.96
20691.0,31.0,49245.0,0.0,6.48
20696.0,104.0,49066.0,0.0,6.48
20700.0,-203.0,49307.0,-0.05,6.48
20703.0,80.0,49280.0,-0.042,6.96
20707.0,381.0,49503.0,-0.033,6.48
20711.0,230.0,49150.0,0.0,6.48
20714.0,101.0,48875.0,0.0,6.48
20718.0,80.0,49056.0,0.025,6.48
20722.0,97.0,49531.0,-0.033,6.48
20725.0,392.0,49062.0,-0.017,6.48
20729.0,389.0,48797.0,-0.05,6.96
20733.0,276.0,49366.0,-0.05,6.23
20737.0,-55.0,49387.0,-0.033,6.48
20741.0,150.0,49384.0,-0.008,6.72
20745.0,-45.0,48843.0,-0.05,6.48
20749.0,-64.0,49102.0,-0.042,6.96
20752.0,-69.0,49247.0,-0.033,6.96
20756.0,4.0,49412.0,-0.05,6.96
20760.0,9.0,49171.0,0.0,6.96
20763.0,14.0,48800.0,0.017,6.48
20767.0,-199.0,49005.0,0.0,6.96
20770.0,-212.0,49104.0,-0.042,6.72
20774.0,-209.0,49005.0,-0.033,6.48
20779.0,-132.0,48828.0,-0.033,6.72
20783.0,-143.0,49083.0,-0.075,6.72
20786.0,28.0,49314.0,0.017,6.48
20790.0,35.0,49289.0,-0.083,6.96
20794.0,-74.0,49150.0,-0.008,6.72
20797.0,-273.0,48837.0,-0.025,6.48
20801.0,-176.0,49106.0,0.008,6.96
20805.0,213.0,49325.0,-0.017,6.72
20809.0,-50.0,49214.0,0.008,6.96
20812.0,-383.0,48871.0,0.008,6.96
20816.0,-356.0,48666.0,0.008,6.72
20820.0,-117.0,49155.0,-0.05,6.48
20824.0,64.0,49160.0,0.0,6.48
20828.0,289.0,48979.0,-0.042,6.48
20832.0,106.0,48834.0,-0.067,6.48
20835.0,-265.0,49325.0,-0.075,6.96
20839.0,58.0,49088.0,0.0,6.48
20843.0,51.0,48843.0,-0.017,6.23
20846.0,-80.0,48728.0,-0.05,7.21
20850.0,-31.0,49137.0,-0.067,6.48
20854.0,500.0,49066.0,-0.025,6.96
20858.0,-23.0,48991.0,0.008,6.48
20861.0,-64.0,48588.0,-0.033,6.48
20866.0,-103.0,48795.0,-0.042,6.96
20870.0,-4.0,49446.0,0.033,6.96
20873.0,393.0,49149.0,-0.042,6.48
20877.0,302.0,48968.0,-0.025,6.48
20881.0,227.0,48769.0,0.033,6.96
20884.0,-52.0,49096.0,-0.042,6.72
20888.0,-379.0,49233.0,-0.083,6.48
20892.0,-556.0,48784.0,-0.042,6.48
20896.0,-457.0,48835.0,-0.033,6.48
20899.0,-194.0,48820.0,-0.017,6.48
20903.0,-267.0,48997.0,0.017,6.48
20908.0,-362.0,49120.0,0.0,6.48
20911.0,-331.0,48799.0,0.017,6.48
20915.0,146.0,49250.0,-0.067,6.48
20919.0,57.0,49379.0,0.025,6.96
20923.0,-164.0,49216.0,0.017,6.96
20926.0,57.0,48857.0,-0.017,6.48
20930.0,200.0,48770.0,-0.042,6.96
20934.0,61.0,48991.0,-0.05,6.48
20937.0,54.0,49162.0,0.008,6.48
20941.0,143.0,49277.0,-0.008,6.48
20945.0,184.0,48260.0,-0.033,6.96
20948.0,57.0,48721.0,-0.042,6.96
20953.0,66.0,49158.0,-0.058,6.96
20957.0,83.0,48925.0,-0.025,6.48
20960.0,-144.0,49212.0,0.033,6.96
20964.0,-267.0,48545.0,0.017,6.48
20968.0,-122.0,48986.0,-0.058,6.48
20972.0,-123.0,49133.0,-0.025,6.96
20975.0,140.0,48858.0,0.0,6.72
20979.0,243.0,48513.0,0.008,6.96
20983.0,304.0,48960.0,-0.025,6.96
20986.0,183.0,49095.0,0.042,6.48
20990.0,294.0,49088.0,-0.017,6.48
20995.0,-57.0,48745.0,-0.025,6.48
20999.0,-76.0,48838.0,-0.033,6.48
21002.0,-169.0,49045.0,-0.042,6.48
21006.0,-230.0,48854.0,-0.033,6.48
21010.0,-261.0,48667.0,-0.017,6.48
21013.0,22.0,48196.0,-0.058,6.48
21017.0,-181.0,48665.0,-0.025,6.72
21021.0,12.0,48876.0,-0.025,6.96
21024.0,201.0,48755.0,0.033,6.72
21028.0,-36.0,48398.0,0.058,6.48
21032.0,-81.0,48289.0,0.0,6.48
21036.0,-22.0,48566.0,0.008,6.48
21040.0,-263.0,48517.0,0.008,6.48
21044.0,-102.0,48472.0,0.033,6.48
21048.0,191.0,48259.0,-0.033,6.48
21051.0,66.0,48524.0,0.042,6.48
21055.0,-59.0,48817.0,0.0,6.48
21059.0,-216.0,48746.0,-0.008,6.48
21062.0,-67.0,48583.0,0.025,6.48
21066.0,64.0,48738.0,0.025,6.96
21070.0,-159.0,49051.0,-0.008,6.72
21073.0,40.0,48858.0,-0.025,6.48
21078.0,-215.0,48637.0,0.0,6.48
21082.0,-368.0,48274.0,-0.017,7.45
21085.0,-5.0,48363.0,-0.033,6.48
21089.0,34.0,48546.0,-0.025,6.96
21093.0,-157.0,48209.0,-0.042,6.48
21097.0,50.0,48266.0,-0.008,6.48
21100.0,-165.0,48695.0,-0.042,6.48
21104.0,-222.0,48724.0,-0.025,6.96
21108.0,-69.0,48597.0,0.033,6.23
21111.0,108.0,48284.0,0.042,6.48
21115.0,-67.0,48471.0,-0.033,6.96
21120.0,228.0,48482.0,-0.017,6.72
21123.0,255.0,48619.0,-0.017,7.21
21127.0,158.0,48310.0,-0.033,6.48
21131.0,-195.0,48509.0,-0.05,6.48
21135.0,-400.0,48796.0,-0.042,6.48
21138.0,-173.0,48821.0,0.008,6.96
21142.0,96.0,48630.0,-0.017,6.48
21146.0,191.0,48449.0,0.0,6.48
21149.0,-252.0,48630.0,0.017,6.96
21153.0,-89.0,48897.0,-0.008,6.48
21157.0,-146.0,48898.0,-0.025,6.23
21161.0,147.0,48571.0,0.0,6.48
21165.0,120.0,48732.0,-0.05,6.48
21169.0,-49.0,49115.0,-0.017,6.48
21173.0,396.0,48926.0,-0.05,6.96
21176.0,151.0,48641.0,0.0,6.48
21180.0,28.0,47950.0,0.008,6.48
21184.0,-91.0,48259.0,0.0,5.99
21187.0,362.0,48680.0,0.025,6.72
21191.0,341.0,48691.0,0.008,6.72
21195.0,202.0,48336.0,0.075,6.48
21198.0,-387.0,48541.0,0.058,6.96
21202.0,6.0,48502.0,-0.042,6.23
21207.0,-365.0,48523.0,-0.05,6.96
21211.0,-344.0,48288.0,-0.017,6.96
21214.0,-81.0,48103.0,0.025,6.96
21218.0,78.0,48376.0,-0.075,6.96
21222.0,-41.0,48677.0,0.0,6.72
21225.0,-36.0,48794.0,0.0,6.48
21229.0,109.0,48647.0,0.008,6.48
21233.0,-148.0,48374.0,0.033,6.48
21236.0,-235.0,48763.0,-0.033,6.48
21240.0,-66.0,48518.0,0.008,6.96
21244.0,-135.0,48205.0,0.05,6.23
21248.0,-28.0,48370.0,0.0,6.48
21252.0,-77.0,48549.0,-0.017,6.48
21256.0,-230.0,48222.0,-0.067,6.96
21259.0,-35.0,47983.0,0.025,6.72
21263.0,-108.0,48070.0,-0.008,7.7
21267.0,-15.0,48205.0,-0.025,6.72
21271.0,98.0,48734.0,-0.025,6.96
21274.0,-27.0,48565.0,0.083,6.96
21278.0,-200.0,48152.0,-0.008,6.72
21282.0,-215.0,47983.0,0.025,6.72
21285.0,-238.0,48264.0,0.058,6.48
21289.0,43.0,48359.0,-0.025,6.96
21294.0,216.0,48032.0,-0.017,6.48
21297.0,315.0,47887.0,0.033,6.48
21301.0,128.0,48354.0,0.008,6.72
21305.0,-149.0,48785.0,0.025,6.48
21309.0,-4.0,48306.0,-0.017,6.96
21312.0,329.0,48125.0,-0.008,6.72
21316.0,232.0,48238.0,0.025,6.48
21320.0,-89.0,48143.0,0.0,6.96
21323.0,-124.0,48228.0,0.0,6.96
21327.0,-89.0,48257.0,-0.042,6.23
21331.0,18.0,48402.0,-0.008,6.96
21335.0,-151.0,48523.0,0.008,6.48
21339.0,-272.0,48546.0,0.017,6.72
21343.0,-259.0,47951.0,0.0,6.72
21346.0,-186.0,47806.0,0.05,6.72
21350.0,-451.0,48217.0,-0.033,6.72
21354.0,-480.0,48548.0,-0.017,6.96
21358.0,-205.0,48195.0,-0.083,6.96
21361.0,132.0,47920.0,-0.083,6.48
21365.0,105.0,48619.0,-0.017,6.72
21369.0,238.0,48646.0,-0.05,6.96
21373.0,345.0,48455.0,-0.008,6.96
21377.0,250.0,48598.0,-0.025,6.96
21381.0,-295.0,48439.0,0.05,6.48
21385.0,226.0,48702.0,0.008,6.48
21388.0,-113.0,48593.0,0.008,6.72
21392.0,-24.0,48328.0,0.017,6.23
21396.0,91.0,47839.0,0.008,6.48
21399.0,-36.0,48450.0,-0.017,6.72
21403.0,-257.0,48743.0,-0.017,6.48
21407.0,-76.0,48482.0,-0.05,6.48
21411.0,-67.0,48021.0,0.017,6.48
21414.0,40.0,47866.0,0.0,7.21
21419.0,83.0,48469.0,0.008,6.48
21423.0,-298.0,48080.0,0.008,6.48
21426.0,-521.0,48055.0,0.0,6.48
21430.0,-224.0,48084.0,0.0,6.48
21434.0,171.0,47881.0,0.008,6.48
21437.0,188.0,48266.0,-0.008,6.48
21441.0,245.0,48153.0,-0.033,6.48
21445.0,-118.0,48114.0,0.025,6.23
21448.0,-247.0,47911.0,-0.042,6.48
21452.0,148.0,48432.0,0.025,6.48
21456.0,143.0,48345.0,-0.017,6.48
21460.0,418.0,47880.0,-0.033,6.48
21464.0,359.0,47753.0,-0.025,6.48
21468.0,34.0,48108.0,0.017,6.48
21472.0,55.0,48459.0,0.025,6.72
21475.0,-286.0,48350.0,0.0,6.96
21479.0,-155.0,48157.0,-0.067,6.48
21483.0,132.0,47968.0,-0.025,6.48
21487.0,325.0,48125.0,-0.017,6.48
21490.0,140.0,48136.0,0.008,6.48
21494.0,-151.0,47887.0,-0.017,6.48
21498.0,-114.0,47876.0,-0.067,6.72
21501.0,-55.0,48039.0,0.0,6.48
21506.0,44.0,48346.0,0.017,6.48
21510.0,-51.0,48111.0,0.067,6.96
21513.0,-98.0,47804.0,0.042,6.48
21517.0,-243.0,47943.0,-0.017,6.48
21521.0,-96.0,48190.0,0.075,6.72
21524.0,95.0,48279.0,0.0,6.96
21528.0,-82.0,48008.0,-0.017,6.23
21532.0,79.0,48075.0,0.017,6.48
21535.0,280.0,48170.0,-0.008,6.48
21539.0,51.0,48451.0,0.025,6.48
21543.0,-160.0,47830.0,-0.025,6.48
21548.0,11.0,47941.0,-0.008,6.48
21551.0,-266.0,48302.0,-0.025,6.72
21555.0,-75.0,48439.0,-0.025,6.48
21559.0,-56.0,48272.0,-0.025,6.23
21562.0,-163.0,47775.0,0.008,6.48
21566.0,148.0,47882.0,-0.008,6.48
21570.0,-151.0,48151.0,0.0,6.96
21573.0,-394.0,48326.0,-0.017,6.96
21577.0,-425.0,48011.0,0.025,6.48
21581.0,-68.0,47872.0,-0.033,6.96
21585.0,-53.0,48447.0,-0.008,6.96
21588.0,-264.0,48492.0,0.0,7.21
21593.0,-231.0,48113.0,0.025,6.48
21597.0,-284.0,47832.0,0.033,7.21
21600.0,51.0,47967.0,0.017,6.48
21604.0,162.0,48014.0,0.042,6.48
21608.0,17.0,47911.0,-0.05,6.96
21612.0,-10.0,48174.0,0.008,6.48
21615.0,147.0,47783.0,0.017,6.48
21619.0,76.0,48668.0,0.058,6.96
21623.0,199.0,48267.0,0.025,7.21
21626.0,246.0,48058.0,-0.017,6.48
21630.0,127.0,47815.0,0.033,6.48
21635.0,244.0,48284.0,-0.067,6.48
21638.0,13.0,48297.0,0.033,6.48
21642.0,154.0,47914.0,-0.017,6.48
21646.0,165.0,47821.0,0.0,6.48
21650.0,66.0,47778.0,0.042,6.48
21653.0,-51.0,47959.0,-0.033,6.96
21657.0,-300.0,48074.0,0.0,6.48
21661.0,-445.0,47831.0,0.025,6.48
21664.0,-314.0,47844.0,0.092,6.48
21668.0,-207.0,48125.0,0.05,6.48
21672.0,-98.0,48302.0,-0.033,6.96
21676.0,127.0,48077.0,-0.05,6.48
21680.0,162.0,48178.0,0.0,6.48
21684.0,131.0,48163.0,0.033,6.48
21688.0,-414.0,48108.0,0.017,6.48
21691.0,47.0,48297.0,0.008,6.48
21695.0,92.0,48052.0,0.008,6.48
21699.0,171.0,47919.0,0.0,7.21
21702.0,56.0,48006.0,-0.042,6.48
21706.0,13.0,48623.0,0.042,6.96
21710.0,68.0,47908.0,-0.033,6.48
21713.0,-273.0,48205.0,-0.042,6.48
21718.0,-490.0,48222.0,0.025,6.48
21722.0,-365.0,48131.0,0.025,6.72
21725.0,-212.0,47964.0,0.058,6.48
21729.0,13.0,47911.0,0.075,6.48
21733.0,-22.0,48100.0,0.033,6.72
21737.0,-235.0,48215.0,-0.008,6.48
21740.0,36.0,48254.0,-0.025,6.48
21744.0,-35.0,47615.0,-0.067,6.72
21748.0,-248.0,47748.0,-0.025,6.72
21751.0,-251.0,48017.0,0.017,6.48
21755.0,-128.0,47852.0,-0.067,6.72
21760.0,-175.0,47935.0,0.033,6.48
21764.0,-112.0,48110.0,-0.042,6.48
21767.0,129.0,48187.0,-0.017,6.48
21771.0,-48.0,48388.0,-0.075,6.96
21775.0,79.0,48467.0,0.0,6.48
21778.0,192.0,48328.0,0.0,6.48
21782.0,-21.0,48105.0,-0.025,6.48
21786.0,122.0,48036.0,0.033,6.72
21789.0,-147.0,48075.0,0.0,6.48
21793.0,-158.0,47656.0,0.075,6.96
21797.0,-43.0,47657.0,-0.008,6.48
21800.0,176.0,48100.0,-0.025,6.48
21805.0,453.0,48203.0,-0.008,6.48
21809.0,166.0,47958.0,-0.025,6.48
21813.0,-11.0,47941.0,0.025,6.48
21816.0,152.0,47928.0,0.008,6.96
21820.0,219.0,47861.0,-0.008,6.48
21824.0,224.0,48030.0,0.033,6.72
21827.0,111.0,47875.0,-0.033,6.96
21831.0,194.0,47830.0,0.008,6.96
21835.0,139.0,48131.0,-0.017,6.96
21839.0,178.0,48228.0,-0.017,6.96
21842.0,19.0,47801.0,0.017,6.96
21847.0,14.0,47668.0,-0.025,6.48
21851.0,351.0,47845.0,-0.008,6.48
21854.0,246.0,48240.0,0.0,6.48
21858.0,117.0,47871.0,0.017,6.48
21862.0,-210.0,47474.0,0.0,6.48
21865.0,-239.0,47591.0,0.008,6.72
21869.0,-120.0,48284.0,0.042,6.72
21873.0,-91.0,48069.0,-0.025,6.48
21877.0,106.0,47582.0,-0.042,6.48
21880.0,47.0,47471.0,-0.033,6.48
21884.0,132.0,47702.0,-0.017,6.48
21889.0,61.0,47947.0,0.0,6.48
21892.0,-282.0,47792.0,-0.083,6.96
21896.0,-27.0,47583.0,0.042,6.48
21900.0,-116.0,47574.0,0.067,6.96
21903.0,-371.0,47847.0,-0.025,6.96
21907.0,80.0,47602.0,0.067,6.96
21911.0,-93.0,47361.0,-0.058,6.96
21915.0,-310.0,47648.0,-0.033,6.48
21918.0,-309.0,47691.0,-0.025,6.96
21922.0,-184.0,47874.0,-0.017,6.48
21926.0,-313.0,47629.0,-0.008,6.48
21929.0,-418.0,47428.0,0.067,6.96
21934.0,-53.0,47815.0,0.025,6.48
21938.0,-226.0,48144.0,0.025,6.48
21942.0,-19.0,47613.0,-0.017,6.48
21945.0,-106.0,47386.0,0.033,6.48
21949.0,-139.0,47451.0,0.05,6.72
21953.0,-258.0,47866.0,0.017,6.48
21956.0,-209.0,48185.0,-0.017,6.96
21960.0,-40.0,47806.0,0.008,6.48
21964.0,-131.0,47669.0,-0.05,6.96
21968.0,-70.0,47814.0,0.008,6.48
21971.0,-203.0,47923.0,0.058,6.48
21976.0,6.0,47888.0,0.008,6.23
21980.0,91.0,47339.0,0.025,6.48
21983.0,142.0,47686.0,0.017,6.48
21987.0,79.0,48099.0,0.067,6.48
21991.0,128.0,47942.0,0.025,6.48
21994.0,127.0,47547.0,-0.017,6.48
21998.0,-124.0,47428.0,0.075,6.48
22002.0,91.0,47691.0,0.008,6.48
22005.0,12.0,47794.0,-0.008,6.96
22009.0,-409.0,47613.0,-0.025,6.48
22013.0,154.0,47562.0,-0.025,6.96
22018.0,-23.0,47513.0,0.025,6.96
22021.0,-128.0,47974.0,0.008,6.48
22025.0,-17.0,48017.0,-0.008,6.72
22029.0,-156.0,47738.0,-0.008,6.96
22032.0,15.0,47647.0,0.008,6.48
22036.0,172.0,47776.0,-0.017,6.48
22040.0,-101.0,47589.0,0.017,6.48
22043.0,-54.0,47782.0,-0.017,6.48
22047.0,-197.0,47669.0,0.0,7.21
22051.0,-154.0,47768.0,0.017,7.21
22055.0,-261.0,47739.0,0.008,6.48
22059.0,-278.0,47470.0,0.05,6.48
22063.0,-31.0,47291.0,0.0,6.48
22067.0,0.0,47766.0,0.042,6.48
22070.0,-31.0,47813.0,0.017,7.21
22074.0,92.0,47784.0,-0.067,6.48
22078.0,-85.0,47569.0,-0.008,6.48
22081.0,-358.0,47300.0,0.017,6.96
22085.0,271.0,47749.0,-0.017,6.48
22089.0,196.0,47582.0,0.017,6.48
22092.0,241.0,47553.0,-0.008,6.96
22096.0,136.0,47524.0,0.042,6.96
22100.0,145.0,47771.0,0.008,6.23
22105.0,-152.0,48016.0,-0.042,6.48
22108.0,-239.0,47819.0,0.058,6.48
22112.0,4.0,47726.0,0.033,6.48
22116.0,-153.0,47545.0,0.017,6.48
22119.0,-146.0,47650.0,-0.042,6.72
22123.0,-195.0,47661.0,0.033,6.48
22127.0,-50.0,47396.0,0.008,6.72
22131.0,-75.0,46959.0,0.042,6.48
22134.0,-162.0,47326.0,0.008,7.45
22138.0,-157.0,47651.0,0.025,6.48
22142.0,-120.0,47136.0,0.042,6.48
22146.0,-217.0,47299.0,-0.025,6.48
22150.0,-324.0,47616.0,-0.017,6.96
22154.0,-377.0,47611.0,-0.017,6.48
22158.0,-184.0,47582.0,0.025,6.48
22161.0,-105.0,47423.0,0.083,6.48
22165.0,16.0,47434.0,-0.025,6.48
22169.0,-147.0,47503.0,0.0,6.72
22172.0,-84.0,47766.0,0.008,6.96
22176.0,-165.0,47373.0,0.05,6.48
22180.0,148.0,47176.0,0.0,6.48
22183.0,147.0,47397.0,0.05,6.96
22188.0,56.0,47582.0,0.0,6.48
22192.0,363.0,47559.0,-0.033,6.48
22195.0,218.0,47342.0,0.025,6.48
22199.0,153.0,47427.0,-0.075,6.96
22203.0,8.0,47668.0,0.017,6.96
22207.0,11.0,47757.0,0.033,6.72
22210.0,-18.0,47506.0,0.058,6.48
22214.0,337.0,47339.0,-0.025,6.96
22218.0,374.0,47552.0,-0.008,6.48
22221.0,-251.0,47471.0,0.025,6.96
22225.0,-224.0,47338.0,0.025,6.96
22230.0,3.0,47537.0,0.017,6.48
22233.0,32.0,47712.0,0.0,6.48
22237.0,73.0,47557.0,-0.017,6.48
22241.0,-60.0,47118.0,0.017,6.48
22244.0,201.0,47291.0,0.008,6.48
22248.0,-50.0,47294.0,0.05,6.48
22252.0,-55.0,47785.0,0.008,6.48
22255.0,-78.0,47818.0,0.0,6.48
22259.0,63.0,47799.0,0.008,6.48
22263.0,306.0,47790.0,-0.05,6.48
22266.0,-109.0,47511.0,0.0,6.96
22270.0,-408.0,47466.0,-0.042,6.48
22275.0,-529.0,47431.0,0.008,6.48
22279.0,-596.0,47150.0,-0.025,6.48
22282.0,-55.0,46979.0,0.067,6.96
22286.0,188.0,47140.0,0.017,6.48
22290.0,67.0,47579.0,-0.05,6.48
22293.0,-62.0,47294.0,0.067,6.96
22297.0,103.0,47421.0,0.033,6.48
22301.0,-624.0,47492.0,0.025,6.72
22305.0,-321.0,47701.0,-0.025,6.96
22308.0,-128.0,47424.0,0.0,6.48
22312.0,113.0,47481.0,-0.05,6.48
22317.0,214.0,47468.0,0.033,6.48
22320.0,149.0,47827.0,0.05,6.48
22324.0,104.0,47764.0,0.042,6.48
22328.0,-109.0,47509.0,-0.033,6.48
22332.0,-30.0,47614.0,0.058,6.48
22335.0,-125.0,47671.0,0.0,6.48
22339.0,72.0,47800.0,-0.008,6.48
22343.0,219.0,47661.0,0.0,6.48
22346.0,-100.0,47416.0,-0.025,6.48
22350.0,47.0,47421.0,0.008,6.96
22354.0,-32.0,47712.0,0.017,6.48
22358.0,75.0,47947.0,-0.025,6.96
22362.0,418.0,47458.0,0.025,6.96
22366.0,341.0,47459.0,0.092,6.48
22369.0,106.0,47536.0,-0.017,6.96
22373.0,127.0,47903.0,-0.025,6.48
22377.0,-80.0,47716.0,-0.008,6.96
22381.0,285.0,47719.0,-0.008,6.48
22384.0,334.0,47696.0,0.058,6.48
22388.0,79.0,47829.0,-0.042,6.48
22392.0,294.0,47502.0,0.042,6.72
22395.0,-125.0,47485.0,0.042,6.96
22400.0,-172.0,47622.0,0.042,6.48
22404.0,-81.0,47891.0,-0.008,6.96
22408.0,106.0,47862.0,-0.025,6.48
22411.0,-129.0,47549.0,0.05,6.48
22415.0,-14.0,47040.0,0.042,6.48
22419.0,33.0,47445.0,0.008,6.96
22422.0,36.0,47600.0,-0.033,6.48
22426.0,-49.0,47367.0,-0.042,6.23
22430.0,220.0,47192.0,-0.025,6.48
22433.0,231.0,47505.0,0.0,6.48
22437.0,4.0,47756.0,-0.008,6.48
22441.0,-225.0,47791.0,-0.017,6.48
22445.0,-110.0,47322.0,-0.042,6.48
22449.0,-141.0,47259.0,0.017,6.96
22453.0,12.0,47442.0,0.008,6.23
22457.0,3.0,47353.0,0.017,6.72
22460.0,-104.0,47352.0,0.075,6.72
22464.0,55.0,47265.0,0.075,6.96
22468.0,-70.0,47270.0,0.025,6.48
22471.0,13.0,47537.0,-0.017,6.96
22475.0,8.0,46982.0,0.025,6.48
22479.0,169.0,46895.0,-0.017,6.48
22482.0,36.0,47298.0,0.083,6.96
22487.0,7.0,47551.0,0.033,6.48
22491.0,-216.0,47530.0,0.033,6.48
22494.0,-231.0,47173.0,0.008,6.48
22498.0,-98.0,47008.0,-0.033,6.48
22502.0,-177.0,47493.0,-0.008,6.96
22505.0,92.0,47738.0,0.0,6.96
22509.0,-143.0,47435.0,-0.033,6.48
22513.0,-264.0,47062.0,-0.033,6.48
22517.0,63.0,47179.0,0.058,6.96
22520.0,276.0,47838.0,-0.05,6.96
22524.0,-123.0,47273.0,0.008,6.96
22529.0,-206.0,47220.0,0.017,6.48
22532.0,81.0,47009.0,-0.025,6.48
22536.0,-52.0,47256.0,0.017,6.48
22540.0,79.0,47481.0,0.067,6.48
22543.0,238.0,47404.0,-0.075,6.48
22547.0,265.0,47195.0,-0.017,6.48
22551.0,106.0,47434.0,-0.075,6.48
22555.0,253.0,47605.0,0.067,6.48
22558.0,178.0,47398.0,0.067,6.96
22562.0,-35.0,47281.0,0.05,6.72
22566.0,-290.0,47296.0,-0.058,6.96
22569.0,-285.0,47291.0,-0.025,6.48
22574.0,154.0,47808.0,0.058,6.48
22578.0,435.0,47541.0,0.042,6.96
22582.0,372.0,47476.0,0.033,6.48
22585.0,47.0,47559.0,0.058,6.72
22589.0,-250.0,47944.0,-0.017,6.48
22593.0,-477.0,47863.0,-0.042,6.96
22596.0,-252.0,47554.0,0.025,6.48
22600.0,253.0,47463.0,0.025,6.48
22604.0,294.0,47352.0,0.033,6.96
22608.0,329.0,47273.0,-0.033,6.48
22611.0,22.0,47154.0,0.033,6.48
22616.0,-149.0,47543.0,0.008,6.48
22620.0,-164.0,47432.0,-0.05,6.48
22623.0,43.0,47779.0,0.025,6.96
22627.0,220.0,47408.0,0.008,7.45
22631.0,157.0,47527.0,0.033,7.21
22635.0,32.0,47514.0,-0.042,6.48
22638.0,-33.0,47611.0,-0.008,6.48
22642.0,34.0,47276.0,-0.017,6.96
22646.0,125.0,47295.0,0.017,6.96
22649.0,0.0,47458.0,-0.008,6.72
22653.0,-53.0,47657.0,0.025,6.96
22658.0,-206.0,47640.0,0.008,6.96
22661.0,17.0,47193.0,-0.008,6.48
22665.0,-30.0,47054.0,-0.025,6.96
22669.0,-169.0,47703.0,0.042,6.48
22672.0,-162.0,47350.0,0.025,6.96
22676.0,35.0,47357.0,-0.05,6.48
22680.0,-4.0,47386.0,-0.017,6.72
22683.0,-15.0,47243.0,-0.008,6.96
22687.0,62.0,47448.0,0.017,6.48
22691.0,143.0,47511.0,0.025,6.96
22694.0,-226.0,47180.0,-0.017,6.48
22699.0,259.0,47141.0,0.033,6.48
22703.0,356.0,47456.0,0.025,6.48
22707.0,41.0,47387.0,0.0,6.48
22710.0,162.0,47360.0,-0.017,6.96
22714.0,-77.0,47461.0,-0.033,6.48
22718.0,-158.0,47612.0,0.033,6.48
22721.0,125.0,47387.0,0.067,6.96
22725.0,98.0,47136.0,0.058,6.48
22729.0,345.0,47201.0,0.058,6.96
22732.0,-158.0,47424.0,0.025,6.48
22736.0,-297.0,47307.0,0.008,6.48
22740.0,-478.0,47564.0,0.0,6.96
22745.0,-247.0,47065.0,-0.042,6.48
22748.0,198.0,47234.0,0.008,6.48
22752.0,139.0,47495.0,-0.058,6.96
22756.0,-18.0,47398.0,-0.05,6.48
22759.0,199.0,47295.0,0.008,6.48
22763.0,196.0,47246.0,-0.017,6.48
22767.0,-165.0,47229.0,0.008,6.48
22771.0,332.0,47462.0,0.075,6.48
22774.0,563.0,47283.0,0.075,6.48
22778.0,272.0,46952.0,0.042,6.48
22782.0,37.0,46965.0,0.025,6.48
22786.0,-294.0,47456.0,0.0,6.96
22790.0,-253.0,47595.0,0.042,6.96
22794.0,-98.0,47408.0,-0.008,6.96
22798.0,-103.0,47377.0,-0.033,6.48
22801.0,18.0,47488.0,-0.017,6.48
22805.0,417.0,47563.0,-0.025,6.96
22809.0,92.0,47528.0,0.05,6.96
22812.0,-199.0,47639.0,0.1,6.96
22816.0,-226.0,47452.0,-0.017,6.48
22820.0,-89.0,47541.0,-0.075,6.48
22823.0,78.0,47464.0,0.025,6.48
22828.0,-3.0,47291.0,0.025,6.96
22832.0,-86.0,47216.0,0.008,6.48
22835.0,21.0,47597.0,-0.017,6.72
22839.0,-340.0,47660.0,0.017,6.96
22843.0,149.0,47411.0,0.017,6.72
22847.0,86.0,46964.0,0.067,6.48
22850.0,171.0,47649.0,0.017,6.48
22854.0,-282.0,47786.0,0.05,6.96
22858.0,-49.0,47673.0,0.025,6.48
22861.0,-22.0,47272.0,-0.017,6.48
22865.0,-75.0,47101.0,0.0,6.48
22870.0,-128.0,47620.0,-0.067,6.48
22873.0,-221.0,47675.0,-0.025,6.96
22877.0,-220.0,47300.0,0.008,6.48
22881.0,-105.0,47097.0,-0.058,6.48
22885.0,-330.0,47334.0,-0.025,6.72
22888.0,-349.0,47297.0,0.0,6.48
22892.0,386.0,46834.0,-0.033,6.48
22896.0,449.0,46817.0,0.067,6.23
22899.0,36.0,47150.0,0.0,6.48
22903.0,-209.0,47645.0,0.008,6.96
22907.0,-108.0,47228.0,0.033,6.48
22912.0,111.0,47081.0,0.067,6.48
22915.0,148.0,47342.0,0.025,6.72
22919.0,245.0,47571.0,0.042,7.45
22923.0,198.0,47438.0,0.025,7.21
22926.0,257.0,47201.0,0.092,6.72
22930.0,108.0,47344.0,0.05,6.48
22934.0,-323.0,47395.0,0.033,6.48
22938.0,-184.0,47400.0,-0.017,6.96
22941.0,17.0,47277.0,-0.008,6.48
22945.0,34.0,47236.0,0.042,6.48
22949.0,37.0,47301.0,0.008,6.48
22952.0,96.0,47084.0,-0.025,6.48
22957.0,165.0,47617.0,-0.033,6.48
22961.0,180.0,47158.0,0.017,6.72
22964.0,-119.0,46997.0,-0.05,6.48
22968.0,96.0,47260.0,-0.025,6.48
22972.0,61.0,47809.0,0.042,6.96
22975.0,-48.0,47240.0,0.025,6.48
22979.0,137.0,47001.0,0.067,6.72
22983.0,-146.0,47154.0,-0.033,6.96
22987.0,-213.0,47631.0,0.033,6.72
22990.0,-68.0,47632.0,0.0,6.48
22994.0,-33.0,47137.0,0.0,6.96
22999.0,-80.0,47326.0,0.033,6.48
23002.0,-215.0,47309.0,0.067,6.72
23006.0,-74.0,47328.0,0.075,7.21
23010.0,73.0,47295.0,-0.025,6.48
23013.0,322.0,47034.0,0.058,6.48
23017.0,133.0,47409.0,0.008,6.48
23021.0,-224.0,47476.0,-0.017,6.72
23025.0,-145.0,47449.0,0.017,6.48
23028.0,-32.0,47220.0,0.008,6.48
23032.0,-9.0,47389.0,0.058,6.48
23036.0,-76.0,47618.0,0.033,6.96
23040.0,-253.0,47573.0,0.033,6.72
23044.0,-8.0,47350.0,-0.025,6.48
23048.0,-83.0,46937.0,0.025,6.48
23051.0,-326.0,47554.0,0.008,6.96
23055.0,-49.0,47857.0,-0.05,6.96
23059.0,-142.0,47154.0,-0.042,6.48
23062.0,61.0,47157.0,-0.05,6.48
23066.0,88.0,47524.0,-0.017,6.48
23070.0,-151.0,47915.0,-0.033,6.48
23073.0,172.0,47880.0,0.033,6.96
23077.0,-393.0,47147.0,0.025,6.23
23081.0,-688.0,46996.0,-0.008,6.48
23086.0,-141.0,47589.0,0.025,6.48
23089.0,326.0,47530.0,-0.008,6.48
23093.0,245.0,47253.0,0.025,6.48
23097.0,112.0,47022.0,0.033,6.72
23101.0,35.0,47067.0,0.017,6.48
23104.0,-146.0,47624.0,0.008,6.72
23108.0,-327.0,47211.0,-0.058,6.72
23112.0,122.0,47036.0,-0.025,6.48
23115.0,319.0,47053.0,0.017,6.72
23119.0,444.0,47212.0,0.042,6.48
23123.0,79.0,47329.0,0.025,6.48
23128.0,-18.0,46884.0,-0.025,6.48
23131.0,-1.0,46825.0,0.042,6.48
23135.0,-98.0,47304.0,0.042,6.48
23139.0,43.0,47241.0,0.042,6.48
23142.0,390.0,46718.0,-0.017,6.48
23146.0,-75.0,46733.0,0.025,6.72
23150.0,222.0,46930.0,-0.008,6.96
23153.0,119.0,47453.0,0.042,7.21
23157.0,-78.0,47260.0,0.042,6.48
23161.0,219.0,47249.0,-0.008,6.23
23164.0,188.0,47228.0,0.05,6.48
23169.0,385.0,47323.0,0.058,6.96
23173.0,304.0,47376.0,0.017,6.48
23177.0,157.0,47441.0,0.0,6.48
23180.0,-262.0,47414.0,0.025,6.72
23184.0,43.0,47331.0,0.05,6.48
23188.0,184.0,47304.0,-0.017,6.48
23191.0,223.0,47085.0,-0.017,6.48
23195.0,114.0,46960.0,0.0,6.48
23199.0,-139.0,46909.0,0.025,6.72
23202.0,-86.0,47128.0,0.033,6.48
23206.0,-295.0,47277.0,0.0,6.48
23211.0,-344.0,46948.0,-0.008,6.48
23215.0,-181.0,47099.0,0.0,6.48
23218.0,-54.0,47178.0,-0.025,6.48
23222.0,-253.0,47475.0,-0.033,6.96
23226.0,-220.0,47342.0,-0.008,6.48
23229.0,-261.0,47049.0,0.05,6.48
23233.0,194.0,47068.0,0.033,6.72
23237.0,161.0,47619.0,-0.017,6.48
23240.0,178.0,47390.0,0.0,6.96
23244.0,5.0,46835.0,0.017,6.96
23248.0,-94.0,46726.0,0.058,6.48
23251.0,235.0,47221.0,0.017,6.48
23256.0,234.0,47244.0,0.05,6.72
23260.0,197.0,47115.0,-0.008,6.48
23264.0,124.0,47136.0,0.008,6.96
23267.0,47.0,47293.0,-0.033,6.72
23271.0,44.0,47566.0,-0.017,6.48
23275.0,359.0,47387.0,-0.017,6.72
23278.0,270.0,47122.0,-0.008,6.48
23282.0,147.0,47147.0,-0.05,6.48
23286.0,58.0,47364.0,0.033,6.48
23290.0,163.0,46991.0,0.008,6.72
23293.0,74.0,46676.0,0.075,6.72
23298.0,-177.0,46789.0,0.033,6.48
23302.0,58.0,46996.0,0.025,6.48
23305.0,127.0,47075.0,-0.008,6.48
23309.0,76.0,46990.0,0.0,6.48
23313.0,189.0,46749.0,0.0,6.48
23316.0,36.0,47122.0,-0.017,6.48
23320.0,39.0,47213.0,0.092,6.48
23324.0,-274.0,47162.0,0.05,6.48
23327.0,-195.0,47035.0,0.025,6.48
23331.0,-40.0,47036.0,-0.058,6.48
23335.0,-75.0,47339.0,0.025,6.48
23339.0,-162.0,47494.0,0.025,6.48
23343.0,-181.0,47091.0,-0.017,6.48
23347.0,-312.0,46746.0,0.1,6.96
23351.0,-213.0,47035.0,-0.025,6.48
23354.0,-114.0,47246.0,-0.008,6.72
23358.0,-281.0,47415.0,0.008,6.48
23362.0,-58.0,47250.0,-0.008,6.48
23365.0,-387.0,47149.0,0.008,6.48
23369.0,-22.0,47474.0,0.017,6.48
23373.0,-5.0,47507.0,0.042,6.48
23377.0,10.0,47224.0,0.042,6.48
23380.0,467.0,46973.0,0.0,6.72
23385.0,348.0,47140.0,0.008,6.48
23389.0,55.0,47057.0,0.05,6.72
23392.0,12.0,46938.0,0.025,6.48
23396.0,-83.0,46843.0,0.033,6.23
23400.0,-108.0,46960.0,0.008,6.96
23403.0,-9.0,47529.0,0.008,6.48
23407.0,-28.0,47258.0,0.008,6.48
23411.0,-73.0,47065.0,0.025,6.48
23414.0,-28.0,47066.0,0.042,6.48
23418.0,-419.0,47299.0,0.092,6.96
23422.0,-4.0,47612.0,0.025,6.48
23426.0,61.0,47661.0,0.0,6.48
23430.0,-136.0,46834.0,0.025,6.72
23434.0,-127.0,46979.0,0.05,6.48
23437.0,-254.0,47304.0,-0.042,6.48
23441.0,-379.0,46939.0,0.042,6.96
23445.0,-464.0,46920.0,-0.033,6.72
23449.0,-141.0,46741.0,0.008,6.48
23452.0,122.0,47004.0,0.0,6.72
23456.0,387.0,46975.0,0.05,6.48
23460.0,224.0,46844.0,0.025,6.96
23463.0,227.0,46979.0,0.05,6.72
23468.0,-96.0,47102.0,0.008,6.48
23472.0,-37.0,47099.0,-0.025,6.48
23476.0,106.0,46882.0,0.067,6.23
23479.0,39.0,47041.0,0.025,6.48
23483.0,-8.0,47096.0,-0.017,6.72
23487.0,183.0,47433.0,0.0,6.96
23490.0,386.0,47074.0,0.025,6.48
23494.0,-35.0,46679.0,0.033,6.48
23498.0,-378.0,47026.0,0.025,6.48
23501.0,-85.0,47167.0,0.033,6.48
23505.0,388.0,47320.0,0.0,6.48
23510.0,-103.0,47167.0,0.0,6.96
23513.0,-508.0,46752.0,0.017,6.48
23517.0,-389.0,47039.0,-0.025,6.48
23521.0,-188.0,47332.0,0.05,6.72
23525.0,-161.0,47063.0,0.033,6.96
23528.0,-74.0,46766.0,0.0,6.48
23532.0,255.0,46839.0,0.008,6.72
23536.0,148.0,47210.0,0.025,6.72
23539.0,115.0,47133.0,0.075,6.48
23543.0,-54.0,46750.0,0.075,6.48
23547.0,155.0,46863.0,0.067,6.48
23550.0,166.0,47108.0,0.025,6.48
23555.0,-81.0,47321.0,0.042,6.48
23559.0,-98.0,47012.0,0.025,7.21
23563.0,-91.0,46559.0,0.025,6.48
23566.0,-134.0,46846.0,0.008,6.48
23570.0,-163.0,47335.0,0.05,6.48
23574.0,102.0,47494.0,0.025,6.72
23577.0,153.0,46795.0,-0.008,6.96
23581.0,-156.0,46886.0,0.017,6.48
23585.0,-177.0,47275.0,0.008,6.48
23589.0,-418.0,47172.0,0.0,6.48
23592.0,-599.0,46771.0,0.025,6.48
23597.0,-278.0,46850.0,-0.025,6.48
23601.0,-3.0,46789.0,0.067,6.96
23604.0,2.0,46800.0,0.025,6.72
23608.0,117.0,47001.0,0.017,6.48
23612.0,124.0,47026.0,0.008,6.48
23615.0,-1.0,47103.0,0.067,6.72
23619.0,12.0,47160.0,0.05,6.72
23623.0,289.0,47167.0,0.017,6.23
23626.0,566.0,46974.0,0.017,6.48
23630.0,19.0,46817.0,0.0,6.48
23634.0,-174.0,46946.0,-0.017,6.48
23638.0,-173.0,47077.0,0.025,6.48
23642.0,-26.0,47086.0,0.05,6.48
23646.0,89.0,46909.0,0.017,6.96
23650.0,102.0,47154.0,-0.058,6.96
23653.0,317.0,47503.0,0.025,6.48
23657.0,272.0,47262.0,-0.008,6.72
23661.0,187.0,46865.0,-0.033,6.48
23664.0,-88.0,46810.0,-0.017,6.48
23668.0,109.0,47403.0,0.025,6.48
23672.0,302.0,47158.0,0.025,6.48
23676.0,59.0,47161.0,0.033,6.48
23680.0,48.0,47228.0,0.017,6.48
23684.0,-141.0,47041.0,0.017,6.23
23688.0,-404.0,47264.0,0.033,6.48
23691.0,-143.0,47013.0,0.017,6.48
23695.0,-44.0,46640.0,-0.033,6.48
23699.0,-155.0,46851.0,0.058,6.48
23703.0,270.0,47414.0,0.017,6.96
23706.0,191.0,47091.0,0.008,6.96
23710.0,194.0,46858.0,-0.017,6.48
23714.0,-29.0,47143.0,0.05,6.48
23717.0,-334.0,47052.0,0.017,6.96
23721.0,165.0,47213.0,0.017,6.48
23726.0,62.0,46984.0,-0.017,6.48
23729.0,-111.0,46813.0,0.008,6.48
23733.0,-76.0,47038.0,0.025,6.96
23737.0,-41.0,47349.0,-0.008,6.48
23741.0,-48.0,47122.0,-0.017,6.96
23744.0,-51.0,47081.0,-0.008,6.48
23748.0,-322.0,46908.0,0.025,6.48
23752.0,55.0,46967.0,0.0,6.48
23755.0,142.0,47134.0,0.008,6.48
23759.0,-81.0,46699.0,-0.042,6.48
23763.0,-180.0,46744.0,0.008,6.48
23767.0,-295.0,46949.0,0.042,6.48
23771.0,-168.0,47086.0,0.042,6.96
23775.0,191.0,46621.0,0.033,6.48
23778.0,592.0,46622.0,0.0,6.48
23782.0,453.0,46583.0,0.017,6.48
23786.0,68.0,46854.0,0.025,6.72
23790.0,-71.0,47361.0,0.017,7.21
23793.0,244.0,46522.0,0.008,6.72
23797.0,341.0,46629.0,-0.008,6.72
23801.0,-102.0,47128.0,0.0,6.96
23804.0,7.0,47449.0,0.0,6.96
23809.0,-186.0,47200.0,0.008,6.48
23813.0,-159.0,46889.0,0.017,6.48
23816.0,-172.0,46730.0,0.008,6.48
23820.0,-103.0,46839.0,-0.033,6.48
23824.0,374.0,47350.0,0.042,6.48
23828.0,-67.0,46995.0,-0.042,6.48
23831.0,-132.0,46638.0,0.008,6.48
23835.0,-11.0,47099.0,0.008,6.48
23839.0,198.0,47056.0,0.017,6.96
23842.0,-67.0,46949.0,-0.008,6.48
23846.0,144.0,46724.0,0.017,6.48
23851.0,13.0,47053.0,-0.017,6.72
23854.0,-18.0,47274.0,-0.067,6.48
23858.0,-265.0,46971.0,-0.025,6.48
23862.0,18.0,47056.0,-0.008,6.72
23866.0,-155.0,46917.0,0.033,6.48
23869.0,-62.0,47136.0,0.008,6.48
23873.0,43.0,47207.0,0.042,6.48
23877.0,330.0,47314.0,0.042,6.23
23880.0,189.0,47185.0,0.008,6.48
23884.0,-240.0,47068.0,-0.008,6.48
23888.0,-463.0,47057.0,0.025,6.72
23891.0,-210.0,46950.0,0.1,6.48
23896.0,253.0,46637.0,0.067,6.48
23900.0,-148.0,47030.0,0.008,6.48
23904.0,-97.0,47173.0,0.008,6.72
23907.0,-340.0,47090.0,0.025,6.48
23911.0,-155.0,47079.0,0.042,6.72
23915.0,50.0,46864.0,0.008,6.96
23918.0,-161.0,47045.0,0.058,6.72
23922.0,236.0,47224.0,0.0,7.21
23926.0,17.0,47007.0,-0.017,7.21
23929.0,-246.0,46744.0,0.0,6.96
23933.0,-161.0,46699.0,0.042,6.48
23938.0,-370.0,47144.0,0.0,6.96
23942.0,-305.0,46649.0,0.092,6.96
23945.0,-38.0,46596.0,0.0,6.72
23949.0,31.0,46759.0,-0.033,6.48
23953.0,62.0,46934.0,0.042,6.48
23956.0,-33.0,46875.0,0.042,6.48
23960.0,-52.0,46768.0,0.0,6.72
23964.0,-119.0,46935.0,0.033,7.21
23967.0,-128.0,47106.0,0.033,6.48
23971.0,21.0,47121.0,0.05,6.48
23975.0,-22.0,46592.0,0.0,6.48
23979.0,121.0,46641.0,-0.017,6.48
23983.0,-252.0,46516.0,0.008,6.48
23987.0,-173.0,46705.0,0.0,6.48
23990.0,70.0,46960.0,0.042,6.96
23994.0,175.0,46659.0,0.008,6.48
23998.0,16.0,46936.0,0.0,6.48
24001.0,-369.0,47291.0,0.025,6.48
24005.0,-340.0,46982.0,0.008,6.48
24009.0,-29.0,46745.0,0.058,6.72
24013.0,-254.0,46794.0,0.108,6.72
24016.0,-167.0,47395.0,0.05,6.23
24020.0,-8.0,47442.0,0.0,6.72
24025.0,-135.0,47041.0,0.033,6.48
24028.0,16.0,46604.0,-0.008,6.96
24032.0,-141.0,46579.0,-0.008,6.72
24036.0,-42.0,46964.0,0.017,6.96
24039.0,253.0,47121.0,0.033,6.48
24043.0,404.0,46702.0,0.0,6.48
24047.0,-357.0,46531.0,0.017,6.48
24051.0,-392.0,47344.0,0.017,6.48
24054.0,-257.0,47365.0,-0.017,6.48
24058.0,-110.0,47136.0,-0.025,6.48
24062.0,461.0,47081.0,0.017,6.48
24066.0,494.0,47158.0,0.0,6.72
24070.0,227.0,46961.0,0.017,6.48
24074.0,54.0,46700.0,0.017,6.72
24078.0,-153.0,46483.0,0.008,6.48
24081.0,66.0,46566.0,0.075,6.48
24085.0,-181.0,46953.0,0.0,6.48
24089.0,-166.0,47220.0,0.042,6.48
24092.0,-1.0,46839.0,-0.025,6.48
24096.0,-52.0,46664.0,0.058,6.72
24100.0,-101.0,46387.0,0.042,6.48
24103.0,-2.0,47348.0,-0.025,6.96
24108.0,-5.0,47001.0,0.033,6.48
24112.0,216.0,46542.0,0.0,6.48
24115.0,109.0,46559.0,0.025,6.48
24119.0,-110.0,46898.0,0.008,6.48
24123.0,-99.0,47063.0,0.033,6.48
24126.0,-262.0,46820.0,-0.017,6.48
24130.0,-217.0,46649.0,0.0,6.48
24134.0,-264.0,46916.0,0.05,6.48
24138.0,-187.0,47125.0,-0.067,6.48
24141.0,54.0,46898.0,0.058,6.48
24145.0,523.0,46805.0,0.025,6.48
24150.0,228.0,46874.0,0.017,6.96
24153.0,149.0,47209.0,0.017,6.48
24157.0,-160.0,47158.0,0.042,6.48
24161.0,-371.0,46865.0,0.033,6.48
24165.0,-288.0,46794.0,-0.008,6.72
24168.0,-199.0,47117.0,-0.008,6.48
24172.0,-110.0,47056.0,0.058,6.48
24176.0,-401.0,46933.0,0.042,6.48
24179.0,-340.0,46646.0,0.017,6.48
24183.0,-253.0,46899.0,0.033,6.96
24187.0,-142.0,47110.0,0.008,6.48
24192.0,-23.0,46585.0,-0.008,6.48
24195.0,30.0,46662.0,0.075,6.72
24199.0,25.0,46763.0,-0.017,6.72
24203.0,-62.0,46876.0,0.008,6.48
24206.0,-99.0,47089.0,-0.017,6.96
24210.0,-92.0,46714.0,0.05,6.72
24214.0,-63.0,46411.0,-0.017,6.72
24217.0,-110.0,46788.0,0.025,6.96
24221.0,-121.0,46953.0,0.025,6.48
24225.0,-78.0,47006.0,0.017,6.23
24228.0,-125.0,46505.0,0.008,6.72
24232.0,282.0,46820.0,0.042,6.48
24237.0,445.0,46895.0,-0.042,6.48
24241.0,122.0,46674.0,0.0,6.48
24244.0,3.0,46271.0,0.017,6.72
24248.0,-186.0,46602.0,-0.025,6.48
24252.0,-253.0,46667.0,-0.025,6.48
24255.0,-278.0,46908.0,-0.025,6.96
24259.0,-153.0,46777.0,-0.008,6.48
24263.0,140.0,46702.0,0.067,6.48
24267.0,-199.0,46957.0,0.033,6.48
24270.0,-304.0,47304.0,0.067,6.48
24274.0,-259.0,47039.0,0.008,6.48
24279.0,164.0,46790.0,0.017,6.72
24282.0,57.0,46883.0,0.008,6.96
24286.0,-46.0,47004.0,0.05,6.48
24290.0,-63.0,46843.0,0.025,6.96
24293.0,-156.0,46878.0,0.025,6.96
24297.0,-73.0,46575.0,0.033,6.48
24301.0,12.0,47154.0,-0.008,6.48
24305.0,159.0,47217.0,0.025,6.48
24308.0,74.0,46986.0,-0.033,6.48
24312.0,-53.0,46491.0,-0.017,6.48
24316.0,-240.0,46534.0,0.017,6.96
24320.0,-333.0,47027.0,0.017,6.48
24324.0,-106.0,47126.0,0.017,6.48
24328.0,-253.0,47097.0,0.042,6.48
24332.0,326.0,46794.0,-0.008,6.48
24335.0,393.0,47037.0,0.008,6.23
24339.0,-114.0,46966.0,0.058,6.48
24343.0,-155.0,46799.0,-0.008,6.48
24346.0,48.0,46680.0,-0.042,6.48
24350.0,-237.0,46811.0,0.017,6.96
24354.0,-16.0,46834.0,0.075,7.21
24358.0,55.0,46575.0,0.058,6.96
24361.0,72.0,46550.0,0.042,6.72
24366.0,77.0,46823.0,0.033,6.48
24370.0,-40.0,46758.0,-0.017,6.72
24373.0,-163.0,46411.0,-0.033,6.48
24377.0,-84.0,46742.0,-0.017,6.48
24381.0,-221.0,46715.0,0.042,6.48
24384.0,148.0,46828.0,-0.017,6.48
24388.0,-97.0,47277.0,-0.008,6.72
24392.0,-396.0,46766.0,0.058,6.48
24396.0,-331.0,46813.0,0.05,6.48
24399.0,-44.0,46934.0,0.0,6.96
24403.0,-27.0,46877.0,0.058,6.72
24408.0,-38.0,46746.0,0.042,6.96
24411.0,-27.0,46865.0,0.05,6.48
24415.0,-54.0,46700.0,0.008,6.48
24419.0,-131.0,46767.0,0.042,6.48
24422.0,-122.0,46754.0,0.05,6.48
24426.0,-115.0,46825.0,0.067,6.48
24430.0,0.0,46588.0,0.025,6.48
24433.0,-167.0,46795.0,0.008,6.96
24437.0,-4.0,46840.0,0.017,6.48
24441.0,-445.0,46773.0,0.075,6.72
24444.0,-410.0,46594.0,0.033,6.72
24449.0,-177.0,46781.0,-0.008,6.48
24453.0,-198.0,46822.0,0.025,6.48
24457.0,-453.0,46939.0,0.0,6.72
24460.0,432.0,46718.0,-0.008,6.72
24464.0,337.0,46833.0,-0.008,6.48
24468.0,198.0,46878.0,0.025,6.48
24471.0,241.0,46957.0,0.033,6.48
24475.0,-42.0,46532.0,0.083,6.72
24479.0,-191.0,46507.0,0.008,6.48
24483.0,-402.0,46706.0,-0.017,6.48
24486.0,-129.0,46685.0,0.025,6.48
24491.0,-206.0,46530.0,0.025,6.48
24495.0,-55.0,46569.0,0.008,6.72
24498.0,-8.0,46758.0,0.083,6.48
24502.0,159.0,47045.0,0.008,6.48
24506.0,70.0,46996.0,-0.025,6.72
24509.0,-309.0,46869.0,0.017,6.48
24513.0,24.0,46402.0,0.017,6.48
24517.0,-143.0,46341.0,0.0,6.96
24520.0,-44.0,46712.0,-0.008,6.48
24524.0,189.0,46609.0,-0.008,6.48
24528.0,-52.0,46348.0,0.05,6.48
24532.0,-199.0,46455.0,0.0,6.48
24536.0,-388.0,46496.0,0.025,7.21
24540.0,-169.0,46675.0,0.033,6.96
24544.0,-150.0,46788.0,0.033,6.48
24547.0,-165.0,46557.0,0.025,6.48
24551.0,-62.0,46752.0,0.033,6.96
24555.0,67.0,47501.0,0.017,6.48
24558.0,170.0,47048.0,-0.017,7.21
24562.0,-143.0,46539.0,-0.008,6.48
24566.0,-186.0,46650.0,0.058,6.48
24570.0,-97.0,46957.0,0.0,6.48
24573.0,302.0,46812.0,0.008,6.96
24578.0,405.0,46639.0,0.075,6.48
24582.0,220.0,46702.0,0.067,6.72
24585.0,5.0,46871.0,0.05,6.48
24589.0,34.0,46946.0,0.058,6.48
24593.0,57.0,46647.0,0.008,6.48
24596.0,192.0,46398.0,-0.017,6.48
24600.0,337.0,46819.0,0.0,6.23
24604.0,106.0,46764.0,0.017,6.96
24608.0,15.0,46937.0,0.042,6.72
24611.0,166.0,46574.0,0.008,6.23
24615.0,-35.0,46569.0,0.042,6.48
24620.0,-36.0,46794.0,0.0,6.48
24623.0,-51.0,46991.0,-0.033,7.21
24627.0,88.0,46630.0,-0.017,6.48
24631.0,111.0,46579.0,0.025,6.48
24634.0,212.0,46956.0,0.008,6.72
24638.0,-1.0,47101.0,0.008,6.72
24642.0,22.0,46796.0,0.075,6.48
24645.0,309.0,46343.0,0.017,6.48
24649.0,330.0,46376.0,0.025,6.96
24653.0,-143.0,46713.0,0.025,6.48
24656.0,-238.0,46718.0,0.017,6.96
24660.0,73.0,46681.0,0.017,6.96
24665.0,68.0,46410.0,0.033,6.96
24669.0,-423.0,47019.0,0.042,6.48
24672.0,-144.0,47270.0,-0.025,6.48
24676.0,-9.0,46815.0,0.067,6.96
24680.0,-24.0,46388.0,-0.033,6.48
24683.0,-75.0,46753.0,0.025,6.48
24687.0,66.0,46990.0,0.0,6.96
24691.0,-53.0,46785.0,0.017,6.96
24694.0,224.0,46604.0,0.017,6.96
24698.0,201.0,46449.0,0.033,6.48
24702.0,426.0,46802.0,0.042,6.48
24706.0,209.0,46855.0,-0.025,6.48
24710.0,-110.0,46780.0,-0.033,6.48
24714.0,-155.0,46733.0,0.017,6.48
24718.0,-142.0,46930.0,0.033,6.48
24721.0,-191.0,46767.0,0.042,6.72
24725.0,-108.0,46704.0,0.033,6.72
24729.0,-313.0,46635.0,0.008,6.48
24733.0,-216.0,46560.0,0.075,6.48
24736.0,-105.0,47187.0,0.033,6.48
24740.0,140.0,46934.0,0.042,6.48
24744.0,-67.0,46921.0,0.025,6.48
24748.0,-62.0,46722.0,0.042,6.72
24752.0,-63.0,46587.0,0.033,6.72
24756.0,-288.0,46678.0,0.008,6.48
24759.0,-231.0,46341.0,0.042,6.48
24763.0,-190.0,46494.0,-0.017,6.48
24767.0,33.0,46529.0,0.042,6.96
24771.0,250.0,46586.0,0.042,6.48
24774.0,353.0,46609.0,0.033,6.96
24778.0,208.0,46662.0,0.0,6.48
24782.0,141.0,46479.0,-0.008,6.72
24785.0,-54.0,46848.0,-0.025,6.48
24790.0,-165.0,46443.0,0.033,6.48
24794.0,-180.0,46260.0,0.092,6.96
24798.0,-147.0,46601.0,0.067,6.48
24801.0,30.0,47028.0,-0.025,6.96
24805.0,-233.0,47035.0,0.033,6.48
24809.0,-194.0,46532.0,-0.008,6.48
24812.0,135.0,46129.0,0.067,6.48
24816.0,-260.0,46470.0,0.025,6.96
24820.0,-107.0,46889.0,0.058,6.48
24824.0,20.0,46820.0,0.025,6.96
24827.0,125.0,46595.0,0.075,6.72
24832.0,-132.0,46618.0,0.025,6.72
24836.0,7.0,46719.0,0.017,6.48
24839.0,162.0,47074.0,0.058,7.21
24843.0,143.0,46361.0,0.058,6.72
24847.0,-58.0,46526.0,0.017,6.48
24850.0,-59.0,46747.0,0.017,6.48
24854.0,-102.0,46740.0,-0.008,6.48
24858.0,-69.0,46675.0,-0.008,6.48
24861.0,70.0,46442.0,0.033,7.21
24865.0,11.0,46479.0,0.042,6.48
24869.0,68.0,46792.0,0.05,6.23
24872.0,-89.0,47079.0,0.025,6.48
24877.0,-282.0,46516.0,0.008,6.48
24881.0,-263.0,46165.0,0.067,6.48
24885.0,-352.0,46604.0,0.017,6.72
24888.0,-59.0,46763.0,0.05,6.48
24892.0,200.0,46608.0,0.05,6.72
24896.0,69.0,46591.0,0.0,6.72
24899.0,208.0,46606.0,0.033,6.48
24903.0,-165.0,46965.0,0.0,7.21
24907.0,-40.0,46930.0,0.0,6.96
24910.0,165.0,46253.0,-0.033,6.48
24914.0,-266.0,46176.0,0.042,6.48
24919.0,-179.0,46843.0,-0.025,6.48
24923.0,58.0,46940.0,-0.008,6.48
24926.0,-203.0,46567.0,0.0,6.96
24930.0,-276.0,46274.0,0.008,6.48
24934.0,-253.0,46599.0,0.008,6.48
