time_ms,p1,p2,f3,f4
7116.0,221.0,213.0,0.025,6.48
7119.0,24.0,-158.0,0.033,6.96
7123.0,-13.0,-193.0,0.0,6.96
7127.0,-196.0,-78.0,-0.017,6.23
7131.0,-293.0,41.0,0.067,6.48
7134.0,6.0,-86.0,0.025,6.96
7138.0,67.0,-121.0,0.025,6.48
7141.0,-80.0,-180.0,0.067,6.96
7145.0,-69.0,-219.0,0.042,6.48
7148.0,-214.0,94.0,0.033,6.72
7152.0,-769.0,111.0,0.042,6.48
7155.0,-460.0,-174.0,-0.008,6.48
7159.0,13.0,327.0,0.042,6.48
7162.0,6.0,118.0,0.008,6.48
7166.0,-229.0,-283.0,0.05,6.48
7170.0,-92.0,-260.0,0.042,6.96
7174.0,133.0,-407.0,0.042,7.21
7177.0,-20.0,-570.0,0.05,6.72
7181.0,27.0,-489.0,0.025,6.48
7184.0,-8.0,-316.0,0.092,6.48
7188.0,-413.0,-417.0,0.033,6.48
7191.0,-144.0,-620.0,0.033,6.48
7195.0,-201.0,157.0,0.067,6.48
7199.0,102.0,10.0,0.042,6.96
7202.0,303.0,-159.0,0.067,6.72
7206.0,-68.0,-480.0,0.1,6.72
7209.0,-75.0,-487.0,0.033,7.21
7214.0,-386.0,-152.0,-0.025,6.96
7217.0,-409.0,-301.0,-0.017,6.48
7221.0,-544.0,-414.0,0.008,6.48
7224.0,-515.0,-85.0,0.0,6.48
7228.0,-278.0,-74.0,-0.067,6.48
7231.0,23.0,-147.0,0.008,6.72
7235.0,-170.0,-332.0,-0.042,6.96
7238.0,-299.0,-429.0,0.017,6.72
7242.0,-226.0,58.0,-0.008,6.96
7245.0,-95.0,199.0,0.05,6.48
7249.0,-134.0,-138.0,0.058,6.48
7254.0,17.0,-231.0,0.033,6.48
7257.0,198.0,24.0,0.008,6.96
7261.0,195.0,49.0,0.083,6.48
7264.0,-256.0,148.0,-0.008,6.48
7268.0,-421.0,-287.0,0.075,6.48
7271.0,-304.0,-370.0,0.042,6.48
7275.0,-225.0,-179.0,0.033,6.72
7278.0,-278.0,-134.0,-0.008,7.21
7282.0,-53.0,-87.0,-0.017,6.48
7285.0,14.0,-284.0,0.008,6.48
7289.0,35.0,-239.0,0.067,6.48
7292.0,-80.0,-202.0,0.067,6.96
7297.0,-241.0,-15.0,0.083,6.48
7300.0,92.0,-118.0,0.008,6.72
7304.0,45.0,-385.0,-0.008,7.21
7307.0,-28.0,-398.0,0.033,6.48
7311.0,-257.0,-171.0,0.017,6.48
7314.0,-294.0,16.0,0.017,6.96
7318.0,-45.0,-279.0,0.042,6.48
7321.0,22.0,-30.0,-0.033,6.96
7325.0,-91.0,189.0,0.067,7.45
7328.0,64.0,252.0,0.058,6.72
7332.0,133.0,269.0,0.042,6.96
7335.0,156.0,32.0,0.05,6.72
7340.0,23.0,-295.0,0.05,6.72
7343.0,-2.0,-114.0,0.05,6.48
7347.0,-207.0,379.0,0.05,6.48
7350.0,14.0,164.0,0.033,6.72
7354.0,-43.0,19.0,0.067,6.96
7357.0,-104.0,10.0,0.017,6.48
7361.0,-277.0,371.0,0.05,6.48
7365.0,-312.0,236.0,0.058,7.21
7368.0,231.0,-3.0,0.083,6.48
7372.0,-144.0,-276.0,0.042,6.96
7375.0,63.0,-407.0,0.033,6.48
7379.0,90.0,-164.0,-0.008,6.72
7383.0,335.0,-65.0,0.008,6.96
7387.0,186.0,-298.0,0.025,6.48
7390.0,145.0,-195.0,-0.042,6.48
7394.0,-22.0,-192.0,-0.025,6.96
7397.0,5.0,3.0,0.05,6.96
7401.0,-158.0,-136.0,-0.033,6.48
7404.0,-233.0,-85.0,0.025,6.48
7408.0,-326.0,-346.0,0.067,6.48
7411.0,-293.0,33.0,0.042,6.48
7415.0,-84.0,96.0,0.067,6.72
7418.0,-169.0,-199.0,0.067,6.96
7422.0,-188.0,-570.0,0.042,6.72
7426.0,-25.0,-411.0,0.042,7.21
7430.0,242.0,-48.0,0.0,6.72
7433.0,-133.0,19.0,-0.017,6.48
7437.0,-244.0,-734.0,0.025,6.96
7440.0,127.0,-447.0,0.033,6.48
7444.0,-176.0,-96.0,0.017,6.96
7447.0,-299.0,-275.0,0.0,6.96
7451.0,-604.0,-312.0,0.008,6.72
7455.0,-403.0,-341.0,-0.017,6.72
7458.0,-92.0,-18.0,0.017,6.96
7462.0,-167.0,209.0,0.033,6.48
7465.0,-34.0,194.0,0.05,6.72
7470.0,113.0,-79.0,0.042,6.72
7473.0,-14.0,-228.0,0.017,6.48
7477.0,-213.0,-55.0,0.025,6.96
7480.0,-64.0,32.0,0.075,6.48
7484.0,23.0,-483.0,0.075,6.72
7487.0,94.0,-662.0,0.058,6.72
7491.0,-53.0,-429.0,0.058,6.48
7494.0,-276.0,-74.0,0.092,6.72
7498.0,-115.0,187.0,0.067,6.72
7501.0,-60.0,-4.0,-0.033,6.96
7505.0,-361.0,-239.0,0.092,6.48
7508.0,-162.0,88.0,0.042,6.96
7513.0,63.0,243.0,-0.017,6.72
7516.0,-370.0,170.0,0.033,6.48
7520.0,-407.0,-119.0,-0.025,6.48
7523.0,-244.0,-202.0,0.042,6.48
7527.0,-31.0,-89.0,-0.05,6.72
7530.0,-42.0,0.0,0.067,6.48
7534.0,-153.0,-117.0,-0.008,7.21
7537.0,78.0,-588.0,0.05,6.48
7541.0,171.0,-379.0,0.042,6.96
7544.0,-26.0,142.0,0.042,6.96
7548.0,-163.0,283.0,0.067,6.48
7552.0,-196.0,270.0,0.075,6.48
7556.0,-63.0,-237.0,0.017,6.72
7560.0,36.0,158.0,0.075,6.48
7563.0,27.0,143.0,0.058,6.48
7567.0,-178.0,-264.0,0.033,6.48
7570.0,-201.0,-289.0,0.025,6.48
7574.0,-240.0,-436.0,0.025,6.96
7577.0,-333.0,-157.0,0.067,6.48
7581.0,-366.0,-54.0,-0.008,6.96
7584.0,-119.0,21.0,0.042,6.48
7588.0,344.0,-320.0,0.025,6.48
7591.0,111.0,-245.0,0.042,6.72
7596.0,-186.0,26.0,0.042,6.48
7599.0,-51.0,149.0,0.025,6.72
7603.0,-110.0,-232.0,0.008,6.48
7606.0,129.0,-383.0,-0.008,6.48
7610.0,156.0,-306.0,0.025,6.72
7614.0,-191.0,-315.0,0.017,6.72
7617.0,-178.0,-212.0,0.0,6.48
7621.0,-11.0,-179.0,0.033,6.48
7624.0,-80.0,-276.0,0.067,6.96
7628.0,-197.0,-509.0,0.058,6.96
7631.0,-484.0,-350.0,0.042,6.96
7635.0,23.0,-149.0,0.067,7.21
7639.0,252.0,-320.0,0.025,6.48
7643.0,259.0,-517.0,0.025,6.48
7646.0,-46.0,228.0,0.067,6.48
7650.0,-229.0,-99.0,0.033,6.96
7653.0,160.0,-604.0,0.067,6.48
7657.0,131.0,-499.0,-0.017,6.48
7661.0,-38.0,-196.0,0.017,6.96
7664.0,-153.0,99.0,0.058,6.72
7668.0,-226.0,76.0,0.083,6.96
7671.0,97.0,-737.0,0.058,6.48
7675.0,348.0,-306.0,-0.008,7.21
7678.0,187.0,213.0,0.083,7.21
7683.0,182.0,6.0,-0.008,6.48
7686.0,-177.0,187.0,0.0,6.48
7690.0,108.0,-54.0,-0.033,6.72
7693.0,45.0,115.0,0.017,7.21
7697.0,-226.0,106.0,0.033,6.96
7700.0,35.0,37.0,-0.017,6.48
7704.0,-14.0,-314.0,-0.042,6.48
7707.0,-251.0,-403.0,0.017,6.48
7711.0,-324.0,18.0,0.025,6.72
7714.0,-149.0,-75.0,0.033,6.72
7718.0,24.0,-202.0,0.008,6.96
7721.0,-163.0,-211.0,0.058,6.48
7726.0,118.0,58.0,0.042,6.48
7729.0,181.0,225.0,0.0,6.72
7733.0,-32.0,-206.0,0.0,6.48
7736.0,-289.0,-267.0,0.025,6.48
7740.0,-144.0,-334.0,0.075,6.48
7743.0,-85.0,63.0,0.067,6.48
7747.0,-402.0,198.0,0.025,6.72
7750.0,-19.0,-189.0,-0.017,7.21
7754.0,128.0,-236.0,0.017,6.96
7758.0,-75.0,75.0,0.067,6.48
7761.0,-8.0,116.0,0.017,6.48
7764.0,-205.0,-55.0,0.025,6.96
7769.0,-308.0,-338.0,-0.042,7.21
7773.0,97.0,-477.0,0.117,6.48
7776.0,-136.0,-394.0,0.05,6.48
7780.0,-243.0,327.0,0.042,6.96
7783.0,-466.0,74.0,-0.008,6.72
7787.0,-183.0,-285.0,0.05,6.72
7790.0,208.0,-646.0,0.0,6.48
7794.0,365.0,-273.0,-0.033,6.72
7797.0,118.0,-140.0,-0.017,6.72
7801.0,129.0,-137.0,0.042,6.96
7804.0,136.0,-538.0,0.017,6.72
7809.0,27.0,-639.0,0.075,6.48
7812.0,-84.0,-288.0,0.067,6.48
7816.0,85.0,-239.0,-0.025,7.21
7820.0,242.0,-374.0,0.075,6.48
7823.0,-137.0,-249.0,0.033,6.48
7827.0,-42.0,-256.0,0.05,6.48
7830.0,151.0,95.0,-0.025,6.48
7834.0,-328.0,168.0,-0.008,6.48
7837.0,-113.0,-393.0,-0.05,6.72
7841.0,-182.0,-84.0,0.008,6.48
7844.0,-167.0,203.0,0.058,6.48
7848.0,-188.0,138.0,0.05,6.72
7852.0,-29.0,-55.0,0.017,6.96
7856.0,-288.0,-684.0,0.033,6.48
7859.0,-453.0,-401.0,0.05,6.48
7863.0,-194.0,-18.0,0.042,7.21
7866.0,-193.0,-253.0,0.033,6.48
7870.0,-158.0,-318.0,0.075,6.48
7874.0,47.0,-135.0,0.033,6.48
7877.0,-112.0,-92.0,0.058,6.48
7881.0,-563.0,-69.0,0.017,6.72
7884.0,-474.0,-354.0,0.033,6.96
7888.0,-193.0,-387.0,0.058,6.96
7891.0,-20.0,-300.0,-0.017,6.72
7896.0,-237.0,-23.0,0.017,6.48
7899.0,62.0,266.0,0.017,6.48
7903.0,155.0,199.0,-0.008,6.96
7906.0,-176.0,-490.0,0.033,6.96
7910.0,109.0,-13.0,0.067,6.96
7913.0,-4.0,-48.0,-0.025,6.72
7917.0,229.0,-215.0,0.033,6.23
7920.0,70.0,-364.0,-0.017,6.96
7924.0,-263.0,-459.0,0.0,6.48
7927.0,-140.0,-220.0,-0.058,6.48
7931.0,-319.0,-57.0,-0.017,6.48
7936.0,-228.0,-234.0,0.0,6.96
7939.0,-157.0,-117.0,0.025,6.72
7943.0,-196.0,200.0,0.008,7.21
7946.0,-479.0,323.0,0.067,6.48
7950.0,-544.0,12.0,0.05,6.72
7953.0,-403.0,-225.0,0.075,6.96
7957.0,-328.0,26.0,0.017,6.48
7960.0,99.0,67.0,-0.008,6.48
7964.0,168.0,114.0,0.083,6.96
7967.0,215.0,-47.0,0.067,6.72
7971.0,-100.0,-302.0,0.067,6.48
7974.0,-361.0,-263.0,0.008,6.48
7979.0,-60.0,224.0,0.067,6.72
7982.0,201.0,-99.0,0.017,6.72
7986.0,-126.0,-408.0,0.042,6.48
7990.0,-273.0,-403.0,-0.05,6.48
7993.0,-250.0,-96.0,0.008,6.96
7997.0,-449.0,121.0,-0.092,6.96
8000.0,-272.0,90.0,0.042,6.48
8004.0,37.0,-215.0,0.067,6.48
8007.0,-120.0,-484.0,0.05,6.48
8011.0,-389.0,-327.0,0.067,6.96
8014.0,-38.0,-2.0,0.092,6.96
8018.0,-373.0,425.0,0.05,6.48
8022.0,-320.0,-10.0,0.0,6.96
8026.0,71.0,-219.0,-0.017,6.48
8029.0,-86.0,-402.0,0.067,6.72
8033.0,-313.0,-377.0,0.042,6.48
8036.0,-468.0,-448.0,0.033,6.48
8040.0,-137.0,-149.0,0.042,6.72
8043.0,-30.0,14.0,0.0,6.48
8047.0,-161.0,-39.0,0.033,6.96
8050.0,180.0,-148.0,0.05,6.96
8054.0,97.0,-265.0,0.083,6.48
8057.0,-108.0,40.0,0.1,6.48
8061.0,-311.0,131.0,0.075,6.96
8066.0,-170.0,106.0,0.025,6.72
8069.0,-515.0,33.0,0.0,6.48
8073.0,-350.0,-262.0,0.017,6.48
8076.0,-105.0,55.0,0.0,6.48
8080.0,-10.0,50.0,0.042,6.96
8083.0,-199.0,-173.0,0.017,6.48
8087.0,-96.0,-308.0,-0.008,6.48
8090.0,-65.0,-107.0,-0.033,6.48
8094.0,-162.0,160.0,0.017,7.45
8097.0,59.0,-107.0,0.05,6.72
8101.0,70.0,-160.0,0.033,6.48
8104.0,97.0,-309.0,-0.017,6.72
8109.0,4.0,-500.0,0.058,6.72
8112.0,-7.0,-103.0,-0.025,6.72
8116.0,-224.0,66.0,0.083,6.72
8119.0,-295.0,-71.0,0.0,6.72
8123.0,-16.0,-520.0,0.008,6.48
8126.0,111.0,-131.0,0.033,6.48
8130.0,-278.0,198.0,0.075,6.72
8133.0,-285.0,17.0,0.025,6.48
8137.0,-56.0,-320.0,-0.025,6.72
8140.0,123.0,-405.0,0.058,6.96
8144.0,98.0,54.0,0.025,6.48
8147.0,-335.0,159.0,0.083,6.48
8152.0,-332.0,-104.0,0.042,6.48
8155.0,-21.0,-309.0,0.067,6.72
8159.0,-60.0,-204.0,-0.008,6.72
8162.0,-237.0,307.0,0.017,6.48
8166.0,-248.0,238.0,-0.017,6.48
8169.0,41.0,-315.0,0.042,6.72
8173.0,-80.0,-354.0,0.0,6.48
8176.0,-185.0,-103.0,0.025,6.96
8180.0,74.0,146.0,0.033,6.23
8184.0,161.0,35.0,0.067,6.48
8187.0,-4.0,36.0,0.0,6.48
8190.0,113.0,-361.0,0.05,7.21
8195.0,250.0,146.0,0.033,6.48
8199.0,229.0,241.0,0.008,7.21
8202.0,-94.0,-4.0,0.033,6.48
8205.0,-243.0,-315.0,0.033,6.96
8209.0,-504.0,-10.0,0.033,7.21
8213.0,-295.0,211.0,0.067,6.48
8216.0,-322.0,72.0,0.033,6.72
8220.0,13.0,-493.0,0.008,6.48
8223.0,-288.0,-264.0,-0.008,6.96
8227.0,-447.0,-231.0,0.067,6.48
8230.0,-372.0,-272.0,0.008,6.72
8235.0,127.0,-163.0,0.042,6.72
8238.0,252.0,-4.0,0.017,7.21
8242.0,139.0,117.0,0.0,6.48
8245.0,-72.0,200.0,0.0,6.48
8249.0,-207.0,-125.0,0.025,6.48
8252.0,84.0,44.0,0.025,6.72
8256.0,-105.0,-9.0,-0.008,6.48
8259.0,-128.0,-40.0,0.008,6.48
8263.0,-39.0,237.0,-0.008,6.72
8266.0,252.0,268.0,0.017,6.48
8270.0,79.0,-181.0,0.0,6.48
8273.0,-232.0,-298.0,0.067,6.96
8278.0,-83.0,267.0,0.017,6.96
8281.0,-218.0,224.0,0.008,6.48
8285.0,-323.0,183.0,0.033,6.48
8288.0,-34.0,-220.0,0.033,6.96
8292.0,-127.0,-371.0,0.067,6.96
8295.0,-148.0,258.0,0.008,6.96
8299.0,-191.0,333.0,0.083,6.48
8303.0,-276.0,14.0,-0.008,6.48
8306.0,-149.0,-15.0,-0.05,6.96
8310.0,-42.0,-28.0,0.042,6.48
8313.0,141.0,161.0,0.042,7.21
8317.0,236.0,-78.0,0.042,6.96
8321.0,-169.0,-555.0,0.033,6.72
8325.0,-178.0,-636.0,0.017,6.72
8328.0,-97.0,-45.0,-0.025,6.48
8332.0,6.0,110.0,0.008,6.96
8335.0,-9.0,27.0,0.008,6.48
8339.0,-46.0,-92.0,0.042,6.96
8342.0,-219.0,173.0,0.033,6.48
8346.0,-338.0,320.0,0.075,6.48
8349.0,-43.0,173.0,0.017,6.48
8353.0,-132.0,-16.0,0.033,6.72
8356.0,-117.0,-171.0,0.058,6.72
8360.0,282.0,20.0,0.033,6.48
8364.0,-79.0,-261.0,0.058,6.48
8368.0,-104.0,-324.0,0.008,6.72
8371.0,-183.0,-387.0,0.025,6.96
8375.0,-128.0,-374.0,0.033,6.96
8378.0,-267.0,-169.0,0.033,6.48
8382.0,-14.0,-132.0,0.025,6.48
8385.0,155.0,-15.0,0.008,6.48
8389.0,30.0,-264.0,0.017,6.48
8393.0,-339.0,-129.0,0.017,7.21
8396.0,-436.0,-38.0,0.025,6.72
8400.0,-213.0,159.0,0.067,6.48
8403.0,-62.0,-174.0,0.025,6.48
8408.0,-221.0,-345.0,0.05,6.48
8411.0,-416.0,22.0,0.033,6.48
8415.0,-285.0,-1.0,-0.008,6.48
8418.0,-36.0,-338.0,0.025,6.48
8422.0,137.0,-567.0,0.075,6.48
8425.0,-168.0,-342.0,0.025,6.48
8429.0,-293.0,-27.0,0.083,6.72
8432.0,172.0,-8.0,-0.025,6.96
8436.0,363.0,-407.0,0.058,7.21
8439.0,-194.0,-108.0,0.025,6.48
8443.0,-133.0,29.0,0.0,6.96
8446.0,64.0,148.0,0.008,6.96
8451.0,97.0,147.0,0.025,6.72
8454.0,-248.0,4.0,0.033,6.48
8458.0,-171.0,-237.0,0.008,6.96
8461.0,42.0,304.0,-0.025,6.48
8465.0,125.0,247.0,-0.017,6.48
8469.0,-192.0,-154.0,0.033,6.96
8472.0,-501.0,-405.0,0.0,6.48
8476.0,-324.0,-252.0,0.025,6.48
8479.0,-137.0,301.0,0.017,6.48
8483.0,-204.0,-50.0,0.067,6.48
8486.0,-7.0,-339.0,0.067,7.21
8491.0,58.0,-384.0,0.033,6.48
8494.0,-125.0,-381.0,0.05,6.48
8498.0,-130.0,-96.0,0.017,6.48
8501.0,35.0,-83.0,0.033,6.48
8505.0,-130.0,-470.0,0.025,6.48
8508.0,-157.0,-193.0,0.058,6.48
8512.0,-330.0,-212.0,0.033,6.96
8515.0,-195.0,-139.0,0.083,6.48
8519.0,276.0,-134.0,0.0,6.48
8522.0,453.0,-441.0,0.008,6.72
8526.0,-24.0,-178.0,-0.008,6.48
8530.0,147.0,-53.0,-0.008,6.48
8534.0,-144.0,-76.0,0.033,6.72
8538.0,-123.0,-347.0,-0.017,6.48
8541.0,-86.0,-348.0,0.025,6.48
8545.0,-235.0,369.0,-0.025,6.48
8548.0,-26.0,136.0,0.008,6.48
8552.0,-69.0,-287.0,0.008,6.48
8555.0,128.0,72.0,-0.008,6.72
8559.0,119.0,-219.0,0.058,6.72
8562.0,-96.0,-308.0,0.017,6.48
8566.0,-169.0,-225.0,-0.017,6.48
8569.0,-214.0,-390.0,0.017,6.23
8573.0,-75.0,-113.0,0.0,6.48
8577.0,-264.0,40.0,0.025,6.72
8581.0,-219.0,-3.0,0.083,6.72
8584.0,-316.0,-240.0,0.033,6.72
8588.0,-285.0,-323.0,0.008,6.72
8592.0,-196.0,-492.0,0.05,6.48
8595.0,-103.0,-149.0,-0.017,6.48
8599.0,234.0,166.0,0.083,6.48
8602.0,-101.0,87.0,0.05,6.48
8606.0,-72.0,-72.0,0.0,6.72
8609.0,-25.0,227.0,0.017,6.72
8613.0,-168.0,154.0,-0.008,6.48
8616.0,123.0,51.0,-0.025,6.72
8621.0,80.0,-236.0,0.042,7.21
8624.0,-61.0,-25.0,-0.017,6.72
8628.0,-346.0,-12.0,0.042,6.48
8631.0,-173.0,-323.0,0.05,6.72
8635.0,-248.0,-818.0,0.042,6.96
8638.0,-105.0,-737.0,0.017,6.72
8642.0,332.0,-412.0,0.0,6.48
8645.0,-31.0,-69.0,0.042,6.96
8649.0,-236.0,282.0,0.042,6.96
8652.0,-309.0,-43.0,0.092,6.96
8656.0,-522.0,-250.0,0.042,6.72
8659.0,-299.0,17.0,0.067,6.48
8664.0,-120.0,168.0,0.058,6.48
8667.0,85.0,-219.0,0.008,6.48
8671.0,-202.0,-584.0,0.042,6.96
8675.0,-221.0,-185.0,0.058,6.96
8678.0,-276.0,190.0,0.05,6.48
8682.0,-157.0,313.0,0.058,6.48
8685.0,-4.0,-166.0,0.042,7.21
8689.0,287.0,-525.0,0.025,6.48
8692.0,-36.0,-408.0,0.058,6.96
8696.0,-229.0,-189.0,0.05,6.72
8699.0,-228.0,-512.0,0.008,6.96
8704.0,-175.0,-425.0,0.058,6.96
8707.0,-262.0,-238.0,0.017,6.72
8711.0,277.0,-239.0,0.0,6.72
8714.0,270.0,32.0,0.0,6.48
8718.0,-39.0,-313.0,0.042,6.48
8721.0,-94.0,-216.0,0.025,6.48
8725.0,-201.0,-259.0,0.05,6.72
8729.0,-392.0,66.0,0.067,6.72
8732.0,13.0,-215.0,0.025,6.96
8736.0,-82.0,-440.0,0.0,6.96
8739.0,-119.0,-153.0,0.067,6.96
8743.0,-48.0,-34.0,0.058,6.96
8747.0,309.0,291.0,0.025,6.72
8751.0,114.0,-82.0,0.033,6.48
8754.0,-55.0,-367.0,0.058,6.48
8758.0,278.0,-2.0,0.0,6.72
8761.0,149.0,-103.0,0.017,6.96
8765.0,106.0,-28.0,0.017,6.96
8768.0,-15.0,-481.0,0.025,6.48
8772.0,-86.0,-74.0,0.042,6.96
8775.0,-241.0,5.0,0.108,6.96
8779.0,-496.0,-196.0,0.025,6.48
8782.0,-79.0,-103.0,0.008,6.96
8786.0,-306.0,-416.0,0.008,6.23
8790.0,-229.0,-287.0,0.008,6.48
8794.0,-152.0,76.0,0.075,7.21
8797.0,-289.0,201.0,0.033,6.48
8801.0,-296.0,-344.0,0.0,6.48
8804.0,-27.0,-387.0,-0.008,6.72
8808.0,-360.0,-58.0,0.075,6.72
8811.0,-101.0,-117.0,0.05,7.21
8815.0,-250.0,52.0,0.042,6.48
8818.0,-289.0,-341.0,-0.042,6.48
8822.0,-80.0,-444.0,-0.008,6.48
8825.0,-85.0,121.0,0.025,6.48
8829.0,-126.0,390.0,0.05,6.48
8834.0,-355.0,-169.0,0.017,6.72
8837.0,-446.0,-132.0,0.017,6.48
8841.0,-373.0,-81.0,-0.017,6.96
8844.0,-358.0,-118.0,0.058,6.72
8848.0,-67.0,-145.0,0.017,6.48
8851.0,-24.0,-114.0,0.042,6.48
8855.0,-57.0,-341.0,0.042,6.48
8858.0,-292.0,-254.0,-0.017,6.72
8862.0,-347.0,133.0,-0.025,6.48
8865.0,-514.0,0.0,-0.042,6.48
8869.0,-363.0,-361.0,0.025,6.48
8872.0,64.0,-480.0,0.05,6.48
8877.0,169.0,-459.0,0.033,6.96
8881.0,-204.0,-82.0,-0.058,6.48
8884.0,-111.0,-113.0,0.025,6.72
8888.0,-182.0,-284.0,0.0,6.48
8891.0,-325.0,-7.0,0.092,6.48
8895.0,-380.0,294.0,0.092,6.96
8898.0,-233.0,297.0,0.058,6.48
8902.0,-14.0,226.0,0.0,6.96
8905.0,57.0,203.0,0.0,6.48
8909.0,-326.0,200.0,-0.008,6.48
8912.0,-511.0,27.0,0.0,6.72
8916.0,-282.0,-90.0,0.017,6.72
8920.0,-3.0,-153.0,0.033,7.21
8924.0,28.0,-378.0,0.05,6.48
8927.0,-311.0,-267.0,-0.025,6.48
8931.0,-238.0,372.0,0.025,6.48
8934.0,-435.0,-135.0,0.033,6.48
8938.0,-302.0,0.0,0.017,6.48
8941.0,37.0,179.0,0.033,6.48
8945.0,-100.0,266.0,-0.025,6.72
8948.0,-55.0,121.0,-0.017,6.96
8952.0,-404.0,-330.0,-0.008,6.48
8955.0,-349.0,-59.0,0.042,6.48
8960.0,-178.0,236.0,0.017,6.72
8963.0,-203.0,-43.0,0.058,6.96
8967.0,-240.0,-198.0,-0.017,6.48
8971.0,281.0,-143.0,-0.025,6.48
8974.0,390.0,-330.0,0.033,7.21
8978.0,107.0,-41.0,-0.042,6.48
8981.0,-276.0,134.0,0.033,6.96
8985.0,-441.0,-243.0,0.033,6.96
8988.0,-272.0,-466.0,0.033,6.48
8992.0,155.0,-107.0,0.067,6.48
8995.0,146.0,204.0,0.025,6.96
8999.0,35.0,159.0,0.075,6.48
9003.0,-154.0,-466.0,0.033,6.48
9007.0,-129.0,-417.0,0.042,6.48
9011.0,-30.0,6.0,0.017,6.48
9014.0,-219.0,313.0,0.008,6.48
9018.0,398.0,-78.0,0.042,6.48
9021.0,129.0,-135.0,0.042,6.48
9025.0,-44.0,-140.0,0.092,6.96
9028.0,-165.0,169.0,0.008,6.48
9032.0,-196.0,282.0,0.05,6.48
9035.0,-219.0,-261.0,0.017,6.72
9039.0,286.0,-416.0,0.042,6.72
9042.0,163.0,-7.0,0.017,6.72
9047.0,-430.0,40.0,0.042,6.72
9050.0,-307.0,-209.0,0.033,6.72
9054.0,-310.0,-442.0,-0.058,6.72
9057.0,-385.0,-351.0,-0.025,6.48
9061.0,-24.0,158.0,-0.033,6.23
9065.0,323.0,107.0,0.133,6.48
9068.0,370.0,-268.0,0.058,6.96
9072.0,-121.0,-243.0,0.033,6.48
9075.0,-346.0,-316.0,0.0,6.48
9079.0,-333.0,-237.0,0.083,6.96
9082.0,-226.0,-38.0,0.0,6.48
9086.0,43.0,-343.0,0.083,6.48
9090.0,-170.0,-450.0,0.1,6.48
9094.0,-211.0,-171.0,0.058,6.48
9097.0,16.0,-190.0,-0.017,6.48
9101.0,-27.0,-481.0,-0.067,6.96
9104.0,-152.0,-166.0,-0.058,6.48
9108.0,-131.0,-217.0,0.017,6.96
9111.0,-84.0,-138.0,0.042,6.48
9115.0,-193.0,-173.0,0.025,6.48
9119.0,-200.0,-192.0,0.0,6.48
9122.0,-27.0,-73.0,-0.017,6.48
9126.0,-264.0,-70.0,0.008,6.72
9129.0,-131.0,37.0,0.05,6.96
9134.0,418.0,-82.0,0.058,6.48
9137.0,-5.0,-289.0,0.05,6.48
9141.0,-34.0,-146.0,0.042,6.72
9144.0,-47.0,47.0,0.05,6.48
9148.0,-56.0,-330.0,-0.017,6.96
9151.0,-87.0,-573.0,0.083,6.72
9155.0,-4.0,-442.0,0.0,6.72
9158.0,-317.0,-121.0,0.017,6.48
9162.0,-452.0,-108.0,0.0,6.72
9165.0,-293.0,-55.0,0.008,6.48
9169.0,-94.0,-70.0,0.0,6.72
9172.0,-229.0,-51.0,0.017,6.48
9177.0,-368.0,46.0,-0.008,6.48
9180.0,-249.0,-3.0,0.017,6.48
9183.0,-90.0,-212.0,0.05,6.96
9187.0,-267.0,-363.0,0.042,6.72
9191.0,-302.0,-294.0,0.067,6.48
9194.0,-379.0,293.0,0.033,6.48
9198.0,-154.0,-104.0,0.008,6.48
9201.0,1.0,-103.0,-0.033,6.48
9205.0,148.0,-112.0,0.058,6.72
9208.0,-167.0,-359.0,0.083,6.72
9212.0,-126.0,-180.0,0.017,6.48
9216.0,-147.0,-113.0,0.017,6.48
9220.0,-8.0,-334.0,0.017,7.7
9223.0,283.0,-165.0,0.017,7.21
9227.0,-180.0,-196.0,0.067,6.72
9231.0,-335.0,-129.0,0.008,6.48
9234.0,-2.0,-238.0,0.017,6.96
9238.0,127.0,-293.0,0.025,6.72
9241.0,-158.0,-22.0,0.025,6.48
9245.0,-253.0,177.0,0.025,6.48
9248.0,-86.0,-2.0,0.017,6.48
9252.0,-229.0,-121.0,-0.05,6.72
9255.0,-308.0,-276.0,-0.05,6.96
9260.0,-359.0,-107.0,-0.033,6.48
9263.0,-60.0,-430.0,-0.017,6.48
9267.0,273.0,-557.0,0.117,6.96
9270.0,118.0,-486.0,0.083,6.96
9274.0,153.0,-381.0,0.0,6.48
9277.0,48.0,-16.0,0.033,7.21
9281.0,-277.0,183.0,0.05,6.96
9284.0,-82.0,-218.0,0.033,6.72
9288.0,-177.0,-327.0,0.05,6.72
9292.0,-578.0,-214.0,0.017,6.48
9295.0,-193.0,109.0,0.025,6.72
9299.0,296.0,-18.0,0.075,6.48
9303.0,361.0,-157.0,0.042,6.48
9307.0,24.0,-32.0,0.017,6.48
9310.0,-255.0,73.0,0.058,6.48
9314.0,-508.0,78.0,0.0,6.96
9317.0,-329.0,-179.0,0.008,6.96
9321.0,-194.0,-270.0,0.05,7.21
9324.0,-69.0,-437.0,0.042,6.72
9328.0,-222.0,-122.0,0.025,6.48
9331.0,-539.0,231.0,0.0,6.72
9335.0,-428.0,-356.0,0.017,6.48
9338.0,-237.0,-323.0,0.042,7.21
9342.0,46.0,-364.0,-0.008,6.48
9346.0,61.0,77.0,-0.05,6.72
9350.0,-62.0,90.0,-0.025,6.48
9353.0,163.0,-39.0,0.025,6.96
9357.0,92.0,-50.0,0.058,6.48
9360.0,-427.0,485.0,0.025,6.23
9364.0,-240.0,304.0,0.025,6.48
9367.0,265.0,-167.0,0.017,6.48
9371.0,388.0,-510.0,0.075,6.48
9375.0,227.0,-303.0,0.058,6.48
9378.0,-116.0,-60.0,0.0,6.96
9382.0,-317.0,-39.0,0.042,6.72
9385.0,-284.0,-170.0,0.092,6.48
9390.0,-57.0,-93.0,0.017,6.48
9393.0,-104.0,-38.0,-0.008,7.21
9397.0,-179.0,-103.0,-0.008,6.48
9400.0,-154.0,-58.0,0.0,6.96
9404.0,-497.0,-53.0,0.05,6.96
9407.0,-604.0,-114.0,0.033,6.72
9411.0,-299.0,-205.0,0.0,6.48
9414.0,-10.0,-258.0,0.05,6.48
9418.0,-49.0,-169.0,0.05,6.96
9421.0,16.0,-308.0,0.025,6.96
9425.0,-145.0,17.0,0.033,6.48
9428.0,-350.0,194.0,0.017,6.48
9433.0,-409.0,-73.0,0.067,6.48
9436.0,-272.0,-76.0,0.017,6.48
9440.0,427.0,-191.0,0.083,6.96
9443.0,160.0,-286.0,-0.008,6.72
9447.0,-305.0,-73.0,0.042,6.72
9451.0,-574.0,-94.0,0.0,6.48
9454.0,-371.0,-159.0,0.042,6.48
9458.0,-214.0,-170.0,0.15,6.48
9461.0,-97.0,-75.0,0.05,6.96
9465.0,-114.0,44.0,0.05,6.48
9468.0,-223.0,-113.0,0.008,6.48
9473.0,-144.0,-250.0,0.025,6.96
9476.0,-289.0,143.0,0.075,6.48
9480.0,-270.0,222.0,0.033,6.96
9483.0,-145.0,-17.0,0.033,6.48
9487.0,158.0,-40.0,0.008,6.72
9490.0,-73.0,-143.0,0.008,6.72
9494.0,-244.0,-110.0,0.042,6.72
9497.0,-69.0,29.0,0.067,6.96
9501.0,-460.0,-60.0,-0.025,6.48
9504.0,-481.0,-301.0,0.033,7.21
9508.0,-158.0,-376.0,0.033,6.48
9512.0,-123.0,-153.0,0.033,6.72
9516.0,-82.0,-144.0,0.067,6.48
9520.0,-325.0,-121.0,0.058,6.72
9523.0,-140.0,-444.0,0.025,6.48
9527.0,-97.0,61.0,0.058,6.72
9530.0,-136.0,184.0,0.033,6.48
9534.0,-329.0,-119.0,-0.008,6.48
9537.0,-170.0,-118.0,0.092,6.48
9541.0,-53.0,205.0,0.042,6.96
9544.0,120.0,276.0,0.075,6.48
9548.0,-125.0,71.0,0.05,6.48
9551.0,-260.0,-404.0,0.033,6.48
9555.0,85.0,-243.0,0.033,6.48
9559.0,60.0,116.0,0.017,6.72
9563.0,95.0,191.0,0.05,6.96
9566.0,-168.0,432.0,0.017,6.48
9570.0,-63.0,-205.0,0.025,6.48
9574.0,-134.0,-130.0,-0.025,6.48
9577.0,-19.0,-151.0,0.008,6.96
9581.0,-116.0,-138.0,0.117,7.21
9584.0,-211.0,97.0,0.05,6.72
9588.0,-174.0,-94.0,0.05,6.48
9591.0,-163.0,-291.0,0.067,6.48
9595.0,-178.0,450.0,0.025,6.48
9598.0,-95.0,141.0,-0.058,6.48
9603.0,-94.0,-284.0,-0.025,6.96
9606.0,247.0,-415.0,0.075,6.48
9610.0,200.0,-412.0,0.0,6.48
9613.0,41.0,243.0,0.05,6.48
9617.0,-124.0,-228.0,0.033,6.48
9620.0,-233.0,-477.0,-0.008,6.48
9624.0,36.0,-316.0,0.083,6.48
9627.0,-175.0,77.0,0.017,6.48
9631.0,-194.0,200.0,0.025,6.72
9635.0,-65.0,-229.0,0.025,7.21
9638.0,-226.0,-272.0,0.025,6.48
9643.0,-119.0,27.0,0.058,6.48
9646.0,-338.0,92.0,-0.008,6.48
9650.0,169.0,-83.0,0.025,6.96
9653.0,-114.0,-246.0,0.042,6.48
9657.0,-191.0,-231.0,0.025,6.48
9660.0,138.0,-154.0,0.025,6.48
9664.0,-55.0,-159.0,0.025,6.48
9667.0,-284.0,-168.0,0.042,6.48
9671.0,33.0,-391.0,0.008,6.48
9674.0,120.0,-396.0,-0.017,7.21
9678.0,13.0,-249.0,0.017,6.48
9681.0,-56.0,-52.0,0.075,6.48
9686.0,-421.0,9.0,0.05,6.48
9689.0,-288.0,-366.0,0.025,6.96
9693.0,59.0,-81.0,0.067,6.48
9696.0,-72.0,-44.0,0.025,6.48
9700.0,-61.0,-55.0,0.042,6.48
9703.0,-16.0,-302.0,0.008,7.21
9707.0,75.0,-195.0,0.058,6.48
9710.0,40.0,-62.0,0.017,6.48
9714.0,-337.0,-321.0,0.05,6.23
9717.0,192.0,-386.0,-0.008,6.48
9721.0,-83.0,-447.0,0.025,6.48
9724.0,-102.0,-206.0,-0.033,6.96
9729.0,-97.0,-103.0,-0.017,6.96
9733.0,-170.0,-12.0,0.042,6.48
9736.0,83.0,-93.0,0.058,6.48
9740.0,-24.0,-372.0,0.008,6.96
9743.0,-163.0,-379.0,0.017,6.72
9747.0,-210.0,66.0,0.042,6.72
9750.0,-291.0,-45.0,0.025,6.72
9754.0,-194.0,-356.0,0.033,6.48
9757.0,-159.0,-437.0,0.058,6.48
9761.0,-148.0,-342.0,0.033,6.48
9764.0,47.0,-59.0,0.033,6.23
9768.0,14.0,-98.0,0.025,6.48
9772.0,191.0,-627.0,0.017,6.48
9776.0,82.0,-396.0,0.017,6.72
9779.0,-167.0,213.0,0.058,6.48
9783.0,-172.0,306.0,0.0,6.48
9786.0,-17.0,-255.0,0.017,6.48
9790.0,-178.0,-198.0,-0.008,6.48
9793.0,-275.0,-121.0,0.0,6.72
9797.0,-168.0,-256.0,0.025,6.48
9801.0,-109.0,-85.0,0.008,6.48
9804.0,-26.0,-24.0,0.058,6.96
9807.0,-75.0,-29.0,0.0,6.48
9811.0,-62.0,28.0,0.033,6.72
9815.0,191.0,-129.0,-0.008,6.48
9819.0,118.0,-198.0,0.017,6.48
9822.0,-61.0,-499.0,0.042,6.72
9826.0,-274.0,-236.0,0.0,6.48
9830.0,-261.0,133.0,0.083,6.48
9833.0,-64.0,-162.0,0.042,6.96
9837.0,-269.0,-241.0,0.0,6.96
9840.0,-6.0,-254.0,0.083,6.48
9844.0,63.0,7.0,-0.008,6.96
9847.0,146.0,-32.0,-0.008,6.48
9850.0,153.0,-285.0,0.05,6.48
9854.0,-26.0,-382.0,0.083,6.48
9859.0,299.0,-175.0,0.017,7.21
9862.0,72.0,-198.0,0.05,6.72
9866.0,163.0,5.0,-0.025,6.48
9869.0,226.0,-74.0,0.025,6.48
9873.0,329.0,-479.0,0.025,6.48
9876.0,176.0,-152.0,-0.008,6.96
9880.0,137.0,9.0,0.033,6.48
9883.0,104.0,-54.0,-0.017,6.48
9887.0,189.0,-89.0,0.0,6.48
9890.0,-272.0,-20.0,-0.042,6.48
9894.0,-149.0,339.0,0.042,6.23
9897.0,-280.0,-48.0,0.05,6.72
9902.0,-123.0,-261.0,-0.033,6.96
9905.0,152.0,-372.0,0.017,6.48
9909.0,61.0,-157.0,0.0,6.48
9912.0,336.0,148.0,0.008,6.96
9916.0,-21.0,313.0,0.067,6.48
9919.0,-74.0,-54.0,0.05,6.96
9923.0,19.0,-45.0,0.025,6.48
9926.0,182.0,38.0,-0.008,6.48
9930.0,225.0,79.0,0.05,6.72
9933.0,-152.0,-402.0,-0.008,6.48
9937.0,-361.0,-449.0,0.025,6.48
9940.0,-26.0,28.0,0.033,6.48
9945.0,-237.0,479.0,0.025,6.48
9948.0,-484.0,204.0,0.033,6.48
9952.0,-187.0,-217.0,0.0,6.48
9956.0,-254.0,-88.0,0.017,6.48
9959.0,-109.0,137.0,0.008,6.48
9963.0,20.0,-174.0,-0.025,6.48
9966.0,53.0,-475.0,0.033,6.48
9970.0,-248.0,-356.0,-0.008,6.48
9973.0,-505.0,-127.0,0.025,6.96
9977.0,-444.0,76.0,0.033,6.48
9980.0,-105.0,-65.0,0.058,6.96
9985.0,-276.0,-42.0,0.017,6.96
9988.0,-221.0,21.0,0.075,6.72
9992.0,-320.0,-88.0,0.025,6.48
9995.0,-275.0,-189.0,0.042,6.96
9999.0,-388.0,-16.0,0.042,6.72
10002.0,25.0,-645.0,0.025,6.96
10006.0,436.0,-416.0,-0.025,6.48
10010.0,287.0,-29.0,0.033,6.48
10013.0,106.0,258.0,0.075,6.72
10017.0,119.0,145.0,-0.033,6.48
10020.0,64.0,-56.0,0.067,6.48
10024.0,-163.0,27.0,0.05,6.48
10028.0,-140.0,110.0,-0.017,6.48
10032.0,-283.0,-55.0,0.075,6.48
10036.0,-66.0,-166.0,-0.008,6.96
10039.0,107.0,-191.0,-0.008,6.72
10043.0,-386.0,-118.0,-0.025,6.72
10046.0,251.0,-221.0,0.017,6.48
10050.0,182.0,-236.0,-0.017,6.72
10054.0,339.0,-103.0,0.042,6.48
10057.0,72.0,-82.0,0.025,6.96
10061.0,71.0,73.0,0.05,6.72
10064.0,-52.0,40.0,0.025,6.23
10068.0,5.0,-357.0,0.042,6.72
10072.0,122.0,-72.0,0.058,6.48
10076.0,175.0,-165.0,-0.017,6.48
10079.0,-44.0,-92.0,0.033,7.21
10083.0,-289.0,201.0,0.058,6.48
10087.0,-226.0,-264.0,0.117,6.72
10090.0,-789.0,-233.0,0.1,6.48
10094.0,-404.0,154.0,0.033,6.48
10097.0,-45.0,-95.0,0.017,6.72
10101.0,-244.0,-390.0,0.042,7.21
10105.0,-301.0,-391.0,0.042,6.96
10108.0,-38.0,-260.0,0.0,6.48
10113.0,-117.0,137.0,0.033,6.48
10116.0,-82.0,-40.0,0.033,6.72
10120.0,-139.0,-725.0,0.042,6.48
10123.0,100.0,-478.0,-0.025,6.72
10127.0,49.0,-223.0,0.0,6.48
10131.0,-146.0,10.0,-0.025,6.48
10134.0,-339.0,-425.0,-0.025,6.96
10138.0,-342.0,-474.0,-0.008,6.48
10141.0,-95.0,-39.0,-0.025,6.48
10145.0,108.0,202.0,0.05,6.48
10148.0,129.0,99.0,0.033,6.48
10152.0,-394.0,46.0,0.033,7.21
10157.0,-295.0,-29.0,0.008,6.72
10160.0,-302.0,-82.0,-0.025,6.72
10164.0,-291.0,-33.0,0.008,7.21
10167.0,-108.0,-142.0,0.042,6.48
10171.0,157.0,-235.0,0.033,6.72
10174.0,502.0,-52.0,0.025,6.48
10178.0,-65.0,181.0,-0.008,6.48
10182.0,-220.0,138.0,-0.008,6.96
10185.0,159.0,-227.0,0.008,6.48
10189.0,186.0,-416.0,0.017,7.21
10192.0,83.0,-387.0,0.083,6.48
10196.0,92.0,290.0,0.025,6.96
10201.0,-3.0,-45.0,0.033,6.96
10204.0,46.0,-196.0,0.008,6.48
10208.0,-87.0,-119.0,0.008,6.48
10211.0,-240.0,222.0,0.025,6.48
10215.0,-101.0,109.0,0.042,6.48
10218.0,-122.0,-404.0,0.05,7.21
10222.0,-93.0,-187.0,0.0,6.72
10225.0,-42.0,-224.0,0.042,6.96
10229.0,-229.0,-93.0,0.017,6.48
10233.0,-196.0,-214.0,0.042,6.48
10236.0,179.0,-95.0,0.033,6.96
10241.0,72.0,-442.0,0.05,6.48
10244.0,333.0,-77.0,0.025,6.96
10248.0,30.0,192.0,0.017,6.72
10251.0,-373.0,-111.0,-0.025,6.48
10255.0,-402.0,-108.0,0.058,6.96
10259.0,-215.0,-3.0,0.108,6.72
10262.0,80.0,232.0,0.042,6.48
10266.0,53.0,-39.0,0.058,6.72
10269.0,190.0,-224.0,0.025,6.48
10273.0,-65.0,-43.0,-0.008,6.48
10276.0,-238.0,50.0,0.05,7.21
10280.0,-373.0,193.0,0.008,6.48
10285.0,150.0,-156.0,0.025,6.48
10288.0,-127.0,-121.0,0.025,6.48
10292.0,-152.0,-302.0,0.0,6.96
10295.0,-77.0,-417.0,0.017,6.48
10299.0,194.0,-136.0,0.083,6.96
10302.0,-17.0,-55.0,-0.008,6.48
10306.0,-226.0,-10.0,-0.025,7.21
10310.0,-369.0,-103.0,0.05,6.96
10313.0,-318.0,-328.0,-0.017,6.48
10317.0,-567.0,-733.0,0.067,6.48
10320.0,-526.0,-480.0,0.067,6.48
10324.0,-57.0,-141.0,0.05,6.96
10329.0,32.0,-12.0,0.017,6.96
10332.0,211.0,-161.0,0.017,6.96
10336.0,260.0,-110.0,0.017,6.48
10339.0,105.0,-377.0,0.058,6.96
10343.0,-118.0,-202.0,0.033,6.96
10346.0,-351.0,147.0,0.042,6.72
10350.0,-322.0,-240.0,0.058,6.96
10354.0,-197.0,-147.0,0.008,7.21
10357.0,-38.0,-38.0,-0.017,6.72
10361.0,-83.0,195.0,-0.042,6.96
10364.0,-350.0,-48.0,-0.033,6.48
10369.0,185.0,-177.0,0.05,6.48
10373.0,6.0,-300.0,0.0,6.48
10376.0,-133.0,-47.0,0.025,6.48
10380.0,-74.0,130.0,0.075,6.48
10383.0,45.0,-61.0,0.025,6.72
10387.0,40.0,-352.0,0.008,7.21
10390.0,-251.0,-407.0,0.008,5.99
10394.0,-26.0,308.0,0.042,6.48
10397.0,-193.0,-37.0,0.067,6.72
10401.0,-330.0,-320.0,0.1,6.48
10405.0,-261.0,-385.0,0.083,6.48
10408.0,-202.0,-180.0,0.108,6.48
10413.0,-111.0,157.0,0.017,6.96
10416.0,-508.0,18.0,-0.017,6.96
10420.0,-295.0,-383.0,-0.025,6.48
10424.0,76.0,-308.0,0.042,6.96
10427.0,105.0,15.0,0.042,6.48
10431.0,-108.0,254.0,-0.025,6.72
10434.0,-277.0,-7.0,-0.025,6.48
10438.0,-216.0,-496.0,0.0,6.96
10441.0,-123.0,-275.0,0.05,6.48
10445.0,-70.0,-244.0,0.025,6.48
10449.0,-13.0,-147.0,0.042,6.48
10452.0,18.0,-58.0,0.067,6.48
10457.0,-113.0,57.0,0.0,6.48
10460.0,6.0,258.0,0.067,6.72
10464.0,-27.0,161.0,0.025,6.48
10467.0,-18.0,-184.0,0.092,7.21
10471.0,75.0,-335.0,0.05,6.48
10474.0,40.0,-118.0,0.017,6.48
10478.0,-153.0,29.0,0.042,6.48
10482.0,-108.0,-112.0,-0.017,6.96
10485.0,-153.0,-207.0,0.025,6.96
10489.0,-216.0,-344.0,-0.042,6.72
10492.0,15.0,35.0,0.008,6.48
10497.0,-20.0,436.0,0.05,6.72
10500.0,-475.0,95.0,-0.025,7.45
10504.0,-338.0,-168.0,-0.017,6.48
10508.0,23.0,-281.0,0.025,6.48
10511.0,236.0,-282.0,0.0,6.48
10515.0,29.0,-21.0,0.033,6.72
10518.0,62.0,-248.0,0.033,6.72
10522.0,-17.0,-437.0,-0.008,6.48
10525.0,-104.0,280.0,0.05,6.48
10529.0,-83.0,499.0,0.017,6.72
10533.0,-288.0,34.0,0.025,7.21
10536.0,-237.0,-155.0,0.042,6.96
10541.0,-150.0,-12.0,0.067,6.96
10544.0,-167.0,203.0,0.008,6.72
10548.0,60.0,290.0,0.017,6.72
10551.0,21.0,-251.0,0.075,6.48
10555.0,-208.0,-382.0,-0.025,6.48
10559.0,-355.0,61.0,0.017,6.48
10562.0,-308.0,230.0,0.075,6.72
10566.0,-133.0,-63.0,0.1,6.96
10569.0,200.0,-508.0,0.05,6.96
10573.0,-71.0,-269.0,0.025,6.48
10576.0,-570.0,248.0,0.05,6.96
10580.0,-91.0,327.0,0.025,6.48
10585.0,-142.0,-82.0,0.025,6.96
10588.0,-11.0,-323.0,0.083,6.48
10592.0,66.0,-130.0,0.033,6.48
10595.0,173.0,393.0,-0.008,6.48
10599.0,78.0,306.0,0.033,6.72
10602.0,-73.0,-217.0,0.058,6.48
10606.0,48.0,-36.0,0.017,6.23
10610.0,-303.0,75.0,0.058,6.96
10613.0,-104.0,-30.0,0.05,6.72
10617.0,127.0,-153.0,0.0,6.48
10620.0,138.0,-166.0,0.067,6.72
10625.0,69.0,-53.0,0.117,6.96
10628.0,-254.0,132.0,0.042,6.96
10632.0,-245.0,77.0,0.033,6.96
10636.0,-354.0,-496.0,0.042,6.48
10639.0,-191.0,-37.0,-0.017,6.48
10643.0,-368.0,212.0,0.017,6.48
10646.0,-333.0,273.0,0.083,6.96
10650.0,-254.0,132.0,0.017,7.21
10654.0,-93.0,-299.0,0.017,6.48
10657.0,52.0,-122.0,0.058,6.48
10661.0,241.0,-245.0,0.017,7.21
10664.0,312.0,-322.0,0.033,6.48
10669.0,-17.0,-125.0,0.025,6.72
10672.0,-16.0,-136.0,0.05,6.96
10676.0,-87.0,-217.0,0.033,6.48
10680.0,-224.0,84.0,0.042,6.96
10683.0,-93.0,-121.0,0.067,6.48
10687.0,172.0,-538.0,0.025,6.72
10690.0,-9.0,-571.0,0.017,6.96
10694.0,-394.0,46.0,0.017,6.72
10697.0,-27.0,329.0,0.083,6.48
10701.0,104.0,-666.0,0.017,6.48
10705.0,49.0,-879.0,0.042,6.96
10708.0,-230.0,-154.0,0.05,6.48
10713.0,11.0,107.0,0.067,6.72
10716.0,128.0,-456.0,0.058,6.96
10720.0,-129.0,-271.0,0.05,6.48
10723.0,-314.0,300.0,0.05,6.72
10727.0,-147.0,269.0,0.05,6.48
10731.0,120.0,-38.0,0.025,7.21
10734.0,5.0,-157.0,0.05,6.72
10738.0,24.0,-302.0,0.083,6.48
10741.0,-89.0,67.0,0.008,6.96
10745.0,-330.0,48.0,0.0,6.48
10748.0,9.0,67.0,-0.067,6.48
10753.0,220.0,190.0,-0.042,6.72
10756.0,517.0,-175.0,0.033,6.72
10760.0,-30.0,-56.0,0.033,6.72
10763.0,-107.0,23.0,0.033,6.48
10767.0,36.0,-404.0,0.0,7.21
10771.0,115.0,-293.0,0.042,6.96
10774.0,-68.0,-128.0,-0.017,6.72
10778.0,-273.0,115.0,0.033,6.72
10781.0,176.0,114.0,0.05,6.48
10785.0,221.0,-75.0,-0.008,6.96
10789.0,30.0,-426.0,0.05,6.72
10792.0,-419.0,-11.0,0.05,6.96
10797.0,-406.0,-30.0,0.058,6.48
10800.0,-211.0,-277.0,0.008,6.72
10804.0,-208.0,-232.0,0.1,6.48
10807.0,-31.0,-27.0,0.025,6.72
10811.0,-234.0,212.0,0.0,6.48
10814.0,-351.0,191.0,0.067,6.48
10818.0,-188.0,-196.0,0.025,6.96
10822.0,-283.0,-305.0,0.008,6.48
10825.0,-20.0,-50.0,-0.042,6.72
10829.0,201.0,263.0,0.042,6.48
10832.0,-176.0,-84.0,0.05,6.72
10836.0,-247.0,-43.0,-0.033,6.48
10841.0,-344.0,-114.0,0.058,6.72
10844.0,105.0,279.0,0.033,6.72
10848.0,20.0,112.0,0.067,6.72
10851.0,163.0,-327.0,0.108,6.48
10855.0,-84.0,-580.0,0.092,6.48
10858.0,-243.0,-437.0,0.0,6.96
10862.0,158.0,186.0,0.042,6.48
10866.0,-79.0,247.0,0.008,6.96
10869.0,-302.0,-412.0,0.042,6.48
10873.0,-369.0,-289.0,0.042,6.96
10876.0,-136.0,-96.0,0.042,6.48
10881.0,71.0,-61.0,0.075,6.48
10885.0,-208.0,-96.0,0.058,7.21
10888.0,-97.0,-213.0,-0.008,6.96
10892.0,94.0,-66.0,-0.017,6.48
10895.0,-145.0,-295.0,0.05,6.48
10899.0,-24.0,-102.0,0.083,7.21
10902.0,193.0,-367.0,0.042,6.72
10906.0,178.0,-504.0,0.042,6.96
10910.0,-313.0,1.0,-0.008,6.72
10913.0,-286.0,-210.0,0.075,6.96
10917.0,-57.0,-687.0,-0.017,6.96
10920.0,-96.0,-660.0,0.05,6.72
10925.0,23.0,-139.0,0.058,6.48
10928.0,-134.0,264.0,0.033,6.48
10932.0,-151.0,-109.0,-0.025,6.96
10936.0,-114.0,-496.0,0.033,6.48
10939.0,141.0,-107.0,0.017,6.48
10943.0,146.0,64.0,0.042,6.48
10946.0,133.0,125.0,-0.017,6.72
10950.0,-158.0,-274.0,0.017,6.48
10954.0,3.0,-517.0,0.025,6.48
10957.0,-48.0,-268.0,0.067,6.48
10961.0,1.0,-19.0,0.033,6.48
10964.0,-72.0,190.0,0.017,7.21
10969.0,-3.0,-243.0,-0.05,6.72
10972.0,68.0,-256.0,-0.033,6.48
10976.0,-229.0,-129.0,0.058,6.72
10979.0,-250.0,-22.0,0.05,6.48
10983.0,-307.0,-315.0,0.042,6.96
10987.0,-112.0,-356.0,0.042,6.48
10990.0,-55.0,27.0,-0.042,6.48
10994.0,-122.0,106.0,0.0,6.72
10997.0,-401.0,211.0,-0.025,6.48
11001.0,-122.0,-82.0,0.075,6.48
11004.0,-81.0,103.0,0.033,6.48
11009.0,-170.0,326.0,0.008,6.48
11013.0,-133.0,499.0,-0.017,6.72
11016.0,234.0,160.0,-0.008,7.21
11020.0,123.0,-405.0,0.058,7.45
11023.0,-52.0,-380.0,0.067,6.48
11027.0,-277.0,231.0,0.058,6.48
11031.0,-474.0,66.0,0.05,7.21
11034.0,-469.0,-263.0,-0.008,6.72
11038.0,-320.0,-514.0,-0.042,6.48
11041.0,-87.0,-443.0,-0.058,6.48
11045.0,164.0,-78.0,0.083,6.72
11049.0,-127.0,-91.0,0.058,6.48
11053.0,-300.0,-110.0,0.008,6.48
11057.0,11.0,-125.0,0.025,6.48
11060.0,-70.0,-110.0,0.033,6.48
11064.0,177.0,129.0,0.025,6.48
11067.0,194.0,-422.0,0.033,6.96
11071.0,61.0,-349.0,0.067,6.72
11075.0,-194.0,-134.0,0.0,6.48
11078.0,-25.0,-285.0,-0.008,6.48
11082.0,106.0,-334.0,0.042,6.48
11085.0,45.0,-365.0,0.058,6.48
11089.0,-50.0,-158.0,0.067,6.48
11092.0,-99.0,103.0,0.017,6.48
11097.0,-130.0,94.0,0.042,6.72
11101.0,115.0,217.0,0.05,6.48
11104.0,-154.0,118.0,0.1,6.48
11108.0,-149.0,125.0,0.075,6.72
11111.0,-68.0,-216.0,0.033,6.48
11115.0,-271.0,-105.0,0.05,6.48
11119.0,-96.0,-372.0,0.033,6.48
11122.0,101.0,-441.0,-0.017,6.48
11126.0,-196.0,-100.0,-0.017,6.96
11129.0,-215.0,109.0,0.008,6.72
11133.0,234.0,-446.0,0.117,6.48
11138.0,493.0,-565.0,0.042,6.48
11141.0,100.0,-306.0,0.008,6.72
11145.0,-313.0,-15.0,0.058,6.48
11148.0,-460.0,-158.0,0.033,6.72
11152.0,-409.0,-129.0,0.008,6.72
11156.0,-92.0,-50.0,0.042,7.21
11159.0,-9.0,-135.0,0.008,6.96
11163.0,274.0,-126.0,0.075,6.72
11166.0,-21.0,-83.0,0.033,6.96
11170.0,-174.0,-300.0,0.0,6.48
11173.0,-109.0,-307.0,-0.008,6.48
11177.0,-320.0,116.0,0.008,6.48
11182.0,-251.0,27.0,0.042,6.48
11185.0,152.0,-242.0,0.083,6.96
11189.0,103.0,-363.0,0.042,6.48
11192.0,-20.0,-106.0,0.025,6.48
11196.0,-215.0,103.0,0.042,6.96
11199.0,-100.0,-386.0,0.017,6.48
11203.0,115.0,-595.0,0.05,6.48
11207.0,162.0,-186.0,0.042,6.48
11210.0,117.0,119.0,-0.042,6.48
11214.0,-180.0,242.0,0.0,6.48
11217.0,-419.0,-313.0,0.075,6.96
11222.0,-400.0,-166.0,0.042,6.48
11226.0,-263.0,-139.0,0.017,6.48
11229.0,-232.0,-22.0,-0.025,7.21
11233.0,-193.0,-233.0,0.058,6.48
11236.0,-138.0,-204.0,0.008,6.48
11240.0,-127.0,-127.0,0.1,6.48
11244.0,-234.0,286.0,0.083,6.72
11247.0,-235.0,85.0,0.042,6.48
11251.0,-40.0,162.0,0.067,7.21
11254.0,181.0,-67.0,-0.008,6.48
11258.0,-72.0,-158.0,0.05,7.45
11261.0,-445.0,121.0,0.083,6.48
11266.0,-310.0,-48.0,-0.008,6.48
11270.0,-209.0,-227.0,0.033,6.48
11273.0,-326.0,10.0,0.008,6.96
11277.0,-351.0,-117.0,0.083,6.48
11280.0,-330.0,-242.0,0.067,6.48
11284.0,-149.0,-521.0,0.033,6.48
11288.0,-128.0,0.0,0.017,6.48
11291.0,-203.0,385.0,0.042,6.72
11295.0,-8.0,446.0,0.05,6.48
11298.0,-119.0,193.0,0.05,6.48
11302.0,-244.0,-182.0,0.008,6.48
11305.0,-141.0,-369.0,0.042,6.72
11310.0,-296.0,-130.0,0.075,6.72
11314.0,-181.0,-17.0,0.042,6.96
11317.0,-360.0,-88.0,0.017,6.48
11321.0,-391.0,-417.0,0.042,7.21
11324.0,-272.0,-244.0,0.058,6.72
11328.0,-255.0,73.0,0.067,6.48
11332.0,-162.0,88.0,0.05,6.48
11335.0,-197.0,-373.0,0.025,6.48
11339.0,-274.0,-352.0,0.033,6.48
11342.0,113.0,-93.0,0.067,6.48
11346.0,430.0,6.0,0.033,6.48
11350.0,193.0,-173.0,-0.008,6.48
11354.0,-216.0,-104.0,0.042,6.96
11358.0,-337.0,-169.0,0.075,6.72
11361.0,-236.0,66.0,0.05,7.21
11365.0,-201.0,107.0,0.033,6.48
11368.0,-10.0,-380.0,0.058,6.48
11372.0,-141.0,-303.0,-0.017,6.48
11376.0,-52.0,-114.0,0.0,6.48
11379.0,-139.0,-21.0,0.017,6.48
11383.0,-218.0,0.0,0.033,6.72
11386.0,11.0,-189.0,0.05,6.23
11390.0,10.0,0.0,0.042,6.72
11394.0,-47.0,331.0,0.05,6.96
11398.0,-124.0,150.0,-0.05,6.48
11401.0,-113.0,-257.0,0.042,6.48
11405.0,-400.0,-220.0,0.05,6.72
11409.0,-197.0,63.0,0.025,6.72
11412.0,184.0,-38.0,0.033,6.48
11416.0,39.0,-307.0,0.083,6.48
11419.0,-222.0,-390.0,0.05,6.48
11423.0,-37.0,-405.0,0.042,6.72
11426.0,40.0,-158.0,0.042,6.96
11430.0,-199.0,311.0,0.05,6.48
11435.0,-288.0,-328.0,0.05,6.72
11438.0,-217.0,-403.0,-0.017,6.48
11442.0,-68.0,-276.0,0.017,6.96
11445.0,55.0,-169.0,-0.067,6.48
11449.0,-286.0,-382.0,-0.017,6.48
11453.0,-629.0,-389.0,0.025,6.48
11456.0,-146.0,-146.0,0.033,6.48
11460.0,13.0,-29.0,-0.042,6.96
11463.0,92.0,-72.0,0.033,6.96
11467.0,-43.0,-223.0,0.025,6.96
11470.0,-76.0,-556.0,0.042,6.72
11474.0,-15.0,-685.0,0.083,6.72
11478.0,14.0,164.0,-0.017,6.48
11482.0,-105.0,-121.0,-0.017,6.48
11486.0,-204.0,-412.0,0.0,6.48
11489.0,-31.0,-433.0,0.017,6.48
11493.0,-84.0,-136.0,0.042,6.48
11496.0,-117.0,165.0,0.1,6.48
11500.0,-206.0,-360.0,0.0,6.96
11504.0,-351.0,-469.0,0.008,6.48
11507.0,68.0,-472.0,-0.008,6.48
11511.0,-31.0,-269.0,0.067,6.48
11514.0,44.0,-62.0,0.05,6.48
11518.0,45.0,-219.0,-0.008,6.72
11522.0,186.0,-404.0,0.017,6.48
11526.0,-29.0,-123.0,0.0,6.96
11529.0,-162.0,-12.0,0.017,6.48
11533.0,-67.0,-119.0,0.033,6.48
11537.0,-166.0,-356.0,0.008,6.48
11540.0,-107.0,-275.0,-0.008,6.72
11544.0,16.0,322.0,0.017,6.72
11547.0,9.0,-81.0,0.05,6.72
11551.0,216.0,-452.0,0.025,6.48
11554.0,-9.0,-361.0,-0.008,6.96
11558.0,-380.0,-350.0,0.008,6.48
11563.0,-235.0,-143.0,0.05,6.96
11566.0,-292.0,-126.0,0.025,6.96
11570.0,-169.0,-297.0,-0.033,6.96
11573.0,-162.0,-194.0,0.025,6.48
11577.0,-361.0,121.0,0.042,6.48
11581.0,-452.0,274.0,0.058,6.48
11584.0,-167.0,-25.0,0.042,6.72
11588.0,252.0,-244.0,0.067,6.96
11591.0,-243.0,-109.0,0.033,6.72
11595.0,-262.0,-360.0,0.083,7.21
11599.0,-383.0,-271.0,0.017,6.48
11602.0,-244.0,-502.0,0.0,6.72
11607.0,187.0,-247.0,0.05,6.48
11610.0,130.0,360.0,0.017,6.72
11614.0,-137.0,81.0,0.042,6.48
11618.0,-284.0,-378.0,0.1,6.48
11621.0,-77.0,-145.0,0.092,6.48
11625.0,-32.0,198.0,0.017,6.96
11628.0,-53.0,-101.0,0.025,6.96
11632.0,-168.0,-70.0,0.0,6.96
11635.0,129.0,-239.0,0.017,6.96
11639.0,20.0,-424.0,0.05,6.48
11643.0,-291.0,-25.0,0.042,6.96
11646.0,-338.0,340.0,0.083,6.48
11651.0,-41.0,-257.0,0.067,6.48
11654.0,-8.0,-256.0,0.075,6.72
11658.0,-91.0,-39.0,0.0,6.48
11661.0,-228.0,-22.0,-0.008,6.72
11665.0,-233.0,71.0,0.033,6.48
11668.0,-400.0,32.0,0.033,6.48
11672.0,-157.0,-235.0,0.042,6.48
11676.0,216.0,-48.0,0.0,6.96
11679.0,-87.0,53.0,0.0,6.48
11683.0,-258.0,-110.0,0.058,6.48
11686.0,19.0,-219.0,0.05,6.72
11691.0,-82.0,-374.0,-0.008,6.48
11694.0,-387.0,-113.0,0.017,6.48
11698.0,-356.0,-136.0,0.008,6.48
11701.0,77.0,-265.0,0.042,6.96
11705.0,164.0,-156.0,0.017,6.96
11709.0,83.0,-17.0,0.008,6.48
11712.0,-2.0,-40.0,0.042,6.96
11716.0,-267.0,-71.0,0.083,6.48
11719.0,-118.0,-830.0,0.042,6.48
11723.0,-15.0,-491.0,0.033,6.48
11726.0,-134.0,66.0,-0.042,6.96
11730.0,-163.0,-85.0,0.017,6.48
11734.0,-312.0,-222.0,-0.017,6.72
11738.0,-379.0,-199.0,0.033,6.72
11742.0,-214.0,224.0,0.0,6.72
11745.0,-93.0,-39.0,-0.008,6.48
11749.0,148.0,-184.0,-0.008,6.72
11752.0,-141.0,-349.0,0.058,6.48
11756.0,-290.0,-376.0,0.017,6.96
11760.0,-137.0,23.0,0.008,6.96
11763.0,-60.0,-16.0,0.058,6.48
11767.0,-133.0,-285.0,0.033,6.72
11770.0,-110.0,-324.0,0.025,6.48
11774.0,5.0,-55.0,0.033,6.48
11778.0,-176.0,214.0,0.042,6.72
11782.0,-135.0,-85.0,0.0,6.48
11786.0,-202.0,-92.0,0.017,6.72
11789.0,83.0,-111.0,0.017,6.48
11793.0,182.0,-42.0,0.025,6.72
11796.0,131.0,269.0,0.042,6.48
11800.0,208.0,-154.0,0.042,6.48
11803.0,-329.0,-257.0,0.075,6.96
11807.0,-348.0,216.0,-0.008,6.48
11811.0,-269.0,287.0,0.083,6.96
11814.0,-152.0,20.0,0.008,6.48
11819.0,-1.0,-257.0,0.0,6.72
11822.0,-226.0,-258.0,0.033,6.48
11826.0,-113.0,75.0,-0.033,6.48
11829.0,-132.0,-180.0,-0.008,6.48
11833.0,-105.0,-293.0,0.025,6.48
11837.0,-72.0,-284.0,0.042,6.48
11840.0,-29.0,-251.0,0.033,6.48
11844.0,-30.0,6.0,0.008,6.48
11847.0,-299.0,355.0,0.05,6.48
11851.0,-408.0,-254.0,0.058,6.96
11854.0,1.0,-289.0,-0.033,6.96
11858.0,272.0,-80.0,0.025,6.48
11863.0,101.0,27.0,0.033,6.48
11866.0,-260.0,166.0,0.033,6.48
11870.0,-215.0,129.0,-0.025,6.48
11873.0,-242.0,276.0,0.0,6.48
11877.0,-259.0,427.0,0.058,6.96
11880.0,-12.0,14.0,0.058,6.48
11884.0,-49.0,-259.0,0.033,6.96
11888.0,26.0,-96.0,0.058,6.48
11891.0,-161.0,-55.0,0.083,6.48
11895.0,-136.0,-280.0,0.008,6.72
11898.0,19.0,-207.0,0.008,6.48
11902.0,-6.0,-294.0,0.0,6.48
11906.0,-37.0,-329.0,0.0,6.96
11910.0,156.0,-104.0,0.058,6.48
11913.0,-69.0,-69.0,0.033,6.72
11917.0,-214.0,-642.0,0.05,6.72
11921.0,-417.0,-575.0,-0.025,7.21
11924.0,-108.0,-412.0,0.017,6.72
11928.0,-207.0,59.0,-0.017,6.48
11931.0,-190.0,88.0,0.017,6.48
11935.0,61.0,-431.0,0.092,6.48
11938.0,-12.0,-304.0,0.0,6.72
11942.0,-263.0,-183.0,0.008,6.48
11947.0,-334.0,130.0,0.067,6.48
11950.0,-411.0,-209.0,0.05,6.72
11954.0,-380.0,-612.0,0.083,6.96
11957.0,-313.0,-247.0,0.033,6.96
11961.0,30.0,398.0,0.05,6.48
11965.0,3.0,-137.0,0.05,6.48
11968.0,-328.0,-466.0,0.042,7.21
11972.0,-149.0,-345.0,-0.025,6.48
11975.0,-454.0,-382.0,-0.008,6.48
11979.0,-83.0,143.0,-0.075,6.96
11982.0,160.0,-226.0,0.05,6.48
11986.0,175.0,-297.0,0.058,6.48
11991.0,-116.0,-436.0,-0.008,6.72
11994.0,-175.0,-175.0,0.0,6.48
11998.0,-200.0,-220.0,-0.017,6.48
12001.0,-273.0,-579.0,-0.025,6.48
12005.0,74.0,-452.0,0.05,6.48
12009.0,199.0,-27.0,0.033,6.48
12012.0,-38.0,-40.0,0.025,6.48
12016.0,-215.0,-393.0,-0.025,6.72
12019.0,-2.0,-534.0,0.0,6.48
12023.0,147.0,-129.0,0.067,6.72
12026.0,130.0,-60.0,0.042,7.21
12030.0,-141.0,-9.0,0.067,6.48
12034.0,0.0,-122.0,0.017,6.48
12038.0,269.0,-371.0,-0.05,6.48
12042.0,98.0,-220.0,0.05,6.48
12045.0,27.0,41.0,0.0,6.72
12049.0,348.0,-492.0,0.058,6.96
12052.0,65.0,-483.0,0.008,6.48
12056.0,-124.0,-394.0,0.017,6.48
12059.0,-203.0,-77.0,-0.008,6.48
12063.0,-262.0,194.0,0.033,6.48
12067.0,115.0,-161.0,0.017,6.48
12070.0,62.0,-434.0,0.075,6.48
12075.0,-157.0,-155.0,0.042,6.96
12078.0,-228.0,-12.0,0.067,6.48
12082.0,-101.0,25.0,0.025,6.48
12085.0,-56.0,-56.0,0.025,6.48
12089.0,23.0,-335.0,0.1,6.48
12093.0,114.0,114.0,0.033,6.48
12096.0,139.0,383.0,0.008,6.96
12100.0,108.0,-112.0,0.025,6.48
12103.0,-283.0,-389.0,0.025,6.96
12107.0,-434.0,-342.0,0.05,6.48
12111.0,-271.0,-185.0,0.058,6.48
12114.0,-288.0,-492.0,0.067,6.48
12119.0,65.0,-503.0,0.042,6.72
12122.0,-112.0,-318.0,-0.017,6.48
12126.0,-427.0,-109.0,-0.008,6.48
12130.0,-298.0,36.0,0.008,7.21
12133.0,-467.0,-169.0,0.042,6.48
12137.0,-74.0,-320.0,0.017,7.21
12140.0,193.0,-217.0,0.017,6.96
12144.0,212.0,98.0,0.033,6.48
12148.0,-121.0,367.0,0.017,6.72
12151.0,-242.0,290.0,0.042,6.48
12155.0,-585.0,-91.0,0.058,6.48
12158.0,-368.0,-56.0,0.017,6.72
12163.0,79.0,33.0,0.0,6.96
12166.0,206.0,-484.0,0.025,6.48
12170.0,-115.0,-509.0,0.008,6.72
12174.0,-360.0,-14.0,-0.025,6.48
12177.0,-175.0,491.0,0.075,6.48
12181.0,-196.0,224.0,0.058,6.96
12184.0,-223.0,-135.0,0.025,7.21
12188.0,-340.0,-408.0,-0.033,6.48
12192.0,-241.0,-249.0,0.033,6.96
12195.0,-240.0,-414.0,0.042,6.48
12199.0,-189.0,-395.0,-0.025,6.48
12203.0,-134.0,-146.0,-0.017,6.96
12207.0,-315.0,223.0,0.025,6.96
12211.0,-244.0,536.0,0.017,6.96
12214.0,41.0,445.0,0.008,6.48
12218.0,80.0,-180.0,0.033,6.48
12221.0,-197.0,-323.0,0.033,6.48
12225.0,100.0,-114.0,0.058,6.48
12229.0,-267.0,109.0,0.042,6.72
12232.0,-166.0,178.0,-0.033,7.21
12236.0,3.0,-615.0,0.042,6.48
12239.0,-152.0,-210.0,0.025,6.72
12243.0,-375.0,27.0,0.05,6.48
12247.0,-246.0,56.0,0.075,6.96
12251.0,-453.0,25.0,0.025,6.48
12255.0,-522.0,206.0,-0.008,6.48
12258.0,67.0,57.0,0.0,6.72
12262.0,-86.0,46.0,0.008,6.96
12265.0,-251.0,-371.0,0.067,6.48
12269.0,-398.0,-374.0,0.025,6.48
12272.0,-101.0,-151.0,0.05,6.48
12276.0,82.0,24.0,-0.008,6.72
12279.0,-53.0,-105.0,0.025,6.72
12283.0,16.0,-128.0,0.05,6.72
12288.0,-141.0,-125.0,0.05,6.96
12291.0,-96.0,-48.0,0.017,6.48
12295.0,33.0,169.0,0.033,6.96
12298.0,-74.0,-156.0,0.017,6.96
12302.0,-27.0,-655.0,-0.408,6.48
12305.0,-218.0,-468.0,-1.233,6.72
12309.0,-135.0,-437.0,-1.658,6.48
12313.0,-100.0,-250.0,-0.342,6.72
12316.0,-233.0,-1349.0,-5.208,7.21
12320.0,-260.0,-8692.0,-15.233,7.7
12324.0,-75.0,-10973.0,-19.5,8.19
12327.0,44.0,-17704.0,-22.725,8.92
12332.0,407.0,-24139.0,-23.433,10.87
12336.0,118.0,-25552.0,-26.233,11.12
12340.0,167.0,-37951.0,-31.542,12.34
12344.0,150.0,-58176.0,-34.592,13.56
12347.0,13.0,-62737.0,-35.033,14.78
12351.0,-158.0,-65992.0,-24.233,15.52
12355.0,-305.0,-60159.0,-3.658,16.5
12359.0,-294.0,-73058.0,2.55,16.98
12363.0,83.0,-123555.0,-24.267,16.98
12366.0,218.0,-144776.0,-37.558,17.96
12370.0,-163.0,-159601.0,-3.517,19.67
12375.0,-58.0,-214418.0,29.583,21.87
12379.0,79.0,-252789.0,2.692,25.29
12383.0,50.0,-301502.0,-18.542,29.94
12387.0,-433.0,-355017.0,20.158,32.87
12390.0,-478.0,-458800.0,18.175,37.76
12394.0,-295.0,-519337.0,7.8,42.89
12398.0,6.0,-575548.0,10.217,45.33
12402.0,51.0,-632043.0,15.25,47.53
12406.0,-160.0,-762134.0,15.525,47.53
12409.0,-99.0,-824541.0,10.033,47.04
12413.0,-12.0,-887532.0,14.575,46.55
12418.0,-81.0,-952379.0,14.908,46.31
12422.0,-150.0,-1074026.0,10.992,45.82
12426.0,121.0,-1136429.0,14.825,45.82
12430.0,258.0,-1200306.0,14.867,46.31
12434.0,-409.0,-1263441.0,13.208,49.24
12437.0,-454.0,-1387138.0,14.083,52.66
12441.0,-313.0,-1444569.0,11.683,54.13
12445.0,-214.0,-1502090.0,13.125,55.11
12449.0,-137.0,-1621227.0,13.883,53.4
12453.0,-20.0,-1681542.0,12.775,50.95
12457.0,-53.0,-1739563.0,12.025,48.26
12462.0,-246.0,-1793530.0,10.583,45.82
12466.0,-119.0,-1902973.0,12.217,45.33
12470.0,-128.0,-1958828.0,11.483,44.35
12474.0,-165.0,-2014161.0,11.467,44.6
12477.0,-428.0,-2068872.0,12.158,44.35
12481.0,-197.0,-2174437.0,9.858,44.11
12485.0,134.0,-2225836.0,10.642,42.64
12489.0,533.0,-2277603.0,10.742,41.42
12493.0,132.0,-2380528.0,10.367,40.2
12497.0,-31.0,-2431489.0,10.908,38.49
12502.0,-56.0,-2479414.0,8.458,38.0
12506.0,-437.0,-2526095.0,9.3,36.78
12509.0,-184.0,-2621646.0,9.558,36.29
12513.0,-119.0,-2669461.0,8.825,36.05
12517.0,40.0,-2716858.0,9.683,35.07
12521.0,139.0,-2762471.0,8.208,34.58
12525.0,92.0,-2851116.0,8.317,34.34
12529.0,-55.0,-2896355.0,8.642,33.11
12532.0,-382.0,-2941476.0,7.842,32.38
12536.0,-427.0,-2985911.0,8.6,31.65
12540.0,-246.0,-3069856.0,7.317,30.67
12545.0,-223.0,-3110381.0,6.792,30.18
12549.0,64.0,-3152736.0,8.0,29.69
12553.0,-349.0,-3196411.0,6.842,28.71
12557.0,-278.0,-3279876.0,6.967,28.23
12560.0,-233.0,-3316359.0,6.417,27.98
12564.0,-136.0,-3350274.0,5.375,27.0
12568.0,109.0,-3383307.0,5.358,26.27
12572.0,-30.0,-3446236.0,5.325,26.27
12576.0,-289.0,-3474611.0,5.767,24.8
12580.0,-244.0,-3502148.0,5.642,24.07
12584.0,-285.0,-3551235.0,4.708,24.07
12588.0,-130.0,-3571330.0,4.175,22.61
12592.0,41.0,-3589627.0,3.275,22.36
12596.0,50.0,-3606958.0,3.933,21.14
12600.0,-87.0,-3637969.0,3.558,20.41
12604.0,-154.0,-3651268.0,2.492,19.43
12608.0,-161.0,-3662863.0,1.575,18.45
12612.0,276.0,-3672780.0,1.242,17.72
12615.0,-59.0,-3687223.0,1.842,17.72
12619.0,18.0,-3692052.0,2.158,16.5
12623.0,-119.0,-3694115.0,0.908,15.52
12627.0,-430.0,-3695666.0,0.258,15.03
12632.0,-395.0,-3694275.0,-1.05,14.54
12636.0,-28.0,-3692062.0,0.883,13.56
12639.0,105.0,-3686887.0,-1.025,12.83
12643.0,-216.0,-3680102.0,1.225,12.34
12647.0,-127.0,-3665611.0,-1.275,12.1
12651.0,42.0,-3655246.0,-3.075,10.87
12655.0,257.0,-3642221.0,-0.808,10.39
12659.0,156.0,-3626674.0,-0.933,9.9
12662.0,51.0,-3602061.0,3.125,8.43
12666.0,-160.0,-3594006.0,-0.667,7.7
12670.0,-623.0,-3583551.0,-1.442,7.45
12675.0,-434.0,-3567930.0,-3.658,6.72
12679.0,57.0,-3514293.0,-3.633,5.74
12682.0,486.0,-3487802.0,0.883,5.01
12686.0,-85.0,-3457437.0,-3.808,4.28
12690.0,-276.0,-3425388.0,1.042,3.79
12694.0,-219.0,-3364693.0,-4.075,3.05
12698.0,-360.0,-3347430.0,1.683,2.32
12702.0,-91.0,-3319837.0,-9.242,2.81
12705.0,-578.0,-3277006.0,1.65,1.83
12709.0,-47.0,-3189859.0,-2.75,1.83
12713.0,-272.0,-3146278.0,-7.042,1.83
12718.0,-239.0,-3099779.0,-3.333,1.34
12722.0,-402.0,-3053180.0,-4.467,0.86
12725.0,-385.0,-2957317.0,-6.683,0.12
12729.0,-300.0,-2907840.0,-5.842,-0.37
12733.0,-215.0,-2857451.0,-5.525,-1.1
12737.0,-456.0,-2805462.0,-6.225,-1.59
12741.0,-333.0,-2703955.0,-7.15,-1.59
12745.0,-236.0,-2652740.0,-7.45,-3.05
12748.0,85.0,-2599629.0,-6.433,-3.79
12752.0,-82.0,-2545380.0,-7.733,-4.77
12756.0,-239.0,-2433733.0,-8.85,-5.5
12761.0,-222.0,-2377052.0,-7.6,-6.48
12765.0,-267.0,-2322331.0,-7.883,-6.96
12768.0,208.0,-2268388.0,-9.533,-7.21
12772.0,303.0,-2157313.0,-9.192,-8.92
12776.0,16.0,-2099300.0,-9.7,-10.63
12780.0,49.0,-2040649.0,-10.167,-11.36
12784.0,-110.0,-1983606.0,-10.333,-13.56
12788.0,-345.0,-1871745.0,-10.9,-15.03
12792.0,-158.0,-1815894.0,-11.083,-16.01
12795.0,-149.0,-1758281.0,-12.567,-16.98
12800.0,-104.0,-1698152.0,-12.65,-17.72
12804.0,-193.0,-1582259.0,-11.917,-18.94
12808.0,2.0,-1524994.0,-12.425,-18.94
12812.0,-207.0,-1468237.0,-12.958,-20.16
12816.0,-260.0,-1411064.0,-14.142,-21.14
12820.0,77.0,-1292747.0,-14.192,-22.36
12824.0,130.0,-1235338.0,-12.758,-23.34
12828.0,-387.0,-1181311.0,-12.275,-24.8
12832.0,-328.0,-1080774.0,-12.35,-25.78
12835.0,-293.0,-1026207.0,-14.95,-26.52
12839.0,-256.0,-967164.0,-15.417,-27.74
12844.0,-23.0,-908667.0,-13.35,-28.23
12848.0,-78.0,-804236.0,-11.733,-29.45
12852.0,-289.0,-755215.0,-12.867,-30.67
12856.0,-182.0,-704950.0,-14.125,-32.14
12860.0,-207.0,-654725.0,-13.067,-32.87
12863.0,-164.0,-549934.0,-13.075,-34.09
12867.0,-169.0,-497067.0,-12.667,-35.31
12871.0,-82.0,-446994.0,-11.217,-36.05
12875.0,-323.0,-398779.0,-11.217,-38.25
12879.0,-174.0,-305262.0,-8.2,-39.22
12883.0,-83.0,-259623.0,-1.642,-40.2
12887.0,-10.0,-216782.0,9.433,-40.93
12891.0,199.0,-178431.0,10.425,-42.16
12895.0,-92.0,-112786.0,9.742,-43.38
12899.0,-487.0,-85275.0,10.958,-44.35
12903.0,-74.0,-61112.0,16.175,-45.58
12907.0,-79.0,-43149.0,21.458,-47.04
12910.0,-204.0,-20200.0,25.775,-47.78
12914.0,-179.0,-12673.0,24.617,-48.75
12918.0,358.0,-5548.0,24.217,-48.75
12922.0,19.0,-1035.0,26.117,-48.75
12925.0,-220.0,3924.0,25.042,-49.24
12930.0,-383.0,3649.0,20.342,-49.0
12934.0,92.0,3794.0,16.133,-49.0
12938.0,139.0,3913.0,12.592,-48.02
12941.0,218.0,4544.0,10.042,-46.07
12945.0,189.0,6525.0,9.517,-44.6
12949.0,-102.0,6084.0,8.242,-41.91
12953.0,-25.0,5311.0,5.05,-39.47
12956.0,90.0,5222.0,-1.433,-35.56
12960.0,-39.0,4629.0,-5.517,-32.87
12964.0,286.0,5068.0,-5.642,-28.23
12967.0,-47.0,6117.0,-3.65,-23.09
12972.0,-312.0,5432.0,-4.667,-18.7
12976.0,-165.0,2247.0,-9.617,-13.07
12980.0,-276.0,6698.0,-6.758,-8.92
12983.0,-189.0,3265.0,-3.933,-5.99
12987.0,-4.0,2450.0,-3.217,-2.57
12991.0,-171.0,4183.0,-3.975,-1.34
12994.0,-390.0,986.0,-11.733,0.12
12998.0,137.0,-12943.0,-20.975,2.08
13002.0,-104.0,-23406.0,-30.375,2.81
13006.0,-347.0,-36009.0,-35.767,4.77
13009.0,-280.0,-36562.0,-35.575,6.96
13014.0,-287.0,-46013.0,-31.692,8.43
13018.0,-158.0,-35972.0,-17.658,11.36
13022.0,-231.0,-25859.0,-2.275,12.1
13025.0,136.0,-59310.0,-21.667,13.32
13029.0,339.0,-116765.0,-41.525,14.78
13033.0,-38.0,-126606.0,-46.275,16.01
13037.0,103.0,-142515.0,-11.8,17.96
13041.0,112.0,-159996.0,25.683,21.38
13045.0,-31.0,-230735.0,7.367,25.05
13048.0,-238.0,-279610.0,-22.592,28.47
13052.0,53.0,-323047.0,5.667,31.89
13057.0,154.0,-372368.0,27.383,34.09
13061.0,-197.0,-482071.0,1.95,36.05
13065.0,-104.0,-538914.0,1.75,37.51
13069.0,31.0,-603021.0,18.167,38.98
13072.0,-174.0,-668406.0,13.658,40.69
13076.0,-325.0,-796045.0,11.442,43.87
13080.0,-118.0,-859544.0,15.092,46.55
13084.0,-81.0,-920493.0,11.858,47.78
13088.0,140.0,-982564.0,13.283,48.26
13092.0,163.0,-1111773.0,15.492,48.02
13095.0,152.0,-1175990.0,13.6,49.0
13100.0,101.0,-1239465.0,13.075,51.69
13104.0,-34.0,-1299926.0,12.15,54.62
13108.0,5.0,-1418285.0,13.167,56.09
13112.0,-100.0,-1478404.0,13.417,56.33
13116.0,-401.0,-1538625.0,12.333,53.64
13120.0,-410.0,-1598668.0,12.9,50.71
13124.0,-53.0,-1712601.0,11.2,48.02
13127.0,36.0,-1768450.0,11.708,47.04
13131.0,97.0,-1824667.0,12.05,45.33
13135.0,130.0,-1880934.0,11.417,44.84
13139.0,-169.0,-1993995.0,12.558,44.6
13144.0,-580.0,-2047740.0,10.0,43.87
13148.0,-383.0,-2099451.0,10.158,43.13
13152.0,46.0,-2205788.0,11.158,41.67
13156.0,49.0,-2258225.0,9.867,40.2
13159.0,-206.0,-2311072.0,11.067,39.22
13163.0,-413.0,-2362165.0,9.175,37.76
13167.0,-640.0,-2458942.0,8.692,36.78
13171.0,79.0,-2507581.0,9.858,36.29
13175.0,12.0,-2557082.0,9.308,35.56
13179.0,49.0,-2605949.0,10.033,35.31
13184.0,-324.0,-2698314.0,9.025,34.58
13187.0,-115.0,-2742681.0,7.883,33.6
13191.0,-48.0,-2786994.0,8.683,32.87
13195.0,-197.0,-2831667.0,8.333,32.38
13199.0,-214.0,-2921786.0,8.442,31.4
13203.0,-43.0,-2965297.0,7.8,30.67
13207.0,-464.0,-3006956.0,7.317,30.43
13210.0,-337.0,-3048955.0,7.625,29.45
13214.0,-264.0,-3135914.0,7.225,29.2
13218.0,111.0,-3179335.0,7.05,27.98
13222.0,98.0,-3220890.0,6.808,27.74
13227.0,-123.0,-3257607.0,5.875,27.74
13231.0,-228.0,-3328298.0,6.025,26.52
13235.0,-97.0,-3362267.0,5.342,26.52
13238.0,-84.0,-3395162.0,5.883,25.29
13242.0,-89.0,-3455251.0,5.3,24.56
13246.0,-178.0,-3482304.0,4.375,24.32
13250.0,-103.0,-3507837.0,3.892,23.34
13254.0,-238.0,-3531506.0,3.858,23.09
13258.0,-313.0,-3573455.0,3.617,21.87
13261.0,-382.0,-3592424.0,3.692,21.14
13265.0,-171.0,-3610017.0,2.908,20.16
13270.0,66.0,-3626210.0,1.967,19.67
13274.0,101.0,-3652307.0,1.783,18.7
13278.0,128.0,-3662548.0,1.358,17.47
13282.0,-317.0,-3670641.0,2.283,16.74
13286.0,-220.0,-3676872.0,1.492,16.01
13289.0,-73.0,-3686131.0,0.383,15.52
13293.0,-152.0,-3687810.0,-0.408,15.03
13297.0,-187.0,-3688373.0,1.45,14.05
13301.0,-24.0,-3688646.0,0.0,13.32
13305.0,163.0,-3683641.0,-0.442,12.83
13309.0,-424.0,-3677510.0,-1.108,12.34
13313.0,41.0,-3671145.0,0.942,11.61
13317.0,-120.0,-3664250.0,-2.783,11.12
13321.0,-155.0,-3649953.0,2.667,10.63
13325.0,-400.0,-3638516.0,-4.458,9.41
13329.0,-425.0,-3621495.0,0.258,9.41
13333.0,-118.0,-3603934.0,-0.708,7.7
13336.0,-17.0,-3563995.0,-3.517,7.45
13340.0,168.0,-3541548.0,-0.992,6.23
13344.0,-147.0,-3515453.0,-3.125,5.25
13348.0,-130.0,-3488064.0,-2.158,5.25
13352.0,-47.0,-3431365.0,-2.492,4.03
13356.0,480.0,-3411678.0,3.083,3.79
13360.0,-21.0,-3392179.0,-5.025,3.05
13364.0,-346.0,-3358642.0,-5.333,2.81
13368.0,-443.0,-3277443.0,0.208,2.81
13372.0,-54.0,-3241712.0,-5.608,2.08
13375.0,135.0,-3213203.0,4.442,1.83
13379.0,248.0,-3187972.0,-6.542,1.34
13383.0,-527.0,-3100073.0,-5.883,1.1
13387.0,382.0,-3054120.0,-2.933,1.34
13391.0,-203.0,-3011321.0,-7.167,0.61
13395.0,-246.0,-2963390.0,-3.933,0.12
13399.0,-131.0,-2864207.0,-4.767,-0.12
13403.0,-274.0,-2815058.0,-7.842,-1.1
13407.0,-315.0,-2762611.0,-5.717,-1.59
13411.0,-180.0,-2709428.0,-6.592,-2.32
13415.0,-339.0,-2606177.0,-6.667,-2.57
13419.0,-234.0,-2552660.0,-7.292,-3.3
13422.0,-65.0,-2497503.0,-7.158,-4.03
13426.0,-148.0,-2442086.0,-8.375,-4.28
13430.0,-109.0,-2327689.0,-8.6,-5.01
13434.0,66.0,-2271648.0,-8.208,-6.48
13438.0,121.0,-2216243.0,-8.633,-7.21
13442.0,68.0,-2160042.0,-9.392,-8.43
13446.0,-71.0,-2044349.0,-10.183,-10.14
13450.0,-200.0,-1985036.0,-10.55,-11.36
13454.0,-25.0,-1926835.0,-9.925,-12.83
13458.0,6.0,-1869244.0,-11.3,-13.56
13462.0,167.0,-1756391.0,-10.817,-15.27
13466.0,-70.0,-1698936.0,-12.267,-16.01
13469.0,-317.0,-1638903.0,-13.067,-17.23
13473.0,-88.0,-1578880.0,-12.25,-18.21
13477.0,51.0,-1465067.0,-12.842,-19.18
13481.0,126.0,-1408554.0,-12.925,-19.67
13486.0,199.0,-1352709.0,-13.2,-20.16
13490.0,18.0,-1295586.0,-14.883,-21.63
13494.0,13.0,-1176639.0,-14.383,-22.61
13498.0,-64.0,-1121452.0,-12.525,-24.07
13501.0,277.0,-1072621.0,-11.192,-25.05
13505.0,-254.0,-974286.0,-13.617,-26.52
13509.0,-219.0,-919485.0,-15.033,-27.49
13513.0,86.0,-864332.0,-13.925,-28.23
13517.0,277.0,-809555.0,-13.608,-29.45
13521.0,150.0,-703948.0,-13.575,-30.18
13526.0,-39.0,-654361.0,-12.55,-32.38
13529.0,62.0,-606530.0,-12.6,-32.87
13533.0,151.0,-559039.0,-12.758,-34.34
13537.0,60.0,-458610.0,-13.317,-35.07
13541.0,-139.0,-410767.0,-11.133,-36.05
13545.0,-170.0,-365940.0,-11.35,-37.51
13549.0,111.0,-322673.0,-9.592,-39.22
13552.0,-24.0,-236894.0,-4.158,-39.96
13556.0,-189.0,-197823.0,6.542,-41.18
13560.0,-290.0,-163452.0,12.892,-43.13
13564.0,-377.0,-132469.0,11.908,-43.62
13569.0,-544.0,-80682.0,11.067,-44.84
13573.0,-435.0,-58415.0,12.867,-46.07
13576.0,-124.0,-42332.0,17.967,-47.04
13580.0,9.0,-31473.0,21.567,-47.78
13584.0,-430.0,-16448.0,22.225,-48.51
13588.0,-257.0,-11123.0,21.442,-49.24
13592.0,-156.0,-6016.0,21.208,-48.75
13595.0,-137.0,-2687.0,22.242,-49.24
13599.0,128.0,-672.0,18.833,-48.75
13603.0,-335.0,-617.0,13.333,-48.02
13607.0,-262.0,-258.0,11.967,-46.31
13611.0,-547.0,319.0,9.8,-44.84
13615.0,-248.0,334.0,7.225,-43.87
13619.0,-39.0,-681.0,3.308,-40.93
13622.0,-162.0,-842.0,-4.142,-38.73
13626.0,-33.0,-359.0,-6.2,-34.34
13630.0,46.0,-360.0,-5.167,-30.18
13633.0,-149.0,129.0,-4.558,-25.54
13637.0,-342.0,1516.0,-3.225,-20.16
13641.0,13.0,997.0,-3.133,-15.52
13644.0,192.0,-4728.0,-9.033,-10.87
13648.0,109.0,-815.0,-7.692,-6.72
13652.0,12.0,340.0,-4.7,-4.77
13656.0,221.0,-2611.0,-3.117,-2.32
13660.0,-312.0,-2190.0,-3.742,-0.86
13664.0,-245.0,-4807.0,-7.942,0.61
13667.0,-74.0,-8178.0,-14.208,1.59
13671.0,-19.0,-18933.0,-24.717,2.81
13675.0,14.0,-44514.0,-34.258,4.52
13678.0,15.0,-51815.0,-39.633,6.48
13682.0,-164.0,-58906.0,-40.133,8.43
13686.0,-389.0,-68713.0,-33.883,11.12
13690.0,-284.0,-89678.0,-26.575,12.83
13694.0,93.0,-105839.0,-25.533,14.3
13698.0,-330.0,-122132.0,-20.208,16.01
13702.0,-251.0,-142637.0,-1.908,17.47
13706.0,-104.0,-206636.0,16.55,19.92
13710.0,-413.0,-248191.0,5.292,23.09
13714.0,-368.0,-291440.0,-7.383,26.03
13718.0,-105.0,-337953.0,17.633,29.69
13721.0,40.0,-442230.0,17.425,32.87
13725.0,-263.0,-497379.0,4.875,35.07
13729.0,-348.0,-557992.0,13.417,37.27
13733.0,-175.0,-622097.0,15.533,39.96
13737.0,58.0,-750958.0,12.708,42.4
13742.0,-13.0,-813671.0,13.008,46.31
13745.0,200.0,-873726.0,12.192,50.95
13749.0,177.0,-935517.0,14.083,53.64
13753.0,12.0,-1064188.0,14.783,56.57
13757.0,-185.0,-1128583.0,13.808,57.31
13761.0,-188.0,-1191966.0,13.525,55.11
13765.0,-71.0,-1253231.0,12.017,52.66
13769.0,30.0,-1371824.0,12.125,52.17
13772.0,-3.0,-1432693.0,14.292,50.95
13776.0,-74.0,-1493796.0,12.383,51.2
13780.0,-207.0,-1554489.0,12.717,50.95
13785.0,-148.0,-1669232.0,11.7,50.71
13789.0,-57.0,-1725605.0,11.258,49.24
13793.0,36.0,-1782078.0,12.65,48.02
13797.0,-141.0,-1838851.0,11.883,46.31
13800.0,-316.0,-1953536.0,12.117,44.11
13804.0,133.0,-2008615.0,10.642,43.38
13808.0,-14.0,-2061194.0,9.783,42.4
13812.0,-95.0,-2168509.0,11.417,41.67
13816.0,-82.0,-2222656.0,10.467,40.93
13820.0,-225.0,-2276023.0,10.925,39.96
13825.0,-308.0,-2327162.0,9.867,38.73
13829.0,307.0,-2424337.0,9.433,38.0
13832.0,214.0,-2473494.0,10.083,37.27
13836.0,219.0,-2522903.0,8.95,36.05
13840.0,-190.0,-2571700.0,9.775,35.56
13844.0,-583.0,-2665711.0,9.208,34.34
13848.0,-116.0,-2711178.0,8.283,33.85
13852.0,149.0,-2757187.0,8.575,33.36
13856.0,220.0,-2802678.0,8.025,32.38
13859.0,111.0,-2894265.0,8.725,31.89
13863.0,50.0,-2938774.0,8.108,31.16
13868.0,-191.0,-2981941.0,7.758,30.91
13872.0,-372.0,-3024488.0,7.433,29.94
13876.0,-11.0,-3110627.0,7.533,29.2
13880.0,78.0,-3153564.0,7.625,28.47
13884.0,-209.0,-3195739.0,7.375,28.23
13887.0,-498.0,-3273902.0,6.217,27.49
13891.0,-195.0,-3310647.0,6.142,27.25
13895.0,58.0,-3347142.0,5.425,26.03
13899.0,-35.0,-3382573.0,6.092,25.29
13903.0,18.0,-3449058.0,5.308,25.54
13907.0,-35.0,-3478405.0,4.633,24.07
13911.0,-166.0,-3506328.0,4.433,23.58
13915.0,-65.0,-3533115.0,4.075,23.09
13919.0,-56.0,-3582204.0,3.575,22.36
13923.0,-195.0,-3604113.0,4.158,21.38
13927.0,-266.0,-3624424.0,3.375,20.16
13931.0,-87.0,-3643351.0,2.233,19.92
13934.0,32.0,-3675112.0,1.633,19.43
13938.0,-39.0,-3687507.0,2.142,17.96
13942.0,-174.0,-3698596.0,2.267,17.47
13946.0,-61.0,-3707799.0,1.425,16.74
13950.0,100.0,-3723814.0,1.008,15.76
13955.0,-107.0,-3728391.0,0.442,15.27
13958.0,-172.0,-3732122.0,0.917,14.54
13962.0,-135.0,-3733691.0,-0.65,13.81
13966.0,-174.0,-3732158.0,0.967,13.56
13970.0,-391.0,-3729465.0,-0.258,13.56
13974.0,-68.0,-3726910.0,1.225,12.34
13978.0,35.0,-3723473.0,-2.292,11.36
13982.0,-250.0,-3708792.0,-0.783,10.87
13985.0,23.0,-3698179.0,-1.733,10.39
13989.0,334.0,-3684454.0,-1.458,9.41
13993.0,5.0,-3669671.0,-0.542,8.43
13998.0,192.0,-3634266.0,-2.525,7.7
14002.0,97.0,-3613735.0,-1.283,7.21
14005.0,58.0,-3592190.0,-2.883,6.23
14009.0,33.0,-3568405.0,-2.475,5.5
14013.0,-150.0,-3515978.0,-1.333,4.52
14017.0,-87.0,-3486305.0,-2.95,3.79
14021.0,-292.0,-3454450.0,-3.333,3.3
14024.0,-187.0,-3419843.0,-3.175,3.3
14028.0,-434.0,-3343882.0,-3.892,2.57
14032.0,-123.0,-3304265.0,-3.433,1.83
14036.0,-148.0,-3262208.0,-4.675,1.34
14041.0,-425.0,-3217969.0,-4.017,1.34
14044.0,-50.0,-3126992.0,-4.95,1.34
14048.0,-31.0,-3079627.0,-5.292,0.86
14052.0,-148.0,-3030544.0,-5.225,0.12
14056.0,17.0,-2981099.0,-5.058,-0.37
14060.0,-64.0,-2931264.0,-5.542,-0.61
14063.0,-21.0,-2828947.0,-5.95,-1.59
14067.0,-38.0,-2777348.0,-6.683,-2.08
14071.0,-119.0,-2723657.0,-6.858,-2.57
14075.0,164.0,-2668546.0,-6.525,-3.3
14080.0,25.0,-2561343.0,-6.817,-3.79
14083.0,-8.0,-2507148.0,-7.5,-4.52
14087.0,75.0,-2452273.0,-7.95,-5.5
14091.0,-108.0,-2396174.0,-8.708,-6.23
14095.0,-17.0,-2279699.0,-8.467,-7.21
14098.0,-48.0,-2223178.0,-8.458,-8.19
14102.0,153.0,-2166901.0,-9.108,-9.65
14106.0,-56.0,-2110808.0,-9.475,-10.39
14110.0,-67.0,-1994651.0,-10.667,-11.61
14114.0,78.0,-1934378.0,-10.533,-12.34
14118.0,63.0,-1876269.0,-10.308,-13.56
14123.0,-134.0,-1819172.0,-10.758,-14.54
14126.0,-141.0,-1706307.0,-11.2,-15.52
14130.0,-42.0,-1648136.0,-12.842,-16.25
14134.0,-71.0,-1588021.0,-13.342,-17.23
14138.0,36.0,-1527780.0,-12.433,-17.96
14142.0,-217.0,-1412581.0,-12.908,-19.18
14146.0,-2.0,-1356236.0,-13.175,-20.41
14150.0,-249.0,-1301515.0,-13.283,-21.38
14154.0,146.0,-1186056.0,-14.817,-21.87
14157.0,-111.0,-1127387.0,-14.308,-23.58
14161.0,-116.0,-1074072.0,-11.808,-24.56
14166.0,93.0,-1025639.0,-11.708,-25.54
14170.0,190.0,-926188.0,-14.333,-26.27
14174.0,-105.0,-872207.0,-14.317,-27.74
14178.0,-324.0,-817300.0,-14.192,-28.96
14182.0,55.0,-762653.0,-13.942,-30.18
14186.0,208.0,-662738.0,-12.375,-31.4
14189.0,-205.0,-615939.0,-12.275,-32.62
14193.0,-196.0,-569118.0,-12.758,-33.6
14197.0,-373.0,-521121.0,-12.883,-34.58
14201.0,-618.0,-421628.0,-12.95,-36.29
14205.0,-675.0,-377157.0,-10.317,-36.78
14210.0,-148.0,-333838.0,-11.583,-38.25
14214.0,-71.0,-250891.0,-7.783,-40.2
14217.0,-210.0,-210856.0,0.475,-40.69
14221.0,-107.0,-171975.0,11.317,-42.89
14225.0,-104.0,-138032.0,14.608,-44.11
14229.0,-403.0,-82549.0,11.567,-44.6
14233.0,-56.0,-59230.0,13.492,-46.07
14237.0,107.0,-39461.0,16.658,-47.04
14240.0,62.0,-26098.0,21.608,-48.02
14244.0,-379.0,-16603.0,24.683,-49.73
14248.0,-6.0,-3920.0,25.35,-49.98
14253.0,45.0,1333.0,25.117,-50.46
14256.0,82.0,5210.0,25.708,-51.2
14260.0,123.0,6793.0,23.333,-50.71
14264.0,40.0,8280.0,17.092,-50.46
14268.0,-141.0,8251.0,14.558,-49.98
14271.0,-232.0,8188.0,13.333,-48.75
14275.0,-275.0,8621.0,12.067,-47.29
14279.0,208.0,8992.0,9.925,-45.09
14283.0,85.0,8503.0,5.292,-42.89
14286.0,-38.0,7800.0,-0.292,-40.2
14290.0,23.0,7891.0,-2.983,-37.02
14295.0,-130.0,8140.0,-3.733,-32.87
14298.0,143.0,7465.0,-4.675,-28.96
14302.0,-108.0,6686.0,-5.858,-23.34
14306.0,-643.0,8583.0,-4.558,-18.7
14310.0,-188.0,7604.0,-7.742,-13.81
14313.0,57.0,3615.0,-8.717,-8.43
14317.0,72.0,7372.0,-5.167,-5.01
14321.0,113.0,3457.0,-6.425,-2.32
14324.0,-158.0,3198.0,-9.058,-0.86
14328.0,-317.0,1429.0,-12.867,0.12
14332.0,-122.0,-266.0,-16.892,1.83
14336.0,-325.0,-16431.0,-22.967,3.05
14340.0,-174.0,-25534.0,-29.167,5.5
14344.0,-7.0,-34809.0,-34.033,6.48
14348.0,-108.0,-41174.0,-35.95,8.68
14351.0,81.0,-62871.0,-37.367,11.36
14355.0,-306.0,-74004.0,-36.3,13.07
14359.0,-559.0,-82863.0,-33.458,14.54
14363.0,-358.0,-96588.0,-30.108,16.25
14367.0,-57.0,-129401.0,-23.475,18.94
14370.0,-212.0,-150288.0,-4.675,20.89
14374.0,71.0,-181069.0,17.3,25.29
14379.0,94.0,-219182.0,2.292,30.18
14383.0,-135.0,-305891.0,-10.842,32.62
14387.0,-420.0,-354196.0,16.083,37.02
14391.0,-37.0,-405245.0,17.417,40.69
14394.0,10.0,-457890.0,3.808,42.4
14398.0,-65.0,-579137.0,13.125,45.33
14402.0,-264.0,-643858.0,15.708,47.29
14406.0,-195.0,-708331.0,13.1,49.73
14410.0,-364.0,-771598.0,12.925,52.66
14414.0,-313.0,-893201.0,12.5,55.11
14417.0,-368.0,-956432.0,14.517,56.82
14422.0,89.0,-1020837.0,14.392,57.55
14426.0,-270.0,-1085986.0,13.858,56.82
14430.0,-97.0,-1212641.0,13.542,56.09
14434.0,124.0,-1272596.0,12.008,54.62
14438.0,43.0,-1331605.0,12.525,53.89
14442.0,-10.0,-1391428.0,14.0,52.91
14445.0,-319.0,-1513995.0,12.433,52.42
14449.0,-156.0,-1574196.0,12.7,51.44
14453.0,-293.0,-1630795.0,11.45,49.98
14457.0,-368.0,-1686156.0,11.575,49.0
14461.0,-381.0,-1799555.0,12.442,47.53
14466.0,-54.0,-1856772.0,11.758,45.58
14470.0,233.0,-1913899.0,11.892,44.6
14474.0,96.0,-2022886.0,10.217,43.87
14478.0,-31.0,-2076011.0,10.417,42.4
14481.0,-56.0,-2129582.0,11.083,41.42
14485.0,-307.0,-2183475.0,10.358,40.44
14489.0,-104.0,-2289470.0,11.0,39.71
14493.0,-57.0,-2339219.0,10.058,38.98
14497.0,-34.0,-2387064.0,9.033,38.25
14501.0,349.0,-2435589.0,10.067,36.78
14505.0,240.0,-2534258.0,9.092,36.05
14510.0,-85.0,-2582765.0,10.192,35.07
14513.0,-220.0,-2629486.0,8.375,34.82
14517.0,177.0,-2674539.0,8.4,33.85
14521.0,304.0,-2766036.0,9.2,33.11
14525.0,-201.0,-2811943.0,8.5,32.62
14529.0,-116.0,-2857246.0,8.792,31.89
14533.0,41.0,-2902027.0,8.058,31.65
14536.0,44.0,-2987134.0,7.267,30.43
14540.0,45.0,-3029827.0,7.7,30.18
14544.0,-566.0,-3072304.0,7.25,29.2
14548.0,-449.0,-3115755.0,7.608,28.71
14553.0,-82.0,-3199256.0,7.033,27.98
14557.0,-465.0,-3236941.0,5.892,27.74
14560.0,6.0,-3273722.0,6.108,27.25
14564.0,161.0,-3310413.0,5.533,26.76
14568.0,20.0,-3379998.0,5.658,25.54
14572.0,-49.0,-3412653.0,5.942,24.8
14576.0,78.0,-3442808.0,4.492,24.56
14580.0,139.0,-3470533.0,3.983,23.34
14583.0,208.0,-3521626.0,3.875,22.61
14587.0,33.0,-3545157.0,3.7,21.87
14592.0,-74.0,-3566864.0,4.35,21.14
14596.0,-193.0,-3587505.0,2.933,20.89
14600.0,-262.0,-3623062.0,2.608,19.43
14604.0,-329.0,-3637847.0,1.475,18.7
14607.0,42.0,-3650680.0,1.933,17.96
14611.0,-201.0,-3670875.0,1.917,17.23
14615.0,-442.0,-3678864.0,1.492,16.5
14619.0,-259.0,-3685811.0,0.917,15.76
14623.0,-358.0,-3690602.0,0.492,15.27
14627.0,51.0,-3695557.0,0.408,14.3
14631.0,320.0,-3696382.0,0.517,13.81
14635.0,57.0,-3694839.0,-0.633,13.07
14639.0,6.0,-3691924.0,0.767,13.07
14643.0,125.0,-3685667.0,-0.158,12.1
14647.0,-122.0,-3678912.0,-2.05,12.1
14651.0,-127.0,-3671305.0,-1.108,10.87
14655.0,8.0,-3660248.0,-2.025,10.63
14658.0,-69.0,-3630483.0,-0.942,9.16
14662.0,74.0,-3613948.0,-0.683,8.68
14666.0,103.0,-3596193.0,-2.208,7.21
14670.0,-146.0,-3576688.0,-0.292,7.7
14673.0,-57.0,-3551341.0,2.458,6.48
14678.0,-80.0,-3531694.0,-6.858,5.74
14682.0,-445.0,-3501519.0,1.017,5.25
14686.0,362.0,-3472196.0,-1.933,4.28
14690.0,135.0,-3442573.0,-4.642,3.54
14693.0,-152.0,-3372794.0,-1.767,3.79
14697.0,-213.0,-3342873.0,0.308,2.81
14701.0,104.0,-3322956.0,-0.592,2.81
14705.0,-449.0,-3298945.0,-4.908,2.57
14709.0,-130.0,-3247784.0,3.817,2.08
14713.0,-213.0,-3210885.0,-9.558,2.32
14716.0,198.0,-3164064.0,0.55,1.59
14721.0,295.0,-3119475.0,-5.75,1.34
14725.0,18.0,-3028764.0,-4.65,1.34
14729.0,-5.0,-2979317.0,-4.1,0.86
14733.0,-158.0,-2932502.0,-6.55,0.12
14736.0,-97.0,-2883933.0,-5.65,-0.37
14740.0,-30.0,-2781626.0,-5.425,-0.86
14744.0,-157.0,-2728865.0,-7.392,-0.86
14748.0,182.0,-2674754.0,-6.192,-1.83
14752.0,233.0,-2620983.0,-6.775,-2.57
14755.0,82.0,-2513700.0,-7.342,-3.3
14759.0,41.0,-2458731.0,-7.817,-3.79
14764.0,-132.0,-2402542.0,-7.883,-4.77
14768.0,-231.0,-2345541.0,-8.533,-5.25
14772.0,-144.0,-2230086.0,-8.083,-5.99
14775.0,149.0,-2173095.0,-9.067,-6.72
14779.0,-130.0,-2116472.0,-9.117,-8.19
14783.0,-133.0,-2060737.0,-10.192,-9.41
14787.0,-298.0,-1942218.0,-10.725,-11.12
14791.0,-315.0,-1882105.0,-10.633,-12.83
14795.0,64.0,-1824530.0,-10.242,-13.81
14799.0,-193.0,-1767739.0,-11.467,-15.76
14803.0,-148.0,-1654060.0,-11.475,-15.76
14807.0,-159.0,-1594577.0,-13.217,-17.23
14811.0,74.0,-1533346.0,-12.833,-17.72
14815.0,-261.0,-1417891.0,-12.458,-18.7
14819.0,-64.0,-1361958.0,-12.683,-18.7
14823.0,-47.0,-1306119.0,-13.425,-20.41
14827.0,-142.0,-1249702.0,-14.05,-21.63
14831.0,-7.0,-1131465.0,-15.025,-22.36
14835.0,-94.0,-1074224.0,-13.358,-24.32
14839.0,55.0,-1022881.0,-11.925,-25.29
14842.0,208.0,-975914.0,-12.025,-26.03
14846.0,63.0,-877701.0,-13.925,-27.25
14851.0,138.0,-824348.0,-14.508,-28.23
14855.0,-207.0,-769477.0,-13.808,-29.2
14859.0,-26.0,-716778.0,-13.375,-29.94
14863.0,97.0,-618125.0,-12.533,-31.16
14866.0,72.0,-572226.0,-12.767,-33.11
14870.0,355.0,-525705.0,-13.217,-34.82
14874.0,212.0,-476314.0,-13.533,-35.56
14878.0,-19.0,-382777.0,-11.075,-37.02
14882.0,-162.0,-340876.0,-10.375,-38.73
14886.0,93.0,-298875.0,-11.083,-38.98
14889.0,122.0,-258076.0,-4.525,-40.93
14894.0,-19.0,-184513.0,6.45,-41.91
14898.0,-108.0,-152722.0,13.833,-43.13
14902.0,-119.0,-125123.0,11.958,-44.11
14906.0,-150.0,-100718.0,10.117,-45.09
14910.0,-81.0,-59149.0,11.15,-45.82
14913.0,-136.0,-43260.0,14.9,-46.31
14917.0,145.0,-33251.0,19.142,-47.29
14921.0,-210.0,-25788.0,20.792,-47.53
14925.0,-333.0,-16535.0,19.15,-47.53
14929.0,76.0,-12916.0,17.008,-48.26
14932.0,-57.0,-9981.0,17.308,-47.29
14937.0,76.0,-8688.0,13.917,-46.31
14941.0,335.0,-5903.0,9.95,-44.84
14945.0,120.0,-4562.0,11.217,-43.62
14948.0,-109.0,-4491.0,9.25,-42.64
14952.0,-212.0,-5450.0,5.258,-40.2
14956.0,-53.0,-6363.0,-1.367,-37.51
14960.0,226.0,-7018.0,-7.725,-34.34
14963.0,-87.0,-6879.0,-8.95,-29.69
14967.0,96.0,-5612.0,-4.583,-26.27
14971.0,-109.0,-5529.0,-0.167,-20.41
14974.0,-36.0,-6904.0,-3.108,-16.01
14979.0,-15.0,-8695.0,-8.767,-11.61
14983.0,-280.0,-4798.0,-7.4,-7.21
14987.0,89.0,-7853.0,-6.392,-4.28
14990.0,-16.0,-8746.0,-0.658,-2.32
14994.0,-545.0,-7681.0,0.625,-0.61
14998.0,-390.0,-11266.0,-6.033,0.86
15001.0,-99.0,-12513.0,-10.167,1.59
15005.0,76.0,-19088.0,-20.583,3.05
15009.0,-21.0,-33979.0,-31.55,4.03
15012.0,-166.0,-57454.0,-38.742,6.48
15016.0,-233.0,-63899.0,-39.817,6.96
15021.0,-46.0,-73604.0,-32.667,10.39
15025.0,141.0,-84913.0,-22.85,12.59
15029.0,74.0,-112602.0,-19.625,13.56
15032.0,-111.0,-134697.0,-11.142,15.52
15036.0,86.0,-161636.0,5.983,17.96
15040.0,23.0,-195595.0,10.4,19.43
15044.0,-212.0,-276090.0,1.817,21.87
15048.0,-53.0,-320757.0,11.308,25.29
15052.0,-280.0,-367966.0,17.408,27.74
15055.0,-81.0,-418811.0,9.925,29.94
15059.0,-118.0,-536712.0,10.833,32.38
15064.0,111.0,-599475.0,14.517,34.09
15068.0,-190.0,-664134.0,13.883,35.8
15072.0,-123.0,-727667.0,12.5,38.98
15076.0,-386.0,-847568.0,11.342,41.91
15079.0,-185.0,-911115.0,14.958,46.55
15083.0,-302.0,-975168.0,13.925,52.17
15087.0,-357.0,-1039925.0,13.958,54.37
15091.0,-338.0,-1167098.0,13.483,56.33
15095.0,-143.0,-1227453.0,12.55,54.62
15099.0,-94.0,-1286994.0,12.575,52.66
15104.0,241.0,-1408869.0,13.85,50.95
15108.0,330.0,-1469754.0,12.342,49.73
15111.0,-109.0,-1530371.0,13.0,49.73
15115.0,-140.0,-1588444.0,11.508,49.49
15119.0,-65.0,-1701705.0,11.367,49.0
15123.0,-164.0,-1758916.0,12.825,48.51
15127.0,-93.0,-1816481.0,11.475,46.55
15131.0,58.0,-1873734.0,12.2,45.33
15135.0,171.0,-1984185.0,10.7,43.62
15139.0,-184.0,-2037970.0,10.2,42.64
15143.0,123.0,-2091987.0,11.333,40.93
15147.0,-294.0,-2146298.0,10.317,40.2
15151.0,-227.0,-2253031.0,11.558,39.47
15155.0,84.0,-2302812.0,9.525,38.73
15159.0,325.0,-2350667.0,9.025,38.0
15163.0,54.0,-2449670.0,9.917,37.02
15167.0,-5.0,-2499581.0,9.758,36.78
15170.0,-100.0,-2548322.0,10.067,35.8
15174.0,-263.0,-2595921.0,8.742,34.82
15178.0,68.0,-2686704.0,8.867,34.34
15182.0,9.0,-2733133.0,9.008,33.6
15186.0,-242.0,-2779246.0,7.958,32.62
15191.0,-285.0,-2824693.0,9.15,32.14
15195.0,-118.0,-2913932.0,8.158,31.16
15198.0,45.0,-2956159.0,7.25,30.43
15202.0,312.0,-2999878.0,7.558,30.18
15206.0,-163.0,-3043065.0,7.217,29.45
15210.0,-128.0,-3128938.0,7.625,28.96
15214.0,-65.0,-3170469.0,7.475,28.47
15218.0,304.0,-3209846.0,7.083,27.74
15221.0,171.0,-3248725.0,6.108,27.25
15225.0,366.0,-3323956.0,6.242,26.52
15229.0,239.0,-3360291.0,5.975,25.78
15234.0,156.0,-3395564.0,5.908,25.05
15238.0,-175.0,-3428233.0,4.625,24.32
15242.0,-192.0,-3487800.0,4.525,23.83
15246.0,-69.0,-3515399.0,3.675,23.09
15249.0,206.0,-3542314.0,4.042,22.36
15253.0,199.0,-3567651.0,4.225,21.38
15257.0,-34.0,-3612724.0,3.167,21.14
15261.0,93.0,-3632295.0,2.483,19.92
15265.0,70.0,-3649900.0,2.025,19.18
15269.0,115.0,-3666033.0,2.4,18.21
15272.0,182.0,-3693278.0,2.1,17.96
15277.0,83.0,-3704319.0,2.017,16.74
15281.0,226.0,-3714784.0,1.375,16.25
15285.0,57.0,-3723333.0,0.542,15.52
15289.0,-198.0,-3734596.0,1.042,15.27
15293.0,-119.0,-3737621.0,0.058,14.3
15297.0,-270.0,-3738728.0,-0.05,14.05
15300.0,45.0,-3738635.0,1.4,13.56
15304.0,-144.0,-3737230.0,-0.633,12.59
15308.0,-567.0,-3732271.0,-0.942,11.85
15312.0,-92.0,-3727080.0,0.517,11.36
15316.0,415.0,-3723755.0,-0.033,10.63
15321.0,-266.0,-3714068.0,-0.3,10.14
15324.0,-291.0,-3704829.0,-2.483,9.65
15328.0,-350.0,-3689508.0,-2.042,8.68
15332.0,-117.0,-3655845.0,-0.567,8.43
15336.0,-166.0,-3636344.0,-3.225,7.21
15340.0,-199.0,-3614095.0,0.992,6.96
15344.0,-264.0,-3590418.0,-2.758,5.74
15347.0,-335.0,-3537839.0,-2.767,5.25
15351.0,-100.0,-3511920.0,-1.95,4.28
15355.0,-149.0,-3493121.0,2.517,3.79
15360.0,-20.0,-3476782.0,-2.742,4.03
15364.0,-399.0,-3447651.0,-4.775,3.05
15367.0,-24.0,-3367880.0,-0.15,2.81
15371.0,295.0,-3329161.0,-6.15,2.57
15375.0,10.0,-3285688.0,-2.908,2.08
15379.0,-89.0,-3241111.0,-3.817,1.83
15383.0,198.0,-3150040.0,-4.917,1.34
15386.0,-181.0,-3103345.0,-4.775,0.86
15390.0,-144.0,-3055644.0,-5.425,0.61
15394.0,-183.0,-3005767.0,-5.183,-0.12
15398.0,8.0,-2905410.0,-5.608,0.12
15403.0,-291.0,-2854081.0,-5.658,-0.86
15406.0,-338.0,-2801830.0,-5.45,-1.59
15410.0,-87.0,-2749219.0,-6.775,-2.08
15414.0,-150.0,-2640886.0,-7.592,-2.57
15418.0,137.0,-2585575.0,-6.417,-2.57
15422.0,-108.0,-2531088.0,-6.65,-3.79
15426.0,-369.0,-2476411.0,-7.717,-4.52
15429.0,130.0,-2365590.0,-8.067,-5.5
15433.0,1.0,-2308421.0,-8.7,-6.48
15437.0,262.0,-2249576.0,-8.875,-7.7
15441.0,-273.0,-2191361.0,-8.575,-9.16
15446.0,-404.0,-2076992.0,-9.3,-10.39
15449.0,-211.0,-2020367.0,-9.767,-11.36
15453.0,-60.0,-1963218.0,-10.575,-12.59
15457.0,-67.0,-1903671.0,-11.067,-13.32
15461.0,-104.0,-1784872.0,-10.35,-14.05
15465.0,199.0,-1727877.0,-10.908,-14.78
15469.0,-174.0,-1671386.0,-11.333,-15.76
15473.0,-417.0,-1614279.0,-12.667,-16.74
15477.0,-152.0,-1494432.0,-14.025,-17.96
15481.0,-143.0,-1435725.0,-12.342,-18.7
15485.0,-122.0,-1379288.0,-12.775,-19.67
15489.0,-137.0,-1268627.0,-13.35,-20.89
15493.0,-138.0,-1213832.0,-13.275,-21.38
15497.0,-137.0,-1157569.0,-14.55,-22.85
15501.0,-82.0,-1098920.0,-14.592,-23.83
15505.0,-85.0,-988239.0,-12.808,-25.05
15509.0,-192.0,-939074.0,-12.075,-25.78
15513.0,15.0,-890177.0,-13.483,-27.0
15517.0,16.0,-840330.0,-13.825,-28.23
15520.0,-89.0,-735453.0,-13.633,-29.2
15524.0,-126.0,-684050.0,-13.775,-30.18
15528.0,25.0,-634565.0,-12.375,-31.89
15533.0,-282.0,-588078.0,-12.375,-33.11
15537.0,-43.0,-495905.0,-13.208,-34.09
15540.0,-156.0,-447818.0,-14.308,-35.31
15544.0,-417.0,-402091.0,-11.717,-36.78
15548.0,-52.0,-360506.0,-9.242,-37.76
15552.0,-53.0,-280093.0,-10.542,-39.47
15556.0,-374.0,-240410.0,-7.1,-40.69
15560.0,-35.0,-203421.0,5.267,-41.18
15563.0,-104.0,-169496.0,13.5,-42.64
15567.0,-369.0,-113481.0,13.9,-44.35
15571.0,-194.0,-90934.0,9.0,-45.09
15576.0,41.0,-70297.0,10.358,-46.55
15580.0,-6.0,-51702.0,13.383,-47.04
15583.0,-121.0,-28107.0,18.525,-47.78
15587.0,-62.0,-21076.0,21.758,-48.51
15591.0,-211.0,-15351.0,20.35,-48.02
15595.0,-210.0,-13072.0,18.025,-48.51
15599.0,27.0,-7807.0,17.592,-47.78
15602.0,-218.0,-6848.0,14.025,-47.04
15606.0,-377.0,-5943.0,10.458,-45.82
15610.0,-230.0,-3750.0,11.425,-44.84
15614.0,-157.0,-2389.0,10.442,-42.64
15619.0,-190.0,-3630.0,7.45,-40.44
15622.0,-319.0,-4427.0,0.675,-38.0
15626.0,-350.0,-4628.0,-7.092,-33.85
15630.0,-275.0,-5355.0,-9.367,-30.18
15633.0,-128.0,-4632.0,-7.067,-24.8
15637.0,-3.0,-6523.0,-6.625,-19.67
15641.0,90.0,-7060.0,-8.025,-15.52
15645.0,-85.0,-3857.0,-3.092,-9.41
15648.0,146.0,-694.0,3.233,-6.23
15652.0,-109.0,-8267.0,-0.075,-3.79
15655.0,124.0,-4496.0,-1.275,-1.83
15660.0,-239.0,-5213.0,-4.217,-0.12
15664.0,-74.0,-9742.0,-8.95,0.61
15667.0,77.0,-11479.0,-15.467,1.83
15671.0,64.0,-37472.0,-27.6,2.57
15675.0,23.0,-47611.0,-36.092,3.79
15679.0,-184.0,-49418.0,-38.608,6.96
15682.0,-399.0,-56551.0,-35.192,7.21
15686.0,-94.0,-78114.0,-27.008,10.63
15690.0,-265.0,-87799.0,-22.567,12.1
15694.0,-282.0,-103276.0,-21.292,14.3
15698.0,-41.0,-123299.0,-13.633,16.01
15703.0,8.0,-175398.0,6.967,17.23
15706.0,-587.0,-183109.0,16.242,18.45
15710.0,-506.0,-186684.0,-0.625,20.16
15714.0,-215.0,-235691.0,-15.975,21.87
15718.0,150.0,-345128.0,18.075,22.36
15722.0,-351.0,-378881.0,13.325,23.34
15726.0,-458.0,-434420.0,7.558,24.8
15729.0,-43.0,-495521.0,11.892,27.0
15733.0,-222.0,-617598.0,13.35,29.69
15737.0,-369.0,-682927.0,15.225,33.6
15741.0,-34.0,-742570.0,10.517,36.29
15746.0,-15.0,-799933.0,11.767,41.18
15749.0,184.0,-928422.0,15.7,44.35
15753.0,215.0,-992979.0,13.842,46.31
15757.0,-8.0,-1056356.0,13.008,45.82
15761.0,-33.0,-1119187.0,13.383,45.09
15765.0,78.0,-1240674.0,12.233,42.89
15769.0,123.0,-1301391.0,13.65,42.64
15773.0,96.0,-1362926.0,13.008,41.91
15776.0,-17.0,-1423641.0,12.35,41.91
15780.0,-162.0,-1543550.0,13.008,42.64
15784.0,-97.0,-1599949.0,11.6,43.13
15789.0,80.0,-1655614.0,11.617,46.07
15793.0,13.0,-1712723.0,12.625,47.04
15797.0,202.0,-1827724.0,11.825,48.02
15801.0,-115.0,-1886247.0,12.408,47.04
15805.0,-428.0,-1941718.0,10.3,45.58
15808.0,-87.0,-2047253.0,10.417,43.13
15812.0,172.0,-2101638.0,11.383,40.69
15816.0,-17.0,-2156207.0,10.758,39.71
15820.0,-450.0,-2209748.0,11.0,38.98
15824.0,-185.0,-2308949.0,9.65,38.98
15828.0,-214.0,-2357704.0,9.167,38.49
15833.0,-209.0,-2407389.0,10.4,38.25
15837.0,-244.0,-2457362.0,9.483,37.02
15840.0,-307.0,-2555769.0,10.092,36.53
15844.0,-202.0,-2602124.0,9.475,34.82
15848.0,-163.0,-2647571.0,8.392,33.6
15852.0,124.0,-2693300.0,8.692,33.36
15856.0,-3.0,-2786033.0,8.767,32.38
15860.0,-108.0,-2831816.0,8.667,31.65
15864.0,-97.0,-2876703.0,8.292,31.65
15867.0,-140.0,-2919750.0,7.242,30.67
15872.0,33.0,-3005217.0,8.092,29.94
15876.0,-90.0,-3047612.0,7.65,29.45
15880.0,-35.0,-3091055.0,7.433,29.69
15884.0,-148.0,-3133080.0,7.583,28.23
15888.0,21.0,-3212601.0,6.35,27.0
15891.0,-92.0,-3250472.0,6.342,27.0
15895.0,-191.0,-3287673.0,5.742,26.76
15899.0,8.0,-3324182.0,5.942,25.54
15903.0,281.0,-3393095.0,5.625,24.8
15907.0,222.0,-3423524.0,4.683,24.32
15911.0,-127.0,-3453053.0,4.158,23.58
15915.0,-320.0,-3507404.0,3.75,23.34
15919.0,-111.0,-3532519.0,4.05,22.36
15923.0,-168.0,-3556022.0,3.9,21.38
15927.0,189.0,-3577757.0,3.267,20.89
15931.0,-120.0,-3616118.0,2.592,19.67
15935.0,-171.0,-3632357.0,1.908,18.94
15939.0,150.0,-3646174.0,2.292,18.45
15942.0,-189.0,-3658121.0,2.058,17.23
15946.0,-32.0,-3678842.0,1.8,16.74
15950.0,-47.0,-3687137.0,1.075,15.76
15954.0,-196.0,-3693604.0,0.867,15.76
15959.0,-217.0,-3697137.0,0.308,14.78
15963.0,-114.0,-3701646.0,0.95,14.54
15966.0,-251.0,-3701695.0,-0.383,13.32
15970.0,-214.0,-3700020.0,0.025,13.32
15974.0,-85.0,-3695889.0,-0.725,12.34
15978.0,-200.0,-3684972.0,0.3,11.61
15982.0,-315.0,-3680009.0,-1.1,11.12
15986.0,120.0,-3674402.0,0.65,10.39
15990.0,11.0,-3665641.0,-4.233,9.9
15993.0,-62.0,-3636054.0,0.683,8.92
15997.0,307.0,-3618609.0,-2.417,8.92
16002.0,-102.0,-3604176.0,0.35,7.7
16006.0,-147.0,-3594109.0,2.05,7.21
16010.0,-544.0,-3557438.0,-6.575,6.48
16013.0,-559.0,-3528503.0,1.867,5.25
16017.0,40.0,-3503940.0,-4.308,5.01
16021.0,-193.0,-3476259.0,-2.742,4.28
16025.0,374.0,-3409554.0,-0.85,3.54
16029.0,221.0,-3375505.0,-3.367,3.79
16032.0,-20.0,-3349242.0,0.767,2.57
16036.0,203.0,-3327607.0,-4.9,2.32
16040.0,-570.0,-3248520.0,-5.408,2.57
16045.0,-433.0,-3203391.0,0.275,2.08
16049.0,152.0,-3162244.0,-7.392,1.34
16052.0,211.0,-3118049.0,-2.75,1.1
16056.0,90.0,-3022694.0,-4.083,0.86
16060.0,-131.0,-2972331.0,-5.383,0.37
16064.0,196.0,-2921640.0,-6.625,-0.12
16068.0,331.0,-2872437.0,-4.625,-0.61
16071.0,-170.0,-2768914.0,-5.642,-1.1
16075.0,57.0,-2716701.0,-6.425,-1.34
16079.0,-240.0,-2662788.0,-7.642,-2.57
16083.0,-457.0,-2607337.0,-5.992,-2.81
16088.0,-108.0,-2498172.0,-7.383,-3.54
16092.0,-29.0,-2442491.0,-7.758,-4.52
16095.0,-124.0,-2386478.0,-7.55,-5.25
16099.0,-229.0,-2329131.0,-8.425,-5.5
16103.0,-184.0,-2271000.0,-8.658,-6.23
16107.0,-295.0,-2154925.0,-8.917,-7.94
16111.0,-128.0,-2098224.0,-8.858,-8.43
16114.0,-163.0,-2041645.0,-10.075,-9.9
16118.0,140.0,-1924848.0,-10.542,-11.61
16122.0,119.0,-1863727.0,-10.875,-12.59
16126.0,-30.0,-1804500.0,-10.6,-13.56
16131.0,-217.0,-1746661.0,-10.883,-14.78
16135.0,-328.0,-1633734.0,-11.342,-16.01
16139.0,-157.0,-1575997.0,-12.525,-16.25
16143.0,90.0,-1514934.0,-13.917,-17.23
16147.0,-263.0,-1454067.0,-12.375,-18.7
16151.0,96.0,-1340370.0,-12.592,-19.67
16154.0,249.0,-1285231.0,-13.3,-19.67
16158.0,222.0,-1230764.0,-13.283,-21.14
16162.0,409.0,-1115157.0,-14.925,-22.85
16166.0,238.0,-1056364.0,-14.475,-23.83
16171.0,-177.0,-1003037.0,-12.283,-25.05
16175.0,-138.0,-955982.0,-11.383,-26.52
16179.0,121.0,-859257.0,-13.908,-26.52
16183.0,410.0,-807116.0,-14.483,-27.98
16187.0,353.0,-752351.0,-13.867,-29.45
16190.0,-236.0,-699168.0,-13.442,-30.43
16194.0,-303.0,-600565.0,-12.558,-32.14
16198.0,-58.0,-555492.0,-12.225,-33.11
16202.0,3.0,-510883.0,-12.575,-34.82
16206.0,200.0,-463722.0,-14.283,-36.05
16210.0,-181.0,-372593.0,-12.892,-37.02
16214.0,-116.0,-333342.0,-9.7,-38.49
16218.0,-169.0,-294103.0,-9.35,-39.71
16222.0,-152.0,-254228.0,-7.475,-40.69
16226.0,-165.0,-178613.0,4.608,-42.16
16230.0,-172.0,-146822.0,15.25,-43.13
16234.0,-91.0,-120169.0,14.042,-44.11
16237.0,234.0,-95756.0,9.342,-45.33
16241.0,111.0,-54191.0,10.625,-47.04
16245.0,-218.0,-37566.0,14.225,-47.78
16249.0,-439.0,-26319.0,19.742,-48.75
16253.0,-146.0,-19458.0,23.475,-49.49
16257.0,93.0,-10125.0,20.9,-49.98
16261.0,122.0,-8314.0,19.242,-49.98
16265.0,461.0,-6147.0,18.017,-49.0
16269.0,-250.0,-3848.0,13.825,-47.78
16273.0,-339.0,-733.0,12.042,-47.53
16276.0,-166.0,748.0,12.575,-45.58
16280.0,-229.0,1199.0,11.35,-44.11
16284.0,-192.0,314.0,8.633,-43.38
16287.0,-91.0,-823.0,2.633,-40.44
16291.0,-176.0,-2022.0,-5.825,-37.51
16295.0,-123.0,-3015.0,-9.292,-34.09
16299.0,-122.0,-1998.0,-7.4,-29.2
16303.0,373.0,-1285.0,-5.775,-24.8
16307.0,172.0,-3762.0,-8.467,-18.94
16311.0,97.0,-1717.0,-8.583,-13.32
16314.0,66.0,-1886.0,-6.175,-8.92
16318.0,23.0,-3243.0,-1.125,-5.01
16322.0,22.0,-2958.0,0.508,-2.81
16325.0,23.0,-4275.0,-9.075,-1.1
16329.0,114.0,-23546.0,-21.217,0.61
16333.0,129.0,-32865.0,-30.567,1.59
16336.0,-90.0,-37640.0,-34.242,3.54
16340.0,-271.0,-41735.0,-33.233,6.23
16345.0,194.0,-57110.0,-29.55,6.48
16349.0,127.0,-66879.0,-25.308,9.65
16353.0,-198.0,-77496.0,-25.108,11.85
16356.0,15.0,-88913.0,-24.05,13.56
16360.0,176.0,-125148.0,-18.717,14.78
16364.0,-185.0,-134599.0,3.617,16.74
16368.0,-424.0,-128462.0,20.108,18.21
16372.0,75.0,-148171.0,-4.667,20.89
16375.0,420.0,-270316.0,-22.467,23.34
16379.0,97.0,-292473.0,12.008,26.52
16384.0,-482.0,-331064.0,25.958,29.45
16388.0,23.0,-382755.0,3.767,32.62
16392.0,-184.0,-493906.0,0.692,34.34
16396.0,-391.0,-556849.0,18.042,37.27
16399.0,-122.0,-621280.0,14.375,38.25
16403.0,365.0,-681263.0,9.717,40.44
16407.0,116.0,-802610.0,12.992,42.4
16411.0,-49.0,-864587.0,14.633,43.13
16415.0,256.0,-928996.0,13.892,43.87
16419.0,121.0,-993811.0,13.242,44.35
16422.0,-116.0,-1120146.0,13.983,44.35
16427.0,-89.0,-1181013.0,12.733,44.11
16431.0,-82.0,-1240380.0,12.117,44.35
16435.0,-27.0,-1301549.0,13.325,44.6
16439.0,-192.0,-1423958.0,12.883,44.84
16443.0,-99.0,-1484759.0,13.475,44.84
16447.0,-284.0,-1543104.0,11.708,45.82
16451.0,277.0,-1599229.0,10.65,47.53
16455.0,-266.0,-1713022.0,12.933,48.26
16458.0,-345.0,-1770583.0,12.075,48.02
16462.0,48.0,-1828048.0,11.875,46.07
16466.0,93.0,-1940477.0,11.258,44.35
16471.0,124.0,-1993896.0,10.125,42.89
16475.0,105.0,-2047873.0,11.333,41.42
16479.0,-260.0,-2101776.0,10.683,40.44
16483.0,-259.0,-2209473.0,11.058,40.2
16487.0,-350.0,-2260224.0,10.383,39.47
16491.0,1.0,-2308517.0,9.125,39.22
16494.0,138.0,-2357052.0,10.167,38.73
16498.0,53.0,-2457505.0,9.925,37.02
16502.0,18.0,-2506642.0,9.567,36.05
16506.0,3.0,-2554461.0,10.292,34.82
16510.0,-20.0,-2600614.0,8.1,33.85
16514.0,-233.0,-2692273.0,8.792,33.36
16518.0,80.0,-2738906.0,8.875,32.62
16522.0,3.0,-2785237.0,8.45,31.89
16526.0,-254.0,-2830472.0,8.725,32.14
16530.0,-609.0,-2917943.0,7.967,30.91
16534.0,-434.0,-2960820.0,7.833,30.67
16538.0,-263.0,-3003379.0,7.5,29.94
16541.0,218.0,-3046018.0,7.725,29.2
16545.0,57.0,-3130669.0,7.5,28.23
16549.0,-48.0,-3171016.0,6.658,28.23
16553.0,-137.0,-3210177.0,6.617,27.74
16558.0,-286.0,-3249396.0,5.958,27.0
16562.0,75.0,-3324873.0,5.942,25.78
16565.0,84.0,-3360972.0,6.442,25.29
16569.0,-45.0,-3395087.0,4.9,24.56
16573.0,-74.0,-3426688.0,4.7,24.32
16577.0,-53.0,-3486415.0,4.183,23.34
16581.0,18.0,-3514294.0,4.133,23.09
16584.0,103.0,-3540903.0,4.3,22.12
16588.0,196.0,-3565446.0,3.525,21.14
16592.0,37.0,-3608891.0,3.183,20.89
16596.0,14.0,-3627730.0,2.083,20.16
16601.0,-289.0,-3644781.0,2.583,18.7
16605.0,-76.0,-3660306.0,2.3,17.96
16608.0,-155.0,-3685999.0,2.108,17.47
16612.0,-172.0,-3697226.0,1.717,16.5
16616.0,-147.0,-3706621.0,1.175,15.76
16620.0,-68.0,-3719904.0,0.708,15.27
16624.0,-479.0,-3724271.0,0.825,14.54
16628.0,-222.0,-3727094.0,0.658,14.05
16632.0,-207.0,-3727653.0,-0.108,14.05
16635.0,-158.0,-3725478.0,0.492,13.07
16640.0,-77.0,-3723233.0,-0.267,12.34
16644.0,80.0,-3718726.0,-1.733,11.85
16648.0,1.0,-3712551.0,-0.4,11.36
16652.0,-60.0,-3696344.0,-1.392,10.87
16655.0,117.0,-3683617.0,-1.975,9.9
16659.0,-72.0,-3669442.0,0.008,9.41
16663.0,-9.0,-3655009.0,-0.842,8.43
16667.0,212.0,-3644748.0,2.808,7.45
16671.0,-409.0,-3615817.0,-6.767,6.96
16674.0,-754.0,-3595332.0,4.95,6.48
16678.0,335.0,-3585895.0,-0.475,5.5
16683.0,-530.0,-3571318.0,-7.333,5.25
16687.0,-239.0,-3522617.0,6.225,4.52
16691.0,336.0,-3509682.0,-2.425,4.77
16695.0,-499.0,-3495775.0,-0.625,4.28
16698.0,-156.0,-3479100.0,-4.592,4.03
16702.0,-339.0,-3411783.0,-2.367,3.54
16706.0,-374.0,-3372184.0,-2.192,3.3
16710.0,103.0,-3333061.0,-5.567,3.3
16714.0,-122.0,-3290360.0,-2.233,3.05
16717.0,97.0,-3201303.0,-3.95,2.57
16721.0,-20.0,-3156018.0,-5.1,1.83
16726.0,119.0,-3108771.0,-5.375,1.59
16730.0,150.0,-3061812.0,-4.35,0.86
16734.0,-63.0,-2962195.0,-5.167,1.1
16737.0,8.0,-2911276.0,-5.192,0.37
16741.0,-347.0,-2859633.0,-5.6,0.12
16745.0,-112.0,-2808178.0,-5.475,-0.61
16749.0,-13.0,-2703689.0,-7.133,-1.34
16753.0,86.0,-2649670.0,-7.042,-1.83
16756.0,107.0,-2593083.0,-6.317,-2.57
16760.0,-166.0,-2536932.0,-6.725,-3.05
16764.0,-503.0,-2428057.0,-7.567,-4.28
16769.0,-662.0,-2372502.0,-8.317,-5.25
16773.0,91.0,-2315399.0,-8.475,-6.72
16776.0,124.0,-2257472.0,-8.675,-8.19
16780.0,-49.0,-2140395.0,-8.992,-9.41
16784.0,-300.0,-2083742.0,-8.617,-9.9
16788.0,-425.0,-2027119.0,-9.983,-11.12
16792.0,-174.0,-1970322.0,-10.117,-11.85
16796.0,-123.0,-1852315.0,-11.05,-12.1
16800.0,-252.0,-1792628.0,-10.45,-12.83
16803.0,-127.0,-1734701.0,-10.675,-14.3
16807.0,-110.0,-1677920.0,-11.125,-15.27
16812.0,-133.0,-1564263.0,-12.758,-16.01
16816.0,-140.0,-1504384.0,-13.575,-17.47
16820.0,-51.0,-1444313.0,-13.167,-18.21
16824.0,-228.0,-1330384.0,-12.392,-19.43
16828.0,-123.0,-1274563.0,-13.192,-20.41
16832.0,-92.0,-1221132.0,-13.192,-21.14
16836.0,-195.0,-1167849.0,-13.9,-22.36
16840.0,-160.0,-1054126.0,-14.3,-23.34
16844.0,-237.0,-998527.0,-13.333,-24.56
16847.0,-100.0,-947232.0,-12.658,-25.54
16851.0,181.0,-897021.0,-13.542,-26.76
16856.0,138.0,-795876.0,-13.617,-27.98
16860.0,263.0,-743391.0,-13.6,-28.71
16864.0,-238.0,-691438.0,-14.033,-30.43
16868.0,-9.0,-641485.0,-12.358,-31.65
16871.0,-2.0,-550370.0,-12.067,-32.62
16875.0,167.0,-505819.0,-12.658,-34.09
16879.0,30.0,-459566.0,-14.0,-35.07
16883.0,29.0,-412053.0,-13.45,-36.05
16887.0,242.0,-330338.0,-10.275,-38.0
16891.0,359.0,-292707.0,-9.367,-38.98
16894.0,144.0,-255798.0,-6.742,-40.44
16899.0,59.0,-220107.0,0.65,-41.67
16903.0,-342.0,-155704.0,10.792,-42.4
16907.0,-447.0,-130317.0,14.633,-43.38
16911.0,-360.0,-108898.0,7.692,-43.62
16915.0,-263.0,-89497.0,7.367,-44.6
16918.0,86.0,-57610.0,7.767,-45.33
16922.0,89.0,-44169.0,13.625,-46.07
16926.0,-286.0,-35270.0,18.625,-46.31
16930.0,-219.0,-29525.0,17.667,-46.31
16933.0,-222.0,-22932.0,13.7,-45.82
16937.0,-33.0,-22305.0,11.375,-45.58
16942.0,84.0,-20560.0,7.508,-44.11
16946.0,31.0,-18217.0,5.767,-43.13
16950.0,132.0,-15874.0,7.083,-40.69
16953.0,-29.0,-15667.0,6.242,-38.49
16957.0,-104.0,-15380.0,1.783,-36.05
16961.0,-307.0,-16097.0,-4.375,-30.67
16965.0,62.0,-17414.0,-8.558,-27.74
16968.0,53.0,-18251.0,-10.283,-22.85
16972.0,14.0,-19288.0,-10.025,-17.47
16976.0,-9.0,-18045.0,-7.4,-13.07
16980.0,-114.0,-15204.0,-0.417,-8.19
16984.0,79.0,-19847.0,0.5,-4.77
16988.0,82.0,-18956.0,-2.192,-3.05
16992.0,141.0,-16169.0,-2.917,-1.1
16995.0,256.0,-20300.0,-7.217,-0.12
16999.0,249.0,-25673.0,-15.55,0.86
17003.0,16.0,-52266.0,-27.917,2.81
17007.0,-97.0,-58257.0,-34.333,4.52
17010.0,-336.0,-59304.0,-30.283,5.74
17014.0,-25.0,-65525.0,-23.225,6.96
17018.0,28.0,-97098.0,-17.375,9.41
17022.0,-313.0,-110761.0,-14.367,12.1
17027.0,-342.0,-134618.0,1.675,14.3
17030.0,-91.0,-162737.0,7.45,15.27
17034.0,-488.0,-231604.0,-1.625,17.23
17038.0,-301.0,-270997.0,2.933,19.43
17042.0,26.0,-310300.0,17.992,22.12
17046.0,-143.0,-356599.0,12.725,24.56
17049.0,-362.0,-467772.0,8.708,27.98
17053.0,-241.0,-526753.0,12.608,29.94
17057.0,142.0,-587996.0,13.817,31.89
17061.0,181.0,-649927.0,12.458,33.36
17065.0,-44.0,-769356.0,11.242,35.07
17070.0,-157.0,-831977.0,14.533,37.51
17073.0,-134.0,-896366.0,14.333,41.67
17077.0,-103.0,-960497.0,13.075,45.82
17081.0,-98.0,-1088434.0,14.092,51.2
17085.0,-105.0,-1148739.0,11.892,54.13
17089.0,-418.0,-1207766.0,12.692,54.86
17093.0,-373.0,-1268825.0,13.875,53.15
17097.0,-222.0,-1392666.0,12.842,50.95
17101.0,-329.0,-1454321.0,12.975,49.49
17105.0,-294.0,-1512962.0,11.375,48.51
17108.0,-141.0,-1624391.0,11.525,48.51
17113.0,46.0,-1682994.0,13.05,48.26
17117.0,-517.0,-1741563.0,11.933,46.8
17121.0,-114.0,-1799702.0,11.892,46.31
17125.0,39.0,-1911653.0,11.242,45.09
17129.0,-200.0,-1965220.0,10.317,44.11
17133.0,-47.0,-2019707.0,11.283,42.4
17137.0,92.0,-2073984.0,11.225,41.42
17141.0,81.0,-2180781.0,11.075,40.2
17144.0,-124.0,-2231786.0,10.25,39.22
17148.0,-285.0,-2280889.0,8.667,38.49
17153.0,-170.0,-2329694.0,10.767,37.51
17157.0,175.0,-2429297.0,9.958,36.53
17161.0,30.0,-2478550.0,9.658,35.8
17165.0,-203.0,-2526889.0,9.508,35.56
17169.0,-302.0,-2619272.0,8.267,34.34
17172.0,-203.0,-2666101.0,9.05,33.85
17176.0,-214.0,-2712976.0,8.992,32.87
17180.0,-93.0,-2759787.0,8.9,32.14
17184.0,-234.0,-2850298.0,8.808,31.65
17188.0,-145.0,-2892579.0,7.225,30.91
17192.0,-220.0,-2935558.0,8.067,30.43
17197.0,-393.0,-2978411.0,7.217,29.69
17200.0,-56.0,-3065046.0,7.725,28.96
17204.0,-399.0,-3106817.0,7.45,28.71
17208.0,-416.0,-3146668.0,6.708,28.23
17212.0,-193.0,-3186845.0,6.458,27.0
17216.0,-188.0,-3266944.0,6.408,26.76
17220.0,-355.0,-3306899.0,6.433,25.78
17224.0,-210.0,-3345988.0,6.225,25.29
17227.0,-59.0,-3382455.0,5.458,24.8
17231.0,-178.0,-3452192.0,5.083,23.83
17235.0,-265.0,-3485267.0,4.367,23.58
17240.0,-108.0,-3517240.0,4.617,22.85
17244.0,-43.0,-3547791.0,4.675,22.12
17248.0,-134.0,-3603462.0,3.808,21.87
17251.0,-211.0,-3627939.0,3.175,21.14
17255.0,-248.0,-3650634.0,3.258,20.16
17259.0,-115.0,-3671707.0,2.583,19.92
17263.0,-230.0,-3710312.0,3.092,18.7
17267.0,-65.0,-3727503.0,2.55,18.21
17271.0,162.0,-3743462.0,2.25,17.23
17275.0,-97.0,-3769495.0,1.15,16.5
17278.0,110.0,-3780314.0,1.242,16.5
17283.0,-31.0,-3789315.0,1.367,15.27
17287.0,-216.0,-3795610.0,1.025,15.03
17291.0,121.0,-3803861.0,0.558,14.05
17295.0,128.0,-3805326.0,-0.2,13.56
17299.0,285.0,-3806313.0,0.5,13.07
17302.0,-152.0,-3805730.0,-0.717,12.59
17306.0,-403.0,-3799143.0,0.117,12.1
17310.0,-192.0,-3796502.0,0.925,11.36
17314.0,-27.0,-3792007.0,-2.408,10.63
17318.0,128.0,-3784346.0,-0.825,10.63
17323.0,47.0,-3761639.0,-1.233,9.65
17326.0,-422.0,-3747322.0,-1.758,8.92
17330.0,-589.0,-3732347.0,-0.767,7.94
17334.0,-388.0,-3715566.0,-1.833,7.7
17338.0,-233.0,-3674515.0,-1.375,6.72
17342.0,-210.0,-3652304.0,-2.308,5.99
17346.0,-107.0,-3628033.0,-2.867,5.5
17349.0,-122.0,-3601578.0,-1.692,4.52
17353.0,75.0,-3542273.0,-2.1,3.79
17357.0,168.0,-3509870.0,-3.05,3.3
17361.0,115.0,-3475577.0,-2.95,3.54
17366.0,24.0,-3439526.0,-3.867,2.57
17369.0,-15.0,-3361899.0,-3.217,3.05
17373.0,-40.0,-3319440.0,-4.258,1.83
17377.0,-205.0,-3274237.0,-3.742,1.59
17381.0,-406.0,-3228330.0,-4.492,1.59
17385.0,-387.0,-3135379.0,-4.217,0.61
17388.0,68.0,-3087486.0,-5.0,0.37
17392.0,171.0,-3038757.0,-4.842,-0.12
17396.0,-200.0,-2989916.0,-5.392,0.12
17400.0,-137.0,-2939091.0,-5.417,-1.1
17404.0,216.0,-2834970.0,-5.725,-1.59
17409.0,-65.0,-2783049.0,-5.525,-1.59
17412.0,22.0,-2730730.0,-6.483,-2.57
17416.0,107.0,-2677653.0,-6.825,-2.81
17420.0,-126.0,-2568200.0,-7.2,-3.79
17424.0,-171.0,-2512023.0,-6.892,-4.77
17428.0,-374.0,-2456622.0,-7.242,-5.25
17431.0,-347.0,-2401285.0,-7.908,-6.23
17435.0,-80.0,-2289342.0,-8.35,-7.21
17439.0,-303.0,-2231903.0,-8.842,-7.94
17443.0,-226.0,-2173566.0,-8.883,-8.43
17447.0,-277.0,-2116019.0,-9.042,-9.9
17452.0,-62.0,-2003468.0,-9.192,-10.87
17455.0,-71.0,-1947615.0,-10.325,-11.61
17459.0,-134.0,-1889648.0,-10.908,-12.1
17463.0,-255.0,-1769827.0,-11.117,-12.83
17467.0,84.0,-1712704.0,-10.567,-14.3
17471.0,-215.0,-1656469.0,-11.075,-15.03
17475.0,-156.0,-1600862.0,-11.767,-16.01
17479.0,-203.0,-1485945.0,-13.167,-17.23
17483.0,264.0,-1425556.0,-13.783,-18.7
17487.0,111.0,-1367533.0,-12.342,-19.18
17490.0,74.0,-1311810.0,-13.175,-20.16
17495.0,-3.0,-1201665.0,-13.525,-21.14
17499.0,-32.0,-1148932.0,-13.025,-21.63
17503.0,-147.0,-1094433.0,-14.533,-22.85
17507.0,-124.0,-981884.0,-13.808,-24.56
17511.0,45.0,-932077.0,-12.217,-25.05
17515.0,-78.0,-884406.0,-12.433,-26.52
17518.0,-105.0,-835493.0,-13.65,-27.74
17522.0,-256.0,-731844.0,-13.892,-28.71
17526.0,-407.0,-680165.0,-13.942,-29.94
17530.0,-442.0,-630810.0,-13.1,-31.4
17534.0,-553.0,-583261.0,-12.25,-31.89
17539.0,-282.0,-496382.0,-11.633,-34.09
17543.0,-79.0,-451771.0,-13.175,-35.56
17546.0,74.0,-404642.0,-14.317,-35.8
17550.0,43.0,-361103.0,-11.483,-37.76
17554.0,236.0,-285674.0,-9.808,-38.98
17558.0,-25.0,-248581.0,-7.208,-39.71
17562.0,-52.0,-212896.0,-2.625,-41.91
17565.0,13.0,-178541.0,7.758,-42.4
17569.0,-42.0,-122258.0,15.742,-43.62
17573.0,575.0,-100313.0,10.617,-44.6
17577.0,208.0,-80590.0,8.658,-44.6
17582.0,9.0,-63597.0,9.092,-45.82
17585.0,-288.0,-48952.0,12.967,-46.31
17589.0,-307.0,-26743.0,19.208,-47.04
17593.0,-296.0,-21616.0,20.15,-47.53
17597.0,9.0,-18051.0,17.525,-47.29
17601.0,52.0,-16416.0,15.267,-47.04
17604.0,109.0,-13913.0,10.825,-45.58
17608.0,62.0,-12270.0,7.6,-44.35
17612.0,-203.0,-10793.0,8.108,-42.4
17616.0,-250.0,-9612.0,8.35,-39.71
17619.0,327.0,-8675.0,6.942,-37.76
17624.0,182.0,-9162.0,1.817,-35.07
17628.0,279.0,-9963.0,-5.192,-32.62
17632.0,134.0,-10598.0,-9.275,-28.23
17635.0,15.0,-11723.0,-9.5,-23.34
17639.0,-390.0,-9840.0,-5.8,-19.43
17643.0,-177.0,-5549.0,0.917,-13.56
17647.0,124.0,-11800.0,-5.008,-9.9
17650.0,379.0,-13069.0,-6.15,-6.48
17654.0,-310.0,-11650.0,-4.9,-3.79
17658.0,-517.0,-14099.0,-5.45,-1.59
17662.0,-508.0,-11112.0,-2.033,-0.61
17666.0,-245.0,-13079.0,-8.55,0.61
17670.0,-290.0,-25024.0,-22.967,2.08
17674.0,9.0,-53003.0,-34.117,2.57
17678.0,198.0,-56278.0,-38.408,4.77
17681.0,181.0,-56139.0,-30.283,6.72
17685.0,-338.0,-53486.0,-4.975,8.43
17689.0,-345.0,-42629.0,13.125,9.65
17693.0,-252.0,-58820.0,2.625,11.36
17696.0,299.0,-77585.0,-21.967,12.59
17700.0,378.0,-116840.0,-38.167,13.56
17704.0,215.0,-170935.0,-24.492,15.03
17709.0,-40.0,-191694.0,20.392,16.74
17713.0,-237.0,-231399.0,19.933,19.18
17717.0,-232.0,-273478.0,-14.292,21.14
17720.0,63.0,-359975.0,-0.7,23.58
17724.0,70.0,-415288.0,25.75,25.54
17728.0,-83.0,-473221.0,3.383,26.76
17732.0,-174.0,-535032.0,6.958,27.74
17736.0,65.0,-658655.0,15.567,29.45
17739.0,224.0,-717660.0,12.0,31.4
17743.0,231.0,-777705.0,10.742,35.31
17747.0,62.0,-841564.0,15.317,39.47
17752.0,-181.0,-971219.0,13.408,42.16
17756.0,-152.0,-1035108.0,12.925,43.87
17760.0,-15.0,-1098073.0,13.667,43.87
17764.0,-4.0,-1157804.0,11.767,44.11
17767.0,57.0,-1278051.0,13.825,46.8
17771.0,-6.0,-1339568.0,13.308,50.22
17775.0,-373.0,-1401407.0,12.725,52.17
17779.0,-438.0,-1462448.0,12.925,53.4
17783.0,-79.0,-1576603.0,10.758,51.93
17787.0,100.0,-1633826.0,12.65,49.49
17792.0,221.0,-1691633.0,12.333,46.07
17795.0,-140.0,-1750308.0,12.175,44.11
17799.0,-229.0,-1865655.0,11.683,42.89
17803.0,-274.0,-1919246.0,10.092,43.62
17807.0,-87.0,-1972553.0,11.108,43.13
17811.0,224.0,-2081626.0,11.225,43.13
17815.0,217.0,-2135423.0,11.017,42.64
17819.0,184.0,-2188994.0,11.3,41.18
17823.0,-31.0,-2239215.0,8.558,40.2
17827.0,28.0,-2336008.0,9.958,38.25
17830.0,199.0,-2386537.0,10.85,37.02
17835.0,194.0,-2436656.0,9.708,35.8
17839.0,391.0,-2485787.0,9.692,34.82
17843.0,94.0,-2578758.0,8.558,34.58
17847.0,-79.0,-2624631.0,8.683,34.09
17851.0,-186.0,-2671428.0,8.975,33.6
17854.0,-263.0,-2718223.0,8.9,33.36
17858.0,-188.0,-2809300.0,9.375,32.38
17862.0,-347.0,-2852987.0,7.692,31.4
17866.0,24.0,-2895830.0,7.933,30.91
17870.0,63.0,-2938959.0,7.758,30.67
17874.0,50.0,-3024874.0,7.35,29.69
17878.0,-95.0,-3067735.0,7.725,28.71
17882.0,54.0,-3109172.0,7.367,28.23
17886.0,-99.0,-3149035.0,6.292,27.74
17890.0,46.0,-3228246.0,6.433,26.76
17894.0,-127.0,-3266187.0,5.742,27.0
17898.0,-336.0,-3303324.0,6.542,26.03
17901.0,-211.0,-3338959.0,5.3,25.05
17905.0,-228.0,-3403632.0,4.917,24.32
17909.0,287.0,-3433293.0,4.442,23.58
17913.0,374.0,-3462200.0,4.15,22.85
17917.0,-125.0,-3516313.0,4.158,22.12
17922.0,-98.0,-3540762.0,3.9,21.63
17926.0,3.0,-3563345.0,3.2,20.89
17929.0,-138.0,-3583586.0,2.375,20.16
17933.0,-39.0,-3618685.0,2.117,19.18
17937.0,-164.0,-3633526.0,2.375,18.45
17941.0,-125.0,-3646769.0,2.158,17.47
17945.0,-354.0,-3658820.0,2.067,16.98
17949.0,-263.0,-3678563.0,1.525,16.25
17952.0,-156.0,-3685192.0,0.475,16.01
17956.0,31.0,-3691067.0,0.825,15.03
17960.0,242.0,-3694530.0,-0.067,14.3
17965.0,-159.0,-3697191.0,0.8,14.3
17969.0,-170.0,-3697366.0,0.233,13.32
17973.0,-337.0,-3694867.0,-1.142,12.83
17977.0,-184.0,-3691702.0,1.1,12.1
17980.0,-275.0,-3684493.0,-1.575,11.36
17984.0,-336.0,-3678620.0,-0.225,10.63
17988.0,11.0,-3672999.0,0.783,10.14
17992.0,-112.0,-3663582.0,-4.292,9.16
17996.0,401.0,-3645171.0,4.558,8.68
18000.0,498.0,-3633532.0,-5.867,7.94
18003.0,-211.0,-3613831.0,0.708,7.94
18008.0,32.0,-3591618.0,-0.733,6.72
18012.0,-435.0,-3545969.0,-3.008,5.74
18016.0,90.0,-3526196.0,0.992,5.01
18020.0,137.0,-3512829.0,1.592,4.52
18023.0,118.0,-3493910.0,-6.783,4.52
18027.0,169.0,-3436285.0,2.85,4.03
18031.0,270.0,-3419338.0,-1.325,3.79
18035.0,-387.0,-3395629.0,-3.792,3.3
18039.0,-62.0,-3373972.0,4.325,3.05
18042.0,-439.0,-3310607.0,-9.708,3.3
18046.0,-66.0,-3265538.0,-1.392,2.81
18051.0,407.0,-3224525.0,-4.425,2.57
18055.0,156.0,-3182388.0,-2.183,2.08
18059.0,-89.0,-3090963.0,-3.4,1.59
18062.0,-20.0,-3044974.0,-6.283,1.1
18066.0,9.0,-2997929.0,-5.208,0.37
18070.0,-212.0,-2947870.0,-4.775,0.12
18074.0,-189.0,-2896977.0,-6.25,0.37
18078.0,64.0,-2794796.0,-4.775,-0.86
18081.0,-255.0,-2742573.0,-5.925,-1.1
18085.0,-136.0,-2690000.0,-6.0,-1.59
18089.0,-149.0,-2636605.0,-7.792,-1.34
18094.0,50.0,-2524922.0,-6.792,-2.08
18098.0,281.0,-2469943.0,-6.475,-3.3
18101.0,158.0,-2414942.0,-7.492,-4.03
18105.0,-83.0,-2359181.0,-8.283,-5.01
18109.0,-368.0,-2244474.0,-8.567,-6.48
18113.0,-139.0,-2186005.0,-9.333,-6.23
18117.0,216.0,-2128014.0,-8.658,-8.92
18121.0,161.0,-2070915.0,-9.558,-10.39
18124.0,-114.0,-1957264.0,-9.567,-11.61
18128.0,-343.0,-1899651.0,-10.525,-12.34
18132.0,-288.0,-1839420.0,-11.483,-13.07
18137.0,-203.0,-1720737.0,-10.175,-13.56
18141.0,60.0,-1662880.0,-11.042,-14.78
18145.0,-29.0,-1606321.0,-11.542,-15.76
18149.0,-138.0,-1551224.0,-12.267,-16.74
18153.0,-267.0,-1431431.0,-14.342,-17.23
18157.0,-42.0,-1371168.0,-13.183,-18.7
18160.0,141.0,-1314847.0,-12.275,-19.43
18164.0,36.0,-1259388.0,-13.692,-20.65
18168.0,-65.0,-1150309.0,-13.775,-21.87
18172.0,222.0,-1094150.0,-14.35,-22.85
18177.0,-119.0,-1036245.0,-14.283,-24.07
18181.0,-506.0,-931426.0,-12.542,-25.05
18185.0,-185.0,-885391.0,-11.525,-25.78
18189.0,-200.0,-837158.0,-13.183,-27.49
18193.0,-107.0,-786999.0,-14.3,-27.98
18196.0,50.0,-682374.0,-13.842,-29.45
18200.0,-49.0,-631511.0,-13.833,-30.67
18204.0,-266.0,-583010.0,-12.325,-31.65
18208.0,-401.0,-538567.0,-11.6,-33.11
18212.0,-470.0,-451200.0,-12.983,-35.07
18216.0,-31.0,-403777.0,-14.467,-35.56
18220.0,-162.0,-359724.0,-12.175,-37.27
18224.0,123.0,-321859.0,-9.725,-38.49
18228.0,-18.0,-251576.0,-6.55,-39.47
18232.0,-193.0,-217367.0,-3.783,-40.44
18236.0,144.0,-183766.0,5.308,-41.91
18239.0,5.0,-152385.0,13.942,-42.89
18243.0,110.0,-107852.0,12.983,-43.62
18247.0,77.0,-89357.0,6.808,-44.6
18251.0,-220.0,-73486.0,5.008,-45.58
18255.0,51.0,-59153.0,9.267,-45.82
18258.0,18.0,-46196.0,16.683,-46.07
18263.0,-3.0,-30849.0,17.8,-46.31
18267.0,64.0,-27746.0,15.592,-46.07
18271.0,-195.0,-25169.0,12.333,-45.33
18274.0,-36.0,-23546.0,7.133,-44.6
18278.0,-185.0,-20735.0,4.925,-43.13
18282.0,-264.0,-19352.0,6.075,-40.69
18286.0,159.0,-18603.0,5.292,-38.0
18290.0,-206.0,-17822.0,2.733,-35.31
18293.0,-133.0,-18873.0,-3.45,-31.16
18297.0,76.0,-19424.0,-7.717,-28.23
18301.0,-19.0,-19465.0,-9.342,-23.34
18306.0,-194.0,-20964.0,-10.042,-18.45
18309.0,-251.0,-20163.0,-8.758,-14.3
18313.0,-30.0,-18946.0,-6.025,-8.43
18317.0,-85.0,-19459.0,-1.283,-5.01
18321.0,-222.0,-20810.0,1.025,-2.57
18324.0,-465.0,-20229.0,0.708,-0.86
18328.0,-114.0,-24196.0,-4.017,0.37
18332.0,261.0,-29643.0,-11.575,1.1
18336.0,90.0,-42430.0,-24.275,3.05
18339.0,-245.0,-57627.0,-33.183,4.03
18343.0,-34.0,-66028.0,-32.925,5.99
18348.0,21.0,-74193.0,-25.092,5.74
18352.0,-228.0,-92364.0,-15.675,9.65
18355.0,-33.0,-109463.0,-7.525,12.1
18359.0,-158.0,-109882.0,13.867,12.83
18363.0,-271.0,-127453.0,7.408,14.05
18367.0,-288.0,-190906.0,-22.408,15.27
18371.0,-497.0,-224737.0,-8.8,16.25
18375.0,-1090.0,-208382.0,18.858,16.98
18378.0,-461.0,-291103.0,9.942,18.21
18382.0,290.0,-349676.0,5.842,18.94
18386.0,-487.0,-379101.0,4.525,19.43
18391.0,-336.0,-495130.0,18.633,20.65
18395.0,-155.0,-553259.0,10.875,22.12
18399.0,-214.0,-612802.0,6.992,22.61
18402.0,61.0,-672151.0,14.967,24.07
18406.0,14.0,-790280.0,13.067,26.03
18410.0,-79.0,-855021.0,13.483,28.23
18414.0,-130.0,-919904.0,14.058,29.69
18418.0,43.0,-983947.0,14.233,31.4
18421.0,130.0,-1107500.0,12.583,31.89
18425.0,57.0,-1166067.0,10.7,31.89
18429.0,-12.0,-1227592.0,14.367,31.16
18434.0,-295.0,-1290105.0,13.992,31.16
18438.0,-22.0,-1413750.0,12.183,33.36
18442.0,-73.0,-1472201.0,11.933,35.8
18446.0,-156.0,-1527948.0,11.708,38.73
18450.0,419.0,-1585253.0,13.0,41.42
18454.0,204.0,-1702464.0,12.267,45.58
18457.0,-163.0,-1759177.0,11.883,47.29
18461.0,-288.0,-1817028.0,12.192,47.53
18465.0,-59.0,-1872901.0,10.25,45.82
18469.0,194.0,-1981608.0,11.033,43.38
18473.0,201.0,-2035513.0,11.267,41.67
18478.0,-128.0,-2089284.0,11.058,39.96
18482.0,-167.0,-2194269.0,11.008,39.47
18486.0,-402.0,-2244002.0,9.167,38.73
18490.0,-311.0,-2292635.0,9.917,38.49
18493.0,278.0,-2342032.0,10.417,37.51
18497.0,-61.0,-2442431.0,9.683,36.78
18501.0,-234.0,-2490918.0,10.125,36.29
18505.0,-383.0,-2537405.0,8.55,34.58
18509.0,-328.0,-2583518.0,8.642,34.09
18513.0,-35.0,-2677569.0,9.2,33.36
18518.0,212.0,-2724360.0,9.0,32.62
18521.0,-109.0,-2769929.0,8.758,32.14
18525.0,-130.0,-2814378.0,8.125,31.16
18529.0,-443.0,-2901105.0,7.733,31.4
18533.0,-318.0,-2944484.0,7.583,30.18
18537.0,355.0,-2988199.0,7.625,29.45
18541.0,86.0,-3031202.0,7.958,28.71
18545.0,-19.0,-3114269.0,6.717,27.98
18548.0,-230.0,-3154356.0,6.658,27.49
18552.0,171.0,-3194539.0,6.45,27.25
18556.0,-196.0,-3274286.0,6.142,26.03
18561.0,-11.0,-3312791.0,6.4,25.78
18565.0,-52.0,-3348980.0,5.808,25.29
18569.0,127.0,-3383035.0,4.917,24.32
18572.0,8.0,-3447142.0,4.425,24.07
18576.0,-81.0,-3477525.0,4.292,23.34
18580.0,-158.0,-3506580.0,4.575,22.36
18584.0,-195.0,-3534317.0,4.183,21.63
18588.0,-96.0,-3581730.0,3.283,21.63
18592.0,93.0,-3602629.0,2.75,20.16
18595.0,364.0,-3622242.0,2.658,19.67
18599.0,-231.0,-3640063.0,2.408,19.18
18604.0,-104.0,-3671162.0,2.633,18.21
18608.0,-79.0,-3683983.0,1.775,17.23
18612.0,34.0,-3696056.0,1.508,16.5
18616.0,83.0,-3706537.0,0.675,16.01
18619.0,-340.0,-3721548.0,1.042,15.27
18623.0,-681.0,-3725641.0,0.85,14.78
18627.0,-130.0,-3729186.0,0.983,14.3
18631.0,-89.0,-3730723.0,-0.283,13.56
18635.0,18.0,-3728330.0,-0.483,13.32
18639.0,181.0,-3724423.0,-0.442,13.07
18642.0,280.0,-3719536.0,-0.483,11.85
18647.0,-89.0,-3713919.0,0.25,11.12
18651.0,26.0,-3701242.0,-1.233,10.39
18655.0,53.0,-3694751.0,1.25,9.9
18659.0,-144.0,-3684738.0,-4.417,9.16
18662.0,-27.0,-3669437.0,0.258,8.19
18666.0,-126.0,-3647706.0,3.108,8.19
18670.0,13.0,-3635913.0,-3.608,7.21
18674.0,-226.0,-3613632.0,-2.058,6.48
18678.0,-45.0,-3588715.0,0.633,5.74
18681.0,-280.0,-3565416.0,-4.9,5.01
18685.0,-75.0,-3509539.0,-2.042,4.52
18690.0,330.0,-3477672.0,-1.917,4.77
18694.0,-343.0,-3444729.0,-2.142,3.3
18698.0,-244.0,-3409360.0,-3.992,2.81
18701.0,-79.0,-3344575.0,-1.792,2.57
18705.0,38.0,-3323238.0,1.667,2.57
18709.0,-425.0,-3300439.0,-2.983,1.83
18713.0,-358.0,-3279418.0,-0.783,2.08
18717.0,-515.0,-3204913.0,-8.35,2.32
18720.0,-306.0,-3157956.0,0.283,1.59
18724.0,-181.0,-3115571.0,-5.858,1.59
18728.0,-310.0,-3071844.0,-3.467,1.1
18733.0,-259.0,-2976123.0,-3.975,0.61
18737.0,120.0,-2927714.0,-6.458,0.12
18741.0,313.0,-2876587.0,-5.467,-0.61
18744.0,40.0,-2825536.0,-5.375,-0.86
18748.0,-75.0,-2723563.0,-6.267,-1.1
18752.0,-46.0,-2670538.0,-5.983,-1.59
18756.0,-233.0,-2616249.0,-6.967,-2.08
18760.0,-276.0,-2560798.0,-7.117,-2.81
18763.0,-109.0,-2450095.0,-7.042,-3.05
18767.0,-206.0,-2394998.0,-7.375,-3.54
18771.0,-17.0,-2339411.0,-7.733,-4.52
18776.0,64.0,-2282416.0,-8.275,-5.25
18780.0,149.0,-2165807.0,-9.258,-5.74
18783.0,340.0,-2108566.0,-8.833,-6.72
18787.0,-237.0,-2051211.0,-9.317,-8.92
18791.0,-98.0,-1993772.0,-9.7,-9.41
18795.0,83.0,-1879055.0,-10.558,-11.85
18799.0,-132.0,-1820158.0,-11.125,-13.32
18803.0,67.0,-1759855.0,-11.35,-14.3
18807.0,-16.0,-1700928.0,-10.575,-15.03
18810.0,-133.0,-1588557.0,-11.567,-15.76
18814.0,-542.0,-1532574.0,-11.883,-16.5
18819.0,-243.0,-1474351.0,-13.808,-17.23
18823.0,-4.0,-1354880.0,-13.358,-18.21
18827.0,9.0,-1298583.0,-12.65,-19.18
18831.0,-308.0,-1243758.0,-13.242,-20.41
18835.0,-481.0,-1189393.0,-13.567,-20.65
18839.0,-516.0,-1079314.0,-13.817,-22.12
18843.0,59.0,-1022779.0,-14.433,-23.58
18846.0,-570.0,-967808.0,-13.292,-24.32
18850.0,-267.0,-916935.0,-12.083,-25.78
18854.0,-266.0,-820732.0,-12.558,-27.0
18859.0,111.0,-771711.0,-13.683,-27.49
18863.0,308.0,-720862.0,-13.492,-29.2
18867.0,-13.0,-669801.0,-13.625,-30.43
18871.0,-96.0,-572250.0,-13.042,-31.16
18874.0,-273.0,-528487.0,-11.408,-33.11
18878.0,-318.0,-485514.0,-12.442,-34.34
18882.0,-227.0,-439999.0,-14.575,-35.8
18886.0,-306.0,-349210.0,-13.183,-37.27
18890.0,59.0,-312617.0,-10.392,-38.25
18894.0,172.0,-278810.0,-6.35,-39.47
18897.0,-31.0,-244479.0,-4.6,-40.93
18902.0,-316.0,-177858.0,3.308,-41.67
18906.0,-535.0,-146959.0,12.95,-42.64
18910.0,-458.0,-123190.0,13.917,-43.62
18914.0,-457.0,-104699.0,6.25,-43.62
18918.0,-54.0,-72190.0,2.267,-44.6
18921.0,-7.0,-57927.0,8.217,-45.09
18925.0,-178.0,-45782.0,16.675,-45.58
18929.0,57.0,-36403.0,17.417,-45.58
18933.0,282.0,-27190.0,15.083,-45.33
18937.0,3.0,-24681.0,13.367,-44.11
18940.0,-80.0,-23580.0,6.775,-43.13
18945.0,61.0,-22867.0,4.383,-41.91
18949.0,-224.0,-19782.0,6.608,-39.47
18953.0,-423.0,-19285.0,4.583,-38.0
18956.0,-414.0,-18952.0,1.617,-34.82
18960.0,197.0,-18515.0,-3.567,-31.16
18964.0,-46.0,-19800.0,-7.558,-27.98
18968.0,17.0,-18021.0,-6.808,-23.09
18971.0,-294.0,-16842.0,-2.233,-18.94
18975.0,-201.0,-16537.0,3.242,-15.27
18979.0,-74.0,-15790.0,2.55,-10.87
18983.0,-61.0,-17307.0,-2.625,-6.96
18987.0,72.0,-17466.0,-3.992,-5.01
18991.0,-143.0,-17295.0,-4.808,-3.05
18995.0,-304.0,-17430.0,-4.392,-1.34
18999.0,-81.0,-17597.0,-1.558,-0.37
19002.0,-76.0,-17702.0,-0.45,0.86
19006.0,-159.0,-17487.0,-1.167,2.08
19010.0,-134.0,-17828.0,-1.433,2.08
19013.0,-131.0,-18879.0,-2.8,3.05
19017.0,-6.0,-19506.0,-3.7,4.03
19021.0,-141.0,-19627.0,-3.408,5.5
19025.0,-402.0,-19632.0,-2.367,6.48
19028.0,-159.0,-19921.0,-1.133,6.96
19033.0,54.0,-20306.0,-0.542,7.94
19037.0,-129.0,-21133.0,-0.733,8.92
19040.0,-360.0,-20806.0,-1.625,9.65
19044.0,-359.0,-21065.0,-2.4,9.9
19048.0,-222.0,-21682.0,-2.658,10.14
19052.0,-167.0,-22507.0,-2.225,10.14
19056.0,-200.0,-22278.0,-1.3,10.14
19059.0,-403.0,-22311.0,-0.325,9.9
19063.0,-178.0,-22634.0,-0.767,10.14
19067.0,-181.0,-23241.0,-1.725,9.16
19072.0,-6.0,-23944.0,-2.342,8.68
19075.0,71.0,-23899.0,-2.425,8.43
19079.0,94.0,-24368.0,-1.525,8.43
19083.0,-121.0,-24695.0,-0.5,8.19
19086.0,-384.0,-24744.0,-0.217,8.43
19090.0,-373.0,-24597.0,-0.75,7.94
19094.0,-38.0,-24782.0,-1.6,7.7
19097.0,-275.0,-25385.0,-1.992,7.94
19101.0,94.0,-26216.0,-1.8,7.7
19105.0,101.0,-26023.0,-1.3,7.7
19109.0,-72.0,-26050.0,-0.825,7.7
19112.0,-71.0,-26369.0,-0.683,7.45
19117.0,-86.0,-26864.0,-0.883,7.94
19121.0,-387.0,-27165.0,-1.1,7.45
19124.0,-390.0,-27420.0,-1.192,7.21
19128.0,53.0,-27659.0,-1.192,7.21
19132.0,-396.0,-27944.0,-1.1,7.21
19136.0,-193.0,-27885.0,-0.925,7.45
19139.0,-186.0,-27632.0,-0.708,7.21
19143.0,-439.0,-28097.0,-0.7,7.45
19147.0,14.0,-28770.0,-0.883,7.21
19150.0,-43.0,-28967.0,-1.225,7.21
19154.0,174.0,-28898.0,-1.308,7.21
19159.0,49.0,-28961.0,-1.158,6.96
19163.0,-336.0,-28980.0,-0.758,7.21
19166.0,-253.0,-29267.0,-0.425,6.72
19170.0,40.0,-29580.0,-0.392,6.72
19174.0,151.0,-29583.0,-0.7,6.72
19177.0,332.0,-29310.0,-0.992,6.96
19181.0,25.0,-30037.0,-1.033,7.21
19185.0,6.0,-30222.0,-0.9,6.72
19189.0,-57.0,-29879.0,-0.7,6.48
19192.0,-52.0,-30022.0,-0.667,6.72
19196.0,-49.0,-30533.0,-0.742,6.72
19201.0,200.0,-30422.0,-0.733,6.72
19204.0,359.0,-30597.0,-0.758,7.45
19208.0,48.0,-30828.0,-0.742,6.48
19212.0,-241.0,-30903.0,-0.733,7.21
19215.0,-384.0,-31496.0,-0.717,6.96
19219.0,-231.0,-31233.0,-0.608,6.96
19223.0,66.0,-31198.0,-0.608,6.48
19227.0,45.0,-31461.0,-0.6,7.21
19230.0,-332.0,-31972.0,-0.692,6.72
19234.0,-149.0,-32377.0,-0.733,7.21
19238.0,-272.0,-32012.0,-0.85,6.96
19243.0,13.0,-31819.0,-0.758,6.96
19246.0,-92.0,-31908.0,-0.608,6.72
19250.0,85.0,-32463.0,-0.45,6.48
19254.0,-68.0,-32670.0,-0.492,6.48
19257.0,-187.0,-32501.0,-0.533,6.96
19261.0,-408.0,-32256.0,-0.583,6.48
19265.0,-109.0,-33457.0,-0.567,6.72
19268.0,100.0,-33196.0,-0.467,6.96
19272.0,-123.0,-32949.0,-0.425,6.72
19276.0,-58.0,-33122.0,-0.567,6.72
19280.0,291.0,-33375.0,-0.683,6.48
19283.0,-244.0,-33780.0,-0.625,7.21
19288.0,285.0,-33413.0,-0.592,6.48
19292.0,298.0,-33534.0,-0.5,6.48
19296.0,177.0,-33509.0,-0.483,6.96
19299.0,-68.0,-34206.0,-0.517,6.72
19303.0,61.0,-34307.0,-0.55,6.96
19307.0,-104.0,-34086.0,-0.508,6.72
19310.0,-149.0,-34143.0,-0.492,6.96
19314.0,42.0,-34426.0,-0.467,6.72
19318.0,-163.0,-34281.0,-0.467,6.48
19322.0,-262.0,-34330.0,-0.433,6.48
19325.0,-365.0,-34459.0,-0.517,6.72
19330.0,-412.0,-34422.0,-0.5,6.96
19334.0,-225.0,-34941.0,-0.4,6.96
19337.0,12.0,-35064.0,-0.4,7.21
19341.0,75.0,-34971.0,-0.383,6.72
19345.0,58.0,-34902.0,-0.408,6.48
19349.0,-267.0,-35185.0,-0.425,7.45
19352.0,-258.0,-35498.0,-0.358,6.48
19356.0,-17.0,-35255.0,-0.375,6.48
19360.0,46.0,-35336.0,-0.433,6.48
19363.0,27.0,-35783.0,-0.458,6.48
19367.0,-104.0,-35810.0,-0.525,6.48
19372.0,115.0,-35903.0,-0.517,6.96
19376.0,-70.0,-36070.0,-0.408,6.48
19379.0,-91.0,-35989.0,-0.35,6.96
19383.0,38.0,-35894.0,-0.325,6.72
19387.0,49.0,-36047.0,-0.367,6.48
19390.0,180.0,-35722.0,-0.367,6.96
19394.0,97.0,-36055.0,-0.317,6.96
19398.0,-104.0,-36298.0,-0.275,6.72
19401.0,-271.0,-36739.0,-0.333,6.48
19405.0,-184.0,-36616.0,-0.317,6.48
19409.0,-277.0,-36469.0,-0.375,6.72
19414.0,-166.0,-36796.0,-0.358,6.72
19417.0,-3.0,-36989.0,-0.433,6.72
19421.0,-12.0,-36858.0,-0.35,6.96
19425.0,-229.0,-36867.0,-0.392,6.48
19428.0,164.0,-37020.0,-0.367,6.96
19432.0,241.0,-37503.0,-0.383,6.96
19436.0,338.0,-37242.0,-0.383,6.72
19440.0,335.0,-37289.0,-0.3,6.72
19443.0,-298.0,-37722.0,-0.275,6.72
19447.0,-203.0,-37563.0,-0.275,6.96
19451.0,116.0,-37736.0,-0.367,6.48
19456.0,-87.0,-37511.0,-0.342,6.72
19459.0,-190.0,-37524.0,-0.3,6.48
19463.0,129.0,-37893.0,-0.283,6.72
19467.0,116.0,-38044.0,-0.267,6.96
19470.0,155.0,-37915.0,-0.308,6.72
19474.0,76.0,-37684.0,-0.308,6.96
19478.0,63.0,-38077.0,-0.292,6.72
19482.0,140.0,-38340.0,-0.233,6.96
19485.0,89.0,-38273.0,-0.258,6.48
19489.0,192.0,-37806.0,-0.225,6.48
19493.0,67.0,-37731.0,-0.25,6.48
19496.0,-240.0,-38500.0,-0.283,6.72
19501.0,-103.0,-38735.0,-0.342,7.21
19505.0,162.0,-38664.0,-0.325,6.96
19509.0,-47.0,-38741.0,-0.258,6.72
19512.0,-264.0,-38922.0,-0.275,6.72
19516.0,41.0,-38971.0,-0.242,6.48
19520.0,-70.0,-39068.0,-0.192,6.48
19523.0,27.0,-38659.0,-0.25,6.72
19527.0,146.0,-38274.0,-0.233,6.48
19531.0,109.0,-38917.0,-0.3,6.72
19535.0,180.0,-39126.0,-0.342,6.72
19538.0,197.0,-38875.0,-0.275,6.96
19543.0,-160.0,-38952.0,-0.267,6.96
19547.0,-175.0,-39135.0,-0.217,6.48
19551.0,256.0,-39392.0,-0.225,6.48
19554.0,353.0,-39251.0,-0.25,6.48
19558.0,160.0,-39248.0,-0.292,6.72
19562.0,9.0,-39237.0,-0.283,6.48
19565.0,-180.0,-39606.0,-0.258,6.96
19569.0,-365.0,-39353.0,-0.242,6.48
19573.0,-100.0,-39482.0,-0.292,7.45
19577.0,-25.0,-39821.0,-0.217,6.48
19580.0,28.0,-39928.0,-0.283,6.72
19585.0,27.0,-39801.0,-0.233,6.48
19589.0,6.0,-39604.0,-0.258,6.72
19592.0,-349.0,-39447.0,-0.217,6.96
19596.0,-198.0,-39364.0,-0.242,6.48
19600.0,91.0,-39655.0,-0.225,6.72
19603.0,-96.0,-39796.0,-0.25,7.21
19607.0,-229.0,-39721.0,-0.258,6.96
19611.0,-330.0,-39980.0,-0.217,6.72
19615.0,-387.0,-40515.0,-0.2,6.48
19618.0,-316.0,-40282.0,-0.208,6.72
19622.0,35.0,-39927.0,-0.192,6.48
19627.0,112.0,-40206.0,-0.175,7.21
19631.0,185.0,-40253.0,-0.175,6.96
19634.0,22.0,-40328.0,-0.192,6.72
19638.0,-35.0,-40057.0,-0.2,6.96
19642.0,-234.0,-39980.0,-0.208,6.72
19645.0,-21.0,-40297.0,-0.192,6.48
19649.0,42.0,-40650.0,-0.225,6.48
19653.0,-229.0,-40727.0,-0.208,6.48
19656.0,84.0,-40624.0,-0.183,6.96
19660.0,79.0,-40863.0,-0.125,6.72
19664.0,2.0,-41282.0,-0.175,6.48
19667.0,193.0,-41227.0,-0.158,7.21
19672.0,308.0,-40972.0,-0.183,6.48
19676.0,-7.0,-40627.0,-0.158,6.48
19680.0,2.0,-40548.0,-0.242,6.72
19683.0,241.0,-40971.0,-0.192,6.72
19687.0,-144.0,-41028.0,-0.175,6.72
19691.0,-163.0,-40821.0,-0.142,7.21
19694.0,-82.0,-41274.0,-0.15,6.72
19698.0,-303.0,-41569.0,-0.142,6.72
19702.0,-366.0,-41630.0,-0.192,6.48
19706.0,-359.0,-41485.0,-0.125,6.48
19709.0,-634.0,-41228.0,-0.175,6.48
19714.0,-571.0,-41307.0,-0.142,6.72
19718.0,-382.0,-41446.0,-0.183,6.72
19722.0,59.0,-41341.0,-0.175,6.96
19725.0,-146.0,-41168.0,-0.158,6.48
19729.0,-123.0,-41591.0,-0.133,6.96
19733.0,-358.0,-41778.0,-0.158,6.72
19736.0,-221.0,-41861.0,-0.167,6.72
19740.0,-314.0,-41914.0,-0.183,6.72
19744.0,-105.0,-41949.0,-0.133,6.72
19748.0,-98.0,-42178.0,-0.167,6.48
19751.0,-159.0,-42147.0,-0.167,6.72
19756.0,-326.0,-41788.0,-0.183,6.72
19760.0,-195.0,-41753.0,-0.15,6.72
19764.0,-26.0,-42140.0,-0.225,6.48
19767.0,-71.0,-42195.0,-0.142,6.96
19771.0,-206.0,-41950.0,-0.175,6.72
19775.0,-225.0,-41843.0,-0.183,6.48
19778.0,-164.0,-42234.0,-0.142,6.48
19782.0,-243.0,-42491.0,-0.133,6.96
19786.0,-254.0,-42694.0,-0.175,6.72
19790.0,101.0,-42597.0,-0.208,6.48
19793.0,-92.0,-41940.0,-0.117,7.21
19798.0,-515.0,-42349.0,-0.142,6.72
19802.0,-478.0,-42464.0,-0.133,6.72
19806.0,-413.0,-42433.0,-0.108,7.21
19809.0,-338.0,-42104.0,-0.108,7.21
19813.0,-163.0,-42755.0,-0.15,6.48
19817.0,18.0,-42706.0,-0.142,6.72
19821.0,45.0,-42535.0,-0.108,6.96
19824.0,58.0,-42462.0,-0.117,6.48
19828.0,-97.0,-42811.0,-0.133,6.48
19832.0,114.0,-42960.0,-0.15,6.48
19835.0,19.0,-42785.0,-0.142,6.48
19840.0,82.0,-42440.0,-0.142,6.72
19844.0,-355.0,-42367.0,-0.15,6.96
19847.0,-236.0,-42698.0,-0.15,6.72
19851.0,-3.0,-43171.0,-0.192,6.48
19855.0,58.0,-43062.0,-0.167,6.48
19859.0,181.0,-42673.0,-0.142,6.72
19862.0,218.0,-42896.0,-0.108,6.72
19866.0,-237.0,-43077.0,-0.142,6.48
19870.0,-288.0,-43050.0,-0.125,6.96
19873.0,-229.0,-42867.0,-0.092,6.48
19877.0,-90.0,-42954.0,-0.1,7.45
19881.0,61.0,-43105.0,-0.125,7.21
19886.0,-152.0,-43466.0,-0.092,6.96
19889.0,-259.0,-43185.0,-0.142,6.48
19893.0,4.0,-43066.0,-0.183,6.48
19897.0,159.0,-43123.0,-0.158,6.23
19900.0,-330.0,-43586.0,-0.083,6.48
19904.0,-201.0,-43351.0,-0.108,6.96
19908.0,-380.0,-43216.0,-0.133,6.48
19912.0,-501.0,-43471.0,-0.1,6.96
19915.0,-152.0,-43776.0,-0.117,6.48
19919.0,-45.0,-43243.0,-0.108,6.48
19923.0,-66.0,-43218.0,-0.167,6.72
19928.0,-5.0,-43495.0,-0.083,6.96
19931.0,112.0,-43580.0,-0.058,6.96
19935.0,27.0,-43673.0,-0.1,6.72
19939.0,-112.0,-43528.0,-0.092,6.48
19942.0,-307.0,-43255.0,-0.05,6.48
19946.0,-70.0,-43280.0,-0.092,6.48
19950.0,-95.0,-43769.0,-0.117,6.72
19953.0,-114.0,-43912.0,-0.117,6.96
19957.0,-71.0,-43417.0,-0.092,6.48
19961.0,150.0,-43748.0,-0.117,6.72
19965.0,107.0,-43949.0,-0.125,6.72
19969.0,-30.0,-43850.0,-0.158,6.96
19973.0,119.0,-44147.0,-0.108,6.48
19977.0,2.0,-44230.0,-0.075,6.96
19980.0,51.0,-44227.0,-0.083,6.72
19984.0,242.0,-44394.0,-0.117,6.96
19988.0,97.0,-44239.0,-0.125,6.48
19992.0,132.0,-43852.0,-0.083,6.48
19995.0,131.0,-43845.0,-0.067,6.72
19999.0,-206.0,-44316.0,-0.075,6.72
20003.0,-65.0,-44427.0,-0.05,6.96
20006.0,-74.0,-44128.0,-0.142,6.48
20011.0,-209.0,-44161.0,-0.067,6.48
20015.0,-306.0,-44456.0,-0.092,6.72
20019.0,-385.0,-44417.0,-0.075,6.48
20022.0,-118.0,-44188.0,-0.042,6.48
20026.0,159.0,-44407.0,-0.125,6.72
20030.0,-156.0,-44464.0,-0.092,6.96
20033.0,-211.0,-44665.0,-0.125,6.48
20037.0,-360.0,-44236.0,-0.142,6.96
20041.0,-223.0,-43915.0,-0.108,6.48
20045.0,20.0,-44706.0,-0.033,6.48
20048.0,315.0,-44969.0,-0.092,6.72
20052.0,-96.0,-44658.0,-0.092,6.96
20057.0,-483.0,-44357.0,-0.092,6.48
20061.0,-390.0,-44474.0,-0.075,6.72
20064.0,-307.0,-45329.0,-0.133,6.48
20068.0,192.0,-45130.0,-0.092,6.96
20072.0,-9.0,-44715.0,-0.125,6.96
20075.0,220.0,-44856.0,-0.067,7.21
20079.0,-203.0,-44873.0,-0.017,6.48
20083.0,-232.0,-45392.0,-0.108,6.48
20087.0,-421.0,-45241.0,-0.108,6.72
20090.0,-600.0,-44888.0,-0.083,6.48
20094.0,-173.0,-44845.0,-0.067,6.72
20099.0,-114.0,-45182.0,-0.075,6.96
20103.0,-129.0,-44977.0,-0.092,6.96
20106.0,-82.0,-44808.0,-0.075,6.48
20110.0,-273.0,-44789.0,-0.125,6.48
20114.0,-338.0,-45058.0,-0.117,6.48
20117.0,-77.0,-45457.0,-0.017,6.72
20121.0,192.0,-45198.0,-0.083,6.72
20125.0,155.0,-44785.0,-0.067,6.48
20129.0,-228.0,-45026.0,-0.15,6.48
20132.0,-439.0,-45483.0,-0.05,6.48
20136.0,-254.0,-45322.0,-0.083,6.48
20141.0,-87.0,-45159.0,-0.008,6.48
20144.0,-386.0,-45240.0,-0.1,6.48
20148.0,143.0,-45407.0,-0.117,6.96
20152.0,340.0,-45424.0,-0.092,6.48
20156.0,-83.0,-45321.0,-0.1,6.96
20159.0,-364.0,-45440.0,-0.058,6.48
20163.0,63.0,-45273.0,-0.083,6.48
20167.0,104.0,-45462.0,-0.067,6.48
20170.0,-43.0,-45707.0,-0.083,6.72
20174.0,-60.0,-45578.0,-0.067,6.96
20178.0,-197.0,-45615.0,-0.058,6.96
20183.0,164.0,-46076.0,-0.042,6.72
20186.0,395.0,-45639.0,-0.058,6.48
20190.0,276.0,-45436.0,-0.067,6.48
20194.0,115.0,-45437.0,-0.092,6.48
20198.0,108.0,-45704.0,-0.067,7.45
20201.0,273.0,-45967.0,-0.083,7.21
20205.0,-6.0,-45898.0,-0.017,6.48
20209.0,-219.0,-45893.0,-0.042,6.48
20212.0,-266.0,-45696.0,-0.058,6.72
20216.0,-91.0,-46153.0,-0.083,6.48
20220.0,-184.0,-46304.0,-0.092,6.48
20225.0,-295.0,-45907.0,-0.05,6.48
20228.0,-14.0,-45940.0,-0.058,6.48
20232.0,249.0,-45849.0,-0.083,6.48
20236.0,214.0,-45918.0,-0.075,6.96
20239.0,247.0,-46059.0,-0.108,7.21
20243.0,-72.0,-46276.0,-0.1,6.48
20247.0,-255.0,-46477.0,-0.108,6.72
20251.0,-262.0,-46354.0,-0.033,6.48
20254.0,-193.0,-46127.0,-0.1,6.48
20258.0,-312.0,-45864.0,-0.092,6.48
20262.0,-275.0,-46097.0,-0.025,6.48
20265.0,-150.0,-46366.0,-0.067,6.48
20270.0,-619.0,-46261.0,-0.008,6.48
20274.0,-552.0,-46222.0,-0.042,6.96
20278.0,-365.0,-46341.0,-0.033,6.48
20281.0,-232.0,-46404.0,-0.05,6.48
20285.0,87.0,-46417.0,-0.033,6.96
20289.0,-300.0,-46192.0,-0.083,6.48
20293.0,-343.0,-46669.0,-0.008,6.48
20296.0,-128.0,-46570.0,-0.058,7.21
20300.0,-105.0,-46639.0,-0.108,6.96
20304.0,-184.0,-46412.0,-0.117,6.96
20307.0,-69.0,-46393.0,-0.025,6.48
20312.0,182.0,-46864.0,-0.008,6.96
20316.0,-123.0,-46879.0,-0.05,6.96
20320.0,-152.0,-46446.0,-0.092,6.48
20323.0,-229.0,-46205.0,-0.083,6.72
20327.0,94.0,-46592.0,-0.058,6.48
20331.0,197.0,-46671.0,-0.058,6.48
20335.0,160.0,-46570.0,-0.025,6.48
20338.0,-67.0,-46603.0,-0.033,6.96
20342.0,-170.0,-46360.0,-0.05,6.48
20346.0,-245.0,-46733.0,-0.008,6.48
20349.0,-182.0,-46846.0,-0.025,6.48
20354.0,-123.0,-46725.0,0.042,6.48
20358.0,-54.0,-46360.0,-0.067,6.48
20362.0,-263.0,-46767.0,-0.058,6.48
20365.0,-236.0,-46884.0,-0.075,6.48
20369.0,-189.0,-46689.0,-0.092,6.48
20373.0,-458.0,-46230.0,-0.075,6.48
20376.0,-37.0,-46741.0,-0.033,6.48
20380.0,-2.0,-46782.0,-0.067,6.48
20384.0,35.0,-46665.0,-0.067,6.48
20388.0,-148.0,-46734.0,-0.083,6.48
20391.0,37.0,-46691.0,-0.025,6.48
20396.0,212.0,-46632.0,-0.092,6.48
20400.0,27.0,-47173.0,-0.108,7.21
20403.0,-180.0,-47318.0,-0.05,6.48
20407.0,-43.0,-46895.0,-0.025,6.48
20411.0,-12.0,-47058.0,-0.083,6.96
20414.0,63.0,-47355.0,-0.017,6.72
20418.0,296.0,-47188.0,-0.075,7.21
20422.0,-117.0,-46923.0,-0.108,6.48
20426.0,164.0,-47220.0,-0.025,6.48
20429.0,-29.0,-47129.0,0.0,6.96
20433.0,-232.0,-47306.0,-0.008,6.48
20438.0,-189.0,-47131.0,-0.008,6.48
20441.0,-282.0,-47018.0,-0.05,6.72
20445.0,-167.0,-47273.0,-0.108,6.48
20449.0,-456.0,-47252.0,-0.083,6.48
20453.0,-79.0,-47049.0,-0.025,6.48
20456.0,-60.0,-47122.0,-0.05,6.48
20460.0,-249.0,-47255.0,-0.092,6.72
20464.0,-96.0,-47452.0,-0.042,6.96
20467.0,-373.0,-47479.0,-0.075,6.96
20471.0,-412.0,-47226.0,-0.108,6.48
20475.0,-5.0,-47117.0,-0.108,6.48
20480.0,-52.0,-47636.0,-0.058,6.96
20483.0,63.0,-47839.0,-0.05,6.48
20487.0,-80.0,-47154.0,-0.067,6.48
20491.0,-303.0,-47031.0,-0.042,6.48
20494.0,-6.0,-47242.0,-0.033,6.96
20498.0,251.0,-47615.0,-0.042,6.48
20502.0,14.0,-47620.0,-0.025,6.96
20505.0,-69.0,-47399.0,-0.008,6.96
20509.0,-316.0,-47396.0,-0.025,6.96
20513.0,-159.0,-47809.0,-0.042,6.48
20517.0,194.0,-47756.0,0.008,7.21
20520.0,87.0,-47497.0,0.033,6.48
20525.0,198.0,-47220.0,-0.025,6.48
20529.0,313.0,-47641.0,0.008,6.48
20532.0,-12.0,-47668.0,-0.1,6.48
20536.0,181.0,-47705.0,-0.067,6.72
20540.0,64.0,-47726.0,-0.025,6.48
20543.0,-219.0,-47399.0,-0.05,6.96
20547.0,-144.0,-48020.0,-0.017,6.72
20551.0,-255.0,-48013.0,-0.033,6.72
20555.0,-380.0,-48136.0,0.0,6.96
20558.0,-417.0,-48327.0,-0.05,5.99
20562.0,-88.0,-48292.0,-0.05,6.48
20567.0,223.0,-47947.0,-0.025,6.48
20570.0,-436.0,-47984.0,-0.033,6.48
20574.0,-531.0,-47863.0,-0.05,7.21
20578.0,-628.0,-48060.0,-0.05,6.48
20582.0,-409.0,-48087.0,-0.058,6.96
20585.0,-148.0,-48312.0,-0.067,6.48
20589.0,85.0,-48057.0,-0.075,6.72
20593.0,-48.0,-47710.0,0.0,6.96
20596.0,15.0,-48247.0,-0.025,6.96
20600.0,-100.0,-48328.0,-0.042,6.48
20604.0,-175.0,-48067.0,-0.058,6.48
20609.0,-40.0,-47738.0,-0.017,6.72
20612.0,-5.0,-48553.0,-0.042,6.72
20616.0,-12.0,-48514.0,-0.058,6.48
20620.0,-35.0,-48301.0,-0.033,6.48
20623.0,-482.0,-47956.0,-0.008,6.48
20627.0,-493.0,-47933.0,-0.017,6.48
20631.0,-308.0,-48214.0,-0.008,6.48
20635.0,-105.0,-48197.0,-0.1,6.48
20638.0,176.0,-48200.0,-0.042,6.72
20642.0,111.0,-47805.0,0.0,6.48
20646.0,-294.0,-47938.0,-0.05,6.48
20649.0,-317.0,-48591.0,0.0,6.48
20654.0,-152.0,-48368.0,0.017,6.48
20658.0,-311.0,-47907.0,0.0,6.72
20662.0,-120.0,-47950.0,-0.033,6.48
20665.0,-5.0,-48319.0,0.0,6.96
20669.0,-90.0,-48368.0,-0.008,6.48
20672.0,-533.0,-48133.0,0.0,6.48
20676.0,-256.0,-48336.0,-0.008,6.48
20680.0,99.0,-48517.0,-0.025,6.48
20684.0,192.0,-48468.0,0.058,6.48
20687.0,9.0,-48325.0,-0.008,6.48
20691.0,-144.0,-48134.0,-0.058,6.48
20696.0,19.0,-48035.0,-0.025,6.72
20699.0,186.0,-48692.0,-0.058,6.72
20703.0,233.0,-48145.0,-0.033,6.48
20707.0,46.0,-48416.0,0.017,6.48
20710.0,-303.0,-48645.0,-0.067,6.48
20714.0,344.0,-48580.0,0.025,7.21
20718.0,-127.0,-48499.0,0.0,6.23
20722.0,-544.0,-48196.0,0.008,6.48
20725.0,-569.0,-48423.0,-0.033,6.96
20729.0,410.0,-48390.0,0.0,6.72
20733.0,279.0,-48451.0,0.008,6.96
20738.0,-390.0,-48830.0,-0.033,6.48
20741.0,-453.0,-48349.0,0.008,6.48
20745.0,-188.0,-48808.0,-0.033,6.72
20749.0,75.0,-48749.0,-0.058,6.72
20752.0,-20.0,-48522.0,0.008,6.72
20756.0,-131.0,-48429.0,-0.033,6.72
20760.0,32.0,-48506.0,-0.025,6.96
20763.0,11.0,-49067.0,0.0,6.96
20767.0,-184.0,-49112.0,0.008,6.96
20771.0,-47.0,-48837.0,-0.008,6.48
20775.0,-50.0,-48404.0,-0.033,6.48
20779.0,151.0,-48407.0,-0.033,6.96
20783.0,-44.0,-48656.0,-0.025,6.48
20787.0,-329.0,-48781.0,0.008,6.48
20790.0,-226.0,-48574.0,-0.042,6.48
20794.0,-165.0,-48585.0,0.0,6.48
20798.0,-64.0,-49020.0,0.0,7.21
20801.0,183.0,-48881.0,0.008,6.72
20805.0,-26.0,-48720.0,-0.017,6.72
20809.0,-125.0,-48685.0,0.008,6.48
20813.0,-210.0,-49098.0,-0.025,6.96
20816.0,-197.0,-49431.0,-0.008,6.48
20820.0,208.0,-49104.0,-0.025,6.48
20825.0,-23.0,-48991.0,-0.042,6.48
20828.0,-102.0,-49114.0,0.0,6.48
20832.0,-297.0,-49103.0,0.017,6.72
20836.0,-256.0,-48952.0,-0.067,6.48
20840.0,-79.0,-48817.0,-0.008,6.48
20843.0,-266.0,-48868.0,-0.025,6.48
20847.0,-403.0,-49519.0,-0.042,6.48
20851.0,54.0,-49626.0,-0.042,6.96
20854.0,-145.0,-49087.0,-0.025,6.72
20858.0,2.0,-48982.0,-0.117,6.48
20862.0,-149.0,-49061.0,-0.025,6.72
20866.0,-38.0,-49298.0,-0.033,6.96
20870.0,-43.0,-49167.0,-0.025,6.48
20874.0,6.0,-48800.0,-0.017,6.48
20878.0,-91.0,-48847.0,0.008,6.48
20881.0,-318.0,-49298.0,-0.042,6.96
20885.0,-359.0,-49437.0,-0.042,6.48
20889.0,10.0,-48896.0,-0.008,6.48
20892.0,-317.0,-48841.0,-0.058,6.72
20896.0,150.0,-49170.0,-0.025,6.96
20900.0,295.0,-49217.0,0.008,6.48
20903.0,88.0,-49348.0,-0.033,6.72
20908.0,-313.0,-49211.0,-0.025,6.96
20912.0,-134.0,-49088.0,-0.033,6.48
20916.0,-131.0,-49569.0,0.025,6.96
20919.0,-170.0,-48934.0,0.008,7.21
20923.0,-345.0,-48879.0,-0.025,6.72
20927.0,-184.0,-49100.0,0.0,6.48
20930.0,131.0,-49523.0,0.0,6.72
20934.0,258.0,-49374.0,-0.017,6.96
20938.0,45.0,-49127.0,-0.083,6.72
20942.0,32.0,-49088.0,-0.092,6.72
20945.0,63.0,-49259.0,0.017,6.48
20950.0,-38.0,-49696.0,-0.083,6.72
20954.0,-529.0,-49629.0,-0.017,6.48
20957.0,-486.0,-49060.0,-0.017,6.48
20961.0,-109.0,-49247.0,-0.008,6.48
20965.0,-250.0,-49520.0,0.0,6.48
20968.0,-265.0,-49689.0,0.033,6.48
20972.0,24.0,-49358.0,-0.025,6.48
20976.0,-161.0,-49447.0,-0.008,6.96
20980.0,-448.0,-49758.0,0.042,6.48
20983.0,-577.0,-49707.0,-0.058,6.96
20987.0,-166.0,-49292.0,-0.058,6.48
20992.0,-9.0,-49437.0,-0.017,6.72
20995.0,-158.0,-49704.0,-0.042,6.96
20999.0,-235.0,-49745.0,0.0,6.72
21003.0,-368.0,-49322.0,0.05,6.72
21007.0,-147.0,-49165.0,-0.042,6.96
21010.0,-108.0,-49620.0,-0.108,6.72
21014.0,-53.0,-49747.0,-0.042,7.21
21018.0,32.0,-49764.0,0.017,6.48
21021.0,101.0,-49241.0,0.025,6.48
21025.0,168.0,-49168.0,-0.042,6.72
21029.0,-115.0,-49909.0,0.008,6.48
21033.0,112.0,-50016.0,-0.05,6.48
21037.0,27.0,-49569.0,-0.008,6.48
21041.0,-148.0,-49642.0,0.017,6.48
21045.0,-137.0,-49577.0,0.008,6.72
21048.0,-214.0,-50072.0,0.017,6.72
21052.0,-21.0,-49969.0,-0.05,6.96
21056.0,-276.0,-49782.0,0.0,6.48
21060.0,-155.0,-49741.0,-0.017,6.48
21063.0,-324.0,-49866.0,0.008,6.72
21067.0,191.0,-50101.0,0.008,6.48
21071.0,206.0,-49784.0,-0.042,6.96
21074.0,201.0,-49683.0,-0.008,6.72
21079.0,54.0,-49624.0,-0.042,6.48
21083.0,-79.0,-50017.0,-0.025,6.48
21087.0,70.0,-49830.0,0.008,6.48
21090.0,39.0,-49825.0,-0.025,6.96
21094.0,82.0,-49540.0,0.008,6.48
21098.0,-39.0,-49667.0,-0.025,6.96
21101.0,46.0,-50002.0,-0.025,6.96
21105.0,-27.0,-49959.0,0.033,6.48
21109.0,-112.0,-49652.0,0.033,6.48
21112.0,-149.0,-49941.0,-0.025,6.96
21116.0,-284.0,-50086.0,-0.017,6.48
21121.0,7.0,-50117.0,-0.05,6.48
21124.0,152.0,-49936.0,-0.008,6.96
21128.0,107.0,-49623.0,0.017,6.72
21132.0,-292.0,-49750.0,-0.033,6.96
21136.0,-339.0,-49645.0,0.008,6.96
21139.0,-158.0,-49702.0,0.058,6.48
21143.0,-423.0,-49993.0,0.008,6.72
21147.0,-218.0,-50074.0,-0.017,6.96
21151.0,11.0,-50177.0,-0.025,6.96
21154.0,18.0,-49942.0,0.042,6.96
21158.0,241.0,-49757.0,-0.05,6.48
21163.0,-14.0,-50060.0,0.0,6.48
21166.0,-21.0,-50499.0,0.017,6.48
21170.0,156.0,-50380.0,0.008,6.48
21174.0,33.0,-49715.0,0.025,6.96
21177.0,124.0,-49846.0,-0.008,6.72
21181.0,305.0,-50049.0,0.042,6.48
21185.0,266.0,-50362.0,0.0,6.72
21188.0,-17.0,-49759.0,0.017,6.48
21192.0,-118.0,-49814.0,-0.017,6.72
21196.0,-157.0,-50117.0,0.017,6.48
21200.0,358.0,-50474.0,-0.008,6.48
21203.0,259.0,-50323.0,0.0,6.72
21208.0,58.0,-49738.0,-0.025,6.48
21212.0,-167.0,-50089.0,0.042,6.48
21215.0,-120.0,-50364.0,0.0,6.48
21219.0,-153.0,-50411.0,0.008,6.96
21223.0,-152.0,-50250.0,0.017,6.72
21227.0,-237.0,-49991.0,-0.008,6.48
21230.0,-82.0,-50398.0,0.025,6.48
21234.0,53.0,-50155.0,0.025,6.72
21238.0,108.0,-50284.0,0.0,6.96
21241.0,-327.0,-50207.0,-0.008,6.72
21245.0,-208.0,-50002.0,-0.008,6.48
21250.0,259.0,-50335.0,-0.008,6.48
21253.0,184.0,-50384.0,-0.008,6.48
21257.0,-317.0,-50155.0,-0.033,6.72
21261.0,-56.0,-49854.0,0.0,6.48
21265.0,-193.0,-50385.0,-0.017,6.48
21268.0,28.0,-50478.0,0.025,6.48
21272.0,413.0,-50389.0,-0.017,6.72
21276.0,226.0,-50184.0,-0.008,6.72
21279.0,203.0,-50599.0,0.0,6.48
21283.0,-288.0,-50710.0,0.0,6.48
21287.0,-111.0,-50497.0,0.067,6.48
21292.0,-98.0,-50332.0,-0.008,7.21
21295.0,25.0,-50225.0,-0.008,6.96
21299.0,122.0,-50352.0,-0.05,6.48
21303.0,-235.0,-50425.0,-0.017,6.96
21306.0,-298.0,-50040.0,0.042,6.96
21310.0,-445.0,-50167.0,0.017,6.48
21314.0,-174.0,-50472.0,-0.033,6.96
21318.0,-149.0,-50113.0,-0.05,7.21
21321.0,8.0,-50178.0,0.008,6.48
21325.0,89.0,-50323.0,0.0,6.48
21329.0,80.0,-50534.0,0.042,6.72
21332.0,-329.0,-50901.0,0.017,6.48
21337.0,-228.0,-50882.0,-0.025,6.96
21341.0,-339.0,-50473.0,-0.042,6.48
21344.0,-26.0,-50032.0,0.033,6.48
21348.0,-227.0,-50225.0,0.017,6.96
21352.0,-118.0,-50476.0,0.067,6.48
21356.0,-215.0,-50349.0,-0.025,6.48
21359.0,-156.0,-50482.0,0.042,6.48
21363.0,41.0,-50489.0,-0.008,6.48
21367.0,142.0,-50698.0,0.008,6.96
21370.0,27.0,-50499.0,0.058,6.48
21374.0,-56.0,-50456.0,0.025,6.72
21379.0,-151.0,-50735.0,0.033,6.48
21382.0,-16.0,-50784.0,-0.008,6.48
21386.0,25.0,-51065.0,-0.017,6.48
21390.0,-38.0,-50558.0,0.05,6.48
21394.0,-217.0,-50671.0,-0.017,6.96
21397.0,-66.0,-50770.0,-0.05,6.48
21401.0,-273.0,-50811.0,-0.033,6.48
21405.0,-342.0,-50354.0,0.025,6.96
21408.0,-315.0,-50515.0,0.0,6.48
21412.0,-94.0,-50838.0,-0.017,6.48
21416.0,135.0,-50973.0,0.042,6.96
21420.0,-214.0,-50792.0,-0.067,6.96
21424.0,-59.0,-50259.0,-0.008,6.72
21428.0,-126.0,-50320.0,-0.008,6.48
21432.0,-119.0,-50899.0,0.025,6.96
21435.0,128.0,-50896.0,0.042,6.48
21439.0,61.0,-50467.0,0.05,6.48
21443.0,-52.0,-50578.0,-0.017,6.48
21446.0,-263.0,-50923.0,0.0,7.21
21450.0,-130.0,-51008.0,0.008,6.48
21454.0,5.0,-50823.0,0.017,6.72
21457.0,-16.0,-50646.0,-0.017,6.48
21462.0,-91.0,-50985.0,0.008,6.72
21466.0,-138.0,-51044.0,0.017,6.96
21470.0,67.0,-50957.0,0.008,6.72
21473.0,-134.0,-50486.0,0.083,6.48
21477.0,-547.0,-50733.0,-0.017,6.48
21481.0,-56.0,-51104.0,0.008,6.72
21484.0,-35.0,-50825.0,-0.008,6.48
21488.0,28.0,-50642.0,0.0,6.48
21492.0,-117.0,-50769.0,-0.042,6.48
21495.0,-244.0,-51132.0,0.008,6.48
21499.0,53.0,-51151.0,0.033,7.21
21504.0,434.0,-50868.0,0.025,6.96
21508.0,185.0,-50647.0,0.025,6.48
21511.0,-82.0,-50798.0,-0.033,6.96
21515.0,-225.0,-51173.0,-0.042,6.48
21519.0,-114.0,-51012.0,-0.05,6.48
21522.0,99.0,-50837.0,0.017,6.96
21526.0,236.0,-50494.0,-0.05,6.48
21530.0,281.0,-51085.0,-0.008,6.72
21534.0,-134.0,-50962.0,0.025,6.72
21537.0,-29.0,-50715.0,0.017,6.48
21541.0,-174.0,-50648.0,0.017,6.48
21545.0,-43.0,-50715.0,-0.008,6.48
21549.0,-382.0,-51132.0,0.008,6.72
21553.0,-129.0,-51011.0,-0.017,7.21
21557.0,-56.0,-51088.0,0.025,6.72
21561.0,-39.0,-50935.0,0.025,6.48
21564.0,-78.0,-51318.0,-0.025,6.96
21568.0,57.0,-51303.0,-0.025,6.48
21572.0,104.0,-50948.0,-0.017,6.48
21575.0,-179.0,-50871.0,0.033,6.96
21579.0,-56.0,-51098.0,-0.017,6.48
21583.0,-57.0,-51077.0,0.017,6.48
21586.0,242.0,-51262.0,0.0,6.48
21591.0,185.0,-51195.0,-0.017,6.48
21595.0,28.0,-51122.0,0.0,6.96
21598.0,-37.0,-51377.0,0.058,6.96
21602.0,122.0,-51340.0,0.05,6.72
21606.0,-175.0,-50691.0,-0.042,6.96
21610.0,88.0,-50968.0,0.042,6.48
21613.0,279.0,-51405.0,0.1,6.48
21617.0,168.0,-51418.0,0.017,6.48
21621.0,101.0,-51215.0,0.025,6.48
21624.0,126.0,-51072.0,0.025,6.96
21628.0,-17.0,-51317.0,0.008,6.48
21633.0,-258.0,-51400.0,0.017,6.48
21637.0,-97.0,-51505.0,0.017,6.48
21640.0,-154.0,-50716.0,-0.008,6.48
21644.0,-17.0,-51011.0,0.033,6.48
21648.0,-240.0,-51250.0,-0.042,6.48
21651.0,-71.0,-51343.0,0.025,6.96
21655.0,152.0,-51114.0,-0.042,6.48
21659.0,-137.0,-51213.0,-0.017,6.72
21663.0,-112.0,-51456.0,-0.033,6.48
21666.0,-153.0,-51583.0,0.025,6.48
21670.0,-300.0,-51282.0,-0.058,7.21
21675.0,-3.0,-50935.0,-0.042,6.72
21678.0,58.0,-51302.0,-0.042,6.72
21682.0,-121.0,-51149.0,0.05,6.72
21686.0,-288.0,-51208.0,0.008,6.48
21690.0,-255.0,-51283.0,0.025,6.96
21693.0,182.0,-51194.0,-0.025,6.96
21697.0,293.0,-51487.0,0.042,6.72
21701.0,28.0,-51432.0,0.008,6.48
21704.0,-97.0,-51297.0,-0.008,6.72
21708.0,-92.0,-51318.0,0.058,6.48
21712.0,-27.0,-51501.0,-0.058,6.96
21715.0,-14.0,-51432.0,0.025,6.48
21720.0,-235.0,-51047.0,0.008,6.72
21724.0,24.0,-51040.0,-0.008,6.72
21727.0,-173.0,-51079.0,0.017,6.48
21731.0,-76.0,-51536.0,-0.067,6.48
21735.0,193.0,-51561.0,0.008,6.72
21739.0,90.0,-51080.0,0.058,6.48
21742.0,-141.0,-50789.0,-0.008,6.48
21746.0,-16.0,-51364.0,0.0,6.72
21750.0,-205.0,-51447.0,0.0,6.96
21753.0,-112.0,-51268.0,-0.05,6.96
21757.0,-147.0,-50921.0,-0.025,6.48
21762.0,-266.0,-51038.0,0.025,6.96
21765.0,-153.0,-51443.0,0.0,6.96
21769.0,114.0,-51578.0,0.058,6.72
21773.0,291.0,-51209.0,0.025,6.48
21777.0,-36.0,-51508.0,-0.017,6.48
21780.0,-39.0,-51671.0,0.017,6.48
21784.0,84.0,-51436.0,0.008,7.21
21788.0,39.0,-50967.0,0.0,6.48
21791.0,280.0,-50996.0,0.0,6.96
21795.0,127.0,-51487.0,-0.025,6.48
21799.0,40.0,-52064.0,-0.008,6.48
21803.0,-135.0,-51167.0,-0.05,6.48
21807.0,28.0,-51120.0,-0.017,6.48
21811.0,109.0,-50947.0,0.0,6.72
21814.0,-96.0,-51378.0,0.033,6.48
21818.0,-39.0,-51831.0,0.05,6.48
21822.0,-58.0,-51322.0,0.025,6.48
21826.0,-177.0,-51215.0,0.033,6.72
21829.0,-144.0,-51416.0,0.0,6.96
21833.0,45.0,-51707.0,0.025,6.48
21837.0,202.0,-51444.0,0.008,6.23
21840.0,-31.0,-51181.0,-0.008,6.48
21844.0,-70.0,-51472.0,-0.058,6.48
21849.0,133.0,-51643.0,0.0,6.72
21852.0,308.0,-51738.0,0.042,6.72
21856.0,-17.0,-51357.0,0.017,6.48
21860.0,112.0,-51554.0,0.058,6.96
21864.0,205.0,-51643.0,0.008,6.72
21867.0,232.0,-51678.0,-0.017,6.72
21871.0,437.0,-51273.0,0.033,6.48
21875.0,-182.0,-51088.0,0.008,7.21
21878.0,119.0,-51499.0,-0.042,6.72
21882.0,134.0,-52174.0,0.017,6.72
21886.0,219.0,-51989.0,0.008,7.21
21891.0,152.0,-51386.0,0.033,6.48
21894.0,277.0,-51653.0,0.058,7.94
21898.0,348.0,-51862.0,0.0,6.96
21902.0,-109.0,-51979.0,-0.042,6.72
21905.0,-96.0,-51550.0,0.008,6.48
21909.0,317.0,-51221.0,-0.017,6.48
21913.0,120.0,-51542.0,-0.05,6.72
21917.0,135.0,-51719.0,0.0,6.96
21920.0,-210.0,-51634.0,0.025,6.96
21924.0,-285.0,-51519.0,0.083,6.96
21928.0,-254.0,-51992.0,0.008,7.21
21932.0,-113.0,-51947.0,0.033,6.72
21936.0,-110.0,-51942.0,0.067,6.72
21940.0,-107.0,-51517.0,0.067,6.72
21944.0,-136.0,-51368.0,0.0,6.72
21947.0,7.0,-51917.0,-0.017,6.72
21951.0,-260.0,-51880.0,0.008,6.48
21955.0,-277.0,-51535.0,0.008,6.48
21958.0,186.0,-51278.0,0.0,6.72
21962.0,-301.0,-51741.0,-0.058,6.48
21966.0,68.0,-52042.0,0.025,6.48
21969.0,85.0,-51841.0,0.058,6.48
21974.0,-106.0,-51654.0,0.033,6.96
21978.0,225.0,-51517.0,-0.017,6.48
21982.0,48.0,-51776.0,-0.008,6.48
21985.0,-127.0,-51643.0,0.008,6.48
21989.0,14.0,-51206.0,0.008,6.96
21993.0,-237.0,-51193.0,-0.025,6.96
21996.0,-196.0,-51418.0,-0.008,6.96
22000.0,-79.0,-51939.0,-0.042,6.96
22004.0,-108.0,-51842.0,-0.033,6.48
22008.0,-263.0,-51647.0,0.025,6.96
22011.0,-156.0,-51740.0,-0.008,6.48
22016.0,-109.0,-52251.0,-0.025,6.72
22020.0,-164.0,-51382.0,0.025,6.48
22023.0,-149.0,-51061.0,0.017,6.72
22027.0,-324.0,-51572.0,0.075,6.48
22031.0,-41.0,-52335.0,0.042,6.48
22035.0,-186.0,-51614.0,0.0,6.96
22038.0,-199.0,-51439.0,0.05,7.21
22042.0,-276.0,-51532.0,0.017,6.48
22046.0,-131.0,-51847.0,-0.033,6.72
22049.0,120.0,-52128.0,-0.025,6.96
22053.0,93.0,-51847.0,0.058,6.72
22057.0,64.0,-51562.0,0.008,6.48
22062.0,-79.0,-51677.0,0.042,6.96
22065.0,-282.0,-51986.0,0.008,6.48
22069.0,-245.0,-51849.0,0.05,6.48
22073.0,-122.0,-51908.0,0.017,7.21
22076.0,39.0,-51623.0,0.042,6.48
22080.0,138.0,-51852.0,-0.033,7.21
22084.0,43.0,-52247.0,-0.017,6.96
22088.0,-246.0,-52072.0,0.033,6.48
22091.0,-375.0,-51593.0,0.008,6.48
22095.0,102.0,-51736.0,0.033,6.48
22099.0,61.0,-52019.0,-0.025,6.72
22103.0,578.0,-51928.0,0.0,6.72
22107.0,165.0,-51609.0,0.017,6.48
22111.0,-238.0,-51928.0,0.0,6.48
22114.0,-333.0,-52239.0,0.008,6.72
22118.0,-94.0,-52190.0,0.033,6.48
22122.0,133.0,-51879.0,0.067,6.72
22126.0,42.0,-51806.0,0.05,6.72
22129.0,-33.0,-52207.0,0.017,6.48
22133.0,42.0,-52306.0,0.017,6.48
22137.0,-211.0,-51971.0,0.058,6.72
22140.0,-268.0,-51800.0,0.025,6.72
22145.0,-49.0,-52041.0,0.033,6.48
22149.0,58.0,-52256.0,0.042,6.96
22152.0,233.0,-51979.0,0.017,6.48
22156.0,116.0,-51646.0,0.075,6.48
22160.0,-91.0,-51883.0,0.033,6.48
22164.0,-136.0,-52162.0,0.05,6.96
22167.0,-45.0,-52035.0,0.025,6.48
22171.0,154.0,-51826.0,0.008,6.48
22175.0,-311.0,-51677.0,0.017,6.48
22178.0,-60.0,-52252.0,-0.033,6.48
22182.0,141.0,-52009.0,-0.042,6.96
22187.0,-38.0,-51946.0,-0.042,6.96
22191.0,55.0,-51879.0,0.025,6.48
22194.0,34.0,-51738.0,0.042,6.48
22198.0,-241.0,-52611.0,0.033,6.48
22202.0,-288.0,-51992.0,0.017,6.48
22205.0,-263.0,-51497.0,0.017,6.96
22209.0,-80.0,-51630.0,0.017,6.72
22213.0,327.0,-51897.0,0.033,6.48
22217.0,266.0,-52088.0,-0.05,6.48
22220.0,63.0,-51989.0,0.033,6.72
22224.0,-44.0,-51900.0,0.058,6.48
22228.0,-87.0,-52103.0,-0.033,6.48
22232.0,-4.0,-52424.0,0.042,6.96
22236.0,-295.0,-51627.0,0.033,7.21
22240.0,-122.0,-51546.0,0.025,6.48
22243.0,237.0,-51881.0,0.042,6.96
22247.0,166.0,-52236.0,-0.008,6.72
22251.0,-319.0,-52029.0,-0.017,7.21
22255.0,-284.0,-51786.0,-0.033,6.48
22258.0,-51.0,-51685.0,0.05,7.21
22262.0,128.0,-51928.0,-0.025,6.48
22266.0,7.0,-51905.0,0.008,6.96
22269.0,40.0,-52112.0,0.025,6.96
22274.0,-25.0,-51989.0,-0.033,6.72
22278.0,-306.0,-52044.0,0.05,6.96
22281.0,-331.0,-52285.0,0.042,6.48
22285.0,-184.0,-52138.0,-0.017,6.48
22289.0,-81.0,-51875.0,0.008,6.48
22293.0,-70.0,-51744.0,0.0,6.48
22296.0,-111.0,-52015.0,0.067,6.72
22300.0,6.0,-52320.0,-0.025,6.48
22304.0,-1.0,-52379.0,0.008,6.48
22307.0,-22.0,-51744.0,0.025,6.96
22311.0,3.0,-52203.0,0.042,6.48
22316.0,102.0,-52532.0,0.067,6.48
22319.0,-97.0,-52405.0,0.0,6.96
22323.0,-158.0,-52172.0,0.0,6.72
22327.0,-317.0,-52097.0,-0.008,6.72
22330.0,-274.0,-52512.0,0.017,6.96
22334.0,349.0,-52561.0,-0.017,6.96
22338.0,190.0,-52258.0,0.008,6.72
22342.0,-139.0,-52231.0,0.058,6.48
22345.0,-430.0,-52266.0,0.008,6.96
22349.0,-355.0,-52435.0,0.017,6.48
22353.0,-134.0,-52380.0,-0.008,7.45
22356.0,-313.0,-51835.0,-0.017,6.48
22361.0,-116.0,-51980.0,0.0,6.48
22365.0,-287.0,-52093.0,0.008,6.48
22369.0,-280.0,-51980.0,0.083,6.48
22372.0,7.0,-52103.0,0.0,6.23
22376.0,96.0,-52222.0,0.058,6.48
22380.0,139.0,-52419.0,-0.05,6.48
22383.0,64.0,-52460.0,0.05,6.48
22387.0,211.0,-51969.0,0.042,6.48
22391.0,-266.0,-51612.0,-0.017,6.72
22394.0,-267.0,-51725.0,0.0,6.96
22398.0,-194.0,-52578.0,0.075,6.96
22403.0,-25.0,-52361.0,0.033,6.48
22406.0,-66.0,-51950.0,0.05,6.48
22410.0,-131.0,-51999.0,0.033,6.48
22414.0,-36.0,-52574.0,0.033,7.21
22418.0,-173.0,-52095.0,0.058,6.48
22421.0,-282.0,-51730.0,0.033,6.96
22425.0,57.0,-51831.0,0.058,6.48
22429.0,84.0,-52358.0,0.008,6.48
22432.0,-47.0,-52195.0,0.075,6.48
22436.0,-222.0,-51984.0,0.042,6.48
22440.0,-85.0,-52023.0,-0.025,6.48
22444.0,352.0,-52350.0,0.008,6.72
22448.0,467.0,-52815.0,0.0,6.48
22452.0,204.0,-52570.0,0.05,6.48
22456.0,353.0,-52359.0,0.0,6.48
22459.0,-194.0,-52328.0,0.0,6.48
22463.0,-169.0,-52247.0,0.008,6.96
22467.0,-178.0,-52548.0,0.042,6.48
22470.0,-129.0,-51965.0,0.067,6.96
22474.0,-240.0,-52092.0,0.083,6.72
22478.0,385.0,-52453.0,-0.008,6.96
22482.0,-140.0,-52550.0,-0.042,6.48
22486.0,-559.0,-52249.0,-0.05,6.48
22490.0,-608.0,-52038.0,0.067,6.48
22494.0,-9.0,-52241.0,0.0,6.72
22497.0,-352.0,-52578.0,-0.033,6.48
22501.0,-471.0,-52693.0,0.0,6.48
22505.0,-236.0,-52438.0,-0.025,6.96
22509.0,-333.0,-52255.0,-0.025,6.48
22512.0,292.0,-52484.0,0.0,6.48
22516.0,67.0,-52763.0,0.0,6.48
22520.0,-2.0,-52422.0,0.058,6.48
22523.0,-113.0,-51827.0,0.008,6.48
22528.0,88.0,-52038.0,0.033,6.96
22532.0,-485.0,-52337.0,0.042,6.48
22535.0,-286.0,-52340.0,0.058,6.96
22539.0,-165.0,-52377.0,0.017,6.48
22543.0,-200.0,-52562.0,0.017,6.96
22547.0,45.0,-52375.0,0.008,6.48
22550.0,-152.0,-52342.0,0.1,6.48
22554.0,-207.0,-52089.0,0.033,6.48
22558.0,-160.0,-51926.0,-0.008,6.96
22561.0,-229.0,-52383.0,-0.025,6.48
22565.0,-62.0,-52462.0,0.025,6.96
22569.0,3.0,-52445.0,-0.008,6.48
22573.0,204.0,-52118.0,-0.008,6.48
22577.0,15.0,-52383.0,0.025,6.48
22581.0,-418.0,-52522.0,0.092,6.72
22585.0,-223.0,-52367.0,0.017,6.48
22588.0,-98.0,-52560.0,-0.017,6.96
22592.0,-13.0,-52811.0,-0.067,6.48
22596.0,2.0,-52290.0,-0.042,6.96
22599.0,45.0,-52307.0,0.042,6.96
22603.0,140.0,-52234.0,0.042,6.96
22607.0,-135.0,-52129.0,0.058,6.96
22610.0,2.0,-52456.0,0.0,6.96
22615.0,149.0,-52819.0,0.042,6.72
22619.0,128.0,-52332.0,0.008,6.48
22622.0,39.0,-51993.0,0.025,6.48
22626.0,-114.0,-52570.0,0.083,6.48
22630.0,-171.0,-52551.0,-0.042,6.72
22634.0,-162.0,-52510.0,-0.025,6.48
22637.0,-291.0,-52157.0,-0.058,6.48
22641.0,-20.0,-52148.0,0.008,6.48
22645.0,-159.0,-52739.0,0.058,6.96
22649.0,-292.0,-52542.0,0.008,6.48
22652.0,-355.0,-52425.0,-0.05,6.48
22657.0,-312.0,-52218.0,0.0,6.48
22661.0,-113.0,-52245.0,0.025,6.72
22664.0,-424.0,-52434.0,0.0,6.72
22668.0,-277.0,-52961.0,0.042,6.48
22672.0,-124.0,-52290.0,0.0,6.48
22675.0,-73.0,-52253.0,0.025,6.72
22679.0,-58.0,-52488.0,0.008,6.48
22683.0,-133.0,-52753.0,-0.017,6.96
22687.0,-182.0,-52534.0,0.05,6.96
22690.0,107.0,-52255.0,0.067,6.48
22694.0,-186.0,-52578.0,-0.008,6.96
22699.0,-257.0,-52979.0,-0.067,6.48
22702.0,-300.0,-52382.0,-0.008,6.48
22706.0,-47.0,-52391.0,0.05,6.96
22710.0,152.0,-52496.0,0.075,7.21
22714.0,267.0,-52649.0,0.033,6.48
22717.0,180.0,-52676.0,0.0,6.48
22721.0,329.0,-52607.0,0.0,6.72
22725.0,-8.0,-52120.0,-0.025,6.72
22728.0,-345.0,-52489.0,0.017,6.48
22732.0,-106.0,-52696.0,0.058,6.96
22736.0,-73.0,-52733.0,0.058,6.72
22739.0,86.0,-52500.0,0.05,6.48
22744.0,-165.0,-52945.0,0.05,6.72
22748.0,-108.0,-53000.0,0.008,6.72
22752.0,-75.0,-52701.0,0.042,6.72
22755.0,86.0,-52362.0,0.033,6.72
22759.0,-37.0,-52451.0,0.008,6.48
22763.0,-8.0,-52362.0,0.042,6.72
22766.0,-69.0,-52521.0,0.008,6.96
22770.0,-254.0,-52364.0,-0.008,6.48
22774.0,-485.0,-52503.0,0.092,6.48
22777.0,-470.0,-52812.0,0.042,6.48
22781.0,39.0,-52631.0,-0.017,6.48
22786.0,-122.0,-52522.0,0.025,6.48
22790.0,-127.0,-52701.0,0.033,6.48
22793.0,-280.0,-52426.0,0.017,6.48
22797.0,-53.0,-52597.0,0.017,6.48
22801.0,-212.0,-52754.0,0.017,6.48
22804.0,-159.0,-52413.0,0.05,6.48
22808.0,-94.0,-52130.0,0.008,6.96
22812.0,-49.0,-52783.0,0.008,6.72
22815.0,-218.0,-52662.0,0.017,6.48
22819.0,-37.0,-52603.0,0.0,6.96
22823.0,230.0,-52540.0,0.025,6.48
22828.0,-9.0,-52745.0,-0.017,6.96
22831.0,-268.0,-53038.0,0.017,6.48
22835.0,219.0,-52517.0,-0.033,6.96
22839.0,-30.0,-52500.0,-0.025,6.96
22842.0,-321.0,-52459.0,0.075,6.96
22846.0,-418.0,-52790.0,-0.025,6.48
22850.0,-245.0,-52903.0,-0.025,6.72
22854.0,-62.0,-52374.0,-0.042,6.72
22857.0,1.0,-52381.0,0.025,6.48
22861.0,-16.0,-52702.0,0.05,6.48
22865.0,-257.0,-52755.0,0.025,6.96
22868.0,-514.0,-52506.0,-0.05,6.48
22873.0,-127.0,-52613.0,0.042,6.72
22877.0,-110.0,-52534.0,-0.017,6.72
22880.0,85.0,-52817.0,0.05,6.48
22884.0,106.0,-53004.0,0.025,6.48
22888.0,-443.0,-52781.0,0.0,6.48
22892.0,-26.0,-52642.0,-0.033,6.48
22895.0,63.0,-52595.0,-0.017,6.96
22899.0,-40.0,-52652.0,-0.017,6.96
22903.0,-275.0,-52613.0,0.05,6.96
22906.0,-258.0,-52274.0,0.05,6.48
22910.0,-81.0,-52463.0,0.042,6.72
22915.0,-84.0,-52936.0,0.0,6.48
22918.0,-135.0,-52773.0,-0.058,6.72
22922.0,-62.0,-52414.0,0.033,6.96
22926.0,-289.0,-52473.0,0.042,6.48
22930.0,18.0,-52802.0,0.008,6.72
22933.0,-47.0,-52903.0,0.067,6.48
22937.0,-108.0,-52608.0,0.008,6.96
22941.0,-387.0,-52785.0,0.017,6.48
22944.0,-162.0,-52956.0,0.008,6.48
22948.0,-321.0,-53047.0,0.058,6.96
22952.0,-218.0,-53070.0,0.025,6.72
22957.0,19.0,-52449.0,0.033,6.72
22960.0,270.0,-52642.0,-0.008,6.48
22964.0,233.0,-52955.0,0.05,6.96
22968.0,96.0,-52856.0,0.008,6.96
22971.0,-329.0,-52767.0,-0.025,6.48
22975.0,-250.0,-52460.0,0.025,6.48
22979.0,-3.0,-53111.0,-0.033,6.72
22982.0,-140.0,-53288.0,0.008,6.96
22986.0,-13.0,-52827.0,0.017,6.48
22990.0,-122.0,-52526.0,-0.033,6.72
22994.0,-127.0,-53017.0,0.05,6.48
22998.0,-106.0,-53060.0,-0.008,6.48
23002.0,-411.0,-52817.0,0.033,7.21
23006.0,-392.0,-52704.0,0.0,6.72
23009.0,-71.0,-52621.0,0.058,6.96
23013.0,-166.0,-52882.0,0.033,6.48
23017.0,-79.0,-52529.0,0.05,6.72
23021.0,-16.0,-52464.0,0.0,6.72
23024.0,17.0,-52427.0,0.033,6.48
23028.0,122.0,-53076.0,0.025,6.72
23032.0,-165.0,-53033.0,0.058,6.72
23035.0,28.0,-52716.0,0.075,6.96
23040.0,-69.0,-52395.0,0.017,6.48
23044.0,180.0,-52532.0,0.0,6.48
23047.0,133.0,-52941.0,0.008,6.72
23051.0,-24.0,-53074.0,-0.017,6.96
23055.0,35.0,-52653.0,-0.033,6.96
23058.0,-58.0,-52762.0,0.0,6.48
23062.0,-57.0,-52973.0,0.017,6.48
23066.0,-148.0,-52994.0,-0.008,6.96
23069.0,-179.0,-52471.0,-0.017,6.96
23073.0,-202.0,-52296.0,0.025,6.48
23077.0,-65.0,-52393.0,0.017,6.48
23081.0,-22.0,-52808.0,0.092,6.96
23085.0,19.0,-52679.0,0.075,6.48
23089.0,10.0,-52160.0,0.008,6.96
23093.0,85.0,-52037.0,0.067,6.96
23096.0,-152.0,-52570.0,0.05,6.72
23100.0,-237.0,-52761.0,0.075,6.96
23104.0,-158.0,-52844.0,-0.042,6.23
23107.0,143.0,-52845.0,0.0,6.48
23111.0,30.0,-52886.0,0.042,6.48
23115.0,19.0,-52879.0,-0.042,6.48
23119.0,-182.0,-53038.0,0.0,6.72
23122.0,-37.0,-52801.0,0.025,6.48
23127.0,172.0,-52758.0,0.017,6.96
23131.0,-135.0,-53009.0,0.067,6.72
