time_ms,p1,p2,f3,f4
5059.0,39.0,34.0,0.017,6.96
5062.0,-4.0,-291.0,0.083,7.21
5066.0,-91.0,-142.0,-0.033,6.72
5069.0,22.0,147.0,-0.042,6.72
5073.0,117.0,-20.0,0.033,7.21
5076.0,166.0,-71.0,0.083,6.96
5081.0,147.0,-388.0,0.0,6.96
5084.0,26.0,-125.0,0.0,6.96
5088.0,-37.0,76.0,0.0,6.72
5091.0,228.0,359.0,-0.033,6.72
5095.0,209.0,212.0,0.108,6.72
5098.0,372.0,25.0,0.1,6.48
5102.0,279.0,258.0,0.008,6.48
5106.0,154.0,527.0,-0.05,6.96
5109.0,165.0,318.0,-0.025,7.21
5113.0,116.0,-225.0,0.042,6.48
5116.0,307.0,-246.0,0.142,6.48
5121.0,248.0,91.0,0.15,7.21
5124.0,115.0,136.0,0.058,6.72
5128.0,2.0,-333.0,0.083,7.21
5131.0,147.0,-422.0,-0.05,6.72
5135.0,198.0,27.0,0.042,6.48
5138.0,211.0,250.0,0.083,6.72
5142.0,246.0,207.0,0.108,7.21
5145.0,141.0,-68.0,0.042,6.72
5149.0,374.0,71.0,0.042,6.72
5152.0,219.0,198.0,-0.025,6.96
5156.0,-38.0,157.0,0.1,6.48
5160.0,241.0,-360.0,0.083,6.72
5164.0,174.0,-253.0,0.042,6.48
5168.0,61.0,282.0,-0.058,6.48
5171.0,-62.0,185.0,-0.042,6.72
5175.0,15.0,70.0,0.017,6.72
5178.0,-28.0,227.0,0.075,6.72
5182.0,151.0,22.0,0.05,6.72
5185.0,234.0,-7.0,0.058,6.48
5189.0,217.0,314.0,-0.042,6.72
5192.0,-30.0,261.0,-0.075,6.96
5196.0,-99.0,272.0,-0.017,6.48
5199.0,8.0,-79.0,0.033,6.48
5203.0,-19.0,-290.0,0.1,6.48
5207.0,158.0,187.0,0.092,6.48
5211.0,217.0,240.0,0.017,6.48
5214.0,74.0,-191.0,0.008,6.72
5218.0,145.0,40.0,0.0,6.48
5221.0,94.0,-151.0,0.083,6.96
5225.0,287.0,-168.0,0.125,6.48
5228.0,-110.0,-173.0,0.067,6.96
5232.0,159.0,-310.0,0.008,6.48
5235.0,210.0,-207.0,-0.05,6.96
5239.0,-257.0,-20.0,0.0,6.48
5242.0,-350.0,-117.0,0.042,6.96
5246.0,-119.0,-366.0,0.125,6.48
5250.0,70.0,19.0,0.0,7.21
5254.0,345.0,236.0,-0.033,6.72
5257.0,70.0,-73.0,-0.058,6.48
5261.0,35.0,-308.0,0.017,6.72
5264.0,-10.0,-321.0,0.008,6.96
5268.0,-101.0,102.0,0.075,6.72
5271.0,-78.0,157.0,0.067,6.48
5275.0,-55.0,-58.0,0.0,6.72
5278.0,200.0,-221.0,-0.042,6.96
5282.0,165.0,10.0,0.05,6.72
5285.0,16.0,-129.0,0.108,6.96
5289.0,77.0,-84.0,0.075,6.96
5293.0,34.0,-55.0,0.017,6.72
5297.0,85.0,-142.0,-0.008,6.48
5300.0,238.0,-143.0,-0.008,6.96
5304.0,211.0,92.0,0.058,6.48
5307.0,56.0,241.0,0.042,7.21
5311.0,-33.0,122.0,0.05,6.48
5314.0,-122.0,159.0,0.05,6.48
5318.0,-73.0,642.0,-0.025,6.48
5322.0,-160.0,573.0,-0.033,7.21
5325.0,59.0,70.0,-0.008,6.48
5329.0,140.0,-357.0,0.008,6.72
5332.0,43.0,-78.0,0.033,6.72
5337.0,110.0,-89.0,0.025,6.96
5340.0,-33.0,106.0,0.05,6.96
5344.0,156.0,-249.0,0.1,6.48
5347.0,409.0,70.0,0.083,6.48
5351.0,148.0,257.0,0.092,6.96
5354.0,21.0,212.0,0.083,6.96
5358.0,92.0,-175.0,0.033,6.72
5361.0,99.0,-168.0,0.042,6.48
5365.0,32.0,117.0,0.067,6.72
5368.0,-29.0,140.0,0.067,6.72
5372.0,158.0,161.0,0.108,6.96
5376.0,15.0,264.0,0.042,6.48
5380.0,26.0,43.0,-0.058,6.48
5383.0,213.0,-222.0,-0.008,6.48
5387.0,118.0,115.0,0.008,6.48
5390.0,69.0,88.0,0.0,7.21
5394.0,258.0,-61.0,0.042,6.96
5397.0,551.0,-152.0,0.017,6.72
5401.0,424.0,43.0,-0.067,6.48
5404.0,75.0,336.0,-0.033,6.48
5408.0,20.0,113.0,-0.008,6.48
5411.0,-155.0,-306.0,0.083,6.96
5415.0,-160.0,-5.0,0.083,6.96
5419.0,-33.0,368.0,0.083,6.72
5423.0,102.0,95.0,0.033,6.96
5426.0,257.0,176.0,0.025,6.72
5430.0,132.0,-401.0,0.083,6.48
5433.0,225.0,-542.0,0.083,7.21
5437.0,172.0,253.0,0.092,6.48
5441.0,117.0,286.0,0.017,6.48
5444.0,328.0,319.0,0.075,7.21
5448.0,53.0,342.0,0.083,6.96
5451.0,-176.0,-85.0,0.067,6.96
5455.0,-351.0,-10.0,0.058,6.48
5458.0,-472.0,189.0,0.0,6.96
5463.0,-291.0,206.0,0.025,6.72
5466.0,122.0,323.0,-0.033,7.21
5470.0,27.0,312.0,0.025,6.72
5473.0,-32.0,239.0,0.05,6.72
5477.0,151.0,198.0,0.042,6.48
5480.0,176.0,-29.0,0.083,6.96
5484.0,-99.0,-116.0,0.067,6.96
5487.0,-248.0,169.0,0.05,6.48
5491.0,283.0,106.0,0.025,6.48
5494.0,82.0,47.0,0.058,7.21
5498.0,-99.0,-286.0,0.05,6.48
5501.0,70.0,-43.0,0.108,6.48
5506.0,261.0,174.0,0.05,6.48
5509.0,212.0,77.0,0.075,6.96
5513.0,125.0,26.0,0.083,6.96
5516.0,22.0,-217.0,0.025,7.21
5520.0,-191.0,90.0,0.033,6.48
5524.0,62.0,471.0,0.017,7.21
5527.0,131.0,26.0,0.017,6.72
5531.0,308.0,-117.0,0.017,6.72
5534.0,341.0,116.0,0.017,6.72
5538.0,-166.0,235.0,0.017,6.48
5541.0,219.0,60.0,0.017,6.72
5545.0,394.0,-63.0,0.058,6.72
5549.0,323.0,-52.0,-0.008,6.48
5553.0,256.0,253.0,-0.025,6.96
5556.0,85.0,326.0,0.033,6.96
5560.0,40.0,-71.0,-0.05,6.48
5563.0,-133.0,128.0,0.017,6.48
5567.0,28.0,121.0,0.075,6.48
5570.0,79.0,420.0,0.05,6.72
5574.0,114.0,361.0,0.058,6.48
5577.0,285.0,34.0,0.008,6.72
5581.0,368.0,-155.0,0.1,7.21
5584.0,-85.0,408.0,0.1,6.48
5588.0,254.0,579.0,0.092,6.48
5592.0,-11.0,464.0,-0.05,6.72
5596.0,98.0,-137.0,0.05,6.72
5599.0,-23.0,-330.0,-0.05,6.48
5603.0,58.0,99.0,-0.042,6.48
5606.0,13.0,176.0,0.017,6.72
5610.0,-146.0,249.0,-0.008,6.96
5614.0,-159.0,210.0,0.017,6.48
5617.0,-202.0,325.0,0.05,6.72
5621.0,-269.0,422.0,0.033,6.48
5624.0,60.0,143.0,0.075,6.72
5628.0,201.0,-88.0,0.033,6.48
5632.0,-106.0,57.0,0.017,6.72
5636.0,233.0,-6.0,0.025,6.48
5639.0,60.0,291.0,0.058,6.72
5643.0,75.0,88.0,0.033,6.72
5646.0,126.0,-133.0,0.067,6.96
5650.0,21.0,-130.0,0.075,6.48
5653.0,8.0,305.0,0.017,6.72
5657.0,165.0,302.0,0.058,6.48
5660.0,-36.0,-41.0,0.033,6.48
5664.0,235.0,-160.0,0.042,6.72
5667.0,346.0,123.0,0.058,7.21
5671.0,285.0,-14.0,0.05,7.21
5675.0,284.0,-147.0,0.067,6.48
5679.0,315.0,-356.0,0.025,6.96
5682.0,444.0,-51.0,0.017,7.45
5686.0,67.0,242.0,0.058,6.72
5689.0,82.0,297.0,-0.008,6.72
5693.0,43.0,110.0,0.058,6.48
5696.0,-52.0,-167.0,0.108,6.48
5700.0,-243.0,180.0,0.05,6.48
5703.0,-108.0,255.0,0.025,6.96
5707.0,223.0,110.0,0.033,6.96
5711.0,254.0,-181.0,0.017,6.96
5714.0,25.0,-26.0,0.017,6.72
5719.0,36.0,277.0,0.042,6.72
5722.0,51.0,564.0,0.042,6.72
5726.0,34.0,5.0,0.033,6.72
5729.0,-61.0,-110.0,0.058,6.72
5733.0,-26.0,33.0,0.05,6.48
5736.0,225.0,404.0,0.05,6.72
5740.0,232.0,449.0,0.042,6.72
5743.0,-83.0,284.0,0.083,6.72
5747.0,214.0,125.0,0.067,6.72
5750.0,257.0,400.0,0.05,6.48
5754.0,160.0,263.0,0.058,6.96
5757.0,267.0,302.0,0.083,6.48
5762.0,54.0,-55.0,0.1,6.96
5765.0,-247.0,-284.0,0.0,6.48
5769.0,-326.0,87.0,0.033,6.72
5772.0,-249.0,490.0,0.033,6.48
5776.0,180.0,51.0,0.008,6.72
5779.0,279.0,210.0,0.025,6.48
5783.0,382.0,159.0,0.067,6.48
5786.0,367.0,326.0,-0.017,6.72
5790.0,248.0,303.0,-0.033,6.48
5794.0,323.0,-388.0,0.0,6.48
5797.0,188.0,-441.0,0.017,6.48
5801.0,227.0,2.0,0.042,6.72
5805.0,456.0,109.0,0.042,6.48
5809.0,251.0,218.0,0.067,6.72
5812.0,88.0,95.0,0.075,6.48
5816.0,-253.0,44.0,0.017,6.96
5819.0,-276.0,89.0,0.05,6.72
5823.0,-73.0,128.0,0.0,6.48
5826.0,22.0,-119.0,0.05,6.48
5830.0,-103.0,-296.0,0.05,7.21
5833.0,-154.0,55.0,0.008,6.48
5837.0,-165.0,368.0,0.017,6.72
5840.0,90.0,337.0,0.017,6.72
5844.0,55.0,-112.0,0.075,6.72
5848.0,82.0,-127.0,0.075,6.96
5852.0,415.0,136.0,0.067,6.96
5855.0,404.0,307.0,0.025,6.48
5859.0,309.0,338.0,-0.067,6.48
5862.0,40.0,9.0,-0.033,7.21
5866.0,481.0,-220.0,-0.017,6.72
5869.0,202.0,83.0,0.0,6.96
5873.0,389.0,-106.0,-0.033,6.72
5876.0,312.0,-137.0,0.008,6.48
5880.0,283.0,-132.0,-0.017,7.21
5884.0,52.0,131.0,0.117,6.72
5888.0,143.0,488.0,0.1,6.48
5892.0,98.0,363.0,0.075,6.72
5895.0,43.0,46.0,0.042,6.72
5899.0,322.0,-193.0,0.017,6.96
5902.0,249.0,124.0,0.025,6.48
5906.0,-88.0,241.0,0.058,6.96
5909.0,-147.0,132.0,0.058,6.96
5913.0,62.0,-37.0,0.067,6.48
5916.0,349.0,30.0,0.058,6.48
5920.0,324.0,227.0,0.033,6.48
5923.0,-13.0,10.0,-0.025,6.96
5927.0,136.0,-305.0,0.058,6.48
5931.0,351.0,-144.0,0.067,6.96
5935.0,48.0,19.0,-0.017,6.72
5938.0,-95.0,154.0,0.1,6.96
5942.0,300.0,147.0,0.025,6.96
5945.0,131.0,-64.0,-0.017,7.21
5949.0,-102.0,-153.0,0.05,6.96
5952.0,-163.0,228.0,0.025,6.72
5956.0,14.0,347.0,-0.008,6.48
5959.0,91.0,-40.0,0.042,6.48
5963.0,104.0,-231.0,0.0,6.48
5966.0,215.0,-14.0,0.042,6.48
5970.0,-4.0,227.0,0.083,6.72
5974.0,63.0,-110.0,0.083,6.96
5978.0,44.0,-365.0,0.025,6.48
5981.0,159.0,-292.0,0.017,6.96
5985.0,166.0,-235.0,0.042,6.48
5989.0,147.0,-86.0,0.058,6.72
5992.0,38.0,-191.0,0.058,7.21
5996.0,399.0,-30.0,0.008,6.96
5999.0,268.0,43.0,0.0,6.48
6002.0,73.0,132.0,0.025,6.96
6006.0,144.0,441.0,-0.025,6.96
6010.0,99.0,314.0,0.008,7.21
6013.0,198.0,-93.0,-0.017,6.48
6018.0,-51.0,282.0,0.017,6.48
6021.0,-438.0,405.0,0.008,6.72
6025.0,-107.0,110.0,-0.008,6.48
6028.0,218.0,-55.0,-0.075,6.48
6032.0,171.0,114.0,0.017,6.72
6035.0,44.0,143.0,0.117,6.72
6039.0,267.0,392.0,0.167,6.72
6042.0,228.0,443.0,-0.075,6.48
6046.0,69.0,206.0,-0.092,6.72
6049.0,286.0,319.0,0.208,6.48
6053.0,441.0,180.0,-0.008,6.72
6056.0,302.0,179.0,0.3,6.48
6061.0,267.0,-54.0,0.158,6.48
6065.0,-66.0,-195.0,-0.133,6.48
6068.0,-97.0,-186.0,-0.408,6.48
6072.0,150.0,169.0,-0.35,6.96
6075.0,101.0,158.0,-0.392,6.72
6079.0,452.0,-195.0,0.192,6.48
6082.0,21.0,326.0,0.467,6.72
6086.0,-14.0,937.0,0.492,6.72
6089.0,-125.0,630.0,0.492,6.48
6093.0,44.0,283.0,0.017,6.72
6096.0,-129.0,188.0,-0.167,6.48
6100.0,148.0,271.0,-0.275,6.48
6104.0,-23.0,284.0,-0.075,6.48
6108.0,-42.0,195.0,0.017,6.48
6111.0,-39.0,-44.0,0.208,6.48
6115.0,16.0,-33.0,0.15,7.21
6118.0,275.0,154.0,0.167,6.48
6122.0,308.0,385.0,0.2,6.96
6126.0,185.0,6.0,0.092,6.96
6129.0,-140.0,-23.0,0.017,6.96
6133.0,-165.0,-108.0,-0.033,6.96
6136.0,-322.0,97.0,-0.167,6.48
6140.0,-121.0,60.0,0.0,6.96
6144.0,-88.0,121.0,0.083,6.72
6148.0,67.0,-76.0,0.092,6.72
6151.0,430.0,55.0,0.0,6.96
6154.0,-227.0,236.0,-0.183,6.72
6158.0,-92.0,77.0,-0.35,6.72
6162.0,47.0,-340.0,-0.208,6.96
6165.0,-72.0,-591.0,0.017,6.96
6169.0,-327.0,202.0,0.258,6.48
6172.0,-238.0,273.0,0.317,7.21
6176.0,-7.0,180.0,0.283,6.48
6179.0,272.0,-233.0,0.083,6.48
6183.0,113.0,148.0,-0.108,6.48
6187.0,280.0,233.0,-0.042,6.48
6191.0,483.0,-70.0,0.025,6.96
6194.0,522.0,-143.0,0.05,6.48
6198.0,507.0,-220.0,0.092,6.48
6201.0,184.0,9.0,0.025,6.96
6205.0,-187.0,-18.0,0.033,7.21
6208.0,94.0,-257.0,0.075,7.21
6212.0,153.0,-500.0,0.133,6.72
6215.0,12.0,-361.0,0.05,6.48
6219.0,83.0,-116.0,0.008,6.48
6222.0,-76.0,-37.0,-0.083,7.21
6226.0,-393.0,28.0,0.042,6.72
6230.0,-306.0,95.0,0.142,6.96
6234.0,-319.0,280.0,0.133,6.72
6238.0,-146.0,317.0,0.017,6.48
6241.0,319.0,308.0,-0.108,6.96
6245.0,368.0,-5.0,-0.125,6.48
6248.0,-79.0,246.0,0.0,6.72
6252.0,-242.0,83.0,0.05,6.48
6255.0,-229.0,200.0,0.083,6.48
6259.0,60.0,-315.0,0.075,6.48
6262.0,375.0,-296.0,0.008,6.72
6266.0,98.0,219.0,-0.008,6.72
6269.0,-143.0,444.0,0.0,6.96
6274.0,-274.0,101.0,0.042,6.72
6277.0,-99.0,-326.0,0.008,7.21
6281.0,-26.0,-241.0,0.033,6.48
6284.0,187.0,22.0,-0.008,6.72
6288.0,158.0,-105.0,0.042,6.48
6291.0,17.0,-116.0,0.025,6.48
6295.0,-14.0,-279.0,0.142,6.96
6298.0,-67.0,100.0,0.167,6.48
6302.0,-30.0,265.0,0.083,6.96
6305.0,-183.0,182.0,0.1,6.48
6309.0,-246.0,19.0,0.008,6.48
6312.0,-309.0,-224.0,0.017,6.96
6317.0,-4.0,21.0,-0.042,6.72
6320.0,53.0,202.0,-0.017,6.72
6324.0,284.0,99.0,-0.058,6.96
6328.0,87.0,-190.0,-0.15,6.48
6331.0,-250.0,-119.0,-0.125,6.72
6335.0,-583.0,374.0,-0.083,7.21
6338.0,-254.0,641.0,-0.008,6.72
6342.0,187.0,578.0,0.058,6.48
6345.0,86.0,-155.0,0.05,6.48
6349.0,-13.0,30.0,0.075,6.72
6352.0,72.0,-45.0,0.058,6.96
6356.0,79.0,-142.0,0.092,6.96
6360.0,80.0,-357.0,0.108,7.21
6364.0,-201.0,-390.0,0.142,6.72
6367.0,-236.0,-391.0,0.1,6.48
6371.0,-153.0,438.0,0.042,6.48
6374.0,4.0,-203.0,-0.008,6.48
6378.0,355.0,-488.0,0.1,6.72
6381.0,356.0,-275.0,0.05,6.96
6385.0,225.0,88.0,0.075,6.48
6388.0,214.0,105.0,-0.025,6.72
6392.0,369.0,82.0,-0.017,6.96
6396.0,306.0,-267.0,-0.075,6.48
6400.0,139.0,12.0,0.025,6.48
6404.0,82.0,491.0,0.05,6.48
6407.0,201.0,52.0,0.05,6.48
6411.0,170.0,-79.0,0.017,6.96
6414.0,273.0,66.0,-0.033,7.21
6418.0,-50.0,111.0,-0.008,6.48
6421.0,-65.0,186.0,0.033,6.48
6425.0,104.0,307.0,0.042,6.48
6428.0,309.0,-100.0,-0.008,6.72
6432.0,174.0,-111.0,0.025,7.21
6435.0,367.0,74.0,-0.008,6.48
6439.0,300.0,145.0,0.025,6.72
6443.0,193.0,-454.0,0.1,6.72
6447.0,166.0,-383.0,0.033,6.48
6450.0,25.0,-146.0,0.033,6.96
6454.0,116.0,135.0,0.0,6.72
6457.0,407.0,214.0,0.008,6.96
6461.0,84.0,-5.0,0.05,6.96
6464.0,161.0,18.0,0.075,6.72
6468.0,-70.0,531.0,0.042,6.48
6471.0,179.0,324.0,0.05,6.96
6475.0,-22.0,157.0,0.0,6.48
6478.0,-329.0,-204.0,-0.05,6.96
6482.0,-40.0,71.0,0.017,6.48
6486.0,293.0,236.0,0.075,6.48
6490.0,136.0,-255.0,0.092,6.48
6494.0,85.0,-268.0,0.067,6.48
6497.0,38.0,27.0,0.017,7.21
6501.0,9.0,32.0,0.058,6.96
6504.0,6.0,151.0,0.025,6.72
6507.0,-17.0,-116.0,0.033,6.96
6511.0,74.0,-255.0,0.108,6.72
6514.0,-59.0,168.0,0.025,6.72
6518.0,26.0,267.0,0.025,7.21
6521.0,219.0,232.0,-0.008,6.72
6525.0,130.0,-7.0,0.05,6.48
6529.0,83.0,-412.0,0.092,6.72
6533.0,10.0,33.0,0.083,6.96
6536.0,117.0,516.0,0.042,6.72
6540.0,178.0,145.0,0.017,6.48
6544.0,143.0,-94.0,-0.092,6.72
6547.0,124.0,69.0,-0.008,6.48
6551.0,175.0,312.0,0.083,6.48
6554.0,336.0,415.0,0.025,6.48
6558.0,293.0,334.0,0.033,6.96
6561.0,20.0,-151.0,0.025,6.48
6565.0,1.0,82.0,0.0,6.48
6568.0,126.0,37.0,0.017,6.48
6573.0,223.0,142.0,0.067,6.72
6576.0,414.0,117.0,0.092,6.48
6580.0,253.0,-108.0,0.042,6.48
6583.0,286.0,-221.0,0.025,6.48
6587.0,-169.0,320.0,0.058,7.21
6590.0,-290.0,-199.0,0.058,6.48
6594.0,27.0,-244.0,0.142,6.96
6597.0,-14.0,-117.0,0.067,6.48
6601.0,-185.0,-204.0,0.025,6.48
6605.0,636.0,273.0,0.0,6.72
6608.0,77.0,404.0,0.092,6.96
6612.0,-160.0,-293.0,0.025,6.72
6616.0,-43.0,-252.0,0.05,6.48
6620.0,304.0,-97.0,0.025,6.48
6623.0,419.0,308.0,0.033,6.72
6627.0,-124.0,-181.0,0.05,6.48
6630.0,57.0,-274.0,0.017,7.21
6634.0,-22.0,161.0,-0.05,6.96
6637.0,-103.0,520.0,0.042,6.72
6641.0,106.0,345.0,0.05,6.48
6644.0,159.0,38.0,0.042,6.96
6648.0,180.0,-87.0,-0.042,6.96
6651.0,93.0,18.0,-0.008,6.96
6656.0,154.0,149.0,0.008,6.48
6659.0,59.0,-406.0,0.025,6.48
6663.0,-138.0,-411.0,0.083,6.72
6666.0,15.0,-194.0,0.025,6.96
6670.0,-44.0,151.0,0.058,6.96
6673.0,249.0,188.0,0.008,7.45
6677.0,224.0,-13.0,0.033,6.96
6681.0,-141.0,-236.0,0.1,6.72
6684.0,-10.0,5.0,0.083,6.96
6687.0,143.0,106.0,0.083,6.48
6691.0,346.0,-255.0,0.067,6.72
6695.0,213.0,-516.0,0.042,6.48
6699.0,22.0,-277.0,0.058,6.72
6703.0,-121.0,356.0,0.092,6.72
6706.0,-308.0,-53.0,0.05,6.48
6710.0,-189.0,-386.0,0.033,6.48
6713.0,262.0,-287.0,0.025,6.48
6717.0,497.0,-158.0,-0.017,6.72
6720.0,-216.0,85.0,0.0,6.72
6724.0,-227.0,60.0,0.017,6.48
6727.0,-50.0,-183.0,0.042,6.72
6731.0,-53.0,-6.0,-0.008,6.72
6734.0,202.0,315.0,0.0,6.96
6738.0,265.0,448.0,0.025,6.48
6742.0,368.0,61.0,-0.017,6.72
6746.0,263.0,-276.0,0.017,6.72
6749.0,-116.0,-209.0,0.017,6.72
6753.0,115.0,254.0,0.075,6.72
6757.0,330.0,91.0,0.017,6.96
6760.0,-77.0,-272.0,0.017,6.48
6764.0,-338.0,-397.0,0.075,6.96
6767.0,-95.0,-50.0,0.017,6.72
6771.0,122.0,193.0,0.075,6.48
6774.0,177.0,126.0,0.108,6.48
6778.0,-78.0,-199.0,0.058,7.21
6781.0,-37.0,-228.0,0.042,6.72
6786.0,-14.0,129.0,0.025,6.72
6789.0,-155.0,-10.0,0.092,6.48
6793.0,-168.0,-89.0,0.025,6.72
6796.0,265.0,-98.0,0.1,6.48
6800.0,382.0,201.0,-0.05,6.72
6803.0,153.0,110.0,-0.033,6.72
6807.0,152.0,-261.0,0.025,6.72
6810.0,87.0,-362.0,0.025,6.96
6814.0,-54.0,-269.0,0.058,7.21
6817.0,135.0,110.0,0.083,6.72
6821.0,238.0,285.0,-0.025,6.96
6825.0,9.0,-124.0,0.0,6.72
6829.0,42.0,-139.0,0.025,6.48
6832.0,-37.0,12.0,0.008,6.48
6836.0,52.0,595.0,0.092,6.72
6839.0,-91.0,432.0,0.092,6.48
6843.0,-64.0,-101.0,0.108,6.72
6846.0,-61.0,-58.0,-0.042,6.48
6850.0,180.0,75.0,0.058,6.72
6853.0,191.0,198.0,0.075,6.48
6857.0,184.0,-105.0,0.108,6.72
6861.0,41.0,-282.0,0.075,6.48
6864.0,172.0,-389.0,0.117,6.48
6868.0,51.0,-14.0,0.017,6.72
6872.0,-50.0,205.0,0.083,6.48
6876.0,-31.0,140.0,0.025,6.48
6879.0,174.0,11.0,-0.008,6.48
6883.0,325.0,-42.0,0.042,6.72
6886.0,-134.0,183.0,0.025,6.72
6890.0,-111.0,258.0,-0.025,6.96
6893.0,-82.0,-51.0,0.05,6.48
6897.0,91.0,96.0,0.025,6.96
6900.0,232.0,327.0,0.0,6.72
6904.0,69.0,270.0,0.042,6.48
6907.0,82.0,225.0,0.0,6.96
6912.0,-171.0,-212.0,0.008,7.21
6915.0,334.0,-145.0,0.05,6.48
6919.0,29.0,136.0,0.067,6.72
6922.0,-120.0,319.0,0.075,6.48
6926.0,135.0,-20.0,0.05,6.72
6929.0,-70.0,-359.0,-0.017,6.96
6933.0,-25.0,-36.0,0.0,6.72
6936.0,318.0,115.0,0.1,7.21
6940.0,283.0,178.0,0.05,6.48
6943.0,196.0,111.0,0.067,6.96
6947.0,227.0,-98.0,0.083,6.72
6950.0,18.0,217.0,-0.017,7.21
6955.0,-319.0,334.0,-0.042,6.96
6958.0,-266.0,133.0,0.017,6.48
6962.0,-339.0,-128.0,0.017,6.72
6966.0,-66.0,65.0,0.033,6.72
6969.0,143.0,218.0,-0.05,6.72
6973.0,198.0,191.0,-0.042,6.48
6976.0,-65.0,48.0,0.033,6.96
6980.0,-92.0,-53.0,0.05,6.96
6983.0,47.0,176.0,0.025,6.96
6987.0,160.0,387.0,0.067,6.48
6990.0,17.0,132.0,0.067,6.96
6994.0,-128.0,-397.0,0.067,6.72
6998.0,-3.0,-124.0,0.075,6.96
7002.0,52.0,121.0,0.042,6.48
7005.0,279.0,422.0,0.058,6.96
7009.0,180.0,491.0,0.058,6.48
7012.0,195.0,232.0,0.033,6.72
7016.0,158.0,-93.0,0.008,6.48
7019.0,21.0,214.0,0.058,6.48
7023.0,-306.0,301.0,0.033,6.48
7026.0,-117.0,2.0,0.025,6.48
7030.0,238.0,-211.0,-0.05,6.48
7033.0,103.0,-320.0,-0.008,7.45
7037.0,224.0,-15.0,-0.1,6.48
7041.0,327.0,360.0,0.0,6.72
7045.0,294.0,19.0,0.058,6.72
7048.0,275.0,320.0,0.033,7.21
7052.0,-70.0,171.0,-0.025,6.72
7056.0,-7.0,400.0,0.008,6.48
7059.0,-76.0,591.0,0.058,6.72
7063.0,43.0,30.0,0.042,6.96
7066.0,68.0,163.0,0.117,7.21
7069.0,-137.0,108.0,0.117,6.72
7073.0,-76.0,-65.0,0.067,6.48
7077.0,211.0,-176.0,0.05,7.21
7080.0,44.0,-43.0,0.075,6.72
7085.0,-217.0,22.0,0.1,6.48
7088.0,108.0,209.0,0.05,6.48
7092.0,435.0,84.0,0.083,6.96
7095.0,106.0,-427.0,0.125,6.48
7099.0,-1.0,-406.0,0.025,7.21
7102.0,254.0,-81.0,0.017,6.48
7106.0,-71.0,-164.0,0.008,6.72
7109.0,-62.0,-101.0,0.058,6.48
7113.0,231.0,-46.0,0.025,7.21
7116.0,326.0,113.0,0.017,6.96
7120.0,289.0,338.0,-0.067,6.96
7123.0,64.0,327.0,-0.025,6.48
7128.0,71.0,114.0,0.017,6.96
7131.0,60.0,-163.0,0.092,6.72
7135.0,135.0,8.0,0.025,6.48
7138.0,-8.0,43.0,0.017,7.45
7142.0,-1.0,40.0,0.05,6.72
7145.0,104.0,-15.0,0.025,7.21
7149.0,-65.0,-32.0,0.017,6.96
7152.0,-4.0,275.0,0.108,6.48
7156.0,-165.0,236.0,0.142,6.48
7159.0,-10.0,195.0,0.092,6.72
7163.0,-9.0,-210.0,0.05,6.48
7166.0,60.0,-23.0,0.067,7.21
7171.0,81.0,206.0,0.092,6.72
7174.0,-106.0,257.0,0.0,7.21
7178.0,-71.0,-94.0,0.0,6.72
7181.0,-234.0,-169.0,0.042,6.48
7185.0,-65.0,-162.0,0.067,6.48
7188.0,240.0,123.0,-0.058,6.96
7192.0,173.0,-12.0,-0.033,6.72
7195.0,96.0,-187.0,0.025,6.96
7199.0,179.0,-266.0,0.0,6.72
7202.0,356.0,139.0,0.008,6.96
7206.0,299.0,246.0,0.025,6.72
7209.0,286.0,-115.0,0.067,6.48
7214.0,237.0,88.0,0.05,6.72
7217.0,246.0,63.0,0.117,6.72
7221.0,251.0,328.0,0.108,6.48
7224.0,6.0,29.0,0.083,6.72
7228.0,15.0,-200.0,0.075,6.72
7231.0,134.0,-389.0,0.033,6.48
7235.0,303.0,-74.0,0.05,6.48
7238.0,298.0,355.0,0.092,6.96
7242.0,127.0,-130.0,0.042,6.72
7245.0,180.0,-321.0,0.083,6.48
7249.0,157.0,22.0,0.017,6.48
7254.0,-160.0,237.0,0.05,6.72
7257.0,-81.0,158.0,0.025,7.21
7261.0,480.0,101.0,0.075,7.21
7264.0,535.0,190.0,0.15,6.72
7268.0,150.0,55.0,0.167,6.48
7271.0,-29.0,-366.0,0.083,6.72
7275.0,-150.0,-183.0,0.008,6.72
7278.0,17.0,-190.0,0.042,6.96
7282.0,66.0,-337.0,0.05,6.96
7285.0,-95.0,188.0,0.008,6.72
7289.0,-186.0,191.0,0.0,6.48
7292.0,381.0,-114.0,-0.033,6.48
7297.0,290.0,53.0,-0.092,6.48
7300.0,355.0,0.0,-0.075,6.72
7304.0,122.0,165.0,-0.017,6.96
7307.0,213.0,-146.0,0.042,6.72
7311.0,206.0,-247.0,-0.058,6.96
7314.0,-179.0,-202.0,-0.042,6.48
7318.0,378.0,57.0,0.0,6.96
7322.0,243.0,158.0,0.142,6.96
7325.0,82.0,35.0,0.25,6.48
7329.0,33.0,126.0,0.183,6.48
7332.0,86.0,147.0,0.158,6.48
7336.0,31.0,140.0,0.042,6.72
7340.0,-132.0,209.0,0.042,6.96
7344.0,143.0,-178.0,-0.008,6.48
7347.0,398.0,-335.0,0.1,6.48
7351.0,357.0,-18.0,0.125,6.96
7354.0,168.0,319.0,0.075,6.96
7358.0,69.0,238.0,0.017,6.48
7361.0,122.0,41.0,0.008,7.21
7365.0,315.0,-56.0,-0.067,7.21
7368.0,10.0,313.0,-0.083,6.96
7372.0,-85.0,408.0,-0.067,6.72
7375.0,6.0,-225.0,-0.092,6.96
7379.0,491.0,-292.0,-0.108,6.48
7383.0,194.0,109.0,-0.058,6.72
7387.0,-77.0,438.0,0.0,6.48
7390.0,108.0,361.0,0.033,6.48
7394.0,69.0,96.0,0.017,6.72
7397.0,236.0,-29.0,0.017,6.48
7401.0,313.0,56.0,0.008,6.48
7404.0,138.0,235.0,0.017,6.96
7408.0,-93.0,-40.0,0.117,6.48
7411.0,-100.0,-319.0,0.183,6.48
7415.0,87.0,-48.0,0.183,6.48
7418.0,268.0,347.0,0.075,6.48
7422.0,187.0,230.0,0.017,6.48
7426.0,-212.0,151.0,0.0,6.48
7430.0,15.0,-366.0,-0.008,7.21
7433.0,22.0,-87.0,0.075,6.48
7437.0,69.0,284.0,0.05,7.21
7440.0,220.0,121.0,0.033,6.96
7444.0,-33.0,-172.0,-0.008,6.72
7448.0,110.0,-137.0,-0.017,6.48
7451.0,-107.0,56.0,-0.042,6.48
7455.0,-192.0,401.0,-0.033,6.72
7458.0,301.0,-122.0,0.05,6.96
7462.0,284.0,-283.0,0.017,6.48
7465.0,89.0,-186.0,0.042,7.21
7470.0,122.0,91.0,0.058,6.48
7473.0,-187.0,118.0,0.075,6.48
7477.0,-536.0,-71.0,0.108,6.72
7480.0,-217.0,106.0,0.017,6.72
7484.0,-168.0,21.0,-0.017,6.48
7487.0,-221.0,16.0,-0.025,6.72
7491.0,-54.0,53.0,0.017,6.72
7494.0,-265.0,-136.0,0.108,6.72
7498.0,-20.0,-351.0,0.033,6.48
7501.0,215.0,562.0,0.033,7.21
7505.0,-80.0,321.0,-0.025,6.48
7510.0,199.0,-130.0,-0.075,6.72
7513.0,236.0,-357.0,-0.05,6.72
7517.0,301.0,126.0,0.017,7.21
7520.0,270.0,303.0,0.058,6.72
7524.0,51.0,44.0,0.083,6.72
7527.0,-154.0,-59.0,0.108,6.48
7531.0,169.0,56.0,0.075,6.96
7534.0,70.0,299.0,0.125,7.21
7538.0,15.0,322.0,0.158,6.96
7541.0,-14.0,111.0,0.067,6.96
7545.0,-43.0,-104.0,0.008,6.72
7548.0,-412.0,-191.0,0.033,6.72
7553.0,-169.0,-48.0,0.092,6.72
7556.0,-142.0,63.0,0.025,6.96
7560.0,207.0,-158.0,0.025,7.21
7563.0,-16.0,-221.0,0.033,6.96
7567.0,-159.0,118.0,0.017,6.96
7570.0,-190.0,471.0,-0.025,6.72
7574.0,49.0,390.0,-0.025,6.72
7578.0,60.0,77.0,-0.042,6.48
7581.0,89.0,-28.0,0.067,6.48
7584.0,42.0,187.0,0.05,6.96
7588.0,-133.0,286.0,-0.008,6.96
7592.0,-22.0,-49.0,-0.042,6.72
7596.0,37.0,-220.0,-0.025,6.48
7600.0,-114.0,51.0,-0.05,6.48
7603.0,21.0,220.0,0.058,6.72
7607.0,66.0,117.0,0.075,6.48
7610.0,-89.0,2.0,0.133,6.72
7613.0,-138.0,-95.0,0.083,6.48
7617.0,-117.0,26.0,0.108,6.48
7621.0,272.0,-5.0,0.075,6.72
7624.0,211.0,-232.0,0.017,6.23
7628.0,62.0,-253.0,0.042,6.48
7631.0,-103.0,104.0,0.092,6.48
7635.0,-62.0,217.0,0.083,7.21
7639.0,-191.0,4.0,0.042,6.96
7643.0,-90.0,65.0,0.075,6.72
7646.0,179.0,-122.0,0.0,7.21
7650.0,-186.0,-125.0,-0.05,6.48
7653.0,-25.0,466.0,-0.033,6.72
7657.0,-114.0,403.0,-0.058,7.21
7660.0,17.0,18.0,-0.008,6.48
7664.0,180.0,-7.0,0.017,7.21
7667.0,143.0,-26.0,0.058,7.7
7671.0,-42.0,359.0,0.033,6.96
7674.0,93.0,34.0,-0.008,6.48
7678.0,96.0,-191.0,0.008,7.21
7682.0,253.0,386.0,-0.008,6.72
7686.0,260.0,645.0,-0.033,6.72
7689.0,161.0,202.0,0.008,6.48
7693.0,220.0,-15.0,0.05,6.72
7696.0,97.0,-322.0,0.05,6.96
7700.0,222.0,211.0,0.033,6.72
7703.0,187.0,438.0,0.05,6.96
7707.0,-46.0,137.0,0.0,6.96
7710.0,-45.0,-40.0,0.083,7.21
7714.0,-14.0,65.0,0.033,6.72
7717.0,209.0,-158.0,0.05,6.48
7721.0,-2.0,319.0,0.058,6.48
7725.0,289.0,224.0,0.025,6.48
7729.0,280.0,67.0,0.067,6.48
7732.0,-103.0,-106.0,0.042,6.72
7736.0,122.0,271.0,0.008,6.48
7739.0,499.0,440.0,0.033,6.48
7743.0,280.0,-323.0,0.008,6.48
7746.0,129.0,-10.0,0.0,6.48
7750.0,-92.0,381.0,0.092,6.96
7753.0,39.0,462.0,0.067,6.96
7757.0,-84.0,209.0,0.025,7.21
7761.0,95.0,-130.0,-0.017,6.48
7764.0,284.0,-73.0,-0.025,6.48
7769.0,-521.0,472.0,0.008,7.21
7772.0,-292.0,387.0,0.017,6.48
7776.0,53.0,-116.0,0.033,6.72
7779.0,184.0,35.0,0.042,6.48
7783.0,593.0,-46.0,0.1,6.48
7786.0,610.0,125.0,0.058,6.48
7790.0,33.0,22.0,-0.008,6.96
7793.0,356.0,-189.0,0.008,6.48
7797.0,267.0,-208.0,0.025,6.72
7800.0,-54.0,441.0,0.025,7.21
7804.0,-115.0,746.0,0.108,6.96
7808.0,-38.0,481.0,0.05,6.48
7812.0,79.0,200.0,0.033,6.72
7815.0,194.0,55.0,0.058,6.48
7819.0,-33.0,240.0,0.067,7.21
7822.0,-280.0,439.0,-0.017,6.72
7826.0,-185.0,260.0,-0.025,6.48
7830.0,0.0,-231.0,-0.008,6.72
7833.0,363.0,58.0,0.033,7.21
7836.0,64.0,293.0,0.05,7.21
7840.0,99.0,-26.0,0.067,6.96
7843.0,-6.0,-407.0,0.05,6.48
7847.0,21.0,-336.0,0.042,6.48
7851.0,308.0,285.0,0.092,6.96
7855.0,361.0,86.0,0.067,6.48
7859.0,354.0,-43.0,0.042,6.72
7862.0,387.0,-246.0,0.042,6.48
7866.0,180.0,129.0,0.092,6.48
7869.0,221.0,246.0,0.008,6.48
7873.0,156.0,443.0,0.017,6.96
7876.0,111.0,-10.0,0.025,7.21
7880.0,576.0,179.0,0.0,6.48
7883.0,459.0,376.0,0.017,6.96
7887.0,-156.0,371.0,0.075,7.21
7890.0,151.0,140.0,0.05,6.96
7895.0,354.0,-221.0,-0.017,6.72
7898.0,319.0,-12.0,-0.017,6.48
7902.0,140.0,315.0,0.025,6.72
7906.0,217.0,500.0,0.042,6.48
7909.0,200.0,185.0,0.058,6.96
7913.0,267.0,34.0,0.008,6.72
7916.0,18.0,85.0,0.067,6.96
7920.0,-131.0,104.0,0.042,6.48
7923.0,-48.0,-51.0,0.083,6.96
7927.0,153.0,-278.0,0.108,6.48
7930.0,126.0,-103.0,0.075,6.48
7934.0,-225.0,44.0,0.075,6.72
7938.0,-286.0,107.0,0.083,6.48
7942.0,-271.0,10.0,0.067,6.72
7945.0,-304.0,-21.0,0.083,6.48
7949.0,-147.0,146.0,0.042,6.72
7952.0,174.0,309.0,0.067,6.72
7956.0,-79.0,350.0,0.033,6.96
7959.0,-54.0,95.0,-0.008,6.72
7963.0,-49.0,-124.0,-0.033,6.48
7966.0,40.0,153.0,-0.033,6.48
7970.0,-75.0,208.0,-0.05,6.72
7973.0,96.0,253.0,0.083,6.72
7977.0,95.0,154.0,0.05,6.48
7981.0,-90.0,147.0,0.008,6.48
7985.0,33.0,408.0,0.0,6.96
7988.0,-146.0,263.0,-0.033,6.48
7992.0,37.0,250.0,0.017,6.48
7995.0,308.0,-327.0,0.008,6.72
7999.0,-161.0,-230.0,0.008,6.72
8003.0,-252.0,213.0,0.033,6.72
8006.0,107.0,-70.0,0.083,6.72
8010.0,-226.0,-95.0,0.108,6.96
8013.0,105.0,192.0,0.1,6.96
8017.0,-94.0,143.0,0.058,6.48
8020.0,-59.0,78.0,0.0,6.96
8025.0,-54.0,-27.0,0.008,6.96
8028.0,-51.0,42.0,0.05,6.48
8032.0,148.0,109.0,0.067,6.48
8035.0,235.0,-132.0,0.058,6.48
8039.0,170.0,-303.0,0.033,6.72
8042.0,117.0,38.0,0.108,6.72
8046.0,218.0,-1.0,0.05,6.48
8049.0,293.0,-118.0,0.017,6.48
8053.0,438.0,293.0,0.042,6.48
8056.0,479.0,420.0,0.042,7.21
8060.0,218.0,139.0,0.0,6.96
8064.0,55.0,0.0,0.042,6.72
8068.0,-244.0,47.0,0.05,7.21
8071.0,-445.0,22.0,0.025,7.21
8075.0,64.0,179.0,0.025,6.72
8078.0,113.0,110.0,0.008,6.48
8082.0,218.0,117.0,0.033,6.48
8085.0,367.0,210.0,0.058,6.72
8089.0,464.0,-47.0,0.083,7.21
8092.0,197.0,-144.0,0.033,6.96
8096.0,136.0,-77.0,0.042,6.48
8099.0,63.0,4.0,0.042,6.48
8103.0,136.0,551.0,0.025,6.48
8107.0,5.0,488.0,0.075,6.72
8111.0,-4.0,139.0,0.108,6.48
8114.0,25.0,-208.0,0.108,6.72
8118.0,192.0,133.0,0.125,6.72
8121.0,165.0,44.0,0.05,7.21
8125.0,144.0,157.0,0.067,6.96
8128.0,337.0,106.0,0.067,6.48
8132.0,312.0,73.0,0.042,6.72
8136.0,259.0,276.0,0.042,6.48
8139.0,-136.0,303.0,0.017,6.48
8143.0,-597.0,0.0,-0.05,6.48
8146.0,-114.0,-341.0,0.025,6.72
8151.0,-141.0,246.0,0.033,6.72
8154.0,-60.0,701.0,0.033,6.96
8158.0,231.0,-16.0,0.083,6.48
8161.0,88.0,-17.0,0.008,6.72
8165.0,-53.0,148.0,0.05,6.72
8168.0,-118.0,409.0,0.042,6.48
8172.0,187.0,470.0,0.05,6.72
8175.0,214.0,197.0,0.0,6.72
8179.0,-57.0,206.0,0.008,6.72
8182.0,-262.0,47.0,0.033,6.96
8186.0,-385.0,272.0,0.05,6.72
8189.0,252.0,-31.0,0.05,6.72
8194.0,305.0,-374.0,0.033,6.48
8197.0,116.0,-207.0,0.042,6.72
8201.0,433.0,276.0,0.058,6.48
8204.0,236.0,297.0,0.017,7.21
8208.0,55.0,80.0,-0.008,6.48
8211.0,112.0,-213.0,0.017,6.48
8215.0,305.0,-376.0,0.033,6.72
8219.0,-8.0,17.0,0.058,6.96
8222.0,-385.0,224.0,0.033,6.72
8226.0,-152.0,-271.0,-0.017,6.48
8229.0,-133.0,-490.0,-0.008,6.96
8233.0,-136.0,-85.0,0.008,6.72
8237.0,179.0,264.0,-0.008,6.96
8241.0,280.0,171.0,0.025,6.96
8244.0,-5.0,128.0,0.0,6.96
8248.0,44.0,257.0,0.008,6.48
8251.0,-1.0,406.0,0.033,6.96
8255.0,-128.0,363.0,0.033,6.72
8258.0,57.0,246.0,0.092,6.72
8262.0,270.0,129.0,0.1,6.72
8265.0,239.0,-158.0,-0.008,6.96
8269.0,136.0,-87.0,-0.017,6.72
8272.0,-191.0,-122.0,-0.008,6.72
8276.0,-194.0,-73.0,-0.025,7.21
8280.0,-185.0,-92.0,-0.008,6.48
8284.0,-6.0,75.0,0.092,6.96
8287.0,197.0,98.0,0.017,6.48
8291.0,-58.0,-113.0,0.017,6.72
8294.0,-117.0,-368.0,-0.008,6.48
8298.0,22.0,-47.0,-0.017,6.48
8301.0,247.0,106.0,-0.008,6.48
8305.0,86.0,97.0,0.008,7.21
8308.0,101.0,48.0,0.1,6.72
8312.0,98.0,-97.0,0.0,6.72
8315.0,279.0,56.0,-0.008,6.72
8320.0,100.0,313.0,0.075,6.48
8323.0,-19.0,244.0,0.058,6.96
8327.0,-194.0,-125.0,0.142,7.21
8331.0,213.0,78.0,0.083,7.21
8334.0,356.0,281.0,0.025,6.96
8338.0,63.0,360.0,0.025,6.48
8341.0,52.0,343.0,0.0,6.48
8345.0,-59.0,4.0,0.025,6.96
8348.0,56.0,313.0,0.0,6.72
8351.0,-53.0,496.0,0.067,6.96
8355.0,154.0,627.0,0.067,6.48
8358.0,175.0,126.0,0.033,6.72
8363.0,138.0,-125.0,0.025,6.72
8367.0,37.0,86.0,0.05,6.48
8370.0,34.0,179.0,0.042,6.48
8374.0,153.0,126.0,0.075,6.48
8377.0,456.0,-199.0,-0.025,6.48
8381.0,477.0,-70.0,0.025,6.48
8384.0,240.0,217.0,-0.017,6.72
8388.0,-105.0,618.0,0.025,6.96
8391.0,140.0,345.0,0.05,6.48
8395.0,249.0,98.0,0.058,6.48
8398.0,242.0,29.0,0.05,6.72
8402.0,183.0,160.0,0.05,7.21
8406.0,298.0,561.0,0.017,6.72
8410.0,-93.0,250.0,-0.008,6.48
8413.0,-242.0,79.0,0.1,6.72
8417.0,-99.0,284.0,0.05,6.48
8420.0,122.0,19.0,0.05,6.48
8424.0,63.0,-296.0,0.05,6.96
8427.0,48.0,-419.0,-0.025,7.21
8431.0,-147.0,-222.0,0.083,6.48
8435.0,-94.0,-69.0,0.05,6.96
8438.0,-7.0,280.0,0.042,6.48
8441.0,96.0,-191.0,0.033,6.72
8445.0,125.0,-234.0,-0.008,6.96
8450.0,-56.0,33.0,-0.017,6.48
8453.0,301.0,4.0,0.017,6.48
8456.0,238.0,-51.0,0.075,6.72
8460.0,73.0,-412.0,0.042,6.48
8464.0,298.0,-341.0,0.017,6.48
8467.0,297.0,592.0,0.008,6.96
8471.0,60.0,429.0,0.025,6.48
8474.0,-37.0,-214.0,0.017,6.48
8478.0,-54.0,-341.0,0.067,6.48
8481.0,127.0,-102.0,0.142,6.72
8485.0,198.0,299.0,0.067,6.96
8488.0,451.0,86.0,0.017,6.48
8493.0,306.0,-313.0,-0.008,6.96
8496.0,55.0,-98.0,0.083,6.48
8500.0,-164.0,-47.0,0.133,7.45
8503.0,-283.0,-94.0,0.058,6.96
8507.0,404.0,105.0,0.05,6.48
8510.0,365.0,48.0,0.025,6.96
8514.0,152.0,399.0,-0.008,6.48
8517.0,-35.0,694.0,0.05,6.72
8521.0,-32.0,597.0,0.125,6.72
8524.0,-139.0,166.0,0.083,6.96
8528.0,132.0,-15.0,-0.017,6.96
8531.0,237.0,24.0,-0.025,6.72
8536.0,276.0,29.0,0.0,6.72
8539.0,-5.0,74.0,0.033,6.48
8543.0,-62.0,37.0,0.1,6.48
8546.0,-195.0,-50.0,0.092,6.48
8550.0,32.0,79.0,0.058,6.96
8553.0,131.0,518.0,-0.05,6.48
8557.0,40.0,595.0,-0.042,6.48
8560.0,307.0,88.0,0.092,6.48
8564.0,118.0,201.0,0.158,6.48
8567.0,-37.0,294.0,0.058,6.96
8571.0,80.0,251.0,0.0,6.48
8574.0,253.0,-30.0,0.0,6.96
8579.0,48.0,-247.0,-0.008,6.72
8582.0,85.0,-24.0,0.05,7.21
8586.0,-90.0,139.0,0.117,6.72
8589.0,-33.0,2.0,0.108,6.48
8593.0,12.0,35.0,0.033,6.48
8596.0,-187.0,-30.0,-0.017,7.21
8600.0,-330.0,107.0,0.0,6.48
8603.0,31.0,382.0,0.0,7.21
8607.0,264.0,405.0,0.058,6.72
8610.0,55.0,162.0,0.042,6.72
8614.0,96.0,-187.0,0.033,6.48
8617.0,101.0,-180.0,-0.017,6.96
8622.0,78.0,7.0,-0.033,6.72
8625.0,23.0,66.0,0.0,6.72
8629.0,202.0,-217.0,0.067,6.96
8632.0,173.0,166.0,0.042,6.48
8636.0,132.0,595.0,0.067,6.72
8639.0,99.0,398.0,0.025,6.48
8643.0,18.0,-337.0,0.033,6.72
8646.0,189.0,-190.0,0.067,6.72
8650.0,170.0,71.0,0.067,6.48
8653.0,153.0,68.0,0.108,6.72
8657.0,-10.0,95.0,0.075,6.48
8660.0,-45.0,14.0,-0.025,6.72
8665.0,134.0,483.0,0.05,6.72
8668.0,229.0,252.0,0.017,6.72
8672.0,-88.0,445.0,0.075,6.96
8675.0,-361.0,94.0,0.05,6.72
8679.0,208.0,81.0,0.033,6.48
8682.0,31.0,56.0,0.0,6.72
8686.0,-50.0,313.0,-0.042,6.96
8689.0,-225.0,-74.0,0.042,7.21
8693.0,-146.0,-123.0,0.0,6.96
8696.0,301.0,-246.0,0.058,6.96
8700.0,116.0,97.0,0.025,6.48
8704.0,-187.0,524.0,0.025,6.72
8708.0,-54.0,415.0,-0.017,6.72
8712.0,29.0,-132.0,0.083,6.72
8715.0,-146.0,-165.0,0.125,6.96
8719.0,-87.0,132.0,0.092,7.21
8722.0,82.0,249.0,0.042,6.48
8726.0,199.0,-132.0,-0.025,6.48
8729.0,246.0,-311.0,-0.05,6.96
8733.0,125.0,-300.0,0.083,6.72
8736.0,40.0,107.0,0.075,6.48
8740.0,179.0,236.0,0.017,6.72
8743.0,286.0,-83.0,0.017,7.21
8748.0,-77.0,-50.0,-0.025,5.74
8751.0,82.0,307.0,-0.017,6.72
8755.0,35.0,458.0,0.008,6.48
8758.0,-26.0,-621.0,0.05,6.72
8762.0,-23.0,-472.0,0.033,6.72
8765.0,244.0,-247.0,0.042,6.72
8769.0,369.0,50.0,-0.017,6.48
8772.0,286.0,315.0,-0.05,6.48
8776.0,3.0,194.0,0.108,6.48
8780.0,-242.0,39.0,0.075,6.48
8783.0,61.0,110.0,0.033,6.72
8787.0,62.0,509.0,0.058,6.96
8791.0,205.0,588.0,0.033,6.96
8795.0,276.0,41.0,-0.008,7.7
8798.0,-199.0,-24.0,0.033,6.72
8802.0,-100.0,-17.0,0.092,7.21
8805.0,205.0,202.0,0.067,7.21
8809.0,88.0,239.0,0.008,6.48
8812.0,-27.0,-336.0,-0.017,6.96
8816.0,-10.0,-205.0,-0.058,6.48
8819.0,49.0,142.0,0.05,6.48
8823.0,136.0,-37.0,0.067,6.96
8826.0,-81.0,-440.0,0.083,6.96
8830.0,-352.0,-437.0,0.058,6.72
8834.0,-29.0,-114.0,-0.042,6.72
8838.0,104.0,-149.0,0.067,6.72
8841.0,177.0,12.0,0.025,6.72
8845.0,-124.0,-275.0,0.067,6.48
8848.0,-37.0,-296.0,0.1,6.23
8852.0,-166.0,217.0,-0.033,6.48
8856.0,-203.0,12.0,-0.05,6.48
8859.0,-102.0,-303.0,-0.017,6.48
8863.0,15.0,-486.0,0.108,6.72
8866.0,174.0,31.0,0.075,6.96
8870.0,37.0,698.0,0.075,7.21
8873.0,212.0,233.0,0.05,6.48
8878.0,415.0,130.0,0.0,6.48
8881.0,54.0,283.0,0.008,7.21
8885.0,-223.0,158.0,0.0,7.21
8888.0,-110.0,129.0,0.15,6.72
8892.0,275.0,8.0,0.075,6.48
8895.0,-108.0,19.0,0.008,6.72
8899.0,-197.0,352.0,0.067,6.72
8902.0,16.0,299.0,0.05,6.96
8906.0,93.0,44.0,0.0,6.72
8909.0,-212.0,-131.0,0.117,6.48
8913.0,97.0,-138.0,0.033,6.48
8916.0,-34.0,91.0,0.008,6.48
8921.0,91.0,510.0,0.0,6.48
8924.0,328.0,289.0,0.025,6.72
8928.0,403.0,-50.0,0.042,6.48
8931.0,170.0,145.0,0.042,6.96
8935.0,-71.0,320.0,0.058,7.21
8938.0,-30.0,275.0,-0.008,6.72
8942.0,79.0,238.0,-0.058,6.72
8945.0,-130.0,231.0,0.008,6.96
8949.0,149.0,408.0,0.042,6.72
8952.0,444.0,325.0,0.092,6.96
8956.0,131.0,180.0,0.075,6.48
8961.0,82.0,-261.0,0.033,6.72
8964.0,237.0,-154.0,0.025,6.48
8968.0,148.0,327.0,0.033,6.96
8971.0,215.0,466.0,0.033,6.72
8975.0,312.0,69.0,0.058,6.48
8978.0,237.0,200.0,0.067,6.72
8982.0,124.0,373.0,0.008,6.72
8985.0,205.0,576.0,0.05,6.72
8989.0,92.0,525.0,-0.008,7.21
8992.0,513.0,54.0,0.033,6.48
8996.0,408.0,-201.0,0.075,6.96
8999.0,-25.0,138.0,0.025,6.48
9004.0,58.0,107.0,-0.008,6.72
9007.0,91.0,40.0,0.017,6.48
9011.0,122.0,-301.0,0.05,6.96
9014.0,-33.0,-138.0,0.058,6.48
9018.0,386.0,-51.0,0.033,6.96
9021.0,285.0,348.0,0.083,6.48
9025.0,40.0,-231.0,0.0,6.96
9028.0,-57.0,-574.0,0.05,6.72
9032.0,40.0,-63.0,0.05,6.72
9035.0,203.0,426.0,0.008,6.72
9039.0,100.0,359.0,0.067,6.48
9043.0,173.0,12.0,0.067,7.21
9047.0,178.0,-177.0,0.033,6.72
9051.0,231.0,112.0,-0.025,6.72
9054.0,238.0,403.0,0.025,6.72
9058.0,243.0,180.0,0.008,6.48
9061.0,158.0,-405.0,0.083,6.72
9065.0,177.0,-126.0,0.1,6.48
9068.0,-124.0,339.0,-0.033,6.72
9072.0,-213.0,180.0,-0.025,6.96
9075.0,16.0,-217.0,0.008,6.72
9079.0,421.0,-226.0,0.092,6.48
9082.0,570.0,95.0,0.108,6.72
9086.0,701.0,240.0,0.0,6.48
9090.0,414.0,189.0,0.067,6.96
9094.0,15.0,-328.0,-0.017,6.96
9098.0,94.0,-27.0,0.0,6.96
9101.0,-23.0,176.0,0.033,6.72
9104.0,130.0,85.0,0.092,6.72
9108.0,189.0,-136.0,0.067,6.48
9112.0,470.0,-109.0,-0.025,6.48
9115.0,217.0,86.0,-0.033,6.48
9119.0,76.0,363.0,0.058,6.72
9122.0,131.0,360.0,0.033,7.21
9126.0,400.0,-137.0,0.058,6.48
9129.0,359.0,-230.0,0.075,7.21
9134.0,92.0,-1.0,0.0,6.72
9137.0,253.0,70.0,0.042,6.48
9141.0,114.0,385.0,0.025,6.96
9144.0,-81.0,-56.0,0.083,6.72
9148.0,292.0,-125.0,0.017,7.21
9151.0,395.0,640.0,0.017,7.21
9155.0,152.0,509.0,0.017,6.72
9158.0,23.0,206.0,-0.058,6.48
9162.0,108.0,-57.0,0.017,7.21
9165.0,29.0,384.0,0.083,6.96
9169.0,-122.0,429.0,0.083,6.72
9172.0,253.0,366.0,0.033,6.48
9177.0,340.0,151.0,0.0,6.96
9181.0,257.0,-110.0,0.05,6.72
9184.0,-72.0,7.0,0.025,6.96
9187.0,-37.0,328.0,0.05,6.48
9191.0,-212.0,51.0,0.142,6.72
9195.0,-81.0,-330.0,0.033,6.48
9198.0,110.0,-163.0,0.0,6.96
9202.0,35.0,438.0,0.017,6.72
9205.0,98.0,223.0,0.058,6.72
9209.0,-47.0,-76.0,0.058,6.48
9212.0,-194.0,-77.0,0.017,6.48
9217.0,-87.0,480.0,0.05,7.21
9220.0,-170.0,275.0,0.025,6.72
9224.0,91.0,-24.0,-0.008,6.72
9227.0,104.0,-249.0,-0.017,6.72
9231.0,367.0,-54.0,0.042,6.72
9234.0,210.0,257.0,0.042,6.48
9238.0,257.0,262.0,0.008,6.48
9241.0,448.0,-63.0,0.008,6.96
9245.0,61.0,158.0,0.033,6.48
9248.0,276.0,169.0,-0.017,6.48
9252.0,421.0,232.0,0.042,6.96
9255.0,16.0,441.0,0.025,6.48
9260.0,-235.0,266.0,0.05,6.72
9263.0,92.0,-35.0,0.083,6.48
9267.0,109.0,292.0,0.017,6.48
9270.0,78.0,119.0,0.058,6.48
9274.0,207.0,226.0,0.067,6.72
9277.0,280.0,-141.0,0.042,6.72
9281.0,-45.0,-260.0,0.083,6.48
9285.0,34.0,697.0,0.033,6.48
9288.0,-99.0,286.0,0.092,6.72
9292.0,312.0,-31.0,-0.017,6.72
9295.0,421.0,-212.0,0.025,6.72
9299.0,158.0,117.0,0.05,6.96
9303.0,71.0,368.0,-0.008,6.48
9307.0,-14.0,153.0,0.017,6.48
9310.0,29.0,-264.0,0.083,6.48
9314.0,418.0,-15.0,0.05,6.72
9317.0,239.0,518.0,0.05,6.48
9321.0,316.0,195.0,0.05,6.96
9324.0,239.0,-52.0,0.042,7.21
9328.0,-80.0,-103.0,0.0,6.48
9331.0,71.0,16.0,0.05,7.21
9335.0,148.0,453.0,0.083,6.96
9338.0,493.0,532.0,0.058,6.48
9342.0,152.0,421.0,0.05,6.72
9346.0,-183.0,312.0,0.0,6.96
9350.0,-546.0,455.0,0.083,6.48
9353.0,-193.0,488.0,0.033,6.96
9357.0,-318.0,385.0,0.025,6.72
9361.0,353.0,60.0,-0.008,6.48
9364.0,240.0,283.0,0.092,6.96
9368.0,-137.0,336.0,0.0,6.72
9371.0,-98.0,165.0,0.033,6.48
9375.0,-11.0,242.0,0.017,6.48
9378.0,226.0,227.0,0.008,7.21
9382.0,457.0,378.0,0.108,6.72
9385.0,356.0,589.0,0.042,6.48
9390.0,-75.0,196.0,0.092,6.72
9393.0,-344.0,179.0,0.025,6.96
9397.0,-357.0,78.0,0.0,7.21
9400.0,-20.0,5.0,0.042,6.96
9404.0,233.0,262.0,0.0,6.48
9407.0,320.0,-55.0,0.033,6.48
9411.0,51.0,-196.0,0.033,6.72
9414.0,72.0,-61.0,-0.025,6.72
9418.0,129.0,180.0,0.025,6.48
9421.0,388.0,421.0,0.008,6.72
9425.0,217.0,42.0,0.067,6.23
9428.0,406.0,5.0,0.1,6.96
9433.0,205.0,196.0,0.058,6.96
9436.0,162.0,399.0,0.025,6.48
9440.0,109.0,220.0,-0.025,6.48
9443.0,48.0,-273.0,0.042,6.72
9447.0,147.0,-28.0,0.058,6.96
9450.0,-116.0,345.0,0.075,6.48
9454.0,-59.0,130.0,0.05,6.48
9457.0,180.0,249.0,0.092,6.72
9461.0,11.0,-56.0,0.05,5.99
9464.0,-296.0,195.0,0.058,6.48
9468.0,59.0,500.0,0.1,6.48
9473.0,224.0,479.0,0.058,6.48
9476.0,205.0,130.0,0.083,6.96
9480.0,232.0,269.0,-0.025,6.48
9483.0,-73.0,216.0,0.025,6.72
9487.0,-502.0,357.0,-0.017,6.72
9490.0,-477.0,276.0,0.025,6.48
9494.0,-260.0,201.0,0.083,7.21
9497.0,55.0,-12.0,0.058,6.48
9501.0,62.0,719.0,0.058,6.72
9504.0,-307.0,526.0,0.033,6.96
9508.0,-212.0,99.0,-0.017,6.48
9511.0,7.0,82.0,0.1,6.48
9516.0,-94.0,-207.0,0.067,6.96
9519.0,157.0,-128.0,0.0,6.72
9523.0,320.0,113.0,0.042,6.72
9526.0,-25.0,-134.0,0.025,6.48
9530.0,-20.0,-29.0,0.083,6.72
9533.0,59.0,254.0,0.017,6.48
9537.0,320.0,609.0,0.042,6.48
9541.0,271.0,108.0,0.008,6.96
9544.0,190.0,-85.0,-0.008,6.72
9548.0,367.0,280.0,0.042,7.21
9551.0,64.0,349.0,0.05,6.48
9555.0,-151.0,-68.0,0.058,6.48
9559.0,-376.0,-313.0,0.05,6.72
9563.0,-201.0,58.0,0.033,6.72
9566.0,126.0,269.0,-0.067,6.48
9570.0,187.0,478.0,0.025,7.45
9573.0,-142.0,259.0,0.017,6.96
9577.0,-321.0,82.0,0.092,6.72
9580.0,-84.0,263.0,0.108,6.72
9584.0,123.0,382.0,0.017,6.72
9587.0,226.0,523.0,-0.017,6.96
9591.0,223.0,246.0,-0.05,6.72
9595.0,-166.0,-99.0,0.058,6.72
9598.0,65.0,228.0,0.05,6.72
9603.0,172.0,401.0,0.042,6.48
9606.0,191.0,188.0,-0.008,6.96
9610.0,134.0,-261.0,-0.1,6.72
9613.0,239.0,-324.0,0.05,6.96
9617.0,192.0,249.0,0.05,6.48
9620.0,25.0,294.0,0.0,6.72
9624.0,240.0,45.0,0.075,6.96
9627.0,-23.0,-14.0,-0.008,6.48
9631.0,70.0,157.0,0.025,6.48
9634.0,189.0,118.0,-0.017,6.96
9638.0,136.0,307.0,0.008,6.72
9641.0,253.0,66.0,0.075,6.72
9646.0,-28.0,257.0,0.033,6.48
9649.0,329.0,330.0,0.058,6.96
9653.0,34.0,669.0,0.017,6.48
9656.0,-63.0,592.0,0.008,6.96
9660.0,374.0,185.0,0.083,6.96
9663.0,115.0,126.0,0.067,6.48
9667.0,-194.0,-31.0,0.05,6.48
9670.0,51.0,252.0,0.05,6.72
9674.0,136.0,73.0,0.033,6.48
9677.0,93.0,-252.0,0.017,6.48
9681.0,222.0,15.0,0.017,6.48
9686.0,389.0,298.0,0.033,6.72
9689.0,336.0,177.0,-0.008,6.48
9693.0,29.0,20.0,-0.008,6.96
9696.0,302.0,263.0,-0.05,6.48
9700.0,129.0,-60.0,0.067,6.48
9703.0,-62.0,159.0,0.05,7.21
9707.0,143.0,128.0,0.067,7.21
9710.0,236.0,-133.0,-0.017,6.48
9714.0,-227.0,180.0,0.033,6.96
9717.0,-100.0,381.0,-0.075,6.48
9721.0,213.0,374.0,0.05,6.96
9724.0,220.0,301.0,0.05,7.21
9729.0,187.0,-40.0,0.125,6.96
9732.0,0.0,69.0,0.042,7.21
9736.0,-165.0,390.0,-0.017,6.72
9739.0,-208.0,365.0,0.0,6.96
9743.0,43.0,148.0,0.0,6.72
9746.0,228.0,69.0,0.075,6.48
9750.0,-95.0,110.0,0.117,6.96
9753.0,16.0,251.0,0.05,6.96
9757.0,203.0,132.0,0.025,6.48
9760.0,244.0,-41.0,0.017,6.48
9764.0,259.0,224.0,0.0,6.72
9767.0,104.0,661.0,0.042,6.96
9772.0,107.0,400.0,0.1,6.48
9776.0,132.0,233.0,0.033,6.48
9779.0,-41.0,162.0,0.0,6.72
9783.0,30.0,87.0,-0.05,6.48
9786.0,41.0,622.0,0.025,7.21
9790.0,264.0,329.0,0.108,6.48
9793.0,147.0,-146.0,0.058,7.21
9797.0,52.0,-111.0,0.083,6.48
9800.0,-49.0,-110.0,-0.033,6.48
9804.0,254.0,-7.0,-0.075,6.96
9807.0,357.0,-80.0,-0.017,6.48
9811.0,184.0,239.0,0.058,6.72
9815.0,71.0,500.0,0.092,6.48
9819.0,2.0,381.0,0.05,6.96
9822.0,-85.0,126.0,-0.008,6.72
9826.0,-70.0,73.0,0.008,6.48
9829.0,109.0,-146.0,0.008,6.48
9833.0,162.0,-45.0,0.067,6.48
9836.0,333.0,388.0,0.042,6.48
9840.0,208.0,5.0,0.008,6.48
9843.0,193.0,-194.0,0.042,6.48
9847.0,234.0,-217.0,0.0,6.48
9850.0,-77.0,104.0,0.075,6.48
9854.0,-330.0,319.0,0.058,6.72
9858.0,-27.0,26.0,0.067,6.72
9862.0,92.0,23.0,0.092,6.48
9865.0,69.0,518.0,0.008,6.48
9869.0,-94.0,389.0,-0.042,6.72
9872.0,-129.0,454.0,0.017,6.72
9876.0,8.0,41.0,0.1,6.48
9879.0,123.0,58.0,0.017,6.48
9883.0,74.0,83.0,-0.008,6.96
9886.0,443.0,518.0,0.0,6.72
9890.0,418.0,203.0,0.042,6.72
9893.0,283.0,-72.0,0.067,6.96
9897.0,198.0,69.0,0.067,6.48
9901.0,77.0,504.0,0.058,6.96
9905.0,12.0,835.0,0.042,6.96
9908.0,-191.0,548.0,-0.008,6.72
9912.0,-172.0,83.0,-0.025,6.96
9915.0,-1.0,224.0,-0.008,6.96
9919.0,-16.0,329.0,0.083,6.48
9922.0,55.0,316.0,0.042,6.72
9926.0,148.0,-7.0,0.0,6.48
9929.0,191.0,-110.0,-0.05,6.96
9933.0,112.0,87.0,0.017,6.72
9936.0,177.0,442.0,0.083,6.72
9940.0,188.0,213.0,0.158,6.72
9944.0,229.0,-44.0,0.042,6.48
9948.0,64.0,125.0,0.025,6.48
9951.0,151.0,22.0,-0.075,6.72
9955.0,-76.0,-51.0,-0.017,6.48
9958.0,-15.0,26.0,0.083,7.21
9962.0,122.0,7.0,0.058,6.48
9965.0,39.0,472.0,0.042,6.48
9969.0,16.0,573.0,-0.05,6.72
9972.0,-55.0,226.0,-0.058,6.72
9976.0,152.0,173.0,0.025,6.96
9979.0,219.0,216.0,0.042,6.72
9984.0,-22.0,547.0,0.058,7.21
9987.0,-329.0,342.0,0.075,6.72
9991.0,-114.0,155.0,0.017,7.21
9994.0,-83.0,304.0,0.008,7.21
9998.0,-40.0,-15.0,0.025,6.48
10001.0,69.0,16.0,0.075,6.96
10005.0,-98.0,337.0,0.042,6.72
10009.0,-287.0,-248.0,0.017,6.48
10012.0,-16.0,-357.0,0.025,6.96
10016.0,29.0,188.0,-0.067,6.48
10019.0,-154.0,283.0,0.0,6.48
10023.0,143.0,-32.0,0.067,6.72
10027.0,104.0,-167.0,0.1,6.48
10031.0,351.0,96.0,0.05,6.72
10035.0,92.0,753.0,0.008,6.96
10038.0,5.0,492.0,0.0,6.48
10042.0,-140.0,43.0,0.05,6.72
10045.0,47.0,224.0,0.092,6.96
10049.0,202.0,-119.0,0.1,6.48
10052.0,-85.0,-36.0,0.017,6.72
10056.0,-212.0,49.0,0.0,6.96
10059.0,91.0,-38.0,0.042,6.48
10063.0,296.0,-19.0,0.067,6.48
10066.0,95.0,298.0,0.075,6.96
10071.0,-136.0,587.0,0.092,6.96
10075.0,271.0,100.0,0.058,6.72
10078.0,338.0,-143.0,-0.058,6.96
10082.0,235.0,92.0,0.008,7.21
10085.0,250.0,439.0,0.05,6.48
10089.0,289.0,610.0,0.1,6.96
10093.0,578.0,195.0,0.033,6.96
10096.0,473.0,130.0,-0.083,6.72
10100.0,214.0,165.0,-0.008,6.48
10103.0,-97.0,16.0,0.033,6.48
10107.0,4.0,139.0,0.042,6.72
10110.0,485.0,168.0,0.05,6.48
10115.0,216.0,183.0,0.058,6.72
10119.0,213.0,280.0,0.075,6.72
10122.0,70.0,429.0,-0.033,6.48
10126.0,-77.0,272.0,0.05,6.72
10129.0,164.0,145.0,0.075,6.48
10133.0,171.0,248.0,0.133,7.21
10137.0,166.0,435.0,0.05,6.48
10140.0,-41.0,-282.0,0.025,6.48
10144.0,108.0,-327.0,0.0,6.48
10147.0,-203.0,126.0,0.0,6.48
10151.0,-308.0,319.0,0.033,6.96
10155.0,-155.0,364.0,0.092,7.21
10159.0,72.0,327.0,0.05,6.96
10163.0,-71.0,-48.0,-0.042,6.48
10166.0,206.0,27.0,-0.042,6.48
10170.0,255.0,202.0,0.025,6.72
10173.0,274.0,89.0,0.067,6.96
10177.0,313.0,-6.0,0.092,6.72
10180.0,290.0,411.0,0.042,6.72
10184.0,83.0,114.0,-0.033,6.96
10188.0,-60.0,131.0,-0.05,6.48
10191.0,89.0,-40.0,-0.017,6.96
10195.0,484.0,11.0,0.042,6.72
10199.0,129.0,118.0,0.092,6.72
10203.0,66.0,419.0,0.042,6.48
10206.0,279.0,192.0,0.033,6.96
10210.0,272.0,179.0,-0.075,6.48
10214.0,155.0,196.0,0.033,6.48
10217.0,44.0,463.0,0.083,6.96
10221.0,-33.0,562.0,0.075,6.72
10224.0,-40.0,315.0,-0.025,6.48
10228.0,153.0,38.0,0.025,6.48
10231.0,-60.0,239.0,-0.042,6.48
10235.0,53.0,282.0,-0.008,6.48
10238.0,6.0,197.0,0.067,6.72
10243.0,-161.0,126.0,0.042,6.96
10247.0,-98.0,-101.0,0.042,6.48
10250.0,-159.0,220.0,-0.008,6.48
10254.0,142.0,321.0,-0.042,6.48
10257.0,-23.0,100.0,0.042,6.48
10261.0,64.0,121.0,0.042,6.48
10264.0,-45.0,304.0,0.05,6.48
10268.0,-18.0,587.0,0.05,6.48
10272.0,113.0,-102.0,-0.025,6.48
10275.0,106.0,-77.0,0.033,6.96
10279.0,485.0,240.0,0.1,6.72
10283.0,-52.0,415.0,0.158,6.72
10287.0,77.0,378.0,0.075,7.21
10291.0,426.0,33.0,0.033,6.96
10294.0,421.0,194.0,-0.033,6.72
10298.0,-78.0,319.0,-0.05,6.48
10301.0,-323.0,264.0,0.092,6.96
10305.0,-320.0,261.0,0.133,6.96
10308.0,83.0,-72.0,0.1,6.72
10312.0,-76.0,-199.0,-0.05,6.48
10316.0,-95.0,-28.0,-0.092,6.72
10319.0,-106.0,191.0,0.025,6.48
10323.0,3.0,268.0,0.033,6.48
10327.0,232.0,-7.0,0.075,6.72
10331.0,-7.0,64.0,0.017,7.21
10334.0,-72.0,393.0,-0.058,6.48
10338.0,363.0,-22.0,0.008,6.48
10341.0,248.0,-121.0,0.033,6.96
10345.0,7.0,204.0,0.108,6.96
10348.0,-220.0,359.0,0.142,6.72
10352.0,-173.0,764.0,0.05,7.21
10356.0,-94.0,411.0,-0.008,6.48
10359.0,11.0,130.0,-0.05,6.72
10363.0,-34.0,231.0,-0.008,6.96
10366.0,-57.0,414.0,0.125,6.96
10371.0,196.0,495.0,0.125,6.72
10374.0,-35.0,96.0,0.083,6.48
10378.0,18.0,189.0,0.008,6.96
10382.0,277.0,296.0,-0.042,6.72
10385.0,150.0,157.0,0.083,6.72
10389.0,259.0,68.0,0.083,6.72
10392.0,232.0,-5.0,0.075,6.72
10396.0,11.0,-110.0,0.058,6.48
10399.0,-72.0,97.0,-0.042,6.96
10403.0,47.0,164.0,-0.025,6.48
10406.0,252.0,-21.0,0.017,6.48
10411.0,279.0,38.0,0.05,6.96
10415.0,362.0,51.0,0.058,6.48
10418.0,137.0,126.0,0.017,6.72
10422.0,-94.0,57.0,-0.05,7.21
10425.0,183.0,132.0,-0.033,6.48
10429.0,264.0,211.0,0.058,6.96
10432.0,69.0,434.0,0.092,6.72
10436.0,34.0,565.0,0.117,6.48
10440.0,-25.0,324.0,0.05,6.48
10443.0,252.0,-263.0,0.025,6.72
10447.0,41.0,538.0,-0.008,6.48
10450.0,-212.0,639.0,0.108,6.96
10455.0,-325.0,392.0,0.067,6.96
10459.0,-44.0,39.0,0.042,6.96
10462.0,-115.0,0.0,-0.025,6.48
10466.0,100.0,203.0,-0.042,6.72
10469.0,267.0,352.0,-0.05,6.96
10473.0,482.0,137.0,0.042,6.72
10476.0,655.0,24.0,0.083,6.96
10480.0,366.0,179.0,0.108,7.21
10484.0,-25.0,394.0,0.025,6.48
10487.0,-14.0,463.0,0.025,6.23
10491.0,169.0,324.0,-0.05,6.48
10494.0,88.0,247.0,0.025,6.96
10499.0,197.0,254.0,0.117,6.48
10502.0,330.0,205.0,0.058,6.96
10506.0,371.0,586.0,0.025,6.72
10510.0,56.0,415.0,-0.058,7.21
10513.0,-187.0,12.0,0.075,6.72
10517.0,26.0,177.0,0.083,6.48
10520.0,247.0,242.0,0.108,6.72
10524.0,158.0,131.0,0.058,6.72
10527.0,219.0,-6.0,0.017,6.48
10531.0,22.0,223.0,-0.05,6.72
10535.0,143.0,170.0,0.008,6.72
10539.0,188.0,-9.0,0.083,6.72
10543.0,101.0,56.0,0.067,6.23
10546.0,12.0,-349.0,0.042,6.96
10550.0,103.0,-242.0,0.0,6.72
10553.0,148.0,333.0,-0.017,6.48
10557.0,195.0,144.0,0.008,6.72
10561.0,24.0,131.0,0.017,7.21
10564.0,-5.0,134.0,0.033,6.48
10568.0,78.0,321.0,-0.033,6.48
10571.0,83.0,330.0,-0.058,6.72
10575.0,-6.0,293.0,0.0,6.72
10578.0,351.0,118.0,-0.008,6.96
10583.0,-74.0,373.0,0.125,7.21
10586.0,-159.0,780.0,0.075,6.72
10590.0,70.0,275.0,-0.017,6.96
10594.0,163.0,64.0,-0.075,6.96
10597.0,138.0,369.0,0.033,6.48
10601.0,173.0,462.0,0.092,6.96
10604.0,-316.0,491.0,0.083,6.48
10608.0,-93.0,64.0,-0.033,6.96
10611.0,450.0,-215.0,0.033,6.96
10615.0,191.0,-66.0,0.025,7.21
10619.0,-106.0,179.0,-0.008,7.21
10622.0,-103.0,92.0,0.033,6.72
10627.0,-220.0,161.0,0.075,6.72
10630.0,-235.0,170.0,0.042,6.72
10634.0,-70.0,521.0,0.017,6.48
10638.0,217.0,460.0,-0.05,6.72
10641.0,242.0,-145.0,0.058,6.72
10645.0,165.0,-58.0,0.017,6.48
10648.0,70.0,331.0,0.092,6.48
10652.0,-25.0,356.0,0.05,6.96
10655.0,232.0,217.0,0.017,6.48
10659.0,87.0,-256.0,0.025,6.48
10663.0,236.0,-173.0,-0.042,6.48
10667.0,-9.0,592.0,0.075,6.96
10671.0,-230.0,515.0,0.075,6.48
10674.0,-161.0,470.0,0.092,6.72
10678.0,142.0,575.0,0.025,6.96
10682.0,279.0,376.0,0.05,7.21
10685.0,320.0,307.0,0.067,6.48
10689.0,331.0,300.0,0.083,6.48
10692.0,432.0,29.0,0.075,6.48
10696.0,-253.0,-8.0,0.025,6.48
10699.0,0.0,269.0,-0.025,6.48
10703.0,89.0,340.0,-0.017,6.72
10707.0,364.0,155.0,0.008,6.48
10711.0,487.0,136.0,0.067,6.72
10715.0,232.0,251.0,0.0,6.48
10718.0,-163.0,272.0,0.042,7.21
10722.0,82.0,327.0,-0.025,6.96
10725.0,165.0,138.0,0.017,6.96
10729.0,46.0,185.0,0.042,6.48
10733.0,-139.0,506.0,0.05,6.96
10736.0,-202.0,227.0,0.042,6.72
10740.0,87.0,118.0,-0.008,6.96
10743.0,62.0,113.0,0.025,6.48
10747.0,17.0,144.0,0.05,6.72
10750.0,130.0,363.0,0.067,6.72
10755.0,227.0,146.0,0.017,6.96
10759.0,198.0,49.0,0.067,6.48
10762.0,145.0,36.0,-0.033,7.45
10766.0,-4.0,177.0,-0.05,6.96
10769.0,377.0,346.0,0.075,6.72
10773.0,512.0,-33.0,0.108,6.72
10776.0,227.0,-154.0,0.067,6.72
10780.0,98.0,-59.0,0.033,6.96
10784.0,113.0,182.0,-0.025,6.48
10787.0,-56.0,133.0,0.008,6.96
10791.0,87.0,68.0,0.042,6.96
10795.0,234.0,189.0,0.067,6.72
10799.0,153.0,-48.0,0.075,6.72
10802.0,118.0,-3.0,0.025,6.96
10806.0,123.0,224.0,-0.008,6.72
10809.0,188.0,-113.0,0.017,6.48
10813.0,-19.0,22.0,0.05,6.96
10817.0,10.0,483.0,0.042,6.72
10820.0,167.0,434.0,0.05,6.72
10824.0,306.0,231.0,-0.042,6.96
10827.0,21.0,86.0,0.0,6.72
10831.0,-54.0,271.0,0.083,7.21
10834.0,-313.0,352.0,0.058,6.72
10839.0,-184.0,161.0,-0.033,6.72
10843.0,213.0,40.0,-0.05,6.72
10846.0,-196.0,103.0,0.075,6.96
10850.0,173.0,712.0,0.117,6.96
10853.0,110.0,411.0,0.058,6.96
10857.0,-9.0,162.0,0.075,6.96
10860.0,100.0,17.0,-0.025,6.96
10864.0,253.0,90.0,-0.025,6.72
10868.0,240.0,275.0,0.017,6.96
10871.0,-11.0,44.0,0.042,6.48
10875.0,176.0,-407.0,0.058,6.96
10878.0,9.0,-160.0,0.025,6.48
10883.0,-484.0,-105.0,0.008,6.96
10886.0,-123.0,104.0,0.0,6.48
10890.0,384.0,205.0,0.025,6.48
10894.0,253.0,288.0,0.058,6.96
10897.0,394.0,241.0,0.058,6.48
10901.0,263.0,116.0,0.025,6.48
10904.0,12.0,157.0,0.025,6.72
10908.0,13.0,-206.0,0.025,6.48
10912.0,328.0,-397.0,0.092,6.96
10915.0,87.0,226.0,0.033,6.48
10919.0,176.0,45.0,0.033,6.48
10923.0,51.0,-306.0,0.042,6.72
10927.0,160.0,-295.0,-0.008,6.48
10930.0,77.0,176.0,0.042,6.72
10934.0,118.0,309.0,0.033,6.96
10938.0,163.0,-92.0,0.075,6.48
10941.0,44.0,-293.0,0.033,6.72
10945.0,7.0,-158.0,0.0,6.48
10948.0,-96.0,47.0,0.058,6.48
10952.0,71.0,42.0,0.033,6.72
10955.0,96.0,-95.0,0.05,6.72
10959.0,245.0,-36.0,0.042,6.96
10962.0,328.0,-177.0,0.033,6.48
10967.0,123.0,44.0,-0.025,6.48
10970.0,-178.0,385.0,0.025,6.72
10974.0,-187.0,-140.0,0.05,6.96
10978.0,202.0,-147.0,0.083,6.72
10981.0,151.0,30.0,0.058,7.21
10985.0,126.0,169.0,-0.883,6.48
10988.0,231.0,14.0,-1.392,6.48
10992.0,132.0,-233.0,-2.083,6.72
10996.0,-161.0,-3658.0,-6.383,6.72
10999.0,118.0,-253.0,-4.383,7.21
11003.0,-47.0,-1922.0,-1.4,7.7
11006.0,218.0,-2063.0,-6.483,7.94
11011.0,381.0,-9864.0,-18.892,8.68
11015.0,222.0,-38631.0,-33.267,9.41
11019.0,-265.0,-50726.0,-43.992,10.87
11023.0,-234.0,-58351.0,-48.608,11.85
11026.0,135.0,-83760.0,-50.508,13.32
11030.0,104.0,-130037.0,-46.017,14.54
11034.0,-101.0,-127576.0,-28.725,15.52
11038.0,154.0,-146375.0,6.292,16.25
11042.0,53.0,-174566.0,16.317,18.21
11046.0,132.0,-243331.0,10.692,18.94
11049.0,211.0,-288350.0,-8.592,20.65
11054.0,396.0,-333219.0,9.992,22.61
11058.0,303.0,-386752.0,16.65,26.76
11062.0,308.0,-508507.0,12.558,29.2
11066.0,29.0,-567730.0,11.8,34.34
11070.0,30.0,-630457.0,15.475,39.47
11073.0,305.0,-693302.0,11.508,43.62
11077.0,400.0,-816971.0,12.675,50.22
11081.0,323.0,-883450.0,16.983,56.09
11085.0,-92.0,-948725.0,12.85,60.0
11089.0,-143.0,-1012712.0,12.875,63.66
11094.0,192.0,-1137447.0,14.117,64.15
11097.0,61.0,-1198090.0,12.908,62.44
11101.0,140.0,-1260589.0,15.183,58.04
11105.0,-193.0,-1322760.0,12.942,55.6
11109.0,48.0,-1444605.0,13.258,52.91
11113.0,241.0,-1503342.0,12.717,51.93
11117.0,144.0,-1559747.0,11.608,51.69
11121.0,373.0,-1673994.0,12.683,52.17
11125.0,-142.0,-1731037.0,12.842,51.93
11129.0,-67.0,-1787198.0,12.292,51.2
11132.0,16.0,-1842351.0,11.333,49.49
11137.0,19.0,-1947402.0,10.433,47.04
11141.0,264.0,-2000609.0,11.858,45.33
11145.0,91.0,-2053284.0,11.2,43.13
11149.0,52.0,-2106123.0,11.267,42.16
11153.0,209.0,-2208412.0,10.567,40.93
11157.0,372.0,-2257581.0,9.15,40.44
11161.0,327.0,-2307376.0,10.417,39.71
11164.0,204.0,-2406001.0,9.867,39.96
11168.0,31.0,-2454882.0,10.125,38.49
11172.0,14.0,-2502077.0,9.233,37.51
11176.0,55.0,-2547078.0,8.158,36.78
11181.0,96.0,-2637905.0,9.117,36.05
11185.0,7.0,-2684250.0,9.1,34.82
11188.0,-106.0,-2729887.0,8.6,33.85
11192.0,17.0,-2773840.0,8.275,33.11
11196.0,-40.0,-2849635.0,6.175,32.62
11200.0,-127.0,-2884020.0,6.483,31.4
11204.0,280.0,-2916627.0,6.033,30.91
11208.0,33.0,-2946620.0,5.408,29.94
11211.0,242.0,-2998523.0,5.225,28.71
11215.0,353.0,-3019050.0,2.983,27.25
11219.0,54.0,-3035565.0,2.1,26.27
11224.0,125.0,-3048934.0,1.325,24.8
11228.0,-62.0,-3064613.0,1.425,22.85
11232.0,125.0,-3067462.0,0.058,21.14
11235.0,100.0,-3068135.0,-0.083,19.43
11239.0,-67.0,-3064924.0,-3.242,17.96
11243.0,-74.0,-3050613.0,-0.133,16.5
11247.0,47.0,-3043046.0,-0.408,15.03
11251.0,416.0,-3037285.0,2.625,14.3
11255.0,547.0,-3027378.0,-4.258,13.32
11258.0,104.0,-3003045.0,5.358,13.07
11262.0,-293.0,-2978538.0,-12.083,11.61
11267.0,-128.0,-2939221.0,-1.217,10.63
11271.0,461.0,-2901414.0,2.175,9.41
11275.0,214.0,-2822519.0,-9.675,8.43
11279.0,267.0,-2776028.0,-2.383,6.96
11283.0,8.0,-2729501.0,-6.342,5.01
11286.0,-111.0,-2682052.0,-7.617,3.54
11290.0,136.0,-2582905.0,-6.317,2.32
11294.0,5.0,-2532914.0,-7.042,1.1
11298.0,108.0,-2480941.0,-7.508,0.37
11301.0,125.0,-2425902.0,-8.0,-0.37
11305.0,8.0,-2315835.0,-7.875,-1.83
11310.0,157.0,-2261448.0,-8.358,-2.57
11314.0,98.0,-2205213.0,-8.283,-3.54
11318.0,7.0,-2150116.0,-8.633,-4.28
11321.0,320.0,-2094051.0,-9.867,-4.77
11325.0,121.0,-1975120.0,-10.717,-6.23
11329.0,100.0,-1916539.0,-9.842,-7.45
11333.0,-87.0,-1858096.0,-11.117,-9.16
11337.0,120.0,-1741803.0,-10.842,-10.63
11341.0,-65.0,-1682838.0,-11.842,-13.56
11344.0,-118.0,-1620715.0,-12.808,-16.25
11348.0,195.0,-1559148.0,-11.542,-18.21
11353.0,-156.0,-1440317.0,-12.2,-18.94
11357.0,-93.0,-1382680.0,-12.167,-20.41
11361.0,-132.0,-1325367.0,-12.225,-20.89
11365.0,335.0,-1265412.0,-14.592,-21.38
11369.0,232.0,-1139135.0,-14.208,-22.85
11373.0,283.0,-1081450.0,-11.558,-24.07
11377.0,202.0,-1028457.0,-11.675,-25.05
11381.0,15.0,-920316.0,-13.767,-26.27
11384.0,-18.0,-864909.0,-13.242,-27.74
11388.0,29.0,-808110.0,-13.917,-28.96
11393.0,118.0,-750111.0,-13.925,-29.94
11397.0,3.0,-637668.0,-12.292,-31.16
11401.0,-174.0,-584797.0,-11.808,-32.87
11405.0,-289.0,-531024.0,-12.9,-33.85
11408.0,-194.0,-474677.0,-12.933,-34.82
11412.0,89.0,-364684.0,-10.133,-37.02
11416.0,138.0,-314651.0,-4.667,-38.73
11420.0,223.0,-265534.0,1.85,-39.71
11424.0,256.0,-217039.0,8.533,-41.18
11428.0,517.0,-130926.0,9.967,-42.89
11431.0,-36.0,-95847.0,11.7,-43.62
11436.0,-59.0,-67290.0,15.792,-45.82
11440.0,144.0,-40125.0,24.383,-47.04
11444.0,187.0,3186.0,30.95,-48.51
11448.0,72.0,14097.0,37.158,-50.22
11451.0,37.0,15696.0,35.867,-51.44
11455.0,-248.0,11085.0,30.442,-52.42
11459.0,-147.0,8700.0,25.992,-52.91
11463.0,62.0,12787.0,20.583,-52.91
11466.0,23.0,10660.0,16.9,-51.93
11470.0,144.0,8657.0,11.758,-50.71
11474.0,363.0,6102.0,0.9,-48.51
11479.0,218.0,3723.0,-3.383,-44.6
11482.0,-97.0,4486.0,-0.875,-41.42
11486.0,152.0,4995.0,-1.158,-35.31
11490.0,191.0,3932.0,-9.158,-30.43
11494.0,-182.0,2499.0,-12.983,-23.58
11497.0,-21.0,2644.0,-9.142,-16.74
11501.0,12.0,4631.0,-3.542,-12.34
11505.0,-21.0,2152.0,-9.225,-6.72
11508.0,272.0,-5289.0,-20.208,-3.05
11512.0,363.0,-23942.0,-28.3,-1.1
11516.0,-128.0,-22677.0,-30.917,1.34
11521.0,-7.0,-21828.0,-28.067,3.3
11524.0,188.0,-32287.0,-31.192,5.01
11528.0,399.0,-68188.0,-42.392,6.48
11532.0,-26.0,-110249.0,-51.542,8.92
11536.0,-115.0,-120860.0,-48.4,11.85
11540.0,-244.0,-136489.0,-21.25,13.32
11543.0,-229.0,-153226.0,14.367,14.78
11547.0,310.0,-208713.0,20.4,17.23
11551.0,425.0,-252524.0,-12.95,20.41
11555.0,236.0,-298333.0,-6.175,22.85
11559.0,129.0,-350018.0,27.15,28.47
11564.0,88.0,-466267.0,11.258,35.56
11567.0,-99.0,-526600.0,3.258,40.2
11571.0,82.0,-586983.0,13.558,48.26
11575.0,205.0,-648288.0,13.425,54.37
11579.0,294.0,-777827.0,13.55,58.28
11583.0,55.0,-843862.0,14.533,59.75
11586.0,-380.0,-909021.0,13.858,59.75
11590.0,-367.0,-974146.0,13.375,58.28
11594.0,56.0,-1097573.0,13.3,55.6
11598.0,473.0,-1161188.0,14.358,54.86
11602.0,532.0,-1224677.0,13.8,55.6
11607.0,-261.0,-1351166.0,13.483,56.33
11611.0,-132.0,-1412817.0,13.175,55.6
11615.0,99.0,-1470908.0,11.583,54.13
11618.0,158.0,-1528229.0,12.008,52.42
11622.0,235.0,-1645988.0,13.233,50.71
11626.0,118.0,-1705857.0,12.358,49.24
11630.0,-55.0,-1764032.0,12.142,48.02
11634.0,-264.0,-1818653.0,10.233,47.53
11638.0,477.0,-1925684.0,11.058,45.82
11642.0,474.0,-1980655.0,12.192,44.6
11646.0,153.0,-2035340.0,11.35,43.62
11651.0,-54.0,-2090171.0,10.95,42.16
11655.0,61.0,-2194074.0,9.467,40.69
11658.0,374.0,-2244761.0,10.017,40.2
11662.0,293.0,-2295798.0,10.158,38.49
11666.0,262.0,-2397081.0,10.05,38.0
11670.0,143.0,-2446760.0,9.842,37.51
11674.0,-304.0,-2493895.0,8.242,36.29
11678.0,-363.0,-2540066.0,8.658,35.8
11682.0,-74.0,-2633119.0,9.575,35.07
11685.0,175.0,-2679664.0,9.4,34.09
11689.0,32.0,-2725157.0,9.342,33.36
11694.0,415.0,-2768162.0,6.267,32.62
11698.0,308.0,-2842445.0,6.967,31.65
11702.0,253.0,-2877340.0,6.333,31.16
11706.0,96.0,-2909481.0,5.108,29.94
11709.0,-167.0,-2938842.0,5.842,28.71
11713.0,690.0,-2988361.0,4.208,27.74
11717.0,359.0,-3007614.0,2.0,27.0
11721.0,202.0,-3022933.0,2.083,25.54
11725.0,141.0,-3034828.0,0.892,23.58
11729.0,52.0,-3048225.0,0.992,22.36
11734.0,-307.0,-3050428.0,-0.342,20.89
11737.0,132.0,-3050893.0,0.567,19.18
11741.0,245.0,-3051746.0,0.825,17.47
11745.0,96.0,-3048375.0,-2.258,16.74
11749.0,65.0,-3038056.0,-5.925,15.27
11753.0,-142.0,-3020829.0,-3.683,14.05
11757.0,253.0,-3000330.0,-1.517,13.07
11760.0,94.0,-2947991.0,-5.142,11.85
11764.0,131.0,-2921264.0,1.392,10.39
11768.0,84.0,-2905745.0,5.35,10.14
11772.0,-271.0,-2889748.0,-13.083,8.43
11777.0,-162.0,-2799899.0,-3.3,7.94
11781.0,295.0,-2753316.0,-0.975,5.74
11784.0,374.0,-2708861.0,-9.383,4.77
11788.0,245.0,-2659600.0,-4.575,3.05
11792.0,254.0,-2557375.0,-5.608,2.08
11796.0,-11.0,-2506044.0,-8.858,0.86
11800.0,216.0,-2452923.0,-7.233,-0.37
11803.0,261.0,-2397330.0,-8.142,-0.86
11807.0,104.0,-2283727.0,-8.458,-2.08
11811.0,265.0,-2227914.0,-7.917,-3.54
11815.0,-2.0,-2170993.0,-8.7,-3.54
11820.0,-5.0,-2114640.0,-8.642,-5.01
11823.0,-274.0,-1997887.0,-10.95,-5.99
11827.0,-117.0,-1937254.0,-10.208,-7.45
11831.0,212.0,-1878209.0,-9.967,-8.68
11835.0,195.0,-1819366.0,-11.325,-9.9
11839.0,354.0,-1701007.0,-11.3,-11.12
11843.0,-151.0,-1642300.0,-11.692,-11.85
11847.0,-126.0,-1579873.0,-13.233,-13.81
11851.0,237.0,-1457690.0,-11.625,-17.47
11854.0,78.0,-1399703.0,-11.8,-19.43
11858.0,-185.0,-1344142.0,-11.742,-21.14
11863.0,132.0,-1289695.0,-12.458,-22.61
11867.0,-125.0,-1169518.0,-14.95,-23.09
11871.0,-166.0,-1105043.0,-14.7,-24.32
11875.0,141.0,-1042992.0,-12.817,-24.56
11879.0,40.0,-986487.0,-11.308,-25.78
11883.0,165.0,-882980.0,-12.067,-26.52
11887.0,106.0,-830437.0,-13.425,-27.74
11890.0,283.0,-775102.0,-14.242,-28.96
11894.0,282.0,-718457.0,-13.4,-30.18
11898.0,259.0,-608676.0,-11.95,-31.89
11902.0,-180.0,-554987.0,-13.117,-33.11
11907.0,-301.0,-498518.0,-13.225,-34.58
11911.0,10.0,-387699.0,-12.067,-36.29
11914.0,-371.0,-337424.0,-9.325,-37.51
11918.0,-36.0,-290605.0,-4.433,-38.73
11922.0,107.0,-244628.0,4.55,-40.44
11926.0,-184.0,-198213.0,11.4,-41.42
11930.0,-279.0,-113786.0,12.225,-43.38
11934.0,168.0,-80687.0,13.817,-44.35
11937.0,465.0,-54490.0,16.667,-46.07
11941.0,398.0,-9087.0,24.867,-47.78
11945.0,245.0,5890.0,32.383,-49.24
11950.0,-20.0,16299.0,35.158,-50.46
11954.0,-39.0,19404.0,34.442,-51.69
11957.0,318.0,15127.0,29.625,-51.93
11961.0,265.0,11874.0,24.633,-52.66
11965.0,124.0,12909.0,16.075,-52.17
11969.0,315.0,9722.0,11.742,-51.69
11973.0,50.0,9573.0,8.175,-50.46
11976.0,-7.0,6330.0,4.092,-48.51
11980.0,278.0,5909.0,3.333,-45.33
11984.0,35.0,5440.0,-1.433,-40.44
11987.0,-150.0,2579.0,-10.8,-35.8
11992.0,35.0,-170.0,-17.808,-27.25
11996.0,-228.0,4681.0,-11.725,-21.38
12000.0,-353.0,7924.0,2.025,-13.81
12003.0,-38.0,3063.0,4.3,-8.43
12007.0,71.0,3668.0,-6.883,-5.99
12011.0,26.0,-3391.0,-22.867,-2.57
12014.0,109.0,-38872.0,-35.975,-0.37
12018.0,4.0,-49701.0,-46.258,1.59
12022.0,-17.0,-66842.0,-52.967,3.3
12025.0,540.0,-86101.0,-51.242,6.72
12029.0,461.0,-103064.0,-40.383,7.21
12034.0,148.0,-121305.0,-30.558,10.14
12038.0,-131.0,-137406.0,-19.625,12.1
12042.0,-426.0,-156581.0,10.808,14.3
12046.0,-107.0,-218858.0,17.575,15.76
12050.0,-76.0,-261403.0,-10.042,17.72
12053.0,17.0,-311086.0,1.225,20.65
12057.0,196.0,-364051.0,22.517,26.27
12061.0,499.0,-479184.0,10.5,31.65
12065.0,-86.0,-539703.0,9.025,37.76
12069.0,-97.0,-599946.0,13.667,44.11
12072.0,110.0,-661849.0,13.458,47.78
12077.0,303.0,-791812.0,14.008,51.69
12081.0,156.0,-857211.0,14.175,54.86
12085.0,59.0,-923116.0,14.417,56.09
12089.0,174.0,-986467.0,12.233,58.04
12093.0,-203.0,-1110140.0,13.392,58.53
12096.0,98.0,-1174335.0,14.783,58.53
12100.0,-27.0,-1238288.0,13.917,56.09
12104.0,162.0,-1302055.0,13.5,54.86
12108.0,323.0,-1424476.0,12.333,52.66
12112.0,258.0,-1482397.0,11.55,52.42
12116.0,307.0,-1541996.0,13.317,52.42
12121.0,212.0,-1662027.0,12.683,51.44
12125.0,55.0,-1721628.0,12.633,50.46
12129.0,262.0,-1778793.0,11.667,49.98
12132.0,-193.0,-1833058.0,10.117,48.02
12136.0,92.0,-1942735.0,12.0,45.58
12140.0,51.0,-1998310.0,11.192,44.11
12144.0,36.0,-2053739.0,11.708,42.16
12148.0,379.0,-2108734.0,10.675,40.93
12152.0,236.0,-2212169.0,9.092,40.69
12156.0,275.0,-2264328.0,10.625,39.47
12161.0,-136.0,-2316647.0,10.117,39.22
12165.0,-73.0,-2367748.0,10.208,38.73
12168.0,56.0,-2466323.0,9.8,38.0
12172.0,117.0,-2512546.0,8.5,36.53
12176.0,292.0,-2559035.0,8.783,35.8
12180.0,321.0,-2653232.0,9.483,34.58
12184.0,262.0,-2699505.0,8.483,34.09
12188.0,75.0,-2745374.0,8.875,33.85
12191.0,176.0,-2789041.0,7.7,32.38
12195.0,315.0,-2869686.0,6.367,31.89
12199.0,228.0,-2906591.0,6.967,31.16
12204.0,-19.0,-2941292.0,5.75,29.94
12208.0,-22.0,-2973041.0,5.8,28.96
12212.0,107.0,-3026484.0,3.667,28.23
12215.0,402.0,-3047515.0,2.917,27.25
12219.0,639.0,-3064576.0,2.825,25.54
12223.0,110.0,-3078907.0,1.658,24.56
12227.0,-73.0,-3097774.0,1.508,23.09
12231.0,56.0,-3101677.0,-0.3,20.89
12235.0,145.0,-3104540.0,0.717,19.43
12239.0,-198.0,-3103751.0,-3.533,18.45
12242.0,37.0,-3089612.0,-1.65,16.5
12247.0,428.0,-3079463.0,-0.958,15.52
12251.0,-217.0,-3063706.0,-5.458,14.54
12255.0,22.0,-3042877.0,-1.492,13.07
12259.0,151.0,-2993258.0,-3.692,11.85
12263.0,422.0,-2962299.0,-4.95,10.63
12266.0,1.0,-2930384.0,-0.425,9.41
12270.0,-176.0,-2909805.0,6.7,8.19
12274.0,-207.0,-2859678.0,-11.783,7.7
12278.0,-312.0,-2806635.0,-4.767,5.5
12282.0,555.0,-2756162.0,-0.325,4.28
12286.0,620.0,-2710757.0,-9.083,4.03
12290.0,-169.0,-2608638.0,-4.967,2.32
12294.0,34.0,-2555929.0,-5.658,0.86
12298.0,195.0,-2503412.0,-8.7,0.12
12302.0,90.0,-2449957.0,-7.442,-1.1
12306.0,201.0,-2337016.0,-8.35,-1.59
12309.0,182.0,-2278549.0,-8.683,-3.54
12313.0,255.0,-2220924.0,-7.85,-4.28
12317.0,-150.0,-2162647.0,-9.225,-5.5
12321.0,113.0,-2048070.0,-8.625,-5.99
12325.0,208.0,-1988375.0,-10.9,-7.21
12329.0,87.0,-1926498.0,-11.008,-7.45
12333.0,176.0,-1865801.0,-10.042,-8.92
12337.0,129.0,-1745470.0,-11.233,-9.65
12341.0,198.0,-1685931.0,-11.633,-10.63
12345.0,409.0,-1627118.0,-11.825,-12.83
12349.0,344.0,-1565473.0,-13.717,-15.52
12353.0,267.0,-1439374.0,-12.075,-17.96
12357.0,92.0,-1381341.0,-11.658,-20.16
12361.0,65.0,-1325252.0,-12.017,-22.36
12364.0,72.0,-1214603.0,-12.717,-23.34
12368.0,267.0,-1153546.0,-14.75,-24.32
12372.0,92.0,-1089507.0,-14.683,-25.05
12377.0,135.0,-1027098.0,-12.742,-25.54
12381.0,290.0,-915785.0,-12.0,-26.52
12385.0,101.0,-863666.0,-12.592,-27.25
12389.0,196.0,-811299.0,-13.233,-27.98
12392.0,165.0,-757178.0,-13.9,-29.94
12396.0,184.0,-645995.0,-13.358,-30.91
12400.0,-15.0,-592524.0,-11.75,-32.62
12404.0,214.0,-539273.0,-12.733,-34.34
12408.0,5.0,-483572.0,-13.333,-35.31
12412.0,-82.0,-373685.0,-11.692,-36.78
12416.0,-191.0,-324150.0,-9.008,-38.49
12420.0,220.0,-278901.0,-3.625,-39.96
12424.0,217.0,-234372.0,5.617,-40.69
12428.0,-150.0,-144911.0,12.475,-42.16
12432.0,-247.0,-106842.0,13.408,-43.87
12436.0,158.0,-74505.0,14.917,-45.33
12439.0,31.0,-48946.0,17.683,-46.55
12443.0,80.0,-8371.0,25.325,-48.26
12447.0,293.0,5656.0,31.308,-50.46
12451.0,-26.0,14563.0,33.258,-51.69
12455.0,31.0,18344.0,32.708,-52.42
12459.0,-264.0,7563.0,28.25,-53.15
12463.0,-331.0,5014.0,20.217,-52.66
12467.0,22.0,9387.0,11.65,-52.42
12471.0,341.0,8802.0,8.533,-52.17
12474.0,598.0,6099.0,7.883,-50.22
12478.0,601.0,5136.0,6.058,-47.78
12482.0,182.0,4779.0,4.417,-45.09
12485.0,327.0,4948.0,0.742,-40.69
12489.0,246.0,3349.0,-9.233,-35.07
12493.0,277.0,-3864.0,-18.117,-29.94
12497.0,510.0,3035.0,-12.8,-22.12
12500.0,187.0,3622.0,-5.433,-16.01
12505.0,144.0,439.0,-0.258,-11.61
12509.0,337.0,3676.0,1.842,-6.72
12512.0,448.0,-2787.0,-5.908,-4.03
12516.0,521.0,-16328.0,-19.742,-1.59
12520.0,214.0,-40017.0,-39.45,0.61
12524.0,-137.0,-66508.0,-52.825,2.32
12527.0,-204.0,-91303.0,-59.017,4.28
12531.0,241.0,-102624.0,-52.375,6.23
12535.0,34.0,-117871.0,-34.658,8.43
12539.0,155.0,-129864.0,-19.442,11.36
12544.0,338.0,-170773.0,12.742,12.83
12548.0,335.0,-203036.0,17.375,14.3
12551.0,220.0,-243263.0,-9.433,16.5
12555.0,-115.0,-291612.0,0.342,18.45
12559.0,56.0,-397301.0,23.75,20.89
12563.0,353.0,-454756.0,10.583,25.78
12567.0,262.0,-513901.0,7.033,32.38
12571.0,-37.0,-574184.0,13.742,36.53
12574.0,-154.0,-701103.0,13.742,42.89
12578.0,133.0,-767390.0,13.683,46.31
12582.0,254.0,-832865.0,13.292,49.73
12587.0,133.0,-897912.0,14.317,52.17
12591.0,-38.0,-1023613.0,12.708,53.89
12595.0,-47.0,-1086656.0,13.475,56.57
12598.0,44.0,-1150629.0,14.758,57.8
12602.0,-43.0,-1214774.0,13.742,57.55
12606.0,224.0,-1342425.0,13.508,55.35
12610.0,311.0,-1402460.0,12.258,53.15
12614.0,124.0,-1461075.0,11.708,51.2
12618.0,107.0,-1520674.0,13.217,50.46
12622.0,-72.0,-1641887.0,12.608,50.46
12626.0,133.0,-1701896.0,12.65,50.95
12631.0,158.0,-1759227.0,11.367,49.98
12634.0,125.0,-1814038.0,10.442,48.26
12638.0,286.0,-1925085.0,12.325,47.53
12642.0,97.0,-1982132.0,11.4,44.35
12646.0,250.0,-2038399.0,11.308,42.89
12650.0,323.0,-2147440.0,10.975,41.42
12654.0,360.0,-2200057.0,9.567,39.96
12658.0,367.0,-2253118.0,10.583,39.71
12662.0,60.0,-2305151.0,10.633,38.73
12666.0,-159.0,-2407022.0,10.333,38.25
12669.0,242.0,-2456389.0,9.092,37.76
12674.0,127.0,-2503212.0,8.1,37.27
12678.0,100.0,-2550197.0,9.842,36.05
12682.0,-131.0,-2645850.0,8.75,35.56
12686.0,154.0,-2693317.0,8.992,35.07
12690.0,457.0,-2740212.0,8.867,33.36
12694.0,294.0,-2784401.0,6.65,32.62
12697.0,239.0,-2864722.0,6.975,32.38
12701.0,22.0,-2902169.0,6.717,30.67
12705.0,-67.0,-2936380.0,5.467,29.94
12709.0,62.0,-2995727.0,5.133,29.45
12713.0,293.0,-3019502.0,3.675,27.74
12718.0,182.0,-3039175.0,2.592,26.52
12721.0,343.0,-3055570.0,2.458,26.03
12725.0,482.0,-3079015.0,1.067,23.83
12729.0,301.0,-3086478.0,1.583,22.12
12733.0,-260.0,-3089661.0,-0.842,20.41
12737.0,-63.0,-3091638.0,1.358,19.43
12741.0,118.0,-3090457.0,-2.092,17.23
12745.0,87.0,-3082430.0,-4.317,16.01
12748.0,298.0,-3075499.0,4.45,15.03
12752.0,89.0,-3069402.0,-3.983,14.3
12756.0,-216.0,-3028557.0,-7.6,13.07
12761.0,447.0,-3000540.0,3.9,12.59
12765.0,276.0,-2970247.0,-6.475,11.36
12769.0,-89.0,-2936982.0,-4.608,9.41
12772.0,126.0,-2854307.0,-4.508,8.68
12776.0,155.0,-2808178.0,-6.65,7.21
12780.0,-124.0,-2760041.0,-5.9,5.5
12784.0,121.0,-2709636.0,-6.925,4.03
12788.0,86.0,-2606155.0,-6.508,2.32
12791.0,209.0,-2553088.0,-7.175,1.1
12795.0,110.0,-2498757.0,-7.125,1.34
12800.0,-111.0,-2443646.0,-7.917,-0.61
12804.0,-116.0,-2327807.0,-8.642,-1.83
12808.0,33.0,-2269030.0,-8.567,-3.05
12811.0,-52.0,-2211397.0,-8.367,-4.03
12815.0,3.0,-2151924.0,-8.758,-5.25
12819.0,-156.0,-2033793.0,-9.692,-6.72
12823.0,-297.0,-1972398.0,-10.867,-6.96
12827.0,-108.0,-1909553.0,-11.075,-9.16
12831.0,235.0,-1847456.0,-10.75,-10.63
12834.0,308.0,-1724837.0,-11.5,-12.34
12838.0,-47.0,-1664824.0,-11.542,-14.05
12843.0,84.0,-1604265.0,-12.925,-15.76
12847.0,235.0,-1539932.0,-13.533,-17.23
12851.0,70.0,-1414043.0,-12.267,-18.7
12855.0,-103.0,-1353946.0,-12.375,-19.92
12859.0,-36.0,-1295013.0,-12.658,-20.89
12863.0,47.0,-1238848.0,-12.55,-22.36
12866.0,-44.0,-1121107.0,-14.658,-23.58
12870.0,29.0,-1058512.0,-14.742,-24.56
12874.0,148.0,-998061.0,-12.842,-25.54
12878.0,125.0,-941598.0,-12.275,-27.25
12882.0,262.0,-834591.0,-13.008,-28.47
12887.0,115.0,-780546.0,-13.508,-29.69
12891.0,162.0,-725817.0,-13.383,-31.16
12894.0,-323.0,-615274.0,-13.217,-31.89
12898.0,132.0,-561887.0,-11.9,-32.87
12902.0,39.0,-506904.0,-12.983,-34.82
12906.0,138.0,-451293.0,-12.633,-36.29
12910.0,137.0,-345142.0,-11.567,-37.51
12914.0,-50.0,-297255.0,-7.85,-39.22
12917.0,135.0,-252292.0,-0.017,-40.69
12921.0,88.0,-208305.0,8.5,-41.67
12925.0,283.0,-123510.0,13.525,-43.38
12930.0,-154.0,-88283.0,14.375,-44.11
12934.0,-81.0,-58046.0,16.225,-45.58
12938.0,176.0,-35051.0,19.783,-47.78
12941.0,11.0,3444.0,28.225,-49.0
12945.0,-192.0,16701.0,33.65,-50.95
12949.0,293.0,25416.0,36.633,-51.93
12953.0,336.0,25463.0,35.467,-52.91
12957.0,115.0,19174.0,30.433,-53.64
12960.0,138.0,17319.0,21.65,-53.4
12964.0,175.0,15522.0,14.067,-52.91
12968.0,544.0,15637.0,10.875,-52.17
12973.0,201.0,14736.0,10.542,-50.71
12977.0,264.0,11483.0,9.242,-48.26
12980.0,223.0,10012.0,4.042,-45.09
12984.0,-228.0,9135.0,-5.333,-41.67
12988.0,123.0,7518.0,-10.0,-36.29
12992.0,378.0,7781.0,-9.858,-32.62
12995.0,99.0,7056.0,-8.175,-25.29
12999.0,98.0,7447.0,-6.725,-19.18
13003.0,245.0,8162.0,-8.992,-13.81
13006.0,168.0,5597.0,-15.575,-7.94
13010.0,-229.0,-13064.0,-25.208,-3.54
13015.0,-28.0,-22923.0,-34.675,-1.1
13019.0,75.0,-38134.0,-42.975,1.1
13022.0,292.0,-60709.0,-51.808,4.28
13026.0,-93.0,-94782.0,-55.142,5.74
13030.0,20.0,-99667.0,-49.817,6.48
13034.0,-157.0,-113958.0,-36.85,9.41
13038.0,100.0,-127035.0,-23.833,12.1
13041.0,193.0,-164192.0,8.35,13.32
13045.0,-58.0,-194547.0,17.717,14.78
13049.0,-41.0,-233424.0,-7.325,16.74
13053.0,-122.0,-280405.0,-6.392,19.92
13058.0,35.0,-383314.0,22.75,23.34
13061.0,258.0,-440453.0,14.692,29.69
13065.0,231.0,-499942.0,6.033,37.02
13069.0,42.0,-559305.0,12.358,43.62
13073.0,89.0,-685420.0,14.792,52.66
13077.0,198.0,-751635.0,14.475,58.77
13081.0,109.0,-816778.0,13.117,63.66
13084.0,-112.0,-881151.0,14.233,66.1
13088.0,5.0,-1006774.0,12.625,65.62
13092.0,194.0,-1069681.0,13.575,62.68
13096.0,-211.0,-1134664.0,14.825,59.02
13101.0,-362.0,-1199331.0,13.55,56.57
13105.0,-143.0,-1326846.0,13.317,53.64
13109.0,-4.0,-1387339.0,12.725,52.91
13112.0,463.0,-1446434.0,11.75,53.4
13116.0,264.0,-1506385.0,13.017,53.89
13120.0,-141.0,-1627280.0,13.017,53.4
13124.0,204.0,-1687455.0,12.658,52.66
13128.0,425.0,-1745942.0,11.6,49.98
13132.0,-44.0,-1856403.0,10.792,47.78
13136.0,277.0,-1913216.0,12.183,46.07
13140.0,-208.0,-1969967.0,11.558,43.87
13145.0,-493.0,-2026746.0,11.433,42.64
13149.0,-408.0,-2137001.0,10.833,41.67
13152.0,135.0,-2189430.0,9.517,41.42
13156.0,268.0,-2242721.0,10.95,40.44
13160.0,-35.0,-2295344.0,10.7,39.71
13164.0,236.0,-2398117.0,10.317,38.73
13168.0,-241.0,-2447434.0,9.158,37.76
13172.0,-178.0,-2494943.0,8.7,37.51
13176.0,177.0,-2542530.0,9.417,36.05
13180.0,478.0,-2639053.0,9.117,35.31
13184.0,487.0,-2687184.0,9.083,34.34
13188.0,234.0,-2734451.0,8.958,33.36
13192.0,-207.0,-2823820.0,6.908,32.62
13196.0,210.0,-2864595.0,7.533,32.14
13200.0,459.0,-2903192.0,6.508,31.16
13204.0,272.0,-2939615.0,6.2,30.18
13208.0,285.0,-3002464.0,5.433,29.69
13211.0,106.0,-3028319.0,4.142,28.96
13215.0,-173.0,-3050312.0,3.183,27.25
13219.0,262.0,-3068945.0,2.642,26.03
13223.0,595.0,-3097354.0,1.708,24.56
13228.0,252.0,-3107267.0,1.658,23.09
13232.0,113.0,-3113144.0,-0.2,20.89
13236.0,-8.0,-3116323.0,0.467,19.92
13239.0,-65.0,-3119156.0,-0.317,18.21
13243.0,132.0,-3115477.0,-3.208,16.74
13247.0,73.0,-3105742.0,-3.292,15.52
13251.0,372.0,-3092331.0,-2.375,14.54
13255.0,439.0,-3051614.0,-4.617,13.56
13259.0,526.0,-3027075.0,-2.392,12.59
13262.0,419.0,-2997868.0,-4.233,11.85
13266.0,28.0,-2963839.0,-5.308,10.39
13271.0,47.0,-2885272.0,-4.942,7.94
13275.0,-94.0,-2840245.0,-6.292,7.45
13279.0,-195.0,-2792758.0,-5.583,5.25
13282.0,-106.0,-2743393.0,-6.858,4.28
13286.0,319.0,-2639900.0,-6.308,3.05
13290.0,500.0,-2586853.0,-6.592,1.59
13294.0,223.0,-2532662.0,-7.508,0.61
13298.0,210.0,-2477925.0,-7.658,0.12
13302.0,-169.0,-2364246.0,-8.375,-1.83
13305.0,48.0,-2304007.0,-8.583,-2.81
13309.0,113.0,-2245412.0,-8.142,-3.79
13314.0,72.0,-2186499.0,-9.117,-5.5
13318.0,123.0,-2068106.0,-9.325,-6.72
13322.0,254.0,-2008069.0,-10.5,-7.7
13325.0,409.0,-1944958.0,-11.167,-9.41
13329.0,286.0,-1881593.0,-10.75,-10.87
13333.0,347.0,-1758146.0,-11.233,-11.85
13337.0,274.0,-1696541.0,-11.758,-13.07
13341.0,373.0,-1636042.0,-12.142,-14.78
13345.0,80.0,-1574181.0,-13.467,-16.01
13349.0,-177.0,-1445082.0,-12.833,-17.47
13353.0,-174.0,-1384069.0,-12.267,-18.94
13358.0,193.0,-1324908.0,-12.492,-20.16
13362.0,354.0,-1211873.0,-12.6,-21.87
13365.0,27.0,-1152220.0,-14.408,-22.61
13369.0,-64.0,-1088905.0,-15.067,-24.32
13373.0,-23.0,-1025284.0,-13.867,-25.54
13377.0,186.0,-908201.0,-12.908,-26.76
13381.0,-99.0,-854350.0,-12.675,-28.71
13385.0,136.0,-801975.0,-12.725,-29.69
13389.0,547.0,-748264.0,-13.75,-30.91
13392.0,-154.0,-639117.0,-13.367,-31.89
13396.0,3.0,-584524.0,-12.458,-33.11
13401.0,130.0,-529697.0,-12.892,-34.58
13405.0,171.0,-473620.0,-12.792,-36.53
13409.0,500.0,-365747.0,-11.517,-37.51
13413.0,215.0,-315376.0,-9.6,-38.98
13416.0,16.0,-269433.0,-2.525,-40.44
13420.0,-103.0,-225514.0,7.175,-41.42
13424.0,-114.0,-139087.0,13.008,-43.38
13428.0,-125.0,-101384.0,14.417,-44.84
13432.0,-100.0,-68887.0,15.717,-46.07
13436.0,7.0,-41784.0,19.4,-48.02
13440.0,48.0,-1919.0,27.542,-49.49
13444.0,99.0,13862.0,32.775,-50.95
13448.0,74.0,25177.0,36.992,-53.4
13452.0,319.0,30256.0,37.392,-53.89
13455.0,460.0,19057.0,33.35,-54.62
13459.0,359.0,16310.0,23.45,-55.11
13463.0,110.0,18289.0,14.892,-54.37
13467.0,-341.0,17250.0,11.725,-54.13
13471.0,312.0,16265.0,12.15,-52.91
13475.0,183.0,14094.0,10.85,-51.2
13478.0,42.0,12299.0,6.75,-48.02
13483.0,77.0,10266.0,-4.125,-45.33
13487.0,84.0,8033.0,-10.967,-39.47
13490.0,249.0,10916.0,-8.708,-33.36
13494.0,280.0,10445.0,-4.142,-27.25
13498.0,325.0,9194.0,-3.85,-20.16
13502.0,144.0,9479.0,-7.417,-14.54
13505.0,173.0,7896.0,-10.875,-8.92
13509.0,284.0,6795.0,-10.392,-4.52
13513.0,121.0,2472.0,-15.875,-1.83
13517.0,-88.0,-7757.0,-24.067,-0.12
13520.0,99.0,-11300.0,-26.108,2.08
13524.0,-126.0,-24263.0,-30.817,3.79
13529.0,103.0,-56198.0,-43.108,6.48
13533.0,452.0,-95505.0,-55.183,6.48
13536.0,93.0,-103276.0,-59.0,10.14
13540.0,330.0,-121385.0,-48.992,12.34
13544.0,483.0,-132504.0,-26.117,13.81
13548.0,434.0,-144077.0,-0.667,15.52
13552.0,-177.0,-165688.0,22.458,18.21
13556.0,-70.0,-236601.0,-4.858,21.38
13559.0,149.0,-285456.0,-13.967,24.8
13563.0,250.0,-334603.0,23.425,31.65
13568.0,129.0,-387366.0,16.967,36.53
13572.0,240.0,-505303.0,0.45,42.64
13576.0,123.0,-564496.0,11.417,49.73
13580.0,-368.0,-627045.0,15.767,53.4
13583.0,347.0,-692134.0,14.108,57.31
13587.0,82.0,-823005.0,11.933,58.53
13591.0,345.0,-887976.0,14.208,58.53
13595.0,380.0,-951317.0,13.317,57.8
13599.0,-47.0,-1076610.0,13.608,57.31
13603.0,138.0,-1141693.0,14.583,57.06
13607.0,341.0,-1206080.0,13.817,57.31
13611.0,210.0,-1270529.0,13.708,56.82
13615.0,39.0,-1393032.0,12.7,55.6
13619.0,198.0,-1452105.0,11.267,53.89
13623.0,341.0,-1512586.0,13.383,52.91
13627.0,-70.0,-1572679.0,13.083,51.69
13631.0,65.0,-1693438.0,12.908,50.46
13635.0,214.0,-1751073.0,11.533,49.49
13639.0,175.0,-1806340.0,10.425,48.75
13643.0,198.0,-1862395.0,12.35,46.31
13646.0,93.0,-1975834.0,11.675,45.33
13650.0,130.0,-2032913.0,11.525,43.38
13655.0,371.0,-2088882.0,10.617,41.91
13659.0,422.0,-2194905.0,9.833,41.67
13663.0,139.0,-2247792.0,10.983,40.44
13667.0,118.0,-2300465.0,10.808,39.22
13671.0,-413.0,-2352986.0,10.442,38.73
13675.0,-90.0,-2453725.0,9.308,38.49
13679.0,85.0,-2500930.0,8.567,37.02
13682.0,152.0,-2549151.0,9.758,36.29
13686.0,-15.0,-2597950.0,9.1,35.31
13690.0,-168.0,-2695807.0,9.183,34.34
13694.0,-293.0,-2740362.0,8.1,33.36
13699.0,-142.0,-2780339.0,6.367,33.11
13703.0,91.0,-2817512.0,6.717,31.89
13706.0,180.0,-2885587.0,5.358,31.65
13710.0,249.0,-2915634.0,5.092,29.69
13714.0,-80.0,-2941687.0,4.975,28.47
13718.0,-99.0,-2964856.0,3.258,27.98
13722.0,-58.0,-3000431.0,1.433,26.03
13726.0,141.0,-3012168.0,0.833,24.32
13729.0,266.0,-3020559.0,1.008,23.09
13733.0,341.0,-3024840.0,-0.033,21.87
13737.0,26.0,-3031283.0,2.117,19.92
13742.0,-125.0,-3033270.0,-0.633,17.96
13746.0,-12.0,-3032225.0,-2.55,16.98
13750.0,201.0,-3023328.0,1.042,15.52
13753.0,62.0,-3011409.0,-5.875,14.3
13757.0,-195.0,-2989264.0,-5.6,14.05
13761.0,308.0,-2962355.0,1.383,12.59
13765.0,249.0,-2901078.0,-4.867,11.36
13769.0,254.0,-2862277.0,-6.325,9.9
13773.0,181.0,-2819042.0,-5.525,8.43
13776.0,408.0,-2772539.0,-5.917,7.45
13780.0,-15.0,-2674442.0,-6.308,5.74
13785.0,148.0,-2622963.0,-6.35,3.79
13789.0,161.0,-2570566.0,-7.283,2.81
13793.0,-160.0,-2518205.0,-6.858,1.59
13797.0,175.0,-2406216.0,-8.258,0.37
13800.0,316.0,-2346583.0,-8.258,-0.61
13804.0,221.0,-2287632.0,-8.158,-1.34
13808.0,-88.0,-2229779.0,-8.825,-2.57
13812.0,293.0,-2170060.0,-8.833,-4.03
13816.0,434.0,-2051009.0,-9.508,-5.5
13819.0,589.0,-1988242.0,-10.967,-6.48
13824.0,610.0,-1924151.0,-10.917,-8.43
13828.0,493.0,-1799554.0,-10.667,-10.14
13832.0,378.0,-1737597.0,-11.767,-11.85
13836.0,481.0,-1676788.0,-11.583,-13.07
13840.0,316.0,-1615483.0,-13.0,-15.03
13844.0,327.0,-1484816.0,-13.633,-16.5
13848.0,168.0,-1421529.0,-12.158,-18.21
13852.0,183.0,-1360816.0,-12.733,-18.7
13856.0,204.0,-1301377.0,-12.633,-20.41
13859.0,285.0,-1185956.0,-13.425,-22.12
13863.0,336.0,-1123525.0,-15.025,-23.09
13868.0,373.0,-1059294.0,-14.042,-24.32
13872.0,484.0,-940713.0,-13.058,-26.03
13876.0,239.0,-885628.0,-12.85,-26.76
13880.0,100.0,-831207.0,-13.092,-28.96
13884.0,121.0,-776216.0,-13.842,-29.94
13888.0,336.0,-664169.0,-13.592,-30.67
13891.0,429.0,-608056.0,-13.1,-32.62
13895.0,514.0,-553557.0,-12.342,-33.11
13899.0,37.0,-498108.0,-13.025,-35.07
13903.0,616.0,-387165.0,-12.0,-37.27
13907.0,421.0,-334488.0,-11.058,-38.73
13912.0,104.0,-286939.0,-5.675,-40.44
13916.0,249.0,-242416.0,4.025,-41.91
13919.0,242.0,-152695.0,11.767,-43.13
13923.0,17.0,-113222.0,14.175,-44.11
13927.0,-50.0,-78637.0,15.608,-46.07
13931.0,-287.0,-48746.0,18.458,-47.29
13935.0,-318.0,-7447.0,24.7,-49.24
13938.0,89.0,12198.0,32.25,-51.2
13942.0,408.0,28163.0,37.958,-52.17
13946.0,55.0,37882.0,41.342,-54.62
13950.0,434.0,30635.0,39.758,-55.6
13955.0,411.0,24820.0,32.475,-56.57
13958.0,202.0,30327.0,23.092,-57.06
13962.0,263.0,28962.0,17.508,-56.82
13966.0,160.0,22303.0,14.767,-56.09
13970.0,-59.0,16922.0,9.092,-54.37
13974.0,-160.0,13935.0,3.875,-51.93
13977.0,-183.0,15962.0,0.892,-47.78
13981.0,-106.0,19627.0,4.075,-44.11
13985.0,-327.0,19556.0,4.208,-39.96
13989.0,-126.0,17967.0,2.217,-35.31
13992.0,-133.0,16182.0,-3.858,-31.4
13997.0,0.0,13497.0,-12.458,-24.07
14001.0,-123.0,12384.0,-15.608,-17.47
14005.0,-272.0,12067.0,-15.075,-11.36
14009.0,-99.0,5996.0,-17.842,-5.74
14012.0,-212.0,2711.0,-19.408,-2.32
14016.0,-287.0,7208.0,-16.975,0.12
14020.0,-6.0,4557.0,-13.65,1.34
14023.0,443.0,-5354.0,-20.05,3.05
14027.0,512.0,-23171.0,-33.775,5.25
14031.0,87.0,-44830.0,-48.192,6.48
14035.0,32.0,-101949.0,-60.4,8.68
14039.0,151.0,-109496.0,-63.142,12.1
14043.0,178.0,-114087.0,-52.917,13.07
14047.0,489.0,-126528.0,-29.025,15.03
14051.0,280.0,-148853.0,-8.042,17.72
14055.0,227.0,-172678.0,22.142,19.92
14059.0,14.0,-204679.0,5.008,22.36
14062.0,221.0,-246258.0,-15.408,27.98
14066.0,390.0,-347545.0,19.975,33.85
14070.0,109.0,-401392.0,21.008,39.47
14074.0,482.0,-458545.0,4.242,48.02
14078.0,239.0,-518094.0,11.625,54.37
14083.0,84.0,-641505.0,14.433,57.31
14086.0,199.0,-707016.0,13.925,57.8
14090.0,-98.0,-774039.0,13.008,57.31
14094.0,251.0,-839270.0,14.183,55.35
14098.0,262.0,-965069.0,13.075,54.62
14102.0,121.0,-1026688.0,12.758,55.6
14106.0,134.0,-1090807.0,14.875,58.04
14110.0,-19.0,-1220590.0,14.025,60.24
14113.0,42.0,-1284487.0,13.575,59.02
14117.0,-187.0,-1346346.0,12.733,56.33
14121.0,16.0,-1405309.0,11.317,54.13
14126.0,81.0,-1524200.0,12.975,52.42
14130.0,2.0,-1584635.0,13.125,50.71
14134.0,19.0,-1645456.0,12.842,50.46
14138.0,30.0,-1705339.0,11.792,49.98
14141.0,191.0,-1817146.0,11.008,49.24
14145.0,402.0,-1872745.0,11.675,48.26
14149.0,221.0,-1928854.0,11.983,46.8
14153.0,304.0,-1985199.0,11.267,44.11
14157.0,535.0,-2097650.0,11.508,43.38
14161.0,96.0,-2150593.0,9.558,41.18
14166.0,417.0,-2202850.0,10.533,40.44
14170.0,218.0,-2255649.0,10.65,39.47
14173.0,295.0,-2361076.0,10.525,39.22
14177.0,194.0,-2411165.0,10.258,38.25
14181.0,-143.0,-2459454.0,8.233,37.51
14185.0,-428.0,-2554715.0,9.675,36.53
14189.0,-329.0,-2603292.0,8.883,35.56
14193.0,8.0,-2650555.0,8.558,34.82
14197.0,305.0,-2694800.0,8.417,33.6
14201.0,2.0,-2771675.0,6.142,32.62
14204.0,179.0,-2805252.0,5.625,31.89
14209.0,206.0,-2836173.0,5.667,30.91
14213.0,249.0,-2864282.0,4.275,29.45
14217.0,-190.0,-2910715.0,4.392,28.47
14221.0,49.0,-2929294.0,2.858,27.49
14225.0,-42.0,-2944227.0,1.317,25.54
14228.0,111.0,-2954554.0,-0.5,24.07
14232.0,192.0,-2966971.0,1.525,22.61
14236.0,99.0,-2969130.0,0.25,20.16
14240.0,-94.0,-2970395.0,0.125,18.7
14244.0,-45.0,-2969864.0,-0.1,17.72
14247.0,-38.0,-2959389.0,-3.742,16.01
14252.0,-227.0,-2948088.0,-3.808,15.27
14256.0,480.0,-2941399.0,6.417,14.05
14260.0,219.0,-2931600.0,-10.475,12.83
14264.0,-106.0,-2883765.0,2.167,11.85
14268.0,431.0,-2871836.0,4.225,11.61
14272.0,0.0,-2859725.0,-9.05,9.9
14275.0,433.0,-2842894.0,-1.267,8.92
14279.0,298.0,-2760267.0,-11.467,8.43
14283.0,-9.0,-2709258.0,0.008,7.45
14287.0,-130.0,-2662633.0,-5.383,5.99
14291.0,-231.0,-2614168.0,-7.558,4.77
14295.0,-88.0,-2507107.0,-5.033,2.57
14299.0,35.0,-2454672.0,-9.017,1.59
14303.0,448.0,-2398459.0,-8.217,1.34
14307.0,179.0,-2339556.0,-7.467,0.12
14311.0,-190.0,-2222461.0,-8.592,-0.61
14314.0,-59.0,-2163264.0,-8.65,-1.83
14318.0,-278.0,-2104039.0,-8.75,-2.57
14322.0,-39.0,-2044942.0,-10.425,-3.54
14326.0,280.0,-1918863.0,-11.167,-4.03
14330.0,181.0,-1856312.0,-10.017,-5.25
14334.0,-78.0,-1795159.0,-11.058,-6.48
14338.0,35.0,-1732720.0,-11.9,-7.94
14342.0,100.0,-1609359.0,-11.875,-9.16
14346.0,43.0,-1545824.0,-13.358,-10.63
14350.0,562.0,-1479671.0,-13.458,-13.81
14354.0,447.0,-1415968.0,-11.925,-17.72
14358.0,104.0,-1297867.0,-12.533,-19.92
14362.0,41.0,-1243076.0,-11.883,-22.61
14366.0,426.0,-1186597.0,-14.308,-23.34
14369.0,461.0,-1058494.0,-15.45,-24.56
14373.0,224.0,-994815.0,-13.908,-25.29
14377.0,303.0,-936164.0,-12.383,-26.27
14382.0,28.0,-881587.0,-12.35,-26.76
14386.0,159.0,-774620.0,-13.292,-27.74
14390.0,92.0,-719219.0,-13.875,-29.45
14394.0,323.0,-663060.0,-13.442,-30.43
14397.0,416.0,-607011.0,-13.0,-32.38
14401.0,197.0,-496138.0,-12.65,-34.09
14405.0,-80.0,-440663.0,-12.958,-35.56
14409.0,287.0,-386602.0,-11.542,-36.78
14413.0,52.0,-334173.0,-9.9,-38.25
14417.0,-219.0,-241508.0,-2.408,-40.2
14420.0,-94.0,-197111.0,7.967,-41.91
14425.0,293.0,-153212.0,13.45,-42.16
14429.0,378.0,-113243.0,13.85,-44.6
14433.0,151.0,-48370.0,15.633,-46.07
14437.0,66.0,-24899.0,20.117,-47.53
14440.0,193.0,-6068.0,28.2,-49.49
14444.0,474.0,10963.0,33.225,-50.95
14448.0,231.0,30440.0,37.092,-52.42
14452.0,84.0,30585.0,37.875,-53.64
14456.0,1.0,23052.0,33.975,-53.64
14459.0,298.0,16625.0,22.617,-54.86
14464.0,367.0,15212.0,14.85,-54.62
14468.0,166.0,19377.0,12.133,-53.64
14472.0,165.0,16936.0,13.233,-52.91
14476.0,-124.0,15659.0,12.258,-50.46
14479.0,99.0,13728.0,6.75,-47.29
14483.0,322.0,10363.0,-3.617,-42.89
14487.0,113.0,9840.0,-9.208,-38.98
14491.0,-36.0,8203.0,-11.992,-32.62
14494.0,55.0,6410.0,-11.125,-25.29
14498.0,8.0,13443.0,-3.833,-19.92
14502.0,-71.0,9006.0,-3.258,-13.32
14507.0,86.0,9271.0,-5.542,-8.68
14510.0,-241.0,8340.0,-8.775,-4.28
14514.0,-108.0,5383.0,-12.483,-1.83
14518.0,161.0,-10214.0,-22.667,0.12
14521.0,-160.0,-34499.0,-36.492,1.59
14525.0,311.0,-46318.0,-48.825,3.79
14529.0,38.0,-81669.0,-59.575,5.74
14533.0,411.0,-100518.0,-61.133,7.45
14537.0,552.0,-113485.0,-50.4,10.14
14540.0,117.0,-123136.0,-32.617,12.83
14544.0,-110.0,-131611.0,-10.2,14.05
14548.0,-99.0,-176188.0,18.792,15.52
14553.0,120.0,-210175.0,11.275,17.47
14557.0,231.0,-253678.0,-14.158,20.65
14561.0,312.0,-303507.0,11.533,25.54
14564.0,439.0,-407546.0,22.567,29.2
14568.0,186.0,-465999.0,7.783,36.78
14572.0,-57.0,-525374.0,9.133,43.38
14576.0,-150.0,-585513.0,14.508,47.78
14580.0,47.0,-716450.0,15.05,52.42
14584.0,158.0,-782083.0,13.3,54.62
14587.0,-55.0,-846272.0,13.533,56.57
14592.0,-212.0,-910487.0,14.233,57.8
14596.0,-289.0,-1035198.0,12.625,58.28
14600.0,-26.0,-1099945.0,14.883,58.28
14604.0,47.0,-1164928.0,14.117,57.8
14608.0,26.0,-1229571.0,13.542,57.06
14612.0,25.0,-1353322.0,13.083,54.86
14615.0,-88.0,-1412141.0,11.55,53.64
14619.0,191.0,-1472150.0,12.625,52.66
14623.0,78.0,-1533053.0,13.1,51.93
14627.0,31.0,-1654308.0,12.8,51.69
14631.0,254.0,-1713149.0,12.217,50.71
14636.0,127.0,-1768868.0,10.817,49.24
14640.0,36.0,-1880855.0,11.858,47.29
14643.0,109.0,-1937966.0,12.033,44.84
14647.0,-88.0,-1995015.0,11.275,42.64
14651.0,119.0,-2051356.0,11.55,42.16
14655.0,-10.0,-2159051.0,9.758,40.69
14659.0,-173.0,-2211738.0,10.425,40.69
14663.0,66.0,-2264317.0,11.067,39.96
14667.0,3.0,-2316678.0,10.292,38.73
14671.0,118.0,-2419295.0,10.092,37.76
14674.0,-87.0,-2467234.0,8.55,37.27
14679.0,30.0,-2514759.0,9.575,36.29
14683.0,-133.0,-2563364.0,9.275,35.31
14687.0,-48.0,-2660809.0,9.067,34.58
14691.0,235.0,-2708386.0,9.183,33.6
14695.0,-92.0,-2752585.0,7.133,32.87
14698.0,-273.0,-2792908.0,7.042,32.87
14702.0,24.0,-2868353.0,6.483,31.4
14706.0,-33.0,-2902440.0,5.375,30.18
14710.0,-42.0,-2932729.0,5.517,29.94
14714.0,45.0,-2959238.0,4.3,28.23
14718.0,-132.0,-3002049.0,2.475,27.0
14722.0,-303.0,-3018186.0,2.2,25.78
14726.0,-268.0,-3030941.0,1.533,24.32
14730.0,-145.0,-3039648.0,0.358,22.61
14734.0,-88.0,-3048795.0,1.075,20.65
14738.0,553.0,-3049782.0,-0.442,19.43
14742.0,366.0,-3051625.0,2.133,17.47
14746.0,365.0,-3053404.0,-3.025,16.25
14749.0,-58.0,-3036163.0,-5.9,15.03
14753.0,-37.0,-3020220.0,-2.267,14.78
14757.0,352.0,-2999419.0,-3.967,13.07
14761.0,433.0,-2944660.0,-3.75,12.59
14766.0,8.0,-2912509.0,-3.15,11.12
14770.0,219.0,-2875594.0,-6.708,9.65
14773.0,12.0,-2834163.0,-5.3,8.43
14777.0,191.0,-2788594.0,-5.95,6.96
14781.0,218.0,-2689729.0,-6.425,5.01
14785.0,-111.0,-2638518.0,-6.408,4.28
14789.0,-128.0,-2586021.0,-7.033,2.57
14792.0,73.0,-2532036.0,-7.083,1.1
14796.0,-64.0,-2423205.0,-7.975,0.86
14800.0,285.0,-2364488.0,-8.667,-0.61
14804.0,308.0,-2304783.0,-8.092,-1.59
14809.0,153.0,-2245672.0,-8.342,-2.57
14812.0,-90.0,-2126733.0,-9.142,-4.03
14816.0,219.0,-2067738.0,-9.492,-5.74
14820.0,-66.0,-2007581.0,-10.208,-6.48
14824.0,183.0,-1944378.0,-11.225,-8.43
14828.0,242.0,-1818379.0,-10.85,-9.65
14832.0,-19.0,-1755950.0,-11.283,-12.1
14835.0,192.0,-1693565.0,-11.842,-12.83
14839.0,311.0,-1633070.0,-12.342,-14.54
14843.0,548.0,-1505611.0,-13.742,-15.76
14848.0,91.0,-1440192.0,-12.892,-17.96
14852.0,368.0,-1378007.0,-12.308,-18.94
14856.0,57.0,-1259494.0,-12.933,-20.16
14860.0,140.0,-1203153.0,-12.658,-21.63
14864.0,141.0,-1144932.0,-13.917,-23.09
14868.0,-54.0,-1083519.0,-14.775,-24.32
14871.0,87.0,-960360.0,-13.892,-25.78
14875.0,492.0,-903385.0,-12.717,-26.76
14879.0,137.0,-848988.0,-12.65,-27.98
14883.0,106.0,-795175.0,-13.667,-29.69
14887.0,437.0,-685470.0,-13.583,-30.67
14892.0,284.0,-629699.0,-13.35,-31.89
14896.0,99.0,-574650.0,-12.675,-33.6
14899.0,102.0,-519605.0,-12.583,-34.58
14903.0,241.0,-410014.0,-12.258,-36.05
14907.0,24.0,-356531.0,-11.6,-37.51
14911.0,-261.0,-306184.0,-7.842,-39.22
14915.0,-118.0,-259983.0,0.658,-40.93
14919.0,187.0,-172554.0,9.775,-42.4
14922.0,-206.0,-131123.0,13.858,-43.62
14926.0,-205.0,-93862.0,15.383,-44.84
14930.0,-182.0,-61383.0,17.075,-46.31
14935.0,47.0,-14324.0,21.95,-47.78
14939.0,110.0,3311.0,30.267,-49.49
14942.0,569.0,20422.0,35.583,-51.2
14946.0,410.0,32771.0,40.167,-53.4
14950.0,-61.0,36610.0,40.842,-54.37
14954.0,68.0,29073.0,35.992,-55.6
14958.0,61.0,25502.0,25.483,-55.6
14961.0,-4.0,27255.0,17.8,-56.09
14965.0,279.0,25002.0,14.833,-54.86
14969.0,148.0,22313.0,14.008,-53.64
14973.0,5.0,17970.0,10.442,-51.2
14977.0,100.0,14431.0,1.642,-48.26
14981.0,-11.0,17032.0,-4.608,-43.13
14985.0,84.0,17043.0,-4.2,-39.96
14989.0,599.0,18190.0,2.617,-35.07
14992.0,284.0,19641.0,6.742,-30.67
14996.0,-75.0,16550.0,0.317,-27.0
15000.0,-76.0,15117.0,-7.283,-21.38
15004.0,17.0,11674.0,-14.1,-16.98
15007.0,220.0,10853.0,-15.242,-10.63
15011.0,-31.0,8226.0,-20.233,-5.74
15015.0,276.0,-9839.0,-29.625,-2.81
15020.0,-27.0,-22054.0,-37.625,0.12
15023.0,20.0,-37529.0,-45.983,2.32
15027.0,-223.0,-61932.0,-55.492,4.28
15031.0,-14.0,-94477.0,-60.308,5.5
15035.0,-287.0,-101472.0,-56.492,8.19
15039.0,76.0,-112621.0,-44.783,10.87
15042.0,329.0,-123522.0,-28.367,12.59
15046.0,468.0,-133941.0,-11.8,14.3
15050.0,169.0,-177418.0,19.483,15.76
15054.0,-10.0,-211673.0,8.683,18.45
15058.0,-49.0,-257054.0,-13.983,21.38
15063.0,216.0,-306861.0,15.283,25.05
15066.0,-91.0,-411302.0,20.833,32.14
15070.0,-58.0,-470243.0,8.325,38.0
15074.0,317.0,-528602.0,9.225,46.31
15078.0,470.0,-589219.0,15.708,56.57
15082.0,183.0,-719806.0,15.167,61.71
15085.0,176.0,-785365.0,12.975,67.57
15089.0,-27.0,-850726.0,14.025,68.3
15093.0,-132.0,-913929.0,12.633,68.06
15097.0,39.0,-1037856.0,13.542,63.91
15101.0,208.0,-1102801.0,15.033,60.0
15106.0,5.0,-1167760.0,13.442,57.55
15110.0,116.0,-1294851.0,13.55,55.11
15113.0,-37.0,-1354446.0,12.65,54.86
15117.0,-188.0,-1412689.0,11.375,54.62
15121.0,39.0,-1473056.0,13.2,54.13
15125.0,140.0,-1594515.0,13.175,53.4
15129.0,-299.0,-1654490.0,12.842,51.93
15133.0,60.0,-1712523.0,11.7,50.71
15137.0,41.0,-1767520.0,10.483,48.75
15141.0,290.0,-1880013.0,12.4,46.8
15144.0,83.0,-1936296.0,11.4,44.35
15149.0,-160.0,-1992935.0,11.525,42.89
15153.0,133.0,-2049006.0,11.058,41.67
15157.0,-94.0,-2154639.0,9.417,41.18
15161.0,363.0,-2207462.0,10.858,40.69
15165.0,442.0,-2260193.0,11.025,39.47
15169.0,415.0,-2363630.0,10.3,38.73
15173.0,316.0,-2412605.0,9.567,38.25
15177.0,-7.0,-2459708.0,8.508,37.02
15180.0,240.0,-2507101.0,9.783,36.05
15184.0,131.0,-2604656.0,8.975,35.07
15188.0,452.0,-2652499.0,8.75,34.09
15193.0,495.0,-2699300.0,9.158,33.36
15197.0,342.0,-2741933.0,6.183,33.6
15201.0,-191.0,-2818006.0,7.058,32.62
15204.0,-586.0,-2853615.0,6.05,30.91
15208.0,-171.0,-2885694.0,5.0,30.43
15212.0,122.0,-2914297.0,5.517,28.96
15216.0,297.0,-2960956.0,3.208,27.74
15220.0,308.0,-2978969.0,2.475,26.52
15224.0,51.0,-2993880.0,1.592,25.29
15228.0,-98.0,-3004357.0,0.633,23.83
15232.0,147.0,-3016604.0,0.942,21.38
15236.0,50.0,-3018415.0,-0.658,20.16
15240.0,109.0,-3017404.0,-2.592,17.96
15244.0,276.0,-3013081.0,1.1,16.5
15248.0,227.0,-3006410.0,-0.233,15.76
15252.0,32.0,-2993133.0,-8.183,15.03
15255.0,-67.0,-2973892.0,0.875,13.32
15259.0,496.0,-2952435.0,2.35,12.34
15263.0,485.0,-2930592.0,4.333,11.61
15267.0,-210.0,-2919773.0,-6.742,10.87
15271.0,-371.0,-2901474.0,-4.858,9.65
15276.0,-256.0,-2820099.0,-9.692,8.68
15279.0,43.0,-2773772.0,-2.975,8.19
15283.0,148.0,-2727371.0,-5.883,7.21
15287.0,73.0,-2677694.0,-6.325,4.52
15291.0,-18.0,-2625537.0,-5.708,3.05
15295.0,49.0,-2520910.0,-8.583,2.08
15298.0,206.0,-2466095.0,-6.892,0.86
15302.0,299.0,-2411044.0,-7.792,-0.37
15306.0,22.0,-2354545.0,-8.833,-1.1
15310.0,-23.0,-2235180.0,-7.767,-1.83
15314.0,-160.0,-2176757.0,-8.292,-2.57
15318.0,85.0,-2117646.0,-9.7,-3.79
15322.0,38.0,-2058787.0,-9.533,-3.79
15326.0,5.0,-1937938.0,-10.025,-5.01
15330.0,244.0,-1874627.0,-11.35,-6.23
15334.0,403.0,-1812014.0,-10.425,-6.96
15338.0,188.0,-1751299.0,-11.583,-8.43
15341.0,113.0,-1630336.0,-11.742,-10.39
15345.0,356.0,-1569109.0,-12.817,-12.59
15349.0,199.0,-1504840.0,-13.242,-15.76
15353.0,-88.0,-1378747.0,-12.808,-18.45
15357.0,433.0,-1319034.0,-12.167,-21.14
15362.0,36.0,-1261359.0,-12.942,-21.87
15366.0,-135.0,-1205452.0,-12.367,-23.09
15370.0,44.0,-1089321.0,-14.242,-23.34
15374.0,37.0,-1027106.0,-14.258,-24.07
15377.0,218.0,-966123.0,-13.675,-24.32
15381.0,79.0,-908406.0,-12.367,-26.03
15385.0,-86.0,-802451.0,-12.5,-27.25
15389.0,55.0,-749154.0,-13.658,-28.47
15393.0,358.0,-694851.0,-13.408,-30.18
15397.0,-11.0,-639836.0,-13.2,-31.4
15400.0,172.0,-530529.0,-12.625,-33.6
15405.0,221.0,-476668.0,-12.667,-34.82
15409.0,-72.0,-422903.0,-11.825,-36.53
15413.0,61.0,-369376.0,-11.408,-37.51
15417.0,-138.0,-271863.0,-7.608,-38.73
15420.0,191.0,-228772.0,2.483,-40.44
15424.0,104.0,-185601.0,10.667,-41.67
15428.0,-83.0,-143144.0,13.9,-42.64
15432.0,-92.0,-70237.0,15.383,-44.35
15436.0,141.0,-41768.0,17.683,-45.58
15440.0,482.0,-19701.0,22.308,-46.8
15443.0,393.0,-2516.0,29.375,-49.0
15448.0,258.0,21697.0,33.908,-50.22
15452.0,313.0,27730.0,36.692,-51.69
15456.0,122.0,27853.0,36.025,-53.15
15460.0,-15.0,20466.0,29.15,-53.4
15463.0,110.0,13099.0,17.375,-53.4
15467.0,189.0,16416.0,11.092,-52.66
15471.0,262.0,15019.0,9.225,-51.93
15475.0,257.0,13158.0,11.308,-49.49
15479.0,206.0,11711.0,10.267,-47.04
15482.0,205.0,9920.0,2.792,-43.87
15486.0,386.0,7539.0,-8.875,-39.47
15491.0,245.0,3226.0,-16.85,-34.58
15495.0,-62.0,1243.0,-17.217,-25.29
15498.0,165.0,8526.0,-10.225,-18.45
15502.0,18.0,8509.0,-0.892,-12.83
15506.0,-7.0,8068.0,3.533,-6.72
15509.0,122.0,9615.0,5.05,-4.03
15513.0,201.0,60.0,-3.408,-2.08
15517.0,228.0,-18459.0,-23.45,-0.12
15520.0,-33.0,-43342.0,-41.317,1.59
15524.0,24.0,-55759.0,-46.483,3.54
15528.0,-339.0,-32880.0,-37.233,5.74
15533.0,16.0,-54997.0,-31.067,5.74
15536.0,641.0,-97226.0,-32.492,8.68
15540.0,334.0,-111777.0,-43.558,10.63
15544.0,-139.0,-122266.0,-44.375,13.07
15548.0,38.0,-151639.0,-14.242,14.78
15552.0,331.0,-173424.0,21.217,16.98
15556.0,260.0,-204175.0,14.458,19.18
15559.0,237.0,-250498.0,-21.325,23.58
15563.0,270.0,-347111.0,5.308,28.47
15567.0,65.0,-401572.0,27.3,32.38
15571.0,62.0,-460287.0,1.95,37.27
15576.0,-199.0,-518144.0,4.65,40.2
15580.0,302.0,-641257.0,16.267,41.91
15583.0,285.0,-708060.0,15.442,43.87
15587.0,226.0,-773565.0,11.933,45.33
15591.0,275.0,-838334.0,15.175,49.0
15595.0,298.0,-963475.0,12.633,52.42
15599.0,323.0,-1026368.0,13.033,54.13
15603.0,268.0,-1091673.0,15.792,54.86
15607.0,119.0,-1157050.0,13.158,55.35
15610.0,544.0,-1283877.0,13.55,56.09
15614.0,345.0,-1344300.0,12.275,55.84
15619.0,308.0,-1403627.0,11.633,54.62
15623.0,289.0,-1525086.0,13.358,53.64
15627.0,-142.0,-1585713.0,12.883,51.44
15631.0,37.0,-1645844.0,12.817,49.98
15635.0,8.0,-1703903.0,11.3,48.75
15639.0,191.0,-1815550.0,11.075,47.78
15643.0,252.0,-1872251.0,11.95,46.8
15646.0,135.0,-1929006.0,11.417,45.58
15650.0,22.0,-1986321.0,12.05,43.87
15654.0,161.0,-2097506.0,10.892,43.13
15659.0,86.0,-2150529.0,9.917,41.67
15663.0,-175.0,-2203734.0,10.658,40.44
15667.0,-70.0,-2256759.0,10.367,39.71
15671.0,49.0,-2360514.0,10.975,38.25
15675.0,206.0,-2409843.0,8.983,37.51
15678.0,235.0,-2457116.0,8.992,37.02
15682.0,-98.0,-2504961.0,9.542,36.05
15686.0,375.0,-2602946.0,8.958,35.56
15690.0,250.0,-2651457.0,9.375,34.82
15694.0,221.0,-2698134.0,8.317,34.09
15698.0,240.0,-2778915.0,6.542,33.11
15702.0,-117.0,-2816168.0,6.925,32.38
15706.0,-164.0,-2851679.0,5.742,31.16
15710.0,-27.0,-2883568.0,5.258,29.94
15714.0,298.0,-2935697.0,5.067,28.71
15718.0,355.0,-2956900.0,2.875,27.49
15722.0,428.0,-2974657.0,2.225,26.03
15726.0,541.0,-2988580.0,1.325,24.56
15729.0,236.0,-3005235.0,0.35,23.34
15733.0,205.0,-3009668.0,0.967,21.38
15737.0,496.0,-3010931.0,-1.142,19.18
15741.0,269.0,-3009610.0,0.592,17.96
15746.0,162.0,-3003683.0,-1.708,16.5
15750.0,-199.0,-2994804.0,-3.375,15.52
15754.0,228.0,-2989231.0,4.692,14.78
15757.0,-55.0,-2979686.0,-10.433,13.56
15761.0,-246.0,-2925983.0,-2.033,12.34
15765.0,573.0,-2900668.0,4.958,11.85
15769.0,688.0,-2889177.0,0.975,10.14
15773.0,-407.0,-2872000.0,-12.408,8.92
15777.0,-446.0,-2778047.0,-1.833,7.45
15781.0,-89.0,-2730536.0,-2.658,7.45
15784.0,262.0,-2684447.0,-8.675,5.25
15789.0,133.0,-2633128.0,-4.617,4.03
15793.0,236.0,-2526963.0,-6.125,3.05
15797.0,289.0,-2473030.0,-9.3,1.59
15801.0,96.0,-2417221.0,-6.558,0.37
15804.0,49.0,-2360240.0,-9.0,-0.37
15808.0,88.0,-2240533.0,-8.425,-1.59
15812.0,195.0,-2181668.0,-8.367,-2.57
15816.0,-24.0,-2122643.0,-8.9,-3.3
15820.0,-243.0,-2063562.0,-9.875,-4.03
15823.0,-138.0,-1939527.0,-10.533,-5.01
15827.0,81.0,-1875736.0,-11.133,-5.74
15832.0,108.0,-1813131.0,-10.858,-7.21
15836.0,21.0,-1750760.0,-11.625,-9.16
15840.0,6.0,-1628571.0,-11.575,-10.39
15844.0,-77.0,-1567120.0,-12.7,-11.85
15847.0,132.0,-1501819.0,-14.025,-13.56
15851.0,-273.0,-1435956.0,-12.908,-17.47
15855.0,22.0,-1313837.0,-12.033,-19.18
15859.0,491.0,-1257062.0,-12.35,-21.87
15863.0,396.0,-1202261.0,-12.767,-23.09
15867.0,11.0,-1082710.0,-15.05,-24.56
15872.0,50.0,-1017935.0,-15.358,-25.29
15876.0,151.0,-955582.0,-13.567,-26.03
15880.0,-8.0,-897573.0,-12.183,-26.27
15883.0,-161.0,-791260.0,-12.517,-27.49
15887.0,-150.0,-737017.0,-14.008,-28.96
15891.0,329.0,-682026.0,-13.525,-30.18
15895.0,198.0,-626767.0,-13.175,-31.89
15899.0,-37.0,-517674.0,-12.45,-33.36
15903.0,60.0,-463385.0,-12.8,-35.07
15906.0,257.0,-409598.0,-11.917,-36.78
15910.0,2.0,-356567.0,-11.017,-38.49
15915.0,-73.0,-258800.0,-6.2,-39.47
15919.0,224.0,-215487.0,4.825,-41.18
15923.0,261.0,-172936.0,11.492,-42.4
15926.0,360.0,-131813.0,13.9,-44.35
15930.0,217.0,-61242.0,15.8,-45.58
15934.0,-44.0,-33755.0,19.133,-46.8
15938.0,-201.0,-12748.0,24.683,-48.75
15942.0,-50.0,4039.0,31.133,-50.71
15945.0,177.0,29342.0,35.808,-52.42
15949.0,158.0,35241.0,39.55,-54.13
15953.0,509.0,35412.0,39.075,-54.62
15958.0,156.0,28809.0,32.292,-55.84
15962.0,337.0,18376.0,19.558,-55.84
15966.0,130.0,19461.0,10.808,-55.84
15969.0,-23.0,20258.0,11.325,-54.86
15973.0,248.0,20827.0,13.692,-52.66
15977.0,421.0,16500.0,11.858,-50.46
15981.0,276.0,14299.0,4.183,-46.31
15985.0,-51.0,13010.0,-6.108,-42.4
15988.0,-44.0,12651.0,-8.675,-36.78
15992.0,135.0,13344.0,-4.475,-29.69
15996.0,52.0,17469.0,5.483,-24.8
16000.0,-73.0,18180.0,7.575,-19.43
16004.0,-380.0,17753.0,5.267,-15.27
16008.0,191.0,17024.0,0.483,-12.34
16012.0,196.0,15435.0,-3.758,-8.68
16016.0,271.0,15150.0,-6.217,-5.74
16019.0,262.0,15227.0,-6.208,-4.28
16023.0,293.0,15650.0,-4.092,-2.08
16027.0,170.0,16581.0,-0.425,-0.37
16030.0,-125.0,16912.0,1.592,0.12
16034.0,40.0,16607.0,0.633,1.83
16038.0,337.0,16130.0,-0.858,2.57
16043.0,296.0,15579.0,-1.2,3.3
16046.0,207.0,15218.0,-2.55,4.52
16050.0,92.0,15033.0,-4.625,6.23
16054.0,177.0,14866.0,-3.8,6.23
16057.0,114.0,15017.0,0.492,7.45
16061.0,275.0,15048.0,2.442,8.43
16065.0,520.0,15099.0,0.142,9.65
16069.0,447.0,14616.0,-2.6,9.41
16072.0,114.0,14005.0,-3.167,9.65
16076.0,-43.0,13848.0,-2.517,9.9
16080.0,-20.0,13975.0,-1.608,10.39
16083.0,159.0,14056.0,-0.2,9.9
16088.0,88.0,13799.0,0.783,10.39
16092.0,31.0,13562.0,-0.275,10.14
16096.0,550.0,13369.0,-2.108,10.14
16099.0,247.0,13242.0,-2.258,10.14
16103.0,18.0,13081.0,-1.15,9.41
16107.0,173.0,12732.0,-0.542,9.65
16111.0,240.0,12779.0,-0.425,8.92
16114.0,281.0,12910.0,0.017,8.19
16118.0,220.0,12427.0,-0.158,7.94
16122.0,19.0,11946.0,-1.308,7.7
16125.0,-164.0,11817.0,-2.033,7.45
16130.0,147.0,12142.0,-1.9,7.7
16134.0,356.0,12453.0,-1.233,7.7
16138.0,139.0,12064.0,-0.9,7.94
16141.0,26.0,12101.0,-0.575,8.19
16145.0,-11.0,12078.0,0.05,7.7
16149.0,-24.0,11909.0,0.033,7.45
16152.0,313.0,11844.0,-0.758,7.94
16156.0,468.0,11205.0,-1.425,7.45
16160.0,107.0,11118.0,-1.55,7.7
16164.0,-32.0,11655.0,-1.392,7.21
16167.0,7.0,11604.0,-0.817,7.45
16172.0,196.0,11063.0,0.208,7.7
16176.0,113.0,11092.0,0.842,7.45
16179.0,-30.0,11135.0,0.6,7.21
16183.0,245.0,11138.0,-0.325,7.7
16187.0,60.0,10953.0,-1.042,7.21
16190.0,125.0,10088.0,-1.267,7.94
16194.0,-22.0,10473.0,-1.325,7.21
16198.0,-221.0,10798.0,-1.083,7.45
16202.0,162.0,10863.0,-0.525,6.72
16205.0,51.0,10516.0,-0.108,6.72
16209.0,24.0,10779.0,0.025,7.45
16214.0,-51.0,10732.0,-0.158,6.72
16217.0,58.0,10463.0,-0.658,7.21
16221.0,-37.0,10178.0,-1.025,6.72
16225.0,202.0,10077.0,-1.2,6.72
16228.0,481.0,10092.0,-1.1,6.72
16232.0,618.0,10577.0,-0.625,7.21
16236.0,129.0,10398.0,0.175,6.72
16240.0,180.0,9699.0,0.517,7.21
16243.0,283.0,10100.0,0.258,7.21
16247.0,426.0,10149.0,-0.342,6.48
16251.0,311.0,9898.0,-0.958,6.72
16254.0,-134.0,9453.0,-1.142,6.72
16259.0,57.0,9210.0,-1.025,6.72
16263.0,350.0,9779.0,-0.508,6.72
16266.0,111.0,9710.0,-0.042,6.72
16270.0,170.0,9437.0,0.283,6.72
16274.0,473.0,9132.0,0.058,6.72
16277.0,364.0,9263.0,-0.425,6.72
16281.0,107.0,9396.0,-0.892,7.21
16285.0,330.0,9285.0,-1.108,6.72
16288.0,333.0,8638.0,-1.017,6.72
16292.0,316.0,8495.0,-0.683,7.7
16296.0,245.0,8974.0,-0.15,6.96
16300.0,-10.0,8947.0,0.275,6.96
16304.0,97.0,8872.0,0.35,6.72
16308.0,138.0,8773.0,-0.108,6.72
16311.0,-231.0,8754.0,-0.6,6.48
16315.0,-134.0,8847.0,-0.775,6.72
16319.0,369.0,8842.0,-0.742,6.72
16322.0,530.0,8609.0,-0.417,7.21
16326.0,263.0,8676.0,0.0,6.72
16330.0,-36.0,8543.0,0.15,6.48
16333.0,95.0,8804.0,0.125,6.96
16337.0,308.0,8383.0,-0.233,6.72
16342.0,591.0,8132.0,-0.55,6.48
16345.0,648.0,8113.0,-0.7,6.72
16349.0,81.0,8462.0,-0.692,6.96
16353.0,-192.0,8233.0,-0.5,6.96
16356.0,89.0,8496.0,-0.233,6.72
16360.0,452.0,8543.0,-0.025,7.21
16364.0,357.0,8406.0,0.042,6.72
16367.0,110.0,8073.0,-0.167,6.72
16371.0,197.0,7918.0,-0.392,6.72
16375.0,198.0,7723.0,-0.558,6.72
16378.0,-101.0,7932.0,-0.583,6.72
16382.0,-140.0,8099.0,-0.425,7.21
16387.0,31.0,8056.0,-0.183,6.48
16390.0,-58.0,7853.0,0.167,6.72
16394.0,-105.0,7768.0,0.133,6.96
16398.0,-140.0,7959.0,-0.083,6.96
16401.0,-327.0,7892.0,-0.308,6.72
16405.0,176.0,7957.0,-0.475,6.72
16409.0,3.0,7834.0,-0.517,6.96
16412.0,62.0,7985.0,-0.45,6.72
16416.0,5.0,7690.0,-0.342,6.72
16419.0,456.0,7599.0,-0.192,6.72
16423.0,291.0,7678.0,-0.117,6.72
16428.0,206.0,7437.0,-0.192,7.21
16431.0,389.0,7492.0,-0.25,6.96
16435.0,30.0,7495.0,-0.458,6.72
16439.0,-209.0,7624.0,-0.475,6.48
16442.0,-224.0,7241.0,-0.417,6.72
16446.0,-55.0,7154.0,-0.242,6.72
16450.0,210.0,7123.0,-0.133,6.72
16453.0,185.0,7354.0,0.05,6.96
16457.0,214.0,7247.0,-0.042,6.72
16461.0,251.0,7134.0,-0.117,6.48
16464.0,152.0,7295.0,-0.3,7.21
16468.0,245.0,7280.0,-0.392,6.72
16473.0,208.0,6987.0,-0.333,6.96
16476.0,365.0,7274.0,-0.208,6.48
16480.0,364.0,7149.0,-0.125,6.72
16484.0,289.0,7156.0,-0.092,6.72
16487.0,302.0,7007.0,-0.025,6.48
16491.0,-29.0,7058.0,-0.108,6.72
16495.0,-164.0,7145.0,-0.25,7.21
16498.0,195.0,7414.0,-0.4,6.72
16502.0,334.0,7195.0,-0.392,6.72
16506.0,571.0,6500.0,-0.333,6.72
16509.0,488.0,6547.0,-0.2,6.48
16514.0,349.0,6948.0,-0.042,7.21
16518.0,194.0,7063.0,-0.025,6.72
16521.0,39.0,6960.0,-0.108,6.48
16525.0,86.0,6701.0,-0.192,6.72
16529.0,155.0,6540.0,-0.333,6.72
16532.0,198.0,6803.0,-0.275,6.72
16536.0,-99.0,6550.0,-0.225,6.48
16540.0,290.0,6379.0,-0.167,6.96
16543.0,415.0,6628.0,-0.058,6.96
16547.0,220.0,6639.0,-0.142,6.48
16551.0,359.0,6606.0,-0.175,6.96
16555.0,372.0,6141.0,-0.192,6.48
16559.0,91.0,6152.0,-0.258,6.48
16563.0,4.0,6687.0,-0.283,6.72
16566.0,-87.0,6476.0,-0.317,6.96
16570.0,348.0,6309.0,-0.2,6.48
16574.0,413.0,6364.0,-0.133,6.72
16577.0,184.0,6549.0,-0.017,6.72
16581.0,87.0,6840.0,-0.042,6.72
16585.0,56.0,6113.0,-0.183,6.23
16588.0,321.0,6024.0,-0.267,6.48
16592.0,188.0,6059.0,-0.242,6.72
16596.0,225.0,6626.0,-0.225,6.48
16600.0,390.0,6771.0,-0.108,6.72
16604.0,441.0,5926.0,-0.025,6.48
16608.0,-14.0,6023.0,0.008,6.48
16611.0,289.0,6218.0,-0.117,6.72
16615.0,404.0,6359.0,-0.183,6.48
16619.0,-41.0,6070.0,-0.267,6.72
16622.0,-226.0,6045.0,-0.2,6.48
16626.0,-15.0,6094.0,-0.242,6.96
16629.0,-96.0,6191.0,-0.142,6.96
16633.0,73.0,6222.0,-0.15,6.96
16637.0,38.0,5761.0,-0.125,6.72
16641.0,139.0,5516.0,-0.108,6.48
16645.0,184.0,6327.0,-0.108,6.72
16649.0,17.0,6038.0,-0.183,6.96
16652.0,-10.0,5637.0,-0.242,6.48
16656.0,133.0,5602.0,-0.217,6.48
16660.0,312.0,5815.0,-0.117,6.48
16663.0,331.0,6064.0,-0.142,6.48
16667.0,284.0,5683.0,-0.058,6.96
16671.0,-5.0,5558.0,-0.117,6.72
16674.0,374.0,5983.0,-0.142,6.96
16678.0,285.0,6016.0,-0.15,7.21
16683.0,112.0,5685.0,-0.217,6.48
16686.0,447.0,5426.0,-0.167,6.48
16690.0,540.0,5427.0,-0.208,6.96
16694.0,351.0,5492.0,-0.125,6.48
16697.0,224.0,5753.0,-0.092,6.48
16701.0,253.0,5708.0,-0.025,6.96
16705.0,-186.0,5745.0,-0.075,6.48
16708.0,231.0,5602.0,-0.1,6.48
16712.0,438.0,5761.0,-0.2,6.48
16716.0,379.0,5822.0,-0.208,6.96
16719.0,122.0,5219.0,-0.175,6.72
16723.0,63.0,5316.0,-0.1,6.48
16728.0,86.0,5693.0,-0.075,6.72
16731.0,445.0,5858.0,-0.025,6.72
16735.0,338.0,5787.0,-0.1,6.72
16739.0,-49.0,5470.0,-0.142,5.99
16742.0,-86.0,5485.0,-0.158,6.48
16746.0,87.0,5570.0,-0.167,6.48
16750.0,286.0,5809.0,-0.108,6.48
16753.0,295.0,5520.0,-0.133,6.72
16757.0,444.0,5025.0,-0.083,6.48
16761.0,195.0,5348.0,-0.042,6.96
16764.0,-58.0,5387.0,-0.033,7.21
16769.0,67.0,5300.0,-0.067,6.96
16773.0,92.0,5137.0,-0.092,6.72
16776.0,207.0,5034.0,-0.167,6.96
16780.0,206.0,5399.0,-0.175,6.23
16784.0,-5.0,5390.0,-0.158,6.96
16787.0,-84.0,5059.0,-0.092,6.48
16791.0,-27.0,4966.0,-0.108,6.72
16794.0,-136.0,5193.0,-0.042,6.48
16798.0,15.0,5592.0,-0.05,7.21
16802.0,108.0,5387.0,-0.125,6.48
16805.0,341.0,5220.0,-0.167,6.96
16809.0,-72.0,5317.0,-0.108,6.96
16814.0,-173.0,5586.0,-0.067,6.72
16817.0,66.0,5585.0,-0.092,6.48
16821.0,121.0,5188.0,-0.108,6.96
16825.0,234.0,5031.0,-0.1,7.21
16828.0,309.0,5370.0,-0.083,7.21
16832.0,338.0,5593.0,-0.108,6.72
16836.0,-31.0,5198.0,-0.1,6.48
16839.0,-290.0,5015.0,-0.075,7.21
16843.0,-93.0,4936.0,-0.142,6.72
16847.0,406.0,5313.0,-0.142,6.72
16850.0,403.0,5466.0,-0.083,6.96
16855.0,234.0,4857.0,-0.008,6.96
16859.0,145.0,4796.0,-0.058,6.48
16862.0,182.0,5043.0,-0.042,6.48
16866.0,129.0,5234.0,-0.117,6.96
16870.0,230.0,5123.0,-0.133,6.48
16873.0,329.0,4756.0,-0.092,7.21
16877.0,62.0,5045.0,-0.017,6.96
16881.0,159.0,5198.0,-0.008,7.21
16884.0,332.0,5263.0,-0.042,6.72
16888.0,349.0,4842.0,-0.133,6.48
16892.0,254.0,4809.0,-0.175,6.48
16896.0,-15.0,4920.0,-0.133,6.72
16900.0,70.0,4925.0,-0.083,6.48
16904.0,277.0,4602.0,-0.092,6.48
16907.0,286.0,4341.0,-0.125,7.21
16911.0,499.0,5032.0,-0.125,6.96
16915.0,466.0,4983.0,-0.025,6.48
16918.0,371.0,5130.0,-0.042,7.21
16922.0,184.0,4977.0,-0.067,6.96
16926.0,231.0,4830.0,-0.15,6.96
16929.0,26.0,4831.0,-0.125,6.72
16933.0,291.0,4792.0,-0.108,6.48
16937.0,364.0,4827.0,-0.092,6.96
16941.0,125.0,4654.0,-0.042,6.72
16945.0,174.0,4841.0,0.008,6.48
16949.0,279.0,4908.0,-0.108,6.72
16952.0,194.0,4447.0,-0.108,6.72
16956.0,23.0,4380.0,-0.108,6.48
16960.0,2.0,4683.0,-0.05,6.72
16963.0,-45.0,4490.0,-0.058,7.21
16967.0,-158.0,4683.0,-0.017,7.21
16971.0,187.0,4618.0,-0.008,6.48
16974.0,90.0,4701.0,-0.017,6.72
16978.0,-143.0,4662.0,-0.075,6.96
16982.0,-328.0,4899.0,-0.067,6.72
16986.0,-227.0,4434.0,-0.092,6.72
16990.0,86.0,4499.0,-0.042,6.48
16993.0,69.0,4644.0,-0.083,6.72
16997.0,-224.0,4611.0,-0.1,6.48
17001.0,-61.0,4378.0,-0.058,6.72
17004.0,-54.0,4401.0,-0.117,6.72
17008.0,29.0,4382.0,-0.092,6.72
17012.0,238.0,4505.0,-0.108,6.96
17015.0,121.0,4764.0,-0.092,6.72
17019.0,120.0,4613.0,-0.083,6.96
17024.0,171.0,4280.0,-0.075,6.48
17027.0,328.0,4431.0,-0.017,6.96
17031.0,283.0,4372.0,-0.017,6.48
17035.0,396.0,4283.0,-0.067,6.96
17038.0,509.0,4180.0,-0.058,6.96
17042.0,352.0,4039.0,-0.067,6.48
17046.0,119.0,4522.0,-0.025,6.72
17049.0,0.0,4191.0,0.008,6.96
17053.0,191.0,4184.0,-0.075,6.48
17057.0,-268.0,4059.0,-0.15,6.72
17060.0,-213.0,4442.0,-0.133,6.72
17064.0,-102.0,4389.0,-0.083,6.72
17069.0,225.0,4178.0,-0.025,6.96
17072.0,-8.0,3949.0,-0.008,7.21
17076.0,-195.0,4108.0,-0.05,6.72
17080.0,14.0,4309.0,-0.133,6.48
17083.0,235.0,4194.0,-0.092,7.21
17087.0,268.0,4005.0,-0.067,6.96
17091.0,-61.0,3890.0,-0.017,6.48
17094.0,-146.0,4069.0,-0.083,6.48
17098.0,-69.0,4608.0,-0.075,6.72
17101.0,96.0,4255.0,-0.083,6.72
17105.0,-33.0,4016.0,-0.017,6.96
17110.0,38.0,3911.0,-0.008,6.48
17113.0,-241.0,4236.0,-0.017,6.72
17117.0,-450.0,4569.0,0.0,6.72
17121.0,-5.0,3840.0,-0.092,6.72
17124.0,756.0,3985.0,-0.042,6.48
17128.0,243.0,4250.0,-0.067,6.96
17132.0,-66.0,4467.0,0.0,6.72
17135.0,-183.0,4364.0,0.008,7.21
17139.0,-76.0,4421.0,-0.067,6.48
17143.0,347.0,4244.0,-0.083,6.48
17146.0,112.0,4173.0,-0.05,6.48
17150.0,-71.0,4246.0,-0.108,7.21
17154.0,86.0,4199.0,-0.05,6.72
17158.0,169.0,3958.0,0.0,6.48
17162.0,234.0,4343.0,-0.05,6.96
17165.0,275.0,4274.0,-0.092,6.48
17169.0,114.0,4129.0,-0.067,7.21
17173.0,197.0,3950.0,-0.042,6.48
17176.0,198.0,3795.0,-0.058,6.72
17180.0,-45.0,4096.0,-0.058,6.96
17184.0,188.0,3875.0,-0.008,6.96
17187.0,-83.0,3688.0,-0.067,6.72
17191.0,0.0,4011.0,-0.083,6.96
17196.0,105.0,4162.0,-0.042,6.96
17199.0,-38.0,4157.0,0.008,6.72
17203.0,-149.0,3986.0,-0.083,6.48
17207.0,26.0,3865.0,-0.075,6.48
17210.0,7.0,4076.0,-0.067,6.48
17214.0,140.0,4267.0,-0.125,6.72
17217.0,173.0,4172.0,-0.108,6.72
17221.0,-38.0,3977.0,-0.017,6.48
17225.0,-353.0,4112.0,-0.05,6.48
17228.0,-234.0,4033.0,-0.008,6.96
17232.0,241.0,3912.0,-0.075,6.48
17236.0,432.0,3937.0,-0.05,6.48
17240.0,-117.0,3444.0,-0.058,6.96
17244.0,102.0,3607.0,-0.025,6.72
17248.0,45.0,4070.0,-0.083,6.48
17251.0,-180.0,4257.0,-0.083,6.72
17255.0,-41.0,3804.0,-0.017,6.72
17259.0,330.0,3745.0,0.008,6.96
17262.0,-31.0,3862.0,0.008,6.48
17266.0,-24.0,3669.0,0.0,6.72
17270.0,-117.0,3622.0,-0.092,6.96
17273.0,-142.0,3839.0,-0.067,6.96
17277.0,-271.0,3976.0,-0.058,6.72
17282.0,82.0,4091.0,0.025,6.48
17285.0,331.0,3832.0,0.008,6.72
17289.0,8.0,3325.0,-0.058,6.48
17292.0,-71.0,3326.0,-0.042,6.48
17296.0,-82.0,3821.0,-0.008,7.21
17300.0,199.0,3956.0,-0.017,6.48
17303.0,302.0,3613.0,-0.017,6.96
17307.0,-15.0,3656.0,-0.033,6.48
17311.0,-202.0,3685.0,0.008,6.96
17314.0,-197.0,4106.0,-0.017,6.72
17318.0,70.0,3953.0,-0.1,6.48
17323.0,217.0,3570.0,-0.092,6.48
17326.0,152.0,3575.0,0.008,6.96
17330.0,17.0,3698.0,-0.058,7.21
17334.0,-180.0,3457.0,-0.075,6.72
17337.0,-55.0,3400.0,-0.058,6.48
17341.0,-246.0,3703.0,-0.092,6.48
17345.0,-201.0,3996.0,0.05,6.48
17348.0,262.0,4179.0,0.017,6.72
17352.0,195.0,3668.0,-0.008,6.48
17356.0,-174.0,3351.0,0.008,6.96
17359.0,-309.0,3212.0,-0.042,6.23
17363.0,-58.0,3865.0,-0.042,6.96
17368.0,333.0,3884.0,0.042,6.48
17371.0,164.0,3757.0,0.033,6.48
17375.0,307.0,3714.0,-0.058,7.21
17379.0,54.0,3597.0,-0.067,7.21
17382.0,-183.0,3524.0,-0.067,7.21
17386.0,-238.0,3363.0,-0.05,6.48
17390.0,-183.0,3296.0,-0.075,6.72
17393.0,220.0,3479.0,0.008,6.72
17397.0,117.0,4024.0,0.008,7.21
17401.0,182.0,3703.0,-0.042,6.72
17404.0,187.0,3424.0,-0.042,6.48
17409.0,-62.0,3487.0,-0.058,6.72
17413.0,175.0,4008.0,-0.042,6.72
17416.0,206.0,3621.0,0.017,6.96
17420.0,37.0,3480.0,-0.033,6.48
17423.0,-180.0,3243.0,-0.025,6.48
17427.0,-211.0,3414.0,0.025,6.48
17431.0,-186.0,3519.0,0.083,6.48
17434.0,175.0,3468.0,-0.033,6.96
17438.0,136.0,3201.0,-0.017,6.96
17442.0,-113.0,3042.0,-0.042,6.96
17445.0,-132.0,3325.0,0.0,6.72
17449.0,183.0,3534.0,-0.033,6.72
17454.0,240.0,3289.0,-0.025,6.96
17457.0,147.0,3442.0,0.0,6.72
17461.0,130.0,3699.0,-0.033,6.48
17465.0,327.0,3658.0,-0.042,6.48
17468.0,106.0,3325.0,-0.083,6.96
17472.0,-15.0,3182.0,0.0,6.48
17476.0,-78.0,3099.0,-0.008,6.48
17479.0,-95.0,3150.0,-0.025,6.48
17483.0,238.0,3589.0,-0.058,6.48
17487.0,449.0,3374.0,-0.025,6.48
17490.0,66.0,3209.0,0.05,6.96
17495.0,117.0,3342.0,0.0,6.72
17498.0,116.0,3655.0,0.008,6.48
17502.0,87.0,3312.0,0.0,6.72
17506.0,284.0,2957.0,-0.008,6.48
17509.0,43.0,3640.0,-0.017,6.72
17513.0,160.0,3921.0,-0.008,6.48
17517.0,199.0,3686.0,0.042,6.48
17520.0,-110.0,3167.0,0.017,6.48
17524.0,-1.0,3294.0,-0.05,6.48
17528.0,78.0,3629.0,-0.008,6.72
17531.0,201.0,3678.0,-0.033,7.21
17536.0,276.0,3377.0,0.033,7.21
17540.0,271.0,3186.0,0.008,6.72
17543.0,242.0,3357.0,-0.008,6.48
17547.0,17.0,3564.0,-0.008,7.21
17551.0,284.0,3387.0,-0.033,6.72
17554.0,117.0,3286.0,-0.042,6.48
17558.0,-158.0,3249.0,-0.042,6.48
17562.0,-269.0,3502.0,-0.017,6.72
17565.0,244.0,3335.0,-0.017,7.21
17569.0,-23.0,3038.0,-0.033,6.96
17573.0,200.0,2965.0,-0.017,6.48
17576.0,109.0,3138.0,0.0,6.96
17581.0,324.0,3355.0,-0.025,6.72
17584.0,-51.0,3124.0,0.05,6.72
17588.0,186.0,3325.0,0.008,6.96
17592.0,73.0,3440.0,-0.025,6.48
17595.0,-34.0,3363.0,-0.058,6.96
17599.0,81.0,3116.0,0.017,6.48
17603.0,336.0,3425.0,0.008,6.48
17606.0,79.0,3254.0,0.0,6.48
17610.0,-94.0,3189.0,-0.033,6.48
17613.0,-169.0,3248.0,-0.033,6.72
17617.0,74.0,3267.0,-0.008,6.72
17622.0,165.0,3072.0,-0.017,6.96
17625.0,558.0,3101.0,-0.05,6.96
17629.0,289.0,3212.0,-0.05,7.21
17633.0,448.0,3549.0,-0.017,6.72
17636.0,363.0,3462.0,-0.025,6.48
17640.0,136.0,2909.0,-0.008,6.48
17644.0,315.0,3400.0,0.017,6.48
17647.0,480.0,3339.0,0.058,6.48
17651.0,143.0,3216.0,0.017,6.96
17655.0,4.0,3145.0,0.0,6.48
17658.0,81.0,2966.0,-0.1,6.96
17662.0,-292.0,3109.0,0.0,6.72
17667.0,57.0,3108.0,0.025,6.48
17670.0,246.0,3103.0,-0.033,6.72
17674.0,101.0,3076.0,-0.042,6.48
17678.0,164.0,3175.0,-0.033,6.72
17681.0,-233.0,3270.0,0.0,6.96
17685.0,4.0,2869.0,-0.017,6.48
17688.0,317.0,2896.0,0.017,6.96
17692.0,570.0,3155.0,-0.092,6.48
17696.0,329.0,3136.0,-0.05,6.48
17699.0,126.0,3095.0,-0.025,6.48
17703.0,259.0,2898.0,-0.017,6.72
17708.0,280.0,2737.0,0.083,6.72
17711.0,403.0,3200.0,0.033,6.48
17715.0,84.0,3331.0,-0.008,6.72
17719.0,311.0,3024.0,-0.033,6.48
17722.0,390.0,2711.0,-0.042,6.96
17726.0,-55.0,2708.0,-0.008,6.72
17730.0,192.0,2971.0,-0.017,6.48
17733.0,185.0,3086.0,-0.025,6.72
17737.0,200.0,3095.0,0.042,6.48
17741.0,215.0,2954.0,-0.025,6.96
17744.0,334.0,3139.0,0.008,6.48
17748.0,179.0,3112.0,0.017,6.48
17753.0,-168.0,3139.0,0.05,6.72
17756.0,-209.0,2948.0,-0.033,6.96
17760.0,324.0,3067.0,-0.067,6.96
17764.0,413.0,3050.0,-0.075,6.72
17767.0,116.0,2855.0,-0.042,6.48
17771.0,21.0,2824.0,0.042,7.45
17775.0,186.0,2637.0,-0.017,7.21
17778.0,77.0,3018.0,0.017,6.48
17782.0,102.0,3179.0,-0.025,6.48
17786.0,503.0,3010.0,-0.025,6.72
17789.0,472.0,3021.0,-0.025,6.72
17794.0,-15.0,3044.0,0.017,6.96
17798.0,154.0,3215.0,0.008,6.48
17801.0,29.0,2998.0,-0.017,6.96
17805.0,244.0,2873.0,-0.042,6.72
17809.0,403.0,3124.0,-0.025,6.72
17812.0,50.0,3163.0,0.008,6.72
17816.0,213.0,3410.0,-0.042,6.72
17820.0,-20.0,3013.0,0.0,6.72
17823.0,-93.0,2662.0,0.008,6.72
17827.0,238.0,3019.0,0.033,6.48
17830.0,43.0,3172.0,0.025,6.72
17835.0,192.0,3059.0,-0.033,6.48
17839.0,183.0,2786.0,-0.058,6.48
17842.0,182.0,2705.0,-0.042,6.72
17846.0,17.0,3046.0,-0.033,6.48
17850.0,-220.0,3277.0,0.008,6.72
17853.0,141.0,2922.0,0.008,6.48
17857.0,0.0,2723.0,-0.017,7.21
17861.0,-5.0,2756.0,-0.033,6.72
17864.0,116.0,2551.0,-0.025,6.96
17868.0,1.0,2888.0,-0.017,6.48
17871.0,250.0,2891.0,-0.008,7.21
17875.0,145.0,2736.0,-0.008,6.48
17880.0,144.0,3285.0,-0.008,6.48
17883.0,91.0,2998.0,0.008,6.48
17887.0,200.0,2623.0,-0.042,6.72
17891.0,465.0,2620.0,-0.033,6.23
17894.0,188.0,3279.0,-0.025,6.72
17898.0,385.0,3034.0,0.025,6.96
17902.0,276.0,2807.0,0.058,6.72
17905.0,129.0,3018.0,-0.017,6.96
17909.0,336.0,3065.0,-0.025,6.48
17913.0,297.0,3128.0,0.008,6.72
17916.0,406.0,2843.0,-0.042,6.48
17921.0,469.0,2702.0,0.008,7.21
17925.0,802.0,2709.0,0.008,6.72
17928.0,-37.0,2834.0,0.008,6.48
17932.0,-138.0,3099.0,-0.008,6.48
17936.0,-43.0,2870.0,0.008,6.72
17939.0,206.0,2415.0,0.017,6.96
17943.0,259.0,2624.0,-0.008,7.21
17947.0,386.0,2903.0,0.025,6.72
17950.0,179.0,2900.0,-0.008,6.48
17954.0,220.0,2603.0,0.008,6.48
17958.0,-257.0,2794.0,-0.025,6.48
17961.0,-274.0,3001.0,0.017,6.48
17966.0,165.0,3050.0,0.05,6.48
17970.0,62.0,2799.0,-0.008,6.72
17973.0,105.0,2688.0,-0.008,6.72
17977.0,-36.0,2485.0,-0.025,6.72
17981.0,127.0,2860.0,0.0,6.48
17984.0,74.0,2811.0,-0.017,6.48
17988.0,7.0,2574.0,-0.033,6.48
17991.0,66.0,2735.0,-0.042,6.96
17995.0,15.0,2794.0,0.017,7.21
17999.0,-98.0,2941.0,0.0,6.72
18002.0,25.0,2860.0,0.017,7.21
18007.0,4.0,2687.0,-0.008,6.72
18010.0,11.0,2626.0,0.0,6.72
18014.0,-168.0,2921.0,-0.067,7.21
18018.0,17.0,2856.0,-0.075,6.48
18021.0,308.0,2479.0,-0.033,6.48
18025.0,151.0,2494.0,-0.067,6.96
18029.0,204.0,2399.0,0.042,6.72
18032.0,197.0,2968.0,0.075,6.48
18036.0,324.0,2777.0,-0.008,6.72
18040.0,243.0,2432.0,-0.083,6.96
18043.0,106.0,2441.0,0.017,6.72
18048.0,515.0,2782.0,-0.025,6.48
18052.0,402.0,2957.0,0.008,6.72
18055.0,61.0,2196.0,0.05,6.96
18059.0,16.0,2331.0,-0.058,6.48
18063.0,33.0,2858.0,0.008,7.21
18066.0,214.0,2863.0,0.0,6.96
18070.0,371.0,2488.0,0.0,6.96
18073.0,248.0,2775.0,0.025,6.72
18077.0,225.0,2980.0,0.0,6.48
18081.0,308.0,2973.0,0.008,6.72
18084.0,433.0,2760.0,-0.058,6.48
18088.0,342.0,2377.0,-0.017,6.48
18093.0,279.0,2490.0,0.0,6.72
18096.0,52.0,2977.0,0.008,6.48
18100.0,-101.0,2886.0,0.008,6.72
18104.0,100.0,2451.0,-0.017,6.72
18107.0,-115.0,2632.0,0.017,6.48
18111.0,-94.0,2685.0,0.067,6.72
18115.0,75.0,2842.0,0.042,6.72
18118.0,240.0,2631.0,0.008,7.45
18122.0,-121.0,2490.0,0.0,6.48
18125.0,42.0,2723.0,-0.05,6.96
18129.0,123.0,2754.0,0.0,6.96
18134.0,-154.0,2735.0,0.042,6.48
18137.0,-117.0,2284.0,0.0,6.72
18141.0,-8.0,2331.0,0.025,6.72
18145.0,147.0,2818.0,0.008,6.72
18148.0,78.0,2951.0,-0.017,6.72
18152.0,289.0,2710.0,0.0,6.48
18155.0,284.0,2571.0,-0.017,7.21
18159.0,-187.0,2896.0,0.025,7.21
18163.0,458.0,3109.0,-0.017,6.72
18166.0,631.0,3004.0,0.017,6.96
18170.0,708.0,2461.0,-0.042,6.48
18174.0,457.0,2192.0,-0.025,6.48
18179.0,282.0,2423.0,0.017,6.96
18182.0,275.0,3014.0,0.033,6.72
18186.0,154.0,2789.0,-0.017,6.72
18189.0,137.0,2380.0,0.0,6.48
18193.0,218.0,2291.0,-0.042,6.72
18197.0,187.0,2340.0,0.033,6.96
18200.0,352.0,2577.0,0.075,6.72
18204.0,341.0,2490.0,0.025,6.72
18208.0,274.0,2463.0,0.0,7.21
18211.0,65.0,2766.0,0.083,6.96
18215.0,264.0,2713.0,0.0,6.96
18220.0,-125.0,2976.0,0.025,6.96
18223.0,48.0,2807.0,0.042,6.96
18227.0,87.0,2790.0,0.0,6.48
18231.0,152.0,2873.0,0.025,6.72
18234.0,297.0,2658.0,-0.017,6.48
18238.0,-204.0,2315.0,0.017,6.96
18242.0,-177.0,2332.0,-0.042,6.72
18245.0,254.0,3111.0,0.025,6.96
18249.0,319.0,2632.0,0.033,6.72
18253.0,180.0,2243.0,-0.008,6.48
18256.0,131.0,2298.0,-0.008,6.72
18260.0,46.0,2631.0,0.008,6.48
18265.0,213.0,2950.0,0.067,6.48
18268.0,86.0,2513.0,0.008,6.72
18272.0,209.0,2250.0,0.017,7.21
18275.0,-202.0,2449.0,-0.025,6.96
18279.0,-47.0,2332.0,-0.025,6.72
18283.0,270.0,2579.0,0.033,6.72
18286.0,21.0,2218.0,0.033,6.72
18290.0,-12.0,2535.0,0.025,6.96
18294.0,293.0,2658.0,0.017,6.48
18297.0,404.0,2671.0,0.0,6.72
18301.0,263.0,2628.0,0.008,6.96
18306.0,88.0,2519.0,0.025,6.48
18309.0,229.0,2860.0,0.033,6.48
18313.0,176.0,2953.0,-0.008,6.96
18317.0,-165.0,2804.0,-0.025,6.72
18320.0,-22.0,2259.0,-0.025,6.72
18324.0,39.0,1932.0,0.008,6.72
18328.0,98.0,2275.0,0.017,6.72
18331.0,33.0,2232.0,0.033,6.48
18335.0,192.0,2209.0,0.0,6.48
18338.0,231.0,2008.0,0.017,7.21
18342.0,428.0,2301.0,0.075,6.96
18347.0,161.0,2614.0,0.067,6.72
18350.0,-112.0,2491.0,0.058,6.72
18354.0,-137.0,2342.0,0.017,7.21
18358.0,194.0,2271.0,0.017,6.48
18361.0,209.0,2628.0,0.042,6.72
18365.0,38.0,2649.0,0.008,6.72
18369.0,-71.0,2536.0,0.058,7.21
18372.0,88.0,2565.0,0.033,6.48
18376.0,-67.0,2470.0,0.0,6.96
18380.0,412.0,2543.0,-0.025,6.96
18383.0,421.0,2432.0,0.033,6.48
18387.0,166.0,2337.0,-0.008,6.48
18392.0,197.0,2108.0,0.0,6.72
18395.0,212.0,2481.0,0.033,6.72
18399.0,355.0,2750.0,-0.008,6.48
18402.0,306.0,2297.0,0.025,6.96
18406.0,281.0,2220.0,0.017,6.48
18410.0,60.0,2359.0,0.008,6.72
18413.0,-95.0,2448.0,-0.017,6.48
18417.0,-204.0,2733.0,0.0,6.96
18421.0,85.0,2206.0,0.025,6.72
18424.0,436.0,2241.0,-0.008,6.48
18428.0,139.0,2446.0,-0.05,6.96
18433.0,214.0,2275.0,0.042,6.96
18436.0,119.0,2192.0,0.008,6.48
18440.0,308.0,1935.0,0.017,6.72
18444.0,245.0,2432.0,-0.025,6.48
18447.0,280.0,2477.0,0.042,6.96
18451.0,-33.0,2326.0,0.017,6.48
18455.0,404.0,2175.0,-0.025,6.72
18458.0,393.0,2200.0,-0.025,6.72
18462.0,-108.0,2585.0,0.017,6.48
18466.0,71.0,2716.0,0.017,6.48
18469.0,-182.0,2441.0,-0.067,6.48
18473.0,145.0,2268.0,0.042,7.21
18478.0,328.0,2151.0,0.017,6.48
18481.0,197.0,2584.0,0.0,6.96
18485.0,60.0,2701.0,0.0,7.21
18488.0,279.0,2246.0,-0.008,6.48
18492.0,210.0,2227.0,-0.058,6.48
18496.0,275.0,2530.0,0.017,6.48
18499.0,118.0,2451.0,0.017,6.96
18503.0,-19.0,1982.0,0.05,6.48
18507.0,-26.0,1969.0,0.008,6.48
18510.0,-69.0,2208.0,-0.025,6.48
18514.0,-30.0,2559.0,0.05,6.96
18519.0,267.0,1982.0,0.067,6.96
18522.0,456.0,2281.0,0.033,6.96
18526.0,195.0,2144.0,0.025,6.96
18530.0,-72.0,2447.0,0.033,6.48
18533.0,129.0,2728.0,0.008,6.96
18537.0,176.0,2117.0,-0.008,6.96
18540.0,203.0,2406.0,0.0,6.48
18544.0,342.0,2591.0,0.025,6.23
18548.0,3.0,2514.0,0.075,6.48
18551.0,44.0,2601.0,-0.025,7.21
18555.0,29.0,2276.0,0.0,6.72
18560.0,336.0,2275.0,-0.008,6.48
18563.0,359.0,2642.0,0.033,6.48
18567.0,98.0,2569.0,0.042,6.48
18571.0,233.0,2442.0,0.017,6.96
18574.0,172.0,2309.0,0.017,6.48
18578.0,43.0,2314.0,-0.025,6.48
18581.0,26.0,2381.0,-0.017,6.72
18585.0,315.0,2306.0,0.05,6.23
18589.0,320.0,1849.0,0.033,6.48
18592.0,65.0,2110.0,-0.017,6.48
18596.0,4.0,2429.0,-0.017,6.72
18600.0,51.0,1998.0,-0.008,6.72
18604.0,-66.0,1761.0,0.05,6.48
18608.0,249.0,1656.0,0.058,6.48
18612.0,320.0,1985.0,0.125,6.96
18615.0,283.0,2404.0,0.008,6.72
18619.0,154.0,1825.0,-0.008,6.72
18623.0,-63.0,1968.0,-0.017,6.48
18626.0,136.0,2293.0,0.017,6.72
18630.0,253.0,2392.0,-0.017,6.48
18634.0,92.0,2029.0,-0.05,6.96
18637.0,117.0,2162.0,-0.017,6.48
18641.0,30.0,2213.0,0.025,6.96
18644.0,151.0,2200.0,0.025,6.48
18649.0,100.0,2443.0,0.017,6.48
18653.0,243.0,2436.0,-0.042,6.48
18656.0,242.0,2133.0,0.0,6.48
18660.0,487.0,2122.0,0.05,6.72
